Semana,Open,High,Low,Close,Volume,RSI,RSI_max_5a,RSI_min_5a,Posicion,Semanas_ventana
1993-09-24,1.7873,1.7873,1.6662,1.757,938667,,,,,0
1993-10-01,1.757,1.9994,1.7268,1.9388,191068,,,,,0
1993-10-08,1.9994,1.9994,1.8176,1.8479,68867,,,,,0
1993-10-15,1.8176,1.9085,1.8176,1.8782,82334,,,,,0
1993-10-22,1.9388,1.9388,1.8782,1.9388,47935,,,,,0
1993-10-29,1.9085,1.9691,1.8479,1.9691,46001,,,,,0
1993-11-05,1.8782,1.9691,1.8782,1.9388,15334,,,,,0
1993-11-12,1.9388,1.9691,1.8782,1.8782,17800,,,,,0
1993-11-19,1.9691,2.06,1.8782,2.06,31134,,,,,0
1993-11-26,1.9994,1.9994,1.9388,1.9388,3734,,,,,0
1993-12-03,1.9085,1.9691,1.9085,1.9085,4601,,,,,0
1993-12-10,1.9085,1.9085,1.8176,1.8176,11667,,,,,0
1993-12-17,1.8637,1.8782,1.757,1.757,9467,,,,,0
1993-12-23,1.757,1.8479,1.757,1.757,7800,,,,,0
1993-12-31,1.8479,1.8479,1.7268,1.7873,9134,51.52,51.52,51.52,,1
1994-01-07,1.8479,1.9085,1.8176,1.8334,22934,53.81,53.81,51.52,100.0,2
1994-01-14,1.8322,1.9085,1.8176,1.9085,1067,57.35,57.35,51.52,100.0,3
1994-01-21,1.8176,1.9085,1.8176,1.8176,1534,52.14,57.35,51.52,10.72,4
1994-01-28,1.9085,1.9085,1.8176,1.8782,87801,55.07,57.35,51.52,60.94,5
1994-02-04,1.8176,1.8782,1.8176,1.8479,138001,53.31,57.35,51.52,30.82,6
1994-02-11,1.8176,1.8479,1.7728,1.7873,160734,49.88,57.35,49.88,0.0,7
1994-02-18,1.7873,1.8479,1.757,1.8176,15134,51.56,57.35,49.88,22.47,8
1994-02-25,1.8176,1.8176,1.7268,1.7728,41667,48.95,57.35,48.95,0.0,9
1994-03-04,1.7716,1.7728,1.7268,1.757,23467,48.03,57.35,48.03,0.0,10
1994-03-11,1.7425,1.8479,1.7268,1.8479,23334,53.47,57.35,48.03,58.33,11
1994-03-18,1.757,1.8479,1.757,1.8479,3667,53.47,57.35,48.03,58.33,12
1994-03-25,1.8479,1.8479,1.7268,1.7268,15867,46.02,57.35,46.02,0.0,13
1994-03-31,1.6965,1.757,1.6056,1.6965,14734,44.36,57.35,44.36,0.0,14
1994-04-08,1.5753,1.6965,1.5753,1.6965,10601,44.36,57.35,44.36,0.0,15
1994-04-15,1.6359,1.6965,1.6359,1.6662,7467,42.58,57.35,42.58,0.0,16
1994-04-22,1.6516,1.6965,1.6056,1.6516,39201,41.71,57.35,41.71,0.0,17
1994-04-29,1.6504,1.757,1.6504,1.757,2467,49.71,57.35,41.71,51.13,18
1994-05-06,1.757,1.7873,1.6965,1.757,9468,49.71,57.35,41.71,51.13,19
1994-05-13,1.8176,1.8176,1.757,1.8176,13467,53.92,57.35,41.71,78.07,20
1994-05-20,1.8176,1.8176,1.7268,1.8031,9201,52.78,57.35,41.71,70.77,21
1994-05-27,1.7268,1.8176,1.7268,1.7873,4934,51.5,57.35,41.71,62.62,22
1994-06-03,1.7873,1.8176,1.7268,1.7268,13667,46.82,57.35,41.71,32.7,23
1994-06-10,1.7873,1.8031,1.757,1.757,28134,49.3,57.35,41.71,48.56,24
1994-06-17,1.757,1.7873,1.6662,1.6965,27867,44.8,57.35,41.71,19.78,25
1994-06-24,1.6662,1.757,1.6662,1.6965,6601,44.8,57.35,41.71,19.78,26
1994-07-01,1.757,1.7873,1.6965,1.7873,29134,52.37,57.35,41.71,68.15,27
1994-07-08,1.8176,1.8637,1.757,1.8176,21267,54.6,57.35,41.71,82.43,28
1994-07-15,1.8782,1.8782,1.7873,1.8479,6267,56.78,57.35,41.71,96.39,29
1994-07-22,1.8479,1.8782,1.8176,1.8322,29600,55.29,57.35,41.71,86.87,30
1994-07-29,1.8479,1.8782,1.8176,1.8176,3067,53.89,57.35,41.71,77.89,31
1994-08-05,1.8782,1.8782,1.8176,1.8176,2468,53.89,57.35,41.71,77.89,32
1994-08-12,1.8176,1.8334,1.7873,1.7873,134,50.77,57.35,41.71,57.97,33
1994-08-19,1.7873,1.8334,1.7873,1.8031,267,52.32,57.35,41.71,67.84,34
1994-08-26,1.7873,1.9388,1.7873,1.9388,23867,63.07,63.07,41.71,100.0,35
1994-09-02,1.9388,1.9388,1.8334,1.8782,7667,56.9,63.07,41.71,71.13,36
1994-09-09,1.9388,1.9388,1.8782,1.8782,5000,56.9,63.07,41.71,71.13,37
1994-09-16,1.8479,1.8637,1.8334,1.8479,10734,53.85,63.07,41.71,56.84,38
1994-09-23,1.8479,1.9994,1.8479,1.9388,27134,60.67,63.07,41.71,88.76,39
1994-09-30,1.9243,1.9691,1.8782,1.9085,12667,57.61,63.07,41.71,74.46,40
1994-10-07,1.9085,1.9388,1.8479,1.9085,2400,57.61,63.07,41.71,74.46,41
1994-10-14,1.9388,1.9388,1.8479,1.8782,4934,54.43,63.07,41.71,59.57,42
1994-10-21,1.9388,1.9388,1.8479,1.8479,667,51.38,63.07,41.71,45.27,43
1994-10-28,1.8479,1.8479,1.8479,1.8479,667,51.38,63.07,41.71,45.27,44
1994-11-04,1.9388,1.9388,1.8782,1.894,11534,55.75,63.07,41.71,65.76,45
1994-11-11,1.8782,1.9388,1.8479,1.8479,6334,50.83,63.07,41.71,42.7,46
1994-11-18,1.8637,1.9388,1.8479,1.8782,13467,53.72,63.07,41.71,56.26,47
1994-11-25,1.8637,1.871,1.8479,1.8479,6267,50.52,63.07,41.71,41.25,48
1994-12-02,1.8637,1.8637,1.8176,1.8176,22067,47.47,63.07,41.71,26.97,49
1994-12-09,1.8176,1.8272,1.7358,1.7358,40000,40.38,63.07,40.38,0.0,50
1994-12-16,1.8272,1.8272,1.7358,1.8272,667,49.46,63.07,40.38,40.02,51
1994-12-23,1.7663,1.7663,1.7358,1.7358,267,42.49,63.07,40.38,9.3,52
1994-12-30,1.8272,1.8272,1.7663,1.7663,5001,45.26,63.07,40.38,21.51,53
1995-01-06,1.8272,1.8272,1.7968,1.7968,4934,47.96,63.07,40.38,33.4,54
1995-01-13,1.7968,1.8272,1.7663,1.8272,10734,50.58,63.07,40.38,44.96,55
1995-01-20,1.8577,1.8577,1.7663,1.8272,7667,50.58,63.07,40.38,44.96,56
1995-01-27,1.8126,1.8577,1.8126,1.8577,734,53.31,63.07,40.38,56.99,57
1995-02-03,1.7663,1.8577,1.7358,1.8577,22934,53.31,63.07,40.38,56.99,58
1995-02-10,1.8577,1.8735,1.8272,1.8735,11800,54.81,63.07,40.38,63.63,59
1995-02-17,1.8577,1.8735,1.8272,1.8272,3334,49.77,63.07,40.38,41.37,60
1995-02-24,1.8577,1.8881,1.8577,1.8881,5734,55.57,63.07,40.38,66.94,61
1995-03-03,1.8881,1.8881,1.8272,1.8577,1267,52.31,63.07,40.38,52.6,62
1995-03-10,1.8577,1.8972,1.8272,1.8972,6601,55.92,63.07,40.38,68.52,63
1995-03-17,1.8972,1.8972,1.836,1.8972,6200,55.92,63.07,40.38,68.52,64
1995-03-24,1.989,1.989,1.8666,1.8666,5534,52.37,63.07,40.38,52.85,65
1995-03-31,1.8666,1.9584,1.8666,1.8972,14867,55.42,63.07,40.38,66.3,66
1995-04-07,1.9584,1.9584,1.8666,1.8666,400,51.84,63.07,40.38,50.53,67
1995-04-13,1.8972,1.9132,1.8666,1.874,12334,52.63,63.07,40.38,54.01,68
1995-04-21,1.9584,1.9584,1.836,1.836,15200,48.23,63.07,40.38,34.6,69
1995-04-28,1.836,1.852,1.836,1.836,1800,48.23,63.07,40.38,34.6,70
1995-05-05,1.836,1.8972,1.836,1.852,3067,50.25,63.07,40.38,43.52,71
1995-05-12,1.8666,1.8666,1.8666,1.8666,17467,52.12,63.07,40.38,51.73,72
1995-05-19,1.8666,1.8666,1.8507,1.8507,7934,49.94,63.07,40.38,42.12,73
1995-05-26,1.836,1.8666,1.7442,1.8666,57467,52.09,63.07,40.38,51.63,74
1995-06-02,1.8666,1.989,1.8666,1.989,26734,64.7,64.7,40.38,100.0,75
1995-06-09,1.989,2.0809,1.9278,2.0503,27601,69.08,69.08,40.38,100.0,76
1995-06-16,2.0503,2.1208,1.989,2.106,34400,72.44,72.44,40.38,100.0,77
1995-06-23,2.0593,2.1515,2.0593,2.1515,15468,74.84,74.84,40.38,100.0,78
1995-06-30,2.1515,2.1515,2.1208,2.1367,17734,72.63,74.84,40.38,93.59,79
1995-07-07,2.1367,2.1822,2.1367,2.1675,25867,74.33,74.84,40.38,98.52,80
1995-07-14,2.1515,2.3052,2.1515,2.3052,23867,80.25,80.25,40.38,100.0,81
1995-07-21,2.3052,2.3052,2.2437,2.2744,9134,76.03,80.25,40.38,89.43,82
1995-07-28,2.2744,2.3359,2.2744,2.3052,22867,77.31,80.25,40.38,92.65,83
1995-08-04,2.3052,2.3052,2.2437,2.2744,8201,73.1,80.25,40.38,82.08,84
1995-08-11,2.2437,2.2744,2.2437,2.2437,10534,69.05,80.25,40.38,71.91,85
1995-08-18,2.2744,2.2744,2.2437,2.2744,5800,70.79,80.25,40.38,76.29,86
1995-08-25,2.2744,2.3359,2.2744,2.2744,18601,70.79,80.25,40.38,76.29,87
1995-09-01,2.3359,2.674,2.3212,2.5818,67468,82.33,82.33,40.38,100.0,88
1995-09-08,2.5818,2.6433,2.5818,2.5978,4667,82.72,82.72,40.38,100.0,89
1995-09-15,2.5818,2.6526,2.5818,2.5909,5334,81.9,82.72,40.38,98.06,90
1995-09-22,2.6526,2.6526,2.4059,2.4527,27601,67.41,82.72,40.38,63.84,91
1995-09-29,2.4219,2.5292,2.4219,2.4675,3734,68.06,82.72,40.38,65.38,92
1995-10-06,2.4675,2.5292,2.4367,2.4367,8534,65.14,82.72,40.38,58.47,93
1995-10-13,2.4367,2.6378,2.4367,2.5983,28400,71.94,82.72,40.38,74.54,94
1995-10-20,2.5761,2.6834,2.5761,2.5761,5134,69.92,82.72,40.38,69.77,95
1995-10-27,2.5761,2.6834,2.5761,2.6378,134,72.25,82.72,40.38,75.27,96
1995-11-03,2.6218,2.6218,2.5601,2.5909,4200,67.94,82.72,40.38,65.1,97
1995-11-10,2.5909,2.7451,2.5909,2.6995,8201,72.09,82.72,40.38,74.9,98
1995-11-17,2.6983,2.776,2.6834,2.776,16600,74.59,82.72,40.38,80.8,99
1995-11-24,2.776,2.776,2.7303,2.776,5401,74.59,82.72,40.38,80.8,100
1995-12-01,2.7451,2.8377,2.7143,2.7143,19935,68.83,82.72,40.38,67.2,101
1995-12-08,2.8068,2.8068,2.7143,2.7612,3534,70.68,82.72,40.38,71.57,102
1995-12-15,2.7143,2.8207,2.7143,2.8207,7467,72.89,82.72,40.38,76.78,103
1995-12-22,2.8207,2.8517,2.7277,2.7748,3268,68.61,82.72,40.38,66.67,104
1995-12-29,2.7748,2.9137,2.7748,2.9137,467,73.65,82.72,40.38,78.58,105
1996-01-05,2.7897,2.7897,2.7897,2.7897,1667,63.8,82.72,40.38,55.31,106
1996-01-12,2.7897,2.9137,2.7897,2.7897,3800,63.8,82.72,40.38,55.31,107
1996-01-19,2.7897,2.7897,2.7897,2.7897,0,63.8,82.72,40.38,55.31,108
1996-01-26,2.7897,2.8827,2.7897,2.7897,600,63.8,82.72,40.38,55.31,109
1996-02-02,2.7587,2.8827,2.7587,2.7587,5668,61.05,82.72,40.38,48.82,110
1996-02-09,2.8827,2.8827,2.7587,2.7587,267,61.05,82.72,40.38,48.82,111
1996-02-16,2.7587,2.7587,2.7587,2.7587,1467,61.05,82.72,40.38,48.82,112
1996-02-23,2.7587,2.7587,2.7277,2.7587,3667,61.05,82.72,40.38,48.82,113
1996-03-01,2.7587,2.7897,2.7277,2.7748,4534,62.19,82.72,40.38,51.51,114
1996-03-08,2.8046,2.8517,2.7587,2.8052,1934,64.31,82.72,40.38,56.51,115
1996-03-15,2.7277,2.8037,2.7277,2.7414,2334,57.07,82.72,40.38,39.42,116
1996-03-22,2.8348,2.866,2.8037,2.8186,19134,62.56,82.72,40.38,52.39,117
1996-03-29,2.866,2.866,2.8348,2.866,13134,65.47,82.72,40.38,59.27,118
1996-04-04,2.866,2.866,2.8037,2.8192,8134,60.47,82.72,40.38,47.46,119
1996-04-12,2.866,2.8971,2.866,2.8971,67,65.24,82.72,40.38,58.71,120
1996-04-19,2.8971,2.8971,2.8037,2.8037,2134,56.44,82.72,40.38,37.94,121
1996-04-26,2.8037,2.866,2.8037,2.8037,2934,56.44,82.72,40.38,37.94,122
1996-05-03,2.8971,3.0217,2.8971,2.975,22401,66.15,82.72,40.38,60.86,123
1996-05-10,3.0217,3.0217,3.0217,3.0217,67,68.23,82.72,40.38,65.77,124
1996-05-17,3.0217,3.0217,2.8971,2.9906,4000,65.34,82.72,40.38,58.97,125
1996-05-24,2.9906,3.0217,2.8971,3.0217,4001,66.85,82.72,40.38,62.53,126
1996-05-31,2.9121,3.0061,2.9121,3.0061,12267,65.32,82.72,40.38,58.91,127
1996-06-07,2.9906,2.9906,2.9283,2.9283,2734,58.16,82.72,40.38,41.98,128
1996-06-14,3.0217,3.0217,2.9283,2.9417,3667,58.99,82.72,40.38,43.96,129
1996-06-21,2.9417,2.9417,2.7226,2.8165,13268,49.14,82.72,40.38,20.69,130
1996-06-28,2.8165,2.8165,2.7226,2.7226,20800,43.3,82.72,40.38,6.9,131
1996-07-05,2.8478,2.8478,2.7539,2.8165,4600,49.73,82.72,40.38,22.09,132
1996-07-12,2.7226,2.8165,2.7226,2.8165,2534,49.73,82.72,40.38,22.09,133
1996-07-19,2.7226,2.8165,2.7226,2.7226,1467,43.95,82.72,40.38,8.43,134
1996-07-26,2.7226,2.8165,2.7226,2.7226,2400,43.95,82.72,40.38,8.43,135
1996-08-02,2.7226,2.8165,2.7226,2.7226,2067,43.95,82.72,40.38,8.43,136
1996-08-09,2.8165,2.8165,2.7226,2.7226,400,43.95,82.72,40.38,8.43,137
1996-08-16,2.7226,2.9417,2.7226,2.8322,15334,52.6,82.72,40.38,28.86,138
1996-08-23,2.8791,3.0982,2.8791,2.973,9467,60.94,82.72,40.38,48.57,139
1996-08-30,3.0669,3.0669,2.9417,2.9417,2400,58.48,82.72,40.38,42.75,140
1996-09-06,2.9417,2.9417,2.9104,2.9104,934,56.04,82.72,40.38,36.99,141
1996-09-13,2.9104,2.9104,2.8929,2.8929,67,54.67,82.72,40.38,33.74,142
1996-09-20,2.8929,2.94,2.8929,2.9394,934,57.64,82.72,40.38,40.76,143
1996-09-27,2.8929,3.0501,2.8929,3.0501,134,63.73,82.72,40.38,55.15,144
1996-10-04,3.0501,3.0501,2.8929,2.8929,467,52.24,82.72,40.38,28.01,145
1996-10-11,2.8929,2.8929,2.83,2.83,2000,48.47,82.72,40.38,19.11,146
1996-10-18,2.83,3.0186,2.83,2.9243,2467,53.85,82.72,40.38,31.81,147
1996-10-25,2.9243,2.9243,2.9243,2.9243,267,53.85,82.72,40.38,31.81,148
1996-11-01,2.9243,3.0501,2.9243,3.0029,7534,58.07,82.72,40.38,41.79,149
1996-11-08,2.9558,3.0815,2.9558,2.9872,4268,56.95,82.72,40.38,39.14,150
1996-11-15,3.1444,3.1444,2.9872,2.9872,25067,56.95,82.72,40.38,39.14,151
1996-11-22,2.9872,3.0186,2.9872,2.9872,4467,56.95,82.72,40.38,39.14,152
1996-11-29,2.9872,3.113,2.9872,3.113,3467,63.92,82.72,40.38,55.61,153
1996-12-06,2.9558,3.113,2.9558,3.113,534,63.92,82.72,40.38,55.61,154
1996-12-13,2.9558,3.13,2.9558,3.13,5534,64.81,82.72,40.38,57.71,155
1996-12-20,3.13,3.1616,3.0667,3.1616,7934,66.48,82.72,40.38,61.64,156
1996-12-27,3.0667,3.0667,2.877,2.877,22934,45.6,82.72,40.38,12.32,157
1997-01-03,3.0351,3.0351,2.8928,2.8928,9000,46.6,82.72,40.38,14.69,158
1997-01-10,2.9403,3.0351,2.8928,2.9649,44600,51.04,82.72,40.38,25.17,159
1997-01-17,2.8928,3.0351,2.8928,2.8928,5200,46.85,82.72,40.38,15.27,160
1997-01-24,2.9403,3.3196,2.9403,3.3196,38900,65.11,82.72,40.38,58.41,161
1997-01-31,3.3196,3.3196,3.13,3.13,700,55.91,82.72,40.38,36.69,162
1997-02-07,3.3196,3.3196,3.1072,3.1072,1800,54.91,82.72,40.38,34.32,163
1997-02-14,3.0825,3.3196,3.0825,3.13,2900,55.77,82.72,40.38,36.34,164
1997-02-21,3.13,3.1546,3.13,3.1527,1000,56.65,82.72,40.38,38.43,165
1997-02-28,3.13,3.1774,3.0825,3.1774,17500,57.64,82.72,40.38,40.76,166
1997-03-07,3.3083,3.3917,3.1774,3.1774,17600,57.64,82.72,40.38,40.76,167
1997-03-14,3.1774,3.2898,3.1774,3.1944,4800,58.4,82.72,40.38,42.56,168
1997-03-21,3.2192,3.2669,3.1944,3.1944,66100,58.4,82.72,40.38,42.56,169
1997-03-27,3.1944,3.3375,3.1944,3.2421,60900,60.69,82.72,40.38,47.96,170
1997-04-04,3.2421,3.4328,3.2421,3.2669,67400,61.86,82.72,40.38,50.74,171
1997-04-11,3.2421,3.4328,3.2421,3.3375,2800,65.06,82.72,40.38,58.3,172
1997-04-18,3.2421,3.3852,3.2421,3.326,5200,64.12,82.72,40.38,56.08,173
1997-04-25,3.2421,3.2421,2.9084,3.0285,32100,45.66,82.72,40.38,12.47,174
1997-05-02,2.9561,3.0991,2.9084,2.9084,49300,40.58,82.72,40.38,0.47,175
1997-05-09,3.0037,3.0991,2.9084,2.9808,22900,44.59,82.72,40.38,9.93,176
1997-05-16,3.0514,3.0514,2.9561,2.9561,1800,43.51,82.72,40.38,7.38,177
1997-05-23,2.9561,2.9561,2.9561,2.9561,3200,43.51,82.72,40.38,7.38,178
1997-05-30,2.9561,3.0037,2.8607,2.8607,4500,39.26,82.72,39.26,0.0,179
1997-06-06,2.8607,3.0514,2.8607,2.9561,30200,45.04,82.72,39.26,13.29,180
1997-06-13,3.0037,3.0686,2.9084,3.0686,2800,50.96,82.72,39.26,26.92,181
1997-06-20,2.9017,2.9017,2.8998,2.9017,500,43.48,82.72,39.26,9.7,182
1997-06-27,2.9247,3.1165,2.9247,3.1165,8700,53.04,82.72,39.26,31.7,183
1997-07-03,3.1165,3.3083,3.1165,3.1165,12500,53.04,82.72,39.26,31.7,184
1997-07-11,3.1165,3.4291,3.1165,3.4291,4600,63.47,82.72,39.26,55.7,185
1997-07-18,3.4291,3.4291,3.1165,3.1165,6100,51.22,82.72,39.26,27.51,186
1997-07-25,3.1165,3.3332,3.1165,3.2604,23000,55.48,82.72,39.26,37.31,187
1997-08-01,3.2124,3.596,3.2124,3.2853,66100,56.19,82.72,39.26,38.96,188
1997-08-08,3.2853,3.596,3.2853,3.3332,28200,57.6,82.72,39.26,42.2,189
1997-08-15,3.3083,3.3505,3.3083,3.3332,14800,57.6,82.72,39.26,42.2,190
1997-08-22,3.3083,3.4521,3.3083,3.4521,19600,61.19,82.72,39.26,50.45,191
1997-08-29,3.4521,3.5001,3.3563,3.4886,21300,62.24,82.72,39.26,52.88,192
1997-09-05,3.4521,3.6209,3.4521,3.6209,10300,65.87,82.72,39.26,61.22,193
1997-09-12,3.596,3.8127,3.596,3.6132,5900,65.47,82.72,39.26,60.32,194
1997-09-19,3.7578,3.7578,3.619,3.619,4500,65.64,82.72,39.26,60.7,195
1997-09-26,3.7578,3.8792,3.6383,3.8657,110900,71.86,82.72,39.26,75.03,196
1997-10-03,3.9023,4.0237,3.831,3.831,20500,69.95,82.72,39.26,70.61,197
1997-10-10,3.831,3.9023,3.831,3.831,8100,69.95,82.72,39.26,70.61,198
1997-10-17,3.806,3.9987,3.806,3.9987,17000,73.86,82.72,39.26,79.61,199
1997-10-24,3.9987,3.9987,3.8541,3.8541,19500,65.89,82.72,39.26,61.29,200
1997-10-31,3.8541,3.9023,3.7578,3.7578,8300,61.16,82.72,39.26,50.39,201
1997-11-07,3.9023,3.9023,3.7578,3.7944,3300,62.27,82.72,39.26,52.95,202
1997-11-14,3.806,3.9023,3.806,3.806,4100,62.63,82.72,39.26,53.78,203
1997-11-21,3.806,3.9505,3.806,3.9139,2600,65.93,82.72,39.26,61.36,204
1997-11-28,3.9505,3.9505,3.9505,3.9505,1100,66.99,82.72,39.26,63.81,205
1997-12-05,3.9505,4.095,3.9505,4.095,10000,70.86,82.72,39.26,72.71,206
1997-12-12,4.1432,4.2627,4.095,4.1425,5000,72.02,82.72,39.26,75.38,207
1997-12-19,4.1174,4.1425,4.0941,4.1425,21200,72.02,82.72,39.26,75.38,208
1997-12-26,4.0941,4.2627,4.0941,4.2627,7900,74.94,82.72,39.26,82.11,209
1998-01-02,4.2627,4.3847,4.2142,4.2879,31300,75.52,82.72,39.26,83.44,210
1998-01-09,4.2879,4.3595,4.2627,4.3479,18400,76.89,82.72,39.26,86.59,211
1998-01-16,4.2627,4.3847,4.2627,4.3479,15800,76.89,82.72,39.26,86.59,212
1998-01-23,4.2394,4.4564,4.2394,4.3595,70200,77.18,82.72,39.26,87.25,213
1998-01-30,4.3479,4.3847,4.2879,4.3847,14200,77.82,82.72,39.26,88.73,214
1998-02-06,4.4564,4.4564,4.3964,4.4564,2400,79.58,82.72,39.26,92.78,215
1998-02-13,4.4564,4.4564,4.3828,4.3828,14600,73.16,82.72,39.26,78.0,216
1998-02-20,4.4816,4.4816,4.4332,4.4816,20500,75.96,82.72,39.26,84.45,217
1998-02-27,4.4564,4.4816,4.4332,4.4332,29600,71.99,82.72,39.26,75.32,218
1998-03-06,4.4332,4.4816,4.4332,4.4332,27400,71.99,82.72,39.26,75.32,219
1998-03-13,4.4564,4.4816,4.4564,4.4797,4600,73.53,82.72,39.26,78.86,220
1998-03-20,4.5284,4.5284,4.4563,4.4563,2500,71.41,82.72,39.26,73.98,221
1998-03-27,4.5284,4.5284,4.4914,4.4914,3700,72.68,82.72,39.26,76.91,222
1998-04-03,4.5284,4.5537,4.505,4.5537,9100,74.83,82.72,39.26,81.85,223
1998-04-09,4.505,4.8205,4.505,4.8205,22900,81.53,82.72,39.26,97.27,224
1998-04-17,4.8458,4.9179,4.1642,4.4797,27800,59.68,82.72,39.26,46.99,225
1998-04-24,4.6744,4.6744,4.4797,4.5284,4300,61.28,82.72,39.26,50.66,226
1998-05-01,4.4797,4.6744,4.431,4.5284,13200,61.28,82.72,39.26,50.66,227
1998-05-08,4.5771,4.6744,4.505,4.6258,45900,64.53,82.72,39.26,58.16,228
1998-05-15,4.505,4.6024,4.5031,4.5537,3600,60.48,82.72,39.26,48.83,229
1998-05-22,4.5537,4.6744,4.5537,4.6744,21200,64.5,82.72,39.26,58.09,230
1998-05-29,4.7231,4.7231,4.7231,4.7231,1200,66.01,82.72,39.26,61.55,231
1998-06-05,4.5537,4.7231,4.5284,4.5284,14100,55.82,82.72,39.26,38.12,232
1998-06-12,4.5284,4.6983,4.5284,4.5769,18900,57.58,82.72,39.26,42.16,233
1998-06-19,4.5769,4.6983,4.5769,4.5769,12500,57.58,82.72,39.26,42.16,234
1998-06-26,4.5769,4.6318,4.5769,4.5769,4900,57.58,82.72,39.26,42.16,235
1998-07-02,4.6259,4.6748,4.5769,4.6494,20700,60.51,82.72,39.26,48.89,236
1998-07-10,4.6494,4.6494,4.5887,4.6239,900,58.97,82.72,39.26,45.35,237
1998-07-17,4.6239,4.6239,4.5887,4.5887,15900,56.81,82.72,39.26,40.39,238
1998-07-24,4.6004,4.6866,4.5143,4.5515,29300,54.55,82.72,39.26,35.18,239
1998-07-31,4.5143,4.5515,4.3557,4.3557,15400,44.49,82.72,39.26,12.03,240
1998-08-07,4.3322,4.3557,4.0621,4.1854,7600,37.94,82.72,37.94,0.0,241
1998-08-14,4.0621,4.1854,3.7684,3.8409,15600,28.72,82.72,28.72,0.0,242
1998-08-21,3.8409,3.8409,3.745,3.745,6800,26.77,82.72,26.77,0.0,243
1998-08-28,3.7195,3.9153,3.6471,3.7195,56300,26.26,82.72,26.26,0.0,244
1998-09-04,3.6706,3.696,3.4748,3.5492,40800,23.09,82.72,23.09,0.0,245
1998-09-11,3.7684,3.7684,3.4493,3.4728,31600,21.82,82.72,21.82,0.0,246
1998-09-18,3.4728,3.597,3.4728,3.597,500,28.69,82.72,21.82,11.28,247
1998-09-25,3.5241,3.5477,3.3763,3.3999,5700,24.95,82.72,21.82,5.13,248
1998-10-02,3.3999,3.4985,3.3763,3.461,1000,28.08,82.72,21.82,10.28,249
1998-10-09,3.5477,3.5477,3.1043,3.1535,101200,22.9,82.72,21.82,1.77,250
1998-10-16,3.1792,3.1792,2.8086,3.1535,9500,22.9,82.72,21.82,1.77,251
1998-10-23,2.9564,3.3506,2.9564,3.2521,6100,27.85,82.72,21.82,9.9,252
1998-10-30,3.2521,3.2521,3.055,3.055,1900,24.46,82.72,21.82,4.34,253
1998-11-06,3.2521,3.2521,3.1535,3.2284,13500,32.27,82.72,21.82,17.15,254
1998-11-13,3.2028,3.869,3.1535,3.4866,19400,41.89,82.72,21.82,32.95,255
1998-11-20,3.6463,3.7212,3.3999,3.7212,32000,48.98,82.72,21.82,44.59,256
1998-11-27,3.5477,3.5477,3.3999,3.4985,15600,43.54,82.72,21.82,35.67,257
1998-12-04,3.4985,3.4985,3.3999,3.4748,1900,43.0,82.72,21.82,34.78,258
1998-12-11,3.4374,3.7448,2.9564,3.0806,35800,35.11,82.72,21.82,21.81,259
1998-12-18,2.9812,3.025,2.8083,3.025,10200,34.15,82.72,21.82,20.25,260
1998-12-24,2.8819,3.0806,2.8083,2.9812,9700,33.39,82.72,21.82,18.99,260
1998-12-31,2.8819,3.0309,2.8819,2.9812,4100,33.39,82.72,21.82,18.99,260
1999-01-08,3.0309,3.0309,2.8819,3.0309,1000,35.3,82.72,21.82,22.13,260
1999-01-15,2.8819,3.0309,2.8819,2.9812,5300,34.24,82.72,21.82,20.39,260
1999-01-22,2.9812,3.0309,2.9574,3.0071,15300,35.33,82.72,21.82,22.18,260
1999-01-29,3.0806,3.18,3.0309,3.18,8800,42.22,82.72,21.82,33.49,260
1999-02-05,3.0309,3.1561,3.0071,3.0071,3100,37.87,82.72,21.82,26.36,260
1999-02-12,3.0071,3.0568,2.9812,2.9812,11400,37.25,82.72,21.82,25.34,260
1999-02-19,2.9812,2.9812,2.858,2.858,19500,34.38,82.72,21.82,20.62,260
1999-02-26,3.1065,3.1065,2.9316,3.0806,7400,42.95,82.72,21.82,34.69,260
1999-03-05,2.9574,2.9812,2.9574,2.9574,800,39.85,82.72,21.82,29.6,260
1999-03-12,3.019,3.0806,2.9077,2.9832,8900,40.81,82.72,21.82,31.18,260
1999-03-19,3.1075,3.1837,3.0073,3.0334,16000,42.73,82.72,21.82,34.34,260
1999-03-26,3.0073,3.0334,2.9692,2.9692,7700,40.9,82.72,21.82,31.33,260
1999-04-01,2.9692,3.0073,2.8569,2.9692,8800,40.9,82.72,21.82,31.33,260
1999-04-09,2.883,3.0574,2.883,2.9572,16400,40.52,82.72,21.82,30.71,260
1999-04-16,2.9953,3.0073,2.9832,2.9953,11200,42.34,82.72,21.82,33.69,260
1999-04-23,3.0073,3.0334,2.9953,3.0334,6100,44.17,82.72,21.82,36.7,260
1999-04-30,3.0313,3.0835,3.0313,3.0574,6400,45.35,82.72,21.82,38.64,260
1999-05-07,3.0574,3.1075,3.0193,3.0574,7400,45.35,82.72,21.82,38.64,260
1999-05-14,3.0574,3.0574,3.0193,3.0574,68300,45.35,82.72,21.82,38.64,260
1999-05-21,3.0574,3.0574,3.0334,3.0334,20200,44.18,82.72,21.82,36.72,260
1999-05-28,3.0313,3.0313,2.869,2.9953,3200,42.33,82.72,21.82,33.67,260
1999-06-04,2.9953,2.9953,2.9953,2.9953,0,42.33,82.72,21.82,33.67,260
1999-06-11,2.9832,2.9953,2.9572,2.9953,7700,42.33,82.72,21.82,33.67,260
1999-06-18,2.9953,3.0216,2.9953,3.0216,8900,44.34,82.72,21.82,36.99,260
1999-06-25,2.9831,2.9831,2.9083,2.9589,20800,40.69,82.72,21.82,30.98,260
1999-07-02,2.9568,2.9568,2.8577,2.8577,8700,35.59,82.72,21.82,22.61,260
1999-07-09,2.8557,2.882,2.8557,2.882,400,37.61,82.72,21.82,25.93,260
1999-07-16,2.882,2.882,2.8314,2.8577,15500,36.38,82.72,21.82,23.91,260
1999-07-23,2.8577,2.882,2.8314,2.882,3700,38.54,82.72,21.82,27.46,260
1999-07-30,2.882,2.882,2.8314,2.8577,14700,37.18,82.72,21.82,25.23,260
1999-08-06,2.8436,2.882,2.8436,2.882,22400,39.48,82.72,21.82,29.01,260
1999-08-13,2.882,2.9204,2.8699,2.9204,18100,43.04,82.72,21.82,34.85,260
1999-08-20,2.9204,2.9589,2.9083,2.9589,13900,46.43,82.72,21.82,40.42,260
1999-08-27,2.9447,2.9831,2.9326,2.9831,11300,48.52,82.72,21.82,43.84,260
1999-09-03,2.9447,2.9447,2.9447,2.9447,500,45.5,82.72,21.82,38.88,260
1999-09-10,2.9589,2.9589,2.8314,2.8314,15000,37.99,82.72,21.82,26.56,260
1999-09-17,2.8577,2.8577,2.8189,2.8577,3900,40.45,82.72,21.82,30.59,260
1999-09-24,2.8577,2.8577,2.7679,2.7679,4300,35.31,82.72,21.82,22.14,260
1999-10-01,2.7557,2.8067,2.5515,2.6801,31700,31.14,82.72,21.82,15.3,260
1999-10-08,2.7169,2.7169,2.6414,2.6781,5000,31.05,82.72,21.82,15.15,260
1999-10-15,2.6801,2.7557,2.6781,2.7557,8000,38.47,82.72,21.82,27.34,260
1999-10-22,2.6801,2.7046,2.5393,2.6924,7300,35.14,82.72,21.82,21.88,260
1999-10-29,2.6924,2.7557,2.6924,2.7557,4700,40.67,82.72,21.82,30.94,260
1999-11-05,2.7557,2.7557,2.6026,2.6536,3300,35.43,82.72,21.82,22.34,260
1999-11-12,2.6801,2.7046,2.6801,2.7046,4600,39.62,82.72,21.82,29.22,260
1999-11-19,2.6924,2.7822,2.6659,2.6659,30400,37.62,82.72,21.82,25.94,260
1999-11-26,2.6659,2.6659,2.6536,2.6536,1100,36.98,82.72,21.82,24.9,260
1999-12-03,2.6536,2.6536,2.5271,2.5781,12900,33.26,82.72,21.82,18.79,260
1999-12-10,2.5638,2.5638,2.3474,2.3474,8700,24.99,82.72,21.82,5.2,260
1999-12-17,2.4515,2.4515,1.9604,2.0636,63600,18.79,82.72,18.79,0.0,260
1999-12-23,2.076,2.2699,1.8572,1.9852,24600,17.5,82.72,17.5,0.0,260
1999-12-31,2.2452,2.4247,2.0378,2.3215,51600,37.37,82.72,17.5,30.47,260
2000-01-07,2.5795,2.5795,2.3215,2.3215,20300,37.37,82.72,17.5,30.47,260
2000-01-14,2.3731,2.3731,2.2699,2.3215,32100,37.37,82.72,17.5,30.47,260
2000-01-21,2.3483,2.3731,2.2968,2.3483,68900,38.84,82.72,17.5,32.72,260
2000-01-28,2.3731,2.5795,2.3483,2.3483,62600,38.84,82.72,17.5,32.72,260
2000-02-04,2.3483,2.4515,2.3339,2.3483,28500,38.84,82.72,17.5,32.72,260
2000-02-11,2.3545,2.3731,2.3215,2.3483,65400,38.84,82.72,17.5,32.72,260
2000-02-18,2.3215,2.3731,2.2699,2.2968,18500,36.62,82.72,17.5,29.32,260
2000-02-25,2.2968,2.3483,2.2968,2.3091,47600,37.54,82.72,17.5,30.73,260
2000-03-03,2.3215,2.3731,2.2947,2.3731,30200,42.22,82.72,17.5,37.91,260
2000-03-10,2.3731,2.3731,2.2183,2.2699,40100,37.36,82.72,17.5,30.45,260
2000-03-17,2.1939,2.3506,1.9849,2.1417,15800,32.37,82.72,17.5,22.8,260
2000-03-24,2.1417,2.1939,2.1417,2.1688,4400,34.37,82.72,17.5,25.87,260
2000-03-31,2.1417,2.2211,2.1166,2.1166,5200,32.39,82.72,17.5,22.82,260
2000-04-07,2.102,2.3506,1.8282,2.0894,55100,31.37,82.72,17.5,21.27,260
2000-04-14,2.1417,2.2984,2.0111,2.2984,40300,45.5,82.72,17.5,42.93,260
2000-04-20,2.0372,2.2211,2.0372,2.102,15600,37.65,82.72,17.5,30.9,260
2000-04-28,2.102,2.1417,1.9066,1.9198,30200,32.12,82.72,17.5,22.42,260
2000-05-05,1.9981,2.1166,1.9066,2.1166,6200,42.03,82.72,17.5,37.61,260
2000-05-12,2.1145,2.1145,2.01,2.0242,2600,39.14,82.72,17.5,33.19,260
2000-05-19,2.0246,2.2461,2.0246,2.0894,48300,42.16,82.72,17.5,37.82,260
2000-05-26,2.0503,2.0503,2.0497,2.0497,500,40.84,82.72,17.5,35.78,260
2000-06-02,2.0497,2.0765,2.0497,2.0503,1000,40.87,82.72,17.5,35.83,260
2000-06-09,2.0497,2.0633,2.0372,2.0503,6700,40.87,82.72,17.5,35.83,260
2000-06-16,2.0372,2.1184,1.933,2.0125,14700,39.39,82.72,17.5,33.56,260
2000-06-23,1.9199,1.9998,1.8669,1.9998,2600,38.88,82.72,17.5,32.78,260
2000-06-30,2.0125,2.0654,1.9066,1.9595,6700,37.24,82.72,17.5,30.27,260
2000-07-07,1.9595,2.1057,1.9066,1.9066,3900,35.14,82.72,17.5,27.05,260
2000-07-14,1.9066,2.0125,1.9066,2.0125,11300,42.16,82.72,17.5,37.82,260
2000-07-21,2.0125,2.1184,2.0125,2.1184,8500,48.21,82.72,17.5,47.08,260
2000-07-28,2.0523,2.1184,2.0523,2.1184,10700,48.21,82.72,17.5,47.08,260
2000-08-04,2.1184,2.1459,2.0379,2.0379,4300,44.14,82.72,17.5,40.85,260
2000-08-11,2.0379,2.2116,2.0379,2.0919,4800,47.35,82.72,17.5,45.77,260
2000-08-18,2.0919,2.237,2.0654,2.0654,10500,45.96,82.72,17.5,43.63,260
2000-08-25,2.0654,2.0654,2.0379,2.0379,1700,44.49,82.72,17.5,41.38,260
2000-09-01,2.0523,2.29,2.0125,2.0919,27000,47.99,81.9,17.5,47.35,260
2000-09-08,1.9396,2.1989,1.933,2.1714,12800,52.72,81.53,17.5,55.01,260
2000-09-15,2.1714,2.1735,2.1456,2.1735,10900,52.84,81.53,17.5,55.2,260
2000-09-22,2.1456,2.1992,2.0919,2.1713,6000,52.7,81.53,17.5,54.97,260
2000-09-29,2.1713,2.1713,2.0115,2.0383,6100,44.32,81.53,17.5,41.88,260
2000-10-06,2.0919,2.1456,1.9714,1.9714,25300,40.8,81.53,17.5,36.39,260
2000-10-13,1.9445,2.0383,1.8909,1.9578,14700,40.11,81.53,17.5,35.31,260
2000-10-20,1.9568,2.0651,1.9568,1.9568,500,40.05,81.53,17.5,35.22,260
2000-10-27,1.9645,2.025,1.9578,1.9578,6500,40.14,81.53,17.5,35.36,260
2000-11-03,1.9568,2.0115,1.9568,1.9578,11800,40.14,81.53,17.5,35.36,260
2000-11-10,1.9578,1.9847,1.931,1.9847,12000,42.73,81.53,17.5,39.4,260
2000-11-17,1.9847,1.9847,1.9445,1.9847,3100,42.73,81.53,17.5,39.4,260
2000-11-24,1.9445,1.9512,1.9445,1.9503,3800,40.15,81.53,17.5,35.38,260
2000-12-01,1.9512,2.1456,1.9042,2.1456,58100,56.28,81.53,17.5,60.57,260
2000-12-08,2.1456,2.1456,1.9042,2.0383,32000,48.54,81.53,17.5,48.48,260
2000-12-15,2.0383,2.094,2.0254,2.0929,900,52.15,81.53,17.5,54.11,260
2000-12-22,2.1483,2.4061,2.1077,2.4061,95700,66.61,81.53,17.5,76.7,260
2000-12-29,2.1483,2.4475,2.1483,2.3931,17900,65.72,81.53,17.5,75.31,260
2001-01-05,2.3931,2.5563,2.3518,2.4758,42000,68.59,81.53,17.5,79.78,260
2001-01-12,2.4475,2.5563,2.4214,2.5019,21800,69.46,81.53,17.5,81.14,260
2001-01-19,2.5019,2.5563,2.5019,2.5301,8800,70.41,81.53,17.5,82.63,260
2001-01-26,2.4475,2.665,2.4475,2.4888,25500,67.11,81.53,17.5,77.48,260
2001-02-02,2.6237,2.7738,2.5019,2.6106,37600,71.37,81.53,17.5,84.13,260
2001-02-09,2.5845,2.7738,2.5693,2.7738,8800,75.88,81.53,17.5,91.17,260
2001-02-16,2.5845,2.665,2.5693,2.5693,53300,62.58,81.53,17.5,70.4,260
2001-02-23,2.6106,2.6933,2.6106,2.6237,6100,64.37,81.53,17.5,73.2,260
2001-03-02,2.6172,2.6389,2.6106,2.6389,16000,64.87,81.53,17.5,73.99,260
2001-03-09,2.6389,2.7194,2.6389,2.6389,21900,64.87,81.53,17.5,73.99,260
2001-03-16,2.6368,2.6933,2.6252,2.6252,17000,63.92,81.53,17.5,72.5,260
2001-03-23,2.6252,2.6383,2.6252,2.6252,60800,63.92,81.53,17.5,72.5,260
2001-03-30,2.6252,2.6933,2.5702,2.612,10000,62.9,81.53,17.5,70.9,260
2001-04-06,2.5834,2.6252,2.5834,2.6252,1400,63.53,81.53,17.5,71.88,260
2001-04-12,2.6252,2.6383,2.5944,2.5944,14700,60.93,81.53,17.5,67.82,260
2001-04-20,2.5944,2.6823,2.5944,2.6054,3600,61.53,81.53,17.5,68.77,260
2001-04-27,2.5834,2.6383,2.5064,2.6383,3000,63.37,81.53,17.5,71.63,260
2001-05-04,2.5834,2.6383,2.5834,2.6383,11200,63.37,81.53,17.5,71.63,260
2001-05-11,2.6405,2.7043,2.6383,2.6713,11900,65.29,81.53,17.5,74.63,260
2001-05-18,2.6823,2.8032,2.6383,2.6823,29600,65.93,81.53,17.5,75.63,260
2001-05-25,2.6823,2.7263,2.6603,2.6823,18000,65.93,81.53,17.5,75.63,260
2001-06-01,2.6603,2.6933,2.6493,2.6933,1200,66.64,81.53,17.5,76.75,260
2001-06-08,2.7263,2.7373,2.6977,2.6977,13900,66.94,81.53,17.5,77.21,260
2001-06-15,2.7373,2.7373,2.7087,2.7241,4400,68.75,81.53,17.5,80.04,260
2001-06-22,2.7241,2.7463,2.7041,2.733,26500,69.36,81.53,17.5,80.99,260
2001-06-29,2.733,2.7552,2.733,2.733,5100,69.36,81.53,17.5,80.99,260
2001-07-06,2.7352,2.7752,2.7352,2.7352,2000,69.53,81.53,17.5,81.26,260
2001-07-13,2.7441,2.8574,2.7352,2.7374,15100,69.71,81.53,17.5,81.54,260
2001-07-20,2.7396,2.7441,2.7396,2.7441,3600,70.29,81.53,17.5,82.44,260
2001-07-27,2.7441,2.8752,2.7441,2.8752,8000,78.82,81.53,17.5,95.77,260
2001-08-03,2.833,3.1663,2.7996,3.0441,54000,84.86,84.86,17.5,100.0,260
2001-08-10,3.0663,3.1107,3.0441,3.1085,9600,86.44,86.44,17.5,100.0,260
2001-08-17,3.1107,3.1107,3.0663,3.0996,4300,85.12,86.44,17.5,98.08,260
2001-08-24,3.0885,3.104,2.9796,3.0574,8000,78.93,86.44,17.5,89.1,260
2001-08-31,3.0574,3.0818,2.833,2.933,9700,64.13,86.44,17.5,67.63,260
2001-09-07,2.9441,3.1107,2.8774,3.1018,5200,71.84,86.44,17.5,78.82,260
2001-09-10,2.9885,2.9885,2.9885,2.9885,600,62.18,86.44,17.5,64.8,260
2001-09-21,2.8907,3.0663,2.7774,3.0329,17500,64.21,86.44,17.5,67.75,260
2001-09-28,3.0329,3.0329,2.9107,2.9996,9000,61.54,86.44,17.5,63.88,260
2001-10-05,2.9996,3.1107,2.9218,2.9796,13400,59.93,86.44,17.5,61.54,260
2001-10-12,2.9774,2.9774,2.8707,2.933,3100,56.23,86.44,17.5,56.17,260
2001-10-19,2.9885,3.0885,2.9885,2.9885,2500,59.44,86.44,17.5,60.83,260
2001-10-26,2.9885,3.0663,2.9774,2.9774,800,58.51,86.44,17.5,59.49,260
2001-11-02,2.9441,2.9441,2.8774,2.8774,3300,50.85,86.44,17.5,48.37,260
2001-11-09,2.8774,2.8885,2.8663,2.8663,21900,50.06,86.44,17.5,47.23,260
2001-11-16,2.8885,2.9152,2.8663,2.8996,4900,52.44,86.44,17.5,50.67,260
2001-11-23,2.8996,2.8996,2.8996,2.8996,0,52.44,86.44,17.5,50.67,260
2001-11-30,2.8996,3.0774,2.8996,3.0107,9000,59.81,86.44,17.5,61.37,260
2001-12-07,3.0085,3.0085,2.9107,2.9774,3100,56.96,86.44,17.5,57.23,260
2001-12-14,2.9774,3.1624,2.9269,3.14,47800,65.59,86.44,17.5,69.75,260
2001-12-21,3.14,3.14,3.057,3.1221,10200,64.06,86.44,17.5,67.54,260
2001-12-28,3.0099,3.0772,3.0099,3.0324,4800,56.93,86.44,17.5,57.19,260
2002-01-04,3.0324,3.14,2.9606,3.066,8900,58.78,86.44,17.5,59.88,260
2002-01-11,3.14,3.1849,3.0279,3.1288,28200,62.06,86.44,17.5,64.64,260
2002-01-18,3.0952,3.1288,3.0615,3.0727,18700,57.65,86.44,17.5,58.24,260
2002-01-25,3.0279,3.1176,3.0279,3.1153,4700,59.98,86.44,17.5,61.61,260
2002-02-01,3.0503,3.0615,3.0167,3.0167,11900,52.75,86.44,17.5,51.12,260
2002-02-08,2.9942,3.0817,2.9942,3.0817,27000,56.47,86.44,17.5,56.53,260
2002-02-15,3.0727,3.1849,3.0391,3.0615,21000,55.02,86.44,17.5,54.42,260
2002-02-22,3.0615,3.0615,3.0167,3.0436,6000,53.7,86.44,17.5,52.51,260
2002-03-01,2.9965,3.0839,2.9965,2.9965,12800,50.29,86.44,17.5,47.56,260
2002-03-08,2.9965,3.0503,2.9965,3.0503,16500,53.89,86.44,17.5,52.79,260
2002-03-15,3.0503,3.2271,2.9327,3.0414,126400,53.21,86.44,17.5,51.8,260
2002-03-22,3.0392,3.0573,3.0392,3.0573,8500,54.33,86.44,17.5,53.42,260
2002-03-28,3.0414,3.0573,3.0414,3.046,8600,53.35,86.44,17.5,51.99,260
2002-04-05,3.2611,3.2611,3.0437,3.046,48900,53.35,86.44,17.5,51.99,260
2002-04-12,3.0573,3.1139,3.0573,3.0618,10300,54.67,86.44,17.5,53.92,260
2002-04-19,3.0618,3.1388,3.046,3.0641,6000,54.87,86.44,17.5,54.21,260
2002-04-26,3.0641,3.1456,3.0641,3.1433,1300,61.24,86.44,17.5,63.44,260
2002-05-03,3.1433,3.1909,3.0799,3.0799,6400,54.6,86.44,17.5,53.81,260
2002-05-10,3.0799,3.1592,3.0799,3.0822,1500,54.79,86.44,17.5,54.09,260
2002-05-17,3.055,3.1683,3.055,3.1683,4400,61.35,86.44,17.5,63.61,260
2002-05-24,3.1162,3.1479,3.1162,3.1479,4600,59.16,86.44,17.5,60.43,260
2002-05-31,3.1298,3.1705,3.1252,3.1252,8400,56.74,86.44,17.5,56.91,260
2002-06-07,3.1252,3.1479,3.1252,3.1252,8300,56.74,86.44,17.5,56.91,260
2002-06-14,3.1683,3.2432,3.1252,3.2432,14500,65.32,86.44,17.5,69.36,260
2002-06-21,3.2432,3.314,3.1998,3.2775,31100,67.35,86.44,17.5,72.3,260
2002-06-28,3.202,3.2455,3.1906,3.1906,2900,58.08,86.44,17.5,58.86,260
2002-07-05,3.1998,3.2226,3.1563,3.1998,3700,58.73,86.44,17.5,59.8,260
2002-07-12,3.1998,3.2386,3.1586,3.234,10300,61.14,86.44,17.5,63.29,260
2002-07-19,3.2318,3.2318,3.1632,3.1678,8300,54.51,86.44,17.5,53.68,260
2002-07-26,3.2318,3.5312,3.1655,3.1655,20700,54.29,86.44,17.5,53.36,260
2002-08-02,3.1655,3.17,3.0649,3.0649,3200,45.62,86.44,17.5,40.79,260
2002-08-09,3.0649,3.0878,3.0283,3.0855,2700,47.47,86.44,17.5,43.47,260
2002-08-16,3.0283,3.0283,2.9483,2.9941,9600,40.83,86.44,17.5,33.84,260
2002-08-23,3.0169,3.0169,2.9941,2.9963,6400,41.05,86.44,17.5,34.16,260
2002-08-30,3.0832,3.4169,3.0832,3.3117,9500,62.15,86.44,17.5,64.77,260
2002-09-06,3.2043,3.2226,3.1792,3.2226,2300,56.05,86.44,17.5,55.91,260
2002-09-13,3.2455,3.2569,3.2226,3.2547,1000,57.66,86.44,17.5,58.25,260
2002-09-20,3.257,3.5638,3.257,3.31,16900,60.36,86.44,17.5,62.17,260
2002-09-27,3.31,3.31,3.2639,3.2708,5500,57.56,86.44,17.5,58.1,260
2002-10-04,3.287,3.4184,3.2708,3.2731,4200,57.68,86.44,17.5,58.28,260
2002-10-11,3.287,3.3446,3.2708,3.3446,4000,61.46,86.44,17.5,63.76,260
2002-10-18,3.3446,3.3516,3.287,3.2893,800,57.2,86.44,17.5,57.59,260
2002-10-25,3.3031,3.3608,3.3008,3.3562,2500,60.74,86.44,17.5,62.72,260
2002-11-01,3.31,3.31,3.3077,3.3077,700,57.06,86.44,17.5,57.38,260
2002-11-08,3.3077,3.4461,3.3077,3.4254,4100,62.93,86.44,17.5,65.89,260
2002-11-15,3.4369,3.573,3.4138,3.5615,13800,68.32,86.44,17.5,73.72,260
2002-11-22,3.5384,3.7483,3.4715,3.7368,9000,73.64,86.44,17.5,81.43,260
2002-11-29,3.7345,3.7345,3.4369,3.6191,14000,65.67,86.44,17.5,69.87,260
2002-12-06,3.5984,3.8037,3.5984,3.6283,6800,65.98,86.44,17.5,70.32,260
2002-12-13,3.6445,3.7483,3.603,3.7211,27000,69.02,86.44,17.5,74.73,260
2002-12-20,3.7211,3.8537,3.7211,3.8048,3800,71.5,86.44,17.5,78.32,260
2002-12-27,3.8048,3.8048,3.7862,3.7932,4400,70.65,86.44,17.5,77.09,260
2003-01-03,3.8095,3.8211,3.6978,3.6978,4600,63.98,86.44,17.5,67.42,260
2003-01-10,3.735,3.7909,3.7002,3.763,7700,66.32,86.44,17.5,70.81,260
2003-01-17,3.7002,3.765,3.6978,3.7211,2300,63.47,86.44,17.5,66.67,260
2003-01-24,3.7374,3.8932,3.7071,3.8281,10400,67.33,86.44,17.5,72.28,260
2003-01-31,3.8025,3.8583,3.742,3.8583,6900,68.35,86.44,17.5,73.76,260
2003-02-07,3.8583,3.8955,3.7002,3.7792,3500,62.83,86.44,17.5,65.75,260
2003-02-14,3.7606,3.8257,3.7002,3.7537,5000,61.11,86.44,17.5,63.25,260
2003-02-21,3.7537,3.7583,3.7188,3.7211,2200,58.9,86.44,17.5,60.05,260
2003-02-28,3.7304,3.7304,3.6932,3.6932,5900,57.0,86.44,17.5,57.29,260
2003-03-07,3.7164,3.9909,3.7164,3.8467,14500,63.9,86.44,17.5,67.31,260
2003-03-14,3.8537,3.9643,3.7932,3.8119,2300,61.5,86.44,17.5,63.81,260
2003-03-21,3.8073,3.9128,3.7862,3.7862,2700,59.7,86.44,17.5,61.21,260
2003-03-28,3.7815,3.7838,3.7275,3.7275,1100,55.71,86.44,17.5,55.42,260
2003-04-04,3.8377,3.9479,3.8002,3.8026,5000,59.44,86.44,17.5,60.84,260
2003-04-11,3.8026,4.1026,3.8026,4.0089,10600,67.55,86.44,17.5,72.59,260
2003-04-17,4.1026,4.1261,3.9385,4.0206,1300,67.94,86.44,17.5,73.16,260
2003-04-25,4.1824,4.4426,4.1824,4.2433,8600,74.29,86.44,17.5,82.37,260
2003-05-02,4.2902,4.4777,4.2902,4.3418,4700,76.51,86.44,17.5,85.59,260
2003-05-09,4.3371,4.3371,4.2199,4.2644,9900,71.31,86.44,17.5,78.04,260
2003-05-16,4.2644,4.4543,4.2644,4.4543,5100,75.68,86.44,17.5,84.38,260
2003-05-23,4.2667,4.4379,4.2667,4.2808,4800,65.81,86.44,17.5,70.08,260
2003-05-30,4.2808,4.4144,4.2808,4.4144,200,69.15,86.44,17.5,74.91,260
2003-06-06,4.3183,4.3183,4.2785,4.2808,1400,62.57,86.44,17.5,65.38,260
2003-06-13,4.2808,4.5305,4.2691,4.5211,3100,68.39,86.44,17.5,73.82,260
2003-06-20,4.4267,4.5447,4.3794,4.5447,2200,68.91,86.44,17.5,74.56,260
2003-06-27,4.4149,4.4503,4.2826,4.3676,15500,60.94,86.44,17.5,63.0,260
2003-07-03,4.3676,4.5919,4.3369,4.5447,3800,65.26,86.44,17.5,69.28,260
2003-07-11,4.5447,4.71,4.5447,4.6509,7900,67.58,86.44,17.5,72.64,260
2003-07-18,4.6509,4.7171,4.6273,4.6273,2100,66.52,86.44,17.5,71.1,260
2003-07-25,4.7218,4.7218,4.6155,4.6509,41000,67.08,86.44,17.5,71.91,260
2003-08-01,4.6509,4.769,4.6509,4.7194,6600,68.71,86.44,17.5,74.27,260
2003-08-08,4.7147,4.769,4.6982,4.7123,5600,68.33,86.44,17.5,73.72,260
2003-08-15,4.7123,4.7714,4.6509,4.6509,3900,65.01,86.44,17.5,68.9,260
2003-08-22,4.6746,4.8044,4.6509,4.6746,7800,65.7,86.44,17.5,69.91,260
2003-08-29,4.6746,4.9579,4.6746,4.9579,3200,72.67,86.44,17.5,80.02,260
2003-09-05,4.96,5.7842,4.96,5.3875,14400,79.49,86.44,17.5,89.91,260
2003-09-12,5.43,5.6071,5.0169,5.1417,5700,68.9,86.44,17.5,74.55,260
2003-09-19,5.1417,5.232,5.0657,5.232,3500,70.46,86.44,17.5,76.81,260
2003-09-26,5.1393,5.2605,5.1393,5.2581,3500,70.91,86.44,17.5,77.47,260
2003-10-03,5.1916,5.2605,5.1916,5.2605,2600,70.95,86.44,17.5,77.53,260
2003-10-10,5.2605,5.3911,5.2605,5.308,3800,71.86,86.44,17.5,78.85,260
2003-10-17,5.308,5.3673,5.308,5.3673,200,73.0,86.44,17.5,80.5,260
2003-10-24,5.3673,5.441,5.2842,5.441,3100,74.38,86.44,17.5,82.51,260
2003-10-31,5.2866,5.5383,5.2844,5.5217,6600,75.85,86.44,17.5,84.63,260
2003-11-07,5.5692,5.6405,5.2628,5.2628,10500,63.36,86.44,17.5,66.52,260
2003-11-14,5.2628,5.3911,5.2248,5.2248,900,61.76,86.44,17.5,64.19,260
2003-11-21,5.2248,5.3697,5.2248,5.3697,2000,65.36,86.44,17.5,69.42,260
2003-11-28,5.2773,5.4146,5.232,5.251,1000,60.34,86.44,17.5,62.14,260
2003-12-05,5.251,5.4315,5.1156,5.1277,3300,55.57,86.44,17.5,55.21,260
2003-12-12,5.2035,5.2248,5.1372,5.1372,2800,55.86,86.44,17.5,55.63,260
2003-12-19,5.137,5.1372,5.137,5.137,3600,55.85,86.44,17.5,55.62,260
2003-12-26,5.137,5.137,5.137,5.137,1000,55.85,86.44,17.5,55.62,260
2004-01-02,5.2086,5.2803,5.1608,5.1611,4300,56.74,86.44,17.5,56.92,260
2004-01-09,5.1608,5.2445,5.1131,5.1131,14700,54.38,86.44,17.5,53.49,260
2004-01-16,5.1154,5.2445,5.1131,5.2445,9700,59.36,86.44,17.5,60.72,260
2004-01-23,5.3161,5.7104,5.2373,5.5073,18600,67.11,86.44,17.5,71.95,260
2004-01-30,5.3353,5.6029,5.3353,5.4237,2200,62.99,86.44,17.5,65.99,260
2004-02-06,5.4237,5.6124,5.4237,5.4953,4300,64.98,86.44,17.5,68.86,260
2004-02-13,5.4953,5.4953,5.3161,5.4953,10500,64.98,86.44,17.5,68.86,260
2004-02-20,5.4356,5.5551,5.3759,5.5551,4200,66.7,86.44,17.5,71.36,260
2004-02-27,5.5551,5.5575,5.2743,5.3759,11400,57.55,86.44,17.5,58.09,260
2004-03-05,5.3759,5.3759,5.137,5.137,100,48.08,86.44,17.5,44.35,260
2004-03-12,5.4344,5.4953,5.3759,5.4953,3700,58.98,86.44,17.5,60.17,260
2004-03-19,5.4064,5.4377,5.4064,5.4377,1000,56.91,86.44,17.5,57.16,260
2004-03-26,5.5218,5.5867,5.4064,5.4064,5000,55.77,86.44,17.5,55.51,260
2004-04-02,5.4136,5.4737,5.4088,5.4112,900,55.92,86.44,17.5,55.72,260
2004-04-08,5.4067,5.4088,5.4064,5.4088,4500,55.82,86.44,17.5,55.58,260
2004-04-16,5.4088,5.5146,5.4064,5.4305,9200,56.57,86.44,17.5,56.66,260
2004-04-23,5.4641,5.7068,5.4064,5.4088,15800,55.55,86.44,17.5,55.19,260
2004-04-30,5.4684,5.5146,5.4064,5.5146,800,59.39,86.44,17.5,60.76,260
2004-05-07,5.4211,5.6227,5.3608,5.6059,6400,62.41,86.44,17.5,65.14,260
2004-05-14,5.6059,5.6251,5.3824,5.5578,1200,59.89,86.44,17.5,61.48,260
2004-05-21,5.3848,5.7068,5.3824,5.6467,6200,62.88,86.44,17.5,65.81,260
2004-05-28,5.5266,5.7068,5.3824,5.3824,11600,50.76,86.44,17.5,48.24,260
2004-06-04,5.3824,5.6011,5.3824,5.6011,800,57.97,86.44,17.5,58.71,260
2004-06-10,5.6011,5.6587,5.392,5.6467,2600,59.31,86.44,17.5,60.65,260
2004-06-18,5.3122,5.9787,5.3074,5.7905,5200,63.29,86.44,17.5,66.41,260
2004-06-25,5.7736,5.979,5.6746,5.677,2200,58.44,86.44,17.5,59.38,260
2004-07-02,5.607,5.7374,5.607,5.677,2400,58.44,86.44,17.5,59.38,260
2004-07-09,5.677,5.834,5.677,5.834,1300,62.99,86.44,17.5,65.98,260
2004-07-16,5.834,5.8509,5.8316,5.834,1100,62.99,86.44,17.5,65.98,260
2004-07-23,5.6625,5.663,5.4354,5.4354,16100,47.63,86.44,17.5,43.71,260
2004-07-30,5.5514,5.5562,5.4354,5.4354,2700,47.63,86.44,17.5,43.71,260
2004-08-06,5.4354,5.6142,5.0731,5.0731,5300,37.9,86.44,17.5,29.58,260
2004-08-13,5.0151,5.0151,4.9523,4.9523,600,35.3,86.44,17.5,25.82,260
2004-08-20,5.0054,5.0054,4.8943,4.9644,2000,35.78,86.44,17.5,26.51,260
2004-08-27,5.0731,5.1576,5.0129,5.0972,11800,40.9,86.44,17.5,33.93,260
2004-09-03,5.0248,5.1914,4.9716,5.0731,17800,40.27,86.44,17.5,33.02,260
2004-09-10,5.0731,5.2663,5.0731,5.1941,2700,44.84,86.44,17.5,39.65,260
2004-09-17,5.1939,5.1939,5.1258,5.1258,1000,42.85,86.44,17.5,36.76,260
2004-09-24,5.1258,5.1258,5.1258,5.1258,0,42.85,86.44,17.5,36.76,260
2004-10-01,5.1258,5.59,5.1161,5.5876,4400,57.62,86.44,17.5,58.19,260
2004-10-08,5.6508,5.6872,5.4685,5.5414,8900,56.06,86.44,17.5,55.93,260
2004-10-15,5.5293,5.6872,5.5293,5.59,17500,57.37,86.44,17.5,57.82,260
2004-10-22,5.59,5.59,5.5293,5.5293,500,55.16,86.44,17.5,54.62,260
2004-10-29,5.5293,6.0275,5.5293,5.8817,22600,63.86,86.44,17.5,67.24,260
2004-11-05,5.8331,6.0105,5.8088,6.0105,7200,66.42,86.44,17.5,70.96,260
2004-11-12,6.0153,6.0761,6.0151,6.0518,2200,67.23,86.44,17.5,72.13,260
2004-11-19,6.0491,6.1952,6.0153,6.1952,3100,69.92,86.44,17.5,76.03,260
2004-11-26,5.8647,6.3192,5.8574,6.2948,9300,71.66,86.44,17.5,78.55,260
2004-12-03,6.2219,6.256,5.7115,5.7115,11000,52.5,86.44,17.5,50.77,260
2004-12-10,5.7358,5.8331,5.5293,5.5293,14800,48.17,86.44,17.5,44.48,260
2004-12-17,5.5364,5.7906,5.5364,5.5609,8300,48.96,86.44,31.37,31.93,260
2004-12-23,5.5364,5.7931,5.5364,5.7931,2200,54.43,86.44,31.37,41.86,260
2004-12-31,5.6244,5.8615,5.5609,5.6708,24100,51.31,86.44,31.37,36.2,260
2005-01-07,5.5609,5.8275,5.5609,5.6222,3300,50.08,86.44,31.37,33.97,260
2005-01-14,5.622,5.9275,5.622,5.9275,2700,57.04,86.44,31.37,46.61,260
2005-01-21,5.6831,5.9202,5.6831,5.82,6100,54.17,86.44,31.37,41.4,260
2005-01-28,5.6244,5.8664,5.6244,5.8322,2300,54.45,86.44,31.37,41.91,260
2005-02-04,5.6097,5.7931,5.6097,5.7931,1200,53.33,86.44,31.37,39.87,260
2005-02-11,5.7931,5.8613,5.6464,5.7442,2000,51.89,86.44,31.37,37.26,260
2005-02-18,5.6977,5.9862,5.6464,5.7051,41400,50.71,86.44,31.37,35.11,260
2005-02-25,5.8493,5.9104,5.5291,5.7124,61200,50.94,86.44,31.37,35.52,260
2005-03-04,5.5633,5.9275,5.5633,5.7148,14500,51.02,86.44,31.37,35.67,260
2005-03-11,5.6586,5.7295,5.5731,5.6415,12600,48.45,86.44,31.37,31.01,260
2005-03-18,5.6661,5.7423,5.5309,5.7423,15200,52.02,86.44,31.37,37.49,260
2005-03-24,5.7423,5.7423,5.5309,5.6046,2200,47.21,86.44,31.37,28.76,260
2005-04-01,5.5309,5.7128,5.4697,5.7128,1900,51.04,86.44,32.12,34.83,260
2005-04-08,5.7295,5.7863,5.4694,5.5309,8600,45.11,86.44,32.12,23.92,260
2005-04-15,5.5309,5.8382,5.4817,5.7733,10400,52.95,86.44,32.12,38.35,260
2005-04-22,5.7743,5.9218,5.4694,5.4694,35400,44.39,86.44,35.14,18.04,260
2005-04-29,5.5211,5.5924,5.4104,5.4694,3300,44.39,86.44,35.14,18.04,260
2005-05-06,5.4694,5.4694,4.936,5.027,6700,34.87,86.44,34.87,0.0,260
2005-05-13,5.1128,5.4916,5.1128,5.4891,2200,47.53,86.44,34.87,24.54,260
2005-05-20,5.4891,5.4891,5.4077,5.408,200,45.85,86.44,34.87,21.28,260
2005-05-27,5.408,5.408,5.1868,5.203,1300,41.81,86.44,34.87,13.46,260
2005-06-03,5.1868,5.2113,5.1622,5.1622,7001,41.04,86.44,34.87,11.96,260
2005-06-10,5.1376,5.1622,5.0884,5.1622,1700,41.04,86.44,34.87,11.96,260
2005-06-17,5.1941,5.2733,5.0705,5.2733,5100,44.29,86.44,34.87,18.27,260
2005-06-24,5.2733,5.2733,5.0086,5.0705,3200,39.96,86.44,34.87,9.86,260
2005-07-01,5.0086,5.0086,4.4892,4.6995,14100,33.5,86.44,33.5,0.0,260
2005-07-08,4.7316,4.8132,4.5486,4.7613,20300,35.37,86.44,33.5,3.54,260
2005-07-15,4.5065,4.7217,4.0836,4.3779,13900,29.77,86.44,29.77,0.0,260
2005-07-22,4.3804,4.5733,4.3804,4.5733,11000,35.39,86.44,29.77,9.92,260
2005-07-29,4.3433,4.8204,4.3433,4.7366,5300,39.73,86.44,29.77,17.57,260
2005-08-05,4.6252,4.6376,4.3903,4.4422,23700,35.14,86.44,29.77,9.49,260
2005-08-12,4.5139,4.5758,4.3903,4.4397,18600,35.11,86.44,29.77,9.42,260
2005-08-19,4.3903,4.5708,4.3903,4.4768,13900,36.18,86.44,29.77,11.32,260
2005-08-26,4.5152,4.5164,4.5152,4.5164,1300,37.37,86.44,29.77,13.42,260
2005-09-02,4.6945,4.6945,4.4892,4.5263,6400,37.69,86.44,29.77,13.97,260
2005-09-09,4.5139,4.7588,4.5016,4.5758,8900,39.32,86.44,29.77,16.86,260
2005-09-16,4.5758,4.7821,4.5758,4.7821,11700,45.72,86.44,29.77,28.14,260
2005-09-23,4.934,4.9539,4.6227,4.6849,7000,43.4,86.44,29.77,24.05,260
2005-09-30,4.7347,4.919,4.6227,4.919,2310,49.98,86.44,29.77,35.67,260
2005-10-07,4.802,4.802,4.6202,4.6202,1604,43.09,86.44,29.77,23.51,260
2005-10-14,4.6202,4.7322,4.6202,4.7322,3600,46.09,86.44,29.77,28.81,260
2005-10-21,4.7322,5.1581,4.7322,5.1557,22600,55.62,86.44,29.77,45.61,260
2005-10-28,5.1133,5.1133,4.9813,4.9813,28100,51.58,86.44,29.77,38.48,260
2005-11-04,4.9813,5.0062,4.9689,4.9863,19600,51.69,86.44,29.77,38.67,260
2005-11-11,4.9813,4.9813,4.67,4.67,4200,44.84,86.44,29.77,26.6,260
2005-11-18,4.67,5.3101,4.67,5.2802,2100,56.74,86.44,29.77,47.59,260
2005-11-25,5.2802,5.2802,5.0905,5.2304,2200,55.68,86.44,29.77,45.73,260
2005-12-02,5.2304,5.7185,5.2304,5.4545,5900,59.35,86.44,29.77,52.2,260
2005-12-09,5.4545,5.7285,5.2926,5.3126,5800,56.18,86.44,29.77,46.6,260
2005-12-16,5.3076,5.5231,5.2926,5.3593,2900,56.99,86.44,29.77,48.04,260
2005-12-23,5.2928,5.2928,5.0746,5.2475,1200,54.39,86.44,29.77,43.45,260
2005-12-30,5.2475,5.2475,5.0746,5.0746,1900,50.54,86.44,29.77,36.66,260
2006-01-06,5.062,5.1222,4.7714,5.1222,10000,51.56,86.44,29.77,38.45,260
2006-01-13,5.1222,5.1723,5.1122,5.1723,1100,52.66,86.44,29.77,40.4,260
2006-01-20,5.1723,5.1748,5.062,5.0746,3000,50.26,86.44,29.77,36.16,260
2006-01-27,5.0746,5.2375,5.0746,5.1773,500,52.7,86.44,29.77,40.47,260
2006-02-03,5.1999,5.2926,5.0345,5.1873,2700,52.95,86.44,29.77,40.9,260
2006-02-10,5.1272,5.2901,5.1272,5.2901,3600,55.47,86.44,29.77,45.35,260
2006-02-17,5.2901,5.3878,5.2375,5.3252,7400,56.33,86.44,29.77,46.87,260
2006-02-24,5.3252,5.3427,5.1999,5.1999,5800,52.43,86.44,29.77,39.99,260
2006-03-03,5.2249,5.2249,5.1372,5.1498,4800,50.91,86.44,29.77,37.31,260
2006-03-10,5.3828,5.3828,5.1422,5.2299,2800,53.25,86.44,29.77,41.42,260
2006-03-17,5.6706,7.082,5.2926,6.0865,147800,69.77,86.44,29.77,70.58,260
2006-03-24,5.9101,6.0739,5.628,5.721,26900,60.02,86.44,29.77,53.38,260
2006-03-31,5.5925,5.7563,5.3682,5.7538,10600,60.55,86.44,29.77,54.32,260
2006-04-07,5.7462,5.7462,5.3988,5.4539,3700,53.53,86.44,29.77,41.93,260
2006-04-13,5.4816,5.6782,5.4816,5.5723,2300,55.72,86.44,29.77,45.78,260
2006-04-21,5.7336,5.7563,5.6706,5.6732,7700,57.54,86.44,29.77,49.01,260
2006-04-28,5.6732,5.7437,5.6202,5.6706,2400,57.48,86.44,29.77,48.9,260
2006-05-05,5.6706,5.842,5.5618,5.7563,3700,59.14,86.44,29.77,51.83,260
2006-05-12,5.6102,5.7261,5.5648,5.5975,13200,54.86,86.44,29.77,44.28,260
2006-05-19,5.5774,5.716,5.5572,5.5698,2000,54.13,86.44,29.77,42.98,260
2006-05-26,5.6555,5.6729,5.6555,5.6706,4700,56.42,86.44,29.77,47.02,260
2006-06-02,5.6706,5.6706,5.6706,5.6706,200,56.42,86.44,29.77,47.02,260
2006-06-09,5.6706,5.711,5.5522,5.7084,3700,57.34,86.44,29.77,48.66,260
2006-06-16,5.7084,5.7295,5.192,5.6306,11700,54.76,86.44,29.77,44.11,260
2006-06-23,5.6991,5.6991,5.2554,5.4912,21100,50.39,86.44,29.77,36.39,260
2006-06-30,5.4836,5.4836,5.4785,5.4785,400,50.0,86.44,29.77,35.7,260
2006-07-07,5.4785,5.727,5.4785,5.727,3400,57.04,86.44,29.77,48.11,260
2006-07-14,5.727,6.092,5.727,5.945,9300,62.08,86.44,29.77,57.01,260
2006-07-21,5.9425,6.1934,5.8056,6.0641,36100,64.53,86.44,29.77,61.34,260
2006-07-28,6.087,6.087,5.8157,5.8588,5300,57.62,86.44,29.77,49.14,260
2006-08-04,5.8588,5.8689,5.732,5.732,3800,53.79,85.12,29.77,43.4,260
2006-08-11,5.6585,5.8309,5.6585,5.7041,1800,52.96,79.49,29.77,46.64,260
2006-08-18,5.7041,5.8309,5.7041,5.8309,1350,56.27,79.49,29.77,53.32,260
2006-08-25,5.9222,6.0337,5.8309,5.8309,8100,56.27,79.49,29.77,53.32,260
2006-09-01,5.9323,6.0337,5.8309,5.8309,12900,56.27,79.49,29.77,53.32,260
2006-09-08,5.8309,6.1478,5.8309,6.1076,8200,63.33,79.49,29.77,67.5,260
2006-09-15,6.0819,6.2191,5.9602,5.9973,6200,59.23,79.49,29.77,59.26,260
2006-09-22,5.9973,6.1936,5.9566,6.1069,1200,61.87,79.49,29.77,64.57,260
2006-09-29,6.0075,6.5581,5.9769,6.2701,12800,65.46,79.49,29.77,71.79,260
2006-10-06,6.372,6.4357,6.2446,6.2471,5900,64.54,79.49,29.77,69.94,260
2006-10-13,6.2471,6.5759,6.1554,6.3593,5700,66.98,79.49,29.77,74.85,260
2006-10-20,6.4816,6.5963,6.4016,6.5963,9600,71.46,79.49,29.77,83.85,260
2006-10-27,6.6014,6.6447,6.3338,6.4383,6100,65.12,79.49,29.77,71.11,260
2006-11-03,6.3975,6.8818,6.3975,6.5632,30800,67.57,79.49,29.77,76.03,260
2006-11-10,6.711,6.8945,6.4179,6.8308,13200,72.09,79.49,29.77,85.12,260
2006-11-17,6.7747,6.7747,6.6396,6.6396,2300,65.11,79.49,29.77,71.08,260
2006-11-24,6.7153,6.8053,6.6447,6.8053,1800,68.0,79.49,29.77,76.9,260
2006-12-01,6.7288,6.8792,6.6575,6.8792,5400,69.23,79.49,29.77,79.36,260
2006-12-08,6.8257,6.869,6.6269,6.7543,5900,64.72,79.49,29.77,70.29,260
2006-12-15,6.8461,6.9175,6.8179,6.8512,8800,66.54,79.49,29.77,73.95,260
2006-12-22,6.9485,7.1713,6.7078,6.8625,16600,66.75,79.49,29.77,74.39,260
2006-12-29,6.9152,7.6324,6.7667,7.6324,39600,77.42,79.49,29.77,95.85,260
2007-01-05,7.6324,8.224,7.5094,7.6733,50200,77.83,79.49,29.77,96.67,260
2007-01-12,7.5965,7.5965,7.1047,7.5207,8600,72.57,79.49,29.77,86.09,260
2007-01-19,7.5273,7.5273,6.9972,7.1841,26400,62.54,79.49,29.77,65.91,260
2007-01-26,7.2738,7.8116,7.2738,7.8116,26300,70.68,79.49,29.77,82.29,260
2007-02-02,7.8161,8.0918,7.4915,7.5888,9900,65.26,79.49,29.77,71.38,260
2007-02-09,7.5888,8.0165,7.5888,7.8874,11800,68.72,79.49,29.77,78.35,260
2007-02-16,7.763,7.8116,7.4479,7.6836,11000,64.03,79.49,29.77,68.91,260
2007-02-23,7.7348,7.7348,7.4044,7.4966,5600,59.98,79.49,29.77,60.77,260
2007-03-02,7.4966,8.0524,7.1432,8.0012,14800,66.19,79.49,29.77,73.26,260
2007-03-09,8.0678,8.0678,7.6605,7.9064,12200,64.18,79.49,29.77,69.21,260
2007-03-16,7.9064,7.9732,7.8832,7.8909,5100,63.83,79.49,29.77,68.52,260
2007-03-23,7.7134,9.1306,7.7134,7.9166,48400,64.18,79.49,29.77,69.21,260
2007-03-30,7.914,8.1018,7.914,7.949,6000,64.63,79.49,29.77,70.12,260
2007-04-05,7.9732,8.3513,7.9732,8.1815,17100,67.78,79.49,29.77,76.45,260
2007-04-13,8.1352,8.7422,8.1121,8.6239,24400,72.75,79.49,29.77,86.44,260
2007-04-20,8.6239,9.3106,8.5905,9.2335,60100,77.82,79.49,29.77,96.65,260
2007-04-27,9.2669,9.6064,9.2335,9.6064,63400,80.24,80.24,29.77,100.0,260
2007-05-04,9.5936,9.9279,9.5395,9.9048,99500,81.94,81.94,29.77,100.0,260
2007-05-11,9.9151,9.9665,9.6681,9.825,67300,79.96,81.94,29.77,96.2,260
2007-05-18,9.6219,9.9356,9.5833,9.6733,3600,76.19,81.94,29.77,88.97,260
2007-05-25,9.7093,9.7736,9.5833,9.7093,11500,76.47,81.94,29.77,89.52,260
2007-06-01,9.5601,9.7479,9.5344,9.7479,11500,76.79,81.94,29.77,90.13,260
2007-06-08,9.735,9.8302,9.5879,9.6707,19600,74.61,81.94,29.77,85.95,260
2007-06-15,9.6707,9.7557,9.6707,9.7462,5200,75.35,81.94,29.77,87.36,260
2007-06-22,9.7428,9.7671,9.5518,9.6396,12200,72.16,81.94,29.77,81.25,260
2007-06-29,9.7428,9.7531,9.6783,9.7531,13402,73.45,81.94,29.77,83.72,260
2007-07-06,9.7815,10.1919,9.7789,10.1919,26400,77.74,81.94,29.77,91.94,260
2007-07-13,10.1816,10.5816,10.1816,10.5816,35600,80.72,81.94,29.77,97.65,260
2007-07-20,10.7106,10.7106,10.1454,10.4448,6100,76.83,81.94,29.77,90.2,260
2007-07-27,10.3235,10.4655,10.197,10.4267,7700,76.31,81.94,29.77,89.2,260
2007-08-03,10.4913,10.8397,10.388,10.5816,44400,77.71,81.94,29.77,91.88,260
2007-08-10,10.8397,10.8397,9.9338,10.3235,13800,70.26,81.94,29.77,77.61,260
2007-08-17,10.3235,10.5609,10.1299,10.3235,8100,70.26,81.94,29.77,77.61,260
2007-08-24,10.1681,10.3287,10.0138,10.2461,12400,67.99,81.94,29.77,73.26,260
2007-08-31,10.3158,10.3622,10.0055,10.3493,37400,69.41,81.94,29.77,75.98,260
2007-09-07,10.3493,10.5816,10.1996,10.5816,7900,72.37,81.94,29.77,81.66,260
2007-09-14,10.3854,10.5816,9.75,9.8406,9800,54.3,81.94,29.77,47.01,260
2007-09-21,9.838,10.1203,9.838,9.9727,4700,56.39,81.94,29.77,51.02,260
2007-09-28,9.9701,10.4492,9.8976,10.3197,20200,61.39,81.94,29.77,60.6,260
2007-10-05,10.4233,10.6175,10.387,10.6097,13800,65.0,81.94,29.77,67.52,260
2007-10-12,10.6097,10.6719,10.3197,10.5968,11100,64.71,81.94,29.77,66.96,260
2007-10-19,10.4492,10.7832,10.2938,10.5294,8300,63.12,81.94,29.77,63.93,260
2007-10-26,10.4233,10.6175,10.2938,10.3145,15604,58.23,81.94,29.77,54.55,260
2007-11-02,10.4103,10.4932,10.0581,10.2524,19200,56.86,81.94,29.77,51.92,260
2007-11-09,10.4854,10.4854,10.0555,10.3585,7900,58.65,81.94,29.77,55.36,260
2007-11-16,10.488,10.6123,10.4026,10.5269,41900,61.39,81.94,29.77,60.61,260
2007-11-23,10.5269,10.5269,9.9494,10.3456,20400,57.01,81.94,29.77,52.21,260
2007-11-30,10.3456,10.3585,10.1488,10.2213,2100,54.15,81.94,29.77,46.74,260
2007-12-07,10.0193,10.8583,10.0193,10.8117,10600,63.5,81.94,29.77,64.65,260
2007-12-14,10.8739,10.8765,9.8484,10.5083,21700,57.06,81.94,29.77,52.31,260
2007-12-21,10.1212,10.5213,9.8718,10.5213,11425,57.26,81.94,29.77,52.7,260
2007-12-28,10.846,10.911,9.399,10.4278,11600,55.27,81.94,29.77,48.88,260
2008-01-04,10.2199,10.8928,10.0407,10.0667,17400,48.28,81.94,29.77,35.48,260
2008-01-11,10.0667,10.4537,9.9186,10.4537,5785,54.87,81.94,29.77,48.11,260
2008-01-18,10.3264,10.3732,8.1001,8.3781,37900,31.61,81.94,29.77,3.53,260
2008-01-25,7.9884,8.43,7.6766,7.8195,11800,28.15,81.94,28.15,0.0,260
2008-02-01,7.7702,8.1261,7.6948,8.0507,4300,31.49,81.94,28.15,6.21,260
2008-02-08,8.0767,8.0767,7.3493,7.3779,6950,27.49,81.94,27.49,0.0,260
2008-02-15,7.3779,7.5883,7.0142,7.0142,53100,25.59,81.94,25.59,0.0,260
2008-02-22,6.8843,7.4117,6.8843,7.2142,6198,28.51,81.94,25.59,5.18,260
2008-02-29,7.2584,7.274,7.0142,7.1363,4400,28.05,81.94,25.59,4.36,260
2008-03-07,6.9986,7.0012,6.0348,6.0348,17500,22.5,81.94,22.5,0.0,260
2008-03-14,5.9802,6.2868,5.4763,5.4892,5700,20.36,81.94,20.36,0.0,260
2008-03-20,5.5285,5.9885,5.5285,5.7506,6700,24.09,81.94,20.36,6.07,260
2008-03-28,5.5023,5.6199,4.6868,4.6868,43900,19.98,81.94,19.98,0.0,260
2008-04-04,4.6632,4.6632,4.3287,4.4777,29500,19.29,81.94,19.29,0.0,260
2008-04-11,4.4829,5.4767,4.4463,5.3585,50800,30.3,81.94,19.29,17.58,260
2008-04-18,5.5938,5.5938,4.8175,4.9246,19300,28.26,81.94,19.29,14.32,260
2008-04-25,4.9665,4.9665,4.3914,4.4698,20400,26.26,81.94,19.29,11.12,260
2008-05-02,4.3783,5.2279,4.1823,4.2947,28500,25.51,81.94,19.29,9.93,260
2008-05-09,4.2476,4.7966,4.1457,4.7966,17900,31.54,81.94,19.29,19.55,260
2008-05-16,4.8619,6.8929,4.8593,6.7439,85800,48.84,81.94,19.29,47.16,260
2008-05-23,7.0367,7.6405,6.2734,6.6655,35700,48.31,81.94,19.29,46.32,260
2008-05-30,6.791,6.9766,6.3701,6.5296,5400,47.35,81.94,19.29,44.79,260
2008-06-06,6.7282,6.7622,6.4172,6.4956,5900,47.1,81.94,19.29,44.39,260
2008-06-13,6.2734,6.6629,5.9258,6.5005,14700,47.14,81.94,19.29,44.46,260
2008-06-20,6.109,6.9998,5.9409,6.9656,19700,51.25,81.94,19.29,51.01,260
2008-06-27,7.0812,7.0944,6.7002,6.7081,1500,48.98,81.94,19.29,47.39,260
2008-07-03,6.7081,7.0681,6.7081,6.9656,3807,51.3,81.94,19.29,51.1,260
2008-07-11,7.5148,7.5148,6.3849,7.0287,5500,51.88,81.94,19.29,52.02,260
2008-07-18,6.963,6.963,6.3954,6.829,4900,49.86,81.94,19.29,48.8,260
2008-07-25,7.0917,7.1469,6.4769,6.829,11800,49.86,81.94,19.29,48.8,260
2008-08-01,6.5111,6.8264,6.0801,6.222,23000,43.85,81.94,19.29,39.21,260
2008-08-08,6.0959,6.6976,5.5362,5.7806,12200,40.07,81.94,19.29,33.17,260
2008-08-15,5.5178,6.4375,5.2551,5.2945,10400,36.35,81.94,19.29,27.24,260
2008-08-22,5.5678,5.5678,5.2025,5.2025,2186,35.68,81.94,19.29,26.16,260
2008-08-29,5.2025,5.2025,4.8005,4.9923,5586,34.12,81.94,19.29,23.67,260
2008-09-05,4.9923,5.2288,4.6008,4.7953,10300,32.68,81.94,19.29,21.37,260
2008-09-12,4.6113,4.8287,4.5746,4.8287,10800,33.19,81.94,19.29,22.2,260
2008-09-19,4.699,4.7916,4.4872,4.4872,7100,30.62,81.94,19.29,18.08,260
2008-09-26,4.3681,4.7625,4.3681,4.4607,9900,30.42,81.94,19.29,17.76,260
2008-10-03,4.5004,5.2946,4.2357,4.2357,30100,28.72,81.94,19.29,15.06,260
2008-10-10,4.1695,4.5481,2.5176,2.5176,57900,19.7,81.94,19.29,0.66,260
2008-10-17,2.7611,3.2641,2.462,3.0418,28900,27.21,81.94,19.29,12.65,260
2008-10-24,3.1715,3.8386,2.6473,2.8856,24600,26.42,81.94,19.29,11.38,260
2008-10-31,2.9782,3.3356,2.7003,2.8856,10800,26.42,81.94,19.29,11.38,260
2008-11-07,2.8988,3.1741,2.8591,2.9623,6501,27.62,81.94,19.29,13.3,260
2008-11-14,3.1741,3.325,2.5149,3.0312,12400,28.75,81.94,19.29,15.1,260
2008-11-21,2.8459,2.8459,2.3429,2.3826,4400,24.83,81.94,19.29,8.85,260
2008-11-28,2.3826,2.3826,2.1311,2.3826,6200,24.83,81.94,19.29,8.85,260
2008-12-05,2.3826,2.5891,1.9855,2.1179,18700,23.33,81.94,19.29,6.45,260
2008-12-12,2.1046,2.6853,1.7869,2.4437,23800,29.02,81.94,19.29,15.54,260
2008-12-19,2.4576,3.2895,2.2154,2.2288,36000,27.57,81.94,19.29,13.22,260
2008-12-26,2.1241,2.1348,2.0409,2.0463,1000,26.36,81.94,19.29,11.29,260
2009-01-02,2.1483,2.7793,2.014,2.2825,42600,30.6,81.94,19.29,18.06,260
2009-01-09,2.731,2.8975,2.4839,2.8465,6700,39.55,81.94,19.29,32.34,260
2009-01-16,2.8465,2.8465,2.8465,2.8465,0,39.55,81.94,19.29,32.34,260
2009-01-23,2.8733,2.927,2.6853,2.6853,5200,37.93,81.94,19.29,29.76,260
2009-01-30,2.7928,2.8196,2.4866,2.6585,6900,37.65,81.94,19.29,29.31,260
2009-02-06,2.7659,3.209,2.5645,2.6316,25700,37.36,81.94,19.29,28.85,260
2009-02-13,2.5914,2.7928,2.4839,2.6853,34400,38.4,81.94,19.29,30.5,260
2009-02-20,2.6853,2.739,2.4839,2.739,23800,39.47,81.94,19.29,32.22,260
2009-02-27,2.6585,2.6585,2.151,2.2154,34500,33.35,81.94,19.29,22.44,260
2009-03-06,2.1617,2.2154,1.536,1.9979,68400,31.19,81.94,19.29,18.99,260
2009-03-13,1.9066,2.2127,1.7683,2.1328,20300,34.04,81.94,19.29,23.55,260
2009-03-20,2.1874,2.871,2.0507,2.871,10800,47.02,81.94,19.29,44.25,260
2009-03-27,2.8054,3.6065,2.8027,3.2948,25600,52.76,81.94,19.29,53.42,260
2009-04-03,3.2812,3.4097,2.3242,2.3788,24900,42.13,81.94,19.29,36.46,260
2009-04-09,2.4581,2.5429,2.3952,2.4882,7300,43.59,81.94,19.29,38.79,260
2009-04-17,2.4609,2.5702,2.4281,2.5429,27000,44.35,81.94,19.29,40.0,260
2009-04-24,2.5812,3.1444,2.5812,3.0077,16191,50.43,81.94,19.29,49.71,260
2009-05-01,3.0077,3.6913,3.0077,3.6913,14200,57.75,81.94,19.29,61.39,260
2009-05-08,3.7022,4.1698,3.6366,4.1698,13200,61.98,81.94,19.29,68.14,260
2009-05-15,4.1288,4.7167,3.8854,4.2245,40000,62.45,81.94,19.29,68.88,260
2009-05-22,4.2095,4.3663,3.8854,3.9948,14300,59.19,81.94,19.29,63.68,260
2009-05-29,3.5601,4.2737,3.5245,4.2737,33000,61.8,81.94,19.29,67.84,260
2009-06-05,4.2382,4.9819,3.8253,4.9764,45800,67.44,81.94,19.29,76.85,260
2009-06-12,5.094,6.0548,4.9245,5.7796,14700,72.45,81.94,19.29,84.85,260
2009-06-19,5.8346,5.8759,5.5044,5.8484,20200,72.84,81.94,19.29,85.46,260
2009-06-26,5.8484,6.0521,5.5869,5.8511,56800,72.85,81.94,19.29,85.49,260
2009-07-02,5.8484,6.0548,5.5016,5.5016,12600,67.31,81.94,19.29,76.64,260
2009-07-10,5.7493,5.8511,5.0585,5.7108,7126,68.83,81.94,19.29,79.08,260
2009-07-17,5.0943,6.0438,5.0915,6.0438,4526,71.15,81.94,19.29,82.77,260
2009-07-24,5.9172,6.1924,5.9172,6.1924,16300,72.14,81.94,19.29,84.36,260
2009-07-31,6.0823,6.5942,5.9172,6.1154,15500,70.78,81.94,19.29,82.18,260
2009-08-07,6.0562,6.5791,5.9585,6.1154,25500,70.78,81.94,19.29,82.18,260
2009-08-14,6.0548,6.4676,5.9172,6.0548,38300,69.58,81.94,19.29,80.27,260
2009-08-21,6.0851,6.2447,5.931,6.0699,12900,69.72,81.94,19.29,80.49,260
2009-08-28,6.0273,6.1897,5.9172,6.0135,6500,68.48,81.94,19.29,78.5,260
2009-09-04,5.9282,6.2722,5.8594,6.1374,32100,69.75,81.94,19.29,80.54,260
2009-09-11,6.1676,6.5187,6.0548,6.3692,39100,72.04,81.94,19.29,84.19,260
2009-09-18,6.4743,6.7816,6.2861,6.3498,18300,71.55,81.94,19.29,83.41,260
2009-09-25,6.3498,6.5546,6.3076,6.5546,1608,73.58,81.94,19.29,86.65,260
2009-10-02,6.4882,6.6155,6.1519,6.5602,11500,73.64,81.94,19.29,86.74,260
2009-10-09,6.4356,6.5782,6.3664,6.5736,6100,73.78,81.94,19.29,86.97,260
2009-10-16,6.574,6.574,6.2047,6.2047,13500,63.64,81.94,19.29,70.78,260
2009-10-23,6.3221,6.5602,6.1865,6.228,4700,63.97,81.94,19.29,71.32,260
2009-10-30,6.228,6.2391,5.9595,5.9595,2700,57.38,81.94,19.29,60.79,260
2009-11-06,5.9595,6.228,5.8543,6.1104,8600,59.88,81.94,19.29,64.79,260
2009-11-13,6.2419,6.3083,5.9097,6.2972,7600,62.79,81.94,19.29,69.44,260
2009-11-20,6.2972,6.2972,5.846,5.9512,14400,54.85,81.94,19.29,56.76,260
2009-11-27,5.8128,6.0564,5.8128,6.0204,7000,56.05,81.94,19.29,58.67,260
2009-12-04,6.0287,6.228,5.7824,6.228,19400,59.52,81.94,19.29,64.21,260
2009-12-11,6.2225,6.3,5.8668,5.954,4400,53.51,81.94,19.29,54.62,260
2009-12-18,6.2236,6.2241,5.6894,5.9596,5400,53.61,81.94,19.29,54.79,260
2009-12-24,6.0654,6.0654,5.8342,5.8496,3700,51.21,81.94,19.29,50.95,260
2009-12-31,5.8482,5.8482,5.5669,5.8203,12300,50.57,81.94,19.29,49.92,260
2010-01-08,6.3634,6.3634,5.5725,6.1573,44700,57.28,81.94,19.29,60.63,260
2010-01-15,6.2102,6.2659,5.9874,5.9874,6500,53.34,81.94,19.29,54.36,260
2010-01-22,6.0988,6.1239,6.057,6.057,9700,54.72,81.94,19.29,56.54,260
2010-01-29,6.057,6.057,4.8679,4.957,36600,36.47,81.94,19.29,27.43,260
2010-02-05,4.8345,5.3719,4.7621,5.0071,27700,37.49,81.94,19.29,29.06,260
2010-02-12,4.9431,5.8482,4.9431,5.7368,46100,50.09,81.94,19.29,49.16,260
2010-02-19,5.7785,5.9874,5.6616,5.8482,21800,51.69,81.94,19.29,51.72,260
2010-02-26,5.8482,5.9763,5.6449,5.8482,11700,51.69,81.94,19.29,51.72,260
2010-03-05,5.8482,6.0431,5.8454,6.0292,39100,54.44,81.94,19.29,56.11,260
2010-03-12,6.0264,6.6059,5.8482,6.3033,53800,58.32,81.94,19.29,62.29,260
2010-03-19,6.3734,6.5555,6.3033,6.4434,11800,60.18,81.94,19.29,65.27,260
2010-03-26,6.4826,6.7922,6.3706,6.7922,28600,64.45,81.94,19.29,72.07,260
2010-04-01,6.802,7.0737,6.802,6.9953,14400,66.68,81.94,19.29,75.64,260
2010-04-09,7.0737,8.306,7.0736,8.1635,19400,76.02,81.94,19.29,90.55,260
2010-04-16,8.1663,8.3652,7.494,7.536,15200,65.41,81.94,19.29,73.62,260
2010-04-23,7.0037,7.7629,7.0037,7.6901,21300,66.64,81.94,19.29,75.58,260
2010-04-30,7.6536,7.8498,7.6368,7.7909,27000,67.46,81.94,19.29,76.88,260
2010-05-07,7.9994,8.0206,7.6553,7.6553,5100,65.15,81.94,19.29,73.2,260
2010-05-14,7.8441,9.5498,7.8441,8.6846,48400,72.77,81.94,19.29,85.36,260
2010-05-21,8.6846,8.8947,8.1887,8.4325,29800,68.8,81.94,19.29,79.03,260
2010-05-28,8.4969,8.7322,8.0543,8.7322,7200,70.84,81.94,19.29,82.27,260
2010-06-04,8.1736,8.6846,8.1736,8.6846,1100,70.06,81.94,19.29,81.03,260
2010-06-11,8.8583,8.8583,8.0543,8.5809,4800,68.29,81.94,19.29,78.21,260
2010-06-18,8.6231,8.7216,8.2208,8.5162,6900,67.15,81.94,19.29,76.39,260
2010-06-25,8.5162,8.7919,8.2461,8.7919,3500,69.49,81.94,19.29,80.12,260
2010-07-02,8.7919,9.4165,8.2433,9.2702,19100,73.06,81.94,19.29,85.82,260
2010-07-09,8.9692,8.9762,8.2349,8.9017,11500,66.58,81.94,19.29,75.49,260
2010-07-16,8.1815,8.7301,8.1815,8.5387,4500,60.86,81.94,19.29,66.35,260
2010-07-23,8.6203,8.6203,8.0942,8.4403,16800,59.37,81.94,19.29,63.97,260
2010-07-30,8.4375,9.147,8.4037,9.147,9400,65.84,81.94,19.29,74.3,260
2010-08-06,9.1155,9.917,9.1155,9.7063,18500,69.92,81.94,19.29,80.81,260
2010-08-13,9.7063,10.2774,9.5938,9.7063,23600,69.92,81.94,19.29,80.81,260
2010-08-20,9.7766,10.058,9.7766,9.847,16400,70.93,81.94,19.29,82.43,260
2010-08-27,10.0327,10.6572,9.2843,9.4109,45100,63.76,81.94,19.29,70.99,260
2010-09-03,9.3912,9.6754,9.1774,9.425,14600,63.89,81.94,19.29,71.19,260
2010-09-10,9.56,9.7828,9.1404,9.2505,2100,61.04,81.94,19.29,66.64,260
2010-09-17,9.1008,9.3211,8.6969,8.6969,13400,52.96,81.94,19.29,53.74,260
2010-09-24,8.7562,8.9935,8.4935,8.9935,9500,56.3,81.94,19.29,59.07,260
2010-10-01,8.9822,9.0387,8.8946,8.9243,12700,55.31,81.94,19.29,57.49,260
2010-10-08,9.0387,9.4087,8.9822,9.2844,21900,59.31,81.94,19.29,63.87,260
2010-10-15,9.1743,9.3861,5.2537,5.3526,978400,28.92,81.94,19.29,15.37,260
2010-10-22,5.0814,5.0814,3.5901,3.9968,758100,24.29,81.94,19.29,7.99,260
2010-10-29,4.0307,4.0745,3.5322,3.6154,96000,23.17,81.94,19.29,6.2,260
2010-11-05,3.6804,4.0335,3.5507,3.929,207000,26.19,81.94,19.29,11.02,260
2010-11-12,3.9516,3.9911,3.7341,3.8697,61700,25.98,81.94,19.29,10.69,260
2010-11-19,3.8951,3.9403,3.3613,3.5816,53300,24.95,81.94,19.29,9.03,260
2010-11-26,3.6014,3.7567,3.6014,3.6578,13300,25.79,81.94,19.29,10.38,260
2010-12-03,3.6028,4.0053,3.6014,3.9827,143500,29.43,81.94,19.29,16.19,260
2010-12-10,4.0081,4.0392,3.8209,3.972,25600,29.38,81.94,19.29,16.1,260
2010-12-17,3.9777,3.9805,3.7666,3.818,35300,28.61,81.94,19.29,14.88,260
2010-12-23,3.741,3.8779,3.741,3.8209,24100,28.64,81.94,19.29,14.94,260
2010-12-31,3.8494,3.9292,3.7924,3.9289,37900,30.13,81.94,19.29,17.31,260
2011-01-07,3.9378,4.1203,3.8693,3.9492,86700,30.43,81.94,19.29,17.78,260
2011-01-14,3.9178,4.4097,3.8921,4.3484,38700,36.12,81.94,19.29,26.86,260
2011-01-21,4.3484,4.4211,4.2614,4.3199,41500,35.89,81.94,19.29,26.5,260
2011-01-28,4.3199,4.3455,4.1374,4.2372,118400,35.2,81.94,19.29,25.4,260
2011-02-04,4.2357,4.297,4.2087,4.2771,19500,35.84,81.94,19.29,26.42,260
2011-02-11,4.3341,4.6734,4.3284,4.662,125100,41.8,81.94,19.29,35.93,260
2011-02-18,4.6734,4.8673,4.6193,4.8189,61900,44.08,81.94,19.29,39.56,260
2011-02-25,4.8189,5.0184,4.7248,5.0184,79500,46.92,81.94,19.29,44.11,260
2011-03-04,5.0156,5.3521,4.8474,5.1667,56300,49.0,81.94,19.29,47.43,260
2011-03-11,5.1468,5.1981,4.9462,4.9491,14000,46.15,81.94,19.29,42.87,260
2011-03-18,4.9606,5.0266,4.7164,4.771,13400,43.89,81.94,19.29,39.27,260
2011-03-25,4.8198,4.8399,4.5154,4.5455,22100,41.15,81.94,19.29,34.9,260
2011-04-01,4.5855,4.7394,4.5125,4.6145,23000,42.34,81.94,19.29,36.79,260
2011-04-08,4.5269,4.5656,4.3519,4.4378,24800,40.11,81.94,19.29,33.23,260
2011-04-15,4.3516,4.5642,4.3516,4.4091,29500,39.74,81.94,19.29,32.65,260
2011-04-21,4.412,4.412,3.9955,4.0242,17300,35.11,81.94,19.29,25.26,260
2011-04-29,4.0903,4.4723,4.0903,4.1649,20400,37.96,81.94,19.29,29.8,260
2011-05-06,4.1678,4.2741,3.8921,4.0213,24500,36.21,81.94,19.29,27.01,260
2011-05-13,4.0443,4.3861,3.8806,3.9007,49500,34.77,81.94,19.29,24.71,260
2011-05-20,3.8921,3.9596,3.8461,3.8518,26200,34.17,81.94,19.29,23.76,260
2011-05-27,3.7542,3.9868,3.7054,3.9868,18800,37.36,81.94,19.29,28.85,260
2011-06-03,4.1075,5.222,4.0644,5.0755,35700,55.92,81.94,19.29,58.46,260
2011-06-10,4.8083,5.0439,4.0559,4.3503,30700,46.12,81.94,19.29,42.82,260
2011-06-17,4.3312,4.5311,3.9169,4.1371,38600,43.69,81.94,19.29,38.95,260
2011-06-24,4.4296,5.4292,3.9719,5.3886,104900,57.74,81.94,19.29,61.37,260
2011-07-01,5.4639,5.632,5.2611,5.5045,61600,58.77,81.94,19.29,63.01,260
2011-07-08,5.5045,5.6377,5.3191,5.3596,10700,56.91,81.94,19.29,60.04,260
2011-07-15,5.4147,5.6175,5.2872,5.4523,9601,57.83,81.94,19.29,61.51,260
2011-07-22,5.4523,6.3736,5.4523,5.9477,32600,62.44,81.94,19.29,68.87,260
2011-07-29,5.9477,6.3041,5.5103,6.3041,25600,65.37,81.94,19.29,73.55,260
2011-08-05,6.0433,7.5295,5.5827,5.5943,74800,55.99,81.94,19.29,58.58,260
2011-08-12,5.7913,5.7913,4.5803,5.6001,20450,56.05,81.94,19.29,58.67,260
2011-08-19,5.5769,5.5769,5.0757,5.3683,23300,53.16,81.94,19.29,54.06,260
2011-08-26,5.4494,5.7044,5.0554,5.6204,18700,55.82,81.94,19.29,58.31,260
2011-09-02,5.574,5.6348,5.2727,5.3075,26600,51.88,81.94,19.29,52.02,260
2011-09-09,5.2698,5.5479,5.038,5.3983,4100,52.92,81.94,19.29,53.68,260
2011-09-16,5.3429,5.6289,5.1941,5.3143,6600,51.81,81.94,19.29,51.9,260
2011-09-23,5.4771,5.7893,5.0044,5.2524,26000,50.95,81.94,19.29,50.54,260
2011-09-30,5.2495,5.5092,5.0015,5.5092,6200,54.31,81.94,19.29,55.9,260
2011-10-07,5.0011,5.0132,4.0852,4.555,19500,42.63,81.94,19.29,37.26,260
2011-10-14,4.555,4.8118,4.5142,4.5229,3700,42.3,81.94,19.29,36.74,260
2011-10-21,5.1824,5.1824,4.2749,4.2982,9600,39.98,81.94,19.29,33.02,260
2011-10-28,4.2982,4.4208,4.2982,4.3916,9200,41.42,81.94,19.29,35.32,260
2011-11-04,4.4062,4.4208,4.234,4.4208,8300,41.89,81.94,19.29,36.07,260
2011-11-11,4.2632,4.6834,4.2311,4.6834,2426,46.08,81.94,19.29,42.77,260
2011-11-18,4.6834,4.6834,4.2311,4.5375,2400,44.18,81.94,19.29,39.72,260
2011-11-25,4.4587,4.4587,4.1932,4.2924,1800,41.1,81.94,19.29,34.81,260
2011-12-02,4.2545,4.377,4.1144,4.1261,6643,39.11,81.94,19.29,31.63,260
2011-12-09,4.1582,4.4473,4.1582,4.256,26400,41.49,81.94,19.29,35.44,260
2011-12-16,4.2707,4.3473,4.1972,4.2119,8103,40.91,81.94,19.29,34.5,260
2011-12-23,4.2707,4.6033,4.2707,4.5651,12800,47.32,81.94,19.29,44.74,260
2011-12-30,4.5916,4.9065,4.3119,4.9006,13800,52.58,81.94,19.29,53.14,260
2012-01-06,5.0566,5.0654,4.5327,4.571,7601,47.56,81.94,19.29,45.12,260
2012-01-13,4.5768,4.8565,4.5356,4.7829,12900,50.81,81.94,19.29,50.31,260
2012-01-20,4.6598,4.9271,4.6598,4.7858,1700,50.86,81.94,19.29,50.39,260
2012-01-27,4.7858,5.5629,4.7858,5.2862,23500,57.99,81.94,19.29,61.77,260
2012-02-03,5.242,5.5599,5.1508,5.3804,20300,59.19,81.94,19.29,63.69,260
2012-02-10,5.3804,5.5923,5.3274,5.4451,36700,60.04,81.94,19.29,65.04,260
2012-02-17,5.3304,6.1809,5.3304,6.1809,56000,68.13,81.94,19.29,77.95,260
2012-02-24,6.1821,6.5489,6.1044,6.4569,18800,70.53,81.94,19.29,81.79,260
2012-03-02,6.4105,6.4753,6.2398,6.3252,25009,67.9,81.94,19.29,77.58,260
2012-03-09,6.3252,6.398,6.1835,6.1983,17900,65.36,81.94,19.29,73.54,260
2012-03-16,6.2309,6.3138,6.1658,6.2191,19000,65.59,81.94,19.29,73.9,260
2012-03-23,6.2191,6.2872,5.9229,5.997,12800,61.0,81.94,19.29,66.57,260
2012-03-30,6.0355,6.5152,5.9318,6.2191,22900,63.73,81.94,19.29,70.93,260
2012-04-05,6.2191,6.4471,6.0799,6.3375,8200,65.14,81.94,19.29,73.17,260
2012-04-13,6.3049,6.3642,5.9676,5.9881,5600,58.0,81.94,19.29,61.79,260
2012-04-20,6.0058,6.071,5.9229,5.997,4400,58.13,81.94,19.29,61.99,260
2012-04-27,5.997,6.222,5.9703,6.0118,2100,58.35,80.72,19.29,63.59,260
2012-05-04,6.3494,6.4234,5.997,6.074,8813,59.33,80.72,19.29,65.19,260
2012-05-11,6.1687,6.5152,6.0118,6.3138,22400,62.96,80.72,19.29,71.09,260
2012-05-18,6.2901,6.2901,6.071,6.071,12300,57.38,80.72,19.29,62.01,260
2012-05-25,6.071,6.4175,6.071,6.071,9800,57.38,80.72,19.29,62.01,260
2012-06-01,6.1391,6.2161,6.071,6.0769,5300,57.49,80.72,19.29,62.18,260
2012-06-08,6.2813,6.3914,6.0769,6.2781,15900,61.05,80.72,19.29,67.99,260
2012-06-15,6.3932,6.3942,6.1056,6.1917,10600,58.77,80.72,19.29,64.28,260
2012-06-22,6.1172,6.2215,6.0731,6.1083,4400,56.58,80.72,19.29,60.7,260
2012-06-29,6.1083,6.1113,5.8193,5.8997,7300,51.41,80.72,19.29,52.29,260
2012-07-06,5.8997,5.9891,5.8386,5.9623,6102,52.8,77.71,19.29,57.37,260
2012-07-13,5.9891,6.3973,5.8139,6.2692,10300,59.01,77.71,19.29,67.99,260
2012-07-20,6.2037,6.6446,6.1974,6.6446,36400,65.06,77.71,19.29,78.36,260
2012-07-27,6.5583,6.8532,6.5195,6.7042,14300,65.92,76.02,19.29,82.2,260
2012-08-03,6.7072,6.8502,6.1679,6.5255,6341,61.07,76.02,19.29,73.63,260
2012-08-10,6.532,7.0022,6.532,7.0022,8000,67.87,76.02,19.29,85.62,260
2012-08-17,7.0022,7.1512,6.7072,7.0082,8300,67.94,76.02,19.29,85.75,260
2012-08-24,7.032,7.032,6.6595,6.8532,16200,63.75,76.02,19.29,78.37,260
2012-08-31,6.8532,6.9903,6.7042,6.7579,5000,61.25,76.02,19.29,73.96,260
2012-09-07,6.7102,6.9545,6.7042,6.9545,9400,64.36,76.02,19.29,79.44,260
2012-09-14,6.9216,7.4909,6.7418,7.0864,28300,66.31,76.02,19.29,82.88,260
2012-09-21,7.0414,7.4789,6.7328,6.8886,27600,60.92,76.02,19.29,73.38,260
2012-09-28,6.8916,7.416,6.8766,7.2662,8200,66.51,76.02,19.29,83.24,260
2012-10-05,6.9216,7.4909,6.9216,7.389,12800,68.11,76.02,19.29,86.06,260
2012-10-12,7.3411,7.3411,6.6909,6.7418,8000,53.6,76.02,19.29,60.47,260
2012-10-19,6.8167,7.0414,6.6669,6.798,17900,54.5,76.02,19.29,62.07,260
2012-10-26,6.7987,6.8167,6.7418,6.8167,1600,54.82,76.02,19.29,62.62,260
2012-11-02,7.1223,7.4609,6.8202,7.4609,10900,64.08,76.02,19.29,78.96,260
2012-11-09,7.3561,7.431,7.0624,7.1913,7500,58.66,76.02,19.29,69.4,260
2012-11-16,7.1913,7.2662,6.8347,7.1134,10400,57.16,76.02,19.29,66.74,260
2012-11-23,7.3051,7.3051,7.0414,7.0414,7600,55.74,76.02,19.29,64.24,260
2012-11-30,7.0414,7.1913,6.9066,7.0834,15609,56.42,76.02,19.29,65.44,260
2012-12-07,7.0834,7.1912,7.0145,7.1763,80200,57.96,76.02,19.29,68.16,260
2012-12-14,7.0444,7.1913,7.0444,7.1913,5056,58.22,76.02,19.29,68.61,260
2012-12-21,7.2576,7.2907,7.0622,7.137,21400,56.86,76.02,19.29,66.22,260
2012-12-28,7.0798,7.0798,6.7785,6.8087,23900,49.37,76.02,19.29,53.03,260
2013-01-04,6.899,7.0949,6.8539,6.9141,157500,51.58,76.02,19.29,56.91,260
2013-01-11,6.9322,7.0979,6.7785,6.8087,24900,49.27,76.02,19.29,52.84,260
2013-01-18,6.887,7.2063,6.7936,7.0316,27800,53.96,76.02,19.29,61.12,260
2013-01-25,7.0196,7.2274,6.9171,6.9744,23400,52.62,76.02,19.29,58.74,260
2013-02-01,6.9111,7.0976,6.8539,6.9081,14500,51.03,76.02,19.29,55.95,260
2013-02-08,6.9051,6.9593,6.8358,6.8418,19300,49.42,76.02,19.29,53.11,260
2013-02-15,6.9201,7.0376,6.8388,6.9231,48800,51.44,76.02,19.29,56.67,260
2013-02-22,6.8629,7.0617,6.8539,7.0226,69100,53.87,76.02,19.29,60.95,260
2013-03-01,7.0768,7.369,7.0135,7.1853,21300,57.6,76.02,19.29,67.53,260
2013-03-08,7.2425,7.6132,7.2425,7.589,30000,65.14,76.02,19.29,80.81,260
2013-03-15,7.6465,7.7161,7.5617,7.5708,35400,64.58,76.02,19.29,79.83,260
2013-03-22,7.5859,7.7888,7.5314,7.6859,35900,66.53,76.02,19.29,83.27,260
2013-03-28,7.9493,8.1764,7.7464,8.0311,21100,71.59,76.02,19.7,92.12,260
2013-04-05,8.0553,8.237,8.0553,8.1946,76300,73.62,76.02,19.7,95.73,260
2013-04-12,8.3067,8.3854,7.7434,8.2522,56400,74.31,76.02,19.7,96.96,260
2013-04-19,8.2007,8.2945,7.7283,8.1946,37400,72.26,76.02,19.7,93.32,260
2013-04-26,8.1764,8.2461,8.0371,8.1643,51900,71.15,76.02,19.7,91.34,260
2013-05-03,8.1371,8.2945,8.0008,8.0402,46100,66.61,76.02,19.7,83.29,260
2013-05-10,8.025,8.1128,7.7343,8.0038,17500,65.3,76.02,19.7,80.96,260
2013-05-17,8.0523,8.0523,7.7525,7.9887,292300,64.73,76.02,19.7,79.94,260
2013-05-24,7.9947,8.2007,7.9947,8.1704,48200,68.31,76.02,19.7,86.31,260
2013-05-31,8.1764,8.1764,8.0311,8.1462,29200,67.33,76.02,19.7,84.57,260
2013-06-07,8.131,8.1948,8.0795,8.1613,29425,67.64,76.02,19.7,85.12,260
2013-06-14,8.1704,8.1704,7.9483,8.0944,22000,64.69,76.02,19.7,79.87,260
2013-06-21,8.0609,8.1856,8.0548,8.137,55600,65.72,76.02,19.7,81.7,260
2013-06-28,8.1157,8.1948,7.997,7.997,888300,59.59,76.02,19.7,70.81,260
2013-07-05,7.9118,8.0944,7.9118,8.0761,134500,61.76,76.02,19.7,74.67,260
2013-07-12,8.0639,8.2161,7.9879,8.137,221100,63.39,76.02,19.7,77.56,260
2013-07-19,8.14,8.3682,8.1339,8.3378,158900,68.2,76.02,19.7,86.11,260
2013-07-26,8.3135,9.129,8.3135,9.1016,315100,79.33,79.33,19.7,100.0,260
2013-08-02,9.0985,9.1107,8.8977,8.9951,253700,75.37,79.33,19.7,93.36,260
2013-08-09,9.0012,10.0114,8.9647,9.9734,107300,83.52,83.52,19.7,100.0,260
2013-08-16,9.9932,10.0267,9.5337,9.5824,66600,73.11,83.52,19.7,83.69,260
2013-08-23,9.3179,9.8836,9.2659,9.6432,75900,73.66,83.52,19.7,84.56,260
2013-08-30,9.6645,10.2549,9.5033,9.5976,129100,72.46,83.52,19.7,82.68,260
2013-09-06,9.6585,10.6901,9.5854,10.5835,135100,80.02,83.52,19.7,94.52,260
2013-09-13,10.6782,12.1627,10.666,11.6006,277900,84.69,84.69,19.7,100.0,260
2013-09-20,11.6648,11.8358,11.4235,11.5304,149200,83.24,84.69,19.7,97.77,260
2013-09-27,11.6434,11.7442,11.4571,11.5243,41800,83.11,84.69,19.7,97.57,260
2013-10-04,11.4357,11.79,11.2463,11.7106,92800,83.95,84.69,23.17,98.8,260
2013-10-11,11.6526,11.7259,11.3074,11.6037,115600,81.44,84.69,23.17,94.72,260
2013-10-18,11.5426,11.6067,10.9073,11.3319,63400,75.28,84.69,23.17,84.71,260
2013-10-25,11.3624,11.3838,11.1547,11.3319,72400,75.28,84.69,23.17,84.71,260
2013-11-01,11.3013,11.4724,11.1547,11.283,122600,74.11,84.69,23.17,82.81,260
2013-11-08,11.2219,11.3899,11.1519,11.3319,67600,74.54,84.69,23.17,83.5,260
2013-11-15,11.3563,11.3563,11.1486,11.2769,35900,73.08,84.69,23.17,81.14,260
2013-11-22,11.286,11.4204,11.2708,11.4174,65600,74.46,84.69,23.17,83.37,260
2013-11-29,11.3899,11.8511,11.3441,11.8511,99400,78.16,84.69,23.17,89.39,260
2013-12-06,11.8144,11.8144,11.1242,11.5029,85900,69.45,84.69,23.17,75.24,260
2013-12-13,11.3405,11.7205,11.1903,11.5857,184800,70.3,84.69,23.17,76.61,260
2013-12-20,11.647,11.7879,11.4048,11.7757,150300,72.21,84.69,23.17,79.71,260
2013-12-27,11.8002,12.5818,11.5581,12.4193,148200,77.48,84.69,23.17,88.28,260
2014-01-03,12.4561,12.4561,11.9136,12.1006,73500,70.36,84.69,23.17,76.71,260
2014-01-10,12.119,12.2538,11.4784,12.2232,49100,71.45,84.69,23.17,78.48,260
2014-01-17,12.1496,12.7657,12.0301,12.6615,130300,74.98,84.69,23.17,84.22,260
2014-01-24,12.6584,12.9281,11.9075,12.0423,69000,63.11,84.69,23.17,64.92,260
2014-01-31,12.0669,12.9312,11.8983,12.3979,125400,66.4,84.69,23.17,70.27,260
2014-02-07,12.4009,12.5174,11.6684,11.9289,81300,58.93,84.69,23.17,58.13,260
2014-02-14,11.8768,12.4684,11.7665,12.2753,68200,62.3,84.69,23.17,63.61,260
2014-02-21,12.3488,12.8975,12.1098,12.5787,65400,65.01,84.69,23.17,68.02,260
2014-02-28,12.5879,13.3542,12.5389,13.0906,75800,69.05,84.69,23.17,74.59,260
2014-03-07,13.0507,13.983,12.8729,13.983,129000,74.57,84.69,23.17,83.55,260
2014-03-14,13.9092,14.2565,13.8323,14.0291,76100,74.82,84.69,23.17,83.96,260
2014-03-21,14.0967,14.1367,13.8416,14.1367,102000,75.42,84.69,23.17,84.94,260
2014-03-28,14.109,14.1274,13.1164,13.2329,77800,61.93,84.69,23.17,63.01,260
2014-04-04,13.2575,13.9891,13.1315,13.3805,105400,63.09,84.69,23.17,64.9,260
2014-04-11,13.3989,13.4604,12.4583,12.6274,69400,54.04,84.69,23.17,50.18,260
2014-04-17,12.7196,12.8794,12.2555,12.652,79200,54.27,84.69,23.17,50.55,260
2014-04-25,12.5874,12.9993,12.3415,12.9133,94500,56.75,84.69,23.17,54.59,260
2014-05-02,12.8979,13.1684,12.1571,12.2616,120700,49.53,84.69,23.17,42.84,260
2014-05-09,12.1171,12.2954,11.2103,11.4747,99500,42.49,84.69,23.17,31.4,260
2014-05-16,11.5854,11.9727,10.5802,11.0413,119000,39.19,84.69,23.17,26.03,260
2014-05-23,11.0413,11.3733,10.6079,11.1427,100400,40.35,84.69,23.17,27.93,260
2014-05-30,11.2103,11.6161,10.9651,11.5177,59900,44.59,84.69,23.17,34.82,260
2014-06-06,11.6776,12.0802,11.0044,11.5429,120800,44.88,84.69,23.17,35.28,260
2014-06-13,11.5645,12.4775,11.3825,12.4189,143000,53.74,84.69,23.17,49.69,260
2014-06-20,12.4467,12.6287,12.1906,12.459,98600,54.1,84.69,23.17,50.28,260
2014-06-27,12.5269,12.6256,12.1845,12.3387,103600,52.76,84.69,23.17,48.1,260
2014-07-03,12.4806,12.641,12.1259,12.2708,47900,51.98,84.69,23.17,46.83,260
2014-07-11,12.2801,12.3202,11.694,11.95,48000,48.33,84.69,23.17,40.9,260
2014-07-18,12.1043,12.3665,11.5336,12.0117,79100,49.07,84.69,23.17,42.1,260
2014-07-25,11.9685,12.1475,11.5984,11.6169,78900,44.66,84.69,23.17,34.93,260
2014-08-01,11.6755,11.9164,11.3084,11.4472,84700,42.88,84.69,23.17,32.04,260
2014-08-08,11.3393,12.4405,11.3208,12.3572,102600,53.58,84.69,23.17,49.44,260
2014-08-15,12.351,12.351,11.2066,11.2807,96000,43.26,84.69,23.17,32.65,260
2014-08-22,11.4071,11.7279,11.2005,11.5089,72800,45.65,84.69,23.17,36.54,260
2014-08-29,11.5675,11.8421,11.4041,11.7218,49800,47.85,84.69,23.17,40.13,260
2014-09-05,11.7341,11.8698,11.3547,11.5206,66000,45.96,84.69,23.17,37.04,260
2014-09-12,11.5206,11.7218,10.6725,11.0409,58500,41.7,84.69,23.17,30.13,260
2014-09-19,10.9975,11.1399,10.719,10.9852,96400,41.23,84.69,23.17,29.35,260
2014-09-26,10.8706,11.0471,10.6478,10.9294,69648,40.72,84.69,23.17,28.54,260
2014-10-03,10.8118,11.2049,10.5735,11.1121,93965,43.17,84.69,23.17,32.5,260
2014-10-10,11.1183,11.2978,10.7375,10.9047,90320,41.1,84.69,23.17,29.14,260
2014-10-17,10.8521,11.6135,10.8521,11.5052,100905,48.76,84.69,23.17,41.6,260
2014-10-24,11.4959,11.6042,11.0285,11.5454,88462,49.23,84.69,23.17,42.37,260
2014-10-31,11.4773,11.9076,11.1864,11.6104,89758,50.04,84.69,23.17,43.68,260
2014-11-07,11.612,11.612,11.1152,11.3535,145887,46.87,84.69,23.17,38.52,260
2014-11-14,11.2823,11.5021,10.9511,10.9975,74826,42.81,84.69,23.17,31.93,260
2014-11-21,11.078,11.338,10.7468,11.1337,84410,44.78,84.69,23.17,35.13,260
2014-11-28,11.1647,11.2947,10.8397,10.8954,31504,42.05,84.69,23.17,30.7,260
2014-12-05,10.8768,11.1035,10.4868,10.914,48168,42.35,84.69,23.17,31.18,260
2014-12-12,11.029,11.1066,10.6033,10.6282,54907,39.06,84.69,23.17,25.82,260
2014-12-19,10.6437,11.1843,10.5381,11.1439,57933,47.05,84.69,23.17,38.82,260
2014-12-26,11.0321,11.0321,10.4884,10.9295,36473,44.44,84.69,23.17,34.58,260
2015-01-02,10.9358,11.2744,10.8767,10.9979,125632,45.48,84.69,23.17,36.27,260
2015-01-09,10.9513,10.9668,10.0162,10.5629,110132,40.32,84.69,23.17,27.87,260
2015-01-16,10.6872,10.8736,10.097,10.1839,44296,36.43,84.69,23.17,21.56,260
2015-01-23,10.1529,10.1674,9.9478,10.0379,199531,35.03,84.69,23.17,19.28,260
2015-01-30,10.0628,10.709,9.9509,10.3983,131327,41.05,84.69,23.17,29.07,260
2015-02-06,10.3921,11.0041,10.3206,10.6779,207174,45.29,84.69,23.17,35.96,260
2015-02-13,10.6406,10.7182,10.4418,10.6686,260838,45.17,84.69,23.17,35.77,260
2015-02-20,10.6717,11.3055,10.6686,11.1222,195166,51.69,84.69,23.17,46.36,260
2015-02-27,11.1097,11.1377,10.9326,11.0818,242407,51.11,84.69,23.17,45.41,260
2015-03-06,11.0818,11.4422,11.0756,11.3427,187776,54.66,84.69,23.17,51.19,260
2015-03-13,11.3084,11.8447,11.3084,11.8322,151685,60.47,84.69,23.17,60.63,260
2015-03-20,11.826,12.6242,11.826,12.144,399785,63.66,84.69,23.17,65.82,260
2015-03-27,12.1596,12.409,11.748,12.3373,187804,65.52,84.69,23.17,68.84,260
2015-04-02,12.356,12.487,12.1845,12.4464,130625,66.56,84.69,23.17,70.53,260
2015-04-10,12.3716,12.4714,11.9756,12.3872,91014,65.4,84.69,23.17,68.65,260
2015-04-17,12.356,12.9796,12.1627,12.752,151129,68.97,84.69,23.17,74.45,260
2015-04-24,12.7707,12.9328,12.6117,12.8923,119372,70.24,84.69,23.17,76.52,260
2015-05-01,12.8736,12.9391,12.0629,12.3747,168182,60.41,84.69,23.17,60.54,260
2015-05-08,12.3716,12.9001,12.2812,12.6242,125600,63.09,84.69,23.17,64.9,260
2015-05-15,12.5337,12.6928,12.2703,12.3934,84377,59.11,84.69,23.17,58.42,260
2015-05-22,12.4184,13.0544,12.3248,12.7021,127214,62.52,84.69,23.17,63.96,260
2015-05-29,12.5992,12.9999,12.381,12.5119,175023,59.24,84.69,23.17,58.63,260
2015-06-05,12.6242,12.9302,12.3093,12.7366,176640,61.79,84.69,23.17,62.78,260
2015-06-12,12.8492,13.2871,12.6584,13.2339,147484,66.75,84.69,23.17,70.84,260
2015-06-19,12.9862,13.7031,12.8529,13.4153,220331,68.36,84.69,23.17,73.46,260
2015-06-26,13.5373,13.6499,13.3141,13.6499,186356,70.36,84.69,23.17,76.72,260
2015-07-02,13.4998,13.7062,13.1932,13.6311,164405,69.98,84.69,23.17,76.09,260
2015-07-10,13.5435,13.9533,13.4419,13.7093,167480,70.69,84.69,23.17,77.25,260
2015-07-17,13.8125,15.7549,13.7124,15.6611,248442,82.11,84.69,23.17,95.82,260
2015-07-24,15.7487,16.7371,15.5766,15.8769,219725,82.91,84.69,23.17,97.11,260
2015-07-31,15.7956,16.3805,15.3299,15.8144,211102,81.77,84.69,23.17,95.27,260
2015-08-07,15.7831,15.952,14.876,15.2201,213539,71.75,84.69,23.17,78.97,260
2015-08-14,15.2732,15.7487,14.7384,15.1544,176491,70.72,84.69,23.17,77.3,260
2015-08-21,15.0387,15.2701,13.7563,14.6727,185935,63.51,84.69,23.17,65.57,260
2015-08-28,14.069,14.1097,13.1338,13.6874,246246,51.86,84.69,23.17,46.64,260
2015-09-04,13.5967,13.9001,12.9983,13.0799,84914,46.23,84.69,23.17,37.48,260
2015-09-11,13.2399,13.6571,13.0014,13.5944,93890,51.07,84.69,23.17,45.36,260
2015-09-18,13.6007,14.0901,13.0202,13.265,185572,48.09,84.69,23.17,40.5,260
2015-09-25,13.3026,13.7732,13.1081,13.2712,235729,48.15,84.69,23.17,40.6,260
2015-10-02,13.2838,13.7218,12.2861,12.5151,210422,41.67,84.69,23.17,30.07,260
2015-10-09,12.6375,13.3842,12.3915,13.0046,112641,46.67,84.69,23.17,38.2,260
2015-10-16,13.0328,13.4438,12.2673,12.8634,260653,45.46,84.69,23.17,36.23,260
2015-10-23,12.7787,13.3465,12.7787,13.334,177095,50.11,84.69,24.95,42.12,260
2015-10-30,13.403,13.814,12.7159,13.516,205818,51.82,84.69,24.95,44.98,260
2015-11-06,13.723,13.8328,13.4532,13.767,157352,54.15,84.69,24.95,48.89,260
2015-11-13,13.7262,15.5208,13.6697,14.2972,246280,58.7,84.69,25.79,55.89,260
2015-11-20,14.2376,15.0125,13.9301,14.0148,175920,55.54,84.69,28.61,48.03,260
2015-11-27,14.0336,14.3317,13.6226,14.1058,83811,56.36,84.69,28.61,49.48,260
2015-12-04,14.1748,15.5819,13.6917,14.4321,117516,59.25,84.69,28.61,54.63,260
2015-12-11,14.3943,14.5752,13.5889,13.8595,220982,52.66,84.69,28.64,42.85,260
2015-12-18,13.9224,14.3345,13.6864,14.0168,232271,54.17,84.69,30.13,44.06,260
2015-12-24,14.1426,14.4415,13.7792,14.2559,150329,56.44,84.69,30.43,47.94,260
2015-12-31,14.2402,14.7561,13.9507,14.451,147302,58.25,84.69,34.17,47.67,260
2016-01-08,14.3629,14.3629,12.6544,12.6733,188760,41.34,84.69,34.17,14.18,260
2016-01-15,12.7425,12.8495,11.5532,11.9496,229977,36.67,84.69,34.17,4.94,260
2016-01-22,11.9654,12.173,11.4997,12.0283,187073,37.49,84.69,34.17,6.57,260
2016-01-29,12.0692,13.7399,11.3959,13.6424,246079,51.48,84.69,34.17,34.27,260
2016-02-05,13.5071,13.5071,12.3241,12.796,232022,45.71,84.69,34.17,22.83,260
2016-02-12,12.7268,12.7268,11.6602,12.4027,208474,43.28,84.69,34.17,18.02,260
2016-02-19,12.5443,12.7142,12.28,12.538,162829,44.37,84.69,34.17,20.19,260
2016-02-26,12.5191,13.3331,12.365,12.925,159972,47.5,84.69,34.17,26.38,260
2016-03-04,12.8463,13.3765,12.3917,13.2679,210767,50.17,84.69,34.17,31.66,260
2016-03-11,13.3027,13.836,13.1007,13.8297,142578,54.27,84.69,34.17,39.79,260
2016-03-18,13.7382,14.685,13.6151,13.956,235771,55.16,84.69,34.17,41.56,260
2016-03-24,14.0096,14.2305,13.6498,13.8329,100029,54.06,84.69,34.17,39.36,260
2016-04-01,13.9497,14.9533,13.7129,14.158,120814,56.54,84.69,34.17,44.28,260
2016-04-08,14.1232,14.3252,13.7446,14.2495,235067,57.24,84.69,34.17,45.67,260
2016-04-15,14.2968,15.1773,14.2353,14.7639,226108,61.05,84.69,34.17,53.2,260
2016-04-22,14.6755,15.0069,14.4546,14.5146,119856,58.34,84.69,34.17,47.84,260
2016-04-29,14.4862,16.1589,14.3442,15.6602,582262,65.84,84.69,34.17,62.69,260
2016-05-06,15.736,15.8496,15.1016,15.2342,250088,61.41,84.69,34.17,53.92,260
2016-05-13,15.2973,15.4961,14.9754,15.0606,189348,59.65,84.69,35.03,49.58,260
2016-05-20,15.0227,15.6003,14.947,15.4141,249947,62.04,84.69,35.03,54.38,260
2016-05-27,15.4235,16.0232,15.4235,15.8117,253153,64.57,84.69,35.03,59.5,260
2016-06-03,15.8938,16.2444,15.5719,16.1052,229960,66.36,84.69,35.03,63.1,260
2016-06-10,16.2033,16.8108,16.1843,16.428,172112,68.26,84.69,35.03,66.92,260
2016-06-17,16.428,16.5324,15.9913,16.4185,185041,68.14,84.69,35.03,66.67,260
2016-06-24,16.5039,17.0102,16.1369,16.3615,352095,67.36,84.69,35.03,65.11,260
2016-07-01,16.1907,16.1907,15.542,15.8394,229817,60.55,84.69,35.03,51.4,260
2016-07-08,15.5926,16.0419,15.4946,15.9344,142576,61.32,84.69,35.03,52.94,260
2016-07-15,15.928,16.8108,15.928,16.7412,185173,67.15,84.69,35.03,64.69,260
2016-07-22,16.8393,17.2829,16.14,16.7001,190273,66.6,84.69,35.03,63.58,260
2016-07-29,16.795,17.8452,16.795,17.3044,327150,70.44,84.69,35.03,71.32,260
2016-08-05,17.2601,17.8866,17.1272,17.8012,233347,73.17,84.69,35.03,76.82,260
2016-08-12,17.8898,19.032,17.586,18.4973,260794,76.46,84.69,35.03,83.43,260
2016-08-19,18.608,18.608,17.991,18.0733,167426,70.78,84.69,35.03,71.99,260
2016-08-26,18.1397,19.0763,17.8803,19.0352,225297,75.27,84.69,35.03,81.03,260
2016-09-02,19.0573,19.5669,19.0352,19.532,242065,77.21,84.69,35.03,84.95,260
2016-09-09,19.6081,19.8554,19.3988,19.4115,208995,75.66,84.69,35.03,81.82,260
2016-09-16,19.4559,19.5906,19.123,19.4083,416101,75.61,84.69,35.03,81.73,260
2016-09-23,19.3703,19.8541,18.9205,19.5288,293132,76.17,84.69,35.03,82.85,260
2016-09-30,19.4464,19.6984,18.8725,19.2181,215461,71.63,84.69,35.03,73.71,260
2016-10-07,19.1103,21.2442,19.0881,21.1681,399985,79.78,84.69,35.03,90.11,260
2016-10-14,21.3108,21.9798,20.1969,21.7262,387707,81.42,84.69,35.03,93.43,260
2016-10-21,21.7832,22.0845,20.8637,22.021,140155,82.24,84.69,35.03,95.08,260
2016-10-28,22.1003,23.8601,21.4281,23.2259,389641,85.14,85.14,35.03,100.0,260
2016-11-04,23.8442,23.8442,22.6235,22.6869,292662,78.94,85.14,35.03,87.63,260
2016-11-11,22.7186,26.6662,22.6869,26.6504,415155,86.64,86.64,35.03,100.0,260
2016-11-18,26.8248,28.8382,26.2065,28.8224,417373,89.01,89.01,35.03,100.0,260
2016-11-25,28.8224,30.1541,28.5687,29.9797,245623,90.03,90.03,35.03,100.0,260
2016-12-02,30.1065,30.376,28.2041,28.5211,566698,79.99,90.03,35.03,81.75,260
2016-12-09,28.6638,30.387,28.5211,30.3711,445997,82.64,90.03,35.03,86.56,260
2016-12-16,30.3076,32.6255,29.2598,32.4827,605364,85.06,90.03,35.03,90.97,260
2016-12-23,32.5779,33.6099,32.0381,32.7843,386947,85.38,90.03,35.03,91.54,260
2016-12-30,32.9272,33.9274,32.2128,32.6732,215928,84.67,90.03,35.03,90.26,260
2017-01-06,32.0858,33.8004,32.0858,32.4985,220943,83.5,90.03,35.03,88.13,260
2017-01-13,32.5144,33.9433,31.673,33.4352,320337,84.72,90.03,35.03,90.35,260
2017-01-20,33.2765,33.3717,31.3581,32.7367,231617,79.97,90.03,35.03,81.72,260
2017-01-27,32.6255,33.4448,32.1129,32.9113,191816,80.27,90.03,35.03,82.26,260
2017-02-03,32.7367,32.7367,27.053,30.8474,776810,67.5,90.03,35.03,59.04,260
2017-02-10,30.7522,30.9427,27.7674,27.8786,443289,54.16,90.03,35.03,34.77,260
2017-02-17,27.9579,28.4819,26.2084,27.5928,482475,53.07,90.03,35.03,32.79,260
2017-02-24,28.1802,28.5533,27.2179,27.6404,274298,53.24,90.03,35.03,33.1,260
2017-03-03,27.6245,28.593,24.3096,26.7768,322346,49.75,90.03,35.03,26.76,260
2017-03-10,26.5064,28.9552,26.3951,27.4446,454185,52.35,90.03,35.03,31.49,260
2017-03-17,27.3969,29.1937,27.3333,29.0506,337688,57.98,90.03,35.03,41.73,260
2017-03-24,28.987,29.0506,26.5382,27.4287,272852,51.38,90.03,35.03,29.72,260
2017-03-31,27.063,28.2396,26.1407,28.1442,305001,53.87,90.03,35.03,34.26,260
2017-04-07,28.1124,28.9593,26.7609,27.9852,333221,53.22,90.03,35.03,33.07,260
2017-04-13,27.9852,28.176,26.6019,26.6019,111061,47.78,90.03,35.03,23.19,260
2017-04-21,26.5701,29.146,26.5701,28.9393,241711,55.97,90.03,35.03,38.06,260
2017-04-28,29.4799,29.6389,26.904,26.9994,340502,49.09,90.03,35.03,25.56,260
2017-05-05,27.222,27.8103,26.8563,27.54,254213,50.9,90.03,35.03,28.85,260
2017-05-12,27.54,27.7944,26.2997,26.5382,211665,47.53,90.03,35.03,22.72,260
2017-05-19,26.6655,27.1902,26.2043,26.6496,204640,47.94,90.03,35.03,23.47,260
2017-05-26,26.7927,28.0647,26.6257,27.9375,205688,52.59,90.03,35.03,31.92,260
2017-06-02,27.7944,28.6212,26.7132,27.7944,193475,52.03,90.03,35.03,30.91,260
2017-06-09,27.7401,29.0299,27.5649,28.9503,262186,56.07,90.03,35.03,38.26,260
2017-06-16,28.9185,29.6351,28.3452,28.4885,273525,54.11,90.03,35.03,34.69,260
2017-06-23,28.5204,28.9344,27.0076,27.1987,257874,48.96,90.03,35.03,25.33,260
2017-06-30,27.2146,28.7274,27.0713,28.3452,231377,53.22,90.03,35.03,33.08,260
2017-07-07,28.5522,29.1414,27.9789,28.393,144744,53.4,90.03,35.03,33.39,260
2017-07-14,28.3771,29.237,28.0904,28.9026,229393,55.31,90.03,35.03,36.88,260
2017-07-21,28.7433,29.5755,28.4089,29.5395,198967,57.66,90.03,35.03,41.14,260
2017-07-28,29.5554,30.2561,20.7334,22.8832,774774,36.26,90.03,35.03,2.23,260
2017-08-04,22.915,25.24,22.3099,23.8068,593034,39.61,90.03,35.03,8.32,260
2017-08-11,23.7749,23.7749,22.2303,22.5488,255267,36.78,90.03,35.03,3.17,260
2017-08-18,22.7239,23.2972,19.3321,22.071,252647,35.73,90.03,35.03,1.27,260
2017-08-25,21.657,22.501,21.657,22.1029,181283,35.86,90.03,35.03,1.5,260
2017-09-01,22.1029,22.4851,20.8926,22.2781,373684,36.63,90.03,35.03,2.89,260
2017-09-08,22.294,22.294,20.4241,21.2857,494289,34.14,90.03,34.14,0.0,260
2017-09-15,22.7697,25.433,22.2272,24.0781,2447929,45.37,90.03,34.14,20.09,260
2017-09-22,24.0143,24.0621,22.5303,23.8547,734441,44.71,90.03,34.14,18.91,260
2017-09-29,23.8707,25.5381,23.392,25.0195,413316,48.87,90.03,34.14,26.35,260
2017-10-06,25.2589,25.5142,24.6525,25.1631,376245,49.37,90.03,34.14,27.25,260
2017-10-13,25.1312,27.5725,24.6366,25.562,525415,50.82,90.03,34.14,29.85,260
2017-10-20,25.562,26.5034,25.3067,25.8971,370947,52.07,90.03,34.14,32.08,260
2017-10-27,25.9131,26.7747,25.6737,26.7747,205405,55.26,90.03,34.14,37.79,260
2017-11-03,26.7907,29.5192,25.8971,27.7161,555957,58.46,90.03,34.14,43.52,260
2017-11-10,27.7321,28.1469,26.8864,27.1417,342141,55.84,90.03,34.14,38.82,260
2017-11-17,27.0619,27.9874,26.7747,27.9395,233600,58.61,90.03,34.14,43.79,260
2017-11-24,28.0033,28.6895,27.6185,28.1948,151664,59.49,90.03,34.14,45.36,260
2017-12-01,28.1629,30.2691,28.131,30.2372,370367,65.75,90.03,34.14,56.56,260
2017-12-08,30.5723,31.1308,28.666,28.9695,390710,59.6,90.03,34.14,45.55,260
2017-12-15,28.9695,30.104,28.7299,29.8004,521804,62.1,90.03,34.14,50.03,260
2017-12-22,30.104,30.5674,29.6247,29.6886,333073,61.55,90.03,34.14,49.04,260
2017-12-29,29.7046,30.5195,28.9695,29.6087,259101,61.13,90.03,34.14,48.29,260
2018-01-05,29.6886,29.6886,28.5381,28.8098,295237,56.96,90.03,34.14,40.82,260
2018-01-12,28.9376,33.7152,28.634,33.156,515842,69.25,90.03,34.14,62.83,260
2018-01-19,33.3957,33.6034,32.6926,33.5075,207897,70.0,90.03,34.14,64.16,260
2018-01-26,33.6034,34.0668,32.9003,33.6833,200252,70.39,90.03,34.14,64.86,260
2018-02-02,33.6513,37.7036,32.421,34.9936,533158,73.17,90.03,34.14,69.83,260
2018-02-09,34.642,36.0258,33.7472,34.9137,397693,72.72,90.03,34.14,69.03,260
2018-02-16,35.0095,35.8085,34.0668,35.3131,408345,73.59,90.03,34.14,70.59,260
2018-02-23,35.1533,35.6806,34.5461,34.8657,155048,70.86,90.03,34.14,65.7,260
2018-03-02,34.8178,35.6327,34.1946,35.2332,258795,71.79,90.03,34.14,67.36,260
2018-03-09,35.0095,36.4576,34.9296,36.1536,217286,74.01,90.03,34.14,71.34,260
2018-03-16,36.2656,37.7053,36.0896,37.1454,290220,76.19,90.03,34.14,75.25,260
2018-03-23,36.9695,37.1614,34.2499,34.2499,272391,60.29,90.03,34.14,46.79,260
2018-03-29,34.8099,35.6257,34.2659,34.9378,339691,62.3,90.03,34.14,50.39,260
2018-04-06,34.9058,36.9055,34.4099,36.3296,286950,66.05,90.03,34.14,57.1,260
2018-04-13,36.3296,36.7135,35.4817,36.1216,239421,65.01,90.03,34.14,55.24,260
2018-04-20,36.0896,36.7135,35.7857,36.7135,230162,66.62,90.03,34.14,58.12,260
2018-04-27,36.6015,36.9087,34.6659,35.9297,361774,62.52,90.03,34.14,50.77,260
2018-05-04,35.9936,36.4512,31.6744,32.5063,695775,48.46,90.03,34.14,25.63,260
2018-05-11,32.4103,34.5539,32.1159,34.122,290595,53.75,90.03,34.14,35.08,260
2018-05-18,34.186,35.1778,33.0662,35.0338,250955,56.46,90.03,34.14,39.94,260
2018-05-25,35.1778,35.6417,34.6499,35.1458,199707,56.8,90.03,34.14,40.54,260
2018-06-01,34.8898,36.8735,34.4419,36.6015,272613,61.0,90.03,34.14,48.06,260
2018-06-08,36.7615,37.3054,35.763,35.9872,373711,58.42,90.03,34.14,43.44,260
2018-06-15,36.1474,36.3556,33.9533,34.0974,432100,51.23,90.03,34.14,30.58,260
2018-06-22,34.0013,34.3216,32.0634,32.6239,673766,46.43,90.03,34.14,22.0,260
2018-06-29,32.3837,32.72,30.9103,31.1986,294134,42.31,90.03,34.14,14.61,260
2018-07-06,31.0704,32.1915,31.0704,31.7591,206940,44.4,90.03,34.14,18.36,260
2018-07-13,32.0154,32.5919,30.8302,30.8943,385766,41.88,90.03,34.14,13.84,260
2018-07-20,30.8782,31.5989,30.7821,31.3427,186496,43.66,90.03,34.14,17.04,260
2018-07-27,31.3587,32.0314,26.2657,29.0845,466183,37.42,90.03,34.14,5.87,260
2018-08-03,28.9724,29.1485,27.8192,28.572,323624,36.16,90.03,34.14,3.61,260
2018-08-10,28.4919,29.7091,28.2677,28.7962,243781,37.16,90.03,34.14,5.4,260
2018-08-17,28.8122,29.1325,27.2106,27.8192,359993,34.61,90.03,34.14,0.84,260
2018-08-24,27.8353,28.3798,27.1786,27.3388,251749,33.4,90.03,33.4,0.0,260
2018-08-31,27.531,27.9153,26.8903,27.7392,263614,35.43,90.03,33.4,3.58,260
2018-09-07,27.7392,28.6854,27.579,28.6052,323890,39.71,90.03,33.4,11.13,260
2018-09-14,28.7335,28.7335,26.1987,27.1773,593758,35.53,90.03,33.4,3.75,260
2018-09-21,27.1613,27.8191,26.4233,26.7281,387554,34.31,90.03,33.4,1.59,260
2018-09-28,26.7121,28.0276,26.2308,26.5195,250832,33.73,90.03,33.4,0.57,260
2018-10-05,26.5516,26.9816,25.4896,25.6051,496306,31.23,90.03,31.23,0.0,260
2018-10-12,25.7495,26.6543,23.8628,24.3537,1444260,28.16,90.03,28.16,0.0,260
2018-10-19,24.2863,25.4029,23.266,23.5547,1770187,26.38,90.03,26.38,0.0,260
2018-10-26,23.5451,23.7954,22.082,22.8039,1059563,24.79,90.03,24.79,0.0,260
2018-11-02,23.0061,24.7676,20.744,24.0745,1842894,32.23,90.03,24.79,11.4,260
2018-11-09,24.0264,24.9216,23.6125,24.0264,1164204,32.1,90.03,24.79,11.2,260
2018-11-16,24.0264,24.9216,22.9579,23.266,1109966,30.04,90.03,24.79,8.05,260
2018-11-23,23.2948,23.4585,21.4082,22.1879,1092168,27.37,90.03,24.79,3.95,260
2018-11-30,22.3226,22.8039,21.5622,22.005,1122783,26.93,90.03,24.79,3.28,260
2018-12-07,22.2167,22.5151,19.4252,19.6947,1615551,22.12,90.03,22.12,0.0,260
2018-12-14,20.0121,20.4946,19.2113,19.3174,1551790,21.44,90.03,21.44,0.0,260
2018-12-21,19.3078,19.5393,17.7929,17.9858,2755755,19.22,90.03,19.22,0.0,260
2018-12-28,17.87,18.6806,17.3779,18.5551,1664634,22.9,90.03,19.22,5.2,260
2019-01-04,18.642,19.52,18.1257,19.4139,1655844,28.22,90.03,19.22,12.72,260
2019-01-11,19.3849,20.62,19.2016,20.5911,1952441,34.86,90.03,19.22,22.09,260
2019-01-18,20.3692,20.9577,20.0121,20.7648,1508169,35.8,90.03,19.22,23.42,260
2019-01-25,20.6393,21.6235,20.427,21.5367,1516307,39.96,90.03,19.22,29.29,260
2019-02-01,21.5463,23.6402,21.2376,22.8297,2267194,46.24,90.03,19.22,38.17,260
2019-02-08,22.8007,23.4375,22.463,23.1867,1379232,47.86,90.03,19.22,40.46,260
2019-02-15,23.2446,24.1709,22.7718,24.084,1826129,51.8,90.03,19.22,46.02,260
2019-02-22,24.0165,24.7884,23.8428,23.9297,1732992,51.09,90.03,19.22,45.01,260
2019-03-01,23.9297,24.2577,20.7841,21.8069,2296600,42.42,90.03,19.22,32.77,260
2019-03-08,21.8744,21.8744,18.8537,19.0762,2214734,34.35,90.03,19.22,21.37,260
2019-03-15,19.0859,19.9371,18.5828,19.3664,2254436,35.75,90.03,19.22,23.34,260
2019-03-22,19.3664,20.0339,17.867,17.9347,2681439,32.11,90.03,19.22,18.21,260
2019-03-29,17.925,19.4244,17.2576,19.0375,1710234,37.39,90.03,19.22,25.67,260
2019-04-05,19.2213,20.682,18.9311,20.5562,2204016,43.87,90.03,19.22,34.82,260
2019-04-12,20.4982,21.156,20.0048,21.1366,1260369,46.16,90.03,19.22,38.05,260
2019-04-18,21.1657,21.688,20.8077,21.601,718486,47.99,90.03,19.22,40.64,260
2019-04-26,21.4849,25.5961,21.3398,25.1898,1899532,59.46,90.03,19.22,56.84,260
2019-05-03,25.2285,25.7509,24.2418,25.1802,1262776,59.43,90.03,19.22,56.78,260
2019-05-10,24.7739,26.1088,24.2999,26.0798,1157740,61.87,90.03,19.22,60.24,260
2019-05-17,25.5768,26.2443,25.2672,25.4317,1255890,59.11,90.03,19.22,56.34,260
2019-05-24,25.2092,26.786,25.2092,26.6022,1117494,62.37,90.03,19.22,60.95,260
2019-05-31,26.5538,26.8634,25.0351,25.3156,877267,56.99,90.03,19.22,53.34,260
2019-06-07,25.3156,26.6993,25.0254,26.4861,1322476,60.34,90.03,19.22,58.08,260
2019-06-14,26.6315,27.7847,26.3989,27.6878,1357065,63.49,90.03,19.22,62.53,260
2019-06-21,27.7556,28.1433,26.6702,27.1742,1317183,61.25,90.03,19.22,59.36,260
2019-06-28,27.0676,27.9592,26.331,27.1839,2348132,61.28,90.03,19.22,59.4,260
2019-07-05,27.1645,27.8429,26.331,27.3098,636029,61.66,90.03,19.22,59.95,260
2019-07-12,27.0966,27.1839,25.9046,26.7671,708382,58.95,90.03,19.22,56.11,260
2019-07-19,26.7574,26.8931,25.546,25.8465,580576,54.56,90.03,19.22,49.92,260
2019-07-26,25.8368,27.2032,25.3135,27.1451,544710,59.18,90.03,19.22,56.43,260
2019-08-02,27.0869,30.6339,26.7478,29.3353,2111083,65.54,90.03,19.22,65.41,260
2019-08-09,28.7248,29.5776,27.8235,28.405,1279219,61.18,90.03,19.22,59.26,260
2019-08-16,28.2208,29.5873,26.176,29.345,1171212,63.8,90.03,19.22,62.96,260
2019-08-23,29.6164,30.6242,29.0349,29.1318,864702,62.76,90.03,19.22,61.5,260
2019-08-30,29.3353,30.663,29.2772,29.9555,938018,65.12,90.03,19.22,64.82,260
2019-09-06,29.8296,30.7793,29.2675,30.2172,659361,65.86,90.03,19.22,65.86,260
2019-09-13,30.352,33.7881,30.3326,32.9728,2209773,72.47,90.03,19.22,75.2,260
2019-09-20,32.5845,33.5357,32.4875,33.1669,2733951,72.86,90.03,19.22,75.76,260
2019-09-27,33.1184,33.4581,31.3033,31.478,1313738,64.16,90.03,19.22,63.47,260
2019-10-04,31.3809,32.138,30.2938,32.1283,1215914,65.85,90.03,19.22,65.86,260
2019-10-11,32.0895,33.3999,31.41,32.7301,978728,67.39,90.03,19.22,68.03,260
2019-10-18,32.7107,34.7879,32.536,34.4482,892582,71.34,90.03,19.22,73.62,260
2019-10-25,34.8073,35.0014,28.8475,31.0703,2005991,56.76,90.03,19.22,53.02,260
2019-11-01,31.0412,31.7498,30.3812,30.8277,946460,55.88,90.03,19.22,51.78,260
2019-11-08,30.8665,31.9924,30.585,31.3615,613041,57.45,90.03,19.22,53.99,260
2019-11-15,31.1188,32.8078,30.9053,31.5653,686400,58.06,90.03,19.22,54.86,260
2019-11-22,31.4197,34.157,31.1577,33.691,1211680,63.9,90.03,19.22,63.11,260
2019-11-29,33.8172,34.9432,33.5455,34.5258,824770,65.91,90.03,19.22,65.95,260
2019-12-06,34.4967,34.8558,33.031,34.3026,1072922,64.87,90.03,19.22,64.48,260
2019-12-13,34.2738,34.4196,32.9616,33.2338,824702,59.99,90.03,19.22,57.59,260
2019-12-20,33.5156,34.8765,33.4087,34.1961,2056256,62.71,90.03,19.22,61.43,260
2019-12-27,34.371,34.6918,33.885,34.4877,415669,63.52,90.03,19.22,62.57,260
2020-01-03,34.4585,36.0624,33.5254,35.0417,1232868,65.07,90.03,19.22,64.76,260
2020-01-10,34.5557,38.055,34.5071,36.7817,1861516,69.46,90.03,19.22,70.96,260
2020-01-17,36.8108,37.5885,35.6638,36.1693,1439583,66.3,90.03,19.22,66.5,260
2020-01-24,36.0429,37.1024,36.004,36.6359,1068932,67.52,90.03,19.22,68.21,260
2020-01-31,36.247,38.8813,35.2459,36.179,1426739,65.05,90.03,19.22,64.73,260
2020-02-07,36.1984,38.1036,36.1984,37.3746,1106574,68.31,90.03,19.22,69.34,260
2020-02-14,37.4232,38.8229,37.3552,38.6091,1252797,71.29,90.03,19.22,73.54,260
2020-02-21,38.541,38.8327,38.0064,38.5119,872675,70.73,90.03,19.22,72.75,260
2020-02-28,37.5107,37.8509,31.2994,31.9312,1941155,44.85,90.03,19.22,36.2,260
2020-03-06,32.1159,33.4768,29.8122,30.8426,1514996,42.11,90.03,19.22,32.33,260
2020-03-13,28.6115,28.9913,21.405,22.9535,2859864,28.5,90.03,19.22,13.11,260
2020-03-20,16.5358,21.7848,15.2017,20.1098,3301835,25.32,90.03,19.22,8.62,260
2020-03-27,20.3923,22.9535,18.4251,20.8597,2482023,27.61,90.03,19.22,11.86,260
2020-04-03,21.0642,21.483,14.2376,14.6368,2708528,21.67,90.03,19.22,3.46,260
2020-04-09,15.4744,19.2236,15.4354,18.951,1760472,32.51,90.03,19.22,18.78,260
2020-04-17,18.8341,18.8341,14.7829,17.3149,1587915,30.77,90.03,19.22,16.32,260
2020-04-24,17.3733,17.7337,14.8608,16.3119,2172141,29.72,90.03,19.22,14.84,260
2020-05-01,16.5553,18.7854,16.3021,16.7501,1544642,30.83,90.03,19.22,16.41,260
2020-05-08,16.4482,17.1786,15.2698,16.2145,1992337,30.21,90.03,19.22,15.52,260
2020-05-15,15.8055,16.1073,12.7476,15.2114,2579458,29.01,90.03,19.22,13.83,260
2020-05-22,16.0587,16.8962,15.7568,16.4579,1452489,32.58,90.03,19.22,18.86,260
2020-05-29,17.0325,19.1555,16.7696,17.646,1482143,35.88,90.03,19.22,23.53,260
2020-06-05,17.685,21.3953,17.6363,20.5286,1936596,43.15,90.03,19.22,33.8,260
2020-06-12,21.0058,21.7848,16.9169,18.0493,1857988,39.05,90.03,19.22,28.01,260
2020-06-19,17.1122,18.9766,16.6241,17.0145,2451718,37.45,90.03,19.22,25.75,260
2020-06-26,16.7412,18.4983,16.2043,16.546,1739147,36.71,90.03,19.22,24.71,260
2020-07-02,16.8486,17.9712,16.6338,17.161,912914,38.42,90.03,19.22,27.12,260
2020-07-10,17.6295,17.9419,15.9408,17.1317,1510437,38.37,90.03,19.22,27.04,260
2020-07-17,17.4538,18.5569,16.7217,18.1176,962486,41.3,90.03,19.22,31.19,260
2020-07-24,18.0786,19.5038,17.5807,18.8107,1037393,43.35,90.03,19.22,34.08,260
2020-07-31,18.674,18.8497,17.571,18.2152,913538,42.0,90.03,19.22,32.17,260
2020-08-07,18.3812,19.8503,17.649,19.8161,750492,46.8,90.03,19.22,38.96,260
2020-08-14,19.943,20.8118,19.2597,19.8161,1047927,46.8,90.03,19.22,38.96,260
2020-08-21,19.7771,19.7771,18.2152,18.469,723944,43.3,90.03,19.22,34.01,260
2020-08-28,18.635,19.2109,18.3616,18.9669,958496,44.94,90.03,19.22,36.33,260
2020-09-04,18.9766,19.455,18.264,18.7033,800744,44.21,90.03,19.22,35.3,260
2020-09-11,18.6154,18.6154,17.3649,17.5117,491947,40.98,90.03,19.22,30.73,260
2020-09-18,17.5215,19.7239,17.5215,19.6554,1587233,48.31,90.03,19.22,41.08,260
2020-09-25,19.4694,19.8022,17.776,18.1577,1512581,44.18,90.03,19.22,35.25,260
2020-10-02,18.4514,20.1546,18.4514,20.0175,1029470,49.9,90.03,19.22,43.34,260
2020-10-09,20.2623,22.4745,19.4302,21.5837,1082040,54.17,90.03,19.22,49.36,260
2020-10-16,21.5837,22.8269,21.2264,22.7192,1048217,57.02,90.03,19.22,53.39,260
2020-10-23,22.915,25.2936,22.7388,24.7846,1013081,61.7,90.03,19.22,59.99,260
2020-10-30,24.5496,28.8664,22.5283,28.7196,1944086,68.69,90.03,19.22,69.86,260
2020-11-06,28.7098,29.8257,27.3394,28.6706,1206841,68.52,90.03,19.22,69.63,260
2020-11-13,30.6968,33.9956,30.2515,32.8699,1456394,74.31,90.03,19.22,77.8,260
2020-11-20,34.2599,35.0234,31.6365,33.9271,1583373,75.53,90.03,19.22,79.52,260
2020-11-27,34.5437,35.3366,33.6849,34.1816,956531,75.82,90.03,19.22,79.94,260
2020-12-04,33.6823,34.7493,32.2043,34.0935,1397459,75.48,90.03,19.22,79.46,260
2020-12-11,33.9173,34.5842,32.8589,34.0646,1406565,75.36,90.03,19.22,79.29,260
2020-12-18,34.3097,35.7801,32.1596,34.8586,1951251,76.47,90.03,19.22,80.86,260
2020-12-24,34.8978,36.2408,34.3489,35.9369,975230,77.92,90.03,19.22,82.91,260
2020-12-31,36.0546,36.578,34.7707,35.8389,818861,77.45,90.03,19.22,82.25,260
2021-01-08,35.9565,40.1913,34.9496,37.7701,2057922,80.0,90.03,19.22,85.84,260
2021-01-15,37.4466,38.9072,32.1152,38.4366,1054568,80.81,90.03,19.22,86.98,260
2021-01-22,38.4268,39.1423,36.3486,38.2602,874922,79.89,90.03,19.22,85.69,260
2021-01-29,38.1524,39.7012,35.4468,37.8681,1147897,77.78,90.03,19.22,82.7,260
2021-02-05,38.0347,42.3283,37.0937,41.3285,1030767,82.24,90.03,19.22,89.01,260
2021-02-12,41.6617,43.289,41.1716,41.8872,1274429,82.84,90.03,19.22,89.86,260
2021-02-19,42.2499,43.5047,41.6814,42.642,700753,83.65,90.03,19.22,90.99,260
2021-02-26,42.6714,45.0829,42.0735,43.4164,935423,84.45,90.03,19.22,92.13,260
2021-03-05,44.3379,45.5642,42.8675,44.3085,1019587,85.35,90.03,19.22,93.39,260
2021-03-12,45.0927,46.7704,44.5232,46.3092,1110119,87.13,90.03,19.22,95.91,260
2021-03-19,46.1326,47.9775,43.9736,47.9775,2026365,88.4,90.03,19.22,97.71,260
2021-03-26,47.742,47.8597,42.217,45.2592,1017762,75.35,90.03,19.22,79.27,260
2021-04-01,44.6704,45.691,43.3848,45.4849,602319,75.67,90.03,19.22,79.73,260
2021-04-09,46.1129,46.9471,44.9452,46.1129,739848,76.59,90.03,19.22,81.02,260
2021-04-16,46.2209,46.4123,43.218,45.5045,822109,73.7,90.03,19.22,76.94,260
2021-04-23,44.2386,45.4456,42.8255,44.9942,667473,71.27,90.03,19.22,73.51,260
2021-04-30,45.1414,50.0677,43.9834,48.3406,1663515,76.69,90.03,19.22,81.17,260
2021-05-07,48.9196,49.5967,46.9667,49.2728,1121605,77.94,90.03,19.22,82.93,260
2021-05-14,49.2238,49.5568,46.939,49.0668,765570,76.96,90.03,19.22,81.55,260
2021-05-21,49.0668,50.892,47.0354,49.6752,817336,77.85,90.03,19.22,82.8,260
2021-05-28,49.6752,52.3444,48.9097,52.0206,1076598,80.9,90.03,19.22,87.11,260
2021-06-04,52.2855,53.63,51.5052,52.2365,829223,81.16,90.03,19.22,87.48,260
2021-06-11,52.9921,53.1786,50.6742,50.851,899644,74.24,90.03,19.22,77.71,260
2021-06-18,50.8707,53.0218,47.5899,47.865,1356463,61.98,90.03,19.22,60.39,260
2021-06-25,48.4249,52.1279,47.7569,51.4895,1377517,68.73,90.03,19.22,69.92,260
2021-07-02,50.8805,51.5974,49.4562,50.134,630469,64.14,90.03,19.22,63.45,260
2021-07-09,49.0044,50.0456,46.5488,49.7411,706408,62.83,90.03,19.22,61.6,260
2021-07-16,49.191,50.9198,47.3346,47.5998,808882,56.11,90.03,19.22,52.11,260
2021-07-23,46.4702,48.7097,45.596,47.6391,611663,56.21,90.03,19.22,52.24,260
2021-07-30,47.7176,52.0936,46.7354,48.8178,743385,59.0,90.03,19.22,56.18,260
2021-08-06,49.0928,49.7804,46.0626,49.0339,798766,59.51,90.03,19.22,56.9,260
2021-08-13,48.9258,50.242,48.032,48.9258,547797,59.11,90.03,19.22,56.34,260
2021-08-20,48.6508,49.0437,46.3425,48.1498,448108,56.22,90.03,19.22,52.26,260
2021-08-27,48.3659,49.5741,47.2265,49.0044,527712,58.62,90.03,19.22,55.65,260
2021-09-03,48.9946,49.0142,47.1381,48.2284,473196,55.64,90.03,19.22,51.43,260
2021-09-10,48.2677,51.1084,47.364,50.253,905655,61.19,90.03,19.22,59.27,260
2021-09-17,50.7741,51.659,49.4271,51.1084,1323628,63.28,90.03,19.22,62.23,260
2021-09-24,49.2206,51.3591,47.9817,50.7446,706470,61.76,90.03,19.22,60.08,260
2021-10-01,51.0101,53.5861,50.2333,53.301,1100634,67.65,90.03,19.22,68.4,260
2021-10-08,53.2912,57.3322,53.2912,55.9754,1658440,72.44,90.03,19.22,75.16,260
2021-10-15,56.6341,60.7932,56.172,59.7313,1240677,77.48,90.03,19.22,82.28,260
2021-10-22,60.7785,61.2258,59.2299,60.9309,1203940,78.81,90.03,19.22,84.16,260
2021-10-29,61.1275,61.915,50.2038,54.5104,2200358,58.77,90.03,19.22,55.85,260
2021-11-05,54.9627,61.1078,54.9528,61.0095,1597449,67.72,90.03,19.22,68.49,260
2021-11-12,61.1275,64.849,61.1078,62.9858,1301517,69.86,90.03,19.22,71.52,260
2021-11-19,63.1333,64.7802,61.0046,61.7863,1016370,66.96,88.4,19.22,69.0,260
2021-11-26,62.445,64.4017,59.2495,60.7244,615631,64.4,88.4,19.22,65.31,260
2021-12-03,61.3635,62.1697,55.705,56.2998,1395773,54.99,88.4,19.22,51.71,260
2021-12-10,56.9193,58.9053,56.0639,56.8098,867094,55.8,88.4,19.22,52.87,260
2021-12-17,56.8295,59.1716,54.3989,55.3731,2991430,52.93,88.4,19.22,48.73,260
2021-12-23,54.7827,57.538,52.6569,56.8689,841110,55.49,88.4,19.22,52.43,260
2021-12-31,57.0559,59.7817,56.5638,58.7091,812154,58.48,88.4,19.22,56.75,260
2022-01-07,59.1519,61.7105,58.1777,61.1791,1015724,62.16,88.4,19.22,62.06,260
2022-01-14,61.0511,62.4977,58.7484,62.0155,983385,63.34,88.4,19.22,63.77,260
2022-01-21,61.9565,62.8028,56.121,56.4753,988856,51.79,88.4,19.22,47.08,260
2022-01-28,55.501,58.6304,54.6252,56.9181,1274179,52.53,88.4,19.22,48.16,260
2022-02-04,56.3572,60.6477,55.9045,57.3314,1664730,53.26,88.4,19.22,49.2,260
2022-02-11,57.7644,59.0411,55.501,55.9143,1195952,50.41,88.4,19.22,45.09,260
2022-02-18,56.4851,57.976,54.9893,55.2255,945687,49.04,88.4,19.22,43.11,260
2022-02-25,55.1861,55.501,50.748,54.3497,887386,47.28,88.4,19.22,40.56,260
2022-03-04,53.3459,56.1702,51.801,53.7691,1669873,46.1,88.4,19.22,38.85,260
2022-03-11,53.2082,53.218,48.1009,50.4822,1940337,40.0,88.4,19.22,30.03,260
2022-03-18,51.2997,55.1413,50.5117,55.1216,2428904,50.04,88.4,19.22,44.56,260
2022-03-25,55.4861,55.5452,51.9394,54.4616,1287599,48.79,88.4,19.22,42.75,260
2022-04-01,54.2646,56.7075,53.4766,53.8214,1290717,47.55,88.4,19.22,40.95,260
2022-04-08,53.8509,53.8509,48.4727,48.9652,1111663,39.36,88.4,19.22,29.12,260
2022-04-14,49.0145,49.8715,47.3302,47.4582,1007340,37.22,88.4,19.22,26.02,260
2022-04-22,47.1824,49.8222,45.9117,46.2761,961866,35.58,88.4,19.22,23.66,260
2022-04-29,45.5866,46.7096,42.6119,42.996,1169543,31.45,88.4,19.22,17.69,260
2022-05-06,43.2915,44.0106,39.9622,40.435,1538289,28.66,88.4,19.22,13.64,260
2022-05-13,39.7258,41.0815,37.2435,38.8393,1300890,27.04,88.4,19.22,11.31,260
2022-05-20,38.5832,39.2924,35.4804,36.3964,1219142,24.75,88.4,19.22,7.99,260
2022-05-27,37.1647,40.9866,36.8899,40.9768,1130346,35.76,88.4,19.22,23.92,260
2022-06-03,40.5335,41.3314,39.8144,40.4448,850960,35.12,88.4,19.22,22.99,260
2022-06-10,40.9965,41.7648,37.5845,37.9691,901620,32.22,88.4,19.22,18.79,260
2022-06-17,36.9731,38.2798,35.9079,37.1309,1675874,31.27,88.4,19.22,17.43,260
2022-06-24,37.979,39.695,36.5588,39.1033,945398,36.02,88.4,19.22,24.28,260
2022-07-01,39.4879,40.2473,37.1506,40.0599,1047006,38.25,88.4,19.22,27.5,260
2022-07-08,39.1329,41.3124,38.5707,40.4938,1493234,39.28,88.4,19.22,28.99,260
2022-07-15,39.9613,40.481,37.6042,38.7285,1166135,36.6,88.4,19.22,25.12,260
2022-07-22,39.123,41.8696,37.5056,41.0165,779321,42.11,88.4,19.22,33.09,260
2022-07-29,41.2434,42.6832,30.7303,33.255,2627768,31.96,88.4,19.22,18.41,260
2022-08-05,33.255,34.33,32.545,33.7284,2105947,33.02,88.4,19.22,19.95,260
2022-08-12,33.7284,36.0559,33.1466,35.8981,1379889,37.8,88.4,19.22,26.87,260
2022-08-19,35.4839,36.9336,35.1979,36.046,806449,38.13,88.4,19.22,27.33,260
2022-08-26,35.6022,35.6022,33.5213,33.5213,847732,34.79,88.4,19.22,22.51,260
2022-09-02,33.1367,33.5608,31.7905,32.2392,1093367,33.2,88.4,19.22,20.21,260
2022-09-09,32.5055,33.7206,31.3698,33.6712,714323,36.68,88.4,19.22,25.24,260
2022-09-16,33.6514,34.086,31.4785,32.3872,1427556,34.93,88.4,19.22,22.7,260
2022-09-23,32.239,33.3255,31.271,31.8044,830616,34.13,88.4,19.22,21.55,260
2022-09-30,31.5871,33.3452,31.5032,32.5551,1384652,36.15,88.4,19.22,24.48,260
2022-10-07,32.8415,34.9947,32.5649,33.3749,1114120,38.38,88.4,19.22,27.7,260
2022-10-14,33.7502,39.1728,33.286,37.0887,1367041,47.35,88.4,19.22,40.66,260
2022-10-21,37.7011,38.7382,35.5972,37.2665,778043,47.74,88.4,19.22,41.22,260
2022-10-28,37.3356,41.6223,37.0294,41.5235,972836,56.16,88.4,19.22,53.39,260
2022-11-04,41.0988,41.9779,39.3999,41.3754,816547,55.82,88.4,19.22,52.9,260
2022-11-11,41.4544,44.0274,41.0,43.8051,766153,60.05,88.4,19.22,59.02,260
2022-11-18,43.6767,44.3978,41.8149,42.126,707670,56.06,88.4,19.22,53.24,260
2022-11-25,42.126,44.4472,41.7408,44.1113,423398,59.49,88.4,19.22,58.21,260
2022-12-02,43.4989,43.7064,41.3852,43.2619,810219,57.42,88.4,19.22,55.22,260
2022-12-09,42.9656,43.1829,41.261,41.6417,614996,53.6,88.4,19.22,49.69,260
2022-12-16,41.4934,43.9655,40.4847,41.9383,2009052,54.2,88.4,19.22,50.56,260
2022-12-23,41.9087,43.1547,41.2956,42.0273,1178223,54.39,88.4,19.22,50.83,260
2022-12-30,42.235,43.1497,41.3747,42.5712,617414,55.61,88.4,19.22,52.6,260
2023-01-06,42.8778,45.0632,42.6207,45.0533,972593,60.76,88.4,19.22,60.05,260
2023-01-13,45.528,46.329,44.8061,46.2004,1033403,62.9,88.4,19.22,63.14,260
2023-01-20,46.0817,46.4377,43.6392,44.2721,1030754,57.24,88.4,19.22,54.96,260
2023-01-27,44.2721,48.9989,44.015,48.6825,1074727,65.0,88.4,19.22,66.17,260
2023-02-03,48.3562,52.1238,48.2078,51.9557,1032203,69.43,88.4,19.22,72.58,260
2023-02-10,51.6096,51.8024,48.2968,49.1473,1081605,62.16,88.4,19.22,62.07,260
2023-02-17,49.1275,51.4316,49.1275,51.2338,1080007,65.09,88.4,19.22,66.3,260
2023-02-24,50.7097,51.1844,49.6814,50.502,1033564,63.24,88.4,19.22,63.63,260
2023-03-03,50.9075,51.6195,47.2585,49.4637,1239868,60.61,88.4,19.22,59.83,260
2023-03-10,49.6219,49.6219,44.5973,45.6763,1813085,52.1,88.4,19.22,47.53,260
2023-03-17,43.8746,46.003,40.1623,43.7756,3941345,48.43,88.4,19.22,42.22,260
2023-03-24,43.0529,44.5478,40.0138,41.8848,1723441,45.03,88.4,19.22,37.31,260
2023-03-31,42.855,42.8945,39.3505,41.073,1299220,43.61,88.4,19.22,35.26,260
2023-04-06,41.37,41.8551,39.7366,41.6076,986172,44.84,88.4,19.22,37.04,260
2023-04-14,41.2017,42.4491,40.2613,41.0631,1063987,43.79,88.4,19.22,35.52,260
2023-04-21,40.9443,42.0531,40.4642,41.1423,681442,44.0,88.4,19.22,35.82,260
2023-04-28,40.8652,44.8843,39.499,44.0825,1342776,51.13,88.4,19.22,46.12,260
2023-05-05,43.9439,44.7953,40.9245,44.2112,1812770,51.42,88.4,19.22,46.54,260
2023-05-12,44.4488,44.5478,42.5827,43.142,821589,48.81,88.4,19.22,42.78,260
2023-05-19,43.241,47.0919,43.241,45.4387,951369,54.18,88.4,19.22,50.54,260
2023-05-26,45.7456,47.1612,44.4785,45.9436,824665,55.29,88.4,19.22,52.14,260
2023-06-02,46.1911,48.2304,43.2064,48.1116,696995,59.8,88.4,19.22,58.65,260
2023-06-09,47.8641,50.9831,46.3594,49.3184,922670,62.09,88.4,19.22,61.96,260
2023-06-16,49.2688,50.4282,47.4158,47.8617,1416491,57.81,88.4,19.22,55.78,260
2023-06-23,47.8518,48.0995,44.2547,44.5322,822661,49.42,88.4,19.22,43.65,260
2023-06-30,44.6511,47.1036,44.334,45.9393,698372,52.55,88.4,19.22,48.18,260
2023-07-07,46.1573,47.7676,45.5925,46.742,851640,54.29,88.4,19.22,50.7,260
2023-07-14,46.6131,52.4398,46.3803,51.8749,1255379,63.51,88.4,19.22,64.01,260
2023-07-21,51.8155,55.3036,51.8155,54.818,1107439,67.54,88.4,19.22,69.85,260
2023-07-28,54.818,59.9411,50.8429,52.8064,1748633,62.46,88.4,19.22,62.5,260
2023-08-04,52.8857,53.2127,50.4777,50.9534,934036,58.11,88.4,19.22,56.22,260
2023-08-11,51.1516,51.7212,48.9616,49.0607,666458,53.98,88.4,19.22,50.25,260
2023-08-18,49.0607,49.467,46.1474,47.1383,634310,50.09,88.4,19.22,44.62,260
2023-08-25,47.2374,48.7634,46.2861,48.1293,637080,52.01,88.4,19.22,47.4,260
2023-09-01,48.5256,50.0516,47.3316,49.7246,997596,55.01,88.4,19.22,51.74,260
2023-09-08,49.2688,49.9575,47.832,48.6842,480415,52.7,88.4,19.22,48.39,260
2023-09-15,48.9521,49.8052,47.3154,49.3687,1274658,54.07,88.4,19.22,50.37,260
2023-09-22,49.3389,49.4183,45.2621,45.5398,574528,46.04,88.4,19.22,38.77,260
2023-09-29,45.153,46.2441,44.776,45.7184,667971,46.44,88.4,19.22,39.34,260
2023-10-06,45.639,48.2081,45.3315,47.5336,1063372,50.45,88.4,19.22,45.15,260
2023-10-13,47.3055,48.6991,46.6012,46.8789,590737,49.03,88.4,19.22,43.08,260
2023-10-20,47.4344,48.3272,43.0302,43.4964,787039,42.36,88.4,19.22,33.44,260
2023-10-27,43.1989,46.1251,41.453,45.1232,1129585,46.15,88.4,19.22,38.93,260
2023-11-03,45.5795,48.9719,44.5082,48.228,801073,52.57,88.4,19.22,48.2,260
2023-11-10,48.4264,48.7338,46.264,47.1666,639035,50.36,88.4,19.22,45.01,260
2023-11-17,46.8095,50.2664,46.8095,49.6365,1101955,55.09,88.4,19.22,51.85,260
2023-11-24,49.8647,50.0829,48.7636,49.3092,555611,54.35,88.4,19.22,50.78,260
2023-12-01,49.3092,50.9955,48.1189,50.7475,976375,57.07,88.4,19.22,54.72,260
2023-12-08,49.9539,52.6967,49.9242,51.9874,908115,59.33,88.4,19.22,57.98,260
2023-12-15,52.2155,54.5686,50.3091,52.1162,1368414,59.57,88.4,21.67,56.79,260
2023-12-22,52.5729,53.9034,52.0963,52.98,794362,61.2,88.4,21.67,59.24,260
2023-12-29,53.0495,54.3502,52.2949,52.553,518152,59.91,88.4,21.67,57.31,260
2024-01-05,52.2353,52.8906,47.4804,50.2297,844084,53.32,88.4,21.67,47.43,260
2024-01-12,50.1701,52.2353,49.3659,50.8949,820409,54.85,88.4,21.67,49.73,260
2024-01-19,50.4084,51.0737,49.4453,51.0042,558450,55.11,88.4,21.67,50.12,260
2024-01-26,51.302,53.5658,49.3858,53.0693,1466416,59.83,88.4,21.67,57.18,260
2024-02-02,52.9899,53.9034,49.0184,49.5744,1012976,50.21,88.4,21.67,42.77,260
2024-02-09,49.1971,51.312,48.5021,51.163,838892,53.85,88.4,21.67,48.21,260
2024-02-16,50.9446,52.8509,49.7829,51.2027,851861,53.94,88.4,21.67,48.35,260
2024-02-23,50.7063,51.7091,50.5077,50.7361,535941,52.63,88.4,21.67,46.39,260
2024-03-01,50.5574,51.4807,49.1475,49.7928,701461,50.0,88.4,21.67,42.45,260
2024-03-08,49.6638,51.7538,49.0685,50.7957,1051646,52.71,88.4,21.67,46.51,260
2024-03-15,50.7363,50.8655,47.0541,47.4069,1163948,44.02,88.4,21.67,33.5,260
2024-03-22,47.2976,50.3686,46.3932,48.7586,1147815,47.72,88.4,21.67,39.04,260
2024-03-28,48.8679,50.299,48.3312,50.1698,607048,51.34,88.4,21.67,44.46,260
2024-04-05,50.15,50.8059,48.7387,49.7325,811399,50.18,88.4,21.67,42.72,260
2024-04-12,49.6928,50.1897,47.9237,48.2119,596393,46.27,88.4,21.67,36.87,260
2024-04-19,48.1225,50.1301,47.8541,50.0804,612659,51.29,88.4,21.67,44.39,260
2024-04-26,50.2493,54.1947,49.981,51.8196,771234,55.46,88.4,21.67,50.64,260
2024-05-03,51.9886,52.734,49.6928,52.6048,974581,57.25,88.4,21.67,53.31,260
2024-05-10,52.6048,54.0558,52.6048,53.6384,720080,59.54,88.4,21.67,56.75,260
2024-05-17,53.9664,54.5527,53.3104,53.8272,588502,59.96,88.4,21.67,57.38,260
2024-05-24,54.0359,55.3677,53.698,54.9105,760081,62.39,88.4,21.67,61.01,260
2024-05-31,55.0298,55.0944,51.6507,52.9824,552685,55.89,88.4,21.67,51.29,260
2024-06-07,53.3999,54.2546,52.3156,54.0657,732257,58.51,88.4,21.67,55.2,260
2024-06-14,53.5986,55.1808,51.709,52.0969,838165,52.43,88.4,21.67,46.09,260
2024-06-21,51.7786,54.3153,51.7786,54.1462,1109153,57.39,88.4,21.67,53.53,260
2024-06-28,54.2457,57.3693,53.9273,56.275,946889,61.84,88.4,21.67,60.2,260
2024-07-05,56.1556,58.3021,56.0049,56.2054,607693,61.62,88.4,21.67,59.86,260
2024-07-12,56.7127,59.4583,56.474,59.14,798380,67.09,88.4,21.67,68.07,260
2024-07-19,59.4384,64.9396,59.2693,63.2684,1329114,72.94,88.4,21.67,76.83,260
2024-07-26,63.149,69.2619,62.5919,68.3318,1729623,78.09,88.4,21.67,84.54,260
2024-08-02,68.3418,68.5905,62.2736,63.8155,1062699,66.03,88.4,21.67,66.47,260
2024-08-09,61.5772,62.5521,60.1049,61.7165,672828,61.29,88.4,21.67,59.37,260
2024-08-16,61.9751,64.6312,60.1746,64.2433,624813,64.59,88.4,21.67,64.31,260
2024-08-23,64.1239,67.5658,63.0495,66.6805,584859,67.46,88.4,21.67,68.62,260
2024-08-30,67.347,68.869,64.7804,68.4611,944058,69.42,88.4,21.67,71.55,260
2024-09-06,67.6355,68.481,65.5663,66.8695,564879,65.62,88.4,21.67,65.86,260
2024-09-13,66.78,67.4079,62.7289,66.4821,760523,64.69,88.4,21.67,64.47,260
2024-09-20,66.3527,69.2397,65.8848,67.0396,1474111,65.45,88.4,21.67,65.61,260
2024-09-27,67.0396,67.164,64.1227,64.9091,599065,60.15,88.4,21.67,57.66,260
2024-10-04,64.7698,66.4721,62.5071,66.4323,584105,62.49,88.4,21.67,61.17,260
2024-10-11,66.1436,74.1079,65.7952,73.64,964606,71.13,88.4,21.67,74.11,260
2024-10-18,74.0382,74.8645,73.1124,73.7495,1043760,71.24,88.4,21.67,74.27,260
2024-10-25,73.7495,73.7495,67.9206,68.1546,955250,59.04,88.4,21.67,56.0,260
2024-11-01,69.0008,72.077,68.3039,70.962,811462,62.51,88.4,21.67,61.2,260
2024-11-08,70.4841,80.4893,68.742,78.8865,1344673,70.18,88.4,21.67,72.7,260
2024-11-15,80.1508,83.456,78.2046,79.2748,1019627,70.5,88.4,21.67,73.18,260
2024-11-22,79.4141,82.6198,77.6222,82.5302,858773,73.1,88.4,21.67,77.06,260
2024-11-29,83.4958,85.6163,82.57,83.5058,583222,73.84,88.4,21.67,78.18,260
2024-12-06,83.2868,85.0638,82.132,84.2226,1004580,74.4,88.4,21.67,79.02,260
2024-12-13,84.5412,85.029,80.847,81.1657,892709,67.75,88.4,21.67,69.05,260
2024-12-20,81.3152,82.6351,72.9575,73.3361,2174252,54.34,88.4,21.67,48.96,260
2024-12-27,73.5951,75.159,72.7185,73.7146,421109,54.81,88.4,21.67,49.66,260
2025-01-03,73.4954,74.4567,71.3537,73.4954,607807,54.46,88.4,21.67,49.14,260
2025-01-10,73.5652,75.6471,70.9453,71.9215,806886,51.92,88.4,21.67,45.34,260
2025-01-17,71.0947,77.9084,71.0947,77.4402,803036,59.12,88.4,21.67,56.11,260
2025-01-24,77.998,80.075,75.3483,79.4623,910980,61.4,88.4,21.67,59.53,260
2025-01-31,79.4325,81.3351,78.247,79.4225,972017,61.32,88.4,21.67,59.42,260
2025-02-07,77.0417,81.7136,75.8264,79.2731,827141,61.03,88.4,21.67,58.98,260
2025-02-14,79.3926,81.3251,77.9382,79.9405,939347,61.9,88.4,21.67,60.29,260
2025-02-21,80.3389,81.4646,77.0517,77.1911,692329,56.32,88.4,21.67,51.93,260
2025-02-28,77.6992,77.9482,76.0356,77.2111,1019449,56.35,88.4,21.67,51.97,260
2025-03-07,77.1314,77.9133,70.4971,71.9514,975200,46.97,88.4,21.67,37.91,260
2025-03-14,71.025,72.1656,69.232,71.6739,1017432,46.53,88.4,21.67,37.25,260
2025-03-21,71.5543,74.2857,71.0658,73.9168,1401780,50.56,88.4,21.67,43.29,260
2025-03-28,75.143,77.2114,72.1823,72.4913,778491,48.08,88.4,24.75,36.65,260
2025-04-04,71.6739,75.3174,64.7258,67.3176,1067015,40.34,88.4,24.75,24.49,260
2025-04-11,65.9918,71.4945,64.2473,67.5768,1726160,40.85,88.4,24.75,25.3,260
2025-04-17,68.3344,71.1306,67.0086,70.1088,870055,45.76,88.4,24.75,33.02,260
2025-04-25,69.7201,81.5577,69.102,78.7117,1511064,58.41,88.4,24.75,52.88,260
2025-05-02,78.7117,81.8917,77.8095,81.5826,1244864,61.62,88.4,24.75,57.93,260
2025-05-09,81.4032,82.9733,80.0774,81.9914,812164,62.07,88.4,24.75,58.64,260
2025-05-16,84.972,85.7296,79.6388,81.1739,863359,60.55,88.4,24.75,56.24,260
2025-05-23,80.6456,81.1781,76.0202,77.037,629872,53.39,88.4,24.75,44.99,260
2025-05-30,77.8345,78.5223,76.7379,77.8046,683334,54.46,88.4,24.75,46.68,260
2025-06-06,77.665,78.2831,75.2327,77.5753,732226,54.06,88.4,24.75,46.05,260
2025-06-13,77.7647,77.7647,73.6872,74.186,652102,48.38,88.4,24.75,37.13,260
2025-06-20,75.1436,75.6523,72.4403,72.9391,766126,46.45,88.4,24.75,34.1,260
2025-06-27,73.368,80.4305,72.9091,80.0514,1410684,57.0,88.4,24.75,50.67,260
2025-07-03,80.3208,83.7921,78.5637,82.5253,756545,59.96,88.4,24.75,55.31,260
2025-07-11,82.5253,84.6155,82.226,82.5851,964086,60.03,88.4,24.75,55.42,260
2025-07-18,82.3557,83.9717,79.5726,80.7297,885180,56.65,88.4,24.75,50.11,260
2025-07-25,81.0789,84.5403,79.5726,80.0016,729732,55.33,88.4,24.75,48.05,260
2025-08-01,80.1412,81.7771,72.8593,74.6049,1377069,46.67,88.4,24.75,34.44,260
2025-08-08,75.0339,75.2683,71.772,73.6274,947060,45.29,88.4,24.75,32.27,260
2025-08-15,73.8169,76.8693,72.8643,75.1137,956388,47.82,88.4,24.75,36.25,260
2025-08-22,74.9241,78.6549,74.1461,78.5452,593229,53.2,88.4,24.75,44.7,260
2025-08-29,78.3058,80.3906,75.5825,79.2734,722436,54.28,88.4,24.75,46.4,260
2025-09-05,78.6649,80.1113,76.0913,76.211,523468,49.15,88.4,24.75,38.34,260
2025-09-12,76.3307,77.0893,75.0538,75.4323,679199,47.91,88.4,24.75,36.39,260
2025-09-19,75.7118,80.493,73.5458,76.1909,1477467,49.26,88.4,24.75,38.5,260
2025-09-26,76.2907,78.0675,73.9251,75.9015,865811,48.74,88.4,24.75,37.69,260
2025-10-03,76.0412,76.0412,72.6274,73.5258,807520,44.61,88.4,24.75,31.2,260
2025-10-10,73.935,75.1628,71.9287,72.0984,927498,42.29,88.4,24.75,27.56,260
2025-10-17,72.9169,76.8847,68.9142,71.0803,1225318,40.66,88.4,24.75,25.01,260
2025-10-24,71.5494,72.6624,70.3715,71.3797,1084841,41.38,88.4,24.75,26.13,260
2025-10-31,71.6293,71.6293,67.2672,67.936,885701,36.02,88.4,24.75,17.7,260
2025-11-07,68.0158,68.6647,65.75,68.5549,1049972,37.58,88.4,24.75,20.16,260
2025-11-14,68.7745,69.9323,67.6914,68.7345,663434,38.05,88.4,24.75,20.91,260
2025-11-21,68.5648,70.3316,65.8398,70.0721,1017251,41.61,88.4,24.75,26.49,260
2025-11-28,69.6928,72.5576,68.8543,71.769,681790,45.85,88.4,24.75,33.16,260
2025-12-05,71.0803,74.9133,71.0803,74.2245,1253943,51.36,88.4,24.75,41.81,260
2025-12-12,74.1846,76.0767,72.328,74.3438,1055803,51.62,88.4,24.75,42.21,260
2025-12-19,74.9231,76.3015,72.5458,75.3226,1882155,53.78,88.4,24.75,45.61,260
2025-12-26,75.3426,75.6123,73.0902,73.3549,532522,49.04,88.4,24.75,38.16,260
2026-01-02,73.4648,73.9142,70.2984,71.7867,720919,45.58,88.4,24.75,32.74,260
2026-01-09,71.527,75.3925,71.527,74.104,1073195,51.07,88.4,24.75,41.35,260
2026-01-16,73.3349,76.5362,72.9953,75.1528,929037,53.36,88.4,24.75,44.94,260
2026-01-23,73.9442,86.8193,73.6446,85.6207,1430666,68.97,88.4,24.75,69.47,260
2026-01-30,85.9003,90.8946,84.8765,90.1854,1700145,73.18,88.4,24.75,76.09,260
2026-02-06,90.2453,93.9304,81.046,93.6114,1598696,75.83,88.4,24.75,80.25,260
2026-02-13,93.6114,94.9898,87.1139,92.3429,1494681,72.96,88.4,24.75,75.73,260
2026-02-20,93.0121,95.9437,91.374,95.5991,1038319,75.52,88.4,24.75,79.77,260
2026-02-27,94.9798,95.4792,88.3675,90.6848,1752214,65.43,88.4,24.75,63.91,260
2026-03-06,89.4462,93.1419,87.1594,89.8058,990970,63.79,88.4,24.75,61.33,260
2026-03-13,88.4174,92.5626,86.3698,91.1151,1191391,65.19,81.16,24.75,71.69,260
2026-03-20,91.5148,92.3793,88.9663,89.2662,1926766,61.56,81.16,24.75,65.26,260
2026-03-27,91.2949,93.3037,87.3873,87.917,1113783,58.99,81.16,24.75,60.7,260
2026-04-02,88.6465,91.0351,87.3423,89.9458,869011,61.59,81.16,24.75,65.31,260
2026-04-10,89.8758,96.0721,89.616,94.8528,989354,67.04,81.16,24.75,74.97,260
2026-04-17,94.593,101.199,93.8934,99.2901,809916,71.04,81.16,24.75,82.07,260
2026-04-24,98.6305,100.6593,84.1592,87.9869,1344288,53.29,81.16,24.75,50.6,260
2026-05-01,87.9769,90.5554,85.0687,86.4479,1012694,51.41,81.16,24.75,47.26,260
2026-05-08,85.8182,88.6764,84.536,86.268,909336,51.18,81.16,24.75,46.86,260
2026-05-15,86.5578,86.5578,79.5021,79.8518,1073312,43.74,81.16,24.75,33.67,260
2026-05-22,80.5214,83.4647,79.7719,82.6901,872033,47.38,81.16,24.75,40.13,260
2026-05-29,82.7701,84.569,81.4159,82.1904,522293,46.81,78.81,24.75,40.81,260
2026-06-05,81.5808,82.0605,77.5332,79.8419,1203850,44.1,78.81,24.75,35.8,260
2026-06-12,81.1211,85.26,79.652,84.17,1159467,49.86,78.81,24.75,46.45,260
2026-06-18,84.48,86.2,80.21,82.05,1008685,47.29,78.81,24.75,41.7,260
2026-06-26,82.08,87.87,82.08,87.16,1302118,53.51,78.81,24.75,53.2,260
2026-07-02,87.37,90.8325,85.4821,88.72,1194847,55.24,78.81,24.75,56.41,260
2026-07-10,88.72,91.36,88.1501,90.23,833327,56.92,78.81,24.75,59.51,260
2026-07-17,90.57,93.925,89.46,89.76,1062740,56.21,78.81,24.75,58.21,260
2026-07-24,89.75,90.8097,76.01,85.9,1565303,50.66,78.81,24.75,47.93,260
2026-07-31,86.88,89.6641,85.39,88.24,926498,53.65,78.81,24.75,53.46,260
2026-08-07,89.16,91.7,86.77,86.85,654880,51.65,78.81,24.75,49.76,260
2026-08-14,86.41,87.82,85.7,86.67,595177,51.38,78.81,24.75,49.26,260
2026-08-21,86.35,86.77,82.0,83.68,1248404,47.02,78.81,24.75,41.2,260
2026-08-28,83.68,84.39,80.82,81.5,1092270,44.09,78.81,24.75,35.77,260
2026-09-04,81.1288,83.4373,80.1744,83.1375,893079,46.77,78.81,24.75,40.74,260
2026-09-11,82.8077,82.8677,78.19,78.62,918797,40.93,78.81,24.75,29.93,260
