Semana,Open,High,Low,Close,Volume,RSI,RSI_max_5a,RSI_min_5a,Posicion,Semanas_ventana
1970-01-02,2.8624,2.9257,2.8624,2.9257,131600,,,,,0
1970-01-09,2.9257,2.9677,2.8624,2.9537,819200,,,,,0
1970-01-16,2.9537,2.9744,2.765,2.793,648400,,,,,0
1970-01-23,2.793,2.793,2.7157,2.7297,654800,,,,,0
1970-01-30,2.7297,2.7297,2.5617,2.5824,821600,,,,,0
1970-02-06,2.5824,2.6037,2.5477,2.5617,1013200,,,,,0
1970-02-13,2.5617,2.5757,2.3657,2.4357,935600,,,,,0
1970-02-20,2.4637,2.5757,2.429,2.5757,867600,,,,,0
1970-02-27,2.5757,2.7157,2.5544,2.6597,936400,,,,,0
1970-03-06,2.6597,2.6597,2.541,2.5824,662800,,,,,0
1970-03-13,2.5824,2.6177,2.5057,2.5337,756400,,,,,0
1970-03-20,2.513,2.5617,2.4217,2.4777,733600,,,,,0
1970-03-26,2.4637,2.569,2.429,2.4637,881600,,,,,0
1970-04-03,2.4637,2.541,2.4425,2.5197,959200,,,,,0
1970-04-10,2.5197,2.5337,2.4637,2.4917,502000,29.33,29.33,29.33,,1
1970-04-17,2.4917,2.5057,2.4077,2.429,614800,27.56,29.33,27.56,0.0,2
1970-04-24,2.429,2.4497,2.3657,2.373,539600,26.05,29.33,26.05,0.0,3
1970-05-01,2.373,2.3937,2.2398,2.3378,863600,25.11,29.33,25.11,0.0,4
1970-05-08,2.3378,2.345,2.2185,2.2398,863200,22.67,29.33,22.67,0.0,5
1970-05-15,2.2398,2.2958,2.1625,2.2958,883200,27.03,29.33,22.67,65.44,6
1970-05-22,2.2958,2.345,2.2118,2.233,514000,25.31,29.33,22.67,39.6,7
1970-05-29,2.2258,2.4425,2.1905,2.4357,552000,38.86,38.86,22.67,100.0,8
1970-06-05,2.4357,2.5197,2.3517,2.3585,590800,36.16,38.86,22.67,83.36,9
1970-06-12,2.3585,2.3797,2.2538,2.3025,421200,34.31,38.86,22.67,71.9,10
1970-06-19,2.2958,2.3865,2.2745,2.345,492400,36.96,38.86,22.67,88.25,11
1970-06-26,2.3378,2.3378,2.2398,2.261,412400,34.04,38.86,22.67,70.24,12
1970-07-02,2.2538,2.261,2.2258,2.233,295200,33.1,38.86,22.67,64.44,13
1970-07-10,2.233,2.233,2.1278,2.2185,781200,32.6,38.86,22.67,61.34,14
1970-07-17,2.2258,2.3657,2.2185,2.3657,701200,42.17,42.17,22.67,100.0,15
1970-07-24,2.3657,2.513,2.3517,2.4357,897200,46.09,46.09,22.67,100.0,16
1970-07-31,2.4357,2.4917,2.4077,2.4637,659600,47.61,47.61,22.67,100.0,17
1970-08-07,2.4637,2.5057,2.3657,2.4917,465600,49.17,49.17,22.67,100.0,18
1970-08-14,2.4917,2.5057,2.3865,2.3865,409600,43.9,49.17,22.67,80.12,19
1970-08-21,2.3865,2.6104,2.3585,2.6037,1178400,54.69,54.69,22.67,100.0,20
1970-08-28,2.6104,2.6877,2.5824,2.6457,940800,56.43,56.43,22.67,100.0,21
1970-09-04,2.6457,2.6877,2.6177,2.6664,654400,57.31,57.31,22.67,100.0,22
1970-09-11,2.6664,2.6877,2.597,2.6104,438400,54.15,57.31,22.67,90.88,23
1970-09-18,2.6104,2.653,2.5264,2.6177,950400,54.5,57.31,22.67,91.89,24
1970-09-25,2.6177,2.6384,2.5197,2.6177,974000,54.5,57.31,22.67,91.89,25
1970-10-02,2.6177,2.6317,2.5337,2.625,648800,54.9,57.31,22.67,93.05,26
1970-10-09,2.6317,2.7784,2.6317,2.6737,1088000,57.59,57.59,22.67,100.0,27
1970-10-16,2.6737,2.737,2.6457,2.7224,492000,60.15,60.15,22.67,100.0,28
1970-10-23,2.7157,2.7157,2.6384,2.6877,534000,57.49,60.15,22.67,92.89,29
1970-10-30,2.6877,2.6944,2.5824,2.6944,722400,57.87,60.15,22.67,93.93,30
1970-11-06,2.6944,2.709,2.653,2.709,671200,58.75,60.15,22.67,96.28,31
1970-11-13,2.709,2.7297,2.6877,2.6944,563600,57.46,60.15,22.67,92.83,32
1970-11-20,2.6944,2.7017,2.6457,2.653,402800,53.83,60.15,22.67,83.14,33
1970-11-27,2.653,2.7997,2.6384,2.7997,763200,62.79,62.79,22.67,100.0,34
1970-12-04,2.7997,2.9117,2.7997,2.8624,1636800,65.85,65.85,22.67,100.0,35
1970-12-11,2.8624,2.9957,2.8417,2.9744,1457600,70.5,70.5,22.67,100.0,36
1970-12-18,2.9744,2.989,2.8837,2.9744,466800,70.5,70.5,22.67,100.0,37
1970-12-24,2.9744,3.0237,2.9464,3.0097,549200,71.9,71.9,22.67,100.0,38
1970-12-31,3.0097,3.073,2.9744,3.0517,576400,73.51,73.51,22.67,100.0,39
1971-01-08,3.045,3.0584,2.9744,3.0377,753600,72.03,73.51,22.67,97.08,40
1971-01-15,3.0377,3.0657,2.7717,2.8557,1512800,56.17,73.51,22.67,65.9,41
1971-01-22,2.8557,2.9957,2.849,2.9677,1000000,61.75,73.51,22.67,76.87,42
1971-01-29,2.9537,2.989,2.877,2.9817,776400,62.4,73.51,22.67,78.14,43
1971-02-05,2.9957,3.0517,2.8904,2.9817,970000,62.4,73.51,22.67,78.14,44
1971-02-12,2.9817,3.0304,2.933,3.0237,821200,64.48,73.51,22.67,82.24,45
1971-02-19,3.0377,3.073,3.0237,3.0657,818800,66.48,73.51,22.67,86.17,46
1971-02-26,3.0657,3.1289,2.9957,3.073,1040800,66.83,73.51,22.67,86.85,47
1971-03-05,3.073,3.2477,3.0584,3.2409,909600,73.64,73.64,22.67,100.0,48
1971-03-12,3.2409,3.2756,3.2129,3.2477,681200,73.87,73.87,22.67,100.0,49
1971-03-19,3.2477,3.3316,3.2197,3.2197,740000,71.07,73.87,22.67,94.54,50
1971-03-26,3.2197,3.2617,3.1077,3.1849,695200,67.65,73.87,22.67,87.86,51
1971-04-02,3.1849,3.1917,3.1217,3.1637,412000,65.57,73.87,22.67,83.79,52
1971-04-08,3.1704,3.3736,3.1704,3.3384,666000,72.94,73.87,22.67,98.18,53
1971-04-16,3.3384,3.4783,3.2896,3.4504,717200,76.42,76.42,22.67,100.0,54
1971-04-23,3.4504,3.5209,3.4224,3.5136,650800,78.13,78.13,22.67,100.0,55
1971-04-30,3.5136,3.5489,3.4369,3.5209,519600,78.33,78.33,22.67,100.0,56
1971-05-07,3.5136,3.5136,3.3176,3.3876,508400,66.62,78.33,22.67,78.96,57
1971-05-14,3.3876,3.4436,3.2617,3.2969,563600,60.04,78.33,22.67,67.14,58
1971-05-21,3.2896,3.2969,3.2129,3.2477,428000,56.76,78.33,22.67,61.24,59
1971-05-28,3.2477,3.2617,3.1144,3.1704,584800,51.96,78.33,22.67,52.63,60
1971-06-04,3.1704,3.3596,3.1637,3.3596,447600,60.72,78.33,22.67,68.36,61
1971-06-11,3.3529,3.3529,3.2477,3.2824,418400,56.21,78.33,22.67,60.26,62
1971-06-18,3.2824,3.3036,3.1289,3.1497,803200,49.43,78.33,22.67,48.08,63
1971-06-25,3.1357,3.1637,3.0517,3.1424,1192000,49.08,78.33,22.67,47.45,64
1971-07-02,3.1424,3.2129,3.1077,3.1704,662800,50.53,78.33,22.67,50.06,65
1971-07-09,3.1704,3.2477,3.1569,3.2057,400800,52.37,78.33,22.67,53.36,66
1971-07-16,3.2057,3.2337,3.1637,3.1917,525200,51.55,78.33,22.67,51.89,67
1971-07-23,3.1917,3.2337,3.1777,3.2337,453200,53.88,78.33,22.67,56.08,68
1971-07-30,3.2337,3.3176,3.1917,3.1917,766400,51.23,78.33,22.67,51.31,69
1971-08-06,3.1984,3.2409,3.1077,3.1144,457200,46.67,78.33,22.67,43.12,70
1971-08-13,3.1144,3.1424,3.0797,3.1009,412400,45.91,78.33,22.67,41.75,71
1971-08-20,3.1009,3.2409,2.8837,2.9117,1422000,36.77,78.33,22.67,25.33,72
1971-08-27,2.9257,3.1497,2.9257,3.0517,830800,45.42,78.33,22.67,40.88,73
1971-09-03,3.0517,3.1144,2.9957,3.1144,405600,48.8,78.33,22.67,46.95,74
1971-09-10,3.1357,3.1984,3.0237,3.0517,715200,45.75,78.33,22.67,41.47,75
1971-09-17,3.0517,3.1289,3.0304,3.1217,729600,49.54,78.33,22.67,48.28,76
1971-09-24,3.1217,3.1289,3.0304,3.0937,518400,48.1,78.33,22.67,45.68,77
1971-10-01,3.0937,3.1497,3.0517,3.1357,466800,50.44,78.33,22.67,49.88,78
1971-10-08,3.1357,3.1497,3.0864,3.1217,884800,49.63,78.33,22.67,48.44,79
1971-10-15,3.1217,3.1217,3.0377,3.045,530800,45.37,78.33,22.67,40.78,80
1971-10-22,3.045,3.073,2.9117,2.9257,581200,39.66,78.33,22.67,30.52,81
1971-10-29,2.933,3.0937,2.933,3.0937,570000,49.33,78.33,22.67,47.89,82
1971-11-05,3.0797,3.0797,3.0024,3.0024,538400,45.1,78.33,22.67,40.3,83
1971-11-12,3.0024,3.017,2.7857,2.8904,694000,40.51,78.33,22.67,32.05,84
1971-11-19,2.8904,2.9677,2.8344,2.877,496800,39.99,78.33,22.67,31.11,85
1971-11-26,2.8697,2.9117,2.8064,2.9117,420000,42.08,78.33,22.67,34.87,86
1971-12-03,2.9117,3.073,2.9117,3.0517,483200,49.69,78.33,22.67,48.54,87
1971-12-10,3.0517,3.1144,2.9184,3.017,661200,48.0,78.33,22.67,45.52,88
1971-12-17,3.0304,3.1357,3.0304,3.1217,609200,53.16,78.33,22.67,54.79,89
1971-12-23,3.1357,3.1849,3.0657,3.073,394400,50.65,78.33,22.67,50.26,90
1971-12-31,3.073,3.2544,3.0584,3.2129,583200,56.95,78.33,22.67,61.6,91
1972-01-07,3.2129,3.3596,3.1984,3.3596,640000,62.38,78.33,22.67,71.35,92
1972-01-14,3.3384,3.3596,3.2756,3.3104,955600,59.66,78.33,22.67,66.46,93
1972-01-21,3.3104,3.3876,3.3104,3.3596,689200,61.47,78.33,22.67,69.71,94
1972-01-28,3.3596,3.3876,3.3036,3.3876,536400,62.5,78.33,22.67,71.56,95
1972-02-04,3.3876,3.4016,3.3249,3.3736,544800,61.61,78.33,22.67,69.97,96
1972-02-11,3.3736,3.3809,3.2824,3.2824,561200,56.03,78.33,22.67,59.94,97
1972-02-18,3.2756,3.2824,3.1917,3.2129,633200,52.16,78.33,22.67,52.99,98
1972-02-25,3.2129,3.2544,3.1984,3.2337,442000,53.2,78.33,22.67,54.85,99
1972-03-03,3.2337,3.3736,3.2197,3.3036,680800,56.63,78.33,22.67,61.01,100
1972-03-10,3.3036,3.3809,3.2896,3.3456,629600,58.59,78.33,22.67,64.53,101
1972-03-17,3.3384,3.3809,3.2896,3.3176,794400,56.75,78.33,22.67,61.22,102
1972-03-24,3.3176,3.3316,3.2264,3.2264,647200,51.11,78.33,22.67,51.1,103
1972-03-30,3.2264,3.2409,3.0237,3.1077,1159200,44.87,78.33,22.67,39.88,104
1972-04-07,3.1217,3.2197,3.1217,3.1777,726800,48.84,78.33,22.67,47.01,105
1972-04-14,3.1704,3.1704,3.0797,3.1289,572000,46.34,78.33,22.67,42.52,106
1972-04-21,3.1289,3.1777,3.1217,3.1289,446000,46.34,78.33,22.67,42.52,107
1972-04-28,3.1217,3.1569,3.045,3.1497,412800,47.66,78.33,22.67,44.89,108
1972-05-05,3.1497,3.2337,3.1357,3.2197,468400,51.96,78.33,22.67,52.63,109
1972-05-12,3.2197,3.2337,3.1569,3.2057,436800,51.06,78.33,22.67,51.0,110
1972-05-19,3.2057,3.2264,3.1569,3.2057,571600,51.06,78.33,22.67,51.0,111
1972-05-26,3.2129,3.3036,3.1704,3.2896,560400,56.34,78.33,22.67,60.5,112
1972-06-02,3.2896,3.3249,3.2689,3.3036,526400,57.17,78.33,22.67,61.99,113
1972-06-09,3.3036,3.3176,3.2337,3.2409,640800,52.37,78.33,22.67,53.36,114
1972-06-16,3.2409,3.4436,3.2197,3.4369,1340000,62.87,78.33,22.67,72.23,115
1972-06-23,3.4369,3.4929,3.4369,3.4856,1166000,64.94,78.33,22.67,75.94,116
1972-06-30,3.4783,3.4783,3.3249,3.3736,570400,57.07,78.33,22.67,61.8,117
1972-07-07,3.3736,3.5276,3.3736,3.5136,444800,63.09,78.33,22.67,72.62,118
1972-07-14,3.5136,3.5136,3.4504,3.4716,650000,60.35,78.33,22.67,67.71,119
1972-07-21,3.4649,3.4996,3.3664,3.4929,456800,61.27,78.33,22.67,69.35,120
1972-07-28,3.4929,3.5489,3.2337,3.3316,570800,51.55,78.33,22.67,51.88,121
1972-08-04,3.3249,3.5489,3.2969,3.5276,506800,59.88,78.33,22.67,66.85,122
1972-08-11,3.5209,3.5623,3.3876,3.5623,573600,61.15,78.33,22.67,69.14,123
1972-08-18,3.5903,3.7376,3.5903,3.7303,1338800,66.67,78.33,22.67,79.06,124
1972-08-25,3.7303,3.9129,3.6816,3.8076,1404000,68.86,78.33,22.67,82.99,125
1972-09-01,3.8009,3.8636,3.7516,3.8216,618800,69.26,78.33,22.67,83.7,126
1972-09-08,3.8216,3.8289,3.7303,3.7516,331200,64.84,78.33,22.67,75.76,127
1972-09-15,3.7376,3.7376,3.6396,3.7236,388000,63.1,78.33,22.67,72.64,128
1972-09-22,3.7236,3.8076,3.6956,3.7863,475600,65.34,78.33,22.67,76.66,129
1972-09-29,3.7863,3.9129,3.7796,3.8703,699600,68.13,78.33,22.67,81.67,130
1972-10-06,3.8703,4.0036,3.8423,3.9823,1142400,71.43,78.33,22.67,87.6,131
1972-10-13,3.9823,4.0528,3.9756,4.0176,893200,72.4,78.33,22.67,89.34,132
1972-10-20,4.0176,4.0736,3.9196,4.0248,1190000,72.6,78.33,22.67,89.71,133
1972-10-27,4.0248,4.1503,3.9896,4.1016,1131600,74.75,78.33,22.67,93.57,134
1972-11-03,4.1016,4.1996,4.0596,4.1648,884800,76.39,78.33,22.67,96.52,135
1972-11-10,4.1648,4.2488,4.1648,4.2275,942400,77.92,78.33,22.67,99.27,136
1972-11-17,4.2275,4.3535,4.2063,4.3463,1429600,80.5,80.5,22.67,100.0,137
1972-11-24,4.3463,4.4515,4.3115,4.4302,938800,82.09,82.09,22.67,100.0,138
1972-12-01,4.4235,4.4375,4.3395,4.3743,838800,77.54,82.09,22.67,92.34,139
1972-12-08,4.3743,4.5142,4.3608,4.5008,1282400,80.21,82.09,22.67,96.83,140
1972-12-15,4.5075,4.5982,4.4795,4.5075,808400,80.35,82.09,22.67,97.06,141
1972-12-22,4.4862,4.4862,4.3328,4.3328,752800,67.57,82.09,22.67,75.56,142
1972-12-29,4.3255,4.4728,4.2488,4.4582,516000,71.12,82.09,22.67,81.53,143
1973-01-05,4.4795,4.6408,4.4795,4.6262,767600,75.06,82.09,22.67,88.16,144
1973-01-12,4.6262,4.7735,4.6262,4.7455,946000,77.41,82.09,22.67,92.12,145
1973-01-19,4.7455,4.8088,4.7035,4.7942,748800,78.32,82.09,22.67,93.64,146
1973-01-26,4.8015,4.9275,4.7662,4.8155,1004800,78.71,82.09,22.67,94.31,147
1973-02-02,4.8155,5.0395,4.8015,4.9135,1132000,80.5,82.09,22.67,97.31,148
1973-02-09,4.9135,4.9135,4.4375,4.7102,1665200,67.82,82.09,22.67,75.98,149
1973-02-16,4.7102,4.8295,4.3255,4.4862,1486400,57.14,82.09,22.67,58.01,150
1973-02-23,4.5075,4.6335,4.3048,4.3115,656400,50.47,82.09,22.67,46.77,151
1973-03-02,4.2768,4.4235,4.1156,4.4235,1032000,54.16,82.09,22.67,52.99,152
1973-03-09,4.4235,4.5635,4.2555,4.4795,783600,55.93,82.09,22.67,55.97,153
1973-03-16,4.4795,4.7315,4.4728,4.6195,581200,60.08,82.09,22.67,62.96,154
1973-03-23,4.6195,4.6408,4.4095,4.4448,684000,53.33,82.09,22.67,51.6,155
1973-03-30,4.4515,4.7528,4.4515,4.7248,688800,60.91,82.09,22.67,64.35,156
1973-04-06,4.7035,4.7035,4.5422,4.6195,447600,57.15,82.09,22.67,58.03,157
1973-04-13,4.6475,4.9695,4.6475,4.8648,924400,62.9,82.09,22.67,67.7,158
1973-04-19,4.8648,4.9488,4.8015,4.8995,604800,63.64,82.09,22.67,68.95,159
1973-04-27,4.8995,4.9622,4.7595,4.7875,577200,59.5,82.09,22.67,61.98,160
1973-05-04,4.7875,4.8502,4.6542,4.8155,848000,60.2,82.09,22.67,63.15,161
1973-05-11,4.8222,4.8648,4.3535,4.3675,1379600,46.43,82.09,22.67,39.98,162
1973-05-18,4.3395,4.3395,4.0876,4.1576,832400,41.62,82.09,22.67,31.89,163
1973-05-25,4.1156,4.3675,4.0383,4.3183,680000,46.21,82.09,22.67,39.61,164
1973-06-01,4.2975,4.2975,4.1436,4.1856,277200,43.19,82.09,22.67,34.53,165
1973-06-08,4.1716,4.4375,4.0736,4.3955,532000,48.88,82.09,22.67,44.11,166
1973-06-15,4.3955,4.4515,4.1576,4.1716,633200,43.84,82.09,22.67,35.62,167
1973-06-22,4.1716,4.2135,4.0876,4.1088,513200,42.51,82.09,22.67,33.39,168
1973-06-29,4.1088,4.4095,4.0736,4.3115,388000,47.98,82.09,22.67,42.59,169
1973-07-06,4.2975,4.3395,4.2555,4.3255,246400,48.34,82.09,22.67,43.2,170
1973-07-13,4.3255,4.3328,3.8636,3.8636,722000,38.69,82.09,22.67,26.95,171
1973-07-20,3.8636,3.9336,3.8076,3.8636,1437600,38.69,82.09,22.67,26.95,172
1973-07-27,3.8916,4.2835,3.8703,4.1436,1094000,46.24,82.09,22.67,39.65,173
1973-08-03,4.1296,4.1296,3.8216,3.8916,800800,41.31,82.09,22.67,31.36,174
1973-08-10,3.8916,4.0176,3.8216,3.8289,435600,40.16,82.09,22.67,29.43,175
1973-08-17,3.8076,3.8076,3.6049,3.6396,637600,36.84,82.09,22.67,23.83,176
1973-08-24,3.6396,3.6396,3.4296,3.5276,582400,34.99,82.09,22.67,20.73,177
1973-08-31,3.5276,3.7236,3.5063,3.6536,602400,38.71,82.09,22.67,26.99,178
1973-09-07,3.6116,3.6116,3.5063,3.5136,1112000,36.23,82.09,22.67,22.81,179
1973-09-14,3.5136,3.5276,3.3384,3.4296,1064000,34.79,82.09,22.67,20.39,180
1973-09-21,3.4296,3.8009,3.4296,3.7936,1056400,45.0,82.09,22.67,37.57,181
1973-09-28,3.7936,4.0316,3.7863,3.8776,640000,47.06,82.09,22.67,41.04,182
1973-10-05,3.8776,3.9129,3.7303,3.8916,721600,47.41,82.09,22.67,41.63,183
1973-10-12,3.8356,3.8636,3.6956,3.7863,1065600,44.98,82.09,22.67,37.54,184
1973-10-19,3.7376,3.9196,3.5903,3.8776,1172000,47.49,82.09,22.67,41.77,185
1973-10-26,3.8776,4.0808,3.7863,4.0808,851600,52.68,82.09,22.67,50.5,186
1973-11-02,4.0808,4.1368,3.8776,3.9196,614800,48.58,82.09,22.67,43.6,187
1973-11-09,3.8916,3.8916,3.6536,3.6889,520000,43.38,82.09,22.67,34.84,188
1973-11-16,3.6889,3.7516,3.3944,3.6049,988800,41.63,82.09,22.67,31.9,189
1973-11-23,3.5836,3.5836,3.3596,3.4016,564800,37.67,82.09,22.67,25.24,190
1973-11-30,3.3529,3.3529,3.1077,3.2197,828000,34.51,82.09,22.67,19.92,191
1973-12-07,3.2057,3.2689,3.0237,3.2197,922800,34.51,82.09,22.67,19.92,192
1973-12-14,3.2197,3.3316,1.5186,1.6585,775800,18.81,82.09,18.81,0.0,193
1973-12-21,1.6585,1.8411,1.6451,1.8058,736600,22.39,82.09,18.81,5.67,194
1973-12-28,1.7851,1.9598,1.7218,1.9531,600600,25.92,82.09,18.81,11.24,195
1974-01-04,1.9531,2.0505,1.9038,2.0158,703400,27.43,82.09,18.81,13.63,196
1974-01-11,2.0158,2.0371,1.7145,1.7425,748600,25.03,82.09,18.81,9.84,197
1974-01-18,1.7425,1.8265,1.6798,1.6798,711000,24.51,82.09,18.81,9.0,198
1974-01-25,1.6798,1.7571,1.5958,1.6658,780600,24.38,82.09,18.81,8.81,199
1974-02-01,1.6658,1.7571,1.6171,1.7011,564000,25.4,82.09,18.81,10.43,200
1974-02-08,1.6731,1.6731,1.5958,1.6518,370600,24.9,82.09,18.81,9.62,201
1974-02-15,1.6451,1.6451,1.5398,1.5678,500000,24.02,82.09,18.81,8.23,202
1974-02-22,1.5678,1.7011,1.5466,1.6731,353800,27.48,82.09,18.81,13.7,203
1974-03-01,1.6658,1.6658,1.5538,1.5611,470600,26.12,82.09,18.81,11.55,204
1974-03-08,1.5611,1.7778,1.5466,1.7705,1086400,32.82,82.09,18.81,22.14,205
1974-03-15,1.7705,1.8131,1.7145,1.7851,592400,33.28,82.09,18.81,22.86,206
1974-03-22,1.7851,1.7851,1.6518,1.6938,695600,31.82,82.09,18.81,20.57,207
1974-03-29,1.6938,1.7078,1.6098,1.6378,561400,30.93,82.09,18.81,19.16,208
1974-04-05,1.6378,1.6585,1.5818,1.5958,395600,30.25,82.09,18.81,18.08,209
1974-04-11,1.5958,1.6025,1.5398,1.5678,745600,29.78,82.09,18.81,17.33,210
1974-04-19,1.5678,1.5958,1.5398,1.5818,602200,30.36,82.09,18.81,18.26,211
1974-04-26,1.5818,1.5891,1.5398,1.5746,572000,30.22,82.09,18.81,18.04,212
1974-05-03,1.5746,1.7498,1.5678,1.6658,802600,34.34,82.09,18.81,24.55,213
1974-05-10,1.6585,1.6731,1.6238,1.6238,323400,33.37,82.09,18.81,23.01,214
1974-05-17,1.6238,1.6378,1.4626,1.4906,484200,30.41,82.09,18.81,18.34,215
1974-05-24,1.4906,1.5258,1.4491,1.5051,534400,31.13,82.09,18.81,19.47,216
1974-05-31,1.5051,1.5331,1.4418,1.4978,467200,30.96,82.09,18.81,19.2,217
1974-06-07,1.4978,1.6865,1.4838,1.6731,591600,39.61,82.09,18.81,32.87,218
1974-06-14,1.6731,1.6731,1.5398,1.5466,610200,36.09,82.09,18.81,27.31,219
1974-06-21,1.5398,1.5398,1.4698,1.4838,433600,34.46,82.09,18.81,24.73,220
1974-06-28,1.4838,1.5398,1.4838,1.4978,345400,35.16,82.09,18.81,25.85,221
1974-07-05,1.4978,1.5118,1.4626,1.4838,233400,34.76,82.09,18.81,25.21,222
1974-07-12,1.4838,1.4838,1.4066,1.4771,508400,34.56,82.09,18.81,24.89,223
1974-07-19,1.4771,1.4771,1.3999,1.4211,813800,32.82,82.09,18.81,22.15,224
1974-07-26,1.4211,1.5891,1.4066,1.4838,855200,36.66,82.09,18.81,28.2,225
1974-08-02,1.4558,1.4698,1.4066,1.4558,748400,35.68,82.09,18.81,26.66,226
1974-08-09,1.4558,1.4978,1.4346,1.4906,645600,37.89,82.09,18.81,30.15,227
1974-08-16,1.4906,1.4906,1.3931,1.3999,376600,34.55,82.09,18.81,24.87,228
1974-08-23,1.3999,1.4138,1.3159,1.3371,574000,32.41,82.09,18.81,21.5,229
1974-08-30,1.3371,1.3719,1.2879,1.3719,457000,34.81,82.09,18.81,25.29,230
1974-09-06,1.3786,1.4418,1.3226,1.4346,414400,39.02,82.09,18.81,31.94,231
1974-09-13,1.4346,1.4346,1.2739,1.2946,425000,33.78,82.09,18.81,23.66,232
1974-09-20,1.2946,1.3651,1.2599,1.3159,481000,35.2,82.09,18.81,25.91,233
1974-09-27,1.3159,1.3226,1.2251,1.2386,468200,32.47,82.09,18.81,21.59,234
1974-10-04,1.2386,1.2459,1.1266,1.2106,702200,31.52,82.09,18.81,20.08,235
1974-10-11,1.2251,1.3786,1.2251,1.3226,734800,39.21,82.09,18.81,32.24,236
1974-10-18,1.3299,1.3999,1.2946,1.3999,575800,43.9,82.09,18.81,39.65,237
1974-10-25,1.3999,1.4211,1.3019,1.3299,501400,40.83,82.09,18.81,34.8,238
1974-11-01,1.3299,1.4346,1.3019,1.3999,569800,44.97,82.09,18.81,41.34,239
1974-11-08,1.3931,1.4278,1.3226,1.3226,474000,41.52,82.09,18.81,35.88,240
1974-11-15,1.3226,1.3299,1.2459,1.2739,369400,39.46,82.09,18.81,32.63,241
1974-11-22,1.2666,1.2666,1.1759,1.1899,503600,36.13,82.09,18.81,27.37,242
1974-11-29,1.1899,1.2319,1.1619,1.1826,573400,35.85,82.09,18.81,26.93,243
1974-12-06,1.1826,1.1972,1.1339,1.1479,607800,34.47,82.09,18.81,24.74,244
1974-12-13,1.1479,1.3019,1.1479,1.2531,687000,41.79,82.09,18.81,36.32,245
1974-12-20,1.2531,1.2946,1.1972,1.2179,645200,40.17,82.09,18.81,33.76,246
1974-12-27,1.2179,1.2531,1.1826,1.2251,359600,40.68,82.09,18.81,34.57,247
1975-01-03,1.2251,1.3506,1.2039,1.3159,381800,46.79,82.09,18.81,44.21,248
1975-01-10,1.3159,1.4066,1.2599,1.3859,621600,50.98,82.09,18.81,50.84,249
1975-01-17,1.3859,1.3931,1.2531,1.2599,607600,44.23,82.09,18.81,40.17,250
1975-01-24,1.2599,1.3999,1.2386,1.3931,542200,51.54,82.09,18.81,51.72,251
1975-01-31,1.3931,1.4771,1.3859,1.4558,886600,54.56,82.09,18.81,56.49,252
1975-02-07,1.4558,1.4698,1.3506,1.3719,889600,50.06,82.09,18.81,49.38,253
1975-02-14,1.3719,1.4626,1.3439,1.4138,623200,52.18,82.09,18.81,52.74,254
1975-02-21,1.4138,1.4626,1.3999,1.4558,504600,54.28,82.09,18.81,56.05,255
1975-02-28,1.4491,1.4491,1.3719,1.4211,472800,52.24,82.09,18.81,52.83,256
1975-03-07,1.4211,1.5331,1.4138,1.4626,582400,54.44,82.09,18.81,56.3,257
1975-03-14,1.4626,1.5186,1.4491,1.5051,595800,56.64,82.09,18.81,59.79,258
1975-03-21,1.5051,1.5118,1.3786,1.4066,522400,50.54,82.09,18.81,50.14,259
1975-03-27,1.3931,1.3931,1.3371,1.3719,515800,48.56,82.09,18.81,47.01,260
1975-04-04,1.3719,1.3931,1.2946,1.3159,443800,45.46,82.09,18.81,42.11,260
1975-04-11,1.3159,1.4346,1.2946,1.3999,507800,50.56,82.09,18.81,50.17,260
1975-04-18,1.3999,1.4558,1.3999,1.4138,399800,51.37,82.09,18.81,51.46,260
1975-04-25,1.4138,1.4346,1.3226,1.3786,653400,49.17,82.09,18.81,47.98,260
1975-05-02,1.3786,1.4626,1.3299,1.4491,715200,53.47,82.09,18.81,54.77,260
1975-05-09,1.4491,1.6451,1.4491,1.6238,863000,62.03,82.09,18.81,68.29,260
1975-05-16,1.6238,1.6305,1.5466,1.5818,678000,59.21,82.09,18.81,63.84,260
1975-05-23,1.5818,1.5958,1.4906,1.5258,467400,55.58,82.09,18.81,58.1,260
1975-05-30,1.5398,1.7011,1.5398,1.6658,703000,61.87,82.09,18.81,68.04,260
1975-06-06,1.6798,1.7985,1.6798,1.7851,1307800,66.25,82.09,18.81,74.97,260
1975-06-13,1.7851,1.8265,1.7145,1.7571,741600,64.38,82.09,18.81,72.01,260
1975-06-20,1.7571,1.8265,1.7571,1.7778,690600,65.17,82.09,18.81,73.25,260
1975-06-27,1.7778,1.8478,1.7571,1.7918,507000,65.72,82.09,18.81,74.12,260
1975-07-03,1.7918,1.8131,1.7078,1.7358,538000,61.54,82.09,18.81,67.52,260
1975-07-11,1.7358,1.8058,1.6518,1.7778,663600,63.42,82.09,18.81,70.49,260
1975-07-18,1.7778,1.8411,1.7571,1.7918,570200,64.05,82.09,18.81,71.48,260
1975-07-25,1.7918,1.7918,1.7291,1.7571,560600,61.23,82.09,18.81,67.03,260
1975-08-01,1.7498,1.7571,1.6798,1.7218,571400,58.41,82.09,18.81,62.58,260
1975-08-08,1.7218,1.7358,1.6938,1.7078,463200,57.29,82.09,18.81,60.81,260
1975-08-15,1.6938,1.7358,1.6658,1.6798,468200,55.01,82.09,18.81,57.2,260
1975-08-22,1.6798,1.6865,1.5678,1.5818,628800,47.83,82.09,18.81,45.86,260
1975-08-29,1.5818,1.6731,1.5678,1.6658,521600,53.44,82.09,18.81,54.72,260
1975-09-05,1.6658,1.6731,1.6238,1.6518,293800,52.43,82.09,18.81,53.12,260
1975-09-12,1.6518,1.6865,1.6451,1.6518,318400,52.43,82.09,18.81,53.12,260
1975-09-19,1.6518,1.7218,1.6305,1.7218,280000,57.13,82.09,18.81,60.56,260
1975-09-26,1.7218,1.7291,1.6658,1.6938,372800,54.8,82.09,18.81,56.87,260
1975-10-03,1.6938,1.7011,1.6305,1.6451,453600,50.9,82.09,18.81,50.71,260
1975-10-10,1.6451,1.7291,1.6378,1.7291,347600,56.63,82.09,18.81,59.76,260
1975-10-17,1.7291,1.7985,1.7145,1.7705,641000,59.16,82.09,18.81,63.76,260
1975-10-24,1.7705,1.8058,1.6865,1.6938,416200,52.99,82.09,18.81,54.02,260
1975-10-31,1.6938,1.7291,1.6518,1.6731,478600,51.43,82.09,18.81,51.55,260
1975-11-07,1.6731,1.6798,1.5958,1.5958,385800,46.0,82.09,18.81,42.96,260
1975-11-14,1.5958,1.6378,1.5678,1.6305,399400,48.62,82.09,18.81,47.11,260
1975-11-21,1.6305,1.6518,1.5891,1.6171,422800,47.66,82.09,18.81,45.59,260
1975-11-28,1.6098,1.6305,1.5891,1.6098,417600,47.11,82.09,18.81,44.72,260
1975-12-05,1.6098,1.6238,1.4838,1.4906,765400,39.18,82.09,18.81,32.2,260
1975-12-12,1.4906,1.5331,1.4698,1.5331,565000,42.88,82.09,18.81,38.03,260
1975-12-19,1.5331,1.5398,1.5051,1.5051,540000,41.11,82.09,18.81,35.24,260
1975-12-26,1.5051,1.6098,1.5051,1.6025,389600,48.99,82.09,18.81,47.7,260
1976-01-02,1.6025,1.6585,1.6025,1.6518,263200,52.46,82.09,18.81,53.18,260
1976-01-09,1.6518,1.7778,1.6518,1.7358,799800,57.73,82.09,18.81,61.51,260
1976-01-16,1.7358,1.7358,1.6658,1.6731,651800,53.01,82.09,18.81,54.04,260
1976-01-23,1.6731,1.7291,1.6731,1.6798,676200,53.45,82.09,18.81,54.73,260
1976-01-30,1.6865,1.7985,1.6798,1.7638,2063600,58.66,82.09,18.81,62.96,260
1976-02-06,1.7638,1.9038,1.7358,1.7705,1487000,59.05,82.09,18.81,63.59,260
1976-02-13,1.7705,1.8898,1.7425,1.7638,1038600,58.45,82.09,18.81,62.64,260
1976-02-20,1.7638,1.7851,1.7078,1.7291,944000,55.32,82.09,18.81,57.69,260
1976-02-27,1.7291,1.7358,1.6378,1.6798,1081400,51.13,82.09,18.81,51.07,260
1976-03-05,1.6798,1.7218,1.6518,1.6798,948400,51.13,82.09,18.81,51.07,260
1976-03-12,1.6798,1.7218,1.6658,1.6938,1230600,52.32,82.09,18.81,52.95,260
1976-03-19,1.6938,1.7291,1.6731,1.7218,1129200,54.69,82.09,18.81,56.7,260
1976-03-26,1.7218,1.9251,1.7145,1.9178,1847600,67.06,82.09,18.81,76.25,260
1976-04-02,1.9178,1.9251,1.8198,1.8265,1227200,58.99,82.09,18.81,63.49,260
1976-04-09,1.8478,1.9385,1.8478,1.8691,1347400,61.32,82.09,18.81,67.18,260
1976-04-15,1.8691,1.9251,1.8545,1.9105,853200,63.51,82.09,18.81,70.63,260
1976-04-23,1.9105,2.0091,1.9105,1.9945,1288200,67.51,82.09,18.81,76.95,260
1976-04-30,1.9945,2.0651,1.9878,2.0298,1617200,69.04,82.09,18.81,79.38,260
1976-05-07,2.0298,2.0718,1.9811,2.0718,1278800,70.81,82.09,18.81,82.17,260
1976-05-14,2.0718,2.0785,2.0158,2.0298,1105800,66.71,82.09,18.81,75.69,260
1976-05-21,2.0298,2.0785,2.0018,2.0505,1013200,67.7,82.09,18.81,77.26,260
1976-05-28,2.0505,2.0998,1.9811,2.0785,1056200,69.05,82.09,18.81,79.39,260
1976-06-04,2.0785,2.0931,2.0438,2.0438,708600,65.41,82.09,18.81,73.64,260
1976-06-11,2.0438,2.0931,2.0158,2.0718,984200,66.92,82.09,18.81,76.03,260
1976-06-18,2.0858,2.1278,2.0785,2.0998,942200,68.41,82.09,18.81,78.38,260
1976-06-25,2.0998,2.1065,2.0578,2.0931,780800,67.63,82.09,18.81,77.14,260
1976-07-02,2.0998,2.1345,2.0998,2.1211,899400,69.21,82.09,18.81,79.65,260
1976-07-09,2.1211,2.1978,2.1138,2.1625,971800,71.45,82.09,18.81,83.18,260
1976-07-16,2.1491,2.1558,2.0998,2.1065,1423200,64.63,82.09,18.81,72.4,260
1976-07-23,2.1065,2.1345,2.0718,2.1278,570600,65.96,82.09,18.81,74.5,260
1976-07-30,2.1278,2.1418,2.0858,2.1211,509200,65.12,82.09,18.81,73.18,260
1976-08-06,2.1211,2.1418,2.1065,2.1418,552000,66.53,82.09,18.81,75.4,260
1976-08-13,2.1278,2.1345,2.1065,2.1345,704600,65.53,82.09,18.81,73.82,260
1976-08-20,2.1345,2.1558,2.0931,2.0998,795600,60.84,82.09,18.81,66.42,260
1976-08-27,2.0858,2.1211,2.0371,2.0505,540600,54.85,82.09,18.81,56.94,260
1976-09-03,2.0505,2.1211,2.0505,2.0998,598200,59.18,82.09,18.81,63.79,260
1976-09-10,2.0998,2.1345,2.0785,2.0998,605800,59.18,82.09,18.81,63.79,260
1976-09-17,2.0998,2.1491,2.0785,2.1138,720800,60.43,82.09,18.81,65.77,260
1976-09-24,2.1138,2.1905,2.1138,2.1698,1224400,65.04,82.09,18.81,73.06,260
1976-10-01,2.1698,2.205,2.0578,2.0858,753600,54.73,82.09,18.81,56.77,260
1976-10-08,2.0858,2.1065,2.0158,2.0505,1014400,51.07,82.09,18.81,50.98,260
1976-10-15,2.0438,2.0438,1.9531,1.9598,985800,43.09,82.09,18.81,38.37,260
1976-10-22,1.9598,2.0091,1.9458,1.9878,524400,45.9,82.09,18.81,42.81,260
1976-10-29,1.9878,2.0651,1.9811,2.0651,741200,52.82,82.09,18.81,53.75,260
1976-11-05,2.0651,2.0998,1.8758,1.9038,1056800,41.02,82.09,18.81,35.1,260
1976-11-12,1.9038,1.9251,1.8691,1.8898,801200,40.18,82.09,18.81,33.78,260
1976-11-19,1.8898,2.0158,1.8691,1.9878,1096200,48.18,82.09,18.81,46.41,260
1976-11-26,1.9878,2.0371,1.8825,2.0371,735000,51.67,82.09,18.81,51.93,260
1976-12-03,2.0371,2.0931,2.0018,2.0931,987600,55.36,82.09,18.81,57.76,260
1976-12-10,2.0931,2.1698,2.0785,2.1558,1285600,59.12,82.09,18.81,63.7,260
1976-12-17,2.1558,2.1978,2.1211,2.177,899000,60.34,82.09,18.81,65.63,260
1976-12-23,2.177,2.2258,2.1625,2.2118,861000,62.32,82.09,18.81,68.75,260
1976-12-31,2.2118,2.2958,2.205,2.2958,975800,66.65,82.09,18.81,75.6,260
1977-01-07,2.261,2.3025,2.205,2.2465,818200,62.14,82.09,18.81,68.47,260
1977-01-14,2.2538,2.2678,2.1838,2.261,980400,62.94,82.09,18.81,69.73,260
1977-01-21,2.261,2.3238,2.2398,2.2678,1434200,63.32,82.09,18.81,70.34,260
1977-01-28,2.2678,2.4497,2.261,2.3657,1262200,68.46,82.09,18.81,78.46,260
1977-02-04,2.3657,2.4217,2.345,2.3797,1007200,69.12,82.09,18.81,79.51,260
1977-02-11,2.3797,2.3937,2.2185,2.2185,1131400,54.78,82.09,18.81,56.85,260
1977-02-18,2.2185,2.261,2.1905,2.2465,1000400,56.47,82.09,18.81,59.51,260
1977-02-25,2.2398,2.2465,2.2118,2.2398,597800,55.93,82.09,18.81,58.66,260
1977-03-04,2.2398,2.3025,2.233,2.289,774400,59.03,82.09,18.81,63.55,260
1977-03-11,2.289,2.3025,2.2465,2.289,746200,59.03,82.09,18.81,63.55,260
1977-03-18,2.289,2.345,2.2745,2.3305,794200,61.65,82.09,18.81,67.7,260
1977-03-25,2.3305,2.3378,2.1491,2.1978,1094800,50.49,82.09,18.81,50.07,260
1977-04-01,2.1978,2.233,2.177,2.233,522200,52.93,82.09,18.81,53.92,260
1977-04-07,2.233,2.233,2.1905,2.2185,291600,51.8,82.09,18.81,52.13,260
1977-04-15,2.2185,2.2818,2.2185,2.2398,719600,53.37,82.09,18.81,54.61,260
1977-04-22,2.2398,2.261,2.2118,2.2258,514800,52.16,82.09,18.81,52.71,260
1977-04-29,2.2185,2.2678,2.1905,2.2678,667600,55.42,82.09,18.81,57.85,260
1977-05-06,2.2745,2.3657,2.2745,2.3025,788400,57.96,82.09,18.81,61.87,260
1977-05-13,2.289,2.3657,2.2678,2.3517,788600,61.34,82.09,18.81,67.2,260
1977-05-20,2.373,2.4077,2.3657,2.3797,812200,63.15,82.09,18.81,70.06,260
1977-05-27,2.3797,2.3865,2.2818,2.317,504400,56.74,82.09,18.81,59.94,260
1977-06-03,2.317,2.3797,2.317,2.3517,567400,59.21,82.09,18.81,63.84,260
1977-06-10,2.3517,2.3517,2.2538,2.2958,862800,53.87,82.09,18.81,55.4,260
1977-06-17,2.3025,2.3657,2.3025,2.3517,650800,57.95,82.09,18.81,61.85,260
1977-06-24,2.3378,2.3797,2.3238,2.373,795000,59.42,82.09,18.81,64.18,260
1977-07-01,2.373,2.3797,2.3378,2.345,794800,56.62,82.09,18.81,59.74,260
1977-07-08,2.3517,2.3865,2.3378,2.345,472000,56.62,82.09,18.81,59.74,260
1977-07-15,2.345,2.4777,2.345,2.4777,1088800,65.55,82.09,18.81,73.86,260
1977-07-22,2.4777,2.5477,2.4777,2.5337,667800,68.5,82.09,18.81,78.52,260
1977-07-29,2.5337,2.5337,2.3657,2.4217,841000,57.84,82.09,18.81,61.68,260
1977-08-05,2.4217,2.4777,2.4145,2.4357,476400,58.7,82.09,18.81,63.04,260
1977-08-12,2.4357,2.4357,2.2818,2.3657,560000,52.86,82.09,18.81,53.81,260
1977-08-19,2.3657,2.3657,2.1625,2.1838,1730000,41.34,82.09,18.81,35.61,260
1977-08-26,2.1838,2.1978,2.0998,2.1418,1139000,39.22,82.09,18.81,32.26,260
1977-09-02,2.1418,2.3378,2.1278,2.3378,675200,51.69,82.09,18.81,51.96,260
1977-09-09,2.3238,2.3517,2.261,2.2745,1171400,48.25,82.09,18.81,46.52,260
1977-09-16,2.2745,2.3378,2.261,2.2958,575200,49.47,82.09,18.81,48.45,260
1977-09-23,2.289,2.289,2.233,2.261,659400,47.5,82.09,18.81,45.34,260
1977-09-30,2.261,2.345,2.2465,2.3378,508800,52.04,82.09,18.81,52.51,260
1977-10-07,2.3378,2.345,2.2678,2.3098,604800,50.33,82.09,18.81,49.81,260
1977-10-14,2.3098,2.3305,2.2118,2.233,1005800,45.88,82.09,18.81,42.78,260
1977-10-21,2.233,2.261,2.1698,2.1978,551800,43.96,82.09,18.81,39.74,260
1977-10-28,2.1978,2.205,2.1418,2.1838,420400,43.19,82.09,18.81,38.52,260
1977-11-04,2.1838,2.1838,2.0998,2.1418,1035600,40.86,82.09,18.81,34.85,260
1977-11-11,2.1418,2.2398,2.1345,2.2398,645000,47.91,82.09,18.81,45.98,260
1977-11-18,2.2398,2.2745,2.1978,2.1978,701000,45.41,80.5,18.81,43.12,260
1977-11-25,2.1978,2.2465,2.1978,2.2258,774200,47.38,80.5,18.81,46.31,260
1977-12-02,2.2258,2.2398,2.1905,2.233,644800,47.9,80.5,18.81,47.17,260
1977-12-09,2.233,2.2538,2.1905,2.2398,609000,48.42,80.5,18.81,48.0,260
1977-12-16,2.2398,2.2538,2.1625,2.2118,548600,46.37,80.5,18.81,44.68,260
1977-12-23,2.2118,2.2258,2.1558,2.2258,833600,47.56,80.5,18.81,46.61,260
1977-12-30,2.2258,2.233,2.1418,2.177,556200,43.9,80.5,18.81,40.68,260
1978-01-06,2.177,2.177,2.0505,2.0718,528400,37.23,80.5,18.81,29.87,260
1978-01-13,2.0651,2.0651,1.9598,1.9811,963800,32.63,80.5,18.81,22.41,260
1978-01-20,1.9811,1.9945,1.9178,1.9738,1628000,32.29,80.5,18.81,21.85,260
1978-01-27,1.9738,2.0091,1.9458,1.9945,447200,34.41,71.45,18.81,29.64,260
1978-02-03,1.9945,2.1698,1.9945,2.1138,906200,45.09,71.45,18.81,49.93,260
1978-02-10,2.1138,2.1698,2.1065,2.1211,626200,45.67,71.45,18.81,51.03,260
1978-02-17,2.1211,2.1345,2.0578,2.0858,571600,43.28,71.45,18.81,46.49,260
1978-02-24,2.0858,2.1558,2.0718,2.1558,555800,48.99,71.45,18.81,57.33,260
1978-03-03,2.1558,2.1625,2.0858,2.1418,675600,47.95,71.45,18.81,55.36,260
1978-03-10,2.1278,2.1491,2.0858,2.1418,611600,47.95,71.45,18.81,55.36,260
1978-03-17,2.1558,2.205,2.1418,2.1838,478600,51.53,71.45,18.81,62.16,260
1978-03-23,2.1978,2.2398,2.177,2.1838,502600,51.53,71.45,18.81,62.16,260
1978-03-31,2.177,2.205,2.1491,2.1625,487400,49.53,71.45,18.81,58.36,260
1978-04-07,2.1418,2.2118,2.1138,2.1978,604800,52.8,71.45,18.81,64.57,260
1978-04-14,2.1978,2.2465,2.1698,2.2398,589200,56.42,71.45,18.81,71.45,260
1978-04-21,2.2465,2.3098,2.2465,2.261,913200,58.17,71.45,18.81,74.78,260
1978-04-28,2.261,2.429,2.2465,2.429,1262200,68.82,71.45,18.81,95.01,260
1978-05-05,2.429,2.4777,2.4077,2.4425,1456000,69.49,71.45,18.81,96.29,260
1978-05-12,2.4425,2.4637,2.4077,2.4357,734200,68.7,71.45,18.81,94.78,260
1978-05-19,2.4357,2.4637,2.4077,2.429,892400,67.86,71.45,18.81,93.19,260
1978-05-26,2.429,2.457,2.3238,2.3238,735000,56.31,71.45,18.81,71.25,260
1978-06-02,2.3238,2.3937,2.2818,2.3937,470200,61.06,71.45,18.81,80.26,260
1978-06-09,2.3937,2.4777,2.3865,2.4145,1008800,62.36,71.45,18.81,82.74,260
1978-06-16,2.4145,2.4425,2.3865,2.4077,583600,61.64,71.45,18.81,81.37,260
1978-06-23,2.4077,2.4145,2.2398,2.2398,775000,47.01,71.45,18.81,53.59,260
1978-06-30,2.2398,2.261,2.205,2.233,898200,46.54,71.45,18.81,52.68,260
1978-07-07,2.2118,2.2118,2.1345,2.1491,691800,40.96,71.45,18.81,42.08,260
1978-07-14,2.1558,2.2538,2.1558,2.2538,1100200,49.14,71.45,18.81,57.63,260
1978-07-21,2.2538,2.317,2.205,2.2958,833400,52.02,71.45,18.81,63.09,260
1978-07-28,2.2958,2.373,2.2818,2.3517,606600,55.62,71.45,18.81,69.93,260
1978-08-04,2.3517,2.3797,2.2818,2.317,1360000,52.96,71.45,18.81,64.89,260
1978-08-11,2.317,2.4217,2.317,2.3937,913400,57.76,71.45,18.81,74.0,260
1978-08-18,2.3937,2.5197,2.373,2.4705,1392400,61.94,71.45,18.81,81.94,260
1978-08-25,2.4705,2.4777,2.4077,2.4425,796600,59.62,71.45,18.81,77.53,260
1978-09-01,2.4425,2.5264,2.4077,2.513,888400,63.34,71.45,18.81,84.61,260
1978-09-08,2.5617,2.6944,2.5617,2.6877,1571800,70.58,71.45,18.81,98.35,260
1978-09-15,2.6877,2.709,2.513,2.5337,1059800,59.44,71.45,18.81,77.2,260
1978-09-22,2.5337,2.5824,2.5197,2.569,849200,60.96,71.45,18.81,80.08,260
1978-09-29,2.569,2.625,2.5477,2.625,763800,63.31,71.45,18.81,84.55,260
1978-10-06,2.625,2.7224,2.6177,2.6944,890800,66.04,71.45,18.81,89.73,260
1978-10-13,2.6944,2.737,2.6944,2.7157,945000,66.86,71.45,18.81,91.28,260
1978-10-20,2.709,2.709,2.4637,2.4777,1163600,51.88,71.45,18.81,62.83,260
1978-10-27,2.4777,2.569,2.4357,2.4357,878600,49.76,71.45,18.81,58.8,260
1978-11-03,2.4357,2.6104,2.3865,2.6037,1142000,57.28,71.45,18.81,73.08,260
1978-11-10,2.597,2.597,2.485,2.5544,708200,54.69,71.45,18.81,68.17,260
1978-11-17,2.5544,2.5617,2.4357,2.513,766800,52.55,71.45,18.81,64.09,260
1978-11-24,2.5337,2.6177,2.5337,2.6037,554800,56.56,71.45,18.81,71.73,260
1978-12-01,2.6037,2.625,2.5337,2.597,586600,56.19,71.45,18.81,71.01,260
1978-12-08,2.597,2.6664,2.5757,2.653,947200,58.67,71.45,22.39,73.96,260
1978-12-15,2.653,2.7297,2.6457,2.6737,1206200,59.59,71.45,24.02,75.0,260
1978-12-22,2.653,2.653,2.5897,2.6457,656400,57.73,71.45,24.02,71.08,260
1978-12-29,2.6457,2.6664,2.625,2.625,275200,56.33,71.45,24.02,68.12,260
1979-01-05,2.625,2.6457,2.6104,2.6104,557400,55.31,71.45,24.02,65.98,260
1979-01-12,2.597,2.6317,2.541,2.569,1019600,52.42,71.45,24.02,59.87,260
1979-01-19,2.569,2.6037,2.5477,2.5824,743400,53.27,71.45,24.02,61.68,260
1979-01-26,2.569,2.6384,2.5477,2.6317,943000,56.37,71.45,24.02,68.2,260
1979-02-02,2.6317,2.6737,2.6037,2.6037,847600,54.17,71.45,24.02,63.57,260
1979-02-09,2.5897,2.5897,2.4985,2.5197,635600,48.11,71.45,26.12,48.53,260
1979-02-16,2.5197,2.597,2.513,2.5544,582800,50.57,71.45,26.12,53.95,260
1979-02-23,2.5544,2.6037,2.513,2.5337,819600,49.08,71.45,29.78,46.32,260
1979-03-02,2.5264,2.541,2.485,2.4985,910400,46.56,71.45,29.78,40.26,260
1979-03-09,2.4985,2.6597,2.485,2.625,794400,55.41,71.45,29.78,61.52,260
1979-03-16,2.625,2.737,2.597,2.737,1012800,61.49,71.45,29.78,76.12,260
1979-03-23,2.7577,2.7857,2.6664,2.6664,1395600,56.29,71.45,29.78,63.61,260
1979-03-30,2.6664,2.7017,2.6177,2.6664,821000,56.29,71.45,29.78,63.61,260
1979-04-06,2.6664,2.821,2.6384,2.7997,1248400,63.13,71.45,30.22,79.82,260
1979-04-12,2.7997,2.7997,2.6877,2.7224,540200,57.51,71.45,30.22,66.19,260
1979-04-20,2.709,2.7437,2.6877,2.7437,594600,58.6,71.45,30.41,68.69,260
1979-04-27,2.7437,2.849,2.7157,2.7224,1127200,57.02,71.45,30.41,64.84,260
1979-05-04,2.7224,2.849,2.7157,2.737,663800,57.86,71.45,30.41,66.88,260
1979-05-11,2.7224,2.7224,2.5544,2.5757,780600,46.95,71.45,30.96,39.5,260
1979-05-18,2.5757,2.6944,2.541,2.6664,618200,52.39,71.45,30.96,52.93,260
1979-05-25,2.6664,2.6877,2.6037,2.625,580800,49.87,71.45,31.52,45.97,260
1979-06-01,2.6177,2.6177,2.5057,2.5337,582600,44.77,71.45,31.52,33.2,260
1979-06-08,2.5337,2.7437,2.5337,2.7157,899400,54.71,71.45,31.52,58.1,260
1979-06-15,2.7157,2.7857,2.6597,2.6877,1089400,53.13,71.45,31.52,54.13,260
1979-06-22,2.6877,2.6944,2.5897,2.6944,628400,53.48,71.45,31.52,55.0,260
1979-06-29,2.6944,2.737,2.653,2.7157,1089600,54.63,71.45,31.52,57.88,260
1979-07-06,2.7157,2.8064,2.6664,2.8064,1024600,59.25,71.45,31.52,69.46,260
1979-07-13,2.821,2.9257,2.821,2.8624,1571800,61.84,71.45,31.52,75.93,260
1979-07-20,2.8624,2.9397,2.849,2.905,1432800,63.72,71.45,31.52,80.65,260
1979-07-27,2.8904,2.9397,2.8557,2.9117,778600,64.02,71.45,31.52,81.4,260
1979-08-03,2.9117,2.9184,2.821,2.8277,799600,57.57,71.45,31.52,65.25,260
1979-08-10,2.821,2.8977,2.793,2.8064,910600,56.03,71.45,31.52,61.39,260
1979-08-17,2.8064,2.905,2.7857,2.8977,1168800,60.87,71.45,31.52,73.5,260
1979-08-24,2.9257,3.1497,2.9257,3.1357,1409600,70.1,71.45,31.52,96.63,260
1979-08-31,3.1569,3.2544,3.1217,3.1289,866800,69.6,71.45,31.52,95.38,260
1979-09-07,3.1289,3.1569,2.961,3.1569,748400,70.54,71.45,31.52,97.73,260
1979-09-14,3.1849,3.2689,3.1497,3.2337,1205200,73.01,73.01,31.52,100.0,260
1979-09-21,3.2337,3.4156,3.1424,3.3384,1717000,75.97,75.97,31.52,100.0,260
1979-09-28,3.3316,3.4649,3.0377,3.2197,1650200,67.0,75.97,32.29,79.47,260
1979-10-05,3.2197,3.3736,3.1424,3.3249,1073800,70.34,75.97,32.29,87.13,260
1979-10-12,3.3249,3.3596,2.989,3.1704,1252200,60.63,75.97,32.29,64.9,260
1979-10-19,3.1704,3.1777,3.0937,3.1077,1379600,57.18,75.97,32.29,57.0,260
1979-10-26,3.0657,3.0657,2.9397,2.9537,840000,49.71,75.97,32.29,39.88,260
1979-11-02,2.961,3.1289,2.961,3.1289,1254400,56.65,75.97,32.29,55.79,260
1979-11-09,3.1289,3.1637,3.0377,3.0797,640600,54.38,75.97,32.29,50.58,260
1979-11-16,3.1077,3.3456,3.1077,3.2756,1083800,61.07,75.97,32.29,65.9,260
1979-11-23,3.2756,3.3384,3.1777,3.2896,849400,61.51,75.97,32.29,66.9,260
1979-11-30,3.3036,3.3529,3.1497,3.1704,875800,55.79,75.97,32.29,53.82,260
1979-12-07,3.1704,3.3036,3.1497,3.1777,951200,56.06,75.97,32.29,54.43,260
1979-12-14,3.1637,3.2756,3.1144,3.2689,1657600,59.39,75.97,32.29,62.05,260
1979-12-21,3.2689,3.3736,3.1357,3.1637,2456600,54.28,75.97,32.29,50.36,260
1979-12-28,3.1637,3.2057,3.1144,3.1424,527800,53.29,75.97,32.29,48.08,260
1980-01-04,3.1569,3.1849,2.9957,3.031,1550000,48.28,75.97,32.29,36.62,260
1980-01-11,3.031,3.0869,3.003,3.003,2225600,47.09,75.97,32.29,33.89,260
1980-01-18,3.003,3.1917,2.9957,3.1917,2386400,55.15,75.97,32.29,52.35,260
1980-01-25,3.2197,3.4649,3.2197,3.4156,2046600,62.46,75.97,32.29,69.09,260
1980-02-01,3.4156,3.5836,3.3736,3.5836,1821800,66.83,75.97,32.29,79.09,260
1980-02-08,3.5836,4.2275,3.5276,4.2203,4260600,77.51,77.51,32.29,100.0,260
1980-02-15,4.2135,4.2135,3.8636,3.9476,2965600,67.49,77.51,32.29,77.83,260
1980-02-22,3.9336,4.4235,3.8636,4.3323,3188800,72.83,77.51,32.29,89.64,260
1980-02-29,4.3255,4.6615,4.2275,4.4515,3488200,74.24,77.51,32.29,92.76,260
1980-03-07,4.4442,4.7595,4.2415,4.2695,2833400,68.4,77.51,32.29,79.84,260
1980-03-14,4.2695,4.3675,4.0876,4.1156,1899600,63.82,77.51,32.29,69.73,260
1980-03-21,4.0736,4.1363,3.8776,3.8983,1860000,57.93,77.51,32.29,56.7,260
1980-03-28,3.8636,3.8776,3.4296,3.6463,2227400,51.94,77.51,32.29,43.47,260
1980-04-03,3.6463,3.7656,3.5836,3.6676,871600,52.39,77.51,32.29,44.46,260
1980-04-11,3.6463,3.8283,3.4716,3.8143,1335200,55.47,77.51,32.29,51.26,260
1980-04-18,3.8143,3.9196,3.6743,3.6743,1056800,52.01,77.51,32.29,43.62,260
1980-04-25,3.6743,3.9403,3.6183,3.8496,1409600,55.73,77.51,32.29,51.84,260
1980-05-02,3.8496,3.9616,3.8496,3.8983,1282000,56.74,77.51,32.29,54.06,260
1980-05-09,3.8843,3.9196,3.6536,3.7023,1740400,51.66,77.51,32.29,42.84,260
1980-05-16,3.6816,3.7936,3.6116,3.7796,1681600,53.43,77.51,32.29,46.75,260
1980-05-23,3.7796,4.0316,3.7583,4.0036,1025000,58.2,77.51,32.29,57.31,260
1980-05-30,4.0036,4.2415,3.9756,4.0943,1584800,59.99,77.51,32.29,61.26,260
1980-06-06,4.0943,4.2063,4.0456,4.1643,1743600,61.37,77.51,32.29,64.3,260
1980-06-13,4.1783,4.4655,4.1783,4.2555,1541000,63.14,77.51,32.29,68.23,260
1980-06-20,4.2555,4.4655,4.2483,4.3255,1260800,64.49,77.51,32.29,71.21,260
1980-06-27,4.3255,4.5355,4.3043,4.4655,1607200,67.09,77.51,32.29,76.95,260
1980-07-03,4.4655,4.4655,4.2763,4.4302,1133200,65.78,77.51,32.29,74.06,260
1980-07-11,4.4302,4.4722,4.2275,4.3115,1106200,61.45,77.51,32.29,64.49,260
1980-07-18,4.3115,4.4582,4.2483,4.4235,1461200,63.87,77.51,32.29,69.83,260
1980-07-25,4.4235,4.5002,4.4022,4.4022,1090600,63.06,77.51,32.29,68.04,260
1980-08-01,4.4022,4.4655,4.0876,4.1156,1712800,53.27,77.51,32.29,46.4,260
1980-08-08,4.0596,4.2695,3.9756,4.1996,1683200,55.45,77.51,32.29,51.22,260
1980-08-15,4.1996,4.2903,4.1083,4.2695,895200,57.24,77.51,32.29,55.18,260
1980-08-22,4.2695,4.3115,4.1783,4.2063,1069000,55.09,77.51,32.29,50.42,260
1980-08-29,4.2063,4.3255,4.0876,4.1083,868400,51.83,77.51,32.29,43.21,260
1980-09-05,4.1083,4.1783,4.0456,4.1016,1151400,51.61,77.51,32.29,42.72,260
1980-09-12,4.1016,4.1156,3.9476,4.0316,1101600,49.21,77.51,32.29,37.41,260
1980-09-19,4.0316,4.2903,4.0316,4.1856,1332200,54.25,77.51,32.29,48.56,260
1980-09-26,4.1856,4.4235,4.1503,4.2343,1779400,55.74,77.51,32.29,51.86,260
1980-10-03,4.2135,4.8015,4.1576,4.7315,2100400,67.45,77.51,32.29,77.74,260
1980-10-10,4.7735,4.9202,4.7035,4.7802,1812200,68.33,77.51,32.29,79.69,260
1980-10-17,4.7802,5.2354,4.7802,4.9555,1446000,71.34,77.51,32.29,86.35,260
1980-10-24,4.9555,5.1794,4.9135,4.9762,1035800,71.69,77.51,32.29,87.11,260
1980-10-31,4.9482,4.9482,4.6055,4.7242,1603000,61.97,77.51,32.29,65.63,260
1980-11-07,4.7315,5.0955,4.7315,4.9835,1049000,66.94,77.51,32.29,76.61,260
1980-11-14,4.9975,5.5854,4.9975,5.5154,1877600,74.34,77.51,32.29,92.98,260
1980-11-21,5.5154,5.9354,5.4454,5.8514,1418400,77.73,77.73,32.29,100.0,260
1980-11-28,5.8514,6.5793,5.7674,6.4393,1465600,82.17,82.17,32.29,100.0,260
1980-12-05,6.3273,6.3273,5.7181,5.7534,1745800,65.71,82.17,32.29,67.0,260
1980-12-12,5.6901,5.7954,5.3194,5.5014,1763600,60.88,82.17,32.29,57.33,260
1980-12-19,5.5014,6.0474,5.4874,5.8514,1705400,64.75,82.17,32.29,65.09,260
1980-12-26,5.8514,5.9354,5.5994,5.6554,1131600,61.11,82.17,32.29,57.78,260
1981-01-02,5.6554,5.6974,5.4594,5.5574,558000,59.31,82.17,32.29,54.17,260
1981-01-09,5.5854,5.6834,5.1514,5.2914,1645400,54.61,82.17,32.29,44.75,260
1981-01-16,5.3122,5.7954,5.2634,5.7954,2001400,60.93,82.17,32.29,57.41,260
1981-01-23,5.7881,5.7881,5.3194,5.3614,1028600,53.96,82.17,32.29,43.45,260
1981-01-30,5.3474,5.4314,5.0955,5.1095,1194600,50.36,82.17,32.29,36.24,260
1981-02-06,5.0322,5.1235,4.8222,5.0675,1298800,49.77,82.17,32.29,35.04,260
1981-02-13,5.0742,5.2214,4.9622,5.1654,1631000,51.22,82.17,32.29,37.95,260
1981-02-20,5.2074,5.3194,5.0395,5.0882,1042600,49.99,82.17,32.29,35.49,260
1981-02-27,5.0882,5.1375,4.8222,5.1302,1396200,50.68,82.17,32.29,36.88,260
1981-03-06,5.1302,5.2282,4.7035,4.7875,2198200,45.2,82.17,32.29,25.88,260
1981-03-13,4.7875,4.8015,2.2538,2.3378,1682700,24.65,82.17,24.65,0.0,260
1981-03-20,2.3378,2.373,2.1978,2.2398,912800,24.18,82.17,24.18,0.0,260
1981-03-27,2.2398,2.4357,2.2398,2.2958,2175900,25.06,82.17,24.18,1.53,260
1981-04-03,2.2958,2.3378,2.2538,2.303,1025500,25.19,82.17,24.18,1.74,260
1981-04-10,2.2678,2.2678,2.0511,2.0998,1268700,24.01,82.17,24.01,0.0,260
1981-04-16,2.0998,2.233,2.0298,2.1558,1276300,25.05,82.17,24.01,1.79,260
1981-04-24,2.1558,2.1838,2.0018,2.0718,1602600,24.51,82.17,24.01,0.86,260
1981-05-01,2.0718,2.359,2.0718,2.3238,1610500,29.44,82.17,24.01,9.34,260
1981-05-08,2.317,2.4217,2.289,2.387,1295300,30.67,82.17,24.01,11.45,260
1981-05-15,2.3657,2.3657,2.219,2.2538,777400,29.5,82.17,24.01,9.45,260
1981-05-22,2.2538,2.289,2.1978,2.2118,793900,29.13,82.17,24.01,8.8,260
1981-05-29,2.2118,2.2678,2.1138,2.1138,1093700,28.23,82.17,24.01,7.26,260
1981-06-05,2.1138,2.163,2.0231,2.1351,1564300,28.74,82.17,24.01,8.14,260
1981-06-12,2.1351,2.1418,2.0158,2.0371,1502600,27.75,82.17,24.01,6.44,260
1981-06-19,2.0371,2.1071,1.9671,2.0858,1538700,29.06,82.17,24.01,8.69,260
1981-06-26,2.0858,2.1418,2.0511,2.0998,1513900,29.46,82.17,24.01,9.37,260
1981-07-02,2.0998,2.1491,2.0651,2.1351,1336900,30.5,82.17,24.01,11.17,260
1981-07-10,2.1351,2.2398,2.1211,2.191,1092300,32.23,82.17,24.01,14.13,260
1981-07-17,2.191,2.3238,2.1558,2.261,1298600,34.41,82.17,24.01,17.89,260
1981-07-24,2.247,2.261,2.1978,2.2398,893800,34.05,82.17,24.01,17.27,260
1981-07-31,2.247,2.401,2.247,2.3797,962900,38.61,82.17,24.01,25.1,260
1981-08-07,2.3797,2.4777,2.3378,2.4217,1253200,39.94,82.17,24.01,27.4,260
1981-08-14,2.4217,2.569,2.387,2.5477,1568300,43.9,82.17,24.01,34.19,260
1981-08-21,2.5477,2.569,2.4357,2.4357,1177300,41.29,82.17,24.01,29.72,260
1981-08-28,2.387,2.387,2.2538,2.3378,1486900,39.11,82.17,24.01,25.97,260
1981-09-04,2.3378,2.4077,2.261,2.261,799000,37.44,82.17,24.01,23.1,260
1981-09-11,2.261,2.3378,2.1698,2.331,975900,39.96,82.17,24.01,27.43,260
1981-09-18,2.331,2.3517,2.1978,2.2258,1026400,37.51,82.17,24.01,23.22,260
1981-09-25,2.2118,2.261,2.0931,2.1071,1385400,34.92,82.17,24.01,18.76,260
1981-10-02,2.1071,2.3098,2.0651,2.2958,1522100,41.81,82.17,24.01,30.61,260
1981-10-09,2.3238,2.443,2.3238,2.345,1305400,43.49,82.17,24.01,33.5,260
1981-10-16,2.345,2.3797,2.317,2.359,598800,43.99,82.17,24.01,34.35,260
1981-10-23,2.359,2.4637,2.3238,2.3657,1244000,44.24,82.17,24.01,34.79,260
1981-10-30,2.3657,2.3937,2.303,2.3937,718300,45.35,82.17,24.01,36.69,260
1981-11-06,2.4077,2.4777,2.3937,2.4357,1216900,47.05,82.17,24.01,39.61,260
1981-11-13,2.4357,2.4497,2.3797,2.3937,620400,45.52,82.17,24.01,36.99,260
1981-11-20,2.3937,2.401,2.2958,2.3517,1056500,43.99,82.17,24.01,34.35,260
1981-11-27,2.3517,2.513,2.3378,2.4777,854400,49.49,82.17,24.01,43.81,260
1981-12-04,2.499,2.527,2.4637,2.5057,1016100,50.65,82.17,24.01,45.8,260
1981-12-11,2.5057,2.5757,2.4777,2.485,954200,49.74,82.17,24.01,44.24,260
1981-12-18,2.457,2.457,2.359,2.387,1059400,45.57,82.17,24.01,37.07,260
1981-12-24,2.387,2.4357,2.373,2.429,485500,47.6,82.17,24.01,40.55,260
1981-12-31,2.429,2.457,2.3937,2.401,367600,46.36,82.17,24.01,38.42,260
1982-01-08,2.3657,2.401,2.1558,2.1558,1010000,37.21,82.17,24.01,22.7,260
1982-01-15,2.1351,2.163,2.0791,2.1071,1178400,35.71,82.17,24.01,20.11,260
1982-01-22,2.1071,2.1418,1.9738,1.9951,1125300,32.45,82.17,24.01,14.52,260
1982-01-29,1.9738,2.0718,1.9458,2.0438,1107300,35.22,82.17,24.01,19.27,260
1982-02-05,1.9671,2.0018,1.8411,1.8831,1686000,30.75,82.17,24.01,11.59,260
1982-02-12,1.8478,1.8691,1.7498,1.7705,1600400,28.06,82.17,24.01,6.97,260
1982-02-19,1.7218,1.7425,1.6865,1.7078,825800,26.66,82.17,24.01,4.56,260
1982-02-26,1.7145,1.8338,1.6725,1.7778,1826100,30.81,82.17,24.01,11.69,260
1982-03-05,1.7565,1.7845,1.6238,1.6518,1727800,27.76,82.17,24.01,6.46,260
1982-03-12,1.6445,1.8058,1.6025,1.7918,1692000,35.4,82.17,24.01,19.58,260
1982-03-19,1.8271,1.8898,1.7778,1.8338,1128200,37.53,82.17,24.01,23.24,260
1982-03-26,1.8691,1.9038,1.7145,1.7565,1385400,35.22,82.17,24.01,19.28,260
1982-04-02,1.7498,1.8198,1.7005,1.8131,1289000,38.21,82.17,24.01,24.42,260
1982-04-08,1.7991,1.8338,1.7638,1.8058,1505400,37.97,82.17,24.01,24.01,260
1982-04-16,1.7778,1.7918,1.6938,1.7078,1267600,34.77,82.17,24.01,18.5,260
1982-04-23,1.7005,1.8058,1.6098,1.7991,1825900,39.86,82.17,24.01,27.25,260
1982-04-30,1.7918,1.8131,1.6445,1.6725,2301800,35.7,82.17,24.01,20.1,260
1982-05-07,1.6798,1.9738,1.6305,1.9598,2715400,48.77,82.17,24.01,42.57,260
1982-05-14,1.9251,1.9671,1.9038,1.9318,1565200,47.75,82.17,24.01,40.82,260
1982-05-21,1.8971,1.9178,1.7918,1.8478,1043100,44.73,82.17,24.01,35.63,260
1982-05-28,1.8271,1.9391,1.7918,1.8551,1036100,45.05,82.17,24.01,36.18,260
1982-06-04,1.8831,1.9251,1.8618,1.8831,740100,46.36,82.17,24.01,38.42,260
1982-06-11,1.8758,1.8898,1.7991,1.8551,1014900,45.2,82.17,24.01,36.44,260
1982-06-18,1.8271,1.8411,1.6445,1.6798,1695400,38.7,82.17,24.01,25.27,260
1982-06-25,1.6585,1.7005,1.6025,1.6445,1010000,37.53,82.17,24.01,23.26,260
1982-07-02,1.6658,1.6865,1.5538,1.5606,1396300,34.83,82.17,24.01,18.61,260
1982-07-09,1.5538,1.5818,1.4698,1.5606,834700,34.83,82.17,24.01,18.61,260
1982-07-16,1.5046,1.5958,1.4558,1.5746,2408400,35.73,82.17,24.01,20.15,260
1982-07-23,1.5958,1.6025,1.4626,1.5186,1231500,33.74,82.17,24.01,16.72,260
1982-07-30,1.5258,1.5326,1.3999,1.4138,1276600,30.33,82.17,24.01,10.87,260
1982-08-06,1.4066,1.4278,1.3159,1.3506,1724300,28.46,82.17,24.01,7.65,260
1982-08-13,1.3579,1.4278,1.3299,1.4278,881800,33.83,82.17,24.01,16.88,260
1982-08-20,1.4346,1.5046,1.3999,1.4906,1608500,37.9,82.17,24.01,23.88,260
1982-08-27,1.5186,1.7145,1.4558,1.6098,2567200,44.85,82.17,24.01,35.83,260
1982-09-03,1.5958,1.7778,1.5398,1.7078,2357800,49.82,82.17,24.01,44.37,260
1982-09-10,1.7005,1.7918,1.6518,1.7005,1968900,49.46,82.17,24.01,43.76,260
1982-09-17,1.6865,1.7638,1.6725,1.7145,1977000,50.2,82.17,24.01,45.03,260
1982-09-24,1.7218,1.7845,1.6585,1.6725,1148500,47.94,82.17,24.01,41.14,260
1982-10-01,1.6658,1.6938,1.5678,1.6025,798600,44.35,82.17,24.01,34.97,260
1982-10-08,1.6098,1.7145,1.5818,1.6938,1066700,49.64,82.17,24.01,44.07,260
1982-10-15,1.7425,2.0158,1.7078,1.9671,2791100,61.46,82.17,24.01,64.38,260
1982-10-22,1.9951,2.0438,1.9458,1.9598,2239200,61.04,82.17,24.01,63.68,260
1982-10-29,1.8338,1.8618,1.6798,1.6938,2838300,48.33,82.17,24.01,41.82,260
1982-11-05,1.7078,1.8478,1.6798,1.8058,1976300,52.79,82.17,24.01,49.48,260
1982-11-12,1.7565,1.8058,1.6798,1.6798,1570100,47.79,82.17,24.01,40.89,260
1982-11-19,1.6865,1.7565,1.6238,1.7078,2486100,48.95,82.17,24.01,42.88,260
1982-11-26,1.6725,1.7005,1.5678,1.5958,1079900,44.68,82.17,24.01,35.55,260
1982-12-03,1.5958,1.7005,1.5678,1.6798,1975000,48.32,82.17,24.01,41.8,260
1982-12-10,1.7078,1.8551,1.6658,1.8338,2005400,54.26,82.17,24.01,52.01,260
1982-12-17,1.8198,1.8478,1.7285,1.8198,1249000,53.65,82.17,24.01,50.97,260
1982-12-23,1.8271,1.8618,1.7638,1.8131,853700,53.35,82.17,24.01,50.44,260
1982-12-31,1.8271,1.8411,1.7638,1.7918,826200,52.33,82.17,24.01,48.69,260
1983-01-07,1.7778,1.9811,1.7425,1.9318,2405300,58.01,82.17,24.01,58.47,260
1983-01-14,1.9111,1.9318,1.7918,1.8131,1358200,52.31,82.17,24.01,48.67,260
1983-01-21,1.8058,1.9671,1.7498,1.9598,2080000,57.83,82.17,24.01,58.15,260
1983-01-28,1.8338,1.9038,1.7285,1.8758,2041000,53.98,82.17,24.01,51.53,260
1983-02-04,1.8478,1.8898,1.7285,1.8831,2520400,54.26,82.17,24.01,52.02,260
1983-02-11,1.8898,1.9951,1.8198,1.9391,2934000,56.49,82.17,24.01,55.85,260
1983-02-18,1.9318,2.0018,1.9111,1.9811,1917700,58.13,82.17,24.01,58.67,260
1983-02-25,1.9178,2.0998,1.8898,2.0578,2448700,61.03,82.17,24.01,63.66,260
1983-03-04,2.0158,2.1071,1.9878,2.0998,2771300,62.56,82.17,24.01,66.28,260
1983-03-11,2.1071,2.1211,2.0158,2.0511,1589800,59.64,82.17,24.01,61.26,260
1983-03-18,2.0718,2.0931,1.9251,1.9531,1885200,54.16,82.17,24.01,51.84,260
1983-03-25,1.9531,2.0298,1.9038,1.9951,1938000,56.02,82.17,24.01,55.05,260
1983-03-31,1.9878,2.205,1.9671,2.1491,1970100,62.11,82.17,24.01,65.51,260
1983-04-08,2.1491,2.191,2.0371,2.1418,2655700,61.68,82.17,24.01,64.76,260
1983-04-15,2.177,2.191,2.0931,2.1071,1276100,59.54,82.17,24.01,61.09,260
1983-04-22,2.0718,2.1071,2.0158,2.0231,1413800,54.6,82.17,24.01,52.6,260
1983-04-29,2.0511,2.2818,2.0231,2.2818,2360900,64.39,82.17,24.01,69.43,260
1983-05-06,2.261,2.289,2.1071,2.1491,3243100,57.54,82.17,24.01,57.65,260
1983-05-13,2.1558,2.191,2.1351,2.1491,1543600,57.54,82.17,24.01,57.65,260
1983-05-20,2.163,2.2118,2.0578,2.0718,1494600,53.68,82.17,24.01,51.01,260
1983-05-27,2.0718,2.1491,2.0578,2.0931,1349500,54.58,82.17,24.01,52.57,260
1983-06-03,2.0718,2.0858,2.0091,2.0298,750300,51.37,82.17,24.01,47.05,260
1983-06-10,2.0231,2.0438,1.8758,1.9391,1435000,47.1,82.17,24.01,39.7,260
1983-06-17,1.9531,2.1558,1.9318,2.1558,2054200,56.43,82.17,24.01,55.74,260
1983-06-24,2.1491,2.233,2.1138,2.205,1689300,58.23,82.17,24.01,58.84,260
1983-07-01,2.2118,2.2118,2.1211,2.177,1682900,56.79,82.17,24.01,56.36,260
1983-07-08,2.1418,2.233,2.1278,2.163,1977500,56.05,82.17,24.01,55.08,260
1983-07-15,2.163,2.1698,2.0998,2.1278,1228300,54.12,82.17,24.01,51.77,260
1983-07-22,2.1278,2.177,2.1071,2.1351,1542700,54.47,82.17,24.01,52.37,260
1983-07-29,2.1278,2.205,1.9951,2.0158,2575700,48.04,82.17,24.01,41.31,260
1983-08-05,2.0018,2.0578,1.9738,1.9951,2147300,47.0,82.17,24.01,39.53,260
1983-08-12,2.0018,2.0858,1.9598,2.0791,1294100,51.57,82.17,24.01,47.38,260
1983-08-19,2.0931,2.219,2.0858,2.1491,1928600,55.05,82.17,24.01,53.36,260
1983-08-26,2.1978,2.205,2.0791,2.0998,1718800,52.2,82.17,24.01,48.48,260
1983-09-02,2.0931,2.0998,2.0511,2.0858,1145200,51.39,82.17,24.01,47.08,260
1983-09-09,2.1138,2.1211,2.0858,2.0931,849700,51.81,82.17,24.01,47.8,260
1983-09-16,2.1138,2.1138,1.9531,1.9738,1795700,44.96,82.17,24.01,36.03,260
1983-09-23,1.9811,2.0718,1.9738,2.0651,1390000,50.37,82.17,24.01,45.32,260
1983-09-30,2.0718,2.0791,1.9598,1.9951,2311700,46.59,82.17,24.01,38.83,260
1983-10-07,1.9598,2.0018,1.9111,1.9811,1738400,45.85,82.17,24.01,37.55,260
1983-10-14,1.9738,2.1071,1.9598,2.1071,1749500,53.08,82.17,24.01,49.99,260
1983-10-21,2.0998,2.1418,2.0231,2.0511,1294700,49.89,82.17,24.01,44.5,260
1983-10-28,1.9738,2.0791,1.9178,1.9531,1671400,44.82,82.17,24.01,35.78,260
1983-11-04,1.9531,2.0158,1.9458,1.9811,1826900,46.49,82.17,24.01,38.66,260
1983-11-11,1.9671,1.9671,1.8898,1.9111,937100,42.98,82.17,24.01,32.62,260
1983-11-18,1.9178,1.9598,1.8758,1.8831,1477700,41.63,82.17,24.01,30.29,260
1983-11-25,1.8898,1.9811,1.8618,1.9671,1488200,47.02,82.17,24.01,39.56,260
1983-12-02,1.9598,1.9951,1.9111,1.9111,1435600,44.09,82.17,24.01,34.53,260
1983-12-09,1.9178,1.9878,1.9038,1.9391,1219700,45.91,82.17,24.01,37.65,260
1983-12-16,1.9251,1.9671,1.8971,1.9178,984100,44.72,82.17,24.01,35.61,260
1983-12-23,1.9111,1.9178,1.7845,1.8831,2118200,42.78,82.17,24.01,32.27,260
1983-12-30,1.8831,1.9671,1.8831,1.9391,1284700,46.79,82.17,24.01,39.17,260
1984-01-06,1.9391,1.9671,1.9038,1.9531,1025000,47.78,82.17,24.01,40.87,260
1984-01-13,1.9598,1.9951,1.9458,1.9951,1509800,50.73,82.17,24.01,45.94,260
1984-01-20,1.9878,2.0231,1.9111,2.0091,1635100,51.71,82.17,24.01,47.63,260
1984-01-27,2.0158,2.0231,1.9458,1.9878,1568700,50.08,82.17,24.01,44.82,260
1984-02-03,2.0018,2.0858,1.9951,2.0438,1668000,54.17,82.17,24.01,51.86,260
1984-02-10,1.9951,2.0091,1.8831,1.8971,1989800,43.99,82.17,24.01,34.36,260
1984-02-17,1.9038,2.0091,1.8831,2.0091,1379800,51.49,82.17,24.01,47.25,260
1984-02-24,1.9811,2.0578,1.9811,2.0511,1277500,53.97,82.17,24.01,51.52,260
1984-03-02,2.0578,2.1491,2.0018,2.0018,2069100,50.69,82.17,24.01,45.88,260
1984-03-09,2.0018,2.0018,1.8618,1.9318,2314600,46.37,82.17,24.01,38.46,260
1984-03-16,1.9178,1.9951,1.8898,1.9318,1468700,46.37,82.17,24.01,38.46,260
1984-03-23,1.9178,1.9391,1.8618,1.8971,1218700,44.21,82.17,24.01,34.73,260
1984-03-30,1.9038,2.1211,1.8971,2.0931,2320000,56.54,82.17,24.01,55.94,260
1984-04-06,2.1211,2.1351,2.0298,2.0511,1905000,53.8,82.17,24.01,51.22,260
1984-04-13,2.0718,2.2538,2.0511,2.1838,3124600,60.35,82.17,24.01,62.48,260
1984-04-19,2.1698,2.247,2.1491,2.205,1924300,61.3,82.17,24.01,64.11,260
1984-04-27,2.1558,2.2118,2.1211,2.1978,1749200,60.76,82.17,24.01,63.19,260
1984-05-04,2.1978,2.219,2.1071,2.1211,2803200,55.29,82.17,24.01,53.78,260
1984-05-11,2.1138,2.2118,2.1071,2.1698,2112700,57.88,82.17,24.01,58.24,260
1984-05-18,2.1698,2.177,2.0791,2.1351,1386700,55.41,82.17,24.01,54.0,260
1984-05-25,2.1491,2.1491,2.0438,2.0718,2082200,51.13,82.17,24.01,46.64,260
1984-06-01,2.0858,2.1278,2.0511,2.1138,1847500,53.69,82.17,24.01,51.03,260
1984-06-08,2.1138,2.1278,2.0718,2.0931,1152700,52.24,82.17,24.01,48.54,260
1984-06-15,2.0791,2.0858,1.9391,1.9391,1988300,42.94,82.17,24.01,32.55,260
1984-06-22,1.9318,2.0091,1.9178,1.9391,1797300,42.94,82.17,24.01,32.55,260
1984-06-29,1.9458,1.9811,1.9038,1.9598,1521600,44.48,82.17,24.01,35.2,260
1984-07-06,1.9598,2.0231,1.9178,1.9391,1140200,43.22,82.17,24.01,33.04,260
1984-07-13,1.9391,1.9738,1.8198,1.8758,1524500,39.55,82.17,24.01,26.72,260
1984-07-20,1.8758,1.8758,1.8131,1.8198,1438200,36.58,82.17,24.01,21.62,260
1984-07-27,1.8198,1.8478,1.7498,1.7498,1636500,33.23,82.17,24.01,15.85,260
1984-08-03,1.7358,1.8338,1.7358,1.8338,2056800,40.3,82.17,24.01,28.01,260
1984-08-10,1.8131,2.0578,1.8058,1.9951,2613700,51.03,82.17,24.01,46.46,260
1984-08-17,1.9878,2.0371,1.9111,1.9178,1664300,46.7,82.17,24.01,39.01,260
1984-08-24,1.9178,2.0298,1.9038,2.0158,1429000,52.24,82.17,24.01,48.53,260
1984-08-31,2.0231,2.0718,1.9811,2.0298,1238100,52.99,82.17,24.01,49.82,260
1984-09-07,2.0158,2.0298,1.9738,2.0018,941500,51.25,82.17,24.01,46.84,260
1984-09-14,1.9878,2.0371,1.9318,2.0298,1938400,52.91,82.17,24.01,49.7,260
1984-09-21,2.0231,2.0438,1.9598,1.9598,2085700,48.46,82.17,24.01,42.05,260
1984-09-28,1.9671,2.0718,1.9671,2.0371,1059800,53.15,82.17,24.01,50.1,260
1984-10-05,2.0371,2.0578,2.0091,2.0091,1138500,51.33,82.17,24.01,46.97,260
1984-10-12,2.0158,2.0158,1.9178,1.9531,1057500,47.8,82.17,24.01,40.91,260
1984-10-19,1.9598,2.0018,1.7918,1.8411,2469800,41.64,82.17,24.01,30.32,260
1984-10-26,1.8271,1.8758,1.8131,1.8691,2080700,43.6,82.17,24.01,33.68,260
1984-11-02,1.8478,1.8758,1.8131,1.8618,3285600,43.19,82.17,24.01,32.99,260
1984-11-09,1.8338,1.8971,1.8338,1.8618,1757000,43.19,82.17,24.01,32.99,260
1984-11-16,1.8618,1.9038,1.8198,1.8618,1320300,43.19,82.17,24.01,32.99,260
1984-11-23,1.8758,1.8971,1.8271,1.8831,1059000,45.06,82.17,24.01,36.19,260
1984-11-30,1.8691,1.8758,1.8271,1.8551,1394900,43.06,82.17,24.01,32.75,260
1984-12-07,1.8478,1.8758,1.7918,1.8198,1827100,40.61,82.17,24.01,28.54,260
1984-12-14,1.8131,1.8551,1.7425,1.7425,1533700,35.8,82.17,24.01,20.27,260
1984-12-21,1.7565,1.7845,1.6798,1.6865,2709000,32.77,82.17,24.01,15.07,260
1984-12-28,1.6938,1.7778,1.6938,1.7358,1057900,37.76,82.17,24.01,23.64,260
1985-01-04,1.7498,1.7638,1.6725,1.6725,1358900,34.25,82.17,24.01,17.6,260
1985-01-11,1.7005,1.7285,1.6378,1.7005,2735800,37.04,82.17,24.01,22.4,260
1985-01-18,1.7078,1.8271,1.7005,1.7425,2027500,41.08,82.17,24.01,29.35,260
1985-01-25,1.7638,1.8618,1.7498,1.7565,2817300,42.41,82.17,24.01,31.63,260
1985-02-01,1.7498,1.9318,1.7285,1.9178,3796600,54.98,82.17,24.01,53.25,260
1985-02-08,1.8691,1.9458,1.8618,1.9111,2816300,54.45,82.17,24.01,52.34,260
1985-02-15,1.9038,1.9878,1.8618,1.8758,1898300,51.62,82.17,24.01,47.47,260
1985-02-22,1.8691,1.9878,1.8691,1.9738,1593000,58.13,82.17,24.01,58.67,260
1985-03-01,1.9598,2.0091,1.9178,1.9951,1909600,59.41,82.17,24.01,60.87,260
1985-03-08,2.0091,2.0091,1.9251,1.9458,1573900,55.21,82.17,24.01,53.64,260
1985-03-15,1.9391,1.9951,1.8478,1.8478,1634800,47.94,82.17,24.01,41.15,260
1985-03-22,1.8758,1.9318,1.8691,1.9111,1489600,52.31,82.17,24.01,48.65,260
1985-03-29,1.9038,1.9531,1.8971,1.9531,1250100,55.0,82.17,24.01,53.29,260
1985-04-04,1.9391,1.9811,1.9391,1.9598,1370100,55.44,82.17,24.01,54.04,260
1985-04-12,1.9531,1.9811,1.9178,1.9318,1856100,53.14,82.17,24.01,50.08,260
1985-04-19,1.9391,1.9738,1.9251,1.9671,1824100,55.63,82.17,24.01,54.38,260
1985-04-26,1.9671,2.0931,1.9531,2.0371,2284000,60.17,82.17,24.01,62.17,260
1985-05-03,2.0651,2.0931,2.0371,2.0651,2304600,61.85,82.17,24.01,65.06,260
1985-05-10,2.0371,2.0578,1.9598,1.9738,1969700,53.87,82.17,24.01,51.35,260
1985-05-17,1.9671,1.9878,1.9178,1.9251,2080100,50.15,82.17,24.01,44.95,260
1985-05-24,1.9458,2.0371,1.9318,1.9878,1745500,54.51,82.17,24.01,52.44,260
1985-05-31,1.9951,2.0091,1.9391,2.0018,1497800,55.44,82.17,24.01,54.05,260
1985-06-07,2.0018,2.0091,1.9598,1.9878,2069600,54.24,82.17,24.01,51.98,260
1985-06-14,1.9878,2.0371,1.9738,2.0371,2184400,57.71,82.17,24.01,57.95,260
1985-06-21,2.0371,2.0511,2.0018,2.0511,1863900,58.67,82.17,24.01,59.6,260
1985-06-28,2.0371,2.0931,2.0298,2.0931,1608900,61.5,82.17,24.01,64.45,260
1985-07-05,2.0578,2.0931,2.0438,2.0578,1111100,57.92,82.17,24.01,58.3,260
1985-07-12,2.0438,2.1418,2.0298,2.0858,1938900,59.91,82.17,24.01,61.73,260
1985-07-19,2.0791,2.0858,2.0091,2.0511,1797000,56.35,82.17,24.01,55.6,260
1985-07-26,2.0371,2.1838,1.9811,2.163,2858600,63.82,82.17,24.01,68.46,260
1985-08-02,2.1558,2.163,1.9878,2.0791,2207500,56.07,82.17,24.01,55.12,260
1985-08-09,2.0791,2.0998,2.0298,2.0651,1432200,54.87,82.17,24.01,53.06,260
1985-08-16,2.0651,2.0791,2.0438,2.0578,1650400,54.22,82.17,24.01,51.95,260
1985-08-23,2.0578,2.1071,2.0438,2.0578,1522200,54.22,82.17,24.01,51.95,260
1985-08-30,2.0651,2.1211,2.0438,2.1071,1175200,58.11,82.17,24.01,58.63,260
1985-09-06,2.1071,2.1138,2.0791,2.0998,834000,57.33,82.17,24.01,57.3,260
1985-09-13,2.0998,2.1071,2.0371,2.0511,1991200,52.31,82.17,24.01,48.66,260
1985-09-20,2.0158,2.0718,1.9951,2.0578,1760200,52.92,82.17,24.01,49.71,260
1985-09-26,2.0718,2.0718,1.9598,2.0371,1595600,50.76,82.17,24.01,45.99,260
1985-10-04,2.0718,2.1838,2.0511,2.1351,3941000,59.25,82.17,24.01,60.59,260
1985-10-11,2.1351,2.1418,2.0998,2.1418,1419500,59.76,82.17,24.01,61.47,260
1985-10-18,2.1418,2.1978,2.1278,2.1351,2229200,58.96,82.17,24.01,60.1,260
1985-10-25,2.1351,2.233,2.1278,2.1978,2087800,63.82,82.17,24.01,68.45,260
1985-11-01,2.205,2.2818,2.1558,2.1698,2732300,60.39,82.17,24.01,62.54,260
1985-11-08,2.1558,2.177,2.0791,2.0998,2001400,52.74,82.17,24.01,49.4,260
1985-11-15,2.0858,2.1698,2.0858,2.1418,2723200,56.31,82.17,24.01,55.54,260
1985-11-22,2.1418,2.163,2.1071,2.1491,1200900,56.92,65.71,24.01,78.93,260
1985-11-29,2.1558,2.233,2.1351,2.1418,2107100,56.08,64.75,24.01,78.71,260
1985-12-06,2.1278,2.163,2.0651,2.1278,1878800,54.42,64.75,24.01,74.63,260
1985-12-13,2.0438,2.0718,1.8831,2.0438,5118200,45.66,64.39,24.01,53.61,260
1985-12-20,2.0371,2.1351,2.0231,2.1138,3182600,52.52,64.39,24.01,70.59,260
1985-12-27,2.1138,2.1138,2.0651,2.0858,1079700,49.81,64.39,24.01,63.89,260
1986-01-03,2.0931,2.1558,2.0578,2.1138,1671400,52.45,64.39,24.01,70.43,260
1986-01-10,2.1211,2.1491,2.0298,2.0931,2034900,50.34,64.39,24.01,65.2,260
1986-01-17,2.0998,2.1278,1.9811,2.0371,2865200,45.06,64.39,24.01,52.13,260
1986-01-24,2.0091,2.0578,1.9111,2.0438,3409300,45.8,64.39,24.01,53.95,260
1986-01-31,2.0298,2.0578,1.9318,2.0438,2990800,45.8,64.39,24.01,53.95,260
1986-02-07,1.9878,2.0158,1.9038,1.9671,3697200,38.91,64.39,24.01,36.9,260
1986-02-14,1.9738,2.0018,1.9251,2.0018,2498800,43.08,64.39,24.01,47.23,260
1986-02-21,1.9951,2.0298,1.9458,2.0091,2813200,43.94,64.39,24.01,49.37,260
1986-02-28,1.9951,2.1418,1.9951,2.0578,4312100,49.47,64.39,24.01,63.06,260
1986-03-07,2.0578,2.0578,1.9318,1.9598,3267600,40.76,64.39,24.01,41.49,260
1986-03-14,1.9531,2.1418,1.9458,2.0718,4810400,51.31,64.39,24.01,67.62,260
1986-03-21,2.0858,2.1558,2.0651,2.1071,3941600,54.09,64.39,24.01,74.48,260
1986-03-27,2.0931,2.1278,2.0231,2.0931,1777300,52.8,64.39,24.01,71.3,260
1986-04-04,2.0931,2.1278,2.0158,2.0858,3688400,52.11,64.39,24.51,69.2,260
1986-04-11,2.0998,2.177,2.0651,2.1698,3552100,58.83,64.39,24.51,86.05,260
1986-04-18,2.1838,2.219,2.1138,2.1211,3750900,54.09,64.39,26.66,72.69,260
1986-04-25,2.1138,2.1978,2.1071,2.191,2632800,59.18,64.39,26.66,86.18,260
1986-05-02,2.191,2.205,2.1278,2.1978,4299000,59.64,64.39,26.66,87.41,260
1986-05-09,2.219,2.289,2.1838,2.289,5078800,65.38,65.38,26.66,100.0,260
1986-05-16,2.303,2.3238,2.1978,2.2258,3506100,59.1,65.38,26.66,83.79,260
1986-05-23,2.2398,2.289,2.205,2.2678,2100000,61.73,65.38,26.66,90.57,260
1986-05-30,2.2678,2.275,2.2118,2.2398,1811800,59.01,65.38,26.66,83.55,260
1986-06-06,2.2538,2.2958,2.2258,2.2538,2516300,59.96,65.38,26.66,86.0,260
1986-06-13,2.247,2.289,2.1978,2.233,2031300,57.82,65.38,26.66,80.49,260
1986-06-20,2.2398,2.2538,2.2258,2.247,2329300,58.89,65.38,26.66,83.24,260
1986-06-27,2.247,2.247,2.1698,2.177,1800700,51.84,65.38,26.66,65.03,260
1986-07-03,2.1278,2.1838,2.1138,2.1698,1625700,51.15,65.38,26.66,63.25,260
1986-07-11,2.1698,2.1978,1.9738,2.0018,3051700,38.49,65.38,26.66,30.56,260
1986-07-18,1.9738,2.0998,1.9178,2.0158,4339400,39.83,65.38,26.66,34.01,260
1986-07-25,2.0298,2.0858,1.9671,1.9738,2185500,37.22,65.38,26.66,27.26,260
1986-08-01,1.9671,2.0578,1.9178,2.0511,2753500,44.44,65.38,26.66,45.91,260
1986-08-08,2.1698,2.289,1.9738,2.233,5989200,56.99,65.38,26.66,78.32,260
1986-08-15,2.247,2.4077,2.2398,2.4077,3671900,65.13,65.38,26.66,99.35,260
1986-08-22,2.4357,2.457,2.3378,2.3797,3201000,63.07,65.38,26.66,94.03,260
1986-08-29,2.3797,2.5197,2.3657,2.4777,4652000,67.0,67.0,26.66,100.0,260
1986-09-05,2.471,2.639,2.4497,2.6317,4205400,72.04,72.04,26.66,100.0,260
1986-09-12,2.6177,2.6317,2.387,2.4217,5296300,58.84,72.04,26.66,70.91,260
1986-09-19,2.429,2.457,2.2818,2.373,3439000,56.27,72.04,26.66,65.24,260
1986-09-26,2.387,2.457,2.345,2.4077,2140300,57.69,72.04,26.66,68.37,260
1986-10-03,2.3797,2.541,2.373,2.499,3453400,61.25,72.04,26.66,76.23,260
1986-10-10,2.485,2.5617,2.4357,2.4497,2847800,58.39,72.04,26.66,69.92,260
1986-10-17,2.4777,2.5057,2.3238,2.4917,3228500,60.1,72.04,26.66,73.69,260
1986-10-24,2.4637,2.471,2.3238,2.3378,2237100,51.71,72.04,26.66,55.2,260
1986-10-31,2.331,2.5197,2.303,2.499,3777500,58.28,72.04,26.66,69.67,260
1986-11-07,2.4357,2.5197,2.3937,2.513,3211800,58.81,72.04,26.66,70.83,260
1986-11-14,2.5057,2.6737,2.4777,2.653,3695200,63.71,72.04,26.66,81.64,260
1986-11-21,2.6317,2.6737,2.429,2.6317,3664700,62.49,72.04,26.66,78.96,260
1986-11-28,2.6457,2.6737,2.5757,2.653,2707300,63.25,72.04,26.66,80.63,260
1986-12-05,2.6317,2.6877,2.5477,2.5617,3757500,57.86,72.04,26.66,68.74,260
1986-12-12,2.555,2.695,2.513,2.6877,4182800,62.6,72.04,26.66,79.19,260
1986-12-19,2.6877,2.6877,2.5477,2.5757,4583500,56.51,72.04,26.66,65.77,260
1986-12-26,2.6177,2.639,2.541,2.5617,2169600,55.78,72.04,26.66,64.17,260
1987-01-02,2.555,2.5897,2.527,2.5757,2015000,56.39,72.04,26.66,65.5,260
1987-01-09,2.6037,2.7857,2.6037,2.7297,5070100,62.49,72.04,26.66,78.94,260
1987-01-16,2.737,2.9677,2.723,2.9397,7550000,68.88,72.04,26.66,93.03,260
1987-01-23,2.9257,2.9677,2.793,2.7997,5128900,61.37,72.04,26.66,76.48,260
1987-01-30,2.7997,2.9677,2.7857,2.9677,3520200,66.14,72.04,26.66,86.99,260
1987-02-06,2.9537,3.0937,2.8977,3.031,3825400,67.76,72.04,26.66,90.55,260
1987-02-13,3.003,3.0097,2.723,2.8277,4330800,58.16,72.04,27.76,68.64,260
1987-02-20,2.8557,2.9117,2.6877,2.709,4097100,53.4,72.04,27.76,57.9,260
1987-02-27,2.7157,2.7997,2.6037,2.7717,4576700,55.47,72.04,28.46,61.98,260
1987-03-06,2.765,2.891,2.709,2.891,2945100,59.19,72.04,28.46,70.51,260
1987-03-13,2.891,2.9677,2.849,2.947,3963900,60.84,72.04,28.46,74.3,260
1987-03-20,2.947,3.2409,2.933,3.2337,6472300,67.99,72.04,28.46,90.7,260
1987-03-27,3.2269,3.3249,3.1637,3.1637,3173200,64.88,72.04,28.46,83.56,260
1987-04-03,3.0237,3.3809,3.0237,3.3736,4048700,69.4,72.04,28.46,93.94,260
1987-04-10,3.3736,3.4436,3.1569,3.3176,4713700,66.93,72.04,28.46,88.26,260
1987-04-16,3.3176,3.3596,3.1569,3.2057,4071800,62.15,72.04,28.46,77.3,260
1987-04-24,3.2477,3.3316,3.0657,3.1149,4002100,58.51,72.04,28.46,68.94,260
1987-05-01,3.0377,3.2896,3.0237,3.1497,4240800,59.48,72.04,28.46,71.19,260
1987-05-08,3.1569,3.3669,3.1497,3.3389,3447100,64.41,72.04,28.46,82.49,260
1987-05-15,3.3876,3.4369,3.1569,3.1849,3268800,58.21,72.04,28.46,68.26,260
1987-05-22,3.1777,3.2409,3.0797,3.1637,3855600,57.39,72.04,28.46,66.37,260
1987-05-29,3.1849,3.2756,3.1637,3.2689,1646100,60.37,72.04,28.46,73.22,260
1987-06-05,3.2896,3.3529,3.2549,3.2617,2961700,60.06,72.04,28.46,72.5,260
1987-06-12,3.2477,3.3109,3.2129,3.2477,2062200,59.42,72.04,28.46,71.03,260
1987-06-19,3.2896,3.3809,3.2617,3.3389,3343200,62.24,72.04,28.46,77.5,260
1987-06-26,3.3456,3.4016,3.3109,3.3736,2637900,63.28,72.04,28.46,79.9,260
1987-07-02,3.4016,3.4929,3.3949,3.4856,2792600,66.5,72.04,28.46,87.28,260
1987-07-10,3.4929,3.5696,3.4789,3.5069,2528700,67.09,72.04,28.46,88.64,260
1987-07-17,3.5209,3.6183,3.4716,3.5903,2963200,69.37,72.04,28.46,93.87,260
1987-07-24,3.5696,3.5976,3.3036,3.3529,3719900,57.22,72.04,28.46,66.0,260
1987-07-31,3.3596,3.4229,3.3176,3.3876,2410900,58.37,72.04,32.77,65.19,260
1987-08-07,3.4436,3.5136,3.3249,3.3456,3809100,56.4,72.04,32.77,60.17,260
1987-08-14,3.3669,3.4016,3.2197,3.2829,3984900,53.5,72.04,32.77,52.77,260
1987-08-21,3.3249,3.3596,3.1569,3.3249,5631000,55.16,72.04,32.77,57.01,260
1987-08-28,3.3036,3.3389,3.2337,3.2477,3863000,51.51,72.04,32.77,47.7,260
1987-09-04,3.2756,3.3249,3.1077,3.1077,3684200,45.61,72.04,32.77,32.68,260
1987-09-11,3.1009,3.1149,2.9957,3.0377,4399600,42.96,72.04,32.77,25.94,260
1987-09-18,3.045,3.1217,2.8277,2.849,4841800,36.76,72.04,32.77,10.16,260
1987-09-25,2.8557,3.0377,2.793,2.9817,4719400,42.99,72.04,32.77,26.02,260
1987-10-02,2.9957,3.1217,2.9677,3.1149,2704900,48.48,72.04,32.77,40.0,260
1987-10-09,3.1289,3.1289,2.849,2.863,2967300,40.53,72.04,32.77,19.76,260
1987-10-16,2.8697,2.9257,2.7437,2.7717,4158500,38.1,72.04,32.77,13.56,260
1987-10-23,2.6597,2.7017,1.7918,2.387,7221700,29.93,72.04,29.93,0.0,260
1987-10-30,2.2678,2.5197,2.0718,2.485,4552700,33.82,72.04,29.93,9.24,260
1987-11-06,2.4077,2.4917,2.1791,2.3421,3136200,31.11,72.04,29.93,2.79,260
1987-11-13,2.2853,2.3563,2.1434,2.2001,3042700,28.65,72.04,28.65,0.0,260
1987-11-20,2.2569,2.2995,2.1365,2.2001,3103800,28.65,72.04,28.65,0.0,260
1987-11-27,2.2143,2.3069,2.1791,2.1859,1907800,28.39,72.04,28.39,0.0,260
1987-12-04,2.1434,2.1507,2.0298,2.0866,3733100,26.57,72.04,26.57,0.0,260
1987-12-11,2.0798,2.2359,2.0724,2.1649,3290700,30.36,72.04,26.57,8.33,260
1987-12-18,2.1434,2.2143,2.1008,2.1933,4917900,31.74,72.04,26.57,11.36,260
1987-12-24,2.1791,2.2995,2.1507,2.2853,3133700,36.13,72.04,26.57,21.03,260
1987-12-31,2.2143,2.2853,2.1859,2.2501,2223900,35.2,72.04,26.57,18.97,260
1988-01-08,2.2785,2.5198,2.2785,2.3421,3250600,39.6,72.04,26.57,28.64,260
1988-01-15,2.3636,2.4062,2.2143,2.3421,2844900,39.6,72.04,26.57,28.64,260
1988-01-22,2.3563,2.4414,2.2711,2.3778,1969100,41.39,72.04,26.57,32.59,260
1988-01-29,2.3847,2.5482,2.3778,2.5482,2392200,49.14,72.04,26.57,49.62,260
1988-02-05,2.555,2.5751,2.4674,2.5394,2753800,48.78,72.04,26.57,48.83,260
1988-02-12,2.5106,2.6401,2.4887,2.6326,2032900,52.71,72.04,26.57,57.49,260
1988-02-19,2.6257,2.712,2.5894,2.6326,2855300,52.71,72.04,26.57,57.49,260
1988-02-26,2.6401,2.6614,2.4456,2.4887,3872100,46.34,72.04,26.57,43.47,260
1988-03-04,2.4887,2.5751,2.4887,2.5463,2250700,49.0,72.04,26.57,49.31,260
1988-03-11,2.5463,2.647,2.5394,2.6257,2361700,52.49,72.04,26.57,57.0,260
1988-03-18,2.6401,2.7408,2.6257,2.7264,2621200,56.56,72.04,26.57,65.95,260
1988-03-25,2.712,2.7264,2.5106,2.5319,1918900,48.01,72.04,26.57,47.15,260
1988-03-31,2.5175,2.6758,2.5031,2.6758,2558800,53.6,72.04,26.57,59.43,260
1988-04-08,2.6614,2.8484,2.5894,2.8271,3434100,58.63,72.04,26.57,70.51,260
1988-04-15,2.8484,2.9278,2.712,2.7695,4342300,56.14,72.04,26.57,65.02,260
1988-04-22,2.7477,2.8052,2.6182,2.7189,2785600,53.96,72.04,26.57,60.24,260
1988-04-29,2.7189,2.8559,2.712,2.7695,3105800,55.81,72.04,26.57,64.29,260
1988-05-06,2.7264,2.8512,2.7045,2.8144,2885800,57.44,72.04,26.57,67.87,260
1988-05-13,2.7999,2.8366,2.7637,2.7783,1858900,55.66,72.04,26.57,63.96,260
1988-05-20,2.7929,2.8874,2.7637,2.7783,2288100,55.66,72.04,26.57,63.96,260
1988-05-27,2.7929,2.829,2.7491,2.7999,2096500,56.59,72.04,26.57,66.01,260
1988-06-03,2.7999,2.9603,2.7853,2.9387,2242700,62.1,72.04,26.57,78.13,260
1988-06-10,2.9457,3.0332,2.9311,3.0186,3381600,64.86,72.04,26.57,84.21,260
1988-06-17,3.004,3.0262,2.9019,2.9241,3655300,59.35,72.04,26.57,72.08,260
1988-06-24,2.9095,2.9241,2.8144,2.822,2987400,54.01,72.04,26.57,60.34,260
1988-07-01,2.8144,2.8144,2.6249,2.6395,3528800,46.03,72.04,26.57,42.79,260
1988-07-08,2.6325,2.7853,2.6249,2.7415,2284400,50.44,72.04,26.57,52.49,260
1988-07-15,2.7491,2.7853,2.6395,2.7707,2337700,51.65,72.04,26.57,55.16,260
1988-07-22,2.7853,2.829,2.6832,2.72,2115500,49.39,72.04,26.57,50.17,260
1988-07-29,2.7124,2.829,2.6762,2.829,1778700,54.06,72.04,26.57,60.44,260
1988-08-05,2.822,2.8512,2.7349,2.7792,1716700,51.71,72.04,26.57,55.28,260
1988-08-12,2.794,2.8017,2.6982,2.7278,1778800,49.33,72.04,26.57,50.05,260
1988-08-19,2.7053,2.7201,2.6391,2.6462,2204400,45.73,72.04,26.57,42.13,260
1988-08-26,2.6462,2.6687,2.58,2.6095,2394500,44.17,72.04,26.57,38.7,260
1988-09-02,2.6314,2.6758,2.5871,2.6687,2054400,47.29,72.04,26.57,45.57,260
1988-09-09,2.6314,2.661,2.5575,2.5575,2431400,42.48,72.04,26.57,34.99,260
1988-09-16,2.5575,2.6758,2.5356,2.6462,2836400,47.11,72.04,26.57,45.16,260
1988-09-23,2.6462,2.7053,2.5652,2.58,1722600,44.25,72.04,26.57,38.87,260
1988-09-30,2.58,2.6095,2.5279,2.58,2244800,44.25,72.04,26.57,38.87,260
1988-10-07,2.5871,2.6905,2.5356,2.6905,2936500,50.11,72.04,26.57,51.76,260
1988-10-14,2.6835,2.7722,2.6391,2.7645,2358900,53.62,72.04,26.57,59.48,260
1988-10-21,2.7645,2.8165,2.7278,2.7792,2875200,54.31,72.04,26.57,61.01,260
1988-10-28,2.7792,2.794,2.7349,2.7722,1435800,53.9,72.04,26.57,60.09,260
1988-11-04,2.7792,2.7885,2.6986,2.6986,2611900,49.65,72.04,26.57,50.75,260
1988-11-11,2.6986,2.7364,2.6164,2.6236,2141000,45.7,72.04,26.57,42.07,260
1988-11-18,2.6386,2.6536,2.5936,2.6314,2090800,46.18,72.04,26.57,43.12,260
1988-11-25,2.6236,2.7214,2.5864,2.7136,1809100,51.08,72.04,26.57,53.9,260
1988-12-02,2.7064,2.7514,2.6764,2.6836,2036600,49.32,72.04,26.57,50.02,260
1988-12-09,2.6686,2.7813,2.6536,2.7514,2925400,53.25,72.04,26.57,58.67,260
1988-12-16,2.7514,2.7813,2.7436,2.7663,2975700,54.1,72.04,26.57,60.54,260
1988-12-23,2.7663,2.8413,2.7514,2.8263,1881400,57.43,72.04,26.57,67.86,260
1988-12-30,2.8263,2.8335,2.7436,2.7436,1463500,51.84,72.04,26.57,55.57,260
1989-01-06,2.7436,2.8563,2.7214,2.8335,2243300,56.77,72.04,26.57,66.4,260
1989-01-13,2.8335,2.9385,2.8185,2.9013,2982600,60.08,72.04,26.57,73.68,260
1989-01-20,2.9163,2.9534,2.8635,2.9534,3073700,62.46,72.04,26.57,78.93,260
1989-01-27,2.9684,2.9984,2.8563,2.9834,4847700,63.8,72.04,26.57,81.87,260
1989-02-03,2.9912,3.0255,2.9422,2.9726,2739800,62.93,72.04,26.57,79.95,260
1989-02-10,2.9574,3.0334,2.9039,2.9039,2031700,57.55,72.04,26.57,68.12,260
1989-02-17,2.8887,3.003,2.8887,3.003,2493100,62.52,72.04,26.57,79.07,260
1989-02-24,3.0103,3.0486,2.927,2.927,2661100,57.01,72.04,26.57,66.93,260
1989-03-03,2.9422,3.079,2.9118,3.0711,3199000,63.57,72.04,26.57,81.37,260
1989-03-10,3.0942,3.208,3.0942,3.1471,3903700,66.48,72.04,26.57,87.76,260
1989-03-17,3.1623,3.3448,3.155,3.3144,4800000,71.81,72.04,26.57,99.48,260
1989-03-23,3.284,3.3071,3.1094,3.1471,2577700,61.31,72.04,26.57,76.39,260
1989-03-31,3.1623,3.2159,3.1319,3.208,2566000,63.41,72.04,26.57,81.0,260
1989-04-07,3.2232,3.3071,3.1928,3.2311,3063100,64.2,72.04,26.57,82.75,260
1989-04-14,3.2384,3.2536,3.1855,3.2007,2211600,62.28,72.04,26.57,78.54,260
1989-04-21,3.2007,3.4816,3.1928,3.4591,4088400,70.37,72.04,26.57,96.32,260
1989-04-28,3.4208,3.4287,3.2384,3.2992,3174100,61.57,72.04,26.57,76.97,260
1989-05-05,3.284,3.284,3.2197,3.2351,2523000,58.42,72.04,26.57,70.05,260
1989-05-12,3.2351,3.2505,3.1735,3.2351,2262100,58.42,72.04,26.57,70.05,260
1989-05-19,3.2351,3.3584,3.2351,3.351,3638400,62.45,72.04,26.57,78.91,260
1989-05-26,3.3818,3.4816,3.3276,3.4508,2407500,65.55,72.04,26.57,85.72,260
1989-06-02,3.4434,3.4508,3.3738,3.42,1342400,63.8,72.04,26.57,81.87,260
1989-06-09,3.4126,3.4508,3.2659,3.2659,3240300,55.78,72.04,26.57,64.24,260
1989-06-16,3.2893,3.3276,3.2197,3.2431,3311600,54.69,72.04,26.57,61.83,260
1989-06-23,3.2505,3.2659,3.1661,3.2505,2594800,55.0,72.04,26.57,62.51,260
1989-06-30,3.2505,3.42,3.2505,3.3276,3111100,58.19,72.04,26.57,69.54,260
1989-07-07,3.343,3.42,3.3202,3.4126,1532600,61.45,72.04,26.57,76.69,260
1989-07-14,3.428,3.497,3.4126,3.4816,2137400,63.9,72.04,26.57,82.09,260
1989-07-21,3.4662,3.4816,3.42,3.4508,2551600,62.0,72.04,26.57,77.92,260
1989-07-28,3.4508,3.4588,3.3356,3.343,2632500,55.76,72.04,26.57,64.19,260
1989-08-04,3.343,3.4724,3.3276,3.41,3488000,58.55,72.04,26.57,70.33,260
1989-08-11,3.4256,3.4799,3.3863,3.41,2905800,58.55,72.04,26.57,70.33,260
1989-08-18,3.4019,3.4568,3.3944,3.4331,2624300,59.57,72.04,26.57,72.58,260
1989-08-25,3.4175,3.5036,3.3551,3.4724,2770000,61.32,72.04,26.57,76.42,260
1989-09-01,3.4799,3.5661,3.4643,3.5579,2443700,64.87,72.04,26.57,84.23,260
1989-09-08,3.5661,3.7296,3.5579,3.6828,3130800,69.3,72.04,26.57,93.98,260
1989-09-15,3.6597,3.7296,3.5892,3.6129,3133600,64.4,72.04,26.57,83.2,260
1989-09-22,3.6204,3.714,3.6129,3.6828,1743400,66.92,72.04,26.57,88.74,260
1989-09-29,3.6753,3.8076,3.5661,3.8076,2977600,70.88,72.04,26.57,97.45,260
1989-10-06,3.7689,4.2134,3.7221,4.1197,7455600,77.98,77.98,26.57,100.0,260
1989-10-13,4.1197,4.2134,3.7377,3.7377,8200300,59.01,77.98,26.57,63.1,260
1989-10-20,3.7452,4.174,3.7377,4.174,9751500,68.45,77.98,26.57,81.46,260
1989-10-27,4.1509,4.1665,3.7764,4.1428,9957500,67.26,77.98,26.57,79.14,260
1989-11-03,4.1821,4.3745,4.1584,4.3272,10800700,70.53,77.98,26.57,85.5,260
1989-11-10,4.2566,4.2566,3.8467,3.9179,6123900,56.94,77.98,26.57,59.07,260
1989-11-17,3.9413,4.0674,3.8706,4.0283,3234600,59.22,77.98,26.57,63.51,260
1989-11-24,4.0359,4.1147,3.9179,4.0989,1864100,60.66,77.98,26.57,66.3,260
1989-12-01,4.1147,4.4458,4.1147,4.4376,16041500,66.71,77.98,26.57,78.08,260
1989-12-08,4.4376,4.6349,4.1305,4.2168,10015800,60.21,77.98,26.57,65.43,260
1989-12-15,4.2168,4.3587,4.1777,4.2723,4848700,61.23,77.98,26.57,67.42,260
1989-12-22,4.2799,4.3272,4.225,4.2723,2246800,61.23,77.98,26.57,67.42,260
1989-12-29,4.2881,4.2881,4.2093,4.2723,1343300,61.23,77.98,26.57,67.42,260
1990-01-05,4.2484,4.3669,4.1695,4.1695,2842200,57.79,77.98,26.57,60.73,260
1990-01-12,4.1695,4.2326,4.0043,4.0516,2357300,54.04,77.98,26.57,53.43,260
1990-01-19,4.0674,4.2326,4.0434,4.225,2775200,58.33,77.98,26.57,61.76,260
1990-01-26,4.225,4.2566,3.981,4.0592,2651300,53.22,77.98,26.57,51.83,260
1990-02-02,4.0592,4.2484,3.9968,4.2326,2287000,57.42,77.98,26.57,60.0,260
1990-02-09,4.2168,4.4993,4.189,4.4037,3371300,61.12,77.98,26.57,67.21,260
1990-02-16,4.396,4.4757,4.2368,4.4515,3157700,62.12,77.98,26.57,69.14,260
1990-02-23,4.396,4.4196,4.2527,4.2603,2407400,55.96,77.98,26.57,57.17,260
1990-03-02,4.2603,4.3801,4.2603,4.3483,2505300,58.02,77.98,26.57,61.18,260
1990-03-09,4.3642,4.4037,4.3005,4.3559,2227700,58.21,77.98,26.57,61.53,260
1990-03-16,4.3323,4.4916,4.3164,4.4674,2375100,60.89,77.98,26.57,66.74,260
1990-03-23,4.4355,4.4355,4.2603,4.2845,1940600,54.69,77.98,26.57,54.7,260
1990-03-30,4.3005,4.3323,4.2368,4.3005,1595500,55.12,77.98,26.57,55.53,260
1990-04-06,4.2527,4.3801,4.2527,4.324,1512000,55.79,77.98,26.57,56.83,260
1990-04-12,4.34,4.3642,4.189,4.2527,1308100,53.21,77.98,26.57,51.82,260
1990-04-20,4.2368,4.3164,4.1011,4.1329,2234600,49.12,77.98,26.57,43.85,260
1990-04-27,4.1253,4.2049,4.0539,4.1488,2060000,49.67,77.98,26.57,44.93,260
1990-05-04,4.1412,4.3303,4.1329,4.322,1533300,55.37,77.98,26.57,56.01,260
1990-05-11,4.322,4.4186,4.3059,4.4108,2233200,58.0,77.98,26.57,61.12,260
1990-05-18,4.4346,4.5718,4.4269,4.5074,2740700,60.71,77.98,26.57,66.39,260
1990-05-25,4.4913,4.5396,4.3542,4.3625,1836000,54.98,77.98,26.57,55.25,260
1990-06-01,4.3464,4.5473,4.3464,4.4752,1584000,58.28,77.98,26.57,61.66,260
1990-06-08,4.5396,4.5879,4.443,4.4752,2338800,58.28,77.98,26.57,61.66,260
1990-06-15,4.4668,4.6523,4.4668,4.6362,2684500,62.79,77.98,26.57,70.45,260
1990-06-22,4.6362,4.6362,4.4507,4.4913,2750400,56.83,77.98,26.57,58.85,260
1990-06-29,4.5074,4.5312,4.3625,4.5312,2051700,58.01,77.98,26.57,61.15,260
1990-07-06,4.5312,4.5634,4.4591,4.4913,1303100,56.35,77.98,26.57,57.92,260
1990-07-13,4.499,4.7888,4.4507,4.765,3504800,63.97,77.98,26.57,72.74,260
1990-07-20,4.7972,5.0225,4.7888,4.9903,3326700,68.8,77.98,26.57,82.14,260
1990-07-27,4.9743,5.0786,4.8777,4.9743,3375400,68.1,77.98,26.57,80.77,260
1990-08-03,4.9582,5.307,4.9498,5.1204,16075100,71.0,77.98,26.57,86.4,260
1990-08-10,5.1691,5.2257,4.9253,5.0716,3658900,68.75,77.98,26.57,82.04,260
1990-08-17,5.0878,5.1119,5.0066,5.1119,2472000,69.61,77.98,26.57,83.71,260
1990-08-24,5.1366,5.2179,4.7952,4.8278,3159100,57.64,77.98,26.57,60.43,260
1990-08-31,4.8603,4.9903,4.8115,4.9331,2057100,60.36,77.98,26.57,65.72,260
1990-09-07,4.8928,5.0956,4.8928,5.0716,1932200,63.67,77.98,26.57,72.15,260
1990-09-14,5.0716,5.0878,4.9253,4.9331,1871200,58.42,77.98,26.57,61.95,260
1990-09-21,4.9168,5.0631,4.909,5.0631,2454700,61.62,77.98,26.57,68.17,260
1990-09-28,5.0716,5.0878,4.7627,4.8115,2277500,53.11,77.98,26.57,51.61,260
1990-10-05,4.8115,4.8278,4.7218,4.8115,2072500,53.11,77.98,26.57,51.61,260
1990-10-12,4.8115,4.8603,4.5027,4.5027,2743000,44.38,77.98,26.57,34.64,260
1990-10-19,4.5027,4.6405,4.4539,4.6002,2862800,47.33,77.98,26.57,40.37,260
1990-10-26,4.5839,4.5839,4.3239,4.3564,2157300,41.43,77.98,26.57,28.89,260
1990-11-02,4.3889,4.5514,4.3564,4.5352,1979000,46.68,77.98,26.57,39.1,260
1990-11-09,4.543,4.5862,4.4218,4.5612,2699400,47.42,77.98,26.57,40.54,260
1990-11-16,4.5369,4.5862,4.4626,4.5283,1936600,46.54,77.98,26.57,38.84,260
1990-11-23,4.5448,4.5612,4.479,4.504,1667900,45.86,77.98,26.57,37.52,260
1990-11-30,4.504,4.627,4.504,4.5941,2107500,48.83,77.98,26.57,43.29,260
1990-12-07,4.6026,4.6848,4.5369,4.5533,2335500,47.56,77.98,26.57,40.82,260
1990-12-14,4.5448,4.5862,4.5119,4.5612,2060900,47.84,77.98,26.57,41.37,260
1990-12-21,4.5612,4.7999,4.5533,4.7013,2752100,52.71,77.98,26.57,50.84,260
1990-12-28,4.6927,4.8242,4.6598,4.7835,791200,55.35,77.98,26.57,55.97,260
1991-01-04,4.767,4.7913,4.627,4.6684,1073400,51.06,77.98,26.57,47.63,260
1991-01-11,4.6598,4.7749,4.6191,4.627,1762000,49.57,77.98,26.57,44.73,260
1991-01-18,4.627,4.8492,4.6191,4.7506,3440800,53.89,77.98,26.57,53.14,260
1991-01-25,4.7341,4.8821,4.7256,4.8328,1588800,56.56,77.98,26.57,58.32,260
1991-02-01,4.8242,4.8735,4.5941,4.652,1606600,49.74,77.98,26.57,45.07,260
1991-02-08,4.652,5.0032,4.571,4.9201,3541300,57.85,77.98,26.57,60.84,260
1991-02-15,4.9201,4.9866,4.704,4.8204,3176400,54.34,77.98,26.57,54.01,260
1991-02-22,4.8204,4.8702,4.7539,4.7871,2113100,53.18,77.98,26.57,51.76,260
1991-03-01,4.8204,5.0531,4.7286,5.0531,2980600,60.45,77.98,26.57,65.89,260
1991-03-08,5.0697,5.0943,4.9866,5.0032,2126400,58.61,77.98,26.57,62.32,260
1991-03-15,5.0032,5.1275,4.9367,5.0863,2523400,60.75,77.98,26.57,66.49,260
1991-03-22,5.0863,5.2439,4.9946,5.1861,1737300,63.21,77.98,26.57,71.27,260
1991-03-28,5.1861,5.327,5.1196,5.1196,1288800,60.49,77.98,26.57,65.98,260
1991-04-05,5.0943,5.1442,4.9533,4.9946,1829200,55.64,77.98,26.57,56.54,260
1991-04-12,5.0112,5.1694,4.9613,5.1694,1999600,60.42,77.98,26.57,65.84,260
1991-04-19,5.1608,5.3024,5.1608,5.2027,2512800,61.28,77.98,26.57,67.5,260
1991-04-26,5.1861,5.2525,5.1029,5.1275,1678800,58.22,77.98,26.57,61.55,260
1991-05-03,5.1362,5.283,5.0863,5.199,1522000,60.25,77.98,26.57,65.51,260
1991-05-10,5.2326,5.283,5.0398,5.0478,1571100,54.24,77.98,26.57,53.81,260
1991-05-17,5.0814,5.0902,4.8718,4.9726,2638700,51.48,77.98,26.57,48.46,260
1991-05-24,4.9974,5.023,4.8798,4.9558,1673300,50.86,77.98,26.57,47.25,260
1991-05-31,4.947,4.9726,4.855,4.9638,1607900,51.17,77.98,26.57,47.84,260
1991-06-07,4.9638,5.0062,4.9134,4.947,2783800,50.47,77.98,26.57,46.48,260
1991-06-14,4.9558,4.9638,4.7206,4.7374,1968800,42.62,77.98,26.57,31.2,260
1991-06-21,4.7454,4.7542,4.6278,4.7286,2662300,42.32,77.98,26.57,30.63,260
1991-06-28,4.7286,4.779,4.687,4.7286,1336600,42.32,77.98,26.57,30.63,260
1991-07-05,4.7374,4.8214,4.6278,4.6278,1206200,38.73,77.98,26.57,23.64,260
1991-07-12,4.5942,4.7622,4.5942,4.7118,2162800,43.07,77.98,26.57,32.08,260
1991-07-19,4.687,5.0142,4.687,4.9726,2555200,53.96,77.98,26.57,53.27,260
1991-07-26,4.9726,4.9726,4.7038,4.7286,1237900,45.24,77.98,26.57,36.31,260
1991-08-02,4.7542,4.8966,4.7374,4.8126,1676800,48.34,77.98,26.57,42.33,260
1991-08-09,4.8214,4.9109,4.7491,4.758,1934800,46.49,77.98,26.57,38.74,260
1991-08-16,4.758,4.8001,4.6472,4.707,2372300,44.78,77.98,26.57,35.41,260
1991-08-23,4.69,4.936,4.656,4.8851,2510100,51.51,77.98,26.57,48.5,260
1991-08-30,4.8681,4.8851,4.8001,4.8769,1102100,51.2,77.98,26.57,47.9,260
1991-09-06,4.8851,4.9279,4.8341,4.9021,1619200,52.15,77.98,26.57,49.74,260
1991-09-13,4.8939,4.9021,4.8171,4.8429,1678900,49.7,77.98,26.57,44.98,260
1991-09-20,4.8511,4.9109,4.8429,4.8851,1875400,51.45,77.98,26.57,48.38,260
1991-09-27,4.9191,5.004,4.9109,4.9619,1384400,54.55,77.98,26.57,54.42,260
1991-10-04,4.9449,5.106,4.9191,5.072,1557600,58.63,77.98,26.57,62.35,260
1991-10-11,5.0638,5.1148,5.0468,5.1148,1727800,60.13,77.98,26.57,65.27,260
1991-10-18,5.1148,5.2929,5.106,5.1909,2187400,62.72,77.98,26.57,70.3,260
1991-10-25,5.1998,5.2338,4.97,4.9959,1651000,53.19,77.98,26.57,51.78,260
1991-11-01,5.0468,5.123,4.987,5.021,1902100,54.16,77.98,26.57,53.66,260
1991-11-08,4.987,5.129,4.9661,4.9833,1164600,52.41,77.98,26.57,50.26,260
1991-11-15,4.9833,5.0005,4.7427,4.7427,1845200,42.9,77.98,26.57,31.76,260
1991-11-22,4.7682,4.8369,4.6224,4.6396,2845600,39.59,77.98,26.57,25.31,260
1991-11-29,4.6224,4.7255,4.5881,4.5881,1827100,38.01,77.98,26.57,22.24,260
1991-12-06,4.562,4.7166,4.5365,4.5365,2011200,36.44,77.98,26.57,19.19,260
1991-12-13,4.5448,4.6307,4.3647,4.6053,2520000,39.99,77.98,26.57,26.1,260
1991-12-20,4.5881,4.6224,4.5537,4.6224,2283200,40.88,77.98,26.57,27.83,260
1991-12-27,4.6135,4.7084,4.6135,4.6912,1142500,44.43,77.98,26.57,34.74,260
1992-01-03,4.6822,4.7771,4.6568,4.7771,2258700,48.59,77.98,26.57,42.82,260
1992-01-10,4.7682,4.7853,4.5104,4.5537,3870100,40.17,77.98,26.57,26.46,260
1992-01-17,4.6053,4.7599,4.5881,4.6568,2923100,44.92,77.98,26.57,35.68,260
1992-01-24,4.6651,4.8197,4.5365,4.5537,2585800,41.38,77.98,26.57,28.81,260
1992-01-31,4.5365,4.5365,4.3475,4.3736,2162600,36.05,77.98,26.57,18.44,260
1992-02-07,4.3736,4.5091,4.2918,4.5001,3305200,41.73,77.98,26.57,29.48,260
1992-02-14,4.5788,4.6219,4.3698,4.4395,2137600,39.9,77.98,26.57,25.92,260
1992-02-21,4.3698,4.3963,4.1957,4.2306,2706000,34.32,77.98,26.57,15.07,260
1992-02-28,4.2396,4.335,4.1874,4.2918,2764000,37.1,77.98,26.57,20.47,260
1992-03-06,4.2744,4.3441,4.2396,4.2918,2232900,37.1,77.98,26.57,20.47,260
1992-03-13,4.2828,4.4395,4.2828,4.4395,2202000,43.75,77.98,26.57,33.41,260
1992-03-20,4.4221,4.4485,4.3698,4.4311,2352800,43.47,77.98,26.57,32.87,260
1992-03-27,4.4221,4.4827,4.4137,4.4652,2029800,45.02,77.98,26.57,35.88,260
1992-04-03,4.4485,4.631,4.3963,4.631,1972400,51.91,77.98,26.57,49.28,260
1992-04-10,4.631,4.718,4.4827,4.5523,3181600,48.78,77.98,26.57,43.2,260
1992-04-16,4.5523,4.6742,4.5001,4.6742,2134800,53.46,77.98,26.57,52.29,260
1992-04-24,4.6568,4.7264,4.5871,4.709,1957300,54.73,77.98,26.57,54.77,260
1992-05-01,4.718,4.8747,4.7006,4.796,2458800,57.83,77.98,26.57,60.8,260
1992-05-08,4.8308,4.8983,4.7482,4.801,1794600,58.01,77.98,26.57,61.15,260
1992-05-15,4.7926,4.8187,4.6692,4.6953,1921700,52.92,77.98,26.57,51.26,260
1992-05-22,4.7482,4.8715,4.6692,4.8631,1832800,59.06,77.98,26.57,63.18,260
1992-05-29,5.004,5.1182,4.9688,5.0301,3055000,64.08,77.98,26.57,72.95,260
1992-06-05,5.004,5.1358,4.9772,5.1274,2151900,66.64,77.98,26.57,77.93,260
1992-06-12,5.1274,5.1978,5.0653,5.0745,1415200,63.97,77.98,26.57,72.74,260
1992-06-19,5.0569,5.0745,4.8715,4.9068,2400200,56.26,77.98,26.57,57.74,260
1992-06-26,4.8891,4.8983,4.7129,4.7397,1485200,49.82,77.98,26.57,45.21,260
1992-07-02,4.7482,4.8363,4.6164,4.6777,1817200,47.64,77.98,26.57,40.97,260
1992-07-10,4.7221,4.8278,4.6601,4.8187,2204000,52.7,77.98,26.57,50.83,260
1992-07-17,4.8102,4.942,4.7926,4.8539,1836000,53.91,77.98,26.57,53.16,260
1992-07-24,4.8363,4.8807,4.7397,4.8187,1206100,52.47,77.98,26.57,50.37,260
1992-07-31,4.7926,5.0477,4.7658,5.0301,1853200,59.44,77.98,26.57,63.94,260
1992-08-07,5.0301,5.133,4.9989,5.0082,2076500,58.49,77.98,26.57,62.08,260
1992-08-14,4.9904,5.2484,4.9811,5.1864,3125400,63.62,77.98,26.57,72.06,260
1992-08-21,5.1686,5.2484,5.0702,5.0795,2153300,58.91,77.98,26.57,62.9,260
1992-08-28,5.0617,5.2042,5.0617,5.1864,1270800,61.95,77.98,26.57,68.8,260
1992-09-04,5.2042,5.2755,5.1508,5.2128,2594600,62.68,77.98,26.57,70.23,260
1992-09-11,5.195,5.2221,5.1593,5.1772,1282400,60.97,77.98,26.57,66.91,260
1992-09-18,5.2042,5.3554,5.1593,5.329,3067800,65.3,77.98,26.57,75.34,260
1992-09-25,5.3376,5.3468,5.2399,5.2577,1917300,61.83,77.98,26.57,68.58,260
1992-10-02,5.2841,5.3732,5.2399,5.2663,2134200,62.09,77.98,26.57,69.09,260
1992-10-09,5.2306,5.3112,5.0973,5.1772,2585200,57.68,77.98,26.57,60.51,260
1992-10-16,5.1772,5.2577,5.1772,5.2221,1533900,59.25,77.98,26.57,63.56,260
1992-10-23,5.2128,5.2663,5.1686,5.2128,1795600,58.77,77.98,26.57,62.62,260
1992-10-30,5.2128,5.2484,5.0617,5.0617,1567800,51.38,77.98,26.57,48.25,260
1992-11-06,5.0795,5.0795,4.8068,4.8162,2741700,42.12,77.98,26.57,30.23,260
1992-11-13,4.8162,4.9692,4.8068,4.9331,2457900,47.01,77.98,26.57,39.76,260
1992-11-20,4.9511,5.0954,4.8884,5.0327,1373200,50.83,77.98,26.57,47.19,260
1992-11-27,5.0413,5.0413,4.9511,4.9605,1557400,48.13,77.98,30.36,37.3,260
1992-12-04,4.9785,4.9966,4.8342,4.897,2413600,45.82,77.98,31.74,30.44,260
1992-12-11,4.8884,5.0507,4.8884,4.9692,1857400,48.82,77.98,34.32,33.22,260
1992-12-18,5.0052,5.0507,4.9692,5.0507,2781300,52.06,77.98,34.32,40.63,260
1992-12-24,5.0413,5.0687,4.9425,4.9785,1464900,49.1,77.98,34.32,33.85,260
1992-12-31,4.9872,5.0774,4.9692,5.0146,970400,50.61,77.98,34.32,37.31,260
1993-01-08,5.0327,5.0507,4.897,4.9244,2491000,46.86,77.98,34.32,28.73,260
1993-01-15,4.9425,5.0774,4.9064,5.0052,2663700,50.41,77.98,34.32,36.85,260
1993-01-22,4.9966,5.0052,4.8609,4.8884,1915700,45.66,77.98,34.32,25.98,260
1993-01-29,4.9064,5.2491,4.9064,5.2491,4368300,58.61,77.98,34.32,55.63,260
1993-02-05,5.2672,5.52,5.2491,5.4747,3563200,64.33,77.98,34.32,68.74,260
1993-02-12,5.493,5.6207,5.447,5.4835,2934400,64.54,77.98,34.32,69.21,260
1993-02-19,5.4747,5.6754,5.4382,5.6754,3110300,68.78,77.98,34.32,78.91,260
1993-02-26,5.666,5.8119,5.5842,5.6207,2841700,66.34,77.98,34.32,73.34,260
1993-03-05,5.6295,5.8302,5.6024,5.6477,2611000,66.96,77.98,34.32,74.76,260
1993-03-12,5.666,5.7025,5.493,5.6477,2366700,66.96,77.98,34.32,74.76,260
1993-03-19,5.6389,5.8302,5.6207,5.8214,2631100,70.96,77.98,34.32,83.92,260
1993-03-26,5.8214,5.9762,5.7849,5.8762,2918200,72.11,77.98,34.32,86.54,260
1993-04-02,5.8944,6.0952,5.8944,5.9127,3420700,72.88,77.98,34.32,88.3,260
1993-04-08,5.9492,6.2229,5.9309,6.1952,2628300,77.94,77.98,34.32,99.9,260
1993-04-16,6.1952,6.2229,6.0857,6.1587,2577100,75.97,77.98,34.32,95.38,260
1993-04-23,6.1587,6.1682,5.8484,5.9397,2407200,65.28,77.98,34.32,70.92,260
1993-04-30,5.9214,6.3142,5.8032,6.2864,3809600,72.0,77.98,34.32,86.29,260
1993-05-07,6.2864,6.4423,6.1682,6.3685,2805900,73.31,77.98,34.32,89.31,260
1993-05-14,6.3413,6.5072,6.286,6.3317,2990900,71.69,77.98,34.32,85.57,260
1993-05-21,6.3228,6.3413,6.1658,6.2395,2377900,67.64,77.98,34.32,76.31,260
1993-05-28,6.2307,6.5344,6.2122,6.4976,2629400,72.35,77.98,34.32,87.09,260
1993-06-04,6.4976,6.6082,6.4791,6.5625,1547100,73.39,77.98,34.32,89.49,260
1993-06-11,6.5625,6.7003,6.4519,6.4607,2807300,68.98,77.98,34.32,79.38,260
1993-06-18,6.4607,6.6635,6.4334,6.4703,2936300,69.17,77.98,34.32,79.81,260
1993-06-25,6.4703,6.544,6.2491,6.3597,2511500,64.32,77.98,34.32,68.71,260
1993-07-02,6.3781,6.4976,6.3132,6.3132,1953000,62.34,77.98,34.32,64.18,260
1993-07-09,6.2948,6.3413,6.1754,6.3228,1806000,62.6,77.98,34.32,64.77,260
1993-07-16,6.3228,6.3317,6.0463,6.0552,2522900,52.0,77.98,34.32,40.48,260
1993-07-23,6.0552,6.4703,5.991,6.4607,2864500,62.39,77.98,34.32,64.29,260
1993-07-30,6.4607,6.6266,6.4054,6.516,1822700,63.55,77.98,34.32,66.94,260
1993-08-06,6.4887,6.6178,6.2747,6.2933,2303500,56.06,77.98,34.32,49.78,260
1993-08-13,6.3119,6.5167,6.2933,6.4884,2040900,60.46,77.98,34.32,59.86,260
1993-08-20,6.4981,6.7029,6.4795,6.7029,1956500,64.65,77.98,34.32,69.45,260
1993-08-27,6.6843,6.9539,6.6843,6.8519,2514400,67.24,77.98,34.32,75.4,260
1993-09-03,6.8519,7.0098,6.8333,6.9822,2076100,69.36,77.98,34.32,80.25,260
1993-09-10,6.9636,6.9912,6.5726,6.656,2353100,59.06,77.98,34.32,56.66,260
1993-09-17,6.7029,6.8608,6.6933,6.7774,2843600,61.36,77.98,34.32,61.93,260
1993-09-24,6.7864,6.8236,6.6746,6.7864,2291100,61.53,77.98,34.32,62.32,260
1993-10-01,6.8333,7.3546,6.8333,7.3263,3299600,70.15,77.98,34.32,82.05,260
1993-10-08,7.3174,7.3174,6.9822,7.0939,3271100,63.55,77.98,34.32,66.94,260
1993-10-15,7.1215,7.1684,7.047,7.1126,1870700,63.84,77.98,34.32,67.62,260
1993-10-22,7.1126,7.2146,7.0195,7.0753,1925300,62.76,77.98,34.32,65.12,260
1993-10-29,7.0753,7.2801,7.0753,7.2243,2204300,65.3,77.98,34.32,70.96,260
1993-11-05,7.2243,7.2243,6.9905,7.0559,2101300,60.28,77.98,34.32,59.47,260
1993-11-12,7.0559,7.0845,6.774,6.8214,2842900,54.05,77.98,34.32,45.2,260
1993-11-19,6.8492,6.9905,6.6425,6.7552,14264300,52.41,77.98,34.32,41.43,260
1993-11-26,6.774,6.7928,6.408,6.4268,2584700,45.07,77.98,34.32,24.63,260
1993-12-03,6.3328,6.5861,6.3328,6.4922,4492800,46.67,77.98,34.32,28.29,260
1993-12-10,6.4831,6.5959,6.4455,6.5109,2914000,47.15,77.98,34.32,29.39,260
1993-12-17,6.5297,6.5583,6.2764,6.3794,3273900,44.17,77.98,34.32,22.57,260
1993-12-23,6.408,6.671,6.3982,6.5861,1953700,49.56,77.98,34.32,34.91,260
1993-12-31,6.671,6.6898,6.5485,6.5485,2170300,48.64,77.98,34.32,32.8,260
1994-01-07,6.5673,6.8778,6.5485,6.868,3414400,56.1,77.98,34.32,49.87,260
1994-01-14,6.8492,6.9056,6.6898,6.7552,3022100,53.16,77.98,34.32,43.16,260
1994-01-21,6.7364,6.8868,6.7086,6.868,2950000,55.66,77.98,34.32,48.87,260
1994-01-28,6.868,6.9905,6.8402,6.8965,2911200,56.29,77.98,34.32,50.33,260
1994-02-04,6.9153,7.1552,6.9056,7.0315,2480800,59.26,77.98,34.32,57.13,260
1994-02-11,7.0315,7.0505,6.7658,6.8515,2785900,54.0,77.98,34.32,45.06,260
1994-02-18,6.8705,6.9275,6.6709,6.6997,3606300,49.96,77.98,34.32,35.82,260
1994-02-25,6.6807,6.7468,6.5001,6.5099,2215100,45.39,77.98,34.32,25.36,260
1994-03-04,6.519,6.7756,6.4241,6.6997,3367100,50.29,77.98,34.32,36.57,260
1994-03-11,6.7187,6.7377,6.6048,6.6807,2537400,49.81,77.98,34.32,35.47,260
1994-03-18,6.7187,7.0413,6.5949,7.0413,3571700,58.02,77.98,34.32,54.28,260
1994-03-25,6.9935,6.9935,6.7847,6.7946,2700400,51.78,77.98,34.32,39.98,260
1994-03-31,6.7567,6.7567,6.2533,6.3771,2841000,43.29,77.98,34.32,20.54,260
1994-04-08,6.3482,6.519,6.2822,6.4431,2884400,44.83,77.98,34.32,24.07,260
1994-04-15,6.4621,6.9085,6.4431,6.8796,3376400,53.77,77.98,34.32,44.54,260
1994-04-22,6.8515,6.9654,6.7847,6.8515,3502300,53.17,77.98,34.32,43.18,260
1994-04-29,6.8326,7.0505,6.6709,6.7567,3181800,51.11,77.98,34.32,38.45,260
1994-05-06,6.7567,6.8761,6.538,6.8377,3597600,52.79,77.98,34.32,42.31,260
1994-05-13,6.8093,6.886,6.761,6.7709,3529400,51.23,77.98,34.32,38.72,260
1994-05-20,6.7518,6.8285,6.5024,6.8093,4503900,52.11,77.98,34.32,40.73,260
1994-05-27,6.7418,6.7518,6.6075,6.6367,2698600,47.92,77.98,34.32,31.14,260
1994-06-03,6.675,6.8185,6.675,6.8093,1823600,52.07,77.98,34.32,40.64,260
1994-06-10,6.8285,6.9911,6.6942,6.9628,2161000,55.46,77.98,34.32,48.42,260
1994-06-17,6.9252,6.9436,6.6367,6.675,6897550,48.52,77.98,34.32,32.52,260
1994-06-24,6.5983,6.7334,6.3681,6.3881,4667800,42.77,77.98,34.32,19.36,260
1994-07-01,6.3681,6.56,6.3298,6.5032,5173900,45.56,77.98,34.32,25.74,260
1994-07-08,6.5032,6.5983,6.4449,6.56,3473900,46.93,77.98,34.32,28.88,260
1994-07-15,6.56,6.8868,6.5415,6.8868,6582700,54.11,77.98,34.32,45.31,260
1994-07-22,6.8868,6.9635,6.7134,6.7717,3450400,51.47,77.98,34.32,39.27,260
1994-07-29,6.7334,6.8669,6.4449,6.8101,6154500,52.3,77.98,34.32,41.18,260
1994-08-05,6.8484,6.8484,6.6124,6.6899,4154100,49.43,77.98,34.32,34.61,260
1994-08-12,6.7086,6.7287,6.5147,6.5147,3062500,45.51,77.98,34.32,25.63,260
1994-08-19,6.5534,6.631,6.3983,6.5736,4712900,47.03,77.98,34.32,29.12,260
1994-08-26,6.5736,6.6899,6.5348,6.5534,4026700,46.55,77.98,34.32,28.02,260
1994-09-02,6.5736,6.7473,6.5348,6.6698,5557000,49.74,77.98,34.32,35.31,260
1994-09-09,6.6899,6.7473,6.6124,6.7287,3950200,51.32,77.98,34.32,38.93,260
1994-09-16,6.7473,6.7861,6.5534,6.5534,5331400,46.62,77.98,34.32,28.17,260
1994-09-23,6.5736,6.5736,6.1858,6.3983,7355000,42.88,77.98,34.32,19.61,260
1994-09-30,6.4185,6.4961,6.3983,6.4573,3421400,44.7,77.94,34.32,23.79,260
1994-10-07,6.4961,6.6124,6.3596,6.5534,4662600,47.62,77.94,34.32,30.5,260
1994-10-14,6.5534,6.6512,6.4961,6.5922,4312500,48.8,77.94,34.32,33.19,260
1994-10-21,6.5922,6.6899,6.5736,6.6899,3770100,51.74,77.94,34.32,39.93,260
1994-10-28,6.6899,7.2127,6.6124,7.0576,8313400,60.85,77.94,34.32,60.81,260
1994-11-04,7.0389,7.0576,6.7675,6.8393,4762300,54.3,77.94,34.32,45.79,260
1994-11-11,6.8393,6.8785,6.5054,6.5446,4817900,46.94,77.94,34.32,28.94,260
1994-11-18,6.5446,6.7217,6.5258,6.6826,4684300,50.33,77.94,34.32,36.71,260
1994-11-25,6.8581,6.9757,6.5838,6.8001,3232100,53.08,77.94,34.32,43.02,260
1994-12-02,6.8001,6.9569,6.623,6.6622,3250500,49.61,77.94,34.32,35.06,260
1994-12-09,6.7406,6.8001,6.6622,6.7217,3190300,51.1,77.94,34.32,38.47,260
1994-12-16,6.7406,6.9757,6.7217,6.9365,5553400,56.13,77.94,34.32,50.0,260
1994-12-23,6.9365,7.0745,6.9177,7.0149,3562900,57.83,77.94,34.32,53.9,260
1994-12-30,7.0353,7.1716,6.9177,6.9961,3309300,57.26,77.94,34.32,52.59,260
1995-01-06,7.0353,7.0933,6.8581,6.9365,3927600,55.38,77.94,34.32,48.28,260
1995-01-13,6.8973,7.0149,6.8001,6.9177,4706500,54.77,77.94,34.32,46.88,260
1995-01-20,6.8973,7.25,6.8973,7.25,3930400,62.61,77.94,34.32,64.86,260
1995-01-27,7.1716,7.4272,7.1716,7.25,5484600,62.61,77.94,34.32,64.86,260
1995-02-03,7.2108,7.2312,6.9177,7.1716,4108700,59.78,77.94,34.32,58.36,260
1995-02-10,7.1325,7.4233,7.1325,7.2254,3357500,61.08,77.94,34.32,61.35,260
1995-02-17,7.1858,7.4819,7.1652,7.4423,4898300,65.88,77.94,34.32,72.35,260
1995-02-24,7.4233,7.5025,7.3632,7.4423,3528100,65.88,77.94,34.32,72.35,260
1995-03-03,7.4819,7.5611,7.3838,7.4233,3706200,65.06,77.94,34.32,70.48,260
1995-03-10,7.4233,7.6213,7.4028,7.6007,4744000,68.93,77.94,34.32,79.34,260
1995-03-17,7.5817,7.6007,7.3632,7.6007,6174300,68.93,77.94,34.32,79.34,260
1995-03-24,7.5817,7.6799,7.5025,7.6799,4634100,70.61,77.94,34.32,83.2,260
1995-03-31,7.6799,7.6799,7.3442,7.6007,6662200,66.72,77.94,34.32,74.28,260
1995-04-07,7.5611,7.5611,7.1256,7.2048,5022200,51.45,77.94,34.32,39.27,260
1995-04-13,7.2048,7.284,7.0671,7.1066,3995200,48.49,77.94,34.32,32.48,260
1995-04-21,7.1858,7.4423,7.0069,7.3632,5384400,55.67,77.94,34.32,48.95,260
1995-04-28,7.3632,7.6403,7.2444,7.5025,4887500,59.02,77.94,34.32,56.62,260
1995-05-05,7.6007,7.7796,7.5817,7.7195,6358700,63.62,77.94,34.32,67.17,260
1995-05-12,7.7195,7.8984,7.5355,7.5754,5401700,58.89,77.94,34.32,56.33,260
1995-05-19,7.5946,7.8744,7.4955,7.6154,3776300,59.78,77.94,34.32,58.38,260
1995-05-26,7.6346,7.8345,7.4747,7.6154,3789800,59.78,77.94,34.32,58.38,260
1995-06-02,7.6154,7.9544,7.5147,7.7945,3504900,63.86,77.94,34.32,67.73,260
1995-06-09,7.7945,7.9144,7.6346,7.6554,2696700,58.87,77.94,34.32,56.28,260
1995-06-16,7.7545,7.9144,7.7145,7.8345,3944500,62.89,77.94,34.32,65.5,260
1995-06-23,7.8345,7.8345,7.3548,7.5946,5422400,55.11,77.94,34.32,47.67,260
1995-06-30,7.5946,7.7945,7.3756,7.4156,3814800,50.13,77.94,34.32,36.25,260
1995-07-07,7.4555,7.6746,7.4555,7.6746,2922000,56.29,77.94,34.32,50.36,260
1995-07-14,7.6954,7.7545,7.4955,7.6154,3989600,54.63,77.94,34.32,46.56,260
1995-07-21,7.6554,7.8153,7.4747,7.5147,5377400,51.83,77.94,34.32,40.14,260
1995-07-28,7.5547,7.8345,7.4955,7.7945,5197100,58.23,77.94,34.32,54.83,260
1995-08-04,7.8153,8.0151,7.7753,7.9352,4686200,61.04,77.94,34.32,61.26,260
1995-08-11,7.9352,8.0151,7.6954,7.8153,3358800,57.5,77.94,34.32,53.13,260
1995-08-18,7.8153,7.8161,7.5334,7.6336,4415700,52.52,77.94,34.32,41.72,260
1995-08-25,7.6739,7.7547,7.6142,7.7353,3434300,54.87,77.94,34.32,47.12,260
1995-09-01,7.7757,7.9373,7.7143,7.9373,4030800,59.2,77.94,34.32,57.04,260
1995-09-08,7.9971,8.0584,7.8355,7.9373,3858300,59.2,77.94,34.32,57.04,260
1995-09-15,7.9373,8.1392,7.8759,8.1182,6566200,62.9,77.94,34.32,65.51,260
1995-09-22,8.0584,8.1182,7.9567,7.9971,4279700,59.04,77.94,34.32,56.67,260
1995-09-29,7.9971,8.0584,7.7951,7.8759,4280500,55.38,77.94,34.32,48.28,260
1995-10-06,7.8565,8.22,7.7951,7.9373,5069000,56.84,77.94,34.32,51.63,260
1995-10-13,7.9567,8.0584,7.8355,7.9163,4088100,56.16,77.94,34.32,50.08,260
1995-10-20,7.8565,7.8759,7.6949,7.7757,5345300,51.73,77.94,34.32,39.9,260
1995-10-27,7.7143,7.7547,7.4526,7.493,4447000,44.17,77.94,34.32,22.57,260
1995-11-03,7.493,7.7951,7.472,7.7547,5749200,51.27,77.94,34.32,38.85,260
1995-11-10,7.7547,7.8355,7.6142,7.6949,4516400,49.71,77.94,34.32,35.29,260
1995-11-17,7.7143,8.2023,7.6949,8.1828,6000900,60.3,77.94,34.32,59.55,260
1995-11-24,8.0799,8.3248,8.0195,8.0391,3995000,56.52,77.94,34.32,50.9,260
1995-12-01,8.0799,8.142,7.9575,8.0603,4179700,56.95,77.94,34.32,51.88,260
1995-12-08,8.0799,8.4064,8.0603,8.3558,6037300,62.49,77.94,34.32,64.59,260
1995-12-15,8.4276,8.7541,8.3868,8.5288,7639100,65.31,77.94,34.32,71.05,260
1995-12-22,8.2432,8.55,8.2023,8.5092,4892100,64.72,77.94,34.32,69.69,260
1995-12-29,8.55,8.7133,8.488,8.55,2497300,65.42,77.94,34.32,71.3,260
1996-01-05,8.5908,9.1213,8.488,9.0397,5866800,72.51,77.94,34.32,87.55,260
1996-01-12,9.0593,9.2225,8.55,8.5908,6051000,60.31,77.94,34.32,59.58,260
1996-01-19,8.6512,8.8765,8.5288,8.8145,5418600,63.59,77.94,34.32,67.11,260
1996-01-26,8.8357,8.8765,8.3248,8.5696,7287000,57.94,77.94,34.32,54.14,260
1996-02-02,8.6104,8.7328,8.346,8.6104,6254900,58.6,77.94,34.32,55.66,260
1996-02-09,8.6104,8.9989,8.4064,8.9369,7705700,63.54,77.94,34.32,66.98,260
1996-02-16,9.0593,9.3261,9.0185,9.1812,7217700,66.73,77.94,34.32,74.31,260
1996-02-23,9.14,9.6966,9.0577,9.4282,5873600,69.63,77.94,34.32,80.95,260
1996-03-01,9.4084,9.532,8.8106,9.2635,5718500,65.53,77.94,34.32,71.55,260
1996-03-08,9.2635,9.3261,8.8106,8.832,6121000,56.19,77.94,34.32,50.15,260
1996-03-15,8.8106,9.2635,8.6871,9.0379,6697700,59.18,77.94,34.32,57.0,260
1996-03-22,9.1202,9.4496,9.0577,9.0988,5813400,60.05,77.94,34.32,58.99,260
1996-03-29,9.14,9.5517,9.0988,9.2438,6026400,62.12,77.94,34.32,63.72,260
1996-04-04,9.2635,9.5517,9.1812,9.4694,4690300,65.14,77.94,34.32,70.65,260
1996-04-12,9.2635,9.3673,9.0577,9.1202,4746000,57.5,77.94,34.32,53.13,260
1996-04-19,9.1812,9.387,9.0791,9.1812,3656400,58.41,77.94,34.32,55.23,260
1996-04-26,9.2849,9.7164,9.0577,9.532,7135800,63.32,77.94,34.32,66.48,260
1996-05-03,9.5731,9.6966,9.3047,9.3261,3920100,58.93,77.94,34.32,56.41,260
1996-05-10,9.3673,9.532,8.9753,9.4084,4682000,60.12,77.94,34.32,59.14,260
1996-05-17,9.5106,9.8814,9.4908,9.8814,6665400,66.19,77.94,34.32,73.06,260
1996-05-24,9.82,10.3182,9.7984,10.1521,7112800,69.09,77.94,34.32,79.71,260
1996-05-31,10.1521,10.1721,9.82,9.923,3203800,64.08,77.94,34.32,68.22,260
1996-06-07,9.8615,9.923,9.6954,9.7984,6792000,61.47,77.94,34.32,62.24,260
1996-06-14,9.7785,9.923,9.737,9.903,4835000,62.84,77.94,34.32,65.38,260
1996-06-21,9.903,10.089,9.8615,10.0691,5278800,64.96,77.94,34.32,70.25,260
1996-06-28,10.0691,10.1521,9.737,9.7984,5522200,59.03,77.94,34.32,56.65,260
1996-07-05,9.82,10.0475,9.7569,9.7785,3449100,58.61,77.94,34.32,55.68,260
1996-07-12,9.7984,10.1521,9.7569,10.0924,6001100,63.11,77.94,34.32,65.99,260
1996-07-19,10.0475,10.0691,9.2802,9.6539,5247100,54.24,77.94,34.32,45.67,260
1996-07-26,9.6539,9.7984,9.4878,9.5908,5214700,53.08,77.94,34.32,43.02,260
1996-08-02,9.5709,9.8399,9.3832,9.8399,3918400,56.98,77.94,34.32,51.95,260
1996-08-09,9.8399,9.9445,9.5709,9.5908,3999800,52.3,77.94,34.32,41.22,260
1996-08-16,9.6124,9.911,9.5959,9.8892,4016400,56.87,77.94,34.32,51.7,260
1996-08-23,9.911,10.1205,9.7853,10.0367,4384600,58.96,77.94,34.32,56.5,260
1996-08-30,10.0367,10.0786,9.7635,9.8691,2946500,55.66,77.94,34.32,48.92,260
1996-09-06,10.0149,10.0988,9.8691,10.0988,4232700,59.05,77.94,34.32,56.68,260
1996-09-13,10.1407,10.434,9.9948,10.4139,5928700,63.2,77.94,34.32,66.21,260
1996-09-20,10.3921,10.6234,10.3502,10.434,6474500,63.45,77.94,34.32,66.79,260
1996-09-27,10.4558,10.4759,10.2044,10.3301,5122300,61.1,77.94,34.32,61.39,260
1996-10-04,10.372,10.853,10.3301,10.8111,4912600,67.17,77.94,34.32,75.31,260
1996-10-11,10.853,11.1246,10.7692,10.9988,3836200,69.19,77.94,34.32,79.94,260
1996-10-18,11.0625,11.314,10.915,11.2922,4824400,72.08,77.94,34.32,86.57,260
1996-10-25,11.3341,11.4598,11.1246,11.2503,5358500,71.06,77.94,34.32,84.22,260
1996-11-01,11.376,11.4179,10.8949,10.915,5779900,63.3,77.94,34.32,66.43,260
1996-11-08,10.9368,11.1246,10.7072,11.1044,5723500,65.58,77.94,34.32,71.67,260
1996-11-15,11.1665,11.2807,10.9207,11.0897,5747400,65.24,77.94,34.32,70.89,260
1996-11-22,11.1117,11.4497,11.1117,11.3854,4918200,68.75,77.94,34.32,78.93,260
1996-11-29,11.4277,11.5544,11.2165,11.3229,3605000,67.21,77.94,34.32,75.39,260
1996-12-06,11.2807,11.3432,10.7737,10.8785,6509000,57.34,77.94,34.32,52.78,260
1996-12-13,10.9849,11.0052,10.1822,10.4779,6591000,50.2,77.94,34.32,36.4,260
1996-12-20,10.5202,11.4919,10.4779,11.132,7847800,59.15,77.94,34.32,56.93,260
1996-12-27,11.132,11.3009,10.9427,11.1539,1958300,59.41,77.94,34.32,57.53,260
1997-01-03,11.1539,11.3432,10.7956,11.1759,5733300,59.69,77.94,34.32,58.17,260
1997-01-10,11.2181,11.7454,11.1117,11.7454,7347600,66.21,77.94,34.32,73.12,260
1997-01-17,11.6609,11.7454,11.3026,11.3871,6605700,59.68,77.94,34.32,58.13,260
1997-01-24,11.3871,11.5139,10.9849,11.1759,5958900,56.15,77.94,34.32,50.06,260
1997-01-31,11.2604,11.3652,10.9224,11.2181,6192100,56.7,77.94,34.32,51.32,260
1997-02-07,11.1759,11.3449,10.9427,11.1117,6200100,54.84,77.94,34.32,47.04,260
1997-02-14,11.1539,11.7032,11.0069,11.5561,7618200,60.66,77.94,37.1,57.69,260
1997-02-21,11.6053,11.6258,11.1573,11.3924,4094600,57.71,77.94,37.1,50.46,260
1997-02-28,11.3703,11.6479,10.9665,10.987,6136000,51.08,77.94,42.12,25.02,260
1997-03-07,10.8814,11.3924,10.8166,11.2646,8433400,54.9,77.94,42.12,35.68,260
1997-03-14,11.435,11.5406,11.2425,11.4776,4895200,57.63,77.94,42.12,43.31,260
1997-03-21,11.3924,11.8182,11.3072,11.7961,5777800,61.4,77.94,42.12,53.83,260
1997-03-27,11.8387,12.3923,11.8182,11.8608,6335900,62.14,77.94,42.12,55.89,260
1997-04-04,11.9034,11.9239,10.7741,11.0722,9351900,49.69,77.94,42.12,21.14,260
1997-04-11,11.0943,11.2221,10.5611,10.6037,4946900,44.05,77.94,42.12,5.38,260
1997-04-18,10.6037,11.1369,10.5185,11.0091,5014900,49.4,77.94,42.12,20.34,260
1997-04-25,10.9665,11.5627,10.9444,11.1999,5244700,51.74,77.94,42.12,26.87,260
1997-05-02,11.1147,11.7757,11.1147,11.7757,5464900,58.05,77.94,42.12,44.48,260
1997-05-09,11.7757,12.1589,11.6053,12.1589,6290200,61.65,77.94,42.12,54.51,260
1997-05-16,12.1589,12.4349,11.9886,12.0652,6286400,60.29,77.94,42.12,50.72,260
1997-05-23,12.0446,12.1941,11.8729,12.1941,5004300,61.54,77.94,42.12,54.23,260
1997-05-30,12.0223,12.2164,12.0017,12.0223,3804900,58.87,77.94,42.12,46.76,260
1997-06-06,12.0652,12.5599,11.9364,12.4311,6217200,62.99,77.94,42.12,58.27,260
1997-06-13,12.4517,13.1181,12.3229,13.0528,6808400,68.21,77.94,42.12,72.83,260
1997-06-20,13.0322,13.2675,12.6664,12.7952,5664800,64.17,77.94,42.12,61.56,260
1997-06-27,12.7093,12.881,12.4517,12.4946,4623400,59.73,77.94,42.12,49.16,260
1997-07-03,12.5375,13.0751,12.4311,13.0322,4020700,64.47,77.94,42.12,62.39,260
1997-07-11,13.0322,13.1387,12.7316,12.8381,5144800,61.65,77.94,42.12,54.52,260
1997-07-18,13.0957,13.3533,12.9034,12.9892,5476100,63.0,77.94,42.12,58.3,260
1997-07-25,12.9669,13.5045,12.7746,13.3963,3996600,66.45,77.94,42.12,67.92,260
1997-08-01,13.3533,13.7621,13.2245,13.5045,5222600,67.32,77.94,42.12,70.35,260
1997-08-08,13.4615,13.805,13.1816,13.3533,5198900,64.79,77.94,42.12,63.29,260
1997-08-15,13.4822,14.0833,13.2469,13.2675,7326500,63.33,77.94,42.12,59.22,260
1997-08-22,13.1936,13.8217,13.1071,13.7559,4476900,67.77,77.94,42.12,71.61,260
1997-08-29,13.6919,13.8857,13.3891,13.4099,4835600,62.04,77.94,42.12,55.62,260
1997-09-05,13.4756,13.9289,13.4099,13.5621,4996400,63.5,77.94,42.12,59.7,260
1997-09-12,13.8424,14.275,13.8217,14.2542,6826100,69.29,77.94,42.12,75.86,260
1997-09-19,14.2542,15.443,14.211,15.1194,7778500,74.69,77.94,42.12,90.94,260
1997-09-26,15.0536,15.0969,14.2542,14.384,7147800,64.33,77.94,42.12,62.02,260
1997-10-03,14.4048,14.9239,14.3183,14.8599,5720400,67.48,77.94,42.12,70.79,260
1997-10-10,15.0104,15.3789,14.7733,14.8599,5380500,67.48,77.94,42.12,70.79,260
1997-10-17,14.9031,15.2492,14.4705,14.5346,4323500,63.07,77.94,42.12,58.49,260
1997-10-24,14.5778,15.2059,14.3408,14.448,5080400,61.91,77.94,42.12,55.26,260
1997-10-31,14.3615,14.6211,13.3026,14.3615,9510200,60.71,77.94,42.77,51.01,260
1997-11-07,14.6436,15.0329,14.102,14.448,5980800,61.51,77.94,42.77,53.3,260
1997-11-14,14.4705,14.6747,14.0155,14.5242,4067400,62.25,77.94,42.77,55.38,260
1997-11-21,14.6747,14.827,14.2882,14.7238,4647000,64.17,77.94,42.77,60.85,260
1997-11-28,14.6036,14.6367,13.863,13.9728,4015900,53.19,77.94,42.77,29.62,260
1997-12-05,13.8194,13.9623,13.45,13.809,8758900,51.13,77.94,42.77,23.78,260
1997-12-12,13.9188,13.9728,13.1225,13.1556,5493700,43.85,77.94,42.77,3.07,260
1997-12-19,13.1991,13.4396,12.4586,12.9273,6669100,41.62,77.94,41.62,0.0,260
1997-12-26,13.058,13.1991,12.9378,13.1225,3696600,44.23,77.94,41.62,7.19,260
1998-01-02,13.2322,13.7759,13.2096,13.5807,5024300,49.9,77.94,41.62,22.79,260
1998-01-09,13.5912,13.5912,12.3174,12.3941,10823300,38.88,77.94,38.88,0.0,260
1998-01-16,11.9794,13.45,11.8052,13.3734,7877800,48.91,77.94,38.88,25.67,260
1998-01-23,13.3838,13.6452,12.8071,12.8942,5359800,45.02,77.94,38.88,15.7,260
1998-01-30,12.8942,13.4936,12.8942,13.0249,8089300,46.27,77.94,38.88,18.92,260
1998-02-06,13.0684,13.5476,13.0475,13.5372,5749700,51.0,77.94,38.88,31.01,260
1998-02-13,13.5581,13.6138,13.0353,13.5703,7278600,51.29,77.94,38.88,31.78,260
1998-02-20,13.5912,13.9265,13.4331,13.9054,6202100,54.32,77.94,38.88,39.53,260
1998-02-27,13.6754,14.5411,13.3786,14.2022,8299700,56.88,77.94,38.88,46.07,260
1998-03-06,14.2461,14.9151,14.2461,14.8273,8540200,61.74,77.94,38.88,58.51,260
1998-03-13,14.7834,14.8168,14.311,14.5534,6986600,58.62,77.94,38.88,50.53,260
1998-03-20,14.5305,15.4085,14.2127,15.2558,9358200,63.68,77.94,38.88,63.5,260
1998-03-27,15.7158,15.837,14.4866,14.5744,8722100,56.47,77.94,38.88,45.02,260
1998-04-03,14.6517,14.7167,14.081,14.3883,7358100,54.64,75.97,38.88,42.5,260
1998-04-09,14.3883,14.3883,13.8282,14.1021,5497100,51.87,74.69,38.88,36.27,260
1998-04-17,14.146,14.7061,13.7843,14.6412,8367600,56.36,74.69,38.88,48.81,260
1998-04-24,14.6622,15.0363,14.4322,14.4761,6582600,54.68,74.69,38.88,44.11,260
1998-05-01,14.4656,15.189,14.311,15.168,7114900,60.06,74.69,38.88,59.14,260
1998-05-08,15.168,15.2435,14.7939,14.9046,5123400,57.27,74.69,38.88,51.35,260
1998-05-15,14.7729,15.1451,14.7395,14.9256,5492800,57.44,74.69,38.88,51.83,260
1998-05-22,14.9031,14.9473,14.2397,14.3176,6035600,51.12,74.69,38.88,34.16,260
1998-05-29,14.406,14.4166,13.6878,14.1301,5251800,49.31,74.69,38.88,29.12,260
1998-06-05,14.1301,14.5935,13.8753,14.5935,5942000,53.66,74.69,38.88,41.28,260
1998-06-12,14.5935,14.6041,13.7197,14.3954,6086100,51.62,74.69,38.88,35.58,260
1998-06-19,14.2397,14.9367,13.9974,14.383,6370400,51.49,74.69,38.88,35.21,260
1998-06-26,14.4272,15.08,14.4166,14.7934,5471800,55.54,74.69,38.88,46.52,260
1998-07-02,14.7704,15.202,14.5829,15.0587,4628200,57.99,74.69,38.88,53.34,260
1998-07-10,15.0587,15.0587,14.2397,14.4838,4957500,51.4,74.69,38.88,34.94,260
1998-07-17,14.5051,14.7598,14.1513,14.6483,5195400,53.04,74.69,38.88,39.53,260
1998-07-24,14.6607,14.9367,14.3954,14.682,5805100,53.39,74.69,38.88,40.5,260
1998-07-31,14.6483,15.2675,14.5935,14.6165,9742100,52.57,74.69,38.88,38.23,260
1998-08-07,14.6165,14.6165,13.4543,13.6878,8332700,42.63,74.69,38.88,10.47,260
1998-08-14,13.7975,14.4945,13.3889,14.1743,9040900,48.16,74.69,38.88,25.91,260
1998-08-21,14.1513,14.5152,13.9698,14.2924,6263400,49.44,74.69,38.88,29.47,260
1998-08-28,14.3476,14.3476,13.3674,13.4119,7796500,41.29,74.69,38.88,6.71,260
1998-09-04,13.5456,14.1248,13.0109,13.8807,9474800,46.36,74.69,38.88,20.87,260
1998-09-11,14.0357,14.8716,13.9912,14.7041,7374500,53.89,74.69,38.88,41.9,260
1998-09-18,14.9269,14.9501,14.2692,14.8609,6873900,55.18,74.69,38.88,45.51,260
1998-09-25,14.7825,15.1158,14.3138,14.8609,5512300,55.18,74.69,38.88,45.51,260
1998-10-02,14.9714,15.8626,14.7487,15.6184,11615200,61.25,74.69,38.88,62.47,260
1998-10-09,15.7521,15.941,15.0053,15.2727,9270900,57.43,74.69,38.88,51.79,260
1998-10-16,15.3618,15.54,14.8164,15.4954,8156700,59.2,74.69,38.88,56.73,260
1998-10-23,15.5061,15.663,14.091,14.4261,9355400,48.73,74.69,38.88,27.5,260
1998-10-30,14.7593,14.8164,13.9805,14.5259,7010700,49.63,74.69,38.88,30.0,260
1998-11-06,14.5259,14.9162,13.9698,14.8485,6949700,52.51,74.69,38.88,38.06,260
1998-11-13,14.8823,14.9376,14.1587,14.7932,6767100,51.96,74.69,38.88,36.53,260
1998-11-20,14.7718,14.9269,14.2875,14.5245,7457200,49.27,74.69,38.88,28.99,260
1998-11-27,14.5245,15.3775,14.221,15.3775,6254900,56.91,74.69,38.88,50.35,260
1998-12-04,15.1297,15.1405,14.1977,14.7256,7505500,50.63,74.69,38.88,32.81,260
1998-12-11,14.8154,15.848,14.5353,15.4332,8885200,56.27,74.69,38.88,48.56,260
1998-12-18,15.1746,15.4332,14.5461,14.9052,7575500,51.54,74.69,38.88,35.35,260
1998-12-24,14.9052,15.3434,14.9052,15.2087,3814200,53.94,74.69,38.88,42.04,260
1998-12-31,15.0848,15.365,14.8711,14.8945,3207500,51.12,74.69,38.88,34.16,260
1999-01-08,14.916,15.1746,14.4904,15.074,6053200,52.64,74.69,38.88,38.42,260
1999-01-15,15.074,15.1746,14.2551,14.3773,5423500,46.57,74.69,38.88,21.48,260
1999-01-22,14.4114,14.6915,14.0971,14.3665,5035800,46.48,74.69,38.88,21.23,260
1999-01-29,14.2767,14.3665,13.1777,13.3788,7053100,39.09,74.69,38.88,0.58,260
1999-02-05,13.4794,14.3898,13.1328,14.1654,8440000,46.4,74.69,38.88,21.0,260
1999-02-12,14.1977,14.7149,13.9409,14.3449,7585600,47.94,74.69,38.88,25.29,260
1999-02-19,14.3557,14.5012,13.8119,13.9259,4951200,44.72,74.69,38.88,16.29,260
1999-02-26,13.9024,14.4345,13.7557,13.915,6965700,44.63,74.69,38.88,16.06,260
1999-03-05,13.8915,14.7856,13.6309,14.7168,6530100,51.81,74.69,38.88,36.09,260
1999-03-12,14.6155,15.7467,14.3548,15.3286,9747300,56.44,74.69,38.88,49.04,260
1999-03-19,15.1241,15.906,15.068,15.8372,9521800,59.9,74.69,38.88,58.68,260
1999-03-26,15.906,16.0743,15.3178,15.7123,6300900,58.67,74.69,38.88,55.25,260
1999-04-01,16.0526,16.3458,15.6345,15.7123,5674200,58.67,74.69,38.88,55.25,260
1999-04-09,15.725,17.0137,15.725,17.0137,7033000,66.89,74.69,38.88,78.2,260
1999-04-16,17.0137,17.9531,16.3911,17.897,9000800,71.09,74.69,38.88,89.94,260
1999-04-23,18.3169,18.9866,16.8327,17.354,10376100,65.58,74.69,38.88,74.55,260
1999-04-30,17.2635,18.8961,16.9341,18.0544,8153700,68.93,74.69,38.88,83.89,260
1999-05-07,18.0544,18.6065,17.0246,17.173,7712200,60.9,74.69,38.88,61.49,260
1999-05-14,17.1947,17.8173,16.9015,17.0933,6908300,60.22,74.69,38.88,59.58,260
1999-05-21,17.0933,17.3992,16.6029,17.0237,6621000,59.59,74.69,38.88,57.83,260
1999-05-28,17.0802,17.4446,16.5682,16.8524,5529600,57.99,74.69,38.88,53.35,260
1999-06-04,16.8178,17.1822,16.3405,16.6812,5310700,56.36,74.69,38.88,48.79,260
1999-06-11,16.785,17.2405,16.6484,16.8871,5913600,57.89,74.69,38.88,53.08,260
1999-06-18,17.1257,17.7178,16.898,16.9782,6824000,58.59,74.69,38.88,55.02,260
1999-06-25,17.0237,17.0237,16.2494,16.4207,6112500,52.85,74.69,38.88,38.99,260
1999-07-02,16.4535,17.6614,16.295,17.5357,7238800,61.06,74.69,38.88,61.93,260
1999-07-09,17.6504,18.3646,17.5812,17.7178,4989400,62.22,74.69,38.88,65.17,260
1999-07-16,17.798,18.0476,17.3189,17.4227,4124200,59.15,74.69,38.88,56.6,260
1999-07-23,17.3316,17.4336,16.6939,17.0911,4796600,55.82,74.69,38.88,47.29,260
1999-07-30,17.1367,17.3772,16.6138,16.6247,5809600,51.43,74.69,38.88,35.04,260
1999-08-06,16.6356,17.5703,16.5682,17.4555,6049300,57.8,74.69,38.88,52.81,260
1999-08-13,17.4901,17.798,17.1367,17.6268,5886400,58.99,74.69,38.88,56.14,260
1999-08-20,17.4901,17.5812,17.0911,17.4197,6508700,56.89,74.69,38.88,50.3,260
1999-08-27,17.4307,17.6838,16.8806,17.0071,6572500,52.87,74.69,38.88,39.05,260
1999-09-03,16.9393,17.2474,16.7321,17.1795,4896500,54.32,74.69,38.88,43.11,260
1999-09-10,17.2253,17.9936,17.0071,17.5811,5106500,57.6,74.69,38.88,52.28,260
1999-09-17,17.5462,17.5462,16.8128,17.053,7487900,52.28,74.69,38.88,37.42,260
1999-09-24,17.064,17.0768,15.9876,16.1362,5691200,44.58,74.69,38.88,15.91,260
1999-10-01,16.171,16.5377,15.6887,16.171,4938400,44.91,74.69,38.88,16.84,260
1999-10-08,16.3085,16.3085,15.289,15.6557,7232000,41.0,74.69,38.88,5.92,260
1999-10-15,15.9308,16.3085,15.8153,16.193,7341200,46.26,74.69,38.88,20.6,260
1999-10-22,16.1472,17.306,16.1252,17.1905,5802500,54.39,74.69,38.88,43.29,260
1999-10-29,17.1905,17.1905,15.918,16.7431,9934300,50.68,74.69,38.88,32.95,260
1999-11-05,16.6056,16.9393,15.6777,15.6777,7014400,43.15,74.69,38.88,11.92,260
1999-11-12,15.8043,16.9503,15.8043,16.7559,7345300,51.08,74.69,38.88,34.05,260
1999-11-19,16.7559,17.8951,16.6056,17.2029,8289400,53.94,74.69,38.88,42.05,260
1999-11-26,17.2029,17.2841,16.4294,16.4294,4908900,48.63,74.69,38.88,27.22,260
1999-12-03,16.3149,17.1216,16.0953,16.7875,6392600,51.03,74.69,38.88,33.93,260
1999-12-10,16.6712,17.0755,16.1525,16.7524,6873200,50.78,74.69,38.88,33.23,260
1999-12-17,16.7414,16.937,16.1525,16.1525,8173700,46.57,74.69,38.88,21.47,260
1999-12-23,16.1525,16.2448,15.5064,15.9568,4365600,45.25,74.69,38.88,17.79,260
1999-12-31,15.7833,16.2097,15.4953,15.9919,4460800,45.55,74.69,38.88,18.62,260
2000-01-07,15.8534,16.7764,15.2295,16.6712,11249200,51.1,74.69,38.88,34.1,260
2000-01-14,16.6251,16.6251,15.7944,16.0602,7407500,46.51,74.69,38.88,21.29,260
2000-01-21,16.1525,16.5918,16.0251,16.3482,8356000,48.84,74.69,38.88,27.8,260
2000-01-28,16.5217,16.7063,15.115,15.2406,8844500,41.37,74.69,38.88,6.95,260
2000-02-04,15.1483,15.5876,14.4689,14.5022,8714000,37.28,74.69,37.28,0.0,260
2000-02-11,14.6074,14.8954,13.3263,13.6604,10178900,33.24,74.69,33.24,0.0,260
2000-02-18,13.6955,14.694,13.5921,14.1821,11619300,37.74,74.69,33.24,10.86,260
2000-02-25,13.9718,14.1821,13.0188,13.2272,9582700,33.32,74.69,33.24,0.18,260
2000-03-03,13.2272,14.4148,13.1937,13.8787,11357900,38.61,74.69,33.24,12.94,260
2000-03-10,13.8564,15.7867,13.7168,14.9621,12684500,46.24,74.69,33.24,31.37,260
2000-03-17,15.0663,16.1943,14.7629,15.5075,10790900,49.64,74.69,33.24,39.56,260
2000-03-24,15.554,16.1013,15.2059,15.9393,7816800,52.21,74.69,33.24,45.77,260
2000-03-31,15.6713,17.5439,15.3455,17.207,13223200,58.86,74.69,33.24,61.81,260
2000-04-07,17.2423,17.4508,16.0659,16.0901,9677400,52.0,74.69,33.24,45.25,260
2000-04-14,15.904,16.8347,15.8463,15.9505,8719500,51.2,74.69,33.24,43.31,260
2000-04-20,15.8221,16.0659,15.3213,16.0659,6122800,51.86,74.69,33.24,44.91,260
2000-04-28,15.8798,16.5666,15.6471,15.8463,6982900,50.45,74.69,33.24,41.52,260
2000-05-05,15.9151,16.8924,15.9151,16.8924,6825300,56.49,74.69,33.24,56.09,260
2000-05-12,16.9501,17.555,16.5443,17.5476,7337500,59.8,74.69,33.24,64.07,260
2000-05-19,17.462,17.6369,16.8833,17.4925,6978400,59.39,74.69,33.24,63.08,260
2000-05-26,17.5863,17.7869,17.0839,17.1307,7235500,56.65,74.69,33.24,56.48,260
2000-06-02,17.142,17.3294,16.6489,16.977,5817900,55.48,74.69,33.24,53.65,260
2000-06-09,17.0126,17.6106,16.9189,17.247,6824500,57.16,74.69,33.24,57.69,260
2000-06-16,17.3988,17.7512,17.142,17.3876,10049000,58.04,74.69,33.24,59.83,260
2000-06-23,17.4925,17.5169,16.7558,16.8252,7345500,53.3,74.69,33.24,48.39,260
2000-06-30,16.8139,16.9658,15.8522,15.8991,7887000,46.56,74.69,33.24,32.12,260
2000-07-07,15.9347,16.2403,15.3835,15.7378,6245900,45.48,74.69,33.24,29.52,260
2000-07-14,15.7585,16.4146,15.5016,15.7004,7156300,45.21,74.69,33.24,28.88,260
2000-07-21,15.7472,15.841,14.7162,14.7162,7620400,38.87,74.69,33.24,13.59,260
2000-07-28,14.7518,15.4435,14.4125,15.1061,10859900,42.32,74.69,33.24,21.91,260
2000-08-04,14.9974,15.3367,14.5531,14.8717,8073100,40.83,74.69,33.24,18.31,260
2000-08-11,14.9392,15.8522,14.928,15.7472,7009400,48.18,74.69,33.24,36.04,260
2000-08-18,15.6066,16.5759,15.6066,16.251,7181300,51.89,74.69,33.24,44.98,260
2000-08-25,16.2812,16.9424,16.1509,16.4116,6836200,53.04,74.69,33.24,47.76,260
2000-09-01,16.2699,16.6345,15.9393,16.1452,5667600,50.86,74.69,33.24,42.51,260
2000-09-08,16.3039,16.9065,16.1396,16.3757,5353100,52.67,74.69,33.24,46.87,260
2000-09-15,16.3757,17.273,16.3757,17.0368,9189700,57.5,74.69,33.24,58.53,260
2000-09-22,17.1672,17.4373,15.809,15.9148,12574900,48.46,74.69,33.24,36.71,260
2000-09-29,15.6787,16.4116,15.4066,16.1037,9245400,49.89,74.69,33.24,40.16,260
2000-10-06,16.2812,16.5759,15.7618,15.9393,6578500,48.63,74.69,33.24,37.11,260
2000-10-13,16.0206,16.8007,15.8676,15.9148,11954800,48.43,74.69,33.24,36.64,260
2000-10-20,15.112,15.8203,14.8286,15.7618,20499800,47.14,74.69,33.24,33.54,260
2000-10-27,15.7731,15.7977,15.112,15.1705,11241600,42.46,74.69,33.24,22.24,260
2000-11-03,14.9948,15.8921,14.9948,15.3122,9370500,43.9,74.69,33.24,25.71,260
2000-11-10,15.2895,16.0092,15.2177,15.8921,7968200,49.47,74.69,33.24,39.14,260
2000-11-17,16.0678,16.1694,15.6088,15.9428,6234600,49.93,74.69,33.24,40.27,260
2000-11-24,16.0494,16.2645,15.8724,16.0494,4190300,50.96,74.69,33.24,42.75,260
2000-12-01,16.2055,16.3712,15.3242,15.7296,10169200,47.79,74.69,33.24,35.1,260
2000-12-08,15.682,16.0856,15.111,15.4784,8289800,45.4,74.69,33.24,29.34,260
2000-12-15,15.4917,15.7639,14.8958,14.8958,11542400,40.36,74.69,33.24,17.18,260
2000-12-22,15.0158,15.6935,14.8844,15.3489,10897000,45.44,74.69,33.24,29.42,260
2000-12-29,15.5374,16.5501,15.4193,16.0742,7836100,52.41,74.69,33.24,46.25,260
2001-01-05,16.217,16.5501,15.2404,15.5145,9120000,47.38,74.69,33.24,34.1,260
2001-01-12,15.5145,15.682,15.1585,15.4079,10885500,46.46,74.69,33.24,31.9,260
2001-01-19,15.3965,15.4193,14.932,15.0976,10686400,43.81,74.69,33.24,25.49,260
2001-01-26,14.991,15.8952,14.9796,15.7296,12724200,50.07,74.69,33.24,40.59,260
2001-02-02,15.5374,15.9105,15.4022,15.6897,7469400,49.69,74.69,33.24,39.68,260
2001-02-09,15.762,16.4778,15.7144,16.3502,11262500,55.63,74.69,33.24,54.01,260
2001-02-16,16.3712,16.7809,16.1332,16.6006,11853800,57.67,74.69,33.24,58.94,260
2001-02-23,16.5526,16.7291,16.1383,16.1997,8469300,53.43,74.69,33.24,48.71,260
2001-03-02,16.1115,16.9746,16.0348,16.965,11809800,59.55,74.69,33.24,63.46,260
2001-03-09,17.0226,17.924,17.0226,17.7955,13549300,64.93,74.69,33.24,76.43,260
2001-03-16,17.7879,17.7974,16.7214,16.7828,12911100,55.27,74.69,33.24,53.15,260
2001-03-23,16.8979,17.5021,16.3704,16.6294,17030400,53.96,74.69,33.24,49.99,260
2001-03-30,16.8404,17.0072,16.3666,16.8404,10222100,55.52,74.69,33.24,53.75,260
2001-04-06,16.8404,17.2431,16.2247,17.1127,12589600,57.52,74.69,33.24,58.58,260
2001-04-12,17.2144,17.8281,17.2144,17.6076,9512900,60.96,74.69,33.24,66.87,260
2001-04-20,17.6459,18.0199,17.5155,17.8857,11994100,62.78,74.69,33.24,71.27,260
2001-04-27,18.0104,18.7852,17.9471,18.6989,15868000,67.55,74.69,33.24,82.77,260
2001-05-04,18.6989,18.7584,17.3908,17.9049,14127400,59.53,74.69,33.24,63.42,260
2001-05-11,18.0257,18.394,17.7744,18.0334,8682200,60.35,74.69,33.24,65.4,260
2001-05-18,18.0334,18.8767,18.0104,18.842,10773800,65.14,74.69,33.24,76.95,260
2001-05-25,18.925,19.0196,18.0753,18.1873,9983400,58.93,74.69,33.24,61.98,260
2001-06-01,18.5388,18.6933,18.336,18.6122,9074700,61.5,74.69,33.24,68.16,260
2001-06-08,18.7222,18.9366,18.4809,18.6238,12275800,61.57,74.69,33.24,68.33,260
2001-06-15,18.7319,19.0023,18.3476,18.672,10589100,61.88,74.69,33.24,69.09,260
2001-06-22,18.672,18.7029,17.8339,18.2955,12600100,57.92,74.69,33.24,59.53,260
2001-06-29,18.336,18.4133,16.9823,17.4767,14309100,50.36,74.69,33.24,41.31,260
2001-07-06,17.4747,17.8706,17.2739,17.5732,9900000,51.17,74.69,33.24,43.26,260
2001-07-13,17.5732,17.5732,16.8104,17.2643,12507300,48.45,74.69,33.24,36.69,260
2001-07-20,17.2836,17.4168,16.4339,17.1774,12756100,47.68,74.69,33.24,34.84,260
2001-07-27,17.2063,17.6099,16.3663,17.5925,13169000,51.63,74.69,33.24,44.36,260
2001-08-03,17.6505,17.8552,17.3318,17.5114,11556100,50.82,74.69,33.24,42.41,260
2001-08-10,17.467,17.8513,17.2643,17.7181,11529700,52.84,74.69,33.24,47.28,260
2001-08-17,17.7277,18.153,17.6794,17.8924,12360200,54.54,74.69,33.24,51.38,260
2001-08-24,17.9002,18.1239,17.5794,18.0461,12181100,56.04,74.69,33.24,55.0,260
2001-08-31,18.1044,18.2036,17.4938,17.6474,10117600,51.31,74.69,33.24,43.58,260
2001-09-07,17.7155,18.1452,17.6571,17.9683,13183200,54.63,74.69,33.24,51.59,260
2001-09-10,17.9683,17.9683,17.803,17.8322,3042200,52.98,74.69,33.24,47.61,260
2001-09-21,17.9877,17.9877,15.7514,16.3368,21955000,39.02,74.69,33.24,13.95,260
2001-09-28,16.4418,16.4807,15.2847,16.4807,24136700,40.64,74.69,33.24,17.85,260
2001-10-05,16.3056,17.2624,15.9614,17.1982,16985600,48.05,74.69,33.24,35.74,260
2001-10-12,17.5016,18.2347,17.0679,17.696,24431700,52.49,74.69,33.24,46.43,260
2001-10-19,17.5988,17.6085,16.4904,16.8676,14906800,45.53,74.69,33.24,29.63,260
2001-10-26,16.8987,17.3752,16.5779,17.2935,14688600,49.25,74.69,33.24,38.62,260
2001-11-02,17.346,17.5016,16.996,17.0057,15831600,46.92,74.69,33.24,32.99,260
2001-11-09,17.1029,17.4432,16.6965,17.4024,15422600,50.41,74.69,33.24,41.41,260
2001-11-16,17.2877,17.5444,16.1728,16.359,21328700,42.49,74.69,33.24,22.31,260
2001-11-23,16.359,17.198,16.0747,16.9726,12459100,47.69,74.69,33.24,34.86,260
2001-11-30,16.6923,16.8589,16.4864,16.6648,11842100,45.47,74.69,33.24,29.5,260
2001-12-07,17.0373,17.2509,16.5374,17.1,13246300,49.08,74.69,33.24,38.22,260
2001-12-14,17.0334,17.1333,16.4237,16.4668,13463000,44.47,74.69,33.24,27.08,260
2001-12-21,16.5158,17.4254,16.3845,17.3686,14452500,51.47,74.69,33.24,43.97,260
2001-12-28,17.3686,17.8488,17.3509,17.7293,7450300,53.97,74.69,33.24,50.0,260
2002-01-04,17.643,17.7802,17.2333,17.5058,9219500,52.17,74.69,33.24,45.67,260
2002-01-11,17.5332,17.741,17.1039,17.1353,12570000,49.25,74.69,33.24,38.63,260
2002-01-18,17.1372,17.4862,16.9981,17.0157,11280600,48.31,74.69,33.24,36.36,260
2002-01-25,17.1333,17.4509,16.8804,17.3607,8254300,51.21,74.69,33.24,43.34,260
2002-02-01,17.4823,17.4823,15.8983,16.7354,22298500,46.16,74.69,33.24,31.17,260
2002-02-08,16.6334,16.7099,15.9512,16.0453,13707100,41.32,74.69,33.24,19.5,260
2002-02-15,15.8885,16.4564,15.8395,16.2804,13227600,43.5,74.69,33.24,24.74,260
2002-02-22,16.1915,16.5572,15.974,16.5473,10298600,45.94,74.69,33.24,30.64,260
2002-03-01,16.5078,16.9032,16.4109,16.9032,13217100,49.11,74.69,33.24,38.28,260
2002-03-08,16.9071,17.5912,16.7865,17.3282,13902900,52.67,74.69,33.24,46.88,260
2002-03-15,17.5358,17.8719,17.4765,17.7533,14564500,55.99,74.69,33.24,54.88,260
2002-03-22,17.8304,18.1091,17.5951,17.6169,10559000,54.67,74.69,33.24,51.69,260
2002-03-28,17.6169,18.0281,17.4765,17.8462,8185100,56.53,74.69,33.24,56.18,260
2002-04-05,17.9292,17.9984,17.1503,17.2274,11690700,50.5,74.69,33.24,41.64,260
2002-04-12,17.3658,17.5852,16.5177,16.6264,12611600,45.43,74.69,33.24,29.41,260
2002-04-19,16.8834,17.3974,16.8518,17.3974,10517700,52.08,74.69,33.24,45.44,260
2002-04-26,17.3282,17.4231,16.6066,16.7252,13274900,46.73,74.69,33.24,32.55,260
2002-05-03,16.8083,17.8126,16.745,17.6959,13147900,54.06,74.69,33.24,50.23,260
2002-05-10,17.5753,17.605,17.1681,17.3875,12996300,51.63,74.69,33.24,44.37,260
2002-05-17,17.2491,17.8917,17.2155,17.7649,12105100,54.34,74.69,33.24,50.89,260
2002-05-24,17.6453,17.9343,17.4062,17.7549,10747500,54.25,74.69,33.24,50.69,260
2002-05-31,17.7649,17.7748,17.2368,17.3863,8333400,51.02,74.69,33.24,42.9,260
2002-06-07,17.5258,17.5736,17.0535,17.3863,11508200,51.02,74.69,33.24,42.9,260
2002-06-14,17.3564,17.5656,17.0475,17.2906,11126500,50.13,74.69,33.24,40.73,260
2002-06-21,17.4361,17.6852,17.187,17.466,13895700,51.8,74.69,33.24,44.77,260
2002-06-28,17.5656,17.6852,16.9379,17.6354,14698500,53.43,74.69,33.24,48.69,260
2002-07-05,17.6354,17.721,17.1671,17.5158,9922100,52.09,74.69,33.24,45.47,260
2002-07-12,17.456,17.5556,16.2783,16.4995,16362600,42.39,74.69,33.24,22.06,260
2002-07-19,16.37,16.3999,14.5467,14.8456,22145000,31.96,74.69,31.96,0.0,260
2002-07-26,14.6862,14.9253,13.0801,14.1103,29247100,28.59,74.69,28.59,0.0,260
2002-08-02,14.3474,14.9452,13.923,14.1083,24739800,28.58,74.69,28.58,0.0,260
2002-08-09,14.1083,15.1246,13.4706,15.0548,14492600,38.29,74.69,28.58,21.05,260
2002-08-16,14.8954,15.7934,14.6882,15.4656,13551300,41.97,74.69,28.58,29.05,260
2002-08-23,15.3651,15.8859,14.8846,15.7692,14125600,44.61,74.69,28.58,34.76,260
2002-08-30,15.6928,16.0849,15.1339,15.4073,12952200,42.15,74.69,28.58,29.43,260
2002-09-06,15.1299,15.1379,14.1145,15.0193,12549700,39.63,74.69,28.58,23.97,260
2002-09-13,14.9992,15.3812,14.4282,14.7157,12006700,37.73,71.09,28.58,21.53,260
2002-09-20,14.6775,14.9007,14.0381,14.1849,13468900,34.61,71.09,28.58,14.18,260
2002-09-27,14.0843,14.7921,13.7325,14.2693,14056100,35.52,71.09,28.58,16.33,260
2002-10-04,14.2693,14.8423,13.7124,14.2552,17957000,35.43,71.09,28.58,16.12,260
2002-10-11,14.4362,14.6192,13.6983,14.4724,15465600,38.01,71.09,28.58,22.19,260
2002-10-18,14.4744,15.1198,14.3357,15.0595,12676000,44.47,71.09,28.58,37.39,260
2002-10-25,14.9992,15.1661,14.1909,14.7237,14433900,41.79,71.09,28.58,31.08,260
2002-11-01,14.7378,14.9147,13.3304,13.8431,26940900,35.71,71.09,28.58,16.77,260
2002-11-08,13.9738,14.0039,13.4912,13.5716,18190000,34.06,71.09,28.58,12.9,260
2002-11-15,13.5214,13.7536,13.1514,13.7232,15450500,35.84,71.09,28.58,17.08,260
2002-11-22,13.7435,13.9162,13.4794,13.4956,16874100,34.34,71.09,28.58,13.56,260
2002-11-29,13.5505,13.8512,13.4489,13.6175,11677500,35.89,71.09,28.58,17.19,260
2002-12-06,13.6521,14.0177,13.4814,13.8857,14694700,39.27,71.09,28.58,25.16,260
2002-12-13,13.8918,14.0137,13.5931,13.7394,13347600,38.09,71.09,28.58,22.38,260
2002-12-20,13.8247,14.0442,13.388,13.5403,17213600,36.48,71.09,28.58,18.59,260
2002-12-27,13.6013,13.713,13.3534,13.388,7295100,35.25,71.09,28.58,15.71,260
2003-01-03,13.4692,13.8938,13.388,13.8837,8956400,42.08,71.09,28.58,31.77,260
2003-01-10,13.8837,14.3022,13.7333,13.9385,16540200,42.8,71.09,28.58,33.46,260
2003-01-17,13.973,14.0177,13.7232,13.8369,13116500,41.77,71.09,28.58,31.02,260
2003-01-24,13.839,13.839,12.8537,12.9085,15349900,33.75,71.09,28.58,12.15,260
2003-01-31,12.8902,13.3555,12.4555,13.0832,25641200,36.23,71.09,28.58,17.99,260
2003-02-07,13.0853,13.4123,12.8496,12.9451,16771900,35.11,71.09,28.58,15.36,260
2003-02-14,12.9715,13.3514,12.7806,13.0908,12921200,37.31,71.09,28.58,20.54,260
2003-02-21,13.212,13.403,13.0415,13.1565,11220800,38.33,71.09,28.58,22.93,260
2003-02-28,13.1812,13.3414,13.0723,13.1812,16365600,38.73,71.09,28.58,23.87,260
2003-03-07,13.2551,13.5632,13.2017,13.4051,15764400,42.39,71.09,28.58,32.5,260
2003-03-14,13.3927,13.4359,12.6738,13.1853,18033100,39.87,71.09,28.58,26.56,260
2003-03-21,13.0641,13.6906,13.0641,13.5571,21856100,45.75,71.09,28.58,40.39,260
2003-03-28,13.4646,13.631,13.29,13.403,16465800,43.84,71.09,28.58,35.89,260
2003-04-04,13.3106,13.5468,13.1873,13.3393,15326000,43.04,71.09,28.58,34.01,260
2003-04-11,13.5057,13.518,12.9922,13.0559,13960900,39.57,71.09,28.58,25.86,260
2003-04-17,13.0579,13.2325,13.0004,13.1565,10242300,41.38,71.09,28.58,30.1,260
2003-04-25,13.2346,13.4256,12.8422,13.023,16250400,39.68,71.09,28.58,26.12,260
2003-05-02,13.0292,13.4749,12.7621,13.4235,21487900,46.73,71.09,28.58,42.69,260
2003-05-09,13.5571,13.9679,13.5078,13.8755,19443500,53.35,71.09,28.58,58.26,260
2003-05-16,13.8857,14.2308,13.8138,13.9683,17415300,54.59,71.09,28.58,61.2,260
2003-05-23,13.8749,14.3169,13.7213,14.2028,17022900,57.68,71.09,28.58,68.45,260
2003-05-30,14.2173,14.8192,14.18,14.7237,17965100,63.59,71.09,28.58,82.35,260
2003-06-06,14.84,15.5332,14.7424,15.4128,17498700,69.63,71.09,28.58,96.56,260
2003-06-13,15.3277,15.8217,15.2073,15.5768,12829500,70.87,71.09,28.58,99.47,260
2003-06-20,15.473,15.583,15.1056,15.3173,15233300,66.26,71.09,28.58,88.64,260
2003-06-27,15.2655,15.4626,14.9853,15.0226,12926700,61.38,71.09,28.58,77.16,260
2003-07-03,15.0164,15.1202,14.7507,14.9292,10358400,59.88,71.09,28.58,73.62,260
2003-07-11,14.9956,15.2717,14.8441,15.1513,11957000,62.25,71.09,28.58,79.2,260
2003-07-18,15.1928,15.2447,14.7154,15.0973,14040500,61.3,71.09,28.58,76.97,260
2003-07-25,15.089,15.1409,14.842,15.0953,12180000,61.26,71.09,28.58,76.88,260
2003-08-01,15.0683,15.2032,14.7424,14.7466,11809300,54.99,71.09,28.58,62.13,260
2003-08-08,14.7383,15.1388,14.539,15.1098,13702900,59.63,71.09,28.58,73.04,260
2003-08-15,15.1596,15.4191,15.1305,15.2655,11814300,61.46,71.09,28.58,77.34,260
2003-08-22,15.3137,15.3346,14.9971,15.0537,10983300,57.63,71.09,28.58,68.34,260
2003-08-29,15.0936,15.3891,14.9887,15.2759,10113200,60.42,71.09,28.58,74.89,260
2003-09-05,15.299,15.6302,15.1816,15.3074,12336900,60.81,71.09,28.58,75.82,260
2003-09-12,15.3032,15.517,15.1774,15.2927,13242700,60.51,71.09,28.58,75.11,260
2003-09-19,15.2109,15.3451,15.0831,15.169,11148100,57.9,71.09,28.58,68.97,260
2003-09-26,15.0936,15.4269,14.951,14.9845,11301300,54.15,71.09,28.58,60.15,260
2003-10-03,15.0013,15.4625,14.821,15.32,12448700,59.31,71.09,28.58,72.29,260
2003-10-10,15.4499,15.5485,15.3137,15.4709,10360700,61.41,71.09,28.58,77.24,260
2003-10-17,15.5443,15.7224,15.4122,15.4562,10650000,61.08,71.09,28.58,76.46,260
2003-10-24,15.429,15.6491,15.2109,15.3283,11876200,58.14,71.09,28.58,69.55,260
2003-10-31,15.3283,15.7183,14.8839,15.5757,17213200,61.96,71.09,28.58,78.52,260
2003-11-07,15.6281,15.7224,15.3367,15.6281,12502700,62.73,71.09,28.58,80.34,260
2003-11-14,15.6344,15.9006,15.4269,15.7224,11609600,64.15,71.09,28.58,83.67,260
2003-11-21,15.7224,15.8241,15.0599,15.5552,11659300,59.81,71.09,28.58,73.47,260
2003-11-28,15.6441,15.9786,15.623,15.8982,8253500,65.03,71.09,28.58,85.75,260
2003-12-05,16.2199,16.5438,15.9299,16.5121,14039900,72.03,72.03,28.58,100.0,260
2003-12-12,16.5099,17.0307,16.4507,16.9884,14562400,76.04,76.04,28.58,100.0,260
2003-12-19,16.9905,17.8097,16.7132,17.6277,17136000,80.16,80.16,28.58,100.0,260
2003-12-26,17.6171,17.8351,17.5134,17.7505,5627000,80.84,80.84,28.58,100.0,260
2004-01-02,17.8457,18.4152,17.6023,18.1823,10500900,83.04,83.04,28.58,100.0,260
2004-01-09,18.322,18.5528,17.8521,18.0193,17909700,79.33,83.04,28.58,93.19,260
2004-01-16,18.0617,18.1844,17.7801,17.9346,14372000,77.4,83.04,28.58,89.65,260
2004-01-23,18.0045,18.6184,17.9986,18.3961,10374000,80.23,83.04,28.58,94.84,260
2004-01-30,18.3855,18.7391,18.1633,18.2797,13822100,77.59,83.04,28.58,90.0,260
2004-02-06,18.2734,18.3496,17.8394,18.0828,11641700,73.21,83.04,28.58,81.95,260
2004-02-13,18.0955,18.629,18.0426,18.4702,11151000,76.07,83.04,28.58,87.21,260
2004-02-20,18.6261,18.688,18.3678,18.4894,7750900,76.21,83.04,28.58,87.46,260
2004-02-27,18.5407,18.9975,18.5407,18.8609,12041100,78.72,83.04,28.58,92.07,260
2004-03-05,18.9463,19.337,18.9463,19.2601,11614600,81.04,83.04,28.58,96.33,260
2004-03-12,19.2879,19.5163,18.5087,18.8822,14862000,72.94,83.04,28.58,81.45,260
2004-03-19,18.8822,19.2025,18.6218,18.8289,11212100,71.84,83.04,28.58,79.45,260
2004-03-26,18.6474,18.8289,18.0048,18.2183,15003000,60.65,83.04,28.58,58.89,260
2004-04-02,18.2845,18.989,18.1842,18.7926,17351200,66.01,83.04,28.58,68.74,260
2004-04-08,18.8182,19.337,18.8054,19.2003,9936700,69.22,83.04,28.58,74.63,260
2004-04-16,19.2238,19.7041,19.2238,19.5825,16831900,71.9,83.04,28.58,79.55,260
2004-04-23,19.5825,19.7362,19.0231,19.5739,13925100,71.75,83.04,28.58,79.27,260
2004-04-30,19.6294,20.1012,19.1683,19.5334,15911000,70.99,83.04,28.58,77.88,260
2004-05-07,19.5568,20.2058,19.512,19.5654,15634700,71.25,83.04,28.58,78.35,260
2004-05-14,19.3199,19.939,18.7904,19.7874,19487900,73.04,83.04,28.58,81.65,260
2004-05-21,19.8075,19.9366,19.1834,19.2824,15803500,63.36,83.04,28.58,63.87,260
2004-05-28,19.3448,19.8268,19.1081,19.4524,16684400,65.04,83.04,28.58,66.96,260
2004-06-04,19.5406,19.773,19.3556,19.4094,12881400,64.24,83.04,28.58,65.48,260
2004-06-10,19.4933,19.915,19.2652,19.5363,14097800,65.59,83.04,28.58,67.96,260
2004-06-18,19.3879,20.1582,19.3168,20.1023,16068800,70.87,83.04,28.58,77.65,260
2004-06-25,20.0872,20.4422,19.9516,20.0958,14111100,70.73,83.04,28.58,77.4,260
2004-07-02,20.1496,20.3411,19.9064,20.0657,14685800,70.07,83.04,28.58,76.19,260
2004-07-09,20.098,20.3196,19.9839,20.2163,10804600,71.51,83.04,28.58,78.83,260
2004-07-16,20.2055,20.6919,20.0119,20.5283,11877400,74.26,83.04,28.58,83.89,260
2004-07-23,20.5003,20.6381,20.1152,20.1625,11561700,66.18,83.04,28.58,69.05,260
2004-07-30,20.2055,20.765,20.0076,20.5821,14224900,70.19,83.04,28.58,76.41,260
2004-08-06,20.5821,21.2707,20.1431,20.1883,17824300,62.68,83.04,28.58,62.62,260
2004-08-13,20.2421,20.6058,20.1956,20.5714,15671700,66.44,83.04,28.58,69.53,260
2004-08-20,20.5714,20.8188,20.1602,20.438,18981500,64.02,83.04,28.58,65.09,260
2004-08-27,20.4315,20.7679,20.0561,20.6702,12703000,66.32,83.04,28.58,69.31,260
2004-09-03,20.8308,21.7553,20.718,21.6511,15530100,73.91,83.04,28.58,83.23,260
2004-09-10,21.5426,22.0157,21.382,21.7119,16439900,74.29,83.04,28.58,83.94,260
2004-09-17,22.0699,22.5647,21.8182,22.543,26670250,78.89,83.04,28.58,92.39,260
2004-09-24,22.5691,23.2808,22.5474,22.9293,33513000,80.63,83.04,28.58,95.58,260
2004-10-01,23.0161,23.6498,22.8946,23.4024,33741600,82.52,83.04,28.58,99.06,260
2004-10-08,23.3156,24.3355,23.1767,23.997,28691200,84.57,84.57,28.58,100.0,260
2004-10-15,24.0491,24.0664,23.0595,23.1767,27153700,72.05,84.57,28.58,77.64,260
2004-10-22,23.155,23.4241,22.7427,23.1506,24439100,71.69,84.57,28.58,76.99,260
2004-10-29,23.1984,23.4979,22.53,23.0291,27225900,69.92,84.57,28.58,73.83,260
2004-11-05,23.0291,23.7583,22.5908,23.6671,31257800,73.6,84.57,28.58,80.41,260
2004-11-12,23.6541,23.6845,22.4822,23.6845,31315900,73.7,84.57,28.58,80.58,260
2004-11-19,23.4588,23.6549,22.8598,23.5718,26930500,71.9,84.57,28.58,77.37,260
2004-11-26,23.6593,24.1447,23.6024,23.9829,17833200,74.36,84.57,28.58,81.76,260
2004-12-03,24.0528,24.0922,22.7671,22.9989,32806500,60.68,84.57,28.58,57.34,260
2004-12-10,23.0251,23.563,22.4872,23.0033,24719800,60.72,84.57,28.58,57.4,260
2004-12-17,23.0907,23.4712,22.2992,22.6184,31816000,56.04,84.57,28.58,49.06,260
2004-12-23,22.7146,23.1607,22.6359,23.0339,17167800,59.65,84.57,28.58,55.5,260
2004-12-31,23.0383,23.1476,22.7452,22.9639,18949600,58.78,84.57,28.58,53.94,260
2005-01-07,22.942,22.9464,22.0412,22.3692,30973100,51.82,84.57,28.58,41.51,260
2005-01-14,22.4085,23.41,22.3517,22.8721,25936200,56.51,84.57,28.58,49.88,260
2005-01-21,22.9858,23.2394,22.6622,22.7321,21207300,54.91,84.57,28.58,47.02,260
2005-01-28,22.8721,23.703,22.8633,23.4931,24509500,61.32,84.57,28.58,58.49,260
2005-02-04,23.4974,24.8182,23.3094,24.8138,27755800,69.45,84.57,28.58,73.0,260
2005-02-11,24.8182,25.6228,24.4508,25.4348,27663800,72.39,84.57,28.58,78.25,260
2005-02-18,25.4337,26.5258,25.4073,26.3012,27170300,75.88,84.57,28.58,84.47,260
2005-02-25,26.3981,27.8071,26.1295,27.2743,27791500,79.07,84.57,28.58,90.18,260
2005-03-04,27.402,27.653,26.5258,27.1731,39025300,77.91,84.57,28.58,88.12,260
2005-03-11,27.1026,27.3448,25.4381,25.6715,47960200,63.16,84.57,28.58,61.76,260
2005-03-18,25.7508,26.627,25.3633,26.5874,40421500,67.24,84.57,28.58,69.04,260
2005-03-24,26.6843,26.7944,25.3809,25.6319,28984100,59.8,84.57,28.58,55.77,260
2005-04-01,25.6803,26.1647,24.9846,26.1163,38436100,62.09,84.57,28.58,59.85,260
2005-04-08,25.6275,26.0194,24.4122,24.9626,69980600,54.18,84.57,28.58,45.73,260
2005-04-15,24.967,25.1343,22.7565,22.9899,54465000,43.88,84.57,28.58,27.34,260
2005-04-22,23.0075,23.919,22.7565,23.7208,45924900,47.84,84.57,28.58,34.4,260
2005-04-29,23.9322,24.1304,22.303,22.8974,46252900,44.07,84.57,28.58,27.67,260
2005-05-06,22.8754,24.8041,22.62,23.2233,46285200,45.89,84.57,28.58,30.92,260
2005-05-13,23.4258,23.6812,22.4439,22.5804,44205100,42.93,84.57,28.58,25.63,260
2005-05-20,22.5804,23.222,22.0388,22.9732,44696400,45.25,84.57,28.58,29.78,260
2005-05-27,23.142,24.288,22.991,24.2436,31548400,52.06,84.57,28.58,41.93,260
2005-06-03,24.328,24.5368,23.8883,24.4568,26083500,53.11,84.57,28.58,43.81,260
2005-06-10,24.7411,25.1142,24.1503,25.0076,35251400,55.81,84.57,28.58,48.64,260
2005-06-17,25.0076,26.349,24.7722,26.1936,38054500,61.02,84.57,28.58,57.94,260
2005-06-24,26.2646,26.4201,25.1808,25.1808,54422800,55.05,84.57,28.58,47.28,260
2005-07-01,25.2608,25.7982,24.5856,25.3052,42523300,55.62,84.57,28.58,48.31,260
2005-07-08,25.4429,26.2025,25.0387,25.4784,24817100,56.46,84.57,28.58,49.8,260
2005-07-15,25.4784,25.776,24.9276,25.1719,31874700,54.51,84.57,28.58,46.31,260
2005-07-22,25.0876,25.776,24.9632,25.6694,33227800,57.1,84.57,28.58,50.94,260
2005-07-29,25.6961,26.5045,25.5673,25.7672,37008500,57.61,84.57,28.58,51.85,260
2005-08-05,25.8116,27.0953,25.6694,26.8021,55903000,62.68,84.57,28.58,60.9,260
2005-08-12,26.9842,28.0414,26.9798,27.6638,48893900,66.29,84.57,28.58,67.36,260
2005-08-19,27.5528,27.7393,26.2704,26.8164,43894600,60.13,84.57,28.58,56.35,260
2005-08-26,27.0312,27.2639,26.5031,26.5747,33815800,58.46,84.57,28.58,53.36,260
2005-09-02,26.7582,28.2485,26.4091,27.8815,49780400,64.24,84.57,28.58,63.69,260
2005-09-09,27.98,28.5841,27.5996,28.5573,32208300,66.81,84.57,28.58,68.29,260
2005-09-16,28.5573,28.5976,27.6219,28.3648,49232300,65.37,84.57,28.58,65.71,260
2005-09-23,28.4633,29.0854,28.1053,28.3156,36782600,64.98,84.57,28.58,65.02,260
2005-09-30,28.244,29.5284,28.244,28.969,34200900,67.71,84.57,28.58,69.89,260
2005-10-07,29.2017,29.3091,26.4091,27.2997,57648700,55.76,84.57,28.58,48.54,260
2005-10-14,27.2773,28.1008,25.8676,26.6195,54615500,51.75,84.57,28.58,41.38,260
2005-10-21,26.8477,27.0401,24.6234,25.1963,61872700,44.53,84.57,28.58,28.5,260
2005-10-28,25.2008,26.6195,24.525,25.6796,54456100,47.23,84.57,28.58,33.3,260
2005-11-04,25.7602,26.6642,25.2455,25.9616,44253100,48.79,84.57,28.58,36.09,260
2005-11-11,25.9616,26.069,24.6145,25.344,51829200,45.6,84.57,28.58,30.41,260
2005-11-18,25.4872,26.2652,25.2052,26.2111,48196000,50.49,84.57,28.58,39.13,260
2005-11-25,26.2788,26.7434,26.2517,26.4051,26053200,51.53,84.57,28.58,41.0,260
2005-12-02,26.3329,26.82,25.76,26.6937,36691100,53.13,84.57,28.58,43.84,260
2005-12-09,26.8245,27.2891,26.4862,26.5314,40068700,52.09,84.57,28.58,41.99,260
2005-12-16,26.6847,27.0275,25.9134,25.9405,40452900,48.39,84.57,28.58,35.39,260
2005-12-23,26.0217,26.1299,25.4894,25.7691,40124500,47.34,84.57,28.58,33.52,260
2005-12-30,25.7104,25.8412,25.0068,25.6067,26781500,46.32,84.57,28.58,31.69,260
2006-01-06,25.8232,26.8696,25.7375,26.7253,40378500,53.75,84.57,28.58,44.95,260
2006-01-13,26.8336,27.3433,26.4096,27.226,33265700,56.64,84.57,28.58,50.12,260
2006-01-20,27.4696,28.1597,27.1583,27.5688,36802900,58.55,84.57,28.58,53.53,260
2006-01-27,27.5553,28.2905,26.9734,27.235,60911900,55.96,84.57,28.58,48.91,260
2006-02-03,27.3342,27.447,25.8773,25.936,59430300,47.22,84.57,28.58,33.3,260
2006-02-10,26.1615,26.802,25.2594,25.5345,53010500,44.89,84.57,28.58,29.13,260
2006-02-17,25.5435,26.0954,25.1951,25.9954,53961300,48.06,84.57,28.58,34.8,260
2006-02-24,26.5546,26.5546,25.8226,26.2136,34911400,49.54,84.57,28.58,37.44,260
2006-03-03,26.2136,26.2455,25.5679,25.9044,41983200,47.48,84.57,28.58,33.75,260
2006-03-10,25.8044,25.8544,24.4448,24.5903,57497800,39.87,84.57,28.58,20.16,260
2006-03-17,24.7949,26.391,24.6722,25.9999,50063000,49.26,84.57,28.58,36.94,260
2006-03-24,25.9181,26.2818,25.5316,26.1772,36420200,50.31,84.57,28.58,38.82,260
2006-03-31,26.1909,26.9593,26.0681,26.3591,37479500,51.43,84.57,28.58,40.81,260
2006-04-07,26.5319,27.2094,26.4001,26.6683,31681700,53.34,84.57,28.58,44.22,260
2006-04-13,26.8911,27.5232,26.3728,26.7274,27244000,53.71,84.57,28.58,44.89,260
2006-04-21,26.9093,27.9688,26.8275,27.9551,42481700,60.77,84.57,28.58,57.49,260
2006-04-28,27.9369,28.1643,26.6911,27.746,50806300,59.11,84.57,28.58,54.54,260
2006-05-05,28.0052,28.6235,27.7596,28.3507,42816900,62.31,84.57,28.58,60.24,260
2006-05-12,28.1643,28.9418,27.8142,27.9097,57284400,58.71,84.57,28.58,53.81,260
2006-05-19,27.5641,28.1097,26.344,26.821,52691600,50.89,84.57,28.58,39.85,260
2006-05-26,26.6054,27.6146,25.977,27.4449,48366400,54.62,84.57,28.58,46.51,260
2006-06-02,27.5229,27.9724,26.7935,27.8669,43027000,57.0,84.57,28.58,50.76,260
2006-06-09,28.1009,28.1146,25.4174,26.4678,61184300,48.01,84.57,28.58,34.71,260
2006-06-16,26.5963,27.4036,26.0045,26.9311,59815600,50.78,84.57,28.58,39.65,260
2006-06-23,26.9357,27.1926,26.1972,26.9311,36866100,50.78,84.57,28.58,39.65,260
2006-06-30,26.9357,28.8898,26.844,28.4678,40051600,59.14,84.57,28.58,54.59,260
2006-07-07,28.5779,29.8164,28.5596,29.2109,30421300,62.47,84.57,28.58,60.53,260
2006-07-14,29.1284,30.6375,29.0779,30.4495,49913200,67.25,84.57,28.58,69.06,260
2006-07-21,30.1421,30.4311,29.5458,29.5642,47836800,61.24,84.57,28.58,58.34,260
2006-07-28,29.6972,31.4082,29.6559,30.2981,49710500,64.1,84.57,28.58,63.45,260
2006-08-04,30.1375,30.7706,29.7981,30.1192,44400800,62.89,84.57,28.58,61.27,260
2006-08-11,30.266,31.3027,30.188,31.1238,42418500,66.71,84.57,28.58,68.11,260
2006-08-18,30.9632,31.1215,29.9703,31.0984,44068500,66.53,84.57,28.58,67.78,260
2006-08-25,31.1724,31.2325,30.2477,30.8719,32078100,64.78,84.57,28.58,64.66,260
2006-09-01,30.6592,30.747,29.6605,29.9749,34675500,58.28,84.57,28.58,53.04,260
2006-09-08,30.428,31.0476,29.6466,29.6928,38976600,56.36,84.57,28.58,49.62,260
2006-09-15,29.42,29.4432,28.1855,28.5693,58572300,49.39,84.57,28.58,37.17,260
2006-09-22,28.6664,29.2212,28.1393,28.6387,42086900,49.8,84.57,28.58,37.91,260
2006-09-29,28.4167,30.1166,28.0746,29.9888,50716700,57.13,84.57,28.58,50.99,260
2006-10-06,30.0072,30.2153,28.7681,29.4339,50509500,53.66,84.57,28.58,44.8,260
2006-10-13,29.6004,29.924,29.1288,29.6836,43996700,54.99,84.57,28.58,47.17,260
2006-10-20,29.7807,30.4604,29.6743,30.1829,39359200,57.6,84.57,28.58,51.83,260
2006-10-27,30.0257,31.6717,29.8362,31.2926,45387100,62.76,84.57,28.58,61.05,260
2006-11-03,31.0753,32.0555,30.4049,31.8613,45087400,65.11,84.57,28.58,65.24,260
2006-11-10,31.926,32.5502,31.718,32.1526,49699300,66.28,84.57,28.58,67.34,260
2006-11-17,32.1526,32.8993,31.6091,32.1867,45339000,66.42,84.57,28.58,67.59,260
2006-11-24,32.033,32.8388,32.0143,32.0656,25436600,65.37,84.57,28.58,65.71,260
2006-12-01,32.2752,34.1244,31.8606,34.0545,49865900,72.96,84.57,28.58,79.26,260
2006-12-08,34.0545,34.6601,33.8635,33.9241,40847500,71.85,84.57,28.58,77.28,260
2006-12-15,33.9241,35.4938,33.8449,35.1119,43633700,75.51,84.57,28.58,83.82,260
2006-12-22,34.9815,35.1341,33.7704,33.8775,39136800,65.91,84.57,28.58,66.68,260
2006-12-29,33.8356,34.7066,33.7844,34.2502,18589800,67.27,84.57,28.58,69.1,260
2007-01-05,34.1058,34.1197,32.4196,32.8621,33162900,58.03,84.57,28.58,52.61,260
2007-01-12,33.0996,33.3325,31.8979,32.7689,53624000,57.46,84.57,28.58,51.59,260
2007-01-19,32.6385,33.7191,32.2472,33.6865,39458900,61.48,84.57,28.58,58.76,260
2007-01-26,33.775,34.1197,33.0484,33.3046,44007700,58.98,84.57,28.58,54.3,260
2007-02-02,33.3092,34.9162,33.1835,34.4877,40812400,63.87,84.57,28.58,63.04,260
2007-02-09,34.4924,34.6042,33.5794,34.1523,43041200,61.63,84.57,28.58,59.03,260
2007-02-16,34.0499,34.267,33.1785,33.2208,48129200,55.77,84.57,28.58,48.56,260
2007-02-23,33.1457,33.4413,32.4654,33.3427,38869500,56.35,84.57,28.58,49.61,260
2007-03-02,33.507,33.7884,30.4903,31.3348,60341900,45.65,84.57,28.58,30.49,260
2007-03-09,31.058,32.7516,30.9688,32.1229,54464800,49.69,84.57,28.58,37.7,260
2007-03-16,32.0667,32.6531,31.4708,31.94,52972600,48.78,84.57,28.58,36.08,260
2007-03-23,32.1746,34.7596,32.1464,34.5766,56469500,60.08,84.57,28.58,56.27,260
2007-03-30,34.769,35.1771,34.4265,34.6986,47655100,60.52,84.57,28.58,57.05,260
2007-04-05,34.7455,35.6088,34.7408,35.4727,30477100,63.25,84.57,28.58,61.92,260
2007-04-13,35.3367,36.3594,35.2475,36.1295,41297000,65.43,84.57,28.58,65.83,260
2007-04-20,36.2421,36.8895,35.9747,36.8051,47800700,67.57,84.57,28.58,69.64,260
2007-04-27,36.6221,37.0303,36.0826,36.6315,50715100,66.43,84.57,28.58,67.61,260
2007-05-04,36.7441,37.6965,36.3219,37.2039,41684100,68.33,84.57,28.58,70.99,260
2007-05-11,36.8895,37.6214,36.6644,37.5511,38035800,69.45,84.57,28.58,73.0,260
2007-05-18,37.5323,39.1817,37.4525,39.1486,50675200,74.02,84.57,28.58,81.16,260
2007-05-25,39.2715,39.4841,37.6838,38.3359,54905500,68.41,84.57,28.58,71.15,260
2007-06-01,38.265,38.9927,37.8019,38.8557,37600600,69.98,84.57,28.58,73.94,260
2007-06-08,38.8415,39.3376,37.3861,38.128,42412900,65.11,84.57,28.58,65.25,260
2007-06-15,38.1138,39.503,37.9295,39.2998,42016300,68.87,84.57,28.58,71.96,260
2007-06-22,39.3471,39.692,38.1611,38.5344,47541900,64.02,84.57,28.58,63.3,260
2007-06-29,38.5391,40.2543,38.5107,39.8054,55745400,68.04,84.57,28.58,70.48,260
2007-07-06,40.0228,41.5632,39.503,41.4309,33289800,72.31,84.57,28.58,78.1,260
2007-07-13,41.3695,44.8898,41.3222,44.1007,58941500,77.59,84.57,28.58,87.54,260
2007-07-20,44.181,44.4409,42.8107,43.5289,50371800,74.32,84.57,28.58,81.7,260
2007-07-27,43.5526,44.0204,39.9756,40.2591,68895100,59.0,84.57,33.75,49.68,260
2007-08-03,40.5662,42.2909,38.076,38.2839,76858400,52.02,84.57,33.75,35.95,260
2007-08-10,38.3642,40.4623,37.0412,39.418,75800600,55.29,84.57,33.75,42.39,260
2007-08-17,39.7393,40.5006,37.2406,40.1484,73783600,57.31,84.57,33.75,46.36,260
2007-08-24,39.9771,41.6571,39.5107,41.5096,47164900,60.85,84.57,33.75,53.34,260
2007-08-31,41.2288,42.2901,40.1199,41.7665,42477700,61.5,84.57,33.75,54.61,260
2007-09-07,41.4953,42.5137,41.481,41.7142,36634800,61.28,84.57,33.75,54.18,260
2007-09-14,41.6714,43.437,40.8861,43.1419,48632500,65.01,84.57,33.75,61.52,260
2007-09-21,42.8374,45.3835,42.8326,45.136,49751600,69.44,84.57,33.75,70.23,260
2007-09-28,45.2122,45.4501,43.5322,44.5364,49613800,66.7,84.57,33.75,64.85,260
2007-10-05,44.4031,44.9885,43.0848,43.9367,40097800,63.99,84.57,33.75,59.51,260
2007-10-12,43.5703,44.2604,42.9087,43.5036,41075000,62.03,84.57,33.75,55.65,260
2007-10-19,43.9129,44.7077,42.371,42.4852,54253300,57.56,84.57,33.75,46.85,260
2007-10-26,41.9569,43.9272,41.2716,43.6179,48145700,60.93,84.57,33.75,53.49,260
2007-11-02,43.7178,44.5316,41.4524,42.1092,51683000,54.7,84.57,33.75,41.22,260
2007-11-09,41.6285,43.2704,41.4524,41.5286,59511800,52.47,84.57,33.75,36.84,260
2007-11-16,41.4048,42.3208,39.782,41.1949,57724400,51.18,84.57,33.75,34.31,260
2007-11-23,41.1949,42.455,40.5433,41.5255,34356200,52.43,84.57,33.75,36.76,260
2007-11-30,41.4009,42.0525,39.2497,42.0525,56280600,54.43,84.57,33.75,40.69,260
2007-12-07,41.9471,43.9355,41.559,43.5809,41279200,59.71,84.57,33.75,51.09,260
2007-12-14,43.7774,44.659,43.0299,44.0888,43954300,61.32,84.57,33.75,54.25,260
2007-12-21,43.8013,45.3633,42.9197,45.0566,45063600,64.24,84.57,33.75,60.0,260
2007-12-28,44.8602,45.6124,44.7021,45.4495,26445200,65.38,84.57,33.75,62.25,260
2008-01-04,45.2147,45.6172,44.4194,44.726,37727600,61.48,84.57,33.75,54.58,260
2008-01-11,44.9129,44.9129,43.188,43.442,60689600,55.19,84.57,33.75,42.2,260
2008-01-18,43.6911,44.0073,38.7514,39.9875,77151000,42.57,84.57,35.11,15.09,260
2008-01-25,37.6302,40.7254,36.6049,39.2018,69302900,40.31,84.57,35.11,10.52,260
2008-02-01,38.828,40.8356,38.4399,39.5228,57050100,41.67,84.57,37.31,9.23,260
2008-02-08,39.6473,39.7575,36.6576,37.9752,61942400,37.26,84.57,37.26,0.0,260
2008-02-15,38.4352,40.3809,37.6159,40.3375,61001000,46.56,84.57,37.26,19.66,260
2008-02-22,40.7669,41.9105,40.3809,41.2156,49563700,49.55,84.57,37.26,25.99,260
2008-02-29,42.1951,43.0829,41.1626,41.814,56192000,51.55,84.57,37.26,30.2,260
2008-03-07,42.0118,42.943,40.8441,41.1384,69985600,49.19,84.57,37.26,25.21,260
2008-03-14,41.2784,42.7404,40.5739,41.177,63094900,49.33,84.57,37.26,25.51,260
2008-03-20,40.2748,41.9008,39.0202,40.1493,62526700,45.65,84.57,37.26,17.73,260
2008-03-28,40.2313,41.9539,40.0094,40.7717,50440100,48.17,84.57,37.26,23.06,260
2008-04-04,40.9889,42.8465,40.6849,42.4846,51516800,54.43,84.57,37.26,36.3,260
2008-04-11,42.6825,43.6813,42.3447,42.8465,42991400,55.65,84.57,37.26,38.88,260
2008-04-18,42.8465,45.0274,42.7259,44.9599,46807800,62.04,84.57,37.26,52.39,260
2008-04-25,44.9454,45.6595,44.019,44.7235,58727100,60.98,84.57,37.26,50.15,260
2008-05-02,44.7765,46.9382,44.5208,45.9925,71766800,64.49,84.57,37.26,57.55,260
2008-05-09,45.9973,47.2373,45.8815,46.9912,61249300,67.0,84.57,37.26,62.86,260
2008-05-16,46.8996,48.7973,46.4701,48.7536,63146400,70.91,84.57,37.26,71.12,260
2008-05-23,48.8701,50.8178,48.7682,48.9236,80044100,71.26,84.57,37.26,71.87,260
2008-05-30,48.5496,48.8507,47.7676,48.1562,48379100,67.28,84.57,37.26,63.47,260
2008-06-06,47.9959,49.6133,46.398,48.3262,70587100,67.71,84.57,37.26,64.37,260
2008-06-13,48.4476,49.2004,47.1168,48.2776,61193200,67.44,84.57,37.26,63.8,260
2008-06-20,48.331,49.0061,46.67,46.9274,60112500,60.19,84.57,37.26,48.47,260
2008-06-27,46.6408,48.6759,46.6408,47.5005,68550300,62.05,84.57,37.26,52.41,260
2008-07-03,47.7433,48.569,47.112,47.9036,52752100,63.35,84.57,37.26,55.16,260
2008-07-11,47.6511,48.2533,44.2755,44.8049,84517600,49.35,84.57,37.26,25.56,260
2008-07-18,44.9798,45.3198,40.7834,41.7936,83830000,40.08,84.57,37.26,5.96,260
2008-07-25,42.0462,42.5028,39.5983,40.0986,84190500,35.98,84.57,35.98,0.0,260
2008-08-01,40.2443,42.459,39.5643,40.9485,70595200,39.33,84.57,35.98,6.89,260
2008-08-08,40.8271,41.4342,39.2681,40.9923,84721700,39.51,84.57,35.98,7.25,260
2008-08-15,41.0894,42.4882,40.3366,41.2351,69485300,40.53,84.57,35.98,9.37,260
2008-08-22,41.4505,43.6089,40.5009,43.1194,52737000,47.93,84.57,35.98,24.59,260
2008-08-29,43.3544,43.3544,41.5288,42.2482,45872100,45.13,84.57,35.98,18.84,260
2008-09-05,41.3526,41.4113,38.7194,39.2627,56267200,37.14,84.57,35.98,2.39,260
2008-09-12,39.8108,41.3477,38.5432,41.2302,84089400,44.16,84.57,35.98,16.83,260
2008-09-19,39.7227,43.1243,37.9314,42.9726,108704900,49.53,84.57,35.98,27.89,260
2008-09-26,43.1782,43.927,41.5288,42.5566,66135000,48.34,84.57,35.98,25.43,260
2008-10-03,41.612,41.8518,37.9314,38.8515,96394900,39.25,84.57,35.98,6.72,260
2008-10-10,37.9999,38.4453,27.1638,28.3042,153720500,24.9,84.57,24.9,0.0,260
2008-10-17,29.4494,36.2184,27.2225,30.5164,136742400,30.63,84.57,24.9,9.6,260
2008-10-24,31.3729,34.2606,29.425,31.2799,104785800,32.54,84.57,24.9,12.81,260
2008-10-31,30.629,37.1875,29.7969,36.512,111589200,43.95,84.57,24.9,31.92,260
2008-11-07,35.9443,38.6264,33.7859,35.9541,84319400,43.11,84.57,24.9,30.52,260
2008-11-14,36.8155,38.1966,32.2441,35.8904,106645700,43.01,84.57,24.9,30.35,260
2008-11-21,35.604,37.0361,31.7375,34.809,135529400,41.25,84.57,24.9,27.4,260
2008-11-28,35.3868,39.5052,34.646,39.0163,77845500,49.85,84.57,24.9,41.82,260
2008-12-05,37.7768,37.999,33.688,36.7497,110631900,45.95,84.57,24.9,35.28,260
2008-12-12,37.5447,40.4533,37.1447,39.0114,97647200,50.15,84.57,24.9,42.31,260
2008-12-19,39.599,39.8064,34.9818,34.9868,113326200,43.65,84.57,24.9,31.43,260
2008-12-26,35.3571,35.5546,33.767,34.7399,41493300,43.28,84.57,24.9,30.81,260
2009-01-02,35.1843,38.1719,34.7695,37.7867,42657800,49.03,84.57,24.9,40.44,260
2009-01-09,37.6089,38.7398,35.6534,35.9596,71233100,46.02,84.57,24.9,35.39,260
2009-01-16,35.6682,36.0188,33.7028,35.4263,78604600,45.14,84.57,24.9,33.93,260
2009-01-23,35.0263,35.6534,33.5794,34.9719,59716300,44.37,84.57,24.9,32.64,260
2009-01-30,35.2732,36.5522,34.6312,34.8238,75965400,44.11,84.57,24.9,32.2,260
2009-02-06,34.4781,37.0361,34.1325,36.9867,65291800,48.9,84.57,24.9,40.22,260
2009-02-13,36.7201,37.3126,31.3998,34.7541,78668300,44.65,84.57,24.9,33.1,260
2009-02-20,33.8569,33.8569,31.7636,32.4315,61448700,40.68,84.57,24.9,26.45,260
2009-02-27,32.89,33.3236,30.1886,30.2584,100934500,37.34,84.57,24.9,20.85,260
2009-03-06,29.5906,30.1239,27.9707,29.0423,102040400,35.58,84.57,24.9,17.9,260
2009-03-13,28.7732,31.8882,28.6635,31.3549,84929300,41.25,84.57,24.9,27.41,260
2009-03-20,30.7319,34.4899,30.7319,32.2521,86875300,43.34,84.57,24.9,30.9,260
2009-03-27,32.8501,35.3472,32.7704,34.3404,81183500,47.97,84.57,24.9,38.66,260
2009-04-03,33.6626,35.5316,32.8103,35.1279,76939000,49.64,84.57,24.9,41.46,260
2009-04-09,34.7591,34.9136,33.5978,34.5049,43813400,48.32,84.57,24.9,39.25,260
2009-04-17,33.6177,33.9716,32.4514,32.9,61425300,44.99,84.57,24.9,33.68,260
2009-04-24,32.5461,33.5629,31.4297,33.1941,61241800,45.73,84.57,24.9,34.91,260
2009-05-01,32.5561,33.8918,32.2072,33.3286,59341900,46.08,84.57,24.9,35.51,260
2009-05-08,33.5629,35.3571,32.5928,35.078,68280500,50.62,84.57,24.9,43.1,260
2009-05-15,34.5348,34.6693,32.9679,33.1592,59646000,46.04,84.57,24.9,35.44,260
2009-05-22,33.5417,33.6625,32.1374,32.4344,66563600,44.41,84.57,24.9,32.71,260
2009-05-29,32.1173,33.6927,31.9965,33.5568,39735100,47.52,84.57,24.9,37.91,260
2009-06-05,34.1256,35.5298,33.8487,34.9158,61944500,51.08,84.57,24.9,43.87,260
2009-06-12,34.7295,36.617,34.5433,36.5768,62467500,55.09,84.57,24.9,50.59,260
2009-06-19,36.2194,36.2194,33.9091,34.2564,67000400,49.04,84.57,24.9,40.46,260
2009-06-26,33.7632,33.8739,32.827,33.1944,64908100,46.52,84.57,24.9,36.24,260
2009-07-02,33.4259,34.1608,32.4243,32.4646,44206400,44.82,84.57,24.9,33.39,260
2009-07-10,32.0569,32.3538,30.6425,30.9043,57468600,41.34,84.57,24.9,27.55,260
2009-07-17,30.9345,32.8874,30.6576,32.7766,64614800,46.69,84.57,24.9,36.52,260
2009-07-24,33.0635,34.5282,32.7716,34.4426,49472300,50.98,84.57,24.9,43.71,260
2009-07-31,34.5383,35.0768,33.4511,34.9661,57211600,52.28,84.57,24.9,45.88,260
2009-08-07,35.3637,35.5047,34.5836,34.9812,49893000,52.32,84.57,24.9,45.95,260
2009-08-14,34.8705,35.1277,34.0199,34.201,43092300,50.03,84.57,24.9,42.11,260
2009-08-21,33.8893,35.5672,33.5893,35.4554,55714300,53.55,84.57,24.9,48.01,260
2009-08-28,35.6435,36.3554,35.3588,35.9384,44002900,54.86,84.57,24.9,50.22,260
2009-09-04,35.5876,35.7859,34.5554,35.0639,41243100,51.99,84.57,24.9,45.4,260
2009-09-11,35.4554,36.5893,35.4452,35.974,37389500,54.65,84.57,24.9,49.87,260
2009-09-18,35.5621,37.3062,35.5011,36.935,53425800,57.34,84.57,24.9,54.38,260
2009-09-25,36.4011,37.1028,35.674,35.9282,43572100,53.74,84.57,24.9,48.34,260
2009-10-02,35.9943,36.5943,34.591,34.6469,45946700,49.49,79.07,24.9,45.39,260
2009-10-09,34.713,37.0875,34.5096,36.996,44107400,56.32,79.07,24.9,58.0,260
2009-10-16,37.2147,39.1468,37.1892,39.0553,45273700,61.26,79.07,24.9,67.13,260
2009-10-23,39.1214,39.8434,38.5011,38.9892,46046000,61.03,79.07,24.9,66.69,260
2009-10-30,39.1316,39.9146,38.3088,38.918,66914200,60.75,79.07,24.9,66.18,260
2009-11-06,39.0807,39.5333,38.4197,39.4214,47710800,62.05,79.07,24.9,68.58,260
2009-11-13,39.8078,40.24,39.1875,39.2841,48803100,61.45,79.07,24.9,67.48,260
2009-11-20,40.0599,40.5394,39.1829,39.3726,42496900,61.71,79.07,24.9,67.95,260
2009-11-27,40.1625,40.9369,39.6239,40.0907,30707800,63.81,79.07,24.9,71.83,260
2009-12-04,39.9265,40.7292,39.7573,40.0394,40421000,63.54,79.07,24.9,71.34,260
2009-12-11,39.9624,40.4753,39.0752,39.8804,41316100,62.66,79.07,24.9,69.71,260
2009-12-18,40.2343,40.3676,39.2649,39.4393,56595300,60.18,79.07,24.9,65.12,260
2009-12-24,39.7983,40.024,39.5009,39.7111,23420900,61.2,79.07,24.9,67.01,260
2009-12-31,39.8906,39.9727,39.4701,39.4855,12353300,59.82,79.07,24.9,64.47,260
2010-01-08,40.106,41.0292,40.0855,40.7574,47033300,64.64,79.07,24.9,73.36,260
2010-01-15,41.1164,41.5882,40.1471,40.6343,55137500,63.84,79.07,24.9,71.89,260
2010-01-22,40.4958,40.901,38.1725,38.2546,43824200,50.79,79.07,24.9,47.8,260
2010-01-29,38.5418,38.6033,36.7981,36.9878,61155500,45.46,79.07,24.9,37.96,260
2010-02-05,37.2853,38.2495,35.6698,36.5057,71871800,43.59,79.07,24.9,34.5,260
2010-02-12,36.5365,36.9827,35.9005,36.7673,61349100,44.92,79.07,24.9,36.95,260
2010-02-19,37.2747,38.5122,37.2436,38.3413,45920000,52.2,77.91,24.9,51.5,260
2010-02-26,38.4035,38.4293,36.6482,37.4352,50251900,48.25,77.59,24.9,44.31,260
2010-03-05,37.6061,38.5588,37.4818,38.4708,43049600,52.66,77.59,24.9,52.69,260
2010-03-12,38.5691,38.7866,37.9271,38.1705,44313600,51.29,77.59,24.9,50.09,260
2010-03-19,38.0617,38.9161,37.72,38.8229,55454700,54.08,77.59,24.9,55.38,260
2010-03-26,38.4035,38.7711,38.1549,38.5381,47244000,52.67,77.59,24.9,52.69,260
2010-04-01,38.6313,39.9361,38.5691,39.7083,32930900,57.58,77.59,24.9,62.03,260
2010-04-09,39.8532,41.2253,39.6772,41.1632,40714600,62.76,77.59,24.9,71.86,260
2010-04-16,41.1632,42.4059,41.0441,41.8104,47833300,64.82,77.59,24.9,75.76,260
2010-04-23,41.5515,42.8563,41.448,42.8046,49561500,67.77,77.59,24.9,81.36,260
2010-04-30,42.7269,43.0479,41.3444,42.1677,61135900,64.07,77.59,24.9,74.33,260
2010-05-07,42.4369,43.1877,37.021,39.9205,83878900,53.05,77.59,24.9,53.43,260
2010-05-14,41.0959,41.8078,39.8584,40.2985,60380600,54.47,77.59,24.9,56.12,260
2010-05-21,40.4419,41.1108,37.6252,38.9212,74586900,48.7,77.59,24.9,45.17,260
2010-05-28,38.7853,38.8794,36.9981,38.6024,79432400,47.44,77.59,24.9,42.79,260
2010-06-04,38.4404,39.0623,36.9981,37.249,62052600,42.45,77.59,24.9,33.31,260
2010-06-11,37.4475,38.7592,36.486,38.7017,65254500,48.69,77.59,24.9,45.16,260
2010-06-18,38.7905,39.5848,38.754,39.4647,58926300,51.66,77.59,24.9,50.79,260
2010-06-25,40.1388,40.3687,36.5173,36.6114,69460900,41.9,77.59,24.9,32.27,260
2010-07-02,36.8727,36.8779,34.9235,35.1743,65645300,38.01,77.59,24.9,24.88,260
2010-07-09,35.6812,37.6252,34.9392,37.5416,55599800,46.78,77.59,24.9,41.53,260
2010-07-16,37.3796,38.4509,37.2333,37.3639,55422100,46.25,77.59,24.9,40.53,260
2010-07-23,37.5416,38.6703,37.0817,38.4195,44297300,49.88,77.59,24.9,47.41,260
2010-07-30,38.5763,39.9088,38.362,39.8252,52324300,54.3,77.59,24.9,55.8,260
2010-08-06,40.5621,41.3825,40.4053,41.1421,50009900,58.04,77.59,24.9,62.89,260
2010-08-13,41.44,41.534,39.82,40.4471,42092700,55.46,77.59,24.9,58.0,260
2010-08-20,40.2955,41.1802,39.3184,39.5821,41128300,52.35,77.59,24.9,52.09,260
2010-08-27,39.7351,40.0779,38.2742,39.5189,47931300,52.12,77.59,24.9,51.65,260
2010-09-03,39.3606,41.138,38.6223,41.138,40520400,57.3,77.59,24.9,61.49,260
2010-09-10,40.9692,41.5705,40.5948,41.5705,27690600,58.59,77.59,24.9,63.93,260
2010-09-17,41.8606,42.1823,41.2646,41.3806,43506500,57.76,77.59,24.9,62.37,260
2010-09-24,41.4228,42.4038,41.2224,42.2561,38164000,60.52,77.59,24.9,67.6,260
2010-10-01,42.351,43.4375,41.9713,43.2213,44748900,63.36,77.59,24.9,73.0,260
2010-10-08,43.1896,44.5662,42.5525,44.2708,42443400,66.21,77.59,24.9,78.4,260
2010-10-15,44.2234,44.5873,43.5799,44.0968,41188500,65.3,77.59,24.9,76.68,260
2010-10-22,44.0282,44.8299,43.3188,44.5925,41167100,66.7,77.59,24.9,79.33,260
2010-10-29,44.8984,45.2465,43.2371,43.5641,43266100,61.19,77.59,24.9,68.88,260
2010-11-05,43.8542,44.9986,42.7677,44.8193,63155800,64.99,77.59,24.9,76.09,260
2010-11-12,44.6295,45.4575,43.8278,45.0619,59060400,65.69,77.59,24.9,77.42,260
2010-11-19,45.2202,45.3415,43.5879,44.6573,45180800,63.42,77.59,24.9,73.1,260
2010-11-26,44.4072,44.4657,43.173,43.6518,27131900,58.04,77.59,24.9,62.89,260
2010-12-03,43.2528,45.2212,42.7793,45.1627,47589200,63.1,77.59,24.9,72.5,260
2010-12-10,45.1095,46.3278,44.9499,46.3012,40146500,66.39,77.59,24.9,78.75,260
2010-12-17,46.6683,47.4652,46.5566,47.0779,43480000,68.46,77.59,24.9,82.67,260
2010-12-23,47.328,48.3548,47.1205,48.2431,23350300,71.31,77.59,24.9,88.08,260
2010-12-31,48.142,49.1528,47.9026,48.5463,22806700,72.02,77.59,24.9,89.43,260
2011-01-07,48.7644,49.2007,48.0249,48.5144,35542800,71.82,77.59,24.9,89.05,260
2011-01-14,48.3867,49.4135,47.9451,49.3869,33812800,73.96,77.59,24.9,93.11,260
2011-01-21,49.4454,49.9774,48.7219,49.8923,27744100,75.14,77.59,24.9,95.34,260
2011-01-28,49.9508,50.5254,49.4401,49.6742,42284400,73.59,77.59,24.9,92.41,260
2011-02-04,49.9295,51.8395,49.6742,51.6639,48753900,78.04,78.04,24.9,100.0,260
2011-02-11,51.7543,52.2598,50.9138,51.3128,38820800,75.62,78.04,24.9,95.45,260
2011-02-18,51.1847,52.9587,51.1847,52.9105,36884400,78.83,78.83,24.9,100.0,260
2011-02-25,53.1838,55.7082,53.1838,54.7221,57882400,81.77,81.77,24.9,100.0,260
2011-03-04,54.8185,56.271,54.7649,55.6064,48209900,83.01,83.01,24.9,100.0,260
2011-03-11,55.8047,56.1531,52.3102,53.559,43664100,70.98,83.01,24.9,79.31,260
2011-03-18,53.1463,55.7243,52.5139,55.0972,56146700,74.03,83.01,24.9,84.54,260
2011-03-25,55.6654,57.3536,55.3116,57.2304,39585300,77.54,83.01,24.9,90.6,260
2011-04-01,57.0267,58.7686,56.5551,58.0558,35806500,78.74,83.01,24.9,92.66,260
2011-04-08,58.1629,58.924,57.6216,58.7739,31943600,79.76,83.01,24.9,94.41,260
2011-04-15,58.8168,58.9026,55.2741,56.9409,42598200,70.52,83.01,24.9,78.5,260
2011-04-21,56.2496,58.0665,55.2259,57.9539,23771400,72.42,83.01,24.9,81.78,260
2011-04-29,57.5466,58.7418,57.1768,58.656,27974500,73.69,83.01,24.9,83.96,260
2011-05-06,58.6775,58.731,54.1914,55.1401,44924100,59.05,83.01,24.9,58.78,260
2011-05-13,55.3384,56.2496,53.8163,54.8775,43103900,58.13,83.01,24.9,57.18,260
2011-05-20,54.6845,56.4597,53.8022,55.401,39935200,59.49,83.01,24.9,59.54,260
2011-05-27,54.6232,56.2922,54.391,55.7467,34647600,60.41,83.01,24.9,61.12,260
2011-06-03,56.5029,56.8269,53.7806,54.553,32205900,55.71,83.01,24.9,53.03,260
2011-06-10,54.499,55.0229,53.4619,53.8346,35602600,53.04,83.01,24.9,48.43,260
2011-06-17,54.0345,54.7096,52.776,53.5646,44834100,52.03,83.01,24.9,46.69,260
2011-06-24,53.4079,55.3416,52.3925,52.8786,42610400,49.45,83.01,24.9,42.25,260
2011-07-01,52.9002,56.276,52.9002,56.222,35159100,59.88,83.01,24.9,60.21,260
2011-07-08,56.2328,57.7506,56.2328,57.1942,27801500,62.32,83.01,24.9,64.4,260
2011-07-15,56.4056,57.5831,56.0384,57.3563,40444900,62.73,83.01,24.9,65.1,260
2011-07-22,57.0268,59.2791,56.7729,58.8578,32716400,66.35,83.01,24.9,71.33,260
2011-07-29,58.0908,58.874,55.6711,56.1842,34914800,55.93,83.01,24.9,53.4,260
2011-08-05,57.2969,57.3239,50.6749,52.722,69870500,45.88,83.01,24.9,36.11,260
2011-08-12,50.9233,52.4195,47.1532,51.7767,106243200,43.58,83.01,24.9,32.15,260
2011-08-19,52.3925,53.9487,49.9525,50.791,58831200,41.25,83.01,24.9,28.15,260
2011-08-26,52.5659,53.6384,50.6059,52.7292,49043500,47.22,83.01,24.9,38.41,260
2011-09-02,53.5077,54.7055,51.7601,52.4896,49267500,46.59,83.01,24.9,37.33,260
2011-09-09,50.9489,54.76,50.497,51.8254,43799800,44.8,83.01,24.9,34.26,260
2011-09-16,51.0414,54.5313,50.7202,54.2427,59498900,52.0,83.01,24.9,46.65,260
2011-09-23,52.9143,54.3026,48.2158,49.0052,55364200,39.87,83.01,24.9,25.77,260
2011-09-30,49.3536,51.9125,48.3247,50.4099,55340200,43.67,83.01,24.9,32.3,260
2011-10-07,50.0505,52.1194,47.1922,51.3953,60544000,46.23,83.01,24.9,36.71,260
2011-10-14,52.3372,54.7491,52.3154,54.7001,37845600,53.82,83.01,24.9,49.78,260
2011-10-21,54.3952,57.6237,53.339,57.4549,46988100,59.02,83.01,24.9,58.72,260
2011-10-28,57.4386,59.894,56.8016,59.6926,51058000,62.69,83.01,24.9,65.04,260
2011-11-04,58.6473,58.7997,54.8743,57.9449,52743400,58.3,83.01,24.9,57.48,260
2011-11-11,58.0647,59.3442,56.3497,58.2825,44023000,58.9,83.01,24.9,58.51,260
2011-11-18,57.8197,58.4349,53.5196,53.7171,67903200,48.7,83.01,24.9,40.97,260
2011-11-25,53.1903,53.3714,50.6493,50.6493,40883100,43.28,83.01,24.9,31.64,260
2011-12-02,52.7018,56.6313,52.1366,55.8081,44266700,52.8,83.01,24.9,48.01,260
2011-12-09,56.8453,58.0307,55.9508,57.213,38234300,55.01,83.01,24.9,51.82,260
2011-12-16,57.0868,58.1131,54.5074,55.3526,56474600,51.56,83.01,24.9,45.89,260
2011-12-23,55.5172,59.057,54.6062,58.9966,32675800,57.22,83.01,24.9,55.62,260
2011-12-30,58.8649,59.54,58.1076,58.393,18922000,56.05,83.01,24.9,53.61,260
2012-01-06,59.6772,60.912,59.2546,59.4412,34937600,57.67,83.01,24.9,56.39,260
2012-01-13,59.4028,60.7309,56.8069,58.2228,42727200,55.13,83.01,24.9,52.03,260
2012-01-20,58.8704,59.2594,57.7344,58.6619,26457400,55.88,83.01,24.9,53.32,260
2012-01-27,58.7167,59.5839,56.5929,57.0539,37150700,52.41,83.01,24.9,47.35,260
2012-02-03,56.7466,57.9539,56.0221,57.899,36476100,54.03,83.01,24.9,50.13,260
2012-02-10,57.4161,58.9966,57.2789,57.7783,28750200,53.75,83.01,24.9,49.65,260
2012-02-17,58.2612,59.308,57.8424,58.9872,28624500,56.2,83.01,24.9,53.87,260
2012-02-24,59.4573,60.5025,59.2858,60.3256,25637100,58.81,83.01,24.9,58.36,260
2012-03-02,59.8887,61.3431,59.8831,60.6187,38785900,59.38,83.01,24.9,59.34,260
2012-03-09,60.3587,61.1496,59.7283,60.5965,31499800,59.31,83.01,24.9,59.22,260
2012-03-16,60.6408,62.0953,60.3698,60.9892,41467000,60.17,83.01,24.9,60.69,260
2012-03-23,61.1219,61.4178,57.9862,58.8213,34285600,53.48,83.01,24.9,49.19,260
2012-03-30,59.3024,59.7283,58.0249,59.2914,28370100,54.66,83.01,24.9,51.21,260
2012-04-05,59.0923,60.1652,57.6986,57.9309,21292000,50.66,83.01,24.9,44.34,260
2012-04-13,57.129,57.5604,55.586,55.7353,35760000,44.96,83.01,24.9,34.52,260
2012-04-20,56.1999,57.5659,55.951,56.6976,28985300,47.74,83.01,24.9,39.3,260
2012-04-27,55.9621,59.0646,55.7962,58.7328,28972300,53.13,83.01,24.9,48.58,260
2012-05-04,58.7107,60.1652,57.1041,57.3613,26865500,49.43,83.01,24.9,42.21,260
2012-05-11,57.0073,57.6488,56.0616,56.7916,46459800,47.93,83.01,24.9,39.64,260
2012-05-18,56.2662,56.7945,54.8191,54.9419,39531400,43.35,83.01,24.9,31.76,260
2012-05-25,55.1372,56.1806,53.9598,55.1651,32155900,44.05,83.01,24.9,32.96,260
2012-06-01,55.6952,56.2755,53.5814,53.7979,31122100,40.75,83.01,24.9,27.28,260
2012-06-08,53.837,56.9172,53.4185,56.2699,33573400,48.29,83.01,24.9,40.25,260
2012-06-15,56.9116,58.3122,55.5557,58.2174,35791500,53.32,83.01,24.9,48.92,260
2012-06-22,57.5534,58.396,55.5668,56.0467,40555600,47.74,83.01,24.9,39.31,260
2012-06-29,55.4329,58.8758,54.78,58.8703,38109000,54.43,83.01,24.9,50.81,260
2012-07-06,58.9205,59.9389,58.2509,58.6303,19430100,53.8,83.01,24.9,49.73,260
2012-07-13,58.5745,59.2553,57.6371,59.1548,32231800,55.02,83.01,24.9,51.84,260
2012-07-20,58.9874,60.9628,58.8703,60.9293,33570100,58.98,83.01,24.9,58.66,260
2012-07-27,59.8468,61.1023,58.3736,60.9684,33231500,59.07,83.01,24.9,58.8,260
2012-08-03,60.7508,62.4304,60.5276,62.0063,36796000,61.37,83.01,24.9,62.77,260
2012-08-10,61.7998,63.4125,61.7719,63.3623,26052900,64.21,83.01,24.9,67.64,260
2012-08-17,63.2339,63.8913,62.8935,63.3682,26199300,64.22,83.01,24.9,67.67,260
2012-08-24,63.3851,63.8126,62.2995,63.0026,20645400,62.78,83.01,24.9,65.19,260
2012-08-31,63.0983,63.5314,62.3895,63.087,19106200,62.98,83.01,24.9,65.54,260
2012-09-07,63.0139,64.122,62.2039,64.122,19662400,65.51,83.01,24.9,69.89,260
2012-09-14,64.2344,66.4956,63.897,65.95,31107900,69.47,83.01,24.9,76.7,260
2012-09-21,65.905,66.67,64.9657,66.2594,36054700,70.1,83.01,24.9,77.78,260
2012-09-28,66.1187,66.6531,65.3313,65.5619,31069900,66.77,83.01,24.9,72.06,260
2012-10-05,65.7644,66.5125,65.275,66.0906,28223400,68.01,83.01,24.9,74.19,260
2012-10-12,65.9162,66.5856,62.7776,63.0364,38573100,55.21,83.01,24.9,52.17,260
2012-10-19,63.087,64.8869,62.4908,63.7732,29113500,57.3,83.01,24.9,55.76,260
2012-10-26,63.9026,63.9532,61.3265,62.5358,27577000,52.84,83.01,24.9,48.09,260
2012-11-02,62.9576,62.9633,60.5053,60.9552,20814300,47.74,83.01,24.9,39.31,260
2012-11-09,60.6009,62.2602,59.1047,59.5322,29109000,43.65,83.01,24.9,32.27,260
2012-11-16,59.8753,59.9147,57.1157,58.103,35462100,39.95,83.01,24.9,25.9,260
2012-11-23,58.8236,59.845,58.398,59.845,18567500,45.96,83.01,24.9,36.25,260
2012-11-30,59.4364,60.5372,58.3073,59.9698,30423300,46.38,83.01,24.9,36.96,260
2012-12-07,60.1457,60.7131,58.9768,60.7074,31171900,48.87,83.01,24.9,41.26,260
2012-12-14,60.7698,61.95,60.4152,61.1784,28202100,50.46,83.01,24.9,43.99,260
2012-12-21,61.2635,63.0452,61.2465,62.2508,42308600,53.96,83.01,24.9,50.01,260
2012-12-28,62.0181,62.0692,60.3159,60.401,17181500,47.7,83.01,24.9,39.24,260
2013-01-04,60.0038,62.9373,60.0038,62.699,23929600,54.73,83.01,24.9,51.33,260
2013-01-11,62.4664,63.5933,61.9047,63.3969,26477700,56.63,83.01,24.9,54.61,260
2013-01-18,63.1984,65.7404,63.1813,65.3886,33664000,61.6,83.01,24.9,63.16,260
2013-01-25,65.3148,66.0354,64.9857,65.9333,20071000,62.85,83.01,24.9,65.32,260
2013-02-01,66.1376,66.6709,65.2808,66.1035,28252600,63.26,83.01,24.9,66.01,260
2013-02-08,65.2637,66.0354,64.8495,65.6155,25806300,61.2,83.01,24.9,62.48,260
2013-02-15,65.6382,66.4812,65.206,65.7378,23987500,61.54,83.01,24.9,63.06,260
2013-02-22,65.8694,66.4812,65.2403,66.3097,20472600,63.15,83.01,24.9,65.83,260
2013-03-01,66.6185,67.4133,64.903,66.8472,29700400,64.65,83.01,24.9,68.41,260
2013-03-08,66.7786,68.1109,66.3783,67.8022,26135600,67.2,83.01,24.9,72.8,260
2013-03-15,67.8365,68.7686,67.5105,68.4369,32239000,68.82,83.01,24.9,75.58,260
2013-03-22,67.9222,69.4204,67.8479,69.2946,27377400,70.9,83.01,24.9,79.16,260
2013-03-28,69.4776,69.5119,67.9108,67.9451,23211400,63.69,83.01,24.9,66.76,260
2013-04-05,68.0423,68.5913,66.4298,67.2017,26750700,60.07,83.01,24.9,60.53,260
2013-04-12,67.1617,69.2775,66.7062,68.5856,26903100,64.16,83.01,24.9,67.56,260
2013-04-19,67.9394,67.9909,65.2575,66.2754,38594200,54.19,83.01,24.9,50.41,260
2013-04-26,66.5556,68.8543,66.2696,68.6428,28354900,60.89,83.01,24.9,61.95,260
2013-05-03,68.8715,70.8557,68.6428,70.6156,29598400,65.43,83.01,24.9,69.76,260
2013-05-10,70.5184,70.8786,69.8293,70.4669,33380300,64.82,83.01,24.9,68.71,260
2013-05-17,70.2782,71.479,69.8608,71.1493,44186300,66.38,83.01,24.9,71.38,260
2013-05-24,71.155,73.2016,71.0109,72.3195,35036900,68.91,83.01,24.9,75.74,260
2013-05-31,72.8614,73.4437,70.763,70.763,25279300,62.2,83.01,24.9,64.19,260
2013-06-07,70.5324,71.5528,68.4052,70.1577,38909300,59.76,83.01,24.9,59.99,260
2013-06-14,70.8726,70.8956,68.9529,69.3391,24694800,56.53,83.01,24.9,54.44,260
2013-06-21,69.4371,70.5497,67.5982,68.5609,31542200,53.57,83.01,24.9,49.35,260
2013-06-28,67.8576,68.9241,66.8833,68.2208,28553300,52.28,83.01,24.9,47.13,260
2013-07-05,68.2265,69.6735,68.0248,69.4717,17386000,56.44,83.01,24.9,54.27,260
2013-07-12,69.9214,71.7949,69.7427,71.5182,29617000,62.23,83.01,24.9,64.24,260
2013-07-19,71.5471,73.1612,71.2242,73.1612,21953500,66.12,83.01,24.9,70.94,260
2013-07-26,73.0459,73.6916,72.5155,73.5359,21643500,66.96,83.01,24.9,72.38,260
2013-08-02,73.4264,73.4264,71.0801,72.0313,27242500,60.5,83.01,24.9,61.26,260
2013-08-09,71.8987,71.916,70.1462,70.6189,23688500,55.12,83.01,24.9,52.01,260
2013-08-16,70.3307,71.0398,69.2008,69.6832,27261000,51.84,83.01,24.9,46.36,260
2013-08-23,69.5728,69.7529,68.1371,69.4798,23152700,51.12,83.01,24.9,45.13,260
2013-08-30,69.6019,71.1248,68.6311,70.0029,26769300,52.92,83.01,24.9,48.22,260
2013-09-06,70.5319,71.3515,69.1775,70.4563,16853000,54.48,83.01,24.9,50.9,260
2013-09-13,70.4563,72.5635,70.4563,72.1595,23102300,59.86,83.01,24.9,60.16,260
2013-09-20,72.6477,73.4906,71.9735,72.6129,30738400,61.17,83.01,24.9,62.43,260
2013-09-27,72.4385,73.1453,71.212,71.2876,25588800,55.45,83.01,24.9,52.58,260
2013-10-04,70.683,70.9271,68.3114,68.666,33766100,46.24,83.01,30.63,29.81,260
2013-10-11,68.2591,68.8811,66.5211,68.3986,38952100,45.41,83.01,32.54,25.5,260
2013-10-18,68.201,69.6658,67.6139,69.5496,28304600,49.6,83.01,35.58,29.56,260
2013-10-25,69.5379,70.4622,69.3519,70.096,24228900,51.5,83.01,35.58,33.57,260
2013-11-01,70.0785,70.9214,68.0092,68.5963,31835200,46.33,83.01,35.58,22.67,260
2013-11-08,68.9334,70.8458,68.0499,70.4447,43129000,52.64,83.01,35.58,35.97,260
2013-11-15,70.4389,70.6249,69.2822,70.3716,28032700,52.38,83.01,35.58,35.42,260
2013-11-22,70.7496,72.7923,70.3774,72.6985,24023500,59.32,83.01,35.58,50.06,260
2013-11-29,72.5461,72.7396,71.2977,71.7666,16150500,55.81,83.01,35.58,42.66,260
2013-12-06,72.0186,72.13,70.7526,71.6787,24071900,55.48,83.01,35.58,41.96,260
2013-12-13,71.6669,72.6458,69.973,70.2778,33108400,50.32,83.01,35.58,31.08,260
2013-12-20,70.606,72.5579,69.3107,71.9659,38330700,55.67,83.01,35.58,42.36,260
2013-12-27,72.3351,73.6481,71.878,73.4019,12520700,59.65,83.01,35.58,50.75,260
2014-01-03,73.144,73.3902,72.511,72.8861,16210400,57.65,83.01,35.58,46.53,260
2014-01-10,73.0268,73.4547,70.5515,70.9284,30869100,50.69,83.01,35.58,31.86,260
2014-01-17,70.8112,70.8639,69.2755,69.9203,31478900,47.51,83.01,35.58,25.16,260
2014-01-24,70.7702,70.8581,68.1443,68.1618,23880500,42.5,83.01,35.58,14.6,260
2014-01-31,68.1413,68.7245,65.1257,65.4304,37067500,36.13,83.01,35.58,1.17,260
2014-02-07,65.8525,65.9169,64.0472,65.6766,46610500,37.05,83.01,35.58,3.1,260
2014-02-14,65.9228,67.3155,65.1081,67.1085,34386100,42.24,83.01,35.58,14.04,260
2014-02-21,67.3332,68.2026,66.5112,66.6354,31724500,41.03,83.01,35.58,11.5,260
2014-02-28,67.0435,69.0364,66.8542,68.2026,31295000,46.47,83.01,36.13,22.06,260
2014-03-07,67.8832,68.7584,67.422,68.0547,28596600,46.04,83.01,36.13,21.14,260
2014-03-14,68.2735,68.8117,67.2268,67.4752,30975300,44.31,83.01,36.13,17.44,260
2014-03-21,67.5698,69.7815,67.4929,68.38,37967900,47.63,83.01,36.13,24.52,260
2014-03-28,68.5988,70.1068,68.3942,70.0772,28031200,53.26,83.01,36.13,36.54,260
2014-04-04,70.2487,70.8401,70.0683,70.2546,25127400,53.82,83.01,36.13,37.73,260
2014-04-11,69.9707,70.5207,68.8945,69.2079,31121900,50.02,83.01,36.13,29.62,260
2014-04-17,69.6869,73.241,69.3912,73.1405,30381500,61.13,83.01,36.13,53.32,260
2014-04-25,72.7679,73.8974,72.7679,73.3238,28758200,61.55,83.01,36.13,54.23,260
2014-05-02,73.4835,75.2635,73.0813,73.7555,32263800,62.6,83.01,36.13,56.47,260
2014-05-09,73.8146,74.9737,73.5308,73.9388,25096300,63.06,83.01,36.13,57.45,260
2014-05-16,74.2582,74.9737,73.3014,73.4743,26665900,61.01,83.01,36.13,53.08,260
2014-05-23,73.3372,74.208,72.9137,73.5877,19916200,61.34,83.01,36.13,53.78,260
2014-05-30,73.8203,73.9575,72.5617,73.2417,20415900,59.68,83.01,36.13,50.24,260
2014-06-06,73.3252,74.381,72.6035,74.0768,19055100,62.33,83.01,36.13,55.89,260
2014-06-13,73.9694,75.908,73.8919,75.908,26487400,67.39,83.01,36.13,66.69,260
2014-06-20,75.8424,78.9739,75.8364,78.9381,40251900,73.69,83.01,36.13,80.12,260
2014-06-27,79.0455,79.6718,77.1248,77.7571,41088300,68.16,83.01,36.13,68.33,260
2014-07-03,77.6318,78.4907,77.1666,78.2521,18350200,69.21,83.01,36.13,70.56,260
2014-07-11,77.8048,78.5504,76.3673,76.6297,23195900,62.04,83.01,36.13,55.26,260
2014-07-18,76.8266,78.4371,76.576,77.775,22765600,64.81,83.01,36.13,61.18,260
2014-07-25,77.6079,80.5844,77.5483,79.6718,21735100,68.86,83.01,36.13,69.82,260
2014-08-01,79.6658,79.8089,75.3712,76.2897,28767400,56.39,83.01,36.13,43.21,260
2014-08-08,76.1645,76.5641,74.3094,76.2659,29943000,56.31,83.01,36.13,43.05,260
2014-08-15,76.4448,76.749,75.3115,75.8543,22207100,54.91,83.01,36.13,40.06,260
2014-08-22,75.9566,77.1055,75.5716,76.4619,17653100,56.63,83.01,36.13,43.72,260
2014-08-29,76.7386,77.9176,76.6243,77.8695,14135300,60.39,83.01,36.13,51.75,260
2014-09-05,77.7191,77.8274,75.8904,76.6363,18817500,55.82,83.01,36.13,42.0,260
2014-09-12,76.2032,76.2453,73.5143,73.785,33349400,46.97,83.01,36.13,23.12,260
2014-09-19,73.5985,75.6137,73.4241,75.0723,31381500,50.77,83.01,36.13,31.22,260
2014-09-26,74.952,75.1445,72.1969,73.0692,31305046,45.33,83.01,36.13,19.62,260
2014-10-03,72.618,72.63,69.8569,70.8074,37681045,40.11,83.01,36.13,8.48,260
2014-10-10,70.9277,71.6135,67.9019,68.5095,42989580,35.62,83.01,35.62,0.0,260
2014-10-17,68.305,68.9306,64.1543,67.2523,57431097,33.42,83.01,33.42,0.0,260
2014-10-24,67.0898,70.5728,66.753,69.7246,37641729,41.13,83.01,33.42,15.55,260
2014-10-31,68.8042,72.2872,68.2508,72.1548,36712772,47.56,83.01,33.42,28.52,260
2014-11-07,72.0826,72.1669,69.0539,71.4631,40259361,46.02,83.01,33.42,25.41,260
2014-11-14,71.9323,71.9864,69.5622,70.6149,30906898,44.13,83.01,33.42,21.61,260
2014-11-21,70.3963,72.1872,69.856,71.9869,28292714,47.86,83.01,33.42,29.12,260
2014-11-28,71.7137,71.9869,65.8251,66.0922,31130410,36.57,83.01,33.42,6.36,260
2014-12-05,66.4018,69.7043,65.9768,67.3063,45913520,39.72,83.01,33.42,12.72,260
2014-12-12,66.7114,66.7417,62.1462,62.1523,62237218,32.37,83.01,32.37,0.0,260
2014-12-19,62.6076,68.5751,60.7985,68.5569,68470502,45.8,83.01,32.37,26.52,260
2014-12-26,68.2109,69.4797,67.4277,68.7512,26442902,46.15,83.01,32.37,27.21,260
2015-01-02,68.8665,69.4372,67.2942,68.3444,24021079,45.49,83.01,32.37,25.91,260
2015-01-09,67.361,67.5067,64.6413,65.6915,51819085,41.33,83.01,32.37,17.7,260
2015-01-16,65.2423,65.3576,61.8184,63.8156,58615623,38.64,83.01,32.37,12.38,260
2015-01-23,63.4757,66.2439,63.0204,64.8659,34128577,40.96,83.01,32.37,16.96,260
2015-01-30,65.0905,66.3836,60.0275,62.2433,59156824,37.18,83.01,32.37,9.5,260
2015-02-06,63.1236,67.0574,62.5104,66.5414,51164978,45.97,83.01,32.37,26.86,260
2015-02-13,66.681,69.1634,65.6157,69.1267,36207920,50.46,83.01,32.37,35.73,260
2015-02-20,68.8386,69.2186,65.731,66.5646,31344157,46.35,83.01,32.37,27.61,260
2015-02-27,66.0681,66.6749,65.3203,65.3878,29536439,44.55,83.01,32.37,24.07,260
2015-03-06,65.1671,65.1794,63.2333,63.4693,32394731,41.72,83.01,32.37,18.46,260
2015-03-13,63.4999,64.7442,61.6979,62.2863,40865760,40.02,83.01,32.37,15.12,260
2015-03-20,62.176,65.7433,61.9063,65.6023,46829729,46.57,83.01,32.37,28.04,260
2015-03-27,65.8965,66.0068,63.5428,63.9167,35757564,43.94,83.01,32.37,22.86,260
2015-04-02,64.3396,65.7126,63.7941,64.5297,26897440,45.15,83.01,32.37,25.25,260
2015-04-10,64.9894,66.8649,64.4929,65.5287,33927078,47.16,83.01,32.37,29.21,260
2015-04-17,65.7984,67.9989,65.2407,66.8772,30724575,49.82,83.01,32.37,34.47,260
2015-04-24,67.1591,68.4708,66.8282,67.343,30401739,50.75,83.01,32.37,36.29,260
2015-05-01,67.6311,68.7712,66.4022,66.8343,32874845,49.67,83.01,32.37,34.17,260
2015-05-08,67.0427,67.3798,65.3939,66.5952,32812008,49.14,83.01,32.37,33.13,260
2015-05-15,66.5952,67.0568,65.6452,66.8711,31930174,49.8,83.01,32.37,34.43,260
2015-05-22,66.543,66.5492,64.8469,64.9274,32105080,45.33,83.01,32.37,25.59,260
2015-05-29,64.5127,64.6488,63.3737,63.7575,25636105,42.83,83.01,32.37,20.67,260
2015-06-05,64.0484,64.2217,62.5071,62.8847,28605065,41.02,83.01,32.37,17.08,260
2015-06-12,62.699,63.4975,61.6714,61.82,35017676,38.86,83.01,32.37,12.81,260
2015-06-19,61.56,62.6247,61.1638,61.5724,40495779,38.35,83.01,32.37,11.81,260
2015-06-26,61.7952,62.3214,60.5448,61.0338,35637663,37.21,83.01,32.37,9.57,260
2015-07-02,60.3529,60.6377,59.1459,59.344,32403443,33.83,83.01,32.37,2.89,260
2015-07-10,58.8426,59.1521,57.7284,58.4402,41372365,32.14,83.01,32.14,0.0,260
2015-07-17,58.3783,59.2944,57.5055,57.6603,31383290,30.72,83.01,30.72,0.0,260
2015-07-24,57.7531,58.3907,55.9272,56.0818,40905198,28.02,83.01,28.02,0.0,260
2015-07-31,55.6237,58.0688,54.4786,54.7695,57197826,25.98,83.01,25.98,0.0,260
2015-08-07,54.0267,54.0577,51.3093,51.8416,51069462,22.1,83.01,22.1,0.0,260
2015-08-14,52.1202,53.9215,51.7488,53.2282,46830750,27.61,83.01,22.1,9.04,260
2015-08-21,52.9532,52.9846,47.4673,47.4987,65056767,21.0,83.01,21.0,0.0,260
2015-08-28,44.2322,50.9093,43.624,50.4266,107974746,30.2,83.01,21.0,14.83,260
2015-09-04,50.1695,50.8341,47.9313,48.0692,72571178,27.43,83.01,21.0,10.36,260
2015-09-11,48.6084,49.0285,46.5896,47.5175,43119645,26.81,83.01,21.0,9.36,260
2015-09-18,47.3482,50.4517,46.9971,48.7401,65466631,30.55,83.01,21.0,15.4,260
2015-09-25,49.0912,49.3608,47.0849,48.715,48420855,30.52,83.01,21.0,15.34,260
2015-10-02,48.0629,51.1288,47.1946,51.1288,57296011,37.79,83.01,21.0,27.08,260
2015-10-09,51.668,56.6774,51.6304,56.157,72091032,49.62,83.01,21.0,46.16,260
2015-10-16,56.3388,57.4674,54.7275,57.2354,42443919,51.74,83.01,21.0,49.58,260
2015-10-23,56.6523,57.6367,55.8874,57.2041,41657585,51.68,83.01,21.0,49.47,260
2015-10-30,56.9721,57.668,54.3827,56.9783,44414652,51.15,83.01,21.0,48.63,260
2015-11-06,56.8091,61.8436,56.7276,58.9533,64690085,55.4,83.01,21.0,55.47,260
2015-11-13,58.6084,59.2166,55.2918,55.599,37191914,47.8,83.01,21.0,43.22,260
2015-11-20,55.685,58.8312,55.685,56.4589,39220292,49.71,83.01,21.0,46.29,260
2015-11-27,56.2305,58.5457,55.888,57.3215,23402312,51.61,83.01,21.0,49.37,260
2015-12-04,57.4928,58.7931,54.8604,56.9029,55141530,50.61,83.01,21.0,47.75,260
2015-12-11,55.4884,57.3786,53.4396,54.8287,71168472,45.86,83.01,21.0,40.08,260
2015-12-18,54.7399,59.624,54.1754,56.9663,82704341,50.97,83.01,21.0,48.33,260
2015-12-24,57.3405,59.5923,55.9514,58.3871,38705185,54.07,83.01,21.0,53.33,260
2015-12-31,57.2835,58.7233,56.4665,57.0615,25857227,50.84,83.01,21.0,48.12,260
2016-01-08,56.7887,57.1566,51.5178,52.0949,61036809,40.96,83.01,21.0,32.18,260
2016-01-15,52.5516,54.6575,50.5472,53.0717,77694562,43.29,83.01,21.0,35.95,260
2016-01-22,53.3889,54.0359,47.7817,52.9893,71132995,43.14,83.01,21.0,35.7,260
2016-01-29,52.1964,55.0,51.2513,54.8478,70194588,47.68,83.01,21.0,43.03,260
2016-02-05,54.0105,54.6702,50.6487,52.5706,66154553,43.13,83.01,21.0,35.69,260
2016-02-12,51.8602,54.9936,51.1498,54.1881,64987667,47.0,83.01,21.0,41.93,260
2016-02-19,54.7433,57.3253,53.5069,55.559,42635536,50.1,83.01,21.0,46.93,260
2016-02-26,56.439,57.7043,53.2467,54.1781,49546875,47.11,79.76,21.0,44.44,260
2016-03-04,54.557,56.9207,53.3559,56.4775,50652795,52.22,79.76,21.0,53.14,260
2016-03-11,56.4839,61.7508,56.2334,60.7488,68603760,59.96,79.76,21.0,66.31,260
2016-03-18,60.1001,62.8877,59.2522,62.7464,48986216,62.98,79.76,21.0,71.45,260
2016-03-24,62.316,62.65,59.2522,60.9222,34066194,58.63,79.76,21.0,64.05,260
2016-04-01,60.9543,62.1041,59.6954,60.5433,31351258,57.74,73.69,21.0,69.73,260
2016-04-08,60.6589,62.2197,59.3679,61.8728,33971586,60.04,73.69,21.0,74.09,260
2016-04-15,62.2197,63.1189,61.1149,62.4509,34525799,61.03,73.69,21.0,75.98,260
2016-04-22,61.5067,66.0285,61.3526,65.5211,42536282,65.88,73.69,21.0,85.17,260
2016-04-29,65.1743,66.9663,64.6219,65.6303,37070123,66.04,73.69,21.0,85.48,260
2016-05-06,65.4055,66.7029,64.4806,65.4247,33761681,65.41,73.69,21.0,84.29,260
2016-05-13,65.2706,65.7844,63.6392,64.7054,35082717,63.15,73.69,21.0,79.99,260
2016-05-20,65.4312,66.3273,63.9515,64.7759,30682963,63.28,73.69,21.0,80.24,260
2016-05-27,64.3799,66.4506,64.3085,66.2234,23197989,66.02,73.69,21.0,85.44,260
2016-06-03,66.3078,66.389,64.7305,65.3406,24628782,62.94,73.69,21.0,79.59,260
2016-06-10,65.782,67.5606,65.5094,66.1975,34429164,64.66,73.69,21.0,82.86,260
2016-06-17,65.8859,66.9258,64.1138,65.9313,35711757,63.67,73.69,21.0,80.98,260
2016-06-24,66.7817,67.8008,65.6717,66.1455,33503202,64.14,73.69,21.0,81.89,260
2016-07-01,65.7236,68.1578,64.6006,67.6061,38184015,67.29,73.69,21.0,87.86,260
2016-07-08,67.1841,68.1578,66.3013,68.0085,30683950,68.12,73.69,21.0,89.43,260
2016-07-15,68.0345,69.8326,68.028,69.4755,32457703,71.01,73.69,21.0,94.92,260
2016-07-22,69.2419,69.2938,68.0734,68.5862,27673461,67.04,73.69,21.0,87.39,260
2016-07-29,68.0669,68.2292,64.8148,66.522,37671416,58.83,73.69,21.0,71.8,260
2016-08-05,65.7755,66.2754,63.5556,65.2433,40711692,54.39,73.69,21.0,63.36,260
2016-08-12,65.5548,66.4247,64.8716,66.3143,25520884,57.3,73.69,21.0,68.89,260
2016-08-19,66.6064,67.953,66.2607,67.1134,27582331,59.38,73.69,21.0,72.84,260
2016-08-26,66.7395,67.2184,66.1558,66.4575,24868943,56.93,73.69,21.0,68.18,260
2016-09-02,66.405,67.3162,65.2441,66.2017,24703976,55.95,73.69,21.0,66.34,260
2016-09-09,66.3854,68.4417,66.2279,66.4247,24310299,56.65,73.69,21.0,67.66,260
2016-09-16,66.3788,67.2643,63.9683,64.1749,45130660,48.36,73.69,21.0,51.93,260
2016-09-23,64.4963,66.0836,64.07,65.0801,31128261,51.44,73.69,21.0,57.77,260
2016-09-30,65.2572,67.953,64.1421,67.507,40009397,58.57,73.69,21.0,71.3,260
2016-10-07,67.2643,67.8677,66.0902,67.0806,26960159,56.99,73.69,21.0,68.3,260
2016-10-14,67.6972,68.4908,65.3359,66.3001,29252890,54.1,73.69,21.0,62.83,260
2016-10-21,66.2083,68.0153,65.9984,66.4444,25610679,54.56,73.69,21.0,63.7,260
2016-10-28,66.6149,68.891,65.5064,68.0973,44492089,59.54,73.69,21.0,73.14,260
2016-11-04,68.0973,70.0126,68.0711,68.727,46280010,61.28,73.69,21.0,76.44,260
2016-11-11,69.5272,71.167,69.3239,69.947,41223723,64.47,73.69,21.0,82.49,260
2016-11-18,69.6256,72.9363,69.2583,72.3401,40989630,69.73,73.69,21.0,92.48,260
2016-11-25,73.1085,73.8438,72.4129,73.5325,22645941,71.96,73.69,21.0,96.72,260
2016-12-02,73.4994,76.1227,71.8101,74.8574,49129408,74.23,74.23,21.0,100.0,260
2016-12-09,75.1158,76.8381,74.3341,76.7189,30657036,77.04,77.04,21.0,100.0,260
2016-12-16,78.0173,78.8255,76.4208,78.2227,47660719,79.03,79.03,21.0,100.0,260
2016-12-23,78.4148,78.8321,77.7855,78.4479,22792291,79.32,79.32,21.0,100.0,260
2016-12-30,78.5009,78.7659,77.7126,77.9709,15306222,76.9,79.32,21.0,95.85,260
2017-01-06,78.4214,78.8321,77.0965,77.4012,24775223,74.0,79.32,21.0,90.87,260
2017-01-13,77.0369,77.5006,76.0896,77.0965,29127046,72.42,79.32,21.0,88.17,260
2017-01-20,77.1098,77.3549,76.3744,76.5798,19661495,69.71,79.32,21.0,83.53,260
2017-01-27,76.2618,78.0504,74.758,75.3807,34028073,63.75,79.32,21.0,73.3,260
2017-02-03,74.9568,75.7053,73.3404,75.235,35011953,63.05,79.32,21.0,72.09,260
2017-02-10,75.0429,75.1886,73.082,74.8905,27664802,61.32,79.32,21.0,69.13,260
2017-02-17,75.0959,75.7364,73.0812,73.7902,35306629,56.04,79.32,21.0,60.08,260
2017-02-24,74.0577,75.1144,73.215,73.6497,27199286,55.38,79.32,21.0,58.95,260
2017-03-03,74.0042,76.5077,73.8169,75.9438,32459226,63.0,79.32,21.0,72.01,260
2017-03-10,75.7431,76.1645,72.5729,73.9774,34270659,54.42,79.32,21.0,57.31,260
2017-03-17,73.9106,74.1112,71.6433,72.0178,49025228,47.49,79.32,21.0,45.41,260
2017-03-24,71.7436,72.807,71.5764,72.2252,32604841,48.24,79.32,21.0,46.7,260
2017-03-31,71.563,72.6866,70.7738,71.8105,30687194,46.79,79.32,21.0,44.23,260
2017-04-07,71.7102,74.0176,71.1484,72.807,25710659,50.62,79.32,21.0,50.78,260
2017-04-13,72.9809,73.7032,70.8474,70.9611,20716519,44.27,79.32,21.0,39.9,260
2017-04-21,71.0079,71.349,69.4429,70.1518,26619960,41.8,79.32,21.0,35.66,260
2017-04-28,70.7538,71.9643,70.0047,71.3624,27597619,46.6,79.32,21.0,43.9,260
2017-05-05,71.0681,71.7369,69.6502,70.7538,28652993,44.61,79.32,21.0,40.48,260
2017-05-12,70.8474,71.6165,70.1017,70.8675,24435166,45.08,79.32,21.0,41.29,260
2017-05-19,71.6633,72.0379,70.166,71.9769,31604885,49.6,79.32,21.0,49.04,260
2017-05-26,72.362,72.362,70.6795,70.7606,20317165,45.21,79.32,21.0,41.51,260
2017-06-02,70.5106,70.7542,69.443,69.6727,22524170,41.65,79.32,21.0,35.41,260
2017-06-09,69.4632,71.9566,69.2943,71.8958,29246296,50.26,79.32,21.0,50.17,260
2017-06-16,72.585,73.308,71.4498,73.2134,37866607,54.54,79.32,21.0,57.51,260
2017-06-23,73.1864,73.2337,70.22,70.9498,26138356,47.05,79.32,21.0,44.66,260
2017-06-30,70.9701,71.0782,70.1997,70.4971,21503164,45.7,79.32,21.0,42.35,260
2017-07-07,70.4362,72.2742,69.47,69.9295,20153183,43.99,79.32,21.0,39.42,260
2017-07-14,69.8957,70.7809,69.2943,70.5714,20736257,46.43,79.32,21.0,43.6,260
2017-07-21,70.4903,71.1998,69.6997,69.7673,25382161,43.86,79.32,21.0,39.19,260
2017-07-28,69.72,73.7405,69.5443,73.058,30291767,54.88,79.32,21.0,58.09,260
2017-08-04,73.2405,75.1358,73.0783,74.4027,31872580,58.47,79.32,21.0,64.24,260
2017-08-11,74.2,75.3014,73.7405,73.8081,20911632,56.33,79.32,21.0,60.58,260
2017-08-18,73.8283,74.2067,72.0083,72.6772,24543850,52.42,79.32,21.0,53.86,260
2017-08-25,72.6772,74.1992,71.8718,73.8716,22460646,55.9,79.32,21.0,59.84,260
2017-09-01,74.0832,74.5064,73.0594,74.2334,19055702,56.93,79.32,21.0,61.61,260
2017-09-08,74.6429,77.0386,74.1924,75.6121,23458119,60.7,79.32,21.0,68.07,260
2017-09-15,76.3288,78.723,76.1172,78.2399,30720960,66.68,79.32,21.0,78.32,260
2017-09-22,78.0965,80.424,78.0283,80.0554,25472611,70.07,79.32,21.0,84.13,260
2017-09-29,80.0145,80.7653,79.6732,80.1988,23889923,70.33,79.32,21.0,84.57,260
2017-10-06,79.4616,81.011,78.8562,79.878,20461578,68.9,79.32,21.0,82.13,260
2017-10-13,80.0896,81.9051,79.8643,81.3318,21007748,71.7,79.32,21.0,86.93,260
2017-10-20,81.7959,82.5126,80.5059,80.9769,24608988,70.04,79.32,21.0,84.09,260
2017-10-27,81.0315,81.8505,76.8338,77.4959,30259653,56.31,79.32,21.0,60.54,260
2017-11-03,77.2434,79.837,77.0188,78.4856,27963496,58.78,79.32,21.0,64.78,260
2017-11-10,78.745,80.54,78.4856,79.9804,25521382,62.26,79.32,21.0,70.74,260
2017-11-17,80.0077,80.3796,78.4745,79.0325,26705680,58.87,79.32,21.0,64.93,260
2017-11-24,79.0739,80.5069,78.8465,80.2727,14918037,61.8,79.32,21.0,69.95,260
2017-12-01,79.818,82.9941,79.3977,82.3396,26603185,66.13,79.32,21.0,77.38,260
2017-12-08,82.5463,84.2619,81.9607,82.6221,25473958,66.69,79.32,21.0,78.34,260
2017-12-15,82.877,83.442,81.7678,82.4912,28072930,66.15,79.32,21.0,77.41,260
2017-12-22,82.7599,86.5699,82.3396,86.1083,29108213,72.74,79.32,21.0,88.71,260
2017-12-29,86.2806,86.9489,86.1565,86.253,12594265,72.97,79.32,21.0,89.1,260
2018-01-05,86.6113,88.8367,86.4941,88.1201,20148059,75.77,79.32,21.0,93.91,260
2018-01-12,88.0926,92.2195,87.9341,92.0473,32610028,80.38,80.38,21.0,100.0,260
2018-01-19,92.0955,92.2402,89.7117,90.4627,23390426,74.24,80.38,21.0,89.67,260
2018-01-26,90.4627,91.4066,89.8012,90.3869,28013627,73.95,80.38,21.0,89.18,260
2018-02-02,89.6083,90.6556,81.0512,81.6989,44310777,49.85,80.38,21.0,48.59,260
2018-02-09,80.6034,82.1743,74.4233,78.1989,65574459,43.68,80.38,21.0,38.19,260
2018-02-16,79.0945,79.818,76.752,78.0308,33690990,43.4,80.38,21.0,37.73,260
2018-02-23,78.1283,78.4623,75.7763,78.344,26632783,44.12,80.38,21.0,38.93,260
2018-03-02,78.7545,80.7515,76.4235,77.6829,34721546,42.89,80.38,21.0,36.86,260
2018-03-09,77.5159,81.684,77.2515,81.5657,37052471,51.44,80.38,21.0,51.27,260
2018-03-16,81.7605,82.352,79.7148,80.2993,36214760,48.87,80.38,21.0,46.94,260
2018-03-23,80.0696,82.185,78.4205,78.6153,27337812,45.61,80.38,21.0,41.44,260
2018-03-29,79.4921,81.3152,77.9752,79.3529,24737492,47.27,80.38,21.0,44.24,260
2018-04-06,79.2485,82.0319,76.9175,79.8539,32972428,48.42,80.38,21.0,46.18,260
2018-04-13,80.2297,84.0498,79.9374,83.4444,33039777,55.87,80.38,21.0,58.72,260
2018-04-20,83.9176,86.9793,83.3401,85.1075,34939458,58.83,80.38,21.0,63.72,260
2018-04-27,84.8918,88.4057,84.2794,88.1065,34459529,63.58,80.38,21.0,71.72,260
2018-05-04,88.3848,88.9972,85.6433,87.3481,32765284,61.65,80.38,21.0,68.45,260
2018-05-11,88.0856,90.9873,86.026,90.3471,40917679,66.05,80.38,21.0,75.87,260
2018-05-18,90.6324,91.2099,89.2755,89.7391,28446617,64.44,80.38,21.0,73.15,260
2018-05-25,90.3918,91.5147,85.0787,85.7595,31385439,54.96,80.38,21.0,57.19,260
2018-06-01,84.9945,88.202,84.2646,86.9246,27721567,56.95,80.38,21.0,60.55,260
2018-06-08,87.4019,89.8233,85.3104,88.7424,31362476,59.94,80.38,21.0,65.58,260
2018-06-15,88.974,90.104,86.9176,87.058,35226609,56.06,80.38,21.0,59.05,260
2018-06-22,87.2755,89.1214,85.7385,87.8019,37836838,57.37,80.38,21.0,61.26,260
2018-06-29,87.3317,89.6478,85.5771,88.7354,26216556,59.02,80.38,21.0,64.04,260
2018-07-06,87.9283,88.9179,86.4614,87.1282,18939903,55.07,80.38,21.0,57.37,260
2018-07-13,87.7317,90.1953,86.307,87.058,23424115,54.89,80.38,21.0,57.08,260
2018-07-20,86.3351,86.9457,83.9909,85.8157,24385261,51.79,80.38,21.0,51.85,260
2018-07-27,85.8718,89.1635,85.0366,88.4125,27175350,57.23,80.38,21.0,61.02,260
2018-08-03,88.967,90.2233,86.5386,87.065,26223931,53.84,80.38,21.0,55.3,260
2018-08-10,87.3247,88.223,85.2753,86.5667,26305267,52.59,80.38,21.0,53.21,260
2018-08-17,86.5456,86.8053,82.4187,83.4654,29027657,45.54,80.38,21.0,41.34,260
2018-08-24,83.6071,84.6983,83.1324,84.3227,22294422,47.63,80.38,21.0,44.85,260
2018-08-31,84.5707,85.9736,83.6709,83.933,21329407,46.76,80.38,21.0,43.38,260
2018-09-07,84.2661,84.762,80.3408,81.1981,24039204,41.04,80.38,21.0,33.74,260
2018-09-14,81.7862,83.3308,80.6029,83.1678,27788070,46.15,80.38,21.0,42.35,260
2018-09-21,83.3308,85.9595,83.097,85.8248,34932270,52.17,80.38,21.0,52.49,260
2018-09-28,86.3775,88.0284,86.1366,86.6396,25898429,53.87,80.38,21.0,55.36,260
2018-10-05,87.2277,89.2045,87.2277,88.8007,24418946,58.13,80.38,21.0,62.53,260
2018-10-12,87.8938,90.4091,82.3176,83.4442,35610731,46.64,80.38,21.0,43.17,260
2018-10-19,83.3946,84.4999,82.2042,83.7063,33208120,47.19,80.38,21.0,44.1,260
2018-10-26,83.678,83.9543,77.6979,79.0229,35544982,39.37,80.38,21.0,30.94,260
2018-11-02,79.3843,82.9765,76.1958,81.2902,44014794,44.19,80.38,21.0,39.06,260
2018-11-09,82.6293,86.3491,82.6152,84.677,34978756,50.52,80.38,21.0,49.71,260
2018-11-16,85.6619,85.9949,80.6309,85.166,38106083,51.37,80.38,21.0,51.15,260
2018-11-23,84.5079,85.4808,80.1946,81.2604,24513891,44.71,80.38,21.0,39.94,260
2018-11-30,81.9757,85.6453,81.5608,85.0802,33503372,51.36,80.38,21.0,51.12,260
2018-12-07,86.3892,87.5767,80.8527,82.6123,36355688,47.39,80.38,21.0,44.45,260
2018-12-14,82.4764,84.2075,79.8798,81.4249,34721376,45.57,80.38,21.0,41.38,260
2018-12-21,81.1459,82.2404,73.6136,74.5435,58789010,36.76,80.38,21.0,26.53,260
2018-12-28,73.8926,78.9428,71.6894,77.7196,33499444,42.3,80.38,21.0,35.88,260
2019-01-04,78.0772,79.887,76.6108,79.2718,27143267,44.85,80.38,21.0,40.17,260
2019-01-11,79.4435,81.5465,78.628,80.5022,29054647,46.85,80.38,21.0,43.54,260
2019-01-18,79.6438,82.0115,78.8068,81.8112,29796647,48.97,80.38,21.0,47.11,260
2019-01-25,80.917,82.1045,78.9857,80.9886,28058633,47.69,80.38,21.0,44.94,260
2019-02-01,80.0515,85.302,79.4506,84.6725,42348188,53.58,80.38,21.0,54.87,260
2019-02-08,84.0501,85.7383,82.9199,84.1074,32818654,52.6,80.38,21.0,53.22,260
2019-02-15,83.6424,86.6018,83.2561,86.2333,27812695,55.87,80.38,21.0,58.72,260
2019-02-22,85.9082,87.2231,85.5397,86.2622,19875533,55.91,80.38,21.0,58.79,260
2019-03-01,86.2766,88.1769,85.6119,88.1697,30082093,58.86,80.38,21.0,63.76,260
2019-03-08,88.6321,90.0988,86.1249,87.8734,36659998,58.21,80.38,21.0,62.66,260
2019-03-15,88.7766,90.6479,88.6899,90.5395,32576428,62.25,80.38,21.0,69.47,260
2019-03-22,90.4673,91.7028,88.6537,88.9355,28229788,58.58,80.38,21.0,63.29,260
2019-03-29,88.8199,90.2505,88.1624,89.0006,21021527,58.68,80.38,21.0,63.47,260
2019-04-05,89.4991,91.5005,89.1956,91.3415,22731379,62.43,80.38,21.0,69.77,260
2019-04-12,91.5944,92.0063,85.9804,86.5295,59538467,52.0,80.38,21.0,52.21,260
2019-04-18,86.7174,88.5381,86.0527,86.6018,46756580,52.13,80.38,21.0,52.42,260
2019-04-26,87.2665,88.3503,83.5599,84.6076,61403505,48.26,80.38,21.0,45.92,260
2019-05-03,84.5426,88.0902,84.0151,84.7304,57793776,48.52,80.38,21.0,46.34,260
2019-05-10,84.8966,88.3792,84.1741,88.1408,51713604,55.09,80.38,21.0,57.41,260
2019-05-17,88.083,88.688,86.7102,87.9365,36919875,54.64,80.38,21.0,56.65,260
2019-05-24,88.0751,88.9725,85.266,86.6158,31084310,51.7,80.38,21.0,51.7,260
2019-05-31,86.7398,87.0609,82.9749,83.0697,28304184,44.74,80.38,21.0,39.98,260
2019-06-07,83.6899,89.1039,83.5221,88.6369,29155844,54.98,80.38,21.0,57.24,260
2019-06-14,89.1623,90.1108,87.236,88.148,22694641,54.04,80.38,21.0,55.64,260
2019-06-21,88.0824,92.0808,87.8343,91.1542,35010670,58.74,80.38,21.0,63.57,260
2019-06-28,90.8696,91.4825,89.6657,90.7967,25911074,57.98,80.38,21.0,62.29,260
2019-07-05,91.4679,91.8181,89.2571,90.14,17462473,56.54,80.38,21.0,59.85,260
2019-07-12,90.2275,92.1173,89.797,91.9203,19727219,59.49,80.38,21.0,64.82,260
2019-07-19,91.9787,92.2267,90.0086,91.2344,22962917,57.86,80.38,21.0,62.08,260
2019-07-26,91.4752,92.6645,89.9649,90.2713,23926786,55.55,80.38,21.0,58.2,260
2019-08-02,90.0962,91.0228,85.9737,88.0897,32403288,50.64,80.38,21.0,49.91,260
2019-08-09,86.966,90.3953,85.3316,89.3228,36181771,53.16,80.38,21.0,54.16,260
2019-08-16,89.7533,89.8481,84.2445,85.3681,29592917,45.18,80.38,21.0,40.72,260
2019-08-23,86.3411,87.5279,84.2919,84.9037,28192303,44.34,80.38,21.0,39.31,260
2019-08-30,85.4492,87.7048,84.8005,86.776,21707235,48.5,80.38,21.0,46.32,260
2019-09-06,85.3386,87.7712,84.4393,87.1741,20240651,49.37,80.38,21.0,47.78,260
2019-09-13,87.5279,90.8819,87.41,89.5624,29948416,54.34,80.38,21.0,56.15,260
2019-09-20,92.0392,92.3415,90.3438,91.6412,37479532,58.19,80.38,21.0,62.63,260
2019-09-27,91.0736,92.1424,87.3142,87.4247,30089576,49.14,80.38,21.0,47.4,260
2019-10-04,87.3805,88.0587,81.3949,83.9233,33887646,43.15,80.38,21.0,37.3,260
2019-10-11,84.0044,86.2674,82.2721,85.6187,24640132,46.55,80.38,21.0,43.03,260
2019-10-18,85.1986,86.7023,84.5794,84.5794,19484895,44.78,80.38,21.0,40.05,260
2019-10-25,85.1765,87.609,85.1765,87.4763,19698474,50.43,80.38,21.0,49.57,260
2019-11-01,87.7786,88.0955,84.0486,85.663,29172103,47.18,80.38,21.0,44.08,260
2019-11-08,86.4149,90.2627,86.2601,89.1423,33110516,53.39,80.38,21.0,54.56,260
2019-11-15,88.6042,90.6239,88.4641,89.8057,24144260,54.49,80.38,21.0,56.41,260
2019-11-22,89.1953,89.3293,86.4112,88.3094,30105215,51.54,80.38,21.0,51.43,260
2019-11-29,88.1605,88.7486,87.0067,87.1928,24820239,49.39,80.38,21.0,47.81,260
2019-12-06,87.8256,88.8007,86.1283,87.8479,30452674,50.69,80.38,21.0,50.0,260
2019-12-13,86.7387,88.9868,86.4484,87.8107,27763514,50.61,80.38,21.0,49.87,260
2019-12-20,88.4806,89.2846,87.7362,89.0911,38261615,53.32,80.38,21.0,54.44,260
2019-12-27,88.8156,90.3863,88.6965,89.5526,15301897,54.3,80.38,21.0,56.08,260
2020-01-03,89.6568,91.3541,88.771,90.0811,20361758,55.45,80.38,21.0,58.01,260
2020-01-10,90.2523,90.5724,86.4856,86.6792,38837839,47.22,80.38,21.0,44.17,260
2020-01-17,86.7015,87.3119,85.9943,86.039,34752336,45.85,80.38,21.0,41.85,260
2020-01-24,85.6817,85.7189,82.8827,83.2623,28984847,40.35,80.38,21.0,32.58,260
2020-01-31,82.0713,83.2549,79.2053,79.7561,40228955,34.69,80.38,21.0,23.06,260
2020-02-07,79.6147,82.3839,78.4609,81.0961,36703674,38.25,80.38,21.0,29.06,260
2020-02-14,80.7983,83.8206,80.6346,82.905,28935946,42.79,80.38,21.0,36.7,260
2020-02-21,82.0916,83.6732,81.0749,82.0992,21768175,41.33,80.38,21.0,34.25,260
2020-02-28,79.6138,80.5552,67.8649,70.2975,71013513,26.89,80.38,21.0,9.92,260
2020-03-06,70.8097,74.5753,69.4465,71.7887,75989711,30.21,80.38,21.0,15.51,260
2020-03-13,61.9302,66.2833,54.8734,62.8265,120868558,23.35,80.38,21.0,3.95,260
2020-03-20,54.6549,59.1135,38.8617,44.7286,121938216,15.63,80.38,15.63,0.0,260
2020-03-27,43.8776,58.0666,39.8935,51.8006,120005536,25.93,80.38,15.63,15.91,260
2020-04-03,51.2207,59.4901,50.4751,56.5679,89430082,31.97,80.38,15.63,25.23,260
2020-04-09,57.9913,67.7143,56.8692,63.4967,63006453,39.66,80.38,15.63,37.11,260
2020-04-17,65.6582,65.8992,59.3545,65.6507,71001270,41.86,80.38,15.63,40.51,260
2020-04-24,62.2541,66.8708,59.6859,65.5302,69065321,41.77,80.38,15.63,40.37,260
2020-05-01,65.3344,72.1051,64.6716,67.3603,60467362,43.78,80.38,15.63,43.48,260
2020-05-08,66.8482,71.9695,66.0423,71.9017,54265366,48.54,80.38,15.63,50.83,260
2020-05-15,70.9528,71.2465,64.7846,67.1494,48836026,44.31,80.38,15.63,44.3,260
2020-05-22,70.5596,71.3766,68.3221,68.9407,46595055,46.22,80.38,15.63,47.24,260
2020-05-29,70.6283,72.3083,68.1618,70.025,43884639,47.39,80.38,15.63,49.05,260
2020-06-05,69.4447,77.9286,68.8108,76.9817,42773249,54.27,80.38,15.63,59.68,260
2020-06-12,78.3715,79.1046,68.0549,70.5519,56759480,48.02,80.38,15.63,50.02,260
2020-06-19,68.0319,72.9879,67.3599,69.2079,48931874,46.8,80.38,15.63,48.15,260
2020-06-26,68.9712,71.0865,65.8098,66.0236,42374576,43.97,80.38,15.63,43.77,260
2020-07-02,66.3672,69.3148,65.9472,67.4363,27495653,45.54,80.38,15.63,46.2,260
2020-07-10,68.345,68.9178,62.9996,65.0843,34436454,43.36,80.38,15.63,42.82,260
2020-07-17,65.7029,68.8719,64.7636,66.581,31198952,45.16,80.38,15.63,45.61,260
2020-07-24,66.3061,70.8192,64.756,68.8261,53641452,47.85,80.38,15.63,49.76,260
2020-07-31,68.5436,69.6203,62.2436,64.0992,50007607,43.07,80.38,15.63,42.38,260
2020-08-07,64.1298,67.5279,63.9923,66.2832,41873371,45.76,80.38,15.63,46.54,260
2020-08-14,67.1538,71.0254,66.8941,68.9941,39940167,48.99,80.38,15.63,51.53,260
2020-08-21,68.9941,69.9334,64.7096,65.9262,44406793,45.68,80.38,15.63,46.41,260
2020-08-28,66.3291,68.2198,65.0661,66.3524,37807084,46.22,80.38,15.63,47.25,260
2020-09-04,66.5074,66.5616,62.6872,63.4853,55953593,43.09,80.38,15.63,42.42,260
2020-09-11,62.3773,62.819,59.7156,60.1999,49790644,39.77,80.38,15.63,37.29,260
2020-09-18,60.0372,61.5869,58.8594,60.6028,57969509,40.38,80.38,15.63,38.23,260
2020-09-25,59.0763,60.0759,54.6286,55.6591,68277255,35.64,80.38,15.63,30.9,260
2020-10-02,57.0617,57.9295,53.3268,55.1632,58677095,35.19,80.38,15.63,30.21,260
2020-10-09,55.4189,58.9601,54.7913,57.3406,66606327,38.81,80.38,15.63,35.81,260
2020-10-16,57.0539,58.0767,55.3182,56.4805,45914082,37.91,80.38,15.63,34.41,260
2020-10-23,56.651,57.6234,54.6828,56.2325,44450777,37.64,80.38,15.63,33.99,260
2020-10-30,55.5816,55.7055,50.4907,53.8537,69415030,35.05,80.38,15.63,29.99,260
2020-11-06,54.7835,57.0229,53.7762,55.1322,50003766,37.54,80.38,15.63,33.84,260
2020-11-13,61.9898,65.469,60.6416,64.3377,70523688,51.86,80.38,15.63,55.96,260
2020-11-20,66.8251,69.1208,65.3148,67.4616,61010110,55.58,80.38,15.63,61.7,260
2020-11-27,68.7669,75.3488,68.2244,71.8023,45562121,60.19,80.38,15.63,68.82,260
2020-12-04,70.78,73.4851,68.3344,73.3514,53711798,61.71,80.38,15.63,71.18,260
2020-12-11,72.2033,74.3579,70.2767,72.6987,49731671,60.66,80.38,15.63,69.55,260
2020-12-18,73.4458,73.6817,67.8312,68.5625,73050370,54.32,80.38,15.63,59.76,260
2020-12-24,66.3292,68.2833,65.6844,67.0999,30579202,52.24,80.38,15.63,56.55,260
2020-12-31,67.32,68.1221,66.0226,66.4079,31886355,51.24,80.38,15.63,55.01,260
2021-01-08,66.9583,72.683,65.9675,71.6214,57005229,57.79,80.38,15.63,65.12,260
2021-01-15,70.0802,75.738,69.6477,72.4156,55446605,58.7,80.38,15.63,66.53,260
2021-01-22,73.5244,75.1443,70.6385,72.1326,36516640,58.22,80.38,15.63,65.78,260
2021-01-29,71.2597,73.0605,66.7775,66.9976,48551042,50.18,80.38,15.63,53.36,260
2021-02-05,67.6189,71.1417,66.5022,70.1902,42120021,54.4,80.38,15.63,59.87,260
2021-02-12,71.0002,72.9189,70.6227,72.7774,42623072,57.53,80.38,15.63,64.72,260
2021-02-19,74.1841,77.11,73.8333,76.3765,46267979,61.5,80.38,15.63,70.85,260
2021-02-26,77.3252,83.6793,76.9027,79.725,71348819,64.8,80.38,15.63,75.94,260
2021-03-05,81.6862,87.0038,80.8411,86.9002,82675559,70.61,80.38,15.63,84.91,260
2021-03-12,87.5858,89.85,86.0073,88.9412,76353988,72.02,80.38,15.63,87.1,260
2021-03-19,88.9172,89.2162,81.9094,82.4197,63095173,61.79,80.38,15.63,71.3,260
2021-03-26,82.1645,85.7362,80.2751,85.6884,59275322,64.51,80.38,15.63,75.5,260
2021-04-01,84.8274,85.7282,83.0814,84.3091,31297048,62.49,80.38,15.63,72.38,260
2021-04-09,84.2932,84.3729,81.3753,82.0529,39963797,59.22,80.38,15.63,67.32,260
2021-04-16,82.6509,83.9743,80.7534,82.0848,40190810,59.25,80.38,15.63,67.37,260
2021-04-23,82.332,82.7784,79.8366,80.9607,41779320,57.51,80.38,15.63,64.69,260
2021-04-30,80.7375,85.8239,80.7295,82.1725,44727368,58.91,80.38,15.63,66.85,260
2021-05-07,82.898,88.2305,82.2921,87.7134,49442773,64.65,80.38,15.63,75.7,260
2021-05-14,88.8455,90.1769,84.062,87.2749,56840227,63.89,80.38,15.63,74.53,260
2021-05-21,86.972,88.399,82.3215,84.0572,60274547,58.46,80.38,15.63,66.15,260
2021-05-28,84.7273,85.4418,82.8059,83.7908,42883820,58.02,80.38,15.63,65.47,260
2021-06-04,85.0098,87.7305,85.0098,87.5529,34911072,62.33,80.38,15.63,72.12,260
2021-06-11,87.4883,89.006,85.8172,87.1169,48712835,61.54,80.38,15.63,70.91,260
2021-06-18,87.3349,89.2159,83.0804,83.1772,65356065,54.8,80.38,15.63,60.49,260
2021-06-25,84.0411,87.2945,83.9038,86.6245,48441191,59.03,80.38,15.63,67.02,260
2021-07-02,86.3419,86.463,83.6455,85.6315,44483407,57.36,80.38,15.63,64.45,260
2021-07-09,85.5507,85.5507,81.716,84.0168,35671295,54.66,80.38,15.63,60.28,260
2021-07-16,83.6051,85.026,79.3829,79.617,47717959,48.03,80.38,15.63,50.03,260
2021-07-23,77.3565,81.1104,76.307,79.8108,56243248,48.32,80.38,15.63,50.49,260
2021-07-30,80.2951,84.0007,79.8753,82.1923,48042840,51.96,80.38,15.63,56.12,260
2021-08-06,82.4103,83.9442,80.8118,82.3053,42200604,52.13,80.38,15.63,56.38,260
2021-08-13,81.4657,83.3549,80.6746,82.3134,40021709,52.15,80.38,15.63,56.4,260
2021-08-20,81.4012,82.0874,76.0057,77.1844,60441526,43.87,80.38,15.63,43.62,260
2021-08-27,78.6495,81.4078,78.6249,80.7366,46950940,49.81,80.38,15.63,52.79,260
2021-09-03,81.105,81.2834,78.142,79.7954,55801980,48.35,80.38,15.63,50.54,260
2021-09-10,79.4107,80.5975,78.0438,78.6331,41240369,46.54,80.38,15.63,47.73,260
2021-09-17,79.5662,80.8185,78.5594,79.1979,65044354,47.57,80.38,15.63,49.33,260
2021-09-24,77.4627,82.6438,76.3741,82.3409,58367529,52.99,80.38,15.63,57.71,260
2021-10-01,83.9697,85.8523,83.0366,85.3939,64705417,57.58,80.38,15.63,64.8,260
2021-10-08,85.9423,88.7497,84.78,88.4387,56370381,61.61,80.38,15.63,71.02,260
2021-10-15,89.6746,90.0553,86.8999,89.7156,45719885,63.19,80.38,15.63,73.46,260
2021-10-22,90.2149,92.6294,89.1795,92.3266,49897977,66.25,80.38,15.63,78.18,260
2021-10-29,92.9241,94.3646,91.328,93.7098,48971269,67.77,80.38,15.63,80.54,260
2021-11-05,94.1518,94.2009,91.6472,93.9145,48344679,68.0,80.38,15.63,80.89,260
2021-11-12,94.2009,95.1177,92.9568,93.497,44566920,66.95,80.38,15.63,79.27,260
2021-11-19,94.0864,96.6483,91.9909,92.6616,54634163,64.79,80.38,15.63,75.93,260
2021-11-26,92.7526,97.7041,92.6119,94.8144,40685492,67.69,80.38,15.63,80.4,260
2021-12-03,96.3296,97.0168,92.6781,94.7316,70600598,67.46,80.38,15.63,80.04,260
2021-12-10,96.015,98.7474,95.2615,97.9856,47506804,71.54,80.38,15.63,86.36,260
2021-12-17,97.257,97.8613,94.0029,94.0609,65961318,61.51,80.38,15.63,70.86,260
2021-12-23,92.6202,97.6378,91.6845,96.3876,40594496,64.67,80.38,15.63,75.75,260
2021-12-31,96.106,98.8137,95.5596,97.1659,32920575,65.69,80.38,15.63,77.32,260
2022-01-07,97.2238,103.9472,97.1162,103.5249,70104906,72.62,80.38,15.63,88.01,260
2022-01-14,103.6243,106.9777,102.5562,106.779,62413571,75.36,80.38,15.63,92.25,260
2022-01-21,107.3834,108.3522,104.5177,105.0816,48874264,71.35,80.38,15.63,86.05,260
2022-01-28,103.0447,113.4361,101.7116,108.1452,102255187,74.03,80.38,15.63,90.2,260
2022-02-04,107.7974,113.4361,107.0854,112.5087,65960643,77.3,80.38,15.63,95.25,260
2022-02-11,112.0616,115.4564,111.6393,114.9348,63418853,78.89,80.38,15.63,97.7,260
2022-02-18,114.2144,114.3055,110.4939,111.6403,59811555,71.56,80.38,15.63,86.38,260
2022-02-25,114.6358,117.5645,109.2137,117.4641,85600163,75.83,80.38,15.63,92.98,260
2022-03-04,116.5353,133.8394,116.0165,132.7517,138430044,83.04,83.04,15.63,100.0,260
2022-03-11,133.7976,146.2318,130.3,143.0019,198822859,86.04,86.04,15.63,100.0,260
2022-03-18,139.0775,140.8682,129.915,135.3289,114364195,75.29,86.04,15.63,84.73,260
2022-03-25,136.4083,141.9895,136.0404,141.6715,54042159,77.76,86.04,15.63,88.24,260
2022-04-01,138.8182,139.429,134.2997,137.4124,54191756,72.52,86.04,15.63,80.79,260
2022-04-08,138.0651,143.1651,136.3916,142.1903,46326765,74.59,86.04,15.63,83.73,260
2022-04-14,141.0523,144.7089,137.9898,143.5793,36486186,75.17,86.04,15.63,84.56,260
2022-04-22,144.7591,146.0477,134.6009,134.6762,48790947,64.85,86.04,15.63,69.9,260
2022-04-29,130.3083,136.3916,126.6517,131.0949,59673402,61.21,86.04,15.63,64.73,260
2022-05-06,130.7936,143.0605,129.823,142.8262,49749284,67.62,86.04,15.63,73.84,260
2022-05-13,140.3662,141.2364,132.099,140.4666,53018518,65.28,86.04,15.63,70.52,260
2022-05-20,141.4121,146.9765,137.4005,141.6112,59805014,65.9,86.04,15.63,71.39,260
2022-05-27,142.9698,150.4967,142.6998,150.4377,51899789,70.28,86.04,15.63,77.61,260
2022-06-03,151.8553,152.6991,146.3789,149.8639,45248868,69.65,86.04,15.63,76.72,260
2022-06-10,150.117,153.9142,146.5307,148.0074,44416939,67.56,86.04,15.63,73.74,260
2022-06-17,144.8093,145.3831,123.0217,125.2072,90150500,48.31,86.04,15.63,46.42,260
2022-06-24,128.3041,131.6541,118.2625,122.161,54340165,46.41,86.04,15.63,43.72,260
2022-07-01,123.0808,128.418,120.2202,123.6292,45883094,47.48,86.04,15.63,45.24,260
2022-07-08,121.2159,122.7348,115.4357,120.4733,44596826,45.38,86.04,15.63,42.25,260
2022-07-15,119.7476,120.537,111.841,116.1529,42328750,42.6,86.04,15.63,38.3,260
2022-07-22,118.6085,124.2621,117.3596,121.6716,37566332,47.06,86.04,15.63,44.64,260
2022-07-29,122.9457,138.9447,121.6631,138.2022,42264664,57.68,86.04,15.63,59.72,260
2022-08-05,136.0082,136.582,125.7473,129.6457,40507645,51.88,86.04,15.63,51.48,260
2022-08-12,129.6036,135.9913,129.0466,134.8859,33092986,54.87,86.04,15.63,55.73,260
2022-08-19,130.9452,135.9968,129.477,134.2515,36246369,54.43,86.04,15.63,55.11,260
2022-08-26,133.4001,141.437,131.4675,139.1213,44786349,57.27,86.04,15.63,59.14,260
2022-09-02,139.5299,142.0329,130.4523,134.3877,46605457,53.76,86.04,15.63,54.16,260
2022-09-09,136.1245,136.7715,129.9351,136.1926,35394924,54.9,86.04,15.63,55.77,260
2022-09-16,138.6104,140.0748,132.4806,133.1958,83796354,52.59,86.04,15.63,52.49,260
2022-09-23,130.199,135.1794,122.3068,123.2518,42910124,45.72,86.04,15.63,42.74,260
2022-09-30,122.2302,124.6736,119.5825,122.3153,45445071,45.12,86.04,15.63,41.89,260
2022-10-07,126.8276,139.564,126.2572,136.2437,49221499,54.63,86.04,15.63,55.38,260
2022-10-14,137.0695,141.3178,131.2036,136.3373,35938443,54.68,86.04,15.63,55.46,260
2022-10-21,139.0191,148.001,135.3327,147.4476,38131158,60.93,86.04,15.63,64.34,260
2022-10-28,146.5026,155.6803,146.1024,153.2283,41107090,63.73,86.04,15.63,68.32,260
2022-11-04,151.5937,157.8427,151.0403,156.157,44661364,65.1,86.04,15.63,70.26,260
2022-11-11,155.3738,159.2901,150.8786,158.7452,37317815,66.31,86.04,15.63,71.97,260
2022-11-18,158.6175,161.4866,154.1272,156.9927,39625450,64.68,86.04,15.63,69.65,260
2022-11-25,154.1958,160.0555,150.8413,157.6018,26078488,65.0,86.04,15.63,70.11,260
2022-12-02,154.6677,158.331,152.6773,155.3111,39358908,62.68,86.04,15.63,66.82,260
2022-12-09,156.7181,156.9583,144.0722,144.1323,42694414,52.79,86.04,15.63,52.77,260
2022-12-16,144.9302,150.0692,143.3602,144.75,55398510,53.23,86.04,15.63,53.4,260
2022-12-23,145.9425,152.3513,144.3468,152.1968,30646030,58.27,86.04,15.63,60.55,260
2022-12-30,153.0204,154.6248,150.9357,153.9899,18809496,59.4,86.04,15.63,62.17,260
2023-01-06,152.7459,153.9041,146.5774,151.4762,28529361,57.06,86.04,15.63,58.84,260
2023-01-13,152.9347,153.029,149.0396,152.3341,36272947,57.68,86.04,15.63,59.71,260
2023-01-20,153.0891,156.4693,151.133,155.1996,35982001,59.74,86.04,15.63,62.65,260
2023-01-27,155.4655,161.1279,151.296,153.9556,55060332,58.41,86.04,15.63,60.75,260
2023-02-03,152.7116,153.0033,143.1199,145.3763,56351939,50.1,86.04,15.63,48.95,260
2023-02-10,145.4707,149.6145,143.5918,147.5383,49426470,51.95,86.04,15.63,51.59,260
2023-02-17,146.9806,148.8595,140.0966,140.9622,42748781,46.31,86.04,15.63,43.58,260
2023-02-24,140.3823,141.741,137.5518,140.5813,25241376,46.0,86.04,15.63,43.13,260
2023-03-03,141.1007,143.3253,138.7376,142.7886,36301020,48.18,86.04,15.63,46.22,260
2023-03-10,142.2519,144.3813,137.344,138.2096,34132934,44.2,86.04,15.63,40.57,260
2023-03-17,135.4137,141.975,129.7614,131.8648,80218414,39.35,86.04,15.63,33.69,260
2023-03-24,131.3454,138.5472,130.9559,135.0848,38991308,42.78,86.04,15.63,38.56,260
2023-03-31,136.2447,141.7153,134.7645,141.2305,33545666,48.74,86.04,15.63,47.02,260
2023-04-06,146.9781,148.138,144.667,145.1171,32670904,52.14,86.04,15.63,51.84,260
2023-04-14,145.8442,149.6441,144.8228,149.2633,29338259,55.52,86.04,15.63,56.65,260
2023-04-21,149.22,149.3498,145.4373,146.3895,33577262,52.74,86.04,15.63,52.7,260
2023-04-28,146.3722,149.2113,142.0009,145.9221,35312289,52.28,86.04,15.63,52.05,260
2023-05-05,145.169,146.0519,134.5308,138.677,37641877,45.64,86.04,15.63,42.63,260
2023-05-12,139.8542,140.4861,133.2065,135.5695,27774274,43.12,86.04,15.63,39.04,260
2023-05-19,136.0976,136.9051,132.4497,135.6838,33854026,43.24,86.04,15.63,39.21,260
2023-05-26,134.4251,138.6032,132.9392,134.6786,43935030,42.36,86.04,15.63,37.97,260
2023-06-02,132.572,137.0124,130.8851,136.5841,39442474,44.66,86.04,15.63,41.22,260
2023-06-09,138.4983,140.2814,133.9094,138.8567,36332996,47.35,86.04,15.63,45.05,260
2023-06-16,137.2833,140.5262,136.4836,137.4582,53124576,45.87,86.04,15.63,42.95,260
2023-06-23,136.4879,136.855,131.226,132.2923,40033632,40.8,86.04,15.63,35.75,260
2023-06-30,132.5283,138.0351,132.4584,137.5368,31707563,47.18,86.04,15.63,44.81,260
2023-07-07,137.3882,138.1924,132.5371,134.8009,25401185,44.49,86.04,15.63,40.98,260
2023-07-14,134.5475,140.3776,133.9968,134.2415,31902909,43.94,86.04,15.63,40.2,260
2023-07-21,134.0405,138.8305,133.1839,138.7081,31431818,49.34,86.04,15.63,47.88,260
2023-07-28,140.264,143.3844,136.8026,138.8654,35562588,49.53,86.04,15.63,48.14,260
2023-08-04,140.8409,143.3295,138.1574,139.25,44536294,50.01,86.04,15.63,48.82,260
2023-08-11,140.736,143.4981,136.5491,143.4806,46239807,55.07,86.04,15.63,56.01,260
2023-08-18,143.1484,143.568,138.5158,141.9692,36126660,53.0,86.04,15.63,53.08,260
2023-08-25,142.2339,143.0015,138.2633,140.3986,29141021,50.87,86.04,15.63,50.05,260
2023-09-01,140.7604,145.3133,140.381,144.9692,28962423,56.37,86.04,15.63,57.86,260
2023-09-08,145.8338,148.6653,145.7633,147.5368,32313195,59.14,86.04,15.63,61.8,260
2023-09-15,148.3044,148.7544,143.7074,146.9103,46698221,58.17,86.04,15.63,60.42,260
2023-09-22,148.119,149.0809,145.6309,146.7162,32702624,57.86,86.04,15.63,59.97,260
2023-09-29,146.7603,151.4985,146.4603,148.7809,34841407,60.33,86.04,15.63,63.48,260
2023-10-06,148.5338,148.7368,140.2839,143.1427,40936387,51.45,86.04,15.63,50.87,260
2023-10-13,146.8044,148.4015,141.5986,144.7574,42708728,53.56,86.04,15.63,53.86,260
2023-10-20,145.8868,150.1485,144.5721,147.2015,33916165,56.63,86.04,15.63,58.22,260
2023-10-27,144.0868,145.0839,127.0223,127.3664,79779443,35.89,86.04,15.63,28.77,260
2023-11-03,128.5223,131.4692,126.8987,130.2428,63197043,39.36,86.04,15.63,33.7,260
2023-11-10,131.2311,131.7604,125.0546,126.1311,60692799,36.33,86.04,15.63,29.4,260
2023-11-17,126.3076,129.4676,125.5038,128.8211,55133350,39.6,86.04,15.63,34.05,260
2023-11-24,128.9727,130.1408,125.4859,129.2134,25925418,40.09,86.04,15.63,34.73,260
2023-12-01,128.9905,130.6581,126.6541,129.1332,64197013,40.02,86.04,15.63,34.63,260
2023-12-08,128.4109,129.9268,125.7267,128.6873,64610599,39.6,86.04,15.63,34.04,260
2023-12-15,129.1599,133.6989,126.3153,133.1817,76166104,45.74,86.04,15.63,42.76,260
2023-12-22,134.5015,136.49,133.0658,134.6976,43159652,47.67,86.04,15.63,45.5,260
2023-12-29,135.6072,136.4455,132.5753,133.0123,26286876,45.72,86.04,15.63,42.74,260
2024-01-05,133.7479,137.6404,132.5842,134.118,34755405,47.25,86.04,15.63,44.9,260
2024-01-12,132.3524,133.7167,128.509,131.3269,48312688,43.9,86.04,15.63,40.14,260
2024-01-19,130.6536,130.7116,124.505,126.8414,39927656,39.1,86.04,15.63,33.33,260
2024-01-26,126.5471,133.1014,125.6643,132.9944,42949691,47.56,86.04,15.63,45.35,260
2024-02-02,132.9498,136.7754,130.6581,135.7588,51803403,50.87,86.04,15.63,50.05,260
2024-02-09,135.2059,138.5054,134.4661,134.6887,39160084,49.57,86.04,15.63,48.2,260
2024-02-16,135.2059,140.3725,133.4091,139.3452,36215649,54.97,86.04,15.63,55.87,260
2024-02-23,140.1022,141.143,138.1016,139.3723,29044581,55.0,86.04,15.63,55.91,260
2024-03-01,139.2641,140.1743,135.0828,137.7051,45503905,52.66,86.04,15.63,52.59,260
2024-03-08,137.4258,137.5069,133.0732,135.0647,50448531,49.1,86.04,15.63,47.53,260
2024-03-15,135.6235,141.517,134.8034,140.1743,51356581,55.39,86.04,15.63,56.46,260
2024-03-22,140.6068,141.3368,138.9217,139.3723,37302408,54.25,86.04,15.63,54.85,260
2024-03-28,140.1112,142.5533,139.3632,142.1478,28485180,57.5,86.04,15.63,59.46,260
2024-04-05,142.6254,146.1399,141.4269,145.6263,39097079,61.21,86.04,15.63,64.73,260
2024-04-12,145.6713,147.6719,142.4227,143.2472,39877387,57.51,86.04,15.63,59.48,260
2024-04-19,144.1303,144.8603,140.0571,144.1844,32226478,58.57,86.04,15.63,60.98,260
2024-04-26,144.1394,150.4745,142.7789,149.4922,39426104,64.05,86.04,15.63,68.77,260
2024-05-03,149.5102,150.5916,141.517,144.4097,42800684,56.36,86.04,15.63,57.85,260
2024-05-10,144.8423,149.9698,144.8423,149.4291,34180843,61.3,86.04,15.63,64.86,260
2024-05-17,150.0239,150.4114,144.3376,148.0738,31282671,59.35,86.04,15.63,62.09,260
2024-05-24,148.1193,148.3742,142.3027,143.5952,27153714,53.3,86.04,15.63,53.5,260
2024-05-31,143.932,147.9918,142.4028,147.737,29543400,57.6,86.04,15.63,59.61,260
2024-06-07,146.9997,147.1726,139.6265,142.0751,33531774,50.73,86.04,15.63,49.84,260
2024-06-14,142.3755,144.0049,138.3339,138.88,34547526,47.3,86.04,15.63,44.97,260
2024-06-21,138.8163,143.5179,138.2975,141.3469,42892389,50.1,86.04,15.63,48.96,260
2024-06-28,142.248,145.2246,141.67,142.3846,39518210,51.28,86.04,15.63,50.63,260
2024-07-05,143.0582,144.46,139.8904,140.4639,22248169,48.98,86.04,15.63,47.36,260
2024-07-12,139.5627,142.6212,138.6343,141.6291,30479890,50.43,86.04,15.63,49.42,260
2024-07-19,142.867,149.5393,142.1388,144.8696,32887376,54.32,86.04,15.63,54.95,260
2024-07-26,144.0231,144.7695,139.6538,143.6772,28452398,52.68,86.04,15.63,52.62,260
2024-08-02,144.0504,147.1817,133.828,135.2207,46990612,42.81,86.04,15.63,38.6,260
2024-08-09,132.4626,132.9997,129.5133,131.9802,46781876,39.74,86.04,15.63,34.24,260
2024-08-16,132.7539,134.3742,127.1557,134.0556,35289854,42.58,86.04,15.63,38.28,260
2024-08-23,134.3841,136.3019,133.0404,135.8659,28301081,45.02,86.04,15.63,41.74,260
2024-08-30,137.1084,138.1392,133.8595,136.1696,27376112,45.44,86.04,15.63,42.33,260
2024-09-06,133.9607,134.1632,126.8923,127.5273,34962197,36.85,86.04,15.63,30.13,260
2024-09-13,127.5963,130.7118,124.5887,129.4141,40123020,39.53,86.04,15.63,33.95,260
2024-09-20,130.4081,135.0928,129.8329,134.0804,50793589,45.69,86.04,15.63,42.69,260
2024-09-27,134.605,137.2281,129.4325,133.9055,36958617,45.5,86.04,15.63,42.42,260
2024-10-04,133.7951,140.3574,132.7919,138.7375,39537716,51.42,86.04,15.63,50.83,260
2024-10-11,139.437,140.5874,135.6266,139.3633,26234249,52.14,86.04,15.63,51.85,260
2024-10-18,138.535,139.8051,135.8107,138.7467,27024406,51.33,86.04,15.63,50.7,260
2024-10-25,139.8972,140.3389,137.4038,138.8019,27053413,51.4,86.04,15.63,50.8,260
2024-11-01,136.4458,143.5145,135.9027,140.882,40819558,54.19,86.04,15.63,54.76,260
2024-11-08,142.1245,145.9809,140.4034,144.4346,38412468,58.56,86.04,15.63,60.97,260
2024-11-15,144.6279,149.4507,142.2257,148.5671,41411560,62.99,86.04,15.63,67.26,260
2024-11-22,149.2739,151.217,147.5921,150.9474,32092626,65.29,86.04,15.63,70.52,260
2024-11-29,150.7522,153.1043,148.5952,150.5476,30823766,64.56,86.04,15.63,69.49,260
2024-12-06,150.8823,151.7256,144.2628,144.3279,36052442,54.43,86.04,15.63,55.1,260
2024-12-13,145.9642,148.8277,142.3104,143.0542,45733075,52.61,86.04,15.63,52.51,260
2024-12-20,143.0728,143.0728,130.6705,132.8088,82798570,40.79,86.04,15.63,35.73,260
2024-12-27,132.4648,135.4678,131.5909,133.878,21503846,42.24,86.04,15.63,37.8,260
2025-01-03,133.6827,138.0617,132.3439,137.4573,25316870,46.96,86.04,15.63,44.49,260
2025-01-10,137.9687,143.4911,136.5462,142.3755,32340329,52.67,86.04,15.63,52.6,260
2025-01-17,143.268,150.3989,143.175,150.12,41343619,59.98,86.04,15.63,62.98,260
2025-01-24,149.8225,150.0549,144.3559,144.7091,31347185,53.73,86.04,15.63,54.11,260
2025-01-31,145.3413,147.7492,138.2011,138.7032,42860417,47.79,86.04,15.63,45.67,260
2025-02-07,138.5265,144.3418,137.4109,141.8921,33742183,50.89,86.04,15.63,50.08,260
2025-02-14,143.4447,147.9939,142.5428,146.0107,32024240,54.65,86.04,15.63,55.41,260
2025-02-21,146.0107,149.4038,145.4843,147.4958,23873262,55.96,86.04,15.63,57.27,260
2025-02-28,147.6509,149.4414,145.1271,149.0937,35087356,57.38,86.04,15.63,59.29,260
2025-03-07,149.8832,150.4754,138.8671,146.9506,43052018,54.82,86.04,15.63,55.66,260
2025-03-14,147.7496,150.7386,142.7961,147.5898,47599883,55.46,86.04,25.93,49.12,260
2025-03-21,147.7777,155.3819,147.3501,154.8555,59579827,62.02,86.04,31.97,55.58,260
2025-03-28,154.7991,158.8127,154.4466,156.115,37800641,63.04,86.04,35.05,54.9,260
2025-04-04,156.209,158.7751,134.1768,134.675,59974891,42.28,86.04,35.05,14.19,260
2025-04-11,130.3982,138.6133,124.11,127.4844,85783838,37.79,86.04,35.05,5.37,260
2025-04-17,130.1632,131.8175,126.0463,129.5899,36034631,39.8,86.04,35.05,9.33,260
2025-04-25,127.851,131.028,124.3826,130.3982,42578398,40.6,86.04,35.05,10.89,260
2025-05-02,130.6238,132.0243,126.0839,130.182,50510483,40.45,86.04,35.05,10.59,260
2025-05-09,128.5559,130.9998,126.535,130.1726,42639734,40.44,86.04,35.05,10.58,260
2025-05-16,133.8948,135.0791,131.1314,133.5658,38764103,44.29,86.04,35.05,18.12,260
2025-05-23,132.7124,132.76,127.2886,129.9244,39194229,41.21,86.04,35.05,12.09,260
2025-05-30,130.7237,132.0654,128.6589,130.0767,35640223,41.39,86.04,35.05,12.45,260
2025-06-06,131.7799,133.8162,129.8201,133.4166,39727607,45.42,86.04,35.05,20.34,260
2025-06-13,133.7401,140.4485,132.917,138.8404,47405068,51.27,86.04,35.05,31.81,260
2025-06-20,138.6691,142.894,136.7756,142.3041,54983151,54.61,86.04,35.05,38.37,260
2025-06-27,144.7516,144.7781,135.6052,136.8231,45334280,48.89,86.04,35.05,27.15,260
2025-07-03,136.1142,141.7617,135.5005,141.1812,28890461,53.1,86.04,35.05,35.4,260
2025-07-11,140.2582,148.3369,138.5264,147.785,49770921,58.65,86.04,35.05,46.29,260
2025-07-18,147.3948,148.3559,139.4304,142.7703,80118330,53.47,86.04,35.05,36.14,260
2025-07-25,143.8741,148.6318,141.2859,147.3377,80918045,57.18,86.04,35.05,43.41,260
2025-08-01,147.8706,149.5929,143.07,144.0644,45336704,53.87,86.04,35.05,36.91,260
2025-08-08,143.9217,148.2037,142.561,147.4995,39405101,56.7,86.04,35.05,42.47,260
2025-08-15,147.8135,150.8585,145.5726,148.9649,38351585,57.89,86.04,35.05,44.8,260
2025-08-22,148.5652,152.7962,146.123,152.2092,41435994,60.48,86.04,35.05,49.87,260
2025-08-29,151.9398,155.019,150.6407,154.5379,38220243,62.27,86.04,35.05,53.39,260
2025-09-05,154.4224,155.7503,147.6962,147.8598,35708517,54.62,86.04,35.05,38.39,260
2025-09-12,148.1004,153.7488,147.1045,151.1796,36635698,57.42,86.04,35.05,43.88,260
2025-09-19,151.4346,154.6052,149.6785,150.3136,41756484,56.44,86.04,35.05,41.96,260
2025-09-26,149.7459,155.2114,149.2936,154.1145,32036844,59.69,86.04,35.05,48.33,260
2025-10-03,153.1185,153.1185,146.4838,147.754,37650886,52.62,86.04,35.05,34.47,260
2025-10-10,148.1533,149.1204,143.2699,143.2795,29911767,48.29,86.04,35.05,25.97,260
2025-10-17,144.338,148.3863,143.7895,147.3017,31235286,52.11,86.04,35.05,33.45,260
2025-10-24,147.6385,152.6021,147.398,149.6881,32808962,54.26,86.04,35.89,36.64,260
2025-10-31,149.9142,153.1715,147.4557,151.7666,37402676,56.12,86.04,35.89,40.33,260
2025-11-07,151.4683,151.7666,146.4068,149.1685,37418209,53.21,86.04,35.89,34.54,260
2025-11-14,149.5534,152.0264,146.3395,151.6704,42952722,55.6,86.04,35.89,39.29,260
2025-11-21,151.7666,151.9302,144.7285,145.9252,43970143,49.38,86.04,35.89,26.89,260
2025-11-28,145.7695,147.4236,143.7458,147.0441,37056579,50.54,86.04,35.89,29.21,260
2025-12-05,147.6474,149.7879,145.2247,145.9447,45379944,49.34,86.04,35.89,26.82,260
2025-12-12,145.2149,147.8322,143.6679,145.9349,43899337,49.33,86.04,35.89,26.8,260
2025-12-19,145.789,146.042,142.5296,143.7555,56299035,46.78,86.04,35.89,21.72,260
2025-12-26,144.7868,147.0538,144.6749,145.9641,18741807,49.62,86.04,35.89,27.38,260
2026-01-02,146.9176,151.6852,146.0274,151.6852,22554854,56.15,86.04,35.89,40.39,260
2026-01-09,161.2689,161.2689,150.7122,157.7273,94676965,61.78,86.04,35.89,51.61,260
2026-01-16,158.3013,164.791,156.3651,161.7651,56123491,65.01,86.04,35.89,58.06,260
2026-01-23,162.198,163.9202,160.6851,162.2126,39174874,65.36,86.04,35.89,58.76,260
2026-01-30,163.7742,172.5066,162.1445,172.1174,67575449,72.02,86.04,35.89,72.05,260
2026-02-06,168.751,177.6536,167.9823,175.9703,68946709,74.11,86.04,35.89,76.21,260
2026-02-13,176.1163,181.4773,175.085,178.7725,48689965,75.54,86.04,35.89,79.06,260
2026-02-20,180.1026,184.6224,175.6222,180.7216,40502032,76.51,86.04,35.89,80.99,260
2026-02-27,181.4487,184.2736,178.5895,183.5023,43109015,77.86,86.04,35.89,83.68,260
2026-03-06,187.01,189.0537,180.9378,186.6268,67507942,79.3,86.04,35.89,86.56,260
2026-03-13,187.6634,195.4109,182.4018,193.3868,79527566,82.02,86.04,35.89,91.99,260
2026-03-20,193.1706,201.5027,192.1635,198.2112,92775401,83.68,86.04,35.89,95.28,260
2026-03-27,195.1603,208.7491,193.9272,207.4668,66289638,86.28,86.28,35.89,100.0,260
2026-04-02,209.54,210.9647,191.5101,195.4993,62392841,70.6,86.28,35.89,68.88,260
2026-04-10,195.0375,201.0507,183.2173,185.2611,59899112,60.47,86.28,35.89,48.79,260
2026-04-17,188.1105,189.2453,174.6396,180.7806,56506683,56.64,86.28,35.89,41.19,260
2026-04-24,181.2817,186.1159,179.1594,181.9793,44479775,57.42,86.28,35.89,42.73,260
2026-05-01,182.9422,190.7437,180.4662,187.3048,52420639,60.78,86.28,35.89,49.4,260
2026-05-08,187.5209,190.3311,176.3984,178.4519,50202244,53.26,86.28,35.89,34.46,260
2026-05-15,179.8079,188.1596,179.8079,187.7666,46025083,59.01,86.28,35.89,45.88,260
2026-05-22,187.8354,197.1643,185.7327,189.7882,52490253,60.15,86.28,35.89,48.15,260
2026-05-29,188.3704,188.8562,178.8478,180.8951,46342320,53.12,86.28,35.89,34.19,260
2026-06-05,182.7937,189.8377,182.4417,185.7035,34858162,56.11,86.28,35.89,40.12,260
2026-06-12,187.0816,191.0324,182.7788,185.6143,42602196,56.04,86.28,35.89,39.98,260
2026-06-18,177.3656,180.1119,170.7528,172.1408,44424585,46.43,86.28,35.89,20.91,260
2026-06-26,172.587,174.8871,167.8182,169.5929,49357295,44.86,86.28,35.89,17.81,260
2026-07-02,169.9002,170.1282,163.3667,167.7488,46981735,43.71,86.28,35.89,15.52,260
2026-07-10,167.4117,177.0484,165.7264,174.8871,42223862,49.14,86.28,35.89,26.3,260
2026-07-17,177.4796,186.5363,177.0434,185.7729,34490089,56.1,86.28,35.89,40.11,260
2026-07-24,184.6923,195.9945,184.3353,193.1194,35652197,60.07,86.28,35.89,47.99,260
2026-07-31,187.0518,195.8582,185.1285,195.1419,39489755,61.11,86.28,35.89,50.06,260
2026-08-07,193.7043,194.1802,184.2759,184.9599,41541489,53.54,86.28,35.89,35.02,260
2026-08-14,187.26,199.9007,187.26,198.2847,40902729,60.45,86.28,35.89,48.74,260
2026-08-21,199.0034,208.98,198.0864,205.27,40312492,63.51,86.28,35.89,54.82,260
2026-08-28,203.67,205.3,197.82,201.86,34319682,61.03,86.28,35.89,49.89,260
2026-09-04,206.08,213.2,203.8355,208.6,40359562,64.02,86.28,35.89,55.83,260
2026-09-11,211.25,217.4,209.18,214.06,32300861,66.29,86.28,35.89,60.32,260
