Semana,Open,High,Low,Close,Volume,RSI,RSI_max_5a,RSI_min_5a,Posicion,Semanas_ventana
1994-03-18,1.0724,1.0724,1.0021,1.0196,1917800,,,,,0
1994-03-25,1.0021,1.0372,0.9669,0.976,659500,,,,,0
1994-03-31,0.9669,0.9845,0.879,0.879,363600,,,,,0
1994-04-08,0.8614,0.8706,0.8438,0.8438,110500,,,,,0
1994-04-15,0.8438,0.9317,0.8438,0.8966,459900,,,,,0
1994-04-22,0.879,0.9057,0.6153,0.6856,192700,,,,,0
1994-04-29,0.6856,0.7911,0.6856,0.7735,21200,,,,,0
1994-05-06,0.7911,0.9845,0.7735,0.8966,168900,,,,,0
1994-05-13,0.8966,0.9142,0.8438,0.879,136700,,,,,0
1994-05-20,0.853,0.8966,0.8263,0.8438,229900,,,,,0
1994-05-27,0.879,0.879,0.8087,0.8347,98000,,,,,0
1994-06-03,0.8087,0.8438,0.7426,0.7559,68400,,,,,0
1994-06-10,0.7911,0.8438,0.7384,0.8263,271100,,,,,0
1994-06-17,0.8087,0.8614,0.8087,0.8614,41400,,,,,0
1994-06-24,0.8263,0.8614,0.6856,0.7208,51700,35.59,35.59,35.59,,1
1994-07-01,0.6856,0.7123,0.6153,0.668,818100,33.75,35.59,33.75,0.0,2
1994-07-08,0.668,0.7384,0.668,0.7032,91700,36.13,36.13,33.75,100.0,3
1994-07-15,0.7032,0.7735,0.699,0.7651,166200,40.2,40.2,33.75,100.0,4
1994-07-22,0.7911,0.8263,0.7208,0.7735,111100,40.75,40.75,33.75,100.0,5
1994-07-29,0.7911,0.8087,0.7559,0.7559,130700,39.92,40.75,33.75,88.14,6
1994-08-05,0.7735,0.7735,0.7208,0.7208,74100,38.24,40.75,33.75,64.18,7
1994-08-12,0.7208,0.8087,0.6329,0.8002,581400,43.98,43.98,33.75,100.0,8
1994-08-19,0.7559,0.8263,0.7559,0.782,327200,42.99,43.98,33.75,90.33,9
1994-08-26,0.8263,0.9142,0.8263,0.9099,155100,51.26,51.26,33.75,100.0,10
1994-09-02,0.879,1.0372,0.879,1.0372,271900,57.81,57.81,33.75,100.0,11
1994-09-09,1.0196,1.0548,0.9493,1.0372,193400,57.81,57.81,33.75,100.0,12
1994-09-16,1.0548,1.1603,1.0021,1.0548,776000,58.7,58.7,33.75,100.0,13
1994-09-23,1.0548,1.0548,0.8966,0.9142,200300,49.68,58.7,33.75,63.85,14
1994-09-30,0.9142,1.0372,0.9142,1.0288,581300,55.66,58.7,33.75,87.82,15
1994-10-07,1.0372,1.0372,0.8614,0.9233,175500,49.79,58.7,33.75,64.31,16
1994-10-14,0.9317,0.9317,0.8966,0.9057,47100,48.87,58.7,33.75,60.61,17
1994-10-21,0.9317,0.9669,0.8966,0.9142,420800,49.35,58.7,33.75,62.55,18
1994-10-28,0.9402,0.9669,0.8966,0.9317,38800,50.41,58.7,33.75,66.79,19
1994-11-04,0.9493,1.0372,0.879,0.9493,397400,51.5,58.7,33.75,71.16,20
1994-11-11,0.9669,0.9669,0.8966,0.9493,204000,51.5,58.7,33.75,71.16,21
1994-11-18,0.9669,1.0548,0.9402,1.0021,129800,54.95,58.7,33.75,84.98,22
1994-11-25,0.9493,1.0196,0.8966,1.0196,110400,56.07,58.7,33.75,89.47,23
1994-12-02,1.0196,1.1075,0.9669,1.0724,155800,59.34,59.34,33.75,100.0,24
1994-12-09,1.1251,1.1603,1.0021,1.0548,236400,57.79,59.34,33.75,93.97,25
1994-12-16,1.0021,1.09,0.9493,1.0815,317900,59.52,59.52,33.75,100.0,26
1994-12-23,1.0548,1.1251,1.0548,1.0815,43600,59.52,59.52,33.75,100.0,27
1994-12-30,1.0984,1.1603,1.0548,1.0724,268800,58.57,59.52,33.75,96.32,28
1995-01-06,1.0724,1.2482,1.0548,1.213,565400,67.23,67.23,33.75,100.0,29
1995-01-13,1.2306,1.2306,1.1427,1.1779,235700,63.65,67.23,33.75,89.3,30
1995-01-20,1.1779,1.3185,1.1427,1.2306,310200,66.53,67.23,33.75,97.91,31
1995-01-27,1.1779,1.2306,1.0724,1.0724,522800,52.97,67.23,33.75,57.41,32
1995-02-03,1.1251,1.1343,1.0548,1.0984,141400,54.61,67.23,33.75,62.31,33
1995-02-10,1.09,1.1251,1.0548,1.1075,126900,55.2,67.23,33.75,64.07,34
1995-02-17,1.1075,1.1779,1.0548,1.0815,227900,53.08,67.23,33.75,57.75,35
1995-02-24,1.0548,1.1167,1.0548,1.1167,48500,55.56,67.23,33.75,65.15,36
1995-03-03,1.0724,1.1075,1.0196,1.09,141900,53.26,67.23,33.75,58.27,37
1995-03-10,1.0548,1.0724,1.0196,1.0548,115000,50.3,67.23,33.75,49.45,38
1995-03-17,1.0196,1.0724,0.9845,0.9901,143600,45.32,67.23,33.75,34.56,39
1995-03-24,0.9669,1.0196,0.9142,1.0112,345200,47.16,67.23,33.75,40.05,40
1995-03-31,0.9845,1.0196,0.9317,0.9669,177000,43.82,67.23,33.75,30.1,41
1995-04-07,0.9493,1.0021,0.9493,1.0021,101400,47.02,67.23,33.75,39.66,42
1995-04-13,1.0196,1.1251,0.9929,1.09,451000,54.07,67.23,33.75,60.69,43
1995-04-21,1.09,1.1251,1.0724,1.1251,86900,56.56,67.23,33.75,68.13,44
1995-04-28,1.09,1.1603,1.09,1.1511,132600,58.35,67.23,33.75,73.5,45
1995-05-05,1.1603,1.1603,1.1075,1.1427,81000,57.52,67.23,33.75,71.01,46
1995-05-12,1.1427,1.1603,1.0724,1.1343,243100,56.65,67.23,33.75,68.42,47
1995-05-19,1.1603,1.213,1.1251,1.1694,567900,59.41,67.23,33.75,76.64,48
1995-05-26,1.1343,1.3888,1.1343,1.3276,1530700,68.96,68.96,33.75,100.0,49
1995-06-02,1.3361,1.3361,1.2482,1.2749,183500,63.59,68.96,33.75,84.75,50
1995-06-09,1.2833,1.3185,1.2482,1.2482,564800,60.99,68.96,33.75,77.38,51
1995-06-16,1.2833,1.4591,1.2482,1.4148,1164100,69.38,69.38,33.75,100.0,52
1995-06-23,1.4148,1.4767,1.3888,1.3888,494700,66.96,69.38,33.75,93.21,53
1995-06-30,1.3888,1.5646,1.3888,1.5386,345400,72.83,72.83,33.75,100.0,54
1995-07-07,1.5562,1.5822,1.5295,1.547,293100,73.12,73.12,33.75,100.0,55
1995-07-14,1.5295,1.8368,1.5295,1.6877,694700,77.44,77.44,33.75,100.0,56
1995-07-21,1.7053,1.7404,1.547,1.6174,397000,71.27,77.44,33.75,85.88,57
1995-07-28,1.5822,1.8107,1.4767,1.7404,897500,75.02,77.44,33.75,94.46,58
1995-08-04,1.7053,1.7404,1.5295,1.6174,361900,65.78,77.44,33.75,73.3,59
1995-08-11,1.5822,1.6877,1.5822,1.6441,385500,66.74,77.44,33.75,75.49,60
1995-08-18,1.6701,1.6877,1.6174,1.6701,471000,67.69,77.44,33.75,77.67,61
1995-08-25,1.6701,1.7404,1.6349,1.6877,299200,68.34,77.44,33.75,79.17,62
1995-09-01,1.6877,1.7053,1.4767,1.547,292700,58.15,77.44,33.75,55.85,63
1995-09-08,1.5119,1.7756,1.5119,1.7144,342600,64.87,77.44,33.75,71.21,64
1995-09-15,1.758,1.7756,1.6525,1.6701,192200,62.03,77.44,33.75,64.72,65
1995-09-22,1.6701,1.8811,1.6701,1.8811,542400,68.99,77.44,33.75,80.64,66
1995-09-29,1.8811,1.8811,1.7228,1.8107,192600,64.73,77.44,33.75,70.9,67
1995-10-06,1.8459,1.8459,1.7756,1.8023,279100,64.22,77.44,33.75,69.73,68
1995-10-13,1.8283,1.8283,1.6174,1.6701,154200,56.65,77.44,33.75,52.42,69
1995-10-20,1.6701,1.7053,1.547,1.5998,234000,53.07,77.44,33.75,44.23,70
1995-10-27,1.5998,1.7053,1.547,1.6701,216900,56.06,77.44,33.75,51.07,71
1995-11-03,1.6525,1.7053,1.547,1.5646,190100,50.83,77.44,33.75,39.1,72
1995-11-10,1.5822,1.5822,1.4767,1.5034,84000,48.03,77.44,33.75,32.69,73
1995-11-17,1.5119,1.8459,1.5119,1.8459,908600,60.99,77.44,33.75,62.34,74
1995-11-24,1.8635,1.969,1.7932,1.8459,849200,60.99,77.44,33.75,62.34,75
1995-12-01,1.8986,2.0217,1.8459,1.9338,430100,63.68,77.44,33.75,68.5,76
1995-12-08,1.969,2.0569,1.9422,2.0477,680400,66.87,77.44,33.75,75.81,77
1995-12-15,2.0477,2.1272,1.9514,1.969,373800,62.77,77.44,33.75,66.41,78
1995-12-22,1.9338,1.9865,1.7404,1.9338,429200,60.96,77.44,33.75,62.29,79
1995-12-29,1.8986,2.1096,1.8986,2.1096,295800,66.19,77.44,33.75,74.24,80
1996-01-05,2.1096,2.1096,1.8811,1.9865,369900,60.12,77.44,33.75,60.36,81
1996-01-12,1.969,2.0041,1.7228,1.8107,324600,52.69,77.44,33.75,43.36,82
1996-01-19,1.8107,1.9514,1.7932,1.8986,958400,55.64,77.44,33.75,50.11,83
1996-01-26,1.9162,1.9514,1.8459,1.8811,446200,54.91,77.44,33.75,48.43,84
1996-02-02,1.9078,2.0041,1.8811,1.995,713300,58.73,77.44,33.75,57.16,85
1996-02-09,2.0393,2.1448,2.0041,2.1272,414200,62.68,77.44,33.75,66.2,86
1996-02-16,2.1799,2.3206,2.1272,2.3206,671500,67.57,77.44,33.75,77.39,87
1996-02-23,2.2854,2.4436,2.2502,2.4085,328800,69.52,77.44,33.75,81.87,88
1996-03-01,2.426,2.4788,2.3206,2.3557,454600,66.92,77.44,33.75,75.9,89
1996-03-08,2.3381,2.4085,2.303,2.3733,715800,67.35,77.44,33.75,76.91,90
1996-03-15,2.3909,2.4169,2.3473,2.4085,328200,68.26,77.44,33.75,78.99,91
1996-03-22,2.4042,2.5139,2.3733,2.5139,867300,70.88,77.44,33.75,84.97,92
1996-03-29,2.5315,2.5315,2.0744,2.1448,1136700,54.08,77.44,33.75,46.53,93
1996-04-04,2.1448,2.3733,2.1272,2.303,432300,58.61,77.44,33.75,56.89,94
1996-04-12,2.2678,2.4436,2.1975,2.426,329200,61.76,77.44,33.75,64.12,95
1996-04-19,2.4436,2.4964,2.3381,2.3381,269200,58.34,77.44,33.75,56.28,96
1996-04-26,2.3206,2.7425,2.3206,2.7073,621700,66.69,77.44,33.75,75.39,97
1996-05-03,2.7073,2.7601,2.637,2.7073,228200,66.69,77.44,33.75,75.39,98
1996-05-10,2.7249,2.7601,2.4788,2.5667,291800,61.27,77.44,33.75,62.98,99
1996-05-17,2.5667,2.6194,2.4436,2.4436,524600,56.9,77.44,33.75,52.99,100
1996-05-24,2.4436,2.4612,2.1272,2.1448,758400,47.97,77.44,33.75,32.55,101
1996-05-31,2.2151,2.2854,2.1799,2.1975,855900,49.48,77.44,33.75,36.0,102
1996-06-07,2.2151,2.2418,2.092,2.1272,545900,47.5,77.44,33.75,31.48,103
1996-06-14,2.1272,2.1272,1.8107,1.9338,1451800,42.48,77.44,33.75,19.98,104
1996-06-21,1.9338,1.969,1.7932,1.8107,554600,39.61,77.44,33.75,13.41,105
1996-06-28,1.8283,1.8635,1.758,1.8459,326400,40.84,77.44,33.75,16.23,106
1996-07-05,1.8107,2.0217,1.8107,1.9338,299100,43.91,77.44,33.75,23.27,107
1996-07-12,1.9162,1.9514,1.2833,1.3888,756400,32.6,77.44,32.6,0.0,108
1996-07-19,1.3361,1.424,1.213,1.2566,1667000,30.54,77.44,30.54,0.0,109
1996-07-26,1.2833,1.2833,1.1427,1.2482,249800,30.41,77.44,30.41,0.0,110
1996-08-02,1.2833,1.4767,1.2833,1.4676,630500,37.91,77.44,30.41,15.96,111
1996-08-09,1.4767,1.5822,1.424,1.4416,579300,37.4,77.44,30.41,14.86,112
1996-08-16,1.4591,1.4591,1.1427,1.2658,389000,34.03,77.44,30.41,7.71,113
1996-08-23,1.2482,1.3888,1.2397,1.3712,394500,37.66,77.44,30.41,15.41,114
1996-08-30,1.3888,1.5295,1.3361,1.3361,355800,36.93,77.44,30.41,13.86,115
1996-09-06,1.3537,1.3888,1.3185,1.3888,99000,38.84,77.44,30.41,17.93,116
1996-09-13,1.3361,1.3888,1.2482,1.2566,462400,35.9,77.44,30.41,11.68,117
1996-09-20,1.2833,1.4591,1.2482,1.4416,677900,42.46,77.44,30.41,25.62,118
1996-09-27,1.424,1.969,1.424,1.9162,1151800,55.14,77.44,30.41,52.57,119
1996-10-04,1.9514,1.969,1.7932,1.9162,556200,55.14,77.44,30.41,52.57,120
1996-10-11,1.8986,1.9865,1.8811,1.9514,197700,55.97,77.44,30.41,54.34,121
1996-10-18,1.9514,1.9865,1.6701,1.7144,196500,49.32,77.44,30.41,40.21,122
1996-10-25,1.7053,1.7404,1.5822,1.6877,689800,48.62,77.44,30.41,38.71,123
1996-11-01,1.6877,1.7228,1.6174,1.6174,160200,46.73,77.44,30.41,34.71,124
1996-11-08,1.6174,1.6701,1.4591,1.6258,829500,47.0,77.44,30.41,35.27,125
1996-11-15,1.6349,2.0744,1.6174,2.0217,1023400,57.66,77.44,30.41,57.93,126
1996-11-22,2.0217,2.426,1.9338,2.3381,1232600,63.91,77.44,30.41,71.22,127
1996-11-29,2.3206,2.4879,2.2945,2.4612,490500,66.01,77.44,30.41,75.68,128
1996-12-06,2.4612,2.6194,1.7404,1.9605,2855400,52.59,77.44,30.41,47.17,129
1996-12-13,2.0393,2.1448,1.8986,2.0217,952900,53.83,77.44,30.41,49.79,130
1996-12-20,2.0217,2.0744,1.7404,1.758,701400,48.02,77.44,30.41,37.45,131
1996-12-27,1.7228,1.8986,1.7228,1.8726,242000,50.52,77.44,30.41,42.76,132
1997-01-03,1.8726,1.9865,1.8283,1.8811,371800,50.71,77.44,30.41,43.16,133
1997-01-10,1.8635,2.0393,1.8635,1.9605,301900,52.54,77.44,30.41,47.05,134
1997-01-17,1.9781,2.0217,1.9338,2.0133,476700,53.76,77.44,30.41,49.65,135
1997-01-24,2.0041,2.092,1.8107,1.9254,1265700,51.38,77.44,30.41,44.59,136
1997-01-31,1.9605,1.995,1.7756,1.7932,616100,47.94,77.44,30.41,37.28,137
1997-02-07,1.7756,1.9254,1.5998,1.855,1308600,49.64,77.44,30.41,40.89,138
1997-02-14,1.8283,1.9078,1.8199,1.8283,993700,48.9,77.44,30.41,39.31,139
1997-02-21,1.8283,1.855,1.5998,1.6701,812800,44.64,77.44,30.41,30.27,140
1997-02-28,1.6617,1.7144,1.398,1.5913,1048400,42.65,77.44,30.41,26.04,141
1997-03-07,1.5731,1.6525,1.5295,1.5337,490900,41.21,77.44,30.41,22.96,142
1997-03-14,1.5295,1.7313,1.5295,1.6701,662600,45.89,77.44,30.41,32.91,143
1997-03-21,1.6525,1.7228,1.4676,1.6701,898700,45.89,77.44,30.41,32.91,144
1997-03-27,1.6525,1.6785,1.4148,1.424,627700,39.34,77.44,30.41,18.98,145
1997-04-04,1.4064,1.4507,1.1954,1.2833,1024500,36.16,77.44,30.41,12.23,146
1997-04-11,1.2566,1.4064,1.2566,1.3712,943800,39.45,77.44,30.41,19.22,147
1997-04-18,1.3621,1.5731,1.3621,1.4507,388600,42.34,77.44,30.41,25.38,148
1997-04-25,1.424,1.4591,1.2833,1.3094,372100,38.79,77.44,30.41,17.83,149
1997-05-02,1.3009,1.547,1.2397,1.4901,349100,45.13,77.44,30.41,31.3,150
1997-05-09,1.4859,1.6701,1.4148,1.6258,617300,49.37,77.44,30.41,40.31,151
1997-05-16,1.5998,1.6617,1.3888,1.6174,708000,49.12,77.44,30.41,39.77,152
1997-05-23,1.6349,1.6617,1.4106,1.5252,592800,46.31,77.44,30.41,33.81,153
1997-05-30,1.547,1.7053,1.4859,1.6617,455400,50.79,77.44,30.41,43.33,154
1997-06-06,1.6701,1.6701,1.3537,1.6617,2130700,50.79,77.44,30.41,43.33,155
1997-06-13,1.6701,1.6877,1.6174,1.6525,653000,50.46,77.44,30.41,42.64,156
1997-06-20,1.6174,1.6349,1.5731,1.6131,921200,49.0,77.44,30.41,39.53,157
1997-06-27,1.6089,1.8283,1.547,1.7756,800400,54.82,77.44,30.41,51.9,158
1997-07-03,1.7932,1.9162,1.7756,1.8895,422600,58.41,77.44,30.41,59.53,159
1997-07-11,1.8986,2.1975,1.8811,2.1623,1131600,65.48,77.44,30.41,74.56,160
1997-07-18,2.1623,2.4436,2.1532,2.2327,1005200,67.03,77.44,30.41,77.86,161
1997-07-25,2.2172,2.3733,2.0041,2.3557,769000,69.61,77.44,30.41,83.35,162
1997-08-01,2.3297,2.4612,2.066,2.1096,833300,59.57,77.44,30.41,62.0,163
1997-08-08,2.1096,2.7516,2.1096,2.4964,2110100,67.5,77.44,30.41,78.86,164
1997-08-15,2.4612,2.5491,2.3824,2.3909,489700,63.83,77.44,30.41,71.05,165
1997-08-22,2.3733,2.6279,2.149,2.611,812000,67.77,77.44,30.41,79.43,166
1997-08-29,2.5843,2.8831,2.5224,2.7952,1220700,70.66,77.44,30.41,85.57,167
1997-09-05,2.7952,2.8128,2.6897,2.7952,352800,70.66,77.44,30.41,85.57,168
1997-09-12,2.7776,2.9534,2.6018,2.7249,702700,67.96,77.44,30.41,79.84,169
1997-09-19,2.7249,3.1468,2.7249,3.1468,839900,74.29,77.44,30.41,93.3,170
1997-09-26,3.1292,3.4105,3.0765,3.2432,1799900,75.49,77.44,30.41,95.84,171
1997-10-03,3.2171,3.3669,3.1117,3.2523,1782300,75.6,77.44,30.41,96.08,172
1997-10-10,3.2347,3.4808,3.1644,3.3135,1473900,76.4,77.44,30.41,97.79,173
1997-10-17,3.305,3.3838,3.0153,3.1686,1497000,70.5,77.44,30.41,85.23,174
1997-10-24,3.1468,3.4457,2.8831,3.0238,1826700,65.08,77.44,30.41,73.71,175
1997-10-31,2.9183,2.9534,2.5667,2.6722,906700,54.19,77.44,30.41,50.57,176
1997-11-07,2.7165,3.0238,2.6722,2.8128,398100,57.27,77.44,30.41,57.11,177
1997-11-14,2.7601,2.8655,2.426,2.7073,659300,54.32,77.44,30.41,50.84,178
1997-11-21,2.7861,3.1996,2.7601,3.1728,675100,63.3,77.44,30.41,69.94,179
1997-11-28,3.0941,3.1728,2.7249,2.8128,695000,54.4,77.44,30.41,51.0,180
1997-12-05,2.9098,2.9098,2.426,2.5934,1298500,49.8,77.44,30.41,41.22,181
1997-12-12,2.6546,2.7165,2.1448,2.2854,1277600,44.15,77.44,30.41,29.22,182
1997-12-19,2.2327,2.611,2.2242,2.4612,477400,47.79,77.44,30.41,36.96,183
1997-12-26,2.4879,2.611,2.3297,2.3557,298800,45.86,77.44,30.41,32.85,184
1998-01-02,2.4612,2.5315,2.3297,2.4528,776700,47.94,77.44,30.41,37.28,185
1998-01-09,2.4085,2.5315,2.2327,2.2854,897400,44.75,77.44,30.41,30.48,186
1998-01-16,2.1272,2.4169,2.0393,2.4,458300,47.34,77.44,30.41,35.99,187
1998-01-23,2.3381,2.7776,2.3381,2.4,1075700,47.34,77.44,30.41,35.99,188
1998-01-30,2.4964,2.5582,2.2896,2.5055,1504400,49.85,77.44,30.41,41.32,189
1998-02-06,2.5224,2.8831,2.5139,2.8044,1485500,56.21,77.44,30.41,54.86,190
1998-02-13,2.8212,2.8395,2.5667,2.6018,812300,51.45,77.44,30.41,44.73,191
1998-02-20,2.6018,2.8655,2.5315,2.8086,876300,55.59,77.44,30.41,53.53,192
1998-02-27,2.7952,3.3887,2.7952,3.3486,2303200,64.18,77.44,30.41,71.79,193
1998-03-06,3.305,3.305,2.971,3.1377,1019700,59.35,77.44,30.41,61.53,194
1998-03-13,3.1728,3.1728,2.8128,2.8212,871400,52.92,77.44,30.41,47.85,195
1998-03-20,2.8395,2.8831,2.5667,2.6637,1991800,50.01,77.44,30.41,41.67,196
1998-03-27,2.6855,3.0238,2.6194,3.0062,897000,55.7,77.44,30.41,53.78,197
1998-04-03,2.9802,3.0941,2.848,3.0856,1028900,56.93,77.44,30.41,56.39,198
1998-04-09,3.0941,3.1911,2.9183,3.1025,430200,57.2,77.44,30.41,56.96,199
1998-04-17,3.0941,3.3929,3.0941,3.3486,940300,61.05,77.44,30.41,65.14,200
1998-04-24,3.3226,3.6918,3.2347,3.4457,1248100,62.48,77.44,30.41,68.19,201
1998-05-01,3.3402,3.5336,3.2347,3.4281,614200,62.04,77.44,30.41,67.24,202
1998-05-08,3.4633,3.5596,3.2171,3.3318,479600,59.53,77.44,30.41,61.92,203
1998-05-15,3.2783,3.5427,3.182,3.2875,433300,58.37,77.44,30.41,59.44,204
1998-05-22,3.2523,3.3578,2.6546,2.7776,930500,46.97,77.44,30.41,35.2,205
1998-05-29,2.7952,2.9359,2.6194,2.7861,741400,47.15,77.44,30.41,35.59,206
1998-06-05,2.7249,2.848,2.5751,2.7425,764000,46.26,77.44,30.41,33.7,207
1998-06-12,2.7952,2.9534,2.6061,2.6722,1409000,44.78,77.44,30.41,30.56,208
1998-06-19,2.6637,2.7165,2.5407,2.6546,703900,44.4,77.44,30.41,29.75,209
1998-06-26,2.6546,2.9183,2.637,2.9098,1054100,50.93,77.44,30.41,43.63,210
1998-07-02,2.9007,3.1074,2.9007,3.0674,1395600,54.48,77.44,30.41,51.17,211
1998-07-10,3.0062,3.3226,2.9886,3.1996,604000,57.27,77.44,30.41,57.11,212
1998-07-17,3.1644,3.3402,3.0856,3.2347,1367000,58.01,77.44,30.41,58.68,213
1998-07-24,3.2171,3.2171,2.9267,2.9316,825400,49.99,77.44,30.41,41.64,214
1998-07-31,2.9007,2.945,2.7383,2.8698,777900,48.52,77.44,30.41,38.5,215
1998-08-07,2.848,2.8747,2.4964,2.7165,551100,44.98,77.44,30.41,30.98,216
1998-08-14,2.6546,2.7073,2.4612,2.4921,274100,40.34,77.44,30.41,21.12,217
1998-08-21,2.4788,2.7776,2.4612,2.6897,684300,45.66,77.44,30.41,32.42,218
1998-08-28,2.7073,2.7425,2.2854,2.3824,866400,39.73,77.44,30.41,19.82,219
1998-09-04,2.4,2.4612,1.547,1.5913,2421700,29.21,77.44,29.21,0.0,220
1998-09-11,1.6968,2.0744,1.6877,2.0744,1494400,39.71,77.44,29.21,21.76,221
1998-09-18,2.0744,2.4085,2.066,2.2502,922700,43.02,77.44,29.21,28.62,222
1998-09-25,2.1799,2.6897,2.1623,2.5139,897100,47.66,77.44,29.21,38.25,223
1998-10-02,2.5843,2.7425,2.2327,2.3206,513000,44.78,77.44,29.21,32.27,224
1998-10-09,2.2945,2.2945,1.969,2.1363,1448900,42.16,77.44,29.21,26.85,225
1998-10-16,2.1975,3.0505,2.1975,2.9619,3245200,54.88,77.44,29.21,53.22,226
1998-10-23,2.9619,3.3578,2.9359,3.1728,2738700,57.46,77.44,29.21,58.55,227
1998-10-30,3.182,3.7009,3.0856,3.6524,1989400,62.67,77.44,29.21,69.37,228
1998-11-06,3.7445,3.7445,3.4808,3.6081,1915400,61.91,77.44,29.21,67.8,229
1998-11-13,3.6524,3.9471,3.6306,3.8458,2210400,64.39,77.44,29.21,72.94,230
1998-11-20,3.8767,4.5272,3.85,4.369,2512700,69.15,77.44,29.21,82.8,231
1998-11-27,4.4302,4.9048,4.369,4.7818,1639400,72.3,77.44,29.21,89.33,232
1998-12-04,4.8169,5.3928,4.4653,5.3267,2087900,75.8,77.44,29.21,96.6,233
1998-12-11,5.1601,5.2304,4.9576,5.0982,4613700,71.7,77.44,29.21,88.1,234
1998-12-18,5.0103,5.5201,4.9576,5.4238,2607000,73.87,77.44,29.21,92.59,235
1998-12-24,5.5025,5.8717,5.3542,5.7135,792300,75.66,77.44,29.21,96.3,236
1998-12-31,5.7135,6.1446,5.6256,6.0215,906200,77.43,77.44,29.21,99.96,237
1999-01-08,5.9948,6.0475,5.485,5.8281,2157600,73.8,77.44,29.21,92.45,238
1999-01-15,5.916,6.3288,5.222,6.2768,2790000,76.55,77.44,29.21,98.14,239
1999-01-22,6.2585,6.5046,5.4498,5.6256,2079300,65.78,77.44,29.21,75.82,240
1999-01-29,5.4329,5.9772,5.2824,5.9603,2477000,68.25,77.44,29.21,80.94,241
1999-02-05,6.101,6.1178,4.606,5.0462,10826500,56.29,77.44,29.21,56.14,242
1999-02-12,5.1165,5.3668,4.8872,5.1516,3916800,57.22,77.44,29.21,58.07,243
1999-02-19,5.0982,5.3795,4.9055,5.0898,2659400,56.46,77.44,29.21,56.5,244
1999-02-26,5.1165,5.7494,4.9927,5.3007,7234800,58.49,77.44,29.21,60.7,245
1999-03-05,5.3626,5.485,4.606,4.7818,4696100,52.07,77.44,29.21,47.39,246
1999-03-12,4.9927,6.1882,4.9576,6.101,7018600,63.14,77.44,29.21,70.34,247
1999-03-19,6.2233,7.0151,5.9069,6.8745,4987100,67.83,77.44,29.21,80.07,248
1999-03-26,6.8914,7.1023,6.4174,6.8914,4196300,67.93,77.44,29.21,80.27,249
1999-04-01,6.8914,7.4188,6.8745,7.4103,3149800,70.81,77.44,29.21,86.24,250
1999-04-09,7.437,7.9644,7.1375,7.911,3480300,73.3,77.44,29.21,91.41,251
1999-04-16,7.7,7.7352,6.1614,6.6452,4334900,59.48,77.44,29.21,62.74,252
1999-04-23,6.6804,6.9448,5.2571,6.6284,6803700,59.31,77.44,29.21,62.41,253
1999-04-30,6.5932,6.9617,6.1178,6.5665,1391100,58.69,77.44,29.21,61.11,254
1999-05-07,6.5398,6.6804,6.1178,6.5482,1831100,58.49,77.44,29.21,60.7,255
1999-05-14,6.558,7.648,6.5482,7.6128,3683800,65.69,77.44,29.21,75.63,256
1999-05-21,7.5594,8.0699,7.4188,7.5861,2844100,65.39,77.44,29.21,75.0,257
1999-05-28,7.6297,7.6297,6.1178,7.032,3568600,59.21,77.44,29.21,62.2,258
1999-06-04,7.0503,7.1909,6.6452,7.1726,2123200,60.24,77.44,29.21,64.33,259
1999-06-11,7.1726,7.6916,7.1375,7.5074,1436300,62.65,77.44,29.21,69.32,260
1999-06-18,7.5777,8.0601,7.5074,7.7352,2725100,64.24,77.44,29.21,72.61,260
1999-06-25,7.7535,8.2106,7.1459,7.4019,3380300,60.2,77.44,29.21,64.25,260
1999-07-02,7.3836,8.1402,7.2078,7.7886,1195000,63.1,77.44,29.21,70.25,260
1999-07-09,7.8758,8.2809,7.6832,8.1754,1333200,65.78,77.44,29.21,75.81,260
1999-07-16,8.2457,8.4736,7.4188,7.6564,3952000,59.53,77.44,29.21,62.86,260
1999-07-23,7.5946,7.603,6.6101,6.9265,5478600,52.04,77.44,29.21,47.33,260
1999-07-30,6.821,6.8562,5.9772,6.3119,6305500,46.72,77.44,29.21,36.29,260
1999-08-06,6.4694,6.6635,5.9772,6.4694,3783200,48.18,77.44,29.21,39.32,260
1999-08-13,6.2233,7.3133,6.2233,7.1417,3069200,53.99,77.44,29.21,51.37,260
1999-08-20,7.1558,7.911,6.9265,7.0854,8286700,53.45,77.44,29.21,50.25,260
1999-08-27,7.1726,8.3512,7.1206,7.8055,3348800,59.09,77.44,29.21,61.95,260
1999-09-03,7.8407,8.9138,7.6297,8.8786,4160300,65.75,77.44,29.21,75.76,260
1999-09-10,8.9489,9.3174,8.6845,8.9658,3423600,66.23,77.44,29.21,76.76,260
1999-09-17,8.8955,9.5818,8.0699,8.219,6335400,58.64,77.44,29.21,61.0,260
1999-09-24,8.2274,9.2316,7.9898,8.4468,4808400,60.14,77.44,29.21,64.12,260
1999-10-01,8.579,8.6676,8.0348,8.1571,2692500,57.29,77.44,29.21,58.21,260
1999-10-08,8.2274,9.406,8.1923,8.8786,2445300,62.1,77.44,29.21,68.19,260
1999-10-15,8.8252,9.669,8.7731,9.3357,2446000,64.81,77.44,29.21,73.81,260
1999-10-22,9.2471,9.88,8.4384,9.8631,3026600,67.68,77.44,29.21,79.75,260
1999-10-29,9.7267,10.285,9.458,9.9854,7818800,68.32,77.44,29.21,81.09,260
1999-11-05,10.0389,10.6099,9.6521,10.5213,4811900,71.05,77.44,29.21,86.74,260
1999-11-12,10.5311,11.3567,10.1612,11.0135,4230400,73.32,77.44,29.21,91.45,260
1999-11-19,11.0051,11.7434,10.8996,11.427,2055800,75.09,77.44,29.21,95.12,260
1999-11-26,10.908,12.1654,10.7772,11.8925,8340500,76.94,77.44,29.21,98.96,260
1999-12-03,11.9896,12.5254,11.3918,12.4382,4625000,78.92,78.92,29.21,100.0,260
1999-12-10,12.5521,12.9037,12.2976,12.6576,4357000,79.68,79.68,29.21,100.0,260
1999-12-17,12.6407,13.0626,11.375,12.3946,12683500,76.15,79.68,29.21,93.02,260
1999-12-23,12.5704,12.6224,11.5156,11.9713,2672050,70.73,79.68,29.21,82.28,260
1999-12-31,12.1485,13.8896,11.6028,12.922,5548500,75.03,79.68,29.21,90.8,260
2000-01-07,13.2905,13.749,10.7758,11.9544,11299900,64.63,79.68,29.21,70.18,260
2000-01-14,12.4129,13.3074,12.1654,13.0458,10979400,69.73,79.68,29.21,80.29,260
2000-01-21,12.9755,15.611,12.5535,15.4367,16845900,77.41,79.68,29.21,95.51,260
2000-01-28,15.6279,16.7362,14.1878,14.3453,15662700,68.82,79.68,29.21,78.5,260
2000-02-04,14.4325,16.7193,13.3608,15.8276,12377100,73.18,79.68,29.21,87.12,260
2000-02-11,15.9795,17.2987,15.6476,15.7348,8224000,72.49,79.68,29.21,85.77,260
2000-02-18,15.9092,15.9992,14.7138,14.891,7472300,66.43,79.68,29.21,73.75,260
2000-02-25,15.8586,18.7417,15.7179,17.2453,16580000,73.17,79.68,29.21,87.11,260
2000-03-03,17.791,19.3746,16.6321,19.2677,12612900,77.38,79.68,29.21,95.44,260
2000-03-10,19.6727,20.4294,17.8613,20.3591,10125400,79.26,79.68,29.21,99.19,260
2000-03-17,19.3746,20.2887,16.9837,18.1791,10105900,67.2,79.68,29.21,75.28,260
2000-03-24,18.6348,21.1298,17.5097,20.8147,12049300,72.62,79.68,29.21,86.03,260
2000-03-31,21.2732,22.4321,17.6166,19.8134,12033900,68.02,79.68,29.21,76.9,260
2000-04-07,19.7599,19.7768,16.2974,18.2495,16409300,61.47,79.68,29.21,63.92,260
2000-04-14,18.3901,18.3901,13.9234,13.9937,16534200,47.93,79.68,29.21,37.1,260
2000-04-20,13.7124,19.7431,13.7124,19.3549,18721700,59.91,79.68,29.21,60.83,260
2000-04-28,17.6334,20.2522,17.054,19.7599,16240900,60.65,79.68,29.21,62.29,260
2000-05-05,19.6727,19.6896,15.3298,15.3298,16460500,49.86,79.68,29.21,40.91,260
2000-05-12,15.0485,15.611,12.5873,14.9782,19051300,49.11,79.68,29.21,39.43,260
2000-05-19,15.1357,16.7362,13.9937,14.3987,15072300,47.84,79.68,29.21,36.91,260
2000-05-26,14.6631,15.0851,13.2905,13.5014,11541400,45.86,79.68,29.21,32.99,260
2000-06-02,14.1878,19.0567,13.7996,18.8458,31720900,57.22,79.68,29.21,55.5,260
2000-06-09,18.7136,19.1805,17.265,18.2495,13759700,55.81,79.68,29.21,52.71,260
2000-06-16,18.3704,20.4631,17.8275,20.0581,14462200,59.1,79.68,29.21,59.22,260
2000-06-23,19.9259,21.4139,19.6559,20.0075,17899800,58.96,79.68,29.21,58.96,260
2000-06-30,20.1987,20.4631,18.407,19.3211,15788700,57.1,79.68,29.21,55.26,260
2000-07-07,19.3211,20.1115,18.2129,19.5152,6647100,57.51,79.68,29.21,56.07,260
2000-07-14,19.127,23.8554,18.9864,23.5572,15885400,65.0,79.68,29.21,70.91,260
2000-07-21,23.996,23.996,21.2366,22.6262,12494800,62.27,79.68,29.21,65.52,260
2000-07-28,22.7387,23.6275,19.4618,19.6559,19940600,54.44,79.68,29.21,49.99,260
2000-08-04,19.8302,21.1832,18.5645,20.0947,18557900,55.33,79.68,29.21,51.76,260
2000-08-11,20.4463,22.2211,20.0947,21.3942,13156100,57.96,79.68,29.21,56.98,260
2000-08-18,21.5798,22.643,21.0623,21.5545,15238900,58.29,79.68,29.21,57.62,260
2000-08-25,21.5545,23.065,21.5179,22.9778,11535400,61.17,79.68,29.21,63.33,260
2000-09-01,23.0312,24.0494,22.5559,23.3828,9343700,61.98,79.68,29.21,64.93,260
2000-09-08,23.3125,25.2618,22.9609,24.4714,13665000,64.13,79.68,29.21,69.19,260
2000-09-15,24.5417,24.823,21.5179,22.9412,21112600,59.07,79.68,29.21,59.16,260
2000-09-22,23.6641,24.086,21.8864,23.4531,20378200,60.2,79.68,29.21,61.41,260
2000-09-29,23.8385,24.7189,22.8006,23.1015,17186900,58.99,79.68,29.21,59.01,260
2000-10-06,23.5403,23.9791,20.3928,20.9919,15982800,52.23,79.68,29.21,45.61,260
2000-10-13,20.9301,21.2732,15.0654,19.6896,40361100,48.53,79.68,29.21,38.28,260
2000-10-20,20.165,24.1901,19.1439,23.3462,43628350,57.61,79.68,29.21,56.27,260
2000-10-27,23.4194,23.56,17.9682,20.1453,40862800,49.39,79.68,29.21,39.99,260
2000-11-03,19.8302,22.3955,18.7051,20.9554,24260300,51.29,79.68,29.21,43.74,260
2000-11-10,20.9554,21.7655,15.2623,16.3142,48740300,41.67,79.68,29.21,24.69,260
2000-11-17,15.4029,18.7389,15.3298,18.3563,44734600,46.43,79.68,29.21,34.12,260
2000-11-24,17.58,18.0019,14.2046,16.1399,29743000,42.39,79.68,29.21,26.11,260
2000-12-01,16.8768,17.5125,12.0275,16.7699,47260900,43.88,79.68,29.21,29.07,260
2000-12-08,16.8431,18.317,14.6997,16.348,47876000,43.08,79.68,29.21,27.47,260
2000-12-15,17.1918,18.8008,13.8559,15.9036,71226700,42.2,79.68,29.21,25.73,260
2000-12-22,16.4549,17.3719,12.7307,14.6603,50551600,39.75,79.68,29.21,20.88,260
2000-12-29,14.8403,16.7024,14.3115,16.033,18483400,43.64,79.68,29.21,28.58,260
2001-01-05,15.7517,17.8275,13.2539,15.2229,34721900,41.92,79.68,29.21,25.18,260
2001-01-12,14.9416,18.7783,14.2778,18.1088,48020300,49.54,79.68,29.21,40.28,260
2001-01-19,18.0019,21.9398,16.5955,21.3773,46614800,56.5,79.68,29.21,54.07,260
2001-01-26,21.0623,21.9736,19.3746,21.9398,60582300,57.58,79.68,29.21,56.22,260
2001-02-02,21.8723,22.5755,20.8147,21.3435,65649200,55.99,79.68,29.21,53.07,260
2001-02-09,21.3435,21.8723,17.895,18.1088,56398100,48.2,79.68,29.21,37.62,260
2001-02-16,17.6138,21.411,17.58,18.9527,41227400,50.15,79.68,29.21,41.49,260
2001-02-23,19.2677,19.3408,15.3635,16.8768,43398600,45.6,79.68,29.21,32.48,260
2001-03-02,17.2312,17.2312,13.3946,15.0147,78478000,41.93,79.68,29.21,25.2,260
2001-03-09,15.611,17.2987,14.7672,15.1554,47452900,42.31,79.68,29.21,25.95,260
2001-03-16,13.9965,15.611,11.3243,11.7069,75987400,36.11,79.68,29.21,13.66,260
2001-03-23,11.7463,13.5014,9.496,11.6394,86880300,35.99,79.68,29.21,13.44,260
2001-03-30,12.2694,12.4495,8.0165,8.4384,63751900,31.1,79.68,29.21,3.74,260
2001-04-06,8.7928,9.001,6.9645,8.1571,64442700,30.7,79.68,29.21,2.96,260
2001-04-12,8.5172,12.2357,8.3821,11.8981,43142600,41.37,79.68,29.21,24.09,260
2001-04-20,11.6225,15.3579,10.1823,14.3959,64613700,47.21,79.68,29.21,35.67,260
2001-04-27,13.7827,15.7517,11.8138,15.5042,62157900,49.61,79.68,29.21,40.43,260
2001-05-04,15.898,16.9331,14.1765,15.8136,62436800,50.29,79.68,29.21,41.77,260
2001-05-11,15.8811,16.8431,14.7335,14.756,46826700,47.92,79.68,29.21,37.06,260
2001-05-18,14.7109,16.7699,13.7546,16.5843,54309500,52.13,79.68,29.21,45.41,260
2001-05-25,16.5618,18.6207,16.033,16.7193,56093600,52.43,79.68,29.21,46.02,260
2001-06-01,16.258,16.2861,13.3889,15.2454,42394100,48.77,79.68,29.21,38.75,260
2001-06-08,15.5548,16.5111,14.6266,15.3635,42243000,49.08,79.68,29.21,39.36,260
2001-06-15,14.4409,14.5084,11.1949,12.2413,58498800,41.92,79.68,29.21,25.18,260
2001-06-22,12.2694,13.5521,11.4256,13.2539,43371400,44.74,79.68,29.21,30.76,260
2001-06-29,13.4114,15.206,12.8264,14.6884,37188600,48.54,79.68,29.21,38.3,260
2001-07-06,15.0147,15.6448,12.9276,12.9501,24398000,44.54,79.68,29.21,30.37,260
2001-07-13,13.1077,14.5084,12.1344,13.9234,45663500,47.16,79.68,29.21,35.57,260
2001-07-20,13.9121,14.4015,12.7757,13.9459,32789100,47.23,79.68,29.21,35.7,260
2001-07-27,14.1765,15.7798,13.5014,15.4704,31820600,51.4,79.68,29.21,43.97,260
2001-08-03,15.8079,16.5618,13.9796,15.7011,37826400,52.02,79.68,29.21,45.2,260
2001-08-10,15.5435,15.566,13.3721,13.8334,26020800,46.82,79.68,29.21,34.9,260
2001-08-17,13.9402,14.7953,12.1963,12.2526,26231700,42.92,79.68,29.21,27.15,260
2001-08-24,12.3144,13.614,12.1007,13.614,26931500,47.02,79.68,29.21,35.28,260
2001-08-31,14.0865,14.1484,12.2638,12.3426,31745900,43.85,79.68,29.21,29.0,260
2001-09-07,11.8475,12.3482,9.5635,10.368,56481700,39.41,79.68,29.21,20.2,260
2001-09-10,10.2048,10.3567,9.5691,10.1036,14643300,38.84,79.68,29.21,19.08,260
2001-09-21,9.3216,10.0023,7.0489,7.8646,50518100,34.33,79.68,29.21,10.14,260
2001-09-28,8.4665,9.6985,7.904,9.3047,53849400,39.22,79.68,29.21,19.83,260
2001-10-05,9.2654,12.1232,8.1065,11.0768,62135100,44.67,79.68,29.21,30.64,260
2001-10-12,11.5887,13.0233,10.6718,12.8714,46303700,49.61,79.68,29.21,40.41,260
2001-10-19,12.5282,12.9164,11.1162,11.9825,48728300,47.35,79.68,29.21,35.95,260
2001-10-26,12.1513,13.9234,11.4819,12.2188,60082400,48.03,79.68,29.21,37.29,260
2001-11-02,12.1963,12.1963,10.098,11.9319,57663900,47.24,79.68,29.21,35.72,260
2001-11-09,12.14,13.4902,12.1232,12.4888,47244400,49.0,79.68,29.21,39.2,260
2001-11-16,12.5957,13.8334,11.8138,13.5127,50750800,52.15,79.68,29.21,45.46,260
2001-11-23,13.6421,13.8559,12.5338,13.1583,29855000,50.98,79.68,29.21,43.13,260
2001-11-30,13.4958,15.251,13.4171,14.064,78757100,53.84,79.68,29.21,48.81,260
2001-12-07,14.6828,16.8712,13.7827,15.5042,64390200,58.04,79.68,29.21,57.13,260
2001-12-14,15.4029,15.9317,14.3678,14.5141,49327800,54.38,79.68,29.21,49.87,260
2001-12-21,14.5141,15.2173,12.4607,13.3664,85433300,50.41,79.68,29.21,42.0,260
2001-12-28,13.3439,14.1428,13.2764,14.019,18773600,52.53,79.68,29.21,46.21,260
2002-01-04,14.0471,15.5548,13.4733,15.206,35884400,56.2,79.68,29.21,53.49,260
2002-01-11,15.296,15.4367,13.6421,13.6702,62356100,50.73,79.68,29.21,42.65,260
2002-01-18,13.7771,13.8952,12.8432,12.9839,49088000,48.46,79.68,29.21,38.15,260
2002-01-25,13.2764,13.8334,12.095,12.7251,51201000,47.6,79.68,29.21,36.44,260
2002-02-01,12.8826,13.3664,11.8531,12.3144,49203800,46.19,79.68,29.21,33.64,260
2002-02-08,12.2694,12.4607,10.3174,11.0374,57927900,42.03,79.68,29.21,25.39,260
2002-02-15,11.0768,11.0993,9.7829,9.9686,77949600,38.87,79.68,29.21,19.13,260
2002-02-22,9.9517,9.9573,8.5172,8.8153,55504600,35.75,79.68,29.21,12.95,260
2002-03-01,9.001,9.2485,7.8533,8.489,93913900,34.89,79.68,29.21,11.25,260
2002-03-08,8.8041,11.5156,8.6015,11.3637,82634200,46.92,79.68,29.21,35.09,260
2002-03-15,11.285,11.2906,9.181,9.3779,69531900,41.25,79.68,29.21,23.86,260
2002-03-22,9.5635,10.2949,9.2597,10.0304,58928400,43.66,79.68,29.21,28.63,260
2002-03-28,10.1205,10.5311,9.046,10.2667,34009800,44.55,79.68,29.21,30.39,260
2002-04-05,10.6774,10.6774,9.8336,10.0698,36909200,43.93,79.68,29.21,29.16,260
2002-04-12,9.721,9.9123,8.5115,8.9672,57053900,40.52,79.68,29.21,22.41,260
2002-04-19,9.0403,9.9798,8.7141,9.226,37294400,41.67,79.68,29.21,24.68,260
2002-04-26,8.6353,9.001,7.4652,7.5721,70895200,36.8,79.68,29.21,15.03,260
2002-05-03,7.8196,7.9884,6.9082,7.032,46982200,35.35,79.68,29.21,12.16,260
2002-05-10,7.0208,8.1515,6.9364,7.4089,42330100,37.21,79.68,29.21,15.85,260
2002-05-17,7.5946,9.5354,7.5158,8.8322,45205000,43.79,79.68,29.21,28.89,260
2002-05-24,8.6353,8.7534,7.8927,8.1909,31085900,41.67,79.68,29.21,24.69,260
2002-05-31,8.4103,8.4384,7.2176,7.4427,25219400,39.28,79.68,29.21,19.95,260
2002-06-07,7.4202,7.5327,4.8718,5.2487,136935600,33.26,79.68,29.21,8.02,260
2002-06-14,5.395,5.8394,4.7593,5.3668,59686600,33.85,79.68,29.21,9.19,260
2002-06-21,5.6031,5.6537,4.4667,4.6901,42114500,32.1,79.68,29.21,5.73,260
2002-06-28,4.6299,5.1756,3.9998,4.0111,65842200,30.41,79.68,29.21,2.37,260
2002-07-05,4.0786,4.793,3.291,4.7705,77256700,34.57,79.68,29.21,10.61,260
2002-07-12,4.6692,4.9224,3.8704,4.793,63050000,34.69,79.68,29.21,10.86,260
2002-07-19,4.7311,5.2656,4.3542,4.4544,67914500,33.66,79.68,29.21,8.8,260
2002-07-26,4.3823,4.5286,3.696,3.9548,76574500,32.13,79.68,29.21,5.78,260
2002-08-02,4.1798,4.8943,4.0336,4.3092,46889800,34.4,79.68,29.21,10.28,260
2002-08-09,4.2867,4.6805,4.0729,4.3823,55883400,34.89,79.68,29.21,11.24,260
2002-08-16,4.3486,5.2656,4.2248,5.1249,43701000,39.76,79.68,29.21,20.89,260
2002-08-23,5.0968,5.8506,5.0068,5.3725,45675200,41.33,79.68,29.21,24.01,260
2002-08-30,5.4625,5.6087,5.0068,5.3274,43280000,41.12,79.68,29.21,23.6,260
2002-09-06,5.1699,5.3443,4.7874,5.2543,30838200,40.76,79.68,29.21,22.88,260
2002-09-13,5.1249,5.6706,4.8836,4.9674,30948500,39.29,79.68,29.21,19.97,260
2002-09-20,4.9449,5.0405,3.9098,4.0054,45038800,34.77,79.68,29.21,11.02,260
2002-09-27,3.8873,4.6186,3.6173,4.0504,48702200,35.15,79.68,29.21,11.76,260
2002-10-04,3.966,4.3823,3.5948,3.6285,57727000,33.22,79.68,29.21,7.94,260
2002-10-11,3.5723,4.0954,3.0772,3.9717,59662800,36.28,79.68,29.21,14.01,260
2002-10-18,3.831,4.5005,3.7917,4.388,51056500,39.89,79.68,29.21,21.16,260
2002-10-25,4.2755,5.2149,4.2473,4.748,57659600,42.9,79.68,29.21,27.12,260
2002-11-01,4.7818,5.0237,4.2248,5.0237,49954100,45.16,79.68,29.21,31.61,260
2002-11-08,5.2937,5.7381,4.6749,4.6856,57029300,42.92,79.68,29.21,27.16,260
2002-11-15,4.6749,5.5581,4.433,5.3274,39406500,48.19,79.68,29.21,37.6,260
2002-11-22,5.485,6.4413,4.8099,6.2725,70508400,54.81,79.68,29.21,50.72,260
2002-11-29,6.3232,6.6945,6.07,6.1938,37254300,54.19,79.68,29.21,49.49,260
2002-12-06,6.5257,6.7789,5.3725,5.665,56777600,50.08,79.68,29.21,41.35,260
2002-12-13,5.5637,5.7381,5.0687,5.108,56335900,46.12,79.68,29.21,33.5,260
2002-12-20,5.1981,5.3725,4.6299,4.838,43777300,44.29,79.68,29.21,29.88,260
2002-12-27,4.7705,5.063,4.6918,4.7761,17067100,43.86,79.68,29.21,29.03,260
2003-01-03,4.7874,5.2599,4.4949,5.108,30668700,46.84,79.68,29.21,34.93,260
2003-01-10,5.0855,5.4737,4.9393,5.2768,57606400,48.34,79.68,29.21,37.9,260
2003-01-17,5.3781,5.4793,4.3767,4.4167,56984300,41.85,79.68,29.21,25.05,260
2003-01-24,4.5286,4.9505,4.1011,4.6017,52652600,43.61,79.68,29.21,28.52,260
2003-01-31,4.5061,4.9224,4.3486,4.5399,50601200,43.14,79.68,29.21,27.6,260
2003-02-07,4.6467,4.7593,4.3767,4.4099,37472500,42.12,79.68,29.21,25.57,260
2003-02-14,4.4324,4.5061,4.0223,4.4611,39491700,42.69,79.68,29.21,26.71,260
2003-02-21,4.5117,4.7143,4.3486,4.568,29233100,43.95,79.68,29.21,29.2,260
2003-02-28,4.5567,4.883,4.4273,4.883,41161000,47.59,79.68,29.21,36.42,260
2003-03-07,4.9562,5.1024,4.7705,4.8436,38707200,47.18,79.68,29.21,35.6,260
2003-03-14,4.8043,5.5075,4.658,5.3781,44508900,53.12,79.68,29.21,47.38,260
2003-03-21,5.2206,5.5693,5.063,5.4062,55324000,53.42,79.68,29.21,47.96,260
2003-03-28,5.2262,5.3218,5.063,5.1474,28598900,50.26,79.68,29.21,41.71,260
2003-04-04,5.0124,5.1193,4.8043,4.8943,33987900,47.32,79.68,29.21,35.88,260
2003-04-11,5.2037,5.2431,4.6068,4.6524,28145000,44.63,79.68,29.21,30.55,260
2003-04-17,4.6749,5.0237,4.5624,5.0124,25512300,49.25,79.68,29.21,39.71,260
2003-04-25,4.9955,5.328,4.5286,4.6974,53621100,45.66,79.68,29.21,32.59,260
2003-05-02,4.6467,4.9899,4.6355,4.8605,36619000,47.78,79.68,29.21,36.8,260
2003-05-09,4.9505,5.2037,4.8099,5.1722,35132500,51.67,79.68,29.21,44.5,260
2003-05-16,5.1474,5.6256,5.0855,5.4737,44697000,55.15,79.68,29.21,51.4,260
2003-05-23,5.44,5.44,4.9618,5.1756,26501100,51.22,79.68,29.21,43.62,260
2003-05-30,5.1699,5.9631,5.0687,5.9069,51078700,58.94,79.68,29.21,58.92,260
2003-06-06,6.0757,6.762,5.575,6.0363,83657700,60.15,79.68,29.21,61.3,260
2003-06-13,5.935,6.1825,5.6537,5.7719,49139600,56.51,79.68,29.21,54.08,260
2003-06-20,5.8225,6.2725,5.6537,6.0031,46392300,58.85,79.68,29.21,58.73,260
2003-06-27,6.0025,6.0312,5.5918,5.9463,47639800,58.02,79.68,29.21,57.09,260
2003-07-03,6.0025,6.0588,5.665,5.9181,27043500,57.59,79.68,29.21,56.24,260
2003-07-11,6.1432,6.8407,6.0138,6.5932,42323700,64.44,79.68,29.21,69.8,260
2003-07-18,6.8407,7.167,6.0531,6.1825,53019000,58.27,79.68,29.21,57.59,260
2003-07-25,6.0757,6.627,6.0295,6.2669,37931600,59.14,79.68,29.21,59.3,260
2003-08-01,6.3232,6.7451,6.16,6.2388,61713300,58.7,79.68,29.21,58.44,260
2003-08-08,6.2725,6.4076,5.9519,6.0025,33728900,55.03,79.68,29.21,51.15,260
2003-08-15,6.0194,6.4863,5.9856,6.3288,33195700,58.86,79.68,29.21,58.75,260
2003-08-22,6.3851,7.5383,6.3401,7.1726,83539100,66.75,79.68,29.21,74.38,260
2003-08-29,7.167,7.6058,6.8464,7.5833,46495400,69.78,79.68,30.41,79.92,260
2003-09-05,7.5946,8.2471,7.3302,7.9546,53904100,72.25,79.68,30.41,84.93,260
2003-09-12,7.994,8.444,7.6733,7.9377,49309000,71.96,79.68,30.41,84.35,260
2003-09-19,7.9434,8.7197,7.8027,8.6297,59465500,76.15,79.68,30.41,92.85,260
2003-09-26,8.4497,8.8997,7.6221,7.6621,87192800,62.16,79.68,30.41,64.45,260
2003-10-03,7.9771,8.2021,7.6311,8.129,64944200,65.46,79.68,30.41,71.14,260
2003-10-10,8.1684,8.4215,7.9434,8.4103,30629600,67.31,79.68,30.41,74.9,260
2003-10-17,8.4159,8.9728,8.4103,8.5115,40804400,67.97,79.68,30.41,76.24,260
2003-10-24,8.5284,8.8378,7.6171,7.8145,53413700,59.07,79.68,30.41,58.17,260
2003-10-31,7.8758,8.3765,7.7633,7.8758,31385700,59.57,79.68,30.41,59.19,260
2003-11-07,8.0221,8.5565,7.8477,8.3596,34696500,63.38,79.68,30.41,66.93,260
2003-11-14,8.3596,8.6916,8.1346,8.3203,26836800,62.86,79.68,30.41,65.88,260
2003-11-21,8.1627,8.444,7.9321,8.1177,36591500,60.13,79.68,30.41,60.33,260
2003-11-28,8.1853,9.1416,8.174,9.001,31579900,66.89,79.68,30.41,74.05,260
2003-12-05,9.1135,9.1304,8.2471,8.3428,49653700,58.88,79.68,30.41,57.79,260
2003-12-12,8.3259,8.489,7.7352,8.084,33420900,56.04,79.68,30.41,52.03,260
2003-12-19,8.3709,8.4429,7.769,8.3765,38011600,58.48,79.68,30.41,56.98,260
2003-12-26,8.3878,8.4046,8.1234,8.1346,16614800,55.73,79.68,30.41,51.39,260
2004-01-02,8.2303,8.4778,8.1571,8.4665,19040200,58.61,79.68,30.41,57.23,260
2004-01-09,8.6916,9.5037,8.5565,9.3216,44440900,64.93,79.68,30.41,70.08,260
2004-01-16,9.3329,9.5016,9.0122,9.3441,39699900,65.08,79.68,30.41,70.38,260
2004-01-23,9.451,10.3342,9.4229,10.0136,42435900,69.32,79.68,30.41,78.99,260
2004-01-30,10.053,10.7055,9.5917,10.6493,72607100,72.71,79.68,30.41,85.87,260
2004-02-06,10.8349,10.9305,9.9011,10.6099,43475000,72.18,79.68,30.41,84.79,260
2004-02-13,10.6886,10.9643,10.368,10.4636,30093800,70.13,79.68,30.41,80.62,260
2004-02-20,10.6099,11.0374,10.2611,10.4411,30386500,69.8,79.68,30.41,79.95,260
2004-02-27,10.4861,10.5368,9.6423,10.1317,37581500,65.27,79.68,30.41,70.76,260
2004-03-05,10.1373,10.6155,10.0473,10.2723,29544500,66.34,79.68,30.41,72.93,260
2004-03-12,10.368,10.3849,8.8659,9.5073,41753100,56.2,79.68,30.41,52.35,260
2004-03-19,9.4679,9.7267,9.1529,9.2597,26647800,53.36,79.68,30.41,46.58,260
2004-03-26,9.2316,9.3666,8.8378,9.2091,35033100,52.77,79.68,30.41,45.39,260
2004-04-02,9.3666,10.1486,9.2147,10.0698,30709100,60.7,79.68,30.41,61.48,260
2004-04-08,10.0698,10.3905,10.0192,10.1936,19760500,61.69,79.68,30.41,63.5,260
2004-04-16,10.4355,10.5086,9.5804,9.5804,21203700,54.35,79.68,30.41,48.59,260
2004-04-23,9.6479,10.7562,9.5466,10.6043,32962400,62.4,79.68,30.41,64.93,260
2004-04-30,10.6712,10.6886,9.0291,9.0403,44409900,48.37,79.68,30.41,36.45,260
2004-05-07,9.0966,9.3498,8.8378,9.0122,26069500,48.16,79.68,30.41,36.03,260
2004-05-14,8.9672,9.1979,8.6184,8.8772,30433400,47.1,79.68,30.41,33.88,260
2004-05-21,8.7422,9.5016,8.5678,9.1529,28668800,49.54,79.68,30.41,38.82,260
2004-05-28,9.2807,9.9742,9.1585,9.8786,18651000,55.36,79.68,30.41,50.63,260
2004-06-04,9.8504,10.098,9.2035,9.5354,24871100,52.28,79.68,30.41,44.4,260
2004-06-10,9.6535,9.7435,9.4116,9.5241,18575000,52.18,79.68,30.41,44.19,260
2004-06-18,9.4679,9.5129,8.354,8.4384,42683100,43.37,79.68,30.41,26.31,260
2004-06-25,8.5115,8.7478,8.3934,8.7197,21952700,45.92,79.68,30.41,31.48,260
2004-07-02,8.7816,9.1472,8.5453,8.6747,29423700,45.57,79.68,30.41,30.76,260
2004-07-09,8.7309,8.7647,7.8927,8.084,31215700,41.1,79.68,30.41,21.69,260
2004-07-16,8.0559,8.0784,7.7127,7.9321,23383400,40.01,79.68,30.41,19.49,260
2004-07-23,8.0165,8.039,6.9532,7.032,58383700,34.23,79.68,30.41,7.76,260
2004-07-30,7.0264,7.0883,6.5426,7.0714,33341000,34.68,79.68,30.41,8.66,260
2004-08-06,7.0208,7.077,6.3288,6.3401,21224600,30.55,79.68,30.41,0.28,260
2004-08-13,6.4357,6.4638,5.6594,5.7944,37760100,27.88,79.68,27.88,0.0,260
2004-08-20,5.8169,6.4976,5.8056,6.4582,28380700,35.28,79.68,27.88,14.29,260
2004-08-27,6.4863,7.3302,6.4188,7.2289,47557200,42.64,79.68,27.88,28.5,260
2004-09-03,7.1951,7.4595,6.8745,7.1051,28574000,41.82,79.68,27.88,26.91,260
2004-09-10,7.1614,7.4427,6.8689,7.4033,26430100,44.6,79.68,27.88,32.27,260
2004-09-17,7.5271,7.7296,7.0939,7.2627,31722200,43.54,79.68,27.88,30.23,260
2004-09-24,7.1783,7.724,7.1445,7.5777,31934800,46.59,79.68,27.88,36.11,260
2004-10-01,7.4821,7.6958,7.2008,7.6227,40385000,47.03,79.68,27.88,36.96,260
2004-10-08,7.7858,7.904,7.3527,7.392,32805700,44.98,79.68,27.88,33.02,260
2004-10-15,7.392,7.6902,7.032,7.0489,23542200,42.05,79.68,27.88,27.36,260
2004-10-22,7.032,7.4652,6.9926,7.077,20436000,42.39,79.68,27.88,28.0,260
2004-10-29,7.0658,7.1558,6.1994,6.7789,60024800,39.79,79.68,27.88,22.99,260
2004-11-05,6.6945,7.5608,6.6495,7.4539,45620400,47.61,79.68,27.88,38.09,260
2004-11-12,7.4821,8.174,7.4258,8.1627,34406300,54.32,79.68,27.88,51.05,260
2004-11-19,8.0165,8.4384,7.9884,8.1627,30576100,54.32,79.68,27.88,51.05,260
2004-11-26,8.0958,8.3484,8.0784,8.2078,13927900,54.75,79.68,27.88,51.87,260
2004-12-03,8.3259,8.444,8.0334,8.0784,32679500,53.21,79.26,27.88,49.29,260
2004-12-10,8.1459,8.1459,7.4989,7.7014,28650000,48.9,79.26,27.88,40.9,260
2004-12-17,7.7014,8.3203,7.6902,7.904,33282400,51.19,79.26,27.88,45.35,260
2004-12-23,8.0165,8.1346,7.8027,7.8758,19334400,50.84,79.26,27.88,44.69,260
2004-12-31,7.8365,7.9096,7.6902,7.7746,17162300,49.57,79.26,27.88,42.2,260
2005-01-07,7.8252,7.8871,7.0489,7.0545,25331900,41.56,79.26,27.88,26.62,260
2005-01-14,7.0376,7.3189,6.9701,7.302,24993300,44.86,79.26,27.88,33.04,260
2005-01-21,7.3077,7.4258,7.1051,7.1164,18293400,42.9,79.26,27.88,29.23,260
2005-01-28,7.1164,7.9827,6.9251,7.7071,53035200,50.32,79.26,27.88,43.67,260
2005-02-04,7.8477,7.994,7.7127,7.9546,24750200,53.07,79.26,27.88,49.03,260
2005-02-11,7.949,8.1009,7.6564,7.9602,21540800,53.14,79.26,27.88,49.15,260
2005-02-18,7.9265,8.1234,7.5777,7.5889,24393000,48.47,79.26,27.88,40.07,260
2005-02-25,7.4989,7.8533,7.392,7.7352,19066500,50.32,79.26,27.88,43.67,260
2005-03-04,7.724,7.8308,7.4539,7.7521,24811100,50.54,76.15,27.88,46.94,260
2005-03-11,7.7633,7.9096,7.032,7.0883,40221600,42.54,76.15,27.88,30.36,260
2005-03-18,7.2064,7.2289,6.6236,6.8801,36463100,40.38,76.15,27.88,25.89,260
2005-03-24,6.8576,6.9634,6.7789,6.8407,17712500,39.97,76.15,27.88,25.03,260
2005-04-01,6.8745,6.9364,6.6663,6.6945,23619900,38.39,76.15,27.88,21.78,260
2005-04-08,6.6607,6.9026,6.6607,6.8295,28857100,40.71,76.15,27.88,26.58,260
2005-04-15,6.8182,6.8632,5.8675,5.8788,36411300,31.67,76.15,27.88,7.85,260
2005-04-22,5.9463,6.3569,5.8675,6.3063,31568800,38.31,76.15,27.88,21.6,260
2005-04-29,6.3626,6.3851,5.9125,6.2725,36299700,37.99,76.15,27.88,20.95,260
2005-05-06,6.3063,6.4751,6.1994,6.4413,25503100,40.61,76.15,27.88,26.37,260
2005-05-13,6.3963,7.0095,6.3569,6.9589,38558400,47.88,76.15,27.88,41.42,260
2005-05-20,6.9476,7.2345,6.9082,7.2345,20766700,51.3,76.15,27.88,48.5,260
2005-05-27,7.2176,7.2401,7.0658,7.1726,19299600,50.5,76.15,27.88,46.85,260
2005-06-03,7.2345,7.5046,7.1501,7.3189,19730500,52.39,76.15,27.88,50.76,260
2005-06-10,7.3189,7.6114,7.3189,7.437,24637100,53.92,76.15,27.88,53.94,260
2005-06-17,7.3864,7.6396,7.3695,7.5946,18125500,55.95,76.15,27.88,58.15,260
2005-06-24,7.5327,7.8477,7.392,7.437,23285100,53.41,76.15,27.88,52.89,260
2005-07-01,7.3977,7.5664,7.2683,7.4145,20350000,53.04,76.15,27.88,52.12,260
2005-07-08,7.3583,7.5664,7.2683,7.4989,12494900,54.32,76.15,27.88,54.77,260
2005-07-15,7.5439,7.8927,7.4258,7.8365,21170900,59.12,76.15,27.88,64.71,260
2005-07-22,7.7746,8.084,7.7633,7.8196,18276700,58.79,76.15,27.88,64.02,260
2005-07-29,7.769,7.949,7.5271,7.6171,24116200,54.8,76.15,27.88,55.77,260
2005-08-05,7.6733,7.7014,7.1333,7.1445,25482000,46.83,76.15,27.88,39.26,260
2005-08-12,7.1839,7.5383,7.1276,7.4764,25609800,52.1,76.15,27.88,50.17,260
2005-08-19,7.4202,7.5833,7.3302,7.5158,14753000,52.7,76.15,27.88,51.41,260
2005-08-26,7.5102,7.5946,7.257,7.2964,15374500,49.02,76.15,27.88,43.79,260
2005-09-02,7.2401,7.4877,7.1951,7.2739,16833500,48.65,76.15,27.88,43.02,260
2005-09-09,7.257,7.7915,7.257,7.7858,18113000,56.75,76.15,27.88,59.81,260
2005-09-16,7.7971,7.8702,7.2008,7.2514,21955500,48.2,76.15,27.88,42.09,260
2005-09-23,7.2795,7.3583,6.8689,7.032,21696800,45.19,76.15,27.88,35.85,260
2005-09-30,7.0658,7.2458,6.8576,7.2289,20877200,48.31,76.15,27.88,42.32,260
2005-10-07,7.2458,7.2852,6.6945,6.7057,25623100,41.54,76.15,27.88,28.29,260
2005-10-14,6.7113,6.8126,6.5257,6.6495,22512300,40.88,76.15,27.88,26.92,260
2005-10-21,6.7057,6.8745,6.4807,6.6382,27984300,40.74,76.15,27.88,26.63,260
2005-10-28,6.6438,6.9195,5.0462,5.4006,123369100,28.98,76.15,27.88,2.26,260
2005-11-04,5.4203,5.4793,5.1812,5.2881,49286400,28.18,76.15,27.88,0.61,260
2005-11-11,5.2824,5.6762,5.2768,5.6706,37384400,34.75,76.15,27.88,14.22,260
2005-11-18,5.679,5.7831,5.53,5.6256,29457900,34.35,76.15,27.88,13.39,260
2005-11-25,5.6256,6.1263,5.485,6.0813,27464000,41.64,76.15,27.88,28.49,260
2005-12-02,6.0588,6.16,5.6706,6.0419,45837500,41.21,76.15,27.88,27.61,260
2005-12-09,6.0475,6.1038,5.8675,6.0081,29268400,40.83,76.15,27.88,26.81,260
2005-12-16,6.0166,6.3513,5.9631,6.0475,39775900,41.51,76.15,27.88,28.24,260
2005-12-23,6.2444,6.3119,6.0644,6.205,28620000,44.3,76.15,27.88,34.01,260
2005-12-30,6.205,6.2725,5.7775,5.8731,18688000,39.98,76.15,27.88,25.06,260
2006-01-06,5.8844,6.3007,5.7606,6.2838,23034800,46.88,76.15,27.88,39.36,260
2006-01-13,6.295,6.3513,5.845,6.0306,22988500,43.56,76.15,27.88,32.47,260
2006-01-20,5.9997,6.1825,5.9238,5.9463,25252300,42.48,76.15,27.88,30.23,260
2006-01-27,5.935,6.16,5.8394,5.935,27292000,42.32,76.15,27.88,29.92,260
2006-02-03,5.9463,6.0588,5.4175,5.6369,66997200,38.43,76.15,27.88,21.84,260
2006-02-10,5.6537,5.8394,5.5693,5.6706,24182500,39.11,76.15,27.88,23.26,260
2006-02-17,5.6312,5.9013,5.5806,5.8563,23145600,42.87,76.15,27.88,31.04,260
2006-02-24,5.9631,6.0475,5.7831,6.025,25471700,46.12,76.15,27.88,37.78,260
2006-03-03,6.0194,6.1094,5.7494,5.7944,26418800,42.55,76.15,27.88,30.39,260
2006-03-10,5.7944,5.8956,5.6481,5.7887,23248100,42.47,76.15,27.88,30.21,260
2006-03-17,5.6819,5.8337,5.6537,5.71,21973600,41.21,76.15,27.88,27.6,260
2006-03-24,5.755,5.8563,5.6425,5.7775,19899700,42.77,76.15,27.88,30.85,260
2006-03-31,5.7437,5.9463,5.665,5.8225,24218900,43.85,76.15,27.88,33.08,260
2006-04-07,5.8225,6.2107,5.7831,6.0925,34173300,49.92,76.15,27.88,45.66,260
2006-04-13,6.0588,6.115,5.8563,6.0644,14943500,49.33,76.15,27.88,44.42,260
2006-04-21,6.2388,6.4976,6.2163,6.25,37035800,53.31,76.15,27.88,52.67,260
2006-04-28,6.25,6.5876,6.1263,6.3907,36369000,56.12,76.15,27.88,58.49,260
2006-05-05,6.4638,6.8351,6.205,6.6888,30348000,61.42,76.15,27.88,69.48,260
2006-05-12,6.5876,7.0601,6.5707,6.6551,35926700,60.53,76.15,27.88,67.63,260
2006-05-19,6.6157,6.6438,6.1488,6.2669,30839100,51.3,76.15,27.88,48.52,260
2006-05-26,6.1994,6.4751,6.0588,6.4076,22254000,54.04,76.15,27.88,54.18,260
2006-06-02,6.3963,6.5032,6.2388,6.4694,14037900,55.23,76.15,27.88,56.65,260
2006-06-09,6.4244,6.4526,5.71,5.9125,29706200,44.14,76.15,27.88,33.68,260
2006-06-16,5.9238,5.9688,5.4118,5.7662,35995400,41.77,76.15,27.88,28.77,260
2006-06-23,5.8,5.9969,5.6425,5.71,22872200,40.86,76.15,27.88,26.89,260
2006-06-30,5.6987,6.0531,5.4962,5.9744,22251100,46.73,76.15,27.88,39.04,260
2006-07-07,5.9688,6.07,5.7662,5.8,8188200,43.65,76.15,27.88,32.67,260
2006-07-14,5.8,5.8619,5.5131,5.6256,23241900,40.76,76.15,27.88,26.68,260
2006-07-21,5.5975,5.9294,5.5918,5.7044,24098400,42.61,76.15,27.88,30.51,260
2006-07-28,5.6819,6.4751,5.6819,6.3288,27515900,54.68,76.15,27.88,55.52,260
2006-08-04,6.3007,6.6157,6.1882,6.5369,24036400,57.87,76.15,27.88,62.11,260
2006-08-11,6.5144,6.6888,6.4244,6.5201,18515500,57.51,76.15,27.88,61.38,260
2006-08-18,6.582,6.807,6.5144,6.7957,23606400,61.63,76.15,27.88,69.9,260
2006-08-25,6.807,6.807,6.4357,6.5201,15180900,55.81,76.15,27.88,57.85,260
2006-09-01,6.5088,6.6945,6.4019,6.6213,11510900,57.4,76.15,27.88,61.15,260
2006-09-08,6.5707,6.717,6.2557,6.7001,17239500,58.65,76.15,27.88,63.73,260
2006-09-15,6.6101,7.1164,6.4976,6.9982,30083500,63.06,76.15,27.88,72.86,260
2006-09-22,6.9757,7.1108,6.7395,6.852,22401200,59.69,76.15,27.88,65.9,260
2006-09-29,6.8351,7.3695,6.6663,7.1108,27861500,63.41,76.15,27.88,73.6,260
2006-10-06,7.1108,7.3077,6.9982,7.1389,15872600,63.8,76.15,27.88,74.41,260
2006-10-13,7.0264,7.4539,6.9082,7.4202,25688900,67.54,76.15,27.88,82.15,260
2006-10-20,7.3864,7.4595,7.0489,7.1501,20997500,61.03,76.15,27.88,68.66,260
2006-10-27,7.1389,7.2233,6.5313,6.6157,50375300,50.63,76.15,27.88,47.12,260
2006-11-03,6.5707,6.7057,6.3007,6.3794,28755500,46.83,76.15,27.88,39.25,260
2006-11-10,6.3851,6.6045,6.3738,6.5482,25066400,49.73,76.15,27.88,45.26,260
2006-11-17,6.5482,6.6438,6.4132,6.5313,22519900,49.44,76.15,27.88,44.66,260
2006-11-24,6.4807,6.5538,6.3626,6.3963,15784700,47.07,76.15,27.88,39.75,260
2006-12-01,6.3963,6.4357,6.1994,6.3569,30566200,46.37,76.15,27.88,38.3,260
2006-12-08,6.3288,6.7282,6.3288,6.5876,27094600,50.96,76.15,27.88,47.81,260
2006-12-15,6.5482,6.7113,6.4132,6.6551,32966400,52.25,76.15,27.88,50.47,260
2006-12-22,6.6888,6.7451,6.2838,6.3851,20166800,46.94,76.15,27.88,39.47,260
2006-12-29,6.3401,6.5032,6.3288,6.4582,14545100,48.47,76.15,27.88,42.64,260
2007-01-05,6.4863,6.5763,6.3063,6.5201,21893000,49.78,76.15,27.88,45.37,260
2007-01-12,6.5201,6.8182,6.4638,6.7957,30591000,55.27,76.15,27.88,56.73,260
2007-01-19,6.7957,6.9082,6.582,6.6551,20960400,52.14,76.15,27.88,50.25,260
2007-01-26,6.627,6.6551,6.2782,6.3626,26552100,46.27,76.15,27.88,38.09,260
2007-02-02,6.3119,6.7507,6.25,6.4638,35736600,48.43,76.15,27.88,42.57,260
2007-02-09,6.4638,6.5651,6.2388,6.4638,43173000,48.43,76.15,27.88,42.57,260
2007-02-16,6.4751,6.7957,6.3176,6.7282,34257100,54.04,76.15,27.88,54.18,260
2007-02-23,6.7057,6.8126,6.5088,6.7057,20243100,53.51,76.15,27.88,53.08,260
2007-03-02,6.7282,6.7507,6.0081,6.0757,39787000,41.24,76.15,27.88,27.67,260
2007-03-09,6.1038,6.2725,6.0025,6.2275,24753300,44.54,76.15,27.88,34.51,260
2007-03-16,6.2163,6.3626,6.1319,6.1938,29909300,43.95,76.15,27.88,33.28,260
2007-03-23,6.2332,6.3738,5.9969,6.2838,32181300,46.01,76.15,27.88,37.55,260
2007-03-30,6.2838,6.3401,5.9856,6.1544,26715500,43.53,76.15,27.88,32.42,260
2007-04-05,6.1544,6.2669,6.0757,6.1994,21415600,44.65,76.15,27.88,34.73,260
2007-04-13,6.1994,6.2275,6.07,6.2219,25644300,45.23,76.15,27.88,35.94,260
2007-04-20,6.205,6.4019,6.1938,6.2557,23323500,46.15,76.15,27.88,37.83,260
2007-04-27,6.2782,6.8351,6.1657,6.5369,34154100,53.17,76.15,27.88,52.38,260
2007-05-04,6.5651,6.6382,6.1825,6.5538,33076600,53.56,76.15,27.88,53.19,260
2007-05-11,6.4638,6.6326,6.3007,6.4526,22709000,50.81,76.15,27.88,47.5,260
2007-05-18,6.4526,6.5369,6.2725,6.3063,23510400,47.07,76.15,27.88,39.74,260
2007-05-25,6.295,6.4306,6.2557,6.2613,24704000,45.94,76.15,27.88,37.41,260
2007-06-01,6.25,6.6157,6.1769,6.582,20934100,54.31,76.15,27.88,54.74,260
2007-06-08,6.5932,6.6101,6.0194,6.1094,79537400,43.6,76.15,27.88,32.56,260
2007-06-15,6.1207,6.3288,6.115,6.2332,32669000,46.57,76.15,27.88,38.71,260
2007-06-22,6.2332,6.4357,6.1825,6.2444,25540200,46.85,76.15,27.88,39.28,260
2007-06-29,6.25,6.2838,6.0475,6.0757,31524500,43.26,76.15,27.88,31.85,260
2007-07-06,6.1432,6.2894,6.115,6.205,13119500,46.63,76.15,27.88,38.84,260
2007-07-13,6.1994,6.3007,6.0925,6.2332,22955300,47.36,76.15,27.88,40.36,260
2007-07-20,6.3232,6.5876,6.3007,6.4132,35330800,51.91,76.15,27.88,49.78,260
2007-07-27,6.4638,6.5088,6.1319,6.2838,48065900,48.66,76.15,27.88,43.04,260
2007-08-03,6.2444,6.4526,6.2388,6.2444,39126000,47.68,76.15,27.88,41.01,260
2007-08-10,6.1994,6.6663,6.1207,6.5876,36825200,56.0,76.15,27.88,58.24,260
2007-08-17,6.5932,6.5932,6.0813,6.2725,32120900,48.39,76.15,27.88,42.48,260
2007-08-24,6.25,6.295,6.0757,6.2669,17515326,48.26,76.15,27.88,42.22,260
2007-08-31,6.2557,6.4414,6.0757,6.4076,25925900,51.66,76.15,27.88,49.25,260
2007-09-07,6.4076,6.8239,6.3626,6.6776,28679900,57.42,76.15,27.88,61.2,260
2007-09-14,6.7282,6.7732,6.5763,6.6382,23312700,56.37,76.15,27.88,59.01,260
2007-09-21,6.627,6.7113,6.4694,6.5257,31049200,53.35,76.15,27.88,52.75,260
2007-09-28,6.4807,6.5538,6.2163,6.2894,37674800,47.58,76.15,27.88,40.81,260
2007-10-05,6.3007,6.5313,6.2669,6.447,66927100,51.36,76.15,27.88,48.63,260
2007-10-12,6.4301,6.6438,6.3682,6.4245,35470400,50.8,76.15,27.88,47.47,260
2007-10-19,6.4132,6.8632,6.3176,6.4694,47410700,51.93,76.15,27.88,49.81,260
2007-10-26,6.4548,6.8239,6.3626,6.7901,50881800,59.15,76.15,27.88,64.78,260
2007-11-02,6.807,7.0376,6.7507,6.9195,39885500,61.66,76.15,27.88,69.97,260
2007-11-09,6.8632,7.6508,6.762,7.0151,54414000,63.44,76.15,27.88,73.66,260
2007-11-16,7.0376,7.1389,6.6523,6.7395,46569400,55.44,76.15,27.88,57.08,260
2007-11-23,6.7395,6.8295,6.4357,6.7789,27580400,56.28,76.15,27.88,58.84,260
2007-11-30,6.7789,6.9645,6.6101,6.7282,44209400,54.84,76.15,27.88,55.84,260
2007-12-07,6.7001,6.8632,6.565,6.7282,31483300,54.84,76.15,27.88,55.84,260
2007-12-14,6.762,6.8464,6.4469,6.4976,24575000,48.28,76.15,27.88,42.26,260
2007-12-21,6.5707,6.8632,6.4469,6.8407,42175600,56.6,76.15,27.88,59.48,260
2007-12-28,6.8464,6.8689,6.7001,6.8182,12286100,55.96,76.15,27.88,58.17,260
2008-01-04,6.807,6.852,6.25,6.2782,33014000,43.38,76.15,27.88,32.1,260
2008-01-11,6.2894,6.4076,5.9519,6.0419,43429800,39.22,76.15,27.88,23.49,260
2008-01-18,6.1375,6.2557,5.2881,5.4793,57467600,31.49,76.15,27.88,7.47,260
2008-01-25,5.2262,5.6762,5.1257,5.4793,35018300,31.49,76.15,27.88,7.47,260
2008-02-01,5.53,6.8464,5.4175,6.7001,69241100,54.21,76.15,27.88,54.54,260
2008-02-08,6.7676,6.8351,6.0757,6.2725,44833500,48.18,76.15,27.88,42.06,260
2008-02-15,6.2838,6.5482,6.0531,6.1263,38013600,46.29,76.15,27.88,38.13,260
2008-02-22,6.25,6.2669,5.8112,5.9406,24418800,43.93,76.15,27.88,33.23,260
2008-02-29,5.9463,6.1713,5.6481,5.7044,32072400,41.05,76.15,27.88,27.28,260
2008-03-07,5.7494,5.935,5.575,5.6706,26688400,40.64,76.15,27.88,26.44,260
2008-03-14,5.71,5.7775,5.3387,5.4118,40568600,37.56,76.15,27.88,20.04,260
2008-03-20,5.3331,5.53,5.2206,5.4118,32981500,37.56,76.15,27.88,20.04,260
2008-03-28,5.4287,5.7719,5.1868,5.2093,40044500,35.13,76.15,27.88,15.02,260
2008-04-04,5.2318,5.6369,5.1924,5.5862,38391100,42.56,76.15,27.88,30.41,260
2008-04-11,5.6537,5.6537,5.2093,5.2543,30329100,38.39,76.15,27.88,21.77,260
2008-04-18,5.2206,5.6369,5.1418,5.575,26888700,44.09,76.15,27.88,33.57,260
2008-04-25,5.5468,5.755,5.3387,5.7437,33613100,46.87,76.15,27.88,39.34,260
2008-05-02,5.7775,6.2444,5.6144,6.1938,53468800,53.52,76.15,27.88,53.11,260
2008-05-09,6.1544,6.2107,5.8506,5.9125,38583300,49.36,76.15,27.88,44.5,260
2008-05-16,5.935,6.1713,5.8225,6.025,45305900,51.0,76.15,27.88,47.9,260
2008-05-23,6.0025,6.1263,5.7494,5.7887,34258900,47.52,76.15,27.88,40.69,260
2008-05-30,5.8169,6.0419,5.7775,6.025,23851800,51.12,76.15,27.88,48.13,260
2008-06-06,6.0363,6.3176,5.8225,6.1432,35921700,52.85,76.15,27.88,51.73,260
2008-06-13,6.1825,6.2444,5.9069,6.1432,36087500,52.85,76.15,27.88,51.73,260
2008-06-20,6.0925,6.1825,5.6369,5.7156,46967800,45.99,76.15,27.88,37.51,260
2008-06-27,5.7494,5.8056,5.2937,5.3274,48130400,40.81,76.15,27.88,26.78,260
2008-07-03,5.3162,5.3978,4.8886,4.9843,46508500,36.86,76.15,27.88,18.59,260
2008-07-11,5.0124,5.1418,4.9112,4.973,42201861,36.73,76.15,27.88,18.33,260
2008-07-18,5.0518,5.4906,4.8661,5.2824,37692387,42.53,76.15,27.88,30.35,260
2008-07-25,5.3443,5.395,4.793,4.9449,45768200,38.4,76.15,27.88,21.78,260
2008-08-01,4.9224,5.2768,4.8436,5.0968,44332000,41.17,76.15,27.88,27.52,260
2008-08-08,5.0743,5.1981,4.8774,5.1924,42940400,42.91,76.15,27.88,31.13,260
2008-08-15,5.1418,5.3837,5.0687,5.3106,43355000,45.07,76.15,27.88,35.61,260
2008-08-22,5.3837,5.3837,5.0574,5.1474,41704500,42.67,76.15,27.88,30.63,260
2008-08-29,5.1249,5.2262,4.9505,5.018,42153800,40.81,76.15,27.88,26.78,260
2008-09-05,5.1868,5.1924,4.5743,4.6692,56161600,36.23,76.15,27.88,17.28,260
2008-09-12,4.8211,4.8605,4.3936,4.748,55326900,37.92,72.71,27.88,22.39,260
2008-09-19,4.568,4.7761,4.1011,4.5286,60937500,35.12,72.71,27.88,16.15,260
2008-09-26,4.4892,4.5624,4.0617,4.3373,35876300,32.84,72.71,27.88,11.06,260
2008-10-03,4.2473,4.2811,3.3079,3.3191,61286200,23.94,72.71,23.94,0.0,260
2008-10-10,3.0153,3.246,2.5315,2.7959,103505800,20.82,72.71,20.82,0.0,260
2008-10-17,2.8972,3.0828,2.3234,2.4471,66939100,19.04,72.71,19.04,0.0,260
2008-10-24,2.5203,2.689,1.8902,2.1546,66306400,17.67,72.71,17.67,0.0,260
2008-10-31,2.1152,2.5878,2.0646,2.3515,67372400,21.74,72.71,17.67,7.4,260
2008-11-07,2.3684,2.5428,1.879,2.0702,51970800,20.2,72.71,17.67,4.6,260
2008-11-14,2.1771,2.2334,1.6933,1.7214,53654300,18.46,72.71,17.67,1.44,260
2008-11-21,1.7383,1.7383,0.6919,1.1195,135949000,15.91,72.71,15.91,0.0,260
2008-11-28,1.1814,1.4177,1.1307,1.3164,44294800,19.81,72.71,15.91,6.87,260
2008-12-05,1.2883,1.3501,1.1589,1.2714,43433900,19.59,72.71,15.91,6.48,260
2008-12-12,1.3389,1.4795,1.1926,1.2433,51164200,19.44,72.71,15.91,6.22,260
2008-12-19,1.2601,1.4177,1.0745,1.4008,73258000,22.95,72.71,15.91,12.39,260
2008-12-26,1.4683,1.4852,1.2489,1.2658,15614200,22.06,72.71,15.91,10.83,260
2009-01-02,1.2939,1.6089,1.2376,1.592,35526500,29.18,72.71,15.91,23.36,260
2009-01-09,1.5808,1.8339,1.5189,1.6652,59349400,30.71,72.71,15.91,26.05,260
2009-01-16,1.6371,1.7552,1.412,1.6371,59831600,30.44,72.71,15.91,25.58,260
2009-01-23,1.5695,1.592,1.4064,1.4402,42282700,28.53,72.18,15.91,22.43,260
2009-01-30,1.4402,1.5752,1.3726,1.4683,46565700,29.21,70.13,15.91,24.54,260
2009-02-06,1.4514,1.7214,1.4345,1.6371,47261200,33.32,69.8,15.91,32.31,260
2009-02-13,1.6652,1.7045,1.4345,1.547,36339200,32.25,67.54,15.91,31.65,260
2009-02-20,1.4402,1.5302,1.2545,1.3951,29719100,30.46,67.54,15.91,28.19,260
2009-02-27,1.412,1.412,1.1476,1.1589,33311200,27.88,67.54,15.91,23.18,260
2009-03-06,1.1364,1.3614,1.052,1.0914,42674200,27.17,67.54,15.91,21.8,260
2009-03-13,1.1026,1.4345,1.0182,1.4289,43471500,35.95,67.54,15.91,38.81,260
2009-03-20,1.4008,1.5414,1.3051,1.3276,43788700,34.6,67.54,15.91,36.2,260
2009-03-27,1.4177,1.7439,1.3558,1.6483,44400500,42.01,67.54,15.91,50.56,260
2009-04-03,1.6145,1.8958,1.4739,1.8733,46027500,46.59,67.54,15.91,59.43,260
2009-04-09,1.8452,2.0815,1.6708,2.0083,27896100,49.18,67.54,15.91,64.44,260
2009-04-17,2.0308,2.3177,1.879,2.3065,38651300,54.44,67.54,15.91,74.63,260
2009-04-24,2.239,2.2502,1.969,2.1659,35179300,51.72,67.54,15.91,69.36,260
2009-05-01,2.1096,2.2784,2.0477,2.2334,34879200,52.93,67.54,15.91,71.72,260
2009-05-08,2.2502,2.419,2.1771,2.2109,34783700,52.46,67.54,15.91,70.8,260
2009-05-15,2.1771,2.2334,1.7552,1.969,49774700,47.54,67.54,15.91,61.26,260
2009-05-22,2.0196,2.1546,1.8002,1.8564,34769500,45.4,67.54,15.91,57.12,260
2009-05-29,1.8283,2.2277,1.8227,2.2277,35283200,52.92,67.54,15.91,71.68,260
2009-06-05,2.239,2.4078,2.194,2.3065,31753800,54.35,67.54,15.91,74.46,260
2009-06-12,2.2559,2.6609,2.2109,2.4753,33410600,57.35,67.54,15.91,80.27,260
2009-06-19,2.4415,2.4696,2.2446,2.4471,34570100,56.68,67.54,15.91,78.98,260
2009-06-26,2.374,2.4303,2.1884,2.3684,30902200,54.76,67.54,15.91,75.25,260
2009-07-02,2.3346,2.464,2.2727,2.3121,28212900,53.36,67.54,15.91,72.55,260
2009-07-10,2.3009,2.3628,2.2165,2.2952,38479100,52.93,67.54,15.91,71.7,260
2009-07-17,2.3009,2.8072,2.2277,2.7565,44791500,62.04,67.54,15.91,89.36,260
2009-07-24,2.7228,3.1728,2.644,3.1053,56272300,67.21,67.54,15.91,99.38,260
2009-07-31,3.0885,3.1222,2.5315,2.9928,62394400,64.18,67.54,15.91,93.49,260
2009-08-07,3.0378,3.201,2.9703,3.1391,48032900,66.31,67.54,15.91,97.62,260
2009-08-14,3.1391,3.3191,3.0547,3.1503,43989300,66.47,67.54,15.91,97.94,260
2009-08-21,3.066,3.3697,2.9253,3.2797,41045000,68.39,68.39,15.91,100.0,260
2009-08-28,3.291,3.4963,3.1447,3.471,42416300,71.03,71.03,15.91,100.0,260
2009-09-04,3.4035,3.4541,3.1335,3.4091,37188600,69.02,71.03,15.91,96.36,260
2009-09-11,3.4204,3.7973,3.2966,3.7016,50686900,72.92,72.92,15.91,100.0,260
2009-09-18,3.6679,4.3542,3.5891,4.1461,66665300,77.55,77.55,15.91,100.0,260
2009-09-25,4.1404,4.3261,3.8648,3.8929,45529200,70.19,77.55,15.91,88.07,260
2009-10-02,3.9492,4.2136,3.7917,3.9042,65553400,70.33,77.55,15.91,88.29,260
2009-10-09,3.9323,4.2192,3.921,4.2136,34189800,73.83,77.55,15.91,93.97,260
2009-10-16,4.2305,4.4836,4.141,4.2642,45052400,74.36,77.55,15.91,94.84,260
2009-10-23,4.2698,4.4217,4.0279,4.0729,45144600,68.67,77.55,15.91,85.6,260
2009-10-30,4.0729,4.208,3.606,3.6454,74281400,57.99,77.55,15.91,68.27,260
2009-11-06,3.6679,4.0223,3.5554,3.9042,51034100,61.86,77.55,15.91,74.54,260
2009-11-13,3.9379,4.1179,3.9042,3.9886,35875900,63.05,77.55,15.91,76.48,260
2009-11-20,3.9998,4.1404,3.8929,4.0336,42118100,63.7,77.55,15.91,77.54,260
2009-11-27,4.0842,4.2305,3.9267,4.0167,28429300,63.25,77.55,15.91,76.81,260
2009-12-04,4.0898,4.298,3.8592,4.0954,55828100,64.52,77.55,15.91,78.86,260
2009-12-11,4.1011,4.1854,3.921,3.9717,34374800,60.97,77.55,15.91,73.1,260
2009-12-18,4.0167,4.1011,3.9323,3.966,37492600,60.8,77.55,15.91,72.84,260
2009-12-24,4.0167,4.2698,3.9998,4.2305,22003300,65.49,77.55,15.91,80.44,260
2009-12-31,4.253,4.2755,4.0954,4.1123,16450400,61.93,77.55,15.91,74.66,260
2010-01-08,4.1967,4.2136,3.9886,4.0842,41627200,61.08,77.55,15.91,73.28,260
2010-01-15,4.0673,4.1179,3.8592,3.9829,35677900,57.98,77.55,15.91,68.26,260
2010-01-22,3.9942,4.1348,3.831,3.8367,34591000,53.75,77.55,15.91,61.39,260
2010-01-29,3.8929,3.9998,3.5554,3.5666,87074900,46.93,77.55,15.91,50.33,260
2010-02-05,3.6791,3.9267,3.6004,3.6735,56670800,49.65,77.55,15.91,54.74,260
2010-02-12,3.6848,3.8873,3.6004,3.8198,46084200,53.19,77.55,15.91,60.48,260
2010-02-19,3.8479,4.1517,3.7973,4.0898,26296000,58.93,77.55,15.91,69.79,260
2010-02-26,4.0954,4.1236,3.8423,3.9154,34536000,54.3,77.55,15.91,62.28,260
2010-03-05,3.9435,4.1179,3.921,4.0954,27764800,57.97,77.55,15.91,68.24,260
2010-03-12,4.0729,4.2136,4.0336,4.1573,24245600,59.18,77.55,15.91,70.21,260
2010-03-19,4.1686,4.4133,4.1349,4.3598,38315000,62.95,77.55,15.91,76.32,260
2010-03-26,4.3486,4.7143,4.3205,4.4217,46435800,64.05,77.55,15.91,78.1,260
2010-04-01,4.4611,4.537,4.3373,4.3936,19321800,63.13,77.55,15.91,76.62,260
2010-04-09,4.4273,4.5286,4.3598,4.4555,31493600,64.34,77.55,15.91,78.57,260
2010-04-16,4.4949,4.6134,4.3823,4.4555,43255800,64.34,77.55,15.91,78.57,260
2010-04-23,4.4273,4.6467,4.2642,4.6411,38788100,67.97,77.55,15.91,84.47,260
2010-04-30,4.6692,4.7143,4.2473,4.3542,53747900,58.11,77.55,15.91,68.47,260
2010-05-07,4.4217,4.5511,3.6173,3.921,60878200,47.02,77.55,15.91,50.48,260
2010-05-14,4.1404,4.1545,3.8198,3.9098,40912300,46.77,77.55,15.91,50.07,260
2010-05-21,3.8985,4.0054,3.4204,3.6116,44269000,40.62,77.55,15.91,40.09,260
2010-05-28,3.5498,3.8085,3.4429,3.6904,46273000,42.76,77.55,15.91,43.56,260
2010-06-04,3.6454,3.831,3.5441,3.5891,36885400,40.73,77.55,15.91,40.26,260
2010-06-11,3.6004,3.7973,3.381,3.7523,47369200,45.25,77.55,15.91,47.6,260
2010-06-18,3.8142,3.8985,3.6904,3.7804,30767500,46.01,77.55,15.91,48.84,260
2010-06-25,3.8367,3.8535,3.516,3.5385,42294200,40.74,77.55,15.91,40.29,260
2010-07-02,3.5216,3.5526,3.0603,3.1953,66747700,34.68,77.55,15.91,30.45,260
2010-07-09,3.2685,3.4204,3.1785,3.4147,35343700,40.75,77.55,15.91,40.3,260
2010-07-16,3.3866,3.8479,3.3304,3.6004,54080400,45.38,77.55,15.91,47.81,260
2010-07-23,3.651,3.741,3.3866,3.516,63485400,43.71,77.55,15.91,45.1,260
2010-07-30,3.4372,3.6679,3.4035,3.4991,37700400,43.36,77.55,15.91,44.54,260
2010-08-06,3.5554,3.6398,3.381,3.471,36607200,42.76,77.55,15.91,43.56,260
2010-08-13,3.4879,3.4935,2.9703,2.9872,45840000,33.99,77.55,15.91,29.33,260
2010-08-20,2.9759,3.1785,2.8972,3.0097,70133700,34.66,77.55,15.91,30.42,260
2010-08-27,3.0153,3.0491,2.7959,2.8747,52330800,32.52,77.55,15.91,26.95,260
2010-09-03,2.8522,3.1391,2.734,3.0772,39379600,38.64,77.55,15.91,36.87,260
2010-09-10,3.0491,3.156,2.9534,3.1053,30765500,39.46,77.55,15.91,38.2,260
2010-09-17,3.1503,3.2178,3.0997,3.1222,26587500,39.97,77.55,15.91,39.04,260
2010-09-24,3.1447,3.3529,3.0997,3.3529,27147900,46.69,77.55,15.91,49.94,260
2010-10-01,3.336,3.4645,3.246,3.3979,30152500,47.92,77.55,15.91,51.93,260
2010-10-08,3.381,3.4879,3.3191,3.3697,27713700,47.19,77.55,15.91,50.74,260
2010-10-15,3.3472,3.5104,3.3416,3.4485,18849000,49.51,77.55,15.91,54.51,260
2010-10-22,3.4316,3.516,3.3585,3.5048,20274900,51.16,77.55,15.91,57.18,260
2010-10-29,3.516,4.0729,3.5104,4.0336,37072000,63.3,77.55,15.91,76.88,260
2010-11-05,4.0617,4.0735,3.9098,4.0561,31694500,63.71,77.55,15.91,77.55,260
2010-11-12,4.0504,4.1292,3.6791,3.7973,29072800,55.91,77.55,15.91,64.9,260
2010-11-19,3.8142,4.0786,3.7973,3.9942,47758000,59.93,77.55,15.91,71.42,260
2010-11-26,3.9323,4.1123,3.921,3.9998,14511400,60.04,77.55,15.91,71.6,260
2010-12-03,3.9717,4.208,3.8592,4.208,40041200,64.05,77.55,15.91,78.1,260
2010-12-10,4.208,4.4667,4.1629,4.4273,27891100,67.72,77.55,15.91,84.06,260
2010-12-17,4.433,4.4442,4.208,4.3092,24821400,63.93,77.55,15.91,77.91,260
2010-12-23,4.3317,4.5005,4.2586,4.3992,16994600,65.52,77.55,15.91,80.48,260
2010-12-31,4.3711,4.5174,4.3092,4.4161,14777700,65.82,77.55,15.91,80.97,260
2011-01-07,4.4892,4.6186,4.3711,4.5624,25757900,68.41,77.55,15.91,85.18,260
2011-01-14,4.5511,4.7199,4.4667,4.7199,21135100,70.96,77.55,15.91,89.32,260
2011-01-21,4.7199,4.7818,4.4217,4.5047,32914600,63.42,77.55,15.91,77.09,260
2011-01-28,4.5061,4.7536,4.4667,4.5342,29713600,63.99,77.55,15.91,78.0,260
2011-02-04,4.5342,4.561,4.4105,4.4836,34676500,62.21,77.55,15.91,75.12,260
2011-02-11,4.4892,4.5286,4.343,4.523,37952200,63.07,77.55,15.91,76.52,260
2011-02-18,4.5005,4.7536,4.5005,4.7368,25209300,67.4,77.55,15.91,83.54,260
2011-02-25,4.6467,4.6861,4.4442,4.568,34691200,61.29,77.55,15.91,73.63,260
2011-03-04,4.5792,4.6074,4.3148,4.523,35113900,59.74,77.55,15.91,71.11,260
2011-03-11,4.5624,4.568,4.0842,4.2473,29478900,51.18,77.55,15.91,57.22,260
2011-03-18,4.208,4.2755,3.9829,4.0561,49176400,46.22,77.55,15.91,49.18,260
2011-03-25,4.1236,4.1798,4.0279,4.1292,26392300,48.28,77.55,15.91,52.53,260
2011-04-01,4.1517,4.3092,4.0111,4.0786,35357700,46.94,77.55,15.91,50.35,260
2011-04-08,4.0898,4.1798,3.9942,4.0954,20555500,47.47,77.55,15.91,51.2,260
2011-04-15,4.0729,4.0786,3.8423,3.9773,34425500,44.18,77.55,15.91,45.87,260
2011-04-21,3.921,4.1011,3.8648,4.1011,16559500,48.23,77.55,15.91,52.43,260
2011-04-29,4.0786,4.2361,3.9098,3.921,50027100,43.31,77.55,15.91,44.45,260
2011-05-06,3.9267,4.0167,3.8367,3.9492,40392000,44.27,77.55,15.91,46.0,260
2011-05-13,3.9492,4.0054,3.8929,3.9154,24362400,43.32,77.55,15.91,44.47,260
2011-05-20,3.8929,3.9154,3.7073,3.8254,39333100,40.82,77.55,15.91,40.42,260
2011-05-27,3.7523,4.0167,3.741,3.9998,29969600,47.18,77.55,15.91,50.74,260
2011-06-03,4.0223,4.1067,3.8592,3.8704,29210100,43.45,77.55,15.91,44.68,260
2011-06-10,3.8704,4.0111,3.8029,3.9548,47947200,46.43,77.55,15.91,49.51,260
2011-06-17,3.9435,3.9717,3.5385,3.5469,40938500,36.44,77.55,15.91,33.31,260
2011-06-24,3.5273,3.7635,3.4935,3.6004,35289700,38.32,77.55,15.91,36.35,260
2011-07-01,3.5891,3.7185,3.4879,3.7129,32173000,42.18,77.55,15.91,42.61,260
2011-07-08,3.6398,3.7635,3.6004,3.7073,17756800,42.03,77.55,15.91,42.38,260
2011-07-15,3.6679,3.6735,3.4429,3.4541,23818000,36.15,77.55,15.91,32.84,260
2011-07-22,3.426,3.9998,3.3641,3.9435,27225400,50.56,77.55,15.91,56.22,260
2011-07-29,3.8817,3.9267,3.5498,3.6285,22449700,43.72,77.55,15.91,45.12,260
2011-08-05,3.6623,3.696,3.066,3.1841,35864500,36.27,77.55,15.91,33.03,260
2011-08-12,3.0716,3.2403,2.8409,3.1222,51319000,35.36,77.55,15.91,31.56,260
2011-08-19,3.1166,3.2516,2.8634,2.8972,36027500,32.22,77.55,15.91,26.46,260
2011-08-26,2.9816,3.0941,2.8634,3.0885,21977100,37.32,77.55,15.91,34.74,260
2011-09-02,3.1335,3.3163,3.0378,3.0491,16801600,36.71,77.55,15.91,33.74,260
2011-09-09,3.0378,3.246,2.9591,3.0322,14189800,36.43,77.55,15.91,33.29,260
2011-09-16,2.9872,3.3979,2.9816,3.3304,14126900,44.39,77.55,15.91,46.2,260
2011-09-23,3.291,3.4119,3.0097,3.0941,20175600,40.1,77.55,15.91,39.25,260
2011-09-30,3.1166,3.3754,3.0209,3.1672,30632600,41.97,77.55,15.91,42.28,260
2011-10-07,3.1728,3.4879,2.9928,3.4147,21178300,47.89,77.55,15.91,51.89,260
2011-10-14,3.471,3.6454,3.4372,3.6454,13829900,52.73,77.55,15.91,59.74,260
2011-10-21,3.6229,3.8198,3.3304,3.7073,30375500,53.97,77.55,15.91,61.74,260
2011-10-28,3.696,3.8142,3.6341,3.7579,22414200,55.0,77.55,15.91,63.42,260
2011-11-04,3.7129,3.772,3.5216,3.7579,20674400,55.0,77.55,15.91,63.42,260
2011-11-11,3.7579,3.7579,3.4597,3.5666,12477000,50.06,77.55,15.91,55.41,260
2011-11-18,3.5498,3.651,3.2403,3.2628,18288700,43.4,77.55,15.91,44.6,260
2011-11-25,3.2291,3.2628,3.0716,3.0716,10753800,39.81,77.55,15.91,38.77,260
2011-12-02,3.1728,3.4091,3.066,3.336,23511500,46.41,77.55,15.91,49.49,260
2011-12-09,3.4091,3.4541,3.1616,3.3191,19025400,46.07,77.55,15.91,48.92,260
2011-12-16,3.291,3.4485,3.2561,3.2572,25797200,44.74,77.55,15.91,46.78,260
2011-12-23,3.2403,3.3754,3.1391,3.336,25493100,46.83,77.55,15.91,50.17,260
2011-12-30,3.3191,3.4035,3.1672,3.1841,26573000,43.42,77.55,15.91,44.63,260
2012-01-06,3.2516,3.336,3.2235,3.2347,26796600,44.86,77.55,15.91,46.97,260
2012-01-13,3.2403,3.5498,3.2403,3.4963,32519700,51.71,77.55,15.91,58.09,260
2012-01-20,3.516,3.8479,3.471,3.7804,29422900,57.84,77.55,15.91,68.03,260
2012-01-27,3.7354,3.8873,3.7129,3.7973,22874000,58.18,77.55,15.91,68.58,260
2012-02-03,3.7635,4.0617,3.7523,4.0167,24719200,62.42,77.55,15.91,75.45,260
2012-02-10,4.0167,4.0448,3.8766,3.9182,25413400,59.5,77.55,15.91,70.73,260
2012-02-17,3.9379,3.9604,3.8648,3.8985,26985200,58.91,77.55,15.91,69.77,260
2012-02-24,3.8817,4.1461,3.876,4.0336,18694600,61.72,77.55,15.91,74.33,260
2012-03-02,4.0054,4.2136,3.9379,4.0926,34832400,62.92,77.55,15.91,76.27,260
2012-03-09,4.0673,4.0786,3.7973,4.0336,33246700,60.87,77.55,15.91,72.95,260
2012-03-16,4.0336,4.1911,3.9717,4.1573,14992300,63.55,77.55,15.91,77.29,260
2012-03-23,4.1461,4.1883,3.9435,3.9604,13340100,56.88,77.55,15.91,66.47,260
2012-03-30,3.9998,4.1461,3.9942,4.0617,27605000,59.25,77.55,15.91,70.31,260
2012-04-05,4.0504,4.1629,3.9379,3.9773,12639500,56.47,77.55,15.91,65.8,260
2012-04-13,4.0054,4.0448,3.8423,3.8535,17185300,52.57,77.55,15.91,59.47,260
2012-04-20,3.8648,4.0223,3.8085,3.8198,19451400,51.52,77.55,15.91,57.77,260
2012-04-27,3.7804,3.8282,3.6791,3.7804,16962100,50.26,77.55,15.91,55.74,260
2012-05-04,3.7692,4.0223,3.7185,3.7635,22512100,49.71,77.55,15.91,54.83,260
2012-05-11,3.7523,3.7973,3.6904,3.7382,25989900,48.83,77.55,15.91,53.41,260
2012-05-18,3.7016,3.8929,3.5891,3.5953,25041900,44.1,77.55,15.91,45.73,260
2012-05-25,3.5948,3.7692,3.561,3.6116,21720000,44.75,77.55,15.91,46.8,260
2012-06-01,3.6904,3.696,3.4485,3.4541,24042200,39.87,77.55,15.91,38.88,260
2012-06-08,3.4597,3.8423,3.4485,3.7692,31983200,51.31,77.55,15.91,57.44,260
2012-06-15,3.7804,3.786,3.5216,3.6004,18356800,46.24,77.55,15.91,49.2,260
2012-06-22,3.6116,3.7579,3.516,3.5835,19203800,45.75,77.55,15.91,48.41,260
2012-06-29,3.5441,3.5554,3.3641,3.4879,19708300,42.98,77.55,15.91,43.93,260
2012-07-06,3.516,3.7241,3.4429,3.5779,11964900,46.28,77.55,15.91,49.26,260
2012-07-13,3.5779,3.5835,3.3585,3.4204,13305800,41.74,77.55,15.91,41.9,260
2012-07-20,3.3979,3.5835,3.3079,3.4907,14429300,44.36,77.55,15.91,46.16,260
2012-07-27,3.3922,3.6566,3.3416,3.651,19298000,49.9,77.55,15.91,55.15,260
2012-08-03,3.6566,3.7185,3.3922,3.5779,18016600,47.57,77.55,15.91,51.37,260
2012-08-10,3.606,3.8873,3.5498,3.741,25064700,52.85,77.55,15.91,59.94,260
2012-08-17,3.7354,3.8367,3.6791,3.831,16434100,55.52,77.55,15.91,64.26,260
2012-08-24,3.8198,3.8507,3.6904,3.7523,14015200,52.71,77.55,15.91,59.71,260
2012-08-31,3.7523,3.7973,3.696,3.786,15992600,53.79,77.55,15.91,61.46,260
2012-09-07,3.8142,3.8732,3.6735,3.786,15313000,53.79,77.55,15.91,61.46,260
2012-09-14,3.7692,3.8029,3.5723,3.7185,23395400,51.09,77.55,15.91,57.08,260
2012-09-21,3.7467,3.7523,3.4513,3.4991,40086800,43.45,77.55,15.91,44.69,260
2012-09-28,3.5104,3.5216,3.3754,3.3754,29121700,39.84,77.55,15.91,38.82,260
2012-10-05,3.3866,3.4485,3.3472,3.4372,19873900,42.42,77.55,15.91,43.01,260
2012-10-12,3.4091,3.4429,3.3031,3.3416,18776000,39.59,77.55,15.91,38.42,260
2012-10-19,3.3416,3.5666,3.3247,3.3529,26862000,40.1,77.55,15.91,39.24,260
2012-10-26,3.3416,3.3754,3.1728,3.1841,21728000,35.32,77.55,15.91,31.49,260
2012-11-02,3.1785,3.3472,3.156,3.2291,15555600,37.46,77.55,15.91,34.96,260
2012-11-09,3.2291,3.4654,3.2291,3.3697,19981500,43.72,77.55,15.91,45.13,260
2012-11-16,3.3697,3.3922,3.0772,3.1166,16150800,36.61,77.55,15.91,33.59,260
2012-11-23,3.156,3.291,3.1532,3.2797,7681400,43.04,77.55,15.91,44.02,260
2012-11-30,3.2572,3.3191,3.1475,3.26,15777400,42.48,77.55,15.91,43.11,260
2012-12-07,3.2741,3.3754,3.2291,3.3444,16487700,45.74,77.55,15.91,48.4,260
2012-12-14,3.2966,3.5835,3.2516,3.426,28238300,48.76,77.55,15.91,53.3,260
2012-12-21,3.426,3.5666,3.3866,3.5076,65351100,51.66,77.55,15.91,58.0,260
2012-12-28,3.5273,3.5779,3.4007,3.4091,12963700,48.12,77.55,15.91,52.26,260
2013-01-04,3.4035,3.6398,3.3979,3.5948,12236700,54.46,77.55,15.91,62.54,260
2013-01-11,3.5554,3.6791,3.5048,3.6341,10716400,55.69,77.55,15.91,64.54,260
2013-01-18,3.6341,3.7973,3.5554,3.741,16066100,58.95,77.55,15.91,69.83,260
2013-01-25,3.7241,3.8592,3.4091,3.6229,32950400,54.21,77.55,15.91,62.13,260
2013-02-01,3.6004,3.6285,3.426,3.5554,30001500,51.65,77.55,15.91,57.99,260
2013-02-08,3.4991,3.7748,3.4991,3.7073,28274400,56.61,77.55,15.91,66.03,260
2013-02-15,3.6791,3.7748,3.6341,3.7579,19783846,58.15,77.55,15.91,68.53,260
2013-02-22,3.7579,3.7579,3.6735,3.7073,18407200,56.01,77.55,15.91,65.06,260
2013-03-01,3.7073,3.7467,3.6454,3.7298,30303900,56.77,77.55,15.91,66.29,260
2013-03-08,3.7016,3.8451,3.6848,3.831,16329900,60.12,77.55,15.91,71.73,260
2013-03-15,3.8142,3.9098,3.7748,3.8395,14721000,60.39,77.55,15.91,72.17,260
2013-03-22,3.8085,3.8985,3.7579,3.7748,20336000,57.14,77.55,15.91,66.89,260
2013-03-28,3.786,3.8535,3.7241,3.8029,19582600,58.19,77.55,15.91,68.6,260
2013-04-05,3.8029,3.8367,3.7129,3.7467,23820700,55.26,77.55,15.91,63.84,260
2013-04-12,3.8029,3.9098,3.786,3.8592,14649600,59.64,77.55,15.91,70.95,260
2013-04-19,3.831,3.9097,3.7185,3.7635,22226300,54.74,77.55,15.91,62.99,260
2013-04-26,3.7692,3.9379,3.7241,3.8648,13677600,58.62,77.55,15.91,69.29,260
2013-05-03,3.8817,4.0223,3.8029,3.9042,28416500,60.05,77.55,15.91,71.61,260
2013-05-10,3.8817,4.1067,3.8606,4.0448,20157000,64.75,77.55,15.91,79.24,260
2013-05-17,4.0561,4.1545,3.966,4.1517,31243500,67.84,77.55,15.91,84.26,260
2013-05-24,4.1236,4.2726,3.9435,4.1629,22857800,68.16,77.55,15.91,84.77,260
2013-05-31,4.0786,4.253,4.0336,4.1967,22956700,69.14,77.55,15.91,86.37,260
2013-06-07,4.2192,4.4555,4.1686,4.4386,30469800,75.08,77.55,15.91,96.0,260
2013-06-14,4.433,4.4442,4.2586,4.298,21156000,67.01,77.55,15.91,82.9,260
2013-06-21,4.3261,4.3598,4.1489,4.1883,24654400,61.46,77.55,15.91,73.9,260
2013-06-28,4.1292,4.3852,4.0954,4.3542,23433300,66.04,77.55,15.91,81.33,260
2013-07-05,4.3598,4.4105,4.3092,4.3767,11503700,66.62,77.55,15.91,82.27,260
2013-07-12,4.3261,4.4724,4.3036,4.4555,17612200,68.64,77.55,15.91,85.55,260
2013-07-19,4.4499,4.5202,4.4217,4.5117,19071300,70.03,77.55,15.91,87.81,260
2013-07-26,4.4836,4.838,4.4836,4.7368,23491600,74.84,77.55,15.91,95.62,260
2013-08-02,4.703,5.0293,4.6861,4.9505,24774400,78.39,78.39,15.91,100.0,260
2013-08-09,4.928,5.3978,4.9224,5.1024,21545900,80.5,80.5,15.91,100.0,260
2013-08-16,5.0687,5.1756,4.9843,5.0799,18843200,79.27,80.5,15.91,98.09,260
2013-08-23,5.0743,5.1789,5.0012,5.0293,30665300,76.43,80.5,15.91,93.7,260
2013-08-30,5.0068,5.1362,4.883,5.0518,33569800,76.83,80.5,15.91,94.32,260
2013-09-06,5.0687,5.1981,5.0237,5.1924,29427100,79.19,80.5,15.91,97.97,260
2013-09-13,5.1981,5.4596,5.1868,5.2881,26529100,80.63,80.63,15.91,100.0,260
2013-09-20,5.3274,5.3331,5.1024,5.2121,38363700,76.12,80.63,15.91,93.02,260
2013-09-27,5.1868,5.2318,5.0912,5.1418,17440600,72.09,80.63,15.91,86.8,260
2013-10-04,5.1193,5.2093,5.0912,5.1587,15975700,72.47,80.63,15.91,87.39,260
2013-10-11,5.108,5.1418,4.8886,5.0602,14365100,66.81,80.63,15.91,78.64,260
2013-10-18,5.0237,5.2262,4.9955,5.1784,17617800,69.85,80.63,15.91,83.34,260
2013-10-25,5.1587,5.2374,4.9674,4.9955,15488200,60.59,80.63,15.91,69.04,260
2013-11-01,4.9618,5.0799,4.3598,4.4583,41875600,42.69,80.63,15.91,41.38,260
2013-11-08,4.4611,4.5005,4.3092,4.3317,30494900,39.71,80.63,15.91,36.78,260
2013-11-15,4.3317,4.3542,4.1742,4.3542,31102500,40.51,80.63,19.44,34.42,260
2013-11-22,4.3542,4.3823,4.1686,4.208,31227200,37.09,80.63,19.44,28.83,260
2013-11-29,4.1911,4.2923,4.1826,4.2642,14789900,39.21,80.63,19.44,32.31,260
2013-12-06,4.2755,4.2755,4.0448,4.208,26511300,37.83,80.63,22.06,26.93,260
2013-12-13,4.2192,4.2431,3.9435,4.0223,19521000,33.64,80.63,22.06,19.76,260
2013-12-20,4.0561,4.2811,4.0392,4.2361,32687100,41.66,80.63,27.17,27.12,260
2013-12-27,4.2586,4.3598,4.2417,4.3373,11152374,45.05,80.63,27.17,33.46,260
2014-01-03,4.3598,4.3829,4.2951,4.3373,16825900,45.05,80.63,27.17,33.46,260
2014-01-10,4.3598,4.3823,4.2783,4.3036,20050400,44.06,80.63,27.17,31.61,260
2014-01-17,4.3036,4.4386,4.253,4.343,29004700,45.57,80.63,27.17,34.42,260
2014-01-24,4.3936,4.3936,4.208,4.2192,33985800,41.77,80.63,27.17,27.31,260
2014-01-31,4.208,4.7874,4.1686,4.5849,53702100,53.97,80.63,27.17,50.14,260
2014-02-07,4.6242,4.7958,4.5005,4.7818,36417100,58.96,80.63,27.17,59.47,260
2014-02-14,4.7593,5.1249,4.7424,5.1137,30918400,65.71,80.63,27.17,72.09,260
2014-02-21,5.1137,5.1981,5.063,5.1643,15451200,66.61,80.63,27.17,73.78,260
2014-02-28,5.3274,5.3668,5.0068,5.0349,33951500,62.12,80.63,32.22,61.76,260
2014-03-07,4.9618,5.2628,4.9449,5.1193,23530100,63.83,80.63,32.22,65.3,260
2014-03-14,5.063,5.1981,4.9843,5.1249,21049200,63.95,80.63,32.22,65.54,260
2014-03-21,5.1474,5.3387,5.1362,5.2993,19304800,67.46,80.63,32.22,72.8,260
2014-03-28,5.3049,5.3331,5.063,5.1137,19346700,60.68,80.63,32.22,58.79,260
2014-04-04,5.1137,5.3781,5.0799,5.2093,36589100,62.76,80.63,32.22,63.08,260
2014-04-11,5.1924,5.319,5.0124,5.108,21404300,59.19,80.63,32.22,55.71,260
2014-04-17,5.1249,5.3612,5.0743,5.2993,18145600,63.42,80.63,32.22,64.45,260
2014-04-25,5.3106,5.4175,5.1874,5.2431,21660700,61.4,80.63,32.22,60.28,260
2014-05-02,5.2431,5.3387,4.9618,5.2656,48149900,61.92,80.63,32.22,61.36,260
2014-05-09,5.2374,5.4793,5.184,5.3556,49627800,64.02,80.63,32.22,65.69,260
2014-05-16,5.2993,5.4906,5.2318,5.3443,20258300,63.55,80.63,32.22,64.71,260
2014-05-23,5.2712,5.7662,5.2712,5.7325,33875800,71.37,80.63,32.22,80.86,260
2014-05-30,5.7325,5.7494,5.5834,5.7212,26868600,70.89,80.63,32.22,79.88,260
2014-06-06,5.7437,6.2247,5.6931,6.1825,34023900,77.5,80.63,32.22,93.53,260
2014-06-13,6.1375,6.4469,6.1375,6.3682,27265000,79.51,80.63,32.22,97.69,260
2014-06-20,6.3401,6.3738,6.07,6.25,24144600,74.92,80.63,32.22,88.19,260
2014-06-27,6.2725,6.3063,6.1094,6.3007,13363100,75.57,80.63,32.22,89.54,260
2014-07-03,6.2444,6.4638,6.1882,6.3401,13381700,76.09,80.63,32.22,90.62,260
2014-07-11,6.3007,6.3288,6.0363,6.1657,14873900,69.07,80.63,32.22,76.12,260
2014-07-18,6.1882,6.2219,6.0419,6.1657,21807200,69.07,80.63,32.22,76.12,260
2014-07-25,6.1769,6.4188,5.98,6.0982,28832300,66.32,80.63,32.22,70.44,260
2014-08-01,6.0757,6.1488,5.7662,5.7916,20171100,55.52,80.63,32.22,48.13,260
2014-08-08,5.8281,5.9856,5.7831,5.9406,17292000,59.02,80.63,32.22,55.35,260
2014-08-15,5.9856,6.07,5.89,5.9519,12627300,59.28,80.63,32.22,55.89,260
2014-08-22,5.98,6.2107,5.9406,6.0925,11851900,62.48,80.63,32.22,62.51,260
2014-08-29,6.1263,6.2613,6.0588,6.2107,18781000,64.97,80.63,32.22,67.66,260
2014-09-05,6.2219,6.6551,6.16,6.205,28349100,64.75,80.63,32.22,67.21,260
2014-09-12,6.1994,6.3063,6.1769,6.1994,17385900,64.52,80.63,32.22,66.72,260
2014-09-19,6.1825,6.1994,6.0588,6.101,19958300,60.37,80.63,32.22,58.15,260
2014-09-26,6.0531,6.1234,5.8619,5.9125,17976581,53.31,80.63,32.22,43.56,260
2014-10-03,5.8675,5.9013,5.4962,5.7494,28854487,48.07,80.63,32.22,32.73,260
2014-10-10,5.755,5.8788,5.0968,5.0968,35855361,33.76,80.63,32.22,3.19,260
2014-10-17,5.0462,5.1671,4.7593,5.0012,28974443,32.25,80.63,32.22,0.06,260
2014-10-24,4.973,5.2656,4.9562,5.2487,18871627,39.78,80.63,32.22,15.62,260
2014-10-31,5.2374,6.1206,5.1699,6.0306,31382868,56.3,80.63,32.22,49.74,260
2014-11-07,6.0138,6.1713,5.9913,6.1094,19193578,57.56,80.63,32.22,52.35,260
2014-11-14,6.1263,6.2557,6.0363,6.2416,23521475,59.67,80.63,32.22,56.7,260
2014-11-21,6.2388,6.295,6.1432,6.2444,21958543,59.72,80.63,32.22,56.8,260
2014-11-28,6.2725,6.3288,6.1994,6.2388,12564324,59.57,80.63,32.22,56.5,260
2014-12-05,6.205,6.3682,6.1882,6.3513,24940450,61.59,80.63,32.22,60.67,260
2014-12-12,6.3682,6.3935,5.9688,5.9744,24056961,52.18,80.63,32.22,41.24,260
2014-12-19,6.025,6.2332,5.9238,6.1966,30528578,56.41,80.63,32.22,49.97,260
2014-12-26,6.1938,6.3963,6.1938,6.3682,21566838,59.4,80.63,32.22,56.14,260
2015-01-02,6.3176,6.4076,6.1657,6.2444,11812553,56.4,80.63,32.22,49.94,260
2015-01-09,6.1938,6.2838,5.8225,6.2388,27510220,56.26,80.63,32.22,49.65,260
2015-01-16,6.2219,6.2557,5.9744,6.115,18667520,53.15,80.63,32.22,43.24,260
2015-01-23,6.1713,6.2163,5.9688,6.1882,15028020,54.74,80.63,32.22,46.52,260
2015-01-30,6.2107,6.3851,5.9406,6.2557,30869454,56.22,80.63,32.22,49.57,260
2015-02-06,6.2388,6.717,6.1488,6.6045,23422743,62.95,80.63,32.22,63.47,260
2015-02-13,6.582,6.8407,6.5257,6.776,20375365,65.74,80.63,32.22,69.23,260
2015-02-20,6.7789,6.8914,6.7338,6.8801,15744756,67.34,80.63,32.22,72.55,260
2015-02-27,6.8914,7.0208,6.7845,6.852,21844603,66.44,80.63,32.22,70.68,260
2015-03-06,6.8351,6.9532,6.582,6.6157,23598545,59.22,80.63,32.22,55.78,260
2015-03-13,6.6157,6.6495,6.3794,6.5763,13882566,58.09,80.63,32.22,53.45,260
2015-03-20,6.5988,6.9476,6.5763,6.9082,20080868,64.29,80.63,32.22,66.24,260
2015-03-27,6.9701,7.0939,6.8182,6.9645,22871586,65.23,80.63,32.22,68.18,260
2015-04-02,6.987,7.1895,6.9757,7.0433,19039254,66.55,80.63,32.22,70.92,260
2015-04-10,6.9757,7.2345,6.9757,7.2233,12843869,69.42,80.63,32.22,76.84,260
2015-04-17,7.2176,7.2176,6.8632,6.9476,14032809,60.82,80.63,32.22,59.08,260
2015-04-24,6.9532,7.1108,6.852,6.9476,12087105,60.82,80.63,32.22,59.08,260
2015-05-01,6.9532,7.0095,6.3626,6.686,24376281,53.52,80.63,32.22,44.01,260
2015-05-08,6.7507,6.807,6.5426,6.7282,29585415,54.47,80.63,32.22,45.97,260
2015-05-15,6.7113,7.0658,6.7001,7.0545,15599424,61.09,80.63,32.22,59.63,260
2015-05-22,7.0264,7.1051,6.8027,6.897,15282207,56.8,80.63,32.22,50.77,260
2015-05-29,6.7901,6.9476,6.7901,6.8351,12135290,55.16,80.63,32.22,47.38,260
2015-06-05,6.8801,6.8801,6.7125,6.8295,18240529,55.0,80.63,32.22,47.06,260
2015-06-12,6.7901,6.8689,6.7113,6.7789,14078162,53.54,80.63,32.22,44.04,260
2015-06-19,6.762,6.8407,6.6888,6.7817,16853555,53.61,80.63,32.22,44.19,260
2015-06-26,6.7789,6.8745,6.6213,6.6607,18440235,49.94,80.63,32.22,36.61,260
2015-07-02,6.6101,6.6213,6.3119,6.3626,14813151,42.26,80.63,32.22,20.74,260
2015-07-10,6.3007,6.3063,6.0644,6.2388,19245934,39.54,80.63,32.22,15.12,260
2015-07-17,6.2613,6.2838,6.0306,6.07,23115820,36.12,80.63,32.22,8.07,260
2015-07-24,6.0757,6.4638,5.9688,6.0475,24729815,35.68,80.63,32.22,7.16,260
2015-07-31,5.9744,6.2275,5.9238,6.1938,19423809,40.76,80.63,32.22,17.65,260
2015-08-07,6.1825,6.3626,6.0475,6.2107,19406280,41.34,80.63,32.22,18.83,260
2015-08-14,6.2613,6.3569,6.0925,6.2838,14891974,43.88,80.63,32.22,24.09,260
2015-08-21,6.2613,6.3176,5.8675,5.9125,15116660,35.47,80.63,32.22,6.72,260
2015-08-28,5.5018,6.0531,5.3725,5.9631,20979883,37.24,80.63,32.22,10.37,260
2015-09-04,5.8956,5.98,5.6765,5.7887,13504896,33.8,80.63,32.22,3.27,260
2015-09-11,5.9069,6.16,5.8563,6.0925,12975079,43.56,80.63,32.22,23.44,260
2015-09-18,6.1319,6.3766,5.98,6.115,11424790,44.22,80.63,32.22,24.79,260
2015-09-25,6.1769,6.205,5.71,5.8619,12978649,38.76,80.63,32.22,13.51,260
2015-10-02,5.8337,6.0363,5.6931,6.0306,12504465,43.75,80.63,32.22,23.81,260
2015-10-09,6.0363,6.295,6.0363,6.2866,21052515,50.35,80.63,32.22,37.45,260
2015-10-16,6.3007,6.4694,6.2332,6.3513,16281997,51.89,80.63,32.22,40.63,260
2015-10-23,6.3401,6.8042,6.2669,6.5088,32887655,55.5,80.63,32.22,48.09,260
2015-10-30,6.5144,6.5201,6.2388,6.4076,24747474,52.76,80.63,32.22,42.42,260
2015-11-06,6.4751,6.6663,6.4301,6.5988,43589542,57.07,80.63,32.22,51.34,260
2015-11-13,6.5707,6.6045,6.1488,6.2163,16604328,47.69,80.63,32.22,31.96,260
2015-11-20,6.2163,6.3513,6.0785,6.3232,54845692,50.16,80.63,32.22,37.05,260
2015-11-27,6.3288,6.3569,6.2613,6.3119,13629761,49.89,80.63,32.22,36.5,260
2015-12-04,6.3176,6.4638,6.2388,6.3738,21169458,51.42,80.63,32.22,39.66,260
2015-12-11,6.3401,6.3907,6.025,6.115,42638149,45.21,80.63,32.22,26.83,260
2015-12-18,6.115,6.3288,5.98,6.0813,66110030,44.45,80.63,32.22,25.27,260
2015-12-24,6.1263,6.4301,6.0361,6.4244,13294200,53.03,80.63,32.22,43.0,260
2015-12-31,6.3851,6.4526,6.2922,6.3063,12227330,50.16,80.63,32.22,37.06,260
2016-01-08,6.2163,6.3063,5.7269,5.7269,43832201,39.0,80.63,32.22,14.01,260
2016-01-15,5.7156,5.7494,5.1812,5.2599,30184040,32.69,80.63,32.22,0.97,260
2016-01-22,5.3274,5.4062,4.9758,5.3556,23708349,35.01,80.63,32.22,5.76,260
2016-01-29,5.3443,6.1207,5.2599,5.8956,37504930,46.27,80.63,32.22,29.03,260
2016-02-05,5.9294,5.9463,5.4962,5.6594,38209494,42.78,80.63,32.22,21.81,260
2016-02-12,5.575,5.7606,5.4512,5.71,29630434,43.76,80.63,32.22,23.84,260
2016-02-19,5.7944,6.0897,5.7662,5.9575,20501468,48.41,80.63,32.22,33.44,260
2016-02-26,5.9688,6.16,5.7944,6.0869,15382382,50.7,80.63,32.22,38.18,260
2016-03-04,6.115,6.4413,6.0363,6.3513,15783644,55.1,80.63,32.22,47.26,260
2016-03-11,6.3569,6.5116,6.1853,6.4132,16190711,56.08,80.63,32.22,49.3,260
2016-03-18,6.4132,6.7113,6.4047,6.6551,17034146,59.8,80.63,32.22,56.98,260
2016-03-24,6.6776,6.762,6.5257,6.6213,19158728,59.05,80.63,32.22,55.43,260
2016-04-01,6.6101,6.8745,6.5201,6.8745,18734831,62.82,80.63,32.22,63.22,260
2016-04-08,6.897,6.9082,6.5538,6.6382,12224065,57.5,80.63,32.22,52.22,260
2016-04-15,6.7226,6.9673,6.6157,6.8801,16019977,61.13,80.63,32.22,59.72,260
2016-04-22,6.8801,6.9645,6.8182,6.8745,12469107,61.0,80.63,32.22,59.45,260
2016-04-29,6.807,6.9926,6.4076,6.8351,24461931,60.03,80.63,32.22,57.46,260
2016-05-06,6.8295,7.077,6.7507,6.8239,19841470,59.74,80.63,32.22,56.86,260
2016-05-13,6.8576,6.9701,6.7057,6.7789,21235006,58.52,80.63,32.22,54.33,260
2016-05-20,6.8407,7.0489,6.7451,6.9532,19401416,61.79,80.63,32.22,61.07,260
2016-05-27,6.9532,7.1726,6.8632,7.0264,24466227,63.1,80.63,32.22,63.78,260
2016-06-03,6.9982,7.1895,6.9532,7.1501,15614798,65.27,80.63,32.22,68.27,260
2016-06-10,7.1501,7.2852,7.0995,7.212,15578794,66.34,80.63,32.22,70.48,260
2016-06-17,7.1726,7.3301,7.0658,7.1951,21296092,65.74,80.63,32.22,69.25,260
2016-06-24,7.2401,7.4427,6.9476,6.9476,17690867,57.61,80.63,32.22,52.44,260
2016-07-01,6.852,6.8711,6.5454,6.627,43133840,49.12,80.63,32.22,34.92,260
2016-07-08,6.582,7.0939,6.4751,7.0489,30878219,57.91,80.63,32.22,53.06,260
2016-07-15,7.0883,7.347,7.0208,7.2514,21407019,61.35,80.63,32.22,60.18,260
2016-07-22,7.2683,7.5214,6.8182,7.3133,36044935,62.37,80.63,32.22,62.28,260
2016-07-29,7.3133,7.3695,7.0208,7.1276,24881600,57.49,80.63,32.22,52.21,260
2016-08-05,7.1108,7.1726,6.9195,7.1164,15382232,57.2,80.63,32.22,51.6,260
2016-08-12,7.1276,7.2401,7.0995,7.2289,9469667,59.42,80.63,32.25,56.16,260
2016-08-19,7.2233,7.3527,7.0939,7.2458,16649553,59.76,80.63,32.25,56.86,260
2016-08-26,7.2008,7.3808,7.122,7.2908,14346204,60.69,80.63,32.25,58.79,260
2016-09-02,7.2739,7.5054,7.2739,7.4595,15309818,64.07,80.63,32.25,65.78,260
2016-09-09,7.4595,7.4764,7.0489,7.0883,17221705,53.23,80.63,32.25,43.37,260
2016-09-16,7.0376,7.302,6.9814,7.2627,20511057,56.92,80.63,32.25,50.99,260
2016-09-23,7.3077,7.7577,7.2964,7.6339,28243620,63.51,80.63,32.25,64.62,260
2016-09-30,7.6114,7.769,7.5102,7.6621,14858257,63.96,80.63,32.25,65.55,260
2016-10-07,7.6452,7.9884,7.6114,7.9321,17782050,68.04,80.63,32.25,73.98,260
2016-10-14,7.9996,8.039,7.5383,7.7127,19590933,61.91,80.63,32.25,61.31,260
2016-10-21,7.7408,7.8927,7.6733,7.7296,15988795,62.2,80.63,32.25,61.9,260
2016-10-28,7.7802,8.3146,7.5046,8.1515,37331607,68.48,80.63,32.25,74.89,260
2016-11-04,8.174,8.2021,7.6452,7.6508,18760232,56.48,80.63,32.25,50.09,260
2016-11-11,7.7858,8.489,7.5102,7.8421,16444646,59.41,80.63,32.25,56.13,260
2016-11-18,7.904,8.0446,7.7999,7.8927,16229481,60.17,80.63,32.25,57.71,260
2016-11-25,7.9377,8.2021,7.8674,8.174,8542806,64.2,80.63,32.25,66.04,260
2016-12-02,8.219,8.2865,7.8646,8.0896,16973698,62.17,80.63,32.25,61.84,260
2016-12-09,8.1234,8.4272,8.1177,8.3034,14919386,65.17,80.63,32.25,68.05,260
2016-12-16,8.2753,8.399,8.1177,8.174,14144396,61.96,80.63,32.25,61.42,260
2016-12-23,8.3596,8.3596,8.1318,8.2359,10887059,62.91,80.63,32.25,63.36,260
2016-12-30,8.2528,8.2893,8.0249,8.084,6212817,59.04,80.63,32.25,55.38,260
2017-01-06,8.1177,8.2528,8.0502,8.1177,10235256,59.64,80.63,32.25,56.61,260
2017-01-13,8.1346,8.2865,7.9996,8.2528,11673160,62.01,80.63,32.25,61.51,260
2017-01-20,8.2584,8.4046,8.1796,8.2134,11580554,60.88,80.63,32.25,59.19,260
2017-01-27,8.2359,9.0403,8.1009,9.001,29712875,71.86,80.63,32.25,81.87,260
2017-02-03,9.001,9.091,8.624,8.7478,27901860,65.5,80.63,32.25,68.72,260
2017-02-10,8.7422,9.0572,8.6297,9.001,19297654,68.5,80.63,32.25,74.93,260
2017-02-17,9.0291,9.3835,8.9728,9.2485,23663763,71.14,80.63,32.25,80.39,260
2017-02-24,9.3498,9.496,9.2766,9.4116,8505674,72.77,80.63,32.25,83.75,260
2017-03-03,9.4173,9.451,9.2091,9.2879,15633070,69.57,80.63,32.25,77.14,260
2017-03-10,9.2035,9.3891,9.0291,9.3723,15886141,70.52,80.63,32.25,79.11,260
2017-03-17,9.3723,9.5551,9.2316,9.451,10612624,71.42,80.63,32.25,80.96,260
2017-03-24,9.5185,9.5298,9.0572,9.3554,13390890,68.68,80.63,32.25,75.31,260
2017-03-31,9.2316,9.496,9.1585,9.451,9773301,69.92,80.63,32.25,77.87,260
2017-04-07,9.4285,9.4735,9.1444,9.1979,9467605,62.83,80.63,32.25,63.21,260
2017-04-13,9.2091,9.271,8.9278,8.9616,8653680,57.02,80.63,32.25,51.19,260
2017-04-21,8.9447,9.0853,8.925,8.9841,19453852,57.42,80.63,32.25,52.03,260
2017-04-28,9.0853,9.1866,8.2696,8.6972,26865201,50.86,80.63,32.25,38.46,260
2017-05-05,8.7197,8.8041,8.4215,8.5284,20515839,47.42,80.63,32.25,31.36,260
2017-05-12,8.5228,9.4454,8.4947,9.0178,29215870,56.58,80.63,32.25,50.29,260
2017-05-19,9.0797,9.4454,8.9897,9.2879,30575085,60.65,80.63,32.25,58.71,260
2017-05-26,9.3441,9.676,9.271,9.541,20210683,64.06,80.63,32.25,65.74,260
2017-06-02,9.5073,9.9461,9.4904,9.9123,14018944,68.38,80.63,32.25,74.67,260
2017-06-09,9.8617,9.9911,9.6479,9.7492,17037265,64.7,80.63,32.25,67.07,260
2017-06-16,9.6479,9.6817,8.956,9.2822,19788373,55.49,80.63,32.25,48.04,260
2017-06-23,9.316,9.6676,9.2766,9.5973,14060027,59.66,80.63,32.25,56.66,260
2017-06-30,9.631,9.721,9.0403,9.1754,22997900,52.56,80.63,32.25,41.98,260
2017-07-07,9.2485,9.2879,8.9841,9.1641,11842767,52.38,80.63,32.25,41.61,260
2017-07-14,9.1529,9.4791,9.1191,9.4566,9551293,56.53,80.63,32.25,50.18,260
2017-07-21,9.451,9.6057,9.361,9.4173,10174521,55.82,80.63,32.25,48.73,260
2017-07-28,9.7717,9.7731,8.8772,9.1641,30367827,51.39,80.63,32.25,39.56,260
2017-08-04,9.1754,9.271,8.9391,9.0178,19685972,48.97,80.63,32.25,34.55,260
2017-08-11,9.0403,9.1416,8.7872,8.8266,19276123,45.92,80.63,32.25,28.26,260
2017-08-18,8.8772,9.1191,8.7141,8.7309,18508868,44.43,80.63,32.25,25.18,260
2017-08-25,8.7591,8.97,8.7309,8.8406,11515138,46.57,80.63,32.25,29.6,260
2017-09-01,8.8828,9.3104,8.8434,9.3047,10745215,54.54,80.63,32.25,46.08,260
2017-09-08,9.2935,9.3582,9.0516,9.1641,10010770,52.01,80.63,32.25,40.85,260
2017-09-15,9.226,9.5016,9.1866,9.3891,13010669,55.57,80.63,32.25,48.2,260
2017-09-22,9.4173,9.4988,9.316,9.3723,15645039,55.24,80.63,32.25,47.51,260
2017-09-29,9.3216,9.5354,9.2204,9.3216,20620466,54.19,80.63,32.25,45.36,260
2017-10-06,9.3216,9.6142,9.316,9.6085,12718733,58.92,80.63,32.25,55.13,260
2017-10-13,9.631,9.8673,9.541,9.8561,10933269,62.52,80.63,32.25,62.56,260
2017-10-20,9.8954,10.0473,9.7773,10.0023,17266174,64.49,80.63,32.25,66.65,260
2017-10-27,10.0361,10.1317,9.6367,10.1205,26809841,66.05,80.63,32.25,69.86,260
2017-11-03,10.0923,10.3117,9.8392,10.278,25171902,68.06,80.63,32.25,74.02,260
2017-11-10,10.3117,10.3905,9.6817,10.3342,12821534,68.77,80.63,32.25,75.49,260
2017-11-17,10.2555,10.5424,10.1767,10.4467,19778552,70.2,80.63,32.25,78.45,260
2017-11-24,10.4692,10.7533,10.3286,10.7393,7402557,73.59,80.63,32.25,85.45,260
2017-12-01,10.7393,10.7393,9.7773,10.1317,16175852,58.67,80.63,32.25,54.62,260
2017-12-08,10.1711,10.2611,9.9348,10.0361,14409956,56.73,80.63,32.25,50.59,260
2017-12-15,10.0642,10.2611,9.9911,10.1148,10675094,57.96,80.63,32.25,53.15,260
2017-12-22,10.1598,10.4917,10.0811,10.1092,13882355,57.84,80.63,32.25,52.89,260
2017-12-29,10.0417,10.2161,9.9123,10.1205,6419519,58.04,80.63,32.25,53.3,260
2018-01-05,10.2105,10.5536,10.0923,10.4299,15495496,63.17,80.63,32.25,63.91,260
2018-01-12,10.4017,10.8462,10.2949,10.7674,15151056,67.8,80.63,32.25,73.48,260
2018-01-19,10.7955,11.0881,10.6155,11.0318,12117750,70.89,80.63,32.25,79.86,260
2018-01-26,10.8743,10.9868,10.5536,10.8855,27559365,67.06,80.63,32.25,71.95,260
2018-02-02,10.8855,10.9812,9.9629,10.0023,33155136,49.62,80.63,32.25,35.91,260
2018-02-09,9.8729,9.9629,9.1529,9.4116,24774333,41.8,80.63,32.25,19.73,260
2018-02-16,9.4848,10.1598,9.3779,10.0361,20863385,50.66,80.63,32.25,38.05,260
2018-02-23,9.9517,10.1823,9.8504,10.1036,14099060,51.52,80.63,32.25,39.82,260
2018-03-02,10.1205,10.3624,9.9011,10.2723,18094390,53.69,80.63,32.25,44.31,260
2018-03-09,10.1767,10.6661,10.0642,10.6493,25425751,58.19,80.63,32.25,53.62,260
2018-03-16,10.6886,10.7393,10.1711,10.3117,21776111,53.2,80.63,32.25,43.31,260
2018-03-23,10.2217,10.2667,9.3723,9.3723,24781077,42.32,80.63,32.25,20.83,260
2018-03-29,9.5129,9.7379,9.1078,9.1866,19821444,40.56,80.63,32.25,17.18,260
2018-04-06,9.091,9.3216,8.9391,8.9953,18320413,38.77,80.63,32.25,13.47,260
2018-04-13,9.0797,9.5748,9.0235,9.4904,13111046,45.48,80.63,32.25,27.36,260
2018-04-20,9.5804,9.8448,9.4454,9.6873,18937152,47.93,80.63,32.25,32.42,260
2018-04-27,9.6704,9.7492,7.2739,7.3302,58827151,30.36,80.63,30.36,0.0,260
2018-05-04,7.3245,7.9827,7.2908,7.9377,52086600,36.79,80.63,30.36,12.79,260
2018-05-11,7.9771,8.3709,7.8365,8.3259,25228117,40.57,80.63,30.36,20.31,260
2018-05-18,8.3203,8.3821,8.0502,8.0727,22174525,38.94,80.63,30.36,17.06,260
2018-05-25,8.1571,8.1684,7.724,7.8702,18505269,37.63,80.63,30.36,14.46,260
2018-06-01,7.8477,8.0334,7.769,7.8477,17021292,37.48,80.63,30.36,14.16,260
2018-06-08,7.8533,8.0727,7.7746,7.9152,25912278,38.28,80.63,30.36,15.75,260
2018-06-15,7.9096,8.2865,7.8533,8.084,20210433,40.32,80.63,30.36,19.82,260
2018-06-22,8.0052,8.2021,7.8758,8.174,22961864,41.44,80.63,30.36,22.04,260
2018-06-29,8.0952,8.1459,7.7746,7.9377,19735433,39.36,80.63,30.36,17.9,260
2018-07-06,7.859,8.084,7.6846,8.0559,11795479,40.96,80.63,30.36,21.08,260
2018-07-13,8.0727,8.3934,8.0277,8.3315,22952271,44.62,80.63,30.36,28.36,260
2018-07-20,8.2753,8.624,8.2415,8.4947,18888714,46.73,80.63,30.36,32.55,260
2018-07-27,8.4497,8.6522,7.8983,7.9265,29853807,40.89,80.63,30.36,20.95,260
2018-08-03,7.9096,8.0615,7.7071,7.9152,39185716,40.78,80.63,30.36,20.73,260
2018-08-10,7.9152,8.0615,7.7014,7.724,17782718,38.89,80.63,30.36,16.97,260
2018-08-17,7.7183,7.769,7.4821,7.6339,13336848,38.0,80.63,30.36,15.19,260
2018-08-24,7.6171,7.9546,7.6114,7.8196,17747905,41.01,80.63,30.36,21.18,260
2018-08-31,7.8646,7.9771,7.7071,7.7577,15736600,40.31,80.63,30.36,19.78,260
2018-09-07,7.7352,7.7746,7.3583,7.3864,17416293,36.29,79.51,30.36,12.06,260
2018-09-14,7.437,7.4877,7.1895,7.257,33379326,34.98,79.51,30.36,9.4,260
2018-09-21,7.3133,7.6171,7.2064,7.5102,18425677,39.57,79.51,30.36,18.74,260
2018-09-28,7.4764,7.5327,7.167,7.3808,24451921,38.09,79.51,30.36,15.73,260
2018-10-05,7.4202,7.4314,6.852,6.987,21292133,33.93,79.51,30.36,7.27,260
2018-10-12,6.942,6.9645,6.5763,6.7395,27399502,31.6,79.51,30.36,2.52,260
2018-10-19,6.7507,7.032,6.6213,6.6776,20050964,31.02,79.51,30.36,1.35,260
2018-10-26,6.7113,6.7507,3.9604,3.9886,100850465,16.76,79.51,16.76,0.0,260
2018-11-02,4.1179,4.9224,3.7917,4.883,88368617,28.53,79.51,16.76,18.76,260
2018-11-09,4.8718,4.9955,4.5624,4.6242,42283987,27.33,79.51,16.76,16.84,260
2018-11-16,4.6242,4.703,4.3598,4.6411,52973505,27.54,79.51,16.76,17.18,260
2018-11-23,4.6411,4.6777,4.4217,4.6411,29906772,27.54,79.51,16.76,17.18,260
2018-11-30,4.6918,4.928,4.5905,4.9224,35922502,31.46,79.51,16.76,23.42,260
2018-12-07,4.9674,5.0518,4.5905,4.7311,28481983,30.26,79.51,16.76,21.51,260
2018-12-14,4.7368,4.793,4.343,4.3486,31776213,27.97,79.51,16.76,17.86,260
2018-12-21,4.3205,4.4667,4.1179,4.1854,45364570,27.03,79.51,16.76,16.36,260
2018-12-28,4.1292,4.3739,4.0279,4.2867,20107901,28.63,79.51,16.76,18.92,260
2019-01-04,4.2923,4.4892,4.1179,4.3936,27373456,30.37,79.51,16.76,21.69,260
2019-01-11,4.4161,4.5792,4.3373,4.523,42370421,32.52,79.51,16.76,25.11,260
2019-01-18,4.5061,4.6017,4.3823,4.5792,30600772,33.48,79.51,16.76,26.64,260
2019-01-25,4.568,4.973,4.4611,4.9393,28449455,39.41,79.51,16.76,36.1,260
2019-02-01,4.838,5.9463,4.838,5.2881,62940507,44.57,79.51,16.76,44.32,260
2019-02-08,5.3106,5.4962,5.2206,5.4175,46213505,46.4,79.51,16.76,47.23,260
2019-02-15,5.3781,5.8337,5.3556,5.7662,41247928,51.07,79.51,16.76,54.68,260
2019-02-22,5.7606,5.9856,5.6903,5.9688,30740943,53.6,79.51,16.76,58.71,260
2019-03-01,6.0138,6.0757,5.8563,5.8619,25594784,52.07,79.51,16.76,56.27,260
2019-03-08,5.8844,5.935,5.5525,5.5806,33686575,48.17,79.51,16.76,50.06,260
2019-03-15,5.62,5.8928,5.575,5.8,28663199,51.24,79.51,16.76,54.95,260
2019-03-22,5.7944,5.9856,5.7156,5.7325,22292755,50.26,79.51,16.76,53.38,260
2019-03-29,5.7325,5.7719,5.4568,5.6256,26378776,48.66,79.51,16.76,50.84,260
2019-04-05,5.6875,6.16,5.6762,6.1488,20795812,56.02,79.51,16.76,62.56,260
2019-04-12,6.1319,6.4244,5.9631,6.4019,19582830,59.08,79.51,16.76,67.43,260
2019-04-18,6.3682,6.4919,6.2332,6.3063,20351011,57.45,79.51,16.76,64.85,260
2019-04-26,6.2725,6.4357,5.9125,6.0531,27543770,53.28,79.51,16.76,58.19,260
2019-05-03,6.0081,7.0545,5.9856,6.3626,34560597,57.36,79.51,16.76,64.69,260
2019-05-10,6.1825,6.3626,5.5918,5.89,39881006,50.15,79.51,16.76,53.21,260
2019-05-17,5.7325,6.0757,5.5975,5.8,35603501,48.89,79.51,16.76,51.21,260
2019-05-24,5.6875,5.7437,5.2037,5.2149,42508054,41.58,79.51,16.76,39.56,260
2019-05-31,5.2318,5.2937,4.9899,5.0293,29905782,39.56,79.51,16.76,36.34,260
2019-06-07,5.018,5.5468,4.9618,5.3499,38124448,44.57,76.09,16.76,46.88,260
2019-06-14,5.395,5.5243,5.0687,5.0855,28576170,41.52,76.09,16.76,41.73,260
2019-06-21,5.0912,5.4456,4.9955,5.3049,31324664,44.89,76.09,16.76,47.42,260
2019-06-28,5.2824,5.4062,5.1981,5.3837,28330017,46.1,73.59,16.76,51.62,260
2019-07-05,5.6256,5.6481,5.3162,5.5131,24478629,48.1,73.59,16.76,55.15,260
2019-07-12,5.4287,5.5806,5.3556,5.5693,15876115,48.99,73.59,16.76,56.71,260
2019-07-19,5.5693,5.6087,5.3612,5.5018,20403852,47.93,73.59,16.76,54.85,260
2019-07-26,5.5412,6.3738,5.4287,6.3344,36436512,59.56,73.59,16.76,75.31,260
2019-08-02,6.3119,6.4863,5.9406,6.0419,34804203,54.92,73.59,16.76,67.14,260
2019-08-09,5.8506,6.0138,5.7156,5.845,22294984,51.98,73.59,16.76,61.98,260
2019-08-16,5.8,5.9744,5.4287,5.62,18438767,48.77,73.59,16.76,56.33,260
2019-08-23,5.6987,5.8056,5.44,5.4625,22966674,46.6,73.59,16.76,52.52,260
2019-08-30,5.5637,5.5637,5.0518,5.4175,21507481,45.98,73.59,16.76,51.41,260
2019-09-06,5.3668,5.8788,5.2937,5.755,18081096,51.29,73.59,16.76,60.75,260
2019-09-13,5.7662,6.2275,5.7437,6.1094,17982128,56.16,73.59,16.76,69.33,260
2019-09-20,6.0588,6.1488,5.8788,5.8956,13409954,52.73,73.59,16.76,63.3,260
2019-09-27,5.8675,6.0813,5.7437,5.8394,16946186,51.84,73.59,16.76,61.72,260
2019-10-04,5.8731,5.9969,5.4793,5.5975,25560728,48.05,73.59,16.76,55.07,260
2019-10-11,5.5468,5.6931,5.2487,5.5243,25748163,46.94,73.59,16.76,53.1,260
2019-10-18,5.53,5.7606,5.4737,5.6087,17555377,48.43,73.59,16.76,55.72,260
2019-10-25,5.6594,6.5538,5.6312,6.5313,47986180,61.22,73.59,16.76,78.24,260
2019-11-01,6.6157,6.897,6.4638,6.8914,36839299,64.88,73.59,16.76,84.68,260
2019-11-08,6.9195,6.9645,6.3063,6.6607,28191957,60.92,73.59,16.76,77.7,260
2019-11-15,6.6045,6.9645,6.4694,6.852,26110844,62.94,73.59,16.76,81.26,260
2019-11-22,6.8351,6.8351,6.5201,6.627,14318986,59.06,73.59,16.76,74.44,260
2019-11-29,6.6551,6.8239,6.6213,6.6776,11823983,59.67,73.59,16.76,75.5,260
2019-12-06,6.6607,6.7226,6.1769,6.4413,36271440,55.56,73.59,16.76,68.28,260
2019-12-13,6.4132,6.8914,6.2613,6.7507,17170587,59.49,73.59,16.76,75.19,260
2019-12-20,6.7901,7.2289,6.7845,7.1051,24712254,63.48,73.59,16.76,82.2,260
2019-12-27,7.1501,7.2401,7.0658,7.1333,6578635,63.78,73.59,16.76,82.74,260
2020-01-03,7.1389,7.1951,6.987,7.0601,10308192,62.33,73.59,16.76,80.18,260
2020-01-10,6.9645,7.1783,6.8914,7.1164,13070287,63.02,73.59,16.76,81.41,260
2020-01-17,7.122,7.6733,7.122,7.6227,21613437,68.66,73.59,16.76,91.32,260
2020-01-24,7.5833,7.7408,7.3245,7.5777,13220267,67.67,73.59,16.76,89.59,260
2020-01-31,7.347,7.8758,7.032,7.3977,37540211,63.72,73.59,16.76,82.64,260
2020-02-07,7.4764,7.724,7.1389,7.4314,28851048,64.15,73.59,16.76,83.38,260
2020-02-14,7.3752,7.7633,7.2176,7.6396,18860314,66.72,73.59,16.76,87.91,260
2020-02-21,7.5383,7.814,7.392,7.4483,17675786,62.3,73.59,16.76,80.13,260
2020-02-28,7.0826,7.3189,6.0531,6.25,31442553,43.04,73.59,16.76,46.25,260
2020-03-06,6.3344,6.807,5.9013,6.0138,25525340,40.39,73.59,16.76,41.59,260
2020-03-13,5.5075,5.7606,4.2755,4.5849,30124044,28.83,73.59,16.76,21.24,260
2020-03-20,3.7692,4.4555,3.0153,3.7467,47596123,24.41,73.59,16.76,13.47,260
2020-03-27,3.6623,5.2937,3.6398,4.5286,32009991,34.49,73.59,16.76,31.21,260
2020-04-03,4.5624,4.9337,4.1911,4.2305,29326986,32.7,73.59,16.76,28.06,260
2020-04-09,4.5286,5.4231,4.4724,4.9562,20176972,40.76,73.59,16.76,42.24,260
2020-04-17,4.8943,5.0968,4.2473,4.5905,28806253,38.28,73.59,16.76,37.86,260
2020-04-24,4.4442,4.5905,4.1404,4.5567,24864322,38.04,73.59,16.76,37.45,260
2020-05-01,4.5905,5.5918,4.5792,5.063,22767442,43.54,73.59,16.76,47.13,260
2020-05-08,5.0349,5.935,4.9055,5.6312,26784693,49.01,73.59,16.76,56.76,260
2020-05-15,5.5131,5.6987,4.8999,5.2262,26303077,45.62,73.59,16.76,50.79,260
2020-05-22,5.4962,5.8844,5.3443,5.4062,24012496,47.36,73.59,16.76,53.85,260
2020-05-29,5.6594,5.8112,5.3331,5.4625,50093477,47.93,73.59,16.76,54.84,260
2020-06-05,5.5075,6.6663,5.4456,6.5988,40562332,57.74,73.59,16.76,72.12,260
2020-06-12,6.7395,6.7901,5.6312,5.8506,29222135,50.93,73.59,16.76,60.14,260
2020-06-19,5.6369,6.1882,5.5637,5.9463,23113820,51.72,73.59,16.76,61.51,260
2020-06-26,5.9181,6.0644,5.5581,5.5862,28981325,48.57,73.59,16.76,55.98,260
2020-07-02,5.6256,5.845,5.5693,5.5975,18069073,48.68,73.59,16.76,56.17,260
2020-07-10,5.7269,5.7775,5.3612,5.5637,14257428,48.36,73.59,16.76,55.6,260
2020-07-17,5.6425,6.2107,5.53,6.1769,18946952,54.23,73.59,16.76,65.93,260
2020-07-24,6.1488,6.2332,5.98,5.9913,12436203,52.29,73.59,16.76,62.52,260
2020-07-31,6.0025,6.8295,5.9913,6.4638,22142747,56.55,73.59,16.76,70.01,260
2020-08-07,6.4807,6.7142,6.3457,6.5595,20585186,57.38,73.59,16.76,71.47,260
2020-08-14,6.5257,6.6213,6.2725,6.3401,10680778,54.79,73.59,16.76,66.93,260
2020-08-21,6.3794,6.4188,5.9069,5.9716,9564355,50.67,73.59,16.76,59.67,260
2020-08-28,6.025,6.1488,5.8394,6.1094,14650755,52.12,73.59,16.76,62.22,260
2020-09-04,6.0757,6.4076,5.9068,6.0081,18896069,50.94,73.59,16.76,60.14,260
2020-09-11,5.8844,5.9856,5.6312,5.7381,12020532,47.81,73.59,16.76,54.64,260
2020-09-18,5.8169,6.3682,5.7606,6.2894,17581476,54.01,73.59,16.76,65.55,260
2020-09-25,6.0644,6.1628,5.8197,5.9238,17920399,49.79,73.59,16.76,58.12,260
2020-10-02,6.0588,6.4638,6.0297,6.2838,13179259,53.63,73.59,16.76,64.89,260
2020-10-09,6.3794,6.9982,6.3794,6.8295,10582241,58.79,73.59,16.76,73.95,260
2020-10-16,6.9082,8.4103,6.672,7.949,32484343,66.91,73.59,16.76,88.25,260
2020-10-23,7.9715,8.7844,7.8702,8.2246,50654460,68.56,73.59,16.76,91.14,260
2020-10-30,8.0784,8.5509,7.3583,7.9602,34807503,65.21,73.59,16.76,85.25,260
2020-11-06,8.0502,8.7141,7.6508,8.6972,25953950,69.66,73.59,16.76,93.08,260
2020-11-13,8.8266,9.2429,8.4159,8.9447,17596328,71.0,73.59,16.76,95.44,260
2020-11-20,9.0403,9.4285,8.9728,9.2822,18173615,72.76,73.59,16.76,98.55,260
2020-11-27,9.3835,9.5635,9.2597,9.3047,11656447,72.88,73.59,16.76,98.75,260
2020-12-04,9.0122,9.5748,9.0122,9.4791,17076546,73.83,73.83,16.76,100.0,260
2020-12-11,9.4904,9.5073,8.9841,9.2316,16440701,70.08,73.83,16.76,93.42,260
2020-12-18,9.3891,10.112,9.3047,10.0023,27458928,74.44,74.44,16.76,100.0,260
2020-12-24,9.7042,10.3314,9.6479,10.2161,14329442,75.5,75.5,16.76,100.0,260
2020-12-31,10.2949,10.3961,9.7857,10.1148,9157743,73.93,75.5,16.76,97.32,260
2021-01-08,10.2442,10.9924,9.8307,10.6718,29611580,76.8,76.8,16.76,100.0,260
2021-01-15,10.4467,10.7449,10.0642,10.1992,35994144,69.79,76.8,16.76,88.33,260
2021-01-22,10.3849,11.0796,10.1992,10.9981,25300947,74.09,76.8,16.76,95.5,260
2021-01-29,11.0881,11.2737,9.4173,9.9236,45080799,61.42,76.8,16.76,74.39,260
2021-02-05,10.1205,10.8237,9.8026,10.5424,22903648,65.12,76.8,16.76,80.55,260
2021-02-12,10.6324,11.1668,10.3399,10.9981,27397721,67.58,76.8,16.76,84.66,260
2021-02-19,11.1274,11.2681,10.593,10.6774,18677145,64.15,76.8,16.76,78.94,260
2021-02-26,10.5536,10.6774,9.7998,10.233,20057797,59.62,76.8,16.76,71.4,260
2021-03-05,10.5219,10.7168,9.001,9.4679,28722887,52.73,76.8,16.76,59.91,260
2021-03-12,9.4398,10.3792,9.2119,10.188,26170436,57.69,76.8,16.76,68.17,260
2021-03-19,10.2376,10.4242,9.6676,9.8167,21138427,54.51,76.8,16.76,62.89,260
2021-03-26,9.9742,10.1936,9.2851,9.8448,22801395,54.72,76.8,16.76,63.22,260
2021-04-01,9.7548,10.593,9.6198,10.323,16271357,58.14,76.8,16.76,68.93,260
2021-04-09,10.4636,10.5143,10.2217,10.3005,14774194,57.92,76.8,16.76,68.56,260
2021-04-16,10.2273,10.548,10.1486,10.4411,20751687,58.98,76.8,16.76,70.32,260
2021-04-23,10.3511,10.5199,9.9601,10.278,18041960,57.18,76.8,16.76,67.34,260
2021-04-30,10.3849,10.728,9.7435,9.7885,18150494,52.08,76.8,16.76,58.83,260
2021-05-07,9.9573,10.6493,9.4341,10.5143,27588694,58.06,76.8,16.76,68.79,260
2021-05-14,10.4917,10.5593,9.3779,9.8589,33698214,51.77,76.8,16.76,58.32,260
2021-05-21,9.6254,10.2892,9.5045,10.1261,25286324,53.96,76.8,16.76,61.97,260
2021-05-28,10.233,10.3736,9.9658,10.278,18255822,55.21,76.8,16.76,64.04,260
2021-06-04,10.3511,10.6605,10.2611,10.6605,11107516,58.27,76.8,16.76,69.14,260
2021-06-11,10.728,10.728,10.2442,10.4017,10385069,55.5,76.8,16.76,64.54,260
2021-06-18,10.3736,10.4299,9.4454,9.4623,16992269,46.83,76.8,16.76,50.08,260
2021-06-25,9.5129,10.1486,9.451,10.1205,13725059,52.44,76.8,16.76,59.43,260
2021-07-02,10.1261,10.233,9.9292,10.053,9440655,51.83,76.8,16.76,58.42,260
2021-07-09,10.0614,10.0614,9.3385,9.7885,6753532,49.43,76.8,16.76,54.42,260
2021-07-16,9.766,9.9067,9.1641,9.1641,9060973,44.22,76.8,16.76,45.74,260
2021-07-23,8.9391,9.3948,8.7264,9.361,18108385,46.15,76.8,16.76,48.95,260
2021-07-30,9.3385,10.1373,9.1472,10.1092,25895394,52.82,76.8,16.76,60.07,260
2021-08-06,10.1823,10.4074,9.8139,10.0079,19086778,51.88,76.8,16.76,58.51,260
2021-08-13,10.1148,10.2892,10.0361,10.2442,15635218,53.94,76.8,16.76,61.93,260
2021-08-20,10.2442,10.3455,9.7998,9.9573,18088436,51.09,76.8,16.76,57.18,260
2021-08-27,10.0023,10.5986,9.6817,10.5311,10613467,56.09,76.8,16.76,65.5,260
2021-09-03,10.5818,10.894,10.4074,10.7955,13501992,58.21,76.8,16.76,69.04,260
2021-09-10,10.7955,10.8574,10.1852,10.2105,10250747,52.2,76.8,16.76,59.03,260
2021-09-17,10.3174,10.818,10.188,10.3286,17795528,53.25,76.8,16.76,60.78,260
2021-09-24,10.1092,10.7533,9.842,10.7111,13288806,56.57,76.8,16.76,66.32,260
2021-10-01,10.6774,10.8237,9.9179,10.2555,15613955,51.85,76.8,16.76,58.44,260
2021-10-08,10.1036,10.593,9.7464,10.5424,13259790,54.43,76.8,16.76,62.74,260
2021-10-15,10.5368,10.8968,10.2217,10.7111,9753216,55.92,76.8,16.76,65.24,260
2021-10-22,10.7168,10.8321,10.4749,10.503,9823569,53.59,76.8,16.76,61.34,260
2021-10-29,10.5368,10.7617,9.406,9.5073,30667020,44.09,76.8,16.76,45.52,260
2021-11-05,9.5354,10.3736,9.5354,10.2498,34707913,51.06,76.8,16.76,57.13,260
2021-11-12,10.2142,10.7778,9.8336,10.6774,14377426,54.57,76.8,16.76,62.97,260
2021-11-19,10.728,10.9671,9.9798,10.0023,20166746,48.64,76.8,16.76,53.09,260
2021-11-26,10.0023,10.1542,9.6198,9.8786,22670131,47.61,76.8,16.76,51.39,260
2021-12-03,10.0361,10.0361,9.3047,9.3723,21010823,43.58,76.8,16.76,44.67,260
2021-12-10,9.4791,10.0783,9.3385,9.7267,12235113,46.97,76.8,16.76,50.32,260
2021-12-17,9.721,9.752,9.1191,9.6423,21867156,46.25,76.8,16.76,49.13,260
2021-12-23,9.2457,10.0923,9.2448,9.9967,11679893,49.7,76.8,16.76,54.87,260
2021-12-31,10.0417,10.4861,9.9686,10.3117,9149227,52.61,76.8,16.76,59.72,260
2022-01-07,10.3567,10.683,9.7604,9.8223,18720679,47.97,76.8,16.76,51.99,260
2022-01-14,9.766,10.4355,9.586,10.278,14462633,52.2,76.8,16.76,59.03,260
2022-01-21,10.1542,10.2949,9.091,9.2316,19259023,43.46,76.8,16.76,44.48,260
2022-01-28,8.9897,9.3779,8.6972,9.0572,40961000,42.19,76.8,16.76,42.37,260
2022-02-04,9.0347,10.2105,8.9897,9.6817,41147567,48.04,76.8,16.76,52.1,260
2022-02-11,9.7098,10.1261,9.5354,9.6029,28146986,47.39,76.8,16.76,51.02,260
2022-02-18,9.5917,9.8814,9.4904,9.5973,17979905,47.34,76.8,16.76,50.93,260
2022-02-25,9.496,9.7098,8.8659,9.4285,15394131,45.8,76.8,16.76,48.37,260
2022-03-04,9.2429,9.4229,8.7703,8.8941,21051525,41.22,76.8,16.76,40.75,260
2022-03-11,8.8434,9.1557,8.3709,8.9672,14120170,42.08,76.8,16.76,42.17,260
2022-03-18,9.001,9.6254,8.7197,9.6029,16926201,49.0,76.8,16.76,53.7,260
2022-03-25,9.6535,9.8842,9.4876,9.7323,21119516,50.3,76.8,16.76,55.87,260
2022-04-01,9.7154,10.8574,9.541,10.413,31948634,56.59,76.8,16.76,66.34,260
2022-04-08,10.3736,10.5143,9.4623,9.4848,21134959,47.73,76.8,16.76,51.58,260
2022-04-14,9.3835,9.766,9.3047,9.6085,15681580,48.88,76.8,16.76,53.5,260
2022-04-22,9.5466,10.0417,9.2429,9.2991,17608060,46.14,76.8,16.76,48.95,260
2022-04-29,9.2766,9.6481,8.9503,9.2766,15391663,45.94,76.8,16.76,48.61,260
2022-05-06,9.2316,10.2105,9.136,9.5354,22175869,48.71,76.8,16.76,53.22,260
2022-05-13,9.3891,9.586,8.6184,9.1472,23090178,44.99,76.8,16.76,47.02,260
2022-05-20,9.0685,9.5354,8.6803,8.8885,19254561,42.65,76.8,16.76,43.13,260
2022-05-27,8.9672,9.6563,8.6297,9.6479,19818489,50.75,76.8,16.76,56.61,260
2022-06-03,9.6198,9.7885,9.3385,9.586,14507657,50.12,76.8,16.76,55.58,260
2022-06-10,9.8167,10.2892,9.105,9.2091,22679762,46.4,76.8,16.76,49.37,260
2022-06-17,8.8997,8.9953,7.904,8.4328,21950508,39.84,76.8,16.76,38.44,260
2022-06-24,8.5734,8.6409,8.0727,8.6353,14894859,42.14,76.8,16.76,42.27,260
2022-07-01,8.6353,8.9278,7.859,8.0165,14145389,37.43,76.8,16.76,34.43,260
2022-07-08,7.8533,8.3062,7.6677,8.2303,9566758,39.93,76.8,16.76,38.59,260
2022-07-15,8.1346,8.2921,7.7324,8.1459,14034291,39.26,76.8,16.76,37.48,260
2022-07-22,8.1965,8.8097,8.0446,8.579,16942626,44.39,76.8,16.76,46.02,260
2022-07-29,8.5903,9.6535,8.399,9.451,30200440,52.99,76.8,16.76,60.35,260
2022-08-05,9.316,9.707,9.1669,9.6535,16708973,54.74,76.8,16.76,63.27,260
2022-08-12,9.6648,10.9024,9.4735,10.6043,34698988,61.92,76.8,16.76,75.22,260
2022-08-19,10.5593,10.9924,10.1739,10.4411,23654829,60.15,76.8,16.76,72.28,260
2022-08-26,10.1542,10.6071,10.0755,10.2105,14923984,57.66,76.8,16.76,68.12,260
2022-09-02,10.0867,10.4046,9.5748,9.7604,14848602,53.03,76.8,16.76,60.41,260
2022-09-09,9.8167,10.9952,9.5973,10.8912,22625583,61.41,76.8,16.76,74.37,260
2022-09-16,10.953,11.0402,9.8392,9.9798,18382511,53.17,76.8,16.76,60.66,260
2022-09-23,9.7998,10.4074,9.3469,9.5016,18307698,49.43,76.8,16.76,54.42,260
2022-09-30,9.4229,9.7042,9.1022,9.3723,24287775,48.44,76.8,16.76,52.76,260
2022-10-07,9.4229,10.458,9.3554,9.9742,19806994,53.16,76.8,16.76,60.62,260
2022-10-14,9.9573,10.0304,9.0628,9.4904,14827296,49.25,76.8,16.76,54.12,260
2022-10-21,9.721,10.3174,9.6254,10.1036,16772398,53.88,76.8,16.76,61.82,260
2022-10-28,10.1711,11.1668,10.0473,11.0937,29228947,60.18,76.8,16.76,72.33,260
2022-11-04,10.9812,11.3356,10.5311,10.7505,22859886,57.26,76.8,16.76,67.46,260
2022-11-11,10.7505,11.5325,10.548,11.285,24786195,60.48,76.8,16.76,72.82,260
2022-11-18,11.2568,11.3862,10.773,11.3806,23212633,61.04,76.8,16.76,73.76,260
2022-11-25,11.4594,11.8391,11.1724,11.6956,13095253,62.92,76.8,16.76,76.9,260
2022-12-02,11.5325,12.4945,11.4819,12.2413,17354543,65.99,76.8,16.76,82.0,260
2022-12-09,12.1147,12.6042,11.6788,12.5113,20542541,67.42,76.8,16.76,84.39,260
2022-12-16,12.5732,13.1752,12.1175,12.4326,24912071,66.54,76.8,16.76,82.92,260
2022-12-23,12.4326,12.5113,11.9066,12.0838,16107100,62.64,76.8,16.76,76.41,260
2022-12-30,12.0782,12.1654,11.7631,12.0725,7320482,62.51,76.8,16.76,76.2,260
2023-01-06,12.1794,12.6464,11.9038,12.5282,15736156,65.56,76.8,16.76,81.29,260
2023-01-13,12.6351,13.5436,12.6351,13.5183,30678623,71.08,76.8,16.76,90.48,260
2023-01-20,14.0809,14.1315,13.0008,13.6365,27898285,71.66,76.8,16.76,91.45,260
2023-01-27,13.6196,14.0021,13.0739,13.2427,33535308,66.83,76.8,16.76,83.39,260
2023-02-03,13.0795,13.9149,12.9558,13.7377,30405471,69.6,76.8,16.76,88.02,260
2023-02-10,13.5633,14.0528,13.0289,13.749,40085803,69.67,76.8,16.76,88.13,260
2023-02-17,13.7827,13.9852,13.3242,13.3496,21039711,64.61,76.8,16.76,79.71,260
2023-02-24,13.192,13.3552,12.8601,13.0739,12227864,61.31,76.8,16.76,74.2,260
2023-03-03,13.2202,13.2652,12.5592,12.8826,14605118,59.05,76.8,16.76,70.44,260
2023-03-10,12.8826,13.237,12.14,12.1794,16593811,51.54,76.8,16.76,57.93,260
2023-03-17,11.9094,12.261,11.2371,11.6619,37937111,46.82,76.8,16.76,50.07,260
2023-03-24,11.7294,12.4045,11.7041,11.8081,17961399,48.26,76.8,16.76,52.47,260
2023-03-31,11.9207,12.9529,11.8813,12.9445,15500808,57.83,76.8,16.76,68.41,260
2023-04-06,12.8826,12.9755,11.9887,12.0107,11309651,49.69,76.8,16.76,54.86,260
2023-04-14,11.9066,12.3398,11.87,12.1963,10737395,51.17,76.8,16.76,57.31,260
2023-04-21,12.1035,12.3201,11.4762,11.6056,20458387,46.51,76.8,16.76,49.55,260
2023-04-28,11.5775,11.6844,10.9362,11.5719,23366673,46.25,76.8,16.76,49.12,260
2023-05-05,11.5494,11.8475,11.1668,11.5325,19864668,45.93,76.8,16.76,48.58,260
2023-05-12,11.5325,13.5521,11.4819,13.282,47843805,59.42,76.8,16.76,71.06,260
2023-05-19,13.282,13.7658,13.1527,13.6702,26263744,61.71,76.8,16.76,74.87,260
2023-05-26,13.6365,14.6463,13.6365,14.5759,24714425,66.45,76.8,16.76,82.77,260
2023-06-02,14.7672,14.7785,14.0696,14.6997,14109923,67.05,76.8,16.76,83.77,260
2023-06-09,14.6603,15.0457,14.4128,14.8122,15808622,67.62,76.8,16.76,84.72,260
2023-06-16,14.8403,15.2173,14.7897,15.0597,24275995,68.89,76.8,16.76,86.83,260
2023-06-23,14.9022,15.3691,14.6434,14.846,17087368,66.47,76.8,16.76,82.79,260
2023-06-30,14.8122,15.7123,14.5928,15.5492,14552276,70.18,76.8,16.76,88.99,260
2023-07-07,15.5323,15.6673,15.1666,15.4985,8816304,69.58,76.8,16.76,87.99,260
2023-07-14,15.4817,15.9739,15.4817,15.6954,13728466,70.63,76.8,16.76,89.74,260
2023-07-21,15.6729,16.258,15.6544,15.9767,21077067,72.11,76.8,16.76,92.2,260
2023-07-28,15.9486,16.1286,15.0991,15.1779,32111339,62.49,76.8,16.76,76.17,260
2023-08-04,15.251,15.5098,14.9754,15.206,13445658,62.68,76.8,16.76,76.49,260
2023-08-11,15.2791,15.4985,14.8235,14.891,13924784,59.09,76.8,16.76,70.51,260
2023-08-18,14.8685,15.0907,14.0978,14.4578,13616894,54.47,76.8,16.76,62.82,260
2023-08-25,14.4747,15.0935,14.4465,14.7053,11264152,56.56,76.8,16.76,66.3,260
2023-09-01,14.9135,15.7461,14.8066,15.476,15900187,62.35,76.8,16.76,75.94,260
2023-09-08,15.3691,15.3832,14.5591,14.7616,12861987,55.03,76.8,16.76,63.74,260
2023-09-15,14.8685,14.9641,14.424,14.4522,13202433,52.17,76.8,16.76,58.98,260
2023-09-22,14.3959,14.7166,14.2722,14.5591,12533131,53.08,76.8,16.76,60.49,260
2023-09-29,14.4747,15.2904,14.0556,15.1779,18920118,58.04,76.8,16.76,68.75,260
2023-10-06,15.1216,15.1863,14.5872,14.8516,16282065,54.75,76.8,16.76,63.28,260
2023-10-13,14.7166,15.4029,14.4747,14.4972,13362890,51.35,76.8,16.76,57.62,260
2023-10-20,14.6322,14.9472,13.2314,13.569,28003048,43.69,76.8,24.41,36.81,260
2023-10-27,13.5014,14.6069,13.0176,14.469,45759246,51.28,76.8,24.41,51.29,260
2023-11-03,14.4972,14.7672,14.2497,14.6997,22100280,53.03,76.8,24.41,54.62,260
2023-11-10,14.6997,14.7278,14.3397,14.6772,12744961,52.83,76.8,24.41,54.24,260
2023-11-17,14.6716,15.3776,14.5647,14.7672,18808485,53.58,76.8,24.41,55.67,260
2023-11-24,14.8122,15.0091,14.6716,14.8347,9212253,54.17,76.8,24.41,56.8,260
2023-12-01,14.7728,15.1554,14.2328,14.6153,22240844,51.86,76.8,24.41,52.4,260
2023-12-08,14.4353,14.5759,14.0359,14.4409,18912539,50.04,76.8,24.41,48.93,260
2023-12-15,14.4409,16.3367,14.3565,16.2467,30587417,64.1,76.8,24.41,75.76,260
2023-12-22,16.4268,17.0885,16.0892,17.0625,25057160,68.42,76.8,24.41,84.01,260
2023-12-29,17.0625,17.2987,16.9668,17.1356,9082801,68.78,76.8,24.41,84.7,260
2024-01-05,16.8374,23.98,16.6068,23.29,36778244,84.71,84.71,24.41,100.0,260
2024-01-12,23.34,23.845,23.005,23.33,20849112,84.76,84.76,24.41,100.0,260
2024-01-19,23.3,23.3,21.84,22.98,19360403,82.01,84.76,24.41,95.44,260
2024-01-26,23.21,23.48,22.87,23.01,20294142,82.07,84.76,24.41,95.53,260
2024-02-02,22.85,25.96,22.57,25.09,51101648,85.34,85.34,24.41,100.0,260
2024-02-09,24.76,26.715,24.05,26.65,26775911,87.22,87.22,24.41,100.0,260
2024-02-16,26.8,29.02,26.69,28.22,33783313,88.78,88.78,24.41,100.0,260
2024-02-23,27.71,28.27,27.105,28.15,19192604,88.26,88.78,24.41,99.2,260
2024-03-01,28.0,29.16,27.21,29.0,19220142,89.09,89.09,24.41,100.0,260
2024-03-08,29.38,30.93,29.29,29.82,20097951,89.84,89.84,24.41,100.0,260
2024-03-15,29.47,29.54,26.63,26.94,25768317,71.34,89.84,24.41,71.73,260
2024-03-22,27.32,28.76,26.79,28.73,27087501,74.82,89.84,24.41,77.04,260
2024-03-28,28.82,29.14,28.165,28.61,10778899,74.17,89.84,24.41,76.04,260
2024-04-05,28.54,29.895,27.92,29.06,13719021,75.04,89.84,24.41,77.38,260
2024-04-12,29.17,29.3,28.04,28.38,15716105,71.13,89.84,24.41,71.4,260
2024-04-19,28.795,28.975,26.95,27.07,16205290,64.18,89.84,24.41,60.78,260
2024-04-26,27.43,29.155,27.24,28.97,14164111,68.92,89.84,24.41,68.03,260
2024-05-03,28.97,29.775,25.27,27.9,39357820,63.8,89.84,24.41,60.2,260
2024-05-10,28.13,29.73,28.065,28.66,23517305,65.75,89.84,24.41,63.17,260
2024-05-17,28.8,29.845,28.53,29.3,13449918,67.34,89.84,24.41,65.61,260
2024-05-24,29.26,33.325,29.21,33.17,26948829,74.93,89.84,24.41,77.21,260
2024-05-31,33.3,34.12,32.55,33.13,19026320,74.74,89.84,24.41,76.92,260
2024-06-07,33.38,33.96,31.76,31.97,20457709,69.16,89.84,24.41,68.4,260
2024-06-14,31.92,32.845,31.13,31.26,16290419,65.92,89.84,24.41,63.44,260
2024-06-21,31.4,32.23,29.965,30.66,19130951,63.23,89.84,24.41,59.32,260
2024-06-28,30.56,30.88,29.225,29.49,20532390,58.23,89.84,24.41,51.68,260
2024-07-05,29.55,30.29,29.17,29.5,9804957,58.26,89.84,24.41,51.73,260
2024-07-12,29.6,30.78,29.28,30.39,11334581,60.98,89.84,24.41,55.88,260
2024-07-19,30.43,31.83,28.9,29.04,16065097,55.11,89.84,24.41,46.92,260
2024-07-26,29.36,33.7,28.92,32.01,25248815,63.44,89.84,24.41,59.65,260
2024-08-02,32.15,32.71,28.31,28.59,17018508,51.57,89.84,24.41,41.51,260
2024-08-09,26.18,29.41,26.02,29.29,13504323,53.49,89.84,24.41,44.44,260
2024-08-16,29.37,31.9,29.18,31.62,10544049,59.27,89.84,24.41,53.28,260
2024-08-23,31.75,32.955,31.44,32.93,9259014,62.12,89.84,24.41,57.64,260
2024-08-30,32.98,33.15,31.915,32.49,8687783,60.59,89.84,24.41,55.29,260
2024-09-06,32.16,32.37,28.95,29.05,9603498,50.16,89.84,24.41,39.35,260
2024-09-13,29.65,30.745,28.255,29.8,29299967,52.09,89.84,24.41,42.31,260
2024-09-20,29.33,33.04,29.23,32.93,49684940,59.22,89.84,24.41,53.19,260
2024-09-27,33.09,34.42,31.485,33.56,18278246,60.49,89.84,24.41,55.14,260
2024-10-04,33.48,33.785,32.34,33.47,11144293,60.2,89.84,24.41,54.7,260
2024-10-11,33.53,35.2,33.12,35.11,10625560,63.61,89.84,24.41,59.91,260
2024-10-18,35.04,35.84,34.16,34.895,12598976,62.85,89.84,24.41,58.75,260
2024-10-25,34.9,35.66,33.645,35.21,8591304,63.54,89.84,24.41,59.8,260
2024-11-01,35.46,36.98,34.405,35.48,20423574,64.15,89.84,24.41,60.74,260
2024-11-08,35.19,40.29,35.09,40.09,15607685,72.62,89.84,24.41,73.68,260
2024-11-15,40.02,40.3,36.77,37.2,11935058,62.63,89.84,24.41,58.42,260
2024-11-22,37.38,41.52,36.561,41.3,88311117,69.12,89.84,24.41,68.33,260
2024-11-29,42.215,42.47,38.39,38.97,19050592,62.48,89.84,24.41,58.18,260
2024-12-06,38.99,39.8496,38.545,38.69,18300275,61.71,89.84,24.41,57.01,260
2024-12-13,38.3,38.9324,37.66,38.38,11567222,60.82,89.84,24.41,55.65,260
2024-12-20,38.31,40.18,37.15,38.64,24752152,61.33,89.84,24.41,56.42,260
2024-12-27,38.64,39.68,38.3684,39.12,7484884,62.29,89.84,24.41,57.9,260
2025-01-03,38.56,40.08,38.11,40.06,7951848,64.18,89.84,24.41,60.78,260
2025-01-10,40.67,44.45,39.52,40.21,12523180,64.48,89.84,24.41,61.24,260
2025-01-17,39.61,42.93,38.88,42.72,14496673,69.21,89.84,24.41,68.46,260
2025-01-24,43.0,45.0975,42.8,44.27,12622945,71.71,89.84,24.41,72.29,260
2025-01-31,41.77,43.0,38.42,41.65,29826307,62.47,89.84,24.41,58.16,260
2025-02-07,39.65,44.85,39.1,43.16,20083088,65.25,89.84,24.41,62.41,260
2025-02-14,43.25,43.665,41.86,42.51,12097982,63.08,89.84,24.41,59.1,260
2025-02-21,42.89,42.8988,39.66,40.36,10936036,56.41,89.84,24.41,48.91,260
2025-02-28,40.4,40.74,37.0703,37.89,20897864,49.89,89.84,24.41,38.93,260
2025-03-07,38.22,38.44,33.1,34.7,24232228,42.97,89.84,24.41,28.36,260
2025-03-14,33.94,35.59,32.42,34.49,21406802,42.55,89.84,32.7,17.24,260
2025-03-21,34.5,37.02,34.48,36.4,18214316,47.55,89.84,32.7,25.99,260
2025-03-28,37.38,37.755,32.8101,33.18,12420478,41.06,89.84,37.43,6.94,260
2025-04-04,32.35,34.41,25.11,26.68,27827553,31.67,89.84,31.67,0.0,260
2025-04-11,25.275,32.72,25.11,29.59,28864912,38.46,89.84,31.67,11.67,260
2025-04-17,30.9,31.89,30.2,31.54,13475954,42.57,89.84,31.67,18.74,260
2025-04-25,31.28,35.82,30.05,35.22,16673168,49.45,89.84,31.67,30.56,260
2025-05-02,35.36,36.99,33.35,36.735,19239073,51.99,89.84,31.67,34.94,260
2025-05-09,36.42,39.39,34.9403,38.48,26817355,54.82,89.84,31.67,39.79,260
2025-05-16,40.005,42.49,39.82,42.02,22978658,59.96,89.84,31.67,48.64,260
2025-05-23,41.16,42.5,40.1513,41.48,16610311,58.86,89.84,31.67,46.74,260
2025-05-30,42.01,42.7,41.54,42.3,14728818,60.06,89.84,31.67,48.8,260
2025-06-06,42.215,43.4,41.43,43.07,13776537,61.2,89.84,31.67,50.77,260
2025-06-13,43.14,44.27,42.8255,43.13,18867905,61.3,89.84,31.67,50.93,260
2025-06-20,43.36,46.9,43.15,46.03,20794919,65.59,89.84,31.67,58.31,260
2025-06-27,45.59,50.62,45.31,49.89,47053431,70.31,89.84,31.67,66.43,260
2025-07-03,49.96,52.17,48.155,51.69,16823857,72.23,89.84,31.67,69.72,260
2025-07-11,51.06,52.54,50.81,52.19,17964152,72.75,89.84,31.67,70.62,260
2025-07-18,52.05,53.75,50.89,53.06,16256763,73.68,89.84,31.67,72.23,260
2025-07-25,53.13,53.97,48.95,49.99,27588511,65.2,89.84,31.67,57.64,260
2025-08-01,50.18,52.66,48.29,49.52,22926475,63.99,89.84,31.67,55.55,260
2025-08-08,50.39,51.75,49.02,50.34,18277605,65.2,89.84,31.67,57.65,260
2025-08-15,50.42,52.37,48.2001,49.0,16526869,61.54,89.84,31.67,51.35,260
2025-08-22,48.98,52.97,47.83,51.92,17610706,66.02,89.84,31.67,59.05,260
2025-08-29,51.89,54.83,51.765,53.62,18690733,68.33,89.84,31.67,63.03,260
2025-09-05,52.445,56.58,51.755,55.66,13734061,70.89,89.84,31.67,67.43,260
2025-09-12,55.95,58.595,55.35,57.29,16938857,72.79,89.84,31.67,70.68,260
2025-09-19,57.4,58.8,55.35,58.65,19906022,74.29,89.84,31.67,73.26,260
2025-09-26,58.35,59.76,54.5,56.85,19706825,68.87,89.84,31.67,63.95,260
2025-10-03,57.71,59.33,55.85,56.13,15564683,66.77,89.84,31.67,60.34,260
2025-10-10,57.72,60.05,55.89,56.59,17030553,67.45,89.84,31.67,61.51,260
2025-10-17,58.44,64.29,57.23,62.14,16362349,74.31,89.84,31.67,73.3,260
2025-10-24,63.02,65.59,60.08,64.28,20123765,76.37,89.84,31.67,76.85,260
2025-10-31,65.52,67.0,58.95,62.52,26361363,71.3,89.84,31.67,68.12,260
2025-11-07,63.4,66.05,60.79,62.64,22008003,71.43,89.84,31.67,68.36,260
2025-11-14,64.3,64.98,57.41,59.99,15815114,64.04,89.84,31.67,55.64,260
2025-11-21,59.9,60.71,53.07,55.29,19976328,53.46,89.84,31.67,37.46,260
2025-11-28,55.83,59.57,55.47,59.11,36859318,59.34,89.84,31.67,47.56,260
2025-12-05,58.42,62.72,56.1701,62.41,21193631,63.61,89.84,31.67,54.91,260
2025-12-12,65.83,72.22,65.34,68.8,41957833,70.16,89.84,31.67,66.16,260
2025-12-19,69.4,70.18,62.48,64.24,62654240,61.64,89.84,31.67,51.52,260
2025-12-26,65.2,65.46,62.65,63.33,9648776,60.07,89.84,31.67,48.82,260
2026-01-02,63.04,63.72,60.35,63.68,8288843,60.49,89.84,31.67,49.54,260
2026-01-09,64.59,65.28,58.945,61.5,16764831,56.53,89.84,31.67,42.74,260
2026-01-16,61.02,67.08,60.74,64.83,16294637,60.75,89.84,31.67,50.0,260
2026-01-23,62.7,67.93,62.56,63.775,12196606,58.81,89.84,31.67,46.65,260
2026-01-30,63.76,67.43,62.34,63.04,15819742,57.42,89.84,31.67,44.27,260
2026-02-06,62.69,66.185,55.1601,63.98,31872562,58.76,89.84,31.67,46.57,260
2026-02-13,63.85,67.5,61.54,64.24,21777338,59.14,89.84,31.67,47.22,260
2026-02-20,64.31,67.71,62.72,65.68,14176253,61.28,89.84,31.67,50.89,260
2026-02-27,65.25,66.66,61.58,63.02,16773731,55.5,89.84,31.67,40.97,260
2026-03-06,61.37,65.58,59.54,59.91,16391504,49.62,89.84,31.67,30.86,260
2026-03-13,58.87,64.48,58.53,63.445,18178081,55.41,89.84,31.67,40.8,260
2026-03-20,64.56,66.26,61.14,61.64,18913757,52.11,89.84,31.67,35.15,260
2026-03-27,63.19,70.74,63.075,64.8,15266854,56.94,89.84,31.67,43.44,260
2026-04-02,66.555,69.04,60.285,68.59,12263459,61.9,89.84,31.67,51.96,260
2026-04-10,68.92,77.075,66.8334,76.74,18535086,69.92,89.84,31.67,65.75,260
2026-04-17,75.96,82.85,75.27,81.83,16667730,73.65,89.84,31.67,72.16,260
2026-04-24,82.62,91.9064,82.26,91.41,17747870,78.94,89.84,31.67,81.26,260
2026-05-01,92.05,93.53,84.67,91.7,21187061,79.08,89.84,31.67,81.5,260
2026-05-08,92.405,142.585,90.8501,142.17,52195200,90.57,90.57,31.67,100.0,260
2026-05-15,141.93,147.34,134.0,137.86,34989777,86.22,90.57,31.67,92.6,260
2026-05-22,138.21,139.02,121.3,132.47,28533186,80.97,90.57,31.67,83.7,260
2026-05-29,135.93,154.25,135.93,150.78,27311737,84.44,90.57,31.67,89.58,260
2026-06-05,149.625,166.86,145.51,151.92,27492785,84.62,90.57,31.67,89.9,260
2026-06-12,158.7,158.7,137.78,149.71,24485743,82.55,90.57,31.67,86.37,260
2026-06-18,154.84,155.7,141.11,147.61,98836387,80.52,90.57,31.67,82.94,260
2026-06-26,151.05,165.8899,144.69,146.7,40675172,79.61,90.57,31.67,81.39,260
2026-07-02,146.6,165.82,134.82,136.855,22298907,70.34,90.57,31.67,65.65,260
2026-07-10,138.515,146.0,125.32,135.8,20626789,69.41,90.57,31.67,64.07,260
2026-07-17,132.5,135.67,111.379,119.25,19924045,56.71,90.57,31.67,42.5,260
2026-07-24,120.405,131.6845,117.8,118.51,17578614,56.21,90.57,31.67,41.66,260
2026-07-31,118.62,120.4695,99.5,113.75,42547922,53.0,90.57,31.67,36.22,260
2026-08-07,109.94,129.375,107.1,121.35,19332986,57.2,90.57,31.67,43.35,260
2026-08-14,122.72,130.3799,119.59,126.16,13931851,59.66,90.57,31.67,47.52,260
2026-08-21,128.2,131.63,108.105,110.45,14566529,49.64,90.57,31.67,30.5,260
2026-08-28,108.35,116.17,104.9,110.5,13018077,49.67,90.57,31.67,30.55,260
2026-09-04,110.35,111.63,102.25,109.51,16259539,49.06,90.57,31.67,29.53,260
2026-09-11,110.765,117.68,107.92,115.78,11893026,52.95,90.57,31.67,36.13,260
