Semana,Open,High,Low,Close,Volume,RSI,RSI_max_5a,RSI_min_5a,Posicion,Semanas_ventana
1983-12-30,2.4025,2.4298,2.3752,2.4025,47000,,,,,0
1984-01-06,2.3992,2.587,2.3817,2.5597,270334,,,,,0
1984-01-13,2.5663,2.7438,2.5455,2.7099,365867,,,,,0
1984-01-20,2.6957,2.7099,2.6209,2.6755,445334,,,,,0
1984-01-27,2.6995,2.7984,2.6826,2.7301,261534,,,,,0
1984-02-03,2.7165,2.7984,2.6957,2.7165,272868,,,,,0
1984-02-10,2.6722,2.7099,2.6002,2.6553,245334,,,,,0
1984-02-17,2.6553,2.8055,2.6416,2.7372,448667,,,,,0
1984-02-24,2.7372,2.7503,2.5729,2.6209,186267,,,,,0
1984-03-02,2.6209,2.7028,2.5729,2.6755,354801,,,,,0
1984-03-09,2.6755,2.6892,2.539,2.539,312068,,,,,0
1984-03-16,2.539,2.6209,2.4642,2.587,361068,,,,,0
1984-03-23,2.5494,2.6416,2.5182,2.5729,153534,,,,,0
1984-03-30,2.5729,2.587,2.4773,2.4773,229734,,,,,0
1984-04-06,2.498,2.5182,2.3342,2.3413,221401,47.35,47.35,47.35,,1
1984-04-13,2.3413,2.4707,2.3069,2.45,193135,52.2,52.2,47.35,100.0,2
1984-04-19,2.4161,2.4776,2.3957,2.4571,118467,52.5,52.5,47.35,100.0,3
1984-04-27,2.4571,2.6111,2.3957,2.5799,284600,57.59,57.59,47.35,100.0,4
1984-05-04,2.5799,2.7233,2.5595,2.6414,222000,59.9,59.9,47.35,100.0,5
1984-05-11,2.6414,2.7028,2.4161,2.4366,408300,50.1,59.9,47.35,21.89,6
1984-05-18,2.4112,2.4677,2.3957,2.4464,284800,50.52,59.9,47.35,25.22,7
1984-05-25,2.4464,2.4464,2.222,2.2523,1733100,42.87,59.9,42.87,0.0,8
1984-06-01,2.2523,2.2622,1.9247,1.9657,803500,34.55,59.9,34.55,0.0,9
1984-06-08,2.0476,2.1295,2.0066,2.1295,2644500,41.53,59.9,34.55,27.54,10
1984-06-15,2.0779,2.0779,1.9247,1.9657,762700,37.25,59.9,34.55,10.66,11
1984-06-22,1.9862,2.2319,1.9657,2.1606,450000,44.57,59.9,34.55,39.53,12
1984-06-29,2.1393,2.1803,1.9247,1.9657,497200,39.6,59.9,34.55,19.91,13
1984-07-06,1.9657,2.0992,1.9452,2.0681,420200,43.18,59.9,34.55,34.06,14
1984-07-13,2.0574,2.1909,2.0574,2.1295,327700,45.28,59.9,34.55,42.34,15
1984-07-20,2.1197,2.2319,2.0271,2.0378,395600,42.74,59.9,34.55,32.32,16
1984-07-27,2.0271,2.2425,1.9763,2.2425,683400,49.55,59.9,34.55,59.15,17
1984-08-03,2.1909,2.3138,2.0992,2.2835,1023000,50.81,59.9,34.55,64.12,18
1984-08-10,2.3342,2.4776,2.2835,2.4161,1092600,54.75,59.9,34.55,79.66,19
1984-08-17,2.4161,2.4161,2.2425,2.3342,330000,51.98,59.9,34.55,68.74,20
1984-08-24,2.3342,2.4063,2.2933,2.3654,555200,52.95,59.9,34.55,72.58,21
1984-08-31,2.3654,2.3752,2.222,2.2523,275200,49.06,59.9,34.55,57.24,22
1984-09-07,2.2728,2.3031,2.2114,2.2835,1238400,50.15,59.9,34.55,61.53,23
1984-09-14,2.222,2.6004,2.222,2.5799,1135700,59.09,59.9,34.55,96.81,24
1984-09-21,2.5595,2.6823,2.5185,2.6004,633300,59.63,59.9,34.55,98.93,25
1984-09-28,2.6004,2.6111,2.4776,2.498,387600,55.68,59.9,34.55,83.36,26
1984-10-05,2.4366,2.4366,2.2622,2.2933,791500,48.73,59.9,34.55,55.95,27
1984-10-12,2.2933,2.4571,2.2319,2.4366,1080800,53.14,59.9,34.55,73.34,28
1984-10-19,2.4161,2.5693,2.4063,2.498,1289300,54.93,59.9,34.55,80.39,29
1984-10-26,2.5079,2.539,2.426,2.4366,311400,52.76,59.9,34.55,71.84,30
1984-11-02,2.4464,2.5693,2.4366,2.539,879800,55.89,59.9,34.55,84.17,31
1984-11-09,2.539,2.6307,2.539,2.5906,426400,57.42,59.9,34.55,90.2,32
1984-11-16,2.6111,2.6619,2.4776,2.5906,483800,57.42,59.9,34.55,90.2,33
1984-11-23,2.5799,2.6619,2.539,2.6619,296700,59.66,59.9,34.55,99.04,34
1984-11-30,2.652,2.7028,2.5799,2.6307,731600,58.22,59.9,34.55,93.36,35
1984-12-07,2.6111,2.7847,2.6004,2.7438,1529300,61.82,61.82,34.55,100.0,36
1984-12-14,2.7135,2.7847,2.6922,2.7536,2789700,62.13,62.13,34.55,100.0,37
1984-12-21,2.7438,2.9379,2.652,2.7135,939800,60.01,62.13,34.55,92.33,38
1984-12-28,2.7339,2.8666,2.7339,2.8461,422300,64.34,64.34,34.55,100.0,39
1985-01-04,2.8052,2.8257,2.7233,2.7438,355600,59.03,64.34,34.55,82.19,40
1985-01-11,2.7642,2.8977,2.7135,2.8568,734800,62.69,64.34,34.55,94.47,41
1985-01-18,2.8666,3.0918,2.8257,2.9993,1186000,66.72,66.72,34.55,100.0,42
1985-01-25,3.0099,3.1942,2.9993,3.1328,1508300,70.0,70.0,34.55,100.0,43
1985-02-01,3.1434,3.1434,3.0304,3.0918,476800,67.79,70.0,34.55,93.79,44
1985-02-08,3.0918,3.4195,3.0918,3.3892,1226100,74.15,74.15,34.55,100.0,45
1985-02-15,3.3892,3.5218,3.3064,3.4088,955000,74.51,74.51,34.55,100.0,46
1985-02-22,3.4195,3.4195,3.1123,3.1328,836900,61.6,74.51,34.55,67.69,47
1985-03-01,3.1123,3.2966,2.9993,3.2966,1447100,65.43,74.51,34.55,77.27,48
1985-03-08,3.2761,3.286,3.1737,3.1942,1072600,61.31,74.51,34.55,66.97,49
1985-03-15,3.1631,3.1631,3.0509,3.0918,1806000,57.42,74.51,34.55,57.24,50
1985-03-22,3.1328,3.1434,3.0509,3.0918,658800,57.42,74.51,34.55,57.24,51
1985-03-29,3.0918,3.1328,3.0402,3.0714,1614600,56.59,74.51,34.55,55.15,52
1985-04-04,3.082,3.1328,3.0304,3.1123,947800,57.9,74.51,34.55,58.44,53
1985-04-12,3.1328,3.2663,3.1123,3.2352,449600,61.66,74.51,34.55,67.83,54
1985-04-19,3.2556,3.3482,3.245,3.3171,456900,63.96,74.51,34.55,73.6,55
1985-04-26,3.2966,3.3482,3.2761,3.2966,1294600,62.94,74.51,34.55,71.05,56
1985-05-03,3.2761,3.2761,3.1025,3.1533,1031600,56.19,74.51,34.55,54.16,57
1985-05-10,3.1533,3.4399,3.1434,3.4293,1304900,64.16,74.51,34.55,74.11,58
1985-05-17,3.4293,3.4907,3.358,3.4907,1620700,65.66,74.51,34.55,77.85,59
1985-05-24,3.5317,3.5628,3.3171,3.399,2340600,61.53,74.51,34.55,67.51,60
1985-05-31,3.4293,3.4604,3.2966,3.3892,819300,61.08,74.51,34.55,66.4,61
1985-06-07,3.4195,3.4293,3.3376,3.3785,1503700,60.57,74.51,34.55,65.12,62
1985-06-14,3.3171,3.3376,3.2352,3.2663,715000,55.33,74.51,34.55,52.01,63
1985-06-21,3.245,3.3171,3.2352,3.2761,675000,55.69,74.51,34.55,52.91,64
1985-06-28,3.2556,3.3785,3.245,3.3785,525100,59.38,74.51,34.55,62.14,65
1985-07-05,3.3679,3.512,3.3482,3.4907,553600,63.02,74.51,34.55,71.24,66
1985-07-12,3.4907,3.6447,3.4809,3.5833,1050000,65.74,74.51,34.55,78.05,67
1985-07-19,3.5628,3.6037,3.4195,3.4399,822400,58.55,74.51,34.55,60.06,68
1985-07-26,3.4506,3.4506,3.286,3.3482,1020900,54.45,74.51,34.55,49.79,69
1985-08-02,3.3376,3.4088,3.286,3.3064,1167200,52.64,74.51,34.55,45.26,70
1985-08-09,3.3064,3.3171,3.1836,3.2663,1277900,50.89,74.51,34.55,40.89,71
1985-08-16,3.2761,3.2761,3.245,3.2556,1060800,50.41,74.51,34.55,39.69,72
1985-08-23,3.2761,3.2966,3.1942,3.2049,1151100,48.09,74.51,34.55,33.88,73
1985-08-30,3.2147,3.3171,3.2049,3.2761,659700,51.47,74.51,34.55,42.33,74
1985-09-06,3.2761,3.286,3.2049,3.2556,2243400,50.45,74.51,34.55,39.79,75
1985-09-13,3.1942,3.2253,2.8871,2.9592,624500,38.57,74.51,34.55,10.06,76
1985-09-20,2.9485,3.0304,2.8461,2.9592,754000,38.57,74.51,34.55,10.06,77
1985-09-26,2.9796,2.9895,2.8363,2.8363,764500,34.65,74.51,34.55,0.25,78
1985-10-04,2.8461,2.969,2.7233,2.9379,824800,40.07,74.51,34.55,13.82,79
1985-10-11,2.9379,3.1942,2.9174,3.1737,522500,50.37,74.51,34.55,39.6,80
1985-10-18,3.1737,3.245,3.1123,3.1434,722400,49.2,74.51,34.55,36.67,81
1985-10-25,3.1328,3.1836,3.0099,3.1328,651100,48.78,74.51,34.55,35.6,82
1985-11-01,3.1434,3.2253,3.1328,3.2147,574900,52.22,74.51,34.55,44.23,83
1985-11-08,3.2147,3.2966,3.1533,3.2049,683600,51.77,74.51,34.55,43.1,84
1985-11-15,3.2049,3.358,3.1737,3.2663,785100,54.42,74.51,34.55,49.72,85
1985-11-22,3.2761,3.4195,3.245,3.3892,1135900,59.24,74.51,34.55,61.78,86
1985-11-29,3.3892,3.4195,3.3277,3.399,553600,59.6,74.51,34.55,62.7,87
1985-12-06,3.4088,3.6242,3.3679,3.5833,1718200,65.83,74.51,34.55,78.28,88
1985-12-13,3.6037,3.7364,3.5218,3.6963,1224900,68.99,74.51,34.55,86.18,89
1985-12-20,3.7266,3.788,3.6545,3.6963,1000600,68.99,74.51,34.55,86.18,90
1985-12-27,3.7061,3.7061,3.5317,3.6856,502600,68.3,74.51,34.55,84.45,91
1986-01-03,3.6963,3.8191,3.675,3.7774,888400,70.99,74.51,34.55,91.18,92
1986-01-10,3.788,4.0133,3.6545,3.6963,930500,65.68,74.51,34.55,77.91,93
1986-01-17,3.7168,3.829,3.6856,3.7978,480100,68.83,74.51,34.55,85.77,94
1986-01-24,3.7774,3.7978,3.3376,3.4809,1563000,52.63,74.51,34.55,45.24,95
1986-01-31,3.4809,3.6856,3.4088,3.6242,1449000,57.5,74.51,34.55,57.43,96
1986-02-07,3.6349,3.675,3.358,3.4809,1486000,51.77,74.51,34.55,43.08,97
1986-02-14,3.5014,3.6856,3.4809,3.6652,630300,57.62,74.51,34.55,57.72,98
1986-02-21,3.6652,3.7471,3.6037,3.6349,855000,56.4,74.51,34.55,54.69,99
1986-02-28,3.6136,3.9625,3.5833,3.9314,1789400,64.31,74.51,34.55,74.48,100
1986-03-07,3.9109,4.0542,3.8085,4.0542,3353200,66.98,74.51,34.55,81.16,101
1986-03-14,4.0952,4.3818,3.9928,4.2794,1907400,71.24,74.51,34.55,91.81,102
1986-03-21,4.2794,4.3818,4.0952,4.2999,740700,71.6,74.51,34.55,92.7,103
1986-03-27,4.3204,4.5251,4.3106,4.5251,807000,75.25,75.25,34.55,100.0,104
1986-04-04,4.5047,4.5251,4.1459,4.1566,990400,61.35,75.25,34.55,65.85,105
1986-04-11,4.1156,4.5145,4.105,4.4121,1150200,66.03,75.25,34.55,77.36,106
1986-04-18,4.4228,4.4539,4.3204,4.4228,566500,66.22,75.25,34.55,77.81,107
1986-04-25,4.4121,4.6071,4.3916,4.4948,696200,67.5,75.25,34.55,80.96,108
1986-05-02,4.5145,4.5145,4.259,4.3106,769000,61.11,75.25,34.55,65.28,109
1986-05-09,4.3106,4.3613,4.1361,4.1664,1162900,56.61,75.25,34.55,54.2,110
1986-05-16,4.1566,4.1566,4.0034,4.0747,997600,53.88,75.25,34.55,47.5,111
1986-05-23,4.0952,4.2794,4.0436,4.2794,1141600,58.66,75.25,34.55,59.25,112
1986-05-30,4.2999,4.4121,4.259,4.372,451800,60.65,75.25,34.55,64.13,113
1986-06-06,4.3613,4.372,4.2278,4.2999,1162500,58.3,75.25,34.55,58.36,114
1986-06-13,4.1459,4.2385,4.0952,4.1877,3743200,54.74,75.25,34.55,49.62,115
1986-06-20,4.1877,4.2082,4.0747,4.1156,505300,52.53,75.25,34.55,44.18,116
1986-06-27,4.1361,4.2491,4.0649,4.2385,502600,55.81,75.25,34.55,52.25,117
1986-07-03,4.2385,4.2794,4.1771,4.2491,367600,56.1,75.25,34.55,52.94,118
1986-07-11,4.2491,4.2491,3.9723,4.0034,772600,48.38,75.25,34.55,33.99,119
1986-07-18,3.9821,3.9821,3.6963,3.7266,910200,41.46,75.25,34.55,16.99,120
1986-07-25,3.7061,3.7471,3.6856,3.7471,529600,42.12,75.25,34.55,18.61,121
1986-08-01,3.7266,3.8191,3.5628,3.5939,476000,38.62,75.25,34.55,10.01,122
1986-08-08,3.5939,3.8494,3.5521,3.788,786500,44.88,75.25,34.55,25.38,123
1986-08-15,3.8085,3.8904,3.7675,3.8904,1086200,47.89,75.25,34.55,32.79,124
1986-08-22,3.8904,4.0034,3.8699,3.9625,820300,49.97,75.25,34.55,37.89,125
1986-08-29,3.9518,4.0133,3.8904,3.9928,348300,50.86,75.25,34.55,40.07,126
1986-09-05,3.9928,4.0337,3.8699,3.8904,677200,47.78,75.25,34.55,32.5,127
1986-09-12,3.8699,3.8806,3.4711,3.5014,1030900,38.29,75.25,34.55,9.19,128
1986-09-19,3.5218,3.6856,3.512,3.5521,1937600,39.96,75.25,34.55,13.31,129
1986-09-26,3.5628,3.7471,3.4907,3.6652,608200,43.63,75.25,34.55,22.32,130
1986-10-03,3.6447,3.6652,3.5317,3.5423,796400,40.72,75.25,34.55,15.16,131
1986-10-10,3.5521,3.6856,3.5218,3.5734,510600,41.78,75.25,34.55,17.77,132
1986-10-17,3.5939,3.675,3.5423,3.6242,417100,43.55,75.25,34.55,22.13,133
1986-10-24,3.6242,3.6242,3.4809,3.5521,532400,41.62,75.25,34.55,17.37,134
1986-10-31,3.5521,3.6242,3.4809,3.5939,589700,43.19,75.25,34.55,21.24,135
1986-11-07,3.5734,3.675,3.5628,3.6349,450600,44.77,75.25,34.55,25.12,136
1986-11-14,3.6242,3.6447,3.5218,3.5734,474100,42.85,75.25,34.55,20.4,137
1986-11-21,3.5521,3.6545,3.4711,3.6545,776300,46.13,75.25,34.55,28.47,138
1986-11-28,3.6447,3.6963,3.6242,3.6447,446600,45.79,75.25,34.55,27.62,139
1986-12-05,3.6349,3.8904,3.6037,3.7675,1013900,50.73,75.25,34.55,39.76,140
1986-12-12,3.7675,3.8396,3.6242,3.6349,976800,45.87,75.25,34.55,27.82,141
1986-12-19,3.6136,3.6856,3.4809,3.6349,2547800,45.87,75.25,34.55,27.82,142
1986-12-26,3.6242,3.6545,3.5423,3.5628,441200,43.26,75.25,34.55,21.4,143
1987-01-02,3.5423,3.5734,3.4604,3.512,863100,41.47,75.25,34.55,17.0,144
1987-01-09,3.5317,3.7577,3.512,3.7471,1423500,51.48,75.25,34.55,41.61,145
1987-01-16,3.7471,3.829,3.7061,3.8191,869300,54.08,75.25,34.55,47.98,146
1987-01-23,3.8085,3.9723,3.788,3.9109,807500,57.21,75.25,34.55,55.69,147
1987-01-30,3.8904,3.9518,3.829,3.8396,821900,54.12,75.25,34.55,48.09,148
1987-02-06,3.8494,4.0133,3.7978,3.9625,662600,58.3,75.25,34.55,58.37,149
1987-02-13,3.9723,3.9723,3.8191,3.9207,514700,56.42,75.25,34.55,53.74,150
1987-02-20,3.9314,4.0542,3.8699,4.0231,571100,59.85,75.25,34.55,62.16,151
1987-02-27,3.9821,3.9821,3.7168,3.8085,1352100,50.83,75.25,34.55,40.0,152
1987-03-06,3.8085,3.9109,3.7471,3.8806,736600,53.37,75.25,34.55,46.25,153
1987-03-13,3.7978,3.7978,3.6652,3.6652,2225700,45.76,75.25,34.55,27.55,154
1987-03-20,3.6447,3.7061,3.5939,3.6349,560600,44.79,75.25,34.55,25.17,155
1987-03-27,3.6447,3.7364,3.6242,3.6856,825900,46.82,75.25,34.55,30.16,156
1987-04-03,3.5833,3.7364,3.5317,3.7168,1122900,48.08,75.25,34.55,33.25,157
1987-04-10,3.7266,3.7266,3.6037,3.6037,542900,44.0,75.25,34.55,23.23,158
1987-04-16,3.6136,3.6242,3.2966,3.3785,504900,37.23,75.25,34.55,6.59,159
1987-04-24,3.3892,3.4506,3.286,3.3785,941900,37.23,75.25,34.55,6.59,160
1987-05-01,3.3785,3.5734,3.3277,3.5014,1043900,42.8,75.25,34.55,20.28,161
1987-05-08,3.4907,3.6545,3.4907,3.6447,891000,48.54,75.25,34.55,34.37,162
1987-05-15,3.6349,3.675,3.4604,3.4711,828700,42.92,75.25,34.55,20.57,163
1987-05-22,3.4506,3.4506,3.245,3.4195,1136500,41.39,75.25,34.55,16.81,164
1987-05-29,3.4399,3.5423,3.4088,3.4399,343100,42.27,75.25,34.55,18.97,165
1987-06-05,3.4399,3.6242,3.4088,3.6037,1549200,48.89,75.25,34.55,35.24,166
1987-06-12,3.5833,3.7061,3.5734,3.7061,1038500,52.55,75.25,34.55,44.23,167
1987-06-19,3.7168,3.8593,3.7168,3.8085,3418200,55.95,75.25,34.55,52.59,168
1987-06-26,3.8191,3.8191,3.5628,3.5833,517700,47.83,75.25,34.55,32.64,169
1987-07-02,3.5833,3.5939,3.4088,3.4907,506800,44.95,75.25,34.55,25.55,170
1987-07-10,3.512,3.5423,3.4195,3.4604,660200,44.01,75.25,34.55,23.25,171
1987-07-17,3.4604,3.4711,3.3376,3.399,890900,42.1,75.25,34.55,18.54,172
1987-07-24,3.3679,3.4195,3.2556,3.3277,596100,39.93,75.25,34.55,13.21,173
1987-07-31,3.3277,3.3277,3.2352,3.2556,788500,37.8,75.25,34.55,8.0,174
1987-08-07,3.245,3.3064,3.2049,3.2556,1121000,37.8,75.25,34.55,8.0,175
1987-08-14,3.245,3.7168,3.2352,3.6136,2760200,52.38,75.25,34.55,43.82,176
1987-08-21,3.6136,3.6545,3.399,3.4293,958700,46.36,75.25,34.55,29.02,177
1987-08-28,3.4195,3.5014,3.2761,3.286,986800,42.28,75.25,34.55,19.01,178
1987-09-04,3.286,3.3064,3.1631,3.1836,917800,39.61,75.25,34.55,12.43,179
1987-09-11,3.1737,3.2049,3.1221,3.1434,1749300,38.58,75.25,34.55,9.9,180
1987-09-18,3.1533,3.2761,3.082,3.0918,1749700,37.23,75.25,34.55,6.6,181
1987-09-25,3.1123,3.1221,2.9993,3.0304,763000,35.64,75.25,34.55,2.69,182
1987-10-02,3.0714,3.1836,3.0402,3.1328,1180800,40.22,75.25,34.55,13.95,183
1987-10-09,3.1221,3.1221,2.969,2.9796,511500,36.09,75.25,34.55,3.78,184
1987-10-16,2.9592,3.1123,2.9174,2.9174,730600,34.53,75.25,34.53,0.0,185
1987-10-23,2.9174,2.9174,2.0066,2.2523,1976600,23.09,75.25,23.09,0.0,186
1987-10-30,2.1704,2.2114,2.0476,2.2114,1205500,22.59,75.25,22.59,0.0,187
1987-11-06,2.2114,2.3957,2.1909,2.3342,1002300,27.62,75.25,22.59,9.55,188
1987-11-13,2.3342,2.4571,2.3031,2.3342,1029200,27.62,75.25,22.59,9.55,189
1987-11-20,2.3449,2.3449,2.222,2.2835,633200,26.78,75.25,22.59,7.97,190
1987-11-27,2.2622,2.2835,2.1704,2.1803,555700,25.12,75.25,22.59,4.81,191
1987-12-04,2.0885,2.15,1.9247,1.9862,726000,22.32,75.25,22.32,0.0,192
1987-12-11,1.9657,1.9968,1.9149,1.9657,2996600,22.04,75.25,22.04,0.0,193
1987-12-18,1.955,1.9657,1.6585,1.8838,3341500,20.91,75.25,20.91,0.0,194
1987-12-24,1.8739,1.9149,1.8322,1.8838,920900,20.91,75.25,20.91,0.0,195
1987-12-31,1.8838,1.9149,1.7404,1.7511,1015900,19.08,75.25,19.08,0.0,196
1988-01-08,1.72,1.8936,1.6692,1.6692,1434400,18.03,75.25,18.03,0.0,197
1988-01-15,1.6888,1.7814,1.6585,1.6888,2082000,19.18,75.25,18.03,2.01,198
1988-01-22,1.679,1.72,1.6381,1.6479,968600,18.59,75.25,18.03,0.99,199
1988-01-29,1.6692,1.7609,1.6479,1.7609,1400300,25.37,75.25,18.03,12.83,200
1988-02-05,1.7511,1.8322,1.6888,1.8322,1597800,29.36,75.25,18.03,19.8,201
1988-02-12,1.8117,1.8633,1.7707,1.8633,1228000,31.09,75.25,18.03,22.83,202
1988-02-19,1.9042,1.9452,1.8535,1.9042,816300,33.41,75.25,18.03,26.87,203
1988-02-26,1.9149,2.0066,1.8838,1.9968,2957300,38.44,75.25,18.03,35.67,204
1988-03-04,1.9968,2.0992,1.9862,2.0066,3708900,38.97,75.25,18.03,36.59,205
1988-03-11,1.9968,2.0779,1.9657,2.0214,11535300,39.8,75.25,18.03,38.05,206
1988-03-18,2.0104,2.0845,1.9894,2.0003,1561500,38.98,75.25,18.03,36.62,207
1988-03-25,2.0104,2.0214,1.8841,1.895,1038500,35.09,75.25,18.03,29.83,208
1988-03-31,1.8841,1.9692,1.7796,1.8007,1066800,32.01,75.25,18.03,24.44,209
1988-04-08,1.8007,2.0104,1.7898,1.9692,1182100,41.83,75.25,18.03,41.6,210
1988-04-15,1.9894,2.0104,1.9371,1.9473,871300,41.0,75.25,18.03,40.15,211
1988-04-22,1.9793,2.0104,1.9582,1.9793,901500,42.79,75.25,18.03,43.27,212
1988-04-29,2.0214,2.1056,2.0104,2.0736,1076300,47.8,75.25,18.03,52.03,213
1988-05-06,2.0736,2.1056,2.0214,2.0635,668300,47.32,75.25,18.03,51.2,214
1988-05-13,2.0635,2.1797,2.0534,2.1797,1306000,53.13,75.25,18.03,61.35,215
1988-05-20,2.1999,2.274,2.1266,2.242,2522100,55.94,75.25,18.03,66.25,216
1988-05-27,2.2631,2.3684,2.2109,2.3583,2577100,60.67,75.25,18.03,74.52,217
1988-06-03,2.3583,2.5688,2.2951,2.5688,3089200,67.48,75.25,18.03,86.42,218
1988-06-10,2.5899,2.7162,2.5412,2.5954,10451500,68.22,75.25,18.03,87.73,219
1988-06-17,2.5954,2.66,2.4662,2.5412,1071800,64.94,75.25,18.03,81.99,220
1988-06-24,2.5515,2.6704,2.5084,2.66,1071100,68.52,75.25,18.03,88.24,221
1988-07-01,2.66,2.66,2.5084,2.5084,759700,60.1,75.25,18.03,73.53,222
1988-07-08,2.5308,2.6376,2.5308,2.5627,437800,61.9,75.25,18.03,76.68,223
1988-07-15,2.573,2.6376,2.4981,2.6376,985600,64.3,75.25,18.03,80.87,224
1988-07-22,2.6273,2.6376,2.5308,2.5412,828400,59.14,75.25,18.03,71.85,225
1988-07-29,2.5412,2.7134,2.5084,2.7022,609000,64.3,75.25,18.03,80.86,226
1988-08-05,2.7022,2.8857,2.6919,2.8642,1092500,68.59,75.25,18.03,88.36,227
1988-08-12,2.8857,2.9073,2.7246,2.7565,945800,63.15,75.25,18.03,78.86,228
1988-08-19,2.7565,2.7996,2.6273,2.7781,1031900,63.77,75.25,18.03,79.94,229
1988-08-26,2.7565,2.7781,2.6919,2.735,1736700,61.55,75.25,18.03,76.05,230
1988-09-02,2.735,2.8315,2.7022,2.8211,3144000,64.23,75.25,18.03,80.75,231
1988-09-09,2.8539,2.8961,2.7603,2.7832,6000700,62.17,75.25,18.03,77.15,232
1988-09-16,2.7832,2.8158,2.7603,2.8158,504500,63.26,75.25,18.03,79.06,233
1988-09-23,2.7938,2.9372,2.7938,2.8263,609000,63.63,75.25,18.03,79.7,234
1988-09-30,2.8378,2.8378,2.7498,2.8158,632300,62.95,75.25,18.03,78.52,235
1988-10-07,2.7938,2.8158,2.6398,2.7832,1568700,60.81,75.25,18.03,74.77,236
1988-10-14,2.7832,2.7938,2.6838,2.7498,834200,58.6,75.25,18.03,70.92,237
1988-10-21,2.7498,2.9698,2.7172,2.8263,868400,62.0,75.25,18.03,76.86,238
1988-10-28,2.8492,2.8492,2.7938,2.8158,785100,61.26,75.25,18.03,75.55,239
1988-11-04,2.8158,2.8818,2.7832,2.8492,762900,62.79,75.25,18.03,78.22,240
1988-11-11,2.8378,2.9698,2.8052,2.8923,837600,64.72,75.25,18.03,81.6,241
1988-11-18,2.8818,2.8923,2.7832,2.8818,713100,63.84,75.25,18.03,80.07,242
1988-11-25,2.8818,2.9152,2.8598,2.8703,339100,62.85,75.25,18.03,78.34,243
1988-12-02,2.8598,2.9812,2.8158,2.9812,403600,68.03,75.25,18.03,87.39,244
1988-12-09,2.9478,2.9522,2.8158,2.9522,1010100,65.46,75.25,18.03,82.89,245
1988-12-16,2.9414,2.9414,2.7501,2.7501,1532000,50.99,75.25,18.03,57.61,246
1988-12-23,2.7501,2.8067,2.7285,2.7734,725300,52.31,75.25,18.03,59.91,247
1988-12-30,2.7501,2.8067,2.7501,2.7842,395800,52.93,75.25,18.03,61.0,248
1989-01-06,2.7618,2.8067,2.7393,2.7842,557800,52.93,75.25,18.03,61.0,249
1989-01-13,2.795,2.8965,2.7842,2.874,1426100,58.23,75.25,18.03,70.26,250
1989-01-20,2.874,2.9522,2.7842,2.8291,1821600,54.9,75.25,18.03,64.45,251
1989-01-27,2.8291,3.0087,2.795,2.9755,1423900,62.44,75.25,18.03,77.62,252
1989-02-03,3.0087,3.0195,2.8848,2.9414,1284000,59.93,75.25,18.03,73.22,253
1989-02-10,2.9189,3.0087,2.8408,2.874,1553000,55.2,75.25,18.03,64.97,254
1989-02-17,2.8848,2.9297,2.8408,2.9082,906400,57.05,75.25,18.03,68.2,255
1989-02-24,2.9189,2.9297,2.7393,2.7501,869400,47.31,75.25,18.03,51.18,256
1989-03-03,2.7501,2.8408,2.7393,2.7618,914800,48.02,75.25,18.03,52.42,257
1989-03-10,2.7842,2.8455,2.7393,2.8106,2166200,50.98,75.25,18.03,57.59,258
1989-03-17,2.8226,3.1438,2.7996,3.1099,2536300,64.36,75.25,18.03,80.97,259
1989-03-23,3.098,3.098,2.9832,2.9942,1160100,57.79,75.25,18.03,69.5,260
1989-03-31,2.9942,3.3274,2.9832,3.3164,2615600,67.68,75.25,18.03,86.78,260
1989-04-07,3.3274,3.3274,3.1438,3.1549,1566100,60.08,75.25,18.03,73.5,260
1989-04-14,3.1787,3.2815,3.1319,3.2017,1319100,61.43,75.25,18.03,75.86,260
1989-04-21,3.1897,3.2925,3.1319,3.2925,1244800,63.98,75.25,18.03,80.31,260
1989-04-28,3.2586,3.3614,3.2476,3.3045,854200,64.32,75.25,18.03,80.9,260
1989-05-05,3.3045,3.3504,3.1438,3.1668,875200,57.68,75.25,18.03,69.29,260
1989-05-12,3.1787,3.1897,3.075,3.1209,884400,55.62,75.25,18.03,65.69,260
1989-05-19,3.1209,3.2815,3.086,3.2696,1609500,60.54,75.25,18.03,74.29,260
1989-05-26,3.3045,3.3394,3.1787,3.2127,1080800,57.89,75.25,18.03,69.67,260
1989-06-02,3.2237,3.4073,3.2017,3.3853,1127200,63.15,75.25,18.03,78.86,260
1989-06-09,3.4192,3.4192,3.3045,3.3788,1332800,62.83,75.25,18.03,78.31,260
1989-06-16,3.3788,3.3788,3.2142,3.2732,907700,57.74,75.25,18.03,69.4,260
1989-06-23,3.2844,3.4022,3.2732,3.4022,700300,61.81,75.25,18.03,76.52,260
1989-06-30,3.3901,3.4368,3.2844,3.3545,1020900,59.53,75.25,18.03,72.53,260
1989-07-07,3.3788,3.4368,3.3311,3.4134,757000,61.42,75.25,18.03,75.84,260
1989-07-14,3.4247,3.5537,3.4134,3.5303,1907500,64.93,75.25,18.03,81.98,260
1989-07-21,3.5303,3.5425,3.4134,3.4602,979500,61.33,75.25,18.03,75.68,260
1989-07-28,3.4714,3.5892,3.4602,3.5649,748500,64.5,75.25,18.03,81.22,260
1989-08-04,3.5649,3.7052,3.5649,3.5649,1009400,64.5,75.25,18.03,81.22,260
1989-08-11,3.6005,3.6706,3.5537,3.6117,936900,65.94,75.25,18.03,83.74,260
1989-08-18,3.6005,3.6351,3.507,3.5303,782400,61.27,75.25,18.03,75.57,260
1989-08-25,3.5303,3.5649,3.449,3.4948,832100,59.29,75.25,18.03,72.12,260
1989-09-01,3.5191,3.6005,3.4714,3.5771,529700,62.32,75.25,18.03,77.42,260
1989-09-08,3.6005,3.6117,3.449,3.5191,681300,58.99,75.25,18.03,71.59,260
1989-09-15,3.4998,3.5474,3.4283,3.4645,793800,55.96,75.25,18.03,66.29,260
1989-09-22,3.4522,3.7731,3.4522,3.714,1245400,64.86,75.25,18.03,81.84,260
1989-09-29,3.6426,3.8931,3.6426,3.8931,999100,69.6,75.25,18.03,90.13,260
1989-10-06,3.8693,3.9159,3.8093,3.8931,1011600,69.6,75.25,18.03,90.13,260
1989-10-13,3.8807,3.9159,3.3807,3.3807,1080700,48.06,75.25,18.03,52.49,260
1989-10-20,3.3807,3.5474,3.3331,3.4045,1113500,48.85,75.25,18.03,53.87,260
1989-10-27,3.3693,3.3807,3.095,3.2017,1009200,42.86,75.25,18.03,43.39,260
1989-11-03,3.1788,3.2141,3.1065,3.1427,869300,41.27,75.25,18.03,40.62,260
1989-11-10,3.095,3.1303,2.9522,3.095,5974600,39.98,75.25,18.03,38.37,260
1989-11-17,3.095,3.1303,3.036,3.1188,2314200,40.97,75.25,18.03,40.1,260
1989-11-24,3.1303,3.1303,2.9998,3.0836,1754400,39.92,75.25,18.03,38.26,260
1989-12-01,3.1065,3.1303,2.9998,3.0474,4528800,38.82,75.25,18.03,36.34,260
1989-12-08,3.0588,3.1427,3.036,3.095,2132900,41.12,75.25,18.03,40.36,260
1989-12-15,3.0874,3.1603,3.0261,3.0387,5703900,39.24,75.25,18.03,37.08,260
1989-12-22,3.0144,3.0261,2.7713,2.8802,2848900,34.47,75.25,18.03,28.73,260
1989-12-29,2.8569,2.9298,2.8316,2.9046,1318700,35.76,75.25,18.03,30.99,260
1990-01-05,2.9046,3.0788,2.9046,3.0788,1574900,44.24,75.25,18.03,45.81,260
1990-01-12,3.066,3.0906,2.8571,2.9064,2001600,38.78,75.25,18.03,36.27,260
1990-01-19,2.9064,2.9182,2.8078,2.8453,1350500,37.04,75.25,18.03,33.23,260
1990-01-26,2.8325,2.8453,2.4995,2.6108,3077400,31.24,75.25,18.03,23.08,260
1990-02-02,2.5862,2.6108,2.463,2.5734,2147300,30.42,75.25,18.03,21.65,260
1990-02-09,2.5615,2.6108,2.5123,2.5497,1245000,29.88,75.25,18.03,20.72,260
1990-02-16,2.5615,2.7212,2.5123,2.6729,3453900,36.16,75.25,18.03,31.69,260
1990-02-23,2.6108,2.6226,2.5123,2.5123,3415200,32.12,75.25,18.03,24.63,260
1990-03-02,2.5251,2.5734,2.463,2.5615,2043400,34.54,75.25,18.03,28.85,260
1990-03-09,2.5615,2.729,2.5615,2.6532,3603500,38.89,75.25,18.03,36.46,260
1990-03-16,2.6532,2.729,2.5774,2.5905,4187500,37.08,75.25,18.03,33.29,260
1990-03-23,2.5642,2.6279,2.4258,2.539,3326400,35.6,75.25,18.03,30.71,260
1990-03-30,2.5268,2.5642,2.2994,2.3631,2883100,31.07,75.25,18.03,22.79,260
1990-04-06,2.3247,2.451,2.2994,2.3126,2708600,29.89,75.25,18.03,20.73,260
1990-04-12,2.3247,2.4884,2.2994,2.4763,3195300,38.08,75.25,18.03,35.05,260
1990-04-20,2.5016,2.5147,2.3368,2.35,2011600,34.71,75.25,18.03,29.16,260
1990-04-27,2.3873,2.4389,2.3631,2.3873,1806700,36.5,75.25,18.03,32.29,260
1990-05-04,2.4005,2.5147,2.3247,2.5147,1621200,42.31,75.25,18.03,42.44,260
1990-05-11,2.5147,2.6026,2.4763,2.6026,1726900,45.98,75.25,18.03,48.86,260
1990-05-18,2.6279,2.7421,2.6279,2.7037,1869000,49.93,75.25,18.03,55.75,260
1990-05-25,2.6784,2.7542,2.6663,2.7421,1307300,51.38,75.25,18.03,58.29,260
1990-06-01,2.7542,2.83,2.7421,2.83,1096500,54.63,75.25,18.03,63.97,260
1990-06-08,2.8422,2.9433,2.7916,2.8674,2389400,55.98,75.25,18.03,66.32,260
1990-06-15,2.8604,2.8738,2.6667,2.7185,1487200,49.65,75.25,18.03,55.27,260
1990-06-22,2.732,2.732,2.589,2.6015,1254000,45.32,75.25,18.03,47.7,260
1990-06-29,2.6015,2.6802,2.5114,2.6408,1158900,47.0,75.25,18.03,50.63,260
1990-07-06,2.6543,2.6802,2.6015,2.6408,667200,47.0,75.25,18.03,50.63,260
1990-07-13,2.6667,2.6667,2.472,2.5497,1597800,43.43,75.25,18.03,44.39,260
1990-07-20,2.5497,2.6015,2.4855,2.5114,1464900,41.98,75.25,18.03,41.86,260
1990-07-27,2.4855,2.5114,2.4213,2.4337,975200,39.14,75.25,18.03,36.9,260
1990-08-03,2.3943,2.4461,2.0971,2.1354,2408000,30.58,75.25,18.03,21.94,260
1990-08-10,2.0971,2.472,2.0588,2.4461,2654300,44.26,75.25,18.03,45.84,260
1990-08-17,2.4213,2.5373,2.3819,2.3943,1462200,42.74,75.25,18.03,43.2,260
1990-08-24,2.3943,2.3943,2.2007,2.2141,1647400,37.89,75.25,18.03,34.72,260
1990-08-31,2.2141,2.2525,2.1613,2.239,1819100,38.92,75.25,18.03,36.52,260
1990-09-07,2.239,2.3819,2.2266,2.3695,913300,44.16,75.25,18.03,45.67,260
1990-09-14,2.4164,2.4292,2.1089,2.1623,2582500,38.51,75.25,18.03,35.8,260
1990-09-21,2.1623,2.1623,1.7758,1.8153,2734100,31.3,75.25,18.03,23.19,260
1990-09-28,1.8024,1.8024,1.4148,1.6551,5013800,28.63,75.25,18.03,18.53,260
1990-10-05,1.6551,1.748,1.5355,1.6818,2286800,29.71,75.25,18.03,20.41,260
1990-10-12,1.7085,1.7213,1.3081,1.3476,4785400,24.69,75.25,18.03,11.65,260
1990-10-19,1.3348,1.4277,1.3219,1.3614,2920100,25.26,75.25,18.03,12.64,260
1990-10-26,1.3348,1.3881,1.1351,1.2013,2293100,23.11,75.25,18.03,8.88,260
1990-11-02,1.2152,1.2547,1.0272,1.2408,3230300,24.81,75.25,18.03,11.85,260
1990-11-09,1.2547,1.2675,1.1351,1.1874,2505500,24.03,75.25,18.03,10.5,260
1990-11-16,1.2013,1.3614,1.1874,1.3081,1802700,29.39,75.25,18.03,19.86,260
1990-11-23,1.3219,1.3753,1.1746,1.2152,1314400,27.77,75.25,18.03,17.03,260
1990-11-30,1.2013,1.2814,1.1746,1.2152,1525300,27.77,75.25,18.03,17.03,260
1990-12-07,1.2408,1.4949,1.228,1.4148,7897200,36.52,75.25,18.03,32.31,260
1990-12-14,1.4151,1.4281,1.2518,1.2921,1961200,33.81,75.25,18.03,27.58,260
1990-12-21,1.2649,1.3204,1.1843,1.2387,3446400,32.67,75.25,18.03,25.59,260
1990-12-28,1.2518,1.2518,1.1702,1.1843,1766200,31.51,75.25,18.03,23.56,260
1991-01-04,1.1843,1.2649,1.1571,1.2387,1935900,34.04,75.25,18.03,27.98,260
1991-01-11,1.2104,1.2387,1.143,1.1974,1296700,33.04,75.25,18.03,26.23,260
1991-01-18,1.1702,1.279,1.1571,1.2104,1642400,33.7,75.25,18.03,27.39,260
1991-01-25,1.2246,1.4554,1.2104,1.4423,1737900,44.22,75.25,18.03,45.78,260
1991-02-01,1.4281,1.4967,1.4151,1.4837,3389600,45.87,75.25,18.03,48.67,260
1991-02-08,1.5239,1.7689,1.5239,1.7286,6263600,54.47,75.25,18.03,63.68,260
1991-02-15,1.7547,1.9593,1.7547,1.8919,3370100,59.12,75.25,18.03,71.82,260
1991-02-22,1.8919,1.8919,1.7144,1.7961,1542800,55.54,75.25,18.03,65.55,260
1991-03-01,1.8374,1.8919,1.7547,1.8777,1216700,57.88,75.25,18.03,69.65,260
1991-03-08,1.918,2.0007,1.8636,1.9321,2784200,59.42,75.25,18.03,72.34,260
1991-03-15,1.9316,1.9724,1.8896,1.904,1335500,58.24,75.25,18.03,70.27,260
1991-03-22,1.904,1.9448,1.6832,1.6976,1492700,50.32,69.6,18.03,62.61,260
1991-03-28,1.7108,1.9183,1.6976,1.9183,1140400,57.04,69.6,18.03,75.65,260
1991-04-05,1.9183,2.1799,1.8212,2.1104,3084400,61.88,69.6,18.03,85.03,260
1991-04-12,2.1104,2.1247,1.9868,2.0695,1345200,60.33,69.6,18.03,82.01,260
1991-04-19,2.1104,2.4415,2.0971,2.3322,3921100,66.21,69.6,18.03,93.42,260
1991-04-26,2.3035,2.3455,2.2495,2.2903,1319000,64.56,69.6,18.03,90.23,260
1991-05-03,2.3035,2.4007,2.1247,2.1943,1813200,60.83,69.6,18.03,83.0,260
1991-05-10,2.1943,2.2208,2.1247,2.138,1258900,58.69,69.6,18.03,78.85,260
1991-05-17,2.138,2.1667,2.0011,2.0552,1555900,55.59,69.6,18.03,72.84,260
1991-05-24,2.0695,2.2759,2.0552,2.2759,1527200,61.44,69.6,18.03,84.17,260
1991-05-31,2.3035,2.3598,2.2495,2.3598,1458000,63.41,69.6,18.03,88.0,260
1991-06-07,2.3322,2.7318,2.2759,2.6766,3929800,69.71,69.71,18.03,100.0,260
1991-06-14,2.6778,2.6778,2.5528,2.5941,1745300,66.5,69.71,18.03,93.79,260
1991-06-21,2.5662,2.5941,2.4123,2.468,1696500,61.81,69.71,18.03,84.73,260
1991-06-28,2.4413,2.4959,2.3007,2.3855,2145600,58.89,69.71,18.03,79.07,260
1991-07-05,2.3855,2.4413,2.2873,2.3286,1098000,56.89,69.71,18.03,75.2,260
1991-07-12,2.3007,2.6499,2.2873,2.6499,2143600,64.26,69.71,18.03,89.47,260
1991-07-19,2.7336,3.0683,2.6778,2.8731,10640800,68.32,69.71,18.03,97.31,260
1991-07-26,2.8731,2.9846,2.7615,2.8597,2520800,67.82,69.71,18.03,96.35,260
1991-08-02,2.8731,2.8876,2.8173,2.8452,2155100,67.25,69.71,18.03,95.25,260
1991-08-09,2.8307,3.0817,2.8173,2.998,4852000,70.11,70.11,18.03,100.0,260
1991-08-16,2.9846,3.3618,2.9846,3.0683,4951900,71.34,71.34,18.03,100.0,260
1991-08-23,2.9289,3.0962,2.8731,2.998,2415300,68.3,71.34,18.03,94.29,260
1991-08-30,2.998,2.998,2.8876,2.9567,1354900,66.5,71.34,18.03,90.92,260
1991-09-06,2.9701,2.998,2.9434,2.9567,1141800,66.5,71.34,18.03,90.92,260
1991-09-13,2.9565,2.9846,2.8574,2.8574,1591000,61.96,71.34,18.03,82.4,260
1991-09-20,2.8439,2.8867,2.7875,2.8574,2088800,61.96,71.34,18.03,82.4,260
1991-09-27,2.8439,2.9283,2.8022,2.8574,1700900,61.96,71.34,18.03,82.4,260
1991-10-04,2.8439,2.8574,2.6603,2.6749,3382500,53.56,71.34,18.03,66.65,260
1991-10-11,2.6468,2.7177,2.5769,2.7031,2425300,54.58,71.34,18.03,68.57,260
1991-10-18,2.7031,2.9846,2.6749,2.8292,2625400,58.95,71.34,18.03,76.75,260
1991-10-25,2.8439,2.8574,2.6749,2.7031,2090800,53.42,71.34,18.03,66.38,260
1991-11-01,2.7312,2.8157,2.7177,2.7875,1348800,56.37,71.34,18.03,71.92,260
1991-11-08,2.8022,2.8574,2.7177,2.8157,2182100,57.34,71.34,18.03,73.74,260
1991-11-15,2.8292,2.8292,2.6749,2.6884,1989200,51.74,71.34,18.03,63.24,260
1991-11-22,2.6884,2.8157,2.4643,2.5195,3792500,45.41,71.34,18.03,51.35,260
1991-11-29,2.5195,2.5488,2.3798,2.3798,1624300,40.94,71.34,18.03,42.98,260
1991-12-06,2.3798,2.506,2.2109,2.2661,3955300,37.69,71.34,18.03,36.88,260
1991-12-13,2.2676,2.4523,2.1102,2.3246,4853900,40.32,71.34,18.03,41.8,260
1991-12-20,2.3246,2.352,2.1672,2.3098,2340300,39.86,71.34,18.03,40.94,260
1991-12-27,2.2866,2.5873,2.2866,2.5873,2454700,51.07,71.34,18.03,61.97,260
1992-01-03,2.5575,2.8148,2.4295,2.729,5254500,55.62,71.34,18.03,70.5,260
1992-01-10,2.7153,3.2012,2.7004,3.0869,9112900,64.57,71.34,18.03,87.3,260
1992-01-17,3.0297,3.487,3.0297,3.2732,7861000,68.18,71.34,18.03,94.06,260
1992-01-24,3.1875,3.2435,3.1154,3.2298,19826400,66.48,71.34,18.03,90.88,260
1992-01-31,3.2435,3.3018,3.1578,3.2012,8933300,65.33,71.34,18.03,88.71,260
1992-02-07,3.2012,3.5728,3.1875,3.5156,8106700,71.23,71.34,18.03,99.79,260
1992-02-14,3.5442,3.8014,3.5305,3.702,10119900,74.05,74.05,18.03,100.0,260
1992-02-21,3.702,3.8872,3.6013,3.83,5775000,75.81,75.81,18.03,100.0,260
1992-02-28,3.83,3.9009,3.702,3.8437,6567900,76.0,76.0,18.03,100.0,260
1992-03-06,3.8437,3.8586,3.4584,3.5579,6961100,64.74,76.0,18.03,80.59,260
1992-03-13,3.6013,3.758,3.5865,3.6722,4548300,66.86,76.0,18.03,84.24,260
1992-03-20,3.6871,4.0724,3.6585,4.0449,5819600,72.62,76.0,18.03,94.18,260
1992-03-27,4.0449,4.0587,3.8872,3.9592,5039400,69.62,76.0,18.03,89.0,260
1992-04-03,3.9157,3.9157,3.4901,3.5766,5818700,58.09,76.0,18.03,69.12,260
1992-04-10,3.5766,3.7209,3.3459,3.6632,7934300,59.72,76.0,18.03,71.92,260
1992-04-16,3.692,4.0093,3.6193,3.9516,4789700,64.64,76.0,18.03,80.41,260
1992-04-24,3.8939,4.3266,3.8074,4.1247,9579600,67.23,76.0,18.03,84.87,260
1992-05-01,4.1097,4.1974,3.9805,4.1247,4394500,67.23,76.0,18.03,84.87,260
1992-05-08,4.1385,4.5435,4.1385,4.3116,6418300,69.98,76.0,18.03,89.62,260
1992-05-15,4.3116,4.4997,4.2112,4.3266,5161500,70.19,76.0,18.03,89.99,260
1992-05-22,4.3704,4.4131,4.2827,4.2977,3834300,69.16,76.0,18.03,88.21,260
1992-05-29,4.2827,4.2827,4.0381,4.2112,3258000,66.03,76.0,18.03,82.8,260
1992-06-05,4.2551,4.4131,4.1974,4.3704,4420600,68.83,76.0,18.03,87.63,260
1992-06-12,4.3843,4.442,4.2827,4.3266,4225600,67.19,76.0,18.03,84.8,260
1992-06-19,4.2977,4.3554,4.0243,4.1247,4426900,60.08,76.0,18.03,72.54,260
1992-06-26,4.1097,4.3116,4.0093,4.2827,5160800,63.35,76.0,18.03,78.18,260
1992-07-02,4.2897,4.5211,4.2897,4.5211,4664100,67.65,76.0,18.03,85.6,260
1992-07-10,4.5211,4.5805,4.2745,4.5211,4535000,67.65,76.0,18.03,85.6,260
1992-07-17,4.5805,4.5944,4.057,4.1722,6343400,56.41,76.0,18.03,66.21,260
1992-07-24,4.1001,4.3909,3.8674,3.9686,10075000,51.08,76.0,18.03,57.01,260
1992-07-31,3.9838,4.1001,3.9407,4.057,4210100,53.15,76.0,18.03,60.58,260
1992-08-07,4.057,4.071,3.8826,3.8826,3716500,48.76,76.0,18.03,53.01,260
1992-08-14,3.8535,4.0419,3.7663,4.028,3899600,52.29,76.0,18.03,59.11,260
1992-08-21,4.0128,4.0128,3.7221,3.8674,5832600,48.33,76.0,18.03,52.27,260
1992-08-28,3.8232,3.8535,3.6057,3.8232,5339800,47.27,76.0,18.03,50.44,260
1992-09-04,3.8232,3.9407,3.7511,3.8674,3335600,48.49,76.0,18.03,52.54,260
1992-09-11,3.8826,3.8826,3.5476,3.5767,8295900,41.66,76.0,18.03,40.77,260
1992-09-18,3.6488,3.7511,3.5767,3.6057,7136900,42.53,76.0,18.03,42.27,260
1992-09-25,3.6057,3.6488,3.5185,3.6488,6129100,43.87,76.0,18.03,44.58,260
1992-10-02,3.6488,3.8737,3.6488,3.7563,4225500,47.17,76.0,18.03,50.28,260
1992-10-09,3.7129,3.7856,3.5509,3.6389,3403600,44.12,76.0,18.03,45.01,260
1992-10-16,3.653,3.7422,3.653,3.6823,2026400,45.52,76.0,18.03,47.43,260
1992-10-23,3.6976,4.0497,3.6823,4.0051,4580000,54.65,76.0,18.03,63.18,260
1992-10-30,4.0204,4.1812,4.0051,4.0345,2606000,55.38,76.0,18.03,64.44,260
1992-11-06,4.0497,4.1965,4.0345,4.1378,3292500,57.96,76.0,18.03,68.88,260
1992-11-13,4.153,4.3573,4.1378,4.2986,4495600,61.66,76.0,18.03,75.27,260
1992-11-20,4.3573,4.3573,4.1812,4.1812,2619500,57.67,76.0,18.03,68.38,260
1992-11-27,4.1965,4.4465,4.1671,4.4172,2455200,62.87,76.0,18.03,77.36,260
1992-12-04,4.4465,4.4465,4.2986,4.3866,2587500,61.81,76.0,18.03,75.54,260
1992-12-11,4.3866,4.4019,4.1671,4.2411,2512200,56.89,76.0,18.03,67.04,260
1992-12-18,4.2411,4.3726,4.2106,4.3291,3052500,59.02,76.0,18.03,70.71,260
1992-12-24,4.3432,4.578,4.3291,4.5193,3102300,63.23,76.0,18.03,77.99,260
1992-12-31,4.5193,4.6226,4.5193,4.5685,2399200,64.26,76.0,18.59,79.55,260
1993-01-08,4.5838,4.598,4.3768,4.4809,4594400,61.0,76.0,18.59,73.88,260
1993-01-15,4.4951,4.85,4.4951,4.7909,6114900,67.32,76.0,23.11,83.59,260
1993-01-22,4.7909,5.0866,4.6584,4.7175,9526800,64.65,76.0,23.11,78.55,260
1993-01-29,4.7175,4.9837,4.6584,4.8062,5834600,66.39,76.0,23.11,81.83,260
1993-02-05,4.8358,5.0866,4.8062,5.0724,5269600,70.99,76.0,23.11,90.53,260
1993-02-12,5.057,5.0724,4.9529,4.9529,3530000,66.58,76.0,23.11,82.2,260
1993-02-19,4.9387,4.9387,4.6584,4.8642,5568300,63.43,76.0,23.11,76.25,260
1993-02-26,4.8358,4.9683,4.7317,4.7909,8413000,60.87,76.0,23.11,71.4,260
1993-03-05,4.8796,5.0132,4.8062,4.8358,4339900,61.89,76.0,23.11,73.32,260
1993-03-12,4.85,5.2191,4.85,5.057,5053900,66.5,76.0,23.11,82.04,260
1993-03-19,5.057,5.1611,4.8642,4.8642,5691900,59.71,76.0,23.11,69.22,260
1993-03-26,4.8204,4.9233,4.6134,4.8062,6142500,57.81,76.0,23.11,65.61,260
1993-04-02,4.85,4.9493,4.6058,4.6356,3638100,52.49,76.0,23.11,55.55,260
1993-04-08,4.6809,4.8598,4.5915,4.8002,4918000,56.63,76.0,23.11,63.39,260
1993-04-16,4.9195,5.2617,4.8455,4.935,6023000,59.73,76.0,23.11,69.25,260
1993-04-23,4.9195,4.9195,4.5021,4.5176,9724000,48.24,76.0,23.11,47.51,260
1993-04-30,4.5176,4.6511,4.3387,4.5617,6736800,49.35,76.0,23.11,49.61,260
1993-05-07,4.5772,4.8145,4.4722,4.4877,5207300,47.51,76.0,23.11,46.14,260
1993-05-14,4.5021,4.7251,4.3089,4.3673,4750100,44.59,76.0,23.11,40.63,260
1993-05-21,4.353,4.5319,4.2039,4.353,9052300,44.25,76.0,23.11,39.97,260
1993-05-28,4.3387,4.6809,4.3387,4.5772,4454300,50.72,76.0,23.11,52.21,260
1993-06-04,4.6058,4.6809,4.3673,4.4269,2879900,46.8,76.0,23.11,44.79,260
1993-06-11,4.4424,4.6213,4.1741,4.5915,5882900,51.25,76.0,23.11,53.2,260
1993-06-18,4.5915,4.7561,4.5915,4.6356,4471400,52.39,76.0,23.11,55.38,260
1993-06-25,4.6809,4.8753,4.6356,4.8753,5378600,58.16,76.0,23.11,66.28,260
1993-07-02,4.904,5.0244,4.7788,4.7945,4480000,55.71,76.0,23.11,61.65,260
1993-07-09,4.8233,4.9435,4.8089,4.8534,3781400,57.13,76.0,23.11,64.33,260
1993-07-16,4.8534,4.8846,4.6586,4.7945,3507600,55.22,76.0,23.11,60.73,260
1993-07-23,4.8233,4.8846,4.6887,4.839,4981500,56.41,76.0,23.11,62.96,260
1993-07-30,4.8534,5.0037,4.8089,4.9592,3818400,59.52,76.0,23.11,68.84,260
1993-08-06,4.9592,5.1395,4.8991,5.0493,3407600,61.72,76.0,23.11,73.01,260
1993-08-13,5.065,5.0794,4.8991,4.9892,3084000,59.4,76.0,23.11,68.62,260
1993-08-20,4.9892,5.0493,4.7344,4.7344,4139500,50.69,76.0,23.11,52.15,260
1993-08-27,4.7488,4.9291,4.7043,4.8846,3561200,54.89,76.0,23.11,60.09,260
1993-09-03,4.8846,4.9291,4.7632,4.869,3661900,54.37,76.0,23.11,59.11,260
1993-09-10,4.869,5.3042,4.8534,5.2898,5953600,64.18,76.0,23.11,77.67,260
1993-09-17,5.2898,5.3042,5.1395,5.214,5125200,61.61,76.0,23.11,72.81,260
1993-09-24,5.214,5.3499,5.0794,5.3198,3562700,63.79,76.0,23.11,76.93,260
1993-10-01,5.3499,5.4957,5.3355,5.4654,4709000,66.61,76.0,23.11,82.24,260
1993-10-08,5.48,5.5853,5.4194,5.4339,4483900,65.42,76.0,23.11,80.01,260
1993-10-15,5.4957,5.6156,5.2523,5.268,3922900,59.43,76.0,23.11,68.68,260
1993-10-22,5.2838,5.3286,4.9205,5.0561,8977900,52.78,76.0,23.11,56.11,260
1993-10-29,5.0706,5.1166,4.8442,4.8587,5882000,47.46,76.0,23.11,46.05,260
1993-11-05,4.8587,5.0258,4.5571,4.7073,8293400,43.81,76.0,23.11,39.15,260
1993-11-12,4.7231,4.7836,4.602,4.6625,4803100,42.76,76.0,23.11,37.16,260
1993-11-19,4.6625,4.7231,4.4058,4.4663,4889000,38.43,76.0,23.11,28.97,260
1993-11-26,4.4203,4.5717,4.3597,4.5414,4201700,40.9,76.0,23.11,33.64,260
1993-12-03,4.5874,4.7981,4.5874,4.7836,3329200,48.12,76.0,23.11,47.3,260
1993-12-10,4.8139,4.9507,4.7691,4.7836,3258000,48.12,76.0,23.11,47.3,260
1993-12-17,4.7388,4.8296,4.648,4.7981,3958700,48.56,76.0,23.11,48.13,260
1993-12-23,4.7981,4.935,4.7981,4.9205,2785300,52.22,76.0,23.11,55.04,260
1993-12-31,4.935,5.0113,4.8587,4.9047,2503400,51.71,76.0,23.11,54.08,260
1994-01-07,4.9047,4.9817,4.7984,4.9671,4526000,53.64,76.0,23.11,57.72,260
1994-01-14,4.9671,5.1187,4.9512,5.0734,4132400,56.81,76.0,23.11,63.72,260
1994-01-21,5.104,5.1504,4.5685,4.6003,9556900,42.79,76.0,23.11,37.22,260
1994-01-28,4.6003,4.7984,4.538,4.7837,9016800,48.13,76.0,23.11,47.32,260
1994-02-04,4.8289,4.89,4.4927,4.5233,9355800,42.12,76.0,23.11,35.95,260
1994-02-11,4.5233,4.6003,4.4768,4.4768,5735200,41.13,76.0,23.11,34.08,260
1994-02-18,4.4927,4.5685,4.4169,4.4622,6872900,40.81,76.0,23.11,33.47,260
1994-02-25,4.4927,4.6309,4.4475,4.6309,3686300,46.09,76.0,23.11,43.45,260
1994-03-04,4.6602,4.6761,4.3851,4.4475,5081700,41.73,76.0,23.11,35.21,260
1994-03-11,4.4622,4.5086,4.3546,4.4475,5982600,41.73,76.0,23.11,35.21,260
1994-03-18,4.5233,4.7837,4.5086,4.692,6452000,49.16,76.0,23.11,49.27,260
1994-03-25,4.692,4.7678,4.5539,4.5539,3363100,45.62,76.0,23.11,42.57,260
1994-03-31,4.5844,4.6003,4.2628,4.4951,4631800,44.17,76.0,23.11,39.82,260
1994-04-08,4.4173,4.7422,4.3864,4.6496,5126500,48.79,76.0,23.11,48.57,260
1994-04-15,4.6496,4.8349,4.5865,4.7101,4785500,50.53,76.0,23.11,51.84,260
1994-04-22,4.7101,4.757,4.4012,4.4481,5405100,43.65,76.0,23.11,38.84,260
1994-04-29,4.4481,4.4642,4.2789,4.2937,3742600,40.18,76.0,23.11,32.28,260
1994-05-06,4.3246,4.4642,4.2319,4.2789,3596400,39.85,76.0,23.11,31.66,260
1994-05-13,4.2628,4.3394,4.1862,4.2628,3556500,39.47,76.0,23.11,30.95,260
1994-05-20,4.2789,4.6174,4.2467,4.4642,5285800,46.31,76.0,23.11,43.87,260
1994-05-27,4.4642,4.6953,4.4173,4.6953,3325000,52.88,76.0,23.11,56.3,260
1994-06-03,4.6804,4.9276,4.6496,4.9276,4137000,58.4,76.0,23.11,66.72,260
1994-06-10,4.9424,5.0042,4.8806,4.9424,4003600,58.73,76.0,23.11,67.35,260
1994-06-17,4.9424,5.0511,4.9276,4.9276,5343900,58.23,76.0,23.11,66.41,260
1994-06-24,4.8954,4.9115,4.7262,4.7422,3798300,52.24,76.0,23.11,55.08,260
1994-07-01,4.7422,4.9115,4.6644,4.8503,5113400,55.14,76.0,23.11,60.56,260
1994-07-08,4.8503,4.8665,4.7106,4.773,2687100,52.67,76.0,23.11,55.9,260
1994-07-15,4.773,4.8977,4.7268,4.8191,3485200,53.99,76.0,23.11,58.4,260
1994-07-22,4.8503,4.8503,4.6319,4.7268,4515400,50.93,76.0,23.11,52.61,260
1994-07-29,4.7268,4.8353,4.6482,4.7892,3387500,52.87,76.0,23.11,56.28,260
1994-08-05,4.7892,4.8977,4.7106,4.7268,3301000,50.71,76.0,23.11,52.19,260
1994-08-12,4.7418,4.7892,4.7268,4.7892,2108800,52.79,76.0,23.11,56.13,260
1994-08-19,4.7892,4.9289,4.773,4.8353,2837800,54.33,76.0,23.11,59.03,260
1994-08-26,4.8191,4.9763,4.8191,4.9439,2744200,57.81,76.0,23.11,65.61,260
1994-09-02,4.9601,4.9913,4.7567,4.7892,2416100,51.76,76.0,23.11,54.17,260
1994-09-09,4.773,4.8041,4.602,4.6482,2249000,46.93,76.0,23.11,45.05,260
1994-09-16,4.6631,4.6956,4.5546,4.617,3845900,45.91,76.0,23.11,43.12,260
1994-09-23,4.617,4.6319,4.461,4.5084,5591000,42.46,76.0,23.11,36.59,260
1994-09-30,4.476,4.4922,4.3986,4.4223,5857400,39.89,76.0,23.11,31.74,260
1994-10-07,4.4223,4.4539,4.2479,4.4375,5558700,40.58,76.0,23.11,33.03,260
1994-10-14,4.4375,4.7698,4.4375,4.7218,5299200,51.64,76.0,23.11,53.94,260
1994-10-21,4.7382,4.8165,4.5322,4.5967,4737400,47.45,76.0,23.11,46.03,260
1994-10-28,4.5967,4.7382,4.4539,4.7218,3957300,51.67,76.0,23.11,54.0,260
1994-11-04,4.675,4.8165,4.5803,4.5967,2628700,47.56,76.0,23.11,46.23,260
1994-11-11,4.5967,4.627,4.5006,4.5322,3187100,45.55,76.0,23.11,42.43,260
1994-11-18,4.5487,4.6434,4.4223,4.4703,5496600,43.64,76.0,23.11,38.82,260
1994-11-25,4.4703,4.5967,4.2808,4.5487,5059100,46.68,76.0,23.11,44.58,260
1994-12-02,4.5487,4.7218,4.4539,4.7218,5203700,52.76,76.0,23.11,56.06,260
1994-12-09,4.7382,4.8645,4.6434,4.675,6001800,51.06,76.0,23.11,52.86,260
1994-12-16,4.6599,4.8797,4.6599,4.6902,5554600,51.61,76.0,23.11,53.89,260
1994-12-23,4.6902,4.7698,4.5322,4.627,2736800,49.16,76.0,23.11,49.27,260
1994-12-30,4.6599,4.6599,4.5487,4.5878,5376100,47.66,76.0,23.11,46.42,260
1995-01-06,4.5878,4.8449,4.5725,4.7797,3476400,54.94,76.0,23.11,60.19,260
1995-01-13,4.7963,4.9089,4.6684,4.9089,3532100,59.07,76.0,23.11,68.0,260
1995-01-20,4.9396,5.1007,4.6838,4.6838,5774400,50.4,76.0,23.11,51.61,260
1995-01-27,4.6045,4.9715,4.5878,4.9562,4207900,58.36,76.0,23.11,66.66,260
1995-02-03,4.9242,5.1084,4.8603,5.0675,4060700,61.11,76.0,23.11,71.86,260
1995-02-10,5.0368,5.1314,5.0048,5.1007,5251100,61.92,76.0,23.11,73.39,260
1995-02-17,5.1007,5.2286,5.0675,5.1007,4281300,61.92,76.0,23.11,73.39,260
1995-02-24,5.1161,5.148,5.0841,5.1007,3757100,61.92,76.0,23.11,73.39,260
1995-03-03,5.0841,5.1634,5.0521,5.0675,3965700,60.35,76.0,23.11,70.42,260
1995-03-10,5.0048,5.0048,4.717,4.9882,7894000,56.67,76.0,23.11,63.46,260
1995-03-17,4.9715,5.0675,4.8756,5.0368,5510500,58.35,76.0,23.11,66.63,260
1995-03-24,5.0368,5.0368,4.9089,4.9396,2625900,53.86,76.0,23.11,58.14,260
1995-03-31,4.9396,5.0048,4.8603,4.8846,4925800,51.44,76.0,23.11,53.58,260
1995-04-07,4.8846,5.3543,4.8522,5.2572,7991500,63.41,76.0,23.11,76.2,260
1995-04-13,5.2236,5.2896,5.1602,5.1912,2900800,60.56,76.0,23.11,70.82,260
1995-04-21,5.2236,5.4513,5.208,5.3051,5231500,63.6,76.0,23.11,76.56,260
1995-04-28,5.3466,5.5428,5.3139,5.4604,3075900,67.29,76.0,23.11,83.55,260
1995-05-05,5.4604,5.7062,5.395,5.6565,6117700,71.26,76.0,23.11,91.05,260
1995-05-12,5.6722,5.9181,5.6565,5.8854,6549400,75.07,76.0,23.11,98.25,260
1995-05-19,5.8854,6.0816,5.7873,5.82,4294200,72.13,76.0,23.11,92.69,260
1995-05-26,5.8357,6.2124,5.8357,6.0489,4383700,75.71,76.0,23.11,99.46,260
1995-06-02,6.0489,6.3759,5.8854,6.2451,3330200,78.29,78.29,23.11,100.0,260
1995-06-09,6.2281,6.3105,5.6565,5.7546,5231800,60.9,78.29,23.11,68.49,260
1995-06-16,5.8854,6.1313,5.8357,5.9351,4403500,64.06,78.29,23.11,74.22,260
1995-06-23,6.0162,6.3759,6.0162,6.2451,4329300,68.74,78.29,23.11,82.7,260
1995-06-30,6.2124,6.3275,6.1627,6.1797,3974400,66.77,78.29,23.11,79.12,260
1995-07-07,6.2454,6.5931,6.1133,6.5256,3540500,71.44,78.29,23.11,87.59,260
1995-07-14,6.5098,6.8574,6.2454,6.5428,7305300,71.65,78.29,23.11,87.97,260
1995-07-21,6.56,6.8891,6.2943,6.6591,9756800,73.12,78.29,23.11,90.63,260
1995-07-28,6.642,7.0166,6.642,6.9326,4436600,76.22,78.29,23.11,96.26,260
1995-08-04,6.9326,7.0819,6.766,7.0499,3208400,77.43,78.29,23.11,98.44,260
1995-08-11,7.0326,7.2166,6.9993,7.0166,4189100,76.25,78.29,23.11,96.3,260
1995-08-18,6.9993,7.1993,6.9819,7.1486,3028000,77.7,78.29,23.11,98.93,260
1995-08-25,7.1486,7.2499,7.0166,7.2499,3290500,78.77,78.77,23.11,100.0,260
1995-09-01,7.8325,8.0992,7.6499,7.7325,15973800,82.97,82.97,23.11,100.0,260
1995-09-08,7.7325,7.8992,7.7165,7.8819,3824400,84.03,84.03,23.11,100.0,260
1995-09-15,7.8659,8.1325,7.8325,8.1325,6494800,85.63,85.63,23.11,100.0,260
1995-09-22,8.1165,8.1325,7.6325,7.7992,7378300,74.85,85.63,23.11,82.75,260
1995-09-29,7.8325,8.2165,7.7819,8.1165,5512000,77.73,85.63,23.11,87.35,260
1995-10-06,8.1165,8.5668,8.0498,8.4661,6932300,80.39,85.63,23.11,91.61,260
1995-10-13,8.4325,8.7012,8.3653,8.6166,7305900,81.42,85.63,23.11,93.25,260
1995-10-20,8.634,8.6851,7.8949,7.9124,7192700,64.39,85.63,24.03,65.51,260
1995-10-27,7.8439,8.0454,7.2971,7.9066,13219000,64.27,85.63,24.03,65.32,260
1995-11-03,7.9242,8.1789,7.5355,8.0434,6659600,65.88,85.63,27.77,65.85,260
1995-11-10,8.0434,8.1274,7.6872,8.0597,5001500,66.07,85.63,27.77,66.19,260
1995-11-17,8.0082,8.0434,7.5517,7.9418,4792300,63.25,85.63,27.77,61.31,260
1995-11-24,7.9581,8.2114,7.9242,8.145,2765500,65.95,85.63,31.51,63.63,260
1995-12-01,8.145,8.2114,7.9757,8.0936,4586800,64.65,85.63,31.51,61.23,260
1995-12-08,8.1098,8.4661,8.0936,8.2114,5547800,66.29,85.63,31.51,64.25,260
1995-12-15,8.2114,8.2114,7.805,7.8226,5115900,56.94,85.63,31.51,46.98,260
1995-12-22,7.721,8.0597,7.7034,7.8904,4951900,58.05,85.63,33.04,47.55,260
1995-12-29,7.9066,8.0082,7.8565,7.9581,2062800,59.18,85.63,33.04,49.7,260
1996-01-05,7.9242,8.0941,7.4971,7.6502,7676000,52.27,85.63,33.7,35.75,260
1996-01-12,7.6843,7.7348,7.1201,7.5996,7910900,51.21,85.63,37.69,28.2,260
1996-01-19,7.5996,8.2649,7.4971,8.1283,11457800,60.27,85.63,37.69,47.08,260
1996-01-26,8.06,8.743,8.06,8.6064,7576300,66.35,85.63,37.69,59.77,260
1996-02-02,8.6472,9.3019,8.6472,8.9746,10273900,70.14,85.63,37.69,67.68,260
1996-02-09,8.9746,9.3363,8.8893,9.1988,7269400,72.19,85.63,37.69,71.96,260
1996-02-16,9.1809,9.4216,9.1465,9.3184,6526100,73.25,85.63,37.69,74.17,260
1996-02-23,9.2153,9.9882,9.13,9.9717,8957200,78.14,85.63,37.69,84.37,260
1996-03-01,9.8342,10.1093,9.6114,10.0061,10211500,78.36,85.63,37.69,84.83,260
1996-03-08,10.0061,10.0914,8.683,9.13,7895700,61.16,85.63,37.69,48.95,260
1996-03-15,9.0956,9.5591,8.7339,9.3363,10042100,63.21,85.63,37.69,53.22,260
1996-03-22,9.3872,9.9717,9.3872,9.7819,8010200,67.23,85.63,37.69,61.61,260
1996-03-29,9.8342,9.9552,9.6444,9.6967,6075100,65.75,85.63,37.69,58.52,260
1996-04-04,9.8342,10.3075,9.8342,10.1675,5508000,69.71,85.63,37.69,66.79,260
1996-04-12,9.943,9.943,9.0423,9.4926,9800200,59.14,85.63,37.69,44.74,260
1996-04-19,9.5093,9.7698,9.2848,9.3887,8714000,57.69,85.63,37.69,41.71,260
1996-04-26,9.44,9.6659,9.1988,9.5799,8003300,59.65,85.63,37.69,45.81,260
1996-05-03,9.5439,9.5966,9.0603,9.1462,9012600,53.58,85.63,37.69,33.15,260
1996-05-10,9.1988,9.6478,8.9037,9.5439,11222500,57.82,85.63,37.69,41.99,260
1996-05-17,9.5799,9.8737,9.5093,9.8391,7661400,60.69,85.63,37.69,47.97,260
1996-05-24,9.9777,10.0996,9.7005,9.925,8044400,61.51,85.63,37.69,49.68,260
1996-05-31,9.9596,9.9777,9.5799,9.7005,7395400,58.1,85.63,37.69,42.56,260
1996-06-07,9.6659,10.2548,9.6312,9.943,8441200,60.64,85.63,37.69,47.86,260
1996-06-14,9.9777,10.1675,9.925,10.0303,7826500,61.54,85.63,37.69,49.75,260
1996-06-21,10.0123,10.0816,9.336,9.3541,10947300,51.65,85.63,37.69,29.11,260
1996-06-28,9.458,9.8917,9.44,9.7878,8218700,56.48,85.63,37.69,39.19,260
1996-07-05,9.8391,10.0032,9.5841,9.6023,5939200,54.0,85.63,37.69,34.01,260
1996-07-12,9.4975,9.6023,9.3048,9.4975,10574800,52.59,85.63,37.69,31.07,260
1996-07-19,9.5143,9.8286,8.9738,9.6023,10440100,53.88,85.63,37.69,33.77,260
1996-07-26,9.5506,9.6554,9.2364,9.6554,6315800,54.56,85.63,37.69,35.18,260
1996-08-02,9.6191,10.4054,9.4808,10.3356,9149400,62.21,85.63,37.69,51.15,260
1996-08-09,10.2476,10.2657,10.0381,10.1959,7359600,59.98,85.63,37.69,46.49,260
1996-08-16,10.2657,10.6847,10.2308,10.6498,8765400,64.45,85.63,37.69,55.81,260
1996-08-23,10.6317,11.1219,10.6317,10.9124,9132100,66.76,85.63,37.69,60.63,260
1996-08-30,10.8412,10.9124,10.2839,10.3886,7994600,58.58,85.63,37.69,43.56,260
1996-09-06,10.2127,10.5981,10.1791,10.5102,6010700,59.81,85.63,37.69,46.13,260
1996-09-13,10.4403,11.2085,10.3705,11.0856,8965100,65.1,85.63,37.69,57.16,260
1996-09-20,11.1219,11.1736,10.7546,10.8942,8464300,62.17,85.63,37.69,51.05,260
1996-09-27,10.8593,11.3314,10.8328,11.2602,8443800,65.38,85.63,37.69,57.75,260
1996-10-04,11.2951,11.5492,11.1568,11.4972,13785900,67.31,85.63,37.69,61.78,260
1996-10-11,11.4972,11.5408,11.2342,11.462,6856800,66.72,85.63,37.69,60.54,260
1996-10-18,11.4972,11.673,11.3383,11.5844,11509400,67.78,85.63,37.69,62.77,260
1996-10-25,11.5492,11.8136,11.4972,11.7602,6510000,69.31,85.63,37.69,65.94,260
1996-11-01,11.7264,12.1821,11.673,12.0429,7638700,71.63,85.63,37.69,70.79,260
1996-11-08,12.0063,12.6392,12.0063,12.6223,10495200,75.69,85.63,37.69,79.26,260
1996-11-15,12.5871,12.6575,12.078,12.4465,9148000,72.31,85.63,37.69,72.21,260
1996-11-22,12.4817,13.0977,12.4282,12.8684,10823400,75.18,85.63,37.69,78.19,260
1996-11-29,12.8501,13.483,12.8501,13.2903,8146600,77.67,85.63,38.43,83.12,260
1996-12-06,13.2369,13.2369,12.0949,12.5871,13773900,65.82,85.63,38.43,58.02,260
1996-12-13,12.6575,12.7447,11.8839,12.0246,11802100,58.17,85.63,38.43,41.82,260
1996-12-20,12.1301,12.9219,11.9191,12.8684,10277600,64.78,85.63,38.43,55.82,260
1996-12-27,12.9036,13.1328,12.7981,12.9556,4200100,65.39,85.63,38.43,57.11,260
1997-01-03,12.9739,13.0794,12.1889,12.4903,8795600,59.48,85.63,38.43,44.6,260
1997-01-10,12.4903,12.6319,12.1195,12.4196,11675300,58.61,85.63,38.43,42.76,260
1997-01-17,12.5441,13.1088,12.3488,13.0211,12403500,63.49,85.63,38.43,53.08,260
1997-01-24,13.1442,13.2504,12.5965,12.6135,13903500,58.46,85.63,38.43,42.44,260
1997-01-31,12.6319,13.2334,12.4196,13.0918,11180400,62.24,85.63,38.43,50.44,260
1997-02-07,13.1442,13.8873,13.0381,13.8533,14074600,67.33,85.63,38.43,61.23,260
1997-02-14,13.9057,14.5949,13.7287,14.401,11169500,70.42,85.63,38.43,67.77,260
1997-02-21,14.401,14.9318,14.1533,14.5072,9926100,70.99,85.63,38.43,68.99,260
1997-02-28,14.2949,15.0379,14.0826,14.1703,9985300,66.59,85.63,38.43,59.66,260
1997-03-07,14.118,15.0733,13.9764,15.0733,12292700,71.66,85.63,38.43,70.41,260
1997-03-14,15.1087,15.6394,13.9764,14.2057,15554700,61.93,85.63,38.43,49.79,260
1997-03-21,14.1533,14.5779,13.9241,14.4364,13823600,63.36,85.63,38.43,52.81,260
1997-03-27,14.4548,14.8256,13.4811,13.641,10641100,55.62,85.63,38.43,36.43,260
1997-04-04,13.6226,13.6226,13.0372,13.3763,17505700,53.29,85.63,38.43,31.49,260
1997-04-11,13.5715,13.9106,12.842,12.8591,12466200,48.97,85.63,38.43,22.34,260
1997-04-18,12.8776,13.3222,12.396,12.4673,18784400,45.94,85.63,38.43,15.91,260
1997-04-25,12.4673,12.5556,12.0569,12.1638,17726100,43.68,85.63,38.43,11.12,260
1997-05-02,12.1638,13.714,12.1638,13.5901,17267600,54.9,85.63,38.43,34.9,260
1997-05-09,13.7496,14.1771,13.4647,13.9463,14892000,57.2,85.63,38.43,39.76,260
1997-05-16,13.9634,14.16,13.1968,13.3393,12000200,52.31,85.63,38.43,29.41,260
1997-05-23,13.3763,13.8736,12.9489,13.553,13542200,53.81,85.63,38.43,32.58,260
1997-05-30,13.4647,13.6242,13.0728,13.4647,8318700,53.07,85.63,38.43,31.01,260
1997-06-06,13.5901,14.445,13.3934,14.301,12430700,58.85,85.63,38.43,43.25,260
1997-06-13,14.3552,14.5148,13.8565,14.445,14444200,59.76,85.63,38.43,45.2,260
1997-06-20,14.4264,14.8724,14.3381,14.6216,10357200,60.92,85.63,38.43,47.64,260
1997-06-27,14.5689,14.6402,13.8565,13.9106,12493500,54.19,85.63,38.43,33.39,260
1997-07-03,13.9634,15.054,13.7853,14.8031,10105100,60.14,85.63,38.43,45.99,260
1997-07-11,14.9464,14.9464,14.436,14.6325,10773300,58.57,85.63,38.43,42.68,260
1997-07-18,14.6683,15.0353,14.5608,14.6239,11849100,58.49,85.63,38.43,42.5,260
1997-07-25,14.588,15.4568,14.4446,15.2059,11796200,62.36,85.63,38.43,50.7,260
1997-08-01,15.2246,16.4432,15.2059,16.102,12261300,67.41,85.63,38.43,61.38,260
1997-08-08,15.8425,16.1837,15.2145,15.4038,15037300,60.59,85.63,38.43,46.96,260
1997-08-15,15.4396,16.1923,15.2604,15.7536,13934000,62.63,85.63,38.43,51.27,260
1997-08-22,15.7708,16.6038,15.5199,16.3443,13207100,65.84,85.63,38.43,58.07,260
1997-08-29,16.3443,16.5321,15.8697,15.9414,9154600,61.93,85.63,38.43,49.79,260
1997-09-05,15.9328,16.7199,15.8597,16.416,6571300,64.6,85.63,38.43,55.44,260
1997-09-12,16.5235,16.6941,15.8511,16.2009,8825500,62.46,85.63,38.43,50.92,260
1997-09-19,16.264,17.0253,16.0748,16.8547,8631800,66.13,85.63,38.43,58.68,260
1997-09-26,16.9708,17.2762,16.5235,16.8289,8209600,65.86,85.63,38.43,58.1,260
1997-10-03,16.8375,17.8969,16.7113,17.6707,9967400,70.19,85.63,38.43,67.27,260
1997-10-10,17.7442,18.2385,17.3925,17.5366,10785900,68.69,85.63,38.43,64.11,260
1997-10-17,17.5366,18.1217,17.3291,17.5366,7264000,68.69,85.63,38.43,64.11,260
1997-10-24,17.5813,18.103,17.1937,17.8148,10468300,70.22,85.63,38.43,67.34,260
1997-10-31,17.7067,17.7168,15.9601,16.636,17162100,57.44,85.63,38.43,40.28,260
1997-11-07,16.7801,17.4012,16.6893,16.9242,9385800,59.39,85.63,38.43,44.4,260
1997-11-14,16.8608,17.0769,14.7712,14.934,19359800,44.32,85.63,38.43,12.49,260
1997-11-21,15.437,16.4731,15.3476,16.329,12934100,53.27,85.63,38.43,31.45,260
1997-11-28,16.2483,16.2843,15.4557,15.6719,7811800,49.26,85.63,38.43,22.94,260
1997-12-05,15.9327,17.0683,15.9241,16.8881,10857200,55.88,85.63,38.43,36.98,260
1997-12-12,16.9501,17.1663,15.5638,16.0048,11454000,50.7,85.63,38.43,26.01,260
1997-12-19,16.2123,16.4284,15.1315,15.5825,9868800,48.39,85.63,38.43,21.11,260
1997-12-26,15.6185,15.8693,14.9427,15.375,5313700,47.26,85.63,38.43,18.7,260
1998-01-02,15.7252,16.0321,15.5191,16.0307,5279300,51.17,85.63,38.43,26.99,260
1998-01-09,16.2133,16.3307,14.6728,14.7627,15943600,44.32,85.63,38.43,12.49,260
1998-01-16,14.283,15.3974,14.283,15.2887,13618500,47.46,85.63,38.43,19.14,260
1998-01-23,15.3974,15.6322,14.8091,14.9627,10531700,45.74,85.63,38.43,15.49,260
1998-01-30,14.9264,15.7061,14.8004,15.5336,11502400,49.21,85.63,38.43,22.85,260
1998-02-06,15.7235,17.1002,15.7148,16.9466,11178000,56.62,85.63,38.43,38.53,260
1998-02-13,17.0364,17.5349,17.0103,17.1277,9104600,57.47,85.63,38.43,40.35,260
1998-02-20,17.3538,17.7436,17.1364,17.3625,6700700,58.61,85.63,38.43,42.76,260
1998-02-27,17.6262,18.061,17.3451,17.9784,7476200,61.53,85.63,38.43,48.93,260
1998-03-06,18.0335,18.2233,17.3712,17.6262,8418500,58.97,85.63,38.43,43.52,260
1998-03-13,17.6523,18.2595,17.1538,18.1508,10106200,61.53,85.63,38.43,48.95,260
1998-03-20,18.432,20.1608,18.3494,19.5087,15863900,67.24,85.63,38.43,61.03,260
1998-03-27,19.5087,19.7811,18.9479,19.4362,7304200,66.67,85.63,38.43,59.83,260
1998-04-03,19.3102,20.5301,19.1739,20.4107,8420800,70.31,85.63,38.43,67.53,260
1998-04-09,20.9759,21.7217,20.1019,20.6292,11461400,71.07,85.63,38.43,69.14,260
1998-04-17,20.8302,21.4041,19.2468,19.9926,11248400,65.77,85.63,38.43,57.93,260
1998-04-24,20.0116,20.5942,19.4551,19.528,8199800,62.13,85.63,38.43,50.22,260
1998-05-01,18.954,20.5753,18.7006,20.5199,9215700,66.41,85.63,38.43,59.27,260
1998-05-08,20.5666,20.8477,19.5367,19.9387,7401400,61.99,85.63,38.43,49.92,260
1998-05-15,19.9387,20.721,19.9387,20.6845,8054300,65.19,85.63,38.43,56.69,260
1998-05-22,20.5578,21.34,20.5199,21.04,8630500,66.63,85.63,38.43,59.75,260
1998-05-29,21.1754,21.1754,19.4464,19.8018,6862800,57.68,85.63,38.43,40.77,260
1998-06-05,19.5367,20.4486,19.4376,20.4296,6919100,60.57,85.63,38.43,46.9,260
1998-06-12,20.4296,21.0851,19.8746,20.2301,8646700,59.18,85.63,38.43,43.97,260
1998-06-19,19.5367,20.6845,19.4464,20.5039,13618934,60.52,85.63,38.43,46.8,260
1998-06-26,20.1747,21.8499,20.0465,21.34,15140201,64.35,85.63,38.43,54.91,260
1998-07-02,21.5032,22.4488,21.4129,22.0829,11818600,67.38,85.63,38.43,61.33,260
1998-07-10,22.32,22.5571,21.5501,21.8077,19019401,65.17,85.63,38.43,56.65,260
1998-07-17,21.9541,22.3931,21.6057,21.9365,12204001,65.74,85.63,38.43,57.85,260
1998-07-24,21.9541,22.32,20.8915,21.5501,16392134,62.46,85.63,38.43,50.9,260
1998-07-31,21.111,22.7034,21.0935,22.1385,16668334,65.3,85.63,38.43,56.92,260
1998-08-07,22.1385,22.2643,20.107,20.2533,18735934,51.78,85.63,38.43,28.29,260
1998-08-14,20.1977,20.2885,18.6258,18.8454,17427667,44.39,85.63,38.43,12.63,260
1998-08-21,18.7517,20.6017,17.5808,18.6434,20344201,43.43,85.63,38.43,10.6,260
1998-08-28,18.8073,19.3547,16.1553,16.5387,26532401,34.97,85.63,34.97,0.0,260
1998-09-04,16.6119,17.1242,13.0261,13.2837,46146334,26.4,85.63,26.4,0.0,260
1998-09-11,14.1413,14.6185,11.7264,13.4652,41009467,27.46,85.63,26.4,1.8,260
1998-09-18,13.7227,15.0195,13.0612,13.8867,36129201,30.0,85.63,26.4,6.09,260
1998-09-25,13.3188,14.7092,12.7509,13.3188,33559534,28.55,85.63,26.4,3.64,260
1998-10-02,13.5764,13.995,11.8229,12.9119,48402534,27.53,85.63,26.4,1.91,260
1998-10-09,12.3217,13.0772,10.4948,12.6345,43829135,26.82,85.63,26.4,0.71,260
1998-10-16,13.1156,14.6089,12.0088,14.4879,36406201,38.25,85.63,26.4,20.0,260
1998-10-23,14.4613,16.7309,14.3521,16.4358,31527601,47.52,85.63,26.4,35.66,260
1998-10-30,16.2882,16.9345,15.0693,16.7663,21938534,48.92,85.63,26.4,38.03,260
1998-11-06,16.6748,18.1682,16.4712,18.0029,18790667,53.89,85.63,26.4,46.4,260
1998-11-13,17.8199,17.8937,16.1229,16.8785,15563668,49.2,85.63,26.4,38.5,260
1998-11-20,17.209,18.4279,16.8224,18.2803,23497067,54.51,85.63,26.4,47.46,260
1998-11-27,18.7407,19.7353,18.6669,19.3133,12301534,57.99,85.63,26.4,53.34,260
1998-12-04,19.3664,19.4225,18.0029,18.9237,17011001,56.24,85.63,26.4,50.38,260
1998-12-11,18.9237,19.57,17.7815,17.9645,13970467,52.08,85.63,26.4,43.36,260
1998-12-18,17.7638,20.8627,17.2651,20.5115,26937468,60.45,85.63,26.4,57.49,260
1998-12-24,20.603,21.3231,20.5115,20.8804,11801534,61.5,85.63,26.4,59.26,260
1998-12-31,21.0634,21.4146,20.0688,20.9542,8954334,61.72,85.63,26.4,59.63,260
1999-01-08,20.7981,22.9871,20.7447,22.3939,28608468,65.8,85.63,26.4,66.52,260
1999-01-15,22.3583,23.0612,20.1337,21.0235,32267534,59.32,85.63,26.4,55.57,260
1999-01-22,21.8007,23.2095,21.243,21.3201,23419734,60.23,85.63,26.4,57.12,260
1999-01-29,21.2994,23.0227,21.2994,22.821,19944267,64.57,85.63,26.4,64.44,260
1999-02-05,22.821,23.7672,22.3019,22.6727,21207267,63.83,85.63,26.4,63.19,260
1999-02-12,22.821,22.821,21.1689,21.9668,19616268,60.28,85.63,26.4,57.2,260
1999-02-19,22.5036,23.6545,22.5036,22.56,18693001,62.18,85.63,26.4,60.41,260
1999-02-26,22.56,24.4879,22.56,23.6159,21573934,65.36,85.63,26.4,65.77,260
1999-03-05,23.5803,25.8049,23.4884,25.7693,19959068,70.76,85.63,26.4,74.88,260
1999-03-12,25.7485,26.5464,25.2858,26.1015,17833068,71.49,85.63,26.4,76.13,260
1999-03-19,25.5082,26.0629,24.3574,24.4701,18513001,63.08,85.63,26.4,61.92,260
1999-03-26,24.5057,24.6184,23.432,23.8769,13733601,60.3,85.63,26.4,57.23,260
1999-04-01,24.0608,24.8409,23.4218,23.6663,9774401,59.3,85.63,26.4,55.54,260
1999-04-09,23.8333,26.4986,23.3473,25.5088,18466601,64.8,85.63,26.4,64.82,260
1999-04-16,25.4164,26.8326,25.2673,25.6579,15095934,65.2,85.63,26.4,65.51,260
1999-04-23,26.609,27.1665,23.8899,25.3776,22765534,63.71,85.63,26.4,62.98,260
1999-04-30,25.2107,25.7712,24.3371,24.5965,14764334,59.59,85.63,26.4,56.04,260
1999-05-07,24.4474,24.9304,23.0671,23.3682,20148401,53.72,85.63,26.4,46.12,260
1999-05-14,23.5351,25.4552,23.3682,23.5709,16913201,54.51,85.63,26.4,47.46,260
1999-05-21,23.553,24.2238,22.9955,23.5351,14441734,54.34,85.63,26.4,47.16,260
1999-05-28,23.0492,23.1058,21.466,21.5793,23933267,45.58,85.63,26.4,32.39,260
1999-06-04,21.5406,22.2114,20.9055,22.1547,15832334,48.22,85.63,26.4,36.85,260
1999-06-11,22.435,22.921,21.4303,21.8387,12997734,46.88,85.63,26.4,34.57,260
1999-06-18,22.0265,24.1493,21.7463,23.8899,17201468,55.55,85.63,26.4,49.22,260
1999-06-25,24.2984,24.9692,23.5143,24.2059,11356335,56.73,85.63,26.4,51.2,260
1999-07-02,24.4474,25.9481,24.3729,25.4807,15880534,61.18,85.63,26.4,58.71,260
1999-07-09,25.5556,26.0259,25.1632,25.5197,9418467,61.31,85.63,26.4,58.93,260
1999-07-16,25.3699,25.4987,24.4143,24.5072,11224334,56.02,85.63,26.4,50.0,260
1999-07-23,24.6,25.4058,24.0219,24.4323,14908201,55.64,85.63,26.4,49.36,260
1999-07-30,24.0968,25.277,22.8416,23.0842,14149934,49.14,85.63,26.4,38.39,260
1999-08-06,23.0483,23.929,22.6349,22.6918,13848601,47.4,85.63,26.4,35.46,260
1999-08-13,22.6169,23.7223,21.7362,23.7013,13965068,52.09,85.63,26.4,43.37,260
1999-08-20,23.8511,25.4628,23.6264,25.0883,14148334,57.67,85.63,26.4,52.8,260
1999-08-27,25.1632,26.5112,24.5641,24.9026,18098134,56.72,85.63,26.4,51.19,260
1999-09-03,24.9026,25.6874,23.8331,25.4628,20176401,58.92,85.63,26.4,54.91,260
1999-09-10,25.4628,25.4628,22.7098,23.1981,27355267,48.23,85.63,26.4,36.85,260
1999-09-17,23.273,23.8901,22.8027,23.234,15664534,48.39,85.63,26.4,37.12,260
1999-09-24,23.252,23.6264,22.2065,22.581,16156534,45.63,85.63,26.4,32.46,260
1999-10-01,22.8985,22.8985,21.7362,22.1856,18061401,43.99,85.63,26.4,29.7,260
1999-10-08,22.3424,23.6795,22.1165,22.7549,16711401,46.94,85.63,26.4,34.68,260
1999-10-15,22.776,22.9447,19.8187,20.0265,19788268,36.9,85.63,26.4,17.74,260
1999-10-22,20.1018,24.5076,20.1018,24.2788,22340601,53.57,85.63,26.4,45.87,260
1999-10-29,23.9987,26.8777,23.1525,26.2754,30386068,59.04,85.63,26.4,55.1,260
1999-11-05,26.0857,26.3145,24.7516,25.9742,18004134,57.93,85.63,26.4,53.23,260
1999-11-12,25.9923,26.0857,24.1854,25.5978,14525068,56.5,85.63,26.4,50.82,260
1999-11-19,25.3147,26.0315,24.5829,24.9955,16909467,54.2,85.63,26.4,46.93,260
1999-11-26,24.8449,24.863,23.7156,23.809,8859134,49.89,85.63,26.4,39.65,260
1999-12-03,23.7337,25.1069,22.8874,24.6943,17664801,52.9,85.63,26.4,44.74,260
1999-12-10,24.6943,24.6943,22.9055,23.7728,16563334,49.56,85.63,26.4,39.1,260
1999-12-17,23.5259,23.8662,21.7009,21.9087,16346534,43.57,85.63,26.4,28.99,260
1999-12-23,22.0984,23.4717,21.719,23.3392,14520934,48.69,85.63,26.4,37.64,260
1999-12-31,23.3392,23.8481,22.9808,23.3964,7627867,48.89,85.63,26.4,37.98,260
2000-01-07,22.511,22.7007,20.8996,22.0354,31598801,44.46,85.63,26.4,30.49,260
2000-01-14,22.0354,22.9441,20.6724,22.3777,24701001,45.79,85.63,26.4,32.74,260
2000-01-21,22.3959,23.0198,21.2782,22.093,22641467,44.83,85.63,26.4,31.11,260
2000-01-28,22.5261,24.6857,21.8658,23.2288,25394268,49.4,85.63,26.4,38.83,260
2000-02-04,23.2652,25.7065,23.2652,24.7615,25501801,54.84,85.63,26.4,48.01,260
2000-02-11,24.8947,26.1608,24.6494,25.025,23169534,55.72,85.63,26.4,49.5,260
2000-02-18,24.9129,25.2734,22.5837,22.6412,22358267,46.82,85.63,26.4,34.47,260
2000-02-25,23.0198,23.9861,22.6018,22.9805,14243800,48.09,85.63,26.4,36.62,260
2000-03-03,23.247,24.9523,23.1349,24.5706,17766267,53.68,85.63,26.4,46.05,260
2000-03-10,25.1219,25.5581,23.5499,23.8346,16531201,50.94,85.63,26.4,41.44,260
2000-03-17,23.5105,27.9418,23.3621,27.5632,30159068,61.61,85.63,26.4,59.45,260
2000-03-24,27.2603,30.5164,25.5944,29.1352,29964068,65.06,85.63,26.4,65.27,260
2000-03-31,29.0777,29.3412,26.0306,26.4092,24043401,55.71,85.63,26.4,49.49,260
2000-04-07,26.6364,28.169,25.2792,26.3056,25484267,55.39,85.63,26.4,48.94,260
2000-04-14,26.0406,27.6975,23.0711,24.0213,30053868,48.63,85.63,26.4,37.54,260
2000-04-20,23.6041,24.67,22.8244,23.5462,19426534,47.34,85.63,26.4,35.36,260
2000-04-28,23.1472,23.9848,21.8528,21.9655,25014534,43.23,85.63,26.4,28.41,260
2000-05-05,22.0812,23.4518,21.4721,21.9868,31232468,43.3,85.63,26.4,28.53,260
2000-05-12,21.8132,22.2914,20.7503,21.8132,25711001,42.82,85.63,26.4,27.73,260
2000-05-19,22.1574,23.3574,21.9472,22.0812,19499734,43.84,85.63,26.4,29.45,260
2000-05-26,22.3096,22.7086,21.131,21.4721,21221134,42.01,85.63,26.4,26.35,260
2000-06-02,21.8132,25.0904,21.664,24.5756,17885201,52.85,85.63,26.4,44.65,260
2000-06-09,24.5178,24.7066,21.7371,22.3279,20405535,46.12,85.63,26.4,33.3,260
2000-06-16,22.5594,23.0162,20.1563,20.7594,41530600,42.1,85.63,26.4,26.5,260
2000-06-23,20.732,22.1848,20.6132,21.4173,24365000,44.29,85.63,26.4,30.21,260
2000-06-30,21.2711,22.3584,20.8416,21.0426,24914300,43.29,85.63,26.4,28.51,260
2000-07-07,21.1014,23.3137,21.1014,23.0239,17572600,49.79,85.63,26.4,39.48,260
2000-07-14,23.0837,24.2611,22.8538,24.1461,21687700,53.07,85.63,26.4,45.02,260
2000-07-21,24.7211,24.7211,23.0515,24.2519,24217700,53.38,85.63,26.4,45.55,260
2000-07-28,24.1186,24.2013,22.1041,22.2512,17020600,47.06,85.63,26.4,34.88,260
2000-08-04,22.5364,24.5509,22.1915,24.1186,35361100,52.69,85.63,26.4,44.38,260
2000-08-11,24.4037,24.8912,23.5988,23.9162,26159500,52.04,85.63,26.4,43.29,260
2000-08-18,24.2611,24.5509,23.0239,23.3413,25720400,50.16,85.63,26.4,40.12,260
2000-08-25,23.4563,25.2408,23.2815,23.9438,27082100,52.12,85.63,26.4,43.41,260
2000-09-01,23.9162,26.1284,23.7414,25.8985,34578100,57.88,85.63,26.4,53.15,260
2000-09-08,25.9583,26.8183,25.6409,26.5884,19665400,59.72,81.42,26.4,60.57,260
2000-09-15,26.4458,26.8505,22.2788,22.5916,90303000,46.91,81.42,26.4,37.29,260
2000-09-22,22.5916,22.5916,20.9536,22.2186,72847800,45.92,81.42,26.4,35.49,260
2000-09-29,22.3361,22.8957,21.217,21.7201,45650000,44.57,81.42,26.4,33.03,260
2000-10-06,21.9223,22.6277,19.7702,20.3053,45834300,40.89,78.36,26.4,27.88,260
2000-10-13,20.4189,20.4805,17.7292,18.7947,64302500,37.34,78.36,26.4,21.05,260
2000-10-20,19.0315,19.2682,15.3331,18.1744,68906200,35.96,78.36,26.4,18.4,260
2000-10-27,18.0844,20.3337,17.966,20.2153,45358300,43.37,78.36,26.4,32.67,260
2000-11-03,20.2721,22.0195,20.2721,21.044,42176700,46.1,78.36,26.4,37.92,260
2000-11-10,21.2523,21.6359,20.1537,20.2721,25196400,43.98,78.36,26.4,33.83,260
2000-11-17,19.8317,20.4521,18.5248,18.7615,36147900,40.08,78.36,26.4,26.33,260
2000-11-24,18.8231,18.9131,17.5209,18.5248,24059000,39.49,78.36,26.4,25.2,260
2000-12-01,18.6763,19.0315,16.7822,17.6677,58407800,37.35,78.36,26.4,21.07,260
2000-12-08,17.7008,20.4805,17.464,18.9415,58476700,42.36,78.36,26.4,30.71,260
2000-12-15,19.0599,21.1624,18.9699,20.8072,54797900,48.81,78.36,26.4,43.14,260
2000-12-22,20.8356,21.9626,20.4805,21.6028,49097300,51.32,78.36,26.4,47.96,260
2000-12-29,21.6028,22.5214,20.9824,21.5175,28338800,51.03,78.36,26.4,47.4,260
2001-01-05,21.1292,26.0762,20.5089,23.6327,71731900,57.42,78.36,26.4,59.69,260
2001-01-12,23.6617,26.1969,23.1209,25.743,53104900,62.65,78.36,26.4,69.77,260
2001-01-19,25.8347,26.4093,24.0528,24.415,45180500,57.83,78.36,26.4,60.49,260
2001-01-26,24.415,26.3176,24.1736,26.1679,45007500,61.99,78.36,26.4,68.49,260
2001-02-02,26.1679,27.6842,25.8395,26.3852,48327300,62.48,78.36,26.4,69.44,260
2001-02-09,26.3224,26.5349,24.6516,25.0862,32044000,57.66,78.36,26.4,60.16,260
2001-02-16,25.3373,25.9313,24.2653,25.1055,34189300,57.71,78.36,26.4,60.27,260
2001-02-23,25.1055,25.4001,21.9185,22.7201,41026500,49.58,77.67,26.4,45.22,260
2001-03-02,23.1788,24.0384,21.6239,22.1164,49149900,47.75,77.67,26.4,41.64,260
2001-03-09,22.1647,24.7192,21.875,23.6376,33571300,52.51,77.67,26.4,50.94,260
2001-03-16,22.9374,23.1064,20.9527,21.5273,51121000,46.21,77.67,26.4,38.65,260
2001-03-23,21.4404,21.9523,18.1471,20.1414,58413400,42.6,77.67,26.4,31.6,260
2001-03-30,20.3539,21.7301,19.8469,21.6818,43040400,47.51,77.67,26.4,41.18,260
2001-04-06,21.4887,21.9233,18.7696,19.3346,47861900,41.66,77.67,26.4,29.77,260
2001-04-12,19.9044,21.9255,19.1008,21.721,31987400,48.59,77.67,26.4,43.29,260
2001-04-20,22.2031,23.9905,21.4336,22.8801,46789000,51.6,77.67,26.4,49.16,260
2001-04-27,23.0749,23.971,22.0278,23.8638,32778700,54.06,77.67,26.4,53.95,260
2001-05-04,24.1268,24.2242,22.7632,24.2242,38259100,54.96,77.67,26.4,55.71,260
2001-05-11,23.9077,23.9077,22.1885,22.2323,36896400,49.21,77.67,26.4,44.49,260
2001-05-18,22.8703,23.3622,22.1885,23.0554,34013900,51.47,77.67,26.4,48.9,260
2001-05-25,23.6982,24.3021,22.8362,23.3135,31220700,52.19,77.67,26.4,50.3,260
2001-06-01,23.6739,23.8882,22.9044,23.406,22676200,52.46,77.67,26.4,50.83,260
2001-06-08,23.6982,23.8931,20.9661,21.1609,43045700,45.68,77.67,26.4,37.6,260
2001-06-15,21.4287,21.5602,20.3427,21.4921,44576500,46.77,77.67,26.4,39.74,260
2001-06-22,21.4921,22.6073,20.9904,21.9742,34947800,48.4,77.67,26.4,42.91,260
2001-06-29,22.1885,22.1885,21.0635,21.2875,29143100,46.23,77.67,26.4,38.68,260
2001-07-06,21.9742,22.3554,21.1073,21.6292,17602500,47.49,77.67,26.4,41.14,260
2001-07-13,21.5752,21.5752,19.7793,20.6772,34495100,44.37,77.67,26.4,35.05,260
2001-07-20,20.8882,21.5016,19.7302,21.0894,36163500,46.02,77.67,26.4,38.28,260
2001-07-27,21.2366,21.4918,20.2602,21.482,28929900,47.62,77.67,26.4,41.39,260
2001-08-03,21.4329,21.5016,20.8931,21.0502,34358600,46.01,77.67,26.4,38.25,260
2001-08-10,21.1728,21.1728,19.9854,20.53,25422600,44.07,77.67,26.4,34.47,260
2001-08-17,20.5938,20.692,19.9314,20.1571,24949800,42.68,77.67,26.4,31.76,260
2001-08-24,20.0688,20.2454,19.3622,19.8872,34777300,41.66,77.67,26.4,29.77,260
2001-08-31,20.1669,20.1669,19.004,19.1463,30410500,38.91,77.67,26.4,24.4,260
2001-09-07,19.7646,19.7646,17.4731,17.9785,36874700,34.98,77.67,26.4,16.74,260
2001-09-10,18.1551,18.1551,17.4388,18.1061,9263700,35.74,77.67,26.4,18.23,260
2001-09-21,17.4044,17.4437,14.2493,15.1227,79126100,27.59,77.67,26.4,2.33,260
2001-09-28,15.8882,17.0119,15.3534,16.5948,49803200,35.42,77.67,26.4,17.59,260
2001-10-05,16.8254,17.4809,16.3249,16.5544,55613100,35.31,77.67,26.4,17.37,260
2001-10-12,16.4008,17.0697,15.8607,16.2967,42980500,34.55,77.67,26.4,15.9,260
2001-10-19,15.9053,17.9616,15.7814,16.7823,45924800,37.27,77.67,26.4,21.22,260
2001-10-26,16.7873,18.8683,16.7873,18.6057,37729000,46.31,77.67,26.4,38.85,260
2001-11-02,18.3827,18.5215,17.1192,17.8575,37594800,43.54,77.67,26.4,33.44,260
2001-11-09,18.0854,19.6413,17.9715,19.3489,36688200,49.97,77.67,26.4,45.98,260
2001-11-16,19.2053,19.8197,18.4571,19.5273,29874500,50.69,77.67,26.4,47.39,260
2001-11-23,19.6215,19.9386,19.0516,19.5174,18265100,50.65,71.66,26.4,53.58,260
2001-11-30,19.5174,19.9683,18.0854,18.6899,51735700,47.0,71.66,26.4,45.51,260
2001-12-07,18.3728,20.2904,17.9021,19.7057,45346700,51.61,71.66,26.4,55.7,260
2001-12-14,19.7057,19.7057,17.5404,17.8575,42964100,44.09,71.66,26.4,39.09,260
2001-12-21,17.8872,19.2994,17.3521,17.7138,64313600,43.56,71.66,26.4,37.92,260
2001-12-28,17.7188,18.2539,17.6395,18.1102,21436300,45.51,71.66,26.4,42.22,260
2002-01-04,18.0607,19.5549,17.8445,19.5049,35008400,51.82,71.66,26.4,56.16,260
2002-01-11,19.5299,19.845,18.8648,19.1748,37905900,50.34,71.66,26.4,52.88,260
2002-01-18,18.8297,19.1498,17.7545,17.9595,53672000,45.2,71.66,26.4,41.53,260
2002-01-25,18.0045,18.2496,17.3794,17.4994,38148200,43.39,71.66,26.4,37.54,260
2002-02-01,17.6194,17.6194,15.2038,16.0841,80367600,38.32,71.66,26.4,26.34,260
2002-02-08,16.0891,16.1791,14.1536,15.5639,93553200,36.63,71.66,26.4,22.6,260
2002-02-15,15.6139,16.0991,14.6537,15.0288,75062200,34.92,71.66,26.4,18.82,260
2002-02-22,14.6537,15.0788,13.3534,14.0986,63174200,32.11,71.66,26.4,12.62,260
2002-03-01,13.9035,14.8788,13.8785,14.8337,49251700,36.46,71.49,26.4,22.31,260
2002-03-08,15.1288,17.4944,15.0038,17.3744,72280600,48.69,71.49,26.4,49.43,260
2002-03-15,17.7545,18.2496,17.3544,18.0095,59673900,51.21,71.49,26.4,55.03,260
2002-03-22,18.0095,18.2046,17.1043,17.6044,38372900,49.54,71.49,26.4,51.31,260
2002-03-28,17.6044,18.1146,17.4794,17.8295,31191100,50.51,71.49,26.4,53.46,260
2002-04-05,17.9795,17.9795,17.23,17.6037,28519400,49.48,71.49,26.4,51.19,260
2002-04-12,17.4421,17.9017,16.7149,17.3108,39793000,48.11,71.49,26.4,48.16,260
2002-04-19,17.9269,19.1641,17.2957,19.0682,61613000,55.97,71.49,26.4,65.58,260
2002-04-26,18.8207,18.8813,17.3664,17.6694,41256700,49.54,71.49,26.4,51.32,260
2002-05-03,17.8764,18.3864,17.1694,18.0178,39798500,51.05,71.49,26.4,54.66,260
2002-05-10,18.1541,18.7601,17.2906,17.7148,38881400,49.66,71.49,26.4,51.58,260
2002-05-17,17.8512,19.5681,17.7249,19.2399,36190500,56.13,71.49,26.4,65.94,260
2002-05-24,19.0884,19.5479,18.6036,19.0884,26870200,55.37,71.49,26.4,64.25,260
2002-05-31,19.0631,19.1389,17.6997,18.1541,27375400,50.79,71.49,26.4,54.1,260
2002-06-07,18.1794,18.3056,16.412,17.0129,40763800,45.81,71.49,26.4,43.05,260
2002-06-14,16.9927,17.4623,15.7807,16.6644,37480600,44.38,71.49,26.4,39.87,260
2002-06-21,16.9674,18.0228,16.5584,16.6594,45168700,44.36,71.49,26.4,39.82,260
2002-06-28,16.2857,17.3462,15.2252,17.129,53818900,46.95,71.49,26.4,45.57,260
2002-07-05,16.9624,17.0078,15.3144,16.6366,35853500,44.6,71.49,26.4,40.37,260
2002-07-12,16.6366,16.8203,14.9316,15.4216,42664500,39.38,71.49,26.4,28.78,260
2002-07-19,15.1102,17.2185,13.1959,13.3235,64541300,32.33,71.49,26.4,13.16,260
2002-07-26,13.2521,13.6043,9.301,11.3582,159652600,27.39,71.49,26.4,2.2,260
2002-08-02,12.1239,13.0173,11.8687,12.175,74182500,32.04,71.49,26.4,12.51,260
2002-08-09,11.6798,13.6809,11.2816,13.4512,68706100,38.65,71.49,26.4,27.17,260
2002-08-16,13.1704,13.1755,11.9299,12.6906,59367600,36.38,71.49,26.4,22.13,260
2002-08-23,12.7518,13.9617,12.6803,13.1245,52716800,38.6,71.49,26.4,27.05,260
2002-08-30,13.1449,13.9872,13.0938,13.4767,40905900,40.41,71.49,26.4,31.08,260
2002-09-06,13.0938,13.1449,12.2005,12.2056,43234300,36.25,71.49,26.4,21.84,260
2002-09-13,11.8432,12.2566,11.103,11.251,64431000,33.46,71.49,26.4,15.66,260
2002-09-20,11.0264,11.4348,9.597,10.3015,101764300,30.91,71.49,26.4,10.01,260
2002-09-27,9.985,10.1075,9.3214,9.3622,79591000,28.59,71.49,26.4,4.87,260
2002-10-04,9.3673,10.2906,8.6007,8.6007,93508300,26.83,71.49,26.4,0.97,260
2002-10-11,8.6059,9.2818,7.9351,8.9386,112174500,28.92,71.49,26.4,5.6,260
2002-10-18,8.845,10.2698,8.7359,9.8642,69958000,34.44,71.49,26.4,17.84,260
2002-10-25,9.7134,10.8574,9.6458,10.5922,68150300,38.49,71.49,26.4,26.81,260
2002-11-01,10.9198,11.3254,10.3478,11.1902,57748900,41.67,71.49,26.4,33.87,260
2002-11-08,11.6218,11.991,10.3998,10.5038,74419600,39.17,71.49,26.4,28.31,260
2002-11-15,10.5142,11.627,10.3998,11.4866,51167000,44.33,71.49,26.4,39.76,260
2002-11-22,11.5646,13.1454,11.2474,12.9946,73144900,51.17,71.49,26.4,54.94,260
2002-11-29,12.9998,13.3638,12.5318,13.0882,35957200,51.57,71.49,26.4,55.83,260
2002-12-06,13.5146,13.5926,11.8558,12.7034,59126100,49.78,71.49,26.4,51.84,260
2002-12-13,12.407,12.8698,12.0118,12.2822,41808800,47.81,71.49,26.4,47.49,260
2002-12-20,12.3758,13.3066,11.887,12.9322,63001300,51.02,71.49,26.4,54.61,260
2002-12-27,12.6878,12.9946,12.3082,12.3758,26116800,48.28,71.49,26.4,48.53,260
2003-01-03,12.485,13.6952,12.277,13.6688,42869800,54.41,71.49,26.4,62.11,260
2003-01-10,13.7005,14.9072,13.6794,14.2748,76558700,56.98,71.49,26.4,67.82,260
2003-01-17,14.4382,14.6226,13.7163,13.8006,43199300,54.39,71.49,26.4,62.08,260
2003-01-24,13.9745,14.0166,12.4147,12.5465,46163400,48.17,71.49,26.4,48.28,260
2003-01-31,12.5148,12.6993,11.9616,12.2988,48027500,47.03,71.49,26.4,45.74,260
2003-02-07,12.3831,12.5781,11.4873,11.5822,42832900,43.78,71.49,26.4,38.55,260
2003-02-14,11.5927,11.8298,10.992,11.5137,50984500,43.48,71.49,26.4,37.87,260
2003-02-21,11.6349,12.1723,11.6296,12.0564,32975100,46.68,71.49,26.4,44.98,260
2003-02-28,12.0617,12.1196,11.4452,11.951,41423800,46.13,71.49,26.4,43.77,260
2003-03-07,12.1987,12.2935,11.3661,11.7455,43346200,45.03,71.49,26.4,41.31,260
2003-03-14,11.5242,11.6928,10.6073,11.2028,64429700,42.15,71.49,26.4,34.92,260
2003-03-21,11.1975,13.1208,11.071,12.9891,65043400,52.84,71.49,26.4,58.63,260
2003-03-28,12.5148,12.9575,12.3568,12.8837,42112200,52.22,71.49,26.4,57.27,260
2003-04-04,12.5148,13.699,12.4621,13.6617,53252700,56.26,71.49,26.4,66.22,260
2003-04-11,14.1316,14.2758,13.5709,13.667,47104200,56.29,71.49,26.4,66.28,260
2003-04-17,13.8753,14.7939,13.8219,14.5856,53059800,60.82,71.49,26.4,76.32,260
2003-04-25,14.5856,15.8567,14.5055,14.9328,60786500,62.4,71.49,26.4,79.84,260
2003-05-02,14.9541,16.049,14.9541,15.9475,57347600,66.65,71.49,26.4,89.26,260
2003-05-09,16.0223,16.5831,15.798,16.065,56637400,67.11,71.49,26.4,90.28,260
2003-05-16,16.065,16.8234,15.8994,16.6899,43715500,69.54,71.49,26.4,95.66,260
2003-05-23,16.6899,16.6899,15.9849,16.5029,39787500,67.92,71.49,26.4,92.08,260
2003-05-30,16.3961,17.6619,16.2893,17.5497,43473500,71.86,71.86,26.4,100.0,260
2003-06-06,17.8114,19.5044,17.7954,18.7621,60305800,75.59,75.59,26.4,100.0,260
2003-06-13,18.479,18.7567,17.9449,18.5324,46784600,73.6,75.59,26.4,95.95,260
2003-06-20,18.6659,19.3335,18.1853,18.5858,55924800,73.77,75.59,26.4,96.3,260
2003-06-27,18.4523,18.5965,17.8915,18.1052,40081800,69.36,75.59,26.4,87.34,260
2003-07-03,18.2921,18.6141,17.8266,18.4092,30123500,70.56,75.59,26.4,89.77,260
2003-07-11,18.5979,19.4825,18.5548,19.2884,40175700,73.76,75.59,26.4,96.27,260
2003-07-18,19.6767,20.6368,18.7813,19.0564,57675200,71.55,75.59,26.4,91.78,260
2003-07-25,18.9324,19.1535,18.0694,19.1319,46529300,71.85,75.59,26.4,92.38,260
2003-08-01,19.1319,19.3207,17.9237,17.9938,52497200,61.48,75.59,26.4,71.32,260
2003-08-08,17.9938,18.2312,17.476,17.7943,55800700,59.85,75.59,26.4,68.0,260
2003-08-15,17.7943,18.339,17.7673,18.1557,32752600,61.83,75.59,26.4,72.02,260
2003-08-22,18.393,19.1104,18.1557,18.2959,41527800,62.6,75.59,26.4,73.58,260
2003-08-29,18.188,18.6411,17.7997,18.4577,33449400,63.51,75.59,26.82,75.22,260
2003-09-05,18.5656,18.9,18.3822,18.4415,28910100,63.34,75.59,26.82,74.88,260
2003-09-12,18.5224,18.7706,17.886,18.339,33800600,62.23,75.59,26.82,72.6,260
2003-09-19,18.339,19.3477,18.188,19.1427,46561400,67.11,75.59,26.82,82.6,260
2003-09-26,18.8838,19.283,18.3067,18.4415,48246400,59.84,75.59,26.82,67.71,260
2003-10-03,18.5548,19.4974,18.2635,19.1543,45769800,64.1,75.59,26.83,76.42,260
2003-10-10,19.1706,19.7207,19.1276,19.3449,42730900,65.16,75.59,26.83,78.6,260
2003-10-17,19.3667,20.1455,19.3667,19.7915,35051000,67.58,75.59,26.83,83.57,260
2003-10-24,19.688,20.0965,18.8602,18.9365,51983200,59.11,75.59,26.83,66.2,260
2003-10-31,19.1979,19.7153,18.9479,19.5519,42365500,62.73,75.59,26.83,73.62,260
2003-11-07,19.7262,20.0202,19.6172,19.6281,35952200,63.17,75.59,26.83,74.51,260
2003-11-14,19.6118,19.7534,19.1173,19.3122,27726100,60.04,75.59,26.83,68.1,260
2003-11-21,19.1706,19.3613,18.7622,19.0617,36866400,57.6,75.59,26.83,63.1,260
2003-11-28,19.1543,19.4157,19.0563,19.2796,19167700,59.16,75.59,26.83,66.29,260
2003-12-05,19.3939,19.6009,18.98,19.0399,33729700,56.7,75.59,26.83,61.24,260
2003-12-12,18.9147,19.334,18.7894,19.1107,33269400,57.26,75.59,26.83,62.4,260
2003-12-19,19.334,19.4865,19.1216,19.4865,42509600,60.23,75.59,26.83,68.49,260
2003-12-26,19.4811,19.7752,19.4157,19.7262,19284600,62.04,75.59,26.83,72.2,260
2004-01-02,19.7534,20.3765,19.7316,20.1292,26312300,64.93,75.59,26.83,78.13,260
2004-01-09,20.1512,21.5144,19.9533,21.3055,67801100,71.7,75.59,26.83,92.02,260
2004-01-16,21.1626,21.9596,21.1186,21.5858,92019000,73.04,75.59,26.83,94.76,260
2004-01-23,21.6573,22.2784,21.3714,21.7672,65780900,73.9,75.59,26.83,96.52,260
2004-01-30,21.6848,22.1421,21.1076,21.3769,57518600,68.82,75.59,26.83,86.1,260
2004-02-06,21.4924,21.8881,21.223,21.8387,37382500,71.33,75.59,26.83,91.25,260
2004-02-13,21.9046,22.3444,21.6133,22.075,39998100,72.55,75.59,26.83,93.75,260
2004-02-20,22.2179,22.6027,22.1245,22.3004,39929500,73.7,75.59,26.83,96.11,260
2004-02-27,22.3059,22.6467,21.9596,22.5477,44676300,74.94,75.59,26.83,98.65,260
2004-03-05,22.6632,24.0978,22.6027,23.6416,53002700,79.53,79.53,26.83,100.0,260
2004-03-12,23.6581,23.9055,22.6082,22.8226,50930200,69.29,79.53,26.83,80.57,260
2004-03-19,22.6907,23.3338,22.3993,22.7181,43885800,68.09,79.53,26.83,78.29,260
2004-03-26,22.6742,22.9105,22.2289,22.6742,42548700,67.55,79.53,26.83,77.28,260
2004-04-02,22.7951,23.5913,22.7767,23.015,46271300,69.54,79.53,26.83,81.05,260
2004-04-08,22.8764,23.148,22.7213,22.8044,30034900,66.82,79.53,26.83,75.88,260
2004-04-16,22.8099,23.0759,21.1917,21.757,55136500,55.24,79.53,26.83,53.9,260
2004-04-23,21.7515,21.8845,20.7539,21.225,56343900,50.45,79.53,26.83,44.82,260
2004-04-30,21.2305,21.9343,20.7595,20.8371,41035200,47.24,79.53,26.83,38.72,260
2004-05-07,21.0643,21.4744,20.2108,20.2164,46543200,42.57,79.53,26.83,29.86,260
2004-05-14,19.9227,20.1665,19.1856,19.762,76136400,39.49,79.53,26.83,24.01,260
2004-05-21,19.4294,20.1166,19.2577,19.9947,44584200,41.81,79.53,26.83,28.42,260
2004-05-28,20.1,20.56,19.8395,20.4159,33494200,45.86,79.53,26.83,36.1,260
2004-06-04,20.3937,20.7761,20.2275,20.6597,24999700,48.11,79.53,26.83,40.37,260
2004-06-10,20.7983,21.164,20.7706,20.9479,25662800,50.72,79.53,26.83,45.32,260
2004-06-18,20.9091,20.9091,20.5156,20.632,39079600,47.88,79.53,26.83,39.93,260
2004-06-25,20.6154,21.3414,20.3383,21.0532,47034600,51.75,79.53,26.83,47.29,260
2004-07-02,21.1086,21.6041,20.9479,21.291,61944700,53.84,79.53,26.83,51.26,260
2004-07-09,21.2463,21.2575,20.4803,20.5921,45550800,47.36,79.53,26.83,38.94,260
2004-07-16,20.6872,20.8437,19.9939,20.0554,52307100,43.06,79.53,26.83,30.8,260
2004-07-23,20.1001,21.1345,19.8463,20.4244,61953800,46.64,79.53,26.83,37.59,260
2004-07-30,20.3741,20.9612,20.2175,20.8717,41582400,50.69,79.53,26.83,45.27,260
2004-08-06,20.8158,20.9723,20.0722,20.1784,42044800,44.99,79.53,26.83,34.46,260
2004-08-13,20.1616,20.6984,20.1001,20.6145,37025200,48.89,79.53,26.83,41.85,260
2004-08-20,20.6592,21.6936,20.6481,21.6097,46280900,56.46,79.53,26.83,56.22,260
2004-08-27,21.6656,22.2527,21.4364,22.208,41084100,60.27,79.53,26.83,63.45,260
2004-09-03,22.18,22.3645,21.7551,22.2807,35019500,60.72,79.53,26.83,64.3,260
2004-09-10,22.2807,22.4204,22.0011,22.2527,36050500,60.43,79.53,26.83,63.76,260
2004-09-17,22.1912,22.2974,21.8502,22.1688,43908600,59.54,79.53,26.83,62.06,260
2004-09-24,22.1744,22.5043,21.9732,22.2248,49002600,59.96,79.53,26.83,62.87,260
2004-10-01,22.1521,22.5882,21.7775,22.5546,45900900,62.48,79.53,26.83,67.64,260
2004-10-08,22.7419,22.8095,22.0257,22.3584,45860800,60.06,79.53,26.83,63.05,260
2004-10-15,22.2738,22.381,21.5408,21.8453,39196700,54.16,79.53,26.83,51.86,260
2004-10-22,21.7381,22.2062,20.4812,21.1291,66178900,47.19,79.53,26.83,38.63,260
2004-10-29,21.1291,21.7776,20.8077,21.7663,54038300,52.99,79.53,26.83,49.63,260
2004-11-05,21.8622,22.505,21.6592,22.1893,56705400,56.41,79.53,26.83,56.12,260
2004-11-12,22.1723,22.2682,21.9073,22.0878,41358800,55.37,79.53,26.83,54.15,260
2004-11-19,21.9919,22.0821,21.0164,21.1009,66663400,46.4,79.53,26.83,37.13,260
2004-11-26,21.1009,21.3434,20.9487,21.2532,33954700,47.8,79.53,26.83,39.8,260
2004-12-03,21.2532,21.7776,20.8979,21.4618,54058800,49.75,79.53,26.83,43.48,260
2004-12-10,21.3998,21.6648,21.0051,21.2194,49836300,47.53,79.53,26.83,39.28,260
2004-12-17,21.428,22.1329,21.3829,21.7212,66155600,52.27,79.53,26.83,48.27,260
2004-12-23,21.7663,22.2626,21.7212,22.0821,35363000,55.39,79.53,26.83,54.19,260
2004-12-31,22.1047,22.1723,21.9496,21.9975,27567700,54.49,79.53,26.83,52.48,260
2005-01-07,22.2626,22.381,21.7997,21.8452,55176100,52.83,79.53,26.83,49.33,260
2005-01-14,21.7713,21.9078,21.3731,21.5096,44319800,49.26,79.53,26.83,42.56,260
2005-01-21,21.4527,21.8964,20.9635,20.9635,54989700,44.05,79.53,26.83,32.67,260
2005-01-28,20.9691,21.1739,20.77,21.0488,62485500,45.03,79.53,26.83,34.53,260
2005-02-04,21.2081,21.4698,21.1853,21.4413,62674700,49.41,79.53,26.83,42.85,260
2005-02-11,21.447,21.6575,21.1284,21.3219,43651000,48.15,79.53,26.83,40.46,260
2005-02-18,21.3731,21.4755,20.6506,20.77,54356600,42.74,79.53,26.83,30.18,260
2005-02-25,20.77,21.0943,20.423,21.0317,45331800,45.85,79.53,26.83,36.08,260
2005-03-04,21.0317,21.4982,20.7757,21.3389,52037600,49.33,79.53,26.83,42.69,260
2005-03-11,21.3389,21.3617,20.4799,20.5425,60048400,41.83,79.53,26.83,28.45,260
2005-03-18,20.5425,20.8611,20.3775,20.4856,62250200,41.34,79.53,26.83,27.53,260
2005-03-24,20.4116,20.4799,19.8371,19.8712,55754800,36.44,79.53,26.83,18.23,260
2005-04-01,19.8712,19.9736,19.2511,19.4843,68257400,33.73,79.53,26.83,13.09,260
2005-04-08,19.3472,20.1689,19.1634,19.8242,56181500,38.09,79.53,26.83,21.36,260
2005-04-15,19.9219,20.2264,19.4737,19.4966,59123400,35.65,79.53,26.83,16.74,260
2005-04-22,19.6805,20.6171,19.6575,20.0368,82445900,42.21,79.53,26.83,29.18,260
2005-04-29,20.1,20.5424,20.0483,20.393,56235100,46.11,79.53,26.83,36.58,260
2005-05-06,20.4448,20.7953,20.1804,20.462,51399600,46.86,79.53,26.83,38.0,260
2005-05-13,20.4333,20.6861,19.6001,19.8012,54809000,40.99,79.53,26.83,26.87,260
2005-05-20,19.8759,20.8585,19.8242,20.7206,54709900,50.31,79.53,26.83,44.56,260
2005-05-27,20.6401,20.7378,20.4907,20.5712,31180300,48.96,79.53,26.83,41.99,260
2005-06-03,20.5884,20.9734,20.1172,20.4275,43999400,47.63,79.53,26.83,39.47,260
2005-06-10,20.3815,20.6516,20.2264,20.3586,35828500,46.98,79.53,26.83,38.22,260
2005-06-17,20.2781,20.801,20.2666,20.7321,47368000,50.93,79.53,26.83,45.73,260
2005-06-24,20.6286,20.9332,20.3413,20.439,46324200,47.91,79.53,26.83,40.0,260
2005-07-01,20.4448,20.7436,20.2954,20.3413,42134200,46.91,79.53,26.83,38.1,260
2005-07-08,20.3065,20.469,19.9004,20.1963,38894600,45.4,79.53,26.83,35.23,260
2005-07-15,20.1963,20.8577,20.1615,20.8055,50430900,52.35,79.53,26.83,48.42,260
2005-07-22,20.6952,20.7184,20.2137,20.6546,50567200,50.63,79.53,26.83,45.16,260
2005-07-29,20.6256,20.6836,20.3471,20.3877,36880800,47.65,79.53,26.83,39.5,260
2005-08-05,20.4922,20.6836,20.3935,20.4516,42551500,48.43,79.53,26.83,40.99,260
2005-08-12,20.4864,20.556,19.8946,19.9062,39690200,42.58,79.53,26.83,29.88,260
2005-08-19,19.883,20.3007,19.8714,20.0396,40113900,44.35,79.53,26.83,33.24,260
2005-08-26,20.0686,20.1789,19.5117,19.5233,44649500,39.3,79.53,26.83,23.65,260
2005-09-02,19.3956,19.97,19.326,19.7901,43336700,42.92,79.53,26.83,30.52,260
2005-09-09,19.8714,20.2717,19.8714,20.2021,35769500,48.07,79.53,26.83,40.29,260
2005-09-16,20.1847,20.3065,19.7553,20.3007,59012600,49.25,79.53,26.83,42.53,260
2005-09-23,20.2369,20.2775,19.6045,19.7669,51033400,43.49,79.53,26.83,31.6,260
2005-09-30,19.8714,19.9468,19.4362,19.6857,48657000,42.67,79.53,26.83,30.05,260
2005-10-07,19.8366,20.09,19.5813,19.8673,63823700,45.15,79.53,26.83,34.76,260
2005-10-14,19.9259,20.0373,19.293,19.9728,56281500,46.6,79.53,26.83,37.51,260
2005-10-21,20.049,20.6233,19.7736,20.5882,70494500,54.19,79.53,26.83,51.92,260
2005-10-28,20.6644,21.3794,20.6585,21.3559,63492400,61.54,79.53,26.83,65.86,260
2005-11-04,21.3911,21.9713,21.3325,21.8658,68731500,65.5,79.53,26.83,73.37,260
2005-11-11,21.9537,22.5105,21.8072,22.4225,52807100,69.22,79.53,26.83,80.44,260
2005-11-18,22.2584,22.4167,21.9478,22.2877,54186200,67.33,79.53,26.83,76.85,260
2005-11-25,22.2702,22.8504,21.9889,22.7742,37893500,70.47,79.53,26.83,82.81,260
2005-12-02,22.8562,22.9617,22.3991,22.8504,61002200,70.94,79.53,26.83,83.7,260
2005-12-09,22.7566,23.032,22.4577,22.9266,45617600,71.43,79.53,26.83,84.64,260
2005-12-16,22.9383,23.372,22.7918,23.3192,47953000,73.88,79.53,26.83,89.28,260
2005-12-23,23.2723,23.6884,23.1024,23.5595,52034200,75.28,79.53,26.83,91.94,260
2005-12-30,23.6767,23.7705,23.1375,23.2606,33236800,70.25,79.53,26.83,82.38,260
2006-01-06,23.3427,23.7853,23.032,23.6553,42406400,72.83,79.53,26.83,87.29,260
2006-01-13,23.5725,24.1577,23.4366,23.5962,68713500,71.82,79.53,26.83,85.38,260
2006-01-20,23.3361,23.5371,22.3903,22.4908,60748400,56.19,79.53,26.83,55.72,260
2006-01-27,22.544,23.6671,22.4435,23.4957,66319800,63.89,79.53,26.83,70.32,260
2006-02-03,23.3597,23.7735,23.2888,23.3656,56463400,62.36,79.53,26.83,67.42,260
2006-02-10,23.2888,23.6612,23.0819,23.5962,42534300,64.0,79.53,26.83,70.54,260
2006-02-17,23.5075,24.1281,23.4129,24.1045,56472000,67.38,79.53,26.83,76.95,260
2006-02-24,24.0158,24.7251,23.9686,24.6247,38509700,70.44,79.53,26.83,82.75,260
2006-03-03,24.6306,24.8788,24.2168,24.5833,54016000,69.88,79.53,26.83,81.69,260
2006-03-10,24.5183,24.7133,24.1577,24.3114,49309400,66.15,79.53,26.83,74.61,260
2006-03-17,24.5005,24.5478,24.2227,24.471,63946700,67.25,79.53,26.83,76.71,260
2006-03-24,24.4178,25.0798,24.2345,24.8847,56607300,69.99,79.53,26.83,81.9,260
2006-03-31,24.7429,24.9498,24.3055,24.6128,50916600,66.08,79.53,26.83,74.48,260
2006-04-07,24.7961,25.4186,24.7274,24.8466,51356500,67.75,79.53,26.83,77.65,260
2006-04-13,25.0074,25.2756,24.7155,25.1385,28666300,69.75,79.53,26.83,81.44,260
2006-04-21,25.1921,25.6152,24.924,25.3232,50682500,70.97,79.53,26.83,83.76,260
2006-04-28,25.3292,27.3491,25.0909,27.0393,77472600,79.35,79.53,26.83,99.65,260
2006-05-05,27.0393,27.8853,26.652,27.796,72637700,81.83,81.83,26.83,100.0,260
2006-05-12,27.7662,27.796,26.3719,26.4077,54166300,66.1,81.83,26.83,71.39,260
2006-05-19,26.4136,26.6937,25.3233,25.4722,56754700,58.01,81.83,26.83,56.68,260
2006-05-26,25.4543,25.8476,24.781,25.7582,58756100,59.63,81.83,26.83,59.64,260
2006-06-02,25.5616,26.3362,25.1266,26.1038,38701500,61.57,81.83,26.83,63.16,260
2006-06-09,26.0144,26.1753,24.5784,25.2398,53013200,54.53,81.83,26.83,50.35,260
2006-06-16,24.9955,25.1624,23.4344,23.929,76696700,45.94,81.83,26.83,34.73,260
2006-06-23,23.9349,24.8287,23.6847,24.352,55926500,48.74,81.83,26.83,39.83,260
2006-06-30,24.2328,25.6152,24.1971,25.0253,67407100,52.93,81.83,26.83,47.45,260
2006-07-07,25.2538,25.7643,25.2238,25.47,34847200,55.52,81.83,26.83,52.15,260
2006-07-14,25.5481,25.9625,24.389,24.5572,42710200,49.5,81.83,26.83,41.22,260
2006-07-21,24.5091,26.1066,24.2629,25.9144,80179700,56.97,81.83,26.83,54.78,260
2006-07-28,26.0646,27.3498,26.0345,27.3138,67360700,63.03,81.83,26.83,65.81,260
2006-08-04,27.0855,27.6861,26.497,27.0976,62234300,61.59,81.83,26.83,63.18,260
2006-08-11,27.0255,27.4579,26.1246,26.3829,44665100,56.94,81.83,26.83,54.74,260
2006-08-18,26.6051,27.4519,26.2508,27.4519,42256000,61.61,81.83,26.83,63.22,260
2006-08-25,27.2717,27.608,27.0915,27.3378,33765300,60.85,81.83,26.83,61.84,260
2006-09-01,27.2657,27.6681,27.2117,27.4639,36920800,61.41,81.83,26.83,62.87,260
2006-09-08,27.4098,27.6561,26.8333,27.1816,28267000,59.35,81.83,26.83,59.12,260
2006-09-15,27.3798,28.4368,27.0976,28.1966,53518000,64.03,81.83,26.83,67.63,260
2006-09-22,28.0464,28.5209,27.7582,28.1185,40807600,63.42,81.83,26.83,66.53,260
2006-09-29,28.2927,28.5029,27.8603,28.2026,52875800,63.82,81.83,26.83,67.25,260
2006-10-06,28.2026,28.7791,28.0705,28.344,63498500,64.52,81.83,26.83,68.52,260
2006-10-13,28.3501,29.3783,28.2412,29.1303,53983100,68.19,81.83,26.83,75.19,260
2006-10-20,29.0215,29.1606,28.0476,28.5013,60708900,62.61,81.83,26.83,65.05,260
2006-10-27,28.3259,29.0033,28.2775,28.6041,46048300,63.14,81.83,26.83,66.01,260
2006-11-03,28.6344,29.082,28.1263,28.3622,49320100,60.95,81.83,26.83,62.03,260
2006-11-10,28.5376,29.0336,28.4589,28.7977,37367000,63.41,81.83,26.83,66.5,260
2006-11-17,28.6706,29.0275,28.4227,28.8279,48466200,63.58,81.83,26.83,66.81,260
2006-11-24,28.8279,29.0638,28.5376,28.592,24880800,61.17,81.83,26.83,62.43,260
2006-12-01,28.5376,28.586,27.5275,27.8299,61729700,54.04,81.83,26.83,49.46,260
2006-12-08,27.9932,28.7311,27.9206,28.2835,54572900,57.24,81.83,26.83,55.27,260
2006-12-15,28.2472,29.4267,28.2472,29.215,64758400,62.93,81.83,26.83,65.64,260
2006-12-22,29.215,29.6203,28.8037,28.967,42990200,60.62,81.83,26.83,61.43,260
2006-12-29,29.0215,29.6384,28.9247,29.215,27943700,62.12,81.83,26.83,64.16,260
2007-01-05,29.2389,29.574,28.9892,29.111,34476700,61.07,81.83,26.83,62.24,260
2007-01-12,28.977,29.4948,28.8247,29.2328,51808800,61.88,81.83,26.83,63.72,260
2007-01-19,29.3364,29.7811,29.1902,29.7019,52291300,64.92,81.83,26.83,69.25,260
2007-01-26,29.7689,30.8714,29.6653,30.2745,73874500,68.25,81.83,26.83,75.3,260
2007-02-02,30.1953,31.2674,29.9151,31.0237,71735000,72.0,81.83,26.83,82.11,260
2007-02-09,30.9506,31.2613,30.5059,30.7131,45267800,68.39,81.83,26.83,75.56,260
2007-02-16,30.8166,31.4014,30.6095,31.2186,51640500,70.94,81.83,26.83,80.2,260
2007-02-23,31.1577,31.645,30.8958,31.0846,37662800,69.35,81.83,26.83,77.3,260
2007-03-02,31.1699,31.3192,28.9953,29.3547,93322100,52.82,81.83,26.83,47.25,260
2007-03-09,28.9953,30.0613,28.7516,29.7384,73048400,55.36,81.83,26.83,51.87,260
2007-03-16,29.6288,29.8359,27.9658,28.6481,101358700,47.53,81.83,26.83,37.63,260
2007-03-23,28.7516,30.244,28.7272,29.5557,80358100,53.44,81.83,26.83,48.37,260
2007-03-30,29.574,29.8603,29.111,29.4704,59723100,52.84,81.83,26.83,47.28,260
2007-04-05,29.4704,29.9896,29.0562,29.916,44561300,55.65,81.83,26.83,52.38,260
2007-04-13,29.9221,30.376,29.8485,30.1123,48419100,56.87,81.83,26.83,54.6,260
2007-04-20,30.2779,32.3328,30.2533,32.2285,109077500,67.3,81.83,26.83,73.58,260
2007-04-27,32.0506,32.5107,31.6826,32.2347,69948500,67.33,81.83,26.83,73.62,260
2007-05-04,32.1794,32.5475,31.6519,32.2837,78402500,67.54,81.83,26.83,74.01,260
2007-05-11,32.3941,32.664,31.7255,31.9893,54863100,64.83,81.83,26.83,69.09,260
2007-05-18,31.8973,32.5536,31.6212,32.2285,53523000,66.02,81.83,26.83,71.25,260
2007-05-25,32.1304,32.3941,31.4434,31.6765,55188100,60.9,81.83,26.83,61.93,260
2007-06-01,31.6028,32.0874,31.4986,31.8359,42876800,61.82,81.83,26.83,63.61,260
2007-06-08,31.6274,31.7746,30.3883,30.922,69506100,53.96,81.83,26.83,49.33,260
2007-06-15,30.922,31.2777,30.2656,31.014,71940500,54.59,81.83,26.83,50.46,260
2007-06-22,31.1796,31.2777,29.7994,29.8853,81002800,46.28,81.83,26.83,35.36,260
2007-06-29,29.8853,30.3515,29.4804,29.7197,88753800,45.19,81.83,26.83,33.38,260
2007-07-06,29.9957,30.6471,29.7933,30.27,45567300,49.44,81.83,26.83,41.11,260
2007-07-13,30.4184,31.0427,29.1265,30.9376,95258600,54.09,81.83,26.83,49.56,260
2007-07-20,30.851,31.2034,29.2872,29.3984,122978900,44.04,81.83,26.83,31.28,260
2007-07-27,29.5159,29.5901,26.8888,27.34,187624100,34.74,81.83,26.83,14.37,260
2007-08-03,27.6615,28.4156,26.7034,26.9815,175827600,33.41,81.83,26.83,11.96,260
2007-08-10,27.0495,29.1944,26.2769,27.3524,164030900,36.12,81.83,26.83,16.89,260
2007-08-17,27.9582,29.8497,26.0605,29.0585,183586200,46.85,81.83,26.83,36.39,260
2007-08-24,29.1574,29.3675,27.8346,28.4032,121843100,43.81,81.83,26.83,30.86,260
2007-08-31,28.2796,28.3723,26.6725,27.5193,91168000,40.03,81.83,26.83,23.99,260
2007-09-07,27.4451,28.1993,26.7034,26.9012,71494200,37.59,81.83,26.83,19.56,260
2007-09-14,27.0433,28.2982,26.7961,28.1498,78970700,44.9,81.83,26.83,32.84,260
2007-09-21,28.0571,29.7075,27.748,29.1326,117122400,49.87,81.83,26.83,41.89,260
2007-09-28,29.1759,29.1759,28.1745,28.3229,79665600,46.17,81.83,28.92,32.6,260
2007-10-05,28.1065,29.8355,28.0756,29.6486,70523100,52.4,81.83,33.41,39.21,260
2007-10-12,29.4803,29.7234,28.9943,29.175,80558900,50.17,81.83,33.41,34.6,260
2007-10-19,29.1438,29.3619,27.7917,28.0534,122643400,45.25,81.83,33.41,24.44,260
2007-10-26,27.9786,29.5676,27.829,29.4866,97894100,51.76,81.83,33.41,37.88,260
2007-11-02,29.5302,29.6299,26.2089,26.8881,127192800,42.01,81.83,33.41,17.75,260
2007-11-09,26.6015,27.6296,25.349,26.3647,167520000,40.36,81.83,33.41,14.35,260
2007-11-16,26.2401,28.6765,26.0843,26.8507,141442700,42.61,81.83,33.41,19.0,260
2007-11-23,26.4831,26.6949,25.0187,26.1404,100502000,40.22,81.83,33.41,14.06,260
2007-11-30,26.1653,28.7201,25.1309,28.4272,151547000,49.96,81.83,33.41,34.16,260
2007-12-07,28.6142,29.1688,27.3742,28.7139,95777100,51.03,81.83,33.41,36.39,260
2007-12-14,29.0815,29.9228,27.8415,28.1655,175120900,48.87,81.83,33.41,31.92,260
2007-12-21,27.7356,28.3525,26.8258,27.4863,119994800,46.25,81.83,33.41,26.51,260
2007-12-28,27.505,28.1094,26.6825,26.9567,55640600,44.26,81.83,33.41,22.4,260
2008-01-04,26.8756,27.5328,25.546,25.7346,81508000,39.98,81.83,33.41,13.57,260
2008-01-11,25.4014,26.4954,24.2319,25.6906,172220500,39.83,81.83,33.41,13.26,260
2008-01-18,25.9358,26.816,24.2193,24.8921,222806400,37.12,81.83,33.41,7.66,260
2008-01-25,23.8986,29.0166,23.6786,27.4385,224789100,49.03,81.83,33.41,32.24,260
2008-02-01,27.602,30.9909,27.2876,30.337,258530700,58.63,81.83,33.41,52.07,260
2008-02-08,30.0729,30.2678,27.1933,27.5517,157506400,49.06,81.83,33.41,32.32,260
2008-02-15,27.5957,27.9478,26.4136,27.1933,139812200,47.98,81.83,33.41,30.08,260
2008-02-22,27.4071,27.6963,26.313,27.6208,119292500,49.42,81.83,33.41,33.05,260
2008-02-29,27.3065,28.0044,25.3888,25.5585,164935600,43.22,81.83,33.41,20.25,260
2008-03-07,25.2316,25.546,23.0184,23.6157,211872400,38.34,81.83,33.41,10.17,260
2008-03-14,23.7037,25.2945,22.6412,22.9744,267568800,36.86,81.83,33.41,7.11,260
2008-03-20,23.2636,29.2053,23.2636,28.9035,345661100,54.38,81.83,33.41,43.31,260
2008-03-28,28.5577,30.2804,26.816,26.8538,222785800,49.29,81.83,33.41,32.79,260
2008-04-04,26.86,30.1489,26.7909,28.8874,180271200,53.9,81.83,33.41,42.32,260
2008-04-11,29.4326,29.6291,26.8969,26.9603,153923300,49.32,81.83,33.41,32.86,260
2008-04-18,26.9033,29.7052,26.0982,29.0079,185315700,53.81,81.83,33.41,42.13,260
2008-04-25,28.7036,30.3454,28.2725,30.2947,132513400,56.43,81.83,33.41,47.53,260
2008-05-02,30.2186,31.664,29.553,30.8462,143861100,57.53,81.83,33.41,49.82,260
2008-05-09,30.5546,30.8716,28.7226,29.5213,120190300,53.98,81.83,33.41,42.48,260
2008-05-16,29.6798,29.9968,28.6656,29.496,120080000,53.91,81.83,33.41,42.34,260
2008-05-23,29.5087,29.9334,26.6878,26.8272,159334400,47.12,81.83,33.41,28.31,260
2008-05-30,26.8779,27.9302,26.561,27.2583,104327100,48.26,81.83,33.41,30.65,260
2008-06-06,27.0237,27.1125,25.3248,25.4136,157566900,43.92,81.83,33.41,21.69,260
2008-06-13,25.5594,25.5657,23.0871,25.0903,273948200,43.18,81.83,33.41,20.18,260
2008-06-20,25.0269,25.832,23.3407,24.0,218202600,40.72,81.83,33.41,15.08,260
2008-06-27,24.0824,24.9254,21.6798,22.2187,238610300,37.0,81.83,33.41,7.4,260
2008-07-03,22.0982,23.1335,20.7233,22.6335,210191400,38.41,81.83,33.41,10.32,260
2008-07-11,22.7553,23.5533,20.5695,21.2554,281264300,35.56,81.83,33.41,4.43,260
2008-07-18,21.3964,26.4859,18.7427,25.6526,416570300,48.65,81.83,33.41,31.47,260
2008-07-25,25.8577,27.5627,24.1078,25.3321,233446800,47.89,81.83,33.41,29.89,260
2008-08-01,25.2616,26.9666,23.8322,26.1269,208322900,49.98,81.83,33.41,34.22,260
2008-08-08,25.7295,27.0948,24.9411,26.3256,176406900,50.52,81.83,33.41,35.33,260
2008-08-15,26.1461,27.4666,23.1719,24.4026,226267300,45.44,81.83,33.41,24.84,260
2008-08-22,24.3065,24.518,22.4348,24.1462,179269600,44.8,81.83,33.41,23.51,260
2008-08-29,23.9732,24.9603,22.9925,24.6719,137755500,46.48,81.83,33.41,26.98,260
2008-09-05,25.3577,25.6526,23.9411,25.3834,145665800,48.75,81.83,33.41,31.68,260
2008-09-12,27.1717,27.9858,24.3065,26.3897,296595000,51.87,81.83,33.41,38.11,260
2008-09-19,24.6078,30.7677,21.8194,30.1588,508383200,61.34,81.83,33.41,57.68,260
2008-09-26,29.287,31.4087,25.6782,30.9216,289437700,62.93,81.83,33.41,60.96,260
2008-10-03,29.8575,32.7009,26.2801,29.6459,328523800,58.59,81.83,33.41,52.0,260
2008-10-10,28.0893,29.5426,22.6187,26.8945,402915000,50.5,81.83,33.41,35.29,260
2008-10-17,28.3606,28.4704,23.4519,25.4025,397777100,46.73,81.83,33.41,27.5,260
2008-10-24,25.8417,26.6555,22.2893,22.8835,273223800,41.15,81.83,33.41,15.97,260
2008-10-31,22.6704,26.6426,21.004,26.6426,331939400,50.63,81.83,33.41,35.55,260
2008-11-07,26.6426,27.4499,23.5553,24.382,254179800,45.84,81.83,33.41,25.67,260
2008-11-14,24.7243,24.8535,21.637,22.2635,290326600,41.85,81.83,33.41,17.43,260
2008-11-21,21.8437,22.5218,12.7174,14.6744,570399200,31.33,81.83,31.33,0.0,260
2008-11-28,15.4495,20.623,14.5323,20.4486,321245400,43.06,81.83,31.33,23.22,260
2008-12-05,19.8091,21.9599,15.8951,21.5401,371533500,44.97,81.83,31.33,27.01,260
2008-12-12,21.9406,24.3497,18.0911,19.9835,329022000,42.77,81.83,31.33,22.64,260
2008-12-19,18.9501,21.243,18.1944,19.5831,287359400,42.19,81.83,31.33,21.51,260
2008-12-26,19.7898,20.145,18.5045,19.2472,88280300,41.69,81.83,31.33,20.51,260
2009-01-02,19.37,20.6834,18.6014,20.4938,110547000,44.35,81.83,31.33,25.78,260
2009-01-09,20.0885,20.1146,16.8722,16.9768,225115500,38.95,81.83,31.33,15.08,260
2009-01-16,16.9441,17.6828,13.4206,14.9176,500292800,36.17,81.83,31.33,9.58,260
2009-01-23,13.7279,16.0682,11.5707,15.8721,463121800,38.36,81.83,31.33,13.92,260
2009-01-30,16.3427,18.1535,15.5191,16.6761,349980200,40.23,81.83,31.33,17.62,260
2009-02-06,16.3427,18.1731,14.7019,18.062,329690200,43.41,81.83,31.33,23.91,260
2009-02-13,17.4279,18.2842,15.8002,16.1401,350137700,40.21,81.83,31.33,17.59,260
2009-02-20,14.9046,15.1661,12.257,13.0088,376737400,35.62,81.83,31.33,8.48,260
2009-02-27,13.6625,15.8067,12.3943,14.9373,658701300,40.15,81.83,31.33,17.47,260
2009-03-06,14.1855,14.6627,9.7795,10.4136,634548400,34.09,81.83,31.33,5.45,260
2009-03-13,10.0344,15.9047,9.8187,15.5256,709754000,44.33,81.83,31.33,25.73,260
2009-03-20,15.9047,17.9182,14.5581,15.1334,600835300,43.76,81.83,31.33,24.62,260
2009-03-27,16.5388,19.3498,16.4277,17.9116,671645100,48.72,81.83,31.33,34.43,260
2009-04-03,16.7807,19.43,16.1989,19.1746,507975100,50.84,81.83,31.33,38.63,260
2009-04-09,18.5132,21.6696,17.3606,21.447,360291900,54.49,81.83,31.33,45.86,260
2009-04-17,20.9624,22.3638,19.8229,21.781,565725100,55.02,81.83,31.33,46.9,260
2009-04-24,20.8118,22.593,18.9061,21.8596,555546400,55.15,81.83,31.33,47.16,260
2009-05-01,21.3029,23.058,20.9951,21.2767,381184700,53.89,81.83,31.33,44.66,260
2009-05-08,21.65,25.5006,21.5452,25.5006,490306200,60.88,81.83,31.33,58.5,260
2009-05-15,24.4594,25.0029,22.056,22.8615,400182900,55.24,81.83,31.33,47.35,260
2009-05-22,23.3854,24.6755,22.0495,22.5341,312960700,54.57,81.83,31.33,46.01,260
2009-05-29,22.3442,24.276,22.3442,24.1647,269876100,57.36,81.83,31.33,51.54,260
2009-06-05,24.4921,24.7082,22.0364,22.6258,454240500,53.99,81.83,31.33,44.86,260
2009-06-12,22.6258,23.4902,22.5079,23.0056,288501700,54.7,81.83,31.33,46.26,260
2009-06-19,22.8419,22.999,21.0737,22.9204,318059700,54.49,81.83,31.33,45.86,260
2009-06-26,22.7174,22.9204,21.4863,22.5603,283792500,53.59,81.83,31.33,44.07,260
2009-07-02,22.6258,22.7829,21.1639,21.3607,149201300,50.58,81.83,31.33,38.12,260
2009-07-10,21.0065,22.1346,20.718,21.2098,281846500,50.2,81.83,31.33,37.36,260
2009-07-17,21.5574,24.3972,21.2689,24.1939,340635700,57.1,81.83,31.33,51.02,260
2009-07-24,24.2792,25.2301,23.7479,24.8694,219058900,58.5,81.83,31.33,53.79,260
2009-07-31,24.9022,25.886,24.5546,25.3482,167063300,59.51,81.83,31.33,55.79,260
2009-08-07,25.6564,28.2864,25.5699,27.7814,269527300,64.26,81.83,31.33,65.21,260
2009-08-14,27.5649,28.3454,26.8501,27.8404,216275700,64.37,81.83,31.33,65.43,260
2009-08-21,27.0271,28.7323,26.6992,28.634,170108400,65.89,81.83,31.33,68.42,260
2009-08-28,28.7651,29.0143,27.8797,28.1486,163368600,64.09,81.83,31.33,64.87,260
2009-09-04,27.8338,28.7389,26.7255,27.7682,176524800,62.66,81.83,31.33,62.03,260
2009-09-11,28.0634,28.4569,27.4469,27.8732,109522900,62.9,81.83,31.33,62.52,260
2009-09-18,27.5977,29.7358,27.5518,29.48,192850000,66.55,81.83,31.33,69.74,260
2009-09-25,29.2111,30.4965,28.4241,28.6274,172932800,63.01,81.83,31.33,62.73,260
2009-10-02,28.8373,29.6439,26.6129,27.4862,184284500,58.52,81.83,31.33,53.84,260
2009-10-09,27.8933,30.4936,27.808,30.1062,174936500,64.73,81.83,31.33,66.14,260
2009-10-16,30.4476,31.1699,29.2394,30.244,213847000,65.03,81.83,31.33,66.73,260
2009-10-23,30.4804,30.5921,29.3182,29.6991,154048900,62.78,81.83,31.33,62.27,260
2009-10-30,29.6268,29.6859,27.4009,27.4271,220592100,54.34,81.83,31.33,45.56,260
2009-11-06,27.6964,28.8454,27.263,28.55,176568000,57.39,81.83,31.33,51.6,260
2009-11-13,28.8454,29.5415,27.8145,28.1691,173795300,56.02,81.83,31.33,48.89,260
2009-11-20,28.3989,28.6346,27.6767,27.8802,142004900,54.95,81.83,31.33,46.77,260
2009-11-27,28.202,28.655,26.7574,27.1382,114046400,52.2,81.83,31.33,41.32,260
2009-12-04,27.2892,28.2939,27.066,27.4074,224770800,53.12,81.83,31.33,43.14,260
2009-12-11,27.3352,27.5519,26.6589,26.8953,200318300,51.11,81.83,31.33,39.16,260
2009-12-18,26.9281,27.5322,26.2894,26.8887,211547600,51.08,81.83,31.33,39.1,260
2009-12-24,27.2827,27.7357,27.217,27.5059,93206800,53.54,81.83,31.33,43.97,260
2009-12-31,27.4797,27.6635,27.0726,27.3286,64277800,52.72,81.83,31.33,42.35,260
2010-01-08,27.4723,29.6614,27.3934,29.3721,182372600,60.27,81.83,31.33,57.29,260
2010-01-15,29.6614,29.7074,28.1823,28.7148,226287100,57.11,81.83,31.33,51.04,260
2010-01-22,28.5307,28.7608,25.5198,25.7434,325848500,45.5,81.83,31.33,28.05,260
2010-01-29,26.1378,26.3219,25.0268,25.5987,294558200,45.02,81.83,31.33,27.1,260
2010-02-05,25.7039,27.0187,24.3398,25.178,253185900,43.58,81.83,31.33,24.25,260
2010-02-12,25.1714,25.9669,24.5338,25.6053,214708000,45.49,81.83,31.33,28.03,260
2010-02-19,25.6053,26.7557,25.4738,26.3153,153169100,48.6,81.83,31.33,34.18,260
2010-02-26,26.5585,27.8108,26.0983,27.5906,255194200,53.7,81.83,31.33,44.29,260
2010-03-05,27.6301,28.1823,27.1765,28.1428,156302400,55.75,81.83,31.33,48.35,260
2010-03-12,28.1691,28.6227,27.6432,28.3663,168022600,56.59,81.83,31.33,50.01,260
2010-03-19,28.2151,28.9974,28.0048,28.5636,153641000,57.36,81.83,31.33,51.53,260
2010-03-26,28.3137,30.2728,28.294,29.5957,177588500,61.22,81.83,31.33,59.18,260
2010-04-01,29.7469,29.8323,29.0895,29.7337,123862300,61.72,81.83,31.33,60.17,260
2010-04-09,29.7995,30.4181,29.477,30.2602,130175700,63.64,81.83,31.33,63.97,260
2010-04-16,30.2931,31.7212,29.7074,29.9772,291783900,61.84,81.83,31.33,60.41,260
2010-04-23,29.7666,30.53,28.9769,29.5758,253428600,59.28,81.83,31.33,55.35,260
2010-04-30,29.4705,29.4902,27.7923,28.0226,248405700,50.56,81.83,31.33,38.08,260
2010-05-07,28.2793,28.7794,25.8574,26.8248,274477700,45.06,81.83,31.33,27.18,260
2010-05-14,27.8515,28.4964,25.8048,26.2523,261089700,42.67,81.83,31.33,22.45,260
2010-05-21,26.2786,26.7327,24.3635,26.3576,348994600,43.27,81.83,31.33,23.63,260
2010-05-28,26.43,26.6471,24.5807,26.0483,252770300,41.89,81.83,31.33,20.9,260
2010-06-04,25.8771,26.2983,24.6794,24.7583,161286400,36.65,81.83,31.33,10.52,260
2010-06-11,24.8702,25.2519,24.0542,25.0677,213582400,38.63,81.83,31.33,14.45,260
2010-06-18,24.9887,25.8442,24.5017,25.785,203260800,43.08,81.83,31.33,23.26,260
2010-06-25,26.0285,26.1799,24.6267,25.9561,265534400,44.12,81.83,31.33,25.32,260
2010-07-02,26.0285,26.0877,23.1714,23.613,225428500,34.75,81.83,31.33,6.77,260
2010-07-09,24.1798,25.6296,23.6328,25.6033,152477000,45.36,81.83,31.33,27.79,260
2010-07-16,25.6099,26.9147,25.4385,25.7021,251267900,45.84,81.83,31.33,28.72,260
2010-07-23,25.7219,26.5259,25.1222,26.2491,183794100,48.48,81.83,31.33,33.96,260
2010-07-30,26.2293,27.1783,26.0316,26.5457,151427800,49.91,81.83,31.33,36.79,260
2010-08-06,27.007,27.4815,26.3414,26.6511,143349800,50.44,81.83,31.33,37.84,260
2010-08-13,26.7236,26.729,24.529,24.7136,178110400,41.75,81.83,31.33,20.63,260
2010-08-20,24.5949,25.1683,24.2588,24.4763,155506300,40.83,81.83,31.33,18.8,260
2010-08-27,24.5225,24.6543,23.4285,24.1204,184372000,39.41,81.83,31.33,16.0,260
2010-09-03,23.9886,25.8141,23.5471,25.8141,164279900,48.55,81.83,31.33,34.08,260
2010-09-10,25.5242,26.572,25.1881,26.203,118033900,50.39,81.83,31.33,37.74,260
2010-09-17,26.7829,27.3299,26.3546,26.4007,180942600,51.35,81.83,31.33,39.64,260
2010-09-24,26.5193,27.3497,25.6955,26.198,163758600,50.28,81.83,31.33,37.52,260
2010-10-01,26.058,26.1437,25.0167,25.5769,191193500,47.04,81.83,31.33,31.11,260
2010-10-08,25.7219,26.6061,25.5437,25.9397,167927900,49.1,81.83,31.33,35.19,260
2010-10-15,26.0782,26.8701,24.1118,24.5143,351792100,42.16,81.83,31.33,21.44,260
2010-10-22,24.5143,25.5042,23.8941,24.8773,232278200,44.32,81.83,31.33,25.71,260
2010-10-29,25.0554,25.1214,24.2702,24.8311,158277000,44.09,81.83,31.33,25.27,260
2010-11-05,24.8179,27.2792,24.3032,27.0153,265408800,55.6,81.83,31.33,48.06,260
2010-11-12,26.9625,27.1868,25.9859,26.1376,160359500,51.05,81.83,31.33,39.05,260
2010-11-19,26.2762,26.8173,25.7219,26.0057,164352600,50.39,81.83,31.33,37.73,260
2010-11-26,25.7747,25.8011,24.7453,24.7453,105657300,44.41,81.83,31.33,25.91,260
2010-12-03,24.7255,26.1772,24.4879,26.1376,169381500,51.28,81.83,31.33,39.51,260
2010-12-10,26.0518,27.3848,25.7747,27.3386,175839500,56.3,81.83,31.33,49.44,260
2010-12-17,27.431,27.7081,26.0848,26.1772,189133200,50.85,81.83,31.33,38.64,260
2010-12-23,26.2828,28.0711,26.1904,27.7675,119944300,56.99,81.83,31.33,50.81,260
2010-12-31,27.596,28.4539,27.5828,27.9919,76328800,57.79,81.83,31.33,52.39,260
2011-01-07,28.3746,29.6949,28.1722,28.8295,234533400,60.73,81.83,31.33,58.22,260
2011-01-14,28.5851,30.349,28.4067,29.6685,231578900,63.48,81.83,31.33,63.66,260
2011-01-21,29.7412,30.0847,28.8031,29.9196,182972000,64.28,81.83,31.33,65.25,260
2011-01-28,29.8667,30.3093,29.2391,29.4241,154823400,61.41,81.83,31.33,59.55,260
2011-02-04,29.3382,30.3886,29.2655,29.4571,137430200,61.53,81.83,31.33,59.8,260
2011-02-11,29.5628,30.9766,29.4968,30.7652,162432800,66.15,81.83,31.33,68.95,260
2011-02-18,30.785,31.9477,30.6991,31.7098,155776800,69.05,81.83,31.33,74.68,260
2011-02-25,31.1813,31.2276,29.8667,30.8378,139535700,63.64,81.83,31.33,63.97,260
2011-03-04,30.9237,31.1681,29.772,30.0715,139028400,59.25,81.83,31.33,55.28,260
2011-03-11,30.1376,31.1153,29.5694,30.2168,140348300,59.82,81.83,31.33,56.4,260
2011-03-18,30.0054,30.5075,28.671,30.2168,226240600,59.82,81.83,31.33,56.4,260
2011-03-25,30.5736,30.6396,29.576,30.2961,117889300,60.17,81.83,31.33,57.09,260
2011-04-01,30.4547,30.9699,30.0682,30.6198,112509600,61.64,81.83,31.33,60.0,260
2011-04-08,30.6322,31.7481,30.5858,31.1105,121749700,63.82,81.83,31.33,64.32,260
2011-04-15,31.2167,31.4625,29.7754,29.8153,185946400,54.94,81.83,31.33,46.75,260
2011-04-21,29.4035,29.8684,28.912,29.6758,137574700,54.07,81.83,31.33,45.02,260
2011-04-29,29.6559,30.5658,29.4766,30.3068,107338100,57.37,72.0,31.33,64.02,260
2011-05-06,30.5127,30.599,29.729,29.9149,131143700,54.74,72.0,31.33,57.56,260
2011-05-13,29.7223,30.2205,28.5467,28.6596,136963700,47.27,72.0,31.33,39.19,260
2011-05-20,28.5401,29.4566,28.3275,28.6463,145065000,47.2,72.0,31.33,39.01,260
2011-05-27,28.1615,28.6596,27.6899,28.4205,144541600,45.89,72.0,31.33,35.8,260
2011-06-03,28.7194,28.8124,27.1187,27.6102,145172100,41.46,72.0,31.33,24.91,260
2011-06-10,27.298,27.5637,26.6338,27.2648,194726600,39.7,72.0,31.33,20.59,260
2011-06-17,27.4242,28.188,26.3682,27.0988,183523200,38.85,72.0,31.33,18.49,260
2011-06-24,26.8995,27.5836,26.1955,26.2287,167557100,34.65,72.0,31.33,8.16,260
2011-07-01,26.1689,27.8764,26.0626,27.7829,177104200,45.9,72.0,31.33,35.83,260
2011-07-08,27.7361,27.9232,26.8474,27.2216,96902300,43.02,72.0,31.33,28.75,260
2011-07-15,26.8541,27.5557,26.2193,26.7138,218029200,40.54,72.0,31.33,22.65,260
2011-07-22,26.5868,28.431,26.0122,28.1905,179229800,49.63,72.0,31.33,45.0,260
2011-07-29,27.7428,28.0034,26.6603,27.0278,140397600,43.94,72.0,31.33,31.0,260
2011-08-05,27.5023,27.6426,24.5355,25.1235,262707300,36.54,72.0,31.33,12.81,260
2011-08-12,24.2081,25.2906,22.511,23.9943,384268000,32.99,72.0,31.33,4.08,260
2011-08-19,24.4086,24.8964,22.8918,22.952,217317000,30.09,72.0,30.09,0.0,260
2011-08-26,23.4665,25.7717,21.5889,24.1948,239240900,37.19,72.0,30.09,16.94,260
2011-09-02,24.6024,25.4109,23.0589,23.139,165353300,34.03,72.0,30.09,9.4,260
2011-09-09,22.1234,23.3729,21.335,21.4352,205219800,29.65,72.0,29.65,0.0,260
2011-09-16,21.2882,22.8985,20.8539,22.3372,236489300,34.46,72.0,29.65,11.36,260
2011-09-23,21.8428,21.9764,19.0632,19.7714,262646000,28.49,72.0,28.49,0.0,260
2011-09-30,20.0855,22.1368,20.0186,20.1256,249099600,30.29,72.0,28.49,4.12,260
2011-10-07,20.0654,21.9693,18.7625,20.6826,274454500,33.13,72.0,28.49,10.66,260
2011-10-14,21.2889,22.8182,20.8308,21.4843,261678600,37.1,72.0,28.49,19.79,260
2011-10-21,21.3159,22.9327,20.8645,22.515,245479500,41.88,72.0,28.49,30.79,260
2011-10-28,22.643,25.2907,22.4746,24.718,237056700,50.54,72.0,28.49,50.68,260
2011-11-04,24.206,24.2532,21.4506,22.8856,225751500,44.59,72.0,28.49,37.01,260
2011-11-11,22.926,23.7007,21.747,22.4207,169520200,43.2,72.0,28.49,33.81,260
2011-11-18,22.1984,22.3062,20.4333,20.6287,193778600,38.25,72.0,28.49,22.44,260
2011-11-25,20.2245,20.339,19.0522,19.187,142016000,34.8,72.0,28.49,14.5,260
2011-12-02,20.0156,22.414,19.187,21.7807,275502200,44.51,72.0,28.49,36.81,260
2011-12-09,22.6632,23.0338,21.6123,22.3533,222606800,46.4,72.0,28.49,41.17,260
2011-12-16,21.9289,21.9828,20.7702,21.4843,212798600,43.95,72.0,28.49,35.53,260
2011-12-23,21.4708,22.7037,20.4939,22.6161,184874600,47.82,72.0,28.49,44.43,260
2011-12-30,22.3803,22.6969,21.945,22.4005,74123200,47.15,72.0,28.49,42.89,260
2012-01-06,22.9462,24.3724,22.9125,23.9924,152216000,52.44,72.0,28.49,55.04,260
2012-01-13,24.0467,25.1391,23.7414,24.3724,189819700,53.63,72.0,28.49,57.78,260
2012-01-20,23.6464,25.3766,23.4089,25.3495,182334100,56.64,72.0,28.49,64.7,260
2012-01-27,25.3155,25.8516,24.9695,25.2477,143722900,56.23,70.94,28.49,65.34,260
2012-02-03,24.8745,26.123,24.6709,25.9737,163889500,58.53,70.94,28.49,70.76,260
2012-02-10,25.8244,26.2451,25.1798,25.5191,118684000,56.53,69.35,28.49,68.62,260
2012-02-17,25.838,26.218,25.1391,26.1026,128543700,58.49,69.05,28.49,73.98,260
2012-02-24,26.2247,26.4453,25.6141,25.9737,95168900,57.87,69.05,28.49,72.44,260
2012-03-02,25.8312,27.7378,25.6412,27.5682,192393600,63.1,69.05,28.49,85.34,260
2012-03-09,27.6157,28.1178,26.5436,27.8396,143156000,63.92,69.05,28.49,87.36,260
2012-03-16,27.7243,30.4791,27.2764,30.2416,282032300,70.23,70.23,28.49,100.0,260
2012-03-23,30.1534,30.9879,29.9973,30.6419,161669900,71.14,71.14,28.49,100.0,260
2012-03-30,30.859,31.5443,30.7165,31.1983,154519700,72.4,72.4,28.49,100.0,260
2012-04-05,31.0422,31.4493,29.9222,30.2842,128880900,67.22,72.4,28.49,88.19,260
2012-04-13,29.4988,30.7282,29.1368,29.5124,192174600,63.11,72.4,28.49,78.84,260
2012-04-20,29.6285,30.052,29.1709,29.1778,139657400,61.36,72.4,28.49,74.85,260
2012-04-27,28.6314,30.0452,28.5494,29.6012,132993900,62.76,72.4,28.49,78.06,260
2012-05-04,29.5944,30.2159,28.4879,28.5153,123156200,57.03,72.4,28.49,64.99,260
2012-05-11,28.2967,28.9558,25.0115,25.2437,345851000,43.98,72.4,28.49,35.27,260
2012-05-18,24.6563,25.4554,22.5185,22.8737,433201100,37.32,72.4,28.49,20.1,260
2012-05-25,22.8942,23.6181,22.0336,22.8805,303428900,37.35,72.4,28.49,20.17,260
2012-06-01,23.2083,23.222,21.6989,21.8082,162655900,34.6,72.4,28.49,13.91,260
2012-06-08,21.9653,23.1059,21.0569,23.0034,243102700,39.91,72.4,28.49,26.0,260
2012-06-15,23.4747,23.9528,22.2043,23.9255,247541000,43.7,72.4,28.49,34.65,260
2012-06-22,23.7069,25.2915,23.5635,24.5812,264553600,46.3,72.4,28.49,40.56,260
2012-06-29,24.0826,25.1481,23.6591,24.4036,228294200,45.69,72.4,28.49,39.16,260
2012-07-06,24.7724,24.89,23.2302,23.3473,151557800,42.1,72.4,28.49,31.01,260
2012-07-13,23.2853,24.9313,23.0994,24.8418,221167300,48.28,72.4,28.49,45.08,260
2012-07-20,24.6283,24.6903,23.3473,23.3473,195997400,43.31,72.4,28.49,33.74,260
2012-07-27,22.8927,25.62,22.7963,25.4065,195833100,50.83,72.4,28.49,50.87,260
2012-08-03,25.1379,25.1517,23.9396,24.8556,133751300,48.96,72.4,28.49,46.61,260
2012-08-10,24.9589,26.0815,24.8693,25.4616,113776800,51.09,72.4,28.49,51.47,260
2012-08-17,25.3928,25.9231,25.2378,25.4685,83013800,51.11,72.4,28.49,51.52,260
2012-08-24,25.4272,26.7633,25.255,25.5994,108150900,51.62,72.4,28.49,52.68,260
2012-08-31,25.6958,25.8205,25.2826,25.5787,79822900,51.53,72.4,28.49,52.47,260
2012-09-07,25.4685,27.2247,25.3308,27.0663,96598100,57.34,72.4,28.49,65.71,260
2012-09-14,27.0181,28.9878,26.6737,28.6297,163604800,62.44,72.4,28.49,77.31,260
2012-09-21,28.2371,28.7606,27.9272,28.1545,117098700,60.09,72.4,28.49,71.96,260
2012-09-28,27.9685,28.6159,27.3418,27.879,108494500,58.71,72.4,28.49,68.82,260
2012-10-05,28.1545,29.4435,27.9341,28.937,118422500,62.29,72.4,28.49,76.98,260
2012-10-12,28.6734,29.5822,28.5208,28.8746,136695400,61.95,72.4,28.49,76.2,260
2012-10-19,29.0758,30.2066,28.9509,29.3602,134411500,63.62,72.4,28.49,80.0,260
2012-10-26,29.3117,29.499,28.3543,28.5555,109012700,59.0,72.4,28.49,69.48,260
2012-11-02,28.7567,29.8806,28.5485,29.4296,59778100,62.21,72.4,28.49,76.79,260
2012-11-09,29.3672,29.8667,27.6536,28.1808,133458700,55.52,72.4,28.49,61.55,260
2012-11-16,28.3404,28.382,26.939,27.4246,120912800,51.88,72.4,28.49,53.27,260
2012-11-23,27.8131,28.5971,27.8131,28.5069,67504000,56.29,72.4,28.49,63.32,260
2012-11-30,28.2988,28.6873,27.6674,28.5,105340100,56.26,72.4,28.49,63.24,260
2012-12-07,28.6318,29.5337,27.8895,29.5267,123596800,60.27,72.4,28.49,72.37,260
2012-12-14,29.5129,30.0922,29.1452,29.7002,102125700,60.92,72.4,28.49,73.85,260
2012-12-21,29.832,30.9004,29.7002,30.5258,156075300,63.95,72.4,28.49,80.75,260
2012-12-28,30.3315,30.6506,29.7626,29.9985,55088300,60.71,72.4,28.49,73.38,260
2013-01-04,29.9014,31.7296,29.8667,31.6807,104338000,66.53,72.4,28.49,86.64,260
2013-01-11,31.4921,32.2674,31.4013,32.2255,113139200,68.18,72.4,28.49,90.38,260
2013-01-18,32.0508,32.7353,31.6737,32.449,162197000,68.85,72.4,28.49,91.92,260
2013-01-25,32.3023,32.9379,32.0718,32.9379,89379700,70.34,72.4,28.49,95.31,260
2013-02-01,32.7144,33.5245,32.3023,33.4198,102301500,71.77,72.4,28.49,98.56,260
2013-02-08,33.2033,34.1042,33.0915,33.9645,113820600,73.33,73.33,28.49,100.0,260
2013-02-15,33.8807,34.5442,33.783,34.1391,89993500,73.83,73.83,28.49,100.0,260
2013-02-22,34.3068,34.6979,33.4058,34.1601,93254400,73.89,73.89,28.49,100.0,260
2013-03-01,34.2928,34.6071,32.7213,34.1601,133751791,73.89,73.89,28.49,100.0,260
2013-03-08,34.0344,35.522,33.755,35.0611,106644737,76.7,76.7,28.49,100.0,260
2013-03-15,35.082,35.6198,34.3277,34.9354,141416100,75.48,76.7,28.49,97.47,260
2013-03-22,34.3557,34.9144,33.762,34.0693,118135600,67.51,76.7,28.49,80.93,260
2013-03-28,34.2509,34.4465,33.0217,33.1474,94035700,60.22,76.7,28.49,65.81,260
2013-04-05,33.2102,33.7899,32.7059,33.6759,112658800,62.71,76.7,28.49,70.97,260
2013-04-12,33.6549,34.8638,33.451,34.4491,119518500,66.05,76.7,28.49,77.9,260
2013-04-19,34.0133,34.6811,32.3685,33.198,144712000,57.13,76.7,28.49,59.39,260
2013-04-26,33.3175,34.8849,32.9449,34.3578,85245700,62.22,76.7,28.49,69.96,260
2013-05-03,34.4983,34.6178,33.0222,33.437,103772500,56.48,76.7,28.49,58.06,260
2013-05-10,33.5354,35.138,33.437,34.414,102983100,60.63,76.7,28.49,66.66,260
2013-05-17,34.3296,36.7828,34.168,36.7617,123104700,68.42,76.7,28.49,82.83,260
2013-05-24,36.7476,38.6314,36.4875,37.7176,149737400,70.95,76.7,28.49,88.06,260
2013-05-31,38.3502,39.2921,37.8933,38.3713,97525800,72.56,76.7,28.49,91.4,260
2013-06-07,38.3783,38.9336,36.7406,38.1464,120260100,71.1,76.7,28.49,88.37,260
2013-06-14,38.4065,38.547,37.1904,37.3451,86362400,65.99,76.7,28.49,77.78,260
2013-06-21,37.7457,38.3151,36.3329,36.5227,127225000,61.14,76.7,28.49,67.71,260
2013-06-28,35.7636,37.5981,35.2223,37.1061,106369500,63.2,76.7,28.49,72.0,260
2013-07-05,37.4083,38.2298,36.8531,38.2227,74958900,66.84,76.7,28.49,79.54,260
2013-07-12,38.6121,39.5537,38.2652,38.9165,113102400,68.9,76.7,28.49,83.81,260
2013-07-19,39.2846,40.0386,38.6546,39.759,109007000,71.23,76.7,28.49,88.65,260
2013-07-26,39.766,40.3041,39.3625,39.6811,73874300,70.7,76.7,28.49,87.55,260
2013-08-02,39.6315,40.1979,38.9944,39.9926,70648100,71.61,76.7,28.49,89.43,260
2013-08-09,39.8793,40.0563,38.3183,38.5979,64026800,62.31,76.7,28.49,70.15,260
2013-08-16,38.2581,38.8315,37.4439,37.7271,80069100,57.31,76.7,28.49,59.77,260
2013-08-23,37.4439,37.4864,35.8652,37.0404,84416300,53.65,76.7,28.49,52.19,260
2013-08-30,36.9271,37.1962,35.49,35.7732,88332400,47.61,76.7,28.49,39.66,260
2013-09-06,36.2829,37.3165,35.9855,37.2103,71454100,53.94,76.7,28.49,52.79,260
2013-09-13,37.3661,38.1802,36.8705,37.2316,90117800,54.03,76.7,28.49,52.98,260
2013-09-20,37.8404,38.1377,37.1891,37.3802,104351200,54.69,76.7,28.49,54.34,260
2013-09-27,36.8705,37.2103,35.4404,36.9838,147596600,52.54,76.7,28.49,49.87,260
2013-10-04,36.6227,37.5673,36.4174,37.5602,100401500,55.29,76.7,28.49,55.59,260
2013-10-11,37.2892,38.0451,35.8345,37.4461,117244000,54.62,76.7,28.49,54.19,260
2013-10-18,37.0396,38.9223,36.9113,38.7226,103899700,60.44,76.7,28.49,66.27,260
2013-10-25,38.7012,39.1148,37.1323,37.6315,103975600,54.05,76.7,28.49,53.02,260
2013-11-01,37.7171,37.9667,36.5832,37.4461,103889500,53.03,76.7,28.49,50.89,260
2013-11-08,37.6101,38.4873,36.7829,38.4801,95968500,57.83,76.7,28.49,60.86,260
2013-11-15,38.4445,39.1933,37.9025,39.1291,88313600,60.56,76.7,28.49,66.51,260
2013-11-22,39.5712,41.0189,39.4357,40.9761,102555700,67.08,76.7,28.49,80.05,260
2013-11-29,41.0046,41.461,40.7693,40.8049,53280600,65.99,76.7,28.49,77.79,260
2013-12-06,40.7193,41.1829,39.6639,39.9777,93165400,60.85,76.7,28.49,67.12,260
2013-12-13,40.1346,40.698,39.8729,40.0561,71880400,61.16,76.7,28.49,67.76,260
2013-12-20,40.1774,41.3612,39.507,41.1472,111195300,65.27,76.7,28.49,76.28,260
2013-12-27,41.3398,41.6892,41.2185,41.461,34143900,66.37,76.7,28.49,78.57,260
2014-01-03,41.461,42.3131,41.1544,42.1049,49674900,68.57,76.7,28.49,83.13,260
2014-01-10,42.4638,42.6827,41.7101,41.9829,76026700,67.67,76.7,28.49,81.26,260
2014-01-17,41.9972,42.9375,41.2938,41.7101,128857900,65.59,76.7,28.49,76.94,260
2014-01-24,41.6958,41.947,39.5424,39.5424,88049500,51.91,76.7,28.49,48.58,260
2014-01-31,39.5353,40.4755,39.2568,39.7362,102640100,52.86,76.7,28.49,50.54,260
2014-02-07,39.8367,40.8631,38.9036,40.6406,113020900,57.1,76.7,28.49,59.34,260
2014-02-14,40.7483,41.7963,40.4755,41.7388,76600000,61.62,76.7,28.49,68.71,260
2014-02-21,41.6455,42.0977,41.0713,41.3512,62900800,59.25,76.7,28.49,63.79,260
2014-02-28,41.3584,41.7963,40.2961,40.7842,92681400,55.86,76.7,28.49,56.77,260
2014-03-07,40.4109,42.9232,39.9731,42.6361,92092300,63.25,76.7,28.49,72.09,260
2014-03-14,42.4494,42.6935,40.6406,40.7698,90125600,53.52,76.7,28.49,51.92,260
2014-03-21,41.0641,43.9281,40.9493,43.1887,116467500,61.74,76.7,28.49,68.95,260
2014-03-28,43.3323,44.129,42.3633,43.0954,111950500,61.29,76.7,28.49,68.02,260
2014-04-04,43.6625,44.1029,43.1929,43.2001,72705400,61.62,76.7,28.49,68.72,260
2014-04-11,43.1134,43.3373,39.4008,39.9426,128169100,47.68,76.7,28.49,39.8,260
2014-04-17,40.3398,40.4048,39.2564,39.8848,102777700,47.48,76.7,28.49,39.38,260
2014-04-25,39.9137,40.701,39.6825,40.2315,71319700,48.9,76.7,28.49,42.32,260
2014-05-02,40.1809,40.7154,39.4947,40.1448,77134000,48.54,76.7,28.49,41.59,260
2014-05-09,38.9169,39.5381,38.4546,39.0108,97519600,44.05,76.7,28.49,32.28,260
2014-05-16,39.1986,39.6031,38.2596,38.5052,75217400,42.18,76.7,28.49,28.39,260
2014-05-23,38.3391,39.437,38.3246,39.3864,64844700,46.45,76.7,28.49,37.26,260
2014-05-30,39.5453,40.3904,39.502,40.1376,49611500,49.86,76.7,28.49,44.31,260
2014-06-06,40.1954,41.2643,39.7403,41.1488,60502500,54.08,76.7,28.49,53.08,260
2014-06-13,41.1054,41.8494,41.0766,41.1993,61552100,54.29,76.7,28.49,53.51,260
2014-06-20,41.0621,41.7555,40.6865,41.5677,64878200,55.86,76.7,28.49,56.76,260
2014-06-27,41.5605,42.0516,40.8815,41.5533,65200200,55.78,76.7,28.49,56.59,260
2014-07-03,41.4883,42.1765,41.3256,41.4929,57810900,55.42,76.7,28.49,55.85,260
2014-07-11,41.3765,41.4492,39.9728,40.5837,65840400,50.16,76.7,28.49,44.95,260
2014-07-18,41.1147,42.8966,40.8747,42.3511,100506700,58.42,76.7,28.49,62.07,260
2014-07-25,42.2711,43.1657,42.1111,42.9184,50983400,60.67,76.7,28.49,66.74,260
2014-08-01,42.8675,43.1148,40.7074,41.0783,77568600,51.02,76.7,28.49,46.72,260
2014-08-08,41.391,41.442,40.4383,40.9765,66554800,50.54,76.7,28.49,45.73,260
2014-08-15,41.1219,41.8202,40.8237,41.2747,48379200,51.96,76.7,28.49,48.68,260
2014-08-22,41.3547,42.9693,41.282,42.5402,49017400,57.54,76.7,28.49,60.26,260
2014-08-29,42.8966,43.6021,42.7729,43.2384,53682800,60.28,76.7,28.49,65.94,260
2014-09-05,43.2457,43.9075,43.0202,43.573,39875700,61.57,76.7,28.49,68.6,260
2014-09-12,43.5221,43.9366,42.7511,43.6602,57953200,61.91,76.7,28.49,69.32,260
2014-09-19,43.4784,44.9839,43.2384,44.4457,72438300,64.96,76.7,28.49,75.64,260
2014-09-26,44.3221,44.8312,43.7475,44.0457,68740068,62.23,76.7,28.49,69.97,260
2014-10-03,43.6602,44.217,42.9173,44.1548,86951516,62.69,76.7,28.49,70.93,260
2014-10-10,44.5062,44.5209,42.844,42.8514,77834477,54.18,76.7,28.49,53.29,260
2014-10-17,42.8367,43.309,39.732,41.1525,136282529,45.51,76.7,28.49,35.31,260
2014-10-24,41.0793,43.0381,41.0573,43.0124,64973760,54.16,76.7,28.49,53.24,260
2014-10-31,42.8001,44.3305,42.6536,44.2866,74488768,58.96,76.7,28.49,63.21,260
2014-11-07,44.5136,45.0701,43.5104,45.0115,63996888,61.44,76.7,28.49,68.34,260
2014-11-14,44.8504,45.3483,43.9278,44.1401,59599979,56.99,76.7,28.49,59.11,260
2014-11-21,43.9351,44.7186,43.752,44.2646,50382287,57.46,76.7,28.49,60.09,260
2014-11-28,44.4477,44.8907,43.8985,44.0522,37525831,56.32,76.7,28.49,57.73,260
2014-12-05,43.9204,46.1758,43.6056,45.9122,69046921,63.21,76.7,28.49,72.01,260
2014-12-12,45.8389,46.249,43.9058,43.9644,99105145,53.67,76.7,28.49,52.22,260
2014-12-19,44.477,45.6559,42.5511,45.3483,98705149,58.47,76.7,28.49,62.17,260
2014-12-26,45.5167,46.1099,45.114,45.8023,44129815,59.93,76.7,28.49,65.21,260
2015-01-02,45.7071,46.4906,45.5827,46.0513,49246966,60.75,76.7,28.49,66.91,260
2015-01-09,45.7344,45.8965,43.0004,43.7299,105179032,50.41,76.7,28.49,45.47,260
2015-01-16,43.6857,43.9952,40.1632,41.217,158571482,42.07,76.7,28.49,28.16,260
2015-01-23,41.298,42.6466,40.6716,41.7697,92004360,44.25,76.7,28.49,32.69,260
2015-01-30,41.5707,41.9981,40.0674,40.0747,99475802,39.35,76.7,28.49,22.52,260
2015-02-06,40.1853,43.2804,39.9937,42.6614,90559069,48.69,76.7,28.49,41.9,260
2015-02-13,42.315,44.3784,42.175,43.9731,83489298,52.67,76.7,28.49,50.16,260
2015-02-20,43.7447,44.3195,43.0004,44.0689,56221165,52.96,76.7,28.49,50.75,260
2015-02-27,43.8478,45.6312,43.332,45.1596,88729694,56.22,76.7,28.49,57.51,260
2015-03-06,45.1301,46.3313,44.8059,44.8722,77031352,55.13,76.7,28.49,55.26,260
2015-03-13,44.8353,45.587,44.1832,44.9533,77000826,55.4,76.7,28.49,55.8,260
2015-03-20,45.3217,45.7639,44.7764,45.506,72484139,57.22,76.7,28.49,59.59,260
2015-03-27,45.506,45.7491,43.3836,43.8847,67968991,50.67,76.7,28.49,45.99,260
2015-04-02,44.8648,45.2922,44.311,44.8971,68795066,54.2,76.7,28.49,53.31,260
2015-04-10,44.452,45.8318,44.2517,45.7725,56849478,57.06,76.7,28.49,59.25,260
2015-04-17,45.728,47.8348,45.6241,46.6182,114826901,59.68,76.7,28.49,64.68,260
2015-04-24,46.9001,47.182,46.0173,46.4402,64655400,58.86,76.7,28.49,62.99,260
2015-05-01,46.5143,47.3972,45.8244,47.1894,69502472,61.26,76.7,28.49,67.96,260
2015-05-08,47.2414,48.7028,46.9224,48.5841,82566789,65.31,76.7,28.49,76.37,260
2015-05-15,48.4135,49.096,48.0426,48.8734,61442591,66.1,76.7,28.49,78.01,260
2015-05-22,48.8141,49.8452,48.8141,49.3111,59457645,67.32,76.7,28.49,80.53,260
2015-05-29,49.1108,49.4447,48.4506,48.7993,52643096,64.41,76.7,28.49,74.5,260
2015-06-05,48.9551,50.3275,48.6509,50.0159,72273883,67.95,76.7,28.49,81.85,260
2015-06-12,50.0456,50.9506,49.3111,50.6316,70845664,69.6,76.7,28.49,85.27,260
2015-06-19,50.1346,51.0545,49.9269,50.5055,78661418,68.82,76.7,28.49,83.65,260
2015-06-26,51.0916,51.7964,50.9173,51.1509,74827981,70.64,76.7,28.49,87.42,260
2015-07-02,50.2088,51.0635,49.823,50.4139,67395610,65.91,76.7,28.49,77.62,260
2015-07-10,49.936,50.3691,48.6854,50.0629,80982576,63.73,76.7,28.49,73.09,260
2015-07-17,50.6901,52.2282,50.5333,51.6757,85327093,68.84,76.7,28.49,83.69,260
2015-07-24,51.8922,52.721,51.28,51.4517,65400302,67.42,76.7,28.49,80.74,260
2015-07-31,50.8843,51.8549,50.4512,51.168,66901153,65.57,76.7,28.49,76.91,260
2015-08-07,51.2128,51.8325,50.4363,50.8096,54346383,63.22,76.7,28.49,72.03,260
2015-08-14,50.9365,51.5226,49.3312,50.6901,71790762,62.41,76.7,28.49,70.36,260
2015-08-21,50.4885,51.0411,47.4646,47.487,85322754,45.64,76.7,28.49,35.56,260
2015-08-28,44.2689,48.3307,37.3848,47.8827,147366391,47.51,76.7,28.49,39.45,260
2015-09-04,47.5393,48.047,45.359,45.919,92867922,40.11,76.7,28.49,24.1,260
2015-09-11,46.8673,48.0395,45.8817,46.7105,55787776,43.9,76.7,28.49,31.97,260
2015-09-18,46.7702,48.2635,45.3814,45.5009,88717925,39.76,76.7,28.49,23.37,260
2015-09-25,45.934,46.2252,44.3959,45.8966,75332395,41.7,76.7,28.49,27.4,260
2015-10-02,45.486,46.1953,43.8508,45.7324,92092536,41.11,76.7,28.49,26.17,260
2015-10-09,46.0558,47.4019,46.0407,46.5747,64500131,45.39,76.7,28.49,35.04,260
2015-10-16,46.507,47.1161,44.7773,46.9507,91067146,47.23,76.7,28.49,38.86,260
2015-10-23,46.6273,48.2705,46.5596,48.0337,70505565,52.23,76.7,28.49,49.23,260
2015-10-30,48.0111,49.5077,47.6151,48.3194,69156093,53.48,76.7,28.49,51.83,260
2015-11-06,48.4698,51.9142,48.4247,51.4856,74135065,64.57,76.7,28.49,74.82,260
2015-11-13,51.6661,51.6811,49.0564,49.3046,64296459,54.87,76.7,28.49,54.71,260
2015-11-20,49.2294,51.2224,49.0113,50.7937,60354428,59.36,76.7,28.49,64.02,260
2015-11-27,50.6207,50.8238,49.6656,50.5154,34073884,58.19,76.7,28.49,61.6,260
2015-12-04,50.5982,51.1359,49.3197,51.0569,73699275,59.84,76.7,28.49,65.03,260
2015-12-11,50.8839,50.9516,47.7631,48.1841,72266714,48.82,76.7,28.49,42.17,260
2015-12-18,48.3021,51.1396,47.8306,48.4322,99395214,49.69,76.7,28.49,43.96,260
2015-12-24,48.8985,50.3049,48.7556,50.0868,48001280,55.11,76.7,28.49,55.22,260
2015-12-31,49.8536,50.6132,49.4174,49.6581,38275005,53.5,76.7,28.49,51.88,260
2016-01-08,48.4264,48.5627,44.5644,44.6174,114859866,39.05,76.7,28.49,21.91,260
2016-01-15,44.5493,45.1892,42.5729,43.1938,141698675,36.09,76.7,28.49,15.76,260
2016-01-22,43.7163,43.8981,41.3915,43.1257,111456989,35.95,76.7,28.49,15.47,260
2016-01-29,42.7697,45.0869,42.1034,45.0567,101692399,42.76,76.7,28.49,29.59,260
2016-02-05,44.7992,45.1702,41.6604,43.7315,114447930,39.64,76.7,28.49,23.13,260
2016-02-12,42.9288,43.5952,39.7559,43.5346,158266022,39.19,76.7,28.49,22.18,260
2016-02-19,44.0949,44.8673,43.2203,43.7845,77999080,40.13,76.7,28.49,24.14,260
2016-02-26,44.307,44.5872,41.1379,43.5724,107593306,39.57,76.7,28.49,22.97,260
2016-03-04,43.474,45.8518,42.6259,45.4731,98686773,46.75,76.7,28.49,37.87,260
2016-03-11,45.0869,45.4731,43.7769,44.9355,82293803,45.12,76.7,28.49,34.48,260
2016-03-18,44.7916,46.1698,43.9132,45.7988,90741926,48.24,76.7,28.49,40.97,260
2016-03-24,45.6019,46.0555,44.5796,45.0415,49303732,45.78,76.7,28.49,35.86,260
2016-04-01,45.0794,45.6073,44.3221,45.3368,70721799,46.92,76.7,28.49,38.22,260
2016-04-08,45.3458,45.4411,43.5339,44.0489,70125467,42.71,76.7,28.49,29.48,260
2016-04-15,44.1785,47.9891,44.1785,47.1996,116425665,53.66,76.7,28.49,52.21,260
2016-04-22,47.0241,49.328,46.9402,48.8016,75498178,58.06,76.7,28.49,61.32,260
2016-04-29,48.5194,49.3128,47.8328,48.2142,67245917,55.96,76.7,28.49,56.98,260
2016-05-06,48.588,48.8245,46.2231,46.9936,71485178,51.78,76.7,28.49,48.3,260
2016-05-13,46.8181,47.7565,46.5511,46.6884,60540518,50.76,76.7,28.49,46.19,260
2016-05-20,46.6961,48.9923,46.5359,48.4507,75122777,56.14,76.7,28.49,57.34,260
2016-05-27,48.4049,50.5028,48.1837,49.9154,61664135,60.04,76.7,28.49,65.45,260
2016-06-03,50.1443,50.2892,48.4812,49.3128,60069006,57.76,76.7,28.49,60.72,260
2016-06-10,49.3128,50.1672,48.5041,48.7024,60032041,55.47,76.7,28.49,55.95,260
2016-06-17,48.4278,49.0839,46.4596,47.5123,83415203,51.19,76.7,28.49,47.09,260
2016-06-24,48.4049,48.9389,45.2695,45.4678,97147944,44.81,76.7,28.49,33.84,260
2016-07-01,44.7889,47.6782,43.5225,47.1004,124051755,50.15,76.7,28.49,44.93,260
2016-07-08,46.4776,47.8001,45.1782,47.5386,74555053,51.51,76.7,28.49,47.75,260
2016-07-15,47.9923,49.9606,47.777,49.3455,94802752,56.75,76.7,28.49,58.6,260
2016-07-22,49.307,49.5146,48.7919,49.2378,49106666,56.36,76.7,28.49,57.79,260
2016-07-29,49.1917,49.7337,48.9572,49.184,51256436,56.15,76.7,28.49,57.36,260
2016-08-05,49.3224,51.0293,48.7304,50.9754,68719262,61.27,76.7,28.49,67.99,260
2016-08-12,50.7986,51.1177,49.8683,50.222,50301363,58.19,76.7,28.49,61.6,260
2016-08-19,50.4065,50.7371,50.1451,50.6371,48765276,59.4,76.7,28.49,64.11,260
2016-08-26,50.5526,51.4214,50.2912,50.9139,39121105,60.23,76.7,28.49,65.83,260
2016-09-02,51.1215,52.1057,51.0985,51.8904,69270678,63.08,76.7,28.49,71.75,260
2016-09-09,51.8981,52.0365,51.2369,51.2445,58658491,60.01,76.7,28.49,65.38,260
2016-09-16,50.8524,51.7443,50.3142,50.6064,85775834,57.06,76.7,30.29,57.68,260
2016-09-23,50.8601,52.2056,50.6295,51.7059,64423805,60.65,76.7,33.13,63.17,260
2016-09-30,51.2061,51.6751,50.0605,51.1984,81790234,58.23,76.7,34.6,56.13,260
2016-10-07,51.0139,52.7987,50.9447,52.7445,84385666,63.07,76.7,34.6,67.62,260
2016-10-14,52.9226,53.4802,51.7455,52.2876,82637100,60.83,76.7,34.6,62.29,260
2016-10-21,52.2102,53.1859,51.6797,53.0388,65834083,63.15,76.7,34.6,67.8,260
2016-10-28,53.4105,54.03,52.9459,53.5189,56911792,64.59,76.7,34.6,71.23,260
2016-11-04,53.7667,54.0378,52.3805,52.4735,66291260,59.16,76.7,34.6,58.33,260
2016-11-11,53.4957,59.8225,53.4337,59.3889,168756401,74.46,76.7,34.6,94.68,260
2016-11-18,59.8225,62.2929,59.536,60.1788,139370239,75.59,76.7,34.6,97.35,260
2016-11-25,60.4033,61.5262,59.8535,61.0461,45979543,76.8,76.8,34.6,100.0,260
2016-12-02,60.5427,63.717,60.4188,63.1912,93255024,79.5,79.5,34.6,100.0,260
2016-12-09,63.7333,66.2114,63.7255,66.2036,89061868,82.57,82.57,34.6,100.0,260
2016-12-16,66.1029,66.978,64.8639,65.7777,96213346,80.73,82.57,34.6,96.16,260
2016-12-23,65.6693,67.5046,65.1969,67.4117,72345982,82.36,82.57,34.6,99.55,260
2016-12-30,67.4117,67.675,65.8551,66.8231,44705622,79.75,82.57,34.6,94.11,260
2017-01-06,67.6363,67.9615,66.3893,67.0598,63010315,80.02,82.57,34.6,94.68,260
2017-01-13,66.7561,68.6561,66.5926,67.5114,91108940,80.56,82.57,34.6,95.81,260
2017-01-20,66.1332,66.359,64.6537,65.1521,86276166,69.91,82.57,34.6,73.61,260
2017-01-27,64.8639,67.7295,64.79,67.6905,73396847,73.91,82.57,34.6,81.94,260
2017-02-03,67.1143,67.9864,65.4791,67.8852,73690529,74.19,82.57,34.6,82.53,260
2017-02-10,67.5815,68.1188,66.4758,67.7451,59931460,73.57,82.57,34.6,81.24,260
2017-02-17,68.0877,70.8909,68.0799,70.2602,87500926,77.24,82.57,34.6,88.89,260
2017-02-24,70.4782,71.1245,69.8708,70.3381,52034556,77.35,82.57,34.6,89.11,260
2017-03-03,70.3303,73.1802,69.7579,72.2614,81703436,79.82,82.57,34.6,94.26,260
2017-03-10,71.8331,72.3011,70.4938,71.0778,71048989,74.43,82.57,34.6,83.04,260
2017-03-17,71.1012,72.2658,70.5872,70.6106,73070175,72.36,82.57,34.6,78.71,260
2017-03-24,70.2913,70.9921,66.9742,67.9709,101635302,61.86,82.57,34.6,56.83,260
2017-03-31,66.6004,69.6606,66.3668,68.3991,71768497,62.81,82.57,34.6,58.8,260
2017-04-07,68.5159,69.339,66.7625,67.4908,79213725,59.45,82.57,34.6,51.8,260
2017-04-13,67.4125,68.1252,66.0969,66.0969,75029375,54.63,82.57,34.6,41.74,260
2017-04-21,66.1282,67.4125,66.0655,66.1908,86239251,54.89,82.57,34.6,42.3,260
2017-04-28,67.7806,69.8011,67.6788,68.133,80355753,60.09,82.57,34.6,53.14,260
2017-05-05,68.4149,68.7125,67.3655,68.133,62161899,60.09,82.57,34.6,53.14,260
2017-05-12,68.1643,68.7908,67.6161,68.0704,45540948,59.84,82.57,34.6,52.6,260
2017-05-19,68.2113,68.9866,65.2824,66.3944,79455236,53.25,82.57,34.6,38.87,260
2017-05-26,66.7077,67.4125,65.9481,66.8487,53398423,54.7,82.57,35.95,40.22,260
2017-06-02,66.6685,66.6842,63.9315,64.7185,71704786,47.27,82.57,35.95,24.28,260
2017-06-09,64.7185,68.1722,64.3191,68.1017,70876712,57.21,82.57,35.95,45.61,260
2017-06-16,68.3836,68.7987,67.2089,67.4908,73810760,55.19,82.57,35.95,41.27,260
2017-06-23,68.1095,69.0963,67.8276,68.0234,67671070,56.63,82.57,35.95,44.36,260
2017-06-30,68.1408,72.5577,67.8315,71.5788,86044010,64.77,82.57,35.95,61.82,260
2017-07-07,72.0907,74.4134,71.9726,73.8937,58687123,68.87,82.57,35.95,70.61,260
2017-07-14,73.6181,73.7599,71.3191,72.6339,74899152,64.47,82.57,35.95,61.18,260
2017-07-21,72.2954,72.4292,71.1143,71.5631,61913204,60.92,82.57,35.95,53.55,260
2017-07-28,71.6182,73.6339,71.5749,71.8702,60450554,61.57,82.57,35.95,54.96,260
2017-08-04,72.0513,74.3268,72.0434,73.7441,59351886,65.38,82.57,35.95,63.13,260
2017-08-11,73.9252,74.9719,71.8387,71.9804,55730698,59.41,82.57,35.95,50.32,260
2017-08-18,72.7284,73.6654,71.012,71.445,56518982,57.69,82.57,35.95,46.62,260
2017-08-25,71.5316,72.815,70.9884,72.3505,48227655,59.81,82.57,35.95,51.18,260
2017-09-01,72.5631,72.7206,71.1065,72.2009,49174184,59.28,82.57,35.95,50.04,260
2017-09-08,71.6655,71.7324,69.3507,69.6184,56897246,50.91,82.57,35.95,32.08,260
2017-09-15,70.3821,72.2088,70.0357,72.1379,67548609,57.25,82.57,35.95,45.69,260
2017-09-22,72.382,75.0905,72.319,74.6653,56352894,62.49,82.57,35.95,56.92,260
2017-09-29,74.4134,75.4921,73.493,75.2007,55844258,63.51,82.57,35.95,59.11,260
2017-10-06,75.4054,77.3212,75.1614,76.7511,57114042,66.36,82.57,35.95,65.23,260
2017-10-13,76.7827,77.2104,75.1989,75.9116,63749549,63.47,82.57,35.95,59.02,260
2017-10-20,76.2918,79.103,76.2918,78.8021,56961562,68.55,82.57,35.95,69.93,260
2017-10-27,78.8021,81.1066,78.5883,80.5918,57700038,71.22,82.57,35.95,75.65,260
2017-11-03,80.085,80.7185,79.3168,80.3067,41479118,70.2,82.57,35.95,73.46,260
2017-11-10,80.2513,80.5264,76.664,77.2183,60487834,60.13,82.57,35.95,51.86,260
2017-11-17,76.5689,78.4457,75.9829,77.7172,53307605,61.1,82.57,35.95,53.94,260
2017-11-24,77.9627,78.8338,77.4163,77.8597,30213030,61.39,82.57,35.95,54.56,260
2017-12-01,77.8518,84.4642,77.5509,82.9833,92035079,70.02,82.57,35.95,73.07,260
2017-12-08,85.3115,85.8421,82.1439,83.8861,82788375,71.24,82.57,35.95,75.69,260
2017-12-15,83.7198,85.0264,82.8645,84.0524,81554306,71.47,82.57,35.95,76.18,260
2017-12-22,84.9789,85.8896,84.0128,85.0898,59897128,72.93,82.57,35.95,79.31,260
2017-12-29,84.8918,85.7471,84.2583,84.6859,32477572,71.4,82.57,35.95,76.03,260
2018-01-05,85.2323,87.5804,84.583,86.2352,51581847,73.68,82.57,35.95,80.92,260
2018-01-12,86.084,89.825,85.7258,89.6817,70523060,77.89,82.57,35.95,89.97,260
2018-01-19,88.7584,91.011,88.4082,89.9524,70858191,78.19,82.57,35.95,90.6,260
2018-01-26,89.6738,92.587,89.5464,92.587,62904169,80.87,82.57,35.95,96.35,260
2018-02-02,92.3482,93.4069,90.812,90.9632,67954418,74.77,82.57,35.95,83.26,260
2018-02-09,89.9444,91.21,82.7648,87.5883,138117719,63.97,82.57,35.95,60.1,260
2018-02-16,88.4878,92.388,87.6122,91.2816,73973108,69.21,82.57,35.95,71.34,260
2018-02-23,91.2578,93.4865,90.7165,93.375,55739435,71.72,82.57,35.95,76.73,260
2018-03-02,94.0357,94.9829,88.448,90.1991,87962776,63.29,82.57,35.95,58.64,260
2018-03-09,89.1882,93.9879,89.0609,93.9561,62968583,68.07,82.57,35.95,68.9,260
2018-03-16,93.9242,94.5212,91.218,91.8866,66365017,63.19,82.57,35.95,58.42,260
2018-03-23,91.6159,92.8338,84.9776,85.1766,79414156,50.53,82.57,35.95,31.27,260
2018-03-29,86.9118,88.9017,84.89,87.5326,70323520,54.01,82.57,35.95,38.74,260
2018-04-06,87.5247,90.2586,84.4363,87.2668,83708923,53.55,82.57,35.95,37.76,260
2018-04-13,88.0028,92.1145,87.2348,88.2347,100069566,55.05,82.57,35.95,40.97,260
2018-04-20,88.7467,90.1866,87.1068,89.1707,81658663,56.51,82.57,35.95,44.1,260
2018-04-27,89.2507,90.3146,86.8748,87.5148,60968508,53.22,82.57,35.95,37.04,260
2018-05-04,87.7948,88.2347,84.139,86.7388,63757296,51.7,82.57,35.95,33.78,260
2018-05-11,87.0028,91.7785,86.6828,91.0826,52680797,58.79,82.57,35.95,48.99,260
2018-05-18,91.2826,91.7545,88.6667,88.8987,48241508,54.46,82.57,35.95,39.71,260
2018-05-25,89.6347,91.4265,88.0907,88.5227,54771714,53.73,82.57,35.95,38.13,260
2018-06-01,87.3388,87.3548,83.963,86.7148,81537073,50.23,82.57,35.95,30.62,260
2018-06-08,87.1868,89.1947,85.6509,88.8827,59111826,54.09,82.57,35.95,38.91,260
2018-06-15,88.8907,89.5227,85.0109,86.3149,89432643,49.22,82.57,35.95,28.46,260
2018-06-22,85.8029,86.9068,84.403,84.595,62358405,46.21,82.57,35.95,22.01,260
2018-06-29,84.523,85.5149,82.4831,83.355,83728611,44.12,82.57,35.95,17.53,260
2018-07-06,82.9711,84.619,82.1965,83.6925,42338836,44.85,82.57,35.95,19.1,260
2018-07-13,84.2153,87.183,84.2153,85.5423,72423746,48.81,82.57,35.95,27.58,260
2018-07-20,86.0972,90.1749,86.0409,89.4993,84087377,56.07,82.57,35.95,43.15,260
2018-07-27,89.3224,93.5368,89.2178,93.3196,70176094,61.71,82.57,35.95,55.25,260
2018-08-03,93.5207,94.5904,91.9523,94.1721,64861181,62.86,82.57,35.95,57.71,260
2018-08-10,93.9309,95.1373,92.2338,93.0783,51742128,60.36,82.57,35.95,52.36,260
2018-08-17,92.9416,93.199,90.8585,92.3062,49713961,58.59,82.57,35.95,48.56,260
2018-08-24,92.1615,93.6091,91.7754,92.2338,46021631,58.42,82.57,35.95,48.19,260
2018-08-31,92.6681,94.3249,91.5422,92.1534,51349904,58.21,82.57,35.95,47.75,260
2018-09-07,91.9604,93.0542,91.2848,91.9443,42469848,57.64,82.57,35.95,46.53,260
2018-09-14,92.3706,92.4671,90.6173,91.2848,51220045,55.79,82.57,35.95,42.56,260
2018-09-21,91.518,95.9013,91.1239,94.7834,73936506,62.64,82.57,35.95,57.25,260
2018-09-28,94.711,95.274,90.4966,90.754,64922531,52.55,82.57,35.95,35.6,260
2018-10-05,91.1802,94.5989,90.7299,92.8254,71177185,56.43,82.57,35.95,43.93,260
2018-10-12,92.5257,93.7648,85.5205,86.6138,117308091,44.63,82.57,35.95,18.62,260
2018-10-19,86.8163,89.7317,86.1036,87.3913,89817478,46.15,82.57,35.95,21.87,260
2018-10-26,87.5856,87.7395,83.1962,83.755,97415227,40.55,82.57,35.95,9.86,260
2018-11-02,84.5973,89.7398,83.9818,87.7719,89399389,48.05,82.57,35.95,25.95,260
2018-11-09,87.9582,91.4567,87.2698,90.1286,55875652,51.88,82.57,35.95,34.18,260
2018-11-16,90.2338,90.655,85.8282,89.0758,78285668,50.1,82.57,35.95,30.36,260
2018-11-23,89.0515,90.0557,85.893,86.3708,50031175,45.76,82.57,35.95,21.04,260
2018-11-30,87.2374,90.2176,87.0187,90.0476,66960783,51.87,82.57,35.95,34.14,260
2018-12-07,91.0113,91.4243,83.3177,83.6497,86051661,42.83,82.57,35.95,14.76,260
2018-12-14,83.3096,83.9494,80.4022,81.2202,100249060,39.98,82.57,35.95,8.65,260
2018-12-21,80.7991,81.7061,75.8751,76.2639,147857703,34.88,82.57,34.88,0.0,260
2018-12-28,75.2273,79.6248,73.7857,78.4181,77820134,38.55,82.57,34.88,7.69,260
2019-01-04,79.0336,82.4118,77.6973,82.2159,62129661,44.49,82.57,34.88,20.14,260
2019-01-11,82.0036,83.1386,80.7951,81.579,73056100,43.72,82.57,34.88,18.54,260
2019-01-18,80.7298,85.6535,80.5093,85.4003,96972536,49.34,82.57,34.88,30.31,260
2019-01-25,84.1674,85.1717,83.2365,84.4205,54939682,48.01,82.57,34.88,27.53,260
2019-02-01,84.0122,85.9311,83.7673,84.8206,65073965,48.62,82.57,34.88,28.8,260
2019-02-08,84.7471,85.4248,81.7015,82.763,57449539,45.67,82.57,34.88,22.62,260
2019-02-15,83.0896,86.3067,82.2812,86.1842,60820220,50.99,82.57,34.88,33.78,260
2019-02-22,85.6616,86.6251,84.7634,85.7351,41842547,50.3,82.57,34.88,32.32,260
2019-03-01,86.3475,87.5886,84.8696,85.2697,65635054,49.54,82.57,34.88,30.73,260
2019-03-08,85.6698,86.4863,83.2774,84.1102,55681823,47.62,82.57,34.88,26.71,260
2019-03-15,84.9022,87.2048,84.641,87.0007,68742776,52.55,82.57,34.88,37.05,260
2019-03-22,87.0007,88.5113,81.2605,81.4565,91611672,44.0,82.57,34.88,19.11,260
2019-03-29,81.3177,83.2774,80.0929,82.6568,76750123,46.05,82.57,34.88,23.41,260
2019-04-05,83.408,87.2981,83.3835,86.6399,61179766,52.28,82.57,34.88,36.48,260
2019-04-12,86.4754,92.0204,85.7678,91.4939,65048692,58.57,82.57,34.88,49.66,260
2019-04-18,91.2553,94.5709,89.7744,93.345,57040886,60.69,82.57,34.88,54.12,260
2019-04-26,92.8267,94.2664,92.5552,94.176,43616208,61.64,82.57,34.88,56.11,260
2019-05-03,94.2829,96.389,94.1595,95.5334,52842979,63.21,82.57,34.88,59.4,260
2019-05-10,93.9374,94.9987,90.9427,92.5634,59376057,57.66,82.57,34.88,47.76,260
2019-05-17,90.5642,92.2837,89.3549,91.1319,53672578,55.15,82.57,34.88,42.49,260
2019-05-24,90.9756,92.078,88.4416,90.2598,47500339,53.62,82.57,34.88,39.28,260
2019-05-31,89.8403,90.3586,86.2532,87.1747,42952623,48.48,82.57,34.88,28.51,260
2019-06-07,87.043,91.2142,86.6317,89.8073,52225412,52.65,82.57,34.88,37.25,260
2019-06-14,91.1155,91.7901,89.3713,90.3503,48383700,53.48,82.57,34.88,39.0,260
2019-06-21,90.2516,91.8724,89.6593,90.0377,73040210,52.9,82.57,34.88,37.79,260
2019-06-28,89.9061,92.4976,88.5815,91.9793,74565587,56.08,82.57,34.88,44.46,260
2019-07-05,93.1558,94.678,93.0127,94.0318,37724082,59.22,82.57,34.88,51.03,260
2019-07-12,93.5926,95.5729,92.9215,95.5314,47485349,61.39,82.57,34.88,55.57,260
2019-07-19,95.7303,95.7551,93.5595,94.0732,62815945,58.15,82.57,34.88,48.79,260
2019-07-26,93.5512,97.1388,93.4352,96.2937,54763420,61.48,82.57,34.88,55.77,260
2019-08-02,96.4926,97.0891,92.3001,93.5678,55959541,55.63,82.57,34.88,43.5,260
2019-08-09,91.7947,91.9521,87.7762,90.9247,64263845,50.6,82.57,34.88,32.95,260
2019-08-16,89.8476,91.4136,86.4506,89.2511,66190874,47.66,82.57,34.88,26.78,260
2019-08-23,90.8336,90.933,87.0885,87.8425,48938814,45.27,82.57,34.88,21.79,260
2019-08-30,88.3397,91.6041,86.8648,91.0241,53304688,51.21,82.57,34.88,34.23,260
2019-09-06,90.295,94.2223,88.9196,93.3027,37858295,54.98,82.57,34.88,42.13,260
2019-09-13,94.2141,99.757,94.1229,99.6162,66757268,63.41,82.57,34.88,59.81,260
2019-09-20,98.5142,99.7073,97.1388,98.5142,64938760,61.25,82.57,34.88,55.29,260
2019-09-27,97.5862,98.8125,96.8985,97.5365,50577185,59.32,82.57,34.88,51.25,260
2019-10-04,98.0668,98.5971,92.3056,95.7299,56386545,55.83,82.57,34.88,43.92,260
2019-10-11,95.3707,98.5445,93.2577,96.9994,52083325,57.71,82.57,34.88,47.87,260
2019-10-18,96.7572,101.5512,96.5985,100.6909,72495214,62.7,82.57,34.88,58.33,260
2019-10-25,101.9354,105.7773,101.8852,105.2594,52427185,67.76,82.57,34.88,68.95,260
2019-11-01,105.7104,106.8964,103.4471,106.7377,50828774,69.22,82.57,34.88,72.0,260
2019-11-08,107.8068,109.6525,107.3725,108.8925,56951093,71.26,82.57,34.88,76.28,260
2019-11-15,108.2411,109.093,106.4203,108.1826,44521609,69.62,82.57,34.88,72.85,260
2019-11-22,108.2077,109.6191,107.6898,109.235,45090516,70.7,82.57,34.88,75.1,260
2019-11-29,109.6191,110.6047,108.8758,110.0451,32883032,71.53,82.57,34.88,76.85,260
2019-12-06,110.5044,113.4026,107.3975,112.7845,49340268,74.21,82.57,34.88,82.46,260
2019-12-13,112.4421,115.9499,110.9805,114.2628,48751134,75.54,82.57,34.88,85.26,260
2019-12-20,115.5741,116.1086,114.338,114.6219,72604264,75.87,82.57,34.88,85.94,260
2019-12-27,114.9226,116.735,114.3213,116.2088,27701727,77.31,82.57,34.88,88.97,260
2020-01-03,116.8436,117.8458,115.2331,116.2923,35353651,77.39,82.57,34.88,89.13,260
2020-01-10,114.796,116.2335,113.989,114.3841,50137679,71.45,82.57,34.88,76.68,260
2020-01-17,114.485,118.3267,114.1235,116.1746,78466216,73.5,82.57,34.88,80.98,260
2020-01-24,115.3256,116.0654,111.2318,111.9295,40530252,62.1,82.57,34.88,57.06,260
2020-01-31,109.5085,114.4346,109.0377,111.2654,57047700,60.51,82.57,34.88,53.74,260
2020-02-07,111.5176,116.2503,111.5176,115.3088,44698610,66.17,82.57,34.88,65.6,260
2020-02-14,115.1239,117.0909,114.6615,115.5526,34557942,66.48,82.57,34.88,66.25,260
2020-02-21,115.4517,116.3344,113.4174,114.1655,33261688,62.93,82.57,34.88,58.8,260
2020-02-28,110.492,111.9715,94.705,97.6052,128143812,37.3,82.57,34.88,5.08,260
2020-03-06,98.0423,103.3551,88.2826,90.855,148673090,31.65,82.57,31.65,0.0,260
2020-03-13,81.1793,87.4168,72.5629,87.3495,197452131,29.17,82.57,29.17,0.0,260
2020-03-20,71.6214,81.9107,64.6526,70.1924,177349885,20.66,82.57,20.66,0.0,260
2020-03-27,69.503,82.8606,65.6446,76.6063,164654120,29.0,82.57,20.66,13.47,260
2020-04-03,76.2028,79.1618,69.7384,71.4113,118186937,26.57,82.57,20.66,9.54,260
2020-04-09,75.6084,88.6927,74.5124,87.3078,114304208,42.49,82.57,20.66,35.25,260
2020-04-17,87.6052,87.6052,73.9601,80.8676,165177405,38.81,82.57,20.66,29.32,260
2020-04-24,78.5651,80.4683,75.0477,77.0698,95692957,36.8,82.57,20.66,26.06,260
2020-05-01,78.1148,84.4955,77.775,79.2278,101270533,38.75,82.57,20.66,29.21,260
2020-05-08,78.1828,80.0435,76.4071,78.7605,91966159,38.47,82.57,20.66,28.76,260
2020-05-15,77.4096,77.4096,70.0094,72.9831,156364708,35.13,82.57,20.66,23.37,260
2020-05-22,75.3535,78.4972,74.6653,76.0162,99197882,38.16,82.57,20.66,28.27,260
2020-05-29,78.922,87.4692,78.6841,82.6773,131800819,44.33,82.57,20.66,38.22,260
2020-06-05,83.0512,98.3615,82.7368,94.5042,131256508,53.24,82.57,20.66,52.62,260
2020-06-12,96.3563,97.0191,82.0231,84.8524,127692014,46.67,82.57,20.66,42.01,260
2020-06-19,81.9212,89.7887,81.4539,83.1021,116765367,45.57,82.57,20.66,40.24,260
2020-06-26,82.6264,84.9373,78.1658,78.6671,121964647,42.83,82.57,20.66,35.8,260
2020-07-02,79.3553,81.4644,78.3187,79.4912,84241851,43.51,82.57,20.66,36.9,260
2020-07-10,81.0097,83.0772,77.8784,82.5882,117528815,46.11,82.57,20.66,41.1,260
2020-07-17,84.6986,86.8947,82.5539,84.2096,130122150,47.47,82.57,20.66,43.3,260
2020-07-24,83.5833,85.8996,83.4375,84.3125,72125857,47.56,82.57,20.66,43.45,260
2020-07-31,83.6519,85.5393,81.7131,82.9056,65831129,46.38,82.57,20.66,41.55,260
2020-08-07,83.2316,85.3506,81.5244,85.2562,66914150,48.67,82.57,20.66,45.24,260
2020-08-14,85.8824,91.3042,85.8175,87.8556,91491625,51.16,82.57,20.66,49.26,260
2020-08-21,87.0749,87.5038,83.0429,83.489,67566500,47.04,82.57,20.66,42.61,260
2020-08-28,84.4584,88.5762,83.5747,88.1644,79520226,51.54,82.57,20.66,49.87,260
2020-09-04,87.6068,90.2576,84.9645,88.8078,89903872,52.14,82.57,20.66,50.84,260
2020-09-11,88.3446,88.8507,85.342,86.706,65249771,49.95,82.57,20.66,47.31,260
2020-09-18,87.0835,88.7563,83.5919,84.3726,100396268,47.57,82.57,20.66,43.47,260
2020-09-25,81.6702,82.3994,78.3931,80.1861,99248037,43.56,82.57,20.66,36.98,260
2020-10-02,81.5501,84.5785,80.9256,83.9779,81077602,47.85,82.57,20.66,43.92,260
2020-10-09,85.1133,88.3899,84.4122,87.6065,78798985,51.64,82.57,20.66,50.04,260
2020-10-16,87.5199,89.3551,85.7366,87.8748,83417791,51.92,82.57,20.66,50.49,260
2020-10-23,87.9527,90.4199,85.9703,89.8659,63638080,54.03,82.57,20.66,53.9,260
2020-10-30,88.8617,88.905,82.4468,84.8709,68601374,48.3,82.57,20.66,44.64,260
2020-11-06,86.0396,90.9826,84.7151,89.1301,81770863,52.89,82.57,20.66,52.05,260
2020-11-13,97.96,102.9289,95.5274,98.7564,116698488,61.26,82.57,20.66,65.58,260
2020-11-20,101.968,102.6779,98.3062,99.1806,69906385,61.59,82.57,20.66,66.1,260
2020-11-27,100.4618,106.911,100.0462,104.9373,50569132,65.77,82.57,20.66,72.86,260
2020-12-04,103.8812,106.7293,101.9507,105.9069,63998239,66.44,82.57,20.66,73.93,260
2020-12-11,104.8767,106.7379,102.4701,103.5003,56040427,63.16,82.57,20.66,68.65,260
2020-12-18,105.0369,105.1364,102.2407,103.0848,76445900,62.59,82.57,20.66,67.72,260
2020-12-24,106.6254,109.5254,104.8248,107.794,59270698,66.32,82.57,20.66,73.75,260
2020-12-31,108.9194,110.2266,108.0266,110.0015,32388521,67.93,82.57,20.66,76.36,260
2021-01-08,110.3738,120.4847,107.9122,118.5927,89435690,73.3,82.57,20.66,85.02,260
2021-01-15,117.3372,124.4605,116.9274,120.877,95180484,74.52,82.57,20.66,86.99,260
2021-01-22,121.9407,122.6731,115.2622,116.6484,62220876,68.3,82.57,20.66,76.94,260
2021-01-29,115.2098,116.1079,111.0335,112.1844,71694301,62.37,82.57,20.66,67.37,260
2021-02-05,112.8209,121.6181,112.0144,120.3016,55984651,67.84,82.57,20.66,76.2,260
2021-02-12,120.4934,123.4665,120.476,123.1526,46126537,69.51,82.57,20.66,78.9,260
2021-02-19,125.158,129.7702,124.1553,129.0552,45497233,72.68,82.57,20.66,84.02,260
2021-02-26,128.0526,135.0538,127.7387,128.3142,80405156,71.67,82.57,20.66,82.39,260
2021-03-05,130.3631,135.1235,129.0117,131.575,81950323,73.42,82.57,20.66,85.21,260
2021-03-12,132.9351,137.434,130.6246,136.1436,72335280,75.68,82.57,20.66,88.87,260
2021-03-19,136.318,140.9738,131.8191,135.263,115178503,74.37,82.57,20.66,86.74,260
2021-03-26,133.2228,135.5333,129.8748,135.2194,82463684,74.3,82.57,20.66,86.63,260
2021-04-01,132.63,135.8995,131.6883,134.0162,64052838,72.31,82.57,20.66,83.42,260
2021-04-09,135.4065,137.7235,133.179,137.0552,67940968,74.19,82.57,20.66,86.46,260
2021-04-16,136.4413,137.9059,130.9514,134.4418,79794041,69.8,82.57,20.66,79.38,260
2021-04-23,134.5471,134.9505,128.6406,131.7144,67152775,65.46,82.57,20.66,72.35,260
2021-04-30,132.2318,136.1782,131.6442,134.8891,57245831,67.96,82.57,20.66,76.39,260
2021-05-07,135.8011,141.6331,133.4245,141.4051,63085715,72.38,82.57,20.66,83.54,260
2021-05-14,141.6331,144.2202,137.713,143.8343,69829069,73.83,82.57,20.66,85.88,260
2021-05-21,143.2731,145.141,139.1249,142.6504,54938863,71.85,82.57,20.66,82.68,260
2021-05-28,143.2643,145.3164,141.4621,144.036,61109926,72.77,82.57,20.66,84.17,260
2021-06-04,145.4655,146.8424,144.4052,145.9654,41809418,74.04,82.57,20.66,86.22,260
2021-06-11,146.4565,146.5442,139.4932,140.5719,55818475,64.91,82.57,20.66,71.47,260
2021-06-18,140.4492,140.607,129.4079,129.7236,142494705,51.23,82.57,20.66,49.37,260
2021-06-25,130.7409,135.4898,130.3726,135.0996,74867390,56.16,82.57,20.66,57.34,260
2021-07-02,134.7926,137.8811,133.4072,137.6253,63096276,58.29,82.57,20.66,60.78,260
2021-07-09,137.4048,137.7311,132.3418,137.3959,58884246,58.02,82.57,20.66,60.34,260
2021-07-16,136.1434,140.3871,133.2062,133.9913,82776944,53.93,82.57,20.66,53.74,260
2021-07-23,131.0276,135.526,128.5226,132.8711,69494132,52.62,82.57,20.66,51.62,260
2021-07-30,132.4741,135.7201,132.1301,133.8766,47498002,53.71,82.57,20.66,53.38,260
2021-08-06,134.0971,139.2041,131.8832,138.9219,53233183,58.82,82.57,20.66,61.64,260
2021-08-13,138.9395,143.2174,137.5106,141.1093,45143456,60.84,82.57,20.66,64.9,260
2021-08-20,140.192,140.2714,134.9615,136.4698,42664312,54.71,82.57,20.66,55.0,260
2021-08-27,137.0078,144.5052,136.9285,143.8172,46748188,61.35,82.57,20.66,65.73,260
2021-09-03,143.9583,144.2053,140.2185,140.6771,45785176,57.48,82.57,20.66,59.46,260
2021-09-10,141.1182,142.3454,138.6749,138.7984,33359453,55.23,82.57,20.66,55.83,260
2021-09-17,139.8304,142.3089,137.8281,139.0806,69918811,55.51,82.57,20.66,56.28,260
2021-09-24,135.7377,144.2935,132.7387,143.8084,58494483,60.04,82.57,20.66,63.61,260
2021-10-01,145.5372,149.33,143.5879,147.416,58838827,63.13,82.57,20.66,68.6,260
2021-10-08,147.2748,152.1763,146.1811,151.0317,53491115,65.97,82.57,20.66,73.18,260
2021-10-15,151.5463,151.9811,142.017,147.8286,77389023,61.46,82.57,20.66,65.89,260
2021-10-22,147.7133,152.6909,147.2075,152.4158,46145484,65.14,82.57,20.66,71.84,260
2021-10-29,153.241,153.4628,148.4763,150.7389,43374269,62.78,82.57,20.66,68.02,260
2021-11-05,152.6465,152.9038,147.7222,149.1063,40387642,60.48,82.57,20.66,64.31,260
2021-11-12,149.9936,151.6528,147.0389,148.0504,34823091,58.98,82.57,20.66,61.89,260
2021-11-19,148.361,148.8712,141.4757,142.78,46425385,52.03,82.57,20.66,50.66,260
2021-11-26,145.6548,150.3396,140.9168,143.6762,50163082,53.04,82.57,20.66,52.3,260
2021-12-03,144.9006,146.2049,139.4705,140.4465,68937361,49.02,82.36,20.66,45.97,260
2021-12-10,142.8599,144.9716,140.7659,141.804,54338736,50.71,82.36,20.66,48.71,260
2021-12-17,141.5201,143.583,137.6871,139.089,86327500,47.33,80.87,20.66,44.29,260
2021-12-23,137.0926,141.1829,134.7236,139.5326,41767463,47.94,80.87,20.66,45.31,260
2021-12-31,139.8343,142.1767,138.7163,140.4997,31603274,49.32,80.87,20.66,47.6,260
2022-01-07,141.8395,150.2924,141.529,149.2222,78824173,59.69,80.87,20.66,64.83,260
2022-01-14,150.9272,151.5878,140.0587,140.947,90976775,49.37,80.87,20.66,47.68,260
2022-01-21,139.0634,139.0634,128.7885,129.5116,89176353,39.26,80.87,20.66,30.89,260
2022-01-28,127.0121,134.4125,124.5929,130.8774,99789579,40.82,80.87,20.66,33.48,260
2022-02-04,130.0115,137.028,129.1456,136.1889,70141107,46.56,80.87,20.66,43.02,260
2022-02-11,136.8227,141.9646,134.6624,137.403,75400445,47.81,80.87,20.66,45.09,260
2022-02-18,136.3407,139.349,134.1873,135.814,58704656,46.29,80.87,20.66,42.56,260
2022-02-25,134.4392,136.8495,124.7803,132.0915,67040363,42.85,80.87,20.66,36.85,260
2022-03-04,128.1458,129.4937,118.1923,119.9776,125222852,33.99,80.87,20.66,22.14,260
2022-03-11,117.9869,120.7275,113.6128,115.0589,99970106,31.17,80.87,20.66,17.46,260
2022-03-18,115.5678,125.7355,115.3624,125.066,91270277,41.75,80.87,20.66,35.03,260
2022-03-25,125.2892,128.485,123.8431,126.6907,56003644,43.28,80.87,20.66,37.56,260
2022-04-01,124.9767,128.1859,119.442,120.79,63980846,39.26,80.87,20.66,30.89,260
2022-04-08,119.7277,122.2451,115.7779,120.059,68385323,38.78,80.87,20.66,30.09,260
2022-04-14,119.6183,121.3271,112.4412,113.4305,73129508,34.64,80.87,20.66,23.21,260
2022-04-22,113.0258,120.077,112.9089,114.0511,65377856,35.33,80.87,20.66,24.37,260
2022-04-29,113.3316,114.3254,106.937,107.3507,79101375,31.44,80.87,20.66,17.91,260
2022-05-06,107.8184,114.5817,106.3254,111.272,80800860,35.89,80.87,20.66,25.3,260
2022-05-13,109.824,111.326,103.7621,107.1078,72087044,33.41,80.87,20.66,21.18,260
2022-05-20,106.6132,110.5975,103.4473,105.5339,60009956,32.5,80.87,20.66,19.66,260
2022-05-27,108.34,118.0624,108.331,118.0624,83650735,45.32,80.87,20.66,40.96,260
2022-06-03,117.082,119.7532,115.724,117.064,44753881,44.6,80.87,20.66,39.75,260
2022-06-10,117.9005,119.0697,107.3147,107.5216,52984974,38.28,80.87,20.66,29.25,260
2022-06-17,105.1022,106.0825,100.6143,101.6576,91891744,34.99,80.87,20.66,23.8,260
2022-06-24,104.2073,105.9656,100.2635,105.5159,48221688,38.72,80.87,20.66,29.99,260
2022-07-01,106.1815,107.2877,99.7689,102.5749,57980624,36.98,80.87,20.66,27.1,260
2022-07-08,100.5096,104.9375,99.1757,103.767,42327012,38.19,80.87,20.66,29.11,260
2022-07-15,103.0321,104.5111,96.2358,102.4876,77244105,37.36,80.87,20.66,27.73,260
2022-07-22,104.1391,105.482,100.9814,104.13,56749114,39.19,80.87,20.66,30.77,260
2022-07-29,105.1099,105.7088,102.5602,104.6744,52672920,39.81,80.87,20.66,31.81,260
2022-08-05,103.8941,105.4274,100.7377,105.0373,76286255,40.26,80.87,20.66,32.54,260
2022-08-12,105.482,110.9262,103.6037,110.8173,55012168,46.94,80.87,20.66,43.65,260
2022-08-19,109.919,112.7309,107.1697,107.6415,49156724,44.03,80.87,20.66,38.81,260
2022-08-26,105.9356,108.8755,103.8487,104.0483,48380995,40.93,80.87,20.66,33.66,260
2022-09-02,103.4404,106.5708,101.544,103.1772,49915456,40.19,80.87,20.66,32.44,260
2022-09-09,103.7398,108.93,101.6891,108.1315,41121030,46.14,80.87,20.66,42.32,260
2022-09-16,109.4472,110.291,104.2389,106.2351,56530497,44.32,80.87,20.66,39.3,260
2022-09-23,105.2551,107.7322,97.234,99.0305,60090487,38.17,80.87,20.66,29.08,260
2022-09-30,97.9961,99.4525,94.7278,94.8203,69997130,35.11,80.87,20.66,23.99,260
2022-10-07,95.8366,102.5239,94.784,97.0344,62407728,37.93,80.87,20.66,28.68,260
2022-10-14,97.7211,105.5128,92.7311,101.8046,90671236,43.62,80.87,20.66,38.13,260
2022-10-21,105.6684,112.0592,104.6704,111.9127,93688734,53.38,80.87,20.66,54.34,260
2022-10-28,111.7662,115.6209,110.6858,115.4378,58171856,56.22,80.87,20.66,59.06,260
2022-11-04,115.0898,119.7868,114.9891,119.6495,70056914,59.41,80.87,20.66,64.35,260
2022-11-11,119.9425,124.6761,118.3127,123.8795,58445424,62.37,80.87,20.66,69.28,260
2022-11-18,123.4217,124.2732,120.1988,122.5428,51310404,60.86,80.87,20.66,66.76,260
2022-11-25,122.4512,125.5642,121.5448,125.198,27522887,62.79,80.87,20.66,69.97,260
2022-12-02,124.5845,126.9559,121.9476,123.7513,50384650,61.02,80.87,20.66,67.04,260
2022-12-09,122.909,123.7056,118.9079,121.0046,52725722,57.71,80.87,20.66,61.53,260
2022-12-16,121.2243,125.5184,117.5848,118.3768,62057122,54.65,80.87,20.66,56.45,260
2022-12-23,118.7064,121.7553,117.5711,120.1988,39361823,56.37,80.87,20.66,59.31,260
2022-12-30,120.4644,122.9914,119.5305,122.7808,30116476,58.77,80.87,20.66,63.3,260
2023-01-06,123.8246,127.6356,122.5885,127.2298,41152762,62.59,80.87,20.66,69.63,260
2023-01-13,127.8385,132.3489,124.3336,131.9061,57436373,66.13,80.87,20.66,75.52,260
2023-01-20,130.209,130.5503,123.1806,124.5919,54081345,57.03,77.39,20.66,64.11,260
2023-01-27,124.6241,130.2874,124.352,129.425,41376703,60.86,77.39,20.66,70.87,260
2023-02-03,128.4196,131.2789,127.2851,130.1352,48083135,61.41,77.39,20.66,71.83,260
2023-02-10,129.342,133.1329,127.8293,130.0891,38838046,61.35,77.39,20.66,71.72,260
2023-02-17,130.3289,132.7178,129.1944,131.1959,39229313,62.29,77.39,20.66,73.39,260
2023-02-24,129.7663,130.3842,126.764,129.9876,38298682,60.55,77.39,20.66,70.31,260
2023-03-03,131.076,132.5979,128.7056,132.5057,48794178,62.88,77.39,20.66,74.43,260
2023-03-10,132.3027,132.8562,117.8955,123.2729,94499175,50.97,77.39,20.66,53.43,260
2023-03-17,121.0223,125.0069,115.7096,116.0416,169796424,43.95,77.39,20.66,41.06,260
2023-03-24,117.13,121.502,113.5512,115.2115,96938037,43.21,77.39,20.66,39.76,260
2023-03-31,116.9455,120.2199,116.4843,120.1922,69509551,48.76,77.39,20.66,49.53,260
2023-04-06,119.8233,121.2345,117.5174,118.4941,41730216,47.07,77.39,20.66,46.56,260
2023-04-14,117.6296,129.3237,117.3321,128.9612,88196124,56.96,77.39,20.66,63.99,260
2023-04-21,130.0953,131.7964,127.9665,130.6437,61308360,58.31,77.39,20.66,66.36,260
2023-04-28,130.5647,131.1643,124.5642,128.5057,51364253,55.91,77.39,20.66,62.14,260
2023-05-05,132.2426,133.2745,122.5285,127.1113,75810673,54.34,77.39,20.66,59.37,260
2023-05-12,127.8085,128.3384,123.7555,124.6572,40007736,51.6,77.39,20.66,54.54,260
2023-05-19,124.8152,130.5972,124.5271,129.3795,51326086,56.18,77.39,20.66,62.62,260
2023-05-26,131.0713,131.6663,125.1034,127.2972,46547816,53.76,77.39,20.66,58.35,260
2023-06-02,127.1671,131.5175,124.9402,130.5787,46321329,56.91,77.39,20.66,63.9,260
2023-06-09,130.244,131.815,128.4034,131.0806,41746819,57.39,77.39,20.66,64.75,260
2023-06-16,131.1364,133.8276,129.9187,133.1722,47527100,59.41,77.39,20.66,68.31,260
2023-06-23,132.568,133.8787,127.9293,129.0727,38353331,54.01,77.39,20.66,58.78,260
2023-06-30,129.0913,135.7193,127.9944,135.1987,53778441,59.88,77.39,20.66,69.13,260
2023-07-07,135.8959,137.095,132.3895,135.1038,35652697,59.75,77.39,20.66,68.91,260
2023-07-14,135.2536,143.1067,135.2536,140.1863,69952234,64.15,77.39,20.66,76.66,260
2023-07-21,140.7292,146.5699,140.7292,145.0349,63836404,67.77,77.39,20.66,83.04,260
2023-07-28,145.0536,148.6245,144.829,146.8695,52939077,69.04,77.39,20.66,85.28,260
2023-08-04,147.1222,149.1814,144.0895,146.0364,36350682,67.73,77.39,20.66,82.97,260
2023-08-11,146.5793,147.6089,142.8259,144.5669,33328790,65.38,77.39,20.66,78.83,260
2023-08-18,143.7806,145.0047,138.0089,139.4375,40794192,57.83,77.39,20.66,65.52,260
2023-08-25,140.074,140.4999,136.1521,137.6404,39096574,55.41,77.39,20.66,61.26,260
2023-09-01,138.1271,139.606,136.3768,137.4251,36545915,55.11,77.39,20.66,60.74,260
2023-09-08,137.7434,138.7261,133.5219,134.6264,31967895,51.27,77.39,20.66,53.96,260
2023-09-15,135.4876,140.3033,134.4954,139.2878,53441613,56.69,77.39,20.66,63.51,260
2023-09-22,138.6794,140.6356,135.8994,136.4049,36917608,52.78,77.39,20.66,56.62,260
2023-09-29,136.0492,139.3439,134.5048,135.7403,42016788,51.89,77.39,20.66,55.05,260
2023-10-06,135.5624,137.5486,132.787,136.8131,45577368,53.26,77.39,20.66,57.46,260
2023-10-13,135.4554,144.3656,135.305,139.5475,66923486,56.64,77.39,20.66,63.43,260
2023-10-20,140.9147,140.9807,134.0033,134.7859,58242955,49.87,77.39,20.66,51.49,260
2023-10-27,134.7765,135.4742,127.4691,127.9405,53801477,42.08,77.39,20.66,37.76,260
2023-11-03,128.6477,135.5591,128.2705,134.833,48684942,50.47,77.39,20.66,52.55,260
2023-11-10,134.9933,138.1143,134.635,138.0672,37517559,53.85,77.39,20.66,58.5,260
2023-11-17,137.3788,144.1299,136.8697,144.0922,40909635,59.4,77.39,20.66,68.29,260
2023-11-24,143.3945,145.6178,143.2436,144.7711,22775931,59.99,77.39,20.66,69.32,260
2023-12-01,144.6674,148.8444,143.9885,147.8826,40753897,62.64,77.39,20.66,74.0,260
2023-12-08,147.1095,150.1267,146.9775,149.4667,43525699,63.95,77.39,20.66,76.31,260
2023-12-15,149.4667,155.8406,149.1178,155.7935,64648322,68.68,77.39,20.66,84.65,260
2023-12-22,156.4441,159.7347,156.0952,157.8395,42649319,70.05,77.39,20.66,87.06,260
2023-12-29,157.8961,160.9416,157.6321,160.3853,23117408,71.7,77.39,20.66,89.98,260
2024-01-05,159.433,164.4794,159.2633,163.4264,41840689,73.58,77.39,20.66,93.29,260
2024-01-12,163.1892,167.259,159.9828,160.3717,62179766,68.65,77.39,20.66,84.6,260
2024-01-19,156.4063,161.8137,155.8655,161.567,50811805,69.51,77.39,20.66,86.11,260
2024-01-26,161.7093,164.1758,159.793,163.4359,47134910,70.86,77.39,20.66,88.49,260
2024-02-02,163.3979,169.1468,162.5062,165.7601,47277724,72.49,77.39,20.66,91.36,260
2024-02-09,164.9348,166.8416,164.043,166.0257,34168336,72.68,77.39,20.66,91.69,260
2024-02-16,165.8075,170.9588,163.7537,169.8394,40869648,75.29,77.39,20.66,96.29,260
2024-02-23,169.9911,175.6926,169.2464,174.5447,33098108,78.07,78.07,20.66,100.0,260
2024-03-01,174.3171,176.869,172.8846,175.778,34949072,78.75,78.75,20.66,100.0,260
2024-03-08,175.2278,180.7205,174.8104,178.5576,35044804,80.23,80.23,20.66,100.0,260
2024-03-15,177.6658,181.8874,176.6603,180.5308,46408788,81.22,81.22,20.66,100.0,260
2024-03-22,180.8439,190.1882,180.1419,186.5264,46172239,83.89,83.89,20.66,100.0,260
2024-03-28,186.5074,190.4159,184.0934,190.0175,31935569,85.2,85.2,20.66,100.0,260
2024-04-05,189.7234,190.6246,186.1818,188.4148,37874303,81.9,85.2,20.66,94.88,260
2024-04-12,188.577,189.8747,174.187,174.4256,63753518,60.0,85.2,20.66,60.95,260
2024-04-19,176.0573,178.8819,170.9999,177.2979,63195519,62.24,85.2,20.66,64.41,260
2024-04-26,177.4792,185.9528,177.4696,184.636,43854865,67.26,85.2,20.66,72.2,260
2024-05-03,184.6264,186.0673,179.8361,181.7923,36435945,63.72,85.2,20.66,66.72,260
2024-05-10,182.9565,190.2182,181.1291,189.6744,40334547,68.65,85.2,20.66,74.35,260
2024-05-17,189.703,195.667,188.9778,195.4189,41773808,71.67,85.2,20.66,79.03,260
2024-05-24,195.0372,196.459,186.4586,191.5256,56645068,66.96,85.2,20.66,71.73,260
2024-05-31,190.7145,193.9971,187.8804,193.3577,34277855,68.02,85.2,20.66,73.38,260
2024-06-07,193.0524,193.1573,186.3918,190.8004,36249031,64.88,85.2,20.66,68.52,260
2024-06-14,190.1228,191.6496,182.1454,184.9127,43519647,58.22,85.2,20.66,58.19,260
2024-06-21,184.6264,190.3232,183.8249,187.3174,47451973,60.02,85.2,20.66,60.99,260
2024-06-28,188.7583,193.3291,187.2935,193.0047,47681489,63.99,85.2,20.66,67.13,260
2024-07-05,193.5581,200.7531,193.3864,196.5163,31662793,66.22,85.2,20.66,70.58,260
2024-07-12,196.7562,201.2855,193.9349,196.6602,52206096,66.31,85.2,20.66,70.73,260
2024-07-19,198.8193,208.7703,198.3683,201.3047,54360181,69.22,85.2,20.66,75.24,260
2024-07-26,201.9572,204.5481,199.6446,203.6653,34771003,70.61,85.2,20.66,77.39,260
2024-08-02,204.0587,207.6476,188.9354,191.0945,53416298,56.08,85.2,20.66,54.88,260
2024-08-09,186.2102,198.1284,183.1874,197.4855,47038650,60.53,85.2,20.66,61.77,260
2024-08-16,198.0708,205.4405,195.4319,205.3254,35255944,65.19,85.2,20.66,68.98,260
2024-08-23,205.3542,210.3345,204.241,209.49,29394592,67.39,85.2,20.66,72.4,260
2024-08-30,210.1618,216.3704,209.2405,215.7178,31787145,70.4,85.2,20.66,77.07,260
2024-09-06,213.3188,215.0461,202.5617,203.8764,32146621,59.2,85.2,20.66,59.71,260
2024-09-13,206.4961,209.8067,192.5051,196.0652,70283170,53.19,85.2,20.66,50.39,260
2024-09-20,197.5142,203.3486,197.2839,202.5617,56988299,57.09,85.2,20.66,56.44,260
2024-09-27,202.4754,204.3466,200.1819,201.9956,38363180,56.65,85.2,20.66,55.75,260
2024-10-04,197.9749,204.3204,196.0844,203.886,40484049,57.82,85.2,20.66,57.58,260
2024-10-11,203.7026,216.8303,201.1446,214.5716,46012369,63.81,85.2,20.66,66.85,260
2024-10-18,215.45,218.0756,211.28,217.5447,38137994,65.28,85.2,20.66,69.14,260
2024-10-25,217.3999,217.8632,213.2057,214.5909,34009202,62.55,85.2,20.66,64.91,260
2024-11-01,215.5948,218.8767,213.8863,215.199,35287285,62.9,85.2,20.66,65.44,260
2024-11-08,214.9191,239.3889,211.5599,228.7515,63771198,69.6,85.2,20.66,75.82,260
2024-11-15,231.6667,237.8638,230.4697,236.7923,49041630,72.75,85.2,20.66,80.7,260
2024-11-22,239.1572,240.499,230.3539,239.9198,41641348,73.88,85.2,20.66,82.45,260
2024-11-29,240.9237,245.4798,239.7171,241.0492,27474582,74.29,85.2,20.66,83.09,260
2024-12-06,240.8851,241.5608,233.8192,238.7711,34995974,71.81,85.2,20.66,79.25,260
2024-12-13,238.5491,239.3503,230.8401,231.6088,40575767,64.52,85.2,20.66,67.95,260
2024-12-20,232.2555,232.3134,221.5602,229.35,72577224,62.37,85.2,20.66,64.62,260
2024-12-27,227.8731,234.939,226.7245,232.796,22523395,64.32,85.2,20.66,67.65,260
2025-01-03,230.4794,236.3772,228.877,234.8328,29306703,65.47,85.2,20.66,69.42,260
2025-01-10,236.4542,238.39,231.6465,232.7429,37603306,63.23,85.2,20.66,65.95,260
2025-01-17,232.5488,252.8763,231.8987,251.4597,73831670,72.34,85.2,20.66,80.07,260
2025-01-24,252.3427,259.1638,251.7932,256.971,41149970,74.35,85.2,20.66,83.19,260
2025-01-31,256.3209,262.7733,254.4676,259.3579,38532253,75.2,85.2,20.66,84.5,260
2025-02-07,254.0504,270.2736,253.9251,267.6053,33834010,77.9,85.2,20.66,88.68,260
2025-02-14,267.9449,270.9367,261.5798,268.3718,36594916,78.14,85.2,20.66,89.05,260
2025-02-21,268.5368,271.9231,255.0304,256.3888,41609283,66.13,85.2,20.66,70.45,260
2025-02-28,257.6016,259.0668,245.8224,256.7866,44596348,66.31,85.2,20.66,70.73,260
2025-03-07,256.1559,258.407,232.3062,235.0813,60867330,50.2,85.2,20.66,45.76,260
2025-03-14,229.1916,230.453,217.5676,225.5336,81357533,45.01,85.2,26.57,31.46,260
2025-03-21,224.3111,235.1298,223.6076,234.4506,57706857,50.19,85.2,26.57,40.28,260
2025-03-28,238.1862,247.1031,233.946,235.6343,51496503,50.85,85.2,31.17,36.41,260
2025-04-04,232.2965,239.8987,204.0719,205.3905,73775587,37.25,85.2,31.17,11.24,260
2025-04-11,200.9853,233.0275,197.4593,230.7078,105603344,49.44,85.2,31.17,33.8,260
2025-04-17,231.5868,234.2045,222.6301,226.5664,42810978,47.8,85.2,31.17,30.78,260
2025-04-25,225.2673,241.0515,221.0731,237.8869,51188103,52.44,85.2,31.17,39.35,260
2025-05-02,238.8734,247.7214,232.8859,246.6385,43457407,55.71,85.2,31.17,45.41,260
2025-05-09,245.3394,249.9302,243.0441,247.1953,33952702,55.92,85.2,31.17,45.8,260
2025-05-16,256.7869,263.253,252.6846,261.3386,44983466,60.93,85.2,31.17,55.08,260
2025-05-23,259.3753,262.0809,250.0475,254.6478,41231381,57.59,85.2,31.17,48.9,260
2025-05-30,255.9469,260.5181,255.8981,257.8613,29101617,58.76,85.2,31.17,51.06,260
2025-06-06,256.9041,260.9088,254.2571,259.5511,34842650,59.4,85.2,31.17,52.24,260
2025-06-13,259.8148,263.3506,256.6013,258.7893,36973854,58.96,85.2,31.17,51.42,260
2025-06-20,260.7916,271.2623,260.6451,268.6056,38861395,62.78,85.2,31.17,58.5,260
2025-06-27,268.6642,282.6805,265.7855,280.434,51000096,66.8,85.2,31.17,65.93,260
2025-07-03,283.6475,290.8773,279.9261,290.4847,36727754,69.78,85.2,31.17,71.45,260
2025-07-11,289.7487,290.524,275.0871,281.515,51338910,64.23,85.2,31.17,61.19,260
2025-07-18,281.7211,287.0499,277.7368,285.8428,52312341,65.65,85.2,31.17,63.81,260
2025-07-25,285.5779,294.0077,283.7918,293.0559,34619229,67.93,85.2,31.17,68.04,260
2025-08-01,292.1138,295.6792,278.9415,283.9782,48294641,62.32,85.2,31.17,57.65,260
2025-08-08,284.8517,290.2737,279.4012,283.3796,34853645,61.96,85.2,31.17,56.97,260
2025-08-15,284.0077,289.994,281.8094,285.0774,36165453,62.62,85.2,31.17,58.21,260
2025-08-22,284.5965,291.6231,281.9174,290.7202,33969628,64.83,85.2,31.17,62.29,260
2025-08-29,290.7202,297.3052,288.0314,295.8037,31834435,66.73,85.2,31.17,65.81,260
2025-09-05,294.6653,299.4642,288.8262,288.8949,29839161,61.83,85.2,31.17,56.75,260
2025-09-12,289.3954,301.8195,286.0097,301.1914,38613168,66.54,85.2,31.17,65.46,260
2025-09-19,301.4466,309.9158,301.4119,308.9148,57924596,69.12,85.2,31.17,70.22,260
2025-09-26,304.0276,311.8883,303.7871,310.1709,37756457,69.53,85.2,31.17,70.98,260
2025-10-03,311.1523,312.0846,300.4358,304.2533,41150795,65.13,85.2,31.17,62.85,260
2025-10-10,305.8773,307.423,296.6373,296.7162,37816318,59.93,85.2,31.17,53.23,260
2025-10-17,301.3608,307.7903,290.119,293.4324,59025114,57.77,85.2,31.17,49.22,260
2025-10-24,294.3593,299.8323,286.5145,296.2724,34988869,59.14,85.2,31.17,51.76,260
2025-10-31,297.9686,308.53,296.8345,306.8043,34734392,63.84,85.2,31.17,60.46,260
2025-11-07,306.6859,310.4727,300.8678,309.8514,36196143,65.09,85.2,31.17,62.77,260
2025-11-14,310.6305,317.7799,297.0515,299.3985,40703228,57.72,85.2,31.17,49.13,260
2025-11-21,299.783,305.6209,288.7484,293.886,41236308,54.23,85.2,31.17,42.67,260
2025-11-28,294.1029,309.3682,290.4247,308.7371,32050673,61.06,85.2,31.17,55.31,260
2025-12-05,308.6089,314.072,302.5442,310.6699,39658369,61.86,85.2,31.17,56.79,260
2025-12-12,310.6896,315.8274,294.3199,314.1016,62307060,63.29,85.2,31.17,59.45,260
2025-12-19,315.1568,318.4011,307.889,312.8098,63853432,62.34,85.2,31.17,57.68,260
2025-12-26,313.1056,326.2705,313.1056,323.3614,23470492,66.74,85.2,31.17,65.83,260
2026-01-02,322.464,323.2233,316.2908,320.9651,29642172,64.89,85.2,31.17,62.4,260
2026-01-09,320.9848,332.6957,320.6791,326.0788,46703865,67.0,85.2,31.17,66.3,260
2026-01-16,318.8419,323.7709,303.2269,309.5169,87531652,55.39,85.2,31.17,44.83,260
2026-01-23,303.316,308.2093,293.7077,294.9063,44584779,47.57,85.2,31.17,30.34,260
2026-01-30,294.9954,305.0198,294.6388,302.9991,56171259,51.64,85.2,31.17,37.89,260
2026-02-06,301.5826,321.1806,298.5218,319.353,57895619,58.64,85.2,31.17,50.83,260
2026-02-13,318.303,323.3152,293.7176,299.6906,52641105,49.39,85.2,31.17,33.71,260
2026-02-20,299.8986,309.3287,299.6411,307.8527,30636749,52.72,85.2,31.17,39.88,260
2026-02-27,305.8816,308.0608,288.6262,297.4619,60233665,48.35,85.2,31.17,31.8,260
2026-03-06,292.0238,299.5321,281.0287,286.7441,53071813,44.28,85.2,31.17,24.26,260
2026-03-13,282.8018,289.9832,276.4622,280.7612,53642610,42.15,85.2,31.17,20.31,260
2026-03-20,283.6338,289.0026,281.9202,283.8517,59450428,43.66,85.2,31.17,23.1,260
2026-03-27,291.5285,294.827,279.0872,280.1669,53293821,42.24,85.2,31.17,20.48,260
2026-04-02,282.0489,295.8968,279.6617,291.8158,42627649,47.99,85.2,31.17,31.12,260
2026-04-10,292.7597,309.8836,291.4039,308.4998,38238163,54.91,85.2,31.17,43.92,260
2026-04-17,306.1104,313.5075,302.9146,308.9179,48950561,55.07,85.2,31.17,44.22,260
2026-04-24,309.4754,318.8189,306.5285,306.9168,35587153,54.07,85.2,31.17,42.38,260
2026-05-01,305.523,314.6823,305.2144,311.0883,38356464,55.86,85.2,31.17,45.7,260
2026-05-08,309.2465,314.9014,299.1712,300.7641,40108428,50.6,85.2,31.17,35.95,260
2026-05-15,300.7641,304.709,294.2431,296.4931,42783292,48.56,85.2,31.17,32.17,260
2026-05-22,296.6823,306.0905,292.3714,305.0252,38747553,52.66,85.2,31.17,39.77,260
2026-05-29,307.1259,308.5595,293.8897,297.9865,43257148,49.18,85.2,31.17,33.32,260
2026-06-05,296.3736,313.6071,293.9643,310.9887,42694086,55.09,85.2,31.17,44.27,260
2026-06-12,311.8648,319.8792,307.5142,319.3018,42410576,58.42,85.2,31.17,50.43,260
2026-06-18,322.4877,336.595,317.4301,323.7819,51441252,60.14,85.2,31.17,53.61,260
2026-06-26,328.2421,341.9298,325.3051,327.595,53362430,61.59,85.2,31.17,56.3,260
2026-07-02,326.8284,338.4966,323.5728,332.991,39687458,63.61,85.2,31.17,60.04,260
2026-07-10,335.0,341.4,330.13,336.47,56164208,64.9,85.2,31.17,62.42,260
2026-07-17,338.34,351.24,325.75,341.1,54091396,66.59,85.2,31.17,65.54,260
2026-07-24,341.8,353.37,337.3,353.21,40212677,70.57,85.2,31.17,72.92,260
2026-07-31,357.89,359.3,343.78,351.79,36910787,69.52,85.2,31.17,70.98,260
2026-08-07,353.75,363.0,350.84,357.52,30569607,71.37,85.2,31.17,74.4,260
2026-08-14,357.96,366.5,356.5,362.84,24431975,73.01,85.2,31.17,77.43,260
2026-08-21,361.94,365.75,350.3666,351.58,32415689,64.6,85.2,31.17,61.86,260
2026-08-28,353.3,358.73,352.225,357.62,23630152,66.81,85.2,31.17,65.95,260
2026-09-04,355.9,362.86,353.79,358.64,28679727,67.18,85.2,31.17,66.64,260
2026-09-11,357.1,360.05,348.69,356.23,21494605,65.31,85.2,31.17,63.18,260
