Semana,Open,High,Low,Close,Volume,RSI,RSI_max_5a,RSI_min_5a,Posicion,Semanas_ventana
1972-06-02,1.4519,1.4624,1.4374,1.4624,68500,,,,,0
1972-06-09,1.4598,1.4598,1.4263,1.4457,179200,,,,,0
1972-06-16,1.4457,1.5127,1.4345,1.4792,178200,,,,,0
1972-06-23,1.4792,1.4932,1.4513,1.4903,152400,,,,,0
1972-06-30,1.4903,1.5156,1.4651,1.4848,106200,,,,,0
1972-07-07,1.4848,1.5825,1.4821,1.5825,148700,,,,,0
1972-07-14,1.5825,1.6187,1.5629,1.6131,213900,,,,,0
1972-07-21,1.6131,1.6326,1.5685,1.6326,117300,,,,,0
1972-07-28,1.6326,1.6995,1.6299,1.6857,160600,,,,,0
1972-08-04,1.6801,1.6913,1.6634,1.6745,92200,,,,,0
1972-08-11,1.6745,1.6857,1.669,1.6857,58700,,,,,0
1972-08-18,1.6913,1.7248,1.6522,1.6884,95800,,,,,0
1972-08-25,1.7024,1.7415,1.6661,1.6661,112600,,,,,0
1972-09-01,1.6661,1.6857,1.6549,1.6745,55900,,,,,0
1972-09-08,1.6745,1.6745,1.6355,1.641,54400,75.0,75.0,75.0,,1
1972-09-15,1.641,1.6495,1.5685,1.6102,83000,68.63,75.0,68.63,0.0,2
1972-09-22,1.6102,1.641,1.6049,1.6076,62900,68.08,75.0,68.08,0.0,3
1972-09-29,1.6076,1.6272,1.5964,1.6131,94600,68.64,75.0,68.08,8.03,4
1972-10-06,1.6131,1.6187,1.5462,1.5602,102400,58.28,75.0,58.28,0.0,5
1972-10-13,1.5685,1.5825,1.5517,1.5629,68400,58.62,75.0,58.28,2.04,6
1972-10-20,1.5629,1.6607,1.5491,1.6607,77600,68.67,75.0,58.28,62.15,7
1972-10-27,1.6607,1.7694,1.6607,1.7277,126300,73.43,75.0,58.28,90.62,8
1972-11-03,1.7277,1.7862,1.7219,1.7583,120200,75.28,75.28,58.28,100.0,9
1972-11-10,1.7583,1.7694,1.708,1.708,67800,67.04,75.28,58.28,51.5,10
1972-11-17,1.7024,1.7527,1.6857,1.7248,66600,68.28,75.28,58.28,58.84,11
1972-11-24,1.708,1.7192,1.6801,1.7136,80900,66.48,75.28,58.28,48.22,12
1972-12-01,1.7107,1.7107,1.6745,1.6913,75000,62.9,75.28,58.28,27.15,13
1972-12-08,1.6969,1.7136,1.6719,1.7024,95800,63.94,75.28,58.28,33.3,14
1972-12-15,1.7024,1.7471,1.6884,1.7219,83800,65.75,75.28,58.28,43.95,15
1972-12-22,1.7136,1.7277,1.6745,1.7192,92700,65.26,75.28,58.28,41.08,16
1972-12-29,1.7192,1.7777,1.7192,1.7777,52400,70.41,75.28,58.28,71.36,17
1973-01-05,1.775,1.775,1.7527,1.7694,118800,68.86,75.28,58.28,62.23,18
1973-01-12,1.7694,1.775,1.7554,1.7612,90600,67.26,75.28,58.28,52.84,19
1973-01-19,1.7612,1.7612,1.708,1.7192,93700,59.69,75.28,58.28,8.29,20
1973-01-26,1.7192,1.7192,1.641,1.669,76800,52.13,75.28,52.13,0.0,21
1973-02-02,1.6578,1.6969,1.6131,1.683,118400,53.89,75.28,52.13,7.61,22
1973-02-09,1.6857,1.7638,1.6857,1.7612,112500,62.21,75.28,52.13,43.55,23
1973-02-16,1.7612,1.909,1.7612,1.8922,131100,71.5,75.28,52.13,83.67,24
1973-02-23,1.8951,1.909,1.8643,1.8893,58000,71.08,75.28,52.13,81.87,25
1973-03-02,1.8893,1.9257,1.8252,1.9201,190700,72.89,75.28,52.13,89.68,26
1973-03-09,1.9201,2.0039,1.9034,1.948,140200,74.45,75.28,52.13,96.4,27
1973-03-16,1.948,2.0318,1.948,1.9983,85000,77.01,77.01,52.13,100.0,28
1973-03-23,1.9983,1.9983,1.7612,1.8197,183500,55.66,77.01,52.13,14.18,29
1973-03-30,1.8308,1.9592,1.8308,1.9146,126800,61.73,77.01,52.13,38.58,30
1973-04-06,1.9146,1.9201,1.8141,1.8616,86700,57.04,77.01,52.13,19.73,31
1973-04-13,1.8616,1.9063,1.8616,1.8699,93400,57.58,77.01,52.13,21.91,32
1973-04-19,1.8616,1.8922,1.842,1.8811,42000,58.34,77.01,52.13,24.99,33
1973-04-27,1.8811,1.884,1.7471,1.7835,274800,49.88,77.01,49.88,0.0,34
1973-05-04,1.7835,1.9034,1.7638,1.8951,224900,57.48,77.01,49.88,28.01,35
1973-05-11,1.8922,1.9146,1.867,1.867,92100,55.21,77.01,49.88,19.64,36
1973-05-18,1.8587,1.9146,1.8252,1.8643,103000,54.99,77.01,49.88,18.82,37
1973-05-25,1.842,1.9563,1.775,1.9536,127700,60.68,77.01,49.88,39.82,38
1973-06-01,1.9536,1.9536,1.8893,1.8893,57400,55.26,77.01,49.88,19.83,39
1973-06-08,1.8811,1.934,1.8532,1.9201,69100,57.23,77.01,49.88,27.1,40
1973-06-15,1.9175,1.9927,1.9034,1.9228,103100,57.41,77.01,49.88,27.75,41
1973-06-22,1.9228,1.9563,1.8951,1.9146,79500,56.64,77.01,49.88,24.9,42
1973-06-29,1.8643,1.867,1.7918,1.8643,120300,52.04,77.01,49.88,7.97,43
1973-07-06,1.8643,1.8811,1.7527,1.7612,93000,44.13,77.01,44.13,0.0,44
1973-07-13,1.7612,1.9034,1.7248,1.9005,145400,54.25,77.01,44.13,30.77,45
1973-07-20,1.9005,1.9563,1.8893,1.909,133700,54.79,77.01,44.13,32.4,46
1973-07-27,1.909,2.0626,1.8893,2.0094,128700,60.67,77.01,44.13,50.31,47
1973-08-03,2.0039,2.0206,1.9228,1.9815,51200,58.4,77.01,44.13,43.39,48
1973-08-10,1.9451,1.9451,1.8532,1.867,178500,50.1,77.01,44.13,18.14,49
1973-08-17,1.842,1.8643,1.7415,1.7442,139800,43.04,77.01,43.04,0.0,50
1973-08-24,1.7442,1.8252,1.7053,1.8252,107800,48.22,77.01,43.04,15.27,51
1973-08-31,1.8252,1.8587,1.6969,1.6969,244300,41.74,77.01,41.74,0.0,52
1973-09-07,1.6969,1.6969,1.5964,1.5964,169400,37.49,77.01,37.49,0.0,53
1973-09-14,1.5964,1.7248,1.5741,1.7165,173000,44.73,77.01,37.49,18.33,54
1973-09-21,1.7165,1.8058,1.6745,1.7442,146000,46.28,77.01,37.49,22.24,55
1973-09-28,1.7554,1.7862,1.7248,1.7862,115000,48.62,77.01,37.49,28.17,56
1973-10-05,1.775,1.775,1.6772,1.7248,73600,45.5,77.01,37.49,20.26,57
1973-10-12,1.7359,1.8141,1.7359,1.7777,141200,48.57,77.01,37.49,28.03,58
1973-10-19,1.7777,1.8643,1.7777,1.8643,74800,53.22,77.01,37.49,39.79,59
1973-10-26,1.8643,1.9201,1.817,1.9175,124600,55.85,77.01,37.49,46.46,60
1973-11-02,1.9175,1.934,1.817,1.8281,81800,50.68,77.01,37.49,33.38,61
1973-11-09,1.8281,1.8643,1.817,1.8532,41300,52.02,77.01,37.49,36.77,62
1973-11-16,1.8505,1.9175,1.8252,1.9146,80100,55.23,77.01,37.49,44.9,63
1973-11-23,1.8922,1.8922,1.7918,1.8029,85600,48.83,77.01,37.49,28.7,64
1973-11-30,1.7777,1.7777,1.6745,1.7248,264100,44.91,77.01,37.49,18.77,65
1973-12-07,1.7053,1.7918,1.6719,1.7694,97800,47.5,77.01,37.49,25.34,66
1973-12-14,1.7694,1.7918,1.5573,1.5879,148900,39.38,77.01,37.49,4.78,67
1973-12-21,1.6131,1.775,1.5879,1.602,159600,40.23,77.01,37.49,6.94,68
1973-12-28,1.5991,1.7165,1.5656,1.6549,86300,43.46,77.01,37.49,15.09,69
1974-01-04,1.6522,1.6634,1.5991,1.6076,121900,41.31,77.01,37.49,9.66,70
1974-01-11,1.5964,1.5964,1.4539,1.4709,158700,35.81,77.01,35.81,0.0,71
1974-01-18,1.4709,1.5629,1.4568,1.5602,97300,41.31,77.01,35.81,13.35,72
1974-01-25,1.5602,1.6243,1.5379,1.5991,90400,43.57,77.01,35.81,18.84,73
1974-02-01,1.5991,1.6131,1.5629,1.5714,93900,42.32,77.01,35.81,15.8,74
1974-02-08,1.5573,1.5573,1.4568,1.468,75000,37.93,77.01,35.81,5.15,75
1974-02-15,1.4598,1.4598,1.3311,1.3535,145000,33.76,77.01,33.76,0.0,76
1974-02-22,1.387,1.535,1.387,1.5071,124400,42.84,77.01,33.76,21.01,77
1974-03-01,1.5071,1.5573,1.4848,1.4959,80800,42.39,77.01,33.76,19.96,78
1974-03-08,1.4959,1.5629,1.4874,1.5602,115200,45.95,77.01,33.76,28.19,79
1974-03-15,1.5602,1.6384,1.535,1.6243,114500,49.31,77.01,33.76,35.97,80
1974-03-22,1.6243,1.6522,1.5964,1.6466,67000,50.47,77.01,33.76,38.64,81
1974-03-29,1.6384,1.6549,1.5741,1.5741,79900,46.74,77.01,33.76,30.01,82
1974-04-05,1.5714,1.6243,1.5491,1.6076,62200,48.63,77.01,33.76,34.38,83
1974-04-11,1.5991,1.6522,1.5767,1.6272,44900,49.75,77.01,33.76,36.98,84
1974-04-19,1.6355,1.6884,1.6272,1.6522,69700,51.22,77.01,33.76,40.36,85
1974-04-26,1.6522,1.6719,1.5573,1.616,93900,48.99,77.01,33.76,35.22,86
1974-05-03,1.616,1.7165,1.5964,1.6549,74000,51.43,77.01,33.76,40.86,87
1974-05-10,1.6522,1.7638,1.6243,1.7277,63300,55.71,77.01,33.76,50.75,88
1974-05-17,1.6801,1.7165,1.6745,1.6745,80300,52.1,77.01,33.76,42.41,89
1974-05-24,1.6745,1.7165,1.6549,1.7024,100200,53.79,77.01,33.76,46.32,90
1974-05-31,1.7053,1.7277,1.6522,1.6772,72200,52.0,77.01,33.76,42.19,91
1974-06-07,1.6772,1.8141,1.6661,1.7777,91200,57.99,77.01,33.76,56.03,92
1974-06-14,1.7777,1.8447,1.7527,1.8058,109400,59.52,77.01,33.76,59.56,93
1974-06-21,1.7947,1.8197,1.7665,1.7918,84600,58.38,77.01,33.76,56.92,94
1974-06-28,1.7918,1.8252,1.7304,1.7415,84300,54.37,77.01,33.76,47.66,95
1974-07-05,1.7415,1.7415,1.6634,1.6634,73500,48.77,77.01,33.76,34.7,96
1974-07-12,1.6634,1.6634,1.5573,1.6131,139100,45.52,77.01,33.76,27.19,97
1974-07-19,1.6466,1.7165,1.616,1.6884,83800,50.8,77.01,33.76,39.41,98
1974-07-26,1.6884,1.7024,1.5852,1.5991,154300,45.2,77.01,33.76,26.45,99
1974-08-02,1.5714,1.5714,1.4568,1.4598,142500,38.13,77.01,33.76,10.11,100
1974-08-09,1.4598,1.5656,1.4568,1.4568,143700,38.0,77.01,33.76,9.8,101
1974-08-16,1.4959,1.4959,1.3396,1.3423,146600,33.08,77.01,33.08,0.0,102
1974-08-23,1.3423,1.3481,1.2977,1.3146,122600,32.01,77.01,32.01,0.0,103
1974-08-30,1.3146,1.4066,1.295,1.4066,160600,39.1,77.01,32.01,15.77,104
1974-09-06,1.4066,1.5238,1.3311,1.4568,132100,42.63,77.01,32.01,23.6,105
1974-09-13,1.4289,1.4345,1.27,1.2753,172500,34.79,77.01,32.01,6.2,106
1974-09-20,1.2782,1.4486,1.2782,1.4374,134200,44.59,77.01,32.01,27.95,107
1974-09-27,1.4374,1.4709,1.2977,1.3035,98700,39.33,77.01,32.01,16.27,108
1974-10-04,1.27,1.32,1.2418,1.2811,175400,38.51,77.01,32.01,14.46,109
1974-10-11,1.2894,1.4205,1.27,1.3981,173900,44.95,77.01,32.01,28.77,110
1974-10-18,1.3981,1.5098,1.3981,1.468,178600,48.42,77.01,32.01,36.49,111
1974-10-25,1.468,1.5656,1.4205,1.4932,140900,49.66,77.01,32.01,39.23,112
1974-11-01,1.4932,1.6495,1.4736,1.5714,130000,53.38,77.01,32.01,47.5,113
1974-11-08,1.5602,1.6661,1.5379,1.6272,110200,55.89,77.01,32.01,53.08,114
1974-11-15,1.6272,1.6495,1.5098,1.5098,132700,49.82,77.01,32.01,39.58,115
1974-11-22,1.4736,1.5491,1.4598,1.535,110400,51.05,77.01,32.01,42.31,116
1974-11-29,1.535,1.5879,1.5182,1.5629,84800,52.44,77.01,32.01,45.4,117
1974-12-06,1.5573,1.5573,1.4345,1.4345,111300,45.97,77.01,32.01,31.03,118
1974-12-13,1.4345,1.4874,1.3843,1.4374,201400,46.13,77.01,32.01,31.39,119
1974-12-20,1.4374,1.4709,1.4205,1.4457,86900,46.62,77.01,32.01,32.48,120
1974-12-27,1.4457,1.4736,1.4345,1.4486,34700,46.81,77.01,32.01,32.89,121
1975-01-03,1.4486,1.535,1.4374,1.5321,56800,51.91,77.01,32.01,44.24,122
1975-01-10,1.5321,1.5517,1.4093,1.4178,132400,45.48,77.01,32.01,29.93,123
1975-01-17,1.4178,1.4374,1.3061,1.3061,158300,40.23,77.01,32.01,18.27,124
1975-01-24,1.3061,1.4568,1.2811,1.4457,155500,48.26,77.01,32.01,36.13,125
1975-01-31,1.4486,1.5098,1.4289,1.4457,187500,48.26,77.01,32.01,36.13,126
1975-02-07,1.4457,1.5602,1.4457,1.5267,193200,52.56,77.01,32.01,45.67,127
1975-02-14,1.5267,1.6384,1.5209,1.6076,147800,56.44,77.01,32.01,54.31,128
1975-02-21,1.6076,1.6913,1.5852,1.6745,129900,59.41,77.01,32.01,60.9,129
1975-02-28,1.6634,1.6884,1.5991,1.6772,178400,59.53,77.01,32.01,61.16,130
1975-03-07,1.6772,1.7554,1.6634,1.7359,235600,62.14,77.01,32.01,66.97,131
1975-03-14,1.7442,1.7777,1.7219,1.7527,121400,62.88,77.01,32.01,68.6,132
1975-03-21,1.7527,1.7777,1.7107,1.7136,107700,59.95,77.01,32.01,62.09,133
1975-03-27,1.6466,1.6549,1.5656,1.5991,615800,52.26,77.01,32.01,45.01,134
1975-04-04,1.5964,1.5991,1.4736,1.4874,245400,46.06,77.01,32.01,31.24,135
1975-04-11,1.4874,1.5602,1.468,1.535,151300,48.85,77.01,32.01,37.42,136
1975-04-18,1.5098,1.5908,1.4874,1.5602,310700,50.31,77.01,32.01,40.68,137
1975-04-25,1.5602,1.5741,1.4848,1.5182,187000,47.86,77.01,32.01,35.22,138
1975-05-02,1.5182,1.5879,1.5098,1.5741,130700,51.26,77.01,32.01,42.79,139
1975-05-09,1.5741,1.6466,1.5741,1.6272,241700,54.32,77.01,32.01,49.59,140
1975-05-16,1.6355,1.7388,1.6355,1.6661,222900,56.47,77.01,32.01,54.37,141
1975-05-23,1.6661,1.7136,1.6466,1.6969,109800,58.16,77.01,32.01,58.11,142
1975-05-30,1.6969,1.7165,1.6857,1.6884,181700,57.5,77.01,32.01,56.65,143
1975-06-06,1.6884,1.6969,1.641,1.6607,95500,55.29,77.01,32.01,51.75,144
1975-06-13,1.6607,1.6634,1.5991,1.6384,154900,53.51,77.01,32.01,47.79,145
1975-06-20,1.6384,1.7165,1.6384,1.7024,133900,57.72,77.01,32.01,57.15,146
1975-06-27,1.7024,1.7277,1.6857,1.7165,115000,58.61,77.01,32.01,59.12,147
1975-07-03,1.7165,1.7665,1.7165,1.7554,95600,61.04,77.01,32.01,64.51,148
1975-07-11,1.7554,1.7665,1.7359,1.7415,67700,59.69,77.01,32.01,61.53,149
1975-07-18,1.7415,1.7638,1.6272,1.6272,229200,49.92,77.01,32.01,39.81,150
1975-07-25,1.6272,1.6384,1.5517,1.5656,153700,45.59,77.01,32.01,30.18,151
1975-08-01,1.5656,1.5767,1.4709,1.4736,144500,40.0,77.01,32.01,17.77,152
1975-08-08,1.4736,1.4848,1.4374,1.4736,112300,40.0,77.01,32.01,17.77,153
1975-08-15,1.4848,1.4986,1.4598,1.4932,150800,41.77,77.01,32.01,21.7,154
1975-08-22,1.4932,1.5071,1.3981,1.4066,101400,36.65,77.01,32.01,10.31,155
1975-08-29,1.4066,1.4374,1.3843,1.4345,108800,39.23,77.01,32.01,16.06,156
1975-09-05,1.4345,1.4374,1.3311,1.3452,112900,34.39,77.01,32.01,5.31,157
1975-09-12,1.3452,1.3452,1.2559,1.27,153400,30.93,77.01,30.93,0.0,158
1975-09-19,1.27,1.3843,1.2588,1.3704,139900,39.66,77.01,30.93,18.95,159
1975-09-26,1.2782,1.2782,1.1025,1.1778,611000,31.45,77.01,30.93,1.13,160
1975-10-03,1.1778,1.1889,1.1275,1.1889,228300,32.33,77.01,30.93,3.02,161
1975-10-10,1.1889,1.2671,1.1498,1.2392,169500,36.27,77.01,30.93,11.57,162
1975-10-17,1.2418,1.3088,1.2418,1.2923,138700,40.23,77.01,30.93,20.17,163
1975-10-24,1.2923,1.3675,1.2782,1.2811,165200,39.67,77.01,30.93,18.96,164
1975-10-31,1.2671,1.295,1.2418,1.2447,164400,37.83,77.01,30.93,14.96,165
1975-11-07,1.2447,1.2588,1.2057,1.2057,157800,35.9,77.01,30.93,10.78,166
1975-11-14,1.2057,1.2559,1.1778,1.2392,255200,38.78,77.01,30.93,17.03,167
1975-11-21,1.2392,1.2811,1.2195,1.228,160100,38.16,77.01,30.93,15.69,168
1975-11-28,1.228,1.2923,1.2195,1.2838,116300,43.03,77.01,30.93,26.26,169
1975-12-05,1.2838,1.2923,1.2057,1.2057,201100,38.47,77.01,30.93,16.35,170
1975-12-12,1.203,1.2168,1.1666,1.1807,204100,37.11,77.01,30.93,13.41,171
1975-12-19,1.1807,1.2057,1.1498,1.1525,294200,35.59,77.01,30.93,10.1,172
1975-12-26,1.1525,1.1889,1.1387,1.1889,144100,39.07,77.01,30.93,17.66,173
1976-01-02,1.1889,1.1918,1.1414,1.1414,136700,36.31,77.01,30.93,11.67,174
1976-01-09,1.1414,1.2057,1.1414,1.1807,366600,40.08,77.01,30.93,19.84,175
1976-01-16,1.1807,1.2057,1.0521,1.0632,453700,33.67,77.01,30.93,5.93,176
1976-01-23,1.0632,1.1666,1.002,1.1525,595300,41.35,77.01,30.93,22.6,177
1976-01-30,1.1778,1.2811,1.1778,1.2811,418300,50.28,77.01,30.93,41.99,178
1976-02-06,1.2811,1.3396,1.2168,1.228,301300,47.09,77.01,30.93,35.06,179
1976-02-13,1.228,1.2588,1.2057,1.2057,210300,45.77,77.01,30.93,32.21,180
1976-02-20,1.2168,1.2588,1.2083,1.2168,185800,46.58,77.01,30.93,33.95,181
1976-02-27,1.2168,1.2195,1.1302,1.1525,324500,42.66,77.01,30.93,25.45,182
1976-03-05,1.1525,1.1889,1.0914,1.0914,270600,39.27,77.01,30.93,18.1,183
1976-03-12,1.0996,1.1302,1.0967,1.119,567300,41.53,77.01,30.93,23.01,184
1976-03-19,1.119,1.1666,1.1137,1.1525,389800,44.24,77.01,30.93,28.88,185
1976-03-26,1.1525,1.2168,1.1414,1.2057,292200,48.32,77.01,30.93,37.74,186
1976-04-02,1.2057,1.228,1.1778,1.1889,256100,47.15,77.01,30.93,35.2,187
1976-04-09,1.1889,1.1945,1.1275,1.1275,265500,43.03,77.01,30.93,26.25,188
1976-04-15,1.1275,1.1498,1.1025,1.1137,178700,42.14,77.01,30.93,24.31,189
1976-04-23,1.1164,1.203,1.1164,1.1807,251900,47.79,77.01,30.93,36.59,190
1976-04-30,1.1807,1.1918,1.1275,1.1302,134800,44.28,77.01,30.93,28.97,191
1976-05-07,1.1302,1.1525,1.1164,1.1302,149200,44.28,77.01,30.93,28.97,192
1976-05-14,1.1666,1.1749,1.1248,1.1302,165600,44.28,77.01,30.93,28.97,193
1976-05-21,1.1275,1.1275,1.1025,1.1137,199400,42.99,77.01,30.93,26.16,194
1976-05-28,1.1137,1.1137,1.0802,1.0996,101300,41.87,77.01,30.93,23.73,195
1976-06-04,1.0967,1.1025,1.0521,1.0632,123200,39.04,77.01,30.93,17.59,196
1976-06-11,1.0632,1.0967,1.0215,1.0914,165000,42.29,77.01,30.93,24.64,197
1976-06-18,1.0967,1.1666,1.0884,1.161,261400,49.47,77.01,30.93,40.23,198
1976-06-25,1.161,1.1778,1.1164,1.1302,145200,46.7,77.01,30.93,34.22,199
1976-07-02,1.1302,1.1889,1.1275,1.161,146900,49.73,77.01,30.93,40.8,200
1976-07-09,1.161,1.1695,1.1137,1.1666,140600,50.28,77.01,30.93,42.0,201
1976-07-16,1.1807,1.2168,1.1807,1.1918,235500,52.8,77.01,30.93,47.47,202
1976-07-23,1.1807,1.186,1.1387,1.1695,135000,50.37,77.01,30.93,42.19,203
1976-07-30,1.1695,1.1778,1.1525,1.1749,78300,50.95,77.01,30.93,43.45,204
1976-08-06,1.1749,1.203,1.1637,1.203,99300,54.01,77.01,30.93,50.1,205
1976-08-13,1.186,1.2142,1.186,1.2083,127800,54.59,77.01,30.93,51.36,206
1976-08-20,1.2083,1.2503,1.2057,1.2142,244800,55.25,77.01,30.93,52.79,207
1976-08-27,1.1889,1.203,1.161,1.203,180600,53.64,77.01,30.93,49.29,208
1976-09-03,1.203,1.2782,1.1918,1.1945,328600,52.39,77.01,30.93,46.57,209
1976-09-10,1.1945,1.2001,1.1443,1.1525,321800,46.59,77.01,30.93,33.99,210
1976-09-17,1.161,1.2168,1.161,1.2083,176300,53.9,77.01,30.93,49.84,211
1976-09-24,1.2083,1.2503,1.2001,1.228,152600,56.17,77.01,30.93,54.77,212
1976-10-01,1.2307,1.2418,1.2253,1.228,125800,56.17,77.01,30.93,54.77,213
1976-10-08,1.228,1.2503,1.2195,1.2336,148800,56.87,77.01,30.93,56.29,214
1976-10-15,1.2336,1.2447,1.2057,1.2083,266500,52.77,77.01,30.93,47.38,215
1976-10-22,1.2083,1.2083,1.161,1.161,159800,46.05,77.01,30.93,32.81,216
1976-10-29,1.161,1.2195,1.161,1.2195,138800,53.86,77.01,30.93,49.77,217
1976-11-05,1.203,1.203,1.1025,1.1052,154300,41.28,77.01,30.93,22.46,218
1976-11-12,1.1052,1.1137,1.0855,1.0855,218500,39.57,77.01,30.93,18.74,219
1976-11-19,1.0855,1.0884,1.055,1.0632,185800,37.66,77.01,30.93,14.6,220
1976-11-26,1.0632,1.0773,1.0215,1.0297,207600,34.93,77.01,30.93,8.68,221
1976-12-03,1.027,1.027,0.9601,0.9991,351500,32.61,77.01,30.93,3.65,222
1976-12-10,1.0132,1.0467,1.0103,1.0382,304100,38.26,77.01,30.93,15.89,223
1976-12-17,1.0382,1.0382,1.0074,1.0074,258700,35.72,77.01,30.93,10.38,224
1976-12-23,1.0074,1.0382,0.9962,1.0297,311200,38.88,77.01,30.93,17.25,225
1976-12-31,1.0297,1.0967,1.027,1.0632,291200,43.39,77.01,30.93,27.03,226
1977-01-07,1.0632,1.0773,1.027,1.0521,246900,42.27,77.01,30.93,24.6,227
1977-01-14,1.0521,1.0605,1.0132,1.0159,136800,38.78,77.01,30.93,17.03,228
1977-01-21,1.0159,1.027,0.9851,0.988,132400,36.29,77.01,30.93,11.63,229
1977-01-28,0.988,0.988,0.9462,0.9516,246100,33.29,77.01,30.93,5.12,230
1977-02-04,0.9516,0.988,0.9404,0.9516,465200,33.29,77.01,30.93,5.12,231
1977-02-11,0.9516,0.9712,0.9377,0.9489,227100,33.06,77.01,30.93,4.61,232
1977-02-18,0.9489,0.9489,0.9239,0.9377,247300,32.05,77.01,30.93,2.43,233
1977-02-25,0.9377,0.9601,0.8931,0.8958,314000,28.53,77.01,28.53,0.0,234
1977-03-04,0.8958,0.9712,0.8958,0.9712,170600,41.07,77.01,28.53,25.87,235
1977-03-11,0.9712,0.9824,0.9404,0.9657,160000,40.5,77.01,28.53,24.7,236
1977-03-18,0.9657,1.0132,0.9627,1.002,177700,45.75,77.01,28.53,35.53,237
1977-03-25,0.9991,1.0103,0.9574,0.9627,158600,41.49,77.01,28.53,26.74,238
1977-04-01,0.9627,0.9739,0.9377,0.9627,111100,41.49,77.01,28.53,26.74,239
1977-04-07,0.9627,0.9657,0.9239,0.9377,113200,38.83,77.01,28.53,21.24,240
1977-04-15,0.9377,0.988,0.9377,0.9739,138900,44.39,77.01,28.53,32.73,241
1977-04-22,0.9739,0.9739,0.8681,0.8708,180300,34.7,77.01,28.53,12.72,242
1977-04-29,0.8708,0.8734,0.8429,0.8484,252400,33.02,77.01,28.53,9.26,243
1977-05-06,0.8484,0.8596,0.8234,0.8317,225800,31.77,77.01,28.53,6.69,244
1977-05-13,0.8288,0.8373,0.8094,0.8205,212300,30.94,77.01,28.53,4.97,245
1977-05-20,0.8205,0.8484,0.8205,0.8234,272700,31.44,77.01,28.53,6.01,246
1977-05-27,0.8234,0.8288,0.8065,0.8123,239100,30.52,77.01,28.53,4.1,247
1977-06-03,0.8123,0.8288,0.8065,0.8176,156900,31.56,77.01,28.53,6.25,248
1977-06-10,0.8176,0.8346,0.8038,0.8288,269600,33.78,77.01,28.53,10.84,249
1977-06-17,0.8288,0.8734,0.8234,0.8734,299000,41.92,77.01,28.53,27.62,250
1977-06-24,0.8734,0.8958,0.8708,0.8734,215400,41.92,77.01,28.53,27.62,251
1977-07-01,0.8734,0.8763,0.8429,0.8458,140600,38.52,77.01,28.53,20.6,252
1977-07-08,0.8458,0.8569,0.8288,0.8511,135200,39.54,77.01,28.53,22.71,253
1977-07-15,0.8511,0.8596,0.8429,0.8569,157000,40.69,77.01,28.53,25.08,254
1977-07-22,0.8569,0.8623,0.8288,0.8317,192400,37.36,77.01,28.53,18.22,255
1977-07-29,0.8288,0.8288,0.7815,0.7926,287800,32.87,77.01,28.53,8.96,256
1977-08-05,0.7926,0.7953,0.7788,0.7953,360600,33.46,77.01,28.53,10.18,257
1977-08-12,0.7926,0.7926,0.773,0.7841,152400,32.19,77.01,28.53,7.56,258
1977-08-19,0.7841,0.8373,0.7841,0.8373,221000,43.23,77.01,28.53,30.34,259
1977-08-26,0.8373,0.8569,0.8176,0.8317,209100,42.45,77.01,28.53,28.72,260
1977-09-02,0.8317,0.8511,0.8317,0.8373,153400,43.55,77.01,28.53,30.99,260
1977-09-09,0.8373,0.8458,0.8123,0.8123,73900,39.88,77.01,28.53,23.41,260
1977-09-16,0.8065,0.8094,0.7926,0.7953,254400,37.56,77.01,28.53,18.63,260
1977-09-23,0.7953,0.7953,0.7283,0.7453,295000,31.71,77.01,28.53,6.57,260
1977-09-30,0.7453,0.7564,0.7395,0.7535,260300,33.55,77.01,28.53,10.36,260
1977-10-07,0.7535,0.787,0.7453,0.7788,258900,38.96,77.01,28.53,21.52,260
1977-10-14,0.773,0.7788,0.7564,0.7591,172100,36.47,77.01,28.53,16.38,260
1977-10-21,0.7591,0.7815,0.7564,0.7618,193200,37.06,77.01,28.53,17.6,260
1977-10-28,0.7618,0.8094,0.7453,0.7926,278400,43.56,77.01,28.53,31.01,260
1977-11-04,0.7926,0.8123,0.7788,0.8038,244000,45.75,77.01,28.53,35.52,260
1977-11-11,0.8065,0.8681,0.8065,0.8681,410500,56.26,77.01,28.53,57.2,260
1977-11-18,0.8681,0.8763,0.8484,0.8681,275700,56.26,77.01,28.53,57.2,260
1977-11-25,0.8681,0.8819,0.8569,0.8734,138000,57.06,77.01,28.53,58.86,260
1977-12-02,0.8734,0.8763,0.8346,0.8458,291900,51.77,77.01,28.53,47.94,260
1977-12-09,0.8458,0.8458,0.7982,0.8373,199100,50.23,77.01,28.53,44.77,260
1977-12-16,0.8346,0.8484,0.8205,0.8317,196300,49.19,77.01,28.53,42.63,260
1977-12-23,0.8288,0.8484,0.8176,0.8458,306000,51.89,77.01,28.53,48.18,260
1977-12-30,0.8458,0.8484,0.8346,0.8458,167400,51.89,77.01,28.53,48.18,260
1978-01-06,0.8458,0.8484,0.8205,0.8288,126500,48.31,77.01,28.53,40.8,260
1978-01-13,0.8288,0.8484,0.8176,0.8458,267600,51.88,77.01,28.53,48.17,260
1978-01-20,0.8429,0.8931,0.8346,0.8734,201600,57.1,77.01,28.53,58.93,260
1978-01-27,0.8734,0.8987,0.8734,0.8875,343800,59.5,77.01,28.53,63.88,260
1978-02-03,0.8875,0.921,0.8846,0.8958,449000,60.88,77.01,28.53,66.74,260
1978-02-10,0.8734,0.9098,0.8734,0.9016,182500,61.87,77.01,28.53,68.78,260
1978-02-17,0.8987,0.9016,0.8623,0.8623,210800,52.26,77.01,28.53,48.95,260
1978-02-24,0.8623,0.8958,0.8569,0.8958,167600,58.22,77.01,28.53,61.24,260
1978-03-03,0.8931,0.8931,0.8708,0.8734,231700,53.43,77.01,28.53,51.37,260
1978-03-10,0.8681,0.8987,0.8623,0.8958,224600,57.22,62.88,28.53,83.52,260
1978-03-17,0.8987,0.9127,0.8958,0.9098,219200,59.46,62.88,28.53,90.04,260
1978-03-23,0.9098,0.9239,0.9069,0.9098,191600,59.46,62.88,28.53,90.04,260
1978-03-31,0.9098,0.9098,0.8987,0.9069,237500,58.72,62.88,28.53,87.9,260
1978-04-07,0.9069,0.921,0.8875,0.9127,207700,59.79,62.88,28.53,91.01,260
1978-04-14,0.9127,0.9574,0.9098,0.9489,331000,65.75,65.75,28.53,100.0,260
1978-04-21,0.9627,0.9909,0.9489,0.9739,498300,69.16,69.16,28.53,100.0,260
1978-04-28,0.9739,1.0132,0.9657,1.0132,482900,73.6,73.6,28.53,100.0,260
1978-05-05,1.0132,1.0409,0.9991,1.0132,417100,73.6,73.6,28.53,100.0,260
1978-05-12,0.988,1.0215,0.9712,1.0215,321800,74.49,74.49,28.53,100.0,260
1978-05-19,1.027,1.0521,0.9991,1.002,273200,68.6,74.49,28.53,87.18,260
1978-05-26,1.0074,1.0355,0.988,0.9909,179900,65.4,74.49,28.53,80.22,260
1978-06-02,0.9909,1.0103,0.9851,1.0074,233800,67.79,74.49,28.53,85.43,260
1978-06-09,1.0103,1.0914,1.0103,1.0632,575800,74.27,74.49,28.53,99.53,260
1978-06-16,1.0632,1.0855,1.0521,1.0605,230100,73.51,74.49,28.53,97.86,260
1978-06-23,1.0521,1.0521,1.0132,1.0382,341100,67.29,74.49,28.53,84.34,260
1978-06-30,1.0382,1.0382,1.0103,1.0297,247300,65.04,74.49,28.53,79.44,260
1978-07-07,1.0297,1.0494,1.0159,1.0467,172700,67.39,74.49,28.53,84.55,260
1978-07-14,1.0467,1.0802,1.0297,1.0661,301300,69.89,74.49,28.53,89.98,260
1978-07-21,1.0717,1.1025,1.0632,1.0717,268700,70.58,74.49,28.53,91.5,260
1978-07-28,1.0717,1.1275,1.0605,1.1275,313900,76.45,76.45,28.53,100.0,260
1978-08-04,1.1302,1.1889,1.1302,1.1525,369700,78.52,78.52,28.53,100.0,260
1978-08-11,1.1302,1.2057,1.1302,1.1778,250300,80.39,80.39,28.53,100.0,260
1978-08-18,1.1807,1.203,1.1778,1.1889,402600,81.17,81.17,28.53,100.0,260
1978-08-25,1.1889,1.1918,1.136,1.1414,222800,68.63,81.17,28.53,76.18,260
1978-09-01,1.1414,1.1414,1.0884,1.1164,324300,63.11,81.17,28.53,65.69,260
1978-09-08,1.1164,1.161,1.1025,1.1443,207000,66.36,81.17,28.53,71.87,260
1978-09-15,1.1443,1.1666,1.0914,1.0914,234500,56.23,81.17,28.53,52.63,260
1978-09-22,1.0914,1.1025,1.027,1.0632,393900,51.72,81.17,28.53,44.05,260
1978-09-29,1.0632,1.0884,1.0521,1.0802,181500,54.11,81.17,28.53,48.6,260
1978-10-06,1.0802,1.0884,1.0717,1.0855,133900,54.87,81.17,28.53,50.05,260
1978-10-13,1.0855,1.1275,1.0802,1.1052,142100,57.65,81.17,28.53,55.32,260
1978-10-20,1.1025,1.1025,0.9909,0.9991,253100,42.47,81.17,28.53,26.49,260
1978-10-27,0.9991,1.0074,0.9377,0.9404,283300,36.71,81.17,28.53,15.54,260
1978-11-03,0.9404,1.027,0.9239,1.0215,308800,47.33,81.17,28.53,35.72,260
1978-11-10,1.0215,1.0244,0.9657,0.988,159000,44.04,81.17,28.53,29.47,260
1978-11-17,0.988,0.9991,0.9489,0.9991,181900,45.4,81.17,28.53,32.06,260
1978-11-24,0.9991,1.0132,0.9601,0.9824,132200,43.69,81.17,28.53,28.79,260
1978-12-01,0.9824,1.0103,0.9489,1.0103,182000,47.27,81.17,28.53,35.6,260
1978-12-08,1.0103,1.0355,0.9991,1.0074,267000,46.93,81.17,28.53,34.96,260
1978-12-15,1.002,1.0215,0.9768,1.0132,276400,47.73,81.17,28.53,36.47,260
1978-12-22,0.9909,1.0632,0.9739,1.0632,319600,54.11,81.17,28.53,48.61,260
1978-12-29,1.0632,1.0773,1.0605,1.0661,128600,54.46,81.17,28.53,49.27,260
1979-01-05,1.0661,1.1137,1.0605,1.1108,170700,59.54,81.17,28.53,58.92,260
1979-01-12,1.1108,1.1248,1.0855,1.1108,301000,59.54,81.17,28.53,58.92,260
1979-01-19,1.1137,1.161,1.1137,1.1164,951300,60.19,81.17,28.53,60.14,260
1979-01-26,1.0996,1.1554,1.0802,1.1525,644500,64.17,81.17,28.53,67.7,260
1979-02-02,1.1525,1.161,1.0802,1.1108,283100,57.07,81.17,28.53,54.23,260
1979-02-09,1.0605,1.1248,1.0521,1.119,563000,58.06,81.17,28.53,56.1,260
1979-02-16,1.119,1.161,1.1164,1.1525,432800,61.89,81.17,28.53,63.38,260
1979-02-23,1.1554,1.1749,1.1052,1.119,167700,56.35,81.17,28.53,52.85,260
1979-03-02,1.119,1.1443,1.1052,1.1414,325000,58.99,81.17,28.53,57.86,260
1979-03-09,1.1498,1.203,1.1498,1.1778,419500,62.92,81.17,28.53,65.33,260
1979-03-16,1.1778,1.2001,1.1778,1.1889,202900,64.05,81.17,28.53,67.49,260
1979-03-23,1.1889,1.2168,1.1778,1.1918,370000,64.36,81.17,28.53,68.07,260
1979-03-30,1.1918,1.2083,1.1807,1.1918,215200,64.36,81.17,28.53,68.07,260
1979-04-06,1.1889,1.2253,1.1695,1.2168,298900,67.16,81.17,28.53,73.38,260
1979-04-12,1.2168,1.2392,1.2057,1.2195,343700,67.45,81.17,28.53,73.94,260
1979-04-20,1.2195,1.2307,1.2057,1.2057,392600,64.24,81.17,28.53,67.85,260
1979-04-27,1.2057,1.2168,1.1918,1.203,316500,63.61,81.17,28.53,66.65,260
1979-05-04,1.203,1.2168,1.186,1.1889,528200,60.27,81.17,28.53,60.3,260
1979-05-11,1.1414,1.1666,1.1302,1.1414,299200,50.59,81.17,28.53,41.91,260
1979-05-18,1.1414,1.1889,1.1387,1.1807,411500,56.77,81.17,28.53,53.65,260
1979-05-25,1.1807,1.2195,1.1807,1.1918,381300,58.36,81.17,28.53,56.68,260
1979-06-01,1.1918,1.1918,1.1666,1.186,177600,57.18,81.17,28.53,54.43,260
1979-06-08,1.186,1.2307,1.1807,1.2168,215900,61.62,81.17,28.53,62.86,260
1979-06-15,1.2168,1.2642,1.2168,1.2559,233600,66.38,81.17,28.53,71.9,260
1979-06-22,1.2559,1.2671,1.2057,1.2168,283500,58.56,81.17,28.53,57.05,260
1979-06-29,1.2168,1.2253,1.1807,1.2001,248800,55.54,81.17,28.53,51.31,260
1979-07-06,1.2001,1.2418,1.1918,1.2336,140000,59.98,81.17,28.53,59.75,260
1979-07-13,1.2336,1.2671,1.228,1.2418,241100,61.02,81.17,28.53,61.72,260
1979-07-20,1.2418,1.2559,1.2057,1.2083,246100,54.83,81.17,28.53,49.96,260
1979-07-27,1.2057,1.253,1.1918,1.2418,289300,59.28,81.17,28.53,58.41,260
1979-08-03,1.2447,1.2642,1.2447,1.2588,232400,61.35,81.17,28.53,62.36,260
1979-08-10,1.2503,1.3088,1.2503,1.3061,407900,66.49,81.17,28.53,72.11,260
1979-08-17,1.3146,1.3396,1.295,1.295,257400,64.32,81.17,28.53,67.99,260
1979-08-24,1.295,1.3173,1.2753,1.2811,257000,61.63,81.17,28.53,62.89,260
1979-08-31,1.2811,1.2894,1.2447,1.2559,530400,56.96,81.17,28.53,54.01,260
1979-09-07,1.2559,1.3088,1.2447,1.3061,301400,62.98,81.17,28.53,65.44,260
1979-09-14,1.3061,1.3423,1.27,1.3285,391400,65.3,81.17,28.53,69.85,260
1979-09-21,1.3285,1.334,1.2894,1.32,315200,63.66,81.17,28.53,66.75,260
1979-09-28,1.32,1.334,1.295,1.3061,244300,60.98,81.17,28.53,61.66,260
1979-10-05,1.3061,1.3646,1.2923,1.3481,263000,65.7,81.17,28.53,70.62,260
1979-10-12,1.3481,1.3564,1.2671,1.2811,304700,54.4,81.17,28.53,49.15,260
1979-10-19,1.2811,1.2894,1.1918,1.1945,433000,43.89,81.17,28.53,29.17,260
1979-10-26,1.1918,1.2418,1.1666,1.2392,370800,49.32,81.17,28.53,39.5,260
1979-11-02,1.2418,1.2977,1.2418,1.2923,273800,54.92,81.17,28.53,50.14,260
1979-11-09,1.295,1.3061,1.2671,1.3061,208700,56.28,81.17,28.53,52.71,260
1979-11-16,1.3061,1.3816,1.3061,1.3787,328800,62.62,81.17,28.53,64.76,260
1979-11-23,1.3787,1.3816,1.3285,1.3704,159200,61.52,81.17,28.53,62.68,260
1979-11-30,1.3843,1.4093,1.3481,1.3481,223200,58.55,81.17,28.53,57.02,260
1979-12-07,1.3481,1.4234,1.3423,1.4039,221700,63.32,81.17,28.53,66.1,260
1979-12-14,1.4039,1.4122,1.3564,1.3646,214300,58.24,81.17,28.53,56.43,260
1979-12-21,1.3646,1.3731,1.32,1.3229,248800,53.33,81.17,28.53,47.12,260
1979-12-28,1.32,1.3423,1.3173,1.3396,159100,54.97,81.17,28.53,50.23,260
1980-01-04,1.334,1.334,1.2642,1.2977,184000,50.21,81.17,28.53,41.19,260
1980-01-11,1.2977,1.4598,1.295,1.3311,383100,53.66,81.17,28.53,47.74,260
1980-01-18,1.3311,1.3396,1.2418,1.2418,582900,44.76,81.17,28.53,30.83,260
1980-01-25,1.253,1.3061,1.253,1.2671,402200,47.41,81.17,28.53,35.87,260
1980-02-01,1.2671,1.2811,1.2559,1.2671,392900,47.41,81.17,28.53,35.87,260
1980-02-08,1.2671,1.2753,1.1918,1.2001,518300,41.3,81.17,28.53,24.27,260
1980-02-15,1.2001,1.27,1.1918,1.2307,453000,44.8,81.17,28.53,30.91,260
1980-02-22,1.2307,1.2392,1.1807,1.2001,246700,42.1,81.17,28.53,25.78,260
1980-02-29,1.2001,1.2001,1.1498,1.1807,378600,40.43,81.17,28.53,22.61,260
1980-03-07,1.1778,1.1778,1.0494,1.0744,556400,32.78,81.17,28.53,8.08,260
1980-03-14,1.0744,1.1248,1.0744,1.1137,256900,37.49,81.17,28.53,17.03,260
1980-03-21,1.1137,1.1498,1.0632,1.0661,291900,34.36,81.17,28.53,11.07,260
1980-03-28,1.0661,1.0884,1.0215,1.0773,423400,35.72,81.17,28.53,13.65,260
1980-04-03,1.0884,1.1749,1.0884,1.1666,433400,45.45,81.17,28.53,32.14,260
1980-04-11,1.1666,1.1666,1.1164,1.1275,309700,42.42,81.17,28.53,26.39,260
1980-04-18,1.1164,1.1275,1.0884,1.0914,200100,39.78,81.17,28.53,21.38,260
1980-04-25,1.0914,1.1443,1.0744,1.1414,191300,44.89,81.17,28.53,31.08,260
1980-05-02,1.1414,1.1525,1.0967,1.0967,226300,41.5,81.17,28.53,24.65,260
1980-05-09,1.0967,1.1749,1.0855,1.1025,325900,42.12,81.17,28.53,25.81,260
1980-05-16,1.1137,1.1164,1.0802,1.1052,622700,42.42,81.17,28.53,26.38,260
1980-05-23,1.1025,1.1275,1.0855,1.119,575600,44.02,81.17,28.53,29.44,260
1980-05-30,1.119,1.136,1.1025,1.1248,438100,44.72,81.17,28.53,30.76,260
1980-06-06,1.1248,1.1695,1.1052,1.1498,660200,47.74,81.17,28.53,36.5,260
1980-06-13,1.1525,1.1945,1.1525,1.1666,392500,49.73,81.17,28.53,40.27,260
1980-06-20,1.1666,1.1695,1.1025,1.1275,495900,45.4,81.17,28.53,32.05,260
1980-06-27,1.1275,1.1414,1.0996,1.1052,698100,43.09,81.17,28.53,27.67,260
1980-07-03,1.1025,1.1443,1.0884,1.1414,359800,47.73,81.17,28.53,36.47,260
1980-07-11,1.1414,1.1443,1.0494,1.1164,460400,45.0,81.17,28.53,31.29,260
1980-07-18,1.1164,1.1807,1.1137,1.1778,615300,52.22,81.17,28.53,45.01,260
1980-07-25,1.1778,1.2418,1.1666,1.2057,621900,55.11,81.17,28.53,50.49,260
1980-08-01,1.2057,1.2142,1.1666,1.2057,713200,55.11,81.17,28.53,50.49,260
1980-08-08,1.2057,1.2894,1.1918,1.2671,562100,61.1,81.17,28.53,61.88,260
1980-08-15,1.2559,1.2894,1.2559,1.2811,411800,62.34,81.17,28.53,64.23,260
1980-08-22,1.2782,1.2782,1.2142,1.2142,819800,53.58,81.17,28.53,47.59,260
1980-08-29,1.2142,1.2418,1.1749,1.1778,397900,49.51,81.17,28.53,39.85,260
1980-09-05,1.1778,1.2057,1.1275,1.1302,585000,44.72,81.17,28.53,30.77,260
1980-09-12,1.1302,1.1525,1.1025,1.1025,1001200,42.17,81.17,28.53,25.91,260
1980-09-19,1.1025,1.228,1.0884,1.2142,1013400,53.66,81.17,28.53,47.75,260
1980-09-26,1.2142,1.228,1.1525,1.1666,480300,49.18,81.17,28.53,39.23,260
1980-10-03,1.1554,1.1889,1.136,1.1778,410700,50.23,81.17,28.53,41.23,260
1980-10-10,1.186,1.2168,1.1554,1.161,439900,48.61,81.17,28.53,38.14,260
1980-10-17,1.161,1.1666,1.1414,1.1414,447600,46.7,81.17,28.53,34.52,260
1980-10-24,1.1414,1.1443,1.1164,1.1275,652600,45.35,81.17,28.53,31.95,260
1980-10-31,1.1275,1.1554,1.1164,1.1443,375600,47.33,81.17,28.53,35.72,260
1980-11-07,1.1525,1.2588,1.1525,1.2559,443800,58.22,81.17,28.53,56.41,260
1980-11-14,1.2559,1.3061,1.2195,1.2811,579900,60.22,81.17,28.53,60.21,260
1980-11-21,1.2811,1.3285,1.2588,1.3173,486500,62.96,81.17,28.53,65.42,260
1980-11-28,1.3173,1.3396,1.2782,1.3396,328000,64.58,81.17,28.53,68.5,260
1980-12-05,1.3396,1.3452,1.295,1.3146,370500,61.35,81.17,28.53,62.34,260
1980-12-12,1.3035,1.3035,1.2083,1.2418,351400,53.01,81.17,28.53,46.51,260
1980-12-19,1.2418,1.32,1.2392,1.32,354100,59.39,81.17,28.53,58.63,260
1980-12-26,1.32,1.3731,1.3088,1.3564,249600,61.98,81.17,28.53,63.55,260
1981-01-02,1.3593,1.4205,1.3593,1.4066,234100,65.27,81.17,28.53,69.8,260
1981-01-09,1.4066,1.4821,1.3173,1.4736,915900,69.11,81.17,28.53,77.09,260
1981-01-16,1.4736,1.4986,1.4039,1.4289,581200,64.03,81.17,28.53,67.44,260
1981-01-23,1.4345,1.4598,1.387,1.3954,389900,60.44,81.17,28.53,60.62,260
1981-01-30,1.3954,1.4093,1.3646,1.3646,197600,57.26,81.17,28.53,54.58,260
1981-02-06,1.3646,1.3787,1.3423,1.3593,337200,56.7,81.17,28.53,53.51,260
1981-02-13,1.3593,1.3954,1.3564,1.387,328000,58.93,81.17,28.53,57.75,260
1981-02-20,1.387,1.4205,1.3843,1.4039,178500,60.28,81.17,28.53,60.32,260
1981-02-27,1.4039,1.4568,1.3928,1.4457,545000,63.46,81.17,28.53,66.37,260
1981-03-06,1.4457,1.4457,1.3843,1.3928,181800,57.21,81.17,28.53,54.48,260
1981-03-13,1.3928,1.4205,1.387,1.4066,289600,58.36,81.17,28.53,56.67,260
1981-03-20,1.4066,1.4457,1.3954,1.4374,309800,60.9,81.17,28.53,61.49,260
1981-03-27,1.4374,1.4374,1.4093,1.4345,277000,60.52,81.17,28.53,60.78,260
1981-04-03,1.4345,1.4539,1.4316,1.4345,314900,60.52,81.17,28.53,60.78,260
1981-04-10,1.4289,1.4848,1.4066,1.4624,358800,63.05,81.17,28.53,65.58,260
1981-04-16,1.4624,1.5015,1.4598,1.4986,206300,66.08,81.17,28.53,71.34,260
1981-04-24,1.5015,1.535,1.4736,1.5015,338500,66.32,81.17,28.53,71.79,260
1981-05-01,1.5071,1.5267,1.4205,1.4428,355300,57.5,81.17,28.53,55.04,260
1981-05-08,1.4428,1.4428,1.3954,1.3981,226500,51.85,81.17,28.53,44.31,260
1981-05-15,1.3843,1.4205,1.3787,1.4093,209000,53.09,81.17,28.53,46.67,260
1981-05-22,1.4093,1.4122,1.3564,1.3843,286000,49.99,81.17,28.53,40.77,260
1981-05-29,1.3843,1.4486,1.3843,1.4428,330800,56.41,81.17,28.53,52.97,260
1981-06-05,1.4457,1.4624,1.4316,1.4568,395500,57.82,81.17,28.53,55.64,260
1981-06-12,1.4568,1.4709,1.4289,1.4598,318700,58.11,81.17,28.53,56.21,260
1981-06-19,1.4598,1.468,1.4345,1.4539,286400,57.24,81.17,28.53,54.54,260
1981-06-26,1.4539,1.4598,1.4122,1.4122,337300,51.26,81.17,28.53,43.18,260
1981-07-02,1.4122,1.4178,1.295,1.3035,357700,39.64,81.17,28.53,21.1,260
1981-07-10,1.3035,1.3173,1.2894,1.3088,360000,40.36,81.17,28.53,22.47,260
1981-07-17,1.3088,1.32,1.27,1.3173,250600,41.54,81.17,28.53,24.72,260
1981-07-24,1.3146,1.3146,1.2418,1.2559,314700,35.97,81.17,28.53,14.14,260
1981-07-31,1.2559,1.2588,1.2168,1.2253,232900,33.56,81.17,28.53,9.55,260
1981-08-07,1.2195,1.2307,1.1807,1.1807,379900,30.35,81.17,28.53,3.47,260
1981-08-14,1.1778,1.2001,1.1498,1.2001,797300,33.34,81.17,28.53,9.13,260
1981-08-21,1.1918,1.2307,1.186,1.2307,255500,37.85,81.17,28.53,17.7,260
1981-08-28,1.2307,1.2336,1.1666,1.1666,411000,32.83,81.17,28.53,8.18,260
1981-09-04,1.1666,1.1807,1.1025,1.1052,445800,28.89,81.17,28.53,0.68,260
1981-09-11,1.1052,1.1248,1.0914,1.1248,346300,31.72,81.17,28.53,6.05,260
1981-09-18,1.1248,1.1275,1.0967,1.1164,280600,31.14,81.17,28.53,4.96,260
1981-09-25,1.1164,1.1248,1.0382,1.0409,313200,26.52,81.17,26.52,0.0,260
1981-10-02,1.0409,1.1164,1.0103,1.0996,628300,34.64,81.17,26.52,14.85,260
1981-10-09,1.0996,1.1275,1.0717,1.1025,824300,35.02,81.17,26.52,15.55,260
1981-10-16,1.1025,1.1137,1.0632,1.0717,396800,32.83,81.17,26.52,11.54,260
1981-10-23,1.0717,1.1108,1.0605,1.1108,361400,38.12,81.17,26.52,21.23,260
1981-10-30,1.1108,1.1889,1.1025,1.1778,517700,45.98,81.17,26.52,35.61,260
1981-11-06,1.1807,1.2142,1.1666,1.2057,319700,48.9,81.17,26.52,40.94,260
1981-11-13,1.2057,1.2057,1.1414,1.1443,273200,43.36,81.17,26.52,30.8,260
1981-11-20,1.1414,1.1525,1.1137,1.1525,250400,44.27,81.17,26.52,32.48,260
1981-11-27,1.1525,1.1778,1.136,1.1695,230600,46.19,81.17,26.52,36.0,260
1981-12-04,1.1695,1.2447,1.1666,1.2418,419200,53.55,81.17,26.52,49.46,260
1981-12-11,1.2418,1.2447,1.2253,1.2336,327500,52.66,81.17,26.52,47.84,260
1981-12-18,1.2253,1.2503,1.203,1.2447,276000,53.78,81.17,26.52,49.87,260
1981-12-24,1.2447,1.2559,1.2307,1.2447,200900,53.78,81.17,26.52,49.87,260
1981-12-31,1.2447,1.2559,1.2253,1.2503,216900,54.4,81.17,26.52,51.01,260
1982-01-08,1.2447,1.2503,1.1722,1.1945,231800,47.52,81.17,26.52,38.42,260
1982-01-15,1.2057,1.2142,1.1722,1.1778,269700,45.65,81.17,26.52,35.01,260
1982-01-22,1.1807,1.2168,1.1554,1.2001,553500,48.55,81.17,26.52,40.31,260
1982-01-29,1.1972,1.2782,1.186,1.2753,433800,56.9,81.17,26.52,55.59,260
1982-02-05,1.2782,1.2923,1.2503,1.2894,313000,58.26,81.17,26.52,58.08,260
1982-02-12,1.27,1.3146,1.2503,1.3117,572300,60.4,81.17,26.52,62.0,260
1982-02-19,1.3088,1.3229,1.3006,1.32,371000,61.2,81.17,26.52,63.45,260
1982-02-26,1.3088,1.334,1.2671,1.2811,736000,55.56,81.17,26.52,53.14,260
1982-03-05,1.2782,1.2811,1.186,1.1918,401400,45.25,81.17,26.52,34.26,260
1982-03-12,1.1889,1.2057,1.161,1.203,525400,46.58,81.17,26.52,36.7,260
1982-03-19,1.2083,1.2195,1.1749,1.2142,520300,47.95,81.17,26.52,39.2,260
1982-03-26,1.2365,1.2894,1.2195,1.2671,377600,53.96,81.17,26.52,50.21,260
1982-04-02,1.2726,1.2923,1.2588,1.2923,232300,56.54,81.17,26.52,54.93,260
1982-04-08,1.295,1.3396,1.2838,1.3258,249000,59.76,81.17,26.52,60.82,260
1982-04-16,1.334,1.4066,1.3117,1.3928,835600,65.3,81.17,26.52,70.96,260
1982-04-23,1.3928,1.4428,1.3758,1.4428,610600,68.76,81.17,26.52,77.29,260
1982-04-30,1.4428,1.4568,1.3843,1.401,697800,63.1,81.17,26.52,66.94,260
1982-05-07,1.4039,1.4263,1.3928,1.4039,505200,63.33,81.17,26.52,67.35,260
1982-05-14,1.3481,1.3593,1.2977,1.3146,1289900,52.65,81.17,26.52,47.82,260
1982-05-21,1.3117,1.3258,1.3061,1.3173,368600,52.91,81.17,26.52,48.29,260
1982-05-28,1.32,1.3452,1.3061,1.3452,789100,55.61,81.17,26.52,53.22,260
1982-06-04,1.3452,1.4039,1.3396,1.3731,544800,58.19,81.17,26.52,57.94,260
1982-06-11,1.3758,1.4178,1.3061,1.334,1536900,53.5,81.17,26.52,49.37,260
1982-06-18,1.3258,1.334,1.2418,1.2588,933500,45.84,81.17,26.52,35.35,260
1982-06-25,1.2753,1.337,1.2559,1.32,643500,51.87,81.17,26.52,46.39,260
1982-07-02,1.334,1.3452,1.2365,1.2476,614900,45.43,81.17,26.52,34.6,260
1982-07-09,1.2476,1.2838,1.2365,1.2642,702400,47.05,81.17,26.52,37.56,260
1982-07-16,1.2615,1.334,1.2195,1.3173,1025000,51.98,81.17,26.52,46.58,260
1982-07-23,1.3285,1.3593,1.2476,1.2503,1168800,46.15,81.17,26.52,35.91,260
1982-07-30,1.2588,1.2642,1.2142,1.2224,611200,43.93,81.17,26.52,31.86,260
1982-08-06,1.2307,1.2447,1.0326,1.0382,2151600,32.77,81.17,26.52,11.43,260
1982-08-13,1.027,1.0802,1.0074,1.0802,673300,36.72,81.17,26.52,18.65,260
1982-08-20,1.094,1.1498,1.027,1.069,1388500,36.11,81.17,26.52,17.54,260
1982-08-27,1.0914,1.1972,1.0661,1.161,1413200,44.28,81.17,26.52,32.5,260
1982-09-03,1.161,1.1807,1.0884,1.1554,1402400,43.92,81.17,26.52,31.83,260
1982-09-10,1.1583,1.1918,1.1443,1.1807,806900,46.09,81.17,26.52,35.81,260
1982-09-17,1.1945,1.2865,1.1666,1.27,1283800,53.04,81.17,26.52,48.52,260
1982-09-24,1.2671,1.2726,1.1889,1.2057,1079100,48.22,81.17,26.52,39.71,260
1982-10-01,1.2112,1.2224,1.1498,1.1722,717100,45.88,81.17,26.52,35.43,260
1982-10-08,1.161,1.27,1.1525,1.2365,1526800,50.81,81.17,26.52,44.45,260
1982-10-15,1.2642,1.334,1.2365,1.2726,1194900,53.39,81.17,26.52,49.16,260
1982-10-22,1.2447,1.3816,1.2168,1.3593,1657600,58.93,81.17,26.52,59.3,260
1982-10-29,1.3396,1.3481,1.2894,1.3035,715100,54.44,81.17,26.52,51.08,260
1982-11-05,1.3508,1.4039,1.32,1.3508,1203700,57.4,81.17,26.52,56.51,260
1982-11-12,1.3481,1.4093,1.3285,1.3758,589000,58.92,81.17,26.52,59.29,260
1982-11-19,1.3535,1.3731,1.3117,1.3396,525400,55.82,81.17,26.52,53.61,260
1982-11-26,1.3311,1.3396,1.2923,1.3006,367500,52.6,81.17,26.52,47.71,260
1982-12-03,1.2923,1.3564,1.2753,1.3035,465200,52.81,81.17,26.52,48.11,260
1982-12-10,1.3061,1.3593,1.2615,1.2642,633900,49.5,81.17,26.52,42.04,260
1982-12-17,1.2503,1.295,1.2365,1.2894,711000,51.6,81.17,26.52,45.89,260
1982-12-23,1.2838,1.3258,1.2503,1.3061,457600,53.0,81.17,26.52,48.45,260
1982-12-31,1.3006,1.3088,1.2782,1.2838,296600,50.89,81.17,26.52,44.58,260
1983-01-07,1.2894,1.362,1.2615,1.32,1311100,54.08,81.17,26.52,50.42,260
1983-01-14,1.3285,1.3954,1.3006,1.3928,1019500,59.75,81.17,26.52,60.8,260
1983-01-21,1.4122,1.4428,1.387,1.3928,598000,59.75,81.17,26.52,60.8,260
1983-01-28,1.3731,1.4457,1.362,1.4178,386700,61.63,81.17,26.52,64.25,260
1983-02-04,1.4093,1.4178,1.3508,1.3787,417600,57.13,81.17,26.52,56.0,260
1983-02-11,1.3758,1.387,1.3258,1.3535,530900,54.36,81.17,26.52,50.95,260
1983-02-18,1.3646,1.401,1.3508,1.3564,388400,54.63,81.17,26.52,51.44,260
1983-02-25,1.3593,1.3646,1.3452,1.3593,418300,54.92,81.17,26.52,51.97,260
1983-03-04,1.362,1.468,1.3564,1.468,983200,64.15,81.17,26.52,68.85,260
1983-03-11,1.4763,1.4874,1.4093,1.4178,606100,58.22,81.17,26.52,58.01,260
1983-03-18,1.4066,1.4374,1.3899,1.4374,387000,59.79,81.17,26.52,60.87,260
1983-03-25,1.4457,1.4568,1.3173,1.362,1591400,51.76,81.17,26.52,46.19,260
1983-03-31,1.3731,1.4093,1.362,1.3675,548200,52.27,81.17,26.52,47.12,260
1983-04-08,1.3675,1.3758,1.3285,1.3564,380200,51.11,81.17,26.52,44.99,260
1983-04-15,1.3675,1.387,1.3481,1.362,751400,51.69,81.17,26.52,46.05,260
1983-04-22,1.3423,1.4316,1.3311,1.4122,987400,56.67,81.17,26.52,55.16,260
1983-04-29,1.4093,1.4598,1.3954,1.4401,674600,59.18,81.17,26.52,59.76,260
1983-05-06,1.4289,1.4736,1.4066,1.4736,657400,62.03,81.17,26.52,64.98,260
1983-05-13,1.4401,1.4457,1.401,1.4178,550600,55.13,81.17,26.52,52.34,260
1983-05-20,1.4093,1.4792,1.3899,1.4651,875700,59.27,81.17,26.52,59.92,260
1983-05-27,1.4513,1.4848,1.4457,1.4709,945400,59.76,81.17,26.52,60.82,260
1983-06-03,1.4598,1.4763,1.4539,1.4598,544800,58.3,81.17,26.52,58.16,260
1983-06-10,1.468,1.5071,1.4316,1.4374,1233200,55.4,81.17,26.52,52.84,260
1983-06-17,1.4401,1.4874,1.4401,1.468,550500,58.45,81.17,26.52,58.43,260
1983-06-24,1.4624,1.4709,1.4234,1.4568,570800,56.92,81.17,26.52,55.63,260
1983-07-01,1.4624,1.4624,1.4151,1.4178,658100,51.81,81.17,26.52,46.27,260
1983-07-08,1.3954,1.4039,1.3675,1.3731,541800,46.65,81.17,26.52,36.83,260
1983-07-15,1.3787,1.3954,1.3535,1.3787,604100,47.35,81.17,26.52,38.12,260
1983-07-22,1.3787,1.4066,1.334,1.3843,736700,48.09,81.17,26.52,39.47,260
1983-07-29,1.3787,1.3954,1.3452,1.3593,476300,45.04,81.17,26.52,33.89,260
1983-08-05,1.3593,1.3954,1.3508,1.3787,557700,47.81,81.17,26.52,38.96,260
1983-08-12,1.3731,1.3816,1.3423,1.3758,478800,47.43,69.11,26.52,49.08,260
1983-08-19,1.3899,1.4178,1.3535,1.362,433400,45.54,69.11,26.52,44.66,260
1983-08-26,1.3675,1.3928,1.3646,1.3816,263200,48.66,69.11,26.52,51.98,260
1983-09-02,1.3787,1.3899,1.3508,1.3704,631100,47.01,69.11,26.52,48.11,260
1983-09-09,1.3954,1.3954,1.3593,1.3843,319300,49.3,69.11,26.52,53.49,260
1983-09-16,1.3899,1.3954,1.3396,1.3564,531300,45.07,69.11,26.52,43.56,260
1983-09-23,1.3508,1.401,1.3423,1.3899,655200,50.55,69.11,26.52,56.43,260
1983-09-30,1.3954,1.401,1.3675,1.387,470700,50.09,69.11,26.52,55.33,260
1983-10-07,1.387,1.4486,1.3787,1.4428,959300,58.09,69.11,26.52,74.13,260
1983-10-14,1.4457,1.468,1.4263,1.4345,621700,56.65,69.11,26.52,70.73,260
1983-10-21,1.4374,1.4428,1.4093,1.4289,528700,55.64,69.11,26.52,68.36,260
1983-10-28,1.4234,1.4874,1.4093,1.4736,547400,61.54,69.11,26.52,82.23,260
1983-11-04,1.4848,1.5267,1.4848,1.5127,555200,65.83,69.11,26.52,92.29,260
1983-11-11,1.4821,1.5182,1.4736,1.5127,663900,65.83,69.11,26.52,92.29,260
1983-11-18,1.5156,1.5156,1.4821,1.5015,645900,63.48,69.11,26.52,86.79,260
1983-11-25,1.5098,1.5156,1.3843,1.401,1189900,47.19,69.11,26.52,48.54,260
1983-12-02,1.401,1.4039,1.3508,1.3508,496700,41.47,69.11,26.52,35.09,260
1983-12-09,1.3508,1.3593,1.2865,1.295,966600,36.21,69.11,26.52,22.74,260
1983-12-16,1.295,1.3311,1.295,1.3035,1018800,37.5,69.11,26.52,25.78,260
1983-12-23,1.3035,1.3173,1.2894,1.2977,1336500,36.95,69.11,26.52,24.48,260
1983-12-30,1.295,1.3035,1.2671,1.2923,633600,36.42,69.11,26.52,23.23,260
1984-01-06,1.2977,1.3535,1.2977,1.3508,678700,45.66,69.11,26.52,44.93,260
1984-01-13,1.3508,1.3787,1.3423,1.3481,959400,45.33,69.11,26.52,44.17,260
1984-01-20,1.3508,1.3704,1.3452,1.3564,897000,46.59,69.11,26.52,47.13,260
1984-01-27,1.3593,1.401,1.3593,1.3843,730600,50.73,69.11,26.52,56.85,260
1984-02-03,1.3787,1.4066,1.3704,1.3928,802000,51.95,69.11,26.52,59.71,260
1984-02-10,1.3816,1.3928,1.3481,1.3843,1007700,50.6,69.11,26.52,56.54,260
1984-02-17,1.387,1.4568,1.3843,1.4513,849700,59.53,69.11,26.52,77.51,260
1984-02-24,1.4457,1.4598,1.401,1.4513,582400,59.53,69.11,26.52,77.51,260
1984-03-02,1.4513,1.4568,1.4066,1.4457,445500,58.51,69.11,26.52,75.11,260
1984-03-09,1.4457,1.4598,1.3981,1.401,339200,50.97,69.11,26.52,57.41,260
1984-03-16,1.3981,1.4345,1.3981,1.4205,337600,53.76,69.11,26.52,63.96,260
1984-03-23,1.4151,1.4151,1.3646,1.3758,290900,47.12,69.11,26.52,48.36,260
1984-03-30,1.3787,1.4178,1.3646,1.3954,329400,50.04,69.11,26.52,55.23,260
1984-04-06,1.387,1.4624,1.3843,1.4122,487700,52.46,69.11,26.52,60.9,260
1984-04-13,1.4178,1.4568,1.4122,1.4457,539700,56.94,69.11,26.52,71.42,260
1984-04-19,1.4486,1.4763,1.4151,1.4486,637600,57.31,69.11,26.52,72.3,260
1984-04-27,1.4457,1.4486,1.3954,1.401,583100,49.67,69.11,26.52,54.36,260
1984-05-04,1.3954,1.4205,1.3731,1.3758,618100,46.16,69.11,26.52,46.1,260
1984-05-11,1.3731,1.4205,1.3731,1.3981,511000,49.56,69.11,26.52,54.09,260
1984-05-18,1.3787,1.401,1.3508,1.3646,412300,44.97,69.11,26.52,43.31,260
1984-05-25,1.362,1.3731,1.2838,1.295,551000,37.24,69.11,26.52,25.16,260
1984-06-01,1.3006,1.3258,1.2642,1.3173,366700,40.75,69.11,26.52,33.42,260
1984-06-08,1.3229,1.3928,1.32,1.3928,587500,50.79,69.11,26.52,56.97,260
1984-06-15,1.387,1.3954,1.3731,1.3816,663800,49.45,69.11,26.52,53.84,260
1984-06-22,1.3758,1.4289,1.3758,1.4234,978000,54.29,69.11,26.52,65.19,260
1984-06-29,1.4234,1.4234,1.3396,1.3535,484400,46.3,69.11,26.52,46.44,260
1984-07-06,1.3396,1.3593,1.3311,1.3452,408100,45.45,69.11,26.52,44.45,260
1984-07-13,1.3452,1.3508,1.2923,1.2977,837900,40.8,69.11,26.52,33.53,260
1984-07-20,1.3006,1.3229,1.2057,1.2057,1449300,33.64,69.11,26.52,16.7,260
1984-07-27,1.1918,1.2224,1.1833,1.2168,628700,35.13,69.11,26.52,20.2,260
1984-08-03,1.2168,1.3173,1.2142,1.3173,784700,46.71,69.11,26.52,47.41,260
1984-08-10,1.3173,1.3229,1.2559,1.2671,827800,42.62,69.11,26.52,37.79,260
1984-08-17,1.2753,1.2977,1.2559,1.2977,393300,45.74,69.11,26.52,45.12,260
1984-08-24,1.2923,1.2923,1.2726,1.2811,606300,44.33,69.11,26.52,41.82,260
1984-08-31,1.2811,1.295,1.2559,1.295,324200,45.83,69.11,26.52,45.34,260
1984-09-07,1.2894,1.2923,1.2615,1.2726,226300,43.79,69.11,26.52,40.53,260
1984-09-14,1.2671,1.2865,1.2503,1.27,638700,43.53,69.11,26.52,39.94,260
1984-09-21,1.2671,1.2753,1.2447,1.2476,657100,41.4,69.11,26.52,34.93,260
1984-09-28,1.2503,1.2671,1.2253,1.2615,1083500,43.26,69.11,26.52,39.29,260
1984-10-05,1.2671,1.295,1.2588,1.2782,987100,45.51,69.11,26.52,44.57,260
1984-10-12,1.2811,1.3035,1.2671,1.2977,380800,48.08,69.11,26.52,50.61,260
1984-10-19,1.2977,1.3564,1.295,1.3396,791600,53.22,69.11,26.52,62.68,260
1984-10-26,1.3396,1.3535,1.337,1.3452,468200,53.87,69.11,26.52,64.21,260
1984-11-02,1.3423,1.3899,1.3423,1.3843,371700,58.27,69.11,26.52,74.54,260
1984-11-09,1.3816,1.4122,1.3787,1.3981,691000,59.73,69.11,26.52,77.97,260
1984-11-16,1.4039,1.4039,1.3899,1.3928,395400,58.87,69.11,26.52,75.95,260
1984-11-23,1.3981,1.401,1.3564,1.3816,397100,57.02,69.11,26.52,71.62,260
1984-11-30,1.3731,1.4234,1.3731,1.4151,977900,60.97,69.11,26.52,80.9,260
1984-12-07,1.4151,1.4316,1.4039,1.4234,731700,61.9,69.11,26.52,83.08,260
1984-12-14,1.4234,1.4624,1.4234,1.4539,674900,65.21,69.11,26.52,90.84,260
1984-12-21,1.4539,1.5098,1.4539,1.4598,1087500,65.82,69.11,26.52,92.27,260
1984-12-28,1.4624,1.4763,1.4513,1.4513,160100,64.06,69.11,26.52,88.14,260
1985-01-04,1.4598,1.4874,1.4374,1.4513,266400,64.06,69.11,26.52,88.14,260
1985-01-11,1.4513,1.4709,1.4457,1.4568,275600,64.78,69.11,26.52,89.83,260
1985-01-18,1.4598,1.5015,1.4513,1.4986,451400,69.66,69.66,26.52,100.0,260
1985-01-25,1.5015,1.5908,1.4903,1.5321,918900,72.9,72.9,26.52,100.0,260
1985-02-01,1.5406,1.6243,1.5294,1.6076,982400,78.48,78.48,26.52,100.0,260
1985-02-08,1.6076,1.6913,1.602,1.6272,848400,79.66,79.66,26.52,100.0,260
1985-02-15,1.6299,1.6578,1.6131,1.6187,582400,77.68,79.66,26.52,96.29,260
1985-02-22,1.6187,1.7053,1.616,1.6969,541100,82.08,82.08,26.52,100.0,260
1985-03-01,1.6969,1.7415,1.6326,1.7415,1383000,84.02,84.02,26.52,100.0,260
1985-03-08,1.7415,1.7638,1.7304,1.7415,1179600,84.02,84.02,26.52,100.0,260
1985-03-15,1.7442,1.775,1.7248,1.7248,1436900,80.25,84.02,26.52,93.43,260
1985-03-22,1.7248,1.7388,1.7024,1.7053,608700,75.98,84.02,26.52,86.01,260
1985-03-29,1.7053,1.7388,1.6995,1.7359,748800,77.97,84.02,26.52,89.47,260
1985-04-04,1.7415,1.7612,1.7192,1.7248,373600,75.51,84.02,26.52,85.2,260
1985-04-12,1.7219,1.7415,1.7053,1.7388,439000,76.52,84.02,26.52,86.94,260
1985-04-19,1.7415,1.7918,1.7415,1.7806,588000,79.23,84.02,26.52,91.67,260
1985-04-26,1.7777,1.7806,1.6857,1.7388,845700,70.45,84.02,26.52,76.39,260
1985-05-03,1.7415,1.75,1.6745,1.7277,426600,68.27,84.02,26.52,72.6,260
1985-05-10,1.7277,1.7723,1.7219,1.7527,317600,70.47,84.02,26.52,76.44,260
1985-05-17,1.7612,1.8029,1.7442,1.8029,409000,74.33,84.02,26.52,83.14,260
1985-05-24,1.8085,1.884,1.8058,1.884,706600,79.08,84.02,26.52,91.4,260
1985-05-31,1.8922,1.9201,1.8893,1.909,375700,80.29,84.02,26.52,93.51,260
1985-06-07,1.9146,2.0179,1.9063,1.9983,826300,83.88,84.02,26.52,99.75,260
1985-06-14,1.976,1.9786,1.8699,1.8866,544000,67.36,84.02,26.52,71.03,260
1985-06-21,1.884,1.9398,1.8782,1.9117,606500,68.84,84.02,26.52,73.6,260
1985-06-28,1.9063,1.9369,1.8978,1.9313,397400,69.99,84.02,26.52,75.6,260
1985-07-05,1.934,1.9398,1.9117,1.9228,251900,68.81,84.02,26.52,73.55,260
1985-07-12,1.9286,2.001,1.9201,1.9927,427200,72.88,84.02,26.52,80.62,260
1985-07-19,1.9983,2.0039,1.9146,1.9704,600900,69.75,84.02,26.52,75.18,260
1985-07-26,1.9675,1.9871,1.8866,1.9201,379300,63.18,84.02,26.52,63.75,260
1985-08-02,1.9146,1.9175,1.8728,1.8922,684500,59.81,84.02,26.52,57.89,260
1985-08-09,1.8978,1.9034,1.8085,1.8532,1558400,55.36,84.02,26.52,50.14,260
1985-08-16,1.8532,1.9536,1.842,1.9286,1287900,61.34,84.02,26.52,60.56,260
1985-08-23,1.934,1.9648,1.9201,1.9286,983500,61.34,84.02,26.52,60.56,260
1985-08-30,1.9228,1.9509,1.909,1.934,443300,61.76,84.02,26.52,61.29,260
1985-09-06,1.9286,1.948,1.9286,1.9369,195800,62.01,84.02,26.52,61.71,260
1985-09-13,1.9398,1.9398,1.8532,1.8699,319300,53.58,84.02,26.52,47.05,260
1985-09-20,1.8699,1.9369,1.8643,1.9175,377800,57.95,84.02,26.52,54.65,260
1985-09-26,1.948,1.9648,1.909,1.9257,223500,58.68,84.02,26.52,55.92,260
1985-10-04,1.9369,1.9956,1.9175,1.9956,569500,64.3,84.02,26.52,65.71,260
1985-10-11,1.976,1.9898,1.9369,1.976,519300,61.76,84.02,26.52,61.28,260
1985-10-18,1.976,2.0233,1.9704,2.0094,440200,64.35,84.02,26.52,65.79,260
1985-10-25,2.0094,2.0764,1.9983,2.0514,524700,67.34,84.02,26.52,70.98,260
1985-11-01,2.0485,2.1155,2.0318,2.1155,735400,71.29,84.02,26.52,77.86,260
1985-11-08,2.1099,2.1378,2.0903,2.1238,480000,71.77,84.02,26.52,78.69,260
1985-11-15,2.1349,2.2383,2.1322,2.1992,603200,75.72,84.02,26.52,85.56,260
1985-11-22,2.1965,2.2354,2.1854,2.216,670600,76.5,84.02,26.52,86.92,260
1985-11-29,2.23,2.3499,2.2131,2.3164,454900,80.57,84.02,26.52,93.99,260
1985-12-06,2.3135,2.3499,2.2439,2.3109,676000,79.74,84.02,26.52,92.55,260
1985-12-13,2.3164,2.4448,2.3164,2.431,882100,83.63,84.02,26.52,99.31,260
1985-12-20,2.4504,2.4727,2.389,2.4113,943400,80.89,84.02,26.52,94.56,260
1985-12-27,2.4058,2.4363,2.3752,2.4337,268800,81.63,84.02,26.52,95.84,260
1986-01-03,2.4448,2.498,2.4363,2.4448,340600,82.0,84.02,26.52,96.48,260
1986-01-10,2.4504,2.5341,2.389,2.3946,978900,74.66,84.02,26.52,83.72,260
1986-01-17,2.3917,2.4029,2.3109,2.3444,808100,68.1,84.02,26.52,72.3,260
1986-01-24,2.3444,2.3444,2.2439,2.3109,378900,64.05,84.02,26.52,65.27,260
1986-01-31,2.322,2.4337,2.2912,2.4337,677600,70.88,84.02,26.52,77.14,260
1986-02-07,2.4337,2.5788,2.3667,2.439,1287900,71.14,84.02,26.52,77.59,260
1986-02-14,2.4953,2.5453,2.406,2.5283,797600,75.09,84.02,26.52,84.47,260
1986-02-21,2.5399,2.573,2.4895,2.523,793200,74.43,84.02,26.52,83.32,260
1986-02-28,2.523,2.6904,2.4895,2.6793,1600100,79.96,84.02,26.52,92.93,260
1986-03-07,2.6793,2.6846,2.4837,2.5565,1554400,67.6,84.02,26.52,71.44,260
1986-03-14,2.5453,2.7239,2.5176,2.6739,1417500,72.05,84.02,26.52,79.18,260
1986-03-21,2.6793,3.1758,2.6176,3.0477,4797500,80.99,84.02,26.52,94.73,260
1986-03-27,3.1258,3.4049,3.07,3.3714,2778700,85.36,85.36,26.52,100.0,260
1986-04-04,3.3768,3.3937,3.0758,3.1088,2617800,71.09,85.36,26.52,75.74,260
1986-04-11,3.0923,3.2039,3.0642,3.0811,2254600,69.76,85.36,26.52,73.49,260
1986-04-18,3.0588,3.3267,3.0535,3.2598,1670600,73.23,85.36,26.52,79.38,260
1986-04-25,3.2598,3.3044,3.0981,3.1204,1535900,66.8,85.36,26.52,68.45,260
1986-05-02,3.1204,3.1258,2.9642,3.0365,1249300,63.2,85.36,26.52,62.32,260
1986-05-09,3.0365,3.2321,2.9865,3.1535,1287900,65.95,85.36,26.52,67.01,260
1986-05-16,3.1428,3.1651,3.0311,3.1204,1195400,64.48,85.36,26.52,64.51,260
1986-05-23,3.137,3.1874,3.0311,3.1312,1563600,64.76,85.36,26.52,64.98,260
1986-05-30,3.1593,3.4719,3.1593,3.3826,1562300,70.51,85.36,26.52,74.75,260
1986-06-06,3.3602,3.5165,3.2767,3.4437,1455100,71.72,85.36,26.52,76.8,260
1986-06-13,3.4384,3.6447,3.3156,3.6116,2073600,74.77,85.36,26.52,82.0,260
1986-06-20,3.6116,3.6116,3.4437,3.4942,1770400,69.14,85.36,26.52,72.43,260
1986-06-27,3.5165,3.6282,3.5054,3.5554,1565700,70.39,85.36,26.52,74.56,260
1986-07-03,3.567,3.7286,3.5612,3.6728,1265800,72.68,85.36,26.52,78.45,260
1986-07-11,3.6617,3.6617,3.3991,3.4272,1617000,61.91,85.36,26.52,60.13,260
1986-07-18,3.3937,3.433,3.2374,3.4161,1998100,61.46,85.36,26.52,59.37,260
1986-07-25,3.4107,3.5723,3.3937,3.4554,1407700,62.48,85.36,26.52,61.11,260
1986-08-01,3.4384,3.4495,3.2991,3.3156,1241000,56.71,85.36,26.52,51.3,260
1986-08-08,3.2598,3.366,3.2544,3.3379,1020700,57.39,85.36,26.52,52.45,260
1986-08-15,3.3937,3.617,3.3214,3.5777,1498300,63.92,85.36,26.52,63.55,260
1986-08-22,3.5893,3.6786,3.5277,3.5835,933600,64.06,85.36,26.52,63.8,260
1986-08-29,3.5723,3.5835,3.4495,3.4777,894000,59.42,85.36,26.52,55.9,260
1986-09-05,3.4777,3.4777,3.2821,3.3044,1086800,52.69,85.36,26.52,44.46,260
1986-09-12,3.2709,3.2821,2.8579,2.8856,2715200,40.68,85.36,26.52,24.06,260
1986-09-19,2.9302,3.0142,2.8748,2.9695,1768200,43.46,85.36,32.77,20.33,260
1986-09-26,2.9807,3.137,2.936,2.9642,1434300,43.32,85.36,32.77,20.07,260
1986-10-03,2.9195,3.1088,2.8856,3.0865,1280100,47.47,85.36,32.77,27.95,260
1986-10-10,3.0865,3.1928,3.0253,3.0642,1023500,46.8,85.36,32.77,26.68,260
1986-10-17,3.0588,3.1651,3.0142,3.0981,699700,48.01,85.36,32.77,28.97,260
1986-10-24,3.0642,3.1258,3.0195,3.1258,1265300,49.02,85.36,32.77,30.9,260
1986-10-31,3.1258,3.3491,3.1258,3.3379,1254900,56.1,85.36,32.77,44.36,260
1986-11-07,3.3044,3.3768,3.2598,3.3321,1540100,55.87,85.36,32.77,43.92,260
1986-11-14,3.3044,3.3937,3.2598,3.3044,786400,54.72,85.36,32.77,41.74,260
1986-11-21,3.2821,3.3602,3.1705,3.3602,1072900,56.65,85.36,32.77,45.41,260
1986-11-28,3.3491,3.4049,3.3156,3.3544,1340500,56.38,85.36,32.77,44.9,260
1986-12-05,3.3098,3.5054,3.2821,3.3826,1356700,57.44,85.36,32.77,46.91,260
1986-12-12,3.3768,3.4437,3.3267,3.3826,866000,57.44,85.36,32.77,46.91,260
1986-12-19,3.3544,3.3937,3.2875,3.3602,1418700,56.19,85.36,32.77,44.53,260
1986-12-26,3.3321,3.366,3.2821,3.3602,1162500,56.19,85.36,32.77,44.53,260
1987-01-02,3.3884,3.3884,3.2767,3.3156,1007000,53.49,85.36,32.77,39.39,260
1987-01-09,3.3267,3.6282,3.3267,3.5723,2624700,64.16,85.36,32.77,59.68,260
1987-01-16,3.5893,3.7063,3.5612,3.6563,2792700,66.84,85.36,32.77,64.78,260
1987-01-23,3.634,3.9296,3.5835,3.7233,2452400,68.84,85.36,32.77,68.58,260
1987-01-30,3.734,3.9631,3.684,3.8626,1985500,72.55,85.36,32.77,75.64,260
1987-02-06,3.8626,3.9742,3.8233,3.8626,1766900,72.55,85.36,32.77,75.64,260
1987-02-13,3.7956,3.9184,3.6893,3.868,1696700,72.7,85.36,32.77,75.92,260
1987-02-20,3.9073,4.0301,3.9073,3.9796,1552300,75.59,85.36,32.77,81.42,260
1987-02-27,4.0077,4.2645,3.8849,4.2145,2189000,80.32,85.36,32.77,90.4,260
1987-03-06,4.2029,4.5101,4.1975,4.4601,2915500,83.84,85.36,32.77,97.1,260
1987-03-13,4.3538,4.4154,4.1863,4.2029,1798500,69.76,85.36,32.77,70.33,260
1987-03-20,4.1921,4.3261,4.1194,4.2422,1885300,70.57,85.36,32.77,71.87,260
1987-03-27,4.2591,4.4543,4.2252,4.2422,2369100,70.57,85.36,32.77,71.87,260
1987-04-03,4.0189,4.3873,3.9912,4.3315,3361800,72.52,85.36,32.77,75.58,260
1987-04-10,4.4096,4.4208,4.1359,4.1529,2256900,63.47,85.36,32.77,58.37,260
1987-04-16,4.1305,4.1417,3.8961,4.0412,1801400,58.55,85.36,32.77,49.02,260
1987-04-24,4.0412,4.1359,3.9073,3.9631,1742400,55.32,85.36,32.77,42.88,260
1987-05-01,3.9296,4.1082,3.8233,4.1082,2369300,59.76,85.36,32.77,51.32,260
1987-05-08,4.097,4.3484,4.0466,4.0689,1980600,58.08,85.36,32.77,48.12,260
1987-05-15,3.868,4.1305,3.8456,3.8626,2046100,50.1,85.36,32.77,32.95,260
1987-05-22,3.7956,3.8456,3.6893,3.7563,2001600,46.55,85.36,32.77,26.2,260
1987-05-29,3.8233,3.9689,3.7845,3.9296,1109500,52.46,85.36,32.77,37.44,260
1987-06-05,3.9854,4.1252,3.9573,3.9854,1427600,54.22,85.36,32.77,40.78,260
1987-06-12,3.9854,4.2145,3.9742,4.1863,1267200,59.95,85.36,32.77,51.69,260
1987-06-19,4.1863,4.1975,4.0859,4.1194,961900,57.37,85.36,32.77,46.78,260
1987-06-26,4.1359,4.2198,4.1082,4.2198,1238800,60.14,85.36,32.77,52.05,260
1987-07-02,4.2422,4.2815,4.1417,4.2087,1490000,59.68,85.36,32.77,51.17,260
1987-07-10,4.2087,4.2815,4.1529,4.1582,1434600,57.52,85.36,32.77,47.06,260
1987-07-17,4.1136,4.1975,4.0189,4.1698,1729200,57.9,85.36,32.77,47.78,260
1987-07-24,4.164,4.1921,3.9796,4.1028,1000300,54.87,85.36,32.77,42.01,260
1987-07-31,4.0805,4.2868,4.0635,4.2868,1458000,60.92,85.36,33.64,52.74,260
1987-08-07,4.1752,4.4038,4.1475,4.3815,2201700,63.62,85.36,33.64,57.97,260
1987-08-14,4.4208,4.5882,4.3484,4.5494,2462200,67.87,85.36,33.64,66.18,260
1987-08-21,4.5601,4.594,4.4208,4.4931,1402700,65.12,85.36,33.64,60.87,260
1987-08-28,4.5101,4.5659,4.3145,4.3145,1058300,57.22,85.36,33.64,45.59,260
1987-09-04,4.2757,4.4654,4.1582,4.1698,1584900,51.74,85.36,33.64,35.0,260
1987-09-11,4.1582,4.6552,4.0359,4.6552,2457200,64.14,85.36,33.64,58.98,260
1987-09-18,4.8003,4.8115,4.4208,4.4319,2828800,56.9,85.36,33.64,44.97,260
1987-09-25,4.4485,4.4543,4.2029,4.3261,2799900,53.8,85.36,33.64,38.98,260
1987-10-02,4.4096,4.4878,4.2533,4.4654,1830400,57.11,85.36,33.64,45.38,260
1987-10-09,4.4878,4.5154,4.1417,4.1698,1572800,49.07,85.36,33.64,29.83,260
1987-10-16,4.1475,4.1921,3.5723,3.634,2572000,38.49,85.36,33.64,9.38,260
1987-10-23,3.1705,3.3937,2.5788,3.1651,5738800,31.99,85.36,31.99,0.0,260
1987-10-30,3.0365,3.5389,2.9025,3.4384,2572700,38.51,85.36,31.99,12.21,260
1987-11-06,3.433,3.5165,3.2821,3.3884,1562100,37.79,85.36,31.99,10.88,260
1987-11-13,3.3601,3.3601,3.0791,3.1241,1752600,34.19,85.36,31.99,4.12,260
1987-11-20,3.1803,3.214,3.0512,3.1128,1498500,34.04,85.36,31.99,3.84,260
1987-11-27,3.0791,3.2364,3.0737,3.1465,710100,34.95,85.36,31.99,5.55,260
1987-12-04,3.0342,3.0737,2.7982,2.804,1668300,30.35,85.36,30.35,0.0,260
1987-12-11,2.849,3.1861,2.8319,3.0791,1238800,37.47,85.36,30.35,12.95,260
1987-12-18,3.1241,3.3209,3.1241,3.3209,1718300,42.99,85.36,30.35,22.98,260
1987-12-24,3.3209,3.596,3.3039,3.4949,1361500,46.64,85.36,30.35,29.61,260
1987-12-31,3.3713,3.5736,3.3601,3.5061,1425800,46.88,85.36,30.35,30.04,260
1988-01-08,3.5174,3.6972,3.5061,3.5061,2086200,46.88,85.36,30.35,30.04,260
1988-01-15,3.5061,3.5736,3.4162,3.5232,1879100,47.29,85.36,30.35,30.79,260
1988-01-22,3.5399,3.5565,3.3542,3.4387,1423400,45.41,85.36,30.35,27.38,260
1988-01-29,3.4949,3.5286,3.3992,3.4387,1114600,45.41,85.36,30.35,27.38,260
1988-02-05,3.4387,3.4387,3.1803,3.2418,1137800,41.01,85.36,30.35,19.39,260
1988-02-12,3.231,3.5057,3.1861,3.4431,1037400,46.7,85.36,30.35,29.72,260
1988-02-19,3.4431,3.5057,3.3639,3.4377,695300,46.57,85.36,30.35,29.48,260
1988-02-26,3.4885,3.6298,3.4658,3.5283,1495600,49.12,85.36,30.35,34.12,260
1988-03-04,3.5564,3.5845,3.4545,3.483,1117100,47.89,85.36,30.35,31.88,260
1988-03-11,3.4712,3.613,3.4545,3.5618,1463800,50.23,85.36,30.35,36.13,260
1988-03-18,3.6017,3.8509,3.5904,3.8337,2862200,57.33,85.36,30.35,49.05,260
1988-03-25,3.8735,3.9642,3.7775,3.8849,3060400,58.54,85.36,30.35,51.24,260
1988-03-31,3.7376,3.8908,3.7376,3.8056,1273500,55.91,85.36,30.35,46.46,260
1988-04-08,3.7716,3.7884,3.6583,3.7716,2074200,54.78,85.36,30.35,44.4,260
1988-04-15,3.7716,3.7716,3.4658,3.5283,2037400,47.37,85.36,30.35,30.94,260
1988-04-22,3.5111,3.6583,3.4771,3.5451,2020700,47.89,85.36,30.35,31.89,260
1988-04-29,3.6017,3.715,3.5963,3.6244,1832500,50.4,85.36,30.35,36.45,260
1988-05-06,3.613,3.6416,3.5736,3.5791,1139400,48.95,85.36,30.35,33.81,260
1988-05-13,3.5774,3.5829,3.4003,3.4345,1333200,44.55,85.36,30.35,25.81,260
1988-05-20,3.4286,3.4743,3.2807,3.383,1087500,43.06,85.36,30.35,23.1,260
1988-05-27,3.3661,3.5601,3.3319,3.5546,1429700,49.15,85.36,30.35,34.17,260
1988-06-03,3.5884,3.7997,3.5774,3.7997,1858500,56.33,85.36,30.35,47.23,260
1988-06-10,3.7883,3.8796,3.7372,3.8453,1199700,57.54,85.36,30.35,49.42,260
1988-06-17,3.8567,3.8796,3.7025,3.7654,1377300,54.7,85.36,30.35,44.26,260
1988-06-24,3.7426,3.8567,3.6742,3.8225,1002700,56.35,85.36,30.35,47.27,260
1988-07-01,3.8166,3.885,3.7143,3.8567,1305200,57.36,85.36,30.35,49.1,260
1988-07-08,3.8567,3.9024,3.8166,3.8225,924900,55.97,85.36,30.35,46.57,260
1988-07-15,3.8225,3.8796,3.7769,3.8741,837400,57.64,85.36,30.35,49.6,260
1988-07-22,3.8622,3.8681,3.7143,3.7198,1010800,51.37,85.36,30.35,38.21,260
1988-07-29,3.7198,3.8622,3.6687,3.8225,1128600,54.89,85.36,30.35,44.6,260
1988-08-05,3.8225,3.9197,3.8056,3.8453,981500,55.65,85.36,30.35,46.0,260
1988-08-12,3.8453,3.885,3.705,3.705,849000,50.02,85.36,30.35,35.76,260
1988-08-19,3.705,3.8948,3.6995,3.8833,950300,56.1,85.36,30.35,46.81,260
1988-08-26,3.8604,3.8718,3.7859,3.8429,1055700,54.48,85.36,30.35,43.87,260
1988-09-02,3.8374,3.8948,3.751,3.8604,846500,55.09,85.36,30.35,44.96,260
1988-09-09,3.8548,4.0212,3.8489,3.9982,1223300,59.63,85.36,30.35,53.23,260
1988-09-16,4.0097,4.0267,3.9348,4.0267,1110100,60.52,85.36,30.35,54.84,260
1988-09-23,4.0267,4.1306,3.9578,4.1131,941300,63.17,85.36,30.35,59.66,260
1988-09-30,4.1016,4.1246,4.0037,4.0442,928400,59.73,85.36,30.35,53.4,260
1988-10-07,4.0442,4.1591,3.9927,4.1476,1398000,62.99,85.36,30.35,59.33,260
1988-10-14,4.1361,4.2165,4.1131,4.1995,1166100,64.54,85.36,30.35,62.15,260
1988-10-21,4.182,4.1935,4.0327,4.1306,1252300,60.89,85.36,30.35,55.51,260
1988-10-28,4.1306,4.1876,4.1016,4.1131,787700,59.96,85.36,30.35,53.83,260
1988-11-04,4.1131,4.1591,4.0327,4.0901,1024800,58.7,85.36,30.35,51.53,260
1988-11-11,4.0901,4.0901,3.909,3.9437,892100,51.28,85.36,30.35,38.04,260
1988-11-18,3.9728,4.0884,3.9265,4.0709,905600,56.43,85.36,30.35,47.41,260
1988-11-25,4.0593,4.094,4.0015,4.0477,467600,55.28,85.36,30.35,45.33,260
1988-12-02,4.0302,4.094,4.013,4.0709,793800,56.24,85.36,30.35,47.06,260
1988-12-09,4.0653,4.2443,4.0593,4.0824,1015800,56.74,85.36,30.35,47.97,260
1988-12-16,4.0764,4.1287,4.0533,4.1227,671400,58.51,85.36,30.35,51.19,260
1988-12-23,4.1116,4.1981,4.0422,4.0709,664000,55.37,85.36,30.35,45.48,260
1988-12-30,4.0593,4.0653,3.9497,3.9552,854300,49.04,85.36,30.35,33.98,260
1989-01-06,3.9552,4.0477,3.9205,4.0246,950100,52.55,85.36,30.35,40.35,260
1989-01-13,4.0246,4.0709,3.9784,4.0593,1084300,54.24,85.36,30.35,43.43,260
1989-01-20,4.0533,4.094,4.0362,4.0653,933000,54.54,85.36,30.35,43.98,260
1989-01-27,4.0709,4.2272,4.0015,4.1981,1811300,60.72,85.36,30.35,55.21,260
1989-02-03,4.2328,4.4178,4.2152,4.4178,1335000,68.39,85.36,30.35,69.14,260
1989-02-10,4.4063,4.5742,4.3272,4.3444,1833600,63.9,85.36,30.35,60.99,260
1989-02-17,4.3328,4.4204,4.2978,4.4143,1555300,66.18,85.36,30.35,65.12,260
1989-02-24,4.4376,4.4842,4.2862,4.3039,1086200,59.77,85.36,30.35,53.48,260
1989-03-03,4.2862,4.5247,4.2685,4.5014,1146100,66.09,85.36,30.35,64.97,260
1989-03-10,4.5014,4.6878,4.5014,4.6123,1297200,69.04,85.36,30.35,70.32,260
1989-03-17,4.6067,4.822,4.6067,4.7055,1716000,71.29,85.36,30.35,74.42,260
1989-03-23,4.6589,4.7111,4.5946,4.7055,1461300,71.29,85.36,30.35,74.42,260
1989-03-31,4.6822,4.7931,4.6705,4.7931,1176400,73.4,85.36,30.35,78.26,260
1989-04-07,4.7637,4.863,4.6999,4.8336,1046200,74.34,85.36,30.35,79.97,260
1989-04-14,4.8453,4.9561,4.8103,4.9035,1351600,75.92,85.36,30.35,82.84,260
1989-04-21,4.9035,4.9673,4.8397,4.9268,1216000,76.45,85.36,30.35,83.79,260
1989-04-28,4.9268,5.1131,4.9268,5.0316,1264200,78.68,85.36,30.35,87.85,260
1989-05-05,5.0204,5.0894,4.9496,5.0428,1515000,78.91,85.36,30.35,88.27,260
1989-05-12,5.0549,5.3809,4.912,5.3565,2201300,84.09,85.36,30.35,97.69,260
1989-05-19,5.3565,5.4859,5.3218,5.3921,2707500,84.56,85.36,30.35,98.54,260
1989-05-26,5.4503,5.4503,5.1343,5.2402,2344000,74.57,85.36,30.35,80.37,260
1989-06-02,5.2158,5.3096,5.1108,5.2984,1889100,75.75,85.36,30.35,82.52,260
1989-06-09,5.3096,5.4034,5.228,5.3453,1596500,76.69,85.36,30.35,84.23,260
1989-06-16,5.3453,5.3453,4.9702,5.1343,2587800,64.56,85.36,30.35,62.18,260
1989-06-23,5.0996,5.4034,5.0639,5.3921,1407100,70.67,85.36,30.35,73.28,260
1989-06-30,5.3687,5.4034,5.017,5.1108,1403700,58.77,85.36,30.35,51.66,260
1989-07-07,5.1108,5.4034,5.0996,5.4034,1776400,65.31,85.36,30.35,63.55,260
1989-07-14,5.4034,5.4625,5.3096,5.439,2265900,66.02,85.36,30.35,64.83,260
1989-07-21,5.439,5.6969,5.4156,5.6266,2732500,69.54,85.36,30.35,71.23,260
1989-07-28,5.6031,6.0251,5.5797,5.9079,4077400,73.9,85.36,30.35,79.17,260
1989-08-04,5.9783,5.9904,5.6969,5.7907,2311900,69.44,85.36,30.35,71.05,260
1989-08-11,5.7673,5.9192,5.7047,5.7406,1691300,67.56,85.36,30.35,67.63,260
1989-08-18,5.7283,5.964,5.716,5.9046,1991100,70.38,85.36,30.35,72.77,260
1989-08-25,5.9046,5.9989,5.7519,5.9405,2000900,70.98,85.36,30.35,73.85,260
1989-09-01,5.9046,5.9405,5.7754,5.8103,1812000,65.81,85.36,30.35,64.46,260
1989-09-08,5.7877,5.8226,5.634,5.7519,1256800,63.57,85.36,30.35,60.39,260
1989-09-15,5.7283,5.7283,5.4926,5.6576,2420700,60.02,85.36,30.35,53.94,260
1989-09-22,5.6463,5.8348,5.5869,5.8103,1923800,63.57,85.36,30.35,60.39,260
1989-09-29,5.7877,5.9291,5.634,5.882,2036000,65.13,85.36,30.35,63.23,260
1989-10-06,5.8697,6.2469,5.799,6.2233,3077900,71.42,85.36,30.35,74.66,260
1989-10-13,6.2233,6.2346,5.6104,5.634,1948000,53.48,85.36,30.35,42.05,260
1989-10-20,5.634,6.0932,5.6217,6.0234,3363000,60.54,85.36,30.35,54.87,260
1989-10-27,5.964,6.1177,5.7047,5.7519,3020600,54.35,85.36,30.35,43.63,260
1989-11-03,5.7632,5.882,5.7047,5.8103,3056100,55.41,85.36,30.35,45.55,260
1989-11-10,5.8226,6.2202,5.716,6.2202,3538500,62.04,85.36,30.35,57.61,260
1989-11-17,6.2202,6.2676,6.0666,6.2325,2271800,62.22,85.36,30.35,57.94,260
1989-11-24,6.2922,6.4818,6.2325,6.4818,1691000,65.8,85.36,30.35,64.43,260
1989-12-01,6.4572,6.4818,6.2799,6.3396,2504700,62.18,85.36,30.35,57.87,260
1989-12-08,6.2922,6.3747,6.1974,6.2088,1724300,58.98,85.36,30.35,52.03,260
1989-12-15,6.1614,6.3036,6.0552,6.2202,3019700,59.17,85.36,30.35,52.39,260
1989-12-22,6.2562,6.2922,6.114,6.2202,1863700,59.17,85.36,30.35,52.39,260
1989-12-29,6.2448,6.4932,6.2202,6.4932,1104900,63.99,85.36,30.35,61.15,260
1990-01-05,6.4818,6.5643,6.3747,6.4098,3486100,61.6,85.36,30.35,56.8,260
1990-01-12,6.387,6.4221,6.1377,6.1614,2060500,55.01,85.36,30.35,44.82,260
1990-01-19,6.0903,6.3036,6.0306,6.2202,2436400,56.2,85.36,30.35,46.99,260
1990-01-26,6.2202,6.2448,5.7936,5.8657,2256500,47.93,85.36,30.35,31.96,260
1990-02-02,5.9131,6.15,5.7936,6.0903,2630700,52.68,85.36,30.35,40.6,260
1990-02-09,6.1026,6.15,5.8533,5.987,1572800,50.4,85.36,30.35,36.46,260
1990-02-16,5.9994,6.0108,5.8563,5.9393,1550500,49.34,85.36,30.35,34.53,260
1990-02-23,5.8792,5.9154,5.6054,5.6407,1601500,43.21,85.36,30.35,23.38,260
1990-03-02,5.6292,5.9631,5.6178,5.904,2546000,49.21,85.36,30.35,34.28,260
1990-03-09,5.9393,6.0471,5.8792,5.9994,1828900,51.22,85.36,30.35,37.93,260
1990-03-16,5.9154,6.07,5.7838,6.0471,2456300,52.23,85.36,30.35,39.78,260
1990-03-23,5.987,6.07,5.8315,5.904,2538200,48.94,85.36,30.35,33.79,260
1990-03-30,6.0347,6.2608,5.9746,6.1654,3111000,54.58,85.36,30.35,44.04,260
1990-04-06,6.0824,6.4163,6.07,6.3686,2472500,58.42,85.36,30.35,51.03,260
1990-04-12,6.3448,6.5595,6.3448,6.5356,2051400,61.32,85.36,30.35,56.29,260
1990-04-20,6.5833,6.5948,6.2131,6.2255,3123100,53.82,85.36,30.35,42.66,260
1990-04-27,6.2131,6.4163,6.154,6.2608,2513900,54.5,85.36,30.35,43.9,260
1990-05-04,6.2379,6.5117,6.1902,6.4993,2649400,58.92,85.36,30.35,51.93,260
1990-05-11,6.5356,6.8864,6.5356,6.8864,3904800,64.87,85.36,30.35,62.76,260
1990-05-18,6.9699,7.0428,6.8864,6.9344,3720300,65.54,85.36,30.35,63.97,260
1990-05-25,6.8988,7.4862,6.8988,7.2463,2915200,69.59,85.36,30.35,71.32,260
1990-06-01,7.2703,7.5457,7.2703,7.4018,2547800,71.39,85.36,30.35,74.6,260
1990-06-08,7.4382,7.5342,7.2098,7.2098,1931100,66.17,85.36,30.35,65.12,260
1990-06-15,7.1503,7.6062,7.1503,7.4862,2209700,69.62,85.36,30.35,71.37,260
1990-06-22,7.4497,7.8337,7.3058,7.6302,3290500,71.26,85.36,30.35,74.36,260
1990-06-29,7.6782,8.0506,7.5937,7.9776,3021300,74.79,85.36,30.35,80.79,260
1990-07-06,7.9661,8.422,7.9296,8.302,2757400,77.57,85.36,30.35,85.83,260
1990-07-13,8.302,8.5784,8.0736,8.494,3189300,79.04,85.36,30.35,88.5,260
1990-07-20,8.4825,8.6744,7.9421,8.1696,4924000,70.61,85.36,30.35,73.19,260
1990-07-27,8.1341,8.1465,7.5822,7.7262,6108000,61.04,85.36,30.35,55.78,260
1990-08-03,7.7022,8.1216,7.4142,7.6782,6963200,60.09,85.36,30.35,54.05,260
1990-08-10,7.4862,7.6187,7.2245,7.2602,5600900,52.43,85.36,30.35,40.14,260
1990-08-17,7.1879,7.3808,6.802,7.0432,4310300,48.95,85.36,30.35,33.8,260
1990-08-24,7.019,7.0673,6.5366,6.6572,7229800,43.42,85.36,30.35,23.76,260
1990-08-31,6.9226,7.3085,6.9226,7.2477,3119200,52.3,85.36,30.35,39.89,260
1990-09-07,7.1995,7.2602,7.019,7.103,1411300,50.22,85.36,30.35,36.11,260
1990-09-14,7.2245,7.3326,6.9583,7.0316,2270600,49.18,85.36,30.35,34.22,260
1990-09-21,6.9708,7.1638,6.7296,6.8261,2740100,46.21,85.36,30.35,28.84,260
1990-09-28,6.7904,7.0316,6.6206,6.8984,2209600,47.41,85.36,30.35,31.02,260
1990-10-05,6.9708,7.3442,6.9467,7.2477,3279400,52.89,85.36,30.35,40.97,260
1990-10-12,7.3085,7.3693,7.0065,7.1281,2632200,50.93,85.36,30.35,37.41,260
1990-10-19,7.1763,7.7185,6.9949,7.1396,5799600,51.12,85.36,30.35,37.76,260
1990-10-26,7.1638,7.3924,7.0432,7.0432,2521100,49.42,85.36,30.35,34.66,260
1990-11-02,7.0673,7.1281,6.3311,6.5974,4263600,42.39,85.36,30.35,21.9,260
1990-11-09,6.6331,6.8135,6.5515,6.7456,3774700,45.18,85.36,30.35,26.97,260
1990-11-16,6.8184,6.9514,6.7087,6.7456,2719000,45.18,85.36,30.35,26.97,260
1990-11-23,6.6971,6.7941,6.4059,6.7825,4234400,45.94,85.36,30.35,28.34,260
1990-11-30,6.7825,7.1824,6.6971,7.1581,4098100,53.04,85.36,30.35,41.24,260
1990-12-07,7.2193,7.5337,7.1824,7.3163,3376600,55.68,85.36,30.35,46.04,260
1990-12-14,7.2309,7.4978,7.2193,7.2309,2080900,53.92,85.36,30.35,42.84,260
1990-12-21,7.2066,7.3522,7.1338,7.194,3273800,53.13,85.36,30.35,41.42,260
1990-12-28,7.2193,7.2309,6.9766,6.9883,1355400,48.87,85.36,30.35,33.68,260
1991-01-04,6.9999,7.1455,6.8184,6.9155,2388200,47.43,85.36,30.35,31.04,260
1991-01-11,6.8184,6.9155,6.5758,6.6971,3636100,43.28,85.36,30.35,23.51,260
1991-01-18,6.6486,7.2911,6.5515,7.2678,4712500,54.48,85.36,30.35,43.86,260
1991-01-25,7.2066,7.7647,7.1824,7.6919,3611500,60.69,85.36,30.35,55.15,260
1991-02-01,7.6191,7.6919,7.3396,7.3765,3153600,54.71,85.36,30.35,44.28,260
1991-02-08,7.3648,7.5348,7.1343,7.5231,8604000,56.84,85.36,30.35,48.15,260
1991-02-15,7.4862,8.0579,7.4376,7.984,6175300,62.76,85.36,30.35,58.92,260
1991-02-22,7.9354,8.0209,7.5951,7.7536,3113800,58.44,85.36,30.35,51.07,260
1991-03-01,7.8265,7.9606,7.632,7.912,4532900,60.46,85.36,30.35,54.73,260
1991-03-08,8.0209,8.2757,7.9606,8.0452,3667500,62.12,85.36,30.35,57.75,260
1991-03-15,8.0695,8.0938,7.7176,7.8022,2938100,57.38,85.36,30.35,49.13,260
1991-03-22,7.7293,7.8022,7.2918,7.3647,6273800,49.98,84.56,30.35,36.22,260
1991-03-28,7.389,7.8022,7.389,7.6077,2451800,53.56,84.56,30.35,42.83,260
1991-04-05,7.705,8.1551,7.6563,8.0579,3841700,59.37,84.56,30.35,53.53,260
1991-04-12,8.0452,8.0452,7.7536,7.8022,2201900,55.15,84.56,30.35,45.75,260
1991-04-19,7.8265,8.1668,7.7536,7.7779,3466700,54.75,84.56,30.35,45.02,260
1991-04-26,7.7536,7.8265,7.5834,7.6437,3737500,52.5,84.56,30.35,40.87,260
1991-05-03,7.6204,7.6806,7.389,7.5348,3531400,50.68,84.56,30.35,37.5,260
1991-05-10,7.5348,7.755,7.3287,7.5837,4240600,51.49,84.56,30.35,39.01,260
1991-05-17,7.6816,7.7794,7.4125,7.4741,2448400,49.52,84.56,30.35,35.37,260
1991-05-24,7.4859,7.9018,7.4741,7.7912,2600600,54.9,84.56,30.35,45.3,260
1991-05-31,7.8528,7.9996,7.755,7.7794,2910500,54.67,84.56,30.35,44.87,260
1991-06-07,7.7794,7.8039,7.4741,7.5231,2640700,49.72,84.56,30.35,35.74,260
1991-06-14,7.5231,7.5348,7.2784,7.3019,3524200,45.86,84.56,30.35,28.62,260
1991-06-21,7.2902,7.3146,7.1189,7.3019,3716900,45.86,84.56,30.35,28.62,260
1991-06-28,7.3146,7.3274,6.9966,7.0338,3034800,41.35,84.56,30.35,20.3,260
1991-07-05,7.1189,7.3146,7.1062,7.3019,2389600,46.97,84.56,30.35,30.66,260
1991-07-12,7.2412,7.3763,6.8009,6.9477,5991700,41.33,84.56,30.35,20.27,260
1991-07-19,6.9966,7.2657,6.9594,7.2041,3177200,46.35,84.56,30.35,29.52,260
1991-07-26,7.2657,7.2657,7.07,7.1679,2891800,45.76,84.56,30.35,28.42,260
1991-08-02,7.1679,7.7305,7.1189,7.7305,3742800,55.35,84.56,30.35,46.12,260
1991-08-09,7.7188,7.9018,7.6327,7.8166,3296600,56.61,84.56,30.35,48.45,260
1991-08-16,7.8284,7.9151,7.6561,7.7674,3156300,55.64,84.56,30.35,46.66,260
1991-08-23,7.4956,8.1485,7.4956,8.0254,4058400,59.55,84.56,30.35,53.88,260
1991-08-30,8.0254,8.3208,7.9515,8.2716,2612200,62.91,84.56,30.35,60.07,260
1991-09-06,8.2962,8.3454,7.8895,7.9023,1951400,55.47,84.56,30.35,46.34,260
1991-09-13,7.8895,8.0864,7.8531,8.0008,2174300,56.93,84.56,30.35,49.04,260
1991-09-20,8.0008,8.2105,7.9515,8.1849,2720300,59.61,84.56,30.35,53.97,260
1991-09-27,8.2341,8.2962,7.8038,7.8038,3214500,52.36,84.56,30.35,40.61,260
1991-10-04,7.8284,8.0254,7.7674,7.7792,2313700,51.92,84.56,30.35,39.8,260
1991-10-11,7.7546,7.7674,7.4592,7.5577,2407300,48.02,84.56,30.35,32.6,260
1991-10-18,7.5577,7.73,7.2376,7.2622,4815200,43.34,84.56,30.35,23.97,260
1991-10-25,7.2494,7.4956,7.1766,7.3853,4886400,45.72,84.56,30.35,28.35,260
1991-11-01,7.472,7.6561,7.3735,7.6433,3142000,50.4,84.56,30.35,37.0,260
1991-11-08,7.6197,7.6935,7.5082,7.5449,1861300,48.68,84.56,30.35,33.81,260
1991-11-15,7.5825,7.7064,7.3228,7.4338,2738700,46.73,84.56,30.35,30.22,260
1991-11-22,7.4091,7.4338,7.186,7.3099,3544400,44.59,84.56,30.35,26.27,260
1991-11-29,7.3595,7.4219,7.2604,7.2852,1693800,44.15,84.56,30.35,25.47,260
1991-12-06,7.2356,7.4457,7.186,7.3843,2792900,46.41,84.56,30.35,29.63,260
1991-12-13,7.3843,7.5577,7.2971,7.4953,2433600,48.9,84.56,30.35,34.22,260
1991-12-20,7.5577,7.8422,7.533,7.8055,3405300,55.17,84.56,30.35,45.79,260
1991-12-27,7.8184,8.4002,7.7926,8.4002,2442900,64.23,84.56,30.35,62.5,260
1992-01-03,8.3755,8.4746,8.1772,8.4131,2957500,64.4,84.56,30.35,62.81,260
1992-01-10,8.3755,8.6976,8.3507,8.6114,3217800,66.97,84.56,30.35,67.55,260
1992-01-17,8.5856,8.6233,7.9542,7.9909,4428900,53.87,84.56,30.35,43.38,260
1992-01-24,7.9294,8.2149,7.7808,8.0038,2492700,54.07,84.56,30.35,43.75,260
1992-01-31,7.979,8.0167,7.7808,7.8184,2262600,50.65,84.56,30.35,37.45,260
1992-02-07,7.8184,7.8551,7.6569,7.7064,3305100,48.65,84.56,30.35,33.76,260
1992-02-14,7.7848,7.9096,7.5104,7.5852,3519200,46.51,84.56,30.35,29.81,260
1992-02-21,7.5603,7.685,7.2738,7.2978,2862300,41.81,84.56,30.35,21.14,260
1992-02-28,7.2738,7.5852,7.2239,7.4735,3280800,45.44,84.56,30.35,27.83,260
1992-03-06,7.4735,7.4854,7.174,7.198,3071900,41.11,84.56,30.35,19.85,260
1992-03-13,7.2239,7.2858,7.0613,7.1112,2736600,39.82,84.56,30.35,17.47,260
1992-03-20,7.1611,7.2239,6.9864,7.1241,2962300,40.12,84.56,30.35,18.03,260
1992-03-27,7.1241,7.198,6.9365,6.9744,2707700,37.77,84.56,30.35,13.68,260
1992-04-03,6.9744,7.2609,6.9485,7.1481,2821000,42.02,84.56,30.35,21.53,260
1992-04-10,7.174,7.2738,6.9485,7.2479,2302600,44.37,84.56,30.35,25.86,260
1992-04-16,7.2359,7.4475,7.0613,7.1481,2026200,42.51,84.56,30.35,22.44,260
1992-04-24,7.1241,7.1481,6.7119,6.8247,4581400,37.09,84.56,30.35,12.45,260
1992-05-01,6.8367,7.0613,6.699,6.8367,4021200,37.41,84.56,30.35,13.03,260
1992-05-08,6.8866,6.9485,6.7119,6.7369,2835400,35.79,84.56,30.35,10.04,260
1992-05-15,6.7416,6.7919,6.5403,6.5655,3344300,33.13,84.56,30.35,5.13,260
1992-05-22,6.6409,6.8804,6.6027,6.7295,2350500,37.89,84.56,30.35,13.91,260
1992-05-29,6.7536,6.804,6.5283,6.6409,2170600,36.38,84.56,30.35,11.13,260
1992-06-05,6.6913,6.7416,6.5021,6.5524,3038200,34.89,84.56,30.35,8.38,260
1992-06-12,6.5524,6.6158,6.4649,6.5786,2908700,35.73,84.56,30.35,9.92,260
1992-06-19,6.5283,6.6409,6.4015,6.4397,2564700,33.28,84.56,30.35,5.4,260
1992-06-26,6.4397,6.5906,6.4146,6.49,1484800,35.02,84.56,30.35,8.61,260
1992-07-02,6.4779,6.7536,6.4649,6.6289,1716800,39.69,84.56,30.35,17.23,260
1992-07-10,6.6409,6.7416,6.4649,6.5021,2432500,37.07,84.56,30.35,12.4,260
1992-07-17,6.49,6.7416,6.4649,6.7295,2682400,44.19,84.56,30.35,25.53,260
1992-07-24,6.6661,6.9177,6.6409,6.8925,2374000,48.67,84.56,30.35,33.8,260
1992-07-31,6.8673,7.1823,6.8673,7.1058,2206600,53.89,84.56,30.35,43.42,260
1992-08-07,7.1189,7.2447,7.0937,7.1441,1664100,54.78,84.56,30.35,45.06,260
1992-08-14,7.1375,7.1497,6.9976,7.099,1762000,53.47,84.56,30.35,42.65,260
1992-08-21,7.0736,7.1375,6.7562,6.7694,1881400,45.01,84.56,30.35,27.05,260
1992-08-28,6.744,6.8201,6.6173,6.6426,1647500,42.25,84.56,30.35,21.95,260
1992-09-04,6.6426,6.7826,6.5919,6.6933,1745100,43.74,84.56,30.35,24.7,260
1992-09-11,6.8201,6.8201,6.6811,6.8201,1604000,47.39,84.56,30.35,31.44,260
1992-09-18,6.8708,6.9722,6.7694,6.7694,2006300,46.1,84.56,30.35,29.06,260
1992-09-25,6.7947,6.8069,6.4012,6.4398,1608600,38.72,84.56,30.35,15.45,260
1992-10-02,6.4398,6.4398,6.1355,6.1477,2730000,33.59,84.56,30.35,5.99,260
1992-10-09,6.0341,6.2998,5.9581,6.0341,3596200,31.83,84.56,30.35,2.73,260
1992-10-16,6.0848,6.2116,6.0727,6.0848,1874700,33.51,84.56,30.35,5.83,260
1992-10-23,6.097,6.2755,5.8566,5.9712,5041600,31.63,84.56,30.35,2.36,260
1992-10-30,5.9581,6.2755,5.9581,6.2491,2569300,40.44,84.56,30.35,18.61,260
1992-11-06,6.237,6.4519,6.1741,6.2806,2818500,41.36,84.56,30.35,20.31,260
1992-11-13,6.2417,6.5609,6.1138,6.3696,2739300,43.99,84.56,30.35,25.17,260
1992-11-20,6.4074,6.6254,6.3317,6.5098,1979100,47.97,84.56,30.35,32.5,260
1992-11-27,6.4207,6.5486,6.4207,6.4719,1450200,47.0,84.56,31.63,29.04,260
1992-12-04,6.4463,6.5364,6.3829,6.5098,1951100,48.13,84.56,31.63,31.17,260
1992-12-11,6.5098,6.7021,6.5098,6.5742,2373100,50.07,84.56,31.63,34.85,260
1992-12-18,6.5486,6.5875,6.3696,6.5486,2213000,49.28,84.56,31.63,33.36,260
1992-12-24,6.5364,6.6254,6.4207,6.4719,1934000,46.89,84.56,31.63,28.83,260
1992-12-31,6.4207,6.4719,6.2161,6.2161,1580200,39.92,84.56,31.63,15.68,260
1993-01-08,6.2417,6.3051,5.9859,6.2161,3299900,39.92,84.56,31.63,15.68,260
1993-01-15,6.2161,6.344,6.1782,6.2806,2833000,42.42,84.56,31.63,20.4,260
1993-01-22,6.2161,6.2417,5.8958,5.9347,4108900,34.2,84.56,31.63,4.87,260
1993-01-29,5.8835,5.947,5.7045,5.7812,2522900,31.3,84.56,31.3,0.0,260
1993-02-05,5.7556,5.7935,5.5766,5.7301,3847400,30.38,84.56,30.38,0.0,260
1993-02-12,5.7045,5.858,5.5476,5.7297,3618700,30.37,84.56,30.37,0.0,260
1993-02-19,5.6779,5.6779,5.0179,5.0437,3637600,20.82,84.56,20.82,0.0,260
1993-02-26,5.0437,5.3282,4.9785,5.3282,5712100,30.57,84.56,20.82,15.31,260
1993-03-05,5.3282,5.4958,5.2889,5.3282,3185300,30.57,84.56,20.82,15.31,260
1993-03-12,5.3282,5.561,5.3158,5.3541,3939500,31.46,84.56,20.82,16.7,260
1993-03-19,5.3676,5.3676,4.8502,4.8885,6149500,25.2,84.56,20.82,6.88,260
1993-03-26,4.8502,4.9661,4.6682,4.6951,5443100,23.14,84.56,20.82,3.64,260
1993-04-02,4.7592,5.1089,4.7075,4.8885,4435600,29.36,84.56,20.82,13.41,260
1993-04-08,4.8751,4.9268,4.6557,4.7592,1702900,27.74,84.56,20.82,10.87,260
1993-04-16,4.7592,4.8502,4.6816,4.7199,4754400,27.25,84.56,20.82,10.1,260
1993-04-23,4.6951,5.0179,4.6816,4.8233,5145300,30.73,84.56,20.82,15.55,260
1993-04-30,4.7851,5.1606,4.7468,5.1213,3380000,39.67,84.56,20.82,29.58,260
1993-05-07,5.1089,5.3924,5.0955,5.3407,2969000,45.27,84.56,20.82,38.37,260
1993-05-14,5.2871,5.3918,5.0651,5.2609,2304700,43.69,84.56,20.82,35.88,260
1993-05-21,5.2871,5.4315,5.2347,5.2996,2530000,44.7,84.56,20.82,37.47,260
1993-05-28,5.3268,5.3656,5.1824,5.3394,2159500,45.78,84.56,20.82,39.17,260
1993-06-04,5.352,5.3918,5.13,5.1562,1727700,41.74,84.56,20.82,32.82,260
1993-06-11,5.1562,5.2473,5.1175,5.2222,2821000,43.67,84.56,20.82,35.85,260
1993-06-18,5.2473,5.352,5.1824,5.1824,2415100,42.75,84.56,20.82,34.4,260
1993-06-25,5.2085,5.3656,4.9332,5.3656,2469400,48.16,84.56,20.82,42.9,260
1993-07-02,5.2609,5.2609,4.8808,4.9332,3613400,38.83,84.56,20.82,28.26,260
1993-07-09,4.9604,4.9855,4.8285,4.8945,2191100,38.12,84.56,20.82,27.14,260
1993-07-16,4.9468,5.0651,4.7898,4.8034,2014000,36.42,84.56,20.82,24.48,260
1993-07-23,4.7898,5.0777,4.7636,5.0379,2615000,43.39,84.56,20.82,35.42,260
1993-07-30,5.0515,5.0902,4.8557,4.8808,2477000,40.21,84.56,20.82,30.43,260
1993-08-06,4.9081,4.9206,4.7636,4.7762,2170200,38.2,84.56,20.82,27.28,260
1993-08-13,4.7755,4.802,4.629,4.629,3204400,35.52,84.56,20.82,23.06,260
1993-08-20,4.6821,5.1469,4.6693,4.9877,3637900,45.57,84.56,20.82,38.83,260
1993-08-27,4.9877,5.0673,4.8551,5.0142,1922400,46.23,84.56,20.82,39.88,260
1993-09-03,5.0004,5.253,5.0004,5.1596,2141500,49.86,84.56,20.82,45.57,260
1993-09-10,5.1872,5.2,5.0408,5.1204,1465500,48.9,84.56,20.82,44.06,260
1993-09-17,5.1204,5.1734,5.0004,5.1734,3106300,50.29,84.56,20.82,46.25,260
1993-09-24,5.1734,5.3464,5.1066,5.3061,3185700,53.69,84.56,20.82,51.58,260
1993-10-01,5.3188,5.3995,5.2658,5.3995,1988300,55.97,84.56,20.82,55.15,260
1993-10-08,5.3719,5.5311,5.3188,5.3188,2285400,53.52,84.56,20.82,51.31,260
1993-10-15,5.3591,5.7433,5.3464,5.7306,3316100,62.54,84.56,20.82,65.46,260
1993-10-22,5.704,6.0086,5.6117,5.8367,3149400,64.46,84.56,20.82,68.47,260
1993-10-29,5.8102,5.8897,5.6372,5.7433,2651000,61.48,84.56,20.82,63.79,260
1993-11-05,5.7178,5.9831,5.651,5.9301,2761900,64.97,84.56,20.82,69.26,260
1993-11-12,6.0073,6.2626,5.9408,6.1017,3863100,67.85,84.56,20.82,73.78,260
1993-11-19,6.1017,6.342,6.0878,6.342,2989600,71.39,84.56,20.82,79.35,260
1993-11-26,6.2755,6.5168,6.1414,6.1811,2814200,66.13,84.56,20.82,71.09,260
1993-12-03,6.2347,6.2487,6.1017,6.1146,1374700,64.03,84.56,20.82,67.8,260
1993-12-10,6.1017,6.2347,6.0609,6.1414,2401000,64.52,84.56,20.82,68.57,260
1993-12-17,6.1414,6.209,6.0609,6.1274,2119500,64.03,84.56,20.82,67.8,260
1993-12-23,6.1553,6.3828,6.1274,6.3699,2079500,68.49,84.56,20.82,74.8,260
1993-12-31,6.3559,6.4493,6.3162,6.3699,2590300,68.49,84.56,20.82,74.8,260
1994-01-07,6.3559,6.4096,6.209,6.2487,2330500,63.9,84.56,20.82,67.59,260
1994-01-14,6.209,6.3828,6.1682,6.3291,2321900,65.55,84.56,20.82,70.18,260
1994-01-21,6.3023,6.6381,6.3023,6.4493,4689900,67.91,84.56,20.82,73.88,260
1994-01-28,6.4235,6.4632,6.3023,6.4096,2501600,66.3,84.56,20.82,71.35,260
1994-02-04,6.4235,6.4632,6.2755,6.3559,2028100,64.08,84.56,20.82,67.87,260
1994-02-11,6.3291,6.3559,6.0853,6.1536,2039900,56.41,84.56,20.82,55.83,260
1994-02-18,6.1677,6.2621,5.8554,5.9368,1897400,49.56,84.56,20.82,45.09,260
1994-02-25,5.9509,6.235,5.9368,6.0994,1555400,54.06,84.56,20.82,52.16,260
1994-03-04,6.0994,6.1265,5.8554,5.8554,1959600,47.25,84.56,20.82,41.46,260
1994-03-11,5.8685,5.8826,5.5844,5.6115,3881400,41.6,84.56,20.82,32.6,260
1994-03-18,5.6256,5.8283,5.5171,5.8012,3118000,46.91,84.56,20.82,40.94,260
1994-03-25,5.747,6.0853,5.6516,5.6516,2929800,43.55,84.56,20.82,35.66,260
1994-03-31,5.6256,5.6657,5.2591,5.4087,2940600,38.69,84.56,20.82,28.05,260
1994-04-08,5.3133,5.4759,5.2591,5.2721,2066100,36.25,84.56,20.82,24.21,260
1994-04-15,5.2591,5.3675,5.1235,5.1506,2231400,34.18,84.56,20.82,20.96,260
1994-04-22,5.1506,5.5171,5.1094,5.4759,3646900,43.48,84.56,20.82,35.56,260
1994-04-29,5.4759,5.503,5.3133,5.3404,2434100,40.89,84.56,20.82,31.49,260
1994-05-06,5.3805,5.8685,5.3404,5.7058,4788600,49.62,84.56,20.82,45.18,260
1994-05-13,5.7598,5.9518,5.7049,5.9375,2657100,54.23,79.04,20.82,57.39,260
1994-05-20,5.8969,6.1306,5.8695,6.0472,1694500,56.27,79.04,20.82,60.9,260
1994-05-27,6.034,6.3906,5.9924,6.3358,2189300,61.18,79.04,20.82,69.32,260
1994-06-03,6.3083,6.3215,6.1712,6.2809,1676800,59.8,79.04,20.82,66.96,260
1994-06-10,6.2809,6.2809,5.9924,6.2666,1921800,59.43,79.04,20.82,66.32,260
1994-06-17,6.2535,6.4597,6.226,6.226,2165100,58.31,79.04,20.82,64.4,260
1994-06-24,6.226,6.3763,6.1986,6.2666,2009400,59.14,79.04,20.82,65.82,260
1994-07-01,6.2666,6.3632,6.2118,6.226,1880200,57.9,79.04,20.82,63.7,260
1994-07-08,6.226,6.3215,6.2118,6.2952,1391600,59.46,79.04,20.82,66.37,260
1994-07-15,5.8969,5.9112,5.2529,5.5404,15611900,41.45,79.04,20.82,35.45,260
1994-07-22,5.5404,5.5404,5.1838,5.2387,5364100,36.67,79.04,20.82,27.24,260
1994-07-29,5.2244,5.4032,5.1981,5.3341,3847300,39.07,79.04,20.82,31.35,260
1994-08-05,5.3341,5.5678,5.2529,5.4855,3251100,42.76,79.04,20.82,37.7,260
1994-08-12,5.4723,6.1114,5.4025,5.8892,9028300,51.25,79.04,20.82,52.28,260
1994-08-19,5.8892,6.4448,5.8336,6.3614,7776900,58.93,79.04,20.82,65.46,260
1994-08-26,6.2503,6.2781,6.1536,6.1803,3660800,55.33,79.04,20.82,59.28,260
1994-09-02,6.1803,6.4025,6.1392,6.2781,3311800,56.86,79.04,20.82,61.91,260
1994-09-09,6.2781,6.3336,6.1947,6.2503,2167600,56.27,79.04,20.82,60.9,260
1994-09-16,6.2225,6.2914,6.1803,6.2225,2115600,55.65,79.04,20.82,59.83,260
1994-09-23,6.2647,6.5837,6.2647,6.3614,4448900,58.14,79.04,20.82,64.11,260
1994-09-30,6.3759,6.4725,6.2359,6.4314,3380200,59.38,79.04,20.82,66.24,260
1994-10-07,6.4314,6.5559,6.3759,6.4448,3829700,59.63,79.04,20.82,66.66,260
1994-10-14,6.4581,6.5692,6.4314,6.5281,3623700,61.2,79.04,20.82,69.36,260
1994-10-21,6.5003,6.6803,6.4025,6.6537,3019300,63.51,79.04,20.82,73.33,260
1994-10-28,6.6537,6.7648,6.5281,6.7503,5177000,65.23,79.04,20.82,76.28,260
1994-11-04,6.7503,7.1537,6.7225,6.9448,4478400,68.45,79.04,20.82,81.8,260
1994-11-11,6.9726,7.3221,6.9448,7.1392,4847800,71.3,79.04,20.82,86.71,260
1994-11-18,7.1123,7.2099,6.944,6.9574,3319500,65.34,79.04,20.82,76.48,260
1994-11-25,6.9574,6.9709,6.4805,6.6488,2023100,56.68,79.04,20.82,61.6,260
1994-12-02,6.6073,7.2245,6.6073,6.9294,3456100,61.66,79.04,20.82,70.15,260
1994-12-09,6.944,7.1258,6.8733,6.9148,2426000,61.26,79.04,20.82,69.47,260
1994-12-16,6.8587,7.0562,6.8587,6.9709,2404800,62.26,79.04,20.82,71.19,260
1994-12-23,6.944,7.3637,6.9294,7.3221,3328100,67.85,79.04,20.82,80.79,260
1994-12-30,7.3502,7.4344,7.3221,7.3637,1542800,68.45,79.04,20.82,81.81,260
1995-01-06,7.3637,7.3637,7.2514,7.3076,1641400,66.65,79.04,20.82,78.72,260
1995-01-13,7.2941,7.3076,7.0135,7.0562,2830700,59.17,79.04,20.82,65.87,260
1995-01-20,7.0831,7.3637,7.0697,7.3076,2343500,63.57,79.04,20.82,73.43,260
1995-01-27,7.2806,7.3783,7.1538,7.238,2676000,61.59,79.04,20.82,70.03,260
1995-02-03,7.2099,7.4489,7.2099,7.4198,2748300,64.69,79.04,20.82,75.35,260
1995-02-10,7.4063,7.532,7.3091,7.3375,2293100,62.24,79.04,20.82,71.15,260
1995-02-17,7.3091,7.4088,7.2241,7.2955,3585100,60.98,79.04,20.82,68.98,260
1995-02-24,7.3227,7.5358,7.2389,7.5358,2261400,65.32,79.04,20.82,76.44,260
1995-03-03,7.5358,7.7057,7.4927,7.5924,2545300,66.28,79.04,20.82,78.08,260
1995-03-10,7.5788,7.7624,7.5358,7.7193,2669900,68.38,79.04,20.82,81.69,260
1995-03-17,7.7193,7.8621,7.6921,7.8055,2364900,69.76,79.04,20.82,84.05,260
1995-03-24,7.8191,8.3721,7.7907,8.3426,4070700,76.6,79.04,20.82,95.81,260
1995-03-31,8.542,8.712,8.159,8.2859,4948600,74.68,79.04,20.82,92.51,260
1995-04-07,8.2859,8.584,8.2859,8.4423,2899700,76.43,79.04,20.82,95.52,260
1995-04-13,8.4559,8.8106,8.4423,8.8106,1778900,79.96,79.96,20.82,100.0,260
1995-04-21,8.8389,8.9953,8.329,8.4854,3576300,70.0,79.96,20.82,83.17,260
1995-04-28,8.5126,8.6973,8.116,8.4707,5331400,69.58,79.96,20.82,82.46,260
1995-05-05,8.4423,8.712,8.414,8.4707,2835800,69.58,79.96,20.82,82.46,260
1995-05-12,8.4423,8.499,7.9737,8.1028,2931900,59.23,79.96,20.82,64.95,260
1995-05-19,8.1028,8.2743,7.9165,8.2446,4645000,61.6,79.96,20.82,68.96,260
1995-05-26,8.2171,8.5452,8.2171,8.3886,3050600,63.9,79.96,20.82,72.85,260
1995-06-02,8.3738,8.6744,8.3166,8.6447,1382500,67.61,79.96,20.82,79.12,260
1995-06-09,8.6596,8.8596,8.631,8.6596,2381000,67.81,79.96,20.82,79.47,260
1995-06-16,8.7019,8.7739,8.5738,8.6881,2024400,68.23,79.96,20.82,80.18,260
1995-06-23,8.6881,8.9877,8.5452,8.9454,2952600,71.8,79.96,20.82,86.21,260
1995-06-30,8.8882,9.0448,8.7453,8.9739,2323900,72.17,79.96,20.82,86.84,260
1995-07-07,8.9739,9.0745,8.631,8.6881,1665000,63.16,79.96,20.82,71.6,260
1995-07-14,8.7019,8.9602,8.6024,8.9168,2526200,66.74,79.96,20.82,77.65,260
1995-07-21,8.8882,9.0597,8.7167,8.7887,2703200,63.04,79.96,20.82,71.4,260
1995-07-28,8.8025,9.0174,8.7887,8.9739,2365000,65.98,79.96,20.82,76.36,260
1995-08-04,8.9454,8.9877,8.6881,8.9031,1837100,63.89,79.96,20.82,72.83,260
1995-08-11,8.8596,8.9305,8.6755,8.7482,1747700,59.46,79.96,20.82,65.34,260
1995-08-18,8.7332,8.8773,8.6605,8.8058,2238300,60.55,79.96,20.82,67.19,260
1995-08-25,8.8773,9.079,8.8335,8.9926,2964300,63.95,79.96,20.82,72.94,260
1995-09-01,8.9787,9.4537,8.9637,9.4249,3354100,70.33,79.96,20.82,83.73,260
1995-09-08,9.4249,9.7419,9.3523,9.6555,3253000,73.07,79.96,20.82,88.36,260
1995-09-15,9.6555,9.9725,9.5252,9.8434,4861800,75.09,79.96,20.82,91.77,260
1995-09-22,9.8134,10.881,9.7858,10.2896,11703800,79.09,79.96,20.82,98.54,260
1995-09-29,10.2746,10.5928,10.2319,10.3622,3417000,79.67,79.96,20.82,99.51,260
1995-10-06,10.2896,10.7081,10.2169,10.6643,3300500,81.89,81.89,20.82,100.0,260
1995-10-13,10.6504,10.866,10.5351,10.7934,3707100,82.76,82.76,20.82,100.0,260
1995-10-20,10.7934,10.9663,10.7081,10.881,3879400,83.34,83.34,20.82,100.0,260
1995-10-27,10.8084,11.3698,10.7934,11.1542,5261000,85.04,85.04,20.82,100.0,260
1995-11-03,11.1254,11.2545,10.9525,11.0101,2925600,80.38,85.04,20.82,92.75,260
1995-11-10,10.9237,11.3122,10.9237,11.2269,2160800,81.98,85.04,20.82,95.24,260
1995-11-17,11.1906,11.9453,11.1464,11.9011,2429100,85.85,85.85,20.82,100.0,260
1995-11-24,11.8431,11.9453,11.3926,11.3926,1264900,73.11,85.85,20.82,80.41,260
1995-12-01,11.4506,11.6399,11.3206,11.4019,1714600,73.19,85.85,20.82,80.54,260
1995-12-08,11.3345,12.0033,11.3345,11.727,2901700,75.84,85.85,20.82,84.61,260
1995-12-15,11.713,12.1624,11.6829,12.1624,4299100,78.85,85.85,20.82,89.25,260
1995-12-22,12.1914,13.2364,11.8141,12.9461,6457900,82.97,85.85,20.82,95.58,260
1995-12-29,12.9461,13.1203,12.7441,13.0622,3476300,83.48,85.85,20.82,96.37,260
1996-01-05,13.0042,13.0042,12.2495,12.3946,4577100,70.36,85.85,20.82,76.18,260
1996-01-12,12.3075,12.5397,11.4657,11.4948,4070400,57.28,85.85,20.82,56.07,260
1996-01-19,11.8431,12.3656,11.6387,12.0173,4611400,61.73,85.85,20.82,62.91,260
1996-01-26,12.2797,12.3958,11.7548,12.2495,4963200,63.54,85.85,20.82,65.71,260
1996-02-02,12.2797,13.5557,12.2785,13.2944,7787900,70.36,85.85,20.82,76.19,260
1996-02-09,13.4396,14.5426,13.0042,14.3394,5634400,75.33,85.85,20.82,83.83,260
1996-02-16,14.5136,15.2041,14.4453,14.5329,7637800,76.13,85.85,20.82,85.06,260
1996-02-23,14.241,15.1457,14.0951,14.9998,6456800,77.98,85.85,20.82,87.9,260
1996-03-01,14.6496,14.883,13.9492,14.3858,8463300,70.26,85.85,20.82,76.04,260
1996-03-08,14.5912,15.35,14.562,15.1749,6864800,73.85,85.85,20.82,81.55,260
1996-03-15,15.0581,15.1469,14.1827,14.5329,7222300,66.8,85.85,20.82,70.71,260
1996-03-22,14.241,14.4745,13.8617,14.4745,11351500,66.18,85.85,20.82,69.75,260
1996-03-29,15.7585,15.7877,15.2624,15.2624,7831100,70.19,85.85,20.82,75.93,260
1996-04-04,15.2916,15.7002,15.1749,15.2332,3507200,69.86,85.85,20.82,75.42,260
1996-04-12,14.4745,14.7955,13.6282,14.0951,6498300,58.32,85.85,20.82,57.68,260
1996-04-19,14.241,14.2994,13.0446,13.7449,11369100,55.3,85.85,20.82,53.02,260
1996-04-26,14.3578,14.3578,12.6652,13.2196,13338100,51.02,85.85,20.82,46.45,260
1996-05-03,13.599,13.8628,12.985,13.4823,5162300,52.98,85.85,20.82,49.46,260
1996-05-10,12.985,13.2196,12.4901,13.1029,8051500,49.88,85.85,20.82,44.69,260
1996-05-17,13.0953,13.5063,12.9778,13.2421,7548600,51.01,85.85,20.82,46.43,260
1996-05-24,14.0348,14.2404,13.6825,14.0348,6025900,56.98,85.85,20.82,55.61,260
1996-05-31,14.77,15.1224,14.3566,14.6808,6752200,61.13,85.85,20.82,61.99,260
1996-06-07,14.7982,15.6497,14.7982,15.5323,8305500,65.82,85.85,20.82,69.2,260
1996-06-14,15.7378,15.7965,14.857,14.9744,5115800,60.66,85.85,20.82,61.26,260
1996-06-21,14.8875,15.268,14.4459,15.0918,7649800,61.34,85.85,20.82,62.32,260
1996-06-28,15.3573,15.5029,15.1506,15.4442,4482800,63.41,85.85,20.82,65.5,260
1996-07-05,15.268,15.5311,15.1212,15.3855,3934900,62.81,85.85,20.82,64.57,260
1996-07-12,14.8264,15.0331,14.2404,14.3578,6037500,53.27,85.85,20.82,49.91,260
1996-07-19,14.211,14.4177,12.5668,13.154,8764000,44.71,85.85,20.82,36.75,260
1996-07-26,13.4171,13.6531,13.0659,13.3889,5381000,46.52,85.85,20.82,39.53,260
1996-08-02,13.0365,13.8305,12.6842,13.6238,6119400,48.34,85.85,20.82,42.32,260
1996-08-09,13.6238,14.0348,13.565,13.5944,4847700,48.12,85.85,20.82,41.98,260
1996-08-16,13.5063,13.9688,13.2127,13.7325,5950000,49.29,85.85,20.82,43.78,260
1996-08-23,13.7928,14.146,13.6439,14.0278,4334500,51.79,85.85,20.82,47.63,260
1996-08-30,14.1164,14.1471,13.9392,13.9983,3381500,51.52,85.85,20.82,47.21,260
1996-09-06,13.2895,14.2346,13.2305,13.6144,5213700,47.97,85.85,20.82,41.75,260
1996-09-13,13.9392,14.3822,13.762,14.3527,6499100,54.46,85.85,20.82,51.74,260
1996-09-20,14.8252,15.1205,14.3822,15.091,6925400,59.86,85.85,20.82,60.05,260
1996-09-27,14.9433,15.3272,14.7945,15.1205,5936500,60.07,85.85,20.82,60.36,260
1996-10-04,15.267,15.6828,15.0024,15.4454,6685300,62.33,85.85,20.82,63.85,260
1996-10-11,15.7112,15.8884,15.4158,15.5635,3944900,63.15,85.85,20.82,65.11,260
1996-10-18,15.5647,16.0372,15.5635,15.7702,6642000,64.6,85.85,20.82,67.34,260
1996-10-25,16.2427,16.8925,16.212,16.8925,7782900,71.23,85.85,20.82,77.52,260
1996-11-01,16.479,16.6278,16.0065,16.2723,6199900,64.09,85.85,20.82,66.55,260
1996-11-08,16.7153,18.2214,16.5971,18.1033,7794100,72.77,85.85,20.82,79.89,260
1996-11-15,18.3691,18.3691,17.6517,17.8,5797100,69.76,85.85,20.82,75.26,260
1996-11-22,17.622,18.156,17.4143,17.6517,5675700,68.27,85.85,20.82,72.98,260
1996-11-29,17.7407,18.5713,17.7407,18.0373,3529900,70.06,85.85,20.82,75.73,260
1996-12-06,18.3933,18.3933,16.6133,17.444,7920600,64.08,85.85,20.82,66.54,260
1996-12-13,17.7407,18.2747,17.3253,17.622,7259100,65.05,85.85,20.82,68.02,260
1996-12-20,17.8593,19.0768,17.5033,18.3031,10146700,68.53,85.85,20.82,73.37,260
1996-12-27,18.334,18.4835,17.7715,17.8902,2383300,64.34,85.85,20.82,66.94,260
1997-01-03,17.8902,18.0088,16.8815,17.8593,2871600,64.03,85.85,20.82,66.45,260
1997-01-10,18.0373,18.1868,17.5627,18.1275,5986700,65.6,85.85,20.82,68.87,260
1997-01-17,18.156,19.4328,18.0088,19.402,6371300,71.89,85.85,20.82,78.55,260
1997-01-24,19.402,20.4415,19.1647,19.6108,7038300,72.77,85.85,20.82,79.9,260
1997-01-31,19.58,21.004,18.9867,20.6788,8570200,76.77,85.85,20.82,86.05,260
1997-02-07,20.6788,21.182,20.3513,21.1227,5632400,78.2,85.85,20.82,88.25,260
1997-02-14,21.3007,22.3099,20.7975,22.1002,6889900,80.99,85.85,20.82,92.53,260
1997-02-21,21.9215,22.5172,21.8334,22.1002,4521600,80.99,85.85,20.82,92.53,260
1997-02-28,22.0121,22.6363,20.611,20.8207,7284300,67.84,85.85,20.82,72.31,260
1997-03-07,20.4323,21.3258,20.2536,21.2067,7408500,69.45,85.85,20.82,74.79,260
1997-03-14,21.5951,21.8619,19.6889,19.8676,8186600,58.5,85.85,20.82,57.96,260
1997-03-21,20.0749,20.8207,19.777,20.2536,6514100,60.44,85.85,20.82,60.93,260
1997-03-27,20.3727,21.7428,20.2846,20.9088,6119600,63.55,85.85,20.82,65.71,260
1997-04-04,20.8493,21.0875,19.2719,19.8676,8022900,56.02,85.85,20.82,54.13,260
1997-04-11,20.0153,20.225,18.6166,18.6166,8448700,48.57,85.85,20.82,42.67,260
1997-04-18,18.5856,20.642,18.4379,20.2536,5249800,56.68,85.85,20.82,55.16,260
1997-04-25,20.2536,20.7897,19.5101,20.0749,5889000,55.65,85.85,20.82,53.57,260
1997-05-02,19.8366,21.1781,19.808,21.059,5278600,59.98,85.85,20.82,60.22,260
1997-05-09,21.2067,22.0121,20.611,21.445,5588600,61.56,85.85,20.82,62.65,260
1997-05-16,21.7428,22.4849,21.5281,21.6477,6020600,62.4,85.85,20.82,63.95,260
1997-05-23,21.5879,22.4251,21.3798,22.2457,4213600,64.84,85.85,20.82,67.7,260
1997-05-30,21.9467,22.3964,21.619,22.2457,3934000,64.84,85.85,20.82,67.7,260
1997-06-06,22.4251,23.4728,21.918,23.2336,8529800,68.74,85.85,20.82,73.69,260
1997-06-13,23.6809,25.5945,23.413,25.5945,8317200,75.67,85.85,20.82,84.35,260
1997-06-20,25.5467,26.5035,24.6138,26.4078,7039900,77.52,85.85,20.82,87.2,260
1997-06-27,26.3121,26.6709,25.3075,26.2643,7260300,76.42,85.85,20.82,85.5,260
1997-07-03,26.4317,26.8144,25.9772,26.6709,5201800,77.4,85.85,20.82,87.01,260
1997-07-11,26.9819,27.6038,26.4078,27.3407,6560600,78.95,85.85,20.82,89.4,260
1997-07-18,27.5081,27.9626,26.2164,26.336,7450200,71.06,85.85,20.82,77.26,260
1997-07-25,26.2882,28.1061,25.7141,27.0297,6802900,73.06,85.85,20.82,80.34,260
1997-08-01,27.1254,27.4124,26.4078,26.6231,5635800,70.0,85.85,20.82,75.64,260
1997-08-08,26.6948,28.0583,26.6231,26.9819,5672000,71.15,85.85,20.82,77.4,260
1997-08-15,26.6709,26.9101,24.2185,24.2425,9346600,54.12,85.85,20.82,51.22,260
1997-08-22,24.3145,27.1948,24.2185,26.4027,7720300,61.87,85.85,20.82,63.13,260
1997-08-29,26.4748,26.5228,24.5546,25.1066,6671200,55.78,85.85,20.82,53.77,260
1997-09-05,25.4666,26.3787,25.2266,25.8987,4882600,58.47,85.85,20.82,57.91,260
1997-09-12,26.2347,26.2347,24.3385,26.0427,6434000,58.96,85.85,20.82,58.66,260
1997-09-19,26.3547,27.9149,26.3547,27.8669,8597000,64.64,85.85,20.82,67.39,260
1997-09-26,28.2029,29.4031,27.9629,28.875,6806000,67.33,85.85,20.82,71.52,260
1997-10-03,29.043,30.1951,28.779,30.0271,5255400,70.12,85.85,20.82,75.83,260
1997-10-10,30.3152,31.7553,30.0751,30.2191,6651400,70.58,85.85,20.82,76.52,260
1997-10-17,30.2431,31.2032,29.043,30.1231,8979350,70.01,85.85,20.82,75.64,260
1997-10-24,30.6656,33.7859,30.3632,33.2435,15529000,76.62,85.85,20.82,85.81,260
1997-10-31,32.4034,33.6035,29.2254,32.2257,16350300,71.11,85.85,20.82,77.34,260
1997-11-07,32.7058,32.8258,30.9344,31.4433,10659200,67.12,85.85,20.82,71.2,260
1997-11-14,32.1633,32.3961,29.9807,32.3092,12213300,69.18,85.85,20.82,74.37,260
1997-11-21,32.8212,33.3043,30.5555,31.401,19554200,64.6,85.85,20.82,67.33,260
1997-11-28,31.372,31.4927,29.4686,30.4348,9911500,60.05,85.85,20.82,60.33,260
1997-12-05,30.6763,32.1256,30.6183,30.7391,12493000,60.98,85.85,20.82,61.77,260
1997-12-12,31.1014,31.5845,29.9517,30.6763,11196100,60.67,85.85,20.82,61.28,260
1997-12-19,30.7391,32.7584,30.6183,32.0676,12981600,64.98,85.85,20.82,67.91,260
1997-12-26,31.9758,33.3961,31.9758,32.7584,5382700,66.92,85.85,20.82,70.9,260
1998-01-02,33.0,34.029,32.6087,33.3043,5554700,68.41,85.85,20.82,73.19,260
1998-01-09,33.8164,34.9662,31.1014,32.1884,11357300,62.24,85.85,20.82,63.7,260
1998-01-16,31.2802,33.3333,31.1884,32.3671,11216400,62.82,85.85,20.82,64.59,260
1998-01-23,33.1546,33.9372,32.0676,32.3092,9238700,62.49,85.85,20.82,64.08,260
1998-01-30,32.3671,33.2125,32.0338,32.6715,12056800,63.78,85.85,20.82,66.07,260
1998-02-06,34.4831,34.6328,32.1546,32.2464,15943400,61.11,85.85,20.82,61.97,260
1998-02-13,32.3381,32.3381,30.256,30.8612,25589700,53.29,85.85,23.14,48.08,260
1998-02-20,30.0423,30.2555,28.8309,29.863,45047600,48.47,85.85,23.14,40.4,260
1998-02-27,30.4977,32.0725,30.4057,31.8884,23444400,56.97,85.85,23.14,53.95,260
1998-03-06,31.8884,32.1307,30.2845,32.0435,15529800,57.55,85.85,23.14,54.87,260
1998-03-13,32.0435,32.528,31.1034,31.7382,13060500,55.95,85.85,23.14,52.33,260
1998-03-20,31.8593,32.6782,31.6171,31.6171,11496000,55.3,85.85,27.25,47.87,260
1998-03-27,31.4959,31.4959,29.015,29.1652,25145200,44.08,85.85,27.25,28.71,260
1998-04-03,29.2234,29.5286,27.9538,28.3754,26793500,41.18,85.85,27.25,23.77,260
1998-04-09,28.5305,32.0435,28.0459,30.9823,28831200,52.32,85.85,30.73,39.18,260
1998-04-17,31.0114,33.5553,30.1925,33.1337,18574000,59.2,85.85,34.18,48.42,260
1998-04-24,34.7085,35.7358,33.7685,33.9187,24017800,61.38,85.85,34.18,52.66,260
1998-05-01,33.4341,34.161,31.9805,32.1307,14278800,54.25,85.85,34.18,38.85,260
1998-05-08,32.465,33.1337,31.68,32.465,12381200,55.3,85.85,34.18,40.87,260
1998-05-15,32.4941,33.9884,31.7673,33.2594,14507100,57.77,85.85,34.18,45.66,260
1998-05-22,34.0175,34.3237,32.0737,32.0737,12384900,53.05,85.85,34.18,36.53,260
1998-05-29,32.4381,32.4381,29.7945,29.8285,17338700,45.49,85.85,34.18,21.88,260
1998-06-05,29.8577,30.9802,29.43,30.9802,17298000,49.47,85.85,34.18,29.59,260
1998-06-12,31.0726,31.5294,30.1298,30.9219,13396200,49.27,85.85,34.18,29.21,260
1998-06-19,30.3728,32.5888,30.2513,32.3458,15132200,54.06,85.85,34.18,38.49,260
1998-06-26,32.1368,33.4732,31.5877,33.2886,10460300,56.96,85.85,34.18,44.1,260
1998-07-02,33.3809,33.3809,31.1017,31.5294,8113800,50.55,85.85,34.18,31.69,260
1998-07-10,31.4662,33.1379,31.3739,31.8939,10810700,51.76,85.85,34.18,34.03,260
1998-07-17,31.8307,33.0456,30.4019,32.8318,14593500,54.83,85.85,34.18,39.97,260
1998-07-24,32.9533,33.8669,31.8598,32.5596,15404900,53.76,85.85,34.18,37.9,260
1998-07-31,32.0737,33.4392,31.3447,32.6811,10368800,54.19,85.85,34.18,38.73,260
1998-08-07,32.6811,33.3177,32.0154,33.1379,13488200,55.85,85.85,34.18,41.94,260
1998-08-14,32.8026,34.0875,32.0737,33.449,13692800,56.99,85.85,34.18,44.15,260
1998-08-21,33.3857,36.617,33.3857,36.1589,19883500,65.39,85.85,34.18,60.41,260
1998-08-28,36.1589,37.8647,34.8771,35.3352,17690900,61.46,85.85,34.18,52.8,260
1998-09-04,35.1549,35.5789,31.134,34.5749,19054200,58.0,85.85,34.18,46.1,260
1998-09-11,35.4278,37.0118,34.6967,36.4952,10825000,63.58,85.85,34.18,56.91,260
1998-09-18,37.2847,38.0792,35.5253,36.617,15322000,63.91,85.85,34.18,57.54,260
1998-09-25,36.0663,39.785,35.5204,38.2888,13851000,68.14,85.85,34.18,65.74,260
1998-10-02,39.7217,39.7217,35.3986,37.47,13964900,64.17,85.85,34.18,58.05,260
1998-10-09,36.9826,38.8687,33.142,35.7641,19902200,56.75,85.85,34.18,43.68,260
1998-10-16,36.6755,36.9826,34.1168,36.6755,12828000,59.45,85.85,34.18,48.91,260
1998-10-23,36.5537,38.5958,35.6082,37.8647,12558800,62.72,85.85,34.18,55.23,260
1998-10-30,37.894,39.478,37.0703,39.478,10606500,66.65,85.85,34.18,62.84,260
1998-11-06,39.4487,42.8312,38.8687,42.5875,13306900,72.63,85.85,34.18,74.42,260
1998-11-13,41.9149,42.257,40.1808,40.855,7798200,65.57,85.85,34.18,60.76,260
1998-11-20,41.0992,42.6869,40.1515,42.5941,9188200,68.84,85.85,34.18,67.1,260
1998-11-27,42.5306,44.6068,42.5306,44.3968,7686700,71.83,85.85,34.18,72.88,260
1998-12-04,44.1525,44.4261,40.7915,42.0763,11092300,63.4,85.85,34.18,56.56,260
1998-12-11,42.7456,44.4554,41.7685,43.9375,12208000,66.77,85.85,34.18,63.08,260
1998-12-18,43.7519,44.4261,42.1642,42.6527,14372700,62.49,85.85,34.18,54.8,260
1998-12-24,41.6757,42.6234,40.855,41.6464,7739400,59.29,85.85,34.18,48.6,260
1998-12-31,42.0128,44.5482,41.9542,43.4197,5178800,62.9,85.85,34.18,55.59,260
1999-01-08,42.6234,43.449,38.2902,38.5345,16965200,49.8,85.85,34.18,30.23,260
1999-01-15,38.7153,40.6693,36.2433,39.6923,20547600,52.33,85.85,34.18,35.14,260
1999-01-22,39.2673,40.6107,37.6161,39.2038,10479500,51.16,85.85,34.18,32.86,260
1999-01-29,41.4656,45.9503,40.9136,45.7695,21264000,63.13,85.85,34.18,56.03,260
1999-02-05,45.7695,46.1945,42.9898,43.2048,10189700,57.23,85.85,34.18,44.61,260
1999-02-12,42.8677,44.3912,42.2863,44.1756,7861400,58.8,85.85,34.18,47.65,260
1999-02-19,44.0826,46.2867,43.2254,45.5814,10533400,61.03,85.85,34.18,51.96,260
1999-02-26,44.9397,47.6337,44.5724,46.2867,11539200,62.13,85.85,34.18,54.11,260
1999-03-05,46.2867,47.8786,44.6361,47.7267,10516200,64.36,85.85,34.18,58.42,260
1999-03-12,47.2957,47.8198,44.543,45.9879,13514900,59.79,85.85,34.18,49.57,260
1999-03-19,46.1055,47.4818,42.1234,42.8287,18436500,52.49,85.85,34.18,35.45,260
1999-03-26,42.3977,42.8287,40.4384,41.3593,10798400,49.47,85.85,34.18,29.6,260
1999-04-01,42.6132,43.7152,41.5748,42.5544,7069800,51.9,85.85,34.18,34.29,260
1999-04-09,42.4907,44.5724,41.5111,44.205,8505600,55.1,85.85,36.67,37.48,260
1999-04-16,43.9601,44.3275,39.2139,40.316,14410100,47.13,85.85,36.67,21.27,260
1999-04-23,38.4498,38.6359,34.7763,36.3681,22553000,40.69,85.85,36.67,8.18,260
1999-04-30,36.7355,39.4294,35.6971,36.0645,20278100,40.24,85.85,36.67,7.25,260
1999-05-07,36.0645,37.622,35.8783,36.9804,12601500,42.33,85.85,36.67,11.51,260
1999-05-14,36.613,39.1796,35.8783,37.7991,11659700,44.22,85.85,36.67,15.34,260
1999-05-21,37.3373,38.5065,34.7286,35.0332,14459800,39.52,85.85,36.67,5.79,260
1999-05-28,35.0676,35.5589,32.395,35.0971,21027100,39.68,85.85,36.67,6.12,260
1999-06-04,35.0971,37.0622,34.144,36.9688,8663800,44.31,85.85,36.67,15.53,260
1999-06-11,36.9688,37.2145,33.9278,34.0506,13277300,39.25,85.85,36.67,5.24,260
1999-06-18,34.2078,34.9104,33.4365,33.8689,11789700,38.95,85.85,36.67,4.64,260
1999-06-25,34.144,34.144,31.9332,32.3655,13817200,36.49,85.85,36.49,0.0,260
1999-07-02,33.1614,36.9688,31.5648,36.6937,24092000,46.92,85.85,36.49,21.13,260
1999-07-09,36.6937,37.0327,35.8635,36.6004,7254600,46.74,85.85,36.49,20.77,260
1999-07-16,36.846,38.0742,35.6178,37.7696,11497300,49.34,85.85,36.49,26.03,260
1999-07-23,37.7696,38.197,33.5299,33.8394,11301700,41.93,85.85,36.49,11.04,260
1999-07-30,34.5763,34.5763,32.2083,32.2722,15233300,39.4,85.85,36.49,5.9,260
1999-08-06,32.2427,32.6407,30.1843,30.7984,16714000,37.12,85.85,36.49,1.29,260
1999-08-13,30.7984,31.7514,29.8632,31.096,16401500,37.9,85.85,36.49,2.87,260
1999-08-20,31.5004,33.3495,31.313,33.1622,16092100,43.17,85.85,36.49,13.54,260
1999-08-27,33.6553,37.9996,33.532,37.1071,20976100,51.62,85.85,36.49,30.65,260
1999-09-03,37.1712,38.2166,36.2737,38.0637,11824700,53.42,85.85,36.49,34.31,260
1999-09-10,37.9405,37.9405,35.6277,35.6919,6975800,48.58,85.85,36.49,24.5,260
1999-09-17,35.8743,35.9039,32.7331,33.0389,12025400,43.79,85.85,36.49,14.81,260
1999-09-24,32.9452,33.2854,31.4658,32.1463,11888700,42.28,85.85,36.49,11.75,260
1999-10-01,32.4521,34.2125,30.5733,33.8081,14179200,46.01,85.85,36.49,19.3,260
1999-10-08,34.3358,36.5844,33.8722,36.2146,11434100,50.96,85.85,36.49,29.32,260
1999-10-15,35.9976,35.9976,32.1167,32.7331,10115200,44.6,85.85,36.49,16.43,260
1999-10-22,32.1759,34.9522,30.7607,33.8081,25395500,46.8,85.85,36.49,20.9,260
1999-10-29,33.0389,34.1484,32.6395,33.9659,16637600,47.14,85.85,36.49,21.58,260
1999-11-05,33.9955,38.833,33.6553,37.9701,19225500,54.86,85.85,36.49,37.22,260
1999-11-12,37.4769,38.5203,36.2737,38.273,9769100,55.39,85.85,36.49,38.3,260
1999-11-19,37.9614,38.0851,35.612,36.0473,11391100,50.67,85.85,36.49,28.75,260
1999-11-26,35.8593,37.2492,35.429,35.8296,5295200,50.22,85.85,36.49,27.83,260
1999-12-03,35.429,37.4074,34.6871,35.5526,12010300,49.62,85.85,36.49,26.61,260
1999-12-10,35.2707,35.2707,32.4613,32.585,12061100,43.57,85.85,36.49,14.35,260
1999-12-17,32.2734,33.9452,31.4721,33.1686,17763100,44.99,85.85,36.49,17.23,260
1999-12-23,32.4613,33.8809,31.5315,33.7572,9425000,46.45,85.85,36.49,20.2,260
1999-12-31,33.2626,34.8701,32.7383,32.8916,6652700,44.58,85.85,36.49,16.39,260
2000-01-07,32.1497,35.1471,31.0368,35.1471,18080400,50.22,85.85,36.49,27.83,260
2000-01-14,35.1471,35.1471,32.4613,33.7869,17103500,47.11,85.85,36.49,21.52,260
2000-01-21,34.3161,34.3161,31.7194,32.0261,10464000,43.35,85.85,36.49,13.92,260
2000-01-28,31.9667,33.3269,30.4186,32.3031,16925400,44.11,85.85,36.49,15.44,260
2000-02-04,32.6147,33.1389,30.8538,32.0904,12742900,43.63,85.85,36.49,14.47,260
2000-02-11,32.3674,32.3674,30.3284,30.6115,13053200,40.34,85.85,36.49,7.81,260
2000-02-18,30.4873,31.0138,28.9326,29.0568,16014700,37.17,85.85,36.49,1.38,260
2000-02-25,29.6777,30.239,27.8796,28.1578,10373400,35.43,85.85,35.43,0.0,260
2000-03-03,28.3118,30.0502,28.3118,28.8085,16339300,37.7,85.85,35.43,4.5,260
2000-03-10,28.4359,30.7655,26.8217,30.3929,18219700,42.95,85.85,35.43,14.92,260
2000-03-17,30.2986,32.7522,28.5005,30.4873,18772900,43.26,85.85,35.43,15.53,260
2000-03-24,30.4873,32.191,29.6181,30.8549,13826100,44.51,85.85,35.43,18.01,260
2000-03-31,30.7953,32.037,29.5535,31.1082,13303900,45.4,85.85,35.43,19.78,260
2000-04-07,31.9128,34.4609,31.7887,31.9426,16710300,48.36,85.85,35.43,25.64,260
2000-04-14,31.7887,34.7688,31.6645,33.4973,16455000,53.41,85.85,35.43,35.66,260
2000-04-20,33.4973,38.1861,33.4675,37.6249,20795700,63.6,85.85,35.43,55.87,260
2000-04-28,37.6249,38.9908,37.5007,38.3103,17847700,64.97,85.85,35.43,58.59,260
2000-05-05,38.7424,39.706,38.1861,39.6116,14721100,67.47,85.85,35.43,63.55,260
2000-05-12,39.706,39.9842,36.3848,37.601,15475800,60.3,85.85,35.43,49.33,260
2000-05-19,37.5711,38.3486,36.325,37.8502,16243000,60.86,85.85,35.43,50.43,260
2000-05-26,38.0047,39.6894,36.7287,39.2807,11777800,63.97,85.85,35.43,56.61,260
2000-06-02,38.8171,38.8769,36.0409,36.4496,11483300,54.7,85.85,35.43,38.21,260
2000-06-09,35.702,38.1293,35.5126,37.9748,12511700,58.21,85.85,35.43,45.19,260
2000-06-16,38.3785,42.4905,38.2539,42.336,28192100,66.27,85.85,35.43,61.17,260
2000-06-23,41.9323,44.5789,41.8077,42.5204,18605400,66.56,85.85,35.43,61.75,260
2000-06-30,42.5204,54.328,41.8077,49.7824,44975200,75.58,85.85,35.43,79.64,260
2000-07-07,48.8155,52.3343,48.5962,50.3407,14332100,76.11,85.85,35.43,80.7,260
2000-07-14,50.2908,52.0353,45.6356,47.1009,16460400,66.97,85.85,35.43,62.57,260
2000-07-21,47.5993,50.4403,46.9464,48.7856,17588600,69.05,85.85,35.43,66.69,260
2000-07-28,49.2491,51.8359,48.8454,50.9886,14976000,71.58,85.85,35.43,71.7,260
2000-08-04,51.0883,54.1785,49.8921,53.5306,12469400,74.19,85.85,35.43,76.88,260
2000-08-11,52.7331,54.2782,37.3219,38.5081,62884900,46.8,85.85,35.43,22.55,260
2000-08-18,38.9782,39.6634,38.2581,38.2581,19400300,46.49,85.85,35.43,21.94,260
2000-08-25,38.5731,39.1633,37.6329,37.788,11900600,45.88,85.85,35.43,20.73,260
2000-09-01,37.5079,37.883,36.2876,36.3527,12739700,43.98,85.85,35.43,16.96,260
2000-09-08,35.5075,36.0076,33.322,34.6773,20578000,41.81,85.85,35.43,12.65,260
2000-09-15,35.2274,37.5079,34.9474,36.4777,15128000,44.96,85.85,35.43,18.9,260
2000-09-22,36.9778,41.0086,36.7277,40.7586,14603700,51.66,85.85,35.43,32.19,260
2000-09-29,41.1637,41.6038,40.1635,40.5735,11234500,51.37,85.85,35.43,31.61,260
2000-10-06,40.6336,42.4789,39.7884,41.4787,10839100,52.77,85.85,35.43,34.4,260
2000-10-13,41.5087,44.3243,40.9486,43.5092,13689500,55.85,85.85,35.43,40.5,260
2000-10-20,43.3241,45.1345,41.5738,43.1991,19970700,55.26,85.85,35.43,39.32,260
2000-10-27,43.4792,45.2595,42.914,43.7592,13930300,56.16,85.85,35.43,41.12,260
2000-11-03,43.5092,45.6346,43.2591,44.0393,16513200,56.63,85.85,35.43,42.05,260
2000-11-10,43.4141,46.0097,43.2891,45.2595,15426200,58.72,83.48,35.43,48.46,260
2000-11-17,45.2106,45.6169,42.1357,44.8644,13005400,57.75,83.48,35.43,46.44,260
2000-11-24,44.8945,45.5216,42.4818,42.542,8396500,52.29,83.48,35.43,35.09,260
2000-12-01,42.7025,48.7219,42.6674,45.1754,23140200,57.23,83.48,35.43,45.36,260
2000-12-08,44.5835,46.901,44.5835,46.4295,16526300,59.38,83.48,35.43,49.84,260
2000-12-15,45.8978,47.4678,44.0468,44.7691,14414700,55.4,83.48,35.43,41.56,260
2000-12-22,44.5183,46.1486,43.3897,43.9866,12520000,53.58,80.99,35.43,39.84,260
2000-12-29,43.8612,47.1518,43.8612,46.6803,6674600,58.62,80.99,35.43,50.91,260
2001-01-05,46.6502,47.6534,39.7831,40.4753,28917900,46.18,80.99,35.43,23.59,260
2001-01-12,40.6308,42.7627,39.8784,40.1292,17361700,45.59,80.99,35.43,22.31,260
2001-01-19,40.1944,42.3263,39.753,40.5054,11594300,46.38,80.99,35.43,24.04,260
2001-01-26,40.8214,42.3564,40.4753,41.3832,12867300,48.27,80.99,35.43,28.19,260
2001-02-02,41.3832,41.9852,39.131,41.0823,17839900,47.65,80.99,35.43,26.83,260
2001-02-09,41.3732,41.9852,38.6244,40.5054,25019800,46.42,80.99,35.43,24.13,260
2001-02-16,40.8816,40.997,36.736,36.7461,21318500,39.3,80.99,35.43,8.5,260
2001-02-23,37.2494,38.3569,36.6202,38.231,18059300,43.02,80.99,35.43,16.66,260
2001-03-02,38.2562,40.466,37.627,39.9324,14951900,47.02,80.99,35.43,25.45,260
2001-03-09,39.3888,40.3653,37.934,39.7663,18466400,46.68,80.99,35.43,24.69,260
2001-03-16,39.2629,39.9626,36.9575,37.4709,18348600,42.09,80.99,35.43,14.61,260
2001-03-23,37.2041,38.8552,35.241,36.5397,23321000,40.35,80.99,35.43,10.8,260
2001-03-30,36.7964,39.0112,36.5447,38.5884,18057300,45.66,80.99,35.43,22.45,260
2001-04-06,38.7143,39.6908,37.2545,39.0112,18135600,46.71,80.99,35.43,24.76,260
2001-04-12,38.6337,39.7109,38.1807,38.981,13370700,46.64,80.99,35.43,24.61,260
2001-04-20,39.2629,40.7479,39.2629,40.32,17813900,50.18,80.99,35.43,32.39,260
2001-04-27,40.32,41.7194,39.7009,41.6791,13535700,53.56,80.99,35.43,39.79,260
2001-05-04,42.117,43.7329,42.0717,43.31,14709500,57.29,80.99,35.43,47.98,260
2001-05-11,42.7865,43.7933,42.2728,42.3738,12128300,54.58,80.99,35.43,42.03,260
2001-05-18,42.3738,44.7728,42.2728,43.1768,12918500,56.48,80.99,35.43,46.21,260
2001-05-25,43.1768,43.8384,42.2576,42.4344,11612200,54.22,80.99,35.43,41.24,260
2001-06-01,42.4243,43.7424,41.9243,43.6515,9437200,57.24,80.99,35.43,47.88,260
2001-06-08,43.4344,44.6818,43.3586,43.9596,9856600,58.0,80.99,35.43,49.54,260
2001-06-15,43.9394,44.2475,40.8485,41.1111,17404300,49.31,80.99,35.43,30.48,260
2001-06-22,40.7071,41.2829,38.1364,38.5859,18813400,43.15,80.99,35.43,16.94,260
2001-06-29,38.6364,38.7626,37.0101,37.3738,18167200,40.53,80.99,35.43,11.18,260
2001-07-06,37.6263,38.8384,37.6263,37.9344,8724300,42.27,80.99,35.43,15.02,260
2001-07-13,37.9344,38.9798,37.3738,38.2727,16919000,43.35,80.99,35.43,17.39,260
2001-07-20,37.9293,39.6414,37.5,39.0909,15143500,45.99,80.99,35.43,23.17,260
2001-07-27,39.495,40.4041,38.293,39.5859,12223700,47.58,80.99,35.43,26.66,260
2001-08-03,39.9495,40.6465,39.5152,40.0,12501800,48.93,80.99,35.43,29.63,260
2001-08-10,40.101,40.1162,38.7374,39.4445,8902200,47.17,80.99,35.43,25.77,260
2001-08-17,39.1291,40.5989,39.124,40.4469,8977900,50.62,80.99,35.43,33.34,260
2001-08-24,40.2948,42.454,40.2898,42.4084,12185400,56.59,80.99,35.43,46.45,260
2001-08-31,41.9573,42.0131,39.1139,39.347,15801300,47.03,80.99,35.43,25.46,260
2001-09-07,39.6359,40.5989,38.8756,38.8756,12953800,45.75,80.99,35.43,22.65,260
2001-09-10,38.8756,39.4687,38.4651,39.1291,3121200,46.59,80.99,35.43,24.5,260
2001-09-21,39.2558,40.1935,36.3971,37.5021,24064600,42.07,80.99,35.43,14.58,260
2001-09-28,38.6019,41.2274,38.0089,40.9031,20263700,52.45,80.99,35.43,37.37,260
2001-10-05,40.8422,42.0637,39.3825,40.3911,27406900,50.97,80.99,35.43,34.12,260
2001-10-12,40.4722,40.5483,39.6765,39.9856,17083900,49.77,80.99,35.43,31.49,260
2001-10-19,39.9147,40.2898,37.2537,38.5006,38071600,45.55,80.99,35.43,22.21,260
2001-10-26,38.5006,40.5736,38.2674,40.3962,23271800,51.24,80.99,35.43,34.7,260
2001-11-02,40.6243,41.3339,38.4803,39.4788,20157600,48.59,80.99,35.43,28.89,260
2001-11-09,39.9856,40.974,39.5548,39.7728,14420500,49.49,80.99,35.43,30.87,260
2001-11-16,39.494,40.3767,39.0277,40.1935,10741600,50.82,80.99,35.43,33.78,260
2001-11-23,39.929,42.6198,39.9087,41.923,14238800,55.94,80.99,35.43,45.03,260
2001-11-30,41.7093,42.3553,41.2821,42.0501,13538200,56.3,80.99,35.43,45.82,260
2001-12-07,42.747,42.747,41.3787,41.8721,12668700,55.62,80.99,35.43,44.31,260
2001-12-14,41.6076,42.1671,39.9443,41.6127,19349900,54.57,80.99,35.43,42.02,260
2001-12-21,42.0349,42.8792,39.0084,39.8782,28143800,48.08,80.99,35.43,27.76,260
2001-12-28,39.9799,40.748,39.8375,40.6106,6978600,50.74,80.99,35.43,33.62,260
2002-01-04,40.2902,40.3614,39.1712,39.5221,9610300,46.89,80.99,35.43,25.16,260
2002-01-11,39.2475,39.6747,38.2505,38.8609,17492400,44.67,80.99,35.43,20.28,260
2002-01-18,38.8609,39.6951,37.7724,37.9402,15336600,41.71,80.99,35.43,13.79,260
2002-01-25,37.8487,39.0084,37.1823,38.2047,15660100,42.88,80.99,35.43,16.36,260
2002-02-01,38.2251,38.2505,37.0857,38.042,13855200,42.32,80.99,35.43,15.12,260
2002-02-08,38.042,38.2658,36.6991,37.4723,11206300,40.32,80.99,35.43,10.74,260
2002-02-15,37.1111,39.4737,37.0806,39.014,11173200,47.54,78.95,35.43,27.82,260
2002-02-22,39.014,39.5758,38.442,39.3664,10409500,49.05,78.95,35.43,31.3,260
2002-03-01,39.3664,39.8312,38.0743,39.5809,14104000,50.0,78.95,35.43,33.48,260
2002-03-08,39.3256,40.3215,38.9425,39.9384,14758500,51.62,78.95,35.43,37.19,260
2002-03-15,39.9384,40.8526,39.7086,40.7811,14870400,55.28,78.95,35.43,45.61,260
2002-03-22,40.7556,41.4144,40.1019,40.2142,13550400,52.4,78.95,35.43,39.0,260
2002-03-28,40.107,40.2193,38.4574,38.917,12338900,46.45,78.95,35.43,25.32,260
2002-04-05,39.8363,40.2959,38.202,38.4829,17293400,44.62,78.95,35.43,21.12,260
2002-04-12,38.4829,38.7638,37.2827,37.4972,17412300,40.7,78.95,35.43,12.12,260
2002-04-19,38.3041,39.3154,36.823,37.7117,20488200,41.9,78.95,35.43,14.86,260
2002-04-26,37.7934,37.7934,35.4543,35.7607,16946500,34.99,78.95,34.99,0.0,260
2002-05-03,35.6331,35.6382,32.1704,34.1673,30128900,30.56,78.95,30.56,0.0,260
2002-05-10,34.2184,34.6525,32.8956,33.0488,19767300,27.89,78.95,27.89,0.0,260
2002-05-17,32.997,33.7925,32.2222,33.3563,16677100,29.71,78.95,27.89,3.56,260
2002-05-24,33.3563,33.6026,32.4839,32.7456,13770800,28.19,78.95,27.89,0.58,260
2002-05-31,32.9201,33.6077,32.643,33.2023,9178100,31.03,78.95,27.89,6.15,260
2002-06-07,33.2023,33.3563,30.8725,31.4575,17287700,26.68,78.95,26.68,0.0,260
2002-06-14,31.3036,31.8116,29.5844,31.0213,18832600,25.72,78.95,25.72,0.0,260
2002-06-21,30.97,32.3248,29.8975,29.9642,13328100,23.49,78.95,23.49,0.0,260
2002-06-28,29.9693,30.7032,28.6299,28.943,18452900,21.55,78.95,21.55,0.0,260
2002-07-05,28.943,28.9943,25.6022,26.8133,20193700,18.17,76.62,18.17,0.0,260
2002-07-12,26.6337,26.8903,24.1705,25.7921,24439000,16.81,76.62,16.81,0.0,260
2002-07-19,25.7972,27.3521,22.4513,24.7093,45143700,15.49,76.62,15.49,0.0,260
2002-07-26,24.581,27.66,24.1294,27.5574,30369600,30.9,76.62,15.49,25.2,260
2002-08-02,28.3785,30.4004,26.9929,27.6549,28698000,31.36,76.62,15.49,25.96,260
2002-08-09,27.4035,29.7589,26.3515,29.3638,17312300,39.04,76.62,15.49,38.52,260
2002-08-16,29.3638,30.8318,28.1228,29.4644,17028100,39.47,76.62,15.49,39.22,260
2002-08-23,29.2322,32.0961,29.1651,30.739,17126800,44.78,76.62,15.49,47.91,260
2002-08-30,31.0641,31.0641,29.0516,29.9546,13785300,42.32,76.62,15.49,43.88,260
2002-09-06,29.774,29.8256,28.6646,28.9071,13395500,39.22,76.62,15.49,38.82,260
2002-09-13,28.9432,30.3984,28.7936,29.9649,12074800,43.7,76.62,15.49,46.15,260
2002-09-20,29.8772,30.9608,28.484,29.0671,16111200,40.94,76.62,15.49,41.63,260
2002-09-27,28.8452,29.9288,27.9422,28.711,18039100,39.87,76.62,15.49,39.88,260
2002-10-04,28.2827,30.4448,28.1279,28.5975,21562500,39.51,76.62,15.49,39.29,260
2002-10-11,29.0,31.9929,28.8607,31.9929,26819100,53.03,76.62,15.49,61.41,260
2002-10-18,31.998,33.5409,31.4717,32.4779,20347700,54.59,76.11,15.49,64.5,260
2002-10-25,31.9671,32.6998,28.4891,29.387,31155600,44.45,76.11,15.49,47.77,260
2002-11-01,29.516,30.1868,28.3808,29.2786,14471000,44.14,76.11,15.49,47.26,260
2002-11-08,29.6708,32.4573,29.2632,32.1167,23325600,53.31,76.11,15.49,62.39,260
2002-11-15,32.2509,32.5089,30.7674,31.7943,19634400,52.26,76.11,15.49,60.66,260
2002-11-22,31.7995,34.2528,31.1719,34.092,19833600,58.53,76.11,15.49,70.99,260
2002-11-29,34.3098,35.8918,33.1792,35.425,24987600,61.67,76.11,15.49,76.18,260
2002-12-06,35.8659,36.1511,33.6823,33.9416,20151700,56.54,76.11,15.49,67.71,260
2002-12-13,33.8586,35.01,32.9354,33.4385,12801800,54.87,76.11,15.49,64.96,260
2002-12-20,33.231,33.9364,32.2352,32.8057,17676600,52.76,76.11,15.49,61.48,260
2002-12-27,33.091,33.9208,32.4426,32.5931,7147600,52.03,76.11,15.49,60.28,260
2003-01-03,32.5931,34.8493,32.5775,34.7455,10198000,58.28,76.11,15.49,70.58,260
2003-01-10,34.7455,35.6843,34.4136,34.8856,13606200,58.65,76.11,15.49,71.2,260
2003-01-17,35.2175,35.425,34.0298,34.1283,13956400,55.72,76.11,15.49,66.36,260
2003-01-24,34.3098,34.621,31.6387,31.9395,16849300,48.22,76.11,15.49,53.99,260
2003-01-31,31.6387,31.8462,30.4458,31.2445,17200600,46.1,76.11,15.49,50.49,260
2003-02-07,31.6906,32.5516,30.7829,30.9956,14202700,45.33,76.11,15.49,49.22,260
2003-02-14,31.12,31.5246,29.3254,29.5914,16064500,41.15,76.11,15.49,42.33,260
2003-02-21,29.993,30.6451,29.2106,29.9826,12916100,42.74,76.11,15.49,44.94,260
2003-02-28,29.9878,29.9878,28.7359,29.5027,15190900,41.27,76.11,15.49,42.52,260
2003-03-07,29.6018,29.9878,28.7933,29.7218,13803800,42.24,76.11,15.49,44.13,260
2003-03-14,29.6488,29.6488,27.5258,28.1569,17400500,37.47,76.11,15.49,36.25,260
2003-03-21,27.8544,30.4625,27.5466,30.3582,17347700,46.61,76.11,15.49,51.34,260
2003-03-28,30.3582,30.7494,29.3932,30.4416,11991100,46.93,76.11,15.49,51.86,260
2003-04-04,30.1495,32.0482,29.5862,31.9491,13078200,52.43,76.11,15.49,60.93,260
2003-04-11,32.2047,32.7618,30.233,30.4416,14047500,47.17,76.11,15.49,52.25,260
2003-04-17,30.3321,31.1667,30.2538,30.4521,10198400,47.21,76.11,15.49,52.32,260
2003-04-25,30.2538,33.6861,30.2486,33.008,19941400,55.9,76.11,15.49,66.66,260
2003-05-02,32.9141,33.8739,32.7367,33.5087,15125000,57.38,76.11,15.49,69.1,260
2003-05-09,33.5244,33.853,33.0288,33.4618,15528400,57.19,76.11,15.49,68.78,260
2003-05-16,33.2792,33.6847,32.982,33.3124,13054900,56.53,76.11,15.49,67.7,260
2003-05-23,31.9963,33.1341,29.6314,30.4651,32943700,45.78,76.11,15.49,49.96,260
2003-05-30,30.2816,31.409,29.731,31.3408,17788800,48.99,76.11,15.49,55.26,260
2003-06-06,31.7655,33.0869,30.397,32.0801,21298700,51.6,76.11,15.49,59.56,260
2003-06-13,32.0592,34.3454,31.0524,34.1933,23215100,58.18,76.11,15.49,70.42,260
2003-06-20,34.5813,37.4391,34.4607,35.9342,30363000,62.68,76.11,15.49,77.85,260
2003-06-27,35.8555,36.663,34.7753,35.7192,21491500,61.8,76.11,15.49,76.39,260
2003-07-03,35.7349,36.6997,35.6667,36.3222,13229200,63.36,76.11,15.49,78.97,260
2003-07-11,36.4428,36.9357,34.9222,35.3679,15709000,59.23,76.11,15.49,72.16,260
2003-07-18,35.866,35.8975,34.251,35.2263,15707800,58.62,76.11,15.49,71.15,260
2003-07-25,35.2263,35.7874,32.442,35.3154,13454100,58.91,76.11,15.49,71.62,260
2003-08-01,35.2368,35.4308,33.2547,33.5588,16522800,51.35,76.11,15.49,59.15,260
2003-08-08,33.5588,34.2824,32.8247,32.9978,13107100,49.18,76.11,15.49,55.57,260
2003-08-15,32.8772,33.1966,32.0579,32.4902,11079900,47.23,76.11,15.49,52.36,260
2003-08-22,32.4216,33.9715,32.158,33.107,24018600,49.83,76.11,15.49,56.65,260
2003-08-29,33.107,35.1102,33.0859,35.0733,15665900,57.08,76.11,15.49,68.61,260
2003-09-05,35.1102,35.3317,31.7626,32.158,32578400,46.38,76.11,15.49,50.95,260
2003-09-12,32.3584,32.991,32.0579,32.4164,16629400,47.32,76.11,15.49,52.51,260
2003-09-19,32.6325,32.6325,31.6045,31.7416,15022500,45.09,76.11,15.49,48.83,260
2003-09-26,31.7416,31.7574,30.529,30.5712,16174100,41.44,76.11,15.49,42.81,260
2003-10-03,30.6239,33.8977,30.5243,33.4233,26575900,51.7,76.11,15.49,59.73,260
2003-10-10,33.476,33.671,32.6536,32.8486,12313800,49.81,76.11,15.49,56.6,260
2003-10-17,32.8486,33.1275,32.1686,32.2424,12441600,47.82,76.11,15.49,53.32,260
2003-10-24,32.3267,34.9468,31.8101,34.9468,22902500,56.22,76.11,15.49,67.18,260
2003-10-31,34.9468,35.7956,34.7939,35.1208,18354800,56.7,76.11,15.49,67.98,260
2003-11-07,35.1261,35.2948,34.214,34.7149,12809100,55.17,76.11,15.49,65.45,260
2003-11-14,34.5725,38.1385,34.197,37.7676,24495900,63.21,76.11,15.49,78.71,260
2003-11-21,36.8245,38.573,36.7768,36.8828,22118700,59.86,76.11,15.49,73.18,260
2003-11-28,37.153,37.6087,36.2152,36.4536,15703800,58.24,76.11,15.49,70.53,260
2003-12-05,36.3265,37.455,36.1622,36.4536,16115600,58.24,76.11,15.49,70.53,260
2003-12-12,36.4536,38.2498,36.2682,38.2498,16925700,63.07,76.11,15.49,78.49,260
2003-12-19,38.5094,39.1505,37.9796,39.1505,15404400,65.24,76.11,15.49,82.07,260
2003-12-26,38.9545,38.9545,37.0841,37.4179,10462700,58.16,76.11,15.49,70.39,260
2004-01-02,37.7782,38.2286,37.1106,37.7464,13135400,59.07,76.11,15.49,71.88,260
2004-01-09,37.3014,37.7253,35.7542,35.8072,26556400,51.91,76.11,15.49,60.08,260
2004-01-16,36.0032,37.1795,35.9238,37.1212,19647400,55.82,76.11,15.49,66.52,260
2004-01-23,37.1424,37.6352,36.602,36.8033,14860800,54.66,76.11,15.49,64.62,260
2004-01-30,36.5649,36.7662,35.2615,36.0509,20915300,51.92,76.11,15.49,60.09,260
2004-02-06,35.9132,38.6207,35.7754,38.5995,19561600,59.36,76.11,15.49,72.36,260
2004-02-13,38.626,39.7678,38.2869,39.129,21760000,60.72,76.11,15.49,74.6,260
2004-02-20,39.1343,39.1662,38.3517,38.5806,10424200,58.53,76.11,15.49,71.0,260
2004-02-27,38.586,39.6401,37.2657,39.3632,12841400,60.71,76.11,15.49,74.58,260
2004-03-05,39.3153,39.3153,38.2186,39.1077,11131600,59.61,76.11,15.49,72.77,260
2004-03-12,39.1822,39.3845,36.7333,37.7608,17805200,54.06,76.11,15.49,63.62,260
2004-03-19,37.4467,37.7821,36.4884,36.5364,15459000,49.54,76.11,15.49,56.17,260
2004-03-26,36.5364,36.8558,34.343,34.6039,22776800,43.38,76.11,15.49,46.01,260
2004-04-02,34.737,36.9463,34.6944,36.5736,23906600,50.18,76.11,15.49,57.23,260
2004-04-08,36.7067,37.3456,36.2648,36.6694,13262700,50.49,76.11,15.49,57.74,260
2004-04-16,36.9889,39.0491,36.6109,38.57,19270000,56.33,76.11,15.49,67.36,260
2004-04-23,38.5966,39.7998,38.1867,38.9427,18494700,57.39,76.11,15.49,69.11,260
2004-04-30,39.0278,39.8636,38.735,39.294,13676900,58.41,76.11,15.49,70.8,260
2004-05-07,39.2993,40.9656,39.294,40.2203,16882800,61.07,76.11,15.49,75.18,260
2004-05-14,40.2203,40.5398,38.5632,39.5047,15945800,57.98,76.11,15.49,70.1,260
2004-05-21,38.9644,39.2372,38.2155,38.5043,14420400,53.89,76.11,15.49,63.34,260
2004-05-28,38.5685,39.8417,37.611,39.4084,15163600,56.85,76.11,15.49,68.23,260
2004-06-04,39.5047,40.5638,39.4084,40.1198,10399000,59.09,76.11,15.49,71.91,260
2004-06-10,40.4675,40.4782,39.2158,39.3923,9238400,55.9,76.11,15.49,66.66,260
2004-06-18,39.2104,39.6223,38.729,39.3602,12622600,55.76,76.11,15.49,66.43,260
2004-06-25,39.2104,39.3121,38.1887,38.1941,12080400,50.7,76.11,15.49,58.07,260
2004-07-02,38.3813,38.7344,36.4983,37.1082,22900600,46.46,76.11,15.49,51.09,260
2004-07-09,37.0012,37.2152,35.7334,35.8404,12535600,42.05,76.11,15.49,43.81,260
2004-07-16,35.8457,36.953,35.1129,35.4659,15560200,40.82,76.11,15.49,41.78,260
2004-07-23,35.4285,35.8083,33.5027,33.5455,21958900,35.13,76.11,15.49,32.39,260
2004-07-30,33.7541,34.4335,32.9732,34.0858,18572500,37.76,76.11,15.49,36.73,260
2004-08-06,34.0858,34.4977,32.2296,32.6308,15129900,33.79,76.11,15.49,30.18,260
2004-08-13,32.7645,33.8057,31.9782,33.1225,15135500,36.23,76.11,15.49,34.21,260
2004-08-20,33.3377,34.8278,33.2301,34.6987,14705100,43.43,76.11,15.49,46.08,260
2004-08-27,34.6987,34.9462,34.0424,34.6019,11467300,43.1,76.11,15.49,45.55,260
2004-09-03,34.4297,35.1022,33.7842,34.9569,11369900,44.72,76.11,15.49,48.22,260
2004-09-10,35.1291,35.7746,34.9139,35.425,9788000,46.87,76.11,15.49,51.76,260
2004-09-17,35.4949,36.205,35.2098,35.7155,14815800,48.21,76.11,15.49,53.97,260
2004-09-24,35.6617,35.7424,34.0209,34.2468,12628700,42.38,76.11,15.49,44.35,260
2004-10-01,34.2522,34.349,32.1272,33.031,19611000,38.25,76.11,15.49,37.55,260
2004-10-08,33.031,33.5582,31.7453,31.7829,18780400,34.53,76.11,15.49,31.41,260
2004-10-15,31.826,32.0089,30.0346,30.8523,24376800,32.03,76.11,15.49,27.29,260
2004-10-22,30.664,31.089,27.7751,27.8935,34100100,25.67,76.11,15.49,16.79,260
2004-10-29,27.8935,30.438,27.0811,29.5396,33241600,33.58,76.11,15.49,29.83,260
2004-11-05,29.5396,31.6269,29.3513,30.9868,28691700,39.65,76.11,15.49,39.86,260
2004-11-12,30.7716,31.0137,29.8148,30.432,15116800,38.21,76.11,15.49,37.48,260
2004-11-19,30.3995,31.1304,29.831,29.896,17357900,36.82,76.11,15.49,35.18,260
2004-11-26,29.9068,30.4266,29.1435,29.6416,12875700,36.14,76.11,15.49,34.06,260
2004-12-03,29.9123,30.0855,28.8619,29.5062,18726400,35.77,76.11,15.49,33.45,260
2004-12-10,29.5062,29.8852,28.9215,29.7986,17702200,37.28,76.11,15.49,35.94,260
2004-12-17,30.0205,31.3036,28.889,30.3291,30836900,40.04,76.11,15.49,40.5,260
2004-12-23,30.3508,31.282,29.7823,31.0005,16709100,43.44,76.11,15.49,46.1,260
2004-12-31,31.06,31.4065,30.6973,30.7243,13776200,42.38,76.11,15.49,44.35,260
2005-01-07,30.7352,30.8814,30.0205,30.4591,16717500,41.33,76.11,15.49,42.62,260
2005-01-14,30.3724,31.3091,30.2642,30.995,17640100,44.32,76.11,15.49,47.56,260
2005-01-21,30.995,31.2278,29.9285,29.9501,12311400,40.03,76.11,15.49,40.49,260
2005-01-28,30.0747,30.9517,28.6183,29.0081,22249300,36.6,76.11,15.49,34.82,260
2005-02-04,29.0947,30.0422,29.046,29.7931,15934900,41.13,76.11,15.49,42.3,260
2005-02-11,29.9285,30.902,29.5062,30.2533,12080900,43.68,76.11,15.49,46.49,260
2005-02-18,30.4986,30.515,29.6265,29.7627,15208200,41.61,76.11,15.49,43.09,260
2005-02-25,29.8009,30.4605,29.7082,30.4332,10991300,45.41,76.11,15.49,49.35,260
2005-03-04,30.4496,31.071,30.1225,30.9402,13562700,48.15,76.11,15.49,53.88,260
2005-03-11,31.0655,31.2999,29.8172,29.899,16700600,43.33,76.11,15.49,45.93,260
2005-03-18,29.9208,29.9808,28.1547,28.6289,24418900,38.3,76.11,15.49,37.62,260
2005-03-24,28.6289,29.2776,28.1547,28.8361,14383300,39.53,76.11,15.49,39.66,260
2005-04-01,28.8415,28.847,27.8494,27.9039,20151000,36.04,76.11,15.49,33.9,260
2005-04-08,28.0838,29.8009,27.844,29.6047,21669300,45.5,76.11,15.49,49.51,260
2005-04-15,29.6047,32.6463,28.8361,31.6543,75346700,54.28,76.11,15.49,63.98,260
2005-04-22,31.6979,32.5428,31.4853,31.8341,35124100,54.97,76.11,15.49,65.12,260
2005-04-29,31.905,32.2648,31.1855,31.8723,19291400,55.12,76.11,15.49,65.37,260
2005-05-06,31.9977,33.2405,31.5779,32.8044,23091700,58.82,76.11,15.49,71.47,260
2005-05-13,32.7499,32.7533,31.9358,32.2376,15326300,55.81,76.11,15.49,66.5,260
2005-05-20,32.3308,33.3732,32.1553,32.3144,18205700,56.13,76.11,15.49,67.04,260
2005-05-27,32.1991,32.6326,31.848,32.3967,13569200,56.51,76.11,15.49,67.66,260
2005-06-03,32.4021,32.4899,31.6286,31.6286,12243900,52.07,76.11,15.49,60.33,260
2005-06-10,31.6834,32.3308,31.1293,31.2665,14380400,50.07,76.11,15.49,57.04,260
2005-06-17,31.2774,32.3582,30.9976,32.1059,14164100,54.43,76.11,15.49,64.24,260
2005-06-24,31.9303,32.1223,31.2171,31.2226,12936900,49.53,76.11,15.49,56.14,260
2005-07-01,31.0525,31.2555,30.2899,30.4051,15330100,45.44,74.19,15.49,51.03,260
2005-07-08,30.2515,30.9373,30.0375,30.8605,12672300,48.01,74.19,15.49,55.41,260
2005-07-15,31.1074,31.3433,30.7562,31.0854,16277500,49.29,74.19,15.49,57.57,260
2005-07-22,31.069,31.4914,30.0595,30.1747,20662100,44.54,74.19,15.49,49.48,260
2005-07-29,30.257,31.0031,29.8181,30.8989,17454500,48.76,65.24,15.49,66.88,260
2005-08-05,30.9044,31.272,29.0774,29.3243,29072800,41.38,65.24,15.49,52.04,260
2005-08-12,29.3298,29.851,28.9897,29.51,16209500,42.49,65.24,15.49,54.26,260
2005-08-19,29.5321,29.5818,28.7199,29.0458,17732400,40.43,65.24,15.49,50.13,260
2005-08-26,29.1729,29.9078,28.9077,29.51,23229900,43.38,65.24,15.49,56.06,260
2005-09-02,29.5155,30.4271,29.405,30.2503,18505500,47.82,65.24,15.49,64.97,260
2005-09-09,30.3885,31.4603,30.3553,31.3388,12380300,53.57,65.24,15.49,76.55,260
2005-09-16,31.2614,31.5432,30.2448,30.499,18266100,49.07,65.24,15.49,67.5,260
2005-09-23,30.3608,30.3885,29.6039,29.7199,17622100,45.28,65.24,15.49,59.87,260
2005-09-30,29.8359,30.057,29.0735,29.5707,19919800,44.56,65.24,15.49,58.44,260
2005-10-07,29.5044,30.057,29.2006,29.51,22381600,44.26,65.24,15.49,57.82,260
2005-10-14,29.3663,29.4326,28.4657,29.0735,19974100,42.03,65.24,15.49,53.35,260
2005-10-21,28.8967,28.9298,27.8911,28.0126,34535600,37.14,65.24,15.49,43.52,260
2005-10-28,28.0126,28.2171,27.5375,27.6204,27995200,35.5,65.24,15.49,40.22,260
2005-11-04,27.7474,28.1452,27.4601,28.0845,22046800,38.94,65.24,15.49,47.14,260
2005-11-11,28.1729,28.8877,28.0458,28.3756,20433400,41.07,65.24,15.49,51.41,260
2005-11-18,28.9433,28.9433,27.5351,28.0194,17556900,39.27,65.24,15.49,47.79,260
2005-11-25,27.9693,28.4702,27.908,28.1307,10097400,40.15,65.24,15.49,49.57,260
2005-12-02,28.1919,28.9099,27.8357,28.704,20238200,44.62,65.24,15.49,58.55,260
2005-12-09,28.6261,30.6131,28.3589,29.7281,29132900,51.57,65.24,15.49,72.53,260
2005-12-16,30.0009,31.6707,29.9007,31.5371,26298400,60.91,65.24,15.49,91.3,260
2005-12-23,32.0881,32.4221,31.6094,32.116,21360600,63.35,65.24,15.49,96.19,260
2005-12-30,32.116,32.3052,31.4536,31.4981,11360100,59.11,65.24,15.49,87.68,260
2006-01-06,31.8321,32.3497,31.2532,32.1827,14177500,62.13,65.24,15.49,93.75,260
2006-01-13,32.2161,32.8395,32.0436,32.2551,14220300,62.45,65.24,15.49,94.39,260
2006-01-20,32.0325,32.2551,31.5037,31.6707,15180500,58.23,65.24,15.49,85.9,260
2006-01-27,31.7709,32.2273,31.4536,32.0325,25652100,60.03,65.24,15.49,89.52,260
2006-02-03,32.0937,32.1883,31.0027,31.0918,21124400,53.56,65.24,15.49,76.52,260
2006-02-10,31.0306,31.6317,30.3905,31.0473,16833100,53.27,65.24,15.49,75.93,260
2006-02-17,31.2716,31.6753,30.7334,31.3053,15475200,54.81,65.24,15.49,79.03,260
2006-02-24,31.2156,31.5632,31.0866,31.4062,10232600,55.43,65.24,15.49,80.27,260
2006-03-03,31.5127,31.9949,30.7503,31.2324,15327600,54.05,65.24,15.49,77.51,260
2006-03-10,31.395,32.4602,31.2716,32.0958,18577800,59.43,65.24,15.49,88.32,260
2006-03-17,32.2527,32.3593,31.6473,32.0061,15944800,58.66,65.24,15.49,86.78,260
2006-03-24,32.3985,33.2114,32.1014,32.9984,16515300,64.18,65.24,15.49,97.86,260
2006-03-31,32.9984,33.06,30.9465,31.0025,25797000,49.79,65.24,15.49,68.94,260
2006-04-07,31.0082,31.3389,29.9149,30.0158,21945000,44.48,65.24,15.49,58.27,260
2006-04-13,30.0495,30.1224,29.4328,29.8645,12315100,43.71,65.24,15.49,56.72,260
2006-04-21,29.8925,30.7222,29.3936,29.6739,26078400,42.71,65.24,15.49,54.71,260
2006-04-28,29.6178,29.8421,28.547,29.6683,17373000,42.68,65.24,15.49,54.64,260
2006-05-05,29.4384,29.7411,28.6087,29.6795,20990600,42.77,65.24,15.49,54.82,260
2006-05-12,29.5169,29.8925,28.3975,28.4992,26241400,36.33,65.24,15.49,41.9,260
2006-05-19,28.5331,29.4936,28.5048,28.8212,19205500,39.03,65.24,15.49,47.31,260
2006-05-26,28.5896,29.6631,28.3579,29.5331,18007000,44.61,65.24,15.49,58.53,260
2006-06-02,29.4936,29.6631,28.8269,29.3975,13270400,43.79,65.24,15.49,56.88,260
2006-06-09,29.3241,29.4314,28.7195,29.3467,18822700,43.46,65.24,15.49,56.23,260
2006-06-16,29.3919,30.7485,29.1207,30.6519,22515100,53.05,65.24,15.49,75.5,260
2006-06-23,30.7818,31.1208,30.3976,30.6801,15581400,53.24,65.24,15.49,75.87,260
2006-06-30,30.5615,31.4485,30.0699,31.2282,16283000,56.79,65.24,15.49,83.01,260
2006-07-07,31.3129,32.1887,31.2282,31.7762,11837400,60.06,65.24,15.49,89.58,260
2006-07-14,31.844,31.9514,30.6858,30.827,13033400,52.63,65.24,15.49,74.65,260
2006-07-21,30.8553,32.1379,30.5106,30.8779,20141400,52.97,65.24,15.49,75.33,260
2006-07-28,30.9005,32.3074,30.7988,32.1548,20391800,60.53,65.24,15.49,90.53,260
2006-08-04,31.9514,32.4825,31.5898,31.7932,15122600,57.7,65.24,15.49,84.84,260
2006-08-11,31.861,31.861,30.6384,30.94,16245900,51.57,65.24,15.49,72.53,260
2006-08-18,31.0539,31.9247,30.6953,31.3214,17539200,53.93,65.24,15.49,77.26,260
2006-08-25,31.3043,31.6003,30.9628,31.3384,12319000,54.04,65.24,15.49,77.48,260
2006-09-01,31.2986,32.1011,31.2986,31.8735,15963300,57.4,65.24,15.49,84.24,260
2006-09-08,31.9987,32.0101,31.1051,31.4523,9743600,54.05,65.24,15.49,77.5,260
2006-09-15,31.2474,31.6629,30.7181,31.1905,42784800,52.01,65.24,15.49,73.41,260
2006-09-22,31.1791,32.2207,31.1335,31.8336,19975300,56.36,65.24,15.49,82.14,260
2006-09-29,31.9304,32.6418,31.7198,32.4426,20320100,60.04,65.24,15.49,89.55,260
2006-10-06,32.3345,32.9777,32.158,32.7614,19796100,61.86,65.24,15.49,93.21,260
2006-10-13,32.6646,32.8695,32.289,32.6532,15229900,60.85,65.24,15.49,91.17,260
2006-10-20,32.6532,33.285,32.1694,32.5792,21327800,60.13,65.24,15.49,89.72,260
2006-10-27,32.3686,33.0403,32.2093,32.4597,19093000,58.91,65.24,15.49,87.27,260
2006-11-03,32.3914,32.5109,31.6686,31.919,21426600,53.61,65.24,15.49,76.62,260
2006-11-10,31.919,32.7158,30.701,30.8148,31482600,44.76,65.24,15.49,58.84,260
2006-11-17,30.888,31.5359,30.5956,31.2779,31519700,48.59,65.24,15.49,66.54,260
2006-11-24,31.1059,31.3008,30.7619,30.9052,15225900,45.84,65.24,15.49,61.0,260
2006-12-01,30.8536,31.1575,30.5268,30.6185,22425000,43.78,65.24,15.49,56.86,260
2006-12-08,30.7275,31.4901,30.5612,30.9625,24879400,46.86,65.24,15.49,63.06,260
2006-12-15,30.9052,31.2894,30.6644,31.2607,20784700,49.45,65.24,15.49,68.26,260
2006-12-22,30.7963,31.0199,29.3169,29.4431,40745200,37.47,65.24,15.49,44.19,260
2006-12-29,29.4718,30.2745,29.3857,29.8731,26062800,41.11,65.24,15.49,51.49,260
2007-01-05,30.0165,30.3204,29.7412,29.8387,21247000,40.9,65.24,15.49,51.08,260
2007-01-12,29.9362,30.3433,29.5692,30.1598,23441800,43.72,65.24,15.49,56.75,260
2007-01-19,30.2745,30.6472,30.1082,30.3662,16979500,45.52,65.24,15.49,60.36,260
2007-01-26,30.1426,30.6472,30.0853,30.2687,23231200,44.79,65.24,15.49,58.9,260
2007-02-02,30.3318,31.5589,30.1311,31.3066,28286600,53.35,65.24,15.49,76.09,260
2007-02-09,31.2091,31.4327,30.9797,31.0944,20972000,51.59,65.24,15.49,72.56,260
2007-02-16,31.3926,31.8464,31.0944,31.7771,17203100,56.55,65.24,15.49,82.54,260
2007-02-23,31.8002,31.8984,31.0605,31.3263,13324000,52.71,65.24,15.49,74.81,260
2007-03-02,31.4708,31.5864,29.8816,29.9163,32404100,42.89,65.24,15.49,55.07,260
2007-03-09,29.6274,30.5809,29.5927,30.3902,25810300,46.5,65.24,15.49,62.32,260
2007-03-16,30.2746,30.6502,29.6736,30.1532,24369700,44.97,65.24,15.49,59.24,260
2007-03-23,30.1821,31.3668,30.1186,31.0952,21651600,51.76,65.24,15.49,72.9,260
2007-03-30,30.9103,31.2512,30.4075,31.0374,24273500,51.34,65.24,15.49,72.06,260
2007-04-05,31.1819,32.1411,31.1472,32.0602,17672500,57.84,65.24,15.49,85.13,260
2007-04-13,32.0313,32.9386,31.9389,32.8692,19545100,62.15,65.24,15.49,93.79,260
2007-04-20,33.2275,35.2501,32.9444,34.9958,46458400,70.64,70.64,15.49,100.0,260
2007-04-27,34.7935,34.834,34.025,34.4468,26472400,66.5,70.64,15.49,92.48,260
2007-05-04,34.6606,34.6606,33.9556,34.4064,27489700,66.19,70.64,15.49,91.92,260
2007-05-11,34.4121,34.6549,33.702,34.0105,31574500,63.1,70.64,15.49,86.33,260
2007-05-18,34.0163,34.6916,34.0163,34.5577,18560400,65.5,70.64,15.49,90.67,260
2007-05-25,34.5751,34.9244,34.1095,34.5519,18555800,65.45,70.64,15.49,90.58,260
2007-06-01,34.5169,34.6566,33.9814,34.3074,17537300,63.32,70.64,15.49,86.72,260
2007-06-08,34.3074,34.4762,32.8289,33.1898,35238300,54.59,70.64,15.49,70.89,260
2007-06-15,33.2189,33.9174,32.8173,33.5973,24751800,56.92,70.64,15.49,75.12,260
2007-06-22,33.5973,33.7602,32.3516,32.4797,21794500,49.42,70.64,15.49,61.52,260
2007-06-29,32.5321,33.0035,32.1886,32.5262,23813700,49.72,70.64,15.49,62.06,260
2007-07-06,32.7358,33.1782,32.6543,32.9686,11094400,52.57,70.64,15.49,67.23,260
2007-07-13,33.0501,33.2655,32.1013,33.1316,20178500,53.61,70.64,25.67,62.13,260
2007-07-20,32.9686,33.3586,32.4564,32.6136,24872100,49.86,70.64,25.67,53.78,260
2007-07-27,32.8406,34.3074,32.0198,32.0257,38831300,45.93,70.64,25.67,45.04,260
2007-08-03,31.9791,32.1828,31.1584,31.5076,31067000,42.73,70.64,25.67,37.93,260
2007-08-10,31.5891,34.354,31.5076,33.2713,38217800,54.38,70.64,25.67,63.83,260
2007-08-17,33.2499,33.5431,31.4789,32.728,30079300,50.94,70.64,25.67,56.19,260
2007-08-24,32.7163,33.1971,32.1357,33.1971,22728300,53.66,70.64,25.67,62.24,260
2007-08-31,33.0857,33.7073,32.6283,33.6311,24852400,56.09,70.64,25.67,67.64,260
2007-09-07,33.6194,34.1413,32.8453,32.9391,20489100,51.46,70.64,25.67,57.34,260
2007-09-14,33.203,33.8305,32.7221,33.3203,22539800,53.73,70.64,25.67,62.38,260
2007-09-21,33.3262,34.0123,32.5345,33.7894,22523500,56.42,70.64,25.67,68.38,260
2007-09-28,33.9478,34.1178,33.2734,33.3848,23247600,53.53,70.64,25.67,61.94,260
2007-10-05,33.4786,35.0795,33.4493,34.8743,21250600,61.39,70.64,25.67,79.41,260
2007-10-12,34.757,34.8391,34.0005,34.3231,19196500,57.51,70.64,25.67,70.79,260
2007-10-19,34.3758,34.4949,32.7632,32.8746,32160800,48.79,70.64,25.67,51.41,260
2007-10-26,32.7456,33.5021,30.3765,30.8925,47834000,39.88,70.64,25.67,31.6,260
2007-11-02,30.9101,31.9129,30.7987,30.8867,45323800,39.86,70.64,25.67,31.54,260
2007-11-09,31.1154,31.1388,29.8252,30.2064,40653700,37.16,70.64,25.67,25.54,260
2007-11-16,30.2123,31.674,30.0539,30.6276,34840100,39.87,70.64,25.67,31.58,260
2007-11-23,30.3734,30.5508,29.0197,30.0247,23563100,37.38,70.64,25.67,26.04,260
2007-11-30,30.1015,31.5085,29.2621,31.3015,30340900,45.19,70.64,25.67,43.4,260
2007-12-07,31.1242,32.3656,30.5922,32.0996,26186900,49.43,70.64,25.67,52.84,260
2007-12-14,32.2474,32.7144,31.6208,31.7508,28319200,47.7,70.64,25.67,48.97,260
2007-12-21,31.6681,32.0996,31.1597,32.0582,33616300,49.38,70.64,25.67,52.73,260
2007-12-28,32.0937,32.2178,31.5676,31.9518,10784500,48.8,70.64,25.67,51.42,260
2008-01-04,31.7449,31.8336,30.5508,30.6217,20227500,42.06,70.64,25.67,36.45,260
2008-01-11,30.8641,33.8258,30.8405,33.5834,43800300,56.47,70.64,25.67,68.48,260
2008-01-18,33.8258,34.0031,31.5676,31.7508,39115200,48.44,70.64,25.67,50.63,260
2008-01-25,30.7281,31.3311,29.5872,29.9951,42288600,42.25,70.64,25.67,36.86,260
2008-02-01,30.1902,31.2838,29.8059,30.539,41043600,44.61,70.64,25.67,42.11,260
2008-02-08,30.5449,30.9587,29.5576,29.6936,26055900,41.75,70.64,25.67,35.75,260
2008-02-15,29.6581,30.6093,29.3744,30.3229,27637600,44.6,70.64,25.67,42.08,260
2008-02-22,30.5496,30.6153,29.5353,30.1379,24729100,43.92,70.64,25.67,40.57,260
2008-02-29,30.0961,31.3313,29.6367,29.8455,28274800,42.81,70.64,25.67,38.1,260
2008-03-07,29.9052,30.2036,29.4637,29.6546,26204700,42.06,70.64,25.67,36.44,260
2008-03-14,29.6546,30.3169,28.2405,28.5269,35437400,37.85,70.64,25.67,27.09,260
2008-03-20,27.8825,30.6153,27.8049,29.7381,27164700,44.3,70.64,25.67,41.42,260
2008-03-28,29.7978,30.478,29.577,30.0066,27266000,45.64,70.64,25.67,44.41,260
2008-04-04,29.9649,31.5878,29.9171,31.194,32175300,51.25,70.64,25.67,56.88,260
2008-04-11,31.4804,31.8623,30.8181,30.9852,26918900,50.27,70.64,25.67,54.69,260
2008-04-18,31.015,31.4088,30.5795,31.0687,27856100,50.67,70.64,25.67,55.6,260
2008-04-25,30.0961,30.2811,28.7954,29.4517,34266600,43.29,70.64,25.67,39.17,260
2008-05-02,29.5651,29.7739,28.5567,29.4637,29537900,43.35,70.64,25.67,39.31,260
2008-05-09,29.3921,29.3921,28.4971,28.7894,22837400,40.5,70.64,25.67,32.97,260
2008-05-16,28.8789,30.0381,28.6221,29.4958,23671400,44.61,70.64,25.67,42.11,260
2008-05-23,29.5199,29.9899,28.6522,28.6643,19303300,41.02,70.64,25.67,34.12,260
2008-05-30,28.7305,29.4777,28.6221,29.0077,16857300,43.06,70.64,25.67,38.66,260
2008-06-06,29.0921,30.02,28.5678,29.1764,36277600,44.08,70.64,25.67,40.94,260
2008-06-13,29.3873,29.3873,28.4714,29.1222,24537400,43.81,70.64,25.67,40.33,260
2008-06-20,28.8752,29.2849,28.0978,28.2786,28865800,39.7,70.64,25.67,31.19,260
2008-06-27,28.3449,28.7667,27.4591,27.4832,34593200,36.24,70.64,25.67,23.51,260
2008-07-03,27.5796,28.381,27.3326,28.3087,21058500,41.89,70.64,25.67,36.07,260
2008-07-11,28.2666,29.8031,27.67,28.7245,33883500,44.56,70.64,25.67,42.0,260
2008-07-18,29.0137,29.2909,28.5016,28.8691,33193300,45.5,70.64,25.67,44.08,260
2008-07-25,28.9053,29.2246,28.0255,28.8089,26168000,45.15,70.64,25.67,43.32,260
2008-08-01,28.8149,29.5982,28.0617,28.3449,27354100,42.5,70.64,25.67,37.42,260
2008-08-08,28.2666,29.2728,28.2666,29.2307,23513300,48.69,70.64,25.67,51.19,260
2008-08-15,29.2246,29.9959,28.9806,29.6789,26426500,51.54,70.64,25.67,57.52,260
2008-08-22,29.6972,29.7033,28.3343,29.2226,25535300,48.59,70.64,25.67,50.95,260
2008-08-29,29.1496,29.5876,28.2674,28.383,21881700,43.63,70.64,25.67,39.94,260
2008-09-05,28.7237,28.9671,27.4529,27.6468,19510000,39.8,70.64,25.67,31.42,260
2008-09-12,28.1761,29.1313,27.7015,28.3525,28707800,44.8,70.64,25.67,42.54,260
2008-09-19,27.8962,28.8028,26.655,28.4073,44452400,45.19,70.64,25.67,43.39,260
2008-09-26,28.3343,29.034,27.6224,28.4864,36010800,45.77,70.64,25.67,44.69,260
2008-10-03,27.2026,28.0179,25.0914,25.134,40531100,30.83,70.64,25.67,11.47,260
2008-10-10,24.7263,24.7628,17.7964,19.0802,70102200,18.86,70.64,18.86,0.0,260
2008-10-17,19.7799,22.8524,19.1653,19.5912,48991100,21.62,70.64,18.86,5.34,260
2008-10-24,19.8103,21.0758,18.9463,19.3053,39407600,21.19,70.64,18.86,4.5,260
2008-10-31,19.0437,21.021,18.1919,20.5769,39280000,28.12,70.64,18.86,17.88,260
2008-11-07,20.9541,21.6842,19.8346,20.8081,28918400,29.34,70.64,18.86,20.23,260
2008-11-14,21.1549,21.599,19.6074,19.7927,38082400,27.16,70.64,18.86,16.03,260
2008-11-21,19.5766,20.9718,17.6689,18.7864,38095700,25.17,70.64,18.86,12.19,260
2008-11-28,19.0765,21.299,18.8357,21.0829,22963700,36.59,70.64,18.86,34.25,260
2008-12-05,20.5705,21.762,18.9098,21.5707,35331700,38.73,70.64,18.86,38.38,260
2008-12-12,22.0275,22.5893,21.1755,22.4782,30852500,42.61,70.64,18.86,45.87,260
2008-12-19,22.4782,23.9352,21.546,23.6203,33750600,47.15,70.64,18.86,54.63,260
2008-12-26,23.5833,23.7685,22.614,23.4474,12135000,46.55,70.64,18.86,53.47,260
2009-01-02,23.5092,25.1761,23.2375,25.0464,19502600,52.56,70.64,18.86,65.08,260
2009-01-09,25.0341,25.0402,23.3981,23.7561,33759500,47.88,70.64,18.86,56.04,260
2009-01-16,23.7438,23.9228,22.3979,23.54,27458800,47.12,70.64,18.86,54.58,260
2009-01-23,23.4104,23.929,22.7436,23.1017,28054700,45.55,70.64,18.86,51.55,260
2009-01-30,23.2437,24.2006,22.3895,22.7313,33611400,44.21,70.64,18.86,48.95,260
2009-02-06,22.5523,24.2315,22.3485,23.5709,32562400,47.95,70.64,18.86,56.19,260
2009-02-13,23.5956,23.7067,22.1338,22.165,26218200,42.78,70.64,18.86,46.19,260
2009-02-20,21.7209,21.9649,20.601,20.795,25918400,38.42,70.64,18.86,37.78,260
2009-02-27,21.0577,21.1641,18.3802,18.3802,41493000,32.2,70.64,18.86,25.77,260
2009-03-06,17.7671,18.0611,17.0226,17.5043,49517400,30.29,70.64,18.86,22.07,260
2009-03-13,17.3479,19.4249,17.1853,19.1684,41535300,37.85,70.64,18.86,36.68,260
2009-03-20,19.2935,20.7074,19.0933,20.3633,33607800,42.66,70.64,18.86,45.96,260
2009-03-27,20.82,21.4644,20.5573,21.114,35716200,45.51,70.64,18.86,51.47,260
2009-04-03,20.038,21.5269,20.038,20.6511,33080100,44.06,70.64,18.86,48.66,260
2009-04-09,20.4884,21.1453,19.3373,20.4196,22861800,43.31,70.64,18.86,47.22,260
2009-04-17,20.2257,21.3017,20.0052,21.114,26446900,46.25,70.64,18.86,52.9,260
2009-04-24,21.0702,21.5394,20.038,20.6511,44258400,44.59,70.64,18.86,49.69,260
2009-05-01,20.6386,21.1954,20.4071,20.9514,21180700,45.95,70.64,18.86,52.31,260
2009-05-08,20.9076,22.9283,20.8137,22.4904,37799400,52.38,70.64,18.86,64.73,260
2009-05-15,22.2839,22.8673,21.5987,21.6748,29632600,49.05,70.64,18.86,58.3,260
2009-05-22,21.8334,22.3472,21.5733,21.7826,23260400,49.51,70.64,18.86,59.18,260
2009-05-29,21.7128,22.2203,21.2942,21.9285,18518500,50.16,70.64,18.86,60.44,260
2009-06-05,22.1315,22.4169,21.5479,22.0554,26081800,50.75,70.64,18.86,61.59,260
2009-06-12,22.0744,22.1378,21.2561,21.7509,26053000,49.23,70.64,18.86,58.65,260
2009-06-19,21.5606,21.7446,20.7931,21.383,30426300,47.39,70.64,18.86,55.09,260
2009-06-26,21.1864,22.4994,20.7931,22.3789,51486700,52.57,70.64,18.86,65.1,260
2009-07-02,22.3916,22.3916,21.5035,21.5733,23455300,48.42,70.64,18.86,57.08,260
2009-07-10,21.364,21.5479,20.774,21.1356,37607100,46.28,70.64,18.86,52.94,260
2009-07-17,21.1864,21.5099,20.4188,21.2688,40843800,47.04,70.64,18.86,54.42,260
2009-07-24,21.4147,22.1188,21.0214,21.9983,36579300,51.16,70.64,18.86,62.37,260
2009-07-31,22.0871,22.6136,21.8905,22.1315,24236000,51.89,70.64,18.86,63.79,260
2009-08-07,22.4106,22.6009,21.7826,22.1315,24545300,51.89,70.64,18.86,63.79,260
2009-08-14,21.5511,21.586,20.8513,21.1668,33332400,46.07,70.64,18.86,52.54,260
2009-08-21,21.0702,21.7848,20.7483,21.5337,25835600,48.44,70.64,18.86,57.12,260
2009-08-28,21.611,22.0294,21.4886,21.6303,31225300,49.07,70.64,18.86,58.35,260
2009-09-04,21.4436,21.7655,20.9028,21.244,30043800,46.6,70.64,18.86,53.58,260
2009-09-11,21.3728,21.405,21.0123,21.1281,24796400,45.86,70.64,18.86,52.14,260
2009-09-18,21.45,21.4565,21.038,21.1539,38451900,46.06,70.64,18.86,52.54,260
2009-09-25,21.244,21.2633,20.7934,21.038,31022600,45.23,70.64,18.86,50.92,260
2009-10-02,21.0702,21.5981,20.7934,20.9286,33854900,44.41,70.64,18.86,49.34,260
2009-10-09,20.9929,21.817,20.7741,21.7461,25788800,51.48,70.64,18.86,63.0,260
2009-10-16,21.8234,22.2612,21.4371,22.171,30020100,54.71,70.64,18.86,69.23,260
2009-10-23,22.3513,22.9371,21.5337,21.862,57375700,52.0,70.64,18.86,64.0,260
2009-10-30,21.92,22.1646,21.6946,21.8942,38409600,52.27,70.64,18.86,64.51,260
2009-11-06,22.0101,22.274,21.4899,22.2096,33869100,54.89,70.64,18.86,69.59,260
2009-11-13,22.377,23.1841,22.2805,23.0797,28272400,61.23,70.64,18.86,81.83,260
2009-11-20,23.0993,23.9543,23.0079,23.8825,32287700,65.99,70.64,18.86,91.0,260
2009-11-27,23.9086,24.5026,23.7977,24.0849,21311400,67.08,70.64,18.86,93.12,260
2009-12-04,24.1371,24.8029,23.8695,24.4047,31424700,68.79,70.64,18.86,96.42,260
2009-12-11,24.4308,24.6593,22.4988,22.8252,53894900,53.9,70.64,18.86,67.66,260
2009-12-18,23.0014,23.5366,22.9165,23.3147,35040800,57.0,70.64,18.86,73.66,260
2009-12-24,23.3995,23.9413,23.3147,23.5497,18576000,58.45,70.64,18.86,76.46,260
2009-12-31,23.6215,23.7324,23.2755,23.3082,15012300,56.35,70.64,18.86,72.4,260
2010-01-08,23.3473,23.7259,22.7403,22.8447,32867300,52.46,70.64,18.86,64.88,260
2010-01-15,22.9035,23.5692,22.9035,23.38,27752000,56.22,70.64,18.86,72.15,260
2010-01-22,23.4909,24.7506,23.145,23.1841,44916900,54.52,70.64,18.86,68.86,260
2010-01-29,23.3995,23.7716,22.9296,22.9753,39342900,52.69,70.64,18.86,65.33,260
2010-02-05,23.0797,23.3343,22.1333,22.5314,36447000,48.93,70.64,18.86,58.07,260
2010-02-12,22.5119,23.1515,22.2653,22.4772,43046900,48.48,70.64,18.86,57.19,260
2010-02-19,22.6758,22.9207,22.4176,22.6692,22623600,50.24,70.64,18.86,60.6,260
2010-02-26,22.7751,22.9406,22.3249,22.7354,26790800,50.86,70.64,18.86,61.81,260
2010-03-05,22.8413,23.2319,22.6625,23.2319,29159400,55.39,70.64,18.86,70.54,260
2010-03-12,23.2452,23.8344,23.0201,23.788,29448100,59.85,70.64,18.86,79.15,260
2010-03-19,23.7748,24.2184,23.6755,23.9469,34609800,61.05,70.64,18.86,81.47,260
2010-03-26,23.9469,24.3773,23.4372,23.4504,32708900,55.48,70.64,18.86,70.71,260
2010-04-01,23.5034,24.225,23.3974,23.9337,29804800,59.36,70.64,18.86,78.22,260
2010-04-09,24.0661,24.4766,23.8741,24.3905,35476200,62.68,70.64,18.86,84.62,260
2010-04-16,24.3839,24.47,24.1323,24.1919,32340700,60.37,70.64,18.86,80.17,260
2010-04-23,23.8013,24.2647,23.073,23.4769,51527100,52.83,70.64,18.86,65.61,260
2010-04-30,23.4901,23.6358,22.8876,23.1525,33583700,49.79,70.64,18.86,59.74,260
2010-05-07,23.3511,23.4438,22.1263,22.9207,54995500,47.69,70.64,18.86,55.67,260
2010-05-14,23.4835,23.702,22.6461,22.7737,40449300,46.34,70.64,18.86,53.07,260
2010-05-21,22.8073,23.106,21.9344,22.2366,42799200,41.73,70.64,18.86,44.16,260
2010-05-28,22.1627,22.4313,21.498,22.015,42169400,39.96,70.64,18.86,40.74,260
2010-06-04,21.9076,22.5186,21.6659,21.733,23301900,37.76,70.64,18.86,36.5,260
2010-06-11,21.8807,22.7737,21.7397,22.6058,36578400,47.39,70.64,18.86,55.1,260
2010-06-18,22.8274,23.3242,22.6663,23.2369,34962100,53.05,70.64,18.86,66.02,260
2010-06-25,23.3377,23.4854,22.7334,22.7871,45833700,49.0,70.64,18.86,58.21,260
2010-07-02,22.9952,23.002,22.0352,22.6058,48907400,47.43,70.64,18.86,55.18,260
2010-07-09,22.8073,23.6264,22.6058,23.6129,38996500,55.89,70.64,18.86,71.5,260
2010-07-16,23.5659,23.9016,23.2168,23.2571,38475000,52.66,70.64,18.86,65.28,260
2010-07-23,23.3377,24.0695,23.1295,23.6129,33902500,55.43,70.64,18.86,70.63,260
2010-07-30,23.6331,24.3045,23.5324,23.9016,41866400,57.6,70.64,18.86,74.81,260
2010-08-06,24.0628,24.7677,24.0023,24.7543,27897000,63.28,70.64,18.86,85.77,260
2010-08-13,24.8282,25.4593,23.9689,24.2887,47011200,58.66,70.64,18.86,76.85,260
2010-08-20,24.071,24.3091,22.9484,23.2478,63665300,49.89,70.64,18.86,59.92,260
2010-08-27,23.3702,23.4995,22.9416,23.2682,39565000,50.05,70.64,18.86,60.23,260
2010-09-03,23.2886,23.6151,22.8157,23.5811,30677000,52.51,70.64,18.86,64.99,260
2010-09-10,23.6151,24.1662,23.4246,24.105,17814100,56.4,70.64,18.86,72.49,260
2010-09-17,24.3091,24.4724,24.0302,24.3499,23882400,58.12,70.64,18.86,75.82,260
2010-09-24,24.4384,24.9759,24.3227,24.5608,27763900,59.6,70.64,18.86,78.68,260
2010-10-01,24.5949,25.1051,24.4248,24.8602,28105700,61.67,70.64,18.86,82.68,260
2010-10-08,24.8602,25.4453,24.5813,25.2208,23452500,64.06,70.64,18.86,87.29,260
2010-10-15,25.2752,25.7855,25.1732,25.6902,24117000,66.95,70.64,18.86,92.87,260
2010-10-22,25.7923,25.9079,23.9689,24.0846,52795200,51.65,70.64,18.86,63.33,260
2010-10-29,24.139,24.2275,23.5947,23.9485,35964700,50.6,70.64,18.86,61.29,260
2010-11-05,23.9893,24.4452,23.7308,24.3023,56239400,53.27,70.64,18.86,66.45,260
2010-11-12,24.3431,24.4112,23.9597,23.9803,42506400,50.59,70.64,18.86,61.27,260
2010-11-19,23.9803,24.07,23.6492,23.801,25596900,49.1,70.64,18.86,58.41,260
2010-11-26,23.8079,23.8424,23.456,23.5043,18894500,46.67,70.64,18.86,53.7,260
2010-12-03,23.4422,23.801,23.1249,23.5526,42387100,47.13,70.64,18.86,54.59,260
2010-12-10,23.4974,24.2011,23.325,24.1321,37047700,52.43,70.64,18.86,64.83,260
2010-12-17,24.1942,24.346,24.0079,24.1528,25883893,52.61,70.64,18.86,65.18,260
2010-12-23,24.1804,24.4219,24.1183,24.3046,14162400,54.01,70.64,18.86,67.88,260
2010-12-31,24.2356,24.4012,24.0631,24.1735,13954200,52.57,70.64,18.86,65.1,260
2011-01-07,24.2632,24.3322,23.9941,24.0769,41234400,51.48,70.64,18.86,62.99,260
2011-01-14,24.0079,24.2149,23.7803,24.0838,41340600,51.56,70.64,18.86,63.14,260
2011-01-21,24.0976,24.2149,23.801,23.9803,25461900,50.27,70.64,18.86,60.65,260
2011-01-28,23.9114,24.5667,23.8355,23.9872,53110100,50.35,70.64,18.86,60.82,260
2011-02-04,24.0355,24.6081,23.9528,24.5116,58552400,56.72,70.64,18.86,73.11,260
2011-02-11,24.5599,24.7806,24.1388,24.1528,51539100,51.82,70.64,18.86,63.66,260
2011-02-18,24.1878,24.4327,24.0339,24.2088,30530400,52.51,70.64,18.86,64.99,260
2011-02-25,24.0059,24.2088,23.761,23.852,25154200,47.82,70.64,18.86,55.92,260
2011-03-04,23.9569,24.3137,23.796,24.2088,29535000,52.4,70.64,18.86,64.77,260
2011-03-11,24.2158,24.6286,24.1388,24.3907,29497200,54.59,70.64,18.86,69.0,260
2011-03-18,24.2718,24.4117,23.4112,24.1248,51045100,50.9,70.64,18.86,61.88,260
2011-03-25,24.3137,24.3137,23.9079,24.1248,20547200,50.9,70.64,18.86,61.88,260
2011-04-01,24.1108,24.7825,24.0199,24.4817,27859800,55.57,70.64,18.86,70.89,260
2011-04-08,24.5726,25.0834,24.4537,24.9714,32474600,61.05,70.64,18.86,81.46,260
2011-04-15,25.0344,25.2303,24.8035,25.1953,35370400,63.27,70.64,18.86,85.77,260
2011-04-21,24.9714,25.6851,24.7475,25.3703,36530600,64.96,70.64,18.86,89.02,260
2011-04-29,25.3563,26.2099,25.2513,25.895,28762100,69.48,70.64,18.86,97.76,260
2011-05-06,26.0349,27.0355,26.021,26.8606,61883400,75.7,75.7,18.86,100.0,260
2011-05-13,26.9025,27.665,26.7976,27.6012,41555800,79.2,79.2,18.86,100.0,260
2011-05-20,27.6012,27.9201,27.1548,27.2398,41338800,73.63,79.2,18.86,90.76,260
2011-05-27,27.0131,27.4595,26.6658,26.8217,34521600,67.69,79.2,18.86,80.93,260
2011-06-03,27.0272,27.2823,26.2265,26.2548,28461000,60.56,79.2,18.86,69.11,260
2011-06-10,26.2548,26.8288,26.191,26.2548,31772000,60.56,79.2,18.86,69.11,260
2011-06-17,26.3328,26.765,26.2194,26.4532,32788400,62.18,79.2,18.86,71.79,260
2011-06-24,26.4958,26.8565,25.9997,26.0493,37014700,57.05,79.2,18.86,63.29,260
2011-07-01,26.1273,26.7013,25.9359,26.6942,31022900,62.39,79.2,18.86,72.13,260
2011-07-08,26.7084,26.8572,26.3328,26.7225,26979700,62.61,79.2,18.86,72.5,260
2011-07-15,26.5099,27.3461,26.3292,27.1619,38248900,65.93,79.2,18.86,78.0,260
2011-07-22,27.0981,28.1894,26.8217,27.4241,43264500,67.77,79.2,18.86,81.05,260
2011-07-29,27.2682,27.5162,26.5879,27.1406,65095700,63.76,79.2,18.86,74.41,260
2011-08-05,27.5729,27.5729,25.0289,25.6808,70398100,48.0,79.2,18.86,48.3,260
2011-08-12,25.1706,25.6206,23.9163,25.0458,83866200,43.02,79.2,18.86,40.04,260
2011-08-19,25.3404,25.9583,24.9021,25.1536,40232300,44.08,79.2,18.86,41.8,260
2011-08-26,25.52,26.1882,25.1033,25.6996,40127300,49.24,79.2,18.86,50.34,260
2011-09-02,25.8864,27.194,25.8721,26.181,36934300,53.32,79.2,18.86,57.11,260
2011-09-09,25.6493,26.8995,25.5272,25.9583,29683400,51.27,79.2,18.86,53.71,260
2011-09-16,25.6062,27.194,25.4589,27.1653,39824200,60.22,79.2,18.86,68.54,260
2011-09-23,26.7773,27.5605,25.6853,25.9152,40696800,49.98,79.2,18.86,51.57,260
2011-09-30,26.1523,27.3019,25.9726,26.5618,51329000,54.31,79.2,18.86,58.74,260
2011-10-07,26.5977,27.4814,25.6422,27.2443,44066500,58.4,79.2,18.86,65.52,260
2011-10-14,27.5605,27.8263,26.8923,27.5102,33839800,59.9,79.2,18.86,68.02,260
2011-10-21,27.3952,28.0059,27.0935,27.3521,38931300,58.55,79.2,18.86,65.77,260
2011-10-28,27.2515,27.6108,26.6983,27.503,34399500,59.49,79.2,18.86,67.33,260
2011-11-04,27.2659,27.4096,26.3319,27.2587,77810000,57.22,79.2,18.86,63.57,260
2011-11-11,27.1581,28.049,27.0432,27.552,54148100,59.23,79.2,18.86,66.9,260
2011-11-18,27.3845,27.5156,26.5765,26.8531,25356200,52.85,79.2,18.86,56.34,260
2011-11-25,26.6202,26.7512,25.8122,25.8996,17148600,45.63,79.2,18.86,44.37,260
2011-12-02,26.4819,27.6029,26.2053,27.2026,33068100,54.73,79.2,18.86,59.45,260
2011-12-09,27.4282,29.2116,27.1516,28.5856,54469100,62.0,79.2,18.86,71.5,260
2011-12-16,28.5929,30.1579,28.1853,29.5028,55092600,65.91,79.2,18.86,77.98,260
2011-12-23,29.6921,30.4709,29.561,30.3108,32472600,68.94,79.2,18.86,83.0,260
2011-12-30,30.187,30.5146,30.0051,30.2526,14903100,68.47,79.2,18.86,82.22,260
2012-01-06,30.5364,30.5947,28.5711,29.0296,38166700,59.28,79.2,18.86,66.99,260
2012-01-13,29.0733,29.5174,28.8258,29.0733,32998200,59.49,79.2,18.86,67.33,260
2012-01-20,29.2335,29.4118,28.9059,28.9787,26967500,58.79,79.2,18.86,66.17,260
2012-01-27,29.0078,29.1316,28.3963,28.5347,36844100,55.47,79.2,18.86,60.66,260
2012-02-03,28.4255,29.1971,28.3381,28.7603,59973900,56.8,79.2,18.86,62.88,260
2012-02-10,28.8113,29.0078,28.4619,28.6147,58528700,55.64,79.2,18.86,60.96,260
2012-02-17,28.8208,28.9683,28.2312,28.9388,26116100,57.71,79.2,18.86,64.38,260
2012-02-24,29.042,29.042,28.467,28.784,26325600,56.36,79.2,18.86,62.14,260
2012-03-02,28.7766,29.1894,28.6071,29.1009,25409700,58.5,79.2,18.86,65.7,260
2012-03-09,29.0125,29.1968,28.4228,29.1599,24242200,58.91,79.2,18.86,66.37,260
2012-03-16,29.1894,29.8159,29.1599,29.6317,27654600,62.09,79.2,18.86,71.64,260
2012-03-23,29.5285,29.7791,29.0936,29.3884,22545300,59.53,79.2,18.86,67.4,260
2012-03-30,29.4695,29.7938,29.2336,29.6796,24515100,61.57,79.2,18.86,70.78,260
2012-04-05,29.7054,29.956,29.499,29.838,17129100,62.68,79.2,18.86,72.61,260
2012-04-13,29.7201,29.7201,28.8651,28.8798,31171500,52.8,79.2,18.86,56.24,260
2012-04-20,28.9535,29.5285,28.9461,29.4179,34632300,56.9,79.2,18.86,63.05,260
2012-04-27,29.3368,30.5383,29.2262,30.4425,42202900,63.43,79.2,18.86,73.86,260
2012-05-04,30.3172,30.6046,30.2213,30.4277,46835200,63.28,79.2,18.86,73.62,260
2012-05-11,30.2951,30.9532,30.2213,30.7742,30451900,65.34,79.2,18.86,77.02,260
2012-05-18,30.6175,30.7704,30.088,30.1626,29926000,59.06,79.2,18.86,66.61,260
2012-05-25,30.1849,30.9532,30.1029,30.6623,31839600,62.25,79.2,18.86,71.9,260
2012-06-01,30.7593,30.9905,29.9239,29.9537,21731500,55.63,79.2,18.86,60.93,260
2012-06-08,29.9164,31.1396,29.7822,30.9756,36933100,61.92,79.2,18.86,71.36,260
2012-06-15,31.1322,31.4529,30.804,31.3186,25598300,63.78,79.2,18.86,74.43,260
2012-06-22,31.162,31.6767,31.1098,31.3783,19824100,64.1,79.2,18.86,74.98,260
2012-06-29,31.1769,32.0048,30.8861,32.0048,23926900,67.44,79.2,18.86,80.5,260
2012-07-06,32.1167,32.3032,31.6394,31.8184,14007900,65.49,79.2,18.86,77.27,260
2012-07-13,31.8035,32.4449,31.7065,32.2659,19974000,67.89,79.2,18.86,81.25,260
2012-07-20,32.2286,33.3176,32.2137,32.9446,37552800,71.16,79.2,18.86,86.67,260
2012-07-27,32.7358,33.2131,31.0203,33.0938,49922000,71.84,79.2,18.86,87.8,260
2012-08-03,32.7507,33.1236,32.1913,32.9297,34337000,69.89,79.2,18.86,84.57,260
2012-08-10,32.9073,32.9148,31.4753,32.5195,37997600,65.13,79.2,18.86,76.68,260
2012-08-17,32.3712,32.4579,31.8846,32.0015,20164500,59.61,79.2,18.86,67.53,260
2012-08-24,32.0015,33.9554,31.7601,33.0878,65387300,66.1,79.2,18.86,78.28,260
2012-08-31,33.0049,34.2873,33.0049,33.88,48334300,69.9,79.2,18.86,84.58,260
2012-09-07,33.9252,35.3586,33.7291,35.1926,36707100,74.91,79.2,18.86,92.89,260
2012-09-14,35.2605,35.6527,34.9361,35.2454,24974200,75.09,79.2,18.86,93.19,260
2012-09-21,35.1096,36.03,35.0945,35.8037,29836600,76.97,79.2,18.86,96.31,260
2012-09-28,35.8338,36.0903,35.3378,35.766,25023000,76.55,79.2,18.86,95.61,260
2012-10-05,35.8263,36.9277,35.8037,36.3846,31093600,78.62,79.2,18.86,99.03,260
2012-10-12,36.2488,40.3979,36.03,38.0593,83219200,82.98,82.98,18.86,100.0,260
2012-10-19,38.3988,40.7299,38.3347,39.8774,44776100,86.26,86.26,18.86,100.0,260
2012-10-26,40.2697,40.3338,37.5162,37.8783,47724800,70.24,86.26,18.86,76.23,260
2012-11-02,38.3309,38.3309,36.3091,36.626,32171800,62.41,86.26,18.86,64.62,260
2012-11-09,36.4902,37.0635,35.5623,35.8112,57597500,57.9,86.26,18.86,57.92,260
2012-11-16,35.8338,36.6939,34.2093,34.9944,39542700,53.7,86.26,18.86,51.7,260
2012-11-23,35.2916,36.4045,35.1773,36.3893,19214200,59.15,86.26,18.86,59.77,260
2012-11-30,36.092,37.4613,35.7414,37.3802,27919900,62.52,86.26,18.86,64.78,260
2012-12-07,37.5098,37.8832,37.1972,37.8299,24531800,63.97,86.26,18.86,66.93,260
2012-12-14,37.8146,38.6913,36.2902,36.4274,44986300,56.6,86.26,18.86,56.0,260
2012-12-21,36.435,37.8718,36.4198,37.7689,47336900,61.21,86.26,18.86,62.83,260
2012-12-28,37.7003,37.7003,36.9838,37.0448,14440900,57.65,86.26,18.86,57.55,260
2013-01-04,36.9686,39.5602,36.8771,39.301,34632900,64.56,86.26,18.86,67.8,260
2013-01-11,39.1105,40.8026,38.8818,40.4825,30953300,67.54,86.26,18.86,72.23,260
2013-01-18,40.5511,40.9856,40.0327,40.9856,28107000,68.75,86.26,18.86,74.03,260
2013-01-25,40.9474,40.9856,39.7888,40.5587,29250200,66.49,86.26,18.86,70.67,260
2013-02-01,40.4901,41.824,39.987,41.3133,34701000,68.47,86.26,18.86,73.6,260
2013-02-08,41.0389,41.4581,40.5663,40.9474,34440600,66.42,86.26,18.86,70.57,260
2013-02-15,40.8255,41.5383,40.7645,41.2229,52118700,67.22,86.26,18.86,71.75,260
2013-02-22,41.246,42.0614,41.1767,41.746,19459000,68.73,86.26,18.86,73.99,260
2013-03-01,41.9229,42.2998,41.3267,42.1383,25575200,69.85,86.26,18.86,75.65,260
2013-03-08,42.046,42.8767,41.946,42.4306,24505800,70.69,86.26,18.86,76.9,260
2013-03-15,42.3537,42.8075,41.8383,42.4075,28232200,70.52,86.26,18.86,76.66,260
2013-03-22,42.0229,42.8267,41.9229,42.746,16580100,71.59,86.26,18.86,78.24,260
2013-03-28,42.846,43.7998,42.5107,43.6844,17424100,74.36,86.26,18.86,82.34,260
2013-04-05,43.5921,44.0614,43.246,43.446,19289300,72.43,86.26,18.86,79.48,260
2013-04-12,43.4229,44.8767,42.9806,44.2383,19832100,74.77,86.26,18.86,82.95,260
2013-04-19,43.8614,44.4229,43.2075,44.169,22915200,74.18,86.26,18.86,82.07,260
2013-04-26,44.1998,44.9267,42.3229,43.4306,24314900,67.98,86.26,18.86,72.88,260
2013-05-03,43.5306,43.5614,41.6537,42.2998,22790100,59.75,86.26,18.86,60.67,260
2013-05-10,42.3229,42.4306,41.4229,42.1691,44462200,58.86,86.26,18.86,59.35,260
2013-05-17,42.0921,44.3081,41.9614,43.3769,36773200,64.16,86.26,18.86,67.21,260
2013-05-24,43.3769,43.5011,41.8172,42.0112,21968600,55.46,86.26,18.86,54.31,260
2013-05-31,42.4535,42.826,41.245,41.2508,17766200,51.3,86.26,18.86,48.13,260
2013-06-07,41.1887,41.4525,39.8385,40.7309,22151200,48.61,86.26,18.86,44.14,260
2013-06-14,40.8938,40.9947,39.4428,40.3894,26203400,46.87,86.26,18.86,41.56,260
2013-06-21,40.6766,41.1654,38.1857,38.7289,30027500,39.48,86.26,18.86,30.59,260
2013-06-28,38.2633,39.0548,37.7744,38.1158,27878800,37.15,86.26,18.86,27.13,260
2013-07-05,38.2943,39.5204,38.2322,39.2488,18204400,43.75,86.26,18.86,36.93,260
2013-07-12,39.4195,40.3972,39.3108,39.9239,20749500,47.31,86.26,18.86,42.21,260
2013-07-19,39.8928,40.1877,38.3797,39.2643,24839300,44.36,86.26,18.86,37.83,260
2013-07-26,39.2255,41.437,39.0509,41.406,24679600,54.32,86.26,18.86,52.61,260
2013-08-02,41.3051,41.8871,41.0754,41.8095,19083500,55.92,86.26,18.86,54.98,260
2013-08-09,41.8017,42.2518,41.1654,42.0423,43573200,56.86,86.26,18.86,56.38,260
2013-08-16,41.794,44.2334,41.3289,41.3837,46122900,53.39,86.26,18.86,51.23,260
2013-08-23,41.2662,41.6107,40.6556,41.1958,15871200,52.41,86.26,18.86,49.78,260
2013-08-30,41.2584,41.3132,39.9275,40.2407,17329700,47.62,86.26,18.86,42.67,260
2013-09-06,40.5303,41.2819,39.9588,41.0314,12132000,51.56,86.26,18.86,48.53,260
2013-09-13,41.0314,41.7203,40.7808,41.7047,15561600,54.7,86.26,18.86,53.17,260
2013-09-20,42.0961,42.4719,41.6655,42.2214,19068900,56.99,86.26,18.86,56.58,260
2013-09-27,42.1509,42.1666,39.1994,39.5361,34515900,44.39,86.26,18.86,37.88,260
2013-10-04,39.3795,39.6848,37.5867,37.8763,37957700,38.7,86.26,21.19,26.91,260
2013-10-11,37.7119,38.487,37.2109,38.2678,38104100,40.63,86.26,21.19,29.88,260
2013-10-18,38.072,39.1524,37.9429,38.8001,30312800,43.25,86.26,25.17,29.6,260
2013-10-25,38.808,39.9275,38.667,39.6613,26142900,47.31,86.26,25.17,36.24,260
2013-11-01,39.6926,40.0371,38.3382,39.4421,31863400,46.4,86.26,25.17,34.75,260
2013-11-08,39.4499,39.6848,39.0507,39.6378,51170200,47.37,86.26,25.17,36.34,260
2013-11-15,38.9332,40.4252,38.7571,40.3224,56205200,50.74,86.26,30.29,36.54,260
2013-11-22,40.3936,40.5042,39.7533,40.4963,21375100,51.59,86.26,30.29,38.05,260
2013-11-29,40.6228,40.8046,39.6031,39.698,15619600,47.54,86.26,30.29,30.83,260
2013-12-06,39.7612,40.0576,39.1533,40.0221,20301100,49.28,86.26,30.29,33.93,260
2013-12-13,39.9825,40.3501,38.7968,39.0419,22362200,44.48,86.26,30.29,25.36,260
2013-12-20,39.2158,40.2592,38.6387,39.6821,26948400,48.04,86.26,30.29,31.72,260
2013-12-27,39.9035,40.6149,39.7454,40.5122,10638800,52.31,86.26,30.29,39.35,260
2014-01-03,40.4331,40.5201,39.9667,40.3936,13420000,51.66,86.26,30.29,38.18,260
2014-01-10,40.4568,41.192,39.9351,41.0497,34525400,55.0,86.26,30.29,44.16,260
2014-01-17,41.1287,43.9824,41.0023,43.6029,38837300,65.12,86.26,30.29,62.23,260
2014-01-24,43.7531,44.097,42.686,42.7808,20040500,60.41,86.26,30.29,53.82,260
2014-01-31,42.8599,43.2156,41.7927,42.6939,34955800,59.92,86.26,30.29,52.94,260
2014-02-07,42.7729,42.9864,41.4213,42.0615,26450200,56.31,86.26,30.29,46.5,260
2014-02-14,41.6979,43.3734,41.3343,43.2378,23878900,61.01,86.26,30.29,54.89,260
2014-02-21,43.1899,46.8755,43.1022,46.2373,38565800,69.9,86.26,30.29,70.77,260
2014-02-28,46.349,47.9605,46.1815,47.5536,25746000,72.83,86.26,37.15,72.65,260
2014-03-07,47.0271,47.9445,46.3849,46.7399,22590100,68.4,86.26,37.15,63.63,260
2014-03-14,46.6761,47.3302,46.365,46.9633,20268900,68.96,86.26,37.15,64.77,260
2014-03-21,47.1627,47.6653,46.0778,46.0937,20921700,64.2,86.26,37.15,55.09,260
2014-03-28,46.0937,46.6442,45.3199,45.9581,27539400,63.47,86.26,37.15,53.59,260
2014-04-04,46.2214,48.0083,46.1177,47.075,25949300,66.83,86.26,37.15,60.45,260
2014-04-11,47.2744,48.2317,45.9501,46.6282,29196300,64.28,86.26,37.15,55.25,260
2014-04-17,47.0032,48.2237,46.4926,48.2078,18273600,68.82,86.26,37.15,64.48,260
2014-04-25,48.2157,48.7821,45.7507,46.6681,28284100,60.73,86.26,37.15,48.01,260
2014-05-02,47.6015,47.6294,46.3969,47.1308,23535600,62.16,86.26,37.15,50.94,260
2014-05-09,46.8835,47.5456,46.3011,47.3542,29567400,62.87,86.26,37.15,52.38,260
2014-05-16,47.8328,48.6494,46.494,46.9203,34336400,60.51,86.26,37.15,47.56,260
2014-05-23,46.872,48.1428,46.8238,48.0945,16944800,64.41,86.26,37.15,55.51,260
2014-05-30,48.2554,48.4564,47.6924,48.1428,14776300,64.57,86.26,37.15,55.83,260
2014-06-06,48.0543,48.1428,47.3305,47.9578,14506400,63.42,86.26,37.15,53.51,260
2014-06-13,47.9095,48.2151,47.2179,47.3707,15354100,59.81,86.26,37.15,46.15,260
2014-06-20,47.4028,49.9765,47.049,49.888,23618400,68.18,86.26,37.15,63.19,260
2014-06-27,49.9282,50.8772,49.5341,50.7486,23636100,70.45,86.26,37.15,67.8,260
2014-07-03,50.9416,50.9737,49.8639,50.7164,15702700,70.24,86.26,37.15,67.39,260
2014-07-11,50.5314,50.8531,49.7593,50.5394,13845200,69.08,86.26,37.15,65.01,260
2014-07-18,50.6681,51.0703,49.9202,51.0461,16882800,70.59,86.26,37.15,68.09,260
2014-07-25,50.6681,52.8396,50.4671,51.2954,20218700,71.33,86.26,37.15,69.6,260
2014-08-01,51.2954,52.1158,48.4082,48.8023,20103922,56.09,86.26,37.15,38.57,260
2014-08-08,49.0596,49.621,48.368,49.0435,12257128,57.05,86.26,37.15,40.52,260
2014-08-15,49.3411,49.8536,49.0186,49.3266,15346000,58.2,86.26,37.15,42.86,260
2014-08-22,49.6023,50.9238,49.5131,50.5266,13765700,62.75,86.26,37.15,52.13,260
2014-08-29,50.6158,51.5562,50.4212,51.5319,12492000,66.08,86.26,37.15,58.92,260
2014-09-05,51.5643,52.5535,51.4671,52.4724,19363900,68.89,86.26,37.15,64.63,260
2014-09-12,52.3913,53.1372,51.9697,52.9183,21825900,70.15,86.26,37.15,67.2,260
2014-09-19,52.8129,54.4344,52.5291,53.9399,21265800,72.86,86.26,37.15,72.72,260
2014-09-26,53.7696,53.9561,52.6913,53.0886,15290597,67.37,86.26,37.15,61.54,260
2014-10-03,52.7481,53.4129,52.1967,53.2426,20644786,67.84,86.26,37.15,62.5,260
2014-10-10,53.4534,53.4858,51.4022,52.0103,19912009,60.32,86.26,37.15,47.18,260
2014-10-17,51.9373,52.3102,49.1158,50.7374,26095035,53.69,86.26,37.15,33.69,260
2014-10-24,50.7779,53.7047,50.5914,53.5507,21807453,63.29,86.26,37.15,53.23,260
2014-10-31,53.4615,54.6696,51.6778,53.7777,27913195,63.94,86.26,37.15,54.55,260
2014-11-07,53.5507,54.8155,53.5345,53.9966,17465836,64.59,86.26,37.15,55.88,260
2014-11-14,54.175,55.6749,53.8507,54.9853,19848787,67.44,86.26,37.15,61.69,260
2014-11-21,54.773,55.5325,54.3565,55.0098,18500478,67.51,86.26,37.15,61.83,260
2014-11-28,55.214,55.9817,54.5125,55.6305,13564863,69.31,86.26,37.15,65.5,260
2014-12-05,55.508,59.1544,55.2058,58.6766,31812968,76.26,86.26,37.15,79.64,260
2014-12-12,58.7746,61.3307,56.733,56.7983,31556125,66.29,86.26,37.15,59.35,260
2014-12-19,56.9045,59.3381,56.3736,59.1258,30348030,71.3,86.26,37.15,69.54,260
2014-12-26,57.9335,58.5786,56.3573,57.4843,12344999,64.07,86.26,37.15,54.83,260
2015-01-02,57.1005,57.8354,56.292,57.2148,10102845,62.95,86.26,37.15,52.53,260
2015-01-09,56.9453,58.3826,55.9,57.1086,34595463,62.48,86.26,37.15,51.58,260
2015-01-16,57.3455,58.203,56.1123,57.7211,20936365,64.13,86.26,37.15,54.94,260
2015-01-23,57.8763,59.5014,57.8763,58.9053,18736464,67.14,86.26,37.15,61.08,260
2015-01-30,58.6848,59.9996,57.5088,58.7991,21370264,66.6,86.26,37.15,59.98,260
2015-02-06,58.6929,58.7991,56.978,57.4598,25555383,60.04,86.26,37.15,46.62,260
2015-02-13,57.1658,58.3064,56.6595,58.035,20190631,61.78,86.26,37.15,50.16,260
2015-02-20,57.9116,59.1865,57.7389,59.1207,13570470,64.89,86.26,37.15,56.5,260
2015-02-27,59.0631,59.1536,57.1961,57.7142,17464899,58.28,86.26,37.15,43.03,260
2015-03-06,57.706,58.5203,56.1844,56.2667,20304268,52.36,86.26,37.15,30.98,260
2015-03-13,56.5381,57.6155,56.2675,57.4839,18885171,56.37,86.26,37.15,39.15,260
2015-03-20,57.7965,62.6739,57.7225,62.6081,30695871,68.42,86.26,37.15,63.69,260
2015-03-27,62.5258,63.7102,60.2064,60.5189,25015512,61.02,86.26,37.15,48.62,260
2015-04-02,60.8644,61.0289,58.0103,58.5943,17376251,55.11,86.26,37.15,36.57,260
2015-04-10,58.5038,60.8479,58.2653,60.7986,16832639,59.9,86.26,37.15,46.33,260
2015-04-17,60.2722,60.8808,59.1865,59.606,19919770,56.39,86.26,37.15,39.19,260
2015-04-24,60.0419,60.2557,58.4545,58.874,19359339,54.29,86.26,37.15,34.91,260
2015-05-01,59.1618,60.3133,57.7389,60.1406,28678572,57.26,86.26,37.15,40.95,260
2015-05-08,60.2475,60.6176,58.8414,60.2557,18685599,57.53,86.26,37.15,41.5,260
2015-05-15,60.2557,60.8562,59.4744,60.37,15622195,57.81,86.26,37.15,42.08,260
2015-05-22,60.4942,61.5708,60.1381,61.5294,14002115,60.7,86.26,37.15,47.95,260
2015-05-29,61.2478,65.877,61.1319,65.3387,23836268,68.34,86.26,37.15,63.52,260
2015-06-05,65.3553,66.1254,63.757,64.6928,19180197,66.0,86.26,37.15,58.75,260
2015-06-12,64.5768,72.2452,64.4526,69.736,58715744,73.61,86.26,37.15,74.25,260
2015-06-19,69.206,70.6553,68.1709,68.4276,31283538,69.28,86.26,37.15,65.42,260
2015-06-26,68.9824,71.9637,68.1212,71.0942,35387433,72.79,86.26,37.15,72.58,260
2015-07-02,70.6801,71.4171,69.0528,71.3343,17460247,73.09,86.26,37.15,73.19,260
2015-07-10,70.647,73.5205,70.5973,73.1148,26543372,75.26,86.26,37.15,77.6,260
2015-07-17,73.8187,74.6799,71.3012,72.3529,28593237,72.57,86.26,37.15,72.12,260
2015-07-24,72.6262,74.4232,67.4918,70.1584,33778875,65.31,86.26,37.15,57.35,260
2015-07-31,69.9762,71.2101,69.0156,69.9845,19141758,64.76,86.26,37.15,56.22,260
2015-08-07,70.2329,70.5062,66.7879,68.1295,19843562,59.02,86.26,37.15,44.55,260
2015-08-14,68.585,69.9376,68.0132,69.9043,13821606,62.45,86.26,37.15,51.52,260
2015-08-21,69.3628,74.1031,68.788,70.4208,26908723,63.41,86.26,37.15,53.48,260
2015-08-28,67.9799,70.0126,64.7891,69.3045,31835645,59.85,86.26,37.15,46.23,260
2015-09-04,69.5294,70.3292,66.1471,66.9135,17647742,52.99,86.26,37.15,32.27,260
2015-09-11,67.8632,69.5627,65.5972,68.1465,12796773,55.81,86.26,37.15,37.99,260
2015-09-18,68.2465,77.3521,67.7133,73.7198,39070875,65.77,86.26,37.15,58.29,260
2015-09-25,74.228,74.8195,69.337,70.0293,28053281,56.66,86.26,37.15,39.73,260
2015-10-02,69.7127,72.9367,65.3973,72.9117,33277520,61.18,86.26,37.15,48.94,260
2015-10-09,73.3783,73.7115,68.1382,71.7621,25661864,58.56,86.26,37.15,43.6,260
2015-10-16,65.4639,68.3131,65.2307,67.9049,58002996,50.7,86.26,37.15,27.59,260
2015-10-23,67.5883,67.7299,62.6148,65.239,38053882,46.09,86.26,37.15,18.22,260
2015-10-30,65.239,69.621,64.7919,67.9549,24439986,50.98,86.26,37.15,28.16,260
2015-11-06,67.5966,68.763,65.3473,67.0301,21569737,49.34,86.26,37.15,24.83,260
2015-11-13,66.6719,68.1362,65.4639,66.6859,18072693,48.71,86.26,37.15,23.55,260
2015-11-20,67.0632,71.6737,67.0464,70.8103,17655408,55.95,86.26,37.15,38.28,260
2015-11-27,70.8355,71.1875,69.6199,70.1229,11247705,54.56,86.26,37.15,35.47,260
2015-12-04,70.2151,73.1659,68.7733,72.6126,29031845,58.56,86.26,37.15,43.59,260
2015-12-11,73.3084,73.9036,69.6786,69.8211,22024381,52.94,86.26,37.15,32.16,260
2015-12-18,69.8798,73.103,69.5529,71.0618,21896190,55.01,86.26,37.15,36.36,260
2015-12-24,71.8582,72.8222,71.3803,71.9672,10479558,56.51,86.26,37.15,39.42,260
2015-12-31,71.7408,73.015,70.4834,70.6343,9277757,53.67,86.26,37.15,33.64,260
2016-01-08,69.9133,71.5899,67.7589,68.111,32711829,48.69,86.26,37.15,23.49,260
2016-01-15,68.1529,69.3517,65.9063,68.1026,28773910,48.67,86.26,37.15,23.46,260
2016-01-22,68.9996,71.0869,67.4069,69.1421,25900271,50.85,86.26,37.15,27.9,260
2016-01-29,69.1589,69.7876,64.1627,66.3087,28728978,45.21,86.26,37.15,16.42,260
2016-02-05,65.5626,66.359,61.564,62.3017,28478587,38.68,86.26,37.15,3.13,260
2016-02-12,61.6562,63.2008,59.4528,60.1619,26014705,35.72,86.26,35.72,0.0,260
2016-02-19,60.7359,63.243,60.719,61.293,21082520,38.41,86.26,35.72,5.32,260
2016-02-26,61.5463,63.9774,60.8625,62.1287,22834444,40.39,86.26,35.72,9.25,260
2016-03-04,61.9346,62.517,60.6599,62.1287,25018528,40.39,86.26,35.72,9.25,260
2016-03-11,61.7658,63.2683,61.1411,63.0151,17021915,42.66,86.26,35.72,13.74,260
2016-03-18,62.6859,62.9729,57.3002,59.8918,47790044,37.27,86.26,35.72,3.08,260
2016-03-24,59.7651,60.9807,58.9548,60.0353,20332773,37.66,86.26,35.72,3.85,260
2016-04-01,60.2294,62.2131,59.4106,61.9768,17321284,42.84,86.26,35.72,14.09,260
2016-04-08,62.095,63.5469,61.1833,62.7956,19006631,44.91,86.26,35.72,18.2,260
2016-04-15,62.8716,64.3657,62.0696,63.7579,14572029,47.33,86.26,35.72,22.99,260
2016-04-22,63.8001,66.265,63.4709,65.6994,17941801,51.93,86.26,35.72,32.07,260
2016-04-29,65.3871,66.0962,63.3949,63.7579,20575412,47.47,86.26,35.72,23.25,260
2016-05-06,64.1125,65.0663,61.9093,62.9729,18662938,45.76,86.26,35.72,19.87,260
2016-05-13,63.1248,65.4842,63.1079,64.8639,18757026,50.4,86.26,35.72,29.04,260
2016-05-20,64.5664,66.8863,62.6629,63.5722,25936255,47.41,86.26,35.72,23.14,260
2016-05-27,63.7337,64.3497,62.8159,63.7252,18677068,47.81,86.26,35.72,23.92,260
2016-06-03,63.7421,64.3115,63.0963,63.8356,15439661,48.11,86.26,35.72,24.52,260
2016-06-10,63.8271,64.1925,62.1785,62.8414,16236326,45.55,86.26,35.72,19.46,260
2016-06-17,62.9519,63.8016,61.9916,62.7649,22261548,45.35,86.26,35.72,19.07,260
2016-06-24,63.2663,63.8356,61.0738,63.1643,27511935,46.67,86.26,35.72,21.67,260
2016-07-01,62.9349,67.4132,62.204,67.0903,29719984,57.49,86.26,35.72,43.09,260
2016-07-08,66.9713,68.3225,66.8311,67.6936,14678586,58.87,86.26,35.72,45.82,260
2016-07-15,67.5917,68.8323,67.0903,68.1695,19161489,59.98,86.26,35.72,48.0,260
2016-07-22,68.297,69.4357,67.6257,69.3337,16232956,62.62,86.26,35.72,53.24,260
2016-07-29,69.3337,71.0333,68.8323,70.4384,21249761,64.99,86.26,35.72,57.92,260
2016-08-05,70.5489,71.199,68.8663,69.3082,17392742,60.75,86.26,35.72,49.54,260
2016-08-12,69.2062,69.8011,67.7021,68.6011,16360067,58.2,86.26,35.72,44.48,260
2016-08-19,68.6951,68.9431,67.3696,67.6091,14242402,54.72,86.26,35.72,37.6,260
2016-08-26,67.8314,68.4044,66.5316,66.9079,15390403,52.34,86.26,35.72,32.89,260
2016-09-02,66.9848,67.3354,65.3771,65.7192,13900250,48.49,86.26,35.72,25.27,260
2016-09-09,65.9501,68.5583,65.9501,66.9079,17058640,52.27,86.26,35.72,32.75,260
2016-09-16,66.6941,67.8058,66.5059,67.3867,16007619,53.74,86.26,35.72,35.67,260
2016-09-23,67.3782,69.6615,67.1216,69.4049,14935381,59.43,86.26,35.72,46.92,260
2016-09-30,69.2681,69.4135,67.7545,68.6353,20581253,56.57,86.26,35.72,41.27,260
2016-10-07,68.4129,70.3884,68.1478,70.2002,17963634,60.71,86.26,35.72,49.45,260
2016-10-14,70.2344,71.1837,67.7374,67.7887,19165344,52.43,86.26,35.72,33.06,260
2016-10-21,68.011,68.011,66.7112,66.9164,15968402,49.78,86.26,35.72,27.83,260
2016-10-28,67.1216,67.2927,63.1622,63.7352,25287903,41.55,86.26,35.72,11.54,260
2016-11-04,63.8207,63.9148,61.2894,61.9907,24646660,37.85,86.26,35.72,4.22,260
2016-11-11,62.6149,68.6001,62.4696,66.8528,24970323,50.95,86.26,35.72,30.14,260
2016-11-18,67.1455,67.3434,65.5703,65.9921,17332335,48.98,86.26,35.72,26.25,260
2016-11-25,66.104,66.9733,55.2416,59.4936,71833956,37.27,86.26,35.72,3.08,260
2016-12-02,58.8997,58.8997,56.5155,58.28,49961969,35.56,86.26,35.56,0.0,260
2016-12-09,58.6673,58.7964,57.1438,58.4005,26901049,35.88,86.26,35.56,0.62,260
2016-12-16,58.5123,63.4443,58.0303,63.1,49330734,46.79,86.26,35.56,22.14,260
2016-12-23,63.2464,64.1157,62.5578,63.5132,24556064,47.63,86.26,35.56,23.8,260
2016-12-30,63.7456,64.0899,62.8074,63.3066,12009584,47.23,86.26,35.56,23.01,260
2017-01-06,63.6423,67.025,63.298,65.1314,12252522,51.16,86.26,35.56,30.76,260
2017-01-13,65.1314,67.2401,63.6939,66.6204,31969036,54.16,86.26,35.56,36.68,260
2017-01-20,66.3278,66.8872,65.3035,66.1126,17083975,52.97,86.26,35.56,34.33,260
2017-01-27,65.622,66.1728,63.8403,64.8817,23356742,50.08,86.26,35.56,28.63,260
2017-02-03,64.6321,67.6275,63.6939,66.4741,25500073,53.6,86.26,35.56,35.58,260
2017-02-10,66.2073,67.6963,66.0695,66.9561,14565109,54.64,86.26,35.56,37.64,260
2017-02-17,67.2132,70.1852,66.9359,69.6567,16422421,60.06,86.26,35.56,48.32,260
2017-02-24,69.466,72.1261,69.414,71.8055,16857105,63.77,86.26,35.56,55.64,260
2017-03-03,71.7709,72.9016,71.5543,72.594,16217907,65.05,86.26,35.56,58.17,260
2017-03-10,72.1348,73.4519,70.5058,73.0966,23514316,65.88,86.26,35.56,59.8,260
2017-03-17,73.2266,74.6389,72.6114,72.75,20501235,64.74,86.26,35.56,57.55,260
2017-03-24,73.3046,73.6945,72.3254,72.9406,15538509,65.1,86.26,35.56,58.26,260
2017-03-31,72.698,73.6511,72.5594,72.88,13519219,64.87,86.26,35.56,57.81,260
2017-04-07,72.8973,75.1415,72.8453,73.9284,16604188,67.0,86.26,35.56,62.01,260
2017-04-13,74.0497,74.8122,73.8504,74.4136,9411703,67.97,86.26,35.56,63.92,260
2017-04-21,70.4452,71.9095,69.2147,70.9564,32611251,55.49,86.26,35.56,39.3,260
2017-04-28,71.7622,72.5507,69.752,71.1037,24761273,55.86,86.26,35.56,40.03,260
2017-05-05,71.1297,72.0151,70.3932,71.4936,16041490,56.89,86.26,35.56,42.06,260
2017-05-12,71.3636,71.407,69.4834,69.9338,19401470,51.7,86.26,35.56,31.84,260
2017-05-19,69.9338,70.1954,67.7884,67.8494,22207625,45.71,86.26,35.56,20.02,260
2017-05-26,67.9366,68.4207,67.0209,68.0675,19048966,46.41,86.26,35.56,21.4,260
2017-06-02,67.9803,70.6925,67.8015,69.8814,15380064,51.96,86.26,35.56,32.34,260
2017-06-09,69.7681,70.8015,68.6779,70.675,17518653,54.19,86.26,35.56,36.75,260
2017-06-16,70.6053,72.0006,69.9774,71.4076,19659647,56.22,86.26,35.56,40.74,260
2017-06-23,71.5297,73.9193,71.3989,73.1605,18631857,60.69,86.26,35.56,49.57,260
2017-06-30,73.335,73.6489,71.5123,71.7739,16340431,55.83,86.26,35.56,39.98,260
2017-07-07,71.8698,72.3059,70.9628,71.7652,8790191,55.8,86.26,35.56,39.92,260
2017-07-14,71.8001,73.7617,71.4076,73.5617,13400933,60.55,86.26,35.56,49.28,260
2017-07-21,73.5268,74.2332,72.5762,73.832,11945718,61.22,86.26,35.56,50.61,260
2017-07-28,73.832,74.5908,70.4396,72.4716,33598032,56.03,86.26,35.56,40.37,260
2017-08-04,72.6809,73.0428,70.7012,71.7826,18397578,53.55,86.26,35.56,35.48,260
2017-08-11,71.7826,72.1576,71.1896,71.2245,14191928,51.56,86.26,35.56,31.56,260
2017-08-18,71.3912,72.2689,67.5294,67.6435,18964021,41.03,86.26,35.56,10.78,260
2017-08-25,67.6874,69.8026,67.4855,69.1531,13663427,46.03,86.26,35.56,20.65,260
2017-09-01,69.4252,71.716,68.5651,70.2853,17324971,49.5,86.26,35.56,27.48,260
2017-09-08,69.75,72.9535,69.3813,72.778,16475688,56.16,86.26,35.56,40.63,260
2017-09-15,72.7955,73.7171,71.7686,72.3567,17940259,54.84,86.26,35.56,38.03,260
2017-09-22,72.4532,73.7522,71.4351,73.6469,14698888,58.09,86.26,35.56,44.43,260
2017-09-29,73.6118,75.139,73.5503,75.0775,15717474,61.4,86.26,35.56,50.96,260
2017-10-06,75.2882,78.1933,75.2517,76.4292,14552796,64.27,86.26,35.56,56.63,260
2017-10-13,76.4818,76.6047,74.823,75.964,14702395,62.55,76.26,35.56,66.3,260
2017-10-20,75.9026,76.6925,74.9722,76.5608,17847704,63.88,76.26,35.56,69.59,260
2017-10-27,76.7715,77.5263,73.366,73.603,23670894,53.65,76.26,35.56,44.44,260
2017-11-03,73.5152,73.6557,71.7248,73.2958,16042245,52.7,76.26,35.56,42.12,260
2017-11-10,73.1027,74.0682,72.4708,73.1027,10680447,52.08,76.26,35.56,40.59,260
2017-11-17,73.1378,73.8638,71.9119,73.2103,13678549,52.42,76.26,35.56,41.42,260
2017-11-24,73.3869,74.6587,73.1484,74.2171,8779490,55.56,76.26,35.56,49.14,260
2017-12-01,74.3231,75.4978,74.2171,75.3565,15652218,58.87,76.26,35.56,57.28,260
2017-12-08,75.5066,76.646,74.6587,76.3545,19318661,61.57,76.26,35.56,63.91,260
2017-12-15,76.4958,78.6862,75.9482,76.434,23829495,61.79,76.26,35.56,64.44,260
2017-12-22,76.6283,77.2378,74.8531,75.1357,14440876,56.25,76.26,35.56,50.82,260
2017-12-29,75.33,75.4801,74.5969,74.5969,6684414,54.08,76.26,35.56,45.5,260
2018-01-05,74.5969,76.6195,74.2436,76.4605,11894103,59.84,76.26,35.56,59.66,260
2018-01-12,76.5665,77.2024,75.4271,76.8226,12468877,60.87,76.26,35.56,62.19,260
2018-01-19,75.8953,76.4782,75.2063,75.5066,18953596,55.33,76.26,35.56,48.57,260
2018-01-26,73.5282,77.2554,72.7775,76.911,29326464,59.56,76.26,35.56,58.97,260
2018-02-02,76.6372,78.015,71.647,71.6999,33451225,43.21,76.26,35.56,18.78,260
2018-02-09,71.4438,72.0797,65.0846,67.328,43520032,34.62,76.26,34.62,0.0,260
2018-02-16,67.7255,70.8623,66.4183,70.2574,24075657,42.82,76.26,34.62,19.7,260
2018-02-23,69.5545,70.1595,68.0777,70.0616,19671401,42.44,76.26,34.62,18.78,260
2018-03-02,70.2751,71.5919,67.1969,68.7093,26438489,39.79,76.26,34.62,12.42,260
2018-03-09,68.4157,71.1381,68.0955,70.8267,16855015,45.52,76.26,34.62,26.18,260
2018-03-16,71.0225,71.6097,69.4122,71.6097,24452505,47.51,76.26,34.62,30.96,260
2018-03-23,71.2805,71.3516,66.2894,66.5118,19537189,37.82,76.26,34.62,7.7,260
2018-03-29,67.2681,69.2164,66.414,68.8339,14806072,43.48,76.26,34.62,21.27,260
2018-04-06,68.3979,70.1506,67.0812,68.3712,19141310,42.64,76.26,34.62,19.28,260
2018-04-13,68.7449,71.5741,67.9086,70.9246,16638184,48.5,76.26,34.62,33.34,260
2018-04-20,71.583,71.841,69.8837,70.3374,21199962,47.31,76.26,34.62,30.47,260
2018-04-27,70.6666,74.3409,70.2129,73.6025,24058091,54.09,76.26,34.62,46.76,260
2018-05-04,73.9228,74.0296,68.5848,69.7502,24792788,46.49,76.26,34.62,28.5,260
2018-05-11,69.7591,73.3534,69.5456,73.3534,19751584,53.12,76.26,34.62,44.44,260
2018-05-18,73.4869,74.1274,72.5269,73.5213,18827619,53.41,76.26,34.62,45.13,260
2018-05-25,73.7183,74.7754,73.1092,74.1483,12463529,54.54,76.26,34.62,47.85,260
2018-06-01,73.5571,76.7552,73.145,76.0117,20518799,57.82,76.26,34.62,55.72,260
2018-06-08,75.8325,77.4181,75.5727,77.1136,16947010,59.67,76.26,34.62,60.16,260
2018-06-15,77.3196,78.1796,76.2984,77.8302,18266280,60.87,76.26,34.62,63.05,260
2018-06-22,77.024,78.0811,76.155,76.9702,19269662,58.61,76.26,34.62,57.63,260
2018-06-29,77.0419,77.5884,75.8236,76.4417,14788604,57.21,76.26,34.62,54.25,260
2018-07-06,76.1998,78.5738,75.8863,78.2871,9476553,60.75,76.26,34.62,62.75,260
2018-07-13,78.4752,80.5088,78.1169,80.3654,13334491,64.33,76.26,34.62,71.34,260
2018-07-20,80.2938,80.7417,79.0665,79.2546,15378194,61.12,76.26,34.62,63.64,260
2018-07-27,79.1023,86.8603,78.9859,86.5378,30317225,71.24,76.26,34.62,87.95,260
2018-08-03,86.3407,90.2017,86.2242,90.1032,24178757,74.71,76.26,34.62,96.28,260
2018-08-10,89.9419,92.9967,89.7807,91.5992,20169832,76.02,76.26,34.62,99.42,260
2018-08-17,91.7784,95.408,91.2195,95.0747,17495052,78.77,78.77,34.62,100.0,260
2018-08-24,95.1017,95.8223,93.8136,95.2729,12638669,78.91,78.91,34.62,100.0,260
2018-08-31,95.6152,95.9214,93.9307,95.1648,14126222,78.59,78.91,34.62,99.27,260
2018-09-07,94.8585,96.597,93.3723,96.4078,13477183,79.62,79.62,34.62,100.0,260
2018-09-14,96.8312,97.1374,94.9396,95.2729,18663749,76.02,79.62,34.62,92.0,260
2018-09-21,95.1287,96.5519,93.8767,95.7773,21007038,76.53,79.62,34.62,93.13,260
2018-09-28,95.435,97.0474,95.0657,96.66,15484536,77.43,79.62,34.62,95.13,260
2018-10-05,96.9843,104.1993,96.4078,103.6048,30864155,82.97,82.97,34.62,100.0,260
2018-10-12,103.4517,105.037,96.0025,99.5154,28066668,71.8,82.97,34.62,76.89,260
2018-10-19,99.5334,102.9113,99.02,100.8125,20323505,73.04,82.97,34.62,79.45,260
2018-10-26,100.8846,101.5331,93.8317,95.8313,22013985,61.8,82.97,34.62,56.21,260
2018-11-02,96.7861,99.4704,95.417,96.1556,18479696,62.2,82.97,34.62,57.05,260
2018-11-09,99.4704,101.371,94.5342,101.0737,28768413,67.82,82.97,34.62,68.65,260
2018-11-16,101.1188,103.4837,98.2688,103.0582,24274658,69.77,82.97,34.62,72.69,260
2018-11-23,102.3067,105.2039,100.8591,102.189,15263968,67.83,82.97,34.62,68.68,260
2018-11-30,100.7314,107.4764,100.4688,107.413,25027803,72.73,82.97,34.62,78.82,260
2018-12-07,107.413,108.4994,102.0985,102.8318,19159165,63.58,82.97,34.62,59.89,260
2018-12-14,102.8499,104.7874,100.5141,101.338,20314122,60.89,82.97,34.62,54.33,260
2018-12-21,100.6861,100.9849,95.6704,99.0655,42865710,56.94,82.97,34.62,46.16,260
2018-12-28,99.0021,104.1989,96.3584,103.3932,15161965,61.99,82.97,34.62,56.61,260
2019-01-04,103.5199,104.887,100.5865,103.8096,16976554,62.45,82.97,34.62,57.56,260
2019-01-11,101.7363,107.0327,101.4466,105.1858,23929733,63.99,82.97,34.62,60.74,260
2019-01-18,104.2985,107.92,102.6689,105.557,25711730,64.41,82.97,34.62,61.62,260
2019-01-25,104.7422,107.6484,103.2483,104.0903,19935050,61.34,82.97,34.62,55.26,260
2019-02-01,103.864,109.5406,102.7956,109.4501,21639117,67.45,82.97,34.62,67.9,260
2019-02-08,109.7398,110.3102,105.8014,108.2822,44902264,65.04,82.97,34.62,62.91,260
2019-02-15,107.92,111.4819,105.9644,111.4819,55130923,68.38,82.97,34.62,69.82,260
2019-02-22,110.417,113.539,110.4079,112.8655,78114593,69.72,82.97,34.62,72.6,260
2019-03-01,112.9565,117.7988,112.2465,117.2709,145924023,73.58,82.97,34.62,80.57,260
2019-03-08,118.7909,118.7909,113.894,115.323,298289656,69.37,82.97,34.62,71.87,260
2019-03-15,111.7732,119.0093,111.0086,112.8108,228088246,64.27,82.97,34.62,61.32,260
2019-03-22,112.8564,117.8534,112.4104,116.7793,58336585,68.24,82.97,34.62,69.54,260
2019-03-29,117.0615,120.2654,116.8795,118.1082,31362834,69.47,82.97,34.62,72.07,260
2019-04-05,118.9729,119.5555,113.4207,115.587,22968931,64.39,82.97,34.62,61.58,260
2019-04-12,115.141,116.6155,111.9735,112.0099,22864662,57.93,82.97,34.62,48.21,260
2019-04-18,112.6561,113.7119,103.8908,104.8557,35771218,47.63,82.97,34.62,26.91,260
2019-04-26,104.71,109.1518,103.4448,109.1063,24462821,52.98,82.97,34.62,37.97,260
2019-05-03,109.1336,109.2337,104.5917,106.4121,26902578,49.53,82.97,34.62,30.83,260
2019-05-10,105.42,106.5668,103.9636,105.7841,23551236,48.73,82.97,34.62,29.18,260
2019-05-17,104.5462,107.7048,103.6451,106.1764,18701331,49.28,82.97,34.62,30.32,260
2019-05-24,106.0482,108.3546,105.252,106.8903,15328125,50.32,82.97,34.62,32.47,260
2019-05-31,107.1648,108.3729,104.7303,106.1123,19414310,49.13,82.97,34.62,30.02,260
2019-06-07,106.6523,108.858,106.2038,108.318,18630012,52.55,82.97,34.62,37.08,260
2019-06-14,106.1672,106.1672,101.2341,102.2683,29313007,43.85,82.97,34.62,19.1,260
2019-06-21,102.1768,107.1465,101.9022,105.7005,16086462,49.01,82.97,34.62,29.76,260
2019-06-28,105.3252,106.9269,100.6941,101.3989,21932686,43.61,82.97,34.62,18.59,260
2019-07-05,101.8748,105.6822,101.2616,103.2568,11735096,46.36,82.97,34.62,24.28,260
2019-07-12,102.9364,104.9317,96.2369,99.1108,22856255,41.49,82.97,34.62,14.22,260
2019-07-19,99.1199,100.3555,97.5457,97.7379,18173505,40.0,82.97,34.62,11.12,260
2019-07-26,97.8569,101.0236,96.8959,99.0925,19823162,42.21,82.97,34.62,15.7,260
2019-08-02,98.9094,103.6686,97.9301,102.8907,21548979,48.01,82.97,34.62,27.69,260
2019-08-09,101.9388,104.8401,98.3328,104.1263,22091560,49.77,82.97,34.62,31.34,260
2019-08-16,103.33,106.2954,100.5373,101.7433,19910290,46.49,82.97,34.62,24.56,260
2019-08-23,102.2312,103.9711,100.2335,100.8135,12896114,45.24,82.97,34.62,21.97,260
2019-08-30,101.8261,105.1034,101.0713,103.9987,12833637,50.19,82.97,34.62,32.2,260
2019-09-06,103.6029,106.2726,103.2807,104.993,14416796,51.66,82.97,34.62,35.24,260
2019-09-13,105.4256,105.4256,97.9505,102.0839,21344976,47.27,82.97,34.62,26.16,260
2019-09-20,101.6512,107.9204,100.5373,106.9354,18873973,54.25,82.97,34.62,40.6,260
2019-09-27,106.7881,107.2852,101.8998,103.4464,14217171,49.2,82.97,34.62,30.16,260
2019-10-04,103.474,104.4406,97.7756,99.6075,15374641,44.32,82.97,34.62,20.06,260
2019-10-11,99.7088,100.4729,97.5362,99.7548,11338546,44.55,82.97,34.62,20.53,260
2019-10-18,99.9021,101.3567,99.2301,100.0126,9924699,44.97,82.97,34.62,21.41,260
2019-10-25,100.2243,102.6086,93.3107,101.4487,26494301,47.38,82.97,34.62,26.4,260
2019-11-01,101.8354,105.5637,101.8354,103.5753,16334218,50.82,82.97,34.62,33.51,260
2019-11-08,104.2473,105.5269,101.7341,104.5143,15631934,52.3,82.97,34.62,36.57,260
2019-11-15,104.4498,105.388,102.7769,104.8046,14802973,52.78,82.97,34.62,37.55,260
2019-11-22,104.6472,108.0361,104.4991,107.5917,16810982,57.17,82.97,34.62,46.65,260
2019-11-29,107.962,109.6842,107.962,108.6565,10687153,58.75,82.97,34.62,49.92,260
2019-12-06,108.8139,111.7675,107.3324,110.7768,13288660,61.78,82.97,34.62,56.17,260
2019-12-13,110.675,113.1379,110.1287,112.5268,15366157,64.12,82.97,34.62,61.01,260
2019-12-20,113.9527,126.8507,113.0175,122.6193,32006211,74.0,82.97,34.62,81.45,260
2019-12-27,122.5823,122.7582,120.4897,121.7767,7122512,72.21,82.97,34.62,77.75,260
2020-01-03,121.7767,122.6563,120.5823,122.0082,7573711,72.41,82.97,34.62,78.16,260
2020-01-10,121.6841,128.0267,121.2397,127.7767,18438402,76.82,82.97,34.62,87.29,260
2020-01-17,127.9618,131.4526,127.6748,129.2396,22665172,77.79,82.97,34.62,89.29,260
2020-01-24,129.1655,131.7118,128.1748,128.7674,13913518,76.68,82.97,34.62,86.98,260
2020-01-31,127.1656,133.0729,127.1656,129.2952,17427525,77.07,82.97,34.62,87.8,260
2020-02-07,130.1192,136.9155,129.3322,135.5636,18331585,81.16,82.97,34.62,96.26,260
2020-02-14,131.0174,135.0544,130.6655,131.3474,17550796,71.88,82.97,34.62,77.05,260
2020-02-21,131.2543,132.9204,130.6121,132.2037,12257334,72.56,82.97,34.62,78.47,260
2020-02-28,129.6348,131.7849,113.0954,117.3955,24978981,49.88,82.97,34.62,31.57,260
2020-03-06,118.894,132.5015,117.4699,131.6639,34479409,62.16,82.97,34.62,56.95,260
2020-03-13,124.7391,132.1013,117.2093,129.7186,32840565,60.0,82.97,34.62,52.49,260
2020-03-20,121.9282,134.028,111.9041,113.9238,37928200,46.03,82.97,34.62,23.6,260
2020-03-27,112.5742,128.0805,108.9536,124.8229,32039672,53.99,82.97,34.62,40.06,260
2020-04-03,124.5995,134.5864,123.7711,129.9885,24651678,57.21,82.97,34.62,46.72,260
2020-04-09,132.4178,137.0529,130.3515,135.6382,16481563,60.47,82.97,34.62,53.47,260
2020-04-17,134.9308,146.7513,132.9855,146.3976,16931490,65.81,82.97,34.62,64.51,260
2020-04-24,145.7833,153.4806,140.9248,151.6471,20187152,68.08,82.97,34.62,69.2,260
2020-05-01,152.643,153.1083,141.0738,142.9911,16470544,60.91,82.97,34.62,54.37,260
2020-05-08,143.9405,148.194,140.7852,142.8794,11353020,60.82,82.97,34.62,54.19,260
2020-05-15,142.8422,150.223,142.4792,148.8957,13392710,63.88,82.97,34.62,60.52,260
2020-05-22,150.8688,151.832,140.003,141.3495,14227973,57.78,82.97,34.62,47.9,260
2020-05-29,141.3027,143.6685,134.2989,143.0233,23832626,58.72,82.97,34.62,49.85,260
2020-06-05,144.4447,144.9309,138.7125,139.5261,19600173,55.92,82.97,34.62,44.05,260
2020-06-12,137.2257,142.509,132.2884,134.2241,21827557,51.87,82.97,34.62,35.68,260
2020-06-19,132.784,156.5636,130.6146,149.5597,33062481,60.72,82.97,34.62,53.99,260
2020-06-26,148.849,153.1598,146.184,152.2621,17539462,62.05,82.97,34.62,56.73,260
2020-07-02,153.2159,154.7308,150.5789,153.2346,9963460,62.54,82.97,34.62,57.74,260
2020-07-10,153.7863,159.6681,152.1779,152.7577,14014802,62.12,82.97,34.62,56.87,260
2020-07-17,153.9266,156.4046,150.5883,155.189,12878904,63.47,82.97,34.62,59.67,260
2020-07-24,155.6846,156.8254,148.1664,149.1856,9690093,57.95,82.97,34.62,48.26,260
2020-07-31,149.2417,154.6747,139.0866,140.536,21282037,51.06,82.97,34.62,34.0,260
2020-08-07,142.8831,147.2687,141.1999,143.0046,13548850,52.79,82.97,34.62,37.57,260
2020-08-14,143.0046,143.5283,140.1559,141.0392,9895221,51.24,82.97,34.62,34.37,260
2020-08-21,141.8192,145.0987,139.0283,140.2593,11543107,50.6,82.97,34.62,33.06,260
2020-08-28,141.0016,142.1856,138.1168,138.455,12763065,49.09,82.97,34.62,29.92,260
2020-09-04,138.4644,144.1214,137.6751,141.8098,17785069,51.97,82.97,34.62,35.88,260
2020-09-11,141.8474,144.8262,136.928,139.1598,13642870,49.58,82.97,34.62,30.95,260
2020-09-18,140.0995,145.1833,138.5772,144.8732,26446673,54.44,82.97,34.62,40.99,260
2020-09-25,143.9335,144.3939,138.4832,141.199,15838984,51.03,82.97,34.62,33.95,260
2020-10-02,141.8943,142.4394,134.6305,136.4535,18509581,46.95,82.97,34.62,25.5,260
2020-10-09,136.3219,147.6735,135.2507,147.4198,19079423,55.76,82.97,34.62,43.72,260
2020-10-16,147.3728,147.6735,136.6132,137.3086,18622817,47.87,82.97,34.62,27.4,260
2020-10-23,138.1356,138.5197,132.3094,133.7941,12816652,45.46,82.97,34.62,22.42,260
2020-10-30,133.3431,133.7095,121.4183,122.593,28945696,38.76,82.97,34.62,8.57,260
2020-11-06,124.5475,142.8152,122.1513,134.1324,31250849,47.36,82.97,34.62,26.36,260
2020-11-13,133.9445,140.2029,132.1157,134.4962,19527133,47.61,82.97,34.62,26.88,260
2020-11-20,135.1385,138.9454,130.9349,137.434,21062987,49.69,82.97,34.62,31.17,260
2020-11-27,137.4812,139.7294,133.3437,139.276,12860978,51.0,82.97,34.62,33.88,260
2020-12-04,138.2369,140.4851,135.2047,140.2301,20666013,51.7,82.97,34.62,35.33,260
2020-12-11,139.1438,153.0298,138.3692,151.1783,23622343,58.97,82.97,34.62,50.36,260
2020-12-18,151.7923,164.2661,149.0907,161.9093,28206460,64.59,82.97,34.62,61.99,260
2020-12-24,159.5288,159.6422,156.3077,157.4318,8429435,60.85,82.97,34.62,54.24,260
2020-12-31,157.9513,159.7697,156.062,159.491,6250206,61.94,82.97,34.62,56.5,260
2021-01-08,159.6611,160.0933,152.822,157.1956,15571143,59.93,82.97,34.62,52.35,260
2021-01-15,174.7562,181.1608,167.613,180.2067,36865531,70.32,82.97,34.62,73.84,260
2021-01-22,185.1472,195.1035,183.324,194.7257,27896546,74.77,82.97,34.62,83.04,260
2021-01-29,196.7094,205.929,193.1387,196.4544,33780682,75.25,82.97,34.62,84.02,260
2021-02-05,197.8619,198.268,184.8071,190.5977,19947788,70.4,82.97,34.62,74.01,260
2021-02-12,191.1739,197.5158,189.2279,196.6336,14693629,72.38,82.97,34.62,78.09,260
2021-02-19,195.391,196.8233,190.0315,190.5911,13423977,67.52,82.97,34.62,68.05,260
2021-02-26,188.9405,196.349,187.7832,194.357,14477514,68.92,82.97,34.62,70.94,260
2021-03-05,195.2012,199.1569,188.3998,196.2826,18087741,69.64,82.97,34.62,72.43,260
2021-03-12,196.3585,201.2533,191.8812,197.383,19506579,70.07,82.97,34.62,73.32,260
2021-03-19,183.0877,183.249,174.3512,174.816,34022572,53.47,82.97,34.62,38.99,260
2021-03-26,174.5883,177.0594,170.5758,175.7836,15381820,53.97,82.97,34.62,40.03,260
2021-04-01,175.167,178.4017,174.0714,175.7172,11487908,53.93,82.97,34.62,39.94,260
2021-04-09,176.0492,176.3432,171.9038,175.0057,13764321,53.44,82.97,34.62,38.92,260
2021-04-16,174.0002,180.517,171.5813,179.521,14286044,56.17,82.97,34.62,44.58,260
2021-04-23,179.5115,183.5525,177.1495,179.0183,13113381,55.78,82.97,34.62,43.77,260
2021-04-30,178.876,178.9519,169.3975,173.3741,19855374,51.43,82.97,34.62,34.77,260
2021-05-07,173.5828,186.1771,173.5164,185.3738,16803587,58.79,82.97,34.62,49.99,260
2021-05-14,186.0853,187.9447,182.6856,186.9348,10489294,59.65,82.97,34.62,51.76,260
2021-05-21,187.192,192.3748,183.9813,190.4313,13979764,61.57,82.97,34.62,55.75,260
2021-05-28,191.4983,193.9897,186.2583,190.2979,19611895,61.45,82.97,34.62,55.5,260
2021-06-04,190.8505,194.7852,187.3825,192.4701,10985043,62.73,82.97,34.62,58.14,260
2021-06-11,192.4415,224.698,192.2891,213.4968,38018853,72.31,82.97,34.62,77.96,260
2021-06-18,213.6302,215.9453,207.9996,208.2187,13310363,67.61,82.97,34.62,68.24,260
2021-06-25,208.7427,228.0545,206.742,219.337,27032584,71.77,82.97,34.62,76.84,260
2021-07-02,218.1747,223.1384,216.1534,222.9003,9887100,72.97,82.97,34.62,79.32,260
2021-07-09,222.5859,227.1987,221.1282,223.8816,12728857,73.31,82.97,34.62,80.02,260
2021-07-16,224.0531,226.7493,219.7848,221.4712,12846463,70.97,82.97,34.62,75.19,260
2021-07-23,220.9186,232.9896,219.6705,232.6085,10407056,74.95,82.97,34.62,83.4,260
2021-07-30,231.1032,236.6576,230.7889,231.9893,10307943,74.34,82.97,34.62,82.14,260
2021-08-06,234.1139,257.8558,231.9893,250.9867,15675386,79.77,82.97,34.62,93.37,260
2021-08-13,252.0728,260.1329,249.9326,252.5324,11694153,80.14,82.97,34.62,94.13,260
2021-08-20,253.1728,263.677,252.5849,258.9362,10684696,81.63,82.97,34.62,97.22,260
2021-08-27,260.2648,260.8478,247.1512,248.2695,12136656,71.93,82.97,34.62,77.17,260
2021-09-03,249.4929,252.3986,243.242,248.0592,9585220,71.75,82.97,34.62,76.8,260
2021-09-10,247.5526,249.2922,228.0256,228.9145,13556359,57.56,82.97,34.62,47.45,260
2021-09-17,229.4306,230.4916,218.1426,219.93,16900312,52.33,82.97,34.62,36.63,260
2021-09-24,218.0088,224.9814,217.2442,221.4401,11060797,53.1,82.97,34.62,38.22,260
2021-10-01,219.8057,226.6779,210.4675,219.4425,16343024,51.9,82.97,34.62,35.75,260
2021-10-08,217.7316,225.3876,214.3099,223.6002,14614414,54.22,82.97,34.62,40.53,260
2021-10-15,226.2383,228.722,221.7269,227.3661,10140983,56.27,82.97,34.62,44.77,260
2021-10-22,227.433,235.0316,226.2383,232.9767,9335845,59.2,82.97,34.62,50.84,260
2021-10-29,233.8464,245.4021,226.611,243.5,17016074,64.07,82.97,34.62,60.91,260
2021-11-05,243.8346,259.1274,237.0866,253.2875,18396060,67.9,82.97,34.62,68.84,260
2021-11-12,252.3221,255.113,246.9696,248.9863,10213970,64.64,82.97,34.62,62.08,260
2021-11-19,248.737,259.6784,245.4767,249.9932,11820309,65.06,82.97,34.62,62.96,260
2021-11-26,251.4508,254.9605,248.3918,249.6768,7998176,64.8,82.97,34.62,62.42,260
2021-12-03,249.3411,251.5467,233.0969,235.4942,23536581,54.23,82.97,34.62,40.56,260
2021-12-10,235.8202,237.9888,229.6351,234.1133,15834991,53.32,82.97,34.62,38.68,260
2021-12-17,235.4271,272.2452,235.3791,256.4372,29592816,63.89,82.97,34.62,60.54,260
2021-12-23,258.1729,263.9648,249.6576,261.884,11535152,65.92,82.97,34.62,64.73,260
2021-12-31,263.7443,269.1239,263.4374,264.8758,6319280,67.01,82.97,34.62,67.0,260
2022-01-07,263.1402,263.1402,244.9684,248.8425,13074724,56.52,82.97,34.62,45.31,260
2022-01-14,247.5863,251.633,232.9243,234.0942,17907255,48.94,82.97,34.62,29.61,260
2022-01-21,232.7804,240.125,232.1475,233.0777,11119517,48.45,82.97,34.62,28.62,260
2022-01-28,232.5886,235.149,223.124,235.0339,14415031,49.49,82.97,34.62,30.75,260
2022-02-04,233.2791,241.5312,231.1982,232.3201,15316203,48.05,82.97,34.62,27.78,260
2022-02-11,232.4544,234.4202,225.2049,226.0583,12660882,44.81,82.97,34.62,21.08,260
2022-02-18,225.3268,237.8642,223.2757,231.4029,13017981,48.03,82.97,34.62,27.74,260
2022-02-25,230.3437,243.5262,225.3268,241.5522,10941692,53.57,82.97,34.62,39.19,260
2022-03-04,237.0168,253.69,235.5242,253.1267,15165179,58.94,82.97,34.62,50.3,260
2022-03-11,250.2283,261.6487,248.3024,256.4296,14790548,60.35,82.97,34.62,53.21,260
2022-03-18,259.0199,280.5511,257.4118,276.9786,18040382,67.76,82.97,34.62,68.55,260
2022-03-25,277.0941,284.3836,272.8476,278.3074,15194011,68.18,82.97,34.62,69.41,260
2022-04-01,280.5299,282.2747,273.4735,281.8222,13507123,69.3,82.97,34.62,71.73,260
2022-04-08,281.8992,302.3616,278.3845,300.1372,17277927,74.38,82.97,34.62,82.23,260
2022-04-14,301.4853,302.1304,289.0634,290.6715,9293149,68.11,82.97,34.62,69.26,260
2022-04-22,289.9108,290.8641,268.0811,268.3988,11657516,56.12,82.97,34.62,44.47,260
2022-04-29,268.4181,289.3716,266.5693,281.3022,16724644,60.46,82.97,34.62,53.45,260
2022-05-06,280.4355,287.1953,273.5794,285.8954,13669080,61.91,82.97,34.62,56.44,260
2022-05-13,282.631,283.9984,272.5106,281.7644,13934386,59.79,82.97,34.62,52.06,260
2022-05-20,282.2281,298.9719,274.75,288.7401,16119309,62.14,82.97,34.62,56.93,260
2022-05-27,290.4309,313.1166,289.2232,312.5369,15852906,68.84,82.97,34.62,70.78,260
2022-06-03,305.9186,307.6867,288.0783,291.4454,15223974,58.89,82.97,34.62,50.21,260
2022-06-10,304.4694,304.8269,286.8271,286.9624,14508703,57.01,82.97,34.62,46.31,260
2022-06-17,280.6069,290.8077,273.5326,281.0591,16820254,54.53,82.97,34.62,41.18,260
2022-06-24,282.489,314.7978,280.489,314.6045,16536696,64.08,82.97,34.62,60.93,260
2022-07-01,313.2615,319.6576,306.0442,313.7253,13080701,63.7,82.97,34.62,60.15,260
2022-07-08,311.5321,323.2034,308.1408,319.2904,8655494,65.1,82.97,34.62,63.05,260
2022-07-15,319.4257,323.986,304.8365,320.3822,11921706,65.39,82.97,34.62,63.63,260
2022-07-22,318.9523,320.7397,308.8944,317.6286,9338686,63.98,82.97,34.62,60.72,260
2022-07-29,317.6286,322.3049,310.8558,318.5368,10948104,64.25,82.97,34.62,61.29,260
2022-08-05,316.4306,319.2518,290.1507,291.1266,18532689,51.55,82.97,34.62,35.02,260
2022-08-12,290.4792,299.0021,286.4986,298.6047,12197681,54.21,82.97,34.62,40.52,260
2022-08-19,299.7,315.7313,297.8584,312.8429,13446018,58.84,82.97,34.62,50.1,260
2022-08-26,312.368,315.7507,304.2167,305.8547,11113026,55.86,82.97,34.62,43.92,260
2022-09-02,303.703,305.1859,290.5406,292.0623,12311000,50.42,82.97,34.62,32.67,260
2022-09-09,293.6325,310.3229,292.9347,307.9289,8938053,55.75,82.97,34.62,43.71,260
2022-09-16,309.0823,310.5943,295.6098,299.3898,13081240,52.48,82.97,34.62,36.94,260
2022-09-23,297.0539,305.4864,287.2064,301.8808,17019993,53.34,82.97,34.62,38.72,260
2022-09-30,299.3026,331.1907,295.5031,313.4051,24433106,57.2,82.97,34.62,46.71,260
2022-10-07,315.9639,328.8258,307.2989,316.6133,15050142,58.24,82.97,34.62,48.85,260
2022-10-14,316.1965,324.9753,309.2859,321.1978,11209182,59.74,82.97,34.62,51.96,260
2022-10-21,322.5548,331.8983,315.8767,330.2893,11772416,62.61,82.97,34.62,57.89,260
2022-10-28,333.6332,350.8664,332.4993,348.831,13552485,67.67,82.97,34.62,68.36,260
2022-11-04,347.6194,354.6226,330.2699,346.4175,20654372,66.41,82.97,34.62,65.75,260
2022-11-11,346.9894,358.4265,333.924,341.4647,17802873,63.79,82.97,34.62,60.32,260
2022-11-18,348.9844,354.4271,330.5666,351.5113,17814364,66.66,82.97,34.62,66.27,260
2022-11-25,350.2673,355.5545,345.3883,354.9908,7492067,67.62,82.97,34.62,68.26,260
2022-12-02,353.2414,364.6467,350.5103,364.2337,14687137,70.09,82.97,34.62,73.35,260
2022-12-09,363.2618,364.7099,350.6755,350.8504,10774726,62.65,82.97,34.62,57.98,260
2022-12-16,352.736,362.2704,345.1939,349.7619,22817693,62.08,82.97,34.62,56.79,260
2022-12-23,347.7598,360.2683,344.6497,357.5664,10134281,64.59,82.97,34.62,61.99,260
2022-12-30,359.1214,360.5307,351.9419,355.5642,4833980,63.43,82.97,34.62,59.59,260
2023-01-06,355.9724,358.6355,343.046,352.7457,8032689,61.75,82.97,34.62,56.1,260
2023-01-13,353.7759,354.7187,333.6962,351.4628,11759231,60.95,82.97,34.62,54.46,260
2023-01-20,351.4628,351.8321,331.9856,336.3495,12787852,52.4,82.97,34.62,36.78,260
2023-01-27,336.8744,342.2879,330.6638,332.491,13088744,50.46,82.97,34.62,32.76,260
2023-02-03,334.6584,338.0309,308.096,329.5559,26752650,48.97,82.97,37.82,24.69,260
2023-02-10,332.3744,338.6432,323.3453,335.4262,12971978,52.02,82.97,37.82,31.44,260
2023-02-17,336.7383,344.995,312.5105,320.2136,15273822,44.58,82.97,37.82,14.97,260
2023-02-24,318.9947,324.5331,312.1107,313.6221,9719824,41.8,82.97,37.82,8.8,260
2023-03-03,314.5581,315.3382,301.4922,310.4921,16479274,40.5,82.97,37.82,5.93,260
2023-03-10,309.0392,318.3902,301.6092,307.1671,16125446,39.11,82.97,37.82,2.86,260
2023-03-17,309.3318,326.5961,309.3318,320.9741,26411845,47.2,82.97,38.76,19.08,260
2023-03-24,320.9741,328.5309,319.8979,327.7509,14749489,50.66,82.97,38.76,26.91,260
2023-03-31,319.6285,335.0834,315.2017,334.8591,13360040,54.06,82.97,38.76,34.61,260
2023-04-06,334.6836,360.289,333.7671,359.1092,13599827,63.35,82.97,38.76,55.62,260
2023-04-14,359.0019,366.9292,353.9881,365.3886,11695735,65.31,82.97,38.76,60.04,260
2023-04-21,365.6519,376.641,358.1926,375.6366,12606637,68.28,82.97,38.76,66.77,260
2023-04-28,375.6366,394.2343,361.4396,385.9919,18169596,70.99,82.97,38.76,72.89,260
2023-05-05,387.357,423.3761,382.4768,417.1454,24929597,77.27,82.97,38.76,87.11,260
2023-05-12,415.5756,435.5635,412.4553,424.7022,14381884,78.49,82.97,38.76,89.86,260
2023-05-19,425.6212,437.4894,421.0167,432.4742,12349235,79.7,82.97,38.76,92.59,260
2023-05-26,434.361,444.7628,410.3998,416.2557,17243888,70.79,82.97,38.76,72.44,260
2023-06-02,414.3005,434.7423,412.6093,432.4253,11621557,73.92,82.97,38.76,79.52,260
2023-06-09,433.0803,439.2393,422.659,436.0523,10190726,74.58,82.97,38.76,81.01,260
2023-06-16,436.1598,446.7473,428.8571,437.6849,13079353,74.88,82.97,38.76,81.7,260
2023-06-23,435.8763,451.9091,435.1431,448.5657,12600923,76.89,82.97,38.76,86.24,260
2023-06-30,454.8419,459.3487,438.8678,458.4786,15493704,78.57,82.97,38.76,90.03,260
2023-07-07,455.8195,457.1295,441.1358,441.957,9351917,69.51,82.97,38.76,69.54,260
2023-07-14,442.8173,444.489,424.6143,439.3957,14512475,68.19,82.97,38.76,66.57,260
2023-07-21,439.3859,456.582,433.3345,451.694,11650980,71.02,82.97,38.76,72.97,260
2023-07-28,451.6549,455.2134,436.5606,448.2137,9210113,69.15,82.97,38.76,68.73,260
2023-08-04,448.7416,451.303,436.8832,439.425,10501639,64.52,82.97,38.76,58.25,260
2023-08-11,443.1008,525.9531,440.4906,516.4508,29550283,78.26,82.97,38.76,89.34,260
2023-08-18,520.4745,541.6254,518.4858,535.3163,14913510,80.28,82.97,38.76,93.9,260
2023-08-25,535.865,546.0632,534.6502,542.3895,9988099,80.99,82.97,38.76,95.51,260
2023-09-01,538.9411,547.8315,531.9561,545.7791,10340327,81.33,82.97,38.76,96.3,260
2023-09-08,547.856,575.6,541.4588,574.5322,12699597,84.01,84.01,38.76,100.0,260
2023-09-15,575.2082,589.5994,563.3641,563.9518,19401304,79.5,84.01,38.76,90.04,260
2023-09-22,566.2443,566.6459,531.4663,539.3428,13185934,70.08,84.01,38.76,69.22,260
2023-09-29,538.9117,542.8597,521.3758,526.2055,10701631,65.61,84.01,38.76,59.34,260
2023-10-06,525.1083,554.8402,506.0637,553.7242,15992739,69.93,84.01,38.76,68.9,260
2023-10-13,552.5486,617.1573,552.1175,596.8097,21621072,75.2,84.01,38.76,80.53,260
2023-10-20,598.5633,609.332,566.5773,572.7492,15062800,68.04,84.01,38.76,64.7,260
2023-10-27,574.1403,587.5029,545.3188,548.8357,13262050,61.74,84.01,38.76,50.8,260
2023-11-03,559.5924,585.2888,536.4723,556.2615,17126111,62.89,84.01,38.76,53.33,260
2023-11-10,559.4846,613.1406,559.3964,585.5534,24853015,67.09,84.01,38.76,62.6,260
2023-11-17,582.2617,606.1655,566.3912,580.7478,19518639,65.77,84.01,38.76,59.7,260
2023-11-24,580.4828,593.6542,575.8797,589.9638,8077176,67.1,84.01,38.76,62.64,260
2023-12-01,590.0325,592.5059,572.1992,573.2199,15630210,62.36,84.01,38.76,52.16,260
2023-12-08,571.3453,587.2157,563.6898,586.9703,11352028,64.58,84.01,38.76,57.05,260
2023-12-15,587.569,590.0522,551.2447,561.4422,22165678,57.78,84.01,38.76,42.03,260
2023-12-22,565.7901,574.2701,556.5152,559.8228,11884772,57.37,84.01,38.76,41.12,260
2023-12-29,558.9493,575.8208,557.1237,572.1206,7809605,59.72,84.01,38.76,46.32,260
2024-01-05,569.6571,624.6197,568.3223,607.0906,16846318,65.54,84.01,38.76,59.18,260
2024-01-12,610.8987,632.0691,598.2965,631.0091,12810010,68.85,84.01,38.76,66.51,260
2024-01-19,631.9807,635.73,601.3489,616.9347,11047735,64.9,84.01,38.76,57.77,260
2024-01-26,618.3284,631.2495,603.4297,627.4071,11606734,66.44,84.01,38.76,61.18,260
2024-02-02,629.6154,660.1539,625.1987,655.2809,14957134,70.2,84.01,38.76,69.49,260
2024-02-09,678.2179,731.8849,669.8852,726.4476,29071039,77.22,84.01,38.76,85.0,260
2024-02-16,727.0757,781.0899,712.9916,768.8889,16703293,80.21,84.01,38.76,91.61,260
2024-02-23,776.6952,780.0183,720.8911,756.5798,13811952,77.05,84.01,38.76,84.63,260
2024-03-01,758.3101,770.8749,731.4945,768.9479,15829713,77.99,84.01,38.76,86.7,260
2024-03-08,783.0267,787.2937,742.2847,749.3044,17575226,72.89,84.01,38.76,75.43,260
2024-03-15,739.5416,755.0657,715.3658,741.4686,15358096,70.9,84.01,38.76,71.03,260
2024-03-22,749.4421,767.3944,742.2847,757.6318,12110614,72.56,84.01,38.76,74.71,260
2024-03-28,758.1135,780.3034,754.4562,764.858,9412763,73.3,84.01,38.76,76.33,260
2024-04-05,762.931,774.6275,740.8099,771.0027,12739459,73.94,84.01,38.76,77.75,260
2024-04-12,771.7991,771.9711,734.2523,738.9812,9889912,65.17,84.01,38.76,58.37,260
2024-04-19,747.2693,758.8312,709.9093,714.0778,13220608,59.29,84.01,38.76,45.36,260
2024-04-26,717.4501,739.9644,706.2027,721.1566,11147553,60.38,84.01,38.76,47.78,260
2024-05-03,723.3589,782.1001,717.3223,722.592,20775293,60.61,84.01,38.76,48.3,260
2024-05-10,725.6103,770.7963,723.6046,747.2005,12972035,64.45,84.01,38.76,56.77,260
2024-05-17,750.6415,775.6738,737.8899,758.2825,10813378,66.05,84.01,38.76,60.31,260
2024-05-24,755.2297,808.1174,754.4615,795.1429,13094737,70.77,84.01,38.76,70.75,260
2024-05-31,796.689,813.6371,776.2548,807.8565,11321904,72.21,84.01,38.76,73.92,260
2024-06-07,811.2933,843.7715,805.1778,837.0553,11032339,75.22,84.01,38.76,80.57,260
2024-06-14,840.9845,871.5916,836.4644,865.0822,14414855,77.71,84.01,38.76,86.09,260
2024-06-21,864.639,891.6713,856.8888,870.4295,11777945,78.16,84.01,38.76,87.08,260
2024-06-28,876.4318,901.6077,869.5038,891.6024,13273638,79.9,84.01,38.76,90.92,260
2024-07-05,897.8951,904.5227,865.1314,900.6525,13089951,80.61,84.01,38.76,92.49,260
2024-07-12,903.922,936.3213,898.1216,933.9677,12641082,82.99,84.01,38.76,97.76,260
2024-07-19,941.649,951.3983,823.9281,844.4214,20102844,61.22,84.01,38.76,49.64,260
2024-07-26,851.6399,874.2111,789.1062,792.3757,17360356,52.59,84.01,38.76,30.56,260
2024-08-02,801.6228,828.0937,764.0041,792.2181,16860592,52.57,84.01,38.76,30.51,260
2024-08-09,746.4651,894.665,736.1741,878.1108,28529543,62.64,84.01,38.76,52.78,260
2024-08-16,890.4502,924.9706,869.5629,909.3548,16720619,65.51,84.01,38.76,59.13,260
2024-08-23,909.3548,959.067,903.8127,939.5509,15200072,68.07,84.01,38.76,64.77,260
2024-08-30,936.06,959.0177,923.0427,946.7302,11098576,68.66,84.01,38.76,66.09,260
2024-09-06,944.5113,956.2268,880.6379,890.2135,11048123,59.31,84.01,38.76,45.41,260
2024-09-13,899.937,929.3048,882.6104,910.9228,11614551,61.38,84.01,38.76,50.0,260
2024-09-20,918.2401,926.8493,889.8092,908.7336,18153576,61.03,84.01,38.76,49.21,260
2024-09-27,908.2503,926.297,863.4887,865.6385,13934802,54.37,84.01,38.76,34.5,260
2024-10-04,852.5522,880.983,846.9212,874.8788,11399738,55.49,84.01,38.76,36.98,260
2024-10-11,878.1824,919.3347,877.2505,919.1572,10911749,60.5,84.01,38.76,48.05,260
2024-10-18,923.0427,924.0288,885.406,905.2623,9958038,58.28,84.01,38.76,43.15,260
2024-10-25,905.2721,906.14,875.9833,880.3421,9656066,54.43,84.01,38.76,34.63,260
2024-11-01,882.4821,895.4106,758.3545,807.5933,35377939,45.07,84.01,38.76,13.94,260
2024-11-08,793.8562,835.541,756.9838,820.0288,27679708,46.76,84.01,38.76,17.67,260
2024-11-15,819.7921,832.3163,735.1764,737.1521,21113990,38.32,84.01,38.32,0.0,260
2024-11-22,724.2999,752.0492,702.7742,738.9402,28304340,38.57,84.01,38.32,0.56,260
2024-11-29,740.9061,797.2149,731.0372,785.7062,17234649,45.04,84.01,38.32,14.72,260
2024-12-06,788.4327,836.1993,785.5779,816.6859,15019301,48.88,84.01,38.32,23.12,260
2024-12-13,813.7124,813.7124,763.6173,779.5517,15265324,44.84,84.01,38.32,14.27,260
2024-12-20,782.3968,801.5122,743.272,758.4507,24683827,42.68,84.01,38.32,9.54,260
2024-12-27,775.6496,794.1623,763.6963,773.6739,8159208,44.74,84.01,38.32,14.07,260
2025-01-03,768.4826,777.4574,755.0327,772.4983,7787260,44.61,84.01,38.32,13.78,260
2025-01-10,774.2123,790.2998,752.3854,790.201,15018738,47.17,84.01,38.32,19.38,260
2025-01-17,784.7677,795.5751,716.2191,716.9205,28424087,39.11,84.01,38.32,1.73,260
2025-01-24,722.4032,779.7197,717.7206,775.8867,16158373,46.96,84.01,38.32,18.93,260
2025-01-31,769.268,817.3182,769.268,801.2455,13757259,49.96,84.01,38.32,25.48,260
2025-02-07,794.518,878.5763,792.0286,867.6603,23252117,56.82,84.01,38.32,40.51,260
2025-02-14,867.0824,872.7873,832.7637,835.5148,13238754,53.03,84.01,38.32,32.21,260
2025-02-21,847.5388,885.125,842.5313,864.6198,14425576,55.9,84.01,38.32,38.49,260
2025-02-28,870.1717,915.9025,860.9953,911.083,18317661,60.09,84.01,38.32,47.67,260
2025-03-07,903.3342,925.9225,852.4573,860.5624,18523882,54.07,84.01,38.32,34.49,260
2025-03-14,845.0549,854.2386,787.1318,805.0441,19421405,48.34,84.01,38.32,21.94,260
2025-03-21,808.4781,845.5298,804.1881,828.8843,19058735,50.76,84.01,38.32,27.23,260
2025-03-28,836.5539,865.847,806.8354,813.9805,12590320,49.21,84.01,38.32,23.84,260
2025-04-04,800.5908,819.4235,727.0786,730.5547,17383428,41.57,84.01,38.32,7.11,260
2025-04-11,690.6924,755.5864,670.0697,724.8148,24794702,41.09,84.01,38.32,6.08,260
2025-04-17,742.6678,849.1025,722.7663,831.2495,20075269,52.0,84.01,38.32,29.95,260
2025-04-25,832.7835,876.3964,798.6313,875.3672,15466146,55.66,84.01,38.32,37.96,260
2025-05-02,861.4134,893.1409,783.8562,815.079,28946557,50.04,84.01,38.32,25.66,260
2025-05-09,808.5276,821.0365,725.3987,726.9524,22924411,43.18,84.01,38.32,10.64,260
2025-05-16,720.3219,757.3934,704.8243,751.0202,31116483,45.38,84.01,38.32,15.46,260
2025-05-23,746.6672,757.0739,703.0372,707.7076,18881793,42.21,84.01,38.32,8.52,260
2025-05-30,710.9997,739.6269,708.3224,731.4661,15634589,44.5,84.01,38.32,13.54,260
2025-06-06,726.3396,766.1221,724.5497,763.4052,14847775,47.51,84.01,38.32,20.13,260
2025-06-13,765.4578,818.0616,761.1373,812.4691,15157652,51.84,84.01,38.32,29.6,260
2025-06-20,814.7695,818.0616,749.2056,756.3153,14350989,47.06,84.01,38.32,19.14,260
2025-06-27,764.0497,795.7509,756.6029,768.9283,16996479,48.21,84.01,38.32,21.66,260
2025-07-03,771.9924,783.356,761.541,774.1044,9204527,48.71,84.01,38.32,22.75,260
2025-07-11,774.1144,792.7683,755.6212,786.3407,14565542,49.93,84.01,38.32,25.41,260
2025-07-18,783.356,798.6463,753.6282,765.2198,17295921,47.82,84.01,38.32,20.79,260
2025-07-25,761.7096,808.3341,754.1041,805.8552,14001844,52.02,84.01,38.32,29.99,260
2025-08-01,805.8155,813.3218,729.2548,755.9187,24696822,47.01,84.01,38.32,19.03,260
2025-08-08,753.5785,767.9665,618.5339,620.3882,51947481,36.68,84.01,36.68,0.0,260
2025-08-15,624.1215,702.345,620.6361,696.8199,41149767,44.14,84.01,36.68,15.75,260
2025-08-22,690.649,714.9381,680.8414,707.2042,21917717,45.08,84.01,36.68,17.74,260
2025-08-29,706.5285,741.8946,689.864,727.9728,20588036,47.01,84.01,36.68,21.83,260
2025-09-05,723.4116,742.3021,718.0257,722.6365,11822989,46.56,84.01,36.68,20.87,260
2025-09-12,725.1208,756.8103,714.6951,750.6393,14394755,49.32,84.01,36.68,26.7,260
2025-09-19,748.3339,772.0737,737.4428,747.2607,20956757,48.99,84.01,36.68,26.01,260
2025-09-26,743.8523,757.2475,707.5719,719.9833,16376570,46.31,84.01,36.68,20.34,260
2025-10-03,720.987,842.7961,711.5744,834.588,29048266,56.98,84.01,36.68,42.88,260
2025-10-10,834.6675,858.9141,824.8894,828.2481,14945758,56.31,84.01,36.68,41.47,260
2025-10-17,827.4432,830.0666,778.9158,797.781,12707538,53.09,84.01,36.68,34.68,260
2025-10-24,800.5335,828.904,788.8276,820.2587,12153941,55.13,84.01,36.68,38.98,260
2025-10-31,819.8115,864.4391,804.5382,857.4334,19251716,58.35,84.01,36.68,45.78,260
2025-11-07,861.0804,949.4511,857.1949,918.5566,29333859,63.04,84.01,36.68,55.7,260
2025-11-14,933.8299,1028.6207,932.5033,1020.3225,23064118,69.26,84.01,36.68,68.83,260
2025-11-21,998.8668,1061.4925,993.4745,1054.5761,19124152,71.02,84.01,36.68,72.56,260
2025-11-28,1051.6603,1106.6133,1044.306,1070.2699,15504517,71.82,84.01,36.68,74.25,260
2025-12-05,1069.1851,1078.9079,999.1454,1005.4249,16154093,63.97,84.01,36.68,57.67,260
2025-12-12,1005.8528,1026.573,972.3954,1022.5418,16362949,65.06,84.01,36.68,59.96,260
2025-12-19,1027.5574,1074.0415,1027.5574,1066.2593,22077172,67.73,84.01,36.68,65.61,260
2025-12-26,1071.5138,1083.2169,1057.8601,1072.5388,6681626,68.11,84.01,36.68,66.41,260
2026-01-02,1072.7379,1080.2514,1046.9929,1075.1362,7020302,68.28,84.01,36.68,66.76,260
2026-01-09,1064.06,1128.4671,1028.3835,1058.4174,17146283,65.91,84.01,36.68,61.75,260
2026-01-16,1052.8843,1084.9514,1007.674,1033.3791,14499377,62.42,84.01,36.68,54.38,260
2026-01-23,1023.1737,1090.1831,1011.0476,1059.1439,11237332,64.5,84.01,36.68,58.78,260
2026-01-30,1057.074,1068.1999,999.2848,1032.1351,13709523,60.7,84.01,36.68,50.75,260
2026-02-06,1032.5531,1108.6136,988.7758,1053.0635,27914941,62.54,84.01,36.68,54.64,260
2026-02-13,1071.882,1101.5877,1007.1067,1036.693,15853939,60.17,84.01,36.68,49.62,260
2026-02-20,1042.2852,1063.6071,999.2724,1006.3099,11616671,55.92,84.01,36.68,40.66,260
2026-02-27,1043.6907,1061.0651,1004.1768,1048.6449,17044962,60.14,84.01,36.68,49.57,260
2026-03-06,1041.2983,1052.8415,962.5296,987.1809,14307990,52.31,84.01,36.68,33.03,260
2026-03-13,983.7519,1008.782,970.0655,981.9476,10238296,51.7,84.01,36.68,31.72,260
2026-03-20,988.8257,994.996,896.4304,903.8169,18568972,43.46,84.01,36.68,14.31,260
2026-03-27,910.5853,923.828,874.321,875.4474,12471936,40.91,84.01,36.68,8.92,260
2026-04-02,885.6548,973.5742,880.3019,932.605,15529496,47.58,84.01,36.68,23.02,260
2026-04-10,929.0763,960.8749,895.5932,936.4827,10747417,48.01,84.01,36.68,23.93,260
2026-04-17,936.9811,942.8922,885.2062,924.0822,14785889,46.69,84.01,36.68,21.15,260
2026-04-24,923.9526,927.0428,868.9591,881.1492,15225736,42.36,84.01,36.68,12.0,260
2026-05-01,875.3377,981.3196,847.8055,960.2668,21755309,51.32,84.01,36.68,30.93,260
2026-05-08,956.9474,993.3164,944.4971,945.4341,17627711,49.76,84.01,36.68,27.63,260
2026-05-15,945.9824,1019.5686,940.2606,1003.449,14613754,55.47,84.01,36.68,39.69,260
2026-05-22,999.1453,1068.7732,977.4372,1063.4411,14770303,60.47,84.01,36.68,50.26,260
2026-05-29,1073.4265,1147.418,1058.8079,1103.3825,14779745,63.41,84.01,36.68,56.48,260
2026-06-05,1093.3972,1164.5828,1050.6099,1129.7639,15930521,65.25,84.01,36.68,60.38,260
2026-06-12,1157.3035,1180.9988,1123.9923,1131.3416,16230423,65.37,84.01,36.68,60.61,260
2026-06-18,1132.3401,1145.0065,1087.0615,1096.962,12281693,60.76,84.01,36.68,50.88,260
2026-06-26,1110.612,1213.9804,1077.6403,1206.3516,19725577,68.39,84.01,36.68,67.01,260
2026-07-02,1220.9901,1236.1879,1172.2117,1212.1331,13426196,68.74,84.01,36.68,67.74,260
2026-07-10,1206.2318,1247.6211,1176.5952,1186.8402,11989385,65.37,84.01,36.68,60.61,260
2026-07-17,1178.3826,1194.5389,1132.7395,1177.3841,12816437,64.1,84.01,36.68,57.94,260
2026-07-24,1177.9233,1205.1733,1137.3328,1194.2793,10185242,65.39,84.01,36.68,60.66,260
2026-07-31,1199.242,1230.1967,1117.3621,1147.1584,12062439,59.02,84.01,36.68,47.2,260
2026-08-07,1150.3138,1229.0783,1107.5265,1183.9744,19797803,62.13,84.01,36.68,53.76,260
2026-08-14,1183.2754,1238.2848,1171.1956,1180.16,11268476,61.6,84.01,36.68,52.66,260
2026-08-21,1175.2,1292.65,1163.5,1255.4,13982512,67.41,84.01,36.68,64.92,260
2026-08-28,1262.14,1264.73,1162.93,1174.61,12002094,57.38,84.01,36.68,43.73,260
2026-09-04,1168.47,1188.325,1137.5,1149.36,12800939,54.64,84.01,36.68,37.95,260
2026-09-11,1133.0,1138.79,1113.2919,1115.7,8283912,51.14,84.01,36.68,30.55,260
