Semana,Open,High,Low,Close,Volume,RSI,RSI_max_5a,RSI_min_5a,Posicion,Semanas_ventana
1977-01-07,4.625,5.125,4.435,5.125,1264000,,,,,0
1977-01-14,5.125,5.19,4.75,4.81,936400,,,,,0
1977-01-21,4.875,5.125,4.875,4.875,849600,,,,,0
1977-01-28,5.065,5.5,5.065,5.25,1996600,,,,,0
1977-02-04,5.19,5.19,4.81,5.0,582400,,,,,0
1977-02-11,5.065,5.19,4.75,4.75,707600,,,,,0
1977-02-18,4.69,5.19,4.625,5.065,2018000,,,,,0
1977-02-25,5.125,5.19,4.935,4.935,940400,,,,,0
1977-03-04,4.935,5.19,4.935,5.0,721400,,,,,0
1977-03-11,4.935,5.0,4.81,4.935,555200,,,,,0
1977-03-18,5.0,5.19,5.0,5.0,709800,,,,,0
1977-03-25,5.0,5.0,4.625,4.625,579400,,,,,0
1977-04-01,4.625,4.875,4.625,4.81,741800,,,,,0
1977-04-07,4.875,4.935,4.81,4.935,1181000,,,,,0
1977-04-15,4.75,4.935,4.625,4.935,758400,46.32,46.32,46.32,,1
1977-04-22,4.935,5.0,4.625,4.625,1531200,41.01,46.32,41.01,0.0,2
1977-04-29,4.625,4.625,4.5,4.565,565000,40.05,46.32,40.05,0.0,3
1977-05-06,4.565,5.625,4.435,5.5,5671800,56.92,56.92,40.05,100.0,4
1977-05-13,5.5,6.25,5.435,6.065,7045000,63.58,63.58,40.05,100.0,5
1977-05-20,6.065,6.19,5.69,5.875,1801000,60.21,63.58,40.05,85.66,6
1977-05-27,5.875,5.875,5.5,5.5,1653200,54.11,63.58,40.05,59.72,7
1977-06-03,5.5,6.125,5.5,5.935,1405000,59.27,63.58,40.05,81.64,8
1977-06-10,5.935,6.935,5.875,6.815,6005400,67.28,67.28,40.05,100.0,9
1977-06-17,6.75,7.625,6.56,7.625,5968400,72.62,72.62,40.05,100.0,10
1977-06-24,7.625,8.0,7.435,7.935,6179800,74.34,74.34,40.05,100.0,11
1977-07-01,7.935,7.935,7.25,7.56,4373000,68.7,74.34,40.05,83.55,12
1977-07-08,7.56,7.56,7.125,7.435,2659800,66.88,74.34,40.05,78.24,13
1977-07-15,7.435,9.315,7.375,9.25,7059800,76.59,76.59,40.05,100.0,14
1977-07-22,9.25,9.56,8.315,8.875,4260800,71.9,76.59,40.05,87.17,15
1977-07-29,8.875,9.0,8.315,8.5,3172200,67.45,76.59,40.05,75.0,16
1977-08-05,8.5,9.125,8.375,9.0,2089400,70.11,76.59,40.05,82.26,17
1977-08-12,9.0,9.06,8.75,8.815,1565400,67.9,76.59,40.05,76.22,18
1977-08-19,8.815,8.815,8.25,8.5,1226200,64.19,76.59,40.05,66.08,19
1977-08-26,8.5,9.06,8.435,8.5,2439800,64.19,76.59,40.05,66.08,20
1977-09-02,8.5,8.56,7.375,7.935,2160800,57.65,76.59,40.05,48.17,21
1977-09-09,7.935,8.19,7.56,7.625,767200,54.38,76.59,40.05,39.2,22
1977-09-16,7.625,7.815,7.435,7.75,891200,55.47,76.59,40.05,42.21,23
1977-09-23,7.75,7.75,6.935,7.375,979400,51.47,76.59,40.05,31.25,24
1977-09-30,7.375,8.0,7.19,7.935,1588800,56.52,76.59,40.05,45.06,25
1977-10-07,7.935,7.935,7.25,7.375,762400,50.83,76.59,40.05,29.48,26
1977-10-14,7.375,7.375,6.625,7.125,735000,48.48,76.59,40.05,23.06,27
1977-10-21,7.125,7.375,6.875,7.19,765200,49.14,76.59,40.05,24.86,28
1977-10-28,7.19,7.875,7.06,7.5,1064800,52.27,76.59,40.05,33.43,29
1977-11-04,7.5,7.56,6.935,7.06,402600,47.77,76.59,40.05,21.13,30
1977-11-11,7.125,7.69,7.06,7.69,1738200,53.89,76.59,40.05,37.86,31
1977-11-18,7.69,8.06,7.56,7.875,1906600,55.53,76.59,40.05,42.37,32
1977-11-25,7.875,8.25,7.815,8.25,1216200,58.75,76.59,40.05,51.16,33
1977-12-02,8.25,8.375,7.935,8.0,926600,55.85,76.59,40.05,43.23,34
1977-12-09,7.935,7.935,7.5,7.625,770400,51.73,76.59,40.05,31.95,35
1977-12-16,7.625,7.69,7.375,7.435,397600,49.72,76.59,40.05,26.46,36
1977-12-23,7.375,7.625,7.125,7.625,1173200,51.73,76.59,40.05,31.97,37
1977-12-30,7.625,7.69,7.25,7.5,1079400,50.31,76.59,40.05,28.07,38
1978-01-06,7.5,7.625,6.5,6.5,2016200,40.65,76.59,40.05,1.63,39
1978-01-13,6.5,6.815,6.435,6.815,1157600,44.28,76.59,40.05,11.56,40
1978-01-20,6.815,6.935,6.75,6.875,509000,44.97,76.59,40.05,13.45,41
1978-01-27,6.875,6.935,6.5,6.5,829000,41.51,76.59,40.05,3.98,42
1978-02-03,6.5,6.815,6.435,6.625,903200,43.08,76.59,40.05,8.28,43
1978-02-10,6.625,7.06,6.5,7.0,945400,47.63,76.59,40.05,20.73,44
1978-02-17,7.06,7.125,6.815,6.875,658600,46.3,76.59,40.05,17.1,45
1978-02-24,6.75,7.0,6.56,6.875,684200,46.3,76.59,40.05,17.1,46
1978-03-03,6.875,7.25,6.56,7.19,1135000,50.35,76.59,40.05,28.18,47
1978-03-10,7.19,7.69,7.06,7.69,1623200,56.01,76.59,40.05,43.69,48
1978-03-17,7.69,8.375,7.56,8.375,2957800,62.35,76.59,40.05,61.04,49
1978-03-23,8.435,8.56,8.0,8.25,1970400,60.64,76.59,40.05,56.34,50
1978-03-31,8.25,8.56,7.935,8.19,3493800,59.78,76.59,40.05,54.01,51
1978-04-07,8.315,9.815,8.315,9.375,10118000,69.03,76.59,40.05,79.31,52
1978-04-14,9.375,10.75,9.125,10.625,9744400,75.44,76.59,40.05,96.87,53
1978-04-21,10.685,11.75,10.56,11.31,9061600,78.12,78.12,40.05,100.0,54
1978-04-28,11.44,11.565,10.625,10.875,4773400,72.7,78.12,40.05,85.77,55
1978-05-05,10.875,13.065,10.815,12.685,7498800,79.17,79.17,40.05,100.0,56
1978-05-12,12.685,13.375,12.25,13.25,4838600,80.71,80.71,40.05,100.0,57
1978-05-19,13.25,13.44,11.5,11.875,4275400,67.63,80.71,40.05,67.83,58
1978-05-26,11.875,12.065,10.875,11.0,2792800,60.87,80.71,40.05,51.2,59
1978-06-02,11.0,12.185,10.815,12.185,1602400,65.85,80.71,40.05,63.45,60
1978-06-09,12.31,12.94,12.065,12.625,2989200,67.5,80.71,40.05,67.51,61
1978-06-16,12.625,12.685,11.44,11.565,2466800,59.97,80.71,40.05,48.99,62
1978-06-23,11.565,11.565,10.5,10.94,2107200,56.0,80.71,40.05,39.23,63
1978-06-30,10.94,11.06,10.625,10.75,836400,54.81,80.71,40.05,36.31,64
1978-07-07,10.75,11.06,10.375,11.0,1058800,56.13,80.71,40.05,39.55,65
1978-07-14,11.06,11.375,10.75,11.31,761400,57.78,80.71,40.05,43.59,66
1978-07-21,11.44,12.125,11.25,11.565,1559200,59.13,80.71,40.05,46.93,67
1978-07-28,11.565,14.875,11.5,14.565,6692000,70.96,80.71,40.05,76.02,68
1978-08-04,14.565,17.435,14.31,17.0,7628000,76.82,80.71,40.05,90.44,69
1978-08-11,17.0,18.815,16.125,18.0,6370200,78.72,80.71,40.05,95.12,70
1978-08-18,18.125,18.44,17.5,17.5,2399400,75.4,80.71,40.05,86.93,71
1978-08-25,17.25,17.625,16.5,17.315,1960600,74.15,80.71,40.05,83.86,72
1978-09-01,17.19,17.19,15.935,16.25,1701400,67.24,80.71,40.05,66.87,73
1978-09-08,16.25,17.625,16.19,17.625,1234800,71.0,80.71,40.05,76.11,74
1978-09-15,17.625,17.69,15.0,15.065,2157000,57.73,80.71,40.05,43.47,75
1978-09-22,15.065,15.565,13.125,14.435,3368600,55.0,80.71,40.05,36.77,76
1978-09-29,14.435,15.0,13.5,14.0,1142800,53.14,80.71,40.05,32.18,77
1978-10-06,14.125,14.75,14.065,14.435,1441000,54.79,80.71,40.05,36.24,78
1978-10-13,14.435,16.315,14.375,14.625,3477400,55.53,80.71,40.05,38.06,79
1978-10-20,14.625,14.75,10.5,11.185,6453400,42.13,80.71,40.05,5.12,80
1978-10-27,11.185,11.25,8.5,8.685,7304400,35.44,80.71,35.44,0.0,81
1978-11-03,8.685,11.06,8.25,10.815,7588800,43.65,80.71,35.44,18.14,82
1978-11-10,10.75,11.0,9.25,10.625,2631200,43.13,80.71,35.44,16.97,83
1978-11-17,10.625,10.75,9.125,9.44,1787200,39.89,80.71,35.44,9.83,84
1978-11-24,9.44,9.815,9.315,9.685,886400,40.88,80.71,35.44,12.01,85
1978-12-01,9.685,10.185,9.06,10.185,1614400,42.94,80.71,35.44,16.56,86
1978-12-08,10.375,11.44,10.06,10.56,2451400,44.5,80.71,35.44,20.01,87
1978-12-15,10.56,10.94,10.06,10.315,629200,43.66,80.71,35.44,18.15,88
1978-12-22,9.625,10.315,9.25,10.125,1909600,42.98,80.71,35.44,16.65,89
1978-12-29,10.125,10.315,9.625,9.75,828000,41.61,80.71,35.44,13.62,90
1979-01-05,9.75,11.25,9.685,11.125,1604600,48.15,80.71,35.44,28.07,91
1979-01-12,11.0,11.94,10.75,11.75,3704200,50.85,80.71,35.44,34.03,92
1979-01-19,11.75,11.94,10.56,11.125,1776600,48.15,80.71,35.44,28.07,93
1979-01-26,11.06,11.44,10.625,11.125,1613200,48.15,80.71,35.44,28.07,94
1979-02-02,11.125,11.31,10.815,11.0,910000,47.57,80.71,35.44,26.78,95
1979-02-09,10.94,10.94,9.875,10.125,1198600,43.57,80.71,35.44,17.96,96
1979-02-16,10.125,10.56,10.0,10.375,547000,44.99,80.71,35.44,21.1,97
1979-02-23,10.375,10.56,10.0,10.315,1057600,44.7,80.71,35.44,20.46,98
1979-03-02,10.315,10.315,9.25,9.56,1419400,41.1,80.71,35.44,12.5,99
1979-03-09,9.625,10.06,9.625,9.815,1995600,42.78,80.71,35.44,16.21,100
1979-03-16,9.815,9.94,9.375,9.44,586400,40.94,80.71,35.44,12.13,101
1979-03-23,9.44,9.625,9.06,9.44,1742200,40.94,80.71,35.44,12.13,102
1979-03-30,9.44,10.685,9.25,10.5,3165200,48.25,80.71,35.44,28.29,103
1979-04-06,10.5,12.44,10.5,11.81,5589800,55.57,80.71,35.44,44.47,104
1979-04-12,11.81,12.125,11.185,11.25,1581000,52.18,80.71,35.44,36.96,105
1979-04-20,11.185,11.185,9.875,10.185,3647600,46.37,80.71,35.44,24.13,106
1979-04-27,10.185,10.625,10.185,10.5,1618000,48.2,80.71,35.44,28.19,107
1979-05-04,10.5,11.06,10.315,10.315,1158600,47.18,80.71,35.44,25.93,108
1979-05-11,10.185,10.44,9.75,10.375,1441000,47.57,80.71,35.44,26.79,109
1979-05-18,10.375,10.44,9.625,10.125,1422600,46.05,80.71,35.44,23.43,110
1979-05-25,10.125,10.25,9.94,10.0,1199400,45.27,80.71,35.44,21.71,111
1979-06-01,10.0,10.125,9.56,9.75,761600,43.68,80.71,35.44,18.2,112
1979-06-08,9.75,11.185,9.56,10.94,3796200,52.28,80.71,35.44,37.18,113
1979-06-15,10.94,11.185,10.25,10.315,944200,48.12,80.71,35.44,28.01,114
1979-06-22,10.375,11.375,10.375,11.06,1620000,52.92,80.71,35.44,38.62,115
1979-06-29,11.0,11.625,10.75,11.0,2310400,52.5,80.71,35.44,37.68,116
1979-07-06,10.815,10.94,10.56,10.875,644200,51.58,80.71,35.44,35.65,117
1979-07-13,11.0,11.375,10.625,10.75,1388200,50.62,80.71,35.44,33.53,118
1979-07-20,10.75,10.875,9.315,10.06,1415600,45.6,80.71,35.44,22.43,119
1979-07-27,10.06,11.125,10.06,11.125,1145800,53.3,80.71,35.44,39.46,120
1979-08-03,11.125,12.44,11.06,12.44,4742600,60.71,80.71,35.44,55.81,121
1979-08-10,12.44,14.25,12.44,14.25,7410800,68.19,80.71,35.44,72.33,122
1979-08-17,14.25,14.625,13.875,13.935,4225600,65.84,80.71,35.44,67.15,123
1979-08-24,13.935,14.31,13.565,13.935,2011400,65.84,80.71,35.44,67.15,124
1979-08-31,13.935,14.25,13.75,14.125,1274800,66.64,80.71,35.44,68.92,125
1979-09-07,14.125,14.125,13.0,13.25,2142200,59.68,80.71,35.44,53.54,126
1979-09-14,13.25,14.25,12.685,14.19,3888200,64.03,80.71,35.44,63.15,127
1979-09-21,14.19,14.935,13.625,14.935,3599600,67.06,80.71,35.44,69.84,128
1979-09-28,14.935,15.0,13.69,13.81,2304600,58.98,80.71,35.44,51.99,129
1979-10-05,13.69,13.935,12.75,12.875,3568200,53.23,80.71,35.44,39.3,130
1979-10-12,12.875,12.94,11.0,11.25,2651800,45.03,80.71,35.44,21.17,131
1979-10-19,11.185,11.375,10.625,10.875,3735200,43.36,80.71,35.44,17.5,132
1979-10-26,10.875,11.0,10.5,10.94,1911200,43.75,80.71,35.44,18.35,133
1979-11-02,10.94,11.685,10.75,11.625,1580800,47.8,80.71,35.44,27.3,134
1979-11-09,11.625,12.065,11.25,12.0,1354000,49.93,80.71,35.44,32.0,135
1979-11-16,12.065,13.185,12.065,12.875,2353600,54.58,80.71,35.44,42.28,136
1979-11-23,12.875,13.75,12.565,13.75,1594800,58.71,80.71,35.44,51.4,137
1979-11-30,13.81,14.935,13.81,14.5,3307200,61.91,80.71,35.44,58.46,138
1979-12-07,14.5,15.875,14.375,15.625,6036000,66.14,80.71,35.44,67.82,139
1979-12-14,15.625,17.19,15.5,16.815,6904800,69.95,80.71,35.44,76.23,140
1979-12-21,16.815,17.125,16.375,16.5,2973600,67.78,80.71,35.44,71.43,141
1979-12-28,16.25,16.815,15.125,16.815,1775600,68.82,80.71,35.44,73.73,142
1980-01-04,16.815,19.06,16.19,19.0,6898400,74.89,80.71,35.44,87.14,143
1980-01-11,19.815,22.0,19.815,20.125,13184000,77.33,80.71,35.44,92.55,144
1980-01-18,20.125,21.685,19.875,20.625,4458400,78.34,80.71,35.44,94.78,145
1980-01-25,20.685,22.81,20.25,22.625,5840200,81.83,81.83,35.44,100.0,146
1980-02-01,22.625,24.125,21.5,21.75,6183400,76.06,81.83,35.44,87.56,147
1980-02-08,21.75,21.81,18.75,18.75,8013200,60.35,81.83,35.44,53.69,148
1980-02-15,18.75,20.94,18.685,19.56,6552200,62.6,81.83,35.44,58.53,149
1980-02-22,19.56,20.125,18.875,18.875,2034000,59.52,81.83,35.44,51.91,150
1980-02-29,19.0,19.685,16.625,17.0,5728600,52.0,81.83,35.44,35.7,151
1980-03-07,17.125,17.69,15.565,16.19,4522800,49.11,81.83,35.44,29.47,152
1980-03-14,16.19,17.69,16.19,16.815,3168200,51.36,81.83,35.44,34.31,153
1980-03-21,16.56,16.56,14.065,14.25,2835600,42.98,81.83,35.44,16.25,154
1980-03-28,14.065,14.065,11.06,13.0,4576600,39.59,81.83,35.44,8.94,155
1980-04-03,13.065,15.25,13.065,14.565,2917000,45.4,81.83,35.44,21.46,156
1980-04-11,14.435,15.935,13.565,15.81,1813800,49.55,81.83,35.44,30.41,157
1980-04-18,15.69,15.75,14.435,14.625,1613400,45.97,81.83,35.44,22.68,158
1980-04-25,14.625,16.19,14.25,16.19,2746600,51.01,81.83,35.44,33.55,159
1980-05-02,16.19,16.69,15.375,15.5,1323600,48.84,81.83,35.44,28.89,160
1980-05-09,15.5,15.69,14.0,14.19,1901800,44.95,81.83,35.44,20.48,161
1980-05-16,14.19,15.625,13.625,15.0,2557200,47.72,81.83,35.44,26.47,162
1980-05-23,15.0,16.315,14.875,15.935,1522200,50.81,81.83,35.44,33.12,163
1980-05-30,15.935,16.315,15.19,16.0,1280800,51.03,81.83,35.44,33.59,164
1980-06-06,16.0,16.5,15.0,15.0,3144800,47.56,81.83,35.44,26.12,165
1980-06-13,15.0,15.19,14.31,14.565,6607000,46.09,81.83,35.44,22.95,166
1980-06-20,14.565,14.875,12.81,12.81,2856200,40.65,81.83,35.44,11.21,167
1980-06-27,12.81,13.25,12.185,12.375,4843600,39.4,81.83,35.44,8.53,168
1980-07-03,12.375,14.0,11.875,13.875,2691800,45.58,81.83,35.44,21.85,169
1980-07-11,13.875,14.375,13.375,13.875,6988400,45.58,81.83,35.44,21.85,170
1980-07-18,13.875,15.375,13.625,15.375,5855600,51.34,81.83,35.44,34.26,171
1980-07-25,15.625,16.69,15.0,15.25,4326200,50.85,81.83,35.44,33.22,172
1980-08-01,15.25,15.5,14.625,15.0,1418600,49.85,81.83,35.44,31.05,173
1980-08-08,15.0,16.75,14.75,15.81,3456000,53.09,81.83,35.44,38.05,174
1980-08-15,15.81,17.315,15.625,17.25,2912000,58.27,81.83,35.44,49.2,175
1980-08-22,16.815,17.315,15.5,16.75,3659200,55.96,81.83,35.44,44.23,176
1980-08-29,16.815,17.69,16.19,16.315,3438000,53.96,81.83,35.44,39.91,177
1980-09-05,16.375,17.25,16.125,16.19,1397200,53.37,81.83,35.44,38.64,178
1980-09-12,16.06,16.75,15.5,16.5,1730600,54.69,81.83,35.44,41.49,179
1980-09-19,16.5,17.935,16.375,17.56,2627600,58.99,81.83,35.44,50.75,180
1980-09-26,17.56,18.685,16.815,17.0,2965600,55.97,81.83,35.44,44.24,181
1980-10-03,16.75,17.875,16.375,17.75,2982200,58.99,81.83,35.44,50.77,182
1980-10-10,17.75,18.375,16.875,17.19,2931400,55.9,81.83,35.44,44.11,183
1980-10-17,17.25,17.875,15.625,15.75,2935400,48.83,81.83,35.44,28.85,184
1980-10-24,15.75,15.75,14.5,14.75,5093800,44.6,81.83,35.44,19.74,185
1980-10-31,14.75,14.875,13.75,14.565,5640600,43.85,81.83,35.44,18.11,186
1980-11-07,15.125,17.5,15.125,16.5,7810800,52.85,81.83,35.44,37.51,187
1980-11-14,16.5,18.19,16.19,17.56,3754200,56.92,81.83,35.44,46.29,188
1980-11-21,17.0,17.06,15.19,16.0,3349000,50.06,81.83,35.44,31.52,189
1980-11-28,16.0,17.56,15.625,16.875,1840200,53.45,81.83,35.44,38.82,190
1980-12-05,16.75,16.75,15.5,15.69,2525800,48.64,81.83,35.44,28.45,191
1980-12-12,15.375,15.435,13.565,14.625,3082200,44.74,81.83,35.44,20.05,192
1980-12-19,14.625,15.19,14.065,14.31,1896800,43.63,81.83,35.44,17.65,193
1980-12-26,14.31,16.25,14.0,16.25,4284200,51.62,81.83,35.44,34.86,194
1981-01-02,16.25,17.06,15.75,16.875,2840600,53.88,81.83,35.44,39.75,195
1981-01-09,16.875,17.25,15.125,15.625,3434400,48.94,81.83,35.44,29.1,196
1981-01-16,15.625,15.875,15.31,15.69,1127000,49.2,81.83,35.44,29.66,197
1981-01-23,15.69,16.19,15.125,15.625,1825200,48.94,81.83,35.44,29.08,198
1981-01-30,15.5,15.5,14.625,14.75,2403400,45.34,81.83,35.44,21.33,199
1981-02-06,14.75,15.31,14.0,15.125,2880800,47.13,81.83,35.44,25.2,200
1981-02-13,15.125,15.19,14.125,14.125,2182400,43.08,81.83,35.44,16.45,201
1981-02-20,14.125,14.375,13.0,13.44,1866600,40.5,81.83,35.44,10.91,202
1981-02-27,13.44,13.875,13.125,13.875,1532000,42.84,81.83,35.44,15.94,203
1981-03-06,13.875,14.065,13.375,13.625,1488800,41.82,81.83,35.44,13.75,204
1981-03-13,13.625,14.25,12.75,13.0,3825200,39.31,81.83,35.44,8.34,205
1981-03-20,13.0,14.25,12.75,14.0,5457000,45.0,81.83,35.44,20.6,206
1981-03-27,14.125,14.75,13.875,14.065,3353200,45.36,81.83,35.44,21.37,207
1981-04-03,14.065,14.19,13.75,13.875,2479600,44.45,81.83,35.44,19.4,208
1981-04-10,13.875,14.19,13.25,13.935,1918400,44.82,81.83,35.44,20.22,209
1981-04-16,13.935,15.125,13.69,15.065,1975000,51.5,81.83,35.44,34.61,210
1981-04-24,15.065,16.0,14.81,16.0,5107600,56.22,81.83,35.44,44.79,211
1981-05-01,16.0,16.935,15.065,15.375,4853600,52.54,81.83,35.44,36.85,212
1981-05-08,15.19,16.625,14.75,16.5,2560600,57.89,81.83,35.44,48.38,213
1981-05-15,16.5,19.625,16.125,19.5,12846400,68.18,81.83,35.44,70.57,214
1981-05-22,19.5,21.25,18.5,21.0,16011200,71.88,81.83,35.44,78.55,215
1981-05-29,21.0,21.065,19.25,19.25,6062200,62.72,81.83,35.44,58.79,216
1981-06-05,19.25,20.56,18.625,20.56,8375200,66.19,81.83,35.44,66.28,217
1981-06-12,20.685,22.185,20.685,22.185,4666400,69.93,81.83,35.44,74.35,218
1981-06-19,22.185,22.625,20.315,20.875,5367600,63.8,81.83,35.44,61.13,219
1981-06-26,20.875,21.065,18.875,19.375,7053000,57.58,81.83,35.44,47.71,220
1981-07-02,19.375,19.75,18.25,18.875,3648600,55.63,81.83,35.44,43.51,221
1981-07-10,18.815,19.125,17.815,18.44,3199600,53.92,81.83,35.44,39.82,222
1981-07-17,18.44,18.5,17.5,17.815,2127600,51.47,81.83,35.44,34.55,223
1981-07-24,17.5,17.69,16.815,17.125,2796400,48.83,81.83,35.44,28.86,224
1981-07-31,17.125,19.0,16.935,19.0,4936400,55.5,81.83,35.44,43.24,225
1981-08-07,18.875,20.185,18.44,19.75,4089600,57.87,81.83,35.44,48.34,226
1981-08-14,19.75,19.94,19.5,19.875,2459200,58.27,81.83,35.44,49.2,227
1981-08-21,19.875,20.375,19.25,19.815,3734400,57.98,81.83,35.44,48.59,228
1981-08-28,19.5,19.5,18.0,18.5,5931200,52.01,81.83,35.44,35.72,229
1981-09-04,18.5,18.56,16.56,17.0,2697000,46.18,81.83,35.44,23.13,230
1981-09-11,17.0,17.25,16.5,17.0,2156800,46.18,81.83,35.44,23.13,231
1981-09-18,17.0,17.125,15.81,15.935,2519800,42.27,81.83,35.44,14.71,232
1981-09-25,15.935,16.315,14.625,14.81,3151800,38.56,81.83,35.44,6.71,233
1981-10-02,14.81,17.19,14.19,17.0,3572000,48.11,81.83,35.44,27.3,234
1981-10-09,17.0,17.75,16.75,16.75,2939400,47.21,81.83,35.44,25.36,235
1981-10-16,16.75,17.815,16.69,17.75,2168800,51.15,81.83,35.44,33.86,236
1981-10-23,17.75,21.185,17.56,19.875,9112800,58.29,81.83,35.44,49.24,237
1981-10-30,19.875,21.065,19.75,20.625,6433600,60.48,81.83,35.44,53.97,238
1981-11-06,20.625,21.0,18.125,18.5,5034400,52.12,81.83,35.44,35.94,239
1981-11-13,18.5,19.125,18.19,18.375,2841800,51.66,81.83,35.44,34.97,240
1981-11-20,18.25,19.315,17.75,19.185,1953800,54.43,81.83,35.44,40.92,241
1981-11-27,19.44,20.06,18.875,19.315,1393400,54.87,81.83,35.44,41.88,242
1981-12-04,19.315,20.625,19.185,20.44,4041600,58.64,81.83,35.44,50.01,243
1981-12-11,20.44,24.625,20.375,23.0,23760000,65.67,81.83,35.44,65.16,244
1981-12-18,23.0,25.0,22.685,24.875,8938400,69.73,81.83,35.44,73.91,245
1981-12-24,24.81,24.81,23.5,23.565,3372600,64.03,81.83,35.44,61.63,246
1981-12-31,23.565,23.69,22.81,23.375,2165000,63.23,81.83,35.44,59.89,247
1982-01-08,23.31,23.31,21.685,22.94,5122400,61.32,81.83,35.44,55.79,248
1982-01-15,22.875,22.94,22.125,22.875,5168200,61.03,81.83,35.44,55.15,249
1982-01-22,22.875,24.5,22.31,23.81,7554800,63.74,81.83,35.44,60.99,250
1982-01-29,23.625,25.0,22.875,24.625,8033800,65.96,81.83,35.44,65.78,251
1982-02-05,24.625,26.875,24.375,26.435,12530600,70.31,81.83,35.44,75.16,252
1982-02-12,26.375,26.625,25.125,25.69,6905200,66.54,81.83,35.44,67.03,253
1982-02-19,25.69,26.435,25.125,25.69,3184000,66.54,81.83,35.44,67.03,254
1982-02-26,25.69,25.81,23.81,24.5,7026600,60.53,81.83,35.44,54.07,255
1982-03-05,24.5,24.69,21.75,21.94,4926800,50.05,81.83,35.44,31.49,256
1982-03-12,21.94,23.375,21.81,22.94,5948600,53.44,81.83,35.44,38.8,257
1982-03-19,22.94,24.875,22.875,24.125,4592200,57.15,81.83,35.44,46.8,258
1982-03-26,24.125,24.375,23.625,23.69,11394000,55.41,81.83,35.44,43.03,259
1982-04-02,23.565,25.125,23.375,25.0,4788800,59.43,81.83,35.44,51.7,260
1982-04-08,25.0,25.375,24.31,25.19,4252000,59.99,81.83,35.44,52.91,260
1982-04-16,25.19,26.625,24.875,26.625,4753800,64.05,81.83,35.44,61.67,260
1982-04-23,26.625,27.5,26.125,27.19,7241800,65.53,81.83,35.44,64.86,260
1982-04-30,27.125,27.125,25.935,26.435,6833600,61.86,81.83,35.44,56.95,260
1982-05-07,26.435,27.935,26.435,27.25,5823200,64.19,81.83,35.44,61.97,260
1982-05-14,27.125,27.125,24.065,24.435,6492200,52.3,81.83,35.44,36.33,260
1982-05-21,24.435,25.125,24.065,24.25,5233800,51.62,81.83,35.44,34.87,260
1982-05-28,24.25,24.75,23.375,24.0,4223400,50.66,81.83,35.44,32.81,260
1982-06-04,23.75,24.565,22.81,23.435,4073000,48.48,81.83,35.44,28.11,260
1982-06-11,23.435,25.31,23.25,25.25,5801000,55.16,81.83,35.44,42.51,260
1982-06-18,25.125,25.5,24.625,25.125,3619200,54.64,81.83,35.44,41.38,260
1982-06-25,25.19,26.19,25.19,26.0,5646600,57.68,81.83,35.44,47.93,260
1982-07-02,26.0,27.375,26.0,26.5,5266000,59.35,81.83,35.44,51.54,260
1982-07-09,26.5,27.625,26.315,27.5,3959600,62.55,81.83,35.44,58.43,260
1982-07-16,27.625,28.94,27.625,27.875,9226000,63.7,81.83,35.44,60.91,260
1982-07-23,27.875,29.56,26.75,29.0,9502600,66.98,81.83,35.44,67.99,260
1982-07-30,29.0,29.685,28.125,28.315,5365600,63.23,81.83,35.44,59.91,260
1982-08-06,28.315,28.94,27.125,27.125,4071800,57.24,81.83,35.44,46.99,260
1982-08-13,27.125,27.69,25.25,25.625,6884400,50.72,81.83,35.44,32.92,260
1982-08-20,25.935,28.75,25.935,28.56,17635000,60.26,81.83,35.44,53.5,260
1982-08-27,28.56,30.685,28.375,29.875,16118000,63.66,81.83,35.44,60.82,260
1982-09-03,29.875,35.0,29.625,34.065,11813800,71.9,81.83,35.44,78.59,260
1982-09-10,34.065,34.5,32.75,32.75,5313200,66.78,81.83,35.44,67.55,260
1982-09-17,32.75,35.125,32.31,34.75,6406400,70.25,81.83,35.44,75.03,260
1982-09-24,34.75,34.935,32.375,33.0,13233000,63.96,81.83,35.44,61.46,260
1982-10-01,33.0,34.0,32.685,33.125,5541800,64.2,81.83,35.44,62.0,260
1982-10-08,33.125,38.315,32.5,37.0,10327200,70.86,81.83,35.44,76.35,260
1982-10-15,37.0,37.25,35.375,35.435,6714600,65.56,81.83,35.44,64.92,260
1982-10-22,35.69,42.25,35.125,41.31,14784800,73.56,81.83,35.44,82.16,260
1982-10-29,40.315,40.315,37.815,38.5,11019800,65.7,81.83,35.44,65.22,260
1982-11-05,38.5,41.94,37.875,38.875,12235400,66.22,81.83,35.44,66.34,260
1982-11-12,38.875,40.125,36.625,38.125,10686200,64.13,81.83,35.44,61.83,260
1982-11-19,37.75,38.815,36.75,38.125,5767800,64.13,81.83,35.44,61.83,260
1982-11-26,37.75,37.75,36.375,36.435,2738000,59.24,81.83,35.44,51.3,260
1982-12-03,36.435,39.685,35.31,38.685,8952200,63.26,81.83,35.44,59.95,260
1982-12-10,38.685,41.0,37.5,37.69,6152800,60.42,81.83,35.44,53.85,260
1982-12-17,37.69,38.94,34.625,35.75,8391800,55.23,81.83,35.44,42.65,260
1982-12-23,35.75,37.19,35.125,37.06,4510200,57.86,81.83,35.44,48.33,260
1982-12-31,37.06,37.315,36.315,36.625,2859400,56.67,81.83,35.44,45.76,260
1983-01-07,36.625,39.5,36.25,39.315,8383000,61.9,81.83,35.44,57.03,260
1983-01-14,39.315,43.435,39.06,43.435,8442800,68.22,81.83,35.44,70.66,260
1983-01-21,43.435,44.5,42.625,42.81,5905600,66.42,81.83,35.44,66.78,260
1983-01-28,41.625,45.0,40.625,44.25,5444000,68.49,81.83,35.44,71.23,260
1983-02-04,44.25,46.06,43.25,45.25,6613800,69.87,81.83,35.44,74.22,260
1983-02-11,45.25,45.5,44.065,44.5,4964800,67.48,81.83,35.44,69.05,260
1983-02-18,44.31,44.935,42.625,42.935,4561800,62.65,81.83,35.44,58.65,260
1983-02-25,42.935,43.565,42.065,42.185,3869600,60.42,81.83,35.44,53.84,260
1983-03-04,42.5,47.625,42.5,47.375,12540400,68.72,81.83,35.44,71.73,260
1983-03-11,47.375,50.0,47.19,48.75,7798000,70.48,81.83,35.44,75.54,260
1983-03-18,48.315,49.56,46.0,49.25,7244600,71.12,81.83,35.44,76.91,260
1983-03-25,49.185,52.0,47.25,51.81,18277400,74.2,81.83,35.44,83.55,260
1983-03-31,52.0,53.625,52.0,52.75,4246200,75.24,81.83,35.44,85.8,260
1983-04-08,52.75,55.0,52.25,53.31,5991600,75.87,81.83,35.44,87.15,260
1983-04-15,53.31,57.375,52.75,56.375,4618400,79.0,81.83,35.44,93.89,260
1983-04-22,56.0,61.81,54.75,61.75,8785800,83.13,83.13,35.44,100.0,260
1983-04-29,61.75,61.75,57.625,58.315,5272000,73.22,83.13,35.44,79.21,260
1983-05-06,58.25,60.25,54.375,59.125,6089800,74.0,83.13,35.44,80.86,260
1983-05-13,59.125,59.56,56.75,58.06,2939400,71.05,83.13,35.44,74.66,260
1983-05-20,58.0,58.75,56.0,56.815,3504800,67.64,83.13,35.44,67.52,260
1983-05-27,56.815,58.06,56.0,56.875,3258200,67.72,83.13,35.44,67.69,260
1983-06-03,56.75,58.625,55.75,58.625,3298400,70.06,83.13,35.44,72.58,260
1983-06-10,58.625,61.125,57.875,59.375,5058600,71.02,83.13,35.44,74.61,260
1983-06-17,59.375,61.81,59.125,60.31,4873800,72.23,83.13,35.44,77.13,260
1983-06-24,60.31,64.5,59.94,62.625,5873200,74.99,83.13,35.44,82.94,260
1983-07-01,62.625,63.0,60.25,61.5,2946400,71.28,83.13,35.44,75.14,260
1983-07-08,61.0,61.685,59.0,60.625,4459200,68.43,83.13,35.44,69.18,260
1983-07-15,60.625,60.75,55.06,55.5,6833000,54.68,83.13,35.44,40.34,260
1983-07-22,55.5,61.75,54.875,60.875,6358400,63.06,83.13,35.44,57.92,260
1983-07-29,60.125,61.875,55.625,57.0,4607600,55.14,83.13,35.44,41.31,260
1983-08-05,56.875,58.0,55.25,56.0,5271000,53.28,83.13,35.44,37.41,260
1983-08-12,55.875,60.375,54.81,59.125,5365600,58.05,83.13,35.44,47.4,260
1983-08-19,59.5,60.625,56.25,56.935,6126600,53.9,83.13,35.44,38.7,260
1983-08-26,56.815,57.625,51.0,53.875,7703200,48.67,83.13,35.44,27.73,260
1983-09-02,53.25,56.19,53.065,56.19,9542800,52.43,83.13,35.44,35.62,260
1983-09-09,57.0,58.94,18.875,19.125,8765200,23.16,83.13,23.16,0.0,260
1983-09-16,19.5,19.815,18.685,19.315,3744600,23.4,83.13,23.16,0.39,260
1983-09-23,19.315,21.375,19.25,20.75,5560400,25.27,83.13,23.16,3.51,260
1983-09-30,20.875,21.125,20.125,20.75,2250800,25.27,83.13,23.16,3.51,260
1983-10-07,20.75,23.75,20.375,23.185,6923600,28.69,83.13,23.16,9.21,260
1983-10-14,22.875,23.185,21.5,21.685,3483400,27.84,83.13,23.16,7.8,260
1983-10-21,21.81,21.875,20.0,20.81,7465800,27.34,83.13,23.16,6.96,260
1983-10-28,20.875,21.685,20.375,20.5,3317600,27.15,83.13,23.16,6.64,260
1983-11-04,20.625,20.75,20.0,20.25,2467600,26.99,83.13,23.16,6.38,260
1983-11-11,19.815,21.19,19.5,21.19,7432600,28.7,83.13,23.16,9.24,260
1983-11-18,21.25,21.625,19.875,19.94,2809600,27.77,83.13,23.16,7.68,260
1983-11-25,19.875,21.125,19.75,21.125,2502800,30.09,83.13,23.16,11.56,260
1983-12-02,21.0,21.435,19.75,20.06,4537000,29.18,83.13,23.16,10.04,260
1983-12-09,19.75,20.06,19.25,19.94,4254800,29.08,83.13,23.16,9.86,260
1983-12-16,19.94,19.94,18.375,19.44,5446200,28.61,83.13,23.16,9.08,260
1983-12-23,19.56,20.06,19.065,19.315,3860800,28.48,83.13,23.16,8.87,260
1983-12-30,19.315,20.19,19.185,20.0,1810400,30.26,83.13,23.16,11.84,260
1984-01-06,20.06,21.875,20.06,21.19,6477200,33.36,83.13,23.16,17.01,260
1984-01-13,21.065,21.125,20.375,20.69,3045600,32.71,83.13,23.16,15.92,260
1984-01-20,20.56,20.625,19.065,19.375,4148400,30.98,83.13,23.16,13.03,260
1984-01-27,19.375,19.56,17.5,18.065,7628200,29.31,83.13,23.16,10.25,260
1984-02-03,18.5,18.75,17.19,17.315,6147400,28.37,83.13,23.16,8.69,260
1984-02-10,17.0,18.25,16.875,17.06,8372800,28.04,83.13,23.16,8.14,260
1984-02-17,16.935,17.435,16.56,16.815,3601000,27.71,83.13,23.16,7.58,260
1984-02-24,16.56,18.685,16.44,18.625,4366800,33.94,83.13,23.16,17.98,260
1984-03-02,18.5,18.565,17.435,17.69,4017200,32.39,83.13,23.16,15.39,260
1984-03-09,17.565,17.565,15.31,15.5,5261000,29.04,83.13,23.16,9.8,260
1984-03-16,15.375,16.935,15.375,16.75,7737200,33.28,83.13,23.16,16.88,260
1984-03-23,16.375,16.5,15.065,15.565,3612400,31.37,83.13,23.16,13.68,260
1984-03-30,15.625,17.19,15.375,16.935,5672800,35.96,83.13,23.16,21.34,260
1984-04-06,17.0,17.125,16.125,16.44,4248200,35.04,83.13,23.16,19.81,260
1984-04-13,16.625,18.065,16.44,17.25,4766600,37.82,83.13,23.16,24.45,260
1984-04-19,17.25,18.31,17.19,18.0,4093600,40.37,83.13,23.16,28.69,260
1984-04-27,18.065,19.125,17.81,18.685,4770400,42.67,83.13,23.16,32.54,260
1984-05-04,18.625,18.94,17.935,18.0,2470200,40.97,83.13,23.16,29.69,260
1984-05-11,17.75,18.44,17.565,18.375,2288800,42.33,83.13,23.16,31.96,260
1984-05-18,18.31,19.315,17.625,17.69,4321000,40.49,83.13,23.16,28.9,260
1984-05-25,17.75,18.0,16.815,17.125,3058400,38.99,83.13,23.16,26.4,260
1984-06-01,17.125,17.315,16.315,17.315,3275200,39.8,83.13,23.16,27.74,260
1984-06-08,17.435,17.935,17.25,17.935,4436400,42.48,83.13,23.16,32.21,260
1984-06-15,18.0,18.19,17.435,17.5,3421800,41.1,83.13,23.16,29.91,260
1984-06-22,17.5,19.94,17.435,19.315,9173000,48.61,83.13,23.16,42.43,260
1984-06-29,19.5,19.815,18.75,19.625,4041400,49.78,83.13,23.16,44.39,260
1984-07-06,19.5,19.685,19.125,19.185,3675800,48.1,83.13,23.16,41.59,260
1984-07-13,19.185,19.75,18.75,19.065,3334600,47.63,83.13,23.16,40.8,260
1984-07-20,19.0,19.685,18.75,18.875,4508000,46.84,83.13,23.16,39.48,260
1984-07-27,18.5,19.75,18.0,19.56,4154400,50.04,83.13,23.16,44.82,260
1984-08-03,19.625,22.5,19.56,22.5,7912200,60.92,83.13,23.16,62.96,260
1984-08-10,22.375,23.5,21.5,22.25,7104800,59.73,83.13,23.16,60.98,260
1984-08-17,22.0,22.56,21.375,22.5,5021200,60.56,83.13,23.16,62.36,260
1984-08-24,22.56,23.0,22.0,22.44,4796400,60.24,83.13,23.16,61.83,260
1984-08-31,22.065,23.06,21.81,22.875,4621600,61.82,83.13,23.16,64.46,260
1984-09-07,22.685,22.875,22.125,22.25,2347000,58.24,83.13,23.16,58.49,260
1984-09-14,21.625,23.375,21.625,23.0,4570600,61.15,83.13,23.16,63.34,260
1984-09-21,23.125,24.375,23.06,23.5,8654800,63.0,83.13,23.16,66.43,260
1984-09-28,23.0,23.315,21.375,22.5,7595800,57.14,83.13,23.16,56.65,260
1984-10-05,22.5,22.5,21.75,22.375,2992000,56.43,83.13,23.16,55.47,260
1984-10-12,22.25,22.875,21.0,22.75,4822200,58.1,83.13,23.16,58.27,260
1984-10-19,22.815,24.06,22.75,23.185,4329000,60.02,83.13,23.16,61.47,260
1984-10-26,23.125,23.69,22.625,22.815,3021400,57.61,83.13,23.16,57.44,260
1984-11-02,22.815,23.625,22.44,23.435,4400400,60.48,83.13,23.16,62.22,260
1984-11-09,23.5,23.56,22.625,23.06,4272800,57.92,83.13,23.16,57.96,260
1984-11-16,23.185,23.185,21.75,21.81,4601600,50.29,83.13,23.16,45.24,260
1984-11-23,21.685,21.75,20.56,20.75,3757800,44.89,83.13,23.16,36.24,260
1984-11-30,20.75,21.94,19.75,20.125,4867000,42.03,83.13,23.16,31.46,260
1984-12-07,20.19,21.375,20.19,20.5,4107600,44.32,83.13,23.16,35.29,260
1984-12-14,20.375,21.19,20.19,21.0,3115000,47.32,83.13,23.16,40.28,260
1984-12-21,21.0,22.94,20.625,21.375,5966000,49.51,83.13,23.16,43.94,260
1984-12-28,21.065,21.81,21.065,21.81,1713200,52.01,83.13,23.16,48.11,260
1985-01-04,21.875,22.0,21.375,21.435,2067000,49.73,83.13,23.16,44.3,260
1985-01-11,21.435,21.875,20.375,21.75,6677800,51.65,83.13,23.16,47.5,260
1985-01-18,21.75,22.75,21.685,22.25,4803200,54.61,83.13,23.16,52.44,260
1985-01-25,22.25,23.875,22.25,23.625,7362000,61.58,83.13,23.16,64.07,260
1985-02-01,23.5,24.25,22.75,22.875,3574600,56.49,83.13,23.16,55.57,260
1985-02-08,22.875,25.94,22.685,25.875,8700000,67.92,83.13,23.16,74.64,260
1985-02-15,25.815,26.75,25.185,25.815,5745800,67.54,83.13,23.16,74.01,260
1985-02-22,25.875,26.315,24.0,25.875,7932400,67.74,83.13,23.16,74.33,260
1985-03-01,25.815,26.125,24.625,25.94,7878000,67.96,83.13,23.16,74.71,260
1985-03-08,26.185,26.625,24.625,24.75,4794400,59.74,83.13,23.16,61.0,260
1985-03-15,24.75,25.0,23.5,23.75,5430600,53.84,83.13,23.16,51.16,260
1985-03-22,23.815,24.06,23.0,23.75,5927400,53.84,83.13,23.16,51.16,260
1985-03-29,23.69,24.69,23.25,24.19,4816800,56.06,83.13,23.16,54.85,260
1985-04-04,24.31,24.75,23.315,23.375,3153600,51.16,83.13,23.16,46.69,260
1985-04-12,23.315,23.75,22.75,23.75,5225800,53.19,83.13,23.16,50.07,260
1985-04-19,23.935,24.565,23.185,24.375,2336800,56.43,83.13,23.16,55.48,260
1985-04-26,24.375,24.5,23.5,23.935,2797600,53.62,83.13,23.16,50.78,260
1985-05-03,23.375,23.75,22.25,22.625,5831200,46.22,83.13,23.16,38.45,260
1985-05-10,22.75,24.5,22.625,24.375,4141000,55.12,83.13,23.16,53.3,260
1985-05-17,24.565,24.94,23.935,24.69,4206200,56.52,83.13,23.16,55.63,260
1985-05-24,25.0,25.31,24.875,25.31,4641600,59.21,83.13,23.16,60.11,260
1985-05-31,25.375,26.69,25.375,25.815,5485200,61.31,83.13,23.16,63.61,260
1985-06-07,25.625,26.06,25.0,25.375,4660400,58.48,83.13,23.16,58.9,260
1985-06-14,25.375,26.125,25.125,25.5,3225800,59.06,83.13,23.16,59.86,260
1985-06-21,25.5,25.875,24.94,25.185,3096600,56.91,83.13,23.16,56.28,260
1985-06-28,25.0,25.815,25.0,25.625,3739800,59.15,83.13,23.16,60.01,260
1985-07-05,25.685,26.935,25.625,26.875,3567200,64.74,83.13,23.16,69.33,260
1985-07-12,26.75,27.625,26.69,27.435,5605000,66.92,83.13,23.16,72.97,260
1985-07-19,27.435,29.0,26.815,27.435,7469200,66.92,83.13,23.16,72.97,260
1985-07-26,27.375,27.69,26.25,26.625,3469000,60.62,83.13,23.16,62.47,260
1985-08-02,26.75,27.19,25.185,26.75,6398000,61.23,83.13,23.16,63.48,260
1985-08-09,26.815,26.815,25.565,26.0,3748400,55.69,83.13,23.16,54.24,260
1985-08-16,25.875,26.375,25.685,25.875,1770000,54.8,83.13,23.16,52.75,260
1985-08-23,26.0,26.875,25.875,26.185,1574200,56.65,83.13,23.16,55.84,260
1985-08-30,26.125,26.875,26.06,26.625,1982800,59.2,83.13,23.16,60.1,260
1985-09-06,26.69,26.815,25.685,26.625,1540200,59.2,83.13,23.16,60.1,260
1985-09-13,26.56,26.75,24.625,24.81,2891200,46.19,83.13,23.16,38.4,260
1985-09-20,24.81,25.0,23.69,24.31,4608000,43.36,83.13,23.16,33.68,260
1985-09-26,24.5,24.81,23.875,24.0,2875400,41.66,83.13,23.16,30.84,260
1985-10-04,23.935,24.19,23.185,23.375,2496600,38.38,83.13,23.16,25.38,260
1985-10-11,23.5,23.5,22.065,22.185,4949400,33.06,83.13,23.16,16.5,260
1985-10-18,22.25,23.25,21.625,22.94,7661800,38.85,83.13,23.16,26.17,260
1985-10-25,23.0,23.185,22.125,22.375,6054800,36.32,83.13,23.16,21.94,260
1985-11-01,22.375,23.185,22.125,23.185,2936000,42.15,83.13,23.16,31.66,260
1985-11-08,23.06,24.25,22.815,24.19,6181200,48.45,83.13,23.16,42.17,260
1985-11-15,24.31,24.875,23.56,23.69,9472000,45.78,83.13,23.16,37.71,260
1985-11-22,23.75,24.94,23.625,24.5,4242200,50.54,83.13,23.16,45.65,260
1985-11-29,24.5,24.5,23.69,23.935,3412600,47.41,83.13,23.16,40.44,260
1985-12-06,23.75,23.815,23.185,23.5,7105200,45.1,83.13,23.16,36.58,260
1985-12-13,23.75,24.625,23.435,23.875,6598400,47.48,83.13,23.16,40.55,260
1985-12-20,23.935,24.75,23.5,24.06,7784400,48.66,83.13,23.16,42.52,260
1985-12-27,24.0,24.125,23.69,24.0,2325200,48.28,83.13,23.16,41.88,260
1986-01-03,24.125,24.875,24.06,24.625,3248800,52.44,83.13,23.16,48.82,260
1986-01-10,24.5,24.625,23.375,23.5,7881400,45.37,83.13,23.16,37.03,260
1986-01-17,23.375,24.25,22.685,22.815,4592400,41.68,83.13,23.16,30.88,260
1986-01-24,22.815,23.375,22.0,23.315,4927400,45.18,83.13,23.16,36.72,260
1986-01-31,23.25,23.625,22.125,23.06,7145400,43.74,83.13,23.16,34.31,260
1986-02-07,23.0,24.125,22.94,23.875,7259000,49.31,83.13,23.16,43.6,260
1986-02-14,24.0,25.685,23.69,25.375,7303200,57.62,83.13,23.16,57.47,260
1986-02-21,25.44,26.315,25.44,26.25,6580200,61.58,83.13,23.16,64.07,260
1986-02-28,26.25,27.935,25.875,27.935,7525200,67.82,83.13,23.16,74.47,260
1986-03-07,27.875,28.185,25.565,26.185,7080200,57.4,83.13,23.16,57.09,260
1986-03-14,26.185,27.75,25.75,27.06,5360800,60.65,83.13,23.16,62.52,260
1986-03-21,27.565,29.935,27.375,29.0,7206600,66.72,83.13,23.16,72.64,260
1986-03-27,29.625,30.06,28.75,28.75,3469000,65.33,83.13,23.16,70.31,260
1986-04-04,28.81,29.06,27.625,27.935,3890800,60.85,83.13,23.16,62.84,260
1986-04-11,27.625,28.565,27.125,27.81,3075200,60.17,83.13,23.16,61.71,260
1986-04-18,27.81,29.125,27.25,28.75,5460600,63.48,83.13,23.16,67.23,260
1986-04-25,28.685,28.81,27.0,27.375,3842000,56.13,83.13,23.16,54.97,260
1986-05-02,27.75,28.065,26.25,27.81,3640800,57.79,83.13,23.16,57.75,260
1986-05-09,27.81,28.565,27.375,28.185,2989400,59.23,83.13,23.16,60.14,260
1986-05-16,28.185,28.25,26.185,26.44,3581400,50.6,83.13,23.16,45.75,260
1986-05-23,26.625,27.25,26.25,26.75,3169200,51.94,83.13,23.16,47.99,260
1986-05-30,26.875,28.185,26.75,27.435,3379600,54.85,83.13,23.16,52.84,260
1986-06-06,27.435,27.435,26.815,26.875,2703800,52.07,83.13,23.16,48.21,260
1986-06-13,26.875,26.875,25.685,26.625,6555400,50.83,83.13,23.16,46.14,260
1986-06-20,26.815,27.69,26.56,26.625,6040000,50.83,83.13,23.16,46.14,260
1986-06-27,26.75,27.875,26.0,27.75,5723800,56.26,83.13,23.16,55.2,260
1986-07-03,28.0,28.685,27.75,28.185,4333400,58.19,83.13,23.16,58.4,260
1986-07-11,28.125,28.125,25.685,25.875,10474200,46.5,83.13,23.16,38.91,260
1986-07-18,25.94,26.0,23.625,23.625,6035600,38.4,83.13,23.16,25.42,260
1986-07-25,23.5,24.565,23.125,24.0,3569200,40.27,83.13,23.16,28.53,260
1986-08-01,24.25,24.69,23.25,24.06,4369600,40.58,83.13,23.16,29.05,260
1986-08-08,23.815,24.31,23.375,23.815,2664000,39.67,83.13,23.16,27.54,260
1986-08-15,23.935,25.375,23.935,24.81,3800800,45.04,83.13,23.16,36.48,260
1986-08-22,24.81,25.0,24.31,24.435,2338400,43.47,83.13,23.16,33.87,260
1986-08-29,24.25,24.875,23.625,24.0,4443600,41.66,83.13,23.16,30.84,260
1986-09-05,24.06,24.565,23.875,24.31,4033400,43.47,83.13,23.16,33.86,260
1986-09-12,24.5,24.565,21.875,22.375,3523400,35.97,83.13,23.16,21.35,260
1986-09-19,22.625,22.685,21.81,22.065,4215800,34.93,83.13,23.16,19.62,260
1986-09-26,22.125,23.315,21.81,22.815,4083000,39.49,83.13,23.16,27.22,260
1986-10-03,22.685,22.75,21.875,22.125,2210000,36.92,83.13,23.16,22.95,260
1986-10-10,22.125,22.44,21.5,21.685,3794400,35.35,83.13,23.16,20.32,260
1986-10-17,22.0,22.94,22.0,22.44,4055200,40.07,83.13,23.16,28.2,260
1986-10-24,22.25,22.685,21.81,22.375,3814000,39.8,83.13,23.16,27.75,260
1986-10-31,22.25,23.5,22.065,23.185,5930600,44.79,83.13,23.16,36.06,260
1986-11-07,23.375,23.625,22.375,22.625,6226000,42.19,83.13,23.16,31.73,260
1986-11-14,22.75,27.875,22.31,27.625,23812400,62.91,83.13,23.16,66.28,260
1986-11-21,26.56,26.625,23.435,25.625,18245000,54.49,83.13,23.16,52.25,260
1986-11-28,25.94,30.125,25.065,27.5,10542000,59.91,83.13,23.16,61.27,260
1986-12-05,26.75,29.125,26.69,27.25,11949600,58.9,83.13,23.16,59.6,260
1986-12-12,27.375,27.69,24.75,25.375,7921800,51.87,83.13,23.16,47.86,260
1986-12-19,25.125,26.625,24.875,25.065,6056200,50.79,83.13,23.16,46.06,260
1986-12-26,25.0,25.685,24.875,25.31,2736800,51.64,83.13,23.16,47.49,260
1987-01-02,25.25,25.375,24.81,25.375,2621200,51.88,83.13,23.16,47.89,260
1987-01-09,25.44,26.75,25.125,26.375,7145800,55.53,83.13,23.16,53.97,260
1987-01-16,26.25,27.19,26.0,26.56,4101000,56.19,83.13,23.16,55.08,260
1987-01-23,26.56,26.75,25.185,25.685,6377000,52.23,83.13,23.16,48.48,260
1987-01-30,25.565,27.25,24.875,27.25,6800600,57.94,83.13,23.16,57.99,260
1987-02-06,27.125,28.5,26.06,26.875,8675600,56.21,83.13,23.16,55.1,260
1987-02-13,26.75,27.5,26.315,27.25,4142200,57.57,83.13,23.16,57.38,260
1987-02-20,27.06,27.19,26.25,26.875,3844400,55.7,83.13,23.16,54.26,260
1987-02-27,26.875,27.0,26.185,26.44,3735800,53.53,83.13,23.16,50.64,260
1987-03-06,26.315,26.5,25.375,25.5,4970400,49.07,83.13,23.16,43.2,260
1987-03-13,25.25,25.815,25.0,25.625,7823200,49.67,83.13,23.16,44.2,260
1987-03-20,25.625,26.06,25.125,26.0,6633000,51.52,83.13,23.16,47.28,260
1987-03-27,26.0,26.625,25.31,25.685,6060400,49.86,83.13,23.16,44.52,260
1987-04-03,25.625,26.625,25.31,26.375,7156400,53.39,83.13,23.16,50.41,260
1987-04-10,26.185,26.44,25.065,25.5,4162200,48.71,83.13,23.16,42.6,260
1987-04-16,25.5,26.185,23.375,24.125,8423000,42.41,83.13,23.16,32.1,260
1987-04-24,24.19,25.0,23.125,23.75,7256000,40.86,83.13,23.16,29.51,260
1987-05-01,23.56,23.935,22.75,23.69,6164200,40.6,83.13,23.16,29.09,260
1987-05-08,23.56,24.19,22.815,23.25,4444200,38.69,83.13,23.16,25.89,260
1987-05-15,23.25,23.435,22.44,22.625,4128800,36.09,83.13,23.16,21.56,260
1987-05-22,22.5,23.06,21.5,21.94,5175600,33.43,83.13,23.16,17.13,260
1987-05-29,22.125,27.69,21.94,25.31,21206200,52.1,83.13,23.16,48.25,260
1987-06-05,25.0,26.125,23.75,25.375,13007200,52.38,83.13,23.16,48.72,260
1987-06-12,25.5,26.5,24.875,25.94,7511800,54.82,83.13,23.16,52.8,260
1987-06-19,26.06,27.435,25.685,25.815,10559000,54.16,83.13,23.16,51.69,260
1987-06-26,26.0,26.75,25.75,26.375,6965000,56.69,83.13,23.16,55.91,260
1987-07-02,26.25,26.625,25.25,25.75,4312000,53.16,83.13,23.16,50.03,260
1987-07-10,26.5,28.81,26.25,27.935,17371400,62.05,83.13,23.16,64.85,260
1987-07-17,27.935,29.375,27.81,28.75,10147000,64.74,83.13,23.16,69.33,260
1987-07-24,28.5,28.5,27.31,28.0,6134400,60.49,83.13,23.16,62.25,260
1987-07-31,28.0,28.31,27.19,27.375,5388400,57.13,83.13,23.16,56.64,260
1987-08-07,27.31,27.69,26.935,27.19,4608600,56.14,83.13,23.16,54.98,260
1987-08-14,27.25,29.685,27.125,27.625,7834600,57.99,83.13,23.16,58.07,260
1987-08-21,27.375,29.75,27.31,29.06,9610400,63.47,83.13,23.16,67.21,260
1987-08-28,29.0,30.75,28.5,28.875,9022000,62.34,83.13,23.16,65.33,260
1987-09-04,29.0,29.875,27.75,28.25,9746200,58.55,83.13,23.16,59.01,260
1987-09-11,28.125,28.5,27.31,27.625,5870000,54.95,83.13,23.16,53.01,260
1987-09-18,27.935,27.935,27.0,27.06,6641000,51.85,83.13,23.16,47.84,260
1987-09-25,27.06,28.065,26.06,27.375,7423600,53.43,83.13,23.16,50.47,260
1987-10-02,27.5,27.81,26.5,27.125,5045800,51.97,83.13,23.16,48.04,260
1987-10-09,27.375,29.0,27.125,27.19,8599000,52.34,83.13,23.16,48.65,260
1987-10-16,27.19,27.75,23.375,23.815,9338200,36.77,83.13,23.16,22.69,260
1987-10-23,22.75,23.0,14.375,19.685,16968400,26.42,83.13,23.16,5.43,260
1987-10-30,18.5,20.69,16.375,20.19,7029200,29.05,83.13,23.16,9.81,260
1987-11-06,19.875,21.375,19.44,20.5,6102800,30.69,83.13,23.16,12.55,260
1987-11-13,20.0,20.56,18.5,18.685,4101600,26.79,83.13,23.16,6.04,260
1987-11-20,19.125,19.5,18.31,18.31,6333400,26.05,83.13,23.16,4.81,260
1987-11-27,18.31,18.625,17.25,17.625,3028800,24.71,83.13,23.16,2.59,260
1987-12-04,16.875,17.565,15.125,16.375,4362000,22.45,83.13,22.45,0.0,260
1987-12-11,16.56,17.565,16.0,17.0,7021400,26.09,83.13,22.45,6.01,260
1987-12-18,17.0,19.065,16.875,18.94,7032600,36.13,83.13,22.45,22.55,260
1987-12-24,18.75,18.875,17.625,18.375,3549400,34.66,83.13,22.45,20.12,260
1987-12-31,17.875,18.0,17.19,17.19,3478000,31.73,83.13,22.45,15.29,260
1988-01-08,17.375,19.375,17.375,18.065,5333000,36.03,83.13,22.45,22.37,260
1988-01-15,18.065,19.0,17.565,18.31,4638600,37.22,83.13,22.45,24.34,260
1988-01-22,18.125,18.5,17.75,18.0,2864600,36.3,83.13,22.45,22.82,260
1988-01-29,18.25,19.125,18.125,19.125,6431600,41.92,83.13,22.45,32.08,260
1988-02-05,19.25,19.94,18.375,19.125,8884200,41.92,83.13,22.45,32.08,260
1988-02-12,18.75,19.94,18.625,19.75,3565800,45.04,83.13,22.45,37.23,260
1988-02-19,19.5,20.435,19.44,20.25,3706200,47.47,83.13,22.45,41.24,260
1988-02-26,20.875,24.0,20.81,21.685,13067800,53.8,83.13,22.45,51.66,260
1988-03-04,21.685,22.75,21.125,22.31,5869800,56.27,83.13,22.45,55.73,260
1988-03-11,22.375,22.625,21.19,21.94,4537600,54.41,83.13,22.45,52.67,260
1988-03-18,21.81,22.065,21.5,21.75,4141200,53.44,83.13,22.45,51.07,260
1988-03-25,21.565,23.25,21.375,21.94,6475200,54.32,83.13,22.45,52.52,260
1988-03-31,21.5,22.185,21.375,22.065,2956200,54.92,83.13,22.45,53.52,260
1988-04-08,21.94,22.94,21.685,22.44,4438400,56.77,83.13,22.45,56.56,260
1988-04-15,22.685,22.94,21.75,22.0,6315200,53.98,74.99,22.45,60.0,260
1988-04-22,22.0,22.625,21.875,22.5,3857600,56.59,74.99,22.45,64.97,260
1988-04-29,22.5,22.625,22.065,22.5,3576600,56.59,74.99,22.45,64.97,260
1988-05-06,22.56,22.75,22.25,22.375,2992000,55.67,74.99,22.45,63.23,260
1988-05-13,22.31,22.685,22.065,22.375,4710200,55.67,74.99,22.45,63.23,260
1988-05-20,22.5,22.815,20.75,20.81,4785000,45.07,74.99,22.45,43.05,260
1988-05-27,20.935,21.065,20.625,20.875,2133000,45.53,74.99,22.45,43.93,260
1988-06-03,21.0,21.81,20.935,21.565,1470800,50.33,74.99,22.45,53.06,260
1988-06-10,21.685,22.685,21.435,22.375,2777600,55.31,74.99,22.45,62.53,260
1988-06-17,22.56,22.75,22.31,22.5,3854200,56.04,71.28,22.45,68.79,260
1988-06-24,22.44,23.125,22.31,22.625,4744200,56.8,68.43,22.45,74.7,260
1988-07-01,22.625,22.685,21.81,22.25,2886600,53.79,67.96,22.45,68.86,260
1988-07-08,22.185,22.625,21.75,21.94,3788800,51.36,67.96,22.45,63.53,260
1988-07-15,21.94,22.185,21.75,21.75,2771400,49.88,67.96,22.45,60.27,260
1988-07-22,21.625,21.625,21.19,21.31,2242800,46.53,67.96,22.45,52.9,260
1988-07-29,21.31,22.185,20.875,22.125,3187600,52.85,67.96,22.45,66.79,260
1988-08-05,22.0,22.125,21.435,21.625,1139000,49.02,67.96,22.45,58.38,260
1988-08-12,21.375,21.875,21.0,21.125,2502200,45.47,67.96,22.45,50.59,260
1988-08-19,21.0,21.125,20.25,20.375,1531000,40.71,67.96,22.45,40.13,260
1988-08-26,20.125,20.25,19.375,19.625,2944600,36.59,67.96,22.45,31.07,260
1988-09-02,19.75,20.19,19.375,20.0,4562400,39.87,67.96,22.45,38.27,260
1988-09-09,19.875,20.19,19.685,19.875,1802800,39.14,67.96,22.45,36.68,260
1988-09-16,20.0,20.19,19.625,20.0,3196000,40.31,67.96,22.45,39.25,260
1988-09-23,19.94,20.06,19.56,19.685,2873600,38.31,67.96,22.45,34.85,260
1988-09-30,19.875,20.56,19.75,20.25,2243800,43.71,67.96,22.45,46.72,260
1988-10-07,20.125,21.875,19.94,21.565,3811400,53.84,67.96,22.45,68.97,260
1988-10-14,21.565,22.0,21.25,21.685,2354200,54.64,67.96,22.45,70.73,260
1988-10-21,21.875,22.125,21.25,21.875,2824000,55.95,67.96,22.45,73.6,260
1988-10-28,21.75,22.0,21.375,21.875,3479200,55.95,67.96,22.45,73.6,260
1988-11-04,21.625,21.81,21.065,21.5,4153000,52.49,67.96,22.45,66.0,260
1988-11-11,21.375,21.375,20.0,20.06,4399800,41.81,67.96,22.45,42.53,260
1988-11-18,20.06,20.125,19.375,19.56,2616400,38.85,67.96,22.45,36.03,260
1988-11-25,19.44,19.94,19.375,19.625,2201600,39.45,67.96,22.45,37.35,260
1988-12-02,19.625,20.435,19.5,20.0,2541200,42.93,67.96,22.45,44.99,260
1988-12-09,20.125,20.75,20.06,20.25,2512600,45.18,67.96,22.45,49.95,260
1988-12-16,20.125,20.56,19.94,20.435,3527600,46.86,67.96,22.45,53.64,260
1988-12-23,20.5,21.625,19.56,21.375,5806400,54.48,67.96,22.45,70.37,260
1988-12-30,21.375,21.435,20.5,20.625,2255400,48.5,67.96,22.45,57.25,260
1989-01-06,20.625,21.5,20.315,21.065,2395000,51.84,67.96,22.45,64.58,260
1989-01-13,21.125,22.44,21.065,22.185,6948000,59.11,67.96,22.45,80.54,260
1989-01-20,22.185,22.25,21.375,21.375,3174400,52.89,67.96,22.45,66.89,260
1989-01-27,21.375,22.065,21.19,21.81,2850600,55.59,67.96,22.45,72.82,260
1989-02-03,21.81,24.81,21.75,24.0,10573000,66.12,67.96,22.45,95.95,260
1989-02-10,23.69,24.19,22.875,23.56,7267200,62.89,67.96,22.45,88.86,260
1989-02-17,23.25,24.25,23.06,24.0,5428600,64.75,67.96,22.45,92.93,260
1989-02-24,24.0,24.5,23.75,24.25,7482000,65.79,67.96,22.45,95.23,260
1989-03-03,24.125,25.065,23.69,24.75,10640400,67.84,67.96,22.45,99.74,260
1989-03-10,25.0,25.5,23.875,24.06,7451800,62.29,67.96,22.45,87.53,260
1989-03-17,24.25,24.31,23.0,23.185,3907800,56.02,67.96,22.45,73.77,260
1989-03-23,23.06,23.185,22.25,22.44,3063400,51.29,67.96,22.45,63.37,260
1989-03-31,22.44,23.815,22.31,23.375,5195000,56.28,67.96,22.45,74.34,260
1989-04-07,23.375,25.44,22.875,23.5,18402000,56.92,67.96,22.45,75.73,260
1989-04-14,23.315,23.5,22.815,23.06,8137200,53.95,67.96,22.45,69.2,260
1989-04-21,23.06,23.185,22.685,22.875,4482800,52.7,67.96,22.45,66.47,260
1989-04-28,22.815,23.185,22.75,22.875,3608000,52.7,67.96,22.45,66.47,260
1989-05-05,22.875,23.75,22.875,23.5,5413800,56.63,67.96,22.45,75.09,260
1989-05-12,23.435,23.935,23.315,23.315,5991200,55.17,67.96,22.45,71.88,260
1989-05-19,23.315,23.875,23.315,23.75,4173000,57.91,67.96,22.45,77.92,260
1989-05-26,23.69,24.125,23.69,24.06,4041200,59.8,67.96,22.45,82.07,260
1989-06-02,24.125,24.435,24.0,24.435,4129200,62.02,67.96,22.45,86.95,260
1989-06-09,24.435,24.565,24.19,24.5,3048400,62.41,67.96,22.45,87.8,260
1989-06-16,24.435,25.565,24.31,24.375,3480000,61.12,67.96,22.45,84.96,260
1989-06-23,24.375,24.435,23.69,24.375,1859800,61.12,67.96,22.45,84.96,260
1989-06-30,24.31,24.375,23.25,23.935,3016600,56.35,67.96,22.45,74.5,260
1989-07-07,23.935,24.125,23.75,24.06,1773200,57.37,67.96,22.45,76.73,260
1989-07-14,24.125,24.31,23.815,24.125,3150400,57.92,67.96,22.45,77.94,260
1989-07-21,24.19,25.0,24.0,24.19,3874800,58.5,67.96,22.45,79.2,260
1989-07-28,24.19,24.31,23.815,24.06,1900400,56.82,67.96,22.45,75.52,260
1989-08-04,23.875,24.5,23.75,24.31,3469200,59.24,67.96,22.45,80.83,260
1989-08-11,24.5,25.31,24.31,24.875,3933800,64.12,67.96,22.45,91.56,260
1989-08-18,25.0,25.25,24.875,25.0,2087200,65.12,67.96,22.45,93.75,260
1989-08-25,24.75,25.185,24.125,25.125,1810600,66.13,67.96,22.45,95.98,260
1989-09-01,25.0,27.375,24.875,25.75,3966400,70.71,70.71,22.45,100.0,260
1989-09-08,25.75,25.75,24.625,24.75,1909800,57.35,70.71,22.45,72.32,260
1989-09-15,24.81,24.875,23.375,23.935,2844800,49.19,70.71,22.45,55.42,260
1989-09-22,23.69,24.5,23.69,24.25,1746600,52.03,70.71,22.45,61.3,260
1989-09-29,24.25,25.0,23.815,24.565,3519600,54.76,70.71,22.45,66.94,260
1989-10-06,24.435,25.0,24.31,24.5,2093800,54.07,70.71,22.45,65.53,260
1989-10-13,24.435,24.875,23.625,24.0,2236400,49.02,70.71,22.45,55.05,260
1989-10-20,22.625,23.5,22.065,22.25,3338000,36.24,70.71,22.45,28.57,260
1989-10-27,22.125,22.375,21.81,21.94,2778600,34.52,70.71,22.45,25.01,260
1989-11-03,22.125,22.31,21.31,21.31,2704000,31.28,70.71,22.45,18.29,260
1989-11-10,21.31,22.25,21.19,22.25,2040400,40.29,70.71,22.45,36.97,260
1989-11-17,22.375,22.375,19.685,19.75,3640800,29.29,70.71,22.45,14.17,260
1989-11-24,18.31,19.125,17.875,18.75,4612400,26.21,70.71,22.45,7.79,260
1989-12-01,18.875,19.44,18.75,19.44,3713800,31.56,70.71,22.45,18.88,260
1989-12-08,19.44,20.25,19.44,19.815,18558600,34.35,70.71,22.45,24.65,260
1989-12-15,19.94,20.375,19.185,19.5,2614000,33.13,70.71,22.45,22.12,260
1989-12-22,19.5,20.375,19.125,20.0,2508400,36.95,70.71,22.45,30.06,260
1989-12-29,20.0,20.125,19.5,19.5,1535000,34.81,70.71,22.45,25.61,260
1990-01-05,19.625,20.75,19.5,20.75,1943400,43.62,70.71,22.45,43.88,260
1990-01-12,20.56,20.69,19.75,19.875,2349800,39.59,70.71,22.45,35.51,260
1990-01-19,19.815,20.315,19.685,19.875,1190200,39.59,70.71,22.45,35.51,260
1990-01-26,19.94,19.94,17.625,18.25,3499800,33.01,70.71,22.45,21.89,260
1990-02-02,18.5,19.625,18.375,19.44,1379600,40.77,70.71,22.45,37.97,260
1990-02-09,19.625,19.685,18.065,18.375,1890000,36.68,70.71,22.45,29.48,260
1990-02-16,18.25,18.375,16.815,17.5,2377200,33.68,70.71,22.45,23.28,260
1990-02-23,17.435,18.44,17.19,18.125,1482800,37.6,70.71,22.45,31.4,260
1990-03-02,18.25,18.375,17.69,17.875,1370000,36.67,70.71,22.45,29.46,260
1990-03-09,17.935,18.125,17.69,17.81,2368000,36.41,70.71,22.45,28.94,260
1990-03-16,17.75,18.125,17.435,17.69,2251200,35.92,70.71,22.45,27.92,260
1990-03-23,17.625,18.125,17.5,18.125,2259200,39.14,70.71,22.45,34.58,260
1990-03-30,18.25,18.625,17.5,18.0,2984200,38.54,70.71,22.45,33.34,260
1990-04-06,17.75,19.0,17.75,18.75,1346000,44.07,70.71,22.45,44.79,260
1990-04-12,18.75,19.065,18.5,18.625,757200,43.37,70.71,22.45,43.34,260
1990-04-20,18.75,18.81,17.25,17.25,2169600,36.5,70.71,22.45,29.11,260
1990-04-27,17.19,17.19,16.125,16.185,2214000,32.24,70.71,22.45,20.29,260
1990-05-04,16.315,16.625,16.25,16.375,2137000,33.73,70.71,22.45,23.37,260
1990-05-11,16.5,16.935,16.125,16.815,4041600,37.16,70.71,22.45,30.49,260
1990-05-18,16.815,17.375,16.685,17.19,3281000,40.02,70.71,22.45,36.4,260
1990-05-25,17.125,17.875,17.125,17.565,2142400,42.81,70.71,22.45,42.2,260
1990-06-01,17.625,17.75,17.435,17.75,1189000,44.2,70.71,22.45,45.06,260
1990-06-08,17.75,18.31,17.5,17.625,1301200,43.43,70.71,22.45,43.48,260
1990-06-15,17.565,17.875,17.565,17.75,1156000,44.47,70.71,22.45,45.62,260
1990-06-22,17.75,17.81,17.375,17.435,1422000,42.36,70.71,22.45,41.27,260
1990-06-29,17.375,17.375,16.5,16.75,1843400,38.14,70.71,22.45,32.52,260
1990-07-06,16.75,16.75,16.0,16.25,1425200,35.37,70.71,22.45,26.78,260
1990-07-13,16.125,16.125,15.44,15.565,1592000,31.95,70.71,22.45,19.68,260
1990-07-20,15.625,16.125,15.625,15.81,1664000,34.39,70.71,22.45,24.75,260
1990-07-27,15.685,15.685,13.06,13.5,2958600,25.2,70.71,22.45,5.7,260
1990-08-03,13.44,14.31,13.44,14.19,3304800,31.12,70.71,22.45,17.97,260
1990-08-10,14.25,15.44,14.0,14.69,2941800,35.13,70.71,22.45,26.28,260
1990-08-17,14.75,14.81,13.815,14.125,1532200,32.81,70.71,22.45,21.46,260
1990-08-24,14.19,14.25,13.06,13.185,2535400,29.33,70.71,22.45,14.26,260
1990-08-31,13.315,14.25,12.625,12.815,1719400,28.07,70.71,22.45,11.65,260
1990-09-07,12.685,13.06,12.565,13.06,643400,30.21,70.71,22.45,16.08,260
1990-09-14,13.125,13.185,12.375,12.5,1380000,28.15,70.71,22.45,11.81,260
1990-09-21,12.5,12.94,12.375,12.815,2203800,31.0,70.71,22.45,17.72,260
1990-09-28,12.685,13.375,12.565,13.06,1410800,33.22,70.71,22.45,22.32,260
1990-10-05,13.0,14.375,12.685,13.935,2344600,40.57,70.71,22.45,37.55,260
1990-10-12,13.75,14.19,12.565,13.125,1267600,36.56,70.71,22.45,29.24,260
1990-10-19,13.06,13.185,12.375,12.815,1572000,35.13,70.71,22.45,26.27,260
1990-10-26,13.125,13.75,12.75,13.0,966200,36.72,70.71,22.45,29.57,260
1990-11-02,13.06,14.19,13.06,14.0,1386000,44.63,70.71,22.45,45.97,260
1990-11-09,14.0,15.125,13.815,14.75,1544400,49.71,70.71,22.45,56.5,260
1990-11-16,14.81,16.815,14.81,15.125,3993600,52.08,70.71,22.45,61.4,260
1990-11-23,15.25,15.565,14.5,14.875,793400,50.38,70.71,22.45,57.87,260
1990-11-30,15.0,15.625,14.75,15.31,814000,53.24,70.71,22.45,63.81,260
1990-12-07,15.25,16.125,15.0,15.565,1575400,54.89,70.71,22.45,67.21,260
1990-12-14,15.565,16.0,15.185,15.81,995200,56.47,70.71,22.45,70.5,260
1990-12-21,15.625,17.315,15.625,17.0,2323600,63.22,70.71,22.45,84.49,260
1990-12-28,16.935,17.0,16.375,16.815,941000,61.62,70.71,22.45,81.17,260
1991-01-04,16.875,17.125,15.685,16.125,994000,55.94,70.71,22.45,69.39,260
1991-01-11,16.0,16.75,15.625,16.315,1215600,57.11,70.71,22.45,71.82,260
1991-01-18,16.0,17.935,16.0,17.935,2423400,65.54,70.71,22.45,89.29,260
1991-01-25,18.125,19.125,17.875,18.0,2219400,65.83,70.71,22.45,89.89,260
1991-02-01,18.0,19.25,18.0,19.0,2093000,70.01,70.71,22.45,98.56,260
1991-02-08,19.0,21.25,18.875,21.0,3119400,76.27,76.27,22.45,100.0,260
1991-02-15,20.875,21.0,19.75,20.125,2379800,69.44,76.27,22.45,87.31,260
1991-02-22,20.125,20.25,19.685,19.875,1806800,67.58,76.27,22.45,83.86,260
1991-03-01,20.06,20.19,19.125,20.0,1612200,68.04,76.27,22.45,84.71,260
1991-03-08,20.125,20.875,20.06,20.75,1468400,70.73,76.27,22.45,89.71,260
1991-03-15,20.81,22.125,20.81,21.5,2389200,73.17,76.27,22.45,94.23,260
1991-03-22,21.5,21.75,20.0,20.56,61011200,65.78,76.27,22.45,80.52,260
1991-03-28,20.75,22.065,20.5,21.0,3780000,67.44,76.27,22.45,83.59,260
1991-04-05,20.875,21.94,20.625,21.435,3484400,69.04,76.27,22.45,86.56,260
1991-04-12,21.375,21.565,20.0,21.435,3652800,69.04,76.27,22.45,86.56,260
1991-04-19,21.31,21.5,20.5,21.0,4306600,65.32,76.27,22.45,79.66,260
1991-04-26,21.0,22.25,20.75,21.435,16271600,67.22,76.27,22.45,83.19,260
1991-05-03,21.5,22.685,21.5,22.25,6646600,70.48,76.27,22.45,89.25,260
1991-05-10,22.125,22.5,21.0,21.0,2164000,60.54,76.27,22.45,70.77,260
1991-05-17,21.0,21.125,20.315,21.125,2191000,61.13,76.27,22.45,71.86,260
1991-05-24,20.875,21.065,20.625,20.935,1677400,59.67,76.27,22.45,69.15,260
1991-05-31,21.065,21.31,20.81,20.935,3341600,59.67,76.27,22.45,69.15,260
1991-06-07,20.81,20.935,19.875,20.0,4663600,52.5,76.27,22.45,55.83,260
1991-06-14,20.19,21.125,20.06,21.125,5685000,58.9,76.27,22.45,67.72,260
1991-06-21,21.125,22.25,20.935,22.25,3185400,64.1,76.27,22.45,77.39,260
1991-06-28,22.0,22.185,21.625,21.81,2127000,60.86,76.27,22.45,71.36,260
1991-07-05,22.065,22.185,21.81,21.875,1161200,61.17,76.27,22.45,71.94,260
1991-07-12,21.625,23.25,21.375,23.125,3203200,66.68,76.27,22.45,82.19,260
1991-07-19,23.0,23.875,22.5,23.69,3203400,68.84,76.27,22.45,86.19,260
1991-07-26,23.56,23.625,22.75,22.815,1912000,62.14,76.27,22.45,73.74,260
1991-08-02,22.75,23.25,22.625,22.875,1098000,62.41,76.27,22.45,74.24,260
1991-08-09,23.0,23.25,22.185,22.25,1384400,57.78,76.27,22.45,65.65,260
1991-08-16,22.25,22.56,22.125,22.125,1227600,56.87,76.27,22.45,63.96,260
1991-08-23,21.5,23.0,21.5,22.065,4962000,56.41,76.27,22.45,63.11,260
1991-08-30,22.125,22.125,20.375,21.375,7702600,51.3,76.27,22.45,53.6,260
1991-09-06,21.375,21.685,20.625,21.19,2278400,49.99,76.27,22.45,51.16,260
1991-09-13,21.065,21.125,19.875,20.0,1457200,42.47,76.27,22.45,37.21,260
1991-09-20,20.125,20.625,19.815,20.06,2557400,42.94,76.27,22.45,38.07,260
1991-09-27,19.94,20.875,19.875,20.5,3154600,46.37,76.27,22.45,44.44,260
1991-10-04,20.625,20.625,19.0,19.315,4592200,39.49,76.27,22.45,31.66,260
1991-10-11,19.44,20.06,18.75,20.0,2167800,44.6,76.27,22.45,41.16,260
1991-10-18,20.0,21.125,19.44,20.69,3959600,49.26,76.27,22.45,49.81,260
1991-10-25,21.625,23.25,21.31,22.065,3951400,57.01,76.27,22.45,64.22,260
1991-11-01,22.065,23.5,22.065,22.75,3040600,60.27,76.27,22.45,70.27,260
1991-11-08,22.875,23.315,22.25,22.875,2280600,60.85,76.27,22.45,71.35,260
1991-11-15,22.875,23.315,22.44,22.625,2347600,58.99,76.27,22.45,67.89,260
1991-11-22,22.0,22.31,20.625,21.25,2289400,49.93,76.27,22.45,51.06,260
1991-11-29,21.25,22.125,21.25,21.875,997000,53.43,76.27,22.45,57.56,260
1991-12-06,21.685,22.5,21.0,21.125,1890000,49.0,76.27,22.45,49.34,260
1991-12-13,21.19,22.125,20.75,21.685,1741400,52.19,76.27,22.45,55.26,260
1991-12-20,21.565,22.5,20.935,21.81,3211200,52.9,76.27,22.45,56.57,260
1991-12-27,21.875,22.31,21.685,22.0,1513200,54.01,76.27,22.45,58.64,260
1992-01-03,22.0,22.875,21.94,22.625,2147200,57.56,76.27,22.45,65.24,260
1992-01-10,22.375,22.75,21.0,21.625,4281400,50.8,76.27,22.45,52.67,260
1992-01-17,21.625,22.5,21.625,22.185,3964600,54.06,76.27,22.45,58.72,260
1992-01-24,22.065,22.185,20.875,20.875,3880800,46.33,76.27,22.45,44.37,260
1992-01-31,21.0,21.31,19.815,20.75,4420800,45.66,76.27,22.45,43.13,260
1992-02-07,20.75,22.0,20.56,21.94,3179400,52.68,76.27,22.45,56.17,260
1992-02-14,21.625,22.185,21.5,21.94,2755200,52.68,76.27,22.45,56.17,260
1992-02-21,21.81,22.75,21.75,22.375,2726400,55.14,76.27,22.45,60.74,260
1992-02-28,22.375,22.685,21.5,21.94,3167400,52.22,76.27,22.45,55.31,260
1992-03-06,21.81,22.815,21.81,22.625,2441200,56.16,76.27,22.45,62.63,260
1992-03-13,22.75,22.875,22.375,22.685,1989600,56.49,76.27,22.45,63.26,260
1992-03-20,22.625,22.875,22.44,22.5,1532600,55.08,76.27,22.45,60.63,260
1992-03-27,22.5,23.0,22.44,22.625,1468400,55.88,76.27,22.45,62.12,260
1992-04-03,22.625,22.75,22.25,22.5,1164200,54.83,76.27,22.45,60.17,260
1992-04-10,22.5,22.815,21.875,22.56,1408400,55.27,76.27,22.45,60.98,260
1992-04-16,22.5,23.5,22.5,23.5,1213600,61.53,76.27,22.45,72.62,260
1992-04-24,23.315,23.375,22.75,23.185,1393600,58.57,76.27,22.45,67.12,260
1992-05-01,23.185,23.56,23.0,23.185,1092200,58.57,76.27,22.45,67.12,260
1992-05-08,23.06,23.25,22.56,22.815,1568000,54.97,76.27,22.45,60.42,260
1992-05-15,22.875,22.94,21.94,22.125,1458200,48.92,76.27,22.45,49.19,260
1992-05-22,22.185,22.31,22.0,22.125,1343800,48.92,76.27,22.45,49.19,260
1992-05-29,22.065,22.5,21.94,22.375,434400,51.18,76.27,22.45,53.38,260
1992-06-05,22.25,22.625,22.065,22.5,1127000,52.31,76.27,22.45,55.49,260
1992-06-12,22.44,22.815,22.44,22.44,609000,51.69,76.27,22.45,54.34,260
1992-06-19,22.5,22.5,22.0,22.0,1161400,47.26,76.27,22.45,46.11,260
1992-06-26,21.875,22.25,21.065,21.94,1250800,46.68,76.27,22.45,45.02,260
1992-07-02,21.94,22.25,21.94,22.0,592200,47.38,76.27,22.45,46.32,260
1992-07-10,22.0,22.0,21.435,21.685,852800,44.09,76.27,22.45,40.21,260
1992-07-17,21.685,22.44,21.685,22.44,1476600,52.59,76.27,22.45,56.0,260
1992-07-24,22.31,23.125,22.25,22.94,2133200,57.23,76.27,22.45,64.62,260
1992-07-31,22.94,23.815,22.875,23.75,1286600,63.47,76.27,22.45,76.21,260
1992-08-07,24.0,24.565,23.5,23.625,1233400,61.96,76.27,22.45,73.42,260
1992-08-14,23.75,24.19,23.5,23.75,947200,62.91,76.27,22.45,75.17,260
1992-08-21,23.815,24.31,23.815,24.0,1545600,64.79,76.27,22.45,78.67,260
1992-08-28,24.0,24.125,23.315,23.375,1702000,57.0,76.27,22.45,64.19,260
1992-09-04,23.435,23.935,23.315,23.375,1310000,57.0,76.27,22.45,64.19,260
1992-09-11,23.5,24.25,23.5,24.19,1199200,63.62,76.27,22.45,76.49,260
1992-09-18,24.31,24.31,23.5,23.69,1581400,57.74,76.27,22.45,65.58,260
1992-09-25,23.625,23.815,22.875,23.5,1088200,55.64,76.27,22.45,61.67,260
1992-10-02,23.935,24.0,23.5,23.56,780800,56.19,76.27,22.45,62.68,260
1992-10-09,23.5,23.56,22.94,23.25,908200,52.61,76.27,22.45,56.03,260
1992-10-16,23.375,23.815,23.315,23.625,1157000,56.24,76.27,22.45,62.78,260
1992-10-23,23.5,23.56,21.81,22.815,3016200,47.73,76.27,22.45,46.97,260
1992-10-30,22.815,23.315,22.5,23.0,2282800,49.61,76.27,22.45,50.46,260
1992-11-06,23.06,23.375,22.94,23.25,1864800,52.11,76.27,22.45,55.1,260
1992-11-13,23.25,23.625,23.125,23.625,982400,55.66,76.27,22.45,61.71,260
1992-11-20,23.56,24.375,22.94,24.31,1389000,61.31,76.27,22.45,72.2,260
1992-11-27,24.31,25.375,24.31,24.875,1819800,65.24,76.27,25.2,78.4,260
1992-12-04,25.0,26.125,24.75,25.94,2377600,71.19,76.27,25.2,90.04,260
1992-12-11,25.94,28.5,25.565,27.375,5215600,76.92,76.92,25.2,100.0,260
1992-12-18,27.125,27.435,26.5,27.19,2839400,74.85,76.92,25.2,96.0,260
1992-12-24,27.375,29.185,27.375,28.44,1617400,78.96,78.96,25.2,100.0,260
1992-12-31,28.5,28.685,27.81,28.25,978200,76.9,78.96,25.2,96.17,260
1993-01-08,28.31,28.31,27.125,27.19,1327400,66.49,78.96,25.2,76.8,260
1993-01-15,27.19,28.625,27.19,27.81,2202600,69.12,78.96,25.2,81.7,260
1993-01-22,27.75,28.685,27.19,28.125,1562400,70.4,78.96,25.2,84.07,260
1993-01-29,28.125,28.565,27.625,27.81,1573200,67.4,78.96,25.2,78.5,260
1993-02-05,27.375,30.75,27.375,29.375,3717800,73.44,78.96,25.2,89.74,260
1993-02-12,29.375,30.56,28.75,29.935,3759600,75.21,78.96,25.2,93.03,260
1993-02-19,29.935,29.935,27.25,27.75,2775800,58.76,78.96,25.2,62.42,260
1993-02-26,28.125,29.75,28.0,29.44,2941000,65.12,78.96,25.2,74.25,260
1993-03-05,29.375,29.75,28.875,29.0,1541000,62.42,78.96,25.2,69.23,260
1993-03-12,29.125,30.315,29.0,30.315,1880400,66.84,78.96,25.2,77.45,260
1993-03-19,30.25,31.065,30.19,30.935,2209600,68.71,78.96,25.2,80.93,260
1993-03-26,30.875,31.565,30.56,31.125,1980000,69.28,78.96,25.2,81.99,260
1993-04-02,31.31,32.44,31.25,31.44,1300000,70.25,78.96,25.2,83.8,260
1993-04-08,31.44,31.565,31.19,31.31,896800,69.28,78.96,25.2,81.99,260
1993-04-16,31.44,32.5,31.375,32.25,1117600,72.27,78.96,25.2,87.55,260
1993-04-23,32.44,32.44,29.75,30.19,1445200,58.77,78.96,25.2,62.45,260
1993-04-30,30.19,31.31,29.0,31.065,1358400,62.02,78.96,25.2,68.48,260
1993-05-07,31.19,32.185,31.125,32.0,1537000,65.17,78.96,25.2,74.35,260
1993-05-14,32.125,32.315,31.375,31.685,1349800,63.26,78.96,25.2,70.8,260
1993-05-21,31.44,31.565,30.75,31.31,1321400,60.98,78.96,25.2,66.55,260
1993-05-28,31.25,31.25,29.815,30.56,1800200,56.57,78.96,25.2,58.36,260
1993-06-04,30.56,31.5,30.435,31.375,791600,59.96,78.96,25.2,64.65,260
1993-06-11,31.5,31.685,30.625,31.375,948600,59.96,78.96,25.2,64.65,260
1993-06-18,31.44,31.44,30.875,30.935,1004600,57.17,78.96,25.2,59.47,260
1993-06-25,30.625,33.0,30.56,32.315,2058400,62.99,78.96,25.2,70.28,260
1993-07-02,32.315,33.25,32.315,32.56,1420000,63.92,78.96,25.2,72.03,260
1993-07-09,32.56,33.125,32.375,33.0,660200,65.61,78.96,25.2,75.16,260
1993-07-16,32.875,33.69,32.44,33.435,1319000,67.23,78.96,25.2,78.19,260
1993-07-23,33.69,34.25,33.19,33.375,2275400,66.76,78.96,25.2,77.31,260
1993-07-30,33.375,34.0,33.0,33.56,1616400,67.52,78.96,25.2,78.71,260
1993-08-06,33.815,33.875,30.935,31.375,4009200,52.41,78.96,25.2,50.62,260
1993-08-13,31.375,32.125,31.31,32.125,2092400,56.05,78.96,25.2,57.38,260
1993-08-20,31.94,32.185,31.25,31.375,1527600,51.79,78.96,25.2,49.46,260
1993-08-27,31.065,31.375,29.875,30.81,2767200,48.78,78.96,25.2,43.86,260
1993-09-03,30.935,31.875,30.875,31.19,2006400,50.85,78.96,25.2,47.71,260
1993-09-10,31.065,31.5,30.81,31.065,922800,50.13,78.96,25.2,46.38,260
1993-09-17,31.065,31.5,31.0,31.25,1658600,51.23,78.96,25.2,48.41,260
1993-09-24,31.25,32.815,31.065,32.815,1555200,59.36,78.96,25.2,63.55,260
1993-10-01,32.75,32.815,31.565,31.75,1349200,52.9,78.96,25.2,51.52,260
1993-10-08,31.75,32.25,31.25,32.0,1014800,54.16,78.96,25.2,53.87,260
1993-10-15,32.125,33.25,31.875,32.56,1641400,56.94,78.96,25.2,59.04,260
1993-10-22,32.5,33.815,32.5,33.56,1743400,61.45,78.96,25.2,67.42,260
1993-10-29,33.69,34.94,33.06,34.435,1063200,64.9,78.96,25.2,73.85,260
1993-11-05,34.565,35.185,33.935,34.31,1350400,64.02,78.96,25.2,72.21,260
1993-11-12,34.565,36.185,34.25,35.25,2490000,67.59,78.96,25.2,78.85,260
1993-11-19,35.375,35.685,34.685,35.125,2171200,66.64,78.96,25.2,77.09,260
1993-11-26,35.25,35.56,34.75,35.25,1178800,67.14,78.96,25.2,78.01,260
1993-12-03,35.31,35.5,34.565,35.31,1521000,67.39,78.96,25.2,78.48,260
1993-12-10,35.31,35.375,34.375,34.5,870400,60.66,78.96,25.2,65.96,260
1993-12-17,34.5,34.685,34.0,34.435,1261000,60.14,78.96,25.2,65.0,260
1993-12-23,34.625,34.685,33.56,34.685,1233000,61.51,78.96,25.2,67.54,260
1993-12-31,34.81,34.94,33.815,34.125,1478800,56.82,78.96,25.2,58.81,260
1994-01-07,34.125,34.19,32.185,33.0,1980600,48.77,78.96,25.2,43.85,260
1994-01-14,33.125,33.5,32.625,32.685,2170800,46.77,78.96,25.2,40.13,260
1994-01-21,32.685,32.815,31.81,31.875,1266400,42.01,78.96,25.2,31.27,260
1994-01-28,32.0,32.5,30.625,32.065,3183000,43.46,78.96,25.2,33.97,260
1994-02-04,32.185,33.19,32.065,32.25,2267800,44.91,78.96,25.2,36.67,260
1994-02-11,32.125,33.25,32.065,33.06,1486800,50.85,78.96,25.2,47.72,260
1994-02-18,32.815,33.69,32.5,33.19,2556000,51.75,78.96,25.2,49.39,260
1994-02-25,33.5,33.815,33.0,33.0,762200,50.3,78.96,25.2,46.7,260
1994-03-04,33.06,33.25,32.685,33.125,1568600,51.27,78.96,25.2,48.49,260
1994-03-11,33.125,33.815,32.875,33.69,1271600,55.48,78.96,25.2,56.33,260
1994-03-18,33.625,34.0,33.0,33.375,2069800,52.74,78.96,25.2,51.24,260
1994-03-25,33.19,33.75,33.0,33.375,1002600,52.74,78.96,25.2,51.24,260
1994-03-31,33.375,33.625,30.56,32.125,1960200,42.98,78.96,25.2,33.08,260
1994-04-08,31.25,32.065,30.875,31.0,1638400,36.44,78.96,25.2,20.92,260
1994-04-15,31.0,31.065,30.19,30.315,2972400,33.14,78.96,25.2,14.77,260
1994-04-22,30.375,30.875,30.125,30.75,1503600,37.04,78.96,25.2,22.03,260
1994-04-29,30.935,30.935,30.5,30.69,1196200,36.72,78.96,25.2,21.44,260
1994-05-06,30.56,31.125,30.375,30.56,1600800,36.0,78.96,25.2,20.1,260
1994-05-13,30.5,30.69,29.375,30.315,2745200,34.62,78.96,25.2,17.53,260
1994-05-20,30.375,31.81,30.315,31.685,2417400,46.9,78.96,25.2,40.36,260
1994-05-27,31.685,32.315,31.685,32.065,1423600,49.72,78.96,25.2,45.61,260
1994-06-03,32.065,32.75,31.875,32.685,721200,54.01,78.96,25.2,53.59,260
1994-06-10,32.56,32.815,32.375,32.5,1577000,52.57,78.96,25.2,50.91,260
1994-06-17,32.5,33.25,32.5,32.815,2696800,54.78,78.96,25.2,55.03,260
1994-06-24,32.815,33.0,32.0,32.185,1608000,49.78,78.96,25.2,45.72,260
1994-07-01,32.185,33.0,32.125,32.815,953400,54.28,78.96,25.2,54.09,260
1994-07-08,32.75,33.375,31.81,32.0,1169400,48.26,78.96,25.2,42.89,260
1994-07-15,32.0,32.185,31.565,31.75,1539600,46.55,78.96,25.2,39.71,260
1994-07-22,31.94,31.94,30.625,30.69,2333400,40.08,78.96,25.2,27.68,260
1994-07-29,30.875,31.94,30.435,31.5,1266000,46.23,78.96,25.2,39.12,260
1994-08-05,31.44,32.44,31.19,32.375,1308800,51.97,78.96,25.2,49.79,260
1994-08-12,32.25,33.06,32.125,32.315,1401000,51.56,78.96,25.2,49.03,260
1994-08-19,32.44,32.5,31.94,32.185,975600,50.64,78.96,25.2,47.31,260
1994-08-26,31.75,32.815,31.31,32.625,1526600,53.66,78.96,25.2,52.94,260
1994-09-02,32.685,39.75,32.685,39.125,16034600,76.54,78.96,25.2,95.49,260
1994-09-09,38.875,38.94,37.565,37.75,3741600,68.8,78.96,25.2,81.1,260
1994-09-16,37.625,37.625,36.06,36.185,2206600,61.21,78.96,25.2,66.99,260
1994-09-23,36.185,36.375,35.065,35.25,3136800,57.16,78.96,25.2,59.45,260
1994-09-30,35.125,35.375,34.625,34.81,1758400,55.3,78.96,25.2,56.0,260
1994-10-07,34.875,34.875,33.375,34.625,2047200,54.5,78.96,25.2,54.5,260
1994-10-14,34.685,36.625,34.565,35.685,2130600,58.24,78.96,25.2,61.45,260
1994-10-21,35.815,35.94,34.5,34.625,1829200,53.51,78.96,25.2,52.65,260
1994-10-28,34.565,36.315,34.565,35.75,2285000,57.46,78.96,25.2,60.0,260
1994-11-04,35.75,36.315,35.75,35.75,2061200,57.46,78.96,25.2,60.0,260
1994-11-11,35.875,37.19,35.56,36.435,2789400,59.86,78.96,25.2,64.48,260
1994-11-18,36.435,36.5,35.5,35.56,1591600,55.54,78.96,25.2,56.44,260
1994-11-25,35.685,35.875,33.25,34.125,1994200,49.26,78.96,25.2,44.75,260
1994-12-02,34.065,34.565,33.875,34.435,2041600,50.56,78.96,25.2,47.17,260
1994-12-09,34.565,34.625,33.19,33.5,1581800,46.67,78.96,25.2,39.94,260
1994-12-16,33.625,34.25,33.125,34.125,2545600,49.47,78.96,25.2,45.14,260
1994-12-23,34.375,36.185,34.375,35.875,2280000,56.37,78.96,25.2,57.98,260
1994-12-30,35.875,36.625,35.75,36.315,1468200,57.92,78.96,25.2,60.87,260
1995-01-06,36.185,37.31,35.94,37.19,2476200,60.91,78.96,25.2,66.42,260
1995-01-13,37.125,37.81,37.0,37.19,2912400,60.91,78.96,25.2,66.42,260
1995-01-20,37.125,37.435,36.125,36.315,1878800,56.28,78.96,25.2,57.81,260
1995-01-27,36.0,36.56,36.0,36.56,2262000,57.26,78.96,25.2,59.63,260
1995-02-03,36.625,36.69,35.625,35.875,2710000,53.64,78.96,25.2,52.9,260
1995-02-10,35.875,38.065,35.875,38.065,5002400,61.93,78.96,25.2,68.31,260
1995-02-17,37.81,38.685,37.25,37.435,3024600,58.68,78.96,25.2,62.27,260
1995-02-24,37.435,38.185,37.435,38.185,3582000,61.28,78.96,25.2,67.11,260
1995-03-03,38.185,39.125,38.185,38.94,2593600,63.76,78.96,25.2,71.72,260
1995-03-10,38.75,39.125,37.69,39.0,4235200,63.95,78.96,25.2,72.09,260
1995-03-17,38.94,41.25,25.125,26.75,9054200,29.11,78.96,25.2,7.28,260
1995-03-24,26.815,27.19,26.315,26.75,6668800,29.11,78.96,25.2,7.28,260
1995-03-31,26.625,26.69,25.565,26.44,5355600,28.65,78.96,25.2,6.43,260
1995-04-07,26.315,27.25,25.0,26.94,6006400,30.55,78.96,25.2,9.96,260
1995-04-13,26.94,28.125,26.94,27.5,4490200,32.71,78.96,25.2,13.97,260
1995-04-21,27.5,28.5,27.25,28.0,6107200,34.66,78.96,25.2,17.61,260
1995-04-28,28.19,29.875,28.125,28.875,7650600,38.05,78.96,25.2,23.91,260
1995-05-05,28.94,29.75,28.565,29.25,6297200,39.5,78.96,25.2,26.61,260
1995-05-12,29.19,29.94,28.69,29.565,4044800,40.76,78.96,25.2,28.94,260
1995-05-19,29.565,30.565,28.875,29.065,5192600,39.36,78.96,25.2,26.35,260
1995-05-26,29.065,30.065,28.75,29.815,4200000,42.54,78.96,25.2,32.25,260
1995-06-02,29.625,30.19,29.25,29.94,3107000,43.07,78.96,25.2,33.24,260
1995-06-09,29.94,30.375,28.815,28.875,5170600,39.68,78.96,25.2,26.94,260
1995-06-16,29.065,30.375,29.065,30.375,5012600,46.11,78.96,25.2,38.9,260
1995-06-23,30.75,32.44,30.75,31.815,4518400,51.46,78.96,25.2,48.86,260
1995-06-30,31.75,31.75,30.315,31.565,6668000,50.53,78.96,25.2,47.11,260
1995-07-07,31.5,31.75,31.0,31.5,3084800,50.27,78.96,25.2,46.63,260
1995-07-14,31.565,32.315,30.875,31.0,4343000,48.24,78.96,25.2,42.86,260
1995-07-21,31.375,31.44,29.69,31.25,5002000,49.34,78.96,28.07,41.8,260
1995-07-28,31.19,32.815,30.875,32.5,4793400,54.55,78.96,28.07,52.03,260
1995-08-04,32.5,33.0,31.0,31.125,3222800,48.63,78.96,28.07,40.4,260
1995-08-11,31.125,31.25,29.75,30.125,6320000,44.82,78.96,28.07,32.91,260
1995-08-18,30.125,31.125,29.875,31.0,3570800,48.61,78.96,28.07,40.36,260
1995-08-25,31.065,31.25,30.44,30.69,2598400,47.37,78.96,28.15,37.83,260
1995-09-01,30.94,31.125,30.0,31.065,4185000,49.07,78.96,28.15,41.16,260
1995-09-08,31.0,31.94,30.75,31.75,3506000,52.1,78.96,28.65,46.61,260
1995-09-15,31.815,32.625,31.44,32.25,3331200,54.25,78.96,28.65,50.87,260
1995-09-22,32.19,32.875,31.94,32.25,3867800,54.25,78.96,28.65,50.87,260
1995-09-29,32.44,34.065,32.315,33.565,3417800,59.74,78.96,28.65,61.8,260
1995-10-06,33.5,33.5,31.5,33.0,6543200,56.6,78.96,28.65,55.54,260
1995-10-13,32.815,34.625,32.5,34.25,4573600,61.43,78.96,28.65,65.16,260
1995-10-20,34.25,35.0,33.75,35.0,2823800,64.03,78.96,28.65,70.31,260
1995-10-27,34.875,34.875,33.75,34.625,2901400,61.79,78.96,28.65,65.87,260
1995-11-03,34.75,34.815,33.75,34.0,3287200,58.15,78.96,28.65,58.63,260
1995-11-10,34.0,35.065,33.815,34.815,2372200,61.35,78.96,28.65,64.99,260
1995-11-17,34.625,36.125,34.375,35.75,1831800,64.68,78.96,28.65,71.62,260
1995-11-24,35.565,36.315,35.315,36.19,1266000,66.17,78.96,28.65,74.56,260
1995-12-01,36.065,37.625,36.065,36.94,2155400,68.58,78.96,28.65,79.37,260
1995-12-08,36.875,38.25,36.565,37.19,3143400,69.37,78.96,28.65,80.93,260
1995-12-15,37.065,38.875,36.69,38.125,4335200,72.17,78.96,28.65,86.5,260
1995-12-22,38.19,39.19,37.375,38.875,4954200,74.21,78.96,28.65,90.56,260
1995-12-29,38.875,39.75,38.565,39.5,2934800,75.8,78.96,28.65,93.72,260
1996-01-05,39.19,40.19,38.6875,39.25,3869800,73.84,78.96,28.65,89.82,260
1996-01-12,39.875,40.44,38.75,39.0,7353200,71.84,78.96,28.65,85.84,260
1996-01-19,38.5,39.25,37.875,39.0,3644000,71.84,78.96,28.65,85.84,260
1996-01-26,38.75,38.875,36.8125,37.5,4012600,60.43,78.96,28.65,63.17,260
1996-02-02,37.75,38.19,37.125,37.6875,4281400,61.26,78.96,28.65,64.81,260
1996-02-09,37.75,39.625,37.6875,39.5,3372400,68.19,78.96,28.65,78.59,260
1996-02-16,39.625,40.4375,39.0,39.3125,4857000,66.86,78.96,28.65,75.94,260
1996-02-23,39.125,40.1875,38.8125,39.875,2664200,68.82,78.96,28.65,79.85,260
1996-03-01,39.375,39.75,37.75,38.44,3808600,59.17,78.96,28.65,60.66,260
1996-03-08,38.44,39.625,38.375,38.875,4089400,60.96,78.96,28.65,64.22,260
1996-03-15,37.5,38.25,37.0,37.25,4567400,51.83,78.96,28.65,46.07,260
1996-03-22,38.25,39.5625,38.125,39.375,4614600,60.22,78.96,28.65,62.75,260
1996-03-29,39.125,39.25,38.125,38.5,3619600,55.9,78.96,28.65,54.17,260
1996-04-04,37.875,39.625,37.5,39.3125,3117800,58.85,78.96,28.65,60.03,260
1996-04-12,38.125,38.625,36.625,37.5625,3807000,50.95,78.96,28.65,44.32,260
1996-04-19,38.25,38.75,36.5,37.4375,5751800,50.43,78.96,28.65,43.28,260
1996-04-26,37.5,39.25,37.5,39.125,7822800,56.84,78.96,28.65,56.03,260
1996-05-03,39.69,41.1875,39.0,41.0625,6257200,62.8,78.96,28.65,67.87,260
1996-05-10,40.81,40.8125,39.625,40.5625,4662200,60.48,78.96,28.65,63.26,260
1996-05-17,40.75,42.4375,40.56,41.5,4099600,63.22,78.96,28.65,68.71,260
1996-05-24,41.94,42.0,41.1875,41.875,3063000,64.29,78.96,28.65,70.83,260
1996-05-31,42.375,42.5625,41.25,41.375,2887800,61.72,78.96,28.65,65.72,260
1996-06-07,41.81,42.625,41.56,41.8125,2369600,63.11,78.96,28.65,68.49,260
1996-06-14,41.75,43.375,41.69,42.375,3538600,64.87,78.96,28.65,72.0,260
1996-06-21,41.81,42.0625,39.8125,39.9375,5792200,53.02,78.96,28.65,48.44,260
1996-06-28,41.19,41.9375,40.6875,41.75,2948400,59.02,78.96,28.65,60.36,260
1996-07-05,42.125,44.125,42.125,43.6875,3051800,64.27,78.96,28.65,70.79,260
1996-07-12,42.81,43.5,41.4375,41.625,3637400,56.04,78.96,28.65,54.44,260
1996-07-19,41.25,41.44,38.125,39.0625,6498600,47.84,78.96,28.65,38.14,260
1996-07-26,40.125,40.625,39.4375,40.125,5120800,51.04,78.96,28.65,44.5,260
1996-08-02,40.875,41.81,40.6875,41.625,4321200,55.21,78.96,28.65,52.8,260
1996-08-09,41.625,43.125,41.5,42.8125,4458400,58.25,78.96,28.65,58.83,260
1996-08-16,43.06,43.0625,42.31,42.6875,2690000,57.81,78.96,28.65,57.95,260
1996-08-23,43.875,43.875,42.875,42.875,2822600,58.32,78.96,28.65,58.97,260
1996-08-30,42.5,43.625,42.5,43.3125,2816400,59.55,78.96,28.65,61.42,260
1996-09-06,41.94,42.625,41.625,41.9375,1895600,54.12,78.96,28.65,50.62,260
1996-09-13,41.5,43.9375,41.31,43.5,3221800,58.73,78.96,28.65,59.78,260
1996-09-20,43.75,44.5,43.375,43.9375,4947600,59.94,78.96,28.65,62.19,260
1996-09-27,44.125,45.875,44.0,44.875,6647600,62.49,78.96,28.65,67.25,260
1996-10-04,44.875,45.44,44.875,45.4375,4981200,63.97,78.96,28.65,70.19,260
1996-10-11,46.44,46.8125,46.06,46.375,11161200,66.35,78.96,28.65,74.93,260
1996-10-18,47.0,47.75,46.875,46.9375,21462200,67.73,78.96,28.65,77.67,260
1996-10-25,46.06,46.69,44.8125,44.9375,8833000,58.54,78.96,28.65,59.42,260
1996-11-01,44.44,45.125,43.875,44.875,5532600,58.28,78.96,28.65,58.89,260
1996-11-08,44.375,45.25,44.375,44.875,3997800,58.28,78.96,28.65,58.89,260
1996-11-15,44.94,46.5,44.875,46.5,5160800,63.3,78.96,28.65,68.88,260
1996-11-22,48.125,48.3125,46.625,46.75,5652000,64.02,78.96,28.65,70.3,260
1996-11-29,46.375,46.75,45.0,45.1875,3075600,56.57,78.96,28.65,55.5,260
1996-12-06,45.19,45.44,43.81,44.75,5293000,54.65,78.96,28.65,51.68,260
1996-12-13,45.125,45.25,43.0,43.125,4143200,48.13,78.96,28.65,38.71,260
1996-12-20,42.625,44.875,42.625,44.75,5357800,54.04,78.96,28.65,50.46,260
1996-12-27,45.06,45.375,44.19,45.19,2018600,55.52,78.96,28.65,53.4,260
1997-01-03,45.31,46.375,44.065,44.625,2004400,53.15,78.96,28.65,48.7,260
1997-01-10,45.125,46.25,44.0,44.875,5362400,54.08,78.96,28.65,50.55,260
1997-01-17,45.0,45.44,43.375,45.25,4640000,55.51,78.96,28.65,53.39,260
1997-01-24,45.125,46.0,44.25,44.875,7405800,53.71,78.96,28.65,49.81,260
1997-01-31,44.75,46.44,44.375,46.0,4038600,58.1,78.96,28.65,58.54,260
1997-02-07,45.94,46.125,44.19,45.0,4796000,53.27,78.96,28.65,48.93,260
1997-02-14,44.625,45.94,43.875,45.315,3838000,54.55,78.96,28.65,51.48,260
1997-02-21,45.19,45.44,44.125,44.375,4619200,50.13,78.96,28.65,42.69,260
1997-02-28,44.625,44.815,43.5,44.25,3559800,49.55,78.96,28.65,41.54,260
1997-03-07,44.25,44.875,42.94,43.315,4639200,45.36,78.96,28.65,33.21,260
1997-03-14,43.75,43.815,42.25,42.25,4666600,41.09,78.96,28.65,24.73,260
1997-03-21,42.125,43.25,41.0,41.375,6916600,37.93,78.96,28.65,18.45,260
1997-03-27,41.815,43.125,41.5,42.065,5043800,41.74,78.96,28.65,26.01,260
1997-04-04,42.125,42.815,39.125,41.815,7264200,40.76,78.96,28.65,24.07,260
1997-04-11,41.815,42.25,41.25,41.375,3875200,39.03,78.96,28.65,20.64,260
1997-04-18,41.25,42.44,40.75,42.25,4437000,44.11,78.96,28.65,30.72,260
1997-04-25,43.125,45.44,42.5,43.815,5912400,51.82,78.96,28.65,46.06,260
1997-05-02,43.815,45.94,43.565,45.875,4493000,59.71,78.96,28.65,61.74,260
1997-05-09,45.875,46.94,45.25,45.44,6334000,57.57,78.96,28.65,57.48,260
1997-05-16,45.5,46.25,44.94,45.065,4831800,55.71,78.96,28.65,53.79,260
1997-05-23,45.25,47.44,45.0,46.565,3418400,61.11,78.96,28.65,64.52,260
1997-05-30,47.19,47.25,46.25,46.815,1906000,61.95,78.96,28.65,66.18,260
1997-06-06,46.94,47.19,45.69,46.5,3455000,60.2,78.96,28.65,62.7,260
1997-06-13,46.44,48.44,45.875,47.94,3811200,65.06,78.96,28.65,72.36,260
1997-06-20,48.0,49.25,46.815,49.25,5163600,68.79,78.96,28.65,79.78,260
1997-06-27,49.19,52.25,49.065,52.15,7073200,75.13,78.96,28.65,92.37,260
1997-07-03,52.4,52.65,49.25,49.565,6819800,62.87,78.96,28.65,68.02,260
1997-07-11,49.565,51.7,49.19,51.45,12881200,67.09,78.96,28.65,76.4,260
1997-07-18,51.8,51.95,50.5,50.7,8205600,63.98,78.96,28.65,70.21,260
1997-07-25,50.55,51.95,50.4,50.95,5675600,64.57,78.96,28.65,71.39,260
1997-08-01,51.15,53.95,51.05,52.2,9249600,67.44,78.96,28.65,77.09,260
1997-08-08,52.15,53.15,51.5,52.45,4438000,68.0,78.96,28.65,78.2,260
1997-08-15,52.95,54.0,52.4,52.45,5059400,68.0,78.96,28.65,78.2,260
1997-08-22,52.3,53.8,51.7,53.5,2989000,70.47,78.96,28.65,83.11,260
1997-08-29,53.5,53.9,51.75,51.9,4524600,62.55,78.96,28.65,67.38,260
1997-09-05,52.25,53.95,52.15,52.8,3420200,64.93,78.96,28.65,72.12,260
1997-09-12,53.0,53.7,51.9,52.7,3084000,64.44,78.96,28.65,71.14,260
1997-09-19,52.8,55.3,52.65,55.25,5635200,70.56,78.96,28.65,83.3,260
1997-09-26,55.4,56.75,54.5,54.75,5673000,68.09,78.96,28.65,78.38,260
1997-10-03,52.9,53.65,52.7,53.5,8282400,62.22,78.96,28.65,66.71,260
1997-10-10,54.15,54.25,52.5,52.7,4361000,58.72,78.96,28.65,59.77,260
1997-10-17,53.0,53.15,51.65,52.5,4092800,57.85,78.96,28.65,58.04,260
1997-10-24,52.5,52.7,48.25,48.5,9337200,43.81,78.96,28.65,30.13,260
1997-10-31,48.125,48.44,44.065,47.565,10870000,41.29,78.96,28.65,25.11,260
1997-11-07,48.315,49.815,47.44,47.595,7877400,41.4,78.96,28.65,25.35,260
1997-11-14,47.625,47.625,45.53,46.315,5691200,37.94,78.96,28.65,18.46,260
1997-11-21,46.625,46.875,46.155,46.315,6989400,37.94,78.96,28.65,18.46,260
1997-11-28,46.315,49.125,46.0,48.815,6196000,47.82,78.96,28.65,38.11,260
1997-12-05,48.94,49.125,47.5,48.03,4367000,45.38,78.96,28.65,33.25,260
1997-12-12,48.125,49.345,47.905,49.28,5000400,49.78,78.96,28.65,42.0,260
1997-12-19,49.28,49.5,45.815,47.155,6732800,43.38,76.9,28.65,30.53,260
1997-12-26,47.19,47.905,46.375,46.905,2174600,42.69,76.54,28.65,29.31,260
1998-01-02,47.815,49.815,47.655,49.0,2535600,49.93,76.54,28.65,44.43,260
1998-01-09,49.125,52.4,49.065,49.94,8596600,52.81,76.54,28.65,50.45,260
1998-01-16,49.815,50.4,49.595,49.845,5937600,52.48,76.54,28.65,49.76,260
1998-01-23,50.15,52.4,49.625,51.9,5916200,58.5,76.54,28.65,62.33,260
1998-01-30,52.3,53.2,51.95,52.05,7356800,58.91,76.54,28.65,63.18,260
1998-02-06,53.0,55.4,52.65,55.05,8080200,66.1,76.54,28.65,78.21,260
1998-02-13,55.0,55.95,54.65,55.4,6416400,66.83,76.54,28.65,79.73,260
1998-02-20,55.55,55.95,54.95,55.9,3435600,67.89,76.54,28.65,81.95,260
1998-02-27,55.9,58.4,54.8,58.35,7465600,72.54,76.54,28.65,91.65,260
1998-03-06,58.25,58.25,56.15,57.6,4763400,69.24,76.54,28.65,84.76,260
1998-03-13,57.15,58.75,55.5,57.25,16855200,67.69,76.54,28.65,81.52,260
1998-03-20,57.4,58.95,56.55,58.5,10534600,70.25,76.54,28.65,86.87,260
1998-03-27,58.75,58.75,56.25,56.65,9561800,62.37,76.54,28.65,70.42,260
1998-04-03,55.75,57.65,55.55,56.65,8067200,62.37,76.54,28.65,70.42,260
1998-04-09,56.0,56.95,54.05,54.5,7749000,54.19,76.54,28.65,53.32,260
1998-04-17,55.3,56.95,54.65,55.9,5734800,58.05,76.54,28.65,61.39,260
1998-04-24,56.05,58.5,55.3,56.5,6059400,59.62,76.54,28.65,64.67,260
1998-05-01,56.5,56.55,54.8,55.25,5556000,55.0,76.54,28.65,55.02,260
1998-05-08,55.2,57.15,54.7,56.2,4675800,57.68,76.54,28.65,60.63,260
1998-05-15,56.05,56.9,55.9,56.55,3841800,58.66,76.54,28.65,62.67,260
1998-05-22,56.45,56.95,55.9,56.55,3592800,58.66,76.54,28.65,62.67,260
1998-05-29,56.65,56.95,55.05,56.15,3346000,56.92,76.54,28.65,59.03,260
1998-06-05,56.0,56.05,54.0,55.7,3912800,54.94,76.54,28.65,54.89,260
1998-06-12,55.7,56.0,53.55,54.65,3180600,50.52,76.54,28.65,45.68,260
1998-06-19,54.4,54.75,51.45,51.9,5742400,41.19,76.54,28.65,26.18,260
1998-06-26,51.75,52.3,49.97,51.45,4157400,39.89,76.54,28.65,23.47,260
1998-07-02,51.65,52.95,51.2,52.3,4607400,43.51,76.54,28.65,31.04,260
1998-07-10,52.3,54.25,52.0,52.65,3884800,44.98,76.54,28.65,34.11,260
1998-07-17,52.6,54.2,51.2,52.7,6235400,45.2,76.54,28.65,34.57,260
1998-07-24,52.8,53.85,51.25,51.4,4393800,40.66,76.54,28.65,25.08,260
1998-07-31,51.25,51.4,48.5,49.845,4853600,36.0,76.54,28.65,15.35,260
1998-08-07,49.72,50.05,47.22,47.625,5917400,30.61,76.54,28.65,4.09,260
1998-08-14,47.375,48.905,46.22,46.375,5347200,28.06,76.54,28.06,0.0,260
1998-08-21,46.815,49.565,45.72,49.0,6332400,39.46,76.54,28.06,23.52,260
1998-08-28,48.5,49.19,44.78,44.905,8686600,31.16,76.54,28.06,6.4,260
1998-09-04,45.03,47.375,43.625,47.315,8396200,39.26,76.54,28.06,23.1,260
1998-09-11,48.25,49.595,46.625,47.69,5000400,40.43,76.54,28.06,25.52,260
1998-09-18,48.75,53.0,48.315,50.0,9261200,47.2,76.54,28.06,39.48,260
1998-09-25,47.065,51.4,46.69,51.05,12319000,49.98,76.54,28.06,45.22,260
1998-10-02,51.55,52.65,48.97,52.65,7951400,53.96,76.54,28.06,53.43,260
1998-10-09,52.4,56.5,50.95,54.9,12136200,58.91,76.54,28.06,63.65,260
1998-10-16,55.4,55.9,53.05,54.35,6112800,57.29,76.54,28.06,60.3,260
1998-10-23,54.4,56.15,52.8,54.45,6049400,57.52,76.54,28.06,60.78,260
1998-10-30,54.45,56.75,54.05,55.7,5271800,60.38,76.54,28.06,66.68,260
1998-11-06,55.7,56.55,52.65,54.95,7437000,57.86,76.54,28.06,61.48,260
1998-11-13,54.7,54.8,50.4,53.9,12221200,54.44,76.54,28.06,54.42,260
1998-11-20,53.75,54.0,51.15,53.45,9580800,53.0,76.54,28.06,51.44,260
1998-11-27,53.65,54.65,52.9,53.1,3307200,51.84,76.54,28.06,49.06,260
1998-12-04,53.75,54.2,49.44,52.85,9246000,50.99,76.54,28.06,47.3,260
1998-12-11,52.85,53.45,48.0,48.155,8932600,38.25,76.54,28.06,21.01,260
1998-12-18,48.155,48.815,45.0,47.125,10807200,36.12,76.54,28.06,16.62,260
1998-12-24,47.0,47.94,41.0,42.065,11908600,27.89,76.54,27.89,0.0,260
1998-12-31,42.315,42.75,41.28,42.375,8508800,28.96,76.54,27.89,2.19,260
1999-01-08,41.25,43.0,39.38,39.94,9820450,25.73,76.54,25.73,0.0,260
1999-01-15,40.38,41.19,38.31,40.13,9694800,26.42,76.54,25.73,1.35,260
1999-01-22,40.81,40.81,37.25,37.69,5481900,23.42,76.54,23.42,0.0,260
1999-01-29,38.0,39.94,34.63,35.25,13173900,20.87,76.54,20.87,0.0,260
1999-02-05,36.5,40.0,36.0,37.88,11795600,29.76,76.54,20.87,15.96,260
1999-02-12,37.63,38.06,35.0,36.13,6734200,27.54,76.54,20.87,11.98,260
1999-02-19,36.75,37.19,35.19,36.44,4449400,28.55,76.54,20.87,13.81,260
1999-02-26,36.44,38.94,36.19,37.69,7694600,32.65,76.54,20.87,21.17,260
1999-03-05,36.63,37.63,36.0,37.5,8709600,32.35,76.54,20.87,20.62,260
1999-03-12,37.25,40.0,36.94,39.25,10074900,38.06,76.54,20.87,30.89,260
1999-03-19,39.63,42.25,39.25,41.06,7406100,43.39,76.54,20.87,40.45,260
1999-03-26,41.0,41.19,38.31,38.88,5890100,39.03,76.54,20.87,32.63,260
1999-04-01,39.0,39.25,36.63,37.13,4991900,35.92,76.54,20.87,27.04,260
1999-04-09,37.0,37.56,36.13,36.63,4857600,35.06,76.54,20.87,25.49,260
1999-04-16,36.81,44.0,36.75,43.31,8235600,51.71,76.54,20.87,55.41,260
1999-04-23,43.44,44.94,37.94,41.5,10075100,48.11,76.54,20.87,48.94,260
1999-04-30,41.63,44.88,40.0,43.06,9458600,51.26,76.54,20.87,54.6,260
1999-05-07,43.0,46.0,42.0,43.44,7881700,52.02,76.54,20.87,55.97,260
1999-05-14,44.0,44.0,40.0,41.69,11866000,48.27,76.54,20.87,49.23,260
1999-05-21,41.56,41.69,40.25,41.25,6463100,47.35,76.54,20.87,47.57,260
1999-05-28,41.31,42.25,39.5,40.44,9212200,45.62,76.54,20.87,44.46,260
1999-06-04,41.13,42.13,40.19,40.75,9605400,46.42,76.54,20.87,45.91,260
1999-06-11,41.75,41.88,33.75,33.94,23545400,34.35,76.54,20.87,24.22,260
1999-06-18,34.63,35.38,34.0,35.25,9266300,37.71,76.54,20.87,30.25,260
1999-06-25,35.25,37.0,34.63,35.88,6970900,39.31,76.54,20.87,33.13,260
1999-07-02,35.63,39.94,35.63,38.0,9599500,44.5,76.54,20.87,42.45,260
1999-07-09,39.13,39.13,37.06,38.0,5504800,44.5,76.54,20.87,42.45,260
1999-07-16,37.81,38.88,36.81,38.88,7464000,46.69,76.54,20.87,46.39,260
1999-07-23,38.94,39.0,37.31,37.75,4993800,44.27,76.54,20.87,42.05,260
1999-07-30,37.13,37.31,34.13,34.81,4792100,38.66,76.54,20.87,31.96,260
1999-08-06,34.94,35.75,34.25,34.25,4320700,37.68,76.54,20.87,30.2,260
1999-08-13,34.25,36.56,34.13,36.56,4314300,43.99,76.54,20.87,41.53,260
1999-08-20,36.81,37.94,36.13,37.69,5750200,46.82,76.54,20.87,46.63,260
1999-08-27,37.75,39.44,37.63,37.63,5201600,46.69,75.8,20.87,47.0,260
1999-09-03,37.5,37.81,36.13,36.63,5089300,44.39,75.8,20.87,42.82,260
1999-09-10,35.0,36.25,34.5,35.88,5912200,42.69,75.8,20.87,39.72,260
1999-09-17,35.94,37.31,33.31,34.44,12951400,39.56,75.8,20.87,34.03,260
1999-09-24,34.56,34.56,30.19,30.63,8564400,32.73,75.8,20.87,21.58,260
1999-10-01,31.75,33.13,30.5,32.63,7054000,38.71,75.8,20.87,32.48,260
1999-10-08,33.0,33.38,30.31,30.81,5046500,35.61,75.8,20.87,26.83,260
1999-10-15,30.69,31.0,23.38,24.13,14404000,27.04,75.8,20.87,11.23,260
1999-10-22,24.31,25.31,23.31,23.75,12188500,26.64,75.8,20.87,10.51,260
1999-10-29,23.69,23.69,16.38,20.0,25315000,23.08,75.8,20.87,4.02,260
1999-11-05,21.0,21.31,17.19,17.38,21675100,20.97,75.8,20.87,0.18,260
1999-11-12,17.75,20.31,17.56,19.0,20336300,25.5,75.8,20.87,8.44,260
1999-11-19,19.25,21.63,18.75,21.25,21837600,31.39,75.8,20.87,19.16,260
1999-11-26,21.25,21.25,20.0,20.06,7324400,30.04,75.8,20.87,16.7,260
1999-12-03,19.81,20.75,19.75,20.0,11774200,29.97,75.8,20.87,16.57,260
1999-12-10,19.81,20.13,19.0,19.81,12560700,29.73,75.8,20.87,16.14,260
1999-12-17,19.56,20.56,19.56,20.31,16694100,31.27,75.8,20.87,18.94,260
1999-12-23,20.31,20.31,19.56,19.75,8709200,30.47,75.8,20.87,17.48,260
1999-12-31,19.56,22.0,19.5,21.88,7903700,37.1,75.8,20.87,29.54,260
2000-01-07,22.0,22.31,20.0,21.44,12279900,36.33,75.8,20.87,28.14,260
2000-01-14,21.38,21.5,19.75,20.5,11640500,34.67,75.8,20.87,25.12,260
2000-01-21,21.0,21.25,19.75,21.0,10696500,36.33,75.8,20.87,28.15,260
2000-01-28,20.94,21.06,18.31,18.88,10409300,32.55,75.8,20.87,21.26,260
2000-02-04,18.31,19.31,18.19,19.13,7742700,33.43,75.8,20.87,22.87,260
2000-02-11,19.25,19.5,17.38,17.5,9243300,30.62,75.8,20.87,17.76,260
2000-02-18,17.75,18.25,17.0,17.44,10806500,30.52,75.8,20.87,17.57,260
2000-02-25,17.06,18.0,17.06,17.75,5708600,31.78,75.8,20.87,19.86,260
2000-03-03,17.56,17.88,16.88,17.0,6770900,30.35,75.8,20.87,17.26,260
2000-03-10,17.75,18.25,16.69,16.81,11455300,29.98,75.8,20.87,16.58,260
2000-03-17,16.81,18.75,16.5,18.0,17646800,35.28,75.8,20.87,26.24,260
2000-03-24,18.0,18.0,16.94,17.5,7052100,34.11,75.8,20.87,24.11,260
2000-03-31,17.5,21.25,17.25,20.44,15710300,45.54,75.8,20.87,44.92,260
2000-04-07,20.06,22.06,20.06,21.06,8524500,47.61,75.8,20.87,48.67,260
2000-04-14,20.5,22.19,20.31,20.69,11639500,46.47,75.8,20.87,46.61,260
2000-04-20,20.63,22.88,19.81,22.69,7580000,52.98,75.8,20.87,58.46,260
2000-04-28,22.38,26.44,22.31,24.88,18837600,58.88,75.8,20.87,69.19,260
2000-05-05,24.25,27.31,24.13,26.19,9856300,61.95,75.8,20.87,74.79,260
2000-05-12,26.0,26.44,25.56,25.81,4653300,60.54,75.8,20.87,72.22,260
2000-05-19,25.69,25.94,23.63,24.31,7094500,55.19,75.8,20.87,62.47,260
2000-05-26,24.38,25.31,23.25,24.06,5746500,54.32,75.8,20.87,60.9,260
2000-06-02,24.31,26.06,24.06,25.94,4628900,59.45,75.8,20.87,70.24,260
2000-06-09,25.94,26.25,24.25,25.31,4484400,57.14,75.8,20.87,66.03,260
2000-06-16,25.44,25.94,24.31,24.31,4406000,53.57,75.8,20.87,59.53,260
2000-06-23,24.44,24.88,23.63,24.19,3548100,53.14,75.8,20.87,58.75,260
2000-06-30,23.94,25.19,22.44,24.81,8170700,55.14,75.8,20.87,62.39,260
2000-07-07,24.63,25.5,24.06,25.31,3424000,56.74,75.8,20.87,65.3,260
2000-07-14,25.31,26.56,24.19,26.38,4491600,60.03,75.8,20.87,71.29,260
2000-07-21,26.5,27.06,24.88,26.31,6489100,59.71,75.8,20.87,70.71,260
2000-07-28,26.38,28.0,26.38,28.0,6713900,64.61,75.8,20.87,79.63,260
2000-08-04,27.75,30.56,27.75,28.81,13499300,66.7,75.8,20.87,83.44,260
2000-08-11,29.38,30.06,28.88,29.63,8125700,68.72,75.8,20.87,87.11,260
2000-08-18,29.63,30.0,27.44,27.94,5964600,60.58,75.8,20.87,72.29,260
2000-08-25,27.94,29.31,27.69,28.69,3214100,62.69,75.8,20.87,76.14,260
2000-09-01,29.13,29.13,27.25,28.06,3786700,59.79,75.8,20.87,70.86,260
2000-09-08,28.19,30.44,27.0,29.94,6079900,64.99,75.8,20.87,80.33,260
2000-09-15,30.0,30.88,29.0,29.56,6682000,63.21,75.8,20.87,77.09,260
2000-09-22,29.5,31.0,27.25,30.38,13271300,65.42,75.8,20.87,81.09,260
2000-09-29,30.7,33.6,29.35,32.93,10682100,71.19,75.8,20.87,91.6,260
2000-10-06,32.1,34.0,30.95,31.78,6744600,65.85,75.8,20.87,81.88,260
2000-10-13,31.95,33.95,31.89,33.62,7836200,69.76,75.8,20.87,89.0,260
2000-10-20,33.62,34.2,31.59,34.01,6174100,70.53,75.8,20.87,90.4,260
2000-10-27,33.9,37.58,33.55,34.55,7933900,71.6,75.8,20.87,92.36,260
2000-11-03,35.0,35.88,31.49,32.3,7118800,61.51,75.8,20.87,73.99,260
2000-11-10,32.5,34.75,31.4,31.89,7573600,59.86,75.8,20.87,70.97,260
2000-11-17,31.89,33.71,31.25,33.59,5765900,64.16,75.8,20.87,78.81,260
2000-11-24,33.99,34.97,33.06,34.35,3124500,65.92,75.8,20.87,82.02,260
2000-12-01,34.35,35.0,31.0,31.4,5250500,54.69,75.8,20.87,61.58,260
2000-12-08,31.9,34.41,30.7,32.26,6077200,56.99,75.8,20.87,65.76,260
2000-12-15,32.15,32.85,30.06,31.24,7100700,53.52,75.8,20.87,59.45,260
2000-12-22,31.25,33.1,30.5,32.5,4994200,57.01,75.13,20.87,66.61,260
2000-12-29,32.15,35.2,31.75,33.95,4768200,60.66,75.13,20.87,73.34,260
2001-01-05,33.95,34.75,32.4,32.85,6572600,56.72,75.13,20.87,66.08,260
2001-01-12,32.6,34.5,32.25,33.55,5333100,58.57,75.13,20.87,69.48,260
2001-01-19,33.55,34.0,31.0,31.73,4965600,52.32,75.13,20.87,57.98,260
2001-01-26,31.6,35.25,31.1,34.88,11564900,60.22,75.13,20.87,72.54,260
2001-02-02,34.6,37.5,34.25,36.4,9373400,63.38,75.13,20.87,78.35,260
2001-02-09,35.65,37.09,35.11,36.13,7223400,62.43,75.13,20.87,76.6,260
2001-02-16,36.3,37.65,34.5,36.25,12511800,62.7,75.13,20.87,77.1,260
2001-02-23,36.94,38.25,36.2,36.95,7309000,64.29,75.13,20.87,80.03,260
2001-03-02,36.9,38.3,35.7,38.3,9848100,67.2,75.13,20.87,85.39,260
2001-03-09,37.9,39.5,36.9,38.56,11147700,67.74,75.13,20.87,86.4,260
2001-03-16,38.31,39.41,36.15,37.0,11183600,61.18,75.13,20.87,74.29,260
2001-03-23,36.6,36.74,31.6,34.9,9804500,53.64,75.13,20.87,60.4,260
2001-03-30,35.25,37.0,34.0,35.65,7578000,55.74,75.13,20.87,64.26,260
2001-04-06,35.65,36.45,34.85,36.0,8434400,56.72,75.13,20.87,66.08,260
2001-04-12,36.0,36.97,35.26,36.65,5883900,58.56,75.13,20.87,69.47,260
2001-04-20,36.25,36.95,34.2,34.97,6604700,52.36,75.13,20.87,58.04,260
2001-04-27,34.5,36.25,34.05,36.0,5528400,55.47,75.13,20.87,63.78,260
2001-05-04,36.25,37.9,35.01,36.0,10214800,55.47,75.13,20.87,63.78,260
2001-05-11,35.75,36.86,35.6,36.62,4745300,57.42,75.13,20.87,67.36,260
2001-05-18,36.95,38.9,36.5,38.35,7145400,62.35,75.13,20.87,76.46,260
2001-05-25,38.36,39.79,37.85,38.0,8793800,60.82,75.13,20.87,73.63,260
2001-06-01,38.25,39.8,38.0,38.56,6334900,62.41,75.13,20.87,76.57,260
2001-06-08,38.57,39.05,37.03,37.37,4585500,57.09,75.13,20.87,66.76,260
2001-06-15,37.38,38.15,35.5,37.17,5474300,56.22,75.13,20.87,65.16,260
2001-06-22,37.26,37.5,35.4,35.69,5170700,50.15,75.13,20.87,53.97,260
2001-06-29,35.69,37.2,35.45,37.05,6038000,54.97,75.13,20.87,62.84,260
2001-07-06,37.2,37.5,35.6,36.5,4195100,52.75,75.13,20.87,58.75,260
2001-07-13,36.25,37.25,35.36,36.73,6073700,53.59,75.13,20.87,60.31,260
2001-07-20,36.93,38.58,36.2,37.49,7252000,56.36,75.13,20.87,65.42,260
2001-07-27,37.5,39.7,36.75,39.2,9001000,61.88,75.13,20.87,75.59,260
2001-08-03,39.0,40.01,38.28,38.65,5829300,59.28,75.13,20.87,70.8,260
2001-08-10,38.54,39.0,37.58,38.99,4867400,60.39,75.13,20.87,72.84,260
2001-08-17,39.0,39.79,39.0,39.15,5892600,60.93,75.13,20.87,73.83,260
2001-08-24,39.0,39.84,38.45,39.84,6520600,63.25,75.13,20.87,78.11,260
2001-08-31,39.94,40.25,38.85,39.86,9247100,63.32,75.13,20.87,78.23,260
2001-09-07,39.7,40.77,38.2,38.49,6814700,55.72,75.13,20.87,64.23,260
2001-09-10,37.95,38.85,37.93,38.32,1889800,54.84,75.13,20.87,62.6,260
2001-09-21,46.0,46.0,41.0,42.2,36341400,67.46,75.13,20.87,85.88,260
2001-09-28,42.0,45.0,41.35,43.75,22678000,70.96,75.13,20.87,92.31,260
2001-10-05,44.0,47.85,42.5,47.73,14867000,77.6,77.6,20.87,100.0,260
2001-10-12,49.73,49.73,44.8,45.45,19106800,68.0,77.6,20.87,83.07,260
2001-10-19,45.45,48.05,45.42,47.66,12281500,71.66,77.6,20.87,89.53,260
2001-10-26,48.0,50.26,47.0,49.92,22768000,74.83,77.6,20.87,95.11,260
2001-11-02,52.0,52.98,47.9,48.38,25852600,69.15,77.6,20.87,85.11,260
2001-11-09,48.85,49.25,47.13,47.5,10223900,66.07,77.6,20.87,79.67,260
2001-11-16,47.2,47.75,42.4,44.75,15503100,57.44,77.6,20.87,64.47,260
2001-11-23,45.4,46.2,44.65,45.01,5396200,58.0,77.6,20.87,65.45,260
2001-11-30,45.5,46.7,45.13,46.45,7213600,61.05,77.6,20.87,70.82,260
2001-12-07,47.2,47.2,45.01,45.74,8062700,58.79,77.6,20.87,66.83,260
2001-12-14,45.74,46.48,45.2,46.05,7358400,59.49,77.6,20.87,68.08,260
2001-12-21,46.2,46.9,45.5,46.0,11195400,59.32,77.6,20.87,67.76,260
2001-12-28,46.0,47.05,45.39,46.79,4725400,61.27,77.6,20.87,71.21,260
2002-01-04,46.95,47.5,45.85,47.26,6391000,62.43,77.6,20.87,73.25,260
2002-01-11,47.25,48.2,46.7,46.74,9520600,60.28,77.6,20.87,69.47,260
2002-01-18,46.5,49.0,46.5,48.66,10996300,65.06,77.6,20.87,77.89,260
2002-01-25,48.86,50.9,47.25,50.0,14469900,67.96,77.6,20.87,83.0,260
2002-02-01,51.2,52.97,49.86,52.43,18575900,72.42,77.6,20.87,90.87,260
2002-02-08,52.6,54.7,52.2,54.38,17208200,75.39,77.6,20.87,96.09,260
2002-02-15,53.95,55.1,52.8,54.87,12321000,76.08,77.6,20.87,97.32,260
2002-02-22,54.0,56.99,53.6,54.22,13406600,73.13,77.6,20.87,92.11,260
2002-03-01,55.0,57.89,54.2,57.07,12389600,77.29,77.6,20.87,99.45,260
2002-03-08,57.0,58.0,54.15,56.74,14200300,75.83,77.6,20.87,96.87,260
2002-03-15,56.05,58.4,55.9,57.81,11465100,77.33,77.6,20.87,99.51,260
2002-03-22,57.45,58.85,55.5,56.25,10618300,70.46,77.6,20.87,87.41,260
2002-03-28,56.5,59.96,55.7,57.58,10155000,72.69,77.6,20.87,91.34,260
2002-04-05,59.46,59.83,57.35,59.09,8758400,74.99,77.6,20.87,95.4,260
2002-04-12,59.0,62.1,58.9,61.54,13051100,78.21,78.21,20.87,100.0,260
2002-04-19,61.35,61.85,59.45,59.85,11049300,71.39,78.21,20.87,88.12,260
2002-04-26,59.6,63.05,58.13,61.52,16404900,73.82,78.21,20.87,92.35,260
2002-05-03,61.45,63.48,60.5,62.85,12958300,75.6,78.21,20.87,95.45,260
2002-05-10,62.85,63.29,60.85,61.52,10020600,70.45,78.21,20.87,86.47,260
2002-05-17,61.75,63.34,59.9,61.7,9496300,70.74,78.21,20.87,86.98,260
2002-05-24,61.5,63.75,60.54,62.38,9298000,71.86,78.21,20.87,88.94,260
2002-05-31,62.4,63.45,61.82,62.05,6232200,70.45,78.21,20.87,86.47,260
2002-06-07,62.3,64.35,61.75,63.4,12379300,72.81,78.21,20.87,90.58,260
2002-06-14,63.3,66.15,63.05,65.27,10873700,75.7,78.21,20.87,95.63,260
2002-06-21,65.26,70.54,65.26,70.36,18077800,81.48,81.48,20.87,100.0,260
2002-06-28,70.1,71.52,66.26,69.5,21012500,78.1,81.48,20.87,94.43,260
2002-07-05,69.5,69.97,67.2,68.7,10014700,74.98,81.48,20.87,89.29,260
2002-07-12,68.5,69.7,60.0,62.19,19775500,55.56,81.48,20.87,57.24,260
2002-07-19,60.5,62.2,55.38,56.1,31833900,44.06,81.48,20.87,38.27,260
2002-07-26,56.1,60.5,52.3,60.12,23079300,51.24,81.48,20.87,50.11,260
2002-08-02,60.35,64.45,60.35,61.78,12272400,53.87,81.48,20.87,54.45,260
2002-08-09,61.15,66.76,59.08,65.6,13864900,59.31,81.48,20.87,63.42,260
2002-08-16,65.35,66.14,62.32,65.42,12414200,58.96,81.48,20.87,62.84,260
2002-08-23,65.0,65.9,59.5,59.71,11843900,49.0,81.48,20.87,46.41,260
2002-08-30,60.05,64.24,59.5,63.32,10991600,54.26,81.48,20.87,55.09,260
2002-09-06,62.9,65.49,62.0,64.67,8986500,56.08,81.48,20.87,58.1,260
2002-09-13,64.6,67.1,64.2,65.73,11125900,57.52,81.48,20.87,60.46,260
2002-09-20,65.6,67.22,63.14,65.23,13952200,56.58,81.48,20.87,58.92,260
2002-09-27,64.98,66.5,63.45,65.55,14411100,57.06,81.48,20.87,59.71,260
2002-10-04,64.97,65.6,60.5,61.0,13827000,48.76,81.48,20.87,46.02,260
2002-10-11,61.1,63.21,56.64,62.45,16556400,51.2,81.48,20.87,50.04,260
2002-10-18,62.45,62.74,55.25,59.38,19253700,46.19,81.48,20.87,41.78,260
2002-10-25,58.7,60.6,54.9,56.63,17576200,42.21,81.48,20.87,35.21,260
2002-11-01,56.9,59.05,54.75,56.38,15646700,41.86,81.48,20.87,34.63,260
2002-11-08,56.5,56.8,48.64,56.43,34658600,41.96,81.48,20.87,34.8,260
2002-11-15,56.43,58.0,50.13,50.35,18572500,33.96,81.48,20.87,21.6,260
2002-11-22,50.35,52.99,48.65,51.84,22545100,37.13,81.48,20.87,26.82,260
2002-11-29,51.85,53.77,50.55,52.2,10557600,37.9,81.48,20.87,28.1,260
2002-12-06,52.35,52.8,50.45,52.24,12103700,37.99,81.48,20.87,28.25,260
2002-12-13,51.95,52.5,49.44,49.7,9791500,34.52,81.48,20.87,22.52,260
2002-12-20,49.52,55.5,49.2,54.62,15033100,45.0,81.48,20.87,39.82,260
2002-12-27,56.2,58.3,55.52,57.7,8315800,50.36,81.48,20.87,48.66,260
2003-01-03,58.05,58.95,56.25,58.71,8009100,52.01,81.48,20.87,51.39,260
2003-01-10,58.27,58.69,53.7,56.99,14360700,49.02,81.48,20.87,46.45,260
2003-01-17,57.0,57.0,52.5,52.5,11667400,42.2,81.48,20.87,35.2,260
2003-01-24,52.65,53.35,50.15,50.9,15750200,40.06,81.48,20.87,31.67,260
2003-01-31,51.15,52.0,49.52,51.05,13736900,40.37,81.48,20.87,32.17,260
2003-02-07,49.9,51.99,49.39,50.1,11746900,39.01,81.48,20.87,29.94,260
2003-02-14,50.25,50.48,46.77,47.4,13308500,35.38,81.48,20.87,23.94,260
2003-02-21,47.4,47.7,44.85,45.57,16542600,33.13,81.48,20.87,20.22,260
2003-02-28,45.0,46.25,44.34,45.72,19277800,33.5,81.48,20.87,20.84,260
2003-03-07,46.39,46.62,42.56,43.56,19918800,30.83,81.48,20.87,16.43,260
2003-03-14,43.57,45.99,40.64,45.19,21106700,35.04,81.48,20.87,23.38,260
2003-03-21,45.8,48.97,43.56,45.41,23828700,35.61,81.48,20.87,24.32,260
2003-03-28,45.41,48.25,45.02,48.14,14667600,42.36,81.48,20.87,35.46,260
2003-04-04,47.75,48.18,46.05,46.6,13719500,39.83,81.48,20.87,31.28,260
2003-04-11,46.46,46.46,43.7,44.11,13099400,36.06,81.48,20.87,25.07,260
2003-04-17,43.8,45.55,43.32,45.36,9927600,39.17,81.48,20.87,30.19,260
2003-04-25,45.4,49.91,45.0,49.41,16605600,47.99,81.48,20.87,44.74,260
2003-05-02,49.5,51.66,48.61,50.22,12549900,49.56,81.48,20.87,47.34,260
2003-05-09,50.09,50.19,48.29,48.84,10079600,46.95,81.48,20.87,43.04,260
2003-05-16,48.75,50.0,48.54,49.0,7682600,47.3,81.48,20.87,43.61,260
2003-05-23,48.85,48.85,46.7,47.93,8529400,45.18,81.48,20.87,40.11,260
2003-05-30,47.85,48.81,45.93,46.42,10907800,42.29,81.48,20.87,35.34,260
2003-06-06,46.62,47.49,45.0,46.41,13852700,42.27,81.48,20.87,35.31,260
2003-06-13,46.42,48.99,45.59,47.9,10602700,46.2,81.48,20.87,41.8,260
2003-06-20,47.9,49.94,47.85,48.63,11191100,48.07,81.48,20.87,44.88,260
2003-06-27,48.85,49.24,47.26,47.52,8225500,45.49,81.48,20.87,40.61,260
2003-07-03,47.73,48.81,47.47,48.4,5341500,47.88,81.48,20.87,44.56,260
2003-07-11,48.7,49.5,46.85,49.38,12697200,50.48,81.48,20.87,48.86,260
2003-07-18,49.98,52.08,48.5,52.05,11408600,56.82,81.48,20.87,59.31,260
2003-07-25,52.75,55.0,51.28,53.0,15023600,58.83,81.48,20.87,62.64,260
2003-08-01,53.57,54.2,51.52,51.52,9759100,54.56,81.48,20.87,55.58,260
2003-08-08,51.65,52.35,49.51,50.59,16482400,52.0,81.48,20.87,51.36,260
2003-08-15,50.65,51.3,49.83,50.61,8043300,52.05,81.48,20.87,51.45,260
2003-08-22,50.6,52.88,49.8,49.88,10253100,49.92,81.48,20.87,47.94,260
2003-08-29,49.65,51.53,49.4,51.23,9045600,53.69,81.48,20.87,54.16,260
2003-09-05,51.1,52.28,50.8,52.01,7979300,55.77,81.48,20.87,57.58,260
2003-09-12,51.76,52.45,50.77,51.11,8948600,52.83,81.48,20.87,52.73,260
2003-09-19,51.02,51.18,48.15,48.7,22314500,45.86,81.48,20.87,41.23,260
2003-09-26,48.5,48.5,44.09,45.43,24643700,38.45,81.48,20.87,29.01,260
2003-10-03,45.93,47.17,45.03,45.7,13454500,39.32,81.48,20.87,30.45,260
2003-10-10,45.7,46.44,44.78,46.2,12823400,40.99,81.48,20.87,33.2,260
2003-10-17,46.26,46.87,45.5,45.9,12128600,40.27,81.48,20.87,32.02,260
2003-10-24,46.0,46.52,45.03,46.52,11198700,42.51,81.48,20.87,35.7,260
2003-10-31,46.4,47.95,45.27,46.36,14671300,42.07,81.48,20.87,34.98,260
2003-11-07,46.36,46.75,45.4,46.04,10261500,41.16,81.48,20.87,33.47,260
2003-11-14,46.02,46.18,44.89,45.2,15015100,38.78,81.48,20.87,29.56,260
2003-11-21,45.2,46.45,45.17,46.4,11914000,43.77,81.48,20.87,37.79,260
2003-11-28,46.5,46.65,45.56,45.94,10359500,42.35,81.48,20.87,35.44,260
2003-12-05,46.25,47.91,45.79,47.42,13562200,48.19,81.48,20.87,45.08,260
2003-12-12,47.21,49.35,47.07,48.9,9697800,53.29,81.48,20.87,53.5,260
2003-12-19,48.91,50.38,48.31,50.25,11933800,57.41,81.48,20.87,60.29,260
2003-12-26,50.17,50.84,49.67,50.7,4168300,58.72,81.48,20.87,62.45,260
2004-01-02,50.35,51.47,50.275,50.7,5376200,58.72,81.48,20.87,62.45,260
2004-01-09,49.9,52.0,49.75,51.55,14446600,61.32,81.48,20.87,66.74,260
2004-01-16,51.45,51.85,50.12,51.51,9110900,61.12,81.48,20.87,66.41,260
2004-01-23,51.61,51.67,50.46,50.78,6033200,57.53,81.48,20.97,60.41,260
2004-01-30,50.83,52.19,48.2,48.62,23200700,48.44,81.48,20.97,45.4,260
2004-02-06,48.64,49.7,47.85,49.39,17225700,51.39,81.48,20.97,50.27,260
2004-02-13,49.45,49.75,48.85,49.4,8361600,51.43,81.48,20.97,50.34,260
2004-02-20,49.52,49.55,48.08,48.5,7025200,47.73,81.48,20.97,44.23,260
2004-02-27,48.49,48.69,45.87,46.28,23782200,40.08,81.48,20.97,31.59,260
2004-03-05,46.1,46.7,44.63,45.05,27557100,36.58,81.48,20.97,25.81,260
2004-03-12,45.6,45.8,44.0,44.48,26308700,35.06,81.48,20.97,23.28,260
2004-03-19,44.31,45.1,43.1,44.1,18805300,34.04,81.48,20.97,21.6,260
2004-03-26,44.25,46.09,43.66,45.81,18812400,42.19,81.48,20.97,35.07,260
2004-04-02,45.9,46.92,45.03,46.69,12376700,45.89,81.48,20.97,41.19,260
2004-04-08,46.5,48.16,46.01,47.54,14988100,49.28,81.48,20.97,46.78,260
2004-04-16,47.15,47.82,46.37,47.0,10060300,47.26,81.48,20.97,43.44,260
2004-04-23,46.6,47.39,45.73,46.21,7598300,44.39,81.48,20.97,38.7,260
2004-04-30,46.27,48.06,46.03,47.7,14333100,50.49,81.48,20.97,48.79,260
2004-05-07,47.55,49.12,47.18,48.57,13143300,53.69,81.48,20.97,54.07,260
2004-05-14,48.3,48.34,46.98,47.43,11531400,49.2,81.48,20.97,46.66,260
2004-05-21,47.43,47.64,46.38,46.86,8453400,47.09,81.48,20.97,43.17,260
2004-05-28,47.0,49.9,47.0,49.54,11629500,56.55,81.48,20.97,58.81,260
2004-06-04,49.44,49.98,48.39,49.3,6991700,55.59,81.48,20.97,57.22,260
2004-06-10,49.5,51.06,49.37,50.95,7866500,60.55,81.48,20.97,65.41,260
2004-06-18,51.05,51.2,49.4,50.68,11109900,59.38,81.48,20.97,63.48,260
2004-06-25,50.58,52.5,50.32,51.97,9473200,63.05,81.48,20.97,69.54,260
2004-07-02,51.9,52.13,50.55,51.57,8182500,61.2,81.48,20.97,66.49,260
2004-07-09,51.3,54.16,51.16,53.99,11516800,67.41,81.48,20.97,76.75,260
2004-07-16,53.6,55.02,53.55,54.7,12588500,68.98,81.48,20.97,79.35,260
2004-07-23,54.7,55.48,52.82,53.22,11299000,62.25,81.48,20.97,68.23,260
2004-07-30,52.97,53.74,51.2,52.99,9187100,61.25,81.48,20.97,66.58,260
2004-08-06,53.02,54.29,52.62,52.76,7967800,60.21,81.48,20.97,64.85,260
2004-08-13,52.9,53.63,52.05,52.98,8806800,60.9,81.48,20.97,65.99,260
2004-08-20,52.98,54.63,52.91,54.26,7856700,64.7,81.48,20.97,72.28,260
2004-08-27,54.18,55.46,52.93,53.4,8568800,60.45,81.48,20.97,65.24,260
2004-09-03,53.0,54.99,53.0,54.71,7168100,64.3,81.48,20.97,71.61,260
2004-09-10,54.72,55.01,53.81,54.23,4974400,61.92,81.48,20.97,67.68,260
2004-09-17,54.3,55.0,53.62,54.67,5933600,63.26,81.48,20.97,69.89,260
2004-09-24,54.45,54.63,52.92,54.36,6988900,61.61,81.48,20.97,67.17,260
2004-10-01,54.5,56.45,54.14,56.32,10175500,67.4,81.48,20.97,76.73,260
2004-10-08,56.5,56.85,55.3,55.42,9379200,62.72,81.48,20.97,69.01,260
2004-10-15,55.65,56.09,53.82,53.85,7293600,55.49,81.48,20.97,57.06,260
2004-10-22,53.81,53.97,52.19,53.53,8828800,54.12,81.48,20.97,54.8,260
2004-10-29,53.25,55.44,53.0,55.09,8088600,59.39,81.48,25.5,60.53,260
2004-11-05,55.25,56.99,53.8615,56.85,10426800,64.35,81.48,29.73,66.9,260
2004-11-12,56.95,58.56,56.62,58.56,7259600,68.4,81.48,29.73,74.72,260
2004-11-19,58.25,58.75,57.8,58.35,6649200,67.39,81.48,29.73,72.76,260
2004-11-26,58.15,59.61,58.01,59.54,6912900,70.08,81.48,29.73,77.98,260
2004-12-03,59.1,61.77,59.1,61.62,10890000,74.12,81.48,29.98,85.7,260
2004-12-10,61.55,61.75,57.55,59.45,14409200,64.37,81.48,29.98,66.78,260
2004-12-17,59.99,60.68,58.65,58.93,11039500,62.26,81.48,29.98,62.68,260
2004-12-23,58.94,59.33,57.5,58.94,8838500,62.28,81.48,29.98,62.73,260
2004-12-31,58.83,58.83,54.656,55.55,18512300,49.91,81.48,29.98,38.69,260
2005-01-07,55.4,55.64,52.54,54.77,26905100,47.56,81.48,29.98,34.15,260
2005-01-14,54.7,56.25,54.35,56.0,15146100,51.43,81.48,29.98,41.66,260
2005-01-21,56.01,56.68,54.55,54.75,8171500,47.59,81.48,29.98,34.2,260
2005-01-28,54.9,57.29,54.24,56.38,12079800,52.57,81.48,29.98,43.86,260
2005-02-04,57.28,59.24,57.14,57.65,12623500,56.07,81.48,29.98,50.66,260
2005-02-11,57.6,60.06,57.4,59.69,9394800,61.05,81.48,29.98,60.32,260
2005-02-18,59.55,60.24,59.05,59.19,7047600,59.27,81.48,29.98,56.88,260
2005-02-25,59.0,60.0,58.55,59.81,7670400,60.79,81.48,29.98,59.83,260
2005-03-04,59.8,60.34,58.77,59.94,7873400,61.12,81.48,30.83,59.81,260
2005-03-11,59.5,60.85,59.35,59.49,13082500,59.27,81.48,30.83,56.16,260
2005-03-18,59.6,60.73,59.4,60.55,15177700,62.17,81.48,30.83,61.88,260
2005-03-24,60.4,60.58,59.77,59.83,8140300,59.1,81.48,30.83,55.81,260
2005-04-01,59.9,61.49,59.89,61.16,12153600,62.76,81.48,30.83,63.05,260
2005-04-08,61.66,62.98,60.95,61.32,12522800,63.19,81.48,30.83,63.89,260
2005-04-15,61.15,62.64,59.3,59.31,10066500,54.7,81.48,30.83,47.12,260
2005-04-22,58.84,59.55,58.28,58.8,8452000,52.76,81.48,30.83,43.3,260
2005-04-29,59.0,61.11,58.68,60.95,10261700,59.3,81.48,30.83,56.22,260
2005-05-06,61.0,64.1,60.95,63.03,11497600,64.44,81.48,30.83,66.35,260
2005-05-13,62.95,65.0,62.55,64.02,13874900,66.6,81.48,30.83,70.62,260
2005-05-20,63.7,64.97,63.7,64.54,7483800,67.71,81.48,30.83,72.81,260
2005-05-27,64.65,65.46,64.37,65.4,10403400,69.51,81.48,30.83,76.37,260
2005-06-03,65.4,65.4,64.5,65.06,6290000,67.9,81.48,30.83,73.18,260
2005-06-10,64.95,65.3,64.62,65.15,8777800,68.11,81.48,30.83,73.6,260
2005-06-17,65.01,65.39,63.88,64.66,11367900,65.58,81.48,30.83,68.61,260
2005-06-24,64.64,65.2,63.5,63.51,9588400,59.95,81.48,30.83,57.5,260
2005-07-01,63.4,65.22,62.87,64.55,8445700,63.04,81.48,30.83,63.6,260
2005-07-08,64.6,64.6,62.34,62.5,7981300,54.17,81.48,30.83,46.09,260
2005-07-15,62.1,62.33,61.22,61.75,11433800,51.33,81.48,30.83,40.47,260
2005-07-22,61.64,62.19,60.93,62.0,8843800,52.23,81.48,30.83,42.25,260
2005-07-29,62.0,65.24,61.7,62.4,13681500,53.7,81.48,30.83,45.16,260
2005-08-05,63.35,63.35,61.71,62.83,8530600,55.3,81.48,30.83,48.32,260
2005-08-12,62.83,63.55,62.15,62.45,8231600,53.54,81.48,30.83,44.85,260
2005-08-19,62.35,63.0,62.3,62.46,5779900,53.58,81.48,30.83,44.93,260
2005-08-26,62.51,63.32,61.46,61.76,8535700,50.18,81.48,30.83,38.2,260
2005-09-02,61.61,62.9,61.34,61.58,9183100,49.31,81.48,30.83,36.49,260
2005-09-09,61.75,63.0,61.71,62.75,5171300,54.79,81.48,30.83,47.3,260
2005-09-16,63.05,63.5,61.88,62.38,9982900,52.84,81.48,30.83,43.46,260
2005-09-23,62.48,62.48,59.82,61.29,10877800,47.49,81.48,30.83,32.9,260
2005-09-30,61.5,61.98,60.54,61.04,8694700,46.33,81.48,30.83,30.62,260
2005-10-07,61.2,61.7,60.0,60.33,9135400,43.12,81.48,30.83,24.27,260
2005-10-14,60.17,60.88,58.5,60.72,7244400,45.36,81.48,30.83,28.7,260
2005-10-21,60.6,62.86,60.08,60.8,10283500,45.83,81.48,30.83,29.63,260
2005-10-28,60.8,62.43,59.76,61.32,11287100,48.92,81.48,30.83,35.72,260
2005-11-04,61.32,61.68,58.88,59.16,13135200,38.98,81.48,30.83,16.1,260
2005-11-11,59.25,59.89,58.89,59.39,12147200,40.37,81.48,30.83,18.84,260
2005-11-18,59.5,61.0,59.0,59.96,9448300,43.79,81.48,30.83,25.58,260
2005-11-25,60.1,61.97,59.99,60.65,9939000,47.69,81.48,30.83,33.3,260
2005-12-02,60.95,62.39,60.25,61.63,12670500,52.72,81.48,30.83,43.22,260
2005-12-09,61.65,63.1,61.26,62.92,9776200,58.39,81.48,30.83,54.41,260
2005-12-16,62.95,64.28,62.0,63.81,8565400,61.79,81.48,30.83,61.13,260
2005-12-23,63.0,63.75,62.3908,63.56,7772800,60.3,81.48,30.83,58.19,260
2005-12-30,63.63,64.0,63.23,63.63,4176800,60.59,81.48,30.83,58.75,260
2006-01-06,63.3,65.64,62.52,65.47,9128500,67.28,81.48,30.83,71.97,260
2006-01-13,65.45,66.49,65.0,65.79,9890500,68.29,81.48,30.83,73.96,260
2006-01-20,65.25,65.96,64.76,64.88,6526200,62.4,81.48,30.83,62.33,260
2006-01-27,65.35,67.92,64.94,66.18,11861100,66.8,81.48,30.83,71.03,260
2006-02-03,66.33,68.94,65.96,68.92,14058300,73.78,81.48,30.83,84.8,260
2006-02-10,68.48,71.41,68.4,71.37,13188900,78.19,81.48,30.83,93.51,260
2006-02-17,70.9,73.0,70.56,72.84,13319700,80.33,81.48,30.83,97.73,260
2006-02-24,72.5,74.97,71.6101,74.58,10018700,82.52,82.52,30.83,100.0,260
2006-03-03,74.05,74.66,72.24,73.5,11067600,76.81,82.52,30.83,88.96,260
2006-03-10,73.7,74.94,72.25,74.33,9862100,78.07,82.52,30.83,91.39,260
2006-03-17,74.42,76.29,73.17,75.95,12677000,80.31,82.52,30.83,95.73,260
2006-03-24,76.19,77.78,75.06,75.99,10956000,80.36,82.52,30.83,95.83,260
2006-03-31,75.5,76.2,74.99,75.13,8457500,75.62,82.52,30.83,86.65,260
2006-04-07,75.38,75.38,73.1,73.81,8876600,68.9,82.52,30.83,73.65,260
2006-04-13,73.78,74.14,72.41,72.83,5738400,64.32,82.52,30.83,64.81,260
2006-04-21,73.18,77.04,73.0,77.04,7736600,72.7,82.52,30.83,81.02,260
2006-04-28,77.0,77.95,74.5701,75.9,11862700,68.04,82.52,30.83,72.0,260
2006-05-05,76.0,77.09,75.67,76.39,8240100,68.96,82.52,30.83,73.78,260
2006-05-12,76.8,77.04,74.58,74.62,7069700,62.01,82.52,30.83,60.33,260
2006-05-19,74.87,75.98,72.92,74.33,8531100,60.93,82.52,30.83,58.24,260
2006-05-26,74.33,74.4,71.74,72.03,10246600,53.02,82.52,30.83,42.93,260
2006-06-02,71.82,73.48,71.75,73.12,5816600,55.94,82.52,30.83,48.58,260
2006-06-09,73.12,73.27,70.51,72.4,9669600,53.57,82.52,30.83,44.0,260
2006-06-16,71.5,72.18,69.87,71.32,9699900,50.14,82.52,30.83,37.36,260
2006-06-23,71.43,71.81,70.65,71.31,5692800,50.11,82.52,30.83,37.3,260
2006-06-30,71.5,72.0,70.29,71.74,7032600,51.54,82.52,30.83,40.07,260
2006-07-07,72.1,73.85,72.01,73.22,6798300,56.2,82.52,30.83,49.08,260
2006-07-14,73.42,75.75,73.3,75.3,10324200,61.76,82.52,30.83,59.85,260
2006-07-21,75.3,76.81,73.52,75.63,10498700,62.57,82.52,30.83,61.42,260
2006-07-28,76.05,80.59,75.93,80.49,14661600,72.01,82.52,30.83,79.67,260
2006-08-04,80.1,83.54,79.0,83.54,13572800,76.08,82.52,30.83,87.55,260
2006-08-11,81.6,83.9664,80.02,81.82,14139600,69.9,82.52,30.83,75.6,260
2006-08-18,82.3,83.94,82.23,83.55,9906600,72.34,82.52,30.83,80.3,260
2006-08-25,83.55,84.42,82.62,83.08,8671900,70.66,82.52,30.83,77.07,260
2006-09-01,83.0,84.285,81.41,83.68,14884600,71.57,82.52,30.83,78.82,260
2006-09-08,83.8,84.35,83.01,83.42,7325600,70.55,82.52,30.83,76.86,260
2006-09-15,83.1,83.76,80.78,83.0,12290500,68.86,82.52,30.83,73.57,260
2006-09-22,83.25,83.3,81.43,82.85,8800300,68.23,82.52,30.83,72.35,260
2006-09-29,82.93,86.45,82.91,86.06,10017500,73.77,82.52,30.83,83.07,260
2006-10-06,86.4,87.94,86.32,87.38,8246400,75.65,82.52,30.83,86.71,260
2006-10-13,87.5,88.944,87.12,88.6,9564300,77.27,82.52,30.83,89.85,260
2006-10-20,88.44,88.95,86.37,87.0,7818300,70.63,82.52,30.83,77.0,260
2006-10-27,87.0,89.89,82.7,84.61,15154900,62.04,82.52,30.83,60.39,260
2006-11-03,85.85,88.1,85.77,87.0,11104400,66.44,82.52,30.83,68.89,260
2006-11-10,87.33,88.18,84.89,85.75,14532600,62.37,82.52,30.83,61.03,260
2006-11-17,85.51,89.73,85.51,89.15,9189000,68.09,82.52,30.83,72.09,260
2006-11-24,89.97,90.47,88.81,89.33,4838500,68.36,82.52,30.83,72.62,260
2006-12-01,88.95,91.14,87.64,90.35,8092000,69.94,82.52,30.83,75.67,260
2006-12-08,90.15,92.81,90.13,91.82,6971300,72.1,82.52,30.83,79.84,260
2006-12-15,91.45,91.67,89.91,90.04,8221300,65.93,82.52,30.83,67.91,260
2006-12-22,90.02,92.5,89.85,91.7,6280200,68.62,82.52,30.83,73.13,260
2006-12-29,92.14,93.24,91.77,92.07,3258600,69.21,82.52,30.83,74.26,260
2007-01-05,91.6,92.57,91.08,92.02,5651400,69.02,82.52,30.83,73.89,260
2007-01-12,91.55,96.68,91.54,96.31,8519300,75.22,82.52,30.83,85.88,260
2007-01-19,96.05,97.75,96.03,97.27,6922700,76.36,82.52,30.83,88.09,260
2007-01-26,97.28,98.75,95.6,96.67,14313400,74.07,82.52,30.83,83.65,260
2007-02-02,96.33,99.0,95.82,98.46,11489000,76.35,82.52,30.83,88.07,260
2007-02-09,98.0,101.84,97.86,101.16,9972000,79.3,82.52,30.83,93.79,260
2007-02-16,101.16,103.46,101.13,101.95,7421600,80.09,82.52,30.83,95.31,260
2007-02-23,101.7,103.5,101.12,102.11,8486600,80.25,82.52,30.83,95.62,260
2007-03-02,102.07,102.34,92.68,95.44,11850200,58.66,82.52,30.83,53.85,260
2007-03-09,94.96,97.98,94.8,96.89,8522200,61.11,82.52,30.83,58.58,260
2007-03-16,96.65,100.02,95.95,97.8,9437100,62.61,82.52,30.83,61.48,260
2007-03-23,98.0,99.85,97.75,99.15,6485700,64.77,82.52,30.83,65.68,260
2007-03-30,99.16,99.184,96.72,97.02,7111300,58.97,82.52,30.83,54.44,260
2007-04-05,97.35,97.71,96.34,96.71,7439700,58.15,82.52,30.83,52.86,260
2007-04-13,96.99,98.64,95.62,96.24,7338300,56.86,82.52,30.83,50.37,260
2007-04-20,96.34,96.95,95.34,95.4,9087500,54.54,82.52,30.83,45.88,260
2007-04-27,95.42,98.34,93.19,96.69,16328900,57.42,82.52,30.83,51.44,260
2007-05-04,96.5,97.16,95.67,96.64,7735400,57.27,82.52,30.83,51.15,260
2007-05-11,97.0,99.5,96.92,98.84,8324900,62.01,82.52,30.83,60.32,260
2007-05-18,98.68,100.1,97.93,98.16,7996600,59.8,82.52,30.83,56.05,260
2007-05-25,97.81,99.37,94.0,97.01,16336000,56.16,82.52,30.83,49.0,260
2007-06-01,97.02,98.62,96.85,97.43,7153900,57.18,82.52,30.83,50.99,260
2007-06-08,96.98,99.35,95.02,96.89,9888000,55.39,82.52,30.83,47.52,260
2007-06-15,96.835,97.79,94.54,96.55,9529400,54.23,82.52,30.83,45.28,260
2007-06-22,97.1,97.42,93.14,93.39,9689800,44.87,82.52,30.83,27.18,260
2007-06-29,93.43,94.99,93.06,94.13,9954200,47.17,82.52,30.83,31.62,260
2007-07-06,94.67,97.06,94.12,96.63,5333300,54.13,82.52,30.83,45.09,260
2007-07-13,96.43,97.69,94.11,97.34,7777900,55.91,82.52,30.83,48.53,260
2007-07-20,96.8,99.18,96.12,97.89,8562400,57.29,82.52,30.83,51.2,260
2007-07-27,98.68,107.33,98.28,99.28,23334300,60.64,82.52,30.83,57.68,260
2007-08-03,100.1,102.76,98.48,99.37,14219400,60.86,82.52,30.83,58.1,260
2007-08-10,99.91,101.13,88.86,94.31,24644100,45.77,82.52,30.83,28.91,260
2007-08-17,95.64,99.45,92.69,96.22,15913100,50.73,82.52,30.83,38.51,260
2007-08-24,96.0,100.02,94.84,100.02,9065800,58.81,82.52,30.83,54.14,260
2007-08-31,99.5,102.5,97.74,99.14,11885000,56.5,82.52,30.83,49.67,260
2007-09-07,99.25,99.25,96.4718,96.64,7489600,50.44,82.52,30.83,37.94,260
2007-09-14,96.9,101.57,94.97,101.34,9480400,59.29,82.52,30.83,55.06,260
2007-09-21,100.34,103.47,99.07,103.2,11715500,62.16,82.52,30.83,60.62,260
2007-09-28,103.81,108.75,102.09,108.49,15325800,68.9,82.52,30.83,73.65,260
2007-10-05,108.15,110.31,106.64,108.7,12956700,69.13,82.52,30.83,74.11,260
2007-10-12,108.4,113.74,108.02,111.67,11737100,72.32,82.52,30.83,80.27,260
2007-10-19,111.87,112.11,106.0,106.16,9964200,59.96,82.52,30.83,56.36,260
2007-10-26,105.4,111.1,103.33,108.61,12165700,62.99,82.52,30.83,62.22,260
2007-11-02,108.12,110.85,107.75,110.12,9418800,64.76,82.52,30.83,65.64,260
2007-11-09,108.0,110.74,105.87,109.35,11899900,63.1,82.52,30.83,62.44,260
2007-11-16,109.38,113.0,107.65,111.37,13531900,65.59,82.52,30.83,67.25,260
2007-11-23,110.45,112.51,108.17,111.01,9215800,64.75,82.52,30.83,65.63,260
2007-11-30,110.79,113.5,107.22,110.67,11631000,63.92,82.52,30.83,64.02,260
2007-12-07,111.3,111.93,107.78,111.01,9733000,64.41,82.52,30.83,64.97,260
2007-12-14,111.01,111.54,107.32,110.48,9845100,62.97,82.52,30.83,62.19,260
2007-12-21,110.0,110.74,106.33,110.48,11229900,62.97,82.52,30.83,62.19,260
2007-12-28,110.01,111.68,106.35,106.78,4136000,53.32,82.52,30.83,43.52,260
2008-01-04,106.31,108.81,104.71,106.5,8837400,52.66,82.52,30.83,42.25,260
2008-01-11,107.36,110.25,104.93,109.46,14269000,58.49,82.52,30.83,53.52,260
2008-01-18,110.12,110.12,101.07,101.88,15684300,43.66,82.52,30.83,24.84,260
2008-01-25,96.98,107.07,90.44,105.49,15411400,50.15,82.52,30.83,37.38,260
2008-02-01,106.33,109.8,104.6,108.12,12548400,54.27,82.52,30.83,45.36,260
2008-02-08,108.15,110.15,104.62,105.76,12107700,50.25,82.52,30.83,37.58,260
2008-02-15,105.54,109.5,105.0,105.76,9052500,50.25,82.52,30.83,37.58,260
2008-02-22,106.76,108.0,103.17,105.12,7722400,49.11,82.52,30.83,35.37,260
2008-02-29,105.39,106.72,102.87,103.2,8948500,45.74,82.52,34.04,24.15,260
2008-03-07,103.38,104.93,102.13,103.18,9327200,45.71,82.52,34.04,24.08,260
2008-03-14,102.29,103.01,98.5,100.54,12661300,41.21,82.52,34.04,14.8,260
2008-03-20,98.35,103.25,98.35,100.05,12620600,40.41,82.52,34.04,13.16,260
2008-03-28,99.97,102.29,99.76,100.18,7324800,40.74,82.52,34.04,13.83,260
2008-04-04,100.34,102.0,98.44,100.81,12755200,42.39,82.52,34.04,17.23,260
2008-04-11,101.58,104.21,101.07,103.01,9494900,47.85,82.52,34.04,28.49,260
2008-04-18,103.18,106.46,101.91,106.24,8344800,54.64,82.52,34.04,42.5,260
2008-04-25,106.16,108.0,103.18,107.63,9118900,57.22,82.52,34.04,47.82,260
2008-05-02,107.01,108.45,105.55,106.93,7792800,55.51,82.52,34.04,44.29,260
2008-05-09,106.46,107.89,104.94,105.84,7328000,52.85,82.52,34.04,38.81,260
2008-05-16,105.84,110.0,105.53,109.16,7896300,59.25,82.52,34.04,52.0,260
2008-05-23,108.98,110.6,106.6,107.42,7216900,55.03,82.52,34.04,43.31,260
2008-05-30,107.27,109.88,106.32,109.44,6364000,58.7,82.52,34.04,50.88,260
2008-06-06,109.23,109.87,103.7,103.75,11446500,47.05,82.52,34.04,26.85,260
2008-06-13,104.38,105.37,101.67,104.07,10442300,47.68,82.52,34.04,28.15,260
2008-06-20,102.4,103.91,100.72,102.07,8821100,44.15,82.52,34.04,20.87,260
2008-06-27,102.7,105.0,99.37,99.62,12594100,40.22,82.52,34.04,12.77,260
2008-07-03,99.65,102.28,97.8,101.48,10216600,44.28,82.52,34.04,21.13,260
2008-07-11,101.71,104.27,101.37,102.68,15710600,46.78,82.52,34.04,26.3,260
2008-07-18,102.54,103.51,98.01,100.99,15497800,43.8,82.52,34.04,20.13,260
2008-07-25,100.82,107.429,100.4,104.62,14018500,51.03,82.52,34.04,35.06,260
2008-08-01,104.6,106.38,102.78,103.97,10511400,49.8,82.52,34.04,32.51,260
2008-08-08,104.0,112.06,103.73,112.06,11832400,62.1,82.52,34.04,57.89,260
2008-08-15,111.74,117.04,110.07,116.67,20270500,67.06,82.52,34.04,68.11,260
2008-08-22,116.73,116.73,112.55,115.77,14670100,65.26,82.52,34.04,64.41,260
2008-08-29,115.03,120.3,113.64,116.44,12858000,65.99,82.52,34.04,65.92,260
2008-09-05,117.6,118.19,112.52,115.72,11911000,64.43,82.52,34.04,62.69,260
2008-09-12,118.01,119.95,110.26,117.27,13770800,66.28,82.52,34.04,66.51,260
2008-09-19,115.35,117.5,106.02,110.88,26612700,53.82,82.52,34.04,40.81,260
2008-09-26,109.76,112.87,106.01,112.55,11850400,56.14,82.52,34.04,45.6,260
2008-10-03,111.32,115.01,102.87,105.01,16697700,45.12,82.52,34.04,22.86,260
2008-10-10,103.31,105.82,81.76,87.48,27374300,30.25,82.52,30.25,0.0,260
2008-10-17,89.52,96.85,84.81,90.75,19070900,34.58,82.52,30.25,8.29,260
2008-10-24,91.99,94.09,75.01,75.84,26389800,26.5,82.52,26.5,0.0,260
2008-10-31,75.27,85.86,72.4,85.05,19751900,36.39,82.52,26.5,17.65,260
2008-11-07,84.95,86.67,75.7,78.75,15542400,33.11,82.52,26.5,11.79,260
2008-11-14,80.27,81.25,68.82,72.26,14090000,30.1,82.52,26.5,6.42,260
2008-11-21,71.24,74.97,67.38,72.68,16655500,30.54,82.52,26.5,7.21,260
2008-11-28,73.68,77.11,70.28,77.11,9396400,35.17,82.52,26.5,15.48,260
2008-12-05,76.42,80.62,70.98,80.19,17497600,38.26,82.52,26.5,20.99,260
2008-12-12,81.46,83.36,74.2,77.8,15783600,36.8,82.52,26.5,18.38,260
2008-12-19,78.23,81.49,74.24,80.01,15038600,39.12,82.52,26.5,22.52,260
2008-12-26,79.9,81.52,77.52,81.11,5265400,40.29,82.52,26.5,24.62,260
2009-01-02,81.0,85.9,79.86,85.55,6228100,44.91,82.52,26.5,32.87,260
2009-01-09,85.29,85.35,79.69,80.76,14028300,41.21,82.52,26.5,26.25,260
2009-01-16,80.75,82.57,77.33,82.16,15657300,42.69,82.52,26.5,28.91,260
2009-01-23,81.64,85.59,76.7,80.98,17716100,41.74,82.52,26.5,27.2,260
2009-01-30,80.72,84.0,80.27,82.04,13671700,42.97,82.52,26.5,29.41,260
2009-02-06,81.0,82.46,76.84,79.37,19306700,40.63,82.52,26.5,25.23,260
2009-02-13,79.37,81.75,75.0,78.47,17338400,39.84,82.52,26.5,23.82,260
2009-02-20,76.81,78.49,74.53,77.75,14295700,39.19,82.52,26.5,22.65,260
2009-02-27,77.58,77.9,63.11,63.11,23341200,28.81,82.52,26.5,4.12,260
2009-03-06,60.63,63.23,57.41,58.85,29115200,26.6,82.52,26.5,0.18,260
2009-03-13,58.18,62.0,57.55,61.2,21510400,29.8,82.52,26.5,5.89,260
2009-03-20,61.55,69.78,60.94,67.78,19491900,37.95,82.52,26.5,20.43,260
2009-03-27,68.9,72.83,67.07,71.28,18491800,41.81,82.52,26.5,27.34,260
2009-04-03,69.71,70.63,65.72,67.31,19793500,38.85,82.52,26.5,22.05,260
2009-04-09,66.87,75.8,65.21,73.32,26699000,45.18,82.52,26.5,33.34,260
2009-04-17,72.64,78.22,72.0,76.94,15722300,48.62,82.52,26.5,39.5,260
2009-04-24,76.1,77.55,74.32,77.08,13607600,48.76,82.52,26.5,39.74,260
2009-05-01,76.45,82.24,75.68,81.59,11110100,53.02,82.52,26.5,47.33,260
2009-05-08,81.27,82.46,78.83,82.46,14299600,53.81,82.52,26.5,48.76,260
2009-05-15,81.52,81.85,79.05,79.93,11157100,51.1,82.52,26.5,43.91,260
2009-05-22,79.5,83.31,79.06,81.44,10770700,52.63,82.52,26.5,46.65,260
2009-05-29,81.11,83.98,80.634,83.63,7188400,54.85,82.52,26.5,50.61,260
2009-06-05,83.75,87.06,82.63,86.17,11628500,57.34,82.52,26.5,55.06,260
2009-06-12,84.82,86.37,81.61,82.77,11140800,53.11,82.52,26.5,47.51,260
2009-06-19,82.11,84.36,81.21,82.55,10480800,52.84,82.52,26.5,47.03,260
2009-06-26,82.34,82.79,79.14,80.97,11203300,50.83,82.52,26.5,43.44,260
2009-07-02,81.37,82.28,78.02,79.05,6863000,48.43,82.52,26.5,39.14,260
2009-07-10,78.87,80.7152,77.0,77.91,9696700,47.0,82.52,26.5,36.6,260
2009-07-17,78.05,82.92,77.67,81.09,10286700,51.3,82.52,26.5,44.28,260
2009-07-24,81.24,82.15,73.93,74.08,30228500,43.02,82.52,26.5,29.48,260
2009-07-31,74.14,76.19,73.11,74.76,16180000,43.96,82.52,26.5,31.17,260
2009-08-07,75.4,77.16,73.35,76.76,16958100,46.76,82.52,26.5,36.17,260
2009-08-14,76.68,76.73,74.11,74.59,10855600,44.18,82.52,26.5,31.56,260
2009-08-21,73.83,75.38,73.21,74.92,13307800,44.68,82.52,26.5,32.46,260
2009-08-28,75.27,75.96,73.7304,74.95,21019100,44.73,82.52,26.5,32.54,260
2009-09-04,74.9,77.0,73.45,75.28,18444000,45.3,82.52,26.5,33.56,260
2009-09-11,75.19,75.78,72.2,75.64,23788100,45.95,82.52,26.5,34.72,260
2009-09-18,74.91,80.33,74.46,80.08,22648300,53.33,82.52,26.5,47.9,260
2009-09-25,79.5,80.14,76.93,77.89,16724200,49.72,82.52,26.5,41.46,260
2009-10-02,78.27,79.32,75.09,75.37,16168900,45.88,82.52,26.5,34.59,260
2009-10-09,75.5,76.34,72.89,75.82,24669200,46.67,82.52,26.5,36.01,260
2009-10-16,75.3,75.97,73.72,75.44,15253700,46.06,82.52,26.5,34.91,260
2009-10-23,75.64,77.38,69.4,72.19,39858800,41.08,82.52,26.5,26.03,260
2009-10-30,72.53,72.53,67.39,68.79,24346600,36.62,82.52,26.5,18.07,260
2009-11-06,69.04,73.93,67.9,73.77,17759400,45.89,82.52,26.5,34.61,260
2009-11-13,74.1,76.19,73.68,76.07,15130500,49.55,82.52,26.5,41.16,260
2009-11-20,76.36,77.6,73.81,76.1,13072500,49.6,82.52,26.5,41.24,260
2009-11-27,76.62,78.67,76.12,77.1,9277200,51.27,82.52,26.5,44.21,260
2009-12-04,76.98,79.65,76.13,78.21,13493500,53.12,82.52,26.5,47.52,260
2009-12-11,78.43,79.04,74.43,76.78,15075700,50.46,82.52,26.5,42.77,260
2009-12-18,77.05,78.47,75.77,76.34,15983000,49.64,82.52,26.5,41.3,260
2009-12-24,76.39,77.41,74.95,75.11,7546200,47.31,82.52,26.5,37.15,260
2009-12-31,75.12,77.22,74.77,75.35,7063700,47.82,82.52,26.5,38.07,260
2010-01-08,75.87,77.79,73.61,75.61,20640600,48.41,82.52,26.5,39.12,260
2010-01-15,75.76,77.19,75.19,76.76,10334000,51.03,82.52,26.5,43.79,260
2010-01-22,76.8,78.7,75.5,75.58,11270200,48.32,82.52,26.5,38.95,260
2010-01-29,76.25,78.47,74.37,74.52,15241000,45.96,82.52,26.5,34.73,260
2010-02-05,75.34,77.12,74.035,75.72,18446800,49.0,82.52,26.5,40.16,260
2010-02-12,75.68,76.4193,74.47,75.58,16715500,48.65,82.52,26.5,39.55,260
2010-02-19,75.92,77.46,75.48,77.21,10079900,52.81,82.52,26.5,46.96,260
2010-02-26,77.19,78.05,75.62,77.76,12992300,54.16,82.52,26.5,49.37,260
2010-03-05,77.75,81.33,77.69,81.27,12167900,61.68,82.52,26.5,62.8,260
2010-03-12,81.19,83.35,80.32,83.09,12424800,64.89,82.52,26.5,68.54,260
2010-03-19,83.14,87.185,83.06,86.9,16260700,70.48,82.52,26.5,78.51,260
2010-03-26,85.39,86.35,83.46,84.24,11639100,62.95,82.52,26.5,65.07,260
2010-04-01,84.54,85.2281,82.89,83.88,7007300,61.98,82.52,26.5,63.35,260
2010-04-09,84.0,84.49,81.88,82.79,7396100,59.03,82.52,26.5,58.08,260
2010-04-16,82.72,83.576,81.49,82.99,8313600,59.41,82.52,26.5,58.76,260
2010-04-23,82.95,86.92,82.87,86.92,10949800,66.1,82.52,26.5,70.7,260
2010-04-30,87.03,87.06,83.8901,84.89,9291400,60.55,82.52,26.5,60.79,260
2010-05-07,85.29,86.98,78.74,81.27,13737900,52.14,82.52,26.5,45.78,260
2010-05-14,83.98,84.89,80.1,80.79,12113100,51.13,82.52,26.5,43.97,260
2010-05-21,80.97,82.71,76.06,81.16,17603000,51.91,82.52,26.5,45.36,260
2010-05-28,80.76,81.37,78.19,79.92,14715900,49.09,82.52,26.5,40.33,260
2010-06-04,79.85,80.9,77.17,77.39,8429700,43.87,82.52,26.5,31.0,260
2010-06-11,77.99,78.86,75.74,78.75,10582900,47.12,82.52,26.5,36.82,260
2010-06-18,79.25,81.6,79.25,80.69,10119400,51.45,82.52,26.5,44.55,260
2010-06-25,81.45,81.7,77.58,78.05,11092900,45.94,82.52,26.5,34.71,260
2010-07-02,78.35,78.64,73.78,74.44,11201400,39.68,82.52,26.5,23.53,260
2010-07-09,75.03,76.21,73.65,75.24,8040200,41.58,82.52,26.5,26.92,260
2010-07-16,74.94,76.23,73.83,73.93,10066000,39.39,82.52,26.5,23.02,260
2010-07-23,74.34,74.83,72.35,73.95,13385900,39.45,82.52,26.5,23.11,260
2010-07-30,73.85,76.34,73.85,75.15,12907900,42.65,82.52,26.5,28.83,260
2010-08-06,75.84,76.0,74.2,75.07,10261600,42.49,82.52,26.5,28.54,260
2010-08-13,75.18,75.74,72.0,72.72,10034300,37.95,82.52,26.5,20.43,260
2010-08-20,72.42,73.91,71.51,73.2,15535200,39.37,82.52,26.5,22.98,260
2010-08-27,73.68,73.72,70.0,72.27,10488300,37.57,82.52,26.5,19.76,260
2010-09-03,70.65,71.14,69.36,70.72,12676200,34.72,82.52,26.5,14.67,260
2010-09-10,70.66,70.7,68.62,70.38,9758800,34.11,82.52,26.5,13.58,260
2010-09-17,71.07,71.18,68.19,69.75,13306200,32.95,82.52,26.5,11.52,260
2010-09-24,70.0,73.19,69.52,73.13,13703100,43.94,82.52,26.5,31.14,260
2010-10-01,73.24,73.45,69.0,69.61,18304000,37.12,82.52,26.5,18.96,260
2010-10-08,69.63,71.5,69.25,70.1,14588100,38.55,82.52,26.5,21.51,260
2010-10-15,70.18,71.43,69.55,70.02,11839000,38.4,82.52,26.5,21.24,260
2010-10-22,69.9,71.885,67.87,71.78,18049000,43.71,82.52,26.5,30.72,260
2010-10-29,72.28,72.69,70.32,71.29,10990300,42.61,82.52,26.5,28.76,260
2010-11-05,71.71,73.7,70.395,73.27,13842600,48.28,82.52,26.5,38.89,260
2010-11-12,73.36,73.59,69.47,69.49,14389600,40.13,82.52,26.5,24.32,260
2010-11-19,69.73,70.11,67.71,69.43,23774800,40.01,82.52,26.5,24.12,260
2010-11-26,69.33,69.41,68.14,68.8,14451000,38.75,82.52,26.5,21.87,260
2010-12-03,68.0,70.1,67.68,69.18,13239500,39.98,82.52,26.5,24.06,260
2010-12-10,69.25,69.83,68.02,68.84,13933900,39.22,82.52,26.5,22.71,260
2010-12-17,68.86,70.42,68.38,70.07,12122600,43.4,82.52,26.5,30.18,260
2010-12-23,69.79,70.19,69.0,69.25,10383100,41.36,82.52,26.5,26.53,260
2010-12-31,69.0,69.96,68.65,69.91,9325700,43.66,82.52,26.5,30.63,260
2011-01-07,70.2,73.96,69.62,73.63,19778000,54.49,82.52,26.5,49.97,260
2011-01-14,73.75,74.88,73.16,74.5,17569900,56.59,82.52,26.5,53.72,260
2011-01-21,75.03,80.16,75.0,79.22,17871300,65.82,82.52,26.5,70.19,260
2011-01-28,78.88,81.0,77.52,78.2,20213400,62.72,82.52,26.5,64.65,260
2011-02-04,78.88,81.66,78.59,80.71,14128100,66.86,82.52,26.5,72.04,260
2011-02-11,80.7,82.4299,80.56,81.69,12014400,68.33,82.52,26.5,74.68,260
2011-02-18,81.77,82.09,80.1,81.81,10445100,68.52,80.36,26.5,78.02,260
2011-02-25,81.32,81.42,79.03,80.11,7282300,62.91,80.36,26.5,67.6,260
2011-03-04,80.51,80.89,78.8,79.85,9797800,62.07,80.36,26.5,66.04,260
2011-03-11,79.94,80.79,78.82,80.47,10273800,63.32,80.36,26.5,68.37,260
2011-03-18,79.74,81.49,78.2,80.53,16554500,63.45,80.25,26.5,68.74,260
2011-03-25,81.32,81.75,80.34,80.37,9195600,62.83,80.25,26.5,67.59,260
2011-04-01,80.77,81.34,79.57,80.98,9635600,64.26,80.25,26.5,70.25,260
2011-04-08,80.75,81.92,80.2,80.5,9202700,62.23,80.25,26.5,66.47,260
2011-04-15,80.34,81.22,75.81,78.19,14306400,53.47,80.25,26.5,50.17,260
2011-04-21,77.46,78.73,76.54,77.78,8790400,52.07,80.25,26.5,47.56,260
2011-04-29,77.48,79.81,77.08,79.25,11667300,56.47,80.25,26.5,55.76,260
2011-05-06,79.35,80.8,78.5,79.95,14113400,58.43,80.25,26.5,59.4,260
2011-05-13,80.02,80.51,79.24,79.59,9390300,57.01,80.25,26.5,56.76,260
2011-05-20,79.39,80.83,78.84,79.75,8496500,57.5,80.25,26.5,57.68,260
2011-05-27,79.02,79.8,76.68,77.26,11336500,48.21,80.25,26.5,40.38,260
2011-06-03,77.27,78.11,75.1,76.28,9851000,45.12,80.25,26.5,34.63,260
2011-06-10,76.2,78.02,76.1,77.3,12178000,48.8,80.25,26.5,41.48,260
2011-06-17,77.72,81.15,77.51,80.01,13446600,57.04,80.25,26.5,56.82,260
2011-06-24,79.72,80.95,78.57,79.2,11436800,54.23,80.25,26.5,51.59,260
2011-07-01,79.43,82.01,79.03,81.97,7162900,61.26,80.25,26.5,64.66,260
2011-07-08,81.63,82.23,80.31,80.51,7671500,56.35,80.25,26.5,55.53,260
2011-07-15,79.73,80.88,77.61,78.37,9431700,50.02,80.25,26.5,43.75,260
2011-07-22,78.12,80.39,76.96,79.6,7863600,53.27,80.25,26.5,49.8,260
2011-07-29,78.91,81.99,74.44,75.73,15929200,43.65,80.25,26.5,31.9,260
2011-08-05,76.11,76.11,71.3,72.82,20857500,38.08,80.25,26.5,21.55,260
2011-08-12,71.65,72.87,66.36,69.12,24518600,32.42,80.25,26.5,11.01,260
2011-08-19,69.83,71.9299,68.1701,69.39,15788700,33.2,80.25,26.5,12.46,260
2011-08-26,70.4,73.75,69.4,73.25,10078300,43.29,80.25,26.5,31.23,260
2011-09-02,73.81,75.0,71.13,71.37,10433000,40.11,80.25,26.5,25.32,260
2011-09-09,69.67,73.18,69.1,71.57,8298700,40.61,80.25,26.5,26.25,260
2011-09-16,71.51,76.21,70.5,76.03,14563900,50.52,80.25,26.5,44.68,260
2011-09-23,75.06,77.04,70.7708,72.09,20840600,43.6,80.25,26.5,31.81,260
2011-09-30,72.98,75.23,71.0,72.64,16543000,44.73,80.25,26.5,33.92,260
2011-10-07,72.58,74.7997,70.37,74.0,12535000,47.55,80.25,26.5,39.16,260
2011-10-14,75.24,77.1,74.5101,75.99,7460200,51.45,80.25,26.5,46.42,260
2011-10-21,75.75,77.4,74.235,77.4,9154100,54.06,80.25,26.5,51.27,260
2011-10-28,77.39,79.9,75.06,75.43,15290200,50.02,80.25,26.5,43.75,260
2011-11-04,75.28,77.0,73.48,76.52,12294900,52.15,80.25,26.5,47.72,260
2011-11-11,76.43,78.87,75.77,77.42,11861300,53.9,80.25,26.5,50.97,260
2011-11-18,77.33,78.14,74.39,75.1,14797200,48.93,80.25,26.5,41.74,260
2011-11-25,74.16,76.23,72.3667,75.39,15312300,49.56,80.25,26.5,42.9,260
2011-12-02,76.81,79.8,76.0,77.82,15848300,54.58,80.25,26.5,52.24,260
2011-12-09,78.56,78.66,76.42,77.42,9152400,53.63,80.25,26.5,50.48,260
2011-12-16,77.44,77.88,76.02,77.1,10720100,52.84,80.25,26.5,49.01,260
2011-12-23,77.28,81.46,76.6,81.41,9684600,61.14,80.25,26.5,64.44,260
2011-12-30,81.33,81.86,80.85,80.9,4922000,59.8,80.25,26.5,61.94,260
2012-01-06,82.12,82.99,79.05,79.98,11406700,57.35,80.25,26.5,57.4,260
2012-01-13,80.35,81.77,79.76,81.52,8252000,60.28,80.25,26.5,62.84,260
2012-01-20,82.05,83.71,81.34,82.78,7530700,62.54,80.25,26.5,67.05,260
2012-01-27,82.83,82.95,81.25,82.02,9963400,60.31,80.25,26.5,62.9,260
2012-02-03,81.32,84.73,81.29,84.59,12768200,64.88,80.25,26.5,71.39,260
2012-02-10,84.38,88.07,84.34,87.51,13086800,69.21,80.25,26.5,79.46,260
2012-02-17,87.64,88.55,86.062,87.99,12766600,69.87,72.32,26.5,94.66,260
2012-02-24,87.86,90.15,86.79,89.53,17690500,71.94,72.32,26.5,99.18,260
2012-03-02,89.52,90.0,88.0,88.5,10545700,68.54,72.32,26.5,91.77,260
2012-03-09,89.02,89.12,87.41,88.91,6518400,69.17,72.32,26.5,93.13,260
2012-03-16,88.71,91.01,88.62,89.32,8277700,69.81,72.32,26.5,94.54,260
2012-03-23,88.92,89.88,88.64,89.77,5990300,70.54,72.32,26.5,96.13,260
2012-03-30,90.23,91.09,88.83,89.86,6420000,70.69,72.32,26.5,96.46,260
2012-04-05,89.41,91.61,89.41,90.15,6376800,71.21,72.32,26.5,97.59,260
2012-04-13,89.36,90.585,87.67,89.3,7108700,67.46,72.32,26.5,89.4,260
2012-04-20,89.55,91.24,89.03,90.84,7746100,70.49,72.32,26.5,96.02,260
2012-04-27,89.99,92.24,89.94,91.3,8051800,71.35,72.32,26.5,97.89,260
2012-05-04,91.1,91.1,87.83,87.83,8318300,57.7,72.32,26.5,68.11,260
2012-05-11,87.78,88.11,85.17,85.21,8834600,49.94,72.32,26.5,51.16,260
2012-05-18,84.66,85.4,82.6,82.78,6871000,44.02,72.32,26.5,38.24,260
2012-05-25,83.25,84.23,82.19,82.71,16642600,43.86,72.32,26.5,37.89,260
2012-06-01,83.29,83.69,81.01,81.22,13364600,40.46,72.32,26.5,30.47,260
2012-06-08,81.23,83.65,80.14,83.29,9466500,46.64,72.32,26.5,43.97,260
2012-06-15,83.79,83.89,82.39,83.45,6560500,47.1,72.32,26.5,44.97,260
2012-06-22,83.48,85.61,83.34,85.35,7342000,52.33,72.32,26.5,56.37,260
2012-06-29,84.67,87.09,83.15,87.08,7481400,56.54,72.32,26.5,65.56,260
2012-07-06,87.32,87.65,86.11,86.86,4796100,55.86,72.32,26.5,64.08,260
2012-07-13,86.89,88.23,85.65,87.25,6737800,56.85,72.32,26.5,66.23,260
2012-07-20,87.01,88.8,86.16,87.71,6155700,58.03,72.32,26.5,68.83,260
2012-07-27,86.9,90.51,86.56,90.2,8769700,63.84,72.32,26.5,81.5,260
2012-08-03,89.59,90.0,87.47,89.39,9863400,60.89,72.32,26.5,75.06,260
2012-08-10,89.61,91.15,88.94,91.03,5330100,64.47,72.32,26.5,82.88,260
2012-08-17,90.71,92.5,90.54,92.4,9311600,67.18,72.32,26.5,88.78,260
2012-08-24,92.12,93.99,91.7,92.45,7960400,67.27,72.32,26.5,88.99,260
2012-08-31,92.64,93.0,90.52,91.14,5729000,62.05,72.32,26.5,77.6,260
2012-09-07,91.19,92.98,90.01,92.18,4743300,64.41,72.32,26.5,82.75,260
2012-09-14,91.79,93.45,91.72,92.52,5882300,65.18,72.32,26.5,84.42,260
2012-09-21,92.29,92.95,91.05,91.29,11928100,60.15,72.32,26.5,73.45,260
2012-09-28,91.35,93.7,90.386,93.38,7793800,65.08,72.32,26.5,84.2,260
2012-10-05,93.37,94.9,92.28,94.37,6948700,67.15,71.94,26.5,89.46,260
2012-10-12,94.2,94.82,92.48,92.96,3938000,61.55,71.94,26.5,77.13,260
2012-10-19,92.75,94.4,92.4199,92.89,6110100,61.28,71.94,26.5,76.53,260
2012-10-26,92.65,94.96,91.386,92.84,6577100,61.07,71.94,26.5,76.07,260
2012-11-02,94.45,94.86,93.03,93.72,4724000,63.43,71.94,26.5,81.26,260
2012-11-09,93.49,95.92,89.16,89.98,10861500,49.65,71.94,26.5,50.96,260
2012-11-16,89.82,91.07,87.08,88.46,8984200,45.35,71.94,26.5,41.47,260
2012-11-23,88.83,91.9,88.65,91.83,5054800,54.73,71.94,26.5,62.12,260
2012-11-30,92.31,94.1,91.75,93.3,9228600,58.1,71.94,26.5,69.55,260
2012-12-07,93.25,93.425,90.7,91.9,8483800,53.97,71.94,26.5,60.46,260
2012-12-14,91.75,93.0,88.84,88.96,8200400,46.5,71.94,26.5,44.01,260
2012-12-21,89.19,93.67,88.79,93.13,15515900,55.84,71.94,26.5,64.57,260
2012-12-28,93.15,93.18,91.09,91.34,4982500,51.67,71.94,26.5,55.39,260
2013-01-04,90.8,94.31,89.72,93.9,7812200,56.66,71.94,26.5,66.36,260
2013-01-11,93.43,94.77,92.455,93.71,6774700,56.19,71.94,26.5,65.34,260
2013-01-18,93.09,95.0,93.04,93.97,6998300,56.71,71.94,26.5,66.49,260
2013-01-25,94.0,96.52,92.28,92.39,11526300,52.61,71.94,26.5,57.47,260
2013-02-01,92.49,92.49,86.37,87.22,22783400,41.93,71.94,26.5,33.96,260
2013-02-08,86.54,88.23,86.37,88.01,12150000,43.81,71.94,26.5,38.09,260
2013-02-15,87.99,88.01,85.88,87.87,10391100,43.54,71.94,26.5,37.5,260
2013-02-22,87.95,88.67,87.1,88.12,14131000,44.2,71.94,26.5,38.95,260
2013-03-01,88.43,89.08,85.91,88.17,29719400,44.34,71.94,26.5,39.25,260
2013-03-08,87.84,90.2,86.51,89.99,8130100,49.31,71.94,26.5,50.2,260
2013-03-15,89.79,92.8,89.7,92.74,10695000,55.75,71.94,26.5,64.37,260
2013-03-22,91.81,93.57,91.65,92.26,7938400,54.45,71.94,26.5,61.51,260
2013-03-28,92.61,96.59,91.91,96.52,9026800,62.75,71.94,26.5,79.78,260
2013-04-05,96.14,96.46,94.0,94.53,10489700,57.48,71.94,26.5,68.18,260
2013-04-12,94.58,97.57,94.04,97.18,7105500,62.05,71.94,26.5,78.24,260
2013-04-19,96.56,97.15,94.54,96.28,7812400,59.7,71.94,26.5,73.07,260
2013-04-26,96.6,99.49,95.67,98.97,9525700,64.08,71.94,26.5,82.7,260
2013-05-03,98.99,102.15,98.34,102.01,9164600,68.27,71.94,26.5,91.92,260
2013-05-10,101.72,102.89,101.06,101.94,9102200,68.07,71.94,26.5,91.49,260
2013-05-17,101.88,106.41,101.32,106.41,8841300,73.36,73.36,26.5,100.0,260
2013-05-24,105.93,107.93,105.46,107.06,14640000,74.03,74.03,26.5,100.0,260
2013-05-31,107.76,108.8,105.83,105.83,10970900,70.41,74.03,26.5,92.37,260
2013-06-07,106.0,107.46,103.04,107.36,8402800,72.23,74.03,26.5,96.21,260
2013-06-14,107.44,108.46,105.22,107.7,6728900,72.63,74.03,26.5,97.05,260
2013-06-21,108.25,109.26,105.0,105.06,9794400,64.77,74.03,26.5,80.51,260
2013-06-28,104.71,108.86,103.51,108.46,9807000,69.37,74.03,26.5,90.19,260
2013-07-05,108.46,108.851,105.54,108.66,4479500,69.62,74.03,26.5,90.72,260
2013-07-12,109.05,113.57,108.72,112.53,6228100,74.05,74.05,26.5,100.0,260
2013-07-19,112.75,115.63,112.461,115.55,6623200,76.89,76.89,26.5,100.0,260
2013-07-26,115.8,120.38,115.18,120.0,10502500,80.3,80.3,26.5,100.0,260
2013-08-02,118.82,124.08,118.81,123.77,8244500,82.64,82.64,26.5,100.0,260
2013-08-09,123.55,125.0,123.23,124.02,6802500,82.79,82.79,26.5,100.0,260
2013-08-16,123.84,124.3,121.7,122.2,6495100,77.67,82.79,26.5,90.9,260
2013-08-23,121.92,126.3,121.25,126.0,13838100,80.4,82.79,26.5,95.74,260
2013-08-30,126.0,126.729,121.72,122.42,7014600,71.53,82.79,26.5,80.0,260
2013-09-06,123.35,124.88,122.54,123.73,5885500,72.72,82.79,26.5,82.1,260
2013-09-13,123.97,127.39,123.82,127.25,6575300,75.65,82.79,26.5,87.32,260
2013-09-20,128.21,131.6,127.9,128.0,7662200,76.24,82.79,26.5,88.36,260
2013-09-27,128.12,129.95,127.0,129.24,6344700,77.21,82.79,26.5,90.09,260
2013-10-04,128.08,128.58,121.52,122.5,11329000,62.24,82.79,26.5,63.48,260
2013-10-11,122.17,126.7,121.75,126.17,7145100,66.09,82.79,26.5,70.34,260
2013-10-18,125.84,129.61,125.33,128.9,5699300,68.66,82.79,26.6,74.85,260
2013-10-25,128.9,134.19,125.085,134.0,10610500,72.8,82.79,26.6,82.21,260
2013-11-01,133.76,136.84,132.87,134.55,7395100,73.21,82.79,26.6,82.94,260
2013-11-08,135.0,138.15,134.91,138.11,5207800,75.76,82.79,26.6,87.49,260
2013-11-15,137.92,138.4,135.54,137.45,7111700,74.35,82.79,26.6,84.97,260
2013-11-22,137.62,140.94,136.99,140.88,11282400,76.77,82.79,26.6,89.29,260
2013-11-29,141.16,144.43,140.8,141.67,12284700,77.3,82.79,26.6,90.24,260
2013-12-06,141.85,142.5,135.3856,138.19,8434700,69.72,82.79,26.6,76.74,260
2013-12-13,138.5,139.8599,137.22,139.03,5961200,70.48,82.79,26.6,78.08,260
2013-12-20,139.13,144.93,139.03,144.21,8199200,74.66,82.79,26.6,85.53,260
2013-12-27,144.95,149.99,144.74,148.13,4742800,77.28,82.79,26.6,90.2,260
2014-01-03,148.04,148.86,145.84,147.06,3487900,75.0,82.79,26.6,86.14,260
2014-01-10,147.3,150.43,146.1,149.45,6934000,76.66,82.79,26.6,89.09,260
2014-01-17,153.7,154.35,149.19,153.82,11714000,79.36,82.79,26.6,93.89,260
2014-01-24,154.0,158.43,146.68,147.76,12361500,67.68,82.79,26.6,73.1,260
2014-01-31,148.12,151.99,145.12,150.91,12578200,70.14,82.79,26.6,77.48,260
2014-02-07,150.54,155.7,144.69,155.13,11386800,73.09,82.79,26.6,82.74,260
2014-02-14,154.75,163.24,153.515,162.89,11486300,77.5,82.79,26.6,90.58,260
2014-02-21,161.53,165.89,161.53,164.33,8237800,78.21,82.79,26.6,91.85,260
2014-02-28,165.62,168.41,159.512,162.3,12811500,74.62,82.79,29.8,84.59,260
2014-03-07,160.82,167.87,160.52,166.57,8128200,77.01,82.79,32.42,88.53,260
2014-03-14,165.69,166.7,162.0,162.42,7409100,70.1,82.79,32.42,74.81,260
2014-03-21,163.44,165.09,157.4,157.4,12663200,62.76,82.79,32.42,60.24,260
2014-03-28,158.53,162.09,157.01,160.54,8445000,65.22,82.79,32.42,65.11,260
2014-04-04,162.25,165.13,159.4228,159.61,6368000,63.87,82.79,32.42,62.44,260
2014-04-11,159.38,160.6107,153.54,153.82,7745800,56.13,82.79,32.42,47.07,260
2014-04-17,155.0,160.49,154.21,160.25,5229400,61.68,82.79,32.42,58.1,260
2014-04-25,163.24,164.71,155.82,161.09,10041900,62.36,82.79,32.42,59.43,260
2014-05-02,161.33,164.84,159.8,163.9,6629200,64.59,82.79,32.42,63.86,260
2014-05-09,163.5,165.37,162.5733,165.18,5008000,65.59,82.79,32.42,65.85,260
2014-05-16,165.5,168.0,162.01,162.1,5986200,61.11,82.79,32.42,56.96,260
2014-05-23,162.15,163.24,159.89,162.64,5713900,61.61,82.79,32.42,57.94,260
2014-05-30,163.13,164.6,160.58,163.65,6736400,62.57,82.79,32.42,59.85,260
2014-06-06,163.88,167.23,162.63,167.17,4621900,65.78,82.79,32.42,66.22,260
2014-06-13,166.21,168.87,162.18,164.04,5258500,60.78,82.79,32.42,56.31,260
2014-06-20,163.86,165.7,162.05,165.4,5684300,62.13,82.79,32.42,58.98,260
2014-06-27,165.27,165.81,160.51,162.7,4721000,57.89,82.79,32.42,50.56,260
2014-07-03,162.76,162.83,158.2034,159.9,4589700,53.78,82.79,32.42,42.41,260
2014-07-11,159.25,160.62,156.23,160.31,4852300,54.29,82.79,32.42,43.42,260
2014-07-18,160.78,163.485,160.5,162.49,5570200,57.01,82.79,32.42,48.83,260
2014-07-25,162.0,170.69,161.19,170.04,8914100,64.82,82.79,32.42,64.33,260
2014-08-01,169.99,171.36,166.19,167.12,7601700,60.26,82.79,32.42,55.28,260
2014-08-08,167.56,169.16,162.5201,165.8,6581400,58.27,82.79,32.42,51.32,260
2014-08-15,166.86,170.5,165.26,169.16,4755300,61.74,82.79,32.42,58.21,260
2014-08-22,170.2,176.13,170.04,175.15,4848200,67.01,82.79,32.42,68.67,260
2014-08-29,175.75,177.19,173.74,174.0,6005900,65.16,82.79,32.42,64.99,260
2014-09-05,175.14,175.64,172.37,174.58,5095100,65.67,82.79,32.42,66.02,260
2014-09-12,174.52,176.35,173.58,174.43,6613900,65.4,82.79,32.42,65.48,260
2014-09-19,174.42,181.22,173.9181,180.74,5954600,70.83,82.79,32.42,76.26,260
2014-09-26,179.72,182.27,175.92,181.58,7123763,71.48,82.79,32.42,77.54,260
2014-10-03,181.8,184.09,175.79,178.34,9398278,65.49,82.79,32.42,65.65,260
2014-10-10,179.62,179.7,171.833,174.47,7597732,59.12,82.79,32.42,53.0,260
2014-10-17,173.97,177.89,170.26,176.24,9574993,60.99,82.79,32.42,56.71,260
2014-10-24,175.93,181.76,166.28,181.33,13961249,65.83,82.79,32.42,66.32,260
2014-10-31,181.69,191.922,180.7,190.57,7831375,72.5,82.79,32.42,79.56,260
2014-11-07,191.3,192.94,184.91,186.15,8122108,65.87,82.79,32.42,66.41,260
2014-11-14,186.46,189.05,185.76,186.6,5623135,66.21,82.79,32.42,67.09,260
2014-11-21,186.69,188.28,184.393,187.93,6452902,67.24,82.79,32.42,69.14,260
2014-11-28,188.28,192.5828,187.13,191.56,5196578,69.95,82.79,32.42,74.5,260
2014-12-05,190.93,191.88,188.47,189.87,6715465,67.17,82.79,32.42,68.99,260
2014-12-12,190.0,190.75,184.78,185.18,6438767,60.04,82.79,32.42,54.83,260
2014-12-19,185.59,194.24,182.405,192.85,8301555,66.33,82.79,32.42,67.33,260
2014-12-26,193.4,198.72,193.4,196.84,3047276,69.06,82.79,32.42,72.75,260
2015-01-02,196.93,196.93,191.04,193.31,2750897,64.11,82.79,32.42,62.91,260
2015-01-09,192.9,197.07,186.8,195.02,7044363,65.4,82.79,32.42,65.48,260
2015-01-16,195.51,198.4399,191.63,194.71,5075983,64.95,82.79,32.42,64.58,260
2015-01-23,196.63,198.88,193.01,197.44,4446047,67.13,82.79,32.42,68.9,260
2015-01-30,196.25,196.92,187.1,188.37,9158780,54.91,82.79,32.42,44.65,260
2015-02-06,188.41,196.95,186.01,195.24,6593009,60.74,82.79,32.42,56.22,260
2015-02-13,194.35,198.39,192.703,196.95,6400661,62.05,82.79,32.42,58.83,260
2015-02-20,196.53,204.0,195.77,203.99,5004196,66.96,82.79,32.42,68.57,260
2015-02-27,204.0,207.06,200.0,200.05,8029991,62.12,82.79,32.42,58.96,260
2015-03-06,200.67,203.13,196.71,197.66,5294318,59.32,82.79,32.42,53.4,260
2015-03-13,197.42,200.49,195.601,197.11,5131666,58.66,82.79,32.42,52.1,260
2015-03-20,198.22,204.04,198.1,203.77,8124201,63.87,82.79,32.42,62.44,260
2015-03-27,203.33,204.59,196.26,202.23,6372886,61.93,82.79,32.42,58.58,260
2015-04-02,203.5,206.19,197.43,198.72,5596158,57.63,82.79,32.42,50.04,260
2015-04-10,199.33,202.55,197.85,200.4,5503249,59.09,82.79,32.42,52.95,260
2015-04-17,200.03,201.1299,193.94,194.82,7167688,52.59,82.79,32.42,40.04,260
2015-04-24,195.28,198.93,195.0,195.37,6311527,53.14,82.79,32.42,41.13,260
2015-05-01,195.64,196.58,185.65,189.0,7354280,46.45,82.79,32.42,27.85,260
2015-05-08,189.2,191.035,185.91,190.48,5090279,48.08,82.79,32.42,31.09,260
2015-05-15,189.81,193.8099,188.55,192.36,5115689,50.16,82.79,32.42,35.23,260
2015-05-22,192.45,194.31,192.16,192.86,4186197,50.73,82.79,32.42,36.35,260
2015-05-29,192.68,192.68,187.62,188.2,5562931,45.54,82.79,32.42,26.05,260
2015-06-05,189.48,192.3299,188.37,189.33,8056395,46.96,82.79,32.42,28.86,260
2015-06-12,189.34,191.54,188.84,190.98,6178472,49.04,82.79,32.42,33.0,260
2015-06-19,190.0,194.49,188.8901,191.14,4821234,49.25,82.79,32.42,33.41,260
2015-06-26,191.95,192.98,188.51,188.64,4908751,46.08,82.79,32.42,27.12,260
2015-07-02,187.59,188.79,185.33,187.3,4452400,44.43,82.79,32.42,23.84,260
2015-07-10,186.73,197.0,186.42,194.19,6839382,53.63,82.79,32.42,42.1,260
2015-07-17,196.0,201.81,195.61,201.18,5202655,60.73,82.79,32.42,56.2,260
2015-07-24,202.31,205.39,200.68,201.04,7242788,60.53,82.79,32.42,55.81,260
2015-07-31,200.36,210.41,199.38,207.1,7285761,65.78,82.79,32.42,66.23,260
2015-08-07,207.27,210.75,206.062,209.09,5486859,67.32,82.79,32.42,69.28,260
2015-08-14,210.04,212.08,206.75,211.96,4903677,69.45,82.79,32.42,73.52,260
2015-08-21,210.88,213.34,204.57,204.68,6298837,58.95,82.79,32.42,52.66,260
2015-08-28,190.01,206.94,181.91,203.9,11420902,57.93,82.79,32.42,50.65,260
2015-09-04,203.02,206.46,197.016,202.62,6816344,56.23,82.79,32.42,47.27,260
2015-09-11,204.18,209.24,203.71,206.81,4886996,60.34,82.79,32.42,55.44,260
2015-09-18,207.03,210.53,202.65,203.31,7185272,55.64,82.79,32.42,46.1,260
2015-09-25,204.35,206.78,199.56,203.89,5766707,56.25,82.79,32.42,47.31,260
2015-10-02,202.55,207.71,199.01,206.61,7292681,59.08,82.79,32.42,52.93,260
2015-10-09,208.3,216.27,207.7037,213.26,6222998,65.05,82.79,32.42,64.77,260
2015-10-16,213.61,214.63,207.51,209.78,5910400,60.11,82.79,32.42,54.97,260
2015-10-23,209.24,219.42,205.14,219.32,7061335,67.41,82.79,32.42,69.47,260
2015-10-30,219.32,225.15,217.77,219.83,8327178,67.75,82.79,32.42,70.14,260
2015-11-06,219.89,221.0,215.04,216.63,5507870,63.29,82.79,32.42,61.29,260
2015-11-13,215.77,216.525,211.78,213.16,6372004,58.77,82.79,32.42,52.32,260
2015-11-20,214.31,226.98,214.08,226.06,7515907,67.94,82.79,32.42,70.51,260
2015-11-27,226.5,227.91,224.31,225.91,5304354,67.75,82.79,32.42,70.14,260
2015-12-04,223.6,223.68,214.69,218.39,9053202,58.92,82.79,32.42,52.61,260
2015-12-11,218.34,220.255,216.61,217.2,6498319,57.64,82.79,32.42,50.07,260
2015-12-18,215.99,218.765,211.85,212.18,8252832,52.46,82.79,32.42,39.79,260
2015-12-24,213.8,218.999,213.52,218.56,3229111,57.67,82.79,32.42,50.12,260
2015-12-31,218.08,221.35,215.78,217.15,3172528,56.2,82.79,32.42,47.21,260
2016-01-08,214.0,221.0,211.39,212.91,8586974,51.93,82.79,32.42,38.73,260
2016-01-15,215.07,219.62,211.99,215.99,10008771,54.63,82.79,32.42,44.09,260
2016-01-22,216.69,220.78,207.62,212.04,8459249,50.7,82.79,32.42,36.29,260
2016-01-29,211.84,212.75,200.47,211.0,13385562,49.68,82.79,32.42,34.27,260
2016-02-05,209.26,213.64,207.64,211.94,8998744,50.64,82.79,32.42,36.18,260
2016-02-12,209.33,217.44,203.65,206.08,11202740,44.89,82.79,32.42,24.76,260
2016-02-19,207.52,215.5,206.85,213.62,5006313,52.39,82.79,32.42,39.64,260
2016-02-26,214.78,220.14,213.5,217.24,6258639,55.51,82.79,32.42,45.85,260
2016-03-04,216.67,219.08,214.88,218.72,5407738,56.76,82.79,32.42,48.33,260
2016-03-11,217.5,218.89,210.9,217.05,6549128,54.89,82.79,32.42,44.61,260
2016-03-18,215.62,221.09,214.81,220.91,6242853,58.32,82.79,32.42,51.41,260
2016-03-24,220.41,223.19,217.14,218.0,4175389,54.93,82.79,32.42,44.69,260
2016-04-01,218.81,223.86,218.34,223.11,4757252,59.39,82.79,32.42,53.54,260
2016-04-08,223.22,228.0,222.82,226.3,5366835,61.92,82.79,32.42,58.57,260
2016-04-15,226.05,227.16,224.11,225.81,4540503,61.29,82.79,32.42,57.32,260
2016-04-22,225.65,228.12,225.3,226.83,4468376,62.16,82.79,32.42,59.04,260
2016-04-29,226.04,234.59,225.34,232.38,6297065,66.55,82.79,32.42,67.75,260
2016-05-06,232.74,240.5,231.365,240.26,5896967,71.59,82.79,32.42,77.76,260
2016-05-13,240.26,245.37,239.52,242.12,5814213,72.63,82.79,32.42,79.84,260
2016-05-20,241.21,243.994,237.79,240.07,5047006,69.59,82.79,32.42,73.79,260
2016-05-27,240.43,242.0,239.04,240.09,3770177,69.6,82.79,32.42,73.81,260
2016-06-03,239.74,240.605,235.36,238.92,5956862,67.72,82.79,32.42,70.08,260
2016-06-10,238.52,241.7,238.52,240.58,4720874,69.0,82.79,32.42,72.62,260
2016-06-17,240.01,240.7,236.661,237.56,5818682,64.03,82.79,32.42,62.76,260
2016-06-24,239.2,242.87,234.75,239.7,7224091,65.91,82.79,32.42,66.48,260
2016-07-01,238.78,249.923,236.07,249.35,8526392,72.79,82.79,32.42,80.14,260
2016-07-08,248.8,252.295,247.88,251.9,4759154,74.27,82.79,32.42,83.08,260
2016-07-15,252.38,257.935,251.92,256.98,22069666,76.95,82.79,32.42,88.41,260
2016-07-22,257.78,263.37,251.6,257.31,15293849,77.12,82.79,32.42,88.75,260
2016-07-29,256.82,257.28,252.05,252.73,10905144,69.58,82.79,32.42,73.77,260
2016-08-05,252.63,260.29,252.3,260.29,24518902,74.09,82.79,33.2,82.45,260
2016-08-12,260.0,265.34,258.79,264.15,54819870,76.04,82.79,40.11,84.18,260
2016-08-19,264.22,266.93,251.55,254.12,26418369,62.8,82.79,40.11,53.17,260
2016-08-26,254.37,256.42,243.65,244.44,34059836,53.18,82.79,40.46,30.06,260
2016-09-02,245.0,246.08,238.6,243.32,9244559,52.19,82.79,40.46,27.7,260
2016-09-09,244.24,244.49,237.89,237.94,5669989,47.58,82.79,40.46,16.81,260
2016-09-16,236.5,239.5,235.28,237.45,9091999,47.17,82.79,40.46,15.85,260
2016-09-23,239.3,247.03,239.08,245.84,6156533,54.39,82.79,40.46,32.91,260
2016-09-30,245.71,247.48,237.33,239.72,6480994,49.12,82.79,40.46,20.45,260
2016-10-07,238.71,241.2999,231.57,233.53,8004559,44.43,82.79,40.46,9.36,260
2016-10-14,233.82,234.93,231.05,232.57,5500073,43.73,82.79,40.46,7.71,260
2016-10-21,232.68,239.6,228.5,230.52,5129649,42.2,82.79,40.46,4.11,260
2016-10-28,231.5,252.0,230.92,248.0,8960783,56.22,82.79,40.46,37.22,260
2016-11-04,248.24,248.81,236.2064,236.28,6563025,47.84,82.79,40.46,17.43,260
2016-11-11,239.83,259.73,237.52,259.17,11449291,60.29,82.79,40.46,46.84,260
2016-11-18,261.23,269.74,260.8,263.09,8045129,61.96,82.79,40.46,50.79,260
2016-11-25,264.05,266.49,262.64,265.92,3903441,63.17,82.79,40.46,53.64,260
2016-12-02,265.73,268.15,263.71,267.62,6008158,63.91,82.79,40.46,55.39,260
2016-12-09,268.95,269.9,258.06,259.53,7998870,57.94,82.79,40.46,41.28,260
2016-12-16,251.78,255.5,245.5,250.08,15436824,51.84,82.79,40.46,26.89,260
2016-12-23,249.54,254.5,247.01,249.59,5678338,51.54,82.79,40.46,26.17,260
2016-12-30,250.78,251.915,248.52,249.94,3755532,51.76,82.79,40.46,26.68,260
2017-01-06,251.2,258.57,250.76,257.85,5271202,56.49,82.79,40.46,37.87,260
2017-01-13,258.0,258.99,251.31,254.53,6142597,54.09,82.79,40.46,32.2,260
2017-01-20,253.46,258.08,252.06,257.73,4617082,56.03,82.79,40.46,36.78,260
2017-01-27,258.15,259.74,248.0,253.5,11474690,52.85,82.79,40.46,29.27,260
2017-02-03,254.33,256.46,249.96,254.46,6872498,53.5,82.79,40.46,30.8,260
2017-02-10,254.43,260.916,254.11,260.55,4551103,57.47,82.79,40.46,40.18,260
2017-02-17,261.05,265.43,261.02,265.35,4536522,60.35,82.79,40.46,46.97,260
2017-02-24,264.81,266.31,263.18,266.0,3607374,60.73,82.79,40.46,47.89,260
2017-03-03,265.0,270.0,264.2,267.76,6401505,61.82,82.79,40.46,50.46,260
2017-03-10,267.43,269.9,266.8,268.66,3899532,62.39,82.79,40.46,51.81,260
2017-03-17,268.51,272.18,267.13,271.98,5379102,64.51,82.79,40.46,56.81,260
2017-03-24,272.16,274.57,266.725,267.42,5380552,59.55,82.79,40.46,45.1,260
2017-03-31,265.65,270.93,264.041,267.6,4606818,59.68,82.79,40.46,45.41,260
2017-04-07,267.6,272.34,266.32,270.23,4077917,61.65,82.79,40.46,50.05,260
2017-04-13,270.19,271.36,268.0,268.0,3253111,59.02,82.79,40.46,43.85,260
2017-04-21,268.13,274.49,267.91,273.09,4161160,62.91,82.79,40.46,53.03,260
2017-04-28,275.54,276.64,267.675,269.45,7406579,58.63,82.79,40.46,42.91,260
2017-05-05,269.55,273.1,268.0,273.03,3707354,61.41,82.79,40.46,49.48,260
2017-05-12,272.92,274.22,270.17,271.26,3699293,59.29,82.79,40.46,44.47,260
2017-05-19,271.28,273.26,266.01,272.79,4664397,60.55,82.79,40.46,47.47,260
2017-05-26,280.79,284.0,276.1,283.65,5026963,68.14,82.79,41.93,64.16,260
2017-06-02,281.83,282.89,279.27,281.76,3863248,65.77,82.79,41.93,58.35,260
2017-06-09,281.5,282.3,276.24,277.0,4299404,60.1,82.79,41.93,44.46,260
2017-06-16,277.09,282.32,273.73,281.11,4202403,63.06,82.79,41.93,51.72,260
2017-06-23,281.75,284.98,280.03,280.64,4208012,62.49,82.79,41.93,50.32,260
2017-06-30,281.17,283.2,274.69,277.61,4560493,58.79,82.79,41.93,41.26,260
2017-07-07,277.39,286.95,277.2,285.2,3259750,64.47,82.79,41.93,55.15,260
2017-07-14,285.5,288.77,284.22,288.13,4642433,66.39,82.79,41.93,59.86,260
2017-07-21,288.5,292.97,286.03,289.12,6624342,67.04,82.79,41.93,61.45,260
2017-07-28,289.47,292.07,286.17,290.41,4624890,67.91,82.79,41.93,63.58,260
2017-08-04,291.42,297.0,291.03,297.0,4927309,71.98,82.79,41.93,73.54,260
2017-08-11,297.31,307.1,296.6,303.75,5787790,75.42,82.79,41.93,81.95,260
2017-08-18,305.45,308.48,298.821,299.2,5476046,69.25,82.79,41.93,66.86,260
2017-08-25,300.0,305.48,297.77,302.8,3728618,71.25,82.79,41.93,71.76,260
2017-09-01,303.73,308.18,302.19,302.19,5526025,70.41,82.79,41.93,69.71,260
2017-09-08,304.45,304.53,300.24,302.9,4668672,70.84,82.79,41.93,70.76,260
2017-09-15,303.7,304.76,298.4,302.3,6157147,69.92,82.79,41.93,68.5,260
2017-09-22,302.86,311.36,302.4,308.54,5499736,73.75,82.79,41.93,77.88,260
2017-09-29,308.48,311.32,304.71,310.29,4780454,74.73,82.79,41.93,80.26,260
2017-10-06,310.79,316.46,309.27,316.46,4371480,77.84,82.79,41.93,87.89,260
2017-10-13,316.62,322.19,315.5,319.39,4482960,79.16,82.79,41.93,91.11,260
2017-10-20,319.74,320.67,313.02,320.0,3994105,79.43,82.79,41.93,91.78,260
2017-10-27,321.06,321.56,303.31,308.0,7775645,62.15,82.79,41.93,49.48,260
2017-11-03,308.5,311.8522,306.11,309.99,4373543,63.56,82.79,41.93,52.94,260
2017-11-10,309.72,315.7,308.68,311.17,3841213,64.41,82.79,41.93,55.02,260
2017-11-17,311.0,314.0,309.5,309.7,3383877,62.46,82.79,41.93,50.24,260
2017-11-24,310.2,317.62,310.01,315.82,2766743,66.95,82.79,41.93,61.24,260
2017-12-01,316.0,321.21,311.13,313.57,7146868,63.92,82.79,41.93,53.82,260
2017-12-08,315.94,316.56,310.07,315.85,5144185,65.62,82.79,41.93,57.98,260
2017-12-15,315.45,323.38,314.91,322.82,5242273,70.24,82.79,41.93,69.27,260
2017-12-22,323.59,323.94,317.01,318.03,4506628,63.89,82.79,41.93,53.74,260
2017-12-29,318.36,323.15,317.97,321.05,2446104,65.98,82.79,41.93,58.85,260
2018-01-05,322.0,330.18,317.5,329.68,4657860,71.11,82.79,41.93,71.42,260
2018-01-12,328.96,336.35,327.81,336.25,5905247,74.3,82.79,41.93,79.21,260
2018-01-19,336.35,336.67,330.0,332.0,4817816,69.0,82.79,41.93,66.25,260
2018-01-26,331.77,345.11,327.42,344.9,7517494,74.86,82.79,42.2,80.46,260
2018-02-02,350.0,361.79,342.15,352.66,10246090,77.6,82.79,42.2,87.21,260
2018-02-09,348.63,353.99,326.11,341.42,12496741,66.32,82.79,42.2,59.42,260
2018-02-16,344.54,363.0,340.1,360.53,6985002,73.4,82.79,42.2,76.86,260
2018-02-23,359.15,362.98,353.84,358.69,4739702,71.83,82.79,42.2,73.0,260
2018-03-02,360.0,362.32,335.05,341.72,7503994,59.27,82.79,42.2,42.06,260
2018-03-09,339.83,343.99,334.1,340.49,7049539,58.48,82.79,42.2,40.09,260
2018-03-16,341.0,341.35,327.58,331.4,12021316,52.82,82.79,42.2,26.15,260
2018-03-23,330.3,344.14,325.79,336.31,8330132,55.33,82.79,42.2,32.34,260
2018-03-29,342.4,345.94,333.22,337.93,5221669,56.16,82.79,42.2,34.39,260
2018-04-06,337.06,346.93,327.5,334.66,7051993,53.98,82.79,42.2,29.02,260
2018-04-13,337.48,346.25,335.46,342.6,5317906,58.22,82.79,42.2,39.47,260
2018-04-20,344.87,355.0,344.55,351.99,5013681,62.61,82.79,42.2,50.28,260
2018-04-27,352.79,361.99,320.56,322.03,12218641,46.0,82.79,42.2,9.36,260
2018-05-04,322.35,325.46,300.5,311.44,12541419,41.78,82.79,41.78,0.0,260
2018-05-11,312.23,329.02,312.09,324.04,8572804,47.91,82.79,41.78,14.93,260
2018-05-18,323.25,323.98,317.0,320.45,5439733,46.41,82.79,41.78,11.28,260
2018-05-25,322.5,329.13,314.13,320.8,6339032,46.58,82.79,41.78,11.71,260
2018-06-01,319.67,321.81,314.47,316.63,4400747,44.71,82.79,41.78,7.13,260
2018-06-08,317.11,322.6,316.22,322.31,5161969,47.79,82.79,41.78,14.65,260
2018-06-15,322.12,322.62,306.34,310.14,7850779,42.34,82.79,41.78,1.36,260
2018-06-22,307.38,310.0,298.1,299.38,7626087,38.19,82.79,38.19,0.0,260
2018-06-29,297.35,303.33,291.52,295.43,7831342,36.77,82.79,36.77,0.0,260
2018-07-06,294.17,303.16,292.32,299.19,3738601,39.1,82.79,36.77,5.06,260
2018-07-13,301.0,319.5,300.36,318.37,6612589,49.34,82.79,36.77,27.32,260
2018-07-20,319.38,323.38,316.12,322.55,5360087,51.27,82.79,36.77,31.5,260
2018-07-27,322.55,329.65,313.0,324.09,9962772,51.99,82.79,36.77,33.07,260
2018-08-03,324.1,326.43,319.11,320.55,5415263,50.15,80.4,36.77,30.66,260
2018-08-10,318.61,318.61,311.39,313.12,5878340,46.43,80.4,36.77,22.14,260
2018-08-17,312.51,327.42,312.0,325.23,5679397,52.6,79.43,36.77,37.1,260
2018-08-24,325.26,325.97,318.72,321.29,4227002,50.56,79.43,36.77,32.32,260
2018-08-31,322.07,326.49,317.01,320.41,4988734,50.09,79.43,36.77,31.22,260
2018-09-07,320.0,330.88,317.6,328.53,4458820,54.29,79.43,36.77,41.07,260
2018-09-14,328.72,336.5,320.3,335.8,6155689,57.72,79.43,36.77,49.11,260
2018-09-21,336.5,345.77,329.01,337.66,7917464,58.58,79.43,36.77,51.12,260
2018-09-28,336.81,348.0,334.3,345.96,6694770,62.25,79.43,36.77,59.73,260
2018-10-05,347.09,351.35,344.87,347.21,5100524,62.79,79.43,36.77,60.99,260
2018-10-12,346.89,350.49,322.6,327.62,6836763,50.66,79.43,36.77,32.56,260
2018-10-19,327.93,337.4,325.04,328.14,5470482,50.93,79.43,36.77,33.19,260
2018-10-26,331.62,334.77,301.66,305.05,11062358,40.34,79.43,36.77,8.36,260
2018-11-02,309.5,309.5,283.21,299.28,11237636,38.2,79.43,36.77,3.35,260
2018-11-09,302.0,314.16,300.59,313.12,5930103,45.64,79.43,36.77,20.8,260
2018-11-16,313.2,314.23,299.74,301.24,5984599,41.07,79.43,36.77,10.08,260
2018-11-23,301.09,301.09,288.56,295.38,4630006,39.0,79.43,36.77,5.22,260
2018-11-30,297.04,304.98,289.6,300.43,10590907,41.73,79.43,36.77,11.62,260
2018-12-07,304.94,305.33,277.2,285.4,8174302,36.49,79.43,36.49,0.0,260
2018-12-14,289.93,303.25,286.62,287.7,8311592,37.78,79.43,36.49,3.0,260
2018-12-21,286.2,286.79,255.3,256.55,11140569,29.16,79.43,29.16,0.0,260
2018-12-28,253.03,264.8298,241.18,261.26,7498566,31.69,79.43,29.16,5.05,260
2019-01-04,262.15,265.49,256.79,265.04,4859883,33.75,79.43,29.16,9.13,260
2019-01-11,266.0,277.76,263.86,277.73,7493151,40.24,79.43,29.16,22.04,260
2019-01-18,276.67,285.37,270.63,282.87,7222880,42.68,79.43,29.16,26.91,260
2019-01-25,281.39,289.3,278.0,287.04,5584327,44.66,79.43,29.16,30.85,260
2019-02-01,285.0,293.99,281.0,290.58,7655737,46.36,79.43,29.16,34.22,260
2019-02-08,290.9,302.98,290.11,301.5,6070370,51.31,79.43,29.16,44.07,260
2019-02-15,301.78,307.33,298.8,307.23,4613218,53.73,79.43,29.16,48.87,260
2019-02-22,305.97,307.36,303.28,307.13,3426849,53.68,79.43,29.16,48.77,260
2019-03-01,308.89,311.75,304.11,309.47,6345035,54.74,79.43,29.16,50.89,260
2019-03-08,311.78,311.78,297.42,300.95,5167408,50.22,79.43,29.16,41.9,260
2019-03-15,299.62,305.31,293.77,296.15,9371797,47.83,79.43,29.16,37.14,260
2019-03-22,295.87,302.14,293.27,294.01,6708009,46.76,79.43,29.16,35.01,260
2019-03-29,294.41,300.59,292.53,300.16,4276572,50.21,79.43,29.16,41.87,260
2019-04-05,302.56,306.78,296.14,302.58,4699647,51.54,79.43,29.16,44.52,260
2019-04-12,301.99,309.78,297.33,309.7,4936206,55.32,79.43,29.16,52.04,260
2019-04-18,309.96,314.57,307.54,314.26,3847872,57.6,79.43,29.16,56.58,260
2019-04-26,314.25,337.32,313.27,328.33,9214770,63.75,79.43,29.16,68.81,260
2019-05-03,328.4,337.21,327.21,334.07,4833016,65.92,79.43,29.16,73.13,260
2019-05-10,330.5,341.62,328.84,341.35,5774739,68.5,79.43,29.16,78.26,260
2019-05-17,335.25,340.95,329.93,337.99,6163347,66.02,79.43,29.16,73.32,260
2019-05-24,337.24,344.8,336.08,338.78,6290175,66.33,79.43,29.16,73.94,260
2019-05-31,338.96,343.48,335.28,338.54,6627490,66.13,79.43,29.16,73.55,260
2019-06-07,338.08,356.15,337.9,355.23,6944910,72.29,79.43,29.16,85.79,260
2019-06-14,357.97,358.63,340.87,350.14,6436260,68.22,79.43,29.16,77.69,260
2019-06-21,351.22,363.33,346.76,359.36,5141203,71.36,79.43,29.16,83.95,260
2019-06-28,360.44,363.75,357.0,363.54,6109673,72.68,79.43,29.16,86.58,260
2019-07-05,365.41,370.83,361.05,369.92,3516383,74.61,79.43,29.16,90.4,260
2019-07-12,368.54,373.37,366.1,369.45,4623262,74.19,79.43,29.16,89.58,260
2019-07-19,369.84,370.01,352.79,356.96,7073062,64.01,79.43,29.16,69.33,260
2019-07-26,357.44,372.71,350.81,369.46,7325027,68.65,79.43,29.16,78.55,260
2019-08-02,369.41,370.67,359.19,361.91,4454755,63.34,79.43,29.16,67.99,260
2019-08-09,356.55,379.36,353.97,377.01,5890293,68.57,79.43,29.16,78.4,260
2019-08-16,375.0,381.51,367.17,377.0,5065024,68.57,79.43,29.16,78.39,260
2019-08-23,379.75,386.93,374.61,376.89,4647745,68.48,79.43,29.16,78.23,260
2019-08-30,380.0,385.78,375.5,384.11,4092551,70.96,79.43,29.16,83.14,260
2019-09-06,380.99,393.43,379.79,386.56,3326441,71.77,79.43,29.16,84.76,260
2019-09-13,387.95,388.51,370.46,384.86,5317953,70.3,79.43,29.16,81.84,260
2019-09-20,388.9,399.96,386.89,388.25,6629464,71.55,79.43,29.16,84.32,260
2019-09-27,388.07,395.95,386.11,387.87,5312376,71.19,79.43,29.16,83.6,260
2019-10-04,388.56,393.82,374.07,384.95,5992221,68.34,79.43,29.16,77.93,260
2019-10-11,385.01,390.73,379.29,381.47,4606730,65.0,79.43,29.16,71.29,260
2019-10-18,382.77,385.7,368.0,372.48,5269951,57.21,79.43,29.16,55.8,260
2019-10-25,374.01,377.5,363.0,370.73,7366614,55.81,79.43,29.16,53.02,260
2019-11-01,371.39,380.95,370.04,379.17,5512124,60.8,79.43,29.16,62.94,260
2019-11-08,379.93,382.88,371.31,381.86,5927803,62.26,79.43,29.16,65.84,260
2019-11-15,379.51,394.49,379.31,393.55,4902628,67.87,79.43,29.16,77.0,260
2019-11-22,393.0,395.82,387.82,390.74,4711154,65.35,79.43,29.16,72.0,260
2019-11-29,391.6,395.95,387.49,391.03,3179814,65.49,79.43,29.16,72.28,260
2019-12-06,390.71,391.53,380.14,386.86,5780697,61.59,79.43,29.16,64.5,260
2019-12-13,386.22,387.79,383.23,386.47,3655532,61.22,79.43,29.16,63.77,260
2019-12-20,387.9,388.35,379.66,386.47,5358848,61.22,79.43,29.16,63.77,260
2019-12-27,387.66,394.69,387.59,393.6,3007063,65.58,79.43,29.16,72.45,260
2020-01-03,393.65,417.17,387.07,413.74,5799812,74.35,79.43,29.16,89.9,260
2020-01-10,417.99,418.18,407.69,413.83,7303361,74.38,79.43,29.16,89.96,260
2020-01-17,414.94,427.54,414.66,425.66,5067604,78.17,79.43,29.16,97.49,260
2020-01-24,424.42,433.52,423.01,432.5,4055209,80.01,80.01,29.16,100.0,260
2020-01-31,425.86,438.99,425.86,428.12,7928995,75.62,80.01,29.16,91.36,260
2020-02-07,429.52,441.21,422.04,439.17,5980457,78.78,80.01,29.16,97.58,260
2020-02-14,439.0,442.53,434.3,437.85,4782677,77.49,80.01,29.16,95.04,260
2020-02-21,437.0,438.95,422.66,427.8,3808745,68.29,80.01,29.16,76.95,260
2020-02-28,419.65,424.2,360.34,369.87,9652084,39.31,80.01,29.16,19.97,260
2020-03-06,371.35,402.96,360.57,382.47,11542169,44.8,80.01,29.16,30.76,260
2020-03-13,359.98,369.47,303.1,328.59,15248452,31.63,80.01,29.16,4.87,260
2020-03-20,295.01,339.23,285.0,291.22,14437460,25.94,80.01,25.94,0.0,260
2020-03-27,285.0,365.09,266.11,348.38,15447617,42.88,80.01,25.94,31.33,260
2020-04-03,351.49,356.48,322.01,350.5,9973399,43.39,80.01,25.94,32.28,260
2020-04-09,361.91,381.9,354.05,371.0,7703283,48.27,80.01,25.94,41.3,260
2020-04-17,370.95,402.45,365.71,401.51,7475648,54.55,80.01,25.94,52.91,260
2020-04-24,394.08,399.97,371.01,381.77,6905024,50.29,80.01,25.94,45.05,260
2020-05-01,383.91,393.51,378.0,383.47,6525078,50.65,80.01,25.94,45.71,260
2020-05-08,382.02,392.78,374.13,378.4,6028116,49.51,80.01,25.94,43.59,260
2020-05-15,375.0,382.44,352.26,360.4,7652985,45.58,80.01,25.94,36.33,260
2020-05-22,371.21,382.46,362.11,369.0,6775906,47.72,80.01,25.94,40.28,260
2020-05-29,376.95,404.26,370.57,388.44,6801819,52.27,80.01,25.94,48.7,260
2020-06-05,388.94,416.0,386.99,410.75,6841325,56.91,80.01,25.94,57.28,260
2020-06-12,415.0,417.62,376.47,381.87,7154744,50.12,80.01,25.94,44.72,260
2020-06-19,373.28,391.79,367.55,372.2,11711828,48.05,80.01,25.94,40.9,260
2020-06-26,372.26,378.78,353.33,356.76,8538365,44.87,80.01,25.94,35.01,260
2020-07-02,360.39,368.29,359.49,362.0,5380906,46.17,80.01,25.94,37.42,260
2020-07-10,366.48,367.12,339.18,349.25,7896619,43.48,80.01,25.94,32.44,260
2020-07-17,353.6,369.0,348.6,368.5,7389701,48.37,80.01,25.94,41.5,260
2020-07-24,369.0,394.67,362.43,386.21,8478082,52.46,80.01,25.94,49.04,260
2020-07-31,384.73,390.4701,373.675,378.97,5474506,50.69,80.01,25.94,45.78,260
2020-08-07,376.84,386.66,371.44,385.62,4466196,52.28,80.01,25.94,48.72,260
2020-08-14,386.02,399.49,385.96,391.42,4749990,53.68,80.01,25.94,51.31,260
2020-08-21,393.98,395.19,383.577,389.57,4587191,53.14,80.01,25.94,50.32,260
2020-08-28,390.83,402.375,389.9,395.59,4331313,54.73,80.01,25.94,53.24,260
2020-09-04,392.17,401.8755,379.58,385.02,5589053,51.44,80.01,25.94,47.16,260
2020-09-11,383.99,390.4999,378.33,389.45,3940347,52.72,80.01,25.94,49.53,260
2020-09-18,393.37,399.6,386.89,395.14,6595812,54.39,80.01,25.94,52.61,260
2020-09-25,388.5,394.4271,375.095,386.7,6628222,51.49,80.01,25.94,47.26,260
2020-10-02,390.0,396.61,374.28,380.58,5832767,49.43,80.01,25.94,43.45,260
2020-10-09,383.24,390.1,376.02,385.93,3977200,51.27,80.01,25.94,46.84,260
2020-10-16,386.0,395.46,383.22,386.5,4615360,51.47,80.01,25.94,47.21,260
2020-10-23,387.24,389.6,365.0,374.33,7329619,46.99,80.01,25.94,38.94,260
2020-10-30,369.43,369.87,345.65,350.13,6902965,39.62,80.01,25.94,25.3,260
2020-11-06,356.12,381.46,350.72,361.27,8449816,43.98,80.01,25.94,33.36,260
2020-11-13,379.6,381.52,363.73,375.14,6558306,48.92,80.01,25.94,42.51,260
2020-11-20,378.05,383.4699,367.62,368.02,5888365,46.65,80.01,25.94,38.3,260
2020-11-27,371.54,381.95,369.86,374.34,3347909,48.92,80.01,25.94,42.5,260
2020-12-04,370.79,373.29,360.01,366.61,8390878,46.32,80.01,25.94,37.69,260
2020-12-11,366.9,366.9,354.19,361.71,7485200,44.7,80.01,25.94,34.7,260
2020-12-18,363.5,365.62,350.01,356.03,10878611,42.83,80.01,25.94,31.24,260
2020-12-24,353.16,354.995,346.6,351.97,5767802,41.49,80.01,25.94,28.77,260
2020-12-31,353.11,357.82,351.71,354.98,4235528,42.91,80.01,25.94,31.4,260
2021-01-08,354.98,354.98,335.01,336.1,10539221,36.86,80.01,25.94,20.2,260
2021-01-15,335.0,354.79,333.32,347.27,11664663,42.07,80.01,25.94,29.83,260
2021-01-22,350.74,350.97,337.21,339.88,7017563,39.73,80.01,25.94,25.51,260
2021-01-29,339.36,346.89,321.72,321.82,12124167,34.67,80.01,25.94,16.15,260
2021-02-05,324.88,341.42,319.81,337.04,9985567,41.44,80.01,25.94,28.67,260
2021-02-12,339.01,344.61,335.2,337.73,7315076,41.74,80.01,25.94,29.22,260
2021-02-19,339.25,340.0,332.79,335.42,6818481,40.99,80.01,25.94,27.84,260
2021-02-26,333.8,350.3,330.0,330.25,9695736,39.3,80.01,25.94,24.72,260
2021-03-05,334.0,346.3312,332.67,340.43,11431640,44.18,80.01,25.94,33.74,260
2021-03-12,343.5,346.06,335.69,340.19,8633616,44.09,80.01,25.94,33.57,260
2021-03-19,344.38,359.43,342.3,355.07,13838712,50.78,80.01,25.94,45.95,260
2021-03-26,352.0,365.25,352.0,364.71,8866470,54.57,80.01,25.94,52.96,260
2021-04-01,365.0,374.24,365.0,371.02,6401643,56.92,80.01,25.94,57.29,260
2021-04-09,372.06,390.26,372.06,386.23,6766921,62.0,80.01,25.94,66.69,260
2021-04-16,387.13,394.335,384.288,391.81,6059695,63.69,80.01,25.94,69.82,260
2021-04-23,392.0,392.39,373.32,377.29,7015177,56.62,80.01,25.94,56.75,260
2021-04-30,374.28,382.0,370.142,380.56,6683184,57.76,80.01,25.94,58.85,260
2021-05-07,379.77,392.6,379.06,390.34,5900032,61.05,80.01,25.94,64.93,260
2021-05-14,391.36,396.99,380.2,390.78,6471468,61.19,80.01,25.94,65.2,260
2021-05-21,389.63,394.17,381.35,387.22,5133462,59.25,80.01,25.94,61.62,260
2021-05-28,389.5,389.75,381.52,382.2,7825193,56.53,80.01,25.94,56.58,260
2021-06-04,384.23,395.52,380.63,394.1,5455989,61.09,80.01,25.94,65.02,260
2021-06-11,395.04,395.72,385.12,387.72,4864183,57.6,80.01,25.94,58.56,260
2021-06-18,387.61,392.045,379.0,379.19,6974753,53.23,80.01,25.94,50.47,260
2021-06-25,381.23,385.44,376.85,382.01,5588213,54.46,80.01,25.94,52.75,260
2021-07-02,381.67,383.19,373.245,381.49,4611687,54.18,80.01,25.94,52.22,260
2021-07-09,380.0,384.6,373.6843,383.11,3533541,54.96,80.01,25.94,53.68,260
2021-07-16,381.9,383.315,375.0,377.14,4021072,51.46,80.01,25.94,47.2,260
2021-07-23,375.15,384.7,367.56,380.77,5033866,53.4,80.01,25.94,50.79,260
2021-07-30,373.0,376.242,366.4,371.67,6505015,48.19,80.01,25.94,41.15,260
2021-08-06,372.3,375.04,359.61,362.05,5274892,43.37,80.01,25.94,32.24,260
2021-08-13,360.7,364.35,357.51,357.98,4912902,41.48,80.01,25.94,28.74,260
2021-08-20,357.98,362.53,353.57,357.17,6408478,41.09,80.01,25.94,28.03,260
2021-08-27,357.94,364.33,356.41,361.99,4980649,44.39,80.01,25.94,34.13,260
2021-09-03,362.25,363.96,355.52,356.0,6151715,41.3,80.01,25.94,28.41,260
2021-09-10,354.72,354.72,345.82,345.88,5571792,36.65,80.01,25.94,19.81,260
2021-09-17,347.91,349.28,339.15,340.98,7524701,34.62,80.01,25.94,16.05,260
2021-09-24,338.7,352.94,335.1001,349.52,7422053,40.78,80.01,25.94,27.45,260
2021-10-01,352.14,357.235,342.77,347.8,6568959,39.96,80.01,25.94,25.94,260
2021-10-08,347.69,355.16,343.7,353.75,4823820,44.13,80.01,25.94,33.65,260
2021-10-15,354.9,366.24,353.4498,365.62,4866523,51.39,80.01,25.94,47.06,260
2021-10-22,364.33,377.02,361.875,374.6,4917124,56.04,80.01,25.94,55.66,260
2021-10-29,375.91,378.1,325.14,332.32,18309007,37.73,80.01,25.94,21.82,260
2021-11-05,330.47,340.52,324.2278,339.89,10382664,41.42,80.01,25.94,28.64,260
2021-11-12,341.625,343.02,333.3,339.06,7080949,41.13,80.01,25.94,28.11,260
2021-11-19,339.55,343.64,339.35,341.44,6985687,42.37,80.01,25.94,30.39,260
2021-11-26,341.73,348.09,338.08,342.72,4656916,43.06,80.01,25.94,31.67,260
2021-12-03,344.0,344.6,328.2,333.81,9912249,39.5,80.01,25.94,25.09,260
2021-12-10,337.25,347.24,337.25,344.88,7637157,45.53,80.01,25.94,36.23,260
2021-12-17,344.4,348.4,340.0,344.14,8671167,45.2,80.01,25.94,35.63,260
2021-12-23,341.0,348.32,333.42,347.02,7040797,46.79,80.01,25.94,38.57,260
2021-12-31,347.1,357.83,347.0,355.41,4203098,51.22,80.01,25.94,46.76,260
2022-01-07,354.68,364.0,353.03,360.14,7253113,53.57,80.01,25.94,51.11,260
2022-01-14,363.0,372.99,359.45,372.62,8402102,59.16,80.01,25.94,61.44,260
2022-01-21,370.45,381.45,368.86,371.2,10663000,58.3,80.01,25.94,59.85,260
2022-01-28,369.55,395.6,365.34,393.15,14557915,66.42,80.01,25.94,74.87,260
2022-02-04,390.5,392.84,384.68,389.33,9230269,64.08,80.01,25.94,70.54,260
2022-02-11,392.0,398.85,383.93,396.19,9673787,66.37,80.01,25.94,74.78,260
2022-02-18,393.98,395.5199,378.32,386.46,9704763,60.48,80.01,25.94,63.88,260
2022-02-25,391.27,414.45,384.5,409.49,11027071,67.77,80.01,25.94,77.37,260
2022-03-04,413.81,462.66,413.5,458.15,24457566,77.3,80.01,25.94,94.99,260
2022-03-11,463.01,479.99,432.43,439.04,18520032,68.71,80.01,25.94,79.1,260
2022-03-18,449.44,450.42,411.36,426.18,17931336,63.59,80.01,25.94,69.63,260
2022-03-25,431.63,457.53,431.63,453.66,9998371,68.92,80.01,25.94,79.49,260
2022-04-01,449.32,450.46,429.32,445.98,8681983,66.01,80.01,25.94,74.11,260
2022-04-08,447.48,471.59,439.55,461.52,9083675,68.87,80.01,25.94,79.4,260
2022-04-14,463.79,474.61,461.38,467.66,6591240,69.95,80.01,25.94,81.4,260
2022-04-22,467.0,475.5,438.3924,445.79,8693602,61.75,80.01,25.94,66.24,260
2022-04-29,443.0,452.32,430.38,432.12,6784141,57.24,80.01,25.94,57.89,260
2022-05-06,429.6,449.58,426.15,449.43,6490522,61.12,80.01,25.94,65.06,260
2022-05-13,447.03,448.78,428.35,435.17,5856341,56.57,80.01,25.94,56.64,260
2022-05-20,435.0,442.22,417.29,424.15,5961965,53.27,80.01,25.94,50.54,260
2022-05-27,427.44,454.06,427.44,450.56,5514097,59.38,80.01,25.94,61.85,260
2022-06-03,443.0,446.578,430.4401,442.69,5876306,56.99,80.01,25.94,57.42,260
2022-06-10,443.82,456.67,425.75,430.19,5128982,53.31,80.01,25.94,50.63,260
2022-06-17,424.4,428.36,394.66,404.01,9560226,46.54,80.01,25.94,38.11,260
2022-06-24,412.0,420.5,407.18,419.04,5304806,50.43,80.01,25.94,45.3,260
2022-07-01,419.04,434.96,416.43,433.52,5032929,53.92,80.01,25.94,51.74,260
2022-07-08,424.79,427.995,407.21,420.35,4617414,50.45,80.01,25.94,45.32,260
2022-07-15,417.9,423.0,397.52,398.38,4822607,45.22,80.01,25.94,35.65,260
2022-07-22,399.97,401.97,373.67,394.74,9054435,44.4,80.01,25.94,34.14,260
2022-07-29,394.37,414.15,393.625,413.81,5377777,49.56,80.01,25.94,43.69,260
2022-08-05,418.24,434.6525,416.64,426.41,7565505,52.69,80.01,25.94,49.48,260
2022-08-12,427.5,434.29,421.675,434.24,4900018,54.58,80.01,25.94,52.96,260
2022-08-19,432.68,445.49,429.855,440.03,4612878,55.97,80.01,25.94,55.55,260
2022-08-26,438.51,442.775,430.3,431.13,4346282,53.26,80.01,25.94,50.53,260
2022-09-02,427.66,433.9,417.55,418.57,4532167,49.61,80.01,25.94,43.78,260
2022-09-09,419.01,423.62,412.26,421.53,4605978,50.47,80.01,25.94,45.37,260
2022-09-16,421.0,421.49,407.36,414.29,7187891,48.29,80.01,25.94,41.35,260
2022-09-23,414.0,433.786,407.5796,413.07,7197045,47.92,80.01,25.94,40.65,260
2022-09-30,411.69,412.205,381.55,386.29,5893608,40.49,80.01,25.94,26.91,260
2022-10-07,389.74,407.84,389.08,403.96,5033654,46.39,80.01,25.94,37.83,260
2022-10-14,407.59,418.6299,388.1,389.41,5431025,42.64,80.01,25.94,30.89,260
2022-10-21,393.0,454.69,392.145,454.61,12230885,58.75,80.01,25.94,60.68,260
2022-10-28,459.08,491.14,452.19,484.87,8664788,63.82,80.01,25.94,70.07,260
2022-11-04,480.45,491.155,472.57,481.67,6548769,62.94,80.01,25.94,68.43,260
2022-11-11,482.48,494.66,462.61,463.86,8211879,58.13,80.01,25.94,59.53,260
2022-11-18,467.35,480.87,458.05,476.82,10145846,60.49,80.01,25.94,63.91,260
2022-11-25,478.49,484.5,478.23,483.46,3911100,61.69,80.01,25.94,66.12,260
2022-12-02,480.11,498.95,477.73,496.23,5869848,63.95,80.01,25.94,70.3,260
2022-12-09,490.87,494.98,480.475,483.58,5052576,60.16,80.01,25.94,63.3,260
2022-12-16,484.95,490.37,473.665,481.79,7590439,59.63,80.01,25.94,62.3,260
2022-12-23,481.78,491.4499,473.95,483.29,5115377,59.95,80.01,25.94,62.9,260
2022-12-30,485.0,489.81,481.235,486.49,3273595,60.67,80.01,25.94,64.24,260
2023-01-06,483.39,488.0,465.765,473.24,6228323,56.15,80.01,25.94,55.88,260
2023-01-13,467.79,470.79,444.74,449.83,7582328,49.18,80.01,25.94,42.98,260
2023-01-20,450.3,453.5,437.62,443.28,6278318,47.41,80.01,25.94,39.7,260
2023-01-27,443.11,466.68,437.69,459.6,10713963,52.05,80.01,25.94,48.28,260
2023-02-03,462.0,466.6999,453.92,459.08,8354398,51.89,80.01,25.94,47.99,260
2023-02-10,463.58,481.86,462.75,480.83,5828630,57.65,80.01,25.94,58.64,260
2023-02-17,485.19,489.5,466.1,475.63,6129600,55.92,80.01,25.94,55.46,260
2023-02-24,480.51,483.09,475.2,480.4,4206910,57.19,80.01,25.94,57.79,260
2023-03-03,480.53,484.1,471.29,477.89,5158931,56.27,80.01,25.94,56.1,260
2023-03-10,476.82,487.6403,474.42,475.5,5666906,55.37,80.01,25.94,54.42,260
2023-03-17,471.87,481.27,463.29,465.87,13894458,51.74,80.01,25.94,47.72,260
2023-03-24,468.22,479.25,465.21,474.54,6140971,54.62,80.01,25.94,53.05,260
2023-03-31,477.11,477.56,470.68,472.73,5855696,53.9,80.01,25.94,51.71,260
2023-04-06,473.0,496.975,472.75,490.17,5137629,59.47,80.01,25.94,62.01,260
2023-04-14,491.77,498.415,481.69,487.99,5107138,58.51,80.01,25.94,60.25,260
2023-04-21,486.57,508.1,480.61,482.55,7031810,56.1,80.01,25.94,55.79,260
2023-04-28,482.39,483.53,459.6,464.45,5886376,48.88,80.01,25.94,42.44,260
2023-05-05,465.04,471.08,446.21,455.54,5640266,45.76,80.01,25.94,36.66,260
2023-05-12,456.49,458.3,447.8,450.79,3625346,44.14,80.01,25.94,33.67,260
2023-05-19,450.79,458.41,447.66,454.49,4600744,45.75,80.01,25.94,36.64,260
2023-05-26,454.0,457.365,439.7,448.45,4854681,43.55,80.01,25.94,32.57,260
2023-06-02,448.08,456.355,443.0,454.49,4393479,46.33,80.01,25.94,37.72,260
2023-06-09,456.14,466.42,452.48,462.69,4094276,49.95,80.01,25.94,44.4,260
2023-06-16,462.79,462.87,445.89,459.17,5922398,48.44,80.01,25.94,41.61,260
2023-06-23,459.48,467.17,457.48,459.36,3719211,48.53,80.01,25.94,41.78,260
2023-06-30,455.94,462.67,446.68,460.38,4184364,49.04,80.01,25.94,42.73,260
2023-07-07,460.0,463.3499,457.55,458.71,2329090,48.19,80.01,25.94,41.16,260
2023-07-14,458.5,467.44,458.05,464.31,4249947,51.25,80.01,25.94,46.81,260
2023-07-21,466.29,479.5,448.11,454.76,9442817,46.24,80.01,25.94,37.54,260
2023-07-28,456.0,457.945,445.32,449.0,6189489,43.48,80.01,25.94,32.44,260
2023-08-04,449.71,453.13,444.63,445.72,5848166,41.94,80.01,25.94,29.6,260
2023-08-11,447.32,454.09,446.276,454.05,4129872,47.06,80.01,25.94,39.06,260
2023-08-18,454.59,455.61,442.3,450.06,4011038,45.01,80.01,25.94,35.27,260
2023-08-25,449.84,457.67,449.0,451.09,3771801,45.67,80.01,25.94,36.49,260
2023-09-01,450.81,455.92,444.49,448.18,4066099,44.07,80.01,25.94,33.53,260
2023-09-08,448.0,448.33,422.0,423.09,5760375,33.24,80.01,25.94,13.51,260
2023-09-15,422.22,428.88,415.94,424.05,6571779,33.91,80.01,25.94,14.75,260
2023-09-22,427.66,431.45,413.225,413.65,5981037,30.36,80.01,25.94,8.19,260
2023-09-29,413.23,413.95,405.72,408.96,4757772,28.9,80.01,25.94,5.47,260
2023-10-06,408.96,410.9899,393.77,400.73,5174285,26.48,80.01,25.94,1.0,260
2023-10-13,428.72,443.12,423.39,441.06,12032464,49.01,80.01,25.94,42.67,260
2023-10-20,439.42,452.79,434.39,444.17,10786848,50.28,80.01,25.94,45.01,260
2023-10-27,444.21,452.06,440.235,443.39,6819149,49.94,80.01,25.94,44.39,260
2023-11-03,444.42,458.224,442.8,453.34,6242502,54.14,80.01,25.94,52.15,260
2023-11-10,454.84,454.84,439.6754,444.87,7348788,50.27,80.01,25.94,45.01,260
2023-11-17,445.0,448.57,441.86,444.68,5250823,50.19,80.01,25.94,44.85,260
2023-11-24,444.03,452.59,440.76,452.01,3320399,53.51,80.01,25.94,50.99,260
2023-12-01,451.86,452.8299,442.51,449.41,6266488,52.18,80.01,25.94,48.53,260
2023-12-08,447.37,451.39,445.5,448.02,4807384,51.44,80.01,25.94,47.17,260
2023-12-15,451.88,454.19,438.71,441.81,9194760,48.18,80.01,25.94,41.13,260
2023-12-22,442.71,451.74,442.27,448.22,4457184,51.6,80.01,25.94,47.45,260
2023-12-29,448.15,453.5,447.82,453.24,2790234,54.15,80.01,25.94,52.17,260
2024-01-05,454.3,464.1,453.27,456.5,4170534,55.78,80.01,25.94,55.19,260
2024-01-12,454.41,463.38,449.36,463.18,3866605,59.0,80.01,25.94,61.14,260
2024-01-19,466.27,466.27,453.54,457.76,3382795,55.47,80.01,25.94,54.61,260
2024-01-26,457.59,460.825,425.75,429.91,9666036,41.68,80.01,25.94,29.12,260
2024-02-02,431.0,433.72,424.38,425.97,6188833,40.16,80.01,25.94,26.3,260
2024-02-09,424.0,430.29,419.83,426.5,5437344,40.47,80.01,25.94,26.88,260
2024-02-16,426.75,431.9,413.92,424.07,6543370,39.45,80.01,25.94,24.99,260
2024-02-23,425.19,431.43,423.7701,431.12,4413354,43.89,80.01,25.94,33.2,260
2024-03-01,431.5,435.02,424.0001,426.46,5459527,41.71,80.01,25.94,29.17,260
2024-03-08,428.57,436.01,426.95,432.9,4934599,45.72,80.01,25.94,36.58,260
2024-03-15,434.31,438.21,432.35,435.82,9055690,47.48,80.01,25.94,39.84,260
2024-03-22,435.82,446.25,431.68,445.88,4629817,53.12,80.01,25.94,50.28,260
2024-03-28,447.86,457.11,444.813,454.87,3939075,57.52,80.01,25.94,58.41,260
2024-04-05,454.14,455.98,447.145,455.38,4574739,57.76,80.01,25.94,58.85,260
2024-04-12,456.0,457.9799,442.835,450.4,5034166,54.5,80.01,25.94,52.82,260
2024-04-19,458.99,465.36,451.63,463.87,6845782,60.93,80.01,25.94,64.71,260
2024-04-26,465.23,473.54,456.06,461.29,6414939,59.2,80.01,25.94,61.52,260
2024-05-03,461.99,467.975,457.1701,461.91,4580537,59.5,80.01,25.94,62.07,260
2024-05-10,463.16,470.62,460.18,468.88,3196488,62.78,80.01,25.94,68.13,260
2024-05-17,469.88,472.345,453.0,466.2,3812116,60.74,80.01,25.94,64.37,260
2024-05-24,467.77,469.9,464.92,467.35,3223833,61.32,80.01,25.94,65.44,260
2024-05-31,465.61,470.36,451.8,470.34,5243985,62.86,80.01,25.94,68.28,260
2024-06-07,466.0,475.29,463.618,470.13,4562435,62.67,80.01,25.94,67.93,260
2024-06-14,470.75,470.75,454.44,458.34,4280377,53.06,80.01,25.94,50.16,260
2024-06-21,457.75,469.8,456.305,467.6,5734524,58.45,80.01,25.94,60.13,260
2024-06-28,468.96,475.69,463.72,467.1,7023248,58.06,80.01,25.94,59.41,260
2024-07-05,470.77,471.68,459.69,462.16,2009932,54.24,80.01,25.94,52.33,260
2024-07-12,462.68,465.77,456.11,463.73,3353461,55.25,80.01,25.94,54.2,260
2024-07-19,466.71,480.86,462.78,474.92,4513121,61.73,80.01,25.94,66.18,260
2024-07-26,475.0,528.64,472.85,524.8,9105971,77.42,80.01,25.94,95.21,260
2024-08-02,523.0,561.12,519.26,548.77,6433612,81.37,81.37,25.94,100.0,260
2024-08-09,553.16,562.6,536.7374,551.58,5695725,81.78,81.78,25.94,100.0,260
2024-08-16,551.07,564.22,550.4,560.13,4270869,82.98,82.98,25.94,100.0,260
2024-08-23,555.32,562.76,550.96,555.01,4209984,79.59,82.98,25.94,94.05,260
2024-08-30,556.11,569.09,556.11,568.1,4119772,81.65,82.98,25.94,97.67,260
2024-09-06,567.33,578.73,564.41,566.63,3978675,80.66,82.98,25.94,95.94,260
2024-09-13,567.51,578.0,561.0701,569.91,3754165,81.21,82.98,25.94,96.9,260
2024-09-20,574.41,577.0,562.1629,571.92,6781542,81.55,82.98,25.94,97.5,260
2024-09-27,571.5,584.0734,570.82,582.36,4013755,83.27,83.27,25.94,100.0,260
2024-10-04,584.14,611.49,579.21,605.13,5940829,86.26,86.26,25.94,100.0,260
2024-10-11,607.0,611.59,596.22,604.17,3597808,85.57,86.26,25.94,98.85,260
2024-10-18,606.0,614.62,602.62,611.81,3443113,86.5,86.5,25.94,100.0,260
2024-10-25,615.64,618.95,561.1,562.29,6859195,59.6,86.5,25.94,55.59,260
2024-11-01,563.0,563.155,542.675,545.35,5363798,53.48,86.5,25.94,45.47,260
2024-11-08,545.7,566.8099,540.0001,564.56,5173688,58.67,86.5,25.94,54.04,260
2024-11-15,570.22,576.43,531.4237,534.83,7153968,49.47,86.5,25.94,38.86,260
2024-11-22,536.4,546.0,528.738,542.22,5862288,51.51,86.5,25.94,42.22,260
2024-11-29,532.98,534.16,514.9,529.41,6507919,47.9,86.5,25.94,36.27,260
2024-12-06,525.25,526.785,509.6,513.03,6246068,43.7,86.5,25.94,29.32,260
2024-12-13,511.19,516.3608,488.71,494.65,6510572,39.5,86.5,25.94,22.4,260
2024-12-20,494.8,494.8,477.305,489.02,9486842,38.29,86.5,25.94,20.4,260
2024-12-27,487.43,493.4699,481.83,488.97,2912993,38.28,86.5,25.94,20.38,260
2025-01-03,486.0,489.72,480.91,481.82,3391343,36.63,86.5,25.94,17.65,260
2025-01-10,478.75,480.0,461.24,468.05,5101913,33.61,86.5,25.94,12.67,260
2025-01-17,469.0,492.045,468.8,490.32,5773808,41.93,86.5,25.94,26.41,260
2025-01-24,495.0,509.5499,493.98,496.96,4613775,44.18,86.5,25.94,30.12,260
2025-01-31,500.09,507.11,449.4,462.95,11755683,36.41,86.5,25.94,17.29,260
2025-02-07,458.8,461.332,443.78,444.39,6489738,33.0,86.5,25.94,11.66,260
2025-02-14,444.8,451.8,419.7,423.19,9270098,29.59,86.5,25.94,6.03,260
2025-02-21,429.69,443.73,423.5,440.72,8625411,35.52,86.5,25.94,15.83,260
2025-02-28,442.0,451.6671,438.5401,450.37,8020696,38.59,86.5,25.94,20.89,260
2025-03-07,452.87,477.49,448.49,473.65,9473058,45.34,86.5,25.94,32.04,260
2025-03-14,475.46,494.2,456.0001,466.17,7135012,43.68,86.5,26.48,28.66,260
2025-03-21,463.84,481.5,432.51,439.7,11119980,38.33,86.5,26.48,19.74,260
2025-03-28,425.63,451.1999,424.3,441.49,9120919,38.87,86.5,26.48,20.65,260
2025-04-04,441.565,461.8765,432.13,432.15,8209821,37.03,86.5,26.48,17.58,260
2025-04-11,422.2,478.175,418.88,474.9,9696593,48.95,86.5,26.48,37.44,260
2025-04-17,472.8,482.8156,448.39,464.08,6887032,46.55,86.5,26.48,33.44,260
2025-04-25,459.26,478.46,442.35,477.64,8390505,49.87,86.5,26.48,38.97,260
2025-05-02,479.31,491.07,467.51,472.8,6229135,48.71,86.5,26.48,37.03,260
2025-05-09,474.0,479.0,463.46,473.52,5562663,48.9,86.5,26.48,37.35,260
2025-05-16,473.5,475.685,445.06,468.32,8431829,47.52,86.5,26.48,35.06,260
2025-05-23,469.41,480.93,465.56,468.88,5445482,47.69,86.5,26.48,35.34,260
2025-05-30,470.8,482.38,465.32,482.38,5552888,51.76,86.5,26.48,42.13,260
2025-06-06,478.26,486.86,471.75,481.69,5238872,51.54,86.5,26.48,41.76,260
2025-06-13,480.28,488.3,443.409,486.45,10263474,53.03,86.5,26.48,44.24,260
2025-06-20,482.01,482.73,461.11,470.56,9248344,47.76,86.5,26.48,35.45,260
2025-06-27,472.93,482.37,451.46,458.59,9488566,44.19,86.5,26.48,29.51,260
2025-07-03,459.45,469.44,457.875,462.52,4283841,45.63,86.5,26.48,31.9,260
2025-07-11,464.5,470.5499,456.0,467.51,5824253,47.47,86.5,26.48,34.98,260
2025-07-18,470.0,474.76,460.97,463.96,6234176,46.27,86.5,26.48,32.98,260
2025-07-25,464.64,467.36,410.11,421.17,20588540,34.81,86.5,26.48,13.88,260
2025-08-01,425.9,428.86,412.5501,421.01,10668943,34.77,86.5,26.48,13.82,260
2025-08-08,420.0,436.62,419.0,425.63,8192824,36.73,86.5,26.48,17.09,260
2025-08-15,426.0,443.9,424.12,437.56,8081318,41.61,86.5,26.48,25.22,260
2025-08-22,440.55,452.56,438.6,446.2,6601931,44.93,86.5,26.48,30.74,260
2025-08-29,447.07,459.9,445.1,455.63,7090122,48.37,86.5,26.48,36.48,260
2025-09-05,453.8,463.98,446.69,463.9,6082448,51.25,86.5,26.48,41.27,260
2025-09-12,462.925,472.98,452.42,471.31,6228039,53.74,86.5,26.48,45.42,260
2025-09-19,471.47,478.44,467.99,472.94,7269528,54.29,86.5,26.48,46.34,260
2025-09-26,473.67,495.24,473.01,487.44,6089851,58.99,86.5,26.48,54.16,260
2025-10-03,497.0,506.81,489.22,504.49,5813670,63.71,86.5,26.48,62.03,260
2025-10-10,506.63,516.0,500.54,505.05,5610283,63.86,86.5,26.48,62.28,260
2025-10-17,502.3,507.43,485.48,495.15,6698649,59.28,86.5,26.48,54.65,260
2025-10-24,496.43,506.6,482.54,485.41,8843887,55.1,86.5,26.48,47.68,260
2025-10-31,484.08,494.46,479.87,491.88,5881422,57.25,86.5,26.48,51.27,260
2025-11-07,491.0,491.51,456.2,458.35,7329333,45.14,86.5,26.48,31.1,260
2025-11-14,456.0,466.39,448.48,465.77,5885044,47.78,86.5,26.48,35.49,260
2025-11-21,467.28,485.0,459.96,460.78,6546461,46.17,86.5,26.48,32.81,260
2025-11-28,459.43,461.19,448.48,457.86,5074981,45.21,86.5,26.48,31.22,260
2025-12-05,453.28,454.085,437.25,452.2,7521204,43.34,86.5,26.48,28.09,260
2025-12-12,453.5,480.84,451.48,480.25,7462403,53.61,86.5,26.48,45.2,260
2025-12-19,478.99,484.77,462.25,474.13,8444695,51.42,86.5,26.48,41.55,260
2025-12-26,474.96,491.18,474.96,483.03,3172642,54.34,86.5,26.48,46.42,260
2026-01-02,483.83,497.16,476.54,497.07,3726637,58.57,86.5,26.48,53.47,260
2026-01-09,503.93,546.07,496.001,542.92,15637071,68.75,86.5,26.48,70.43,260
2026-01-16,548.96,582.93,540.31,582.43,11765196,74.56,86.5,26.48,80.1,260
2026-01-23,580.0,596.225,573.39,590.82,6100920,75.59,86.5,26.48,81.83,260
2026-01-30,590.0,645.67,573.8192,634.22,10518098,80.11,86.5,26.48,89.35,260
2026-02-06,620.0,646.59,595.0,623.58,9700658,76.38,86.5,26.48,83.14,260
2026-02-13,625.28,656.34,621.675,652.58,7062570,79.22,86.5,26.48,87.87,260
2026-02-20,653.0,669.75,642.0,658.26,5337832,79.73,86.5,26.48,88.72,260
2026-02-27,655.62,669.1,634.035,658.08,8091413,79.67,86.5,26.48,88.61,260
2026-03-06,685.5,692.0,647.2288,671.77,10656130,80.98,86.5,26.48,90.8,260
2026-03-13,675.58,676.075,640.5,646.0,7870493,71.6,86.5,26.48,75.18,260
2026-03-20,645.225,651.55,622.37,627.43,11648323,65.7,86.5,26.48,65.34,260
2026-03-27,629.07,632.92,605.0001,615.84,5978663,62.24,86.5,26.48,59.59,260
2026-04-02,621.03,626.51,593.88,622.79,5411931,63.48,86.5,26.48,61.65,260
2026-04-10,623.11,637.92,605.5,613.72,4929652,60.69,86.5,26.48,56.99,260
2026-04-17,617.87,622.51,588.41,592.19,5019174,54.54,86.5,26.48,46.75,260
2026-04-24,593.6,598.0,503.6003,513.45,11916286,38.99,86.5,26.48,20.85,260
2026-05-01,514.05,527.66,501.945,512.77,8178382,38.89,86.5,26.48,20.68,260
2026-05-08,513.41,524.5,500.31,506.51,7676661,37.89,86.5,26.48,19.02,260
2026-05-15,505.0,524.9299,502.45,516.01,5507073,40.38,86.5,26.48,23.17,260
2026-05-22,517.81,534.27,512.76,533.24,6198386,44.71,86.5,26.48,30.38,260
2026-05-29,536.0,541.21,524.25,530.45,5781850,44.15,86.5,26.48,29.45,260
2026-06-05,523.98,528.01,510.1,523.76,5252301,42.77,86.5,26.48,27.15,260
2026-06-12,523.0,550.99,516.85,540.33,5210163,47.18,86.5,26.48,34.49,260
2026-06-18,535.42,539.47,505.18,510.95,7166889,41.13,86.5,26.48,24.41,260
2026-06-26,508.5,518.24,490.05,507.4,8871629,40.46,86.5,26.48,23.29,260
2026-07-02,508.5,545.99,498.3,545.91,4830541,50.03,86.5,26.48,39.24,260
2026-07-10,545.0,547.47,513.812,523.22,4365601,45.4,86.5,26.48,31.53,260
2026-07-17,525.01,527.4534,507.68,508.77,4262136,42.69,86.5,26.48,27.01,260
2026-07-24,510.63,588.41,487.15,582.6,8471102,56.86,86.5,26.48,50.62,260
2026-07-31,581.88,593.7699,556.5501,582.74,6907088,56.88,86.5,26.48,50.66,260
2026-08-07,583.5,593.6899,577.0,587.95,4861122,57.74,86.5,26.48,52.08,260
2026-08-14,591.77,610.36,588.01,608.68,4808598,61.05,86.5,26.48,57.6,260
2026-08-21,605.5,612.7505,563.07,563.57,5566388,51.58,86.5,26.48,41.83,260
2026-08-28,563.5,569.9595,555.265,563.85,4659681,51.63,86.5,26.48,41.91,260
2026-09-04,563.73,564.98,524.03,525.28,4952133,44.76,86.5,26.48,30.46,260
2026-09-11,532.0,543.59,521.87,524.19,5374594,44.58,86.5,26.48,30.15,260
