Semana,Open,High,Low,Close,Volume,RSI,RSI_max_5a,RSI_min_5a,Posicion,Semanas_ventana
1970-01-02,0.1649,0.1697,0.1649,0.1697,23256,,,,,0
1970-01-09,0.1697,0.1754,0.1668,0.1678,102229,,,,,0
1970-01-16,0.1678,0.1682,0.1543,0.1563,76971,,,,,0
1970-01-23,0.1563,0.1582,0.1467,0.1519,75081,,,,,0
1970-01-30,0.151,0.151,0.1424,0.1447,95941,,,,,0
1970-02-06,0.1467,0.1697,0.1467,0.1697,90015,,,,,0
1970-02-13,0.1697,0.1725,0.1601,0.1654,44478,,,,,0
1970-02-20,0.1639,0.1735,0.161,0.1682,57331,,,,,0
1970-02-27,0.1682,0.174,0.1625,0.173,73574,,,,,0
1970-03-06,0.173,0.1745,0.1639,0.1678,59635,,,,,0
1970-03-13,0.1678,0.1716,0.1543,0.1558,114087,,,,,0
1970-03-20,0.1553,0.1649,0.1462,0.1467,135822,,,,,0
1970-03-26,0.1467,0.1716,0.1467,0.1605,72026,,,,,0
1970-04-03,0.1605,0.1682,0.1534,0.1548,101418,,,,,0
1970-04-10,0.1539,0.1539,0.1414,0.1419,210088,38.49,38.49,38.49,,1
1970-04-17,0.1404,0.1409,0.1304,0.1332,144612,35.74,38.49,35.74,0.0,2
1970-04-24,0.1352,0.1447,0.1352,0.1361,55368,37.35,38.49,35.74,58.44,3
1970-05-01,0.1366,0.1471,0.1342,0.1438,79297,41.54,41.54,35.74,100.0,4
1970-05-08,0.1424,0.1424,0.1304,0.1308,230629,37.03,41.54,35.74,22.22,5
1970-05-15,0.1304,0.1304,0.1141,0.1222,280822,34.36,41.54,34.36,0.0,6
1970-05-22,0.1222,0.1285,0.1078,0.1107,125023,31.12,41.54,31.12,0.0,7
1970-05-29,0.1083,0.1275,0.1054,0.1246,186970,38.64,41.54,31.12,72.14,8
1970-06-05,0.1261,0.1409,0.1261,0.1337,140088,43.03,43.03,31.12,100.0,9
1970-06-12,0.1313,0.1313,0.1179,0.1251,120500,40.11,43.03,31.12,75.46,10
1970-06-19,0.1251,0.1361,0.1246,0.1356,195825,45.01,45.01,31.12,100.0,11
1970-06-26,0.1356,0.1356,0.1227,0.1246,104677,41.2,45.01,31.12,72.63,12
1970-07-02,0.1246,0.1313,0.1241,0.127,56850,42.34,45.01,31.12,80.79,13
1970-07-10,0.1265,0.1337,0.1217,0.1318,77353,44.65,45.01,31.12,97.46,14
1970-07-17,0.1318,0.1438,0.1246,0.1419,249482,49.27,49.27,31.12,100.0,15
1970-07-24,0.1419,0.1442,0.1371,0.1419,86840,49.27,49.27,31.12,100.0,16
1970-07-31,0.1419,0.1495,0.139,0.139,143288,47.95,49.27,31.12,92.71,17
1970-08-07,0.139,0.139,0.1227,0.127,629228,42.79,49.27,31.12,64.27,18
1970-08-14,0.127,0.128,0.116,0.1169,100827,39.0,49.27,31.12,43.42,19
1970-08-21,0.1169,0.1304,0.1136,0.1304,227437,45.89,49.27,31.12,81.36,20
1970-08-28,0.1332,0.1433,0.1332,0.138,138950,49.4,49.4,31.12,100.0,21
1970-09-04,0.138,0.1452,0.1347,0.1419,52300,51.11,51.11,31.12,100.0,22
1970-09-11,0.1419,0.1591,0.1419,0.1548,90897,56.45,56.45,31.12,100.0,23
1970-09-18,0.1548,0.1586,0.1505,0.1572,80493,57.39,57.39,31.12,100.0,24
1970-09-25,0.1572,0.161,0.15,0.1596,116214,58.34,58.34,31.12,100.0,25
1970-10-02,0.1596,0.1668,0.1553,0.1649,84365,60.45,60.45,31.12,100.0,26
1970-10-09,0.1649,0.1654,0.1524,0.1534,72632,54.04,60.45,31.12,78.12,27
1970-10-16,0.1534,0.1644,0.1534,0.161,40843,57.29,60.45,31.12,89.22,28
1970-10-23,0.1596,0.1654,0.1553,0.1649,33890,58.86,60.45,31.12,94.57,29
1970-10-30,0.1649,0.1668,0.1634,0.1634,64501,57.99,60.45,31.12,91.59,30
1970-11-06,0.162,0.1644,0.1553,0.1567,231381,54.04,60.45,31.12,78.14,31
1970-11-13,0.1567,0.1582,0.151,0.151,117577,50.81,60.45,31.12,67.12,32
1970-11-20,0.1471,0.1524,0.1438,0.151,87428,50.81,60.45,31.12,67.12,33
1970-11-27,0.151,0.1601,0.1471,0.1601,53629,55.66,60.45,31.12,83.64,34
1970-12-04,0.163,0.1706,0.1625,0.1706,126913,60.5,60.5,31.12,100.0,35
1970-12-11,0.1706,0.172,0.1658,0.1682,51700,58.91,60.5,31.12,94.6,36
1970-12-18,0.1682,0.1778,0.1682,0.1769,91094,62.7,62.7,31.12,100.0,37
1970-12-24,0.1769,0.1778,0.1687,0.1749,53163,61.32,62.7,31.12,95.66,38
1970-12-31,0.1749,0.1783,0.1716,0.1778,54110,62.64,62.7,31.12,99.81,39
1971-01-08,0.1764,0.1764,0.1697,0.1702,102631,57.14,62.7,31.12,82.41,40
1971-01-15,0.1702,0.1783,0.1697,0.1773,72204,60.62,62.7,31.12,93.43,41
1971-01-22,0.1773,0.1936,0.1773,0.1912,127414,66.32,66.32,31.12,100.0,42
1971-01-29,0.1912,0.1956,0.1888,0.1956,111572,67.88,67.88,31.12,100.0,43
1971-02-05,0.1956,0.2061,0.1936,0.2061,76424,71.36,71.36,31.12,100.0,44
1971-02-12,0.2061,0.2071,0.1965,0.2061,93090,71.36,71.36,31.12,100.0,45
1971-02-19,0.2061,0.2099,0.2042,0.2066,46294,71.53,71.53,31.12,100.0,46
1971-02-26,0.2056,0.2143,0.198,0.2128,84181,73.62,73.62,31.12,100.0,47
1971-03-05,0.2128,0.2291,0.2109,0.2276,181748,77.82,77.82,31.12,100.0,48
1971-03-12,0.2286,0.2473,0.2286,0.2349,162870,79.52,79.52,31.12,100.0,49
1971-03-19,0.2349,0.2502,0.2344,0.2502,75649,82.58,82.58,31.12,100.0,50
1971-03-26,0.2502,0.2531,0.2454,0.2531,86420,83.09,83.09,31.12,100.0,51
1971-04-02,0.254,0.2679,0.254,0.2679,132373,85.46,85.46,31.12,100.0,52
1971-04-08,0.2679,0.2732,0.2641,0.2717,153041,86.01,86.01,31.12,100.0,53
1971-04-16,0.2722,0.2809,0.2722,0.2761,71771,86.62,86.62,31.12,100.0,54
1971-04-23,0.2761,0.2847,0.2761,0.278,81027,86.89,86.89,31.12,100.0,55
1971-04-30,0.278,0.2972,0.2775,0.2876,115095,88.19,88.19,31.12,100.0,56
1971-05-07,0.2876,0.2905,0.2837,0.2895,84813,88.43,88.43,31.12,100.0,57
1971-05-14,0.2885,0.3096,0.2814,0.3063,85103,90.34,90.34,31.12,100.0,58
1971-05-21,0.3063,0.3063,0.2905,0.2967,60615,82.01,90.34,31.12,85.95,59
1971-05-28,0.2967,0.3029,0.2957,0.3029,36958,83.1,90.34,31.12,87.78,60
1971-06-04,0.3029,0.3317,0.3029,0.3192,97633,85.56,90.34,31.12,91.93,61
1971-06-11,0.3192,0.3235,0.3115,0.3178,74621,84.41,90.34,31.12,89.99,62
1971-06-18,0.3192,0.3451,0.3106,0.3185,219918,84.51,90.34,31.12,90.17,63
1971-06-25,0.3163,0.335,0.2991,0.335,193058,86.88,90.34,31.12,94.17,64
1971-07-02,0.335,0.3494,0.3322,0.3393,99239,87.42,90.34,31.12,95.08,65
1971-07-09,0.3401,0.3451,0.3393,0.3401,36337,87.52,90.34,31.12,95.24,66
1971-07-16,0.3401,0.3429,0.3192,0.3235,85522,74.05,90.34,31.12,72.5,67
1971-07-23,0.3235,0.3343,0.3206,0.3235,110253,74.05,90.34,31.12,72.5,68
1971-07-30,0.3221,0.3228,0.3077,0.3106,129442,64.99,90.34,31.12,57.19,69
1971-08-06,0.3106,0.3221,0.3034,0.3163,163941,66.93,90.34,31.12,60.47,70
1971-08-13,0.3192,0.3372,0.3192,0.3307,65521,71.21,90.34,31.12,67.71,71
1971-08-20,0.3393,0.3494,0.3221,0.3336,182746,72.0,90.34,31.12,69.03,72
1971-08-27,0.3336,0.3415,0.3278,0.3379,77146,73.17,90.34,31.12,71.02,73
1971-09-03,0.3379,0.3587,0.335,0.3573,111062,77.72,90.34,31.12,78.69,74
1971-09-10,0.358,0.3724,0.358,0.3717,112642,80.37,90.34,31.12,83.17,75
1971-09-17,0.371,0.3732,0.3652,0.3695,66044,78.83,90.34,31.12,80.58,76
1971-09-24,0.3695,0.3717,0.3322,0.348,192969,65.53,90.34,31.12,58.12,77
1971-10-01,0.348,0.3595,0.348,0.3595,137244,68.58,90.34,31.12,63.26,78
1971-10-08,0.3595,0.3854,0.358,0.381,54756,73.34,90.34,31.12,71.29,79
1971-10-15,0.381,0.3825,0.3544,0.3587,28346,62.75,90.34,31.12,53.42,80
1971-10-22,0.3609,0.363,0.348,0.353,67032,60.36,90.34,31.12,49.37,81
1971-10-29,0.353,0.358,0.3393,0.358,81926,61.74,90.34,31.12,51.71,82
1971-11-05,0.358,0.3732,0.3494,0.3702,90440,64.94,90.34,31.12,57.12,83
1971-11-12,0.3702,0.3825,0.3559,0.3595,158173,60.16,90.34,31.12,49.04,84
1971-11-19,0.3595,0.3681,0.3494,0.3494,37265,56.0,90.34,31.12,42.01,85
1971-11-26,0.3494,0.3566,0.3451,0.3566,97660,58.22,90.34,31.12,45.76,86
1971-12-03,0.3695,0.4019,0.3695,0.3925,128751,67.15,90.34,31.12,60.85,87
1971-12-10,0.3969,0.4285,0.3969,0.4155,93039,71.37,90.34,31.12,67.97,88
1971-12-17,0.4155,0.4342,0.4033,0.4285,90845,73.44,90.34,31.12,71.46,89
1971-12-23,0.4371,0.4479,0.4256,0.4271,63062,72.81,90.34,31.12,70.4,90
1971-12-31,0.4271,0.4357,0.4148,0.4357,49936,74.23,90.34,31.12,72.81,91
1972-01-07,0.4357,0.4486,0.4278,0.4479,72435,76.15,90.34,31.12,76.04,92
1972-01-14,0.4486,0.4537,0.4285,0.4314,101344,68.72,90.34,31.12,63.5,93
1972-01-21,0.4314,0.4357,0.4278,0.4349,67843,69.41,90.34,31.12,64.66,94
1972-01-28,0.4349,0.4594,0.4263,0.4594,53946,73.7,90.34,31.12,71.91,95
1972-02-04,0.4601,0.4982,0.4601,0.4889,104840,77.76,90.34,31.12,78.77,96
1972-02-11,0.4889,0.4996,0.4731,0.4996,73837,79.03,90.34,31.12,80.91,97
1972-02-18,0.4996,0.5248,0.4982,0.509,75665,80.1,90.34,31.12,82.71,98
1972-02-25,0.509,0.5176,0.4874,0.5018,50035,76.87,90.34,31.12,77.26,99
1972-03-03,0.5018,0.5306,0.5004,0.5291,57443,80.14,90.34,31.12,82.79,100
1972-03-10,0.5328,0.5435,0.5234,0.5248,93560,78.26,90.34,31.12,79.61,101
1972-03-17,0.5248,0.5306,0.5061,0.5291,88456,78.8,90.34,31.12,80.51,102
1972-03-24,0.5291,0.5457,0.5098,0.5435,81956,80.52,90.34,31.12,83.43,103
1972-03-30,0.5435,0.5579,0.5385,0.5565,53541,81.95,90.34,31.12,85.84,104
1972-04-07,0.5579,0.5895,0.5579,0.5766,135744,83.92,90.34,31.12,89.17,105
1972-04-14,0.5766,0.5873,0.5694,0.5867,101442,84.81,90.34,31.12,90.67,106
1972-04-21,0.5924,0.6212,0.5766,0.5881,130145,84.94,90.34,31.12,90.89,107
1972-04-28,0.5881,0.6154,0.5845,0.6111,76949,86.86,90.34,31.12,94.13,108
1972-05-05,0.6111,0.637,0.6097,0.6327,114747,88.36,90.34,31.12,96.66,109
1972-05-12,0.6327,0.6355,0.5938,0.6061,141265,76.75,90.34,31.12,77.06,110
1972-05-19,0.6061,0.66,0.6018,0.66,103151,81.94,90.34,31.12,85.81,111
1972-05-26,0.66,0.706,0.6592,0.7046,140957,84.93,90.34,31.12,90.87,112
1972-06-02,0.7046,0.7204,0.6262,0.6499,143042,69.69,90.34,31.12,65.13,113
1972-06-09,0.6427,0.6629,0.6168,0.6485,162934,69.35,90.34,31.12,64.56,114
1972-06-16,0.6499,0.7233,0.6499,0.7204,154786,75.91,90.34,31.12,75.64,115
1972-06-23,0.7204,0.7204,0.6701,0.6873,155141,68.62,90.34,31.12,63.33,116
1972-06-30,0.6873,0.6931,0.66,0.6816,123517,67.41,90.34,31.12,61.29,117
1972-07-07,0.6858,0.7276,0.6858,0.6959,127171,68.89,90.34,31.12,63.78,118
1972-07-14,0.6844,0.6902,0.66,0.6657,138706,62.47,90.34,31.12,52.94,119
1972-07-21,0.6657,0.6715,0.5752,0.6643,392494,62.19,90.34,31.12,52.46,120
1972-07-28,0.6729,0.6873,0.6227,0.647,158025,58.59,90.34,31.12,46.39,121
1972-08-04,0.6514,0.6831,0.6514,0.6528,193404,59.43,90.34,31.12,47.81,122
1972-08-11,0.6528,0.7146,0.647,0.7146,158617,67.15,90.34,31.12,60.85,123
1972-08-18,0.7189,0.7362,0.7003,0.7046,158795,65.0,90.34,31.12,57.21,124
1972-08-25,0.7046,0.7059,0.66,0.6614,207803,56.56,90.34,31.12,42.96,125
1972-09-01,0.6614,0.6944,0.6456,0.6816,197452,59.22,90.34,31.12,47.45,126
1972-09-08,0.6816,0.6959,0.6701,0.6729,63645,57.59,90.34,31.12,44.7,127
1972-09-15,0.6715,0.6715,0.6456,0.6528,236701,53.87,90.34,31.12,38.42,128
1972-09-22,0.6528,0.6715,0.624,0.634,227378,50.59,90.34,31.12,32.88,129
1972-09-29,0.6313,0.6614,0.6254,0.647,298253,52.74,90.34,31.12,36.5,130
1972-10-06,0.6456,0.6902,0.6298,0.66,287842,54.85,90.34,31.12,40.07,131
1972-10-13,0.66,0.6787,0.6442,0.6557,156780,53.98,90.34,31.12,38.6,132
1972-10-20,0.6528,0.6831,0.6442,0.6701,248771,56.44,90.34,31.12,42.75,133
1972-10-27,0.6701,0.7218,0.6614,0.7032,302342,61.54,90.34,31.12,51.37,134
1972-11-03,0.7032,0.7462,0.6973,0.7362,201086,65.83,90.34,31.12,58.62,135
1972-11-10,0.7333,0.7333,0.6873,0.7103,156662,60.16,90.34,31.12,49.04,136
1972-11-17,0.7103,0.7204,0.6858,0.7161,141788,60.97,90.34,31.12,50.4,137
1972-11-24,0.7161,0.7462,0.7132,0.7189,103605,61.39,90.34,31.12,51.11,138
1972-12-01,0.7189,0.7707,0.7103,0.7707,177521,68.05,90.34,31.12,62.36,139
1972-12-08,0.7736,0.8167,0.7736,0.8081,140366,71.83,90.34,31.12,68.75,140
1972-12-15,0.8052,0.8326,0.7765,0.8138,145620,72.37,90.34,31.12,69.66,141
1972-12-22,0.8138,0.8714,0.7908,0.857,172208,76.08,90.34,31.12,75.93,142
1972-12-29,0.857,0.89,0.857,0.8771,90903,77.6,90.34,31.12,78.49,143
1973-01-05,0.8771,0.8844,0.8426,0.8497,185739,71.02,90.34,31.12,67.37,144
1973-01-12,0.8497,0.8729,0.8326,0.8426,222361,69.37,90.34,31.12,64.59,145
1973-01-19,0.8426,0.8757,0.8081,0.8469,257640,69.82,90.34,31.12,65.35,146
1973-01-26,0.8469,0.8497,0.824,0.8382,185027,67.64,90.34,31.12,61.68,147
1973-02-02,0.8382,0.8441,0.765,0.765,349986,52.65,90.34,31.12,36.36,148
1973-02-09,0.7621,0.8469,0.7434,0.8455,373788,62.49,90.34,31.12,52.98,149
1973-02-16,0.8455,0.8785,0.8023,0.8125,306153,57.24,90.34,31.12,44.11,150
1973-02-23,0.8125,0.824,0.7893,0.798,108998,55.05,90.34,31.12,40.41,151
1973-03-02,0.7851,0.7851,0.7074,0.7707,650944,51.1,90.34,31.12,33.73,152
1973-03-09,0.7707,0.8138,0.7521,0.7908,250727,53.74,90.34,31.12,38.2,153
1973-03-16,0.7951,0.8052,0.7765,0.7837,171239,52.65,90.34,31.12,36.36,154
1973-03-23,0.7822,0.7822,0.7088,0.7233,433501,44.46,90.34,31.12,22.53,155
1973-03-30,0.7233,0.7937,0.7218,0.7663,221235,50.38,90.34,31.12,32.53,156
1973-04-06,0.7663,0.788,0.7132,0.7851,226252,52.75,90.34,31.12,36.52,157
1973-04-13,0.7851,0.7923,0.7521,0.7535,182163,48.55,90.34,31.12,29.43,158
1973-04-19,0.7535,0.7621,0.7304,0.7548,112968,48.74,90.34,31.12,29.75,159
1973-04-27,0.7491,0.7491,0.6787,0.6802,363200,40.04,90.34,31.12,15.06,160
1973-05-04,0.6802,0.7736,0.6672,0.7678,496692,51.08,90.34,31.12,33.71,161
1973-05-11,0.7678,0.8052,0.7247,0.7247,393225,46.54,90.34,31.12,26.04,162
1973-05-18,0.7174,0.7462,0.6816,0.7017,380741,44.28,90.34,31.12,22.22,163
1973-05-25,0.7017,0.7923,0.6831,0.788,411852,53.42,90.34,31.12,37.65,164
1973-06-01,0.7851,0.7851,0.7204,0.7347,133630,48.16,90.34,31.12,28.78,165
1973-06-08,0.7347,0.7822,0.7333,0.7535,298983,50.03,90.34,31.12,31.93,166
1973-06-15,0.7362,0.7765,0.6816,0.6844,611753,43.79,90.34,31.12,21.39,167
1973-06-22,0.6844,0.7074,0.6456,0.647,401542,40.82,90.34,31.12,16.38,168
1973-06-29,0.6355,0.6772,0.5997,0.6571,533867,41.95,90.34,31.12,18.3,169
1973-07-06,0.6528,0.6528,0.6212,0.6399,206736,40.52,90.34,31.12,15.87,170
1973-07-13,0.6399,0.7174,0.6399,0.6902,392336,46.31,90.34,31.12,25.66,171
1973-07-20,0.6902,0.7592,0.6888,0.7592,351211,53.07,90.34,31.12,37.07,172
1973-07-27,0.7592,0.7908,0.7333,0.7406,337581,51.2,90.34,31.12,33.9,173
1973-08-03,0.7406,0.7707,0.7003,0.7247,375487,49.59,90.34,31.12,31.19,174
1973-08-10,0.7247,0.7347,0.7046,0.7261,174953,49.74,90.34,31.12,31.44,175
1973-08-17,0.7261,0.7477,0.6931,0.7132,172366,48.32,90.34,31.12,29.04,176
1973-08-24,0.7118,0.7521,0.7059,0.7434,182716,51.8,90.34,31.12,34.93,177
1973-08-31,0.7434,0.7678,0.7391,0.7535,164207,52.93,90.34,31.12,36.84,178
1973-09-07,0.7535,0.7592,0.7376,0.7376,103645,50.89,90.34,31.12,33.39,179
1973-09-14,0.7376,0.7893,0.729,0.7607,246716,53.69,90.34,31.12,38.12,180
1973-09-21,0.7607,0.8382,0.7506,0.8311,288772,60.98,90.34,31.12,50.43,181
1973-09-28,0.8311,0.8556,0.8023,0.8081,170311,57.78,90.34,31.12,45.02,182
1973-10-05,0.8081,0.8282,0.7736,0.7923,243062,55.63,90.34,31.12,41.39,183
1973-10-12,0.7923,0.8512,0.7793,0.8282,307299,59.35,90.34,31.12,47.67,184
1973-10-19,0.8253,0.8267,0.7951,0.7995,121363,55.34,90.34,31.12,40.91,185
1973-10-26,0.7995,0.8355,0.7865,0.8282,161263,58.37,90.34,31.12,46.01,186
1973-11-02,0.8355,0.8441,0.7865,0.798,223605,54.21,90.34,31.12,38.99,187
1973-11-09,0.7951,0.7951,0.7477,0.7535,254321,48.71,90.34,31.12,29.7,188
1973-11-16,0.7391,0.7391,0.6629,0.6858,607230,41.78,90.34,31.12,17.99,189
1973-11-23,0.6758,0.6758,0.532,0.542,815862,31.51,90.34,31.12,0.65,190
1973-11-30,0.542,0.6254,0.5076,0.5795,709866,35.93,90.34,31.12,8.12,191
1973-12-07,0.5795,0.6485,0.5306,0.6125,661611,39.63,90.34,31.12,14.37,192
1973-12-14,0.6125,0.6629,0.5867,0.6428,424672,42.88,90.34,31.12,19.86,193
1973-12-21,0.6428,0.6643,0.6313,0.6442,164603,43.03,90.34,31.12,20.11,194
1973-12-28,0.6355,0.6701,0.5997,0.6629,235832,45.15,90.34,31.12,23.69,195
1974-01-04,0.6629,0.6888,0.5924,0.6097,248257,40.54,90.34,31.12,15.9,196
1974-01-11,0.6097,0.6097,0.5479,0.5924,345283,39.14,90.34,31.12,13.55,197
1974-01-18,0.5924,0.6499,0.5838,0.6284,227003,43.51,90.34,31.12,20.92,198
1974-01-25,0.6284,0.6657,0.6183,0.6298,215999,43.68,90.34,31.12,21.2,199
1974-02-01,0.6298,0.6428,0.6154,0.6168,109848,42.41,90.34,31.12,19.06,200
1974-02-08,0.6068,0.6068,0.5737,0.5752,243081,38.54,90.34,31.12,12.53,201
1974-02-15,0.568,0.5795,0.5406,0.5723,323141,38.28,90.34,31.12,12.09,202
1974-02-22,0.5723,0.6025,0.5723,0.5982,235200,42.06,90.34,31.12,18.48,203
1974-03-01,0.5982,0.6068,0.568,0.6039,271724,42.9,90.34,31.12,19.89,204
1974-03-08,0.6039,0.6643,0.5967,0.6571,398618,50.08,90.34,31.12,32.02,205
1974-03-15,0.6571,0.6844,0.6355,0.66,396997,50.46,90.34,31.12,32.66,206
1974-03-22,0.6571,0.6571,0.6284,0.6369,188267,47.47,90.34,31.12,27.61,207
1974-03-29,0.6369,0.6428,0.6039,0.6053,130035,43.66,90.34,31.12,21.17,208
1974-04-05,0.6053,0.6212,0.601,0.6053,152988,43.66,90.34,31.12,21.17,209
1974-04-11,0.6053,0.6097,0.5924,0.5924,123930,42.06,90.34,31.12,18.48,210
1974-04-19,0.5924,0.6456,0.5895,0.6227,172228,46.96,90.34,31.12,26.76,211
1974-04-26,0.6227,0.6269,0.5795,0.601,214144,44.09,90.34,31.12,21.91,212
1974-05-03,0.601,0.634,0.5997,0.6154,269195,46.44,90.34,31.12,25.87,213
1974-05-10,0.6154,0.6873,0.6112,0.6542,220484,52.25,90.34,31.12,35.68,214
1974-05-17,0.6542,0.6758,0.6399,0.6428,311409,50.52,90.34,31.12,32.75,215
1974-05-24,0.6428,0.6772,0.6428,0.6715,232672,54.61,90.34,31.12,39.67,216
1974-05-31,0.6715,0.6715,0.6269,0.6269,205215,47.97,90.34,31.12,28.46,217
1974-06-07,0.6269,0.6888,0.6212,0.6787,340109,54.83,90.34,31.12,40.04,218
1974-06-14,0.6787,0.7276,0.6729,0.7046,377858,57.83,90.34,31.12,45.1,219
1974-06-21,0.7046,0.7161,0.6269,0.6327,278716,48.26,90.34,31.12,28.94,220
1974-06-28,0.6327,0.6485,0.5334,0.5508,635002,40.11,90.34,31.12,15.19,221
1974-07-05,0.5508,0.5737,0.5349,0.5479,242351,39.86,90.34,31.12,14.76,222
1974-07-12,0.4414,0.4889,0.417,0.4875,892721,34.86,90.34,31.12,6.32,223
1974-07-19,0.4875,0.5205,0.4615,0.5033,495151,37.08,90.34,31.12,10.06,224
1974-07-26,0.5033,0.5191,0.4716,0.4716,243635,34.54,90.34,31.12,5.77,225
1974-08-02,0.4674,0.4688,0.4241,0.4429,405373,32.37,90.34,31.12,2.1,226
1974-08-09,0.4429,0.5119,0.4429,0.473,495901,36.85,90.34,31.12,9.67,227
1974-08-16,0.473,0.4816,0.4271,0.4271,331477,33.24,90.34,31.12,3.57,228
1974-08-23,0.4271,0.4457,0.3522,0.3566,586292,28.6,90.34,28.6,0.0,229
1974-08-30,0.3581,0.417,0.3581,0.4026,471427,34.97,90.34,28.6,10.33,230
1974-09-06,0.4026,0.404,0.3365,0.348,603062,31.39,90.34,28.6,4.52,231
1974-09-13,0.348,0.348,0.312,0.312,359329,29.26,90.34,28.6,1.07,232
1974-09-20,0.312,0.3609,0.312,0.3436,424257,33.53,90.34,28.6,7.98,233
1974-09-27,0.3436,0.3508,0.2876,0.289,367328,30.14,90.34,28.6,2.51,234
1974-10-04,0.2847,0.302,0.2444,0.2444,363952,27.69,90.34,27.69,0.0,235
1974-10-11,0.2574,0.3351,0.2574,0.3278,810529,37.88,90.34,27.69,16.26,236
1974-10-18,0.338,0.3739,0.3321,0.3696,739299,42.27,90.34,27.69,23.26,237
1974-10-25,0.3696,0.417,0.3508,0.371,743170,42.41,90.34,27.69,23.5,238
1974-11-01,0.371,0.4185,0.3581,0.404,609403,45.91,90.34,27.69,29.07,239
1974-11-08,0.3955,0.4529,0.3868,0.4457,628978,50.03,90.34,27.69,35.66,240
1974-11-15,0.4457,0.4486,0.3782,0.3825,517057,44.49,90.34,27.69,26.82,241
1974-11-22,0.371,0.3897,0.3466,0.3767,487565,44.02,90.34,27.69,26.06,242
1974-11-29,0.3767,0.4126,0.3637,0.3897,370963,45.44,90.34,27.69,28.33,243
1974-12-06,0.3854,0.3868,0.348,0.348,277393,41.76,90.34,27.69,22.46,244
1974-12-13,0.348,0.3969,0.3451,0.371,408987,44.43,90.34,27.69,26.72,245
1974-12-20,0.371,0.3825,0.3077,0.3091,938371,39.23,90.34,27.69,18.41,246
1974-12-27,0.3106,0.3407,0.3106,0.3307,262934,41.79,90.34,27.69,22.51,247
1975-01-03,0.3292,0.3495,0.3192,0.3407,319131,42.99,90.34,27.69,24.42,248
1975-01-10,0.3407,0.3522,0.3077,0.3307,338628,42.06,90.34,27.69,22.93,249
1975-01-17,0.3307,0.3537,0.3178,0.325,365235,41.5,90.34,27.69,22.04,250
1975-01-24,0.325,0.3566,0.3206,0.3508,412287,45.03,90.34,27.69,27.68,251
1975-01-31,0.3637,0.4011,0.3637,0.394,839586,50.41,90.34,27.69,36.26,252
1975-02-07,0.394,0.4314,0.3753,0.4241,719033,53.81,90.34,27.69,41.68,253
1975-02-14,0.4241,0.4831,0.417,0.4688,967388,58.36,90.34,27.69,48.95,254
1975-02-21,0.4688,0.5004,0.4587,0.4831,399487,59.73,90.34,27.69,51.15,255
1975-02-28,0.4803,0.4803,0.4515,0.4688,525571,57.68,90.34,27.69,47.87,256
1975-03-07,0.4702,0.5061,0.4702,0.5018,574361,60.99,90.34,27.69,53.16,257
1975-03-14,0.5018,0.5133,0.4803,0.4918,399447,59.47,90.34,27.69,50.73,258
1975-03-21,0.4931,0.5234,0.4831,0.4946,374973,59.78,90.34,27.69,51.23,259
1975-03-27,0.4816,0.5161,0.4644,0.5076,256534,61.23,90.34,27.69,53.53,260
1975-04-04,0.5076,0.5493,0.4975,0.5435,336672,64.97,90.34,27.69,59.51,260
1975-04-11,0.5435,0.5694,0.5334,0.542,444859,64.69,90.34,27.69,59.06,260
1975-04-18,0.542,0.5795,0.5234,0.5608,658648,66.63,90.34,27.69,62.16,260
1975-04-25,0.5622,0.6125,0.5594,0.6112,338113,71.22,90.34,27.69,69.48,260
1975-05-02,0.6112,0.6369,0.5867,0.6154,425106,71.57,90.34,27.69,70.05,260
1975-05-09,0.6154,0.6298,0.6039,0.6212,265541,72.07,90.34,27.69,70.85,260
1975-05-16,0.6269,0.6959,0.6269,0.6428,447507,73.94,90.34,27.69,73.82,260
1975-05-23,0.6428,0.6614,0.6212,0.6284,349057,70.57,90.34,27.69,68.44,260
1975-05-30,0.6284,0.6313,0.6068,0.6212,317491,68.86,90.34,27.69,65.72,260
1975-06-06,0.6212,0.6269,0.5895,0.601,297344,64.23,90.34,27.69,58.32,260
1975-06-13,0.601,0.6039,0.5737,0.5982,184435,63.57,90.34,27.69,57.27,260
1975-06-20,0.5997,0.6313,0.5997,0.6212,184454,66.53,90.34,27.69,61.99,260
1975-06-27,0.6212,0.6672,0.6125,0.6614,288474,70.97,90.34,27.69,69.08,260
1975-07-03,0.6614,0.6657,0.6254,0.6399,233698,65.93,90.34,27.69,61.04,260
1975-07-11,0.6355,0.6542,0.6097,0.6528,298548,67.42,90.34,27.69,63.42,260
1975-07-18,0.6528,0.66,0.6227,0.634,187872,63.1,90.34,27.69,56.52,260
1975-07-25,0.634,0.6442,0.5694,0.578,257739,52.3,90.34,27.69,39.28,260
1975-08-01,0.578,0.5924,0.5363,0.5464,473482,47.37,90.34,27.69,31.41,260
1975-08-08,0.5435,0.5564,0.532,0.532,327684,45.28,90.34,27.69,28.07,260
1975-08-15,0.532,0.5608,0.509,0.5248,284208,44.22,90.34,27.69,26.38,260
1975-08-22,0.5248,0.532,0.4889,0.5148,302815,42.74,90.34,27.69,24.01,260
1975-08-29,0.5148,0.5493,0.5119,0.542,299852,47.87,90.34,27.69,32.21,260
1975-09-05,0.542,0.5464,0.5161,0.5306,191921,46.02,90.34,27.69,29.25,260
1975-09-12,0.5306,0.5363,0.5018,0.5191,195200,44.15,90.34,27.69,26.27,260
1975-09-19,0.5191,0.5752,0.5176,0.568,241601,52.89,90.34,27.69,40.22,260
1975-09-26,0.568,0.5795,0.5493,0.568,348228,52.89,90.34,27.69,40.22,260
1975-10-03,0.568,0.568,0.5205,0.5622,267950,51.76,90.34,27.69,38.42,260
1975-10-10,0.568,0.6125,0.568,0.591,497167,56.65,90.34,27.69,46.23,260
1975-10-17,0.591,0.6227,0.5867,0.5895,327289,56.33,90.34,27.69,45.72,260
1975-10-24,0.5895,0.6198,0.5895,0.6097,303525,59.63,90.34,27.69,50.98,260
1975-10-31,0.6097,0.6139,0.5967,0.6053,225581,58.59,90.34,27.69,49.33,260
1975-11-07,0.6039,0.6428,0.5924,0.6428,278045,64.31,90.34,27.69,58.45,260
1975-11-14,0.6428,0.6687,0.6384,0.6485,288948,65.1,90.34,27.69,59.72,260
1975-11-21,0.6499,0.6643,0.6399,0.647,322114,64.7,90.34,27.69,59.07,260
1975-11-28,0.647,0.6672,0.6399,0.6672,186252,67.61,90.34,27.69,63.72,260
1975-12-05,0.6672,0.6758,0.6168,0.6212,412623,56.2,90.34,27.69,45.51,260
1975-12-12,0.6212,0.6313,0.6139,0.6139,279329,54.64,90.34,27.69,43.01,260
1975-12-19,0.6139,0.6428,0.6097,0.6355,314351,58.36,90.34,27.69,48.95,260
1975-12-26,0.6355,0.6672,0.6284,0.6672,149195,63.13,90.34,27.69,56.57,260
1976-01-02,0.6672,0.6831,0.6542,0.6816,118736,65.09,90.34,27.69,59.69,260
1976-01-09,0.6816,0.6931,0.6657,0.6873,444819,65.87,90.34,27.69,60.94,260
1976-01-16,0.6873,0.7161,0.6844,0.6944,591624,66.86,90.34,27.69,62.52,260
1976-01-23,0.6944,0.7261,0.6844,0.7174,534480,69.89,90.34,27.69,67.36,260
1976-01-30,0.7174,0.7233,0.6873,0.7161,510242,69.48,90.34,27.69,66.7,260
1976-02-06,0.7161,0.7189,0.6944,0.7132,408178,68.57,90.34,27.69,65.26,260
1976-02-13,0.7132,0.7333,0.7059,0.7189,324781,69.43,90.34,27.69,66.63,260
1976-02-20,0.7189,0.7477,0.7174,0.7391,304158,72.28,90.34,27.69,71.17,260
1976-02-27,0.7362,0.7448,0.7088,0.7218,348227,66.55,90.34,27.69,62.03,260
1976-03-05,0.7218,0.7276,0.6888,0.6959,274213,59.0,90.34,27.69,49.98,260
1976-03-12,0.6973,0.7189,0.6959,0.6959,259537,59.0,90.34,27.69,49.98,260
1976-03-19,0.6959,0.7088,0.6917,0.7017,260722,60.17,90.34,27.69,51.84,260
1976-03-26,0.7017,0.7347,0.6944,0.7161,274350,63.0,90.34,27.69,56.36,260
1976-04-02,0.7174,0.7406,0.7174,0.7376,231862,66.8,90.34,27.69,62.43,260
1976-04-09,0.7419,0.7592,0.7146,0.7161,267793,60.15,90.34,27.69,51.81,260
1976-04-15,0.7161,0.7218,0.6888,0.6888,151092,52.95,90.34,27.69,40.32,260
1976-04-23,0.6917,0.7347,0.6917,0.7088,328731,57.02,90.34,27.69,46.81,260
1976-04-30,0.7088,0.7204,0.7046,0.7103,202430,57.31,90.34,27.69,47.28,260
1976-05-07,0.7103,0.7347,0.7059,0.7276,328889,60.69,88.36,27.69,54.39,260
1976-05-14,0.7276,0.7347,0.6614,0.6643,441126,46.25,88.36,27.69,30.59,260
1976-05-21,0.6643,0.6729,0.6269,0.6428,804346,42.55,88.36,27.69,24.48,260
1976-05-28,0.6384,0.6413,0.6139,0.6413,319941,42.29,88.36,27.69,24.07,260
1976-06-04,0.6413,0.6442,0.6139,0.6139,333295,37.84,88.36,27.69,16.73,260
1976-06-11,0.6039,0.6384,0.5953,0.6369,585106,43.25,88.36,27.69,25.64,260
1976-06-18,0.6369,0.6629,0.6313,0.66,364287,48.13,88.36,27.69,33.68,260
1976-06-25,0.66,0.6743,0.647,0.6629,253670,48.72,88.36,27.69,34.66,260
1976-07-02,0.6643,0.6772,0.6614,0.6629,211991,48.72,88.36,27.69,34.66,260
1976-07-09,0.6614,0.6614,0.6499,0.6571,152712,47.44,88.36,27.69,32.55,260
1976-07-16,0.6571,0.6902,0.6557,0.6873,350953,54.12,88.36,27.69,43.57,260
1976-07-23,0.6858,0.6858,0.6528,0.6528,235081,46.81,88.36,27.69,31.51,260
1976-07-30,0.6528,0.6557,0.6442,0.6528,158124,46.81,88.36,27.69,31.51,260
1976-08-06,0.6528,0.6571,0.6269,0.6327,279507,42.89,88.36,27.69,25.05,260
1976-08-13,0.6313,0.6313,0.6125,0.6168,252167,40.04,88.36,27.69,20.36,260
1976-08-20,0.6212,0.6384,0.6212,0.624,225896,41.94,88.36,27.69,23.48,260
1976-08-27,0.6227,0.6269,0.6068,0.6212,211556,41.38,88.36,27.69,22.56,260
1976-09-03,0.6212,0.6672,0.6212,0.6672,219062,52.33,88.36,27.69,40.61,260
1976-09-10,0.6672,0.6758,0.6629,0.6715,163418,53.22,88.36,27.69,42.08,260
1976-09-17,0.6715,0.6816,0.6528,0.6787,306390,54.71,88.36,27.69,44.54,260
1976-09-24,0.6787,0.6858,0.6614,0.6672,319527,51.84,88.36,27.69,39.81,260
1976-10-01,0.6672,0.6672,0.6125,0.624,377126,42.77,88.36,27.69,24.86,260
1976-10-08,0.624,0.6528,0.6168,0.6413,276919,46.78,88.36,27.69,31.47,260
1976-10-15,0.6399,0.6399,0.5953,0.6039,257955,40.21,88.36,27.69,20.63,260
1976-10-22,0.6053,0.6183,0.5608,0.5709,414440,35.47,88.36,27.69,12.82,260
1976-10-29,0.5709,0.6125,0.5665,0.6112,363002,44.12,88.36,27.69,27.08,260
1976-11-05,0.6112,0.6327,0.601,0.6212,264336,46.06,88.36,27.69,30.27,260
1976-11-12,0.6212,0.6269,0.6039,0.624,379813,46.63,88.36,27.69,31.21,260
1976-11-19,0.6254,0.6557,0.6254,0.6499,433047,51.6,88.36,27.69,39.41,260
1976-11-26,0.6499,0.6528,0.6269,0.6369,216100,49.13,88.36,27.69,35.33,260
1976-12-03,0.6369,0.6428,0.6269,0.6327,236227,48.31,88.36,27.69,33.98,260
1976-12-10,0.6327,0.6442,0.6083,0.6083,696059,43.81,88.36,27.69,26.57,260
1976-12-17,0.6083,0.6112,0.5665,0.5752,1172740,38.56,88.36,27.69,17.91,260
1976-12-23,0.5752,0.6168,0.5752,0.6097,380504,45.84,88.36,27.69,29.92,260
1976-12-31,0.6125,0.6269,0.6097,0.6139,333649,46.68,88.36,27.69,31.3,260
1977-01-07,0.601,0.6139,0.5852,0.6097,328179,45.92,88.36,27.69,30.04,260
1977-01-14,0.6097,0.6125,0.5982,0.5982,475556,43.82,88.36,27.69,26.58,260
1977-01-21,0.5967,0.5982,0.5737,0.5795,291694,40.59,88.36,27.69,21.26,260
1977-01-28,0.578,0.578,0.5119,0.5278,1174222,33.26,88.36,27.69,9.17,260
1977-02-04,0.5278,0.542,0.5205,0.5291,610292,33.6,88.36,27.69,9.74,260
1977-02-11,0.5291,0.5349,0.5248,0.5278,419122,33.41,88.36,27.69,9.43,260
1977-02-18,0.5278,0.5406,0.5234,0.532,253650,34.61,88.36,27.69,11.41,260
1977-02-25,0.532,0.5363,0.5148,0.5161,189254,32.28,88.36,27.69,7.56,260
1977-03-04,0.5161,0.5306,0.5133,0.5234,219003,34.45,88.36,27.69,11.14,260
1977-03-11,0.5234,0.5248,0.4946,0.5046,418706,31.62,88.36,27.69,6.48,260
1977-03-18,0.5046,0.532,0.5046,0.509,272593,33.0,88.36,27.69,8.75,260
1977-03-25,0.509,0.5133,0.4789,0.4803,181808,28.87,88.36,27.69,1.94,260
1977-04-01,0.4803,0.4889,0.4559,0.4716,423763,27.75,88.36,27.69,0.09,260
1977-04-07,0.4716,0.4774,0.463,0.4774,178667,29.71,88.36,27.69,3.32,260
1977-04-15,0.4774,0.5033,0.4774,0.4931,413748,34.93,88.36,27.69,11.92,260
1977-04-22,0.4918,0.4918,0.4442,0.4442,326065,27.99,88.36,27.69,0.48,260
1977-04-29,0.4429,0.4615,0.4342,0.4587,445511,32.28,84.93,27.69,8.02,260
1977-05-06,0.4587,0.4702,0.4587,0.4674,332563,34.78,84.93,27.69,12.38,260
1977-05-13,0.4674,0.4816,0.4674,0.4789,344001,38.05,84.93,27.69,18.1,260
1977-05-20,0.4803,0.499,0.4774,0.499,538469,43.41,77.6,27.69,31.49,260
1977-05-27,0.496,0.496,0.4644,0.4659,264257,37.64,77.6,27.69,19.93,260
1977-06-03,0.4659,0.486,0.4615,0.4845,163892,42.29,77.6,27.69,29.24,260
1977-06-10,0.4845,0.5004,0.4845,0.496,197413,45.01,77.6,27.69,34.7,260
1977-06-17,0.499,0.5205,0.499,0.5176,198460,49.81,77.6,27.69,44.31,260
1977-06-24,0.5191,0.5449,0.5191,0.5349,287783,53.3,77.6,27.69,51.32,260
1977-07-01,0.5349,0.5406,0.5219,0.5248,132622,51.06,77.6,27.69,46.81,260
1977-07-08,0.5248,0.5393,0.5234,0.5363,122213,53.46,77.6,27.69,51.63,260
1977-07-15,0.5363,0.5464,0.5205,0.542,234034,54.66,77.6,27.69,54.03,260
1977-07-22,0.542,0.5694,0.542,0.5637,321975,58.94,77.6,27.69,62.61,260
1977-07-29,0.5637,0.565,0.5363,0.5393,212385,52.88,77.6,27.69,50.46,260
1977-08-05,0.5393,0.5479,0.5263,0.5334,210470,51.5,77.6,27.69,47.71,260
1977-08-12,0.5334,0.5449,0.5334,0.5363,139813,52.16,77.6,27.69,49.02,260
1977-08-19,0.5363,0.5694,0.5363,0.5608,232534,57.44,77.6,27.69,59.6,260
1977-08-26,0.5608,0.5765,0.5564,0.5694,246301,59.15,77.6,27.69,63.03,260
1977-09-02,0.5723,0.5852,0.5594,0.5622,435220,57.07,77.6,27.69,58.87,260
1977-09-09,0.5622,0.5723,0.5594,0.5608,297422,56.67,77.6,27.69,58.06,260
1977-09-16,0.5594,0.5694,0.5508,0.5535,185442,54.47,77.6,27.69,53.65,260
1977-09-23,0.5535,0.5564,0.5435,0.5493,120830,53.16,77.6,27.69,51.03,260
1977-09-30,0.5493,0.5823,0.5479,0.5752,249917,59.51,77.6,27.69,63.76,260
1977-10-07,0.5752,0.578,0.5594,0.5694,144059,57.64,77.6,27.69,60.01,260
1977-10-14,0.5665,0.5665,0.5479,0.5479,194272,51.17,77.6,27.69,47.03,260
1977-10-21,0.5449,0.5464,0.5219,0.5349,374381,47.68,77.6,27.69,40.05,260
1977-10-28,0.5349,0.5594,0.5334,0.5508,391644,51.98,77.6,27.69,48.67,260
1977-11-04,0.5493,0.5493,0.5234,0.5349,313147,47.75,77.6,27.69,40.19,260
1977-11-11,0.5363,0.5765,0.5363,0.5737,372149,56.96,77.6,27.69,58.65,260
1977-11-18,0.5737,0.5795,0.568,0.5723,488889,56.58,77.6,27.69,57.88,260
1977-11-25,0.5723,0.6025,0.5694,0.5997,241107,62.03,77.6,27.69,68.8,260
1977-12-02,0.5997,0.601,0.5765,0.5795,243517,56.42,77.6,27.69,57.57,260
1977-12-09,0.5795,0.5953,0.5709,0.5852,329936,57.58,77.6,27.69,59.88,260
1977-12-16,0.5867,0.6025,0.5852,0.5924,233027,59.08,77.6,27.69,62.89,260
1977-12-23,0.5924,0.6068,0.5795,0.6039,348919,61.42,73.94,27.69,72.92,260
1977-12-30,0.6039,0.6083,0.5895,0.5924,117037,57.86,73.94,27.69,65.23,260
1978-01-06,0.5882,0.5882,0.5665,0.5723,228484,52.17,73.94,27.69,52.92,260
1978-01-13,0.5694,0.5723,0.5493,0.5508,417087,46.86,73.94,27.69,41.44,260
1978-01-20,0.5508,0.5694,0.5479,0.5579,195892,48.72,73.94,27.69,45.47,260
1978-01-27,0.555,0.555,0.5046,0.5148,459556,39.67,73.94,27.69,25.89,260
1978-02-03,0.5148,0.5349,0.5148,0.5234,258785,41.99,73.94,27.69,30.91,260
1978-02-10,0.5234,0.5378,0.5205,0.5219,188978,41.69,73.94,27.69,30.26,260
1978-02-17,0.5219,0.5278,0.5133,0.5148,361403,40.21,73.94,27.69,27.08,260
1978-02-24,0.5148,0.5291,0.5119,0.5278,178667,44.09,73.94,27.69,35.46,260
1978-03-03,0.5278,0.5291,0.509,0.5119,308701,40.63,73.94,27.69,27.97,260
1978-03-10,0.5119,0.5306,0.5076,0.5278,266785,45.26,73.94,27.69,37.99,260
1978-03-17,0.5291,0.542,0.5205,0.5406,487782,48.76,73.94,27.69,45.55,260
1978-03-23,0.542,0.5479,0.5306,0.532,266588,46.61,73.94,27.69,40.91,260
1978-03-31,0.5291,0.5291,0.5133,0.5263,210745,45.18,73.94,27.69,37.82,260
1978-04-07,0.5234,0.5263,0.5191,0.5263,321679,45.18,73.94,27.69,37.82,260
1978-04-14,0.5263,0.5435,0.5133,0.5435,618470,50.46,73.94,27.69,49.24,260
1978-04-21,0.5637,0.5795,0.5637,0.5737,714904,58.06,73.94,27.69,65.67,260
1978-04-28,0.5737,0.5982,0.5694,0.5737,543408,58.06,73.94,27.69,65.67,260
1978-05-05,0.5809,0.5997,0.565,0.5709,446045,57.13,73.94,27.69,63.66,260
1978-05-12,0.5709,0.5823,0.5535,0.5752,530686,58.24,73.94,27.69,66.06,260
1978-05-19,0.5752,0.6168,0.5737,0.6039,671605,64.87,73.94,27.69,80.4,260
1978-05-26,0.6039,0.6254,0.5953,0.6039,388900,64.87,73.94,27.69,80.4,260
1978-06-02,0.6039,0.6369,0.6025,0.6355,327368,70.79,73.94,27.69,93.19,260
1978-06-09,0.6428,0.6772,0.6428,0.6571,694638,74.0,74.0,27.69,100.0,260
1978-06-16,0.6571,0.6586,0.6212,0.6212,342993,61.8,74.0,27.69,73.67,260
1978-06-23,0.6212,0.6298,0.6112,0.6227,216494,62.08,74.0,27.69,74.27,260
1978-06-30,0.6212,0.6212,0.6039,0.6053,246223,56.86,74.0,27.69,63.0,260
1978-07-07,0.6025,0.6112,0.5938,0.6068,232040,57.2,74.0,27.69,63.72,260
1978-07-14,0.6068,0.6254,0.6039,0.6254,162114,61.22,74.0,27.69,72.41,260
1978-07-21,0.6269,0.6399,0.6139,0.6327,273818,62.69,74.0,27.69,75.59,260
1978-07-28,0.6327,0.6369,0.6125,0.624,285037,59.79,74.0,27.69,69.31,260
1978-08-04,0.624,0.6959,0.6183,0.6873,747891,70.56,74.0,27.69,92.58,260
1978-08-11,0.6873,0.6944,0.6643,0.6715,351684,65.83,74.0,27.69,82.36,260
1978-08-18,0.6715,0.6902,0.6614,0.6672,238874,64.54,74.0,27.69,79.57,260
1978-08-25,0.6542,0.6557,0.6355,0.6355,293571,55.97,74.0,27.69,61.07,260
1978-09-01,0.6355,0.6485,0.6284,0.6327,336277,55.25,74.0,27.69,59.52,260
1978-09-08,0.6327,0.6888,0.6227,0.6413,280218,57.03,74.0,27.69,63.37,260
1978-09-15,0.6413,0.6499,0.5938,0.5953,310875,46.43,74.0,27.69,40.45,260
1978-09-22,0.5953,0.6039,0.5838,0.5953,362549,46.43,74.0,27.69,40.45,260
1978-09-29,0.5953,0.5953,0.5737,0.5867,261749,44.62,74.0,27.69,36.56,260
1978-10-06,0.5867,0.5882,0.5723,0.5867,533472,44.62,74.0,27.69,36.56,260
1978-10-13,0.5867,0.6025,0.5823,0.5867,489778,44.62,74.0,27.69,36.56,260
1978-10-20,0.5852,0.5852,0.565,0.5709,413117,40.99,74.0,27.69,28.7,260
1978-10-27,0.5709,0.5752,0.5521,0.5564,355397,37.92,74.0,27.69,22.1,260
1978-11-03,0.5564,0.568,0.5363,0.5608,530350,39.39,74.0,27.69,25.27,260
1978-11-10,0.5608,0.5694,0.5521,0.5608,279902,39.39,74.0,27.69,25.27,260
1978-11-17,0.5579,0.5579,0.5363,0.5393,268030,34.7,74.0,27.69,15.14,260
1978-11-24,0.5393,0.5435,0.5349,0.5363,278184,34.1,74.0,27.69,13.83,260
1978-12-01,0.5363,0.5564,0.5176,0.555,196365,41.07,74.0,27.69,28.88,260
1978-12-08,0.555,0.5823,0.5535,0.5694,213710,45.8,74.0,27.69,39.1,260
1978-12-15,0.5694,0.5737,0.5579,0.5622,207466,43.89,74.0,27.69,34.97,260
1978-12-22,0.5464,0.5479,0.5278,0.542,254282,39.01,74.0,27.69,24.44,260
1978-12-29,0.542,0.5464,0.5263,0.532,166795,36.82,74.0,27.69,19.71,260
1979-01-05,0.532,0.5564,0.5278,0.5535,212009,44.09,74.0,27.69,35.4,260
1979-01-12,0.5521,0.5594,0.5191,0.5248,348701,37.82,74.0,27.69,21.88,260
1979-01-19,0.5248,0.5263,0.499,0.5119,578292,35.4,74.0,27.69,16.64,260
1979-01-26,0.5119,0.5306,0.509,0.5248,443003,39.57,74.0,27.69,25.65,260
1979-02-02,0.5263,0.532,0.5046,0.5061,518440,35.95,74.0,27.69,17.84,260
1979-02-09,0.5033,0.5033,0.4716,0.4789,573985,31.43,74.0,27.69,8.06,260
1979-02-16,0.4789,0.496,0.4745,0.496,413630,36.81,74.0,27.69,19.69,260
1979-02-23,0.496,0.5004,0.4803,0.4816,276860,34.37,74.0,27.69,14.43,260
1979-03-02,0.4816,0.4831,0.4601,0.463,410035,31.46,74.0,27.69,8.14,260
1979-03-09,0.463,0.4688,0.4515,0.4644,549295,31.92,74.0,27.69,9.13,260
1979-03-16,0.4644,0.4845,0.4615,0.4745,369106,35.35,74.0,27.69,16.53,260
1979-03-23,0.4745,0.5176,0.4745,0.5033,513423,43.97,74.0,27.69,35.16,260
1979-03-30,0.5033,0.5061,0.4816,0.4831,289483,39.95,74.0,27.69,26.48,260
1979-04-06,0.4831,0.5004,0.4759,0.486,443082,40.79,74.0,27.69,28.28,260
1979-04-12,0.486,0.499,0.4745,0.4759,377265,38.75,74.0,27.69,23.88,260
1979-04-20,0.4759,0.4889,0.4659,0.486,636859,41.88,74.0,27.69,30.63,260
1979-04-27,0.486,0.509,0.4845,0.5076,520455,47.98,74.0,27.69,43.82,260
1979-05-04,0.5076,0.5176,0.5018,0.5018,306351,46.55,74.0,27.69,40.73,260
1979-05-11,0.5004,0.5004,0.4803,0.486,316326,42.86,74.0,27.69,32.76,260
1979-05-18,0.486,0.5033,0.4816,0.5004,135566,46.99,74.0,27.69,41.68,260
1979-05-25,0.5004,0.5161,0.4975,0.5161,327466,51.16,74.0,27.69,50.68,260
1979-06-01,0.5176,0.5263,0.5119,0.5176,325630,51.55,74.0,27.69,51.52,260
1979-06-08,0.5176,0.5349,0.5148,0.5219,360158,52.7,74.0,27.69,54.01,260
1979-06-15,0.5219,0.5464,0.5205,0.5449,333196,58.47,74.0,27.69,66.47,260
1979-06-22,0.5449,0.5608,0.5393,0.5521,286322,60.12,74.0,27.69,70.03,260
1979-06-29,0.5479,0.5479,0.5205,0.5234,298843,51.4,74.0,27.69,51.19,260
1979-07-06,0.5234,0.5479,0.5234,0.5464,232178,56.8,74.0,27.69,62.85,260
1979-07-13,0.5479,0.5637,0.5334,0.5363,205314,53.96,74.0,27.69,56.72,260
1979-07-20,0.5363,0.5378,0.5133,0.5191,274213,49.45,74.0,27.69,46.98,260
1979-07-27,0.5191,0.5378,0.5161,0.5378,230420,53.95,74.0,27.69,56.71,260
1979-08-03,0.5393,0.568,0.5393,0.565,359507,59.62,74.0,27.69,68.96,260
1979-08-10,0.565,0.5809,0.5608,0.5809,300227,62.52,74.0,27.69,75.21,260
1979-08-17,0.5852,0.5953,0.5765,0.5895,258292,64.03,74.0,27.69,78.47,260
1979-08-24,0.5852,0.5852,0.5594,0.5709,287547,58.54,74.0,27.69,66.63,260
1979-08-31,0.5709,0.5967,0.5694,0.5938,294835,62.76,74.0,27.69,75.74,260
1979-09-07,0.5938,0.5938,0.5665,0.5737,257403,57.24,74.0,27.69,63.82,260
1979-09-14,0.5737,0.5852,0.5637,0.5852,214361,59.44,74.0,27.69,68.56,260
1979-09-21,0.5852,0.5924,0.565,0.5752,230953,56.71,74.0,27.69,62.67,260
1979-09-28,0.5752,0.5867,0.5665,0.5665,194055,54.4,74.0,27.75,57.62,260
1979-10-05,0.5622,0.5752,0.555,0.5694,228820,55.05,74.0,27.75,59.04,260
1979-10-12,0.5694,0.5709,0.5378,0.5406,392415,47.64,74.0,27.75,43.01,260
1979-10-19,0.5393,0.5393,0.5061,0.5061,358736,40.58,74.0,27.75,27.74,260
1979-10-26,0.5061,0.5176,0.4904,0.5033,394351,40.05,74.0,27.75,26.59,260
1979-11-02,0.5033,0.5119,0.4875,0.4889,448712,37.4,74.0,27.75,20.87,260
1979-11-09,0.4816,0.4816,0.4601,0.4716,659299,34.46,74.0,27.75,14.51,260
1979-11-16,0.4716,0.4975,0.4601,0.4759,500998,35.8,74.0,27.75,17.41,260
1979-11-23,0.4759,0.4789,0.463,0.473,191961,35.28,74.0,27.75,16.28,260
1979-11-30,0.473,0.499,0.4716,0.4904,323436,40.91,74.0,27.75,28.47,260
1979-12-07,0.4904,0.509,0.4831,0.5046,378786,45.14,74.0,27.75,37.6,260
1979-12-14,0.5061,0.5176,0.4975,0.5148,273106,47.98,74.0,27.75,43.75,260
1979-12-21,0.5119,0.5119,0.486,0.5004,285136,44.46,74.0,27.75,36.13,260
1979-12-28,0.499,0.5061,0.4946,0.499,153284,44.12,74.0,27.75,35.41,260
1980-01-04,0.499,0.5004,0.4845,0.4975,160394,43.74,74.0,27.75,34.57,260
1980-01-11,0.496,0.5263,0.4904,0.5161,756149,49.63,74.0,27.75,47.31,260
1980-01-18,0.5161,0.5191,0.4831,0.4931,366618,43.56,74.0,27.75,34.2,260
1980-01-25,0.4931,0.5205,0.4845,0.5119,429373,49.03,74.0,27.75,46.02,260
1980-02-01,0.5119,0.5234,0.496,0.5018,222776,46.42,74.0,27.75,40.37,260
1980-02-08,0.5018,0.5033,0.4845,0.486,373491,42.61,74.0,27.75,32.13,260
1980-02-15,0.486,0.5033,0.4688,0.4975,935605,46.09,74.0,27.75,39.65,260
1980-02-22,0.4975,0.4975,0.473,0.4745,374558,40.77,74.0,27.75,28.15,260
1980-02-29,0.473,0.473,0.4472,0.4615,550559,38.09,74.0,27.75,22.36,260
1980-03-07,0.4644,0.4688,0.4429,0.4472,496080,35.35,74.0,27.75,16.43,260
1980-03-14,0.4457,0.4486,0.4241,0.4327,478558,32.77,74.0,27.75,10.85,260
1980-03-21,0.4327,0.4386,0.4227,0.4271,612584,31.79,74.0,27.75,8.75,260
1980-03-28,0.4271,0.463,0.417,0.4587,323595,42.17,74.0,27.75,31.18,260
1980-04-03,0.4587,0.4831,0.4544,0.4831,192198,48.65,74.0,27.75,45.19,260
1980-04-11,0.4803,0.4803,0.4688,0.4702,361008,45.73,74.0,27.75,38.89,260
1980-04-18,0.4688,0.4702,0.4601,0.4644,234253,44.43,74.0,27.75,36.06,260
1980-04-25,0.4644,0.5061,0.4601,0.486,544908,50.09,74.0,27.75,48.3,260
1980-05-02,0.4845,0.5061,0.473,0.5046,391309,54.4,74.0,27.75,57.62,260
1980-05-09,0.5046,0.5191,0.5004,0.5061,529561,54.73,74.0,27.75,58.35,260
1980-05-16,0.5061,0.5406,0.5004,0.5378,573630,61.27,74.0,27.75,72.48,260
1980-05-23,0.5378,0.5508,0.5334,0.5508,515457,63.59,74.0,27.75,77.51,260
1980-05-30,0.5508,0.5508,0.5278,0.5393,456040,60.15,74.0,27.75,70.07,260
1980-06-06,0.5393,0.5493,0.5291,0.542,480672,60.7,74.0,27.75,71.25,260
1980-06-13,0.5479,0.5752,0.5449,0.5694,370174,65.75,74.0,27.75,82.17,260
1980-06-20,0.5709,0.5924,0.5535,0.5622,632317,63.43,74.0,27.75,77.15,260
1980-06-27,0.5694,0.578,0.5594,0.565,338134,63.97,74.0,27.75,78.32,260
1980-07-03,0.5622,0.5622,0.5493,0.555,251003,60.59,74.0,27.75,71.02,260
1980-07-11,0.555,0.5665,0.5479,0.5521,372129,59.62,74.0,27.75,68.92,260
1980-07-18,0.5521,0.578,0.5508,0.5564,592533,60.63,74.0,27.75,71.1,260
1980-07-25,0.5564,0.5564,0.5119,0.5205,505185,49.42,74.0,27.75,46.86,260
1980-08-01,0.5205,0.5535,0.5191,0.5263,530134,50.98,74.0,27.75,50.24,260
1980-08-08,0.5263,0.5694,0.5176,0.5637,991388,59.71,74.0,27.75,69.1,260
1980-08-15,0.5694,0.5982,0.5694,0.578,793147,62.47,74.0,27.75,75.08,260
1980-08-22,0.578,0.5809,0.5493,0.5694,381531,59.82,74.0,27.75,69.34,260
1980-08-29,0.5694,0.5737,0.5464,0.5508,271013,54.44,74.0,27.75,57.71,260
1980-09-05,0.5508,0.5709,0.5406,0.5449,246518,52.83,74.0,27.75,54.23,260
1980-09-12,0.5449,0.5493,0.532,0.5393,323971,51.26,74.0,27.75,50.84,260
1980-09-19,0.5406,0.5867,0.5406,0.5737,402391,59.22,74.0,27.75,68.05,260
1980-09-26,0.5737,0.5882,0.5479,0.5493,371200,52.65,74.0,27.75,53.85,260
1980-10-03,0.5493,0.555,0.5363,0.5521,379002,53.31,74.0,27.75,55.28,260
1980-10-10,0.5521,0.5594,0.5306,0.5306,348010,47.95,74.0,27.75,43.68,260
1980-10-17,0.5306,0.5464,0.5291,0.5306,564900,47.95,74.0,27.75,43.68,260
1980-10-24,0.5306,0.5363,0.5033,0.509,441009,42.92,74.0,27.75,32.8,260
1980-10-31,0.509,0.5148,0.5004,0.509,357670,42.92,74.0,27.75,32.8,260
1980-11-07,0.5105,0.5363,0.5061,0.5105,361284,43.39,74.0,27.75,33.83,260
1980-11-14,0.5105,0.5148,0.499,0.5033,814638,41.58,74.0,27.75,29.91,260
1980-11-21,0.5033,0.5493,0.5033,0.5406,1091023,52.58,74.0,27.75,53.69,260
1980-11-28,0.5406,0.5435,0.5234,0.5278,456395,49.15,74.0,27.75,46.27,260
1980-12-05,0.5278,0.5363,0.5033,0.5334,573788,50.66,74.0,27.75,49.55,260
1980-12-12,0.532,0.5334,0.5133,0.5278,493848,49.09,74.0,27.75,46.14,260
1980-12-19,0.5278,0.5291,0.5105,0.5148,664237,45.56,74.0,27.75,38.52,260
1980-12-26,0.5148,0.5363,0.5133,0.5334,224573,50.99,74.0,27.75,50.26,260
1981-01-02,0.5334,0.5723,0.5248,0.5723,244662,59.97,74.0,27.75,69.67,260
1981-01-09,0.5723,0.6298,0.568,0.624,1483477,68.29,74.0,27.75,87.67,260
1981-01-16,0.6254,0.647,0.5982,0.6025,456830,62.48,74.0,27.75,75.1,260
1981-01-23,0.6039,0.6183,0.5953,0.6139,463704,64.22,74.0,27.75,78.85,260
1981-01-30,0.6139,0.6269,0.6083,0.6154,269274,64.45,74.0,27.75,79.36,260
1981-02-06,0.6154,0.6355,0.6025,0.6284,519032,66.49,74.0,27.75,83.77,260
1981-02-13,0.6298,0.6528,0.6284,0.6313,520257,66.94,74.0,27.75,84.75,260
1981-02-20,0.6313,0.634,0.6083,0.6212,473106,63.69,74.0,27.75,77.71,260
1981-02-27,0.6212,0.6959,0.6139,0.6844,1094439,72.64,74.0,27.75,97.08,260
1981-03-06,0.6844,0.6844,0.6499,0.6614,487231,66.24,74.0,27.75,83.24,260
1981-03-13,0.6629,0.6944,0.6629,0.6802,576909,68.67,74.0,27.75,88.48,260
1981-03-20,0.6802,0.7046,0.6701,0.7003,521027,71.07,74.0,27.75,93.67,260
1981-03-27,0.7003,0.7204,0.7003,0.7032,599427,71.4,74.0,27.75,94.4,260
1981-04-03,0.7032,0.7276,0.6973,0.7174,310913,73.08,74.0,27.75,98.02,260
1981-04-10,0.7174,0.7462,0.7103,0.7419,570944,75.71,75.71,27.75,100.0,260
1981-04-16,0.7419,0.7736,0.7391,0.7722,839408,78.51,78.51,27.75,100.0,260
1981-04-24,0.7722,0.7851,0.7707,0.7822,475318,79.35,79.35,27.75,100.0,260
1981-05-01,0.7822,0.788,0.7204,0.7304,479626,65.08,79.35,27.75,72.34,260
1981-05-08,0.7204,0.7204,0.6959,0.6973,494618,57.9,79.35,27.75,58.43,260
1981-05-15,0.6973,0.7161,0.6858,0.7161,239565,60.55,79.35,27.75,63.57,260
1981-05-22,0.7174,0.7391,0.7174,0.7333,317452,62.87,79.35,27.75,68.06,260
1981-05-29,0.7333,0.7837,0.7319,0.7765,425363,67.94,79.35,27.75,77.89,260
1981-06-05,0.7765,0.7937,0.7692,0.7736,424652,67.28,79.35,27.75,76.61,260
1981-06-12,0.7736,0.7893,0.7607,0.7822,271013,68.28,79.35,27.75,78.54,260
1981-06-19,0.7893,0.8081,0.7692,0.7707,519230,65.42,79.35,27.75,73.0,260
1981-06-26,0.7707,0.7851,0.765,0.7678,375309,64.69,79.35,27.75,71.59,260
1981-07-02,0.7663,0.7663,0.7189,0.7233,279743,54.56,79.35,27.75,51.95,260
1981-07-10,0.7233,0.7362,0.6902,0.6959,384415,49.43,79.35,27.75,42.01,260
1981-07-17,0.6973,0.7477,0.6973,0.7448,194924,57.17,79.35,27.75,57.02,260
1981-07-24,0.7406,0.7406,0.6988,0.7174,327585,52.34,79.35,27.75,47.65,260
1981-07-31,0.7204,0.7333,0.6831,0.7032,266825,49.97,79.35,27.75,43.06,260
1981-08-07,0.7046,0.7304,0.7046,0.7204,231072,52.76,79.35,27.75,48.46,260
1981-08-14,0.7204,0.7434,0.7174,0.7261,371772,53.66,79.35,27.75,50.22,260
1981-08-21,0.7261,0.7276,0.6873,0.6873,237018,46.98,79.35,27.75,37.26,260
1981-08-28,0.6844,0.6844,0.6586,0.6672,502420,43.92,79.35,27.75,31.33,260
1981-09-04,0.6571,0.6816,0.6571,0.6657,464890,43.69,79.35,27.75,30.89,260
1981-09-11,0.6657,0.6931,0.6528,0.6902,529285,48.41,79.35,27.75,40.04,260
1981-09-18,0.6902,0.7046,0.6802,0.6844,824356,47.4,79.35,27.75,38.09,260
1981-09-25,0.6844,0.7074,0.6614,0.6687,919467,44.67,79.35,27.75,32.79,260
1981-10-02,0.6687,0.7218,0.66,0.7189,771654,53.82,79.35,27.75,50.52,260
1981-10-09,0.7247,0.7663,0.7247,0.7506,929502,58.48,79.35,27.75,59.54,260
1981-10-16,0.7506,0.765,0.7319,0.7535,690094,58.88,79.35,27.75,60.33,260
1981-10-23,0.7535,0.8052,0.7506,0.7577,696415,59.51,79.35,27.75,61.55,260
1981-10-30,0.7577,0.8052,0.7535,0.8052,722075,65.81,79.35,27.75,73.76,260
1981-11-06,0.8125,0.8382,0.7663,0.775,1285274,59.47,79.35,27.75,61.46,260
1981-11-13,0.775,0.8038,0.7663,0.7707,468188,58.61,79.35,27.75,59.8,260
1981-11-20,0.765,0.7778,0.7535,0.7765,498686,59.46,79.35,27.75,61.45,260
1981-11-27,0.7765,0.788,0.7607,0.7837,434984,60.56,79.35,27.75,63.58,260
1981-12-04,0.7837,0.7865,0.7362,0.7592,512495,55.12,79.35,27.75,53.04,260
1981-12-11,0.7577,0.7678,0.7406,0.7535,477927,53.9,79.35,27.75,50.67,260
1981-12-18,0.7462,0.7621,0.7261,0.7621,421907,55.49,79.35,27.75,53.76,260
1981-12-24,0.7621,0.7663,0.7434,0.7477,288059,52.25,79.35,27.75,47.47,260
1981-12-31,0.7477,0.7521,0.7434,0.7521,207487,53.14,79.35,27.75,49.21,260
1982-01-08,0.7477,0.7521,0.7046,0.7132,537955,45.04,79.35,27.75,33.5,260
1982-01-15,0.7017,0.7161,0.6672,0.6888,373926,40.83,79.35,27.75,25.35,260
1982-01-22,0.6917,0.7074,0.6816,0.6959,454183,42.52,79.35,27.75,28.62,260
1982-01-29,0.6858,0.7391,0.6743,0.7319,741373,50.25,79.35,27.75,43.6,260
1982-02-05,0.7218,0.7419,0.7103,0.7362,515852,51.09,79.35,27.75,45.23,260
1982-02-12,0.7276,0.7376,0.6844,0.6931,789453,43.16,79.35,27.75,29.86,260
1982-02-19,0.6844,0.6944,0.6743,0.6888,821669,42.46,79.35,27.75,28.5,260
1982-02-26,0.6873,0.6973,0.6758,0.6858,694460,41.94,79.35,27.75,27.51,260
1982-03-05,0.6973,0.7304,0.6844,0.7218,955792,49.83,79.35,27.75,42.79,260
1982-03-12,0.7132,0.7276,0.6902,0.7017,750617,46.06,79.35,27.75,35.49,260
1982-03-19,0.7046,0.7376,0.6988,0.7333,807072,52.18,79.35,27.75,47.35,260
1982-03-26,0.7419,0.7736,0.7333,0.7592,948227,56.53,79.35,27.99,55.57,260
1982-04-02,0.7577,0.7923,0.7506,0.7822,978983,60.01,79.35,27.99,62.34,260
1982-04-08,0.7822,0.8052,0.7765,0.8038,593758,63.01,79.35,27.99,68.18,260
1982-04-16,0.801,0.8052,0.7778,0.7893,522075,59.77,79.35,31.43,59.14,260
1982-04-23,0.7923,0.8038,0.7793,0.7837,405196,58.51,79.35,31.43,56.52,260
1982-04-30,0.7865,0.7937,0.7621,0.7707,748958,55.61,79.35,31.43,50.46,260
1982-05-07,0.7793,0.7951,0.7692,0.7707,713976,55.61,79.35,31.43,50.46,260
1982-05-14,0.765,0.7722,0.7434,0.7592,939140,52.91,79.35,31.43,44.83,260
1982-05-21,0.7563,0.7636,0.7448,0.7621,522371,53.52,79.35,31.43,46.1,260
1982-05-28,0.7636,0.7736,0.7521,0.7548,401639,51.71,79.35,31.43,42.32,260
1982-06-04,0.7548,0.7778,0.7521,0.7765,525057,56.44,79.35,31.43,52.19,260
1982-06-11,0.7793,0.7966,0.7707,0.7937,938865,59.82,79.35,31.43,59.25,260
1982-06-18,0.7893,0.8038,0.7851,0.8038,489639,61.7,79.35,31.43,63.17,260
1982-06-25,0.7995,0.8225,0.7893,0.8125,1133689,63.28,79.35,31.43,66.46,260
1982-07-02,0.824,0.834,0.8138,0.8181,787873,64.31,79.35,31.43,68.61,260
1982-07-09,0.8138,0.8484,0.8081,0.8469,724899,69.09,79.35,31.43,78.59,260
1982-07-16,0.8541,0.8886,0.8541,0.8857,1437234,74.13,79.35,31.43,89.11,260
1982-07-23,0.8815,0.8857,0.8656,0.8714,537581,69.61,79.35,31.43,79.67,260
1982-07-30,0.867,0.8729,0.8368,0.8426,685313,61.52,79.35,31.43,62.8,260
1982-08-06,0.8541,0.8584,0.7908,0.7966,770351,51.26,79.35,31.43,41.39,260
1982-08-13,0.798,0.8125,0.788,0.7995,647803,51.81,79.35,31.43,42.52,260
1982-08-20,0.8066,0.8886,0.801,0.8871,1317748,64.68,79.35,31.43,69.38,260
1982-08-27,0.89,0.9361,0.8729,0.903,1159822,66.42,79.35,31.43,73.02,260
1982-09-03,0.9087,0.982,0.8944,0.972,1070340,72.74,79.35,31.43,86.21,260
1982-09-10,0.9634,0.9764,0.9145,0.9274,698154,64.31,79.35,31.43,68.62,260
1982-09-17,0.9389,0.9906,0.9231,0.9735,654460,68.39,79.35,31.43,77.13,260
1982-09-24,0.972,1.0151,0.9649,1.0008,543349,70.53,79.35,31.43,81.6,260
1982-10-01,0.9878,0.9993,0.9202,0.9289,828761,59.15,79.35,31.43,57.84,260
1982-10-08,0.9289,1.0698,0.9217,1.0396,1550973,67.77,79.35,31.43,75.84,260
1982-10-15,1.0548,1.0741,0.9835,0.9901,1577600,61.52,79.35,31.43,62.79,260
1982-10-22,0.9901,1.0741,0.9792,1.031,2040830,64.44,79.35,31.43,68.88,260
1982-10-29,1.003,1.0482,0.9835,1.0373,1016682,64.89,79.35,31.43,69.81,260
1982-11-05,1.0439,1.1324,1.0244,1.1172,939496,69.98,79.35,31.43,80.44,260
1982-11-12,1.087,1.1086,1.0612,1.0698,1039734,64.04,79.35,31.43,68.04,260
1982-11-19,1.0417,1.0612,0.9965,1.0267,1084800,59.12,79.35,31.43,57.78,260
1982-11-26,1.0223,1.0505,1.0073,1.0505,593749,60.9,79.35,31.43,61.51,260
1982-12-03,1.046,1.0591,1.0244,1.0439,1098223,60.13,79.35,31.43,59.88,260
1982-12-10,1.0417,1.0525,0.9792,0.9813,1583734,53.14,79.35,31.43,45.31,260
1982-12-17,0.9856,1.0051,0.9252,1.003,1818903,55.09,79.35,31.43,49.38,260
1982-12-23,1.0094,1.0223,0.9749,1.0008,992444,54.84,79.35,31.43,48.85,260
1982-12-31,1.0051,1.0439,0.9921,1.0417,831023,58.58,79.35,31.43,56.66,260
1983-01-07,1.0267,1.0505,0.9792,1.0008,1508948,53.78,79.35,31.43,46.64,260
1983-01-14,1.0051,1.018,0.9835,0.9921,787881,52.8,79.35,31.43,44.59,260
1983-01-21,1.0008,1.0137,0.9663,0.9683,909363,50.08,79.35,31.43,38.91,260
1983-01-28,0.9576,1.033,0.9469,1.0094,899971,54.44,79.35,31.43,48.01,260
1983-02-04,1.0094,1.0848,0.9878,1.0827,994312,60.99,79.35,31.43,61.68,260
1983-02-11,1.0848,1.0934,1.0373,1.0525,1006014,57.33,79.35,31.43,54.06,260
1983-02-18,1.0548,1.0612,1.031,1.0525,1181808,57.33,79.35,31.43,54.06,260
1983-02-25,1.072,1.1624,1.0612,1.1302,1084237,63.8,79.35,31.43,67.56,260
1983-03-04,1.1431,1.1992,1.1281,1.1733,1075881,66.82,79.35,31.43,73.84,260
1983-03-11,1.1776,1.2056,1.1495,1.1733,914460,66.82,79.35,31.43,73.84,260
1983-03-18,1.1647,1.1906,1.1561,1.1712,613985,66.51,79.35,31.43,73.2,260
1983-03-25,1.1842,1.2337,1.1647,1.197,984711,68.45,79.35,31.43,77.26,260
1983-03-31,1.197,1.2165,1.1776,1.1863,394638,66.72,79.35,31.43,73.63,260
1983-04-08,1.1906,1.1992,1.1517,1.1819,683407,65.99,79.35,31.43,72.12,260
1983-04-15,1.1928,1.2121,1.169,1.1885,595260,66.59,79.35,31.43,73.36,260
1983-04-22,1.2208,1.2855,1.2035,1.2682,878401,72.82,79.35,31.43,86.37,260
1983-04-29,1.266,1.2768,1.1216,1.1992,2695616,62.03,79.35,31.43,63.85,260
1983-05-06,1.1776,1.1928,1.1238,1.1517,1821038,55.9,79.35,31.43,51.06,260
1983-05-13,1.1538,1.1776,1.1043,1.1216,1422163,52.35,79.35,31.43,43.66,260
1983-05-20,1.1086,1.1324,1.087,1.1,1196237,49.91,79.35,31.43,38.57,260
1983-05-27,1.0848,1.1474,1.0848,1.0914,984444,48.93,79.35,31.43,36.53,260
1983-06-03,1.0934,1.1086,1.0591,1.0698,1034755,46.47,79.35,31.43,31.4,260
1983-06-10,1.0698,1.0957,1.0482,1.0827,1816949,48.16,79.35,31.43,34.91,260
1983-06-17,1.1086,1.1302,1.0741,1.0805,1363437,47.88,79.35,31.43,34.32,260
1983-06-24,1.0805,1.1474,1.0741,1.1409,1504682,55.42,79.35,31.43,50.06,260
1983-07-01,1.1409,1.1474,1.1195,1.1302,668267,53.93,79.35,31.43,46.96,260
1983-07-08,1.1172,1.1474,1.1,1.1259,678193,53.31,79.35,31.43,45.66,260
1983-07-15,1.1302,1.1366,1.0934,1.1043,628238,50.19,79.35,31.43,39.15,260
1983-07-22,1.1021,1.1561,1.0977,1.1152,802786,51.72,79.35,31.43,42.35,260
1983-07-29,1.1043,1.1216,1.0353,1.0612,840474,44.41,79.35,31.43,27.1,260
1983-08-05,1.0568,1.0698,0.9944,0.9987,1193333,37.77,79.35,31.43,13.23,260
1983-08-12,0.9965,1.018,0.9749,1.003,1782075,38.45,79.35,31.43,14.66,260
1983-08-19,1.003,1.018,0.9878,0.9944,1192505,37.56,79.35,31.43,12.8,260
1983-08-26,0.9965,1.0094,0.9619,1.0073,1076653,39.81,79.35,31.43,17.5,260
1983-09-02,0.9921,1.0525,0.9901,1.0482,654785,46.39,79.35,31.43,31.23,260
1983-09-09,1.0784,1.0934,1.0634,1.0741,655675,50.11,79.35,31.43,38.98,260
1983-09-16,1.0914,1.1043,1.0591,1.087,834341,51.91,79.35,31.43,42.73,260
1983-09-23,1.0914,1.1409,1.0891,1.1324,848681,57.66,79.35,31.43,54.74,260
1983-09-30,1.1345,1.1388,1.1086,1.1152,487912,54.97,79.35,31.43,49.12,260
1983-10-07,1.1152,1.1647,1.1109,1.1604,695289,60.21,79.35,31.43,60.06,260
1983-10-14,1.1561,1.1669,1.1409,1.1474,658904,58.13,79.35,31.43,55.71,260
1983-10-21,1.1495,1.1624,1.1302,1.1581,421156,59.38,79.35,31.43,58.32,260
1983-10-28,1.1581,1.2208,1.1517,1.2013,1464504,64.05,79.35,31.43,68.07,260
1983-11-04,1.2078,1.2078,1.169,1.1928,846874,62.53,79.35,31.43,64.9,260
1983-11-11,1.1949,1.2725,1.1949,1.2725,1376652,69.8,79.35,31.43,80.07,260
1983-11-18,1.2768,1.2834,1.2337,1.2466,832119,65.37,79.35,31.43,70.82,260
1983-11-25,1.2466,1.2617,1.2078,1.2273,680682,62.19,79.35,31.43,64.19,260
1983-12-02,1.223,1.2596,1.2078,1.251,1055171,64.47,79.35,31.43,68.94,260
1983-12-09,1.251,1.2596,1.2273,1.238,986104,62.26,79.35,31.43,64.33,260
1983-12-16,1.2251,1.2423,1.1992,1.2099,965807,57.64,79.35,31.43,54.69,260
1983-12-23,1.2099,1.2294,1.1906,1.2142,566370,58.15,79.35,31.43,55.76,260
1983-12-30,1.2121,1.2294,1.2078,1.2165,308119,58.43,79.35,31.43,56.35,260
1984-01-06,1.2121,1.253,1.1949,1.2466,866341,62.13,79.35,31.43,64.06,260
1984-01-13,1.2165,1.223,1.1669,1.1733,1817540,50.4,79.35,31.43,39.59,260
1984-01-20,1.1733,1.1949,1.1669,1.1863,763615,52.12,79.35,31.43,43.18,260
1984-01-27,1.1906,1.2078,1.1561,1.1712,835525,49.96,79.35,31.43,38.67,260
1984-02-03,1.1733,1.1819,1.1474,1.1647,889007,49.0,79.35,31.46,36.62,260
1984-02-10,1.1604,1.1604,1.1021,1.1043,1081275,41.19,79.35,31.46,20.3,260
1984-02-17,1.1064,1.1561,1.0934,1.1388,866460,46.44,79.35,31.46,31.28,260
1984-02-24,1.1345,1.1409,1.0914,1.1259,743200,44.83,79.35,31.79,27.4,260
1984-03-02,1.1238,1.1431,1.0891,1.1388,882371,46.82,79.35,31.79,31.59,260
1984-03-09,1.1345,1.1474,1.1129,1.1216,643882,44.51,79.35,31.79,26.73,260
1984-03-16,1.1216,1.1647,1.1172,1.1581,685955,50.13,79.35,31.79,38.55,260
1984-03-23,1.1431,1.1624,1.1324,1.1495,742726,48.87,79.35,31.79,35.91,260
1984-03-30,1.1452,1.1863,1.1452,1.1842,446340,53.88,79.35,31.79,46.44,260
1984-04-06,1.1842,1.1906,1.1,1.1172,799971,44.77,79.35,31.79,27.27,260
1984-04-13,1.1345,1.1495,1.1,1.1452,713037,48.67,79.35,31.79,35.48,260
1984-04-19,1.1388,1.1561,1.1129,1.1366,452207,47.55,79.35,31.79,33.13,260
1984-04-27,1.1345,1.1776,1.1109,1.1669,618371,51.75,79.35,31.79,41.96,260
1984-05-04,1.1647,1.1819,1.1517,1.1517,912682,49.61,79.35,31.79,37.47,260
1984-05-11,1.1604,1.1712,1.1431,1.1517,559112,49.61,79.35,31.79,37.47,260
1984-05-18,1.1474,1.1581,1.1064,1.1064,725096,43.4,79.35,31.79,24.4,260
1984-05-25,1.1109,1.1152,1.0784,1.0784,896534,40.07,79.35,31.79,17.39,260
1984-06-01,1.087,1.1195,1.0568,1.1195,683289,46.56,79.35,31.79,31.04,260
1984-06-08,1.1216,1.1647,1.1109,1.1517,1417777,51.04,79.35,31.79,40.47,260
1984-06-15,1.1431,1.1604,1.1259,1.1581,613719,51.9,79.35,31.79,42.28,260
1984-06-22,1.1604,1.2078,1.1538,1.2013,1212385,57.35,79.35,31.79,53.74,260
1984-06-29,1.2056,1.2251,1.1561,1.1842,829304,54.71,79.35,31.79,48.18,260
1984-07-06,1.1819,1.1885,1.1624,1.1776,473630,53.68,79.35,31.79,46.03,260
1984-07-13,1.1863,1.2078,1.1776,1.2013,1169629,56.82,79.35,31.79,52.62,260
1984-07-20,1.2035,1.2208,1.1949,1.2056,469749,57.39,79.35,31.79,53.81,260
1984-07-27,1.2013,1.2596,1.169,1.2466,1386874,62.44,79.35,31.79,64.44,260
1984-08-03,1.238,1.3027,1.2251,1.2984,1656355,67.65,79.35,31.79,75.4,260
1984-08-10,1.32,1.3761,1.3114,1.3588,2380919,72.45,79.35,31.79,85.49,260
1984-08-17,1.3502,1.3933,1.3481,1.3781,1214341,73.79,79.35,31.79,88.31,260
1984-08-24,1.3824,1.389,1.3438,1.3502,1146105,68.59,79.35,31.79,77.38,260
1984-08-31,1.3459,1.3481,1.3027,1.3134,831882,62.37,79.35,31.79,64.29,260
1984-09-07,1.307,1.3329,1.2941,1.3027,410845,60.65,79.35,31.79,60.67,260
1984-09-14,1.2963,1.3329,1.292,1.3307,880742,63.49,79.35,31.79,66.64,260
1984-09-21,1.3286,1.3459,1.292,1.307,982815,59.57,79.35,31.79,58.41,260
1984-09-28,1.305,1.307,1.2553,1.3037,836503,59.01,79.35,31.79,57.23,260
1984-10-05,1.3006,1.3037,1.2651,1.2843,618045,55.77,79.35,31.79,50.41,260
1984-10-12,1.2907,1.3394,1.278,1.3394,776355,62.14,79.35,31.79,63.8,260
1984-10-19,1.3394,1.4463,1.3394,1.4235,1349867,69.38,79.35,31.79,79.03,260
1984-10-26,1.43,1.43,1.3619,1.3751,1430711,62.03,79.35,31.79,63.57,260
1984-11-02,1.3751,1.388,1.349,1.3717,1252134,61.54,79.35,31.79,62.54,260
1984-11-09,1.3619,1.3945,1.3329,1.349,1198311,58.2,79.35,31.79,55.52,260
1984-11-16,1.349,1.3653,1.3169,1.32,555644,54.17,79.35,31.79,47.05,260
1984-11-23,1.3233,1.3816,1.3037,1.3816,880490,60.44,79.35,31.79,60.23,260
1984-11-30,1.3751,1.3847,1.32,1.3329,783378,54.14,79.35,31.79,46.98,260
1984-12-07,1.3329,1.3363,1.2941,1.3135,630179,51.82,79.35,31.79,42.1,260
1984-12-14,1.3135,1.3588,1.3037,1.3523,1120534,55.89,79.35,31.79,50.67,260
1984-12-21,1.3523,1.4072,1.3394,1.3782,1433022,58.41,79.35,31.79,55.97,260
1984-12-28,1.3816,1.3945,1.3751,1.3782,358312,58.41,79.35,31.79,55.97,260
1985-01-04,1.3782,1.3847,1.3233,1.3459,742844,53.94,79.35,31.79,46.57,260
1985-01-11,1.3394,1.417,1.3394,1.4137,1152267,60.73,79.35,31.79,60.84,260
1985-01-18,1.4106,1.459,1.4106,1.43,1101200,62.17,79.35,31.79,63.87,260
1985-01-25,1.4235,1.5141,1.4235,1.5045,1182800,67.97,79.35,31.79,76.06,260
1985-02-01,1.5076,1.5335,1.4559,1.4882,1156000,65.6,79.35,31.79,71.08,260
1985-02-08,1.4851,1.5884,1.4851,1.5788,1148356,71.53,79.35,31.79,83.56,260
1985-02-15,1.5723,1.5982,1.5431,1.5563,1014934,68.38,79.35,31.79,76.92,260
1985-02-22,1.5335,1.5529,1.5206,1.54,965556,66.1,79.35,31.79,72.14,260
1985-03-01,1.5366,1.6145,1.5335,1.6016,893822,70.14,79.35,31.79,80.64,260
1985-03-08,1.6112,1.6112,1.5141,1.527,1095067,60.71,79.35,31.79,60.8,260
1985-03-15,1.5237,1.5498,1.511,1.5464,842712,62.14,79.35,37.56,58.81,260
1985-03-22,1.54,1.5594,1.5141,1.5206,887422,59.06,79.35,37.56,51.43,260
1985-03-29,1.527,1.5594,1.5206,1.5335,879378,60.12,79.35,37.56,53.98,260
1985-04-04,1.54,1.5498,1.5012,1.511,492088,57.33,79.35,37.56,47.29,260
1985-04-12,1.5335,1.5754,1.5206,1.5498,990356,60.72,79.35,37.56,55.41,260
1985-04-19,1.5563,1.5853,1.5335,1.5754,623867,62.82,79.35,37.56,60.43,260
1985-04-26,1.5853,1.6401,1.5659,1.6176,660801,66.04,79.35,37.56,68.13,260
1985-05-03,1.6145,1.621,1.5335,1.5563,738976,58.15,79.35,37.56,49.27,260
1985-05-10,1.5563,1.6306,1.5498,1.621,1014001,63.15,79.35,37.56,61.23,260
1985-05-17,1.6241,1.6663,1.621,1.6564,929110,65.58,79.35,37.56,67.03,260
1985-05-24,1.6663,1.7439,1.6629,1.7341,1367689,70.2,79.35,37.56,78.1,260
1985-05-31,1.7341,1.7406,1.7147,1.7276,574266,69.37,79.35,37.56,76.1,260
1985-06-07,1.7211,1.8053,1.718,1.7859,1250666,72.54,79.35,37.56,83.69,260
1985-06-14,1.7859,1.7859,1.6953,1.731,893512,65.64,79.35,37.56,67.19,260
1985-06-21,1.7375,1.8053,1.731,1.7439,973688,66.45,79.35,37.56,69.13,260
1985-06-28,1.7375,1.7859,1.7276,1.7729,944978,68.26,79.35,37.56,73.45,260
1985-07-05,1.7695,1.8117,1.76,1.8022,462223,70.01,79.35,37.56,77.64,260
1985-07-12,1.7988,1.8022,1.7375,1.7439,654401,62.6,79.35,37.56,59.9,260
1985-07-19,1.747,1.7794,1.7406,1.776,900490,64.81,79.35,37.56,65.19,260
1985-07-26,1.7729,1.7794,1.6792,1.7048,848044,56.79,79.35,37.56,46.0,260
1985-08-02,1.7048,1.7211,1.6564,1.7113,1013822,57.3,79.35,37.56,47.24,260
1985-08-09,1.718,1.718,1.6694,1.6888,778133,54.84,79.35,37.56,41.35,260
1985-08-16,1.6953,1.6984,1.6663,1.6663,616932,52.42,79.35,37.56,35.55,260
1985-08-23,1.6694,1.6919,1.6564,1.6595,875867,51.68,79.35,37.56,33.79,260
1985-08-30,1.6595,1.6888,1.6564,1.6727,462268,53.07,79.35,37.56,37.12,260
1985-09-06,1.6792,1.6984,1.6694,1.6984,723468,55.74,79.35,37.56,43.49,260
1985-09-13,1.7017,1.7859,1.6663,1.6823,2227201,53.68,79.35,37.56,38.57,260
1985-09-20,1.6888,1.7017,1.6337,1.6337,886978,47.92,79.35,37.56,24.77,260
1985-09-26,1.6466,1.6663,1.6112,1.6663,875067,51.66,79.35,37.56,33.74,260
1985-10-04,1.6694,1.6984,1.6629,1.6759,786044,52.74,79.35,37.56,36.32,260
1985-10-11,1.6792,1.7048,1.6595,1.6984,636000,55.26,79.35,37.56,42.35,260
1985-10-18,1.6984,1.7276,1.6435,1.6531,766355,49.54,79.35,37.56,28.65,260
1985-10-25,1.6466,1.7082,1.6337,1.6823,994401,52.93,79.35,37.56,36.77,260
1985-11-01,1.6823,1.7859,1.6759,1.7859,1532711,62.52,79.35,37.56,59.73,260
1985-11-08,1.7859,1.8635,1.7729,1.8213,1480134,65.15,79.35,37.56,66.0,260
1985-11-15,1.8182,1.8992,1.8148,1.8894,1417556,69.55,79.35,37.56,76.54,260
1985-11-22,1.8894,1.9443,1.8604,1.9023,1525600,70.32,79.35,37.56,78.38,260
1985-11-29,1.9088,1.9411,1.8925,1.9347,683911,72.2,79.35,37.56,82.89,260
1985-12-06,1.9347,1.9735,1.9023,1.951,1170844,73.13,79.35,37.56,85.11,260
1985-12-13,1.9443,2.0447,1.9443,2.0286,1540089,77.06,79.35,37.56,94.5,260
1985-12-20,2.0286,2.106,2.0188,2.0576,1302267,78.33,79.35,37.56,97.55,260
1985-12-27,2.0511,2.0542,2.009,2.0478,575778,76.77,79.35,37.56,93.82,260
1986-01-03,2.0576,2.1158,2.0188,2.0286,643289,73.7,79.35,37.56,86.48,260
1986-01-10,2.0286,2.0511,1.9057,1.9186,1943689,59.09,79.35,37.56,51.51,260
1986-01-17,1.9248,2.0058,1.8992,1.9831,1387778,63.64,79.35,37.56,62.39,260
1986-01-24,1.9769,1.9831,1.8894,1.9347,1387333,58.39,79.35,37.56,49.83,260
1986-01-31,1.951,2.0804,1.9057,2.0674,1361289,66.54,79.35,37.56,69.35,260
1986-02-07,2.0641,2.1353,2.0641,2.1223,1045734,69.23,79.35,37.56,75.77,260
1986-02-14,2.1029,2.1322,2.0835,2.106,928889,67.49,79.35,37.56,71.62,260
1986-02-21,2.1094,2.2711,2.0933,2.2419,1232356,73.46,79.35,37.56,85.89,260
1986-02-28,2.2419,2.3133,2.229,2.3133,1146000,75.95,79.35,37.56,91.87,260
1986-03-07,2.31,2.3553,2.2776,2.3488,1298311,77.11,79.35,37.56,94.62,260
1986-03-14,2.3454,2.4458,2.3164,2.4037,1344088,78.8,79.35,37.56,98.67,260
1986-03-21,2.3941,2.5463,2.3811,2.4394,1317645,79.84,79.84,37.56,100.0,260
1986-03-27,2.4847,2.517,2.4394,2.488,1202178,81.2,81.2,37.56,100.0,260
1986-04-04,2.4911,2.5558,2.3747,2.3876,1318979,70.62,81.2,37.56,75.76,260
1986-04-11,2.3845,2.6205,2.3651,2.5882,1411600,77.05,81.2,37.56,90.5,260
1986-04-18,2.5848,2.7241,2.5398,2.6529,1212933,78.67,81.2,37.56,94.21,260
1986-04-25,2.6529,2.7823,2.627,2.6563,1413155,78.76,81.2,37.56,94.4,260
1986-05-02,2.6658,2.6884,2.5364,2.5527,1373954,69.66,81.2,37.56,73.55,260
1986-05-09,2.5623,2.5882,2.4748,2.5623,812089,70.0,81.2,37.56,74.34,260
1986-05-16,2.5558,2.7435,2.5527,2.627,1091333,72.3,81.2,37.56,79.6,260
1986-05-23,2.64,2.8082,2.5913,2.7274,1314312,75.44,81.2,37.56,86.79,260
1986-05-30,2.7435,2.7921,2.6366,2.6563,1089511,69.43,81.2,37.56,73.03,260
1986-06-06,2.6563,2.6563,2.5753,2.6529,1542667,69.15,81.2,37.56,72.39,260
1986-06-13,2.6594,2.6594,2.5494,2.6335,1281689,67.46,81.2,37.56,68.51,260
1986-06-20,2.6366,2.6982,2.6141,2.6529,1512000,68.3,81.2,37.56,70.43,260
1986-06-27,2.6563,2.7952,2.6431,2.7661,1125555,72.7,81.2,37.56,80.52,260
1986-07-03,2.7661,2.9797,2.7611,2.9311,1900868,77.58,81.2,37.56,91.71,260
1986-07-11,2.9311,2.9311,2.7176,2.7518,1562335,64.15,81.2,37.56,60.92,260
1986-07-18,2.7273,2.8244,2.6303,2.7712,2306401,64.86,81.2,37.56,62.55,260
1986-07-25,2.7176,2.7611,2.5573,2.5965,3332867,54.42,81.2,37.56,38.63,260
1986-08-01,2.5965,2.5965,2.4311,2.4555,2314734,47.75,81.2,37.56,23.34,260
1986-08-08,2.4167,2.4606,2.3003,2.4408,2987067,47.1,81.2,37.56,21.85,260
1986-08-15,2.4509,2.6205,2.4509,2.5573,1884001,52.59,81.2,37.56,34.44,260
1986-08-22,2.572,2.6058,2.4699,2.4847,1643134,49.16,81.2,37.56,26.58,260
1986-08-29,2.4893,2.5041,2.3779,2.4408,2370601,47.16,81.2,37.56,22.0,260
1986-09-05,2.4408,2.4555,2.3294,2.3682,3543067,43.97,81.2,37.56,14.69,260
1986-09-12,2.3682,2.3826,2.2129,2.2564,4565134,39.54,81.2,37.56,4.53,260
1986-09-19,2.2906,2.3534,2.218,2.2323,2554535,38.63,81.2,37.56,2.46,260
1986-09-26,2.2323,2.3391,2.2032,2.242,2284067,39.24,81.2,37.56,3.84,260
1986-10-03,2.2129,2.242,2.1496,2.242,2050934,39.24,81.2,37.56,3.84,260
1986-10-10,2.2226,2.3635,2.218,2.3391,2256534,45.45,81.2,37.56,18.08,260
1986-10-17,2.3294,2.4264,2.2808,2.3682,1900534,47.2,81.2,37.56,22.08,260
1986-10-24,2.3344,2.3973,2.2517,2.3585,2365134,46.66,81.2,37.56,20.85,260
1986-10-31,2.3441,2.4555,2.3294,2.4458,1896668,51.95,81.2,37.56,32.97,260
1986-11-07,2.4361,2.5138,2.4117,2.5041,1867268,55.14,81.2,37.56,40.28,260
1986-11-14,2.4944,2.5091,2.3391,2.3682,1577934,47.25,81.2,37.56,22.21,260
1986-11-21,2.3682,2.4847,2.3197,2.4699,2299334,52.71,81.2,37.56,34.71,260
1986-11-28,2.4847,2.5091,2.4408,2.4606,1124800,52.17,81.2,37.56,33.49,260
1986-12-05,2.4555,2.5674,2.4117,2.4555,2460401,51.87,81.2,37.56,32.79,260
1986-12-12,2.4555,2.48,2.4167,2.4509,1401867,51.57,81.2,37.56,32.1,260
1986-12-19,2.3927,2.5235,2.3682,2.5235,1940267,55.86,81.2,37.56,41.92,260
1986-12-26,2.4847,2.4944,2.4264,2.4555,935134,51.28,81.2,37.56,31.44,260
1987-01-02,2.4458,2.4555,2.3585,2.407,973534,48.24,81.2,37.56,24.47,260
1987-01-09,2.4117,2.5429,2.4117,2.5138,2727401,54.61,81.2,37.56,39.08,260
1987-01-16,2.5188,2.6011,2.4458,2.5573,2432401,56.94,81.2,37.56,44.41,260
1987-01-23,2.5382,2.7564,2.5138,2.6256,3659934,60.38,81.2,37.56,52.28,260
1987-01-30,2.6108,2.7273,2.572,2.7079,2763268,64.09,81.2,37.56,60.8,260
1987-02-06,2.7079,2.7952,2.7029,2.7611,2328268,66.29,81.2,37.56,65.84,260
1987-02-13,2.737,2.7467,2.6497,2.7223,2463667,63.25,81.2,37.56,58.86,260
1987-02-20,2.7273,2.9505,2.7223,2.9117,2988867,70.4,81.2,37.56,75.24,260
1987-02-27,2.9311,2.9797,2.8484,2.9602,2108401,71.9,81.2,37.56,78.7,260
1987-03-06,2.97,3.0379,2.902,3.0282,2671734,73.91,81.2,37.56,83.29,260
1987-03-13,3.0231,3.0573,2.9408,2.97,1889934,69.34,81.2,37.56,72.83,260
1987-03-20,2.97,3.0088,2.902,2.994,2374001,70.16,81.2,37.56,74.71,260
1987-03-27,3.0476,3.1835,3.0282,3.1594,2762067,75.09,81.2,37.56,86.01,260
1987-04-03,3.0088,3.2223,3.0041,3.1932,2894134,75.97,81.2,37.56,88.01,260
1987-04-10,3.1932,3.2514,3.0282,3.0523,2505335,65.63,81.2,37.56,64.31,260
1987-04-16,3.0282,3.0573,2.8776,2.994,2536067,61.88,81.2,37.56,55.72,260
1987-04-24,3.0134,3.1447,2.9117,2.9797,3132668,60.95,81.2,37.56,53.6,260
1987-05-01,2.902,3.1835,2.902,3.1788,2604334,68.08,81.2,37.56,69.93,260
1987-05-08,3.1497,3.2999,3.1299,3.1641,2579334,67.1,81.2,37.56,67.69,260
1987-05-15,3.2029,3.2223,3.0476,3.0476,2378000,59.81,81.2,37.56,50.97,260
1987-05-22,3.0523,3.0573,2.897,3.0523,3499334,59.99,81.2,37.56,51.4,260
1987-05-29,3.0814,3.1788,3.0573,3.0573,1744467,60.21,81.2,37.56,51.9,260
1987-06-05,3.0864,3.1978,3.0476,3.1881,1659801,65.43,81.2,37.56,63.86,260
1987-06-12,3.1835,3.3194,3.1544,3.3046,2025000,69.29,81.2,37.56,72.71,260
1987-06-19,3.3046,3.3725,3.2902,3.3143,2073201,69.6,81.2,37.56,73.41,260
1987-06-26,3.3194,3.363,3.1447,3.1447,3351567,58.64,81.2,37.56,48.3,260
1987-07-02,3.1668,3.1668,3.0573,3.0934,1849100,55.78,81.2,37.56,41.75,260
1987-07-10,3.1592,3.1959,3.0864,3.1155,2325400,56.76,81.2,37.56,44.0,260
1987-07-17,3.1155,3.1225,3.0212,3.0573,3236200,53.41,81.2,37.56,36.31,260
1987-07-24,3.0643,3.1592,2.9845,3.1225,3497600,56.51,81.2,37.56,43.42,260
1987-07-31,3.1301,3.2681,3.1155,3.232,3022200,61.18,81.2,37.56,54.11,260
1987-08-07,3.1447,3.3485,3.1301,3.2972,3241500,63.68,81.2,37.56,59.84,260
1987-08-14,3.3194,3.5377,3.3124,3.4649,3234100,69.18,81.2,37.56,72.45,260
1987-08-21,3.4871,3.5453,3.4213,3.4941,3373400,70.02,81.2,37.56,74.39,260
1987-08-28,3.5086,3.5593,3.3485,3.3555,2934300,61.37,81.2,37.56,54.55,260
1987-09-04,3.3339,3.4428,3.1808,3.2029,2927800,53.52,81.2,37.56,36.57,260
1987-09-11,3.2029,3.3555,3.0864,3.3263,2497300,58.18,81.2,37.56,47.25,260
1987-09-18,3.3485,3.363,3.1883,3.1959,2040100,52.22,81.2,37.56,33.6,260
1987-09-25,3.2466,3.2611,3.0934,3.1377,2462000,49.77,81.2,37.56,27.98,260
1987-10-02,3.1883,3.2029,3.0864,3.1301,3644900,49.45,81.2,37.56,27.24,260
1987-10-09,3.1377,3.1377,2.8605,2.9187,4630900,41.34,81.2,37.56,8.65,260
1987-10-16,2.8389,2.8605,2.5111,2.5402,5750800,31.4,81.2,31.4,0.0,260
1987-10-23,2.3585,2.6873,1.8332,2.6511,9245100,36.24,81.2,31.4,9.71,260
1987-10-30,2.4828,2.7749,2.3368,2.6581,4747900,36.54,81.2,31.4,10.32,260
1987-11-06,2.5704,2.6289,2.4244,2.519,2923000,33.16,81.2,31.4,3.53,260
1987-11-13,2.4682,2.6359,2.3952,2.5775,2352600,35.85,81.2,31.4,8.92,260
1987-11-20,2.6435,2.6511,2.519,2.6289,2292200,38.2,81.2,31.4,13.65,260
1987-11-27,2.6143,2.7749,2.5266,2.5482,1757900,35.97,81.2,31.4,9.17,260
1987-12-04,2.439,2.5412,2.293,2.4098,3085100,32.47,81.2,31.4,2.14,260
1987-12-11,2.4022,2.6511,2.3806,2.4466,2745700,34.3,81.2,31.4,5.82,260
1987-12-18,2.439,2.6359,2.439,2.6359,3124500,42.88,81.2,31.4,23.05,260
1987-12-24,2.6289,2.6581,2.5775,2.6359,1115100,42.88,81.2,31.4,23.05,260
1987-12-31,2.5558,2.5775,2.4606,2.5704,1512500,40.75,81.2,31.4,18.77,260
1988-01-08,2.5704,2.7895,2.4536,2.4758,2851000,37.82,81.2,31.4,12.88,260
1988-01-15,2.512,2.6289,2.4314,2.6219,2371400,44.46,81.2,31.4,26.21,260
1988-01-22,2.6219,2.6219,2.4606,2.5707,1642700,42.74,81.2,31.4,22.76,260
1988-01-29,2.5707,2.651,2.5484,2.651,2068700,46.25,81.2,31.4,29.82,260
1988-02-05,2.6726,2.6879,2.5777,2.6363,2948500,45.7,81.2,31.4,28.71,260
1988-02-12,2.6217,2.7242,2.5924,2.6949,2021500,48.35,81.2,31.4,34.04,260
1988-02-19,2.6949,2.7172,2.607,2.6726,1638300,47.41,81.2,31.4,32.14,260
1988-02-26,2.6879,2.8121,2.651,2.7242,3122200,49.86,81.2,31.4,37.06,260
1988-03-04,2.7095,2.8267,2.6879,2.7095,2398100,49.16,81.2,31.4,35.65,260
1988-03-11,2.6949,2.7681,2.651,2.6656,2047900,47.02,81.2,31.4,31.36,260
1988-03-18,2.651,2.6803,2.5924,2.651,2804100,46.3,81.2,31.4,29.91,260
1988-03-25,2.6293,2.651,2.5191,2.5191,2341100,40.3,81.2,31.4,17.87,260
1988-03-31,2.3873,2.5707,2.3873,2.5484,2000900,42.1,81.2,31.4,21.47,260
1988-04-08,2.5338,2.614,2.5191,2.5631,2876800,43.02,81.2,31.4,23.32,260
1988-04-15,2.5924,2.607,2.409,2.5045,2842000,40.25,81.2,31.4,17.78,260
1988-04-22,2.4676,2.5121,2.4166,2.4459,2062700,37.65,81.2,31.4,12.55,260
1988-04-29,2.4606,2.5848,2.4383,2.5262,2337400,43.08,81.2,31.4,23.46,260
1988-05-06,2.5191,2.5848,2.5191,2.5262,1614900,43.08,81.2,31.4,23.46,260
1988-05-13,2.5191,2.5414,2.4828,2.5414,1661700,44.15,81.2,31.4,25.61,260
1988-05-20,2.5338,2.5707,2.4535,2.5484,1584800,44.67,81.2,31.4,26.65,260
1988-05-27,2.5191,2.5555,2.4756,2.4833,1302100,40.89,81.2,31.4,19.05,260
1988-06-03,2.4909,2.6673,2.4833,2.652,1744400,52.18,81.2,31.4,41.72,260
1988-06-10,2.6449,2.6814,2.5861,2.6379,2252600,51.3,81.2,31.4,39.95,260
1988-06-17,2.6302,2.6966,2.5714,2.6226,3064700,50.3,81.2,31.4,37.96,260
1988-06-24,2.5932,2.7184,2.5714,2.6814,2430400,53.99,81.2,31.4,45.36,260
1988-07-01,2.6966,2.726,2.6155,2.689,1971200,54.46,81.2,31.4,46.31,260
1988-07-08,2.689,2.7478,2.652,2.6743,1630400,53.33,81.2,31.4,44.03,260
1988-07-15,2.6743,2.7554,2.6596,2.7331,2373000,57.17,81.2,31.4,51.75,260
1988-07-22,2.6449,2.6814,2.5638,2.5861,2435100,46.79,81.2,31.4,30.91,260
1988-07-29,2.5791,2.652,2.5638,2.6449,2858300,50.65,81.2,31.4,38.66,260
1988-08-05,2.6449,2.7184,2.6226,2.652,2312300,51.11,81.2,31.4,39.58,260
1988-08-12,2.652,2.6743,2.5568,2.5791,2050600,46.32,81.2,31.4,29.96,260
1988-08-19,2.5638,2.6226,2.4909,2.5861,2264100,46.84,81.2,31.4,31.01,260
1988-08-26,2.5798,2.5945,2.5208,2.5721,1509700,45.89,81.2,31.4,29.1,260
1988-09-02,2.5651,2.6016,2.5061,2.5721,1228700,45.89,81.2,31.4,29.1,260
1988-09-09,2.5945,2.7714,2.5875,2.749,2957000,58.27,81.2,31.4,53.96,260
1988-09-16,2.7644,2.8157,2.7349,2.7785,3037900,59.92,81.2,31.4,57.27,260
1988-09-23,2.7714,2.7862,2.7125,2.742,2103200,56.92,81.2,31.4,51.24,260
1988-09-30,2.7272,2.8375,2.7054,2.8009,2398900,60.37,81.2,31.4,58.16,260
1988-10-07,2.8009,2.9483,2.7644,2.9259,2461700,66.48,81.2,31.4,70.45,260
1988-10-14,2.9189,3.0073,2.8375,2.867,3522900,61.65,81.2,31.4,60.74,260
1988-10-21,2.867,2.9707,2.8233,2.8528,2641800,60.51,81.2,31.4,58.46,260
1988-10-28,2.867,2.867,2.749,2.8009,1925500,56.4,81.2,31.4,50.2,260
1988-11-04,2.808,2.8823,2.7714,2.7714,1918700,54.15,81.2,31.4,45.69,260
1988-11-11,2.742,2.7862,2.683,2.7054,2850600,49.4,81.2,31.4,36.14,260
1988-11-18,2.7195,2.7567,2.6606,2.7272,2290300,50.93,81.2,31.4,39.22,260
1988-11-25,2.7195,2.7945,2.683,2.7501,1088700,52.56,81.2,31.4,42.48,260
1988-12-02,2.743,2.8093,2.7206,2.7501,1519700,52.56,81.2,31.4,42.48,260
1988-12-09,2.7206,2.8613,2.7206,2.8241,1640400,57.79,81.2,31.4,52.99,260
1988-12-16,2.8318,2.8389,2.7354,2.8241,1709700,57.79,81.2,31.4,52.99,260
1988-12-23,2.8164,2.8613,2.7585,2.781,1583000,53.78,81.2,31.4,44.94,260
1988-12-30,2.7958,2.8473,2.781,2.8473,680400,58.54,81.2,31.4,54.5,260
1989-01-06,2.7958,2.8331,2.7218,2.7958,2021500,53.9,81.2,31.4,45.17,260
1989-01-13,2.781,2.8331,2.7218,2.8177,3574900,55.52,81.2,31.4,48.42,260
1989-01-20,2.8177,2.8254,2.781,2.7958,1709700,53.49,81.2,31.4,44.36,260
1989-01-27,2.8331,3.0402,2.8254,3.0029,3562000,66.07,81.2,31.4,69.62,260
1989-02-03,3.0325,3.1656,2.9881,3.0993,3108000,70.13,81.2,31.4,77.76,260
1989-02-10,3.0839,3.1135,3.0177,3.0248,2975600,63.78,81.2,31.4,65.02,260
1989-02-17,3.0177,3.0621,2.9656,3.0473,1929100,64.82,81.2,31.4,67.1,260
1989-02-24,3.0916,3.0916,2.9738,2.9815,1846300,59.47,81.2,31.4,56.37,260
1989-03-03,2.9667,3.0331,2.937,3.0112,2242000,61.03,81.2,31.4,59.5,260
1989-03-10,3.0035,3.0705,2.9963,3.0035,1945900,60.38,81.2,31.4,58.19,260
1989-03-17,3.0035,3.0408,2.9222,2.9518,2623800,56.07,81.2,31.4,49.53,260
1989-03-23,2.9518,2.9667,2.8628,2.8705,1953400,50.01,81.2,31.4,37.37,260
1989-03-31,2.8628,3.0705,2.848,3.0485,2029500,60.16,81.2,31.4,57.75,260
1989-04-07,3.0557,3.1221,3.0557,3.0925,2031900,62.2,81.2,31.4,61.84,260
1989-04-14,3.0853,3.1892,3.0782,3.1892,1608000,66.29,81.2,31.4,70.06,260
1989-04-21,3.1595,3.2408,3.1447,3.2265,2875200,67.75,81.2,31.4,72.98,260
1989-04-28,3.2337,3.2705,3.1743,3.2633,2518200,69.15,81.2,31.4,75.81,260
1989-05-05,3.2633,3.3523,3.2337,3.3001,2158400,70.54,81.2,31.4,78.59,260
1989-05-12,3.3001,3.4485,3.2782,3.4342,2410100,74.96,81.2,31.4,87.47,260
1989-05-19,3.4485,3.5007,3.3452,3.4342,3953700,74.96,81.2,31.4,87.47,260
1989-05-26,3.5155,3.5452,3.391,3.4952,2952200,76.79,81.2,31.4,91.15,260
1989-06-02,3.51,3.5844,3.4577,3.5546,2190000,78.45,81.2,31.4,94.48,260
1989-06-09,3.5546,3.5546,3.4505,3.4874,1833700,72.17,81.2,31.4,81.87,260
1989-06-16,3.4731,3.4803,3.3542,3.3839,2722400,63.71,81.2,31.4,64.89,260
1989-06-23,3.391,3.629,3.3018,3.629,5405050,72.06,81.2,31.4,81.65,260
1989-06-30,3.5993,3.6147,3.3315,3.4803,3960300,62.64,81.2,31.4,62.74,260
1989-07-07,3.4957,3.5243,3.3613,3.4505,2369200,60.93,81.2,31.4,59.29,260
1989-07-14,3.4363,3.5838,3.391,3.5838,3600500,65.49,81.2,31.4,68.45,260
1989-07-21,3.5243,3.7932,3.51,3.748,6408000,70.12,81.2,31.4,77.74,260
1989-07-28,3.7623,3.7623,3.4505,3.6147,11714200,62.76,81.2,31.4,62.97,260
1989-08-04,3.629,3.7028,3.5243,3.5695,6363500,60.44,81.2,31.4,58.32,260
1989-08-11,3.51,3.6588,3.3768,3.4053,7548300,52.82,81.2,31.4,43.01,260
1989-08-18,3.4363,3.5243,3.4053,3.5243,7848200,57.05,81.2,31.4,51.5,260
1989-08-25,3.51,3.5552,3.3458,3.4741,6097600,54.82,81.2,31.4,47.01,260
1989-09-01,3.4741,3.5194,3.3262,3.4741,5131500,54.82,81.2,31.4,47.01,260
1989-09-08,3.4455,3.5051,3.3548,3.4455,5689700,53.43,81.2,31.4,44.24,260
1989-09-15,3.4455,3.5648,3.3262,3.5493,6134600,57.61,81.2,31.4,52.62,260
1989-09-22,3.5791,3.6686,3.4896,3.5791,4840900,58.75,81.2,31.4,54.92,260
1989-09-29,3.5337,3.653,3.5194,3.5493,4938300,57.09,81.2,31.4,51.59,260
1989-10-06,3.5194,3.6387,3.5051,3.6089,6320900,59.55,81.2,31.4,56.53,260
1989-10-13,3.6089,3.653,3.4455,3.4598,5108100,51.59,81.2,31.4,40.53,260
1989-10-20,3.3703,3.653,3.3548,3.6244,7395800,58.23,81.2,31.4,53.87,260
1989-10-27,3.6244,3.937,3.6244,3.6841,7532300,60.35,81.2,31.4,58.14,260
1989-11-03,3.6686,3.7437,3.6387,3.6686,4618000,59.51,81.2,31.4,56.43,260
1989-11-10,3.6387,3.7437,3.5791,3.7282,4916900,61.73,81.2,31.4,60.9,260
1989-11-17,3.758,3.7879,3.7127,3.758,3519800,62.83,81.2,31.4,63.11,260
1989-11-24,3.7437,4.0061,3.7282,3.932,4362700,68.51,81.2,31.4,74.52,260
1989-12-01,3.932,4.0516,3.8566,4.0061,4731900,70.57,81.2,31.4,78.66,260
1989-12-08,4.036,4.0958,3.9918,4.0803,4985000,72.51,81.2,31.4,82.56,260
1989-12-15,4.0659,4.1257,4.0061,4.0958,4635200,72.92,81.2,31.4,83.37,260
1989-12-22,4.0803,4.1401,3.9009,3.9762,5500400,65.02,81.2,31.4,67.5,260
1989-12-29,3.9762,4.1711,3.9762,4.1257,1786100,69.47,81.2,31.4,76.44,260
1990-01-05,4.1114,4.1711,3.932,3.9762,3805400,61.09,81.2,31.4,59.62,260
1990-01-12,3.9607,4.0958,3.7072,3.8411,5036000,54.68,81.2,31.4,46.73,260
1990-01-19,3.8267,3.8865,3.7072,3.8124,4600200,53.39,81.2,31.4,44.16,260
1990-01-26,3.7968,3.7968,3.633,3.7371,4376100,50.07,81.2,31.4,37.49,260
1990-02-02,3.7215,4.0061,3.6617,3.9762,4667400,58.83,81.2,31.4,55.07,260
1990-02-09,3.9463,4.0659,3.9164,3.9463,4360900,57.47,81.2,31.4,52.35,260
1990-02-16,3.932,3.9463,3.8411,3.8722,3256200,54.14,81.2,31.4,45.65,260
1990-02-23,3.8267,3.8566,3.6617,3.6773,3450800,46.5,81.2,31.4,30.31,260
1990-03-02,3.6617,3.8661,3.6617,3.8062,4053100,51.38,81.2,31.4,40.13,260
1990-03-09,3.8218,3.8661,3.7307,3.8506,3645400,52.98,81.2,31.4,43.32,260
1990-03-16,3.8218,3.8362,3.7619,3.8218,3256700,51.79,81.2,31.4,40.94,260
1990-03-23,3.8218,3.9261,3.7163,3.7619,3925600,49.32,81.2,31.4,35.98,260
1990-03-30,3.7762,3.8661,3.7463,3.8062,2943100,51.18,81.2,31.4,39.71,260
1990-04-06,3.7762,3.8506,3.7163,3.7463,2713200,48.58,81.2,31.4,34.5,260
1990-04-12,3.7307,3.9417,3.7163,3.9105,2679300,55.27,81.2,31.4,47.93,260
1990-04-20,3.9417,3.986,3.7163,3.7762,3740300,49.59,81.2,31.4,36.53,260
1990-04-27,3.7762,3.7762,3.642,3.642,4534100,44.65,81.2,31.4,26.61,260
1990-05-04,3.642,3.8218,3.5964,3.8218,4095700,51.61,81.2,31.4,40.57,260
1990-05-11,3.8218,3.9261,3.7307,3.9105,5180400,54.63,81.2,31.4,46.65,260
1990-05-18,3.8961,3.9561,3.7906,3.9261,5386000,55.16,81.2,31.4,47.71,260
1990-05-25,3.9261,4.2558,3.8817,4.1215,5913800,61.28,81.2,31.4,60.0,260
1990-06-01,4.1359,4.4164,4.1059,4.2662,3667000,65.08,81.2,31.4,67.62,260
1990-06-08,4.2518,4.4164,4.116,4.1761,5595700,61.06,81.2,31.4,59.56,260
1990-06-15,4.146,4.4008,4.1316,4.2518,4603100,63.12,81.2,31.4,63.69,260
1990-06-22,4.2518,4.3263,4.0259,4.116,3878100,57.27,81.2,31.4,51.94,260
1990-06-29,4.146,4.3563,4.116,4.2662,3492500,61.52,81.2,31.4,60.48,260
1990-07-06,4.2806,4.4008,4.2061,4.2963,2008200,62.33,81.2,31.4,62.1,260
1990-07-13,4.3263,4.6267,4.2662,4.4465,4902700,66.15,81.2,31.4,69.77,260
1990-07-20,4.4765,4.5811,4.2662,4.3263,4159300,60.83,81.2,31.4,59.09,260
1990-07-27,3.9357,4.0259,3.7398,3.8156,8487700,44.47,81.2,31.4,26.24,260
1990-08-03,3.7855,3.86,3.5452,3.6353,8090700,40.34,81.2,31.4,17.95,260
1990-08-10,3.5151,3.7254,3.3048,3.5908,7205200,39.37,81.2,31.4,16.01,260
1990-08-17,3.5307,3.6353,3.3649,3.3949,4059100,35.34,81.2,31.4,7.91,260
1990-08-24,3.3949,3.4707,3.0789,3.2904,5671600,33.38,81.2,31.4,3.96,260
1990-08-31,3.5257,3.5257,3.2846,3.3606,4119400,35.95,81.2,31.4,9.13,260
1990-09-07,3.3148,3.3895,3.1942,3.3606,3090400,35.95,81.2,31.4,9.13,260
1990-09-14,3.3606,3.4498,3.1942,3.24,3987000,33.38,81.2,31.4,3.97,260
1990-09-21,3.2087,3.2545,3.0737,3.1038,3151500,30.71,81.2,30.71,0.0,260
1990-09-28,3.0881,3.1942,3.0134,3.134,3951100,32.01,81.2,30.71,2.57,260
1990-10-05,3.134,3.3606,3.1195,3.269,4535400,37.63,81.2,30.71,13.71,260
1990-10-12,3.2846,3.3148,3.0592,3.134,3358700,34.55,81.2,30.71,7.61,260
1990-10-19,3.134,3.3606,3.0881,3.3148,3118300,41.46,81.2,30.71,21.3,260
1990-10-26,3.269,3.3449,3.0592,3.0592,4746300,35.72,81.2,30.71,9.93,260
1990-11-02,3.0737,3.1195,3.0279,3.0881,3644800,36.79,81.2,30.71,12.04,260
1990-11-09,3.1195,3.2846,3.1038,3.2846,3212200,43.63,81.2,30.71,25.59,260
1990-11-16,3.3449,3.4811,3.3292,3.4208,3714700,47.85,81.2,30.71,33.94,260
1990-11-23,3.4353,3.586,3.3895,3.4654,2707300,49.19,81.2,30.71,36.6,260
1990-11-30,3.4312,3.5521,3.2945,3.3997,5166900,47.26,81.2,30.71,32.78,260
1990-12-07,3.4155,3.6875,3.3852,3.6573,5467600,54.74,81.2,30.71,47.6,260
1990-12-14,3.6415,3.6875,3.5521,3.5521,2993000,51.53,81.2,30.71,41.23,260
1990-12-21,3.5364,3.6125,3.4759,3.5061,3370700,50.14,81.2,30.71,38.49,260
1990-12-28,3.5061,3.5206,3.3707,3.4759,1531900,49.21,81.2,30.71,36.63,260
1991-01-04,3.4916,3.5364,3.3707,3.4155,2262600,47.3,81.2,30.71,32.86,260
1991-01-11,3.3707,3.4312,3.2498,3.2788,2662900,43.23,81.2,30.71,24.79,260
1991-01-18,3.1736,3.5666,3.1579,3.5364,5350500,51.67,81.2,30.71,41.52,260
1991-01-25,3.5061,3.5206,3.3393,3.4312,4729700,48.5,81.2,30.71,35.23,260
1991-02-01,3.4312,3.5206,3.1894,3.4602,11189600,49.42,81.2,30.71,37.06,260
1991-02-08,3.4916,3.5968,3.4457,3.4759,8171800,49.95,81.2,30.71,38.1,260
1991-02-15,3.5206,3.9438,3.5206,3.8084,10345500,59.49,81.2,30.71,57.0,260
1991-02-22,3.8386,3.9148,3.7334,3.7624,5157800,57.85,81.2,30.71,53.75,260
1991-03-01,3.8229,3.9148,3.673,3.8688,5548300,60.56,81.2,30.71,59.13,260
1991-03-08,3.8991,4.2424,3.8833,4.1212,8825900,66.13,81.2,30.71,70.16,260
1991-03-15,4.0909,4.3491,3.9854,4.1818,7899100,67.33,81.2,30.71,72.52,260
1991-03-22,4.1672,4.2424,3.9697,4.0751,5500500,63.11,78.76,30.71,67.44,260
1991-03-28,4.0909,4.2727,4.046,4.2121,3233300,66.05,78.76,30.71,73.55,260
1991-04-05,4.1963,4.3636,4.1066,4.3333,4710500,68.45,78.76,30.71,78.54,260
1991-04-12,4.2885,4.3636,4.1357,4.2569,3097100,65.32,78.76,30.71,72.03,260
1991-04-19,4.2885,4.3175,4.1515,4.1818,4898600,62.3,78.45,30.71,66.17,260
1991-04-26,4.1818,4.3175,4.1672,4.1672,5429400,61.71,78.45,30.71,64.93,260
1991-05-03,4.1672,4.1818,4.0145,4.0606,5583300,57.39,78.45,30.71,55.87,260
1991-05-10,4.0606,4.1818,4.0,4.1066,3614400,58.73,78.45,30.71,58.69,260
1991-05-17,4.1066,4.1066,3.9539,4.0751,4214700,57.4,78.45,30.71,55.89,260
1991-05-24,4.1066,4.2278,4.0606,4.0909,2798700,57.91,78.45,30.71,56.97,260
1991-05-31,4.1212,4.3146,4.0909,4.2538,3690900,62.9,78.45,30.71,67.43,260
1991-06-07,4.2538,4.2842,4.1019,4.1468,3465000,58.04,78.45,30.71,57.24,260
1991-06-14,4.1323,4.2234,4.0411,4.0411,4231400,53.62,78.45,30.71,47.98,260
1991-06-21,4.0411,4.0569,3.798,3.9038,6918600,48.46,78.45,30.71,37.18,260
1991-06-28,3.8892,4.0715,3.8138,3.9961,3941300,51.82,78.45,30.71,44.21,260
1991-07-05,4.0411,4.0861,3.9961,4.0107,2202600,52.35,78.45,30.71,45.32,260
1991-07-12,3.9803,4.0569,3.9645,4.0107,2958300,52.35,78.45,30.71,45.32,260
1991-07-19,3.9961,4.193,3.9961,4.1626,3936400,57.92,78.45,30.71,56.98,260
1991-07-26,4.1468,4.1784,3.9645,3.9803,3479300,50.32,78.45,30.71,41.07,260
1991-08-02,3.9645,4.0253,3.8284,3.8588,5139500,45.98,78.45,30.71,31.99,260
1991-08-09,3.8746,4.0411,3.8284,3.9645,4963300,50.02,78.45,30.71,40.44,260
1991-08-16,3.9645,4.0411,3.8746,3.8892,4028800,47.31,78.45,30.71,34.76,260
1991-08-23,3.6765,4.0107,3.6461,3.9803,7093500,50.78,78.45,30.71,42.04,260
1991-08-30,3.9803,4.0684,3.9354,3.9757,3562600,50.6,78.45,30.71,41.66,260
1991-09-06,3.9757,4.0074,3.7783,3.8246,3196100,44.92,78.45,30.71,29.77,260
1991-09-13,3.8392,4.0367,3.8392,3.9757,3976700,50.86,78.45,30.71,42.2,260
1991-09-20,3.9611,4.0976,3.9306,4.0525,4061200,53.6,78.45,30.71,47.94,260
1991-09-27,4.0525,4.3572,4.0367,4.2804,7163500,60.61,78.45,30.71,62.62,260
1991-10-04,4.2963,4.3572,4.2353,4.2804,2949500,60.61,78.45,30.71,62.62,260
1991-10-11,4.2658,4.3121,4.1586,4.2963,2940300,61.08,78.45,30.71,63.62,260
1991-10-18,4.2963,4.5705,4.2658,4.5401,5446600,67.55,78.45,30.71,77.17,260
1991-10-25,4.5559,4.5559,4.1293,4.1744,4581400,53.25,78.45,30.71,47.21,260
1991-11-01,4.2353,4.3731,4.1586,4.2195,3413000,54.53,78.45,30.71,49.89,260
1991-11-08,4.2195,4.3572,4.1586,4.3414,2848400,57.88,78.45,30.71,56.91,260
1991-11-15,4.3414,4.3877,4.1586,4.1586,3336800,51.72,78.45,30.71,44.01,260
1991-11-22,4.1744,4.2658,4.0525,4.1135,4241900,50.3,78.45,30.71,41.03,260
1991-11-29,4.083,4.1744,4.0074,4.1089,1833700,50.15,78.45,30.71,40.71,260
1991-12-06,4.0795,4.2164,4.0478,4.2018,2631100,53.21,78.45,30.71,47.13,260
1991-12-13,4.1859,4.3081,4.1553,4.2775,2769100,55.61,78.45,30.71,52.15,260
1991-12-20,4.3386,4.5684,4.2164,4.5525,5630500,63.01,78.45,30.71,67.66,260
1991-12-27,4.522,4.8739,4.5073,4.7517,3724700,67.27,78.45,30.71,76.58,260
1992-01-03,4.7969,4.8739,4.6442,4.8128,4366000,68.47,78.45,30.71,79.1,260
1992-01-10,4.8422,5.2406,4.7969,5.133,8126900,73.88,78.45,30.71,90.41,260
1992-01-17,5.1025,5.2699,4.8886,5.0108,5733900,69.01,78.45,30.71,80.23,260
1992-01-24,4.9962,5.3164,4.9497,5.2406,4527400,72.66,78.45,30.71,87.86,260
1992-01-31,5.2552,5.4997,5.133,5.3164,5456100,73.75,78.45,30.71,90.16,260
1992-02-07,5.2858,5.408,5.2406,5.3469,3690900,74.2,78.45,30.71,91.1,260
1992-02-14,5.3469,5.4239,5.1795,5.2406,3154700,69.73,78.45,30.71,81.73,260
1992-02-21,5.1941,5.2699,4.9644,5.2406,3479800,69.73,78.45,30.71,81.73,260
1992-02-28,5.2247,5.3164,4.9458,4.9605,5033800,58.89,78.45,30.71,59.03,260
1992-03-06,5.0071,5.159,4.8234,4.8993,4404700,56.81,78.45,30.71,54.67,260
1992-03-13,4.9299,5.2974,4.8234,5.2202,4502500,63.99,78.45,30.71,69.7,260
1992-03-20,5.2202,5.4358,5.1749,5.2814,4333400,65.18,78.45,30.71,72.2,260
1992-03-27,5.2202,5.328,5.0071,5.0218,3375900,56.64,78.45,30.71,54.31,260
1992-04-03,5.0218,5.1296,4.8234,5.0683,3940700,57.71,78.45,30.71,56.55,260
1992-04-10,5.0977,5.2521,5.0365,5.1296,4091200,59.14,78.45,30.71,59.54,260
1992-04-16,5.1296,5.2361,4.9605,5.2055,3435100,60.9,78.45,30.71,63.23,260
1992-04-24,5.1749,5.4358,4.914,5.3892,4337900,64.85,78.45,30.71,71.51,260
1992-05-01,5.3892,5.5117,5.2521,5.3133,4513000,62.06,78.45,30.71,65.66,260
1992-05-08,5.3133,5.497,5.3133,5.4505,3317400,64.99,78.45,30.71,71.8,260
1992-05-15,5.4505,5.5877,5.2361,5.2814,3595100,58.95,78.45,30.71,59.14,260
1992-05-22,5.328,5.742,5.328,5.6195,5408500,65.8,78.45,30.71,73.49,260
1992-05-29,5.6036,5.7842,5.4626,5.7547,3925500,68.09,78.45,30.71,78.3,260
1992-06-05,5.7387,5.8308,5.5853,5.7081,3781000,66.44,78.45,30.71,74.83,260
1992-06-12,5.7228,5.7228,5.4012,5.4932,3114800,59.29,78.45,30.71,59.86,260
1992-06-19,5.4932,5.6,5.3864,5.5853,3801000,61.21,78.45,30.71,63.89,260
1992-06-26,5.5706,5.6933,5.4773,5.6614,3150200,62.78,78.45,30.71,67.18,260
1992-07-02,5.6614,5.8001,5.6,5.7081,3097100,63.75,78.45,30.71,69.2,260
1992-07-10,5.7081,5.7694,5.3705,5.7694,4749500,65.04,78.45,30.71,71.9,260
1992-07-17,5.7694,5.8001,5.5706,5.6614,2959900,60.93,78.45,30.71,63.31,260
1992-07-24,5.4626,5.632,5.1409,5.3705,5335700,51.51,78.45,30.71,43.57,260
1992-07-31,5.3545,5.5092,5.2932,5.3864,3767800,51.95,78.45,30.71,44.49,260
1992-08-07,5.2784,5.3091,5.1557,5.1864,4966200,46.29,78.45,30.71,32.64,260
1992-08-14,5.1864,5.3398,5.0943,5.2023,3483000,46.79,78.45,30.71,33.68,260
1992-08-21,5.217,5.3545,5.1864,5.217,3512300,47.28,78.45,30.71,34.7,260
1992-08-28,5.125,5.3834,5.0597,5.2603,2738700,48.76,78.45,30.71,37.8,260
1992-09-04,5.2603,5.3834,5.168,5.2443,2584900,48.22,78.45,30.71,36.67,260
1992-09-11,5.2443,5.4289,5.2148,5.3834,2789000,53.07,78.45,30.71,46.84,260
1992-09-18,5.4449,5.5839,5.4141,5.4904,3721700,56.46,78.45,30.71,53.93,260
1992-09-25,5.5064,5.5519,5.4141,5.4289,2037500,54.04,78.45,30.71,48.87,260
1992-10-02,5.3993,5.5064,5.3993,5.3993,2625100,52.88,78.45,30.71,46.43,260
1992-10-09,5.3834,5.3834,5.0302,5.2911,2878000,48.72,78.45,30.71,37.72,260
1992-10-16,5.2911,5.3834,5.2148,5.2295,2153900,46.48,78.45,30.71,33.03,260
1992-10-23,5.1988,5.3378,5.1828,5.2911,3023300,49.0,78.45,30.71,38.32,260
1992-10-30,5.3058,5.675,5.2911,5.6454,4246400,60.53,78.45,30.71,62.47,260
1992-11-06,5.6294,5.707,5.5679,5.675,1866500,61.32,78.45,30.71,64.11,260
1992-11-13,5.675,5.814,5.5987,5.707,3116800,62.2,78.45,30.71,65.95,260
1992-11-20,5.7217,6.0441,5.691,5.9371,5669700,67.85,78.45,30.71,77.78,260
1992-11-27,5.9334,6.1183,5.8717,6.0419,2470400,70.04,78.45,30.71,82.38,260
1992-12-04,6.0727,6.1504,6.0111,6.0271,3138500,69.32,78.45,30.71,80.87,260
1992-12-11,6.0419,6.1183,5.995,6.0271,2188900,69.32,78.45,30.71,80.87,260
1992-12-18,6.0111,6.0887,5.8101,6.0887,3866200,70.77,78.45,30.71,83.91,260
1992-12-24,6.0111,6.1344,5.9654,6.0271,2368800,67.34,78.45,30.71,76.73,260
1992-12-31,6.0887,6.212,5.995,6.0111,1922800,66.44,78.45,30.71,74.84,260
1993-01-08,6.0271,6.1035,5.9802,6.1035,3152600,69.02,78.45,30.71,80.24,260
1993-01-15,6.0887,6.212,6.0111,6.1035,3408800,69.02,78.45,30.71,80.24,260
1993-01-22,6.0727,6.1183,5.9038,5.9654,2074600,60.91,78.45,30.71,63.26,260
1993-01-29,5.9654,6.0727,5.7484,5.995,4233400,61.95,78.45,30.71,65.42,260
1993-02-05,6.0271,6.4118,5.995,6.2885,4222400,70.31,78.45,30.71,82.94,260
1993-02-12,6.2577,6.2737,6.1183,6.1183,2725100,61.82,78.45,30.71,65.17,260
1993-02-19,6.1344,6.1652,5.9186,6.1035,4680300,61.13,78.45,30.71,63.72,260
1993-02-26,6.1183,6.2702,6.1158,6.2541,4636100,65.38,78.45,30.71,72.61,260
1993-03-05,6.2393,6.4098,6.1306,6.348,2972900,67.74,78.45,30.71,77.56,260
1993-03-12,6.3629,6.5791,6.3011,6.3629,3410400,68.11,78.45,30.71,78.33,260
1993-03-19,6.3938,6.6409,6.3777,6.61,3764100,73.56,78.45,30.71,89.74,260
1993-03-26,6.5791,6.61,6.4555,6.5791,3773000,71.9,78.45,30.71,86.28,260
1993-04-02,6.61,6.7026,6.4716,6.5013,3029100,67.77,78.45,30.71,77.62,260
1993-04-08,6.4864,6.5013,6.1924,6.2393,4357600,56.09,78.45,30.71,53.15,260
1993-04-16,6.2863,6.3629,5.9922,6.054,4348100,49.57,78.45,30.71,39.51,260
1993-04-23,6.007,6.0231,5.6364,5.6982,4601500,39.98,78.45,30.71,19.4,260
1993-04-30,5.7303,6.0231,5.6216,5.9453,4740600,47.57,78.45,30.71,35.31,260
1993-05-07,5.9774,6.1467,5.9613,6.054,2628600,50.53,78.45,30.71,41.52,260
1993-05-14,6.0849,6.1306,5.9774,6.007,2399400,49.24,78.45,30.71,38.8,260
1993-05-21,5.9922,6.3159,5.8538,6.2084,4224000,54.61,78.45,30.71,50.06,260
1993-05-28,6.2393,6.3159,6.1009,6.1467,3558700,52.76,78.45,30.71,46.19,260
1993-06-04,6.176,6.4236,6.176,6.2676,3379900,55.91,78.45,30.71,52.77,260
1993-06-11,6.2676,6.2676,6.0819,6.1909,2966900,53.48,78.45,30.71,47.68,260
1993-06-18,6.2057,6.2379,5.9903,6.1289,4170200,51.53,78.45,30.71,43.61,260
1993-06-25,6.1599,6.1599,6.0051,6.1141,3531300,51.05,78.45,30.71,42.6,260
1993-07-02,6.1289,6.1909,6.0522,6.0819,2459400,49.96,78.45,30.71,40.33,260
1993-07-09,6.0819,6.098,5.9903,6.0361,2504600,48.39,78.45,30.71,37.02,260
1993-07-16,6.0051,6.1599,5.9903,6.1289,2920300,51.71,78.45,30.71,43.99,260
1993-07-23,6.098,6.1438,5.9742,6.02,2342800,47.82,78.45,30.71,35.83,260
1993-07-30,6.0361,6.4855,6.02,6.3766,4103200,58.77,78.45,30.71,58.77,260
1993-08-06,6.3617,6.4385,6.3295,6.3766,2399500,58.77,78.45,30.71,58.77,260
1993-08-13,6.3766,6.6552,6.3456,6.6094,3961300,64.42,78.45,30.71,70.6,260
1993-08-20,6.6242,6.8409,6.6094,6.7951,5046900,68.17,78.45,30.71,78.46,260
1993-08-27,6.7332,6.8085,6.6242,6.6683,2764800,63.27,78.45,30.71,68.19,260
1993-09-03,6.6683,6.7763,6.6522,6.7465,2512200,64.94,78.45,30.71,71.7,260
1993-09-10,6.7304,6.7924,6.6063,6.7304,2557600,64.29,78.45,30.71,70.34,260
1993-09-17,6.7304,6.9003,6.6063,6.6683,3472400,61.73,78.45,30.71,64.97,260
1993-09-24,6.6993,6.7304,6.4041,6.5443,2843100,56.85,78.45,30.71,54.75,260
1993-10-01,6.5443,6.6522,6.3892,6.5133,2105800,55.66,78.45,30.71,52.26,260
1993-10-08,6.5281,6.6063,6.3582,6.4661,2101100,53.83,78.45,30.71,48.42,260
1993-10-15,6.4661,6.8383,6.4202,6.6993,2454900,60.73,78.45,30.71,62.88,260
1993-10-22,6.6993,6.8706,6.6373,6.7614,2467000,62.34,78.45,30.71,66.25,260
1993-10-29,6.7763,7.1646,6.7763,7.1485,3213200,70.49,78.45,30.71,83.31,260
1993-11-05,7.1187,7.1646,6.6993,6.9165,2764300,61.85,78.45,30.71,65.23,260
1993-11-12,6.9624,7.0095,6.7924,6.9785,2875700,63.15,78.45,30.71,67.95,260
1993-11-19,6.9624,7.1807,6.8234,7.0095,3286100,63.82,78.45,30.71,69.34,260
1993-11-26,6.9785,7.2715,6.7924,7.2243,3038800,68.1,78.45,30.71,78.32,260
1993-12-03,7.2404,7.3486,7.1783,7.1944,3200200,66.91,78.45,30.71,75.83,260
1993-12-10,7.2566,7.3336,7.0378,7.0701,3417200,62.07,78.45,30.71,65.68,260
1993-12-17,7.0701,7.2566,6.9918,7.1944,3478600,64.81,78.45,30.71,71.43,260
1993-12-23,7.1783,7.1944,7.0378,7.0701,1560900,60.13,78.45,30.71,61.61,260
1993-12-31,7.054,7.2404,6.9757,7.0851,2070000,60.5,78.45,30.71,62.39,260
1994-01-07,7.054,7.1161,6.8514,7.1,4129800,60.89,78.45,30.71,63.2,260
1994-01-14,7.0851,7.3187,7.0701,7.1161,3647100,61.33,78.45,30.71,64.14,260
1994-01-21,7.0851,7.3486,7.0229,7.2715,3614100,65.41,78.45,30.71,72.68,260
1994-01-28,7.2566,7.5972,7.2566,7.5512,3516600,71.28,78.45,30.71,84.98,260
1994-02-04,7.5512,7.6593,7.2864,7.3647,3405500,63.54,78.45,30.71,68.76,260
1994-02-11,7.3187,7.6133,7.2864,7.5673,3017500,67.65,78.45,30.71,77.37,260
1994-02-18,7.535,7.7538,7.489,7.5201,4012100,65.79,78.45,30.71,73.47,260
1994-02-25,7.5185,7.658,7.44,7.5023,2752900,65.06,78.45,30.71,71.95,260
1994-03-04,7.4861,7.7352,7.4562,7.7053,3443800,69.24,78.45,30.71,80.69,260
1994-03-11,7.6891,7.7825,7.5023,7.658,2469900,67.22,78.45,30.71,76.47,260
1994-03-18,7.6891,7.7202,7.4089,7.5808,4553600,63.95,78.45,30.71,69.61,260
1994-03-25,7.5808,7.6268,7.2533,7.2695,2896700,52.79,78.45,30.71,46.24,260
1994-03-31,7.2695,7.3616,6.7863,7.0827,5027400,47.44,78.45,30.71,35.03,260
1994-04-08,6.9108,7.2695,6.8797,7.1287,4332300,48.81,78.45,30.71,37.92,260
1994-04-15,7.1449,7.1449,6.9731,7.0204,2797600,45.78,78.45,30.71,31.56,260
1994-04-22,7.0665,7.4239,6.9731,7.3778,3231100,55.6,78.45,30.71,52.12,260
1994-04-29,7.3778,7.5023,7.3155,7.4712,1868100,57.75,78.45,30.71,56.63,260
1994-05-06,7.4712,7.5185,7.1748,7.2072,2311500,50.32,78.45,30.71,41.07,260
1994-05-13,7.1748,7.2844,7.0976,7.2371,2149700,51.09,78.45,30.71,42.68,260
1994-05-20,7.2072,7.6106,7.1599,7.5646,4220900,58.63,78.45,30.71,58.47,260
1994-05-27,7.5334,7.6106,7.3616,7.5957,2820000,59.27,74.2,30.71,65.67,260
1994-06-03,7.5957,7.7352,7.517,7.658,2769900,60.59,74.2,30.71,68.7,260
1994-06-10,7.673,7.8289,7.4546,7.5008,4532200,55.69,74.2,30.71,57.43,260
1994-06-17,7.4546,7.5632,7.4085,7.4546,4539200,54.3,74.2,30.71,54.23,260
1994-06-24,7.4234,7.517,7.2987,7.3611,2995400,51.49,74.2,30.71,47.79,260
1994-07-01,7.3611,7.4858,7.144,7.3935,5932600,52.41,74.2,30.71,49.9,260
1994-07-08,7.3935,7.4234,7.2987,7.3935,3822400,52.41,74.2,30.71,49.9,260
1994-07-15,7.3935,7.3935,7.0192,7.3311,8954800,50.29,74.2,30.71,45.02,260
1994-07-22,7.3311,7.3611,6.5501,6.5501,11137000,32.53,74.2,30.71,4.19,260
1994-07-29,6.6125,6.7996,6.6125,6.7697,10284200,39.05,74.2,30.71,19.17,260
1994-08-05,6.7996,6.9244,6.4877,6.5825,11373500,35.87,74.2,30.71,11.86,260
1994-08-12,6.5825,6.7372,6.5201,6.6749,7291800,38.53,74.2,30.71,17.98,260
1994-08-19,6.6749,6.7073,6.3779,6.6449,12571700,37.98,74.2,30.71,16.71,260
1994-08-26,6.5825,6.8774,6.5201,6.7523,11957400,41.22,74.2,30.71,24.17,260
1994-09-02,7.0975,7.1275,6.9099,7.0024,12191900,48.03,74.2,30.71,39.83,260
1994-09-09,6.9724,7.0349,6.7849,6.8474,5978000,44.58,74.2,30.71,31.9,260
1994-09-16,6.8474,6.9399,6.7523,6.8474,9217300,44.58,74.2,30.71,31.9,260
1994-09-23,6.9099,6.9099,6.5348,6.7223,9102100,41.78,74.2,30.71,25.44,260
1994-09-30,6.7223,6.8149,6.5648,6.5973,5651100,39.12,74.2,30.71,19.35,260
1994-10-07,6.6598,6.6898,6.4722,6.5973,7984800,39.12,74.2,30.71,19.35,260
1994-10-14,6.6598,6.8149,6.6273,6.7849,6401200,45.18,74.2,30.71,33.27,260
1994-10-21,6.7849,7.0349,6.7223,7.0024,10158100,51.24,74.2,30.71,47.2,260
1994-10-28,6.9399,7.16,6.8774,7.1275,7245400,54.36,74.2,30.71,54.37,260
1994-11-04,7.16,7.4401,7.0975,7.2225,10234000,56.63,74.2,30.71,59.6,260
1994-11-11,7.2525,7.4401,7.0975,7.0975,7412400,52.9,74.2,30.71,51.02,260
1994-11-18,7.1275,7.4726,7.0975,7.3776,8671000,59.36,74.2,30.71,65.87,260
1994-11-25,7.3776,7.3776,6.9871,7.1124,5339700,52.08,74.2,30.71,49.13,260
1994-12-02,7.1124,7.2377,6.9871,7.1124,5103800,52.08,74.2,30.71,49.13,260
1994-12-09,7.1124,7.2377,6.9545,7.0172,7114300,49.55,74.2,30.71,43.31,260
1994-12-16,7.0172,7.3304,6.9871,7.2678,8331200,55.65,74.2,30.71,57.35,260
1994-12-23,7.1751,7.3304,7.1425,7.2377,6197700,54.8,74.2,30.71,55.38,260
1994-12-30,7.2377,7.4557,7.2051,7.3304,4172200,57.0,74.2,30.71,60.44,260
1995-01-06,7.3304,7.3931,7.2051,7.2377,4226700,54.16,74.2,30.71,53.91,260
1995-01-13,7.3004,7.4257,7.2051,7.3304,5260700,56.49,74.2,30.71,59.28,260
1995-01-20,7.363,7.4257,7.1751,7.3004,6963900,55.51,74.2,30.71,57.01,260
1995-01-27,7.2051,8.1775,7.1751,8.1149,14399900,70.52,74.2,30.71,91.54,260
1995-02-03,8.0196,8.3329,7.957,8.2402,14948300,72.09,74.2,30.71,95.13,260
1995-02-10,8.2076,8.4281,7.9896,8.3955,6461600,73.93,74.2,30.71,99.37,260
1995-02-17,8.4281,8.5209,8.1775,8.1775,9036000,67.22,74.2,30.71,83.95,260
1995-02-24,8.1775,8.4736,8.1149,8.4108,5288300,70.32,74.2,30.71,91.08,260
1995-03-03,8.3807,8.4108,8.2225,8.2853,5130400,66.67,74.2,30.71,82.67,260
1995-03-10,8.2552,8.5062,8.1924,8.5062,6682600,69.66,74.2,30.71,89.55,260
1995-03-17,8.5062,8.9757,8.4435,8.8201,11965000,73.32,74.2,30.71,97.97,260
1995-03-24,8.8201,8.9456,8.6619,8.913,6777400,74.31,74.31,30.71,100.0,260
1995-03-31,8.913,8.913,8.569,8.569,6114900,64.74,74.31,30.71,78.06,260
1995-04-07,8.569,8.8502,8.4736,8.7874,5384400,67.6,74.31,30.71,84.6,260
1995-04-13,8.7246,8.7874,8.569,8.7874,4301300,67.6,74.31,30.71,84.6,260
1995-04-21,8.8201,8.913,8.6318,8.8502,6848400,68.45,74.31,30.71,86.55,260
1995-04-28,8.7874,8.9757,8.6619,8.7874,5528900,66.56,74.31,30.71,82.24,260
1995-05-05,8.8201,9.1967,8.7573,9.1339,8126400,71.26,74.31,30.71,93.01,260
1995-05-12,9.164,9.4477,9.0385,9.2594,7249900,72.76,74.31,30.71,96.44,260
1995-05-19,9.164,9.3222,8.913,8.9456,8770800,63.82,74.31,30.71,75.95,260
1995-05-26,9.0084,9.2896,8.9757,9.1013,6940500,66.05,74.31,30.71,81.06,260
1995-06-02,9.0879,9.5582,9.0879,9.3394,5095100,69.18,74.31,30.71,88.23,260
1995-06-09,9.2765,9.3394,9.0879,9.2136,5717800,65.73,74.31,30.71,80.33,260
1995-06-16,9.2136,9.5909,9.1809,9.4651,7440900,69.05,74.31,30.71,87.94,260
1995-06-23,9.4651,9.7469,9.4023,9.5582,6021800,70.2,74.31,30.71,90.58,260
1995-06-30,9.6211,9.8726,9.4953,9.8424,4637000,73.44,74.31,30.71,98.02,260
1995-07-07,9.8097,9.9355,9.4023,9.4324,4985200,62.82,74.31,30.71,73.65,260
1995-07-14,9.4953,9.684,9.4324,9.528,6962400,64.12,74.31,30.71,76.64,260
1995-07-21,9.528,9.7167,9.025,9.7167,9027900,66.61,74.31,30.71,82.35,260
1995-07-28,9.7167,9.9682,9.528,9.7469,4817600,67.0,74.31,30.71,83.25,260
1995-08-04,9.7167,9.8424,9.4953,9.528,5729200,61.35,74.31,30.71,70.28,260
1995-08-11,9.528,9.8097,9.528,9.6211,6046800,62.79,74.31,30.71,73.58,260
1995-08-18,9.6211,9.7796,9.1809,9.2765,15675600,54.68,74.31,30.71,54.98,260
1995-08-25,9.2136,9.3696,9.1809,9.1809,7631400,52.65,74.31,30.71,50.32,260
1995-09-01,9.1809,9.2939,9.1049,9.2309,5715500,53.62,74.31,30.71,52.54,260
1995-09-08,9.2309,9.4829,9.2309,9.4829,4947600,58.26,74.31,30.71,63.2,260
1995-09-15,9.4829,10.2062,9.3569,10.1129,11474900,67.12,74.31,32.01,83.02,260
1995-09-22,10.0499,10.3019,9.8281,10.2389,7168700,68.56,74.31,32.53,86.25,260
1995-09-29,10.3019,10.4582,9.6089,9.6391,9932700,56.01,74.31,32.53,56.19,260
1995-10-06,9.6089,9.8911,9.5131,9.7651,14055500,57.76,74.31,32.53,60.38,260
1995-10-13,9.7349,10.2062,9.6719,10.0172,7105500,61.09,74.31,32.53,68.36,260
1995-10-20,10.0802,10.5539,9.7349,10.4582,7720900,66.13,74.31,32.53,80.42,260
1995-10-27,10.3322,10.5842,10.2062,10.5212,6475700,66.79,74.31,32.53,82.01,260
1995-11-03,10.5539,10.5539,10.2692,10.2692,7656500,61.61,74.31,32.53,69.6,260
1995-11-10,10.3649,10.7732,10.2389,10.6799,5857600,66.21,74.31,32.53,80.62,260
1995-11-17,10.6799,11.2142,10.6472,11.1512,6014900,70.57,74.31,32.53,91.05,260
1995-11-24,11.2142,11.4662,10.9949,10.9949,5193400,67.46,74.31,32.53,83.61,260
1995-12-01,11.0252,11.4207,10.979,11.3273,6225700,70.44,74.31,32.53,90.75,260
1995-12-08,11.3273,11.7059,11.0421,11.4207,7123300,71.24,74.31,32.53,92.66,260
1995-12-15,11.4207,12.1148,11.3904,11.8321,10835000,74.51,74.51,32.53,100.0,260
1995-12-22,11.7059,11.7993,11.0421,11.2642,8755700,63.75,74.51,32.53,74.38,260
1995-12-29,11.2945,11.6731,11.2945,11.3904,3097700,64.96,74.51,32.53,77.26,260
1996-01-05,11.3576,11.5797,11.2617,11.4838,5615500,65.87,74.51,32.53,79.43,260
1996-01-12,11.3273,11.4535,10.979,11.0106,6320800,57.71,74.51,32.53,59.98,260
1996-01-19,11.2011,11.7993,11.0737,11.7046,11641600,64.63,74.51,32.53,76.47,260
1996-01-26,12.3041,12.3369,12.0189,12.2725,10097800,69.09,74.51,32.53,87.09,260
1996-02-02,12.6196,12.8719,12.5249,12.6827,8546700,71.85,74.51,32.53,93.67,260
1996-02-09,12.5565,13.5345,12.5565,13.3136,11548800,75.48,75.48,32.53,100.0,260
1996-02-16,13.3452,13.6922,12.6196,12.6827,16518000,66.28,75.48,32.53,78.58,260
1996-02-23,12.5565,13.4083,12.3672,13.1243,8605600,69.12,75.48,32.53,85.19,260
1996-03-01,12.8719,12.9841,12.5102,12.7326,9386600,63.97,75.48,32.53,73.22,260
1996-03-08,12.8893,13.5843,12.8577,13.2368,9046200,67.34,75.48,32.53,81.06,260
1996-03-15,12.7629,12.9525,12.605,12.7313,8168800,61.17,75.48,32.53,66.68,260
1996-03-22,13.142,13.2684,12.6365,12.8577,8108500,62.1,75.48,32.53,68.86,260
1996-03-29,12.8261,12.8589,12.3206,12.4786,15591200,57.62,75.48,32.53,58.42,260
1996-04-04,12.3206,12.5734,12.2259,12.3206,8243800,55.81,75.48,32.53,54.21,260
1996-04-12,12.0047,12.1943,11.594,11.752,14137000,49.76,75.48,32.53,40.11,260
1996-04-19,12.2271,12.3535,11.752,11.8152,13776000,50.4,75.48,32.53,41.61,260
1996-04-26,12.0047,12.0995,11.8152,11.9731,9556800,52.06,75.48,32.53,45.46,260
1996-05-03,12.0679,12.3535,11.9087,12.3522,9014000,55.86,75.48,32.53,54.32,260
1996-05-10,11.8152,12.1627,11.6256,12.0995,8408100,52.85,75.48,32.53,47.31,260
1996-05-17,12.0047,12.2574,11.9415,12.0363,12737500,52.09,75.48,32.53,45.55,260
1996-05-24,12.1943,12.5418,10.4252,12.5418,12034200,57.35,75.48,32.53,57.79,260
1996-05-31,12.4799,12.5102,12.1311,12.308,6810500,54.38,75.48,32.53,50.87,260
1996-06-07,12.1802,12.4662,12.0232,12.2447,6771600,53.57,75.48,32.53,48.99,260
1996-06-14,12.1498,12.2131,12.0232,12.0865,9315600,51.51,75.48,32.53,44.18,260
1996-06-21,11.96,11.96,11.4854,11.6436,13645300,46.15,75.48,32.53,31.7,260
1996-06-28,11.8967,12.0232,11.6436,11.7701,8618000,47.82,75.48,32.53,35.59,260
1996-07-05,11.8967,12.0549,11.6119,11.6752,5651400,46.65,75.48,32.53,32.87,260
1996-07-12,11.3904,11.4537,10.9475,11.3272,13234500,42.54,75.48,32.53,23.31,260
1996-07-19,11.2942,11.2955,10.378,11.2006,15726700,41.12,75.48,32.53,20.01,260
1996-07-26,11.4537,11.6752,11.2006,11.4854,9683600,45.52,75.48,32.53,30.25,260
1996-08-02,11.7397,12.2131,11.5803,12.1194,7737900,53.8,75.48,32.53,49.52,260
1996-08-09,12.1194,12.1498,11.8334,12.1498,5677400,54.16,75.48,32.53,50.36,260
1996-08-16,12.0232,12.0865,11.8967,12.0232,4548500,52.33,75.48,32.53,46.11,260
1996-08-23,12.1194,12.1194,11.927,11.96,5065100,51.4,75.48,32.53,43.93,260
1996-08-30,12.0865,12.1372,11.9929,12.0105,6989600,52.13,75.48,32.53,45.64,260
1996-09-06,11.6619,11.8203,11.5351,11.6302,6141400,46.45,75.48,32.53,32.4,260
1996-09-13,11.7886,12.1689,11.757,11.9788,7611400,51.65,75.48,32.53,44.52,260
1996-09-20,12.1994,12.4224,11.9788,12.0422,8173300,52.56,75.48,32.53,46.63,260
1996-09-27,12.0117,12.3908,11.9458,12.0422,7895900,52.56,75.48,32.53,46.63,260
1996-10-04,12.2653,12.3274,11.8191,11.9154,10220900,50.37,75.48,32.53,41.55,260
1996-10-11,11.7582,11.9471,11.5985,11.6936,9374500,46.72,75.48,32.53,33.03,260
1996-10-18,11.7253,11.9788,11.5034,11.5668,10769000,44.72,75.48,32.53,28.38,260
1996-10-25,11.5985,11.6315,11.0915,11.345,16203300,41.39,75.48,32.53,20.62,260
1996-11-01,11.345,11.4401,11.1549,11.2816,9650400,40.46,75.48,32.53,18.46,260
1996-11-08,11.5656,11.8837,11.4388,11.8837,8823200,51.57,75.48,32.53,44.33,260
1996-11-15,11.9458,12.2957,11.8837,12.2957,8933100,57.43,75.48,32.53,57.97,260
1996-11-22,12.2653,12.5175,12.1994,12.264,8854100,56.86,75.48,32.53,56.64,260
1996-11-29,12.1055,12.2653,11.7122,11.7122,8944800,47.94,75.48,32.53,35.88,260
1996-12-06,11.8379,12.2188,11.5535,11.904,9937100,50.83,75.48,32.53,42.6,260
1996-12-13,11.9649,12.2518,11.4266,11.6805,10623300,47.52,75.48,32.53,34.9,260
1996-12-20,11.6805,11.8709,11.4266,11.5535,9804700,45.7,75.48,32.53,30.67,260
1996-12-27,11.5231,11.904,11.4901,11.744,4550800,48.86,75.48,32.53,38.03,260
1997-01-03,11.8075,11.8379,11.3326,11.4266,5266300,44.24,75.48,32.53,27.26,260
1997-01-10,11.3961,11.4596,10.9822,11.1092,14507000,40.15,75.48,32.53,17.74,260
1997-01-17,11.1727,11.8709,11.0457,11.8075,16017400,50.91,75.48,32.53,42.78,260
1997-01-24,11.904,12.1579,11.3961,11.8405,19830800,51.35,75.48,32.53,43.82,260
1997-01-31,11.8075,11.8405,11.4266,11.5535,10209800,47.33,75.48,32.53,34.47,260
1997-02-07,11.5535,11.65,11.3326,11.5231,10492100,46.91,75.48,32.53,33.49,260
1997-02-14,11.5865,11.904,11.4266,11.8709,10164500,52.13,75.48,32.53,45.64,260
1997-02-21,11.8075,11.9344,11.5865,11.5865,7566700,47.98,75.48,32.53,35.97,260
1997-02-28,11.5535,12.1249,10.97,11.0006,24918600,40.77,75.48,32.53,19.19,260
1997-03-07,10.937,11.4787,10.8098,11.3185,16564600,45.55,75.48,32.53,30.32,260
1997-03-14,11.3516,11.4787,11.1608,11.2244,10034000,44.41,75.48,32.53,27.66,260
1997-03-21,11.6059,12.0815,11.5093,12.018,18906000,54.72,75.48,32.53,51.67,260
1997-03-27,11.9874,12.5597,11.8908,12.3054,8888500,57.77,75.48,32.53,58.78,260
1997-04-04,12.1782,12.3359,11.8908,12.2723,12132400,57.3,75.48,32.53,57.66,260
1997-04-11,12.369,12.6869,12.1782,12.1782,11732600,55.88,75.48,32.53,54.36,260
1997-04-18,12.2418,13.0048,12.1451,12.6233,17030900,60.82,75.48,32.53,65.87,260
1997-04-25,12.6233,13.1956,12.5902,13.0048,10935800,64.49,75.48,32.53,74.42,260
1997-05-02,12.9718,13.7348,12.9412,13.544,9502800,68.93,75.48,32.53,84.75,260
1997-05-09,13.6407,13.9586,13.3533,13.5135,10410500,68.41,75.48,32.53,83.53,260
1997-05-16,13.4499,13.6076,13.1956,13.2261,9890800,63.54,75.48,32.53,72.2,260
1997-05-23,13.2261,13.3228,12.8777,13.0048,7498500,60.0,75.48,32.53,63.96,260
1997-05-30,13.0684,13.1956,12.6112,12.8023,6940300,56.88,75.48,32.53,56.69,260
1997-06-06,12.7717,12.7717,12.1348,12.229,14875800,49.09,75.48,32.53,38.55,260
1997-06-13,12.3258,12.866,12.229,12.8023,10913000,55.63,75.48,32.53,53.79,260
1997-06-20,12.7386,12.8354,12.3895,12.7386,11833400,54.79,75.48,32.53,51.82,260
1997-06-27,12.6749,12.708,12.2622,12.3895,9477400,50.29,75.48,32.53,41.36,260
1997-07-03,12.3564,12.5475,12.0711,12.4201,9764300,50.67,75.48,32.53,42.25,260
1997-07-11,12.4532,12.7717,12.0711,12.7717,18020400,54.96,75.48,32.53,52.22,260
1997-07-18,12.7717,13.057,12.6112,12.7386,11249700,54.48,75.48,32.53,51.1,260
1997-07-25,12.7386,13.6303,12.6443,13.5666,13482700,63.14,75.48,32.53,71.28,260
1997-08-01,13.5997,13.885,13.3755,13.3908,12489400,60.51,75.48,32.53,65.15,260
1997-08-08,13.2481,13.536,13.1207,13.1539,7560800,57.06,75.48,32.53,57.11,260
1997-08-15,13.1207,13.2481,12.708,12.7386,8074500,51.51,75.48,32.53,44.18,260
1997-08-22,12.7386,12.866,12.4201,12.6749,10576600,50.69,75.48,32.53,42.29,260
1997-08-29,12.6443,12.708,11.6758,12.0918,12568300,43.86,75.48,32.53,26.37,260
1997-09-05,12.0918,12.2832,11.7396,11.8673,12403600,41.53,75.48,32.53,20.96,260
1997-09-12,11.9311,12.0587,11.6758,11.9311,11167600,42.46,75.48,32.53,23.13,260
1997-09-19,11.9311,12.2832,11.7396,12.2194,10438000,46.61,75.48,32.53,32.78,260
1997-09-26,12.2194,12.5385,12.0918,12.1556,8166800,45.82,75.48,32.53,30.95,260
1997-10-03,12.1556,12.4415,12.0918,12.2832,7412100,47.72,75.48,32.53,35.37,260
1997-10-10,12.2501,12.3777,11.8035,11.9642,9724700,43.61,75.48,32.53,25.78,260
1997-10-17,11.9949,12.2194,11.4206,11.8035,14514900,41.65,75.48,32.53,21.24,260
1997-10-24,12.1863,12.4415,11.8673,12.028,12254900,45.33,75.48,32.53,29.81,260
1997-10-31,11.8366,11.9949,10.752,11.4538,12012900,38.63,75.48,32.53,14.19,260
1997-11-07,11.612,11.9949,11.3415,11.4206,9381100,38.28,75.48,32.53,13.37,260
1997-11-14,11.612,12.1071,11.4053,11.9464,9704900,46.59,75.48,32.53,32.73,260
1997-11-21,12.0918,12.5206,11.9157,12.4415,7947600,53.01,75.48,32.53,47.68,260
1997-11-28,12.3139,12.6661,12.3042,12.3988,6165500,52.42,75.48,32.53,46.32,260
1997-12-05,12.4627,12.5113,12.0307,12.1585,7765300,49.14,75.48,32.53,38.66,260
1997-12-12,12.0793,12.2224,11.7597,11.8569,8069000,45.3,75.48,32.53,29.72,260
1997-12-19,11.8875,11.9514,11.3456,11.7444,11302600,43.92,75.48,32.53,26.51,260
1997-12-26,11.729,11.8875,11.5373,11.5526,3554200,41.59,75.48,32.53,21.1,260
1998-01-02,11.6319,12.271,11.6012,12.1764,6551500,50.73,75.48,32.53,42.37,260
1998-01-09,12.1764,12.2071,11.568,11.6012,8703300,43.91,75.48,32.53,26.49,260
1998-01-16,11.4402,12.2557,11.4095,12.1585,8175400,50.81,75.48,32.53,42.55,260
1998-01-23,12.0793,12.271,11.8875,12.0307,7913000,49.31,75.48,32.53,39.07,260
1998-01-30,11.9029,12.4474,11.8236,12.0486,8708700,49.53,75.48,32.53,39.59,260
1998-02-06,12.2403,12.6059,12.1278,12.4781,9083500,54.71,75.48,32.53,51.65,260
1998-02-13,12.4142,13.7103,12.4142,13.5492,17289700,64.5,75.48,32.53,74.44,260
1998-02-20,13.4853,13.5492,13.0533,13.5339,10531500,64.29,75.48,32.53,73.94,260
1998-02-27,13.5492,14.3081,13.1866,13.9701,11907800,67.58,75.48,32.53,81.62,260
1998-03-06,14.0188,14.0674,13.4427,13.7781,9219400,64.75,75.48,32.53,75.02,260
1998-03-13,13.796,14.4669,13.6834,13.9881,12740400,66.41,75.48,32.53,78.88,260
1998-03-20,13.5707,13.732,12.9639,13.1866,17913400,55.64,75.48,32.53,53.82,260
1998-03-27,12.8026,15.0123,12.8026,14.6922,25796400,66.6,75.48,32.53,79.32,260
1998-04-03,14.979,16.3386,14.851,16.2592,26375900,73.84,75.48,32.53,96.19,260
1998-04-09,16.2439,16.2592,15.4911,15.9238,12306900,70.32,75.48,32.53,88.0,260
1998-04-17,15.8752,15.9085,15.4604,15.8265,10961100,69.29,75.48,32.53,85.6,260
1998-04-24,15.9392,16.0365,14.7716,14.8842,12651900,60.11,75.48,32.53,64.22,260
1998-05-01,14.7229,16.1005,14.6103,16.0186,14318900,65.96,75.48,32.53,77.84,260
1998-05-08,15.8752,16.0518,15.6191,15.9238,9986000,65.1,75.48,32.53,75.84,260
1998-05-15,15.9392,16.4206,15.6985,16.3079,9392000,66.98,75.48,32.53,80.21,260
1998-05-22,16.3079,17.076,16.0032,16.8046,10398800,69.28,75.48,32.53,85.57,260
1998-05-29,16.7713,17.1939,16.6587,16.8272,8530600,69.38,75.48,32.53,85.81,260
1998-06-05,16.8272,17.3067,16.8093,17.2272,6714300,71.25,75.48,32.53,90.15,260
1998-06-12,17.2272,17.4195,16.2504,16.5708,7295800,64.32,75.48,32.53,74.03,260
1998-06-19,16.4734,17.5323,16.3145,17.4503,11295800,68.71,75.48,32.53,84.25,260
1998-06-26,17.3221,17.9323,17.1144,17.6759,9139100,69.74,75.48,32.53,86.64,260
1998-07-02,17.6913,18.3964,17.6272,18.2041,6789700,72.05,75.48,32.53,92.03,260
1998-07-10,18.2195,19.2143,18.1554,18.7323,11638300,74.18,75.48,32.53,96.98,260
1998-07-17,19.0374,19.1015,17.9477,18.781,9212200,74.38,75.48,32.53,97.44,260
1998-07-24,18.2041,18.2528,17.1144,17.3221,18955000,59.88,75.48,32.53,63.69,260
1998-07-31,17.1785,17.3862,16.9708,17.1298,7541300,58.27,75.48,32.53,59.94,260
1998-08-07,16.8913,17.0349,15.6401,15.6735,11630300,47.78,75.48,32.53,35.51,260
1998-08-14,15.8324,17.0657,15.7837,16.6349,12984400,53.71,75.48,32.53,49.31,260
1998-08-21,16.4427,17.099,16.3452,16.9221,7538800,55.34,75.48,32.53,53.1,260
1998-08-28,16.9221,17.0836,15.8398,16.0966,10699100,49.9,75.48,32.53,40.44,260
1998-09-04,16.112,16.2096,14.2505,14.9258,13151900,43.39,75.48,32.53,25.27,260
1998-09-11,15.6627,16.5614,14.877,15.1979,10487800,45.18,75.48,32.53,29.44,260
1998-09-18,15.5343,15.6473,14.3943,14.5714,10306800,41.89,75.48,32.53,21.79,260
1998-09-25,14.348,15.0208,13.7369,14.6998,11396700,42.81,75.48,32.53,23.93,260
1998-10-02,15.4701,15.7115,14.5714,14.8924,12589600,44.23,75.48,32.53,27.24,260
1998-10-09,15.0208,16.0632,14.4276,15.7269,14722900,50.03,75.48,32.53,40.76,260
1998-10-16,15.9194,17.6372,15.9194,17.5088,11634100,59.68,75.48,32.53,63.22,260
1998-10-23,17.4292,17.6372,16.2738,16.5614,10477100,53.74,75.48,32.53,49.38,260
1998-10-30,16.5614,17.5576,16.338,17.2187,7990400,56.94,75.48,32.53,56.84,260
1998-11-06,17.4292,17.8786,16.8181,17.7168,8483600,59.24,75.48,32.53,62.2,260
1998-11-13,17.781,18.5205,17.1545,18.3279,9338600,61.93,75.48,32.53,68.47,260
1998-11-20,18.2457,18.6155,17.7656,18.2637,9883500,61.48,75.48,32.53,67.4,260
1998-11-27,18.2149,18.9056,18.1661,18.559,4803600,62.84,75.48,32.53,70.57,260
1998-12-04,18.3816,18.5101,17.6746,17.996,6979500,58.58,75.48,32.53,60.66,260
1998-12-11,17.9163,18.559,17.2581,17.5461,7328900,55.35,75.48,32.53,53.14,260
1998-12-18,17.3867,19.3457,16.9831,19.3302,11332500,63.86,75.48,32.53,72.95,260
1998-12-24,19.4099,20.4383,19.2968,19.6182,6884200,65.02,75.48,32.53,75.64,260
1998-12-31,19.7313,20.2455,19.3148,19.7467,4379100,65.55,75.48,32.53,76.88,260
1999-01-08,19.8933,20.7596,19.6028,20.6954,12658000,69.26,75.48,32.53,85.51,260
1999-01-15,20.3432,20.5668,18.4793,19.9241,9854500,63.29,75.48,32.53,71.63,260
1999-01-22,19.9241,20.4537,19.4434,19.5385,5989200,60.49,75.48,32.53,65.09,260
1999-01-29,19.4099,20.7288,19.3688,20.2609,12448800,63.73,75.48,32.53,72.65,260
1999-02-05,20.2455,21.081,20.0681,20.6465,10507400,65.36,75.48,32.53,76.45,260
1999-02-12,20.6465,21.081,20.3586,20.9036,7940400,66.45,75.48,32.53,78.98,260
1999-02-19,20.8882,22.0142,20.6157,21.9962,8501700,70.66,75.48,32.53,88.78,260
1999-02-26,21.8857,22.3021,21.4178,21.8522,12279700,69.42,75.48,32.53,85.9,260
1999-03-05,21.9165,24.3588,21.7571,24.2457,14375300,76.71,76.71,32.53,100.0,260
1999-03-12,23.8472,23.9398,21.9808,22.7614,21049850,66.17,76.71,32.53,76.15,260
1999-03-19,22.2313,23.132,22.2313,22.4577,16286500,64.23,76.71,32.53,71.75,260
1999-03-26,22.4217,23.2916,21.4592,22.8438,16196100,65.61,76.71,32.53,74.88,260
1999-04-01,23.1011,23.6776,22.8747,23.4872,11529300,67.85,76.71,32.53,79.93,260
1999-04-09,23.6776,24.2233,23.3225,23.5798,15180500,68.17,76.71,32.53,80.66,260
1999-04-16,23.3585,24.1306,22.5195,22.8747,16221800,63.02,76.71,32.53,69.01,260
1999-04-23,22.9725,23.6468,21.7165,22.7151,19519800,61.88,76.71,32.53,66.43,260
1999-04-30,22.6482,22.9725,21.3614,21.8143,15250900,55.76,76.71,32.53,52.57,260
1999-05-07,21.7783,22.0048,20.4297,20.5893,14301000,48.7,76.71,32.53,36.59,260
1999-05-14,20.6871,21.6496,20.1723,20.7849,16991600,49.79,76.71,32.53,39.07,260
1999-05-21,20.5584,21.0422,20.2701,20.5275,16838300,48.33,76.71,32.53,35.77,260
1999-05-28,20.4606,20.6201,19.4561,19.8426,15890000,44.59,76.71,32.53,27.29,260
1999-06-04,20.0385,21.1311,19.4561,21.1311,12696100,52.11,76.71,32.53,44.3,260
1999-06-11,21.0693,21.6465,20.5178,21.26,15480800,52.8,76.71,32.53,45.87,260
1999-06-18,21.4867,22.1,21.229,21.6465,12483400,54.89,76.71,32.53,50.62,260
1999-06-25,21.6465,21.6774,20.3889,20.425,9965200,47.68,76.71,32.53,34.29,260
1999-07-02,20.5539,21.5486,20.4869,21.162,13761800,51.8,76.71,32.53,43.6,260
1999-07-09,20.7755,23.0638,20.5539,22.9659,17544200,60.07,76.71,32.53,62.34,260
1999-07-16,22.6154,23.3215,22.2289,22.7443,12179700,58.74,76.71,35.87,56.0,260
1999-07-23,22.6773,22.6773,21.4197,21.6465,10719900,52.52,76.71,35.87,40.76,260
1999-07-30,21.3888,22.3887,21.2909,21.4867,13865200,51.66,76.71,37.98,35.32,260
1999-08-06,21.3888,22.064,20.6827,20.7755,11278300,47.91,76.71,37.98,25.63,260
1999-08-13,20.9043,21.26,20.0694,20.6157,14304600,47.08,76.71,38.28,22.91,260
1999-08-20,20.6157,21.8733,20.6157,21.1981,12652000,50.44,76.71,38.28,31.65,260
1999-08-27,21.1981,22.1928,21.0693,21.8423,12562800,53.92,76.71,38.28,40.71,260
1999-09-03,21.8677,22.1566,20.5106,21.5736,13256900,52.27,76.71,38.28,36.41,260
1999-09-10,21.6097,22.5436,21.3826,22.3837,7290400,56.59,76.71,38.28,47.64,260
1999-09-17,22.3837,22.8996,21.8315,22.0895,11276900,54.65,76.71,38.28,42.61,260
1999-09-24,21.9605,22.7345,21.7696,22.1876,12208300,55.2,76.71,38.28,44.04,260
1999-10-01,22.3166,22.5436,21.9296,22.4456,11868000,56.69,76.71,38.28,47.91,260
1999-10-08,22.5436,23.3486,21.7696,22.3166,15116500,55.69,76.71,38.28,45.32,260
1999-10-15,22.3837,22.8016,21.1246,21.4446,12943800,49.39,76.71,38.28,28.91,260
1999-10-22,21.3826,22.9616,20.6086,20.7996,23478400,45.3,76.71,38.28,18.27,260
1999-10-29,20.7067,21.6097,19.7676,21.2846,28492100,48.73,76.71,38.28,27.21,260
1999-11-05,21.5426,24.0606,21.1866,23.9935,30803000,62.79,76.71,38.28,63.79,260
1999-11-12,23.6736,25.5725,23.4776,24.9636,26236100,66.35,76.71,38.28,73.04,260
1999-11-19,24.5405,24.8346,23.5446,24.4476,20573000,62.9,76.71,38.28,64.08,260
1999-11-26,24.1535,24.3186,22.9925,22.9925,10413600,54.33,76.71,38.28,41.78,260
1999-12-03,23.1153,24.1484,23.0172,23.699,16312200,57.37,76.71,38.28,49.68,260
1999-12-10,23.4046,23.8901,22.0512,22.3405,18818300,50.43,76.71,38.28,31.61,260
1999-12-17,22.2785,22.3405,21.2764,21.3074,20830000,45.88,76.71,38.28,19.78,260
1999-12-23,21.6328,22.1804,20.4344,20.92,16767700,44.27,76.71,38.28,15.59,260
1999-12-31,21.1473,21.6948,20.047,20.8219,12244100,43.85,76.71,38.28,14.49,260
2000-01-07,20.6307,20.858,19.8249,20.5997,23902800,42.85,76.71,38.28,11.91,260
2000-01-14,20.6617,22.5368,20.5326,22.0099,26709700,50.51,76.71,38.28,31.83,260
2000-01-21,21.8911,22.0202,20.889,21.2093,13778100,46.69,76.71,38.28,21.88,260
2000-01-28,21.3074,21.4055,17.9189,18.983,40127600,38.06,76.71,38.06,0.0,260
2000-02-04,19.2412,19.6286,17.7897,18.141,32264800,35.39,76.71,35.39,0.0,260
2000-02-11,18.2081,19.4375,17.5625,18.048,37327000,35.1,76.71,35.1,0.0,260
2000-02-18,18.2391,18.2391,16.6895,16.7876,22667400,31.33,76.71,31.33,0.0,260
2000-02-25,16.6585,17.2422,15.8837,16.0128,20112400,29.24,76.71,29.24,0.0,260
2000-03-03,16.142,16.7567,15.7856,16.6895,23812800,33.41,76.71,29.24,8.77,260
2000-03-10,16.7876,16.7876,15.3981,16.4002,23972700,32.53,76.71,29.24,6.91,260
2000-03-17,16.5294,18.1772,15.5273,17.4643,31644900,38.91,76.71,29.24,20.36,260
2000-03-24,17.6916,18.5646,17.5315,17.9809,17952900,41.79,76.71,29.24,26.43,260
2000-03-31,17.6606,19.7578,17.5625,19.3084,19123600,48.5,76.71,29.24,40.57,260
2000-04-07,19.5305,20.3053,18.6627,19.1121,21028000,47.63,76.71,29.24,38.73,260
2000-04-14,19.0501,19.7268,17.0459,17.3352,24281900,40.51,76.71,29.24,23.72,260
2000-04-20,17.3042,18.5955,16.4984,18.4974,20651600,46.18,76.71,29.24,35.67,260
2000-04-28,18.2081,20.3725,18.1462,19.6596,22897100,51.19,76.71,29.24,46.23,260
2000-05-05,19.6286,20.4706,18.079,18.4354,22946200,46.3,76.71,29.24,35.93,260
2000-05-12,18.4664,20.047,18.1772,19.4014,17872500,50.33,76.71,29.24,44.42,260
2000-05-19,19.3394,20.3053,19.3084,19.5305,12530400,50.86,76.71,29.24,45.54,260
2000-05-26,19.5667,20.6307,19.1792,19.4995,17594300,50.72,76.71,29.24,45.24,260
2000-06-02,19.1121,19.1431,18.1772,18.6627,14771800,46.96,76.71,29.24,37.32,260
2000-06-09,18.5955,18.5955,16.3383,17.5005,26667300,42.27,76.71,29.24,27.44,260
2000-06-16,17.1751,17.206,16.173,16.173,33272500,37.64,76.71,29.24,17.69,260
2000-06-23,16.4674,17.1441,16.0128,16.8548,24745100,41.2,76.71,29.24,25.19,260
2000-06-30,17.0149,17.3713,16.0438,17.0149,23181800,42.04,76.71,29.24,26.95,260
2000-07-07,17.1441,17.3042,16.3383,16.7876,14525100,41.14,76.71,29.24,25.07,260
2000-07-14,17.2422,17.2732,16.0128,16.2091,18877000,38.87,76.71,29.24,20.29,260
2000-07-21,16.2711,16.5294,15.7856,15.9508,15789700,37.87,76.71,29.24,18.17,260
2000-07-28,15.9508,17.4333,15.5273,16.5294,32038400,41.51,76.71,29.24,25.85,260
2000-08-04,16.7567,17.5315,16.2401,17.2422,18990900,45.74,76.71,29.24,34.74,260
2000-08-11,17.3352,17.6916,16.6585,17.2732,13792000,45.92,76.71,29.24,35.13,260
2000-08-18,17.2732,17.3713,16.0128,16.3021,15488400,41.23,76.71,29.24,25.25,260
2000-08-25,16.4312,16.4984,15.4343,15.6926,21483200,38.57,76.71,29.24,19.65,260
2000-09-01,15.4963,16.0128,15.1399,15.269,24484600,36.79,76.71,29.24,15.9,260
2000-09-08,15.269,15.6926,14.5923,14.8506,22114900,35.07,76.71,29.24,12.28,260
2000-09-15,14.8506,15.5007,13.8613,14.7125,52064400,34.5,76.71,29.24,11.08,260
2000-09-22,14.681,15.3851,14.1871,15.0751,26446300,37.39,76.71,29.24,17.17,260
2000-09-29,15.3694,15.9631,15.2065,15.8633,19954700,43.26,76.71,29.24,29.52,260
2000-10-06,15.9946,16.0262,15.4692,15.7004,16666900,42.37,76.71,29.24,27.66,260
2000-10-13,15.7634,15.9946,14.681,15.1749,14996900,39.57,76.71,29.24,21.75,260
2000-10-20,15.4692,15.4692,14.4814,14.8439,21742900,37.87,76.71,29.24,18.16,260
2000-10-27,15.2065,15.6321,15.0436,15.6321,20696300,44.04,76.71,29.24,31.17,260
2000-11-03,15.6006,17.1454,15.4692,17.014,20005400,52.88,76.71,29.24,49.79,260
2000-11-10,16.8143,17.4712,16.3887,17.3713,16027100,54.86,76.71,29.24,53.97,260
2000-11-17,17.0559,17.8492,17.0242,17.6853,18337800,56.59,76.71,29.24,57.61,260
2000-11-24,17.1881,18.2141,17.1881,17.8175,10081900,57.33,76.71,29.24,59.18,260
2000-12-01,17.5213,17.6535,16.1991,16.3631,24915500,47.68,76.71,29.24,38.84,260
2000-12-08,16.1304,16.728,15.2049,15.6015,20182100,43.55,76.71,29.24,30.13,260
2000-12-15,15.4693,17.0559,15.3371,16.6593,42686700,50.03,76.71,29.24,43.79,260
2000-12-22,16.8602,17.553,16.5958,17.2886,20605500,53.45,76.71,29.24,51.0,260
2000-12-29,17.2516,18.2459,16.9554,17.9814,14108300,56.95,76.71,29.24,58.37,260
2001-01-05,17.8809,18.3463,17.2199,17.4208,16748100,53.45,76.71,29.24,50.99,260
2001-01-12,17.3891,17.9497,17.0876,17.7857,14137500,55.37,76.71,29.24,55.04,260
2001-01-19,17.3203,18.542,16.9924,17.3521,19752100,52.59,76.71,29.24,49.19,260
2001-01-26,17.2569,17.8492,14.9404,15.3371,48019800,42.03,76.71,29.24,26.95,260
2001-02-02,15.4429,15.7337,14.8082,15.5645,34650700,43.42,76.71,29.24,29.85,260
2001-02-09,15.4693,16.1304,15.3107,15.739,27679400,44.51,76.71,29.24,32.16,260
2001-02-16,15.739,16.3948,15.4111,15.9823,25666200,46.07,76.71,29.24,35.45,260
2001-02-23,15.903,16.3155,15.6544,15.9294,16647100,45.77,76.71,29.24,34.81,260
2001-03-02,15.8924,15.9717,15.1255,15.2578,20668900,42.01,76.71,29.24,26.88,260
2001-03-09,15.1255,15.5222,14.7289,15.3107,19996600,42.41,76.71,29.24,27.73,260
2001-03-16,15.152,15.152,13.8087,14.0149,37361700,35.86,76.71,29.24,13.93,260
2001-03-23,13.8774,14.1207,13.0894,13.2216,28336600,32.54,76.71,29.24,6.95,260
2001-03-30,13.2216,14.2688,13.0894,14.0414,26566100,38.83,76.71,29.24,20.2,260
2001-04-06,13.9092,14.4116,13.4279,13.8827,23253000,38.09,76.71,29.24,18.64,260
2001-04-12,13.7241,14.475,13.7188,14.2212,13702800,40.69,76.71,29.24,24.12,260
2001-04-20,14.2529,14.7818,14.1207,14.327,18500300,41.52,76.71,29.24,25.86,260
2001-04-27,14.3164,14.5279,14.0784,14.3375,18639700,41.61,76.71,29.24,26.04,260
2001-05-04,14.4909,14.7818,13.9673,14.1842,26169600,40.65,76.71,29.24,24.04,260
2001-05-11,14.2635,14.6919,13.8827,14.6707,23753000,44.95,76.71,29.24,33.09,260
2001-05-18,14.5438,15.8131,14.4698,15.7602,32210300,53.14,76.71,29.24,50.33,260
2001-05-25,15.7496,16.3737,15.3477,16.1357,21831900,55.59,76.71,29.24,55.5,260
2001-06-01,16.141,16.2943,15.6121,15.7126,15611900,52.27,76.71,29.24,48.51,260
2001-06-08,15.628,16.1039,15.2895,15.5751,18538700,51.2,76.71,29.24,46.26,260
2001-06-15,15.5751,16.0775,15.0304,15.1626,26244200,48.03,76.71,29.24,39.57,260
2001-06-22,15.0304,15.2313,14.7025,14.8717,20936900,45.87,76.71,29.24,35.02,260
2001-06-29,14.7924,14.9087,14.2794,14.3111,32821300,41.95,76.71,29.24,26.77,260
2001-07-06,14.3851,14.5914,13.7769,14.0414,12887500,40.18,76.71,29.24,23.03,260
2001-07-13,14.0308,14.6443,13.851,14.6231,21300200,45.53,76.71,29.24,34.32,260
2001-07-20,14.438,14.7765,14.438,14.5544,15310700,45.02,76.71,29.24,33.24,260
2001-07-27,14.7924,15.5698,14.6443,15.1467,28434700,50.23,76.71,29.24,44.2,260
2001-08-03,15.1255,15.6015,15.0462,15.3424,14538900,51.85,76.71,29.24,47.62,260
2001-08-10,15.2842,15.3794,14.6443,14.8558,13199100,47.69,76.71,29.24,38.85,260
2001-08-17,14.8135,15.903,14.6866,15.866,26794300,55.64,76.71,29.24,55.62,260
2001-08-24,15.866,16.3948,15.7602,16.1251,19742700,57.43,76.71,29.24,59.39,260
2001-08-31,16.0088,16.1145,15.6809,15.8818,18322600,55.18,76.71,29.24,54.65,260
2001-09-07,15.9876,16.3261,15.7919,15.8448,16412500,54.83,76.71,29.24,53.91,260
2001-09-10,15.866,15.977,15.1255,15.2948,8200600,49.75,76.71,29.24,43.21,260
2001-09-21,14.6496,15.39,13.8298,14.3217,39579200,42.29,76.71,29.24,27.48,260
2001-09-28,14.3322,14.5967,13.7505,14.3534,34715400,42.59,76.71,29.24,28.12,260
2001-10-05,14.5332,15.3582,14.1154,15.2789,24251400,50.71,76.71,29.24,45.21,260
2001-10-12,15.2525,15.9188,14.8347,15.5962,21672600,53.15,76.71,29.24,50.36,260
2001-10-19,15.7285,15.866,14.8135,15.115,25904300,49.17,76.71,29.24,41.97,260
2001-10-26,14.8188,15.3424,14.4803,15.3107,17746400,50.78,76.71,29.24,45.38,260
2001-11-02,15.0991,15.2842,13.2216,14.1683,36186600,42.33,76.71,29.24,27.56,260
2001-11-09,14.1947,14.4169,13.687,14.0572,23471200,41.6,76.71,29.24,26.04,260
2001-11-16,14.163,15.1962,13.814,14.9349,24095700,49.03,76.71,29.24,41.69,260
2001-11-23,14.9349,15.0629,14.3484,14.6736,12691500,47.11,76.71,29.24,37.64,260
2001-11-30,14.567,14.7963,14.1298,14.3111,25835300,44.51,76.71,29.24,32.15,260
2001-12-07,14.5883,14.7803,14.1831,14.343,23695500,44.8,76.71,29.24,32.76,260
2001-12-14,14.423,14.6576,13.4099,14.2897,32630200,44.38,76.71,29.24,31.88,260
2001-12-21,14.3057,14.343,13.6765,13.8098,23748700,40.71,76.71,29.24,24.15,260
2001-12-28,13.8365,14.359,13.7139,14.1831,13209300,44.55,76.71,29.24,32.24,260
2002-01-04,14.0818,14.423,13.9911,14.391,16604000,46.62,76.71,29.24,36.61,260
2002-01-11,14.3964,14.6523,14.0445,14.0445,18151700,43.69,76.71,29.24,30.43,260
2002-01-18,14.1404,14.3164,13.8738,14.0924,21014600,44.21,76.71,29.24,31.54,260
2002-01-25,14.1458,14.6363,13.5326,13.6606,23562700,40.56,76.71,29.24,23.84,260
2002-02-01,14.0658,14.503,13.6019,14.1991,22613400,46.5,76.71,29.24,36.35,260
2002-02-08,14.2737,14.6363,14.0604,14.2471,21714500,47.01,76.71,29.24,37.42,260
2002-02-15,14.1618,14.5457,14.1351,14.2631,18025000,47.19,76.71,29.24,37.8,260
2002-02-22,14.1191,14.5243,13.9165,14.3697,14948000,48.44,76.71,29.24,40.45,260
2002-03-01,14.3697,14.4284,13.8738,13.9538,20595400,44.04,76.71,29.24,31.17,260
2002-03-08,14.0231,15.2495,13.9965,14.8816,25963400,54.07,76.71,29.24,52.3,260
2002-03-15,14.8389,15.4361,14.5723,15.3135,29702200,57.86,76.71,29.24,60.28,260
2002-03-22,15.3028,15.4948,14.7429,14.7429,19912200,51.78,76.71,29.24,47.48,260
2002-03-28,14.4763,15.0789,14.423,14.7963,13686200,52.29,76.71,29.24,48.54,260
2002-04-05,14.7269,15.1962,14.3964,15.1162,16477200,55.31,76.71,29.24,54.91,260
2002-04-12,14.9296,15.4468,14.6736,14.8229,26056900,52.05,76.71,29.24,48.05,260
2002-04-19,14.663,15.4094,14.4337,15.2495,34227000,56.1,76.71,29.24,56.57,260
2002-04-26,15.1962,15.5694,14.9402,15.0522,28908000,53.84,76.71,29.24,51.81,260
2002-05-03,14.9349,15.676,14.9296,15.6174,28785200,58.94,76.71,29.24,62.57,260
2002-05-10,15.6494,15.98,15.3081,15.8947,30451600,61.21,76.71,29.24,67.34,260
2002-05-17,15.98,16.3052,15.7294,16.0013,26215600,62.08,76.71,29.24,69.17,260
2002-05-24,15.8893,16.3799,15.788,16.1346,21602000,63.19,76.71,29.24,71.5,260
2002-05-31,16.0759,16.2092,15.82,15.964,15406700,60.74,76.71,29.24,66.35,260
2002-06-07,15.996,16.1293,15.5427,15.9586,18943600,60.66,76.71,29.24,66.18,260
2002-06-14,16.0813,16.2306,15.2228,15.5267,21360000,54.48,76.71,29.24,53.16,260
2002-06-21,15.8787,16.1453,15.3828,15.4628,27591300,53.6,76.71,29.24,51.32,260
2002-06-28,15.4788,15.708,14.8602,15.1695,28223400,49.68,76.71,29.24,43.05,260
2002-07-05,15.1748,15.2601,14.439,14.8443,15869700,45.69,76.71,29.24,34.64,260
2002-07-12,14.7963,15.1962,14.3164,14.4603,35590500,41.45,76.71,29.24,25.71,260
2002-07-19,14.3964,14.439,12.8501,12.8874,28749300,29.41,76.71,29.24,0.36,260
2002-07-26,12.5302,13.0527,11.5971,12.5248,45061900,27.44,76.71,27.44,0.0,260
2002-08-02,13.0367,13.5113,12.4395,12.6901,25637900,29.75,76.71,27.44,4.71,260
2002-08-09,12.5728,12.8981,11.725,12.1356,33866600,26.68,76.71,26.68,0.0,260
2002-08-16,12.077,12.9834,11.869,12.6901,27095000,34.03,76.71,26.68,14.7,260
2002-08-23,12.6368,13.202,12.5515,12.8767,21928300,36.34,76.71,26.68,19.32,260
2002-08-30,12.9834,12.9994,12.4022,12.6688,17961400,34.87,76.71,26.68,16.39,260
2002-09-06,12.5675,12.5782,11.0959,11.3891,29551800,27.51,76.71,26.68,1.67,260
2002-09-13,11.1705,11.6237,10.6053,10.9466,42334900,25.51,76.71,25.51,0.0,260
2002-09-20,11.3038,11.6984,9.4909,9.5709,80538200,20.5,76.71,20.5,0.0,260
2002-09-27,9.5176,10.0508,9.4376,9.7949,46141100,23.15,76.71,20.5,4.7,260
2002-10-04,9.5443,10.0668,9.203,9.331,34897100,21.55,76.71,20.5,1.86,260
2002-10-11,9.1977,9.7309,8.3979,9.5816,36981300,24.58,76.71,20.5,7.25,260
2002-10-18,9.5016,9.8908,9.1124,9.3203,28035200,23.56,76.71,20.5,5.43,260
2002-10-25,9.379,10.6373,9.3256,9.8642,40052900,30.07,76.71,20.5,17.02,260
2002-11-01,10.0348,10.0455,9.5229,9.6669,22150700,29.1,76.71,20.5,15.3,260
2002-11-08,9.7682,10.504,8.7978,9.4856,48524500,28.2,76.71,20.5,13.7,260
2002-11-15,9.251,9.4534,8.6645,9.394,38408700,27.74,76.71,20.5,12.87,260
2002-11-22,9.4751,10.2966,9.394,10.075,28616600,36.18,76.71,20.5,27.9,260
2002-11-29,9.9885,10.0966,9.6967,9.9993,16903700,35.69,76.71,20.5,27.01,260
2002-12-06,10.0696,10.3615,9.5129,9.7129,39283600,33.79,76.71,20.5,23.63,260
2002-12-13,9.648,9.7075,9.1507,9.3724,33485900,31.63,76.71,20.5,19.79,260
2002-12-20,9.4588,9.4859,8.3616,8.513,85564800,26.95,76.71,20.5,11.48,260
2002-12-27,8.2157,8.4697,8.1995,8.3778,27081400,26.3,76.71,20.5,10.31,260
2003-01-03,8.4481,8.967,8.3238,8.7129,28928000,30.81,76.71,20.5,18.33,260
2003-01-10,8.7832,9.3237,8.74,9.3183,33949500,38.17,76.71,20.5,31.44,260
2003-01-17,9.3778,9.394,8.2211,8.3508,50598100,32.26,76.71,20.5,20.92,260
2003-01-24,8.4427,8.6211,7.9184,8.0535,37971800,30.69,76.71,20.5,18.12,260
2003-01-31,7.913,8.1022,7.5184,7.6968,35178900,28.87,76.71,20.5,14.89,260
2003-02-07,7.6049,7.9022,7.286,7.3238,29361500,27.07,76.71,20.5,11.68,260
2003-02-14,7.3725,7.6644,7.113,7.3617,30453900,27.56,76.71,20.5,12.56,260
2003-02-21,7.1779,7.4319,7.1455,7.3401,17816500,27.45,76.71,20.5,12.35,260
2003-02-28,7.3509,7.3995,6.9022,7.3563,32822800,27.69,76.71,20.5,12.79,260
2003-03-07,7.486,7.486,6.7239,6.9293,27080500,25.29,76.71,20.5,8.51,260
2003-03-14,6.8914,7.3184,6.5509,7.3184,42675000,31.15,76.71,20.5,18.94,260
2003-03-21,7.3184,7.9616,7.1563,7.9184,36949500,39.08,76.71,20.5,33.05,260
2003-03-28,7.74,8.2157,7.459,8.0211,28635700,40.35,76.71,20.5,35.3,260
2003-04-04,7.8643,7.9076,7.5022,7.8643,33378200,39.01,76.71,20.5,32.93,260
2003-04-11,8.0535,8.6751,7.9724,8.5292,54681900,47.01,76.71,20.5,47.16,260
2003-04-17,8.4805,8.6481,8.1184,8.6481,21453300,48.32,76.71,20.5,49.49,260
2003-04-25,8.6751,8.7508,8.5075,8.5454,24106800,47.24,76.71,20.5,47.56,260
2003-05-02,8.8913,9.5561,8.7292,9.5075,45247000,56.96,76.71,20.5,64.87,260
2003-05-09,9.5561,9.7453,8.3778,9.5021,32680500,56.9,76.71,20.5,64.75,260
2003-05-16,9.5075,10.1669,9.4264,10.0102,35554500,61.27,76.71,20.5,72.53,260
2003-05-23,9.9615,9.9993,8.9616,9.621,71135900,56.54,76.71,20.5,64.12,260
2003-05-30,9.6264,10.1777,9.5129,10.1237,26545400,60.75,76.71,20.5,71.61,260
2003-06-06,10.2264,11.529,10.1183,11.383,44254600,68.89,76.71,20.5,86.08,260
2003-06-13,11.1236,11.8587,11.0263,11.5992,36096800,70.04,76.71,20.5,88.13,260
2003-06-20,11.5776,12.0641,11.4857,11.9019,34965500,71.62,76.71,20.5,90.94,260
2003-06-27,11.8965,12.4046,11.7722,12.0911,28623500,72.59,76.71,20.5,92.67,260
2003-07-03,12.0911,12.4316,11.5722,12.2262,22826000,73.29,76.71,20.5,93.92,260
2003-07-11,12.2154,12.5613,11.956,12.2046,31704800,72.97,76.71,20.5,93.35,260
2003-07-18,12.3451,12.3884,11.0263,11.5614,50439600,63.95,76.71,20.5,77.29,260
2003-07-25,11.5614,11.6965,11.2371,11.5884,21517700,64.15,76.71,20.5,77.64,260
2003-08-01,11.5019,12.5338,11.3236,12.4154,36280000,69.7,76.71,20.5,87.53,260
2003-08-08,12.3127,12.9154,11.6587,12.9127,32387900,72.47,76.71,20.5,92.45,260
2003-08-15,12.81,12.9613,12.1235,12.4208,29879700,66.05,76.71,20.5,81.03,260
2003-08-22,12.4316,12.4749,11.7019,11.8641,23333200,59.61,76.71,20.5,69.58,260
2003-08-29,11.8479,12.3127,11.783,12.1181,21239000,61.46,76.71,20.5,72.86,260
2003-09-05,12.1343,12.7235,11.9506,12.5938,28868500,64.71,76.71,20.5,78.65,260
2003-09-12,12.5992,13.1072,12.5073,12.6911,30659900,65.35,76.71,20.5,79.79,260
2003-09-19,12.6748,12.9829,12.664,12.9289,29219100,66.94,76.71,20.5,82.62,260
2003-09-26,12.864,13.1721,12.3884,12.7559,31384900,64.62,76.71,20.5,78.49,260
2003-10-03,12.7019,13.3883,12.5721,13.1126,27949900,67.15,76.71,20.5,82.99,260
2003-10-10,13.0532,13.4802,12.9235,13.1289,34138700,67.26,76.71,20.5,83.19,260
2003-10-17,13.1667,13.2424,12.864,13.0532,22373300,66.11,76.71,20.5,81.13,260
2003-10-24,13.0262,13.091,12.7127,13.0748,29828300,66.29,76.71,20.5,81.45,260
2003-10-31,13.064,13.5559,12.9775,13.5126,29128400,69.76,76.71,20.5,87.63,260
2003-11-07,13.7126,14.4747,13.6315,14.0585,46818800,73.44,76.71,20.5,94.17,260
2003-11-14,14.1018,14.5307,13.9504,14.0918,30206000,73.65,76.71,20.5,94.55,260
2003-11-21,14.0863,14.1411,13.4223,13.7021,24337100,66.96,76.71,20.5,82.65,260
2003-11-28,13.8284,14.207,13.8174,14.0643,13827700,69.71,76.71,20.5,87.55,260
2003-12-05,14.2399,14.8216,14.2125,14.2619,24530000,71.13,76.71,20.5,90.06,260
2003-12-12,14.3771,14.4649,13.8613,14.1466,22669900,69.1,76.71,20.5,86.46,260
2003-12-19,14.3222,14.3332,12.9449,13.3345,32360600,56.82,76.71,20.5,64.62,260
2003-12-26,13.2302,13.9052,12.6266,13.2193,42618300,55.32,76.71,20.5,61.94,260
2004-01-02,13.4717,13.7351,13.2357,13.6034,29396400,59.19,76.71,20.5,68.83,260
2004-01-09,13.7076,14.0259,13.6089,13.8009,27226800,61.06,76.71,20.5,72.16,260
2004-01-16,13.7351,13.982,13.4662,13.8887,26934100,61.9,76.71,20.5,73.64,260
2004-01-23,13.9491,14.0863,13.6528,13.8558,15344300,61.37,76.71,20.5,72.7,260
2004-01-30,13.8723,14.185,13.5759,14.1247,27374100,64.08,76.71,20.5,77.53,260
2004-02-06,14.1686,14.9643,14.1137,14.9039,28621700,70.54,76.71,20.5,89.02,260
2004-02-13,14.7777,14.9368,14.5143,14.6131,24739800,65.78,76.71,20.5,80.56,260
2004-02-20,14.7009,15.0905,14.6734,14.9039,17376500,68.1,76.71,20.5,84.68,260
2004-02-27,14.8929,15.7819,14.8874,15.5295,26766900,72.42,73.65,20.5,97.69,260
2004-03-05,15.5843,16.4514,15.502,16.38,29946700,76.99,76.99,20.5,100.0,260
2004-03-12,16.38,16.4514,15.6886,15.9191,26623000,70.2,76.99,20.5,87.99,260
2004-03-19,15.8093,15.9246,15.2441,15.4197,24658800,63.66,76.99,20.5,76.41,260
2004-03-26,15.1728,15.7544,15.1124,15.2935,22011300,62.08,76.99,20.5,73.62,260
2004-04-02,15.3758,16.0508,15.3758,15.8807,18785700,66.27,76.99,20.5,81.02,260
2004-04-08,15.7983,16.1495,15.5953,15.7325,15286700,64.34,76.99,20.5,77.61,260
2004-04-16,15.8148,16.0343,14.4869,15.0685,34564100,56.42,76.99,20.5,63.58,260
2004-04-23,14.5143,15.1344,14.5143,15.0027,35050800,55.68,76.99,20.5,62.28,260
2004-04-30,15.0685,15.3539,14.8271,14.9423,21841200,54.98,76.99,20.5,61.04,260
2004-05-07,15.0521,15.299,14.624,14.657,16211300,51.65,76.99,20.5,55.14,260
2004-05-14,14.6624,14.9917,14.1082,14.3606,22105800,48.38,76.99,20.5,49.35,260
2004-05-21,14.1302,14.2948,13.746,13.9655,19891600,44.34,76.99,20.5,42.2,260
2004-05-28,13.9381,14.5472,13.8174,14.4869,25733600,50.24,76.99,20.5,52.65,260
2004-06-04,14.3826,14.9258,14.3497,14.7393,15057700,52.85,76.99,20.5,57.26,260
2004-06-10,14.7996,14.8435,14.5472,14.8435,18378800,53.92,76.99,20.5,59.16,260
2004-06-18,14.7228,14.9313,14.5582,14.7722,22998700,53.03,76.99,20.5,57.59,260
2004-06-25,14.7063,15.0246,14.6405,14.8106,16510300,53.47,76.99,20.5,58.37,260
2004-07-02,14.7063,14.8161,14.1576,14.3332,25499000,47.46,76.99,20.5,47.72,260
2004-07-09,14.2674,14.6076,14.1247,14.5472,11576800,50.16,76.99,20.5,52.51,260
2004-07-16,14.4978,15.4033,14.4978,15.2606,26156900,57.94,76.99,20.5,66.29,260
2004-07-23,15.2331,15.502,14.8051,14.86,19036700,52.95,76.99,20.5,57.44,260
2004-07-30,14.9313,15.1618,14.7612,15.0905,14349200,55.33,76.99,20.5,61.66,260
2004-08-06,14.9917,15.1399,14.3991,14.4539,16154000,48.08,76.99,20.5,48.82,260
2004-08-13,14.421,14.6789,14.0972,14.1631,17206000,45.16,76.99,20.5,43.66,260
2004-08-20,14.1027,14.8545,14.0698,14.8545,15231900,52.53,76.99,20.5,56.7,260
2004-08-27,14.8545,14.9752,14.5746,14.9094,11145600,53.07,76.99,20.5,57.65,260
2004-09-03,14.8435,15.31,14.6295,15.2331,11427900,56.23,76.99,20.5,63.24,260
2004-09-10,15.2222,15.3539,14.8051,14.8435,18506700,51.72,76.99,20.5,55.26,260
2004-09-17,14.7557,15.2441,14.7557,15.1838,17093600,55.1,76.99,20.5,61.26,260
2004-09-24,15.1618,15.3539,14.7887,15.1453,20690700,54.64,76.99,20.5,60.43,260
2004-10-01,15.063,15.502,15.0466,15.4417,20481600,57.61,76.99,20.5,65.7,260
2004-10-08,15.4417,15.6118,15.0685,15.3319,22837800,56.14,76.99,20.5,63.1,260
2004-10-15,15.3264,16.1825,14.9862,15.9081,30777900,61.67,76.99,20.5,72.89,260
2004-10-22,15.8203,16.1825,15.513,15.6502,25726500,58.14,76.99,20.5,66.63,260
2004-10-29,15.5514,16.0233,15.4197,15.9959,18925400,61.34,76.99,20.5,72.29,260
2004-11-05,15.941,16.5995,15.7874,16.4953,30013200,65.44,76.99,20.5,79.56,260
2004-11-12,16.6818,17.0433,16.4239,17.0433,24899000,69.29,76.99,20.5,86.38,260
2004-11-19,16.9483,17.0825,16.2051,16.3728,27632700,60.42,76.99,20.5,70.67,260
2004-11-26,16.451,17.2277,16.2163,17.0825,15938000,65.46,76.99,20.5,79.59,260
2004-12-03,17.1607,17.6468,16.7695,17.4792,25146500,67.92,76.99,20.5,83.95,260
2004-12-10,17.4401,17.8145,17.2724,17.686,25415500,69.15,76.99,20.5,86.13,260
2004-12-17,17.7921,18.4068,17.7307,18.1833,28165500,71.95,76.99,20.5,91.08,260
2004-12-23,18.1889,18.418,17.9486,18.0659,15928900,70.33,76.99,20.5,88.21,260
2004-12-31,18.1051,18.2671,17.9095,17.9151,14589900,68.21,76.99,20.5,84.45,260
2005-01-07,17.658,18.0548,17.6245,17.8089,21922700,66.68,76.99,20.5,81.75,260
2005-01-14,17.6971,17.8033,17.2166,17.496,20346200,62.26,76.99,20.5,73.92,260
2005-01-21,17.4345,17.8815,17.3674,17.4624,16220600,61.78,76.99,20.5,73.08,260
2005-01-28,17.6468,18.0995,17.4345,17.8815,28907800,65.33,76.99,20.5,79.36,260
2005-02-04,17.9374,18.2168,17.5463,18.2,27173300,67.77,76.99,20.5,83.69,260
2005-02-11,18.0939,18.3565,17.7642,18.0212,24136700,65.0,76.99,20.5,78.78,260
2005-02-18,18.0212,18.5409,17.9206,18.0659,21523700,65.38,76.99,20.5,79.46,260
2005-02-25,18.0548,18.6191,17.8536,18.4292,14108300,68.4,76.99,20.5,84.79,260
2005-03-04,18.4292,19.1277,18.3565,18.9768,20510800,72.31,76.99,20.5,91.72,260
2005-03-11,19.1668,19.3121,18.0659,18.2112,30652600,60.95,76.99,20.5,71.6,260
2005-03-18,18.1833,18.4794,17.4904,17.8257,26094500,56.16,76.99,20.5,63.13,260
2005-03-24,17.7418,17.8312,17.5351,17.6468,16287400,54.04,76.99,20.5,59.38,260
2005-04-01,17.5518,17.7474,17.2557,17.3227,22977800,50.33,76.99,20.5,52.81,260
2005-04-08,17.3619,17.7586,17.1266,17.401,21199600,51.2,76.99,20.5,54.35,260
2005-04-15,17.3116,17.8312,16.8478,16.9316,30880100,46.0,76.99,20.5,45.13,260
2005-04-22,16.8478,17.1272,16.4119,16.7975,33652200,44.6,76.99,20.5,42.66,260
2005-04-29,16.7416,17.0266,16.2666,16.3784,27518200,40.47,76.99,20.5,35.35,260
2005-05-06,16.2722,16.9204,16.2722,16.4175,27689100,41.02,76.99,20.5,36.32,260
2005-05-13,16.5963,16.9428,16.4845,16.5684,25674800,43.19,76.99,20.5,40.17,260
2005-05-20,16.5963,17.401,16.5404,17.2892,21517900,52.26,76.99,20.5,56.23,260
2005-05-27,17.2389,17.6021,17.1327,17.468,21385500,54.21,76.99,20.5,59.68,260
2005-06-03,17.4121,17.4401,17.0266,17.0489,16754900,49.14,76.99,20.5,50.7,260
2005-06-10,16.993,17.0377,16.0654,16.5013,43351900,43.42,76.99,20.5,40.58,260
2005-06-17,16.2554,16.5181,16.0934,16.2051,32140200,40.67,76.99,20.5,35.7,260
2005-06-24,16.1213,16.3672,15.7693,15.8028,27826300,37.21,76.99,20.5,29.58,260
2005-07-01,15.7581,15.9146,15.4899,15.6128,27571500,35.67,76.99,20.5,26.86,260
2005-07-08,15.5458,16.1325,15.2887,16.0096,24145700,41.15,76.99,20.5,36.56,260
2005-07-15,16.1381,17.3619,16.0654,17.3171,41259700,54.82,76.99,20.5,60.75,260
2005-07-22,17.2222,17.4624,16.9148,17.2892,25541200,54.53,76.99,20.5,60.23,260
2005-07-29,17.1216,17.4233,16.7472,17.4177,28417200,55.69,76.99,20.5,62.3,260
2005-08-05,16.9036,17.7362,16.9036,17.4904,26512800,56.37,76.99,20.5,63.5,260
2005-08-12,17.7474,19.3903,17.7418,18.58,54857300,65.05,76.99,20.5,78.87,260
2005-08-19,18.2336,19.0997,18.228,18.6527,37616700,65.54,76.99,20.5,79.74,260
2005-08-26,18.6471,18.7756,18.3062,18.7086,35098800,65.94,76.99,20.5,80.45,260
2005-09-02,18.5242,18.6918,17.6189,17.8257,36285600,55.13,76.99,20.5,61.3,260
2005-09-09,18.1777,19.2338,18.0995,19.0774,37826500,64.11,76.99,20.5,77.21,260
2005-09-16,18.9488,19.5747,18.0548,19.1332,55424500,64.46,76.99,20.5,77.81,260
2005-09-23,18.8706,19.0159,17.496,18.2392,49943400,55.36,76.99,20.5,61.71,260
2005-09-30,18.4124,18.9712,18.4124,18.7141,37836900,58.69,76.99,20.5,67.61,260
2005-10-07,18.6639,18.9935,17.9318,18.0045,36263500,52.4,76.99,20.5,56.46,260
2005-10-14,18.1442,18.6583,17.6692,18.0603,36816700,52.82,76.99,20.5,57.22,260
2005-10-21,18.0603,19.0103,17.781,18.1498,41468000,53.55,76.99,20.5,58.5,260
2005-10-28,18.2448,18.6694,17.591,18.0436,30448600,52.52,76.99,20.5,56.68,260
2005-11-04,18.0436,18.7086,17.6301,18.6806,59682200,57.76,76.99,20.5,65.95,260
2005-11-11,18.58,19.3195,18.4906,19.2682,42394100,61.93,76.99,20.5,73.34,260
2005-11-18,19.2682,19.5247,18.6582,18.8634,35361600,57.7,76.99,20.5,65.86,260
2005-11-25,18.8235,19.3138,18.6981,19.0744,18286800,59.26,76.99,20.5,68.62,260
2005-12-02,19.1713,20.1689,19.1086,19.901,43239300,64.75,76.99,20.5,78.34,260
2005-12-09,19.804,20.1575,19.4392,19.8611,31496400,64.3,76.99,20.5,77.54,260
2005-12-16,19.8611,20.3456,19.576,19.8097,28453000,63.69,76.99,20.5,76.45,260
2005-12-23,19.7584,19.9124,19.2682,19.6957,17262200,62.27,76.99,20.5,73.94,260
2005-12-30,19.7071,19.7926,19.1428,19.2226,12001900,56.62,76.99,20.5,63.94,260
2006-01-06,19.5475,19.5532,18.9261,19.4164,27362600,58.29,76.99,20.5,66.89,260
2006-01-13,19.3822,20.1575,19.3765,19.6501,36292000,60.27,76.99,20.5,70.41,260
2006-01-20,19.7926,20.471,19.6168,20.4425,36579800,66.15,76.99,20.5,80.82,260
2006-01-27,20.4425,20.699,19.6957,19.9808,57360000,60.53,76.99,20.5,70.86,260
2006-02-03,19.8953,20.5679,19.8554,20.5052,34441400,64.25,76.99,20.5,77.44,260
2006-02-10,20.5223,20.9499,20.4653,20.7105,29107200,65.61,76.99,20.5,79.86,260
2006-02-17,20.7561,20.8587,20.3798,20.5565,25248600,63.65,76.99,20.5,76.39,260
2006-02-24,20.4539,20.5679,20.0606,20.1461,18128300,58.61,76.99,20.5,67.47,260
2006-03-03,20.1233,20.2544,19.6273,19.8668,25532000,55.4,76.99,20.5,61.79,260
2006-03-10,19.7299,19.958,19.6045,19.7527,27676600,54.1,76.99,20.5,59.48,260
2006-03-17,19.6843,20.0948,19.4449,20.0093,28627400,56.57,76.99,20.5,63.86,260
2006-03-24,19.9181,20.0321,19.5874,19.7812,21584300,53.8,76.99,20.5,58.95,260
2006-03-31,19.6216,19.8383,19.4757,19.5874,18412400,51.48,76.99,20.5,54.85,260
2006-04-07,19.7014,19.9466,19.6273,19.8839,24451100,54.69,76.99,20.5,60.53,260
2006-04-13,19.9523,20.2772,19.7812,19.8668,28661000,54.47,76.99,20.5,60.13,260
2006-04-21,19.8269,20.015,19.4107,19.7242,26478000,52.54,76.99,20.5,56.72,260
2006-04-28,19.5817,19.7926,19.2169,19.7071,26597700,52.3,76.99,20.5,56.3,260
2006-05-05,19.7071,20.0948,19.5076,20.072,23557300,56.82,76.99,20.5,64.3,260
2006-05-12,20.072,20.5166,19.8782,19.8839,25110200,53.98,76.99,20.5,59.27,260
2006-05-19,19.8839,20.0207,19.3651,19.4677,25586100,48.24,76.99,20.5,49.1,260
2006-05-26,19.4278,19.462,18.6924,18.7665,35614400,40.43,76.99,20.5,35.28,260
2006-06-02,18.6981,19.2568,18.5955,19.1029,21759700,45.02,76.99,20.5,43.41,260
2006-06-09,19.0972,19.3138,18.7038,19.1314,27840100,45.41,76.99,20.5,44.09,260
2006-06-16,19.063,19.1656,18.0882,18.8919,33529600,42.71,76.99,20.5,39.31,260
2006-06-23,18.8748,19.12,18.5157,18.5841,25150400,39.46,76.99,20.5,33.56,260
2006-06-30,18.5841,19.7242,18.1908,19.1542,34018800,47.44,76.99,20.5,47.68,260
2006-07-07,19.1542,19.3822,18.8634,18.9147,13942400,44.77,76.99,20.5,42.96,260
2006-07-14,19.0972,19.6387,18.6696,18.8349,24358500,43.88,76.99,20.5,41.39,260
2006-07-21,19.3822,20.0663,19.2625,19.7812,38071400,55.2,76.99,20.5,61.43,260
2006-07-28,19.7755,20.1803,19.6045,20.1176,29447175,58.41,76.99,20.5,67.12,260
2006-08-04,20.1632,20.5565,19.8668,20.186,23960300,59.06,76.99,20.5,68.26,260
2006-08-11,20.0948,20.3399,19.5076,19.7755,27118900,53.69,76.99,20.5,58.76,260
2006-08-18,19.901,20.6648,19.7584,20.6249,20006000,61.49,76.99,20.5,72.56,260
2006-08-25,20.5793,20.5793,20.0435,20.0834,18010300,55.12,76.99,20.5,61.28,260
2006-09-01,20.0378,20.9784,20.0321,20.9556,19110100,61.95,76.99,20.5,73.39,260
2006-09-08,20.8359,21.3831,20.5508,21.3774,21725800,64.75,76.99,20.5,78.34,260
2006-09-15,21.4344,21.8278,21.1095,21.5085,66167100,65.6,76.99,20.5,79.84,260
2006-09-22,21.5085,21.9646,21.2634,21.7822,30636800,67.36,76.99,20.5,82.95,260
2006-09-29,21.7765,22.8368,21.7081,22.3009,57107900,70.45,76.99,20.5,88.42,260
2006-10-06,22.3009,22.9622,22.204,22.8653,213729900,73.4,76.99,20.5,93.65,260
2006-10-13,22.8881,24.2049,22.8026,24.0054,76896700,78.15,78.15,20.5,100.0,260
2006-10-20,23.9028,24.0966,22.8026,23.6406,70781300,73.62,78.15,20.5,92.15,260
2006-10-27,23.5836,24.2163,23.5722,23.6406,46588700,73.62,78.15,20.5,92.15,260
2006-11-03,23.6463,24.0795,23.4924,23.5095,41121500,71.88,78.15,20.5,89.14,260
2006-11-10,23.6577,24.0852,23.5095,23.9256,48386600,73.98,78.15,20.5,92.77,260
2006-11-17,24.0525,24.4144,23.8481,24.4144,42711300,76.22,78.15,20.5,96.66,260
2006-11-24,24.3911,24.6713,24.3152,24.4495,22811300,76.38,78.15,20.5,96.94,260
2006-12-01,24.5195,24.6713,23.8131,24.5662,33870700,76.93,78.15,20.5,97.89,260
2006-12-08,24.5487,25.6229,24.5195,25.547,30528500,80.93,80.93,20.5,100.0,260
2006-12-15,25.3952,25.6579,24.9924,25.3427,27026300,77.9,80.93,20.5,94.99,260
2006-12-22,25.3018,25.8272,25.2434,25.4361,26042500,78.3,80.93,20.5,95.65,260
2006-12-29,25.4886,26.0841,25.3952,25.8798,12744300,80.13,80.93,20.5,98.69,260
2007-01-05,25.4828,25.909,25.0274,25.4186,23056200,73.19,80.93,20.5,87.21,260
2007-01-12,25.3952,26.0841,25.2493,25.8155,30476000,75.19,80.93,20.5,90.5,260
2007-01-19,25.8973,26.3059,25.7864,26.16,24624700,76.8,80.93,20.5,93.17,260
2007-01-26,26.1541,26.2709,24.8348,25.0624,41249700,62.8,80.93,20.5,70.01,260
2007-02-02,25.0683,26.1191,24.9574,26.0024,32242000,68.16,80.93,20.5,78.87,260
2007-02-09,25.9557,26.2125,25.7688,26.014,21864600,68.22,80.93,20.5,78.97,260
2007-02-16,25.979,26.4927,25.9206,26.4577,27055500,70.53,80.93,20.5,82.8,260
2007-02-23,26.6796,26.9773,26.3001,26.8605,21305000,72.49,80.93,20.5,86.05,260
2007-03-02,26.8547,26.9423,25.0683,25.4945,44474100,58.32,80.93,20.5,62.59,260
2007-03-09,25.3719,25.9732,24.7005,25.7747,33235500,60.05,80.93,20.5,65.45,260
2007-03-16,25.7455,26.2067,24.8114,25.3835,37997600,56.53,80.93,20.5,59.63,260
2007-03-23,25.4828,26.3526,25.4828,26.3001,25738200,62.13,80.93,20.5,68.89,260
2007-03-30,26.2417,26.557,25.9557,26.3001,26041500,62.13,80.93,20.5,68.89,260
2007-04-05,25.8739,26.7438,25.8389,26.7263,18518100,64.59,80.93,20.5,72.96,260
2007-04-13,26.8255,27.9756,26.7438,27.8121,37344900,69.94,80.93,20.5,81.83,260
2007-04-20,28.0807,29.0148,27.6837,28.2325,49856500,71.73,80.93,20.5,84.78,260
2007-04-27,28.2558,28.8455,28.0982,28.5769,31291600,73.13,80.93,20.5,87.1,260
2007-05-04,28.5185,29.2249,28.1449,29.1432,36950900,75.31,80.93,20.5,90.7,260
2007-05-11,29.1432,29.6336,28.752,29.5694,41949500,76.83,80.93,20.5,93.22,260
2007-05-18,29.5402,30.6027,29.4701,30.5501,55075000,79.89,80.93,20.5,98.29,260
2007-05-25,30.5501,30.6961,29.6161,29.7153,41949600,71.25,80.93,20.5,83.99,260
2007-06-01,29.727,29.908,29.0673,29.7445,26388600,71.37,80.93,20.5,84.18,260
2007-06-08,29.7445,30.0539,29.3125,30.013,38671800,72.47,80.93,20.5,86.01,260
2007-06-15,30.0481,30.7078,29.762,30.4567,33702800,74.24,80.93,20.5,88.94,260
2007-06-22,30.3984,30.8712,29.2016,29.4351,34916500,64.03,80.93,20.5,72.03,260
2007-06-29,29.5402,30.3225,29.3008,29.6336,39913400,65.03,80.93,20.5,73.7,260
2007-07-06,29.8846,30.3925,29.6628,30.0247,28704900,66.99,80.93,20.5,76.94,260
2007-07-13,30.0306,30.6494,29.3242,30.3049,29377000,68.36,80.93,20.5,79.21,260
2007-07-20,30.6903,31.0697,30.2524,30.41,27601200,68.88,80.93,20.5,80.07,260
2007-07-27,30.737,30.8654,28.2967,28.466,49801600,51.87,80.93,20.5,51.91,260
2007-08-03,28.4952,28.8455,27.7304,28.3259,49376100,50.89,80.93,20.5,50.29,260
2007-08-10,28.1799,30.2874,28.1741,28.8455,49290800,54.32,80.93,20.5,55.97,260
2007-08-17,29.0089,29.1841,27.2283,27.7713,48142300,47.01,80.93,20.5,43.87,260
2007-08-24,27.8647,29.4584,27.8238,29.2599,29624000,55.88,80.93,20.5,58.54,260
2007-08-31,29.1899,29.5168,28.1215,28.752,25272400,52.64,80.93,20.5,53.19,260
2007-09-07,28.682,29.1899,28.4952,28.7462,21627100,52.6,80.93,20.5,53.13,260
2007-09-14,28.8922,32.4066,28.8922,32.3716,69618400,67.96,80.93,21.55,78.16,260
2007-09-21,32.284,32.5351,31.6068,31.9921,53186800,65.56,80.93,21.55,74.13,260
2007-09-28,32.0388,32.3424,31.4609,31.7995,39994900,64.32,80.93,23.56,71.06,260
2007-10-05,31.9629,33.0196,31.9162,32.9087,32853300,68.06,80.93,23.56,77.58,260
2007-10-12,32.7569,33.5859,32.6635,33.2882,37753900,69.25,80.93,25.29,79.02,260
2007-10-19,33.4458,33.4808,32.6518,32.9379,37136600,66.78,80.93,25.29,74.58,260
2007-10-26,32.7102,34.1872,32.465,34.1347,42927200,70.64,80.93,25.29,81.51,260
2007-11-02,34.1055,34.9403,34.1055,34.4558,33097000,71.59,80.93,25.29,83.22,260
2007-11-09,34.4441,34.9812,33.9187,34.0413,51747400,68.5,80.93,25.29,77.67,260
2007-11-16,34.59,35.0493,33.6953,34.8277,62947700,71.05,80.93,25.29,82.25,260
2007-11-23,34.6779,35.319,34.3289,34.582,33946900,69.17,80.93,25.29,78.87,260
2007-11-30,34.6539,35.7084,34.0009,35.0314,47375000,70.7,80.93,25.29,81.62,260
2007-12-07,34.9894,36.4094,34.8097,36.0439,41816000,73.85,80.93,25.29,87.28,260
2007-12-14,36.5352,38.1612,36.3674,36.643,46491200,75.53,80.93,25.29,90.3,260
2007-12-21,36.5472,36.5472,34.8876,35.966,37183100,70.06,80.93,25.29,80.47,260
2007-12-28,35.96,36.2476,35.4448,35.6485,15901400,67.59,80.93,25.29,76.03,260
2008-01-04,35.7803,35.9121,33.8091,34.1806,28406500,57.49,80.93,25.29,57.88,260
2008-01-11,34.6,35.1332,31.9458,32.545,76447900,48.75,80.93,25.29,42.17,260
2008-01-18,32.8865,33.1381,31.107,31.3946,60918500,43.72,80.93,25.29,33.12,260
2008-01-25,29.9148,32.8026,29.5792,32.4132,59127000,48.76,80.93,25.29,42.19,260
2008-02-01,30.6697,32.5749,29.5733,32.485,113998900,49.11,80.93,25.29,42.81,260
2008-02-08,32.491,33.7972,31.6822,33.3358,55309900,53.15,80.93,25.29,50.08,260
2008-02-15,33.2639,34.1926,32.8565,33.1321,35733700,52.08,80.93,25.29,48.16,260
2008-02-22,33.3418,33.7912,32.5869,33.3658,27588600,53.24,80.93,25.29,50.24,260
2008-02-29,33.3178,34.1506,32.5392,32.6417,42828900,49.27,80.93,31.15,36.4,260
2008-03-07,32.6236,33.0218,31.3689,31.5317,37050500,43.86,80.93,35.67,18.09,260
2008-03-14,32.9916,33.2872,31.9299,33.0459,56586800,51.65,80.93,35.67,35.32,260
2008-03-20,32.1953,33.4742,31.9782,32.8287,42762700,50.57,80.93,35.67,32.92,260
2008-03-28,32.871,34.0895,32.8167,33.4682,33650300,53.65,80.93,35.67,39.74,260
2008-04-04,33.5164,34.5299,33.4199,33.613,42373300,54.35,80.93,35.67,41.27,260
2008-04-11,33.8422,33.9266,33.2631,33.4199,31419800,53.2,80.93,35.67,38.74,260
2008-04-18,33.4742,35.2719,33.3174,35.1693,30137000,61.19,80.93,35.67,56.38,260
2008-04-25,35.3443,36.1828,34.6385,35.9958,41075100,64.29,80.93,35.67,63.23,260
2008-05-02,36.044,36.9429,35.6821,36.7679,38321200,66.94,80.93,35.67,69.1,260
2008-05-09,36.774,36.7921,35.4649,35.7364,29888200,60.47,80.93,35.67,54.8,260
2008-05-16,35.7726,37.2566,35.7726,36.5146,33231400,63.35,80.93,35.67,61.16,260
2008-05-23,36.6533,36.7197,34.5721,34.8255,32275600,54.14,80.93,35.67,40.8,260
2008-05-30,34.9099,36.0983,34.7169,35.7846,21016400,57.88,80.93,35.67,49.08,260
2008-06-06,35.664,35.7062,34.5101,34.5769,36802500,52.11,80.93,35.67,36.33,260
2008-06-13,35.439,36.6776,35.2144,36.3983,38659900,58.79,80.93,35.67,51.08,260
2008-06-20,36.0887,36.629,34.8197,34.8501,32562100,52.13,80.93,35.67,36.38,260
2008-06-27,35.0626,35.4512,33.4962,34.3037,49769300,49.98,80.93,35.67,31.63,260
2008-07-03,34.4251,35.4755,33.7087,34.7226,40056200,51.63,80.93,35.67,35.27,260
2008-07-11,34.8622,36.1251,34.3887,34.8015,46818800,51.95,80.93,35.67,35.98,260
2008-07-18,35.1415,37.0358,34.8076,36.6958,43571500,58.99,80.93,35.67,51.52,260
2008-07-25,36.6472,37.1633,35.2144,35.609,49673700,54.09,80.93,35.67,40.71,260
2008-08-01,35.6394,37.0237,35.0322,36.289,39292800,56.52,80.93,35.67,46.08,260
2008-08-08,36.3315,40.2172,36.289,39.8712,69209000,66.56,80.93,35.67,68.26,260
2008-08-15,39.4887,40.6787,37.6065,38.6326,54818700,61.29,80.93,35.67,56.62,260
2008-08-22,38.7905,38.9969,37.5822,38.5051,27971600,60.76,80.93,35.67,55.44,260
2008-08-29,38.3776,38.4476,37.1633,37.898,28153600,58.16,80.93,35.67,49.7,260
2008-09-05,38.1056,39.2661,36.3771,36.8291,36436800,53.81,80.93,35.67,40.07,260
2008-09-12,37.4154,39.6203,37.2139,39.1256,56322600,60.63,80.93,35.67,55.15,260
2008-09-19,38.924,39.9868,37.9224,39.0767,67631100,60.43,80.93,35.67,54.7,260
2008-09-26,38.8324,39.5507,37.0734,38.6003,49690400,58.36,80.93,35.67,50.13,260
2008-10-03,38.5331,39.1012,36.5604,36.7864,59978200,51.18,80.93,35.67,34.27,260
2008-10-10,36.029,36.5482,27.9669,32.5843,102469200,39.16,80.93,35.67,7.71,260
2008-10-17,33.7875,36.5482,31.0268,32.8591,73801800,40.15,80.93,35.67,9.89,260
2008-10-24,33.5127,35.3755,31.5765,32.4072,64456700,39.02,80.93,35.67,7.41,260
2008-10-31,32.6576,36.6092,31.5399,35.3816,65720300,49.13,80.93,35.67,29.73,260
2008-11-07,35.3816,35.9924,32.6393,33.8791,46524800,45.06,80.93,35.67,20.76,260
2008-11-14,34.9052,35.6076,31.7598,34.2822,57473600,46.35,80.93,35.67,23.59,260
2008-11-21,34.1417,35.3877,31.2406,33.6837,76897800,44.68,80.93,35.67,19.9,260
2008-11-28,33.9219,36.334,33.4882,36.1923,41526400,52.4,80.93,35.67,36.97,260
2008-12-05,35.7734,38.7242,34.1532,38.638,69586700,58.49,80.93,35.67,50.42,260
2008-12-12,39.0261,39.4203,36.3648,37.3258,63307500,54.47,80.93,35.67,41.53,260
2008-12-19,37.3874,39.1739,36.9623,37.1595,59682000,53.96,80.93,35.67,40.41,260
2008-12-26,37.1595,38.2807,37.0055,37.6153,14545300,55.19,80.93,35.67,43.13,260
2009-01-02,37.5722,39.5066,36.833,39.2725,26470100,59.43,80.93,35.67,52.51,260
2009-01-09,38.9706,39.7099,36.7775,37.0055,42992000,52.16,80.93,35.67,36.43,260
2009-01-16,37.0239,37.7201,34.7508,36.759,57717800,51.42,80.93,35.67,34.8,260
2009-01-23,36.7098,36.8391,34.9602,35.7426,43427200,48.38,80.93,35.67,28.09,260
2009-01-30,35.2744,36.7775,34.7754,35.7426,54430400,48.38,80.93,35.67,28.09,260
2009-02-06,35.4962,36.8207,35.1573,36.0136,46878200,49.31,80.93,35.67,30.13,260
2009-02-13,36.3648,36.6112,34.2703,34.9972,55036500,45.98,80.93,35.67,22.77,260
2009-02-20,34.4366,35.182,33.2969,33.6173,42299200,41.84,80.93,35.67,13.64,260
2009-02-27,33.7281,34.1224,32.0299,32.4964,56843600,38.79,80.93,35.67,6.9,260
2009-03-06,32.2165,33.3982,31.3706,32.4155,73478000,38.57,80.93,35.67,6.41,260
2009-03-13,32.1481,33.2738,31.4142,32.5772,78538600,39.31,80.93,35.67,8.04,260
2009-03-20,32.7451,34.7291,31.9428,33.0872,60583100,41.68,80.93,35.67,13.29,260
2009-03-27,33.5661,34.8846,33.025,34.2129,49295900,46.64,80.93,35.67,24.25,260
2009-04-03,33.5847,35.4879,32.9815,35.2267,41999800,50.71,80.93,35.67,33.23,260
2009-04-09,35.1209,35.6185,33.9579,35.2453,26741300,50.78,80.93,35.67,33.4,260
2009-04-17,35.0401,35.2391,32.9815,34.8846,46538800,49.24,80.93,35.67,29.98,260
2009-04-24,34.5239,35.1458,33.591,33.7776,48627200,44.74,80.93,35.67,20.03,260
2009-05-01,33.5226,34.4119,32.1916,32.5896,46804200,40.46,80.93,35.67,10.59,260
2009-05-08,32.8944,34.4866,32.6518,34.1569,62570600,47.58,80.93,35.67,26.31,260
2009-05-15,34.101,34.101,32.9844,33.2489,43290800,44.28,80.93,35.67,19.02,260
2009-05-22,33.28,35.8797,32.9877,35.5003,50817600,52.99,80.93,35.67,38.27,260
2009-05-29,35.4319,36.7131,35.3137,36.6882,39153600,56.83,80.93,35.67,46.74,260
2009-06-05,36.8064,38.0337,36.6447,37.5446,48025200,59.4,80.93,35.67,52.43,260
2009-06-12,36.7356,37.3878,36.0584,36.5977,49082300,55.46,80.93,35.67,43.73,260
2009-06-19,36.4346,36.8924,35.6319,36.4785,40015700,54.97,80.93,35.67,42.64,260
2009-06-26,36.2465,36.3845,35.1428,35.7448,38314400,51.91,80.93,35.67,35.88,260
2009-07-02,35.864,36.7168,35.494,36.0458,26680400,53.06,80.93,35.67,38.43,260
2009-07-10,35.795,36.5224,35.2933,35.7762,41030200,51.86,80.93,35.67,35.77,260
2009-07-17,35.7887,36.4033,35.4689,36.2716,45475000,53.93,80.93,35.67,40.34,260
2009-07-24,36.5099,37.369,34.8794,35.1679,71568400,48.89,80.93,35.67,29.22,260
2009-07-31,35.2557,35.7197,34.4404,34.5282,51904700,46.2,80.93,35.67,23.27,260
2009-08-07,34.5596,34.7979,34.2837,34.616,50201300,46.64,80.93,35.67,24.23,260
2009-08-14,34.9923,35.5253,34.384,34.6599,44576500,46.87,80.93,35.67,24.74,260
2009-08-21,34.3464,35.5065,34.1332,35.287,41903200,50.18,80.93,35.67,32.07,260
2009-08-28,35.356,36.0952,34.9296,35.4752,39481000,51.17,80.93,35.67,34.24,260
2009-09-04,35.2727,35.6839,34.602,35.5194,33190200,51.41,80.93,35.67,34.78,260
2009-09-11,35.6839,35.8231,34.311,34.4122,49957800,45.33,80.93,35.67,21.34,260
2009-09-18,34.2288,36.0636,34.0896,36.0636,66013700,54.06,80.93,35.67,40.63,260
2009-09-25,35.7725,36.3546,35.1145,36.0319,46974100,53.88,80.93,35.67,40.24,260
2009-10-02,36.2154,36.4875,35.4878,35.8801,44020600,52.98,80.93,35.67,38.25,260
2009-10-09,36.0003,36.4685,35.4499,35.8738,41431400,52.94,80.93,35.67,38.16,260
2009-10-16,36.0193,37.4745,35.7915,37.1898,40416200,59.7,80.93,35.67,53.09,260
2009-10-23,37.31,38.3413,36.6963,37.601,57059200,61.56,80.93,35.67,57.2,260
2009-10-30,37.6516,37.9332,36.9746,37.0822,42939000,57.93,80.93,35.67,49.18,260
2009-11-06,37.2277,39.3409,37.0759,39.0499,48235600,66.09,80.93,35.67,67.22,260
2009-11-13,39.3979,40.3659,39.2144,40.2267,40678600,69.86,80.93,35.67,75.54,260
2009-11-20,40.4418,40.9669,39.8914,40.4734,42384800,70.59,80.93,35.67,77.17,260
2009-11-27,40.6822,40.872,40.0306,40.5873,26306400,70.95,80.93,35.67,77.95,260
2009-12-04,40.6894,40.8745,39.0174,39.3046,46958000,61.92,80.93,35.67,58.01,260
2009-12-11,39.3493,39.7322,38.3155,39.3493,48545600,62.1,80.93,35.67,58.41,260
2009-12-18,39.7258,40.0385,39.4514,39.6748,31505300,63.47,80.93,35.67,61.42,260
2009-12-24,39.7194,40.6575,39.6556,40.4725,16511200,66.63,80.93,35.67,68.41,260
2009-12-31,40.4788,40.7915,39.8151,39.8471,16289700,62.09,80.93,35.67,58.38,260
2010-01-08,39.9683,40.2491,38.9664,39.4642,37114600,59.42,80.93,35.67,52.48,260
2010-01-15,39.579,40.3895,39.4705,39.7449,38428400,60.75,80.93,35.67,55.42,260
2010-01-22,40.1406,41.3404,40.0449,40.4533,42918300,63.97,80.93,35.67,62.53,260
2010-01-29,40.4214,40.8426,39.8151,39.8407,39905400,59.43,80.93,35.67,52.51,260
2010-02-05,40.0959,41.9594,39.9683,40.4405,53905400,62.25,80.93,35.67,58.74,260
2010-02-12,40.5107,40.7724,39.9109,40.5809,37496600,62.9,80.93,35.67,60.18,260
2010-02-19,40.5235,41.4122,40.3831,41.3148,23113200,66.18,80.93,35.67,67.42,260
2010-02-26,41.4361,41.8317,41.037,41.095,36128700,64.35,80.93,35.67,63.37,260
2010-03-05,41.1786,41.4618,40.7088,40.9791,33100900,63.35,80.93,35.67,61.17,260
2010-03-12,41.4554,42.4659,41.3395,42.1762,36804800,68.74,80.93,35.67,73.07,260
2010-03-19,42.2857,43.0644,42.2792,42.8199,32676300,71.19,80.93,35.67,78.49,260
2010-03-26,42.5238,43.412,42.4144,43.2897,33497500,72.87,80.93,35.67,82.19,260
2010-04-01,43.4184,43.5793,42.8585,43.4957,22855900,73.59,80.93,35.67,83.79,260
2010-04-09,43.6115,44.4289,43.2897,44.2036,27580300,75.97,80.93,35.67,89.04,260
2010-04-16,44.2616,44.7507,43.9655,44.4289,28513900,76.68,80.93,35.67,90.63,260
2010-04-23,44.4096,45.9993,44.4032,45.7934,34195600,80.49,80.93,35.67,99.04,260
2010-04-30,45.8256,46.1538,44.8987,45.433,31842000,76.92,80.93,35.67,91.15,260
2010-05-07,45.6196,46.2375,43.3927,43.7724,54578800,63.04,80.93,35.67,60.48,260
2010-05-14,45.0983,45.8899,44.474,44.7893,38114100,66.97,80.93,35.67,69.17,260
2010-05-21,44.9374,45.5745,42.1891,43.6759,48364900,59.51,80.93,35.67,52.68,260
2010-05-28,43.663,44.0942,42.4787,43.3909,44409200,57.74,80.93,35.67,48.76,260
2010-06-04,42.9757,44.2864,42.8524,43.2806,23078600,57.03,80.93,35.67,47.2,260
2010-06-11,43.2417,45.13,42.7031,45.1235,44406700,64.8,80.93,35.67,64.36,260
2010-06-18,45.3895,45.7983,44.9677,45.3441,31326500,65.6,80.93,35.67,66.14,260
2010-06-25,45.5972,45.7464,43.7154,43.7478,30118500,55.71,80.93,38.57,40.47,260
2010-07-02,43.8517,44.0528,42.3787,42.9173,36552800,51.37,80.93,38.57,30.22,260
2010-07-09,43.1638,44.9872,42.5863,44.9158,24948100,59.54,80.93,38.57,49.5,260
2010-07-16,44.7471,46.3693,44.7471,45.383,27420100,61.18,80.93,38.57,53.38,260
2010-07-23,45.4025,46.4212,44.7341,45.3571,35238200,61.03,80.93,38.57,53.03,260
2010-07-30,45.4479,46.0903,44.507,45.2468,29570700,60.36,80.93,38.57,51.45,260
2010-08-06,45.7464,46.5899,45.3181,46.551,27603000,65.22,80.93,38.57,62.91,260
2010-08-13,46.9858,47.586,46.0968,46.6483,31667600,65.56,80.93,38.57,63.71,260
2010-08-20,46.564,47.9007,46.4212,47.4205,30876200,68.2,80.93,38.57,69.96,260
2010-08-27,47.7125,48.0629,46.843,48.011,29763600,70.1,80.93,38.57,74.43,260
2010-09-03,47.9294,49.2632,47.4326,49.0932,29751100,73.24,80.93,38.57,81.85,260
2010-09-10,49.0147,49.8581,48.1583,49.0409,36096500,72.84,80.93,38.57,80.91,260
2010-09-17,49.1978,49.2553,48.191,48.5898,31951200,69.34,80.93,38.57,72.64,260
2010-09-24,48.5898,49.5443,48.5767,49.0997,26415100,71.03,80.93,38.57,76.64,260
2010-10-01,49.1847,49.2893,48.2956,48.9821,32103100,70.07,80.93,38.57,74.37,260
2010-10-08,48.9755,49.8908,48.6421,49.7535,22908400,72.69,80.93,38.57,80.54,260
2010-10-15,49.6947,50.8454,48.9559,50.6558,25603200,75.39,80.93,38.57,86.94,260
2010-10-22,50.695,51.9633,50.1327,51.3553,28942500,77.28,80.93,38.57,91.38,260
2010-10-29,51.643,52.2379,50.3419,50.8454,26273700,72.9,80.93,38.57,81.05,260
2010-11-05,51.035,51.9568,50.5838,51.8457,23569900,75.8,80.93,38.57,87.89,260
2010-11-12,51.6103,52.2052,51.0873,51.5515,22795700,73.31,80.93,38.57,82.03,260
2010-11-19,51.6364,52.081,50.4204,52.0679,37715000,74.87,80.93,38.57,85.7,260
2010-11-26,51.8914,52.0876,51.2834,51.3488,23441700,68.85,80.93,38.57,71.49,260
2010-12-03,51.3537,52.5726,50.8329,52.5529,24464800,72.79,80.93,38.57,80.8,260
2010-12-10,52.5067,53.3303,50.9452,51.1033,36116800,62.53,80.93,38.57,56.57,260
2010-12-17,51.2219,51.2351,50.4247,50.6091,34575200,59.46,80.93,38.57,49.31,260
2010-12-23,50.7014,50.9781,50.4115,50.708,15426000,59.88,80.93,38.57,50.31,260
2010-12-31,50.5564,51.0638,50.0359,50.5762,14209500,58.99,80.93,38.57,48.21,260
2011-01-07,50.8002,51.1231,48.4875,49.0015,85384300,49.54,80.93,38.57,25.88,260
2011-01-14,48.9224,49.0805,47.5321,48.7972,48188107,48.45,80.93,38.57,23.32,260
2011-01-21,49.1859,49.9107,48.9619,49.4231,40041400,51.93,80.93,38.57,31.52,260
2011-01-28,48.9224,49.9766,48.1317,48.2833,46718700,45.86,80.93,38.57,17.21,260
2011-02-04,48.6259,49.0871,48.1515,48.7906,41509000,48.73,80.93,38.57,23.98,260
2011-02-11,48.8433,50.2896,48.2964,50.1677,39353800,55.61,80.93,38.57,40.22,260
2011-02-18,50.1216,50.3719,49.6603,50.1611,22179300,55.57,80.93,38.57,40.13,260
2011-02-25,50.0425,50.3719,49.1201,49.4495,27864100,51.44,80.93,38.57,30.37,260
2011-03-04,49.496,50.9043,48.9181,50.5057,41033600,56.6,80.93,38.57,42.56,260
2011-03-11,50.7382,51.3161,49.8016,50.9707,34849000,58.68,80.93,38.57,47.47,260
2011-03-18,50.5522,50.7581,48.4199,48.4863,40816200,45.99,80.93,38.57,17.51,260
2011-03-25,48.8251,50.3197,48.7454,49.9876,23869200,52.65,80.93,38.57,33.24,260
2011-04-01,50.1869,50.8179,49.7351,50.4791,17964500,54.63,80.93,38.57,37.9,260
2011-04-08,50.6917,51.0903,50.2599,50.5124,22322100,54.76,80.93,38.57,38.23,260
2011-04-15,50.592,51.5088,50.3729,51.4025,21666600,58.4,80.93,38.57,46.8,260
2011-04-21,51.077,52.0867,50.7515,51.0903,27137200,56.68,80.93,38.57,42.74,260
2011-04-29,51.2497,52.2063,50.8445,52.0203,22968600,60.41,80.93,38.57,51.57,260
2011-05-06,52.0801,52.7245,51.9472,52.2794,26445400,61.41,80.93,38.57,53.93,260
2011-05-13,52.7842,53.7474,52.5318,53.6345,26586200,66.21,80.93,38.57,65.26,260
2011-05-20,53.4352,55.0362,53.4352,54.6907,27789100,69.41,80.93,38.57,72.81,260
2011-05-27,54.1593,55.1889,54.1327,54.6243,32054700,68.97,80.93,38.57,71.76,260
2011-06-03,54.9656,55.0459,53.5468,53.9015,23378000,64.18,80.93,38.57,60.46,260
2011-06-10,53.9417,55.0332,53.5401,53.781,31255700,63.39,80.93,38.57,58.6,260
2011-06-17,53.8279,55.3605,53.8011,55.2266,27514200,68.41,80.93,38.57,70.46,260
2011-06-24,55.0928,55.6081,54.4771,54.7715,28299400,65.37,80.93,38.57,63.28,260
2011-07-01,54.5507,57.4184,54.5507,57.3214,31052600,72.69,80.93,38.57,80.57,260
2011-07-08,57.1608,57.7497,57.0537,57.2879,22175700,72.48,80.93,38.57,80.05,260
2011-07-15,57.1005,57.8635,56.7592,57.2076,29988100,71.92,80.93,38.57,78.75,260
2011-07-22,57.2076,59.9448,56.9851,59.2689,31710200,76.82,80.93,38.57,90.31,260
2011-07-29,58.8673,59.5634,57.4351,57.8769,27314500,68.17,80.93,38.57,69.89,260
2011-08-05,58.5528,58.5528,55.3805,56.9399,40851600,63.03,80.93,38.57,57.75,260
2011-08-12,55.9695,58.2065,54.8853,57.8902,61000400,65.85,80.93,38.57,64.39,260
2011-08-19,58.1044,59.1819,56.6722,58.3788,40565200,67.23,80.93,38.57,67.65,260
2011-08-26,59.0347,60.5572,58.4457,60.1858,36509900,71.77,80.93,38.57,78.39,260
2011-09-02,60.6342,61.4593,59.9703,60.0242,32468100,70.83,80.93,38.57,76.16,260
2011-09-09,58.8991,60.6374,56.3591,57.2888,40038500,57.1,80.93,38.57,43.75,260
2011-09-16,56.9924,59.8019,56.7027,59.4852,36885900,63.26,80.93,38.57,58.29,260
2011-09-23,59.0271,61.0147,57.336,58.8654,38591800,60.62,80.93,38.57,52.04,260
2011-09-30,59.2629,61.3111,58.4342,59.1686,39508500,61.46,80.93,38.57,54.05,260
2011-10-07,58.9058,59.2696,56.4197,58.7509,38986200,59.56,80.93,38.57,49.55,260
2011-10-14,59.3235,60.6239,59.0271,60.5969,28545600,64.76,80.93,38.57,61.82,260
2011-10-21,60.2398,62.288,59.428,62.2005,33918900,68.54,80.93,38.57,70.75,260
2011-10-28,62.032,63.2245,61.2235,62.854,32112800,69.95,80.93,38.57,74.09,260
2011-11-04,62.5104,63.2178,61.7641,63.2043,27327700,70.71,80.93,38.57,75.88,260
2011-11-11,63.2784,64.3093,62.2207,63.8444,27123100,72.1,80.93,38.57,79.16,260
2011-11-18,63.5682,63.9455,61.7962,62.4834,22951600,65.04,80.93,38.57,62.49,260
2011-11-25,62.0051,62.7529,61.4593,62.0522,17573300,62.93,80.93,38.57,57.52,260
2011-12-02,62.7866,65.4833,62.7058,64.9606,28316200,69.99,80.49,38.57,74.94,260
2011-12-09,65.4494,66.8138,64.3633,66.5422,30235400,72.99,80.49,38.57,82.12,260
2011-12-16,66.2979,67.1667,65.8974,66.1757,33440400,71.21,80.49,38.57,77.87,260
2011-12-23,66.4676,67.9813,65.8295,67.9813,24834400,74.51,80.49,38.57,85.74,260
2011-12-30,67.9949,68.5583,67.5129,68.1035,13107100,74.72,80.49,38.57,86.25,260
2012-01-06,68.7823,68.9587,66.9835,68.2867,30589700,75.06,80.49,38.57,87.04,260
2012-01-13,68.4768,68.5107,67.4382,68.117,22289100,74.08,80.49,38.57,84.71,260
2012-01-20,68.28,69.3864,67.9134,69.0606,19794000,75.95,80.49,38.57,89.18,260
2012-01-27,69.0402,69.1624,66.5558,66.9902,34999900,64.88,80.49,38.57,62.77,260
2012-02-03,66.549,68.0627,66.3182,67.8863,28405300,67.12,80.49,38.57,68.1,260
2012-02-10,67.8523,68.7551,67.1599,67.5197,22433600,65.29,80.49,38.57,63.73,260
2012-02-17,67.6894,68.0492,66.7323,67.8727,20680400,66.24,80.49,38.57,66.01,260
2012-02-24,67.9609,68.5854,67.8795,68.0967,16222000,66.86,80.49,38.57,67.49,260
2012-03-02,67.8998,68.424,67.5401,68.0139,22269100,66.38,80.49,38.57,66.33,260
2012-03-09,67.9592,68.6564,65.9359,66.1956,43550500,56.62,80.49,38.57,43.05,260
2012-03-16,66.3392,67.3645,65.8744,66.7561,31168300,58.64,80.49,38.57,47.86,260
2012-03-23,66.5511,67.0569,65.0267,65.3138,29192900,51.94,80.49,38.57,31.88,260
2012-03-30,65.7308,67.1594,65.6898,67.0569,24110100,58.16,80.49,38.57,46.73,260
2012-04-05,66.8655,67.9524,66.3528,67.4124,23262900,59.32,80.49,38.57,49.48,260
2012-04-13,66.8108,68.0139,66.2777,66.2845,31648500,54.2,80.49,38.57,37.27,260
2012-04-20,66.3665,66.9749,64.3432,65.5804,44178000,51.23,80.49,38.57,30.18,260
2012-04-27,65.4711,66.6673,64.3569,66.5648,29255400,54.94,80.49,38.57,39.06,260
2012-05-04,66.722,66.9954,65.4506,65.5326,22777100,50.59,80.49,38.57,28.66,260
2012-05-11,65.4369,65.6385,62.5865,62.8189,38940900,41.31,80.49,38.57,6.54,260
2012-05-18,62.5728,62.7095,61.1783,61.4176,32974200,37.49,80.49,37.49,0.0,260
2012-05-25,61.5269,62.9624,61.4449,62.2378,24613700,40.94,80.49,37.49,8.01,260
2012-06-01,62.4839,62.7027,59.5909,59.7356,28404800,34.66,80.49,34.66,0.0,260
2012-06-08,59.6598,61.8506,59.1914,60.4521,40590100,37.61,80.49,34.66,6.44,260
2012-06-15,61.2994,62.5257,59.6529,62.3466,43275500,44.72,80.49,34.66,21.94,260
2012-06-22,62.4155,62.4293,60.3005,60.8654,32950100,40.8,80.49,34.66,13.4,260
2012-06-29,60.6243,61.6577,60.1972,60.9894,26240500,41.27,80.49,34.66,14.41,260
2012-07-06,60.9068,61.9883,60.3832,61.7679,20012600,44.22,80.49,34.66,20.85,260
2012-07-13,61.7541,63.8552,61.3132,63.5797,34536200,50.46,80.49,34.66,34.47,260
2012-07-20,63.4833,64.2893,62.691,63.0906,28018400,48.87,80.49,34.66,31.0,260
2012-07-27,61.4648,61.8988,60.3625,61.4441,33876900,43.86,80.49,34.66,20.07,260
2012-08-03,61.5337,62.2501,61.0101,61.7197,22367800,44.88,80.49,34.66,22.3,260
2012-08-10,61.8437,62.2984,59.3498,60.7621,35027800,42.03,80.49,34.66,16.07,260
2012-08-17,60.9412,60.955,60.1283,60.1834,24754800,40.36,80.49,34.66,12.43,260
2012-08-24,60.0525,61.3132,60.0456,61.2581,20020600,44.75,80.49,34.66,22.01,260
2012-08-31,61.4028,62.3942,61.2857,62.1373,23666400,48.11,80.49,34.66,29.35,260
2012-09-07,62.1512,63.2413,61.5923,63.1997,18699500,51.92,80.49,34.66,37.66,260
2012-09-14,63.1511,63.9635,62.8664,63.6718,28028600,53.55,80.49,34.66,41.22,260
2012-09-21,63.7065,65.2063,63.6857,65.0675,25776500,58.08,80.49,34.66,51.11,260
2012-09-28,64.8036,65.2688,62.7692,63.7065,26192600,52.69,80.49,34.66,39.33,260
2012-10-05,63.9565,64.2273,62.6789,63.1858,25901200,50.74,80.49,34.66,35.1,260
2012-10-12,63.165,64.8314,63.0539,64.2343,25341400,54.39,80.49,34.66,43.05,260
2012-10-19,64.4217,65.3799,61.4846,61.6027,42246300,45.32,80.49,34.66,23.26,260
2012-10-26,61.6999,61.8526,60.1445,60.207,35067500,41.38,80.49,34.66,14.66,260
2012-11-02,60.7417,61.0333,59.9709,60.3112,22182600,41.79,80.49,34.66,15.55,260
2012-11-09,60.3876,61.193,58.3601,58.8392,39021400,37.8,80.49,34.66,6.84,260
2012-11-16,58.985,59.4432,57.8462,58.4085,31649600,36.69,80.49,34.66,4.43,260
2012-11-23,58.7003,60.457,58.5822,60.4431,17757700,44.88,80.49,34.66,22.31,260
2012-11-30,60.082,61.1634,59.4988,60.9742,29651500,46.82,80.49,34.66,26.53,260
2012-12-07,61.2404,62.4453,60.4348,61.983,32764200,50.38,80.49,34.66,34.31,260
2012-12-14,63.0268,63.1669,61.997,62.2632,29833200,51.36,80.49,34.66,36.43,260
2012-12-21,62.4453,63.6432,62.3543,63.1739,31478800,54.49,80.49,34.66,43.26,260
2012-12-28,62.7606,62.8306,61.2754,61.3525,13731200,47.86,80.49,34.66,28.79,260
2013-01-04,61.2404,63.6012,60.8131,62.9418,24461400,53.21,80.49,34.66,40.47,260
2013-01-11,62.8867,64.4348,62.5224,64.2597,25014100,57.14,80.49,34.66,49.04,260
2013-01-18,64.2807,64.659,63.6502,64.631,20288800,58.2,80.49,34.66,51.37,260
2013-01-25,64.5539,65.8079,64.3157,65.6538,26954100,61.07,80.49,34.66,57.63,260
2013-02-01,65.8079,67.4786,65.5977,67.2159,25373500,65.02,80.49,34.66,66.24,260
2013-02-08,66.8306,67.1004,65.8989,66.4594,26320000,61.75,80.49,34.66,59.11,260
2013-02-15,66.3753,66.7851,65.2825,65.7799,25202600,58.89,80.49,34.66,52.87,260
2013-02-22,65.948,66.7256,65.3595,66.7256,17271600,61.56,80.49,34.66,58.7,260
2013-03-01,66.8166,67.9473,66.7326,67.5659,27596700,63.81,80.49,34.66,63.6,260
2013-03-08,67.5094,69.8751,66.9939,69.7056,28736400,68.81,80.49,34.66,74.53,260
2013-03-15,69.5291,70.4047,69.3984,70.3835,22643900,70.22,80.49,34.66,77.59,260
2013-03-22,69.8751,70.345,69.3455,70.1011,19801300,68.83,80.49,34.66,74.55,260
2013-03-28,70.2352,70.4612,69.289,70.3976,17722900,69.51,80.49,34.66,76.05,260
2013-04-05,70.1999,71.6582,69.8045,71.6193,24300600,72.21,80.49,34.66,81.94,260
2013-04-12,71.3792,73.2294,71.0191,73.1517,20776800,75.18,80.49,34.66,88.42,260
2013-04-19,72.8339,73.0458,70.2282,70.5601,26959000,62.93,80.49,34.66,61.69,260
2013-04-26,70.1576,71.7676,69.4726,71.245,22610000,64.57,80.49,34.66,65.27,260
2013-05-03,71.7182,72.9752,71.4075,72.6786,18273500,67.79,80.49,34.66,72.29,260
2013-05-10,72.5656,72.5938,70.1929,70.7578,28512600,59.94,80.49,34.66,55.15,260
2013-05-17,70.6307,72.0501,70.4753,71.7041,18634600,62.26,80.49,34.66,60.22,260
2013-05-24,71.4922,72.4667,70.4259,70.8213,37864000,58.83,80.49,34.66,52.75,260
2013-05-31,71.3651,71.9865,68.73,68.7354,36326800,51.61,80.49,34.66,36.99,260
2013-06-07,68.8777,70.2443,67.7318,69.9525,25375200,55.08,80.49,34.66,44.55,260
2013-06-14,71.0344,71.3048,69.6607,70.0521,21295300,55.36,80.49,34.66,45.16,260
2013-06-21,70.6785,71.223,68.7709,69.2051,24520200,52.35,80.49,34.66,38.6,260
2013-06-28,68.714,71.255,68.3439,70.465,20924800,56.16,80.49,34.66,46.92,260
2013-07-05,70.7141,71.7746,70.6429,71.0771,13514200,57.93,80.49,34.66,50.77,260
2013-07-12,71.376,72.465,70.6073,72.3013,20547700,61.28,80.49,34.66,58.08,260
2013-07-19,72.3155,72.4081,70.6785,71.3689,22174200,57.52,80.49,34.66,49.88,260
2013-07-26,69.5752,69.8101,68.5432,69.7745,34166500,51.68,80.49,34.66,37.14,260
2013-08-02,69.7247,70.6358,69.319,70.6073,20241800,54.29,80.49,34.66,42.84,260
2013-08-09,70.4721,70.7746,69.0912,69.4827,18994100,50.34,80.49,34.66,34.21,260
2013-08-16,69.3902,69.6108,67.625,67.6392,21425300,44.6,80.49,34.66,21.69,260
2013-08-23,67.7033,68.3225,67.5538,67.7104,37023200,44.86,80.49,34.66,22.26,260
2013-08-30,67.8741,68.8699,66.9132,67.7075,21845200,44.86,80.49,34.66,22.24,260
2013-09-06,68.2385,69.4225,67.5353,69.0709,15332000,50.08,80.49,34.66,33.65,260
2013-09-13,69.0422,70.2118,69.035,69.853,19384100,52.84,80.49,34.66,39.68,260
2013-09-20,70.2333,71.0298,69.5301,69.5301,25535200,51.57,80.49,34.66,36.91,260
2013-09-27,69.5803,70.7499,69.4727,69.6879,19303100,52.18,80.49,34.66,38.23,260
2013-10-04,69.2144,69.3794,67.4564,67.9515,22798900,45.46,80.49,34.66,23.56,260
2013-10-11,67.6358,68.0232,66.8321,67.9802,20504000,45.58,80.49,34.66,23.83,260
2013-10-18,67.7434,68.669,67.0546,68.3103,25163900,47.08,80.49,34.66,27.1,260
2013-10-25,67.2339,68.5183,66.9039,68.0089,25559700,45.84,80.49,34.66,24.39,260
2013-11-01,67.9443,69.9606,67.9371,69.7741,20614400,53.57,80.49,34.66,41.25,260
2013-11-08,69.7884,70.4557,69.1139,69.609,23701400,52.81,80.49,34.66,39.6,260
2013-11-15,69.4799,70.8217,69.1713,69.5444,24274600,52.49,80.49,34.66,38.91,260
2013-11-22,69.5301,70.6853,69.5301,70.5131,41998700,56.65,80.49,34.66,47.98,260
2013-11-29,70.8575,71.2307,70.1465,70.4504,32360000,56.3,80.49,34.66,47.23,260
2013-12-06,70.3925,70.3925,68.8803,70.038,25500900,53.99,80.49,34.66,42.17,260
2013-12-13,69.5532,69.8209,68.041,68.3304,23438600,45.62,80.49,34.66,23.91,260
2013-12-20,68.7139,69.8282,68.2074,69.8282,28371200,52.56,80.49,34.66,39.07,260
2013-12-27,69.9801,70.3853,69.4953,70.1176,8417600,53.79,80.49,34.66,41.75,260
2014-01-03,70.0959,70.2912,69.6455,69.8499,10745000,52.44,80.49,34.66,38.8,260
2014-01-10,69.9078,70.2406,68.7356,69.3145,30795500,49.75,80.49,34.66,32.92,260
2014-01-17,69.3362,69.6762,68.439,68.685,24189300,46.71,80.49,34.66,26.29,260
2014-01-24,68.9961,69.4302,68.2943,68.3232,25529900,45.01,80.49,34.66,22.58,260
2014-01-31,68.2219,68.5041,67.1945,68.1351,29263800,44.11,80.49,34.66,20.61,260
2014-02-07,68.4028,69.423,66.7242,69.4013,30112100,51.18,80.49,34.66,36.05,260
2014-02-14,69.2783,69.4375,68.3739,69.3,23731400,50.63,80.49,34.66,34.84,260
2014-02-21,69.4809,70.1827,69.0685,69.7848,18219000,53.23,80.49,34.66,40.52,260
2014-02-28,69.7703,70.1393,69.0658,69.4307,22256000,51.11,80.49,34.66,35.9,260
2014-03-07,68.7666,69.8977,68.5915,69.686,21804700,52.58,80.49,34.66,39.09,260
2014-03-14,69.5109,72.2911,69.2993,71.2038,38435900,60.21,80.49,34.66,55.75,260
2014-03-21,71.6124,71.6562,69.6642,69.6642,31249100,51.21,80.49,34.66,36.1,260
2014-03-28,70.1166,71.1017,69.7006,70.9557,23549900,57.01,80.49,34.66,48.77,260
2014-04-04,71.1017,71.8897,70.9995,71.4154,21033200,58.89,80.49,34.66,52.86,260
2014-04-11,71.2038,72.8602,70.4329,72.4516,30670200,62.82,80.49,34.66,61.45,260
2014-04-17,72.7216,73.7869,72.4735,73.1521,20116200,65.25,80.49,34.66,66.74,260
2014-04-25,72.8237,73.517,72.1597,73.5024,29282400,66.43,80.49,34.66,69.31,260
2014-05-02,73.6848,74.6297,72.7143,74.0131,27055800,68.12,80.49,34.66,73.02,260
2014-05-09,73.9767,75.1223,73.4002,75.1077,17915100,71.45,80.49,34.66,80.28,260
2014-05-16,75.1223,75.7279,74.5385,75.2609,20490900,71.9,80.49,34.66,81.25,260
2014-05-23,75.0201,75.1442,74.0204,74.4291,17269400,65.92,80.49,34.66,68.21,260
2014-05-30,74.575,75.0858,73.6009,74.6047,22380400,66.55,80.49,34.66,69.59,260
2014-06-06,74.5753,75.48,74.487,74.9946,15317400,67.97,80.49,34.66,72.69,260
2014-06-13,74.7224,75.024,73.119,73.9133,25993600,60.32,80.49,34.66,56.0,260
2014-06-20,73.8618,75.2446,73.7294,74.9651,24749800,64.51,80.49,34.66,65.13,260
2014-06-27,74.7592,75.1564,74.3105,74.6268,16736100,62.23,80.49,34.66,60.16,260
2014-07-03,74.487,74.6415,73.7296,74.2737,13565900,59.86,80.49,34.66,54.99,260
2014-07-11,74.1046,74.4723,73.3543,73.8251,18759100,56.9,80.49,34.66,48.52,260
2014-07-18,74.0604,74.0899,72.1775,72.81,23219600,50.77,80.49,34.66,35.14,260
2014-07-25,72.4643,72.5452,69.7429,70.4049,41166100,39.82,80.49,34.66,11.25,260
2014-08-01,70.243,70.9197,69.2869,69.3604,29028000,36.17,80.49,34.66,3.3,260
2014-08-08,69.3604,69.3972,68.3454,68.8088,26642500,34.38,80.49,34.38,0.0,260
2014-08-15,68.9412,69.4854,68.5145,68.9853,21050000,35.48,80.49,34.38,2.39,260
2014-08-22,69.2501,69.7723,69.0883,69.4707,21449400,38.54,80.49,34.38,9.01,260
2014-08-29,69.7649,70.2984,68.8463,69.5269,30161500,38.9,80.49,34.38,9.79,260
2014-09-05,69.1708,69.5121,68.7628,69.0447,20436800,36.9,80.49,34.38,5.46,260
2014-09-12,68.8444,69.6159,67.1605,69.245,41071700,38.31,80.49,34.38,8.53,260
2014-09-19,69.1857,70.4246,69.1263,70.0017,32336000,43.49,80.49,34.38,19.75,260
2014-09-26,69.8237,70.7139,69.3192,70.2539,25150387,45.14,80.49,34.38,23.33,260
2014-10-03,69.9275,72.1828,69.7198,70.3726,39935979,45.94,80.49,34.38,25.07,260
2014-10-10,70.0017,70.0536,68.4735,68.4735,26881247,36.71,80.49,34.38,5.05,260
2014-10-17,68.3474,68.5625,66.2776,67.5387,36792033,33.18,80.49,33.18,0.0,260
2014-10-24,67.4794,68.325,66.5446,68.0061,34509971,36.47,80.49,33.18,6.96,260
2014-10-31,67.8948,69.7421,67.88,69.5343,25228372,45.86,80.49,33.18,26.81,260
2014-11-07,69.5714,70.5507,69.0076,70.5507,22267835,51.04,80.49,33.18,37.76,260
2014-11-14,70.8919,72.0937,70.3504,71.3741,23171546,54.82,80.49,33.18,45.74,260
2014-11-21,71.2629,72.3311,70.751,71.7228,26531301,56.35,80.49,33.18,48.99,260
2014-11-28,71.8341,72.8953,71.6115,72.4537,17702296,59.46,80.49,33.18,55.55,260
2014-12-05,71.9598,72.5959,70.9195,72.0795,32561693,57.21,80.49,33.18,50.81,260
2014-12-12,69.8343,70.1486,66.9903,67.821,41887901,39.11,80.49,33.18,12.54,260
2014-12-19,68.0755,70.5902,65.5758,69.7669,60797868,47.31,80.49,33.18,29.88,260
2014-12-26,69.8118,71.0467,69.6247,70.9344,14557864,51.53,80.49,33.18,38.8,260
2015-01-02,70.5902,71.4433,69.6397,69.7968,18049912,47.54,80.49,33.18,30.35,260
2015-01-09,69.8268,71.0841,68.764,69.7594,28820206,47.41,80.49,33.18,30.08,260
2015-01-16,69.9989,70.68,67.9108,68.4722,30379284,43.04,80.49,33.18,20.85,260
2015-01-23,68.5844,68.764,66.9304,67.0277,34668437,38.73,80.49,33.18,11.74,260
2015-01-30,66.9005,69.9765,66.4365,69.1831,52813072,47.22,80.49,33.18,29.69,260
2015-02-06,68.8913,70.9718,68.4273,70.3432,30815756,51.15,80.49,33.18,37.99,260
2015-02-13,69.8268,71.7352,69.258,71.5855,32726659,55.01,80.49,33.18,46.15,260
2015-02-20,71.1889,71.391,70.0214,70.4929,26055441,51.18,80.49,33.18,38.05,260
2015-02-27,70.4405,75.3898,70.1187,74.6501,51728040,62.02,80.49,33.18,60.96,260
2015-03-06,74.4388,76.3032,73.1858,73.3141,48788380,57.59,80.49,33.18,51.6,260
2015-03-13,73.0726,74.1595,71.6611,72.7254,39599219,55.71,80.49,33.18,47.62,260
2015-03-20,73.1632,73.7595,71.9555,73.2537,28762663,57.06,80.49,33.18,50.49,260
2015-03-27,73.065,75.3596,72.6084,73.1858,37889029,56.82,80.49,33.18,49.98,260
2015-04-02,73.5406,74.2954,71.4875,72.3329,23788109,53.75,80.49,33.18,43.48,260
2015-04-10,72.2725,73.9331,72.0461,73.8198,24104319,58.01,80.49,33.18,52.5,260
2015-04-17,73.5255,73.7821,71.2988,71.6158,28768687,50.57,77.28,33.18,39.44,260
2015-04-24,71.7064,74.9898,71.3593,74.5294,43676075,58.2,77.28,33.18,56.75,260
2015-05-01,74.5294,74.6803,72.2951,73.8198,31819138,55.94,77.28,33.18,51.62,260
2015-05-08,72.8914,74.8388,72.1366,74.1444,35224573,56.77,77.28,33.18,53.5,260
2015-05-15,74.0236,74.7558,73.1556,74.001,27849623,56.26,77.28,33.18,52.35,260
2015-05-22,73.9482,76.2956,73.684,74.7181,30384473,58.26,77.28,33.18,56.88,260
2015-05-29,74.6124,74.8917,72.9778,73.0463,31889706,52.27,77.28,33.18,43.3,260
2015-06-05,72.9778,73.9143,72.696,72.7493,22177093,51.27,77.28,33.18,41.02,260
2015-06-12,73.0996,73.3509,71.9498,72.3838,25100340,49.99,77.28,33.18,38.12,260
2015-06-19,72.1402,73.9677,71.5918,73.1605,25373455,52.69,77.28,33.18,44.24,260
2015-06-26,73.3356,74.592,72.9321,74.0819,22701228,55.74,77.28,33.18,51.16,260
2015-07-02,73.5717,74.0362,71.9879,73.229,22765839,52.37,77.28,33.18,43.52,260
2015-07-10,73.0158,74.455,72.5209,74.356,24222818,56.14,77.28,33.18,52.07,260
2015-07-17,74.6225,75.8637,73.861,74.2418,32023151,55.66,77.28,33.18,50.98,260
2015-07-24,74.455,75.384,73.1681,73.1757,30480470,51.25,77.28,33.18,40.98,260
2015-07-31,73.0996,76.983,72.8712,76.0388,29707304,60.34,77.28,33.18,61.59,260
2015-08-07,76.1454,76.2825,74.9652,75.323,20967165,57.45,77.28,33.18,55.05,260
2015-08-14,75.7571,76.1073,74.0362,75.5895,19608657,58.25,77.28,33.18,56.87,260
2015-08-21,75.384,77.5769,73.96,73.96,33097567,51.84,77.28,33.18,42.31,260
2015-08-28,69.734,74.2521,66.6272,73.9372,58750680,51.75,77.28,33.18,42.12,260
2015-09-04,73.5685,74.8436,71.1333,72.8617,30044634,47.73,77.28,33.18,33.0,260
2015-09-11,73.9833,74.836,72.7849,74.8283,23765304,54.66,77.28,33.18,48.72,260
2015-09-18,74.7899,76.0266,73.9372,74.5517,33346169,53.59,77.28,33.18,46.28,260
2015-09-25,74.8821,75.8192,73.9737,74.9666,22797838,55.02,77.28,33.18,49.53,260
2015-10-02,74.5133,76.6719,73.5761,76.6565,27651170,60.38,77.28,33.18,61.68,260
2015-10-09,77.0253,79.4834,76.9715,78.938,34254668,66.23,77.28,33.18,74.95,260
2015-10-16,78.8766,80.8124,78.0469,80.5205,34574114,69.58,76.82,33.18,83.42,260
2015-10-23,80.0749,86.7043,78.4157,86.4892,57181093,78.33,78.33,33.18,100.0,260
2015-10-30,86.2127,87.5409,84.9529,86.2281,36044169,77.28,78.33,33.18,97.68,260
2015-11-06,86.3894,87.1499,85.4445,87.0423,26719088,78.26,78.33,33.18,99.84,260
2015-11-13,87.1499,88.3329,84.4305,84.4766,44030526,68.3,78.33,33.18,77.8,260
2015-11-20,84.3844,87.703,84.1924,87.5032,29936724,72.71,78.33,33.18,87.56,260
2015-11-27,87.58,88.5566,87.0807,88.4327,21256892,73.91,78.33,33.18,90.22,260
2015-12-04,88.5488,90.1049,87.4108,89.9578,33194875,75.79,78.33,33.18,94.39,260
2015-12-11,89.6559,90.972,89.2301,89.8649,28263245,75.44,78.33,33.18,93.6,260
2015-12-18,89.9346,92.0481,88.7579,90.3139,36538541,76.02,78.33,33.18,94.9,260
2015-12-24,90.5462,92.1177,90.2752,91.7926,12737611,77.9,78.33,33.18,99.05,260
2015-12-31,91.4287,93.0777,91.3049,91.4597,12115142,76.45,78.33,33.18,95.84,260
2016-01-08,90.7707,92.3345,89.2301,89.4004,36426949,68.02,78.33,33.18,77.17,260
2016-01-15,89.532,91.2507,87.4805,89.1682,38424558,67.12,78.33,33.18,75.17,260
2016-01-22,90.2907,91.9319,88.5488,91.661,39949338,71.48,78.33,33.18,84.83,260
2016-01-29,94.3319,96.2673,91.5062,95.826,48882597,76.97,78.33,33.18,96.99,260
2016-02-05,95.2841,96.6389,88.9979,89.3385,44017887,58.18,78.33,33.18,55.37,260
2016-02-12,88.2934,91.7616,87.256,91.2971,40680550,61.25,78.33,33.18,62.18,260
2016-02-19,91.6765,92.4816,89.6559,90.2133,43778782,58.68,78.33,33.18,56.49,260
2016-02-26,90.8326,92.2565,89.6482,91.3126,28076358,60.49,78.33,33.18,60.5,260
2016-03-04,91.1098,92.9741,89.9591,91.4062,30451151,60.65,78.33,33.18,60.85,260
2016-03-11,91.2892,95.1718,90.5794,94.815,31500201,65.99,78.33,33.18,72.68,260
2016-03-18,95.0178,96.8198,94.737,96.7886,40581187,68.65,78.33,33.18,78.56,260
2016-03-24,96.4609,97.5062,95.6809,96.1723,17485093,66.89,78.33,33.18,74.67,260
2016-04-01,96.7262,99.3705,96.0397,99.0819,29724232,70.7,78.33,33.18,83.11,260
2016-04-08,99.1053,100.4236,98.5905,99.8152,24487671,71.59,78.33,33.18,85.07,260
2016-04-15,100.1194,100.3846,98.3487,99.6747,25108174,71.14,78.33,33.18,84.09,260
2016-04-22,99.8074,101.2504,97.787,97.8962,31388502,65.59,78.33,33.18,71.79,260
2016-04-29,97.5608,100.5094,97.514,98.6685,25159337,66.8,78.33,33.18,74.48,260
2016-05-06,98.7933,101.8589,98.6763,101.8589,24430563,71.3,78.33,33.18,84.43,260
2016-05-13,101.9135,102.9354,100.4002,100.4938,26828346,67.11,78.33,33.18,75.16,260
2016-05-20,100.2442,101.3831,95.2753,95.6029,33461777,54.71,78.33,33.18,47.69,260
2016-05-27,95.7589,97.3268,95.5327,96.1411,23821770,55.68,78.33,33.18,49.84,260
2016-06-03,96.1801,96.2659,94.5607,95.3543,22435314,53.86,78.33,33.18,45.82,260
2016-06-10,95.7,96.9494,94.9892,96.1479,22320868,55.44,78.33,33.18,49.32,260
2016-06-17,95.8258,97.4091,95.04,96.0772,28219512,55.26,78.33,33.18,48.91,260
2016-06-24,96.9023,97.4995,92.9499,93.8535,28097101,49.75,78.33,33.18,36.7,260
2016-07-01,92.8477,94.9693,91.2132,94.6078,33959134,51.51,78.33,33.18,40.61,260
2016-07-08,94.3878,95.6215,93.5077,95.3229,17724486,53.19,78.33,33.18,44.34,260
2016-07-15,95.6215,97.7824,95.4407,97.1302,21172312,57.23,78.33,33.18,53.28,260
2016-07-22,97.4366,101.0512,96.9573,100.784,22785107,63.99,78.33,33.18,68.25,260
2016-07-29,100.5404,100.5404,92.274,92.4469,44410040,46.09,78.33,33.18,28.6,260
2016-08-05,92.6276,93.8613,92.0226,93.6727,21029784,48.38,78.33,33.18,33.66,260
2016-08-12,93.6413,94.3092,92.4076,93.9163,16528577,48.84,78.33,33.18,34.69,260
2016-08-19,93.5234,93.7042,90.3646,90.3725,22685758,42.81,78.33,33.18,21.33,260
2016-08-26,90.3646,91.2447,89.5474,89.9246,24912487,42.1,78.33,33.18,19.76,260
2016-09-02,90.0503,91.9407,89.9717,91.719,22839624,45.96,78.33,33.18,28.3,260
2016-09-09,92.7167,94.4192,90.7292,90.7292,17031985,44.21,78.33,33.18,24.43,260
2016-09-16,90.6421,92.0595,90.3729,91.2835,26880328,45.46,78.33,33.18,27.2,260
2016-09-23,91.719,93.3977,91.028,92.7801,18696888,48.8,78.33,33.18,34.6,260
2016-09-30,92.4871,92.8038,90.6342,91.3468,21519606,45.9,78.33,33.18,28.18,260
2016-10-07,91.0697,91.4656,89.003,89.8344,19602090,43.0,78.33,33.18,21.75,260
2016-10-14,90.4362,91.6477,89.9057,90.3412,20349808,44.27,78.33,33.18,24.57,260
2016-10-21,90.1987,90.6658,87.3639,90.2145,35633645,44.0,78.33,33.18,23.98,260
2016-10-28,90.4679,90.6658,88.2111,88.7654,21080644,40.99,78.33,33.18,17.3,260
2016-11-04,89.0505,89.3593,87.7598,87.9261,18977090,39.31,78.33,33.18,13.58,260
2016-11-11,88.6862,91.3943,88.5279,90.4441,21010611,46.41,78.33,33.18,29.3,260
2016-11-18,91.0538,95.211,90.84,95.021,23403602,56.39,78.33,33.18,51.41,260
2016-11-25,94.8626,95.8049,94.1341,95.5436,11883536,57.36,78.33,33.18,53.57,260
2016-12-02,95.3219,96.5017,93.9337,94.3566,25792094,54.39,78.33,33.18,46.97,260
2016-12-09,95.3222,96.7746,94.5362,96.7666,18499248,59.04,78.33,33.18,57.27,260
2016-12-16,97.014,98.8255,96.7666,98.3467,28644353,61.79,78.33,33.18,63.37,260
2016-12-23,98.3387,98.9492,97.9237,98.2669,14278609,61.56,78.33,33.18,62.87,260
2016-12-30,98.3945,98.6738,96.9102,97.1337,9417208,58.32,78.33,33.18,55.68,260
2017-01-06,97.2454,97.3571,94.3087,96.3676,17254791,56.16,78.33,33.18,50.91,260
2017-01-13,96.3676,97.6045,95.5456,96.9581,16053688,57.47,78.33,33.18,53.8,260
2017-01-20,96.3596,98.1551,96.3197,97.5646,15511949,58.82,78.33,33.18,56.8,260
2017-01-27,97.1097,98.1472,95.6175,98.0434,20576141,59.91,78.33,33.18,59.21,260
2017-02-03,98.0035,99.3601,97.1177,99.1447,17164835,62.37,78.33,33.18,64.65,260
2017-02-10,99.025,100.6389,98.9132,100.4055,14617473,65.01,78.33,33.18,70.51,260
2017-02-17,100.5651,102.0454,99.9666,101.9856,15314678,68.05,78.33,33.18,77.23,260
2017-02-24,101.4749,102.8634,100.8684,102.6639,14880819,69.28,78.33,33.18,79.96,260
2017-03-03,102.644,104.5091,101.7597,102.8209,26084208,69.57,78.33,33.18,80.61,260
2017-03-10,102.8209,103.4801,102.3707,102.8852,16620634,69.7,78.33,33.18,80.89,260
2017-03-17,102.9093,104.4942,102.3787,103.4158,25631123,70.78,78.33,33.18,83.29,260
2017-03-24,103.6972,104.3081,103.046,103.9785,16994902,71.93,78.33,33.18,85.83,260
2017-03-31,103.7695,104.6619,103.3836,104.1956,14285314,72.38,78.33,33.18,86.83,260
2017-04-07,104.1072,105.7793,103.4238,104.477,16787001,72.99,78.33,33.18,88.17,260
2017-04-13,104.4689,105.7632,104.1232,105.1201,12011694,74.37,78.33,33.18,91.23,260
2017-04-21,105.514,107.6283,105.2407,107.2505,16149854,78.33,78.33,33.18,100.0,260
2017-04-28,107.9177,114.7912,107.1299,112.492,32927609,84.62,84.62,33.18,100.0,260
2017-05-05,112.4357,115.7438,112.4196,115.7318,18373996,87.11,87.11,33.18,100.0,260
2017-05-12,115.7077,116.9698,115.2816,116.8573,12744442,87.85,87.85,33.18,100.0,260
2017-05-19,116.9135,119.6469,116.9135,119.1002,17473877,89.18,89.18,33.18,100.0,260
2017-05-26,119.2208,120.7804,118.1757,120.4749,16560686,89.9,89.9,33.18,100.0,260
2017-06-02,120.5472,124.4859,120.2016,124.3565,18054080,91.62,91.62,33.18,100.0,260
2017-06-09,124.2675,124.2917,121.9182,122.5284,17024361,84.35,91.62,33.18,87.57,260
2017-06-16,122.1401,123.6689,119.7459,122.9409,20780119,84.65,91.62,33.18,88.08,260
2017-06-23,123.2645,125.7396,122.8196,125.0844,13207971,86.12,91.62,33.18,90.59,260
2017-06-30,125.5212,125.7477,123.0703,123.8873,10219052,81.43,91.62,33.18,82.57,260
2017-07-07,124.1138,126.6375,122.9409,126.4029,9614172,83.47,91.62,33.18,86.06,260
2017-07-14,126.411,126.7912,124.5749,125.6021,11927312,80.45,91.62,33.18,80.88,260
2017-07-21,125.7235,125.7315,123.9925,124.5021,15072245,76.35,91.62,33.18,73.88,260
2017-07-28,124.5668,129.4038,122.763,126.0632,28013085,78.06,91.62,33.18,76.8,260
2017-08-04,126.1198,126.8073,123.9439,124.4212,19831863,72.16,91.62,33.18,66.71,260
2017-08-11,124.68,128.125,124.5668,127.2361,16770152,75.57,91.62,33.18,72.54,260
2017-08-18,127.3574,129.0398,126.5566,127.6081,13414016,75.99,91.62,33.18,73.26,260
2017-08-25,127.9398,129.3715,127.4302,128.4655,9835111,76.97,91.62,33.18,74.93,260
2017-09-01,128.6435,130.3453,128.3361,130.028,12058877,78.67,91.62,33.18,77.85,260
2017-09-08,129.369,130.4918,128.6123,129.9466,13997876,78.35,91.62,33.18,77.29,260
2017-09-15,130.1826,131.5821,126.7409,127.6766,27741430,69.69,91.62,33.18,62.48,260
2017-09-22,128.3275,130.2558,127.1965,129.2957,15769803,72.06,91.62,33.18,66.53,260
2017-09-29,128.9377,129.1143,124.7068,127.4813,21536156,65.84,91.62,33.18,55.89,260
2017-10-06,126.928,130.2918,126.766,129.8571,12626559,69.55,91.62,33.18,62.23,260
2017-10-13,129.8653,134.6658,129.7758,134.5518,14533723,75.26,91.62,33.18,72.01,260
2017-10-20,134.6088,136.6104,133.3477,135.3085,15330113,76.04,91.62,33.18,73.34,260
2017-10-27,135.1458,135.4591,132.6235,134.5681,22359608,73.59,91.62,33.18,69.16,260
2017-11-03,134.2508,137.8715,133.9782,137.2206,11321022,76.51,91.62,33.18,74.15,260
2017-11-10,137.424,139.0676,133.0466,134.7309,16606049,68.83,91.62,33.18,61.01,260
2017-11-17,134.6332,137.4159,134.3159,135.6503,11245742,70.03,91.62,33.18,63.05,260
2017-11-24,136.1466,138.6038,135.6828,137.5949,8900788,72.44,91.62,33.18,67.18,260
2017-12-01,137.424,141.7258,136.765,141.4802,19689401,76.5,91.62,33.18,74.13,260
2017-12-08,141.8076,142.7652,139.4833,141.7094,14213888,76.72,91.62,33.18,74.51,260
2017-12-15,141.5375,143.2971,140.6454,142.4542,17026958,77.45,91.62,33.18,75.76,260
2017-12-22,143.2153,143.8618,139.5815,140.2935,12130209,70.52,91.62,33.18,63.9,260
2017-12-29,140.0235,142.0368,139.8025,140.8664,6633275,71.25,91.62,33.18,65.16,260
2018-01-05,142.1841,143.2235,140.7682,142.446,13756606,73.23,91.62,33.18,68.54,260
2018-01-12,142.1923,142.8552,140.8501,142.0531,12735535,71.91,91.62,33.18,66.27,260
2018-01-19,142.0941,144.5657,141.4884,144.1401,13523457,74.55,91.62,33.18,70.79,260
2018-01-26,144.0173,146.0061,142.9452,145.9734,15474708,76.62,91.62,33.18,74.34,260
2018-02-02,145.9243,146.2516,138.2229,138.624,31531259,56.66,91.62,33.18,40.19,260
2018-02-09,137.9938,138.6894,125.9221,131.6019,31494807,44.69,91.62,33.18,19.69,260
2018-02-16,132.8868,135.7677,129.1139,129.1385,28567166,41.38,91.62,33.18,14.04,260
2018-02-23,128.4919,133.6561,127.9027,133.4515,20301434,48.55,91.62,33.18,26.31,260
2018-03-02,134.2209,134.8347,120.9463,122.1241,32198124,36.07,91.62,33.18,4.95,260
2018-03-09,122.1323,129.9159,121.8358,129.5123,24874270,45.85,91.62,33.18,21.69,260
2018-03-16,129.9241,134.446,129.5123,133.7295,31612719,50.5,91.62,33.18,29.65,260
2018-03-23,133.4329,133.7295,127.6014,127.6508,17545515,44.56,91.62,33.18,19.48,260
2018-03-29,128.6639,131.6456,128.6639,128.804,15817256,45.86,91.62,33.18,21.7,260
2018-04-06,130.3607,135.5415,127.8732,132.8152,25393292,50.24,91.62,33.18,29.2,260
2018-04-13,133.6141,136.2334,132.6587,133.2106,17850377,50.66,91.62,33.18,29.92,260
2018-04-20,132.8564,134.652,130.5584,130.7725,15718065,47.95,91.62,33.18,25.28,260
2018-04-27,130.9373,131.6621,127.6756,130.3854,17466550,47.52,91.62,33.18,24.54,260
2018-05-04,135.6486,138.3337,131.0279,135.9286,31567060,53.95,91.62,33.18,35.55,260
2018-05-11,137.3618,137.7983,134.2978,136.2251,12883195,54.28,91.62,33.18,36.1,260
2018-05-18,136.4393,136.7111,132.2386,132.5928,13824152,49.68,91.62,33.18,28.24,260
2018-05-25,133.2517,135.0391,131.0937,134.4296,15443274,51.9,91.62,33.18,32.03,260
2018-06-01,133.7871,134.026,131.7362,131.9256,13678523,48.74,91.62,33.18,26.64,260
2018-06-08,132.6882,142.2038,131.7764,140.0073,23112169,57.68,91.62,33.18,41.94,260
2018-06-15,140.115,140.115,136.4265,137.9765,19146555,55.08,91.62,33.18,37.49,260
2018-06-22,137.2057,138.076,132.2406,136.3933,26880765,53.08,91.62,33.18,34.05,260
2018-06-29,135.1086,135.1086,128.5604,129.8783,22624093,45.69,91.62,33.18,21.41,260
2018-07-06,129.2981,133.0944,128.8505,132.1412,10151306,48.38,91.62,33.18,26.01,260
2018-07-13,133.0115,133.4342,128.7096,131.3869,15416984,47.53,91.62,33.18,24.57,260
2018-07-20,131.478,132.6219,129.5384,130.9393,16086635,47.01,91.62,33.18,23.67,260
2018-07-27,130.7984,132.2738,128.2371,130.5331,22210000,46.51,91.62,33.18,22.81,260
2018-08-03,130.4585,132.6385,126.9275,129.4804,20977235,45.16,91.62,33.18,20.51,260
2018-08-10,129.3312,132.3069,128.8588,131.5278,13401040,48.29,91.62,33.18,25.87,260
2018-08-17,131.362,134.5118,130.3425,133.5751,14696721,51.29,91.62,33.18,30.99,260
2018-08-24,133.6912,134.4123,131.2128,132.108,11897186,49.09,91.62,33.18,27.24,260
2018-08-31,132.8126,135.8747,131.9588,135.3075,14622010,53.74,91.62,33.18,35.19,260
2018-09-07,134.9572,137.034,133.506,136.7004,12047509,55.64,91.62,33.18,38.44,260
2018-09-14,137.1841,138.4685,133.6561,134.1482,16243204,51.47,91.62,33.18,31.3,260
2018-09-21,133.0723,137.868,130.5785,137.868,23929037,56.58,91.62,33.18,40.04,260
2018-09-28,136.7004,139.9782,134.3817,139.5278,18531666,58.67,91.62,33.18,43.62,260
2018-10-05,140.4286,140.9123,137.0924,138.9273,16081032,57.59,91.62,33.18,41.77,260
2018-10-12,138.6604,143.4561,134.9655,136.6336,19785865,53.53,91.62,33.18,34.83,260
2018-10-19,137.3593,140.2451,135.8663,139.6946,18857534,57.8,91.62,33.18,42.14,260
2018-10-26,140.1033,148.6856,138.6103,144.5738,35876505,63.55,91.62,33.18,51.97,260
2018-11-02,145.9583,149.2611,143.6396,147.4179,22384837,66.42,91.62,33.18,56.89,260
2018-11-09,147.9683,155.6166,147.6264,155.0828,20531543,72.67,91.62,33.18,67.58,260
2018-11-16,155.0911,156.6091,151.3963,156.4589,15957130,73.62,91.62,33.18,69.2,260
2018-11-23,156.5841,157.5515,151.021,151.7382,12612749,65.25,91.62,33.18,54.88,260
2018-11-30,152.1302,159.203,151.855,158.1938,20569729,70.23,91.62,33.18,63.41,260
2018-12-07,157.8497,158.1182,152.8146,153.5363,16801417,63.19,91.62,33.18,51.36,260
2018-12-14,153.5363,156.7839,151.5139,153.8132,16186489,63.43,91.62,33.18,51.76,260
2018-12-21,153.402,154.0902,144.7921,146.1431,27031855,53.29,91.62,33.18,34.41,260
2018-12-28,146.2187,148.9544,141.8549,147.3264,13297701,54.49,91.62,33.18,36.48,260
2019-01-04,147.6621,150.381,146.1599,149.609,11976535,56.82,91.62,33.18,40.45,260
2019-01-11,149.4915,153.0664,149.4915,153.0412,13752446,60.11,91.62,33.18,46.09,260
2019-01-18,152.244,153.7881,150.2383,153.209,15681540,60.27,91.62,33.18,46.36,260
2019-01-25,152.9405,158.9574,152.9405,154.4091,13343913,61.46,91.62,33.18,48.39,260
2019-02-01,153.6202,157.5896,148.0984,148.2998,34264652,52.8,91.62,33.18,33.58,260
2019-02-08,148.7782,150.5656,146.2774,146.6466,21222822,50.72,91.62,33.18,30.02,260
2019-02-15,147.0578,151.0356,145.5221,151.0272,22269828,55.7,91.62,33.18,38.55,260
2019-02-22,151.9838,153.9139,150.3474,153.7125,15937319,58.48,91.62,33.18,43.29,260
2019-03-01,154.3503,156.7767,153.0748,156.2701,13560769,60.98,91.62,33.18,47.58,260
2019-03-08,155.8478,155.9998,150.5445,151.5832,16371540,54.49,91.62,33.18,36.48,260
2019-03-15,152.0055,156.6163,151.8366,156.5065,15261410,59.38,91.62,33.18,44.84,260
2019-03-22,157.0554,159.3102,153.9646,157.7563,17444196,60.54,91.62,33.18,46.82,260
2019-03-29,157.2834,160.8893,155.3918,160.3658,11875075,62.92,91.62,33.18,50.89,260
2019-04-05,160.8724,161.4974,157.6634,161.0498,12268932,63.54,91.62,33.18,51.95,260
2019-04-12,161.0498,162.3756,158.8035,161.8014,11956223,64.25,91.62,33.18,53.16,260
2019-04-18,161.9449,164.6726,161.168,164.5966,8326192,66.83,91.62,33.18,57.58,260
2019-04-26,163.8281,167.7127,163.3045,166.7162,11344668,68.67,91.62,33.18,60.74,260
2019-05-03,167.1891,168.895,163.2539,166.8007,19011136,68.75,91.62,33.18,60.86,260
2019-05-10,165.9646,169.199,165.4664,168.8865,12077301,70.61,91.62,33.18,64.05,260
2019-05-17,167.206,169.427,166.598,168.2363,12256621,69.22,91.62,33.18,61.68,260
2019-05-24,168.2363,169.8661,166.6402,167.0118,11908697,66.58,91.62,33.18,57.15,260
2019-05-31,167.4425,169.9086,164.5459,168.4136,12954429,68.08,91.62,33.18,59.73,260
2019-06-07,168.49,175.3109,167.6067,174.5379,20339312,73.66,91.62,33.18,69.27,260
2019-06-14,175.0645,175.0645,169.6622,174.3765,15507093,73.3,91.62,33.18,68.65,260
2019-06-21,174.7672,174.9286,172.1001,173.5016,13923480,71.24,91.62,33.18,65.14,260
2019-06-28,173.9178,176.6699,172.9665,176.3896,13995667,73.85,91.62,33.18,69.59,260
2019-07-05,177.4089,180.934,175.141,179.4305,9995327,76.28,91.62,33.18,73.76,260
2019-07-12,179.4305,182.4544,179.422,180.917,9162511,77.39,91.62,33.18,75.66,260
2019-07-19,181.4606,183.6946,180.2035,181.6645,11610353,77.95,91.62,33.18,76.61,260
2019-07-26,181.5965,185.988,180.3054,183.117,16874164,79.03,91.62,33.18,78.47,260
2019-08-02,183.4737,184.6799,177.8421,182.1826,17885768,76.43,91.62,33.18,74.02,260
2019-08-09,181.4691,188.5108,177.8931,187.8482,17931354,80.6,91.62,33.18,81.15,260
2019-08-16,187.2451,187.4235,183.1934,185.5718,13517691,74.87,91.62,33.18,71.34,260
2019-08-23,186.8629,187.6274,181.6815,182.3355,13323091,67.52,91.62,33.18,58.77,260
2019-08-30,183.5417,187.8659,181.9533,186.1324,12233909,71.1,91.62,33.18,64.9,260
2019-09-06,186.0983,188.5832,184.6893,187.8915,10163887,72.61,91.62,33.18,67.48,260
2019-09-13,188.2929,188.2929,177.8578,179.1643,19556759,56.78,91.62,33.18,40.39,260
2019-09-20,178.7288,180.8892,177.0465,178.8056,18293798,56.24,91.62,33.18,39.46,260
2019-09-27,178.5238,184.1684,178.5238,182.025,14272088,59.94,91.62,33.18,45.8,260
2019-10-04,182.025,183.9036,175.5607,180.7697,17427400,57.89,91.62,33.18,42.28,260
2019-10-11,180.2659,182.2897,178.1908,178.4897,13834980,54.25,91.62,36.07,32.72,260
2019-10-18,177.6187,179.3436,176.3548,178.0456,16694872,53.54,91.62,36.07,31.45,260
2019-10-25,179.0704,179.9755,166.0051,166.1845,31808628,38.96,91.62,36.07,5.2,260
2019-11-01,166.5004,169.0793,163.5287,165.6123,27635806,38.41,91.62,36.07,4.22,260
2019-11-08,162.3845,167.3714,160.1557,165.3305,42930957,38.13,91.62,36.07,3.71,260
2019-11-15,165.3476,166.9445,164.3827,165.6379,15283136,38.66,91.62,36.07,4.67,260
2019-11-22,165.8344,167.1323,164.0838,164.9292,15384709,37.86,91.62,36.07,3.22,260
2019-11-29,165.6123,168.9113,163.6141,167.1409,14828512,41.92,91.62,36.07,10.53,260
2019-12-06,167.9144,168.2237,165.3103,167.8886,15405614,43.27,91.62,36.07,12.96,260
2019-12-13,168.155,169.5902,166.9518,169.4098,12280283,46.02,91.62,36.07,17.9,260
2019-12-20,169.8137,171.0255,167.3385,169.4269,20953760,46.05,91.62,36.07,17.96,260
2019-12-27,169.7707,170.57,168.1636,170.3122,7614967,47.75,91.62,36.07,21.03,260
2020-01-03,169.8051,172.5724,168.3956,171.9537,10842596,50.86,91.62,36.07,26.62,260
2020-01-10,171.5411,179.9377,171.3263,178.1329,22298753,60.4,91.62,36.07,43.8,260
2020-01-17,178.2275,182.8597,176.5774,182.1808,14871923,65.17,91.62,36.07,52.39,260
2020-01-24,181.6566,184.0715,179.2931,181.5448,13340332,63.87,91.62,36.07,50.04,260
2020-01-31,178.6228,186.5811,178.1587,183.8911,20453225,66.53,91.62,36.07,54.83,260
2020-02-07,184.7677,186.392,181.4159,181.8628,15141124,62.26,91.62,36.07,47.15,260
2020-02-14,181.6308,187.6897,181.5534,186.5725,12431191,67.47,91.62,36.07,56.54,260
2020-02-21,185.5669,186.5295,182.8683,185.524,10576562,65.31,91.62,36.07,52.64,260
2020-02-28,180.9776,186.349,163.3126,167.9487,31189539,41.38,91.62,36.07,9.55,260
2020-03-06,167.6373,179.1845,165.3885,172.0054,25991592,46.27,91.62,36.07,18.37,260
2020-03-13,162.3265,172.9914,145.4858,153.2099,36325471,32.66,91.62,32.66,0.0,260
2020-03-20,135.8848,140.0539,107.4536,128.4375,60383812,23.04,91.62,23.04,0.0,260
2020-03-27,123.6456,148.2191,118.0667,141.8616,46722310,34.33,91.62,23.04,16.46,260
2020-04-03,142.6487,147.3109,134.0684,138.6786,24659428,33.09,91.62,23.04,14.65,260
2020-04-09,146.3508,160.415,145.5204,158.8926,26738264,46.34,91.62,23.04,33.97,260
2020-04-17,158.0104,161.5826,149.0062,160.9685,25575316,47.49,91.62,23.04,35.65,260
2020-04-24,159.5413,162.3784,152.319,159.1694,21221986,46.56,91.62,23.04,34.29,260
2020-05-01,160.1468,164.6965,156.3497,157.9931,22191893,45.92,91.62,23.04,33.36,260
2020-05-08,156.8254,159.031,152.9763,156.7562,18219070,45.23,91.62,23.04,32.35,260
2020-05-15,155.1474,158.1834,145.1831,150.3382,22705363,41.69,91.62,23.04,27.19,260
2020-05-22,155.7442,160.4323,154.0229,159.5068,18338686,47.95,91.62,23.04,36.32,260
2020-05-29,163.9872,164.9127,159.3597,162.24,17266996,49.69,91.62,23.04,38.85,260
2020-06-05,162.5796,174.2826,161.6131,171.6791,17366126,55.24,91.62,23.04,46.95,260
2020-06-12,170.3903,176.5292,161.4825,164.7217,21519196,50.79,91.62,23.04,40.46,260
2020-06-19,160.7423,168.4921,160.3418,162.449,22492772,49.39,91.62,23.04,38.42,260
2020-06-26,161.9614,165.2093,155.7616,156.5104,18564170,45.84,91.62,23.04,33.24,260
2020-07-02,157.2331,162.8321,156.0141,159.8019,10667470,48.07,91.62,23.04,36.49,260
2020-07-10,161.9614,164.3298,159.0182,160.9861,13389858,48.88,91.62,23.04,37.68,260
2020-07-17,161.6131,168.9275,160.8381,166.7331,15175517,52.76,91.62,23.04,43.33,260
2020-07-24,166.2281,173.8472,165.7666,173.0374,14067877,56.64,91.62,23.04,49.0,260
2020-07-31,173.3161,176.3463,166.8727,169.1713,19836748,53.73,91.62,23.04,44.74,260
2020-08-07,169.2148,178.6451,168.5704,178.1575,15265090,59.01,91.62,23.04,52.45,260
2020-08-14,177.9398,180.6131,176.3609,180.2735,11284691,60.16,91.62,23.04,54.13,260
2020-08-21,180.1951,184.7622,180.1167,184.2267,13744297,62.3,91.62,23.04,57.24,260
2020-08-28,184.8275,188.7024,183.6694,187.135,13522501,63.83,91.62,23.04,59.48,260
2020-09-04,187.0131,191.0333,184.4395,185.4454,16875252,62.25,91.62,23.04,57.17,260
2020-09-11,184.9636,192.2333,184.8585,190.937,14263196,65.27,91.62,23.04,61.57,260
2020-09-18,192.4435,198.5745,192.1106,192.9252,15887907,66.32,91.62,23.04,63.11,260
2020-09-25,190.1837,192.4128,186.908,191.0946,12009315,64.39,91.62,23.04,60.29,260
2020-10-02,192.6887,195.6227,190.1487,195.0272,13154940,66.64,91.62,23.04,63.57,260
2020-10-09,196.9454,200.2736,195.4214,196.9191,13773722,67.69,91.62,23.04,65.11,260
2020-10-16,196.9016,203.1202,195.4214,200.8955,10715472,69.85,91.62,23.04,68.26,260
2020-10-23,201.0531,202.3407,197.2169,200.3174,9651048,69.13,91.62,23.04,67.21,260
2020-10-30,198.627,199.0387,183.8469,186.5577,13542055,54.62,91.62,23.04,46.05,260
2020-11-06,189.0802,192.2245,184.622,189.6757,16497314,56.83,91.62,23.04,49.27,260
2020-11-13,198.6358,199.5622,181.4514,186.8029,23694123,54.21,91.62,23.04,45.45,260
2020-11-20,188.7473,190.7968,186.8467,187.5124,16014246,54.76,91.62,23.04,46.26,260
2020-11-27,188.432,193.7835,188.0029,191.226,10112232,57.66,91.62,23.04,50.48,260
2020-12-04,190.7129,192.8891,184.2548,185.6733,20660721,52.28,91.62,23.04,42.63,260
2020-12-11,183.7262,184.6047,181.6645,183.0478,15273689,49.9,91.62,23.04,39.17,260
2020-12-18,185.6645,191.638,185.2063,189.4971,21714108,55.27,91.62,23.04,47.0,260
2020-12-24,185.5676,188.0467,183.268,186.246,9822604,52.23,91.62,23.04,42.57,260
2020-12-31,187.6557,190.1138,185.7085,189.0565,8647076,54.56,91.62,23.04,45.96,260
2021-01-08,188.9772,190.4134,183.453,190.1931,15496060,55.5,91.62,23.04,47.33,260
2021-01-15,189.5059,190.4134,182.7485,184.942,14810303,50.31,91.62,23.04,39.75,260
2021-01-22,185.6204,190.2724,183.1535,187.9993,12282114,53.06,91.62,23.04,43.77,260
2021-01-29,186.9773,189.8759,178.9509,183.1182,21592118,48.44,91.62,23.04,37.04,260
2021-02-05,183.6821,188.7041,182.0257,187.2944,13975069,52.27,91.62,23.04,42.62,260
2021-02-12,187.2504,191.4618,184.9861,188.4574,14238252,53.31,91.62,23.04,44.14,260
2021-02-19,188.8715,191.1358,186.757,186.9949,11528108,51.78,91.62,23.04,41.91,260
2021-02-26,186.3429,190.0433,182.757,182.757,17482165,47.53,91.62,23.04,35.71,260
2021-03-05,183.8298,186.5161,179.7338,183.8475,16867480,48.7,91.62,23.04,37.41,260
2021-03-12,184.1401,190.8159,183.6436,188.2537,16687252,53.23,91.62,23.04,44.01,260
2021-03-19,189.4151,199.788,189.2821,197.2081,25281750,60.8,91.62,23.04,55.05,260
2021-03-26,198.0503,201.2685,197.1903,199.6639,15970185,62.58,91.62,23.04,57.66,260
2021-04-01,199.327,202.0266,197.9492,199.6639,12045601,62.58,91.62,23.04,57.66,260
2021-04-09,200.8962,206.4018,200.5327,205.2226,14149970,66.59,91.62,23.04,63.5,260
2021-04-16,205.2226,207.6873,203.2013,206.6411,11750347,67.54,91.62,23.04,64.89,260
2021-04-23,206.6766,208.5561,204.6464,207.971,10183866,68.45,91.62,23.04,66.22,260
2021-04-30,208.1483,209.487,205.6039,209.3008,13678492,69.37,91.62,23.04,67.56,260
2021-05-07,210.9942,211.1626,206.1447,208.2015,9751682,67.61,91.62,23.04,64.99,260
2021-05-14,208.432,210.9321,201.7561,205.4354,13021169,63.26,91.62,23.04,58.64,260
2021-05-21,204.6286,207.4745,202.297,205.0099,12003100,62.59,91.62,23.04,57.66,260
2021-05-28,205.2581,208.9665,204.54,208.5029,14166573,65.78,91.62,23.04,62.32,260
2021-06-04,210.3661,210.375,205.1689,208.0483,10611489,65.0,91.62,23.04,61.19,260
2021-06-11,208.601,211.7211,206.0692,211.213,11154130,67.85,91.62,23.04,65.35,260
2021-06-18,211.4358,211.9974,203.9832,204.6964,13035036,57.47,91.62,23.04,50.21,260
2021-06-25,205.5968,209.6325,204.5627,207.1925,10493219,60.0,91.62,23.04,53.89,260
2021-07-02,207.4153,208.699,205.0441,208.2711,11347048,61.07,91.62,23.04,55.46,260
2021-07-09,208.2979,210.5889,205.9266,210.0986,8325491,62.89,91.62,23.04,58.11,260
2021-07-16,209.1269,213.1028,208.9397,209.2696,9883743,61.49,91.62,23.04,56.06,260
2021-07-23,207.2727,218.4516,201.8437,216.5884,15732284,68.23,91.62,23.04,65.9,260
2021-07-30,215.7326,220.2345,213.3703,216.3656,15577383,67.84,91.62,23.04,65.33,260
2021-08-06,217.7295,218.1182,207.7541,210.6157,12023732,58.55,91.62,23.04,51.78,260
2021-08-13,210.1967,213.0583,207.919,212.8978,9244724,60.85,91.62,23.04,55.12,260
2021-08-20,213.0583,214.8858,210.4418,212.6036,9488412,60.38,91.62,23.04,54.45,260
2021-08-27,213.4683,214.2974,210.3126,211.7033,9234776,58.9,91.62,23.04,52.29,260
2021-09-03,211.5785,215.0672,210.2546,214.0544,10860698,61.55,91.62,23.04,56.15,260
2021-09-10,213.8662,216.3937,211.482,214.377,9566160,61.91,91.62,23.04,56.68,260
2021-09-17,215.8559,219.2619,213.4807,217.3438,14983318,65.17,91.62,23.04,61.43,260
2021-09-24,215.0045,221.7267,212.1004,220.8663,15370768,68.6,91.62,23.04,66.43,260
2021-10-01,220.4898,223.0891,215.3361,217.7382,12403488,62.69,91.62,23.04,57.82,260
2021-10-08,216.9584,224.0302,216.7791,222.0135,10919227,66.89,91.62,23.04,63.94,260
2021-10-15,222.372,223.3042,215.0224,217.1287,12143003,58.76,91.62,23.04,52.08,260
2021-10-22,217.2811,218.6345,213.3194,213.7138,13582684,53.83,91.62,23.04,44.9,260
2021-10-29,214.4219,220.5705,211.6523,220.0865,19272292,60.49,91.62,23.04,54.61,260
2021-11-05,220.3106,230.8242,219.8983,228.2966,15106765,67.08,91.62,23.04,64.21,260
2021-11-12,228.3593,229.1391,223.0801,224.6755,9773144,62.15,91.62,23.04,57.03,260
2021-11-19,224.6755,227.8305,224.2767,225.8228,9811293,63.08,91.62,23.04,58.38,260
2021-11-26,226.4681,231.0572,222.5244,224.084,10425462,60.66,91.62,23.04,54.86,260
2021-12-03,225.7332,226.1544,219.886,224.7353,15716492,61.26,91.62,23.04,55.73,260
2021-12-10,227.5025,239.1029,227.4754,238.8325,15151320,71.41,91.62,23.04,70.53,260
2021-12-17,238.1565,240.5631,235.146,235.8851,17531133,67.43,91.62,23.04,64.73,260
2021-12-23,234.0193,240.9958,232.9377,239.7159,8981393,69.79,91.62,23.04,68.16,260
2021-12-31,240.1846,243.1138,239.7609,241.6267,7335122,70.92,91.62,23.04,69.81,260
2022-01-07,242.9067,244.4029,239.3643,240.7164,12847623,69.58,91.62,23.04,67.86,260
2022-01-14,240.4054,240.4099,231.7929,232.2887,15072303,58.59,91.62,23.04,51.83,260
2022-01-21,231.6127,232.9647,227.9531,229.4764,11321508,55.44,91.62,23.04,47.24,260
2022-01-28,227.4844,231.0586,221.0578,230.8285,21937064,56.64,91.62,23.04,49.0,260
2022-02-04,229.864,236.8766,229.3412,234.4069,12274252,59.75,91.62,23.04,53.53,260
2022-02-11,235.2541,236.9487,229.6026,229.9902,14098230,54.55,91.62,23.04,45.95,260
2022-02-18,230.6662,231.5766,225.3392,225.88,13584815,50.18,91.62,23.04,39.58,260
2022-02-25,225.3482,229.5756,215.9741,224.8435,16865575,49.11,91.62,23.04,38.02,260
2022-03-04,221.5699,222.73,209.9684,213.7473,21697066,39.43,91.62,23.04,23.9,260
2022-03-11,212.3876,212.3876,197.309,205.6437,27885542,34.14,91.62,23.04,16.18,260
2022-03-18,205.5622,216.8111,202.2808,216.5663,22563115,44.88,91.62,23.04,31.84,260
2022-03-25,217.1646,219.2222,212.1701,218.9774,13267680,46.94,91.62,23.04,34.84,260
2022-04-01,219.2766,227.8334,217.4184,225.9298,12753248,52.45,91.62,23.04,42.88,260
2022-04-08,223.7,231.5724,219.7026,227.9331,14503999,53.93,91.62,23.04,45.04,260
2022-04-14,227.7427,229.9907,225.5219,227.0719,9291478,53.16,91.62,23.04,43.92,260
2022-04-22,226.2743,235.316,225.8211,226.7638,11128032,52.87,91.62,23.04,43.5,260
2022-04-29,226.1111,232.3927,223.9357,225.8483,15103681,51.97,91.62,23.04,42.17,260
2022-05-06,227.3892,230.9424,219.5913,227.3167,15139719,53.35,91.62,23.04,44.19,260
2022-05-13,223.8903,227.4073,218.5605,222.1137,14939353,48.07,91.62,23.04,36.49,260
2022-05-20,221.588,223.8903,206.9762,212.0251,16024868,39.83,91.62,23.04,24.48,260
2022-05-27,213.702,228.3047,211.6534,228.3047,14989459,53.64,86.12,23.04,48.5,260
2022-06-03,226.6097,230.4892,223.1833,226.374,10117354,52.11,86.12,23.04,46.08,260
2022-06-10,227.0303,227.6774,216.1655,216.366,11130038,44.96,86.12,23.04,34.75,260
2022-06-17,212.1823,221.3973,211.6172,213.6316,21922234,43.22,83.47,23.04,33.39,260
2022-06-24,215.3087,226.0459,213.4128,225.9547,11360345,52.21,83.47,23.04,48.27,260
2022-07-01,225.9547,230.7308,221.051,230.5668,12755951,55.08,80.6,23.04,55.66,260
2022-07-08,228.917,232.3533,227.2946,230.822,8188516,55.24,80.6,23.04,55.94,260
2022-07-15,229.7647,233.6931,226.2828,232.4353,10794759,56.3,80.6,23.04,57.78,260
2022-07-22,232.6449,234.1671,229.7556,231.5056,10812596,55.49,80.6,23.04,56.37,260
2022-07-29,232.0343,240.9489,226.6429,240.0552,16354137,61.07,80.6,23.04,66.07,260
2022-08-05,239.2987,241.9602,234.3129,236.2817,10972830,57.63,80.6,23.04,60.1,260
2022-08-12,236.9836,240.3651,232.7361,238.9706,11075610,59.39,80.6,23.04,63.15,260
2022-08-19,238.9979,244.248,238.1229,242.9446,9295718,61.9,80.6,23.04,67.51,260
2022-08-26,241.0852,242.261,233.6931,234.2036,9663766,53.99,80.6,23.04,53.77,260
2022-09-02,232.8819,236.9785,230.2113,233.2485,11554932,53.19,80.6,23.04,52.38,260
2022-09-09,233.2119,239.2742,232.2129,237.84,11279891,56.53,80.6,23.04,58.17,260
2022-09-16,238.2799,239.5629,230.7191,233.6151,14148129,52.8,80.6,23.04,51.7,260
2022-09-23,232.7811,236.0346,223.7906,225.4036,11740165,46.4,80.6,23.04,40.58,260
2022-09-30,225.3944,225.674,211.3176,211.4642,18257995,37.98,80.6,23.04,25.95,260
2022-10-07,214.012,220.9084,212.3486,213.7096,15299230,39.87,80.6,23.04,29.24,260
2022-10-14,213.9112,228.5929,213.9112,222.8467,16492956,46.96,80.6,23.04,41.56,260
2022-10-21,225.2661,234.0275,223.1858,233.2852,14568737,53.69,80.6,23.04,53.24,260
2022-10-28,233.9542,251.8527,231.9288,251.5869,19191644,62.63,80.6,23.04,68.77,260
2022-11-04,250.2489,253.5573,245.9598,251.6785,15629785,62.67,80.6,23.04,68.84,260
2022-11-11,252.091,258.1396,246.693,248.7184,17523202,60.48,80.6,23.04,65.04,260
2022-11-18,248.2968,252.1185,244.0903,250.533,18086356,61.37,80.6,23.04,66.59,260
2022-11-25,251.706,252.6225,250.0656,252.0268,9856700,62.13,80.6,23.04,67.9,260
2022-12-02,251.9168,252.8883,246.9588,251.9566,16638074,62.06,80.6,23.04,67.79,260
2022-12-09,249.7633,252.657,248.5192,250.7033,13626523,60.9,80.6,23.04,65.78,260
2022-12-16,250.8415,257.9468,244.9158,245.2476,17949764,56.0,80.6,23.04,57.26,260
2022-12-23,245.3674,248.768,242.9713,246.5839,9949060,56.92,80.6,23.04,58.85,260
2022-12-30,247.5884,247.7819,240.8978,242.8607,6216682,53.57,80.6,23.04,53.04,260
2023-01-06,242.8607,248.7173,239.156,248.3348,10129230,57.52,80.6,23.04,59.9,260
2023-01-13,248.7588,248.7772,245.0264,247.8003,10866665,57.01,80.6,23.04,59.02,260
2023-01-20,248.8417,253.788,242.2156,247.5146,12350937,56.72,80.6,23.04,58.51,260
2023-01-27,247.7543,253.7122,240.7319,251.0903,12474349,59.5,80.6,23.04,63.33,260
2023-02-03,250.3623,251.1917,240.8517,243.5058,18642113,51.9,80.6,23.04,50.13,260
2023-02-10,244.2062,247.1645,239.7827,241.8378,14764322,50.38,80.6,23.04,47.49,260
2023-02-17,243.0174,248.8233,242.3723,248.8141,12324721,56.17,80.6,23.04,57.55,260
2023-02-24,248.169,249.2656,241.6811,242.999,11878653,50.84,80.6,23.04,48.3,260
2023-03-03,244.2431,249.6817,242.5448,249.3944,12048999,55.81,80.6,23.04,56.92,260
2023-03-10,249.4685,253.176,241.7894,242.8692,12730725,50.23,80.6,23.04,47.24,260
2023-03-17,241.3306,250.8867,241.3306,247.6611,18339593,53.88,80.6,23.04,53.57,260
2023-03-24,248.2543,252.0916,248.0504,251.4891,11963287,56.61,80.6,23.04,58.32,260
2023-03-31,252.1101,260.1137,250.7847,259.1637,11580006,61.53,80.6,23.04,66.87,260
2023-04-06,260.4427,264.141,259.2285,262.2038,8966878,63.31,80.6,23.04,69.95,260
2023-04-14,262.4726,268.7383,261.3696,267.8485,12516314,66.41,80.6,23.04,75.34,260
2023-04-21,268.6456,271.1389,267.107,270.7033,11154904,67.89,80.6,23.04,77.91,260
2023-04-28,271.4169,274.522,268.2656,274.1234,18049355,69.61,80.6,23.04,80.91,260
2023-05-05,274.0956,276.9504,272.0101,274.9113,10454935,70.01,80.6,23.04,81.6,260
2023-05-12,275.3747,277.006,271.9082,274.4849,10213703,69.48,80.6,23.04,80.67,260
2023-05-19,274.142,274.9483,269.8413,273.938,12144651,68.76,80.6,23.04,79.42,260
2023-05-26,273.938,274.9483,263.7702,265.1235,12617378,58.24,80.6,23.04,61.16,260
2023-06-02,263.1678,270.3895,262.6302,270.1193,11718803,61.81,80.6,23.04,67.35,260
2023-06-09,270.2032,270.669,260.8858,267.2123,13381546,58.67,80.6,23.04,61.9,260
2023-06-16,268.4888,276.32,266.9421,273.6506,13387827,63.13,80.6,23.04,69.65,260
2023-06-23,273.604,276.893,269.8678,270.1193,11088605,59.35,80.6,23.04,63.07,260
2023-06-30,269.8678,278.682,267.4732,278.0391,9722293,64.49,80.6,23.04,72.01,260
2023-07-07,277.4614,278.0298,271.6474,272.1598,9113753,58.57,80.6,23.04,61.72,260
2023-07-14,272.4393,276.8185,271.8523,274.8059,8596694,60.33,80.6,23.04,64.79,260
2023-07-21,274.9364,278.9149,272.499,275.4302,10571196,60.76,80.6,23.04,65.53,260
2023-07-28,275.7936,278.4956,269.7373,273.9581,15254102,59.15,80.6,23.04,62.73,260
2023-08-04,273.5667,274.1537,267.1848,267.4266,12034234,52.5,80.6,23.04,51.18,260
2023-08-11,268.2279,271.693,267.1844,268.9174,10219598,53.78,80.6,23.04,53.4,260
2023-08-18,269.0758,270.0634,261.1653,262.507,10198827,47.83,80.6,23.04,43.06,260
2023-08-25,262.4698,266.6067,259.6513,265.1532,12775382,50.28,80.6,23.04,47.31,260
2023-09-01,265.1532,266.6626,261.2865,263.1768,12193385,48.45,80.6,23.04,44.14,260
2023-09-08,263.233,263.8326,257.6124,261.5656,11200341,46.95,80.6,23.04,41.53,260
2023-09-15,262.0059,267.5422,260.1276,260.6382,13558203,46.07,80.6,23.04,40.0,260
2023-09-22,261.0972,262.5492,253.7061,255.0082,11321886,41.02,80.6,23.04,31.24,260
2023-09-29,253.3501,254.5773,245.2002,246.7833,12431671,35.0,80.6,23.04,20.76,260
2023-10-06,245.4344,245.4953,230.1931,232.5256,19583475,27.46,80.6,23.04,7.67,260
2023-10-13,232.0573,237.4062,230.3336,232.61,15006792,27.56,80.6,23.04,7.85,260
2023-10-20,233.4624,245.959,232.3851,241.7903,19386742,37.58,80.6,23.04,25.26,260
2023-10-27,240.3852,243.1299,238.446,239.5889,14548468,36.29,80.6,23.04,23.0,260
2023-11-03,243.6545,251.6264,238.5023,250.9332,21074823,46.52,80.6,23.04,40.79,260
2023-11-10,251.0644,252.9848,248.4414,250.8583,12841722,46.47,80.6,23.04,40.7,260
2023-11-17,250.4929,259.5984,250.3571,258.315,14014289,52.3,80.6,23.04,50.83,260
2023-11-24,257.9403,264.7225,257.6311,264.6757,9944599,56.64,80.6,23.04,58.38,260
2023-12-01,264.7881,270.3148,261.8279,269.4667,18334969,59.62,80.6,23.04,63.56,260
2023-12-08,268.5527,272.1052,267.0544,269.0615,16041525,59.25,80.6,23.04,62.91,260
2023-12-15,269.0898,278.8994,269.0898,270.7012,19872822,60.33,80.6,23.04,64.78,260
2023-12-22,272.0016,275.6012,270.9744,274.8756,10954709,63.01,80.6,23.04,69.43,260
2023-12-29,274.4233,279.7286,274.1124,279.4082,7404065,65.71,80.6,23.04,74.14,260
2024-01-05,278.0324,280.8029,270.6352,272.322,15594198,58.51,80.6,23.04,61.61,260
2024-01-12,271.8696,278.6921,270.9367,276.5436,11235528,61.23,80.6,23.04,66.35,260
2024-01-19,276.5436,283.7146,273.2549,283.1964,11339344,65.13,80.6,23.04,73.11,260
2024-01-26,283.5921,284.9491,274.8756,275.4033,15763242,57.81,80.6,23.04,60.4,260
2024-02-02,274.8191,280.9725,271.6812,279.9171,17252350,60.57,80.6,23.04,65.2,260
2024-02-09,270.4562,276.242,265.3016,272.7743,25392991,54.49,80.6,23.04,54.63,260
2024-02-16,272.3314,276.7603,269.1934,275.1772,12527020,56.09,80.6,23.04,57.41,260
2024-02-23,275.1583,281.5096,275.0076,280.5767,9686541,59.52,80.6,23.04,63.38,260
2024-03-01,281.0102,281.4531,274.3897,275.5269,14544584,55.17,80.6,23.04,55.82,260
2024-03-08,274.238,279.7063,273.4135,277.2518,12869651,56.35,80.6,23.04,57.86,260
2024-03-15,276.8727,280.8578,263.3006,264.543,19937421,46.65,80.6,23.04,41.02,260
2024-03-22,264.8557,270.6462,263.529,267.8505,16451769,49.11,80.6,23.04,45.28,260
2024-03-28,265.358,268.5612,262.676,267.2061,11616592,48.64,80.6,23.04,44.47,260
2024-04-05,266.7796,266.827,252.4313,252.744,18322331,39.51,80.6,23.04,28.61,260
2024-04-12,253.2653,255.7672,251.2467,253.4074,16272199,40.07,80.6,23.04,29.57,260
2024-04-19,253.8529,257.9849,251.2846,257.7669,16402604,43.72,80.6,23.04,35.93,260
2024-04-26,259.4349,265.1874,256.2317,258.8094,18292897,44.6,80.6,23.04,37.44,260
2024-05-03,259.5107,262.3916,248.8964,256.1842,20652033,42.8,80.6,23.04,34.32,260
2024-05-10,256.8855,260.9796,252.147,260.6195,17024665,46.7,80.6,23.04,41.11,260
2024-05-17,260.9796,262.2685,254.6607,258.1365,14760960,44.86,80.6,23.04,37.9,260
2024-05-24,257.53,257.8948,244.0536,244.6127,15938801,36.41,80.6,23.04,23.23,260
2024-05-31,243.9304,245.6931,236.1307,245.3519,18079212,37.11,80.6,23.04,24.44,260
2024-06-07,246.0137,250.9353,243.5434,244.3732,18716681,36.54,80.6,23.04,23.45,260
2024-06-14,244.1729,244.4686,239.0357,241.8647,14725677,35.05,80.6,23.04,20.86,260
2024-06-21,240.6438,249.3806,237.8301,247.4063,17962394,40.79,80.6,23.04,30.83,260
2024-06-28,247.0343,249.2948,241.1779,243.0665,22559277,37.96,80.6,23.04,25.92,260
2024-07-05,243.0569,243.5434,235.9797,239.4897,12602839,35.76,80.6,23.04,22.09,260
2024-07-12,240.1288,245.0504,232.279,242.1699,22278446,38.63,80.6,23.04,27.08,260
2024-07-19,241.9219,250.2104,238.5455,245.3937,18170530,41.99,80.6,23.04,32.92,260
2024-07-26,246.3666,248.1195,234.7493,240.3577,18721881,38.45,80.6,23.04,26.77,260
2024-08-02,241.8361,264.0215,238.6694,263.907,33491461,56.79,74.87,23.04,65.12,260
2024-08-09,261.3794,265.0325,254.6265,255.5326,19596304,50.98,72.61,23.04,56.35,260
2024-08-16,255.1034,266.5872,253.0718,265.6238,13585265,56.73,72.61,23.04,67.96,260
2024-08-23,269.2864,277.3461,268.7046,276.1443,15545164,61.77,72.61,23.04,78.12,260
2024-08-30,275.8867,278.71,271.6233,275.324,11845693,61.17,71.41,23.04,78.83,260
2024-09-06,274.7278,280.321,272.1854,277.7498,11733987,62.33,71.41,23.04,81.23,260
2024-09-13,278.2487,284.6861,274.2193,284.4847,12933618,65.42,71.41,23.04,87.62,260
2024-09-20,285.3385,287.9192,278.5749,284.7725,15790772,65.55,71.41,23.04,87.89,260
2024-09-27,286.8543,294.491,284.83,291.3538,12080914,68.47,71.41,23.04,93.93,260
2024-10-04,291.4114,293.4645,287.4109,291.421,11910817,68.5,71.41,23.04,93.99,260
2024-10-11,291.421,293.3301,287.8137,292.649,9499447,69.07,71.41,23.04,95.17,260
2024-10-18,292.7545,304.2959,292.1309,303.701,12891275,73.67,73.67,23.04,100.0,260
2024-10-25,304.2479,304.9866,279.0162,280.7239,41470948,55.28,73.67,23.04,63.67,260
2024-11-01,287.0462,290.404,278.0664,283.2183,29038093,56.54,73.67,23.04,66.18,260
2024-11-08,282.7674,289.5714,279.9478,286.8256,16898258,58.38,73.67,23.04,69.81,260
2024-11-15,288.2838,291.469,277.9513,280.7431,13624724,54.22,73.67,23.04,61.58,260
2024-11-22,281.1077,283.4389,271.9456,278.4886,15099120,52.72,73.67,23.04,58.62,260
2024-11-29,279.9132,287.334,279.9132,283.9858,11172356,55.92,73.67,23.04,64.95,260
2024-12-06,283.282,293.2206,280.1838,288.5712,16677587,58.45,73.67,23.04,69.94,260
2024-12-13,287.2248,292.2775,284.8167,286.2741,13540844,56.7,73.67,23.04,66.48,260
2024-12-20,286.8339,291.6019,278.791,282.4906,21393382,53.83,73.67,23.04,60.81,260
2024-12-27,282.0804,286.1578,279.6433,283.3978,7004947,54.42,73.67,23.04,61.99,260
2025-01-03,281.3227,285.4657,278.5333,284.5174,9211041,55.19,73.67,23.04,63.5,260
2025-01-10,283.0697,285.3089,271.97,272.4816,12928602,46.19,73.67,23.04,45.71,260
2025-01-17,273.0896,275.4157,266.9028,271.1689,15217435,45.32,73.67,23.04,44.0,260
2025-01-24,270.9855,276.8635,269.0262,275.5219,12321995,48.76,73.67,23.04,50.8,260
2025-01-31,276.6271,284.2375,275.8597,278.6491,14563844,51.14,73.67,23.04,55.5,260
2025-02-07,277.0276,286.8049,274.2961,284.0542,14837417,55.02,73.67,23.04,63.17,260
2025-02-14,291.7467,300.7422,291.0131,297.8081,21114516,63.07,73.67,23.04,79.07,260
2025-02-21,296.6498,296.6498,287.7701,294.1983,12415619,60.04,73.67,23.04,73.07,260
2025-02-28,294.3816,303.5992,293.1076,297.5957,19753611,61.9,73.67,23.04,76.75,260
2025-03-07,299.1132,313.7334,293.5991,311.9083,21216333,68.54,73.67,23.04,89.87,260
2025-03-14,310.7434,316.7915,287.0753,291.075,20633918,53.83,73.67,27.46,57.07,260
2025-03-21,292.5021,300.6179,291.2691,296.5212,16745883,56.46,73.67,27.46,62.76,260
2025-03-28,297.3561,307.3941,295.1523,298.123,15056996,57.23,73.67,27.46,64.43,260
2025-04-04,296.094,310.3842,290.5605,291.3468,25461973,52.96,73.67,27.46,55.18,260
2025-04-11,284.0561,302.5498,282.0174,300.8509,32043622,57.73,73.67,27.46,65.5,260
2025-04-17,303.3071,308.9086,298.1618,302.2101,12797618,58.38,73.67,27.46,66.91,260
2025-04-25,301.9188,312.384,296.2057,307.4912,14843379,60.89,73.67,27.46,72.36,260
2025-05-02,308.4232,311.6268,301.6082,302.8508,20488817,57.6,73.67,27.46,65.22,260
2025-05-09,303.8604,310.3259,301.6276,304.5206,13001532,58.47,73.67,27.46,67.11,260
2025-05-16,302.8993,309.3551,296.1037,309.3066,15379509,60.94,73.67,27.46,72.47,260
2025-05-23,308.8212,312.3258,303.5012,305.3846,12514325,57.9,73.67,27.46,65.87,260
2025-05-30,305.3263,306.433,300.9868,304.6856,10774515,57.35,73.67,27.46,64.68,260
2025-06-06,303.3643,306.9375,299.5372,300.0742,14114778,53.72,73.67,27.46,56.83,260
2025-06-13,296.5302,297.9947,290.1453,294.7534,17091277,49.81,73.67,27.46,48.36,260
2025-06-20,295.9542,296.7938,278.8007,280.6459,18518282,41.23,73.67,27.46,29.8,260
2025-06-27,281.6808,285.2638,276.7505,284.6389,26670561,44.16,73.67,27.46,36.14,260
2025-07-03,283.9848,292.5469,283.9848,287.109,15876760,45.96,73.67,27.46,40.03,260
2025-07-11,287.1431,295.5637,283.3795,292.8008,19686088,49.95,73.67,27.46,48.67,260
2025-07-18,292.0881,295.6125,287.8412,290.0281,18065807,48.09,73.67,27.46,44.64,260
2025-07-25,291.0434,292.9863,287.4312,291.3949,16004198,49.09,73.67,27.46,46.82,260
2025-08-01,290.0183,298.1907,287.9974,295.7101,16008854,52.25,73.67,27.46,53.65,260
2025-08-08,293.4061,303.0372,291.2973,298.2095,21657520,54.03,73.67,27.46,57.49,260
2025-08-15,298.2583,302.8078,292.7788,301.607,17204399,56.4,73.67,27.46,62.63,260
2025-08-22,301.0602,309.2904,299.2931,306.6251,15126083,59.71,73.67,27.46,69.8,260
2025-08-29,306.2932,308.236,302.0144,306.1077,14951125,59.21,73.67,27.46,68.72,260
2025-09-05,307.3425,313.6013,306.6307,308.6483,11752312,60.94,73.67,27.46,72.46,260
2025-09-12,307.1167,307.9807,299.0564,299.832,13498910,52.61,73.67,27.46,54.44,260
2025-09-19,299.5767,300.9905,292.4491,296.867,20195576,50.13,73.67,27.46,49.07,260
2025-09-26,296.8081,300.745,294.8397,299.6749,13905547,52.42,73.67,27.46,54.02,260
2025-10-03,300.3032,300.5241,292.8614,295.4926,14059073,48.83,73.67,27.46,46.24,260
2025-10-10,293.5879,294.1819,286.7156,291.595,15613739,45.69,73.67,27.46,39.44,260
2025-10-17,289.2289,303.4645,288.6398,302.4729,13100329,54.49,73.67,27.46,58.5,260
2025-10-24,302.3355,307.0873,299.4542,300.2149,11602957,52.58,73.67,27.46,54.37,260
2025-10-31,300.3229,304.9175,291.5851,292.9891,13689547,46.93,73.67,27.46,42.13,260
2025-11-07,292.2429,304.515,289.0669,294.1966,20840075,47.94,73.67,27.46,44.31,260
2025-11-14,293.5487,305.0844,290.6426,301.4323,14805637,53.62,73.67,27.46,56.61,260
2025-11-21,301.5697,304.8734,296.3663,303.71,14772472,55.27,73.67,27.46,60.2,260
2025-11-28,303.3565,307.588,298.487,306.1349,12514775,57.03,73.67,27.46,64.0,260
2025-12-05,305.6992,309.9665,295.9301,307.4279,20068750,57.98,73.67,27.46,66.05,260
2025-12-12,308.1885,313.9077,302.2716,312.8508,18642599,61.79,73.67,27.46,74.3,260
2025-12-19,312.831,317.8589,310.4702,311.9815,20580311,60.84,73.67,27.46,72.24,260
2025-12-26,311.1518,314.3819,306.0845,306.8846,7757724,55.44,73.67,27.46,60.56,260
2026-01-02,306.6673,307.2994,296.6234,299.5552,8855432,48.75,73.67,27.46,46.07,260
2026-01-09,297.5698,305.7388,294.6855,303.5656,18683191,52.15,73.67,27.46,53.44,260
2026-01-16,303.6842,307.3785,300.0886,303.6743,14903834,52.25,73.67,27.46,53.64,260
2026-01-23,302.6964,305.7289,298.7551,305.472,11738107,53.84,73.67,27.46,57.08,260
2026-01-30,306.2129,313.5225,306.1833,311.1518,14236225,58.54,73.67,27.46,67.26,260
2026-02-06,315.1029,324.0523,311.3592,323.1633,18879947,66.34,73.67,27.46,84.15,260
2026-02-13,321.9582,331.5693,316.2389,323.5781,20817848,66.58,73.67,27.46,84.65,260
2026-02-20,325.9686,328.9319,319.8739,325.208,14924369,67.53,73.67,27.46,86.72,260
2026-02-27,326.3933,337.1799,325.9686,336.8934,16070999,73.4,73.67,27.46,99.42,260
2026-03-06,336.8934,337.575,319.1719,325.8668,17578149,62.01,73.67,27.46,74.77,260
2026-03-13,323.6219,329.4825,319.8572,324.2775,13090568,60.55,73.67,27.46,71.62,260
2026-03-20,325.6483,328.2805,305.5635,306.7852,17859633,47.35,73.67,27.46,43.05,260
2026-03-27,311.3743,311.8909,302.7424,303.8549,15835819,45.56,73.67,27.46,39.17,260
2026-04-02,306.6362,309.5963,301.0041,305.0867,13127338,46.48,73.67,27.46,41.15,260
2026-04-10,304.0139,309.0202,301.0737,303.6364,13198157,45.5,73.67,27.46,39.05,260
2026-04-17,302.1862,310.4506,299.5142,309.2784,14558891,49.89,73.67,27.46,48.55,260
2026-04-24,310.0632,310.4406,297.2196,297.3587,14861060,42.17,73.67,27.46,31.82,260
2026-05-01,295.7992,296.5342,284.4491,284.7237,20464500,35.83,73.67,27.46,18.11,260
2026-05-08,284.4058,289.4519,272.9927,273.9065,25223306,31.47,73.67,27.46,8.68,260
2026-05-15,273.986,277.3831,270.1568,274.5422,20961171,32.0,73.67,27.46,9.81,260
2026-05-22,273.976,283.4125,273.3105,280.3829,20223623,36.78,73.67,27.46,20.16,260
2026-05-29,279.1413,281.6544,275.5653,277.3334,17068751,35.38,73.67,27.46,17.13,260
2026-06-05,276.2582,280.7624,271.5722,279.84,22786977,37.48,73.67,27.46,21.69,260
2026-06-12,278.105,287.6628,276.0401,284.81,22020914,41.55,73.67,27.46,30.48,260
2026-06-18,284.23,289.29,277.93,278.61,19960198,38.21,73.67,27.46,23.26,260
2026-06-26,277.0,277.545,264.53,269.76,26995738,34.01,73.67,27.46,14.17,260
2026-07-02,270.19,280.63,265.6,280.63,20052502,42.38,73.67,27.46,32.3,260
2026-07-10,280.06,287.1,272.495,274.6,21754536,39.4,73.67,27.46,25.83,260
2026-07-17,276.015,276.36,264.09,267.71,22648996,36.25,73.67,27.46,19.03,260
2026-07-24,269.75,270.0,260.96,264.76,20566485,34.97,73.67,27.46,16.24,260
2026-07-31,267.5,278.7,265.52,270.64,22802686,39.57,73.67,27.46,26.21,260
2026-08-07,275.71,276.87,264.305,274.48,28826359,42.44,73.67,27.46,32.41,260
2026-08-14,274.14,278.37,268.76,272.83,18883173,41.53,73.67,27.46,30.44,260
2026-08-21,270.22,271.88,265.14,269.0336,20658710,39.43,73.67,27.46,25.9,260
2026-08-28,270.2251,271.4861,258.0121,263.1256,21375612,36.35,73.67,27.46,19.24,260
2026-09-04,263.1256,264.5,255.49,255.69,22865737,32.87,73.67,27.46,11.71,260
2026-09-11,254.39,256.805,252.15,252.53,16960225,31.49,73.67,27.46,8.72,260
