Semana,Open,High,Low,Close,Volume,RSI,RSI_max_5a,RSI_min_5a,Posicion,Semanas_ventana
1983-06-10,0.4708,0.4725,0.4692,0.4725,300000,,,,,0
1983-06-17,0.4741,0.4857,0.4708,0.4824,1040700,,,,,0
1983-06-24,0.4824,0.4824,0.4725,0.4741,1040400,,,,,0
1983-07-01,0.4741,0.4791,0.4708,0.4741,790700,,,,,0
1983-07-08,0.4708,0.4741,0.4641,0.4725,632000,,,,,0
1983-07-15,0.4741,0.484,0.4708,0.4807,582900,,,,,0
1983-07-22,0.4824,0.4973,0.4807,0.494,1066800,,,,,0
1983-07-29,0.494,0.5023,0.4891,0.494,535800,,,,,0
1983-08-05,0.494,0.5006,0.4907,0.4924,397200,,,,,0
1983-08-12,0.4924,0.499,0.4907,0.4973,806800,,,,,0
1983-08-19,0.499,0.5006,0.494,0.4957,814100,,,,,0
1983-08-26,0.4824,0.494,0.4791,0.4824,845100,,,,,0
1983-09-02,0.4807,0.4857,0.4791,0.484,439300,,,,,0
1983-09-09,0.4857,0.4973,0.484,0.494,558100,,,,,0
1983-09-16,0.4973,0.499,0.4924,0.4957,528100,65.27,65.27,65.27,,1
1983-09-23,0.4957,0.5072,0.4957,0.5072,294000,70.15,70.15,65.27,100.0,2
1983-09-30,0.5105,0.5205,0.5056,0.5189,700700,74.11,74.11,65.27,100.0,3
1983-10-07,0.5205,0.5437,0.5189,0.5388,1211800,79.19,79.19,65.27,100.0,4
1983-10-14,0.5388,0.5388,0.5189,0.5205,757300,66.31,79.19,65.27,7.49,5
1983-10-21,0.5238,0.5388,0.5238,0.5371,661600,70.92,79.19,65.27,40.62,6
1983-10-28,0.5355,0.5536,0.5304,0.547,601200,73.29,79.19,65.27,57.6,7
1983-11-04,0.5454,0.5536,0.5437,0.5454,1025500,72.27,79.19,65.27,50.33,8
1983-11-11,0.547,0.5536,0.5421,0.5521,948600,73.89,79.19,65.27,61.96,9
1983-11-18,0.5521,0.5587,0.5503,0.557,1700600,75.05,79.19,65.27,70.29,10
1983-11-25,0.5437,0.5603,0.5437,0.5503,1269300,70.49,79.19,65.27,37.54,11
1983-12-02,0.547,0.5521,0.5421,0.5437,399300,66.17,79.19,65.27,6.44,12
1983-12-09,0.5404,0.5421,0.5322,0.5371,198500,62.06,79.19,62.06,0.0,13
1983-12-16,0.5371,0.5371,0.5288,0.5338,511800,60.06,79.19,60.06,0.0,14
1983-12-23,0.5338,0.5355,0.5205,0.5255,1115100,55.29,79.19,55.29,0.0,15
1983-12-30,0.5255,0.5371,0.5255,0.5338,358000,58.81,79.19,55.29,14.74,16
1984-01-06,0.5355,0.5355,0.5288,0.5355,434000,59.53,79.19,55.29,17.76,17
1984-01-13,0.5322,0.5371,0.5304,0.5355,302100,59.53,79.19,55.29,17.76,18
1984-01-20,0.5338,0.5388,0.5304,0.5322,800600,57.3,79.19,55.29,8.41,19
1984-01-27,0.5304,0.5304,0.5205,0.5304,435200,56.12,79.19,55.29,3.47,20
1984-02-03,0.5304,0.5338,0.5255,0.5304,462900,56.12,79.19,55.29,3.47,21
1984-02-10,0.5304,0.5338,0.5156,0.5172,983800,47.41,79.19,47.41,0.0,22
1984-02-17,0.5156,0.5156,0.4891,0.494,686200,36.68,79.19,36.68,0.0,23
1984-02-24,0.4957,0.4957,0.4741,0.484,382000,33.21,79.19,33.21,0.0,24
1984-03-02,0.484,0.4891,0.4791,0.4891,522400,36.49,79.19,33.21,7.13,25
1984-03-09,0.4907,0.4924,0.4807,0.484,223900,34.66,79.19,33.21,3.14,26
1984-03-16,0.4791,0.4907,0.4758,0.4873,609600,36.9,79.19,33.21,8.02,27
1984-03-23,0.4873,0.4891,0.4708,0.484,238000,35.59,79.19,33.21,5.16,28
1984-03-30,0.4824,0.4957,0.4791,0.4924,205500,41.27,79.19,33.21,17.52,29
1984-04-06,0.4924,0.4924,0.4774,0.4824,423600,37.08,79.19,33.21,8.4,30
1984-04-13,0.4791,0.4973,0.4774,0.4924,342300,43.28,79.19,33.21,21.9,31
1984-04-19,0.4924,0.5023,0.4873,0.5006,236500,47.86,79.19,33.21,31.86,32
1984-04-27,0.5006,0.5123,0.4957,0.5072,515000,51.28,79.19,33.21,39.29,33
1984-05-04,0.5072,0.5123,0.5039,0.5056,510600,50.42,79.19,33.21,37.43,34
1984-05-11,0.5056,0.5156,0.5056,0.5139,711300,54.63,79.19,33.21,46.58,35
1984-05-18,0.5139,0.5189,0.4957,0.499,1706600,46.89,79.19,33.21,29.75,36
1984-05-25,0.4973,0.4973,0.4725,0.4791,978700,38.94,79.19,33.21,12.45,37
1984-06-01,0.4791,0.4824,0.4725,0.4824,422000,40.74,79.19,33.21,16.38,38
1984-06-08,0.4807,0.4857,0.4758,0.4791,460200,39.49,79.19,33.21,13.64,39
1984-06-15,0.4791,0.4807,0.4708,0.4725,473000,37.03,79.19,33.21,8.3,40
1984-06-22,0.4708,0.484,0.4674,0.4791,542500,40.99,79.19,33.21,16.9,41
1984-06-29,0.4791,0.484,0.4774,0.4807,526200,41.93,79.19,33.21,18.96,42
1984-07-06,0.4774,0.4824,0.4741,0.4791,201000,41.22,79.19,33.21,17.41,43
1984-07-13,0.4824,0.4957,0.4791,0.4957,573700,50.6,79.19,33.21,37.81,44
1984-07-20,0.4957,0.5039,0.494,0.5023,515500,53.77,79.19,33.21,44.72,45
1984-07-27,0.499,0.5056,0.4924,0.5006,500500,52.82,79.19,33.21,42.65,46
1984-08-03,0.4973,0.5255,0.4957,0.5189,365800,60.76,79.19,33.21,59.92,47
1984-08-10,0.5156,0.5288,0.5156,0.5205,326100,61.37,79.19,33.21,61.24,48
1984-08-17,0.5205,0.5222,0.5123,0.5172,1307900,59.3,79.19,33.21,56.75,49
1984-08-24,0.5172,0.5205,0.5056,0.5105,2109900,55.3,79.19,33.21,48.04,50
1984-08-31,0.5105,0.5139,0.509,0.5139,610100,56.87,79.19,33.21,51.45,51
1984-09-07,0.5123,0.5189,0.5072,0.5156,392700,57.7,79.19,33.21,53.26,52
1984-09-14,0.5139,0.5271,0.5139,0.5222,506500,60.83,79.19,33.21,60.06,53
1984-09-21,0.5222,0.5437,0.5189,0.5322,1005300,65.0,79.19,33.21,69.15,54
1984-09-28,0.5304,0.5487,0.5304,0.547,716200,70.13,79.19,33.21,80.3,55
1984-10-05,0.5437,0.5603,0.5437,0.557,581800,72.98,79.19,33.21,86.5,56
1984-10-12,0.5636,0.5669,0.5503,0.5554,337500,71.8,79.19,33.21,83.93,57
1984-10-19,0.5554,0.5985,0.5554,0.5918,645700,79.85,79.85,33.21,100.0,58
1984-10-26,0.5918,0.6001,0.5802,0.5852,619700,75.62,79.85,33.21,90.94,59
1984-11-02,0.5835,0.5985,0.5835,0.5985,798600,78.12,79.85,33.21,96.29,60
1984-11-09,0.5985,0.6051,0.5934,0.6001,633700,78.4,79.85,33.21,96.9,61
1984-11-16,0.5967,0.5985,0.5835,0.5868,414500,70.18,79.85,33.21,79.27,62
1984-11-23,0.5852,0.5967,0.5835,0.5967,2099300,72.51,79.85,33.21,84.26,63
1984-11-30,0.5835,0.5852,0.5768,0.5802,551100,63.6,79.85,33.21,65.15,64
1984-12-07,0.5802,0.5835,0.5735,0.5786,204900,62.8,79.85,33.21,63.44,65
1984-12-14,0.5786,0.5802,0.5735,0.5753,472600,61.08,79.85,33.21,59.75,66
1984-12-21,0.5753,0.5852,0.5719,0.5735,618800,60.16,79.85,33.21,57.77,67
1984-12-28,0.5768,0.5868,0.5768,0.5852,254500,64.11,79.85,33.21,66.24,68
1985-01-04,0.5868,0.5967,0.5819,0.5819,350100,62.22,79.85,33.21,62.2,69
1985-01-11,0.5852,0.5868,0.5802,0.5835,656300,62.79,79.85,33.21,63.41,70
1985-01-18,0.5819,0.5951,0.5819,0.5934,580500,66.2,79.85,33.21,70.73,71
1985-01-25,0.5901,0.5934,0.5835,0.5918,437200,65.17,79.85,33.21,68.52,72
1985-02-01,0.5951,0.5951,0.58,0.5835,455950,59.9,79.85,33.21,57.22,73
1985-02-08,0.58,0.5835,0.5702,0.5835,1851000,59.9,79.85,33.21,57.22,74
1985-02-15,0.5835,0.5967,0.5768,0.5933,1170700,63.88,79.85,33.21,65.75,75
1985-02-22,0.5999,0.5999,0.5702,0.5702,1654100,51.06,79.85,33.21,38.26,76
1985-03-01,0.5702,0.5702,0.5503,0.5601,2630100,46.65,79.85,33.21,28.81,77
1985-03-08,0.5636,0.5636,0.5503,0.557,759500,45.32,79.85,33.21,25.96,78
1985-03-15,0.557,0.5601,0.5437,0.5535,1190600,43.86,79.85,33.21,22.83,79
1985-03-22,0.557,0.5768,0.5535,0.5734,973800,53.22,79.85,33.21,42.89,80
1985-03-29,0.5668,0.6264,0.5636,0.6233,1551100,67.73,79.85,33.21,74.02,81
1985-04-04,0.6198,0.6264,0.6132,0.6198,2110600,66.2,79.85,33.21,70.74,82
1985-04-12,0.6198,0.6264,0.6132,0.6166,1336100,64.75,79.85,33.21,67.62,83
1985-04-19,0.6166,0.6331,0.6166,0.6331,867700,68.59,79.85,33.21,75.85,84
1985-04-26,0.6331,0.653,0.6331,0.6498,632500,71.93,79.85,33.21,83.02,85
1985-05-03,0.6463,0.6463,0.6264,0.6432,1151400,68.8,79.85,33.21,76.31,86
1985-05-10,0.6432,0.6564,0.6198,0.6564,701800,71.47,79.85,33.21,82.04,87
1985-05-17,0.6564,0.663,0.653,0.663,1423800,72.73,79.85,33.21,84.74,88
1985-05-24,0.6697,0.6763,0.6463,0.6498,2275200,66.42,79.85,33.21,71.21,89
1985-05-31,0.6463,0.653,0.6365,0.6498,317900,66.42,79.85,33.21,71.21,90
1985-06-07,0.6564,0.6763,0.6463,0.6697,773600,70.83,79.85,33.21,80.65,91
1985-06-14,0.6729,0.6927,0.6697,0.6861,678800,73.88,79.85,33.21,87.19,92
1985-06-21,0.6896,0.6896,0.6729,0.6795,1079300,70.67,79.85,33.21,80.31,93
1985-06-28,0.6763,0.6795,0.6697,0.6795,710900,70.67,79.85,33.21,80.31,94
1985-07-05,0.6795,0.6927,0.6763,0.6896,1030100,72.75,79.85,33.21,84.78,95
1985-07-12,0.6927,0.7293,0.6861,0.7227,1350900,78.24,79.85,33.21,96.54,96
1985-07-19,0.7227,0.7426,0.7193,0.7259,606900,78.68,79.85,33.21,97.49,97
1985-07-26,0.7227,0.7259,0.6365,0.6397,1126300,49.35,79.85,33.21,34.6,98
1985-08-02,0.6397,0.6596,0.6198,0.653,929700,52.29,79.85,33.21,40.91,99
1985-08-09,0.6498,0.663,0.6264,0.6596,953400,53.74,79.85,33.21,44.02,100
1985-08-16,0.663,0.6795,0.6596,0.6697,744200,55.93,79.85,33.21,48.72,101
1985-08-23,0.6729,0.6763,0.6498,0.6596,2573900,53.22,79.85,33.21,42.9,102
1985-08-30,0.6463,0.653,0.6397,0.6463,1134100,49.8,79.85,33.21,35.55,103
1985-09-06,0.6463,0.6564,0.6397,0.6397,1090500,48.13,79.85,33.21,31.98,104
1985-09-13,0.6397,0.6498,0.5999,0.6233,768700,44.18,79.85,33.21,23.51,105
1985-09-20,0.6233,0.6432,0.6233,0.6233,560900,44.18,79.85,33.21,23.51,106
1985-09-26,0.6299,0.6331,0.6034,0.6066,705600,40.28,79.85,33.21,15.15,107
1985-10-04,0.6066,0.6365,0.6034,0.6299,831100,47.28,79.85,33.21,30.15,108
1985-10-11,0.6299,0.6432,0.6264,0.6432,832300,50.8,79.85,33.21,37.71,109
1985-10-18,0.6397,0.653,0.6365,0.6463,523900,51.64,79.85,33.21,39.51,110
1985-10-25,0.653,0.6829,0.6463,0.6662,706600,56.6,79.85,33.21,50.15,111
1985-11-01,0.663,0.663,0.6463,0.6596,2126100,54.59,79.85,33.21,45.84,112
1985-11-08,0.6564,0.6763,0.653,0.6763,1290000,58.59,79.85,33.21,54.4,113
1985-11-15,0.6729,0.6962,0.6596,0.6896,1508300,61.48,79.85,33.21,60.61,114
1985-11-22,0.6927,0.6994,0.6763,0.6763,1076800,57.18,79.85,33.21,51.38,115
1985-11-29,0.6763,0.6763,0.6662,0.6662,277300,54.08,79.85,33.21,44.73,116
1985-12-06,0.6697,0.6795,0.6564,0.6729,1294400,55.77,79.85,33.21,48.38,117
1985-12-13,0.6697,0.6994,0.6697,0.6994,1065500,61.85,79.85,33.21,61.41,118
1985-12-20,0.7028,0.7691,0.7028,0.7691,2064500,72.54,79.85,33.21,84.33,119
1985-12-27,0.7625,0.7625,0.7426,0.7492,346500,66.79,79.85,33.21,72.0,120
1986-01-03,0.7492,0.7524,0.7426,0.7458,430200,65.82,79.85,33.21,69.92,121
1986-01-10,0.7458,0.7591,0.7161,0.7227,1672500,59.56,79.85,33.21,56.5,122
1986-01-17,0.7161,0.7293,0.7095,0.7161,872500,57.86,79.85,33.21,52.85,123
1986-01-24,0.7095,0.7259,0.6994,0.7227,534200,59.12,79.85,33.21,55.55,124
1986-01-31,0.7325,0.7758,0.7325,0.7657,889200,66.17,79.85,33.21,70.66,125
1986-02-07,0.7657,0.7691,0.7524,0.7657,1350300,66.17,79.85,33.21,70.66,126
1986-02-14,0.7657,0.7988,0.7657,0.7957,946700,70.31,79.85,33.21,79.54,127
1986-02-21,0.7922,0.8288,0.789,0.8222,1858100,73.41,79.85,33.21,86.19,128
1986-02-28,0.8055,0.8155,0.7856,0.8055,1139600,68.55,79.85,33.21,75.77,129
1986-03-07,0.8089,0.8089,0.7657,0.7824,1049400,62.41,79.85,33.21,62.6,130
1986-03-14,0.7758,0.7922,0.7723,0.7922,1395000,63.89,79.85,33.21,65.78,131
1986-03-21,0.789,0.7922,0.7657,0.7824,1201600,61.29,79.85,33.21,60.2,132
1986-03-27,0.7824,0.8121,0.7824,0.8089,2103100,65.39,79.85,33.21,69.0,133
1986-04-04,0.8089,0.8222,0.8023,0.8121,1265000,65.86,79.85,33.21,70.0,134
1986-04-11,0.8121,0.8354,0.7957,0.832,2435800,68.7,79.85,33.21,76.1,135
1986-04-18,0.8254,0.8986,0.8254,0.8986,1430800,75.93,79.85,33.21,91.6,136
1986-04-25,0.9017,0.9118,0.872,0.8787,1589200,70.68,79.85,33.21,80.34,137
1986-05-02,0.872,0.8787,0.832,0.8386,1442000,61.46,79.85,33.21,60.57,138
1986-05-09,0.8386,0.8588,0.8222,0.8452,1255300,62.34,79.85,33.21,62.44,139
1986-05-16,0.8421,0.8421,0.8121,0.8187,719900,56.78,79.85,33.21,50.52,140
1986-05-23,0.8121,0.8288,0.7988,0.8121,1615100,55.44,79.85,33.21,47.67,141
1986-05-30,0.8121,0.8222,0.7988,0.8222,862100,57.09,79.85,33.21,51.2,142
1986-06-06,0.8155,0.8187,0.7957,0.8023,868500,52.93,79.85,33.21,42.28,143
1986-06-13,0.8023,0.8155,0.7723,0.8155,1401100,55.27,79.85,33.21,47.3,144
1986-06-20,0.8155,0.8487,0.8155,0.8354,1129700,58.6,79.85,33.21,54.43,145
1986-06-27,0.8354,0.8452,0.8222,0.8386,2251500,59.12,79.85,33.21,55.55,146
1986-07-03,0.8386,0.862,0.832,0.862,950100,62.83,79.85,33.21,63.51,147
1986-07-11,0.8588,0.872,0.8288,0.862,1738300,62.83,79.85,33.21,63.51,148
1986-07-18,0.8686,0.8986,0.862,0.872,2106200,64.45,79.85,33.21,66.97,149
1986-07-25,0.8686,0.9482,0.8686,0.9415,3615600,73.13,79.85,33.21,85.58,150
1986-08-01,0.9317,0.945,0.8951,0.9283,1368500,69.63,79.85,33.21,78.09,151
1986-08-08,0.9184,0.9349,0.9084,0.9283,1184400,69.63,79.85,33.21,78.09,152
1986-08-15,0.9349,0.9946,0.9349,0.9914,2393300,75.97,79.85,33.21,91.68,153
1986-08-22,0.9848,1.0078,0.968,0.9747,2193600,71.7,79.85,33.21,82.53,154
1986-08-29,0.9317,0.9548,0.9216,0.9383,1950700,63.37,79.85,33.21,64.66,155
1986-09-05,0.9349,0.9415,0.8951,0.9052,1022300,56.88,79.85,33.21,50.74,156
1986-09-12,0.9017,0.9118,0.7591,0.8055,2188000,42.7,79.85,33.21,20.34,157
1986-09-19,0.8121,0.8421,0.8055,0.8254,1048600,45.61,79.85,33.21,26.58,158
1986-09-26,0.8155,0.8452,0.8121,0.8288,712400,46.12,79.85,33.21,27.68,159
1986-10-03,0.8222,0.8354,0.7957,0.8222,1556200,45.24,79.85,33.21,25.79,160
1986-10-10,0.8222,0.8421,0.8187,0.8288,1079200,46.35,79.85,33.21,28.16,161
1986-10-17,0.8288,0.8553,0.8089,0.8421,1558600,48.58,79.85,33.21,32.94,162
1986-10-24,0.8452,0.9317,0.8288,0.9084,4070400,57.98,79.85,33.21,53.11,163
1986-10-31,0.9017,0.9548,0.8853,0.9548,4914800,63.08,79.85,33.21,64.03,164
1986-11-07,0.9614,0.9747,0.9216,0.9283,2823400,58.7,79.85,33.21,54.65,165
1986-11-14,0.9283,0.9283,0.9017,0.9084,1532900,55.58,79.85,33.21,47.96,166
1986-11-21,0.9017,0.9017,0.8421,0.8686,3481300,49.88,79.85,33.21,35.74,167
1986-11-28,0.862,0.872,0.8487,0.8588,1249400,48.56,79.85,33.21,32.9,168
1986-12-05,0.8553,0.8818,0.8386,0.8654,1693100,49.53,79.85,33.21,34.99,169
1986-12-12,0.8686,0.8787,0.8386,0.8521,1010500,47.59,79.85,33.21,30.82,170
1986-12-19,0.8452,0.8487,0.8288,0.8354,1382600,45.19,79.85,33.21,25.67,171
1986-12-26,0.8254,0.8588,0.8254,0.8487,1121200,47.45,79.85,33.21,30.53,172
1987-01-02,0.8487,0.8553,0.8254,0.8487,1599900,47.45,79.85,33.21,30.53,173
1987-01-09,0.8553,0.8885,0.8452,0.8752,1726000,52.06,79.85,33.21,40.4,174
1987-01-16,0.8686,0.8853,0.8553,0.8818,2198900,53.16,79.85,33.21,42.77,175
1987-01-23,0.8818,0.9251,0.8686,0.8986,1880000,55.92,79.85,33.21,48.68,176
1987-01-30,0.9017,0.9184,0.8919,0.9017,1547700,56.44,79.85,33.21,49.8,177
1987-02-06,0.9017,0.9216,0.8986,0.9118,1922200,58.14,79.85,33.21,53.45,178
1987-02-13,0.9084,0.9118,0.8752,0.8787,2225900,51.07,79.85,33.21,38.29,179
1987-02-20,0.872,0.8986,0.872,0.8951,2560200,54.06,79.85,33.21,44.69,180
1987-02-27,0.8951,0.8951,0.872,0.8787,1522800,50.73,79.85,33.21,37.55,181
1987-03-06,0.8521,0.8787,0.8421,0.8487,3424100,45.25,79.85,33.21,25.81,182
1987-03-13,0.8487,0.8588,0.8386,0.8487,1163900,45.25,79.85,33.21,25.81,183
1987-03-20,0.8487,0.8588,0.8288,0.8588,1923400,47.46,79.85,33.21,30.55,184
1987-03-27,0.8521,0.872,0.8521,0.8588,1847200,47.46,79.85,33.21,30.55,185
1987-04-03,0.8487,0.8521,0.8187,0.832,1919100,42.21,79.85,33.21,19.28,186
1987-04-10,0.8354,0.8354,0.7789,0.7856,1490900,34.98,79.85,33.21,3.79,187
1987-04-16,0.7922,0.8288,0.7559,0.8121,1347200,41.18,79.85,33.21,17.08,188
1987-04-24,0.8187,0.8386,0.7856,0.789,2113800,37.8,79.85,33.21,9.84,189
1987-05-01,0.789,0.8055,0.7625,0.7856,2173100,37.31,79.85,33.21,8.78,190
1987-05-08,0.7856,0.8155,0.7824,0.8089,1282900,42.75,79.85,33.21,20.44,191
1987-05-15,0.8089,0.8386,0.7957,0.7957,1810100,40.59,79.85,33.21,15.82,192
1987-05-22,0.7988,0.8055,0.7559,0.7657,2756500,36.16,79.85,33.21,6.31,193
1987-05-29,0.7691,0.7922,0.7657,0.7824,1871200,40.09,79.85,33.21,14.74,194
1987-06-05,0.7856,0.8089,0.7758,0.8089,1013900,45.79,79.85,33.21,26.97,195
1987-06-12,0.8055,0.8254,0.8023,0.8254,937200,49.03,79.85,33.21,33.91,196
1987-06-19,0.8254,0.832,0.8155,0.8288,1414100,49.71,79.85,33.21,35.37,197
1987-06-26,0.8288,0.8487,0.8222,0.8421,1466200,52.34,79.85,33.21,41.0,198
1987-07-02,0.8452,0.8452,0.8254,0.832,759200,50.19,79.85,33.21,36.4,199
1987-07-10,0.8288,0.8354,0.8222,0.832,1126200,50.19,79.85,33.21,36.4,200
1987-07-17,0.832,0.832,0.8055,0.8187,817000,47.23,79.85,33.21,30.06,201
1987-07-24,0.8121,0.8187,0.7957,0.8055,761800,44.42,79.85,33.21,24.02,202
1987-07-31,0.8089,0.8254,0.8023,0.8121,1242300,46.15,79.85,33.21,27.73,203
1987-08-07,0.8121,0.832,0.7988,0.8288,1449300,50.34,79.85,33.21,36.72,204
1987-08-14,0.8288,0.8919,0.8222,0.8885,3338500,61.79,79.85,33.21,61.27,205
1987-08-21,0.8885,0.9017,0.862,0.8919,2174000,62.33,79.85,33.21,62.43,206
1987-08-28,0.8885,0.8919,0.8487,0.8521,7724000,53.01,79.85,33.21,42.45,207
1987-09-04,0.8487,0.8686,0.8254,0.8254,1260500,47.83,79.85,33.21,31.34,208
1987-09-11,0.8222,0.8254,0.7988,0.8254,583200,47.83,79.85,33.21,31.34,209
1987-09-18,0.8254,0.8288,0.7988,0.8121,1291300,45.29,79.85,33.21,25.89,210
1987-09-25,0.8187,0.8254,0.7988,0.8121,1123700,45.29,79.85,33.21,25.89,211
1987-10-02,0.8121,0.8452,0.8089,0.8386,1525300,51.29,79.85,33.21,38.76,212
1987-10-09,0.8386,0.8421,0.8121,0.8254,1299500,48.43,79.85,33.21,32.63,213
1987-10-16,0.8288,0.872,0.8155,0.8421,1842200,52.06,79.85,33.21,40.41,214
1987-10-23,0.8288,0.8386,0.6463,0.8155,2765000,46.47,79.85,33.21,28.42,215
1987-10-30,0.789,0.8155,0.7657,0.8023,1963900,43.93,79.85,33.21,22.97,216
1987-11-06,0.7957,0.8288,0.7922,0.8222,1124500,48.48,79.85,33.21,32.73,217
1987-11-13,0.8121,0.8288,0.7922,0.8121,1728900,46.42,79.85,33.21,28.32,218
1987-11-20,0.8155,0.8222,0.7988,0.8055,1568200,45.07,79.85,33.21,25.42,219
1987-11-27,0.8031,0.8131,0.7828,0.7896,3727100,41.92,79.85,33.21,18.66,220
1987-12-04,0.7693,0.8031,0.7388,0.7693,959600,38.24,79.85,33.21,10.78,221
1987-12-11,0.7693,0.7726,0.7491,0.7591,932000,36.5,79.85,33.21,7.04,222
1987-12-18,0.7658,0.7928,0.7558,0.7693,1490500,39.47,79.85,33.21,13.42,223
1987-12-24,0.7626,0.7828,0.7591,0.7726,847300,40.42,79.85,33.21,15.45,224
1987-12-31,0.7761,0.7761,0.7558,0.7726,1318300,40.42,79.85,33.21,15.45,225
1988-01-08,0.7693,0.8098,0.7693,0.7963,1071700,47.43,79.85,33.21,30.48,226
1988-01-15,0.7896,0.8063,0.7658,0.7996,972900,48.32,79.85,33.21,32.4,227
1988-01-22,0.8031,0.8166,0.7861,0.8131,968700,51.98,79.85,33.21,40.25,228
1988-01-29,0.8131,0.8603,0.8131,0.8603,1398600,62.1,79.85,33.21,61.94,229
1988-02-05,0.8741,0.8773,0.8401,0.8503,1323700,59.26,79.85,33.21,55.84,230
1988-02-12,0.8436,0.8503,0.8333,0.8401,1337800,56.4,79.85,33.21,49.72,231
1988-02-19,0.8401,0.8436,0.8233,0.8401,600400,56.4,79.85,33.21,49.72,232
1988-02-26,0.8333,0.8706,0.8333,0.8503,21301300,58.71,79.85,33.21,54.67,233
1988-03-04,0.8476,0.8512,0.8237,0.8339,6448900,53.8,79.85,33.21,44.14,234
1988-03-11,0.8339,0.8375,0.7963,0.8031,1853300,46.03,79.85,33.21,27.49,235
1988-03-18,0.8031,0.8237,0.7996,0.8202,1554200,50.31,79.85,33.21,36.66,236
1988-03-25,0.8169,0.8202,0.7858,0.7894,674200,43.59,79.85,33.21,22.25,237
1988-03-31,0.7894,0.8031,0.7858,0.7963,965100,45.35,79.85,33.21,26.01,238
1988-04-08,0.7927,0.8202,0.7858,0.8133,767800,49.54,79.85,33.21,35.0,239
1988-04-15,0.8237,0.8237,0.7825,0.7894,901700,44.39,79.85,33.21,23.97,240
1988-04-22,0.7858,0.7858,0.762,0.7757,1036500,41.71,79.85,33.21,18.22,241
1988-04-29,0.7757,0.7996,0.7688,0.7894,1498200,45.27,79.85,33.21,25.85,242
1988-05-06,0.7996,0.8133,0.7858,0.7894,755800,45.27,79.85,33.21,25.85,243
1988-05-13,0.7894,0.8169,0.7894,0.8133,994800,51.28,79.85,33.21,38.73,244
1988-05-20,0.8133,0.8169,0.7996,0.8064,1607400,49.59,79.85,33.21,35.12,245
1988-05-27,0.8046,0.8256,0.7976,0.822,2162600,53.33,79.85,33.21,43.14,246
1988-06-03,0.8256,0.878,0.822,0.871,1085400,62.71,79.85,33.21,63.25,247
1988-06-10,0.8676,0.8746,0.85,0.8536,1191900,58.25,79.85,33.21,53.68,248
1988-06-17,0.8606,0.878,0.843,0.864,2329100,60.07,79.85,33.21,57.6,249
1988-06-24,0.864,0.878,0.8536,0.8676,1331900,60.73,79.85,33.21,58.99,250
1988-07-01,0.871,0.871,0.8396,0.8536,1076100,56.89,79.85,33.21,50.76,251
1988-07-08,0.8536,0.8606,0.843,0.843,620800,54.09,79.85,33.21,44.76,252
1988-07-15,0.8466,0.8536,0.836,0.843,851100,54.09,79.85,33.21,44.76,253
1988-07-22,0.843,0.843,0.8186,0.8186,855600,47.84,79.85,33.21,31.36,254
1988-07-29,0.8256,0.85,0.8186,0.85,1039600,55.04,79.85,33.21,46.8,255
1988-08-05,0.85,0.857,0.8396,0.8466,464400,54.18,79.85,33.21,44.95,256
1988-08-12,0.843,0.8466,0.8256,0.836,664700,51.43,79.85,33.21,39.05,257
1988-08-19,0.8326,0.8396,0.815,0.8396,20013000,52.32,79.85,33.21,40.96,258
1988-08-26,0.8374,0.8554,0.834,0.8516,1767400,55.24,79.85,33.21,47.23,259
1988-09-02,0.8482,0.8659,0.8411,0.8659,982300,58.49,79.85,33.21,54.2,260
1988-09-09,0.8588,0.873,0.8588,0.8659,447600,58.49,79.85,33.21,54.2,260
1988-09-16,0.8625,0.8873,0.8516,0.8873,1206400,63.15,79.85,33.21,64.18,260
1988-09-23,0.8873,0.8873,0.8659,0.8696,768000,57.41,79.85,33.21,51.89,260
1988-09-30,0.8696,0.8944,0.8625,0.891,732900,61.92,79.85,33.21,61.55,260
1988-10-07,0.8839,0.9087,0.8659,0.9052,841800,64.61,79.85,33.21,67.31,260
1988-10-14,0.9015,0.9087,0.891,0.9015,680900,63.35,79.85,33.21,64.63,260
1988-10-21,0.9052,0.9087,0.8839,0.8981,770300,62.16,79.85,33.21,62.06,260
1988-10-28,0.8981,0.9052,0.8873,0.8981,554800,62.16,79.85,33.21,62.06,260
1988-11-04,0.9015,0.9124,0.8944,0.8981,559700,62.16,79.85,33.21,62.06,260
1988-11-11,0.8944,0.8981,0.8696,0.8696,1185900,51.94,79.85,33.21,40.15,260
1988-11-18,0.873,0.8839,0.8696,0.8839,3561400,55.85,79.85,33.21,48.53,260
1988-11-25,0.8817,0.8927,0.871,0.8855,2445900,56.28,79.85,33.21,49.47,260
1988-12-02,0.8855,0.9073,0.8782,0.8927,617300,58.27,79.85,33.21,53.72,260
1988-12-09,0.9,0.9218,0.8927,0.918,913900,64.33,79.85,33.21,66.73,260
1988-12-16,0.9218,0.929,0.9107,0.918,1532500,64.33,79.85,33.21,66.73,260
1988-12-23,0.9145,0.9253,0.9107,0.9107,809500,61.36,79.85,33.21,60.35,260
1988-12-30,0.9035,0.9218,0.9,0.9035,532800,58.45,79.85,33.21,54.12,260
1989-01-06,0.9073,0.9107,0.889,0.8962,801000,55.61,79.85,33.21,48.03,260
1989-01-13,0.8962,0.9145,0.8927,0.9073,787100,58.88,79.85,33.21,55.04,260
1989-01-20,0.9035,0.9145,0.8927,0.9107,971100,59.89,79.85,33.21,57.19,260
1989-01-27,0.9073,0.918,0.9,0.9073,836600,58.35,79.85,33.21,53.9,260
1989-02-03,0.9,0.918,0.8962,0.9145,757300,60.62,79.85,33.21,58.76,260
1989-02-10,0.9145,0.918,0.9,0.9,713900,54.26,79.85,33.21,45.13,260
1989-02-17,0.8962,0.916,0.8927,0.9122,9103300,58.22,79.85,34.66,52.14,260
1989-02-24,0.9087,0.9087,0.8826,0.8865,3167200,48.65,79.85,34.66,30.96,260
1989-03-03,0.8865,0.89,0.8753,0.8865,1419800,48.65,79.85,34.98,30.47,260
1989-03-10,0.89,0.8939,0.8679,0.8753,1253800,44.91,79.85,34.98,22.13,260
1989-03-17,0.8791,0.8939,0.8643,0.8679,1913100,42.59,79.85,34.98,16.96,260
1989-03-23,0.8679,0.8717,0.8569,0.8605,1116800,40.35,79.85,34.98,11.96,260
1989-03-31,0.8679,0.8791,0.8643,0.8791,769500,47.81,79.85,34.98,28.59,260
1989-04-07,0.8717,0.8791,0.8569,0.8717,1002800,45.38,79.85,34.98,23.19,260
1989-04-14,0.8679,0.8865,0.8679,0.8791,709000,48.22,79.85,34.98,29.49,260
1989-04-21,0.8826,0.9048,0.8791,0.9048,1205200,56.64,79.85,34.98,48.26,260
1989-04-28,0.9013,0.9087,0.8791,0.9048,1635100,56.64,79.85,34.98,48.26,260
1989-05-05,0.9048,0.9122,0.9013,0.9013,793100,55.2,79.85,34.98,45.06,260
1989-05-12,0.9087,0.9308,0.8974,0.9234,888700,61.73,79.85,34.98,59.62,260
1989-05-19,0.9234,0.9555,0.9196,0.9479,2000000,67.39,79.85,34.98,72.23,260
1989-05-26,0.9555,0.963,0.9329,0.9365,708000,62.73,79.85,34.98,61.84,260
1989-06-02,0.9329,0.944,0.9139,0.9329,1301600,61.29,79.85,34.98,58.63,260
1989-06-09,0.9254,0.944,0.9178,0.944,2143600,64.03,79.85,34.98,64.75,260
1989-06-16,0.9404,0.944,0.9329,0.9329,1823800,59.49,79.85,34.98,54.62,260
1989-06-23,0.9365,0.9404,0.9254,0.929,2030500,57.93,79.85,34.98,51.15,260
1989-06-30,0.929,0.9404,0.9214,0.929,2149200,57.93,79.85,34.98,51.15,260
1989-07-07,0.929,0.9515,0.9254,0.944,799600,62.33,79.85,34.98,60.95,260
1989-07-14,0.9479,0.9819,0.944,0.9555,1674400,65.29,79.85,34.98,67.56,260
1989-07-21,0.9555,0.9669,0.9479,0.9669,1043500,68.01,79.85,34.98,73.61,260
1989-07-28,0.9705,0.9855,0.9669,0.9855,1356000,71.87,79.85,34.98,82.22,260
1989-08-04,0.9855,1.0006,0.978,0.978,1701600,68.29,79.85,34.98,74.24,260
1989-08-11,0.9855,0.9931,0.978,0.9819,2239800,69.15,79.85,34.98,76.15,260
1989-08-18,0.9855,0.9895,0.9705,0.9819,1025800,69.15,79.85,34.98,76.15,260
1989-08-25,0.978,0.9855,0.9479,0.9705,778700,63.32,79.85,34.98,63.16,260
1989-09-01,0.9649,0.9763,0.9533,0.9726,1719100,63.93,79.85,34.98,64.51,260
1989-09-08,0.9686,0.9726,0.9456,0.9573,630200,56.63,79.85,34.98,48.26,260
1989-09-15,0.9573,0.9686,0.9496,0.961,1166000,57.88,79.85,34.98,51.02,260
1989-09-22,0.961,0.9996,0.961,0.9879,1057500,65.65,79.85,34.98,68.34,260
1989-09-29,0.9879,0.9879,0.961,0.9686,493400,57.47,79.85,34.98,50.13,260
1989-10-06,0.9726,0.9879,0.9686,0.9763,979400,59.62,79.85,34.98,54.91,260
1989-10-13,0.9763,0.9956,0.9726,0.9879,1313400,62.71,78.68,34.98,63.44,260
1989-10-20,0.9649,1.0186,0.9649,1.0032,1421300,66.35,78.68,34.98,71.78,260
1989-10-27,1.0032,1.0186,0.9996,1.0109,886400,68.03,78.68,34.98,75.63,260
1989-11-03,1.0109,1.0455,1.0109,1.0302,778200,71.85,78.68,34.98,84.36,260
1989-11-10,1.0225,1.0568,1.0072,1.0492,1454900,75.01,78.68,34.98,91.6,260
1989-11-17,1.0415,1.0608,1.0415,1.0415,973300,71.52,78.68,34.98,83.62,260
1989-11-24,1.0455,1.0455,1.0186,1.0379,1010500,69.84,78.68,34.98,79.77,260
1989-12-01,1.0379,1.0554,1.0302,1.0554,2633300,73.1,78.68,34.98,87.22,260
1989-12-08,1.0554,1.0632,1.0436,1.0592,833700,73.74,78.68,34.98,88.71,260
1989-12-15,1.0554,1.0903,1.0477,1.0903,1139900,78.41,78.68,34.98,99.39,260
1989-12-22,1.0903,1.1449,1.0866,1.1371,1504300,83.23,83.23,34.98,100.0,260
1989-12-29,1.1371,1.1449,1.0903,1.1333,793300,81.66,83.23,34.98,96.75,260
1990-01-05,1.1371,1.1371,1.067,1.0788,1495900,63.0,83.23,34.98,58.06,260
1990-01-12,1.0748,1.0748,1.0321,1.0399,2729500,53.58,83.23,34.98,38.54,260
1990-01-19,1.0477,1.0788,1.0399,1.071,2067900,58.87,83.23,34.98,49.52,260
1990-01-26,1.0748,1.0748,1.0477,1.0554,1022400,55.47,83.23,34.98,42.46,260
1990-02-02,1.0554,1.0632,1.028,1.0514,781600,54.58,83.23,34.98,40.62,260
1990-02-09,1.0514,1.0748,1.0436,1.0554,774100,55.35,83.23,34.98,42.21,260
1990-02-16,1.0554,1.071,1.0399,1.0632,586700,56.86,83.23,34.98,45.34,260
1990-02-23,1.0554,1.0554,1.0223,1.0302,1988600,49.26,83.23,34.98,29.59,260
1990-03-02,1.0302,1.0619,1.0223,1.0581,1215400,54.76,83.23,34.98,40.99,260
1990-03-09,1.054,1.054,1.0381,1.0461,805000,52.13,83.23,34.98,35.54,260
1990-03-16,1.0423,1.0581,1.0423,1.0461,960900,52.13,83.23,34.98,35.54,260
1990-03-23,1.0461,1.0461,1.0106,1.0223,598600,46.97,83.23,34.98,24.85,260
1990-03-30,1.0264,1.0343,1.0064,1.0185,1185200,46.18,83.23,34.98,23.21,260
1990-04-06,1.0185,1.0343,1.0064,1.0185,869800,46.18,83.23,34.98,23.21,260
1990-04-12,1.0185,1.0302,1.0026,1.0185,478500,46.18,83.23,34.98,23.21,260
1990-04-20,1.0264,1.0302,0.9709,0.9747,821700,37.22,83.23,34.98,4.63,260
1990-04-27,0.9747,0.9868,0.943,0.9472,484500,32.88,83.23,32.88,0.0,260
1990-05-04,0.9472,0.9709,0.9351,0.9551,963000,35.22,83.23,32.88,4.64,260
1990-05-11,0.951,1.0185,0.951,1.0185,847400,50.15,83.23,32.88,34.31,260
1990-05-18,1.0185,1.0302,1.0064,1.0223,1018000,50.89,83.23,32.88,35.76,260
1990-05-25,1.0185,1.0223,0.9985,1.0012,1321800,46.79,83.23,32.88,27.62,260
1990-06-01,1.0054,1.0254,1.0012,1.0216,706100,50.9,83.23,32.88,35.79,260
1990-06-08,1.0174,1.0458,1.0093,1.0135,1392100,49.27,83.23,32.88,32.55,260
1990-06-15,1.0174,1.0335,1.0093,1.0254,1051300,51.73,83.23,32.88,37.44,260
1990-06-22,1.0254,1.0254,0.9893,0.9893,953800,44.67,83.23,32.88,23.42,260
1990-06-29,0.9893,0.9931,0.9731,0.9893,790700,44.67,83.23,32.88,23.42,260
1990-07-06,0.9893,0.9931,0.965,0.9689,1314100,41.02,83.23,32.88,16.16,260
1990-07-13,0.9689,0.9731,0.9447,0.9608,1541700,39.64,83.23,32.88,13.41,260
1990-07-20,0.965,0.9689,0.9528,0.957,1034500,38.96,83.23,32.88,12.06,260
1990-07-27,0.957,0.965,0.9447,0.965,898600,41.22,83.23,32.88,16.56,260
1990-08-03,0.965,1.0093,0.957,0.9689,1287700,42.32,83.23,32.88,18.75,260
1990-08-10,0.9608,0.965,0.9489,0.9489,1088300,38.32,83.23,32.88,10.79,260
1990-08-17,0.9489,0.965,0.9408,0.9489,594700,38.32,83.23,32.88,10.79,260
1990-08-24,0.9489,0.9489,0.8559,0.8962,1380800,29.73,83.23,29.73,0.0,260
1990-08-31,0.9156,0.9238,0.8826,0.8991,1113000,30.63,83.23,29.73,1.67,260
1990-09-07,0.8951,0.9116,0.8908,0.9034,551900,32.05,83.23,29.73,4.33,260
1990-09-14,0.9073,0.9116,0.8621,0.8786,715900,28.43,83.23,28.43,0.0,260
1990-09-21,0.8826,0.9156,0.8786,0.9116,1006500,38.41,83.23,28.43,18.21,260
1990-09-28,0.9073,0.9156,0.8951,0.9116,895600,38.41,83.23,28.43,18.21,260
1990-10-05,0.9156,0.9693,0.9073,0.9651,737000,51.19,83.23,28.43,41.54,260
1990-10-12,0.9651,0.9815,0.9321,0.9486,1302900,47.89,83.23,28.43,35.51,260
1990-10-19,0.9486,0.9568,0.9363,0.9446,902700,47.1,83.23,28.43,34.07,260
1990-10-26,0.9446,0.9568,0.8951,0.9156,2100800,41.7,83.23,28.43,24.21,260
1990-11-02,0.9199,0.9486,0.9156,0.9486,1355200,48.88,83.23,28.43,37.31,260
1990-11-09,0.9486,0.9486,0.8991,0.9238,1266800,44.46,83.23,28.43,29.24,260
1990-11-16,0.9238,0.9363,0.8908,0.9034,1633300,41.14,83.23,28.43,23.2,260
1990-11-23,0.9073,0.9156,0.8908,0.9073,880300,42.04,83.23,28.43,24.84,260
1990-11-30,0.9034,0.9199,0.9034,0.9156,4169300,43.97,83.23,28.43,28.35,260
1990-12-07,0.9182,0.9815,0.9098,0.9603,3071000,53.06,83.23,28.43,44.95,260
1990-12-14,0.9687,0.9815,0.9478,0.9771,1713800,55.96,83.23,28.43,50.24,260
1990-12-21,0.9687,1.0108,0.9603,0.994,2579700,58.71,83.23,28.43,55.25,260
1990-12-28,0.9856,1.0068,0.9815,0.9815,821200,55.93,83.23,28.43,50.17,260
1991-01-04,0.9856,0.99,0.9731,0.9856,1101900,56.65,83.23,28.43,51.48,260
1991-01-11,0.9856,0.9856,0.9563,0.9687,1221000,52.79,83.23,28.43,44.45,260
1991-01-18,0.9647,0.9771,0.9478,0.9687,1448800,52.79,83.23,28.43,44.45,260
1991-01-25,0.9687,0.9815,0.9603,0.9731,1389300,53.74,83.23,28.43,46.18,260
1991-02-01,0.9731,0.9771,0.9647,0.9647,1857800,51.59,83.23,28.43,42.26,260
1991-02-08,0.9647,1.0108,0.9647,1.0108,3500200,60.83,83.23,28.43,59.12,260
1991-02-15,1.0108,1.0614,1.0068,1.053,2381000,67.02,83.23,28.43,70.41,260
1991-02-22,1.0489,1.0489,1.0277,1.0351,2192500,62.51,83.23,28.43,62.18,260
1991-03-01,1.0351,1.0351,1.0049,1.0306,2831300,61.4,83.23,28.43,60.15,260
1991-03-08,1.0306,1.0351,0.9922,0.9963,1665200,53.51,83.23,28.43,45.76,260
1991-03-15,0.9922,1.0437,0.9922,1.0392,1734400,60.36,83.23,28.43,58.27,260
1991-03-22,1.0351,1.0351,1.0135,1.0265,1875500,57.65,83.23,28.43,53.33,260
1991-03-28,1.0306,1.0437,1.0265,1.0392,995800,59.61,83.23,28.43,56.89,260
1991-04-05,1.0392,1.0523,1.022,1.0478,1703900,60.92,83.23,28.43,59.28,260
1991-04-12,1.0523,1.0564,1.022,1.0478,1766600,60.92,83.23,28.43,59.28,260
1991-04-19,1.0478,1.0564,1.022,1.0265,2085700,55.72,83.23,28.43,49.79,260
1991-04-26,1.0306,1.0351,1.022,1.0265,1327300,55.72,83.23,28.43,49.79,260
1991-05-03,1.0265,1.0564,1.022,1.0437,1517500,58.99,83.23,28.43,55.77,260
1991-05-10,1.0392,1.065,1.0265,1.0523,1756700,60.56,83.23,28.43,58.63,260
1991-05-17,1.0523,1.0822,1.0478,1.0822,1386800,65.51,83.23,28.43,67.66,260
1991-05-24,1.0822,1.0952,1.0683,1.0729,1798700,62.87,83.23,28.43,62.85,260
1991-05-31,1.0729,1.0729,1.0596,1.0683,1926700,61.56,83.23,28.43,60.46,260
1991-06-07,1.0641,1.0729,1.0508,1.0508,1075900,56.67,83.23,28.43,51.53,260
1991-06-14,1.0554,1.0641,1.0466,1.0508,1335800,56.67,83.23,28.43,51.53,260
1991-06-21,1.0508,1.0554,1.0379,1.0554,1381100,57.69,83.23,28.43,53.38,260
1991-06-28,1.0508,1.0683,1.0508,1.0641,1036000,59.64,83.23,28.43,56.95,260
1991-07-05,1.0683,1.0816,1.0508,1.0729,905200,61.56,83.23,28.43,60.44,260
1991-07-12,1.0729,1.0771,1.0508,1.0729,1063000,61.56,83.23,28.43,60.44,260
1991-07-19,1.0729,1.0816,1.0596,1.0641,893100,58.35,83.23,28.43,54.59,260
1991-07-26,1.0641,1.0946,1.0596,1.0946,912800,65.15,83.23,28.43,67.01,260
1991-08-02,1.0904,1.1209,1.0859,1.1209,1414700,69.75,83.23,28.43,75.39,260
1991-08-09,1.1209,1.1517,1.1167,1.1471,1163100,73.5,83.23,28.43,82.25,260
1991-08-16,1.1471,1.1647,1.1429,1.1559,1840000,74.64,83.23,28.43,84.31,260
1991-08-23,1.1384,1.1909,1.1342,1.178,1778700,77.27,83.23,28.43,89.12,260
1991-08-30,1.168,1.1994,1.1548,1.168,2043800,73.55,83.23,28.43,82.34,260
1991-09-06,1.1637,1.1769,1.1637,1.1769,1043200,74.72,83.23,28.43,84.48,260
1991-09-13,1.1769,1.1769,1.1591,1.168,1065800,71.32,83.23,28.43,78.27,260
1991-09-20,1.168,1.1726,1.1502,1.1591,1438600,67.99,83.23,28.43,72.19,260
1991-09-27,1.1548,1.1858,1.1548,1.1858,1658300,72.19,83.23,28.43,79.85,260
1991-10-04,1.1858,1.2083,1.1816,1.1858,1152200,72.19,83.23,28.43,79.85,260
1991-10-11,1.1816,1.1994,1.1726,1.1858,1236800,72.19,83.23,28.43,79.85,260
1991-10-18,1.1905,1.2083,1.1858,1.2037,1150900,74.93,83.23,28.43,84.85,260
1991-10-25,1.1994,1.2172,1.1905,1.2172,945900,76.8,83.23,28.43,88.26,260
1991-11-01,1.2126,1.2393,1.2083,1.2351,1239800,79.01,83.23,28.43,92.3,260
1991-11-08,1.2351,1.2483,1.2261,1.2351,986000,79.01,83.23,28.43,92.3,260
1991-11-15,1.2351,1.2529,1.2304,1.2351,818400,79.01,83.23,28.43,92.3,260
1991-11-22,1.2304,1.2572,1.2261,1.244,2053800,80.2,83.23,28.43,94.46,260
1991-11-29,1.2393,1.2698,1.2304,1.2564,2131600,81.74,83.23,28.43,97.27,260
1991-12-06,1.2517,1.2655,1.2426,1.2607,1725200,82.26,83.23,28.43,98.23,260
1991-12-13,1.2655,1.2927,1.2564,1.2789,1674000,84.28,84.28,28.43,100.0,260
1991-12-20,1.2836,1.3199,1.2426,1.3199,1487700,87.68,87.68,28.43,100.0,260
1991-12-27,1.3199,1.3514,1.3061,1.3333,747600,88.56,88.56,28.43,100.0,260
1992-01-03,1.3289,1.3424,1.3061,1.3289,1431100,86.41,88.56,28.43,96.44,260
1992-01-10,1.3289,1.338,1.2698,1.2745,1225600,65.19,88.56,28.43,61.13,260
1992-01-17,1.2698,1.2836,1.2382,1.2426,1774000,56.43,88.56,28.43,46.57,260
1992-01-24,1.2426,1.2698,1.2335,1.2655,1678900,60.52,88.56,28.43,53.37,260
1992-01-31,1.2607,1.2655,1.2426,1.2473,1179600,56.03,88.56,28.43,45.89,260
1992-02-07,1.2517,1.2564,1.2335,1.2335,2115300,52.82,88.56,28.43,40.55,260
1992-02-14,1.2335,1.2698,1.2245,1.2473,1113000,55.56,88.56,28.43,45.12,260
1992-02-21,1.2426,1.2517,1.2201,1.2382,1860800,53.36,88.56,28.43,41.46,260
1992-02-28,1.2281,1.2606,1.2144,1.2465,1725500,55.11,88.56,28.43,44.37,260
1992-03-06,1.2465,1.2465,1.2144,1.2236,1056700,49.59,88.56,28.43,35.18,260
1992-03-13,1.2236,1.2421,1.2236,1.2329,1127200,51.69,88.56,28.43,38.68,260
1992-03-20,1.2236,1.2421,1.2188,1.2281,2145600,50.51,88.56,28.43,36.72,260
1992-03-27,1.2281,1.2465,1.2188,1.2329,1061700,51.7,88.56,28.43,38.69,260
1992-04-03,1.2373,1.2373,1.2188,1.2329,1284100,51.7,88.56,28.43,38.69,260
1992-04-10,1.2329,1.2421,1.1819,1.2329,1431200,51.7,88.56,28.43,38.69,260
1992-04-16,1.2281,1.2698,1.2281,1.2698,1406300,60.75,88.56,28.43,53.75,260
1992-04-24,1.265,1.2835,1.2606,1.2835,1167800,63.47,88.56,28.43,58.28,260
1992-05-01,1.2835,1.2927,1.2791,1.2835,740400,63.47,88.56,28.43,58.28,260
1992-05-08,1.2883,1.3252,1.2835,1.3068,1016300,67.88,88.56,28.43,65.61,260
1992-05-15,1.3112,1.3252,1.302,1.3112,1002100,68.66,88.56,28.43,66.9,260
1992-05-22,1.3112,1.3297,1.2923,1.2968,1988400,63.31,88.56,28.43,58.0,260
1992-05-29,1.2923,1.3156,1.2829,1.3111,949700,66.13,88.56,28.43,62.69,260
1992-06-05,1.3156,1.3156,1.2968,1.3156,767600,66.99,88.56,28.43,64.13,260
1992-06-12,1.3111,1.3205,1.2923,1.3017,887300,61.77,88.56,28.43,55.44,260
1992-06-19,1.3017,1.3111,1.2735,1.2968,1831600,60.0,88.56,28.43,52.5,260
1992-06-26,1.2923,1.3111,1.2923,1.3111,1055200,63.31,88.56,28.43,58.0,260
1992-07-02,1.3111,1.3393,1.3062,1.3299,867900,67.16,88.56,28.43,64.41,260
1992-07-10,1.3393,1.3814,1.3205,1.3768,1423800,74.39,88.56,28.43,76.44,260
1992-07-17,1.3768,1.3907,1.3626,1.3862,1200500,75.55,88.56,28.43,78.37,260
1992-07-24,1.3768,1.4001,1.3768,1.3956,1477400,76.69,88.56,28.43,80.26,260
1992-07-31,1.3907,1.4332,1.3862,1.4283,3217100,80.15,88.56,28.43,86.02,260
1992-08-07,1.4238,1.4377,1.405,1.4238,1823000,78.42,88.56,28.43,83.14,260
1992-08-14,1.4189,1.4283,1.4144,1.4189,1850900,76.49,88.56,28.43,79.94,260
1992-08-21,1.4189,1.4426,1.4095,1.4332,2376300,78.18,88.56,28.43,82.74,260
1992-08-28,1.4188,1.4188,1.3565,1.371,4114800,58.5,88.56,28.43,50.01,260
1992-09-04,1.371,1.3947,1.3565,1.3901,2358100,61.69,88.56,28.43,55.32,260
1992-09-11,1.3852,1.3901,1.3565,1.371,1273300,56.98,88.56,28.43,47.47,260
1992-09-18,1.3661,1.3852,1.3519,1.3852,2216700,59.45,88.56,28.43,51.58,260
1992-09-25,1.3806,1.3901,1.3565,1.3806,1687200,58.28,88.56,28.43,49.64,260
1992-10-02,1.3756,1.3947,1.371,1.3756,1116700,56.97,88.56,28.43,47.46,260
1992-10-09,1.371,1.371,1.3424,1.3661,1155800,54.44,88.56,28.43,43.26,260
1992-10-16,1.3661,1.3806,1.3565,1.3756,1286800,56.52,88.56,28.43,46.72,260
1992-10-23,1.371,1.3806,1.3661,1.371,1021700,55.22,88.56,28.43,44.55,260
1992-10-30,1.371,1.4043,1.3565,1.3947,1070400,60.31,88.56,28.43,53.01,260
1992-11-06,1.3947,1.3947,1.3565,1.3615,1192700,51.47,88.56,28.43,38.31,260
1992-11-13,1.3615,1.371,1.3374,1.3615,1167200,51.47,88.56,28.43,38.31,260
1992-11-20,1.3615,1.3994,1.3565,1.3703,2106200,53.56,88.56,28.43,41.78,260
1992-11-27,1.3703,1.3753,1.3508,1.3606,1938400,50.95,88.56,28.43,37.45,260
1992-12-04,1.3606,1.3703,1.3411,1.3559,1865000,49.7,88.56,28.43,35.36,260
1992-12-11,1.3559,1.3948,1.3508,1.3897,975900,57.79,88.56,28.43,48.83,260
1992-12-18,1.38,1.4142,1.3656,1.4142,1149300,62.5,88.56,28.43,56.66,260
1992-12-24,1.4091,1.4531,1.4045,1.4336,596300,65.76,88.56,28.43,62.08,260
1992-12-31,1.4286,1.4336,1.4091,1.4091,567800,58.82,88.56,28.43,50.53,260
1993-01-08,1.4142,1.4286,1.4045,1.4091,1313500,58.82,88.56,28.43,50.53,260
1993-01-15,1.4142,1.4383,1.4091,1.4383,1268700,64.06,88.56,28.43,59.25,260
1993-01-22,1.4336,1.448,1.4286,1.4336,775000,62.68,88.56,28.43,56.96,260
1993-01-29,1.4336,1.4577,1.4189,1.4531,2202100,65.96,88.56,28.43,62.41,260
1993-02-05,1.4531,1.4966,1.4434,1.4772,1561300,69.53,88.56,28.43,68.36,260
1993-02-12,1.4822,1.4966,1.4675,1.4919,1335900,71.51,88.56,28.43,71.64,260
1993-02-19,1.4919,1.5017,1.4822,1.4966,1159100,72.12,88.56,28.43,72.66,260
1993-02-26,1.4966,1.5597,1.4919,1.53,2088400,76.1,88.56,28.43,79.28,260
1993-03-05,1.5253,1.5352,1.4906,1.5103,2412100,69.77,88.56,28.43,68.75,260
1993-03-12,1.5103,1.53,1.4957,1.5056,1268200,68.3,88.56,28.43,66.31,260
1993-03-19,1.4957,1.5004,1.4759,1.4858,1096000,62.41,88.56,28.43,56.51,260
1993-03-26,1.4858,1.4957,1.4609,1.4609,1391600,55.86,88.56,28.43,45.63,260
1993-04-02,1.4609,1.4708,1.4463,1.4463,1373000,52.39,88.56,28.43,39.85,260
1993-04-08,1.4562,1.4708,1.4511,1.4661,1335700,56.34,88.56,28.43,46.42,260
1993-04-16,1.4708,1.5154,1.4708,1.5103,1349800,63.62,88.56,28.43,58.53,260
1993-04-23,1.5202,1.5202,1.4661,1.4708,1671200,54.83,88.56,28.43,43.91,260
1993-04-30,1.4759,1.4906,1.4661,1.4759,1018600,55.69,88.56,28.43,45.33,260
1993-05-07,1.4759,1.5154,1.4661,1.5056,1196100,60.36,88.56,28.43,53.11,260
1993-05-14,1.5056,1.5253,1.4906,1.5004,1330100,59.2,88.56,28.43,51.17,260
1993-05-21,1.4957,1.5004,1.4661,1.4759,2136500,53.86,88.56,28.43,42.28,260
1993-05-28,1.4856,1.5157,1.4655,1.5057,1816900,58.72,88.56,28.43,50.38,260
1993-06-04,1.5057,1.5209,1.4956,1.5008,691900,57.66,88.56,28.43,48.61,260
1993-06-11,1.5008,1.5057,1.4908,1.5008,874800,57.66,88.56,28.43,48.61,260
1993-06-18,1.5008,1.5209,1.4956,1.5057,1013500,58.53,88.56,28.43,50.06,260
1993-06-25,1.5109,1.5257,1.5057,1.5157,1154800,60.36,88.56,28.43,53.1,260
1993-07-02,1.5209,1.5358,1.5157,1.5257,1271500,62.16,88.56,28.43,56.09,260
1993-07-09,1.5358,1.5458,1.5109,1.5358,1153300,63.92,88.56,28.43,59.02,260
1993-07-16,1.5358,1.5559,1.531,1.5458,1059100,65.64,88.56,28.43,61.88,260
1993-07-23,1.5458,1.5611,1.541,1.5611,938300,68.13,88.56,28.43,66.02,260
1993-07-30,1.5611,1.5759,1.5559,1.5711,1109800,69.68,88.56,28.43,68.61,260
1993-08-06,1.5759,1.5912,1.5711,1.5759,774600,70.43,88.56,28.43,69.85,260
1993-08-13,1.5811,1.596,1.5659,1.586,1042100,71.98,88.56,28.43,72.42,260
1993-08-20,1.5811,1.6113,1.5811,1.5912,1785700,72.77,88.56,28.43,73.75,260
1993-08-27,1.5862,1.6115,1.5605,1.5911,3406100,72.74,88.56,28.43,73.7,260
1993-09-03,1.5862,1.6217,1.5862,1.6115,1582900,75.86,88.56,28.43,78.88,260
1993-09-10,1.6115,1.6474,1.6115,1.6474,1084500,80.15,88.56,28.43,86.03,260
1993-09-17,1.6474,1.6727,1.6319,1.6625,1725500,81.63,88.56,28.43,88.49,260
1993-09-24,1.6678,1.6678,1.6319,1.6474,1108300,75.56,88.56,28.43,78.39,260
1993-10-01,1.6474,1.6625,1.6066,1.6217,1295000,66.5,88.56,28.43,63.31,260
1993-10-08,1.6217,1.6319,1.5809,1.6115,1369200,63.25,88.56,28.43,57.92,260
1993-10-15,1.6168,1.6319,1.6013,1.6168,1662800,64.23,88.56,28.43,59.54,260
1993-10-22,1.6217,1.6319,1.6066,1.6168,1050500,64.23,88.56,28.43,59.54,260
1993-10-29,1.6217,1.6474,1.6066,1.6115,1118400,62.31,88.56,28.43,56.35,260
1993-11-05,1.6066,1.6217,1.4993,1.5299,2730700,41.66,88.56,28.43,22.0,260
1993-11-12,1.5197,1.5658,1.5095,1.5197,1395200,39.88,88.56,28.43,19.04,260
1993-11-19,1.5197,1.5503,1.4889,1.4993,20803800,36.52,88.56,28.43,13.46,260
1993-11-26,1.4889,1.5304,1.4732,1.5201,2960500,41.89,88.56,28.43,22.37,260
1993-12-03,1.5201,1.5562,1.5147,1.5512,1409800,48.86,88.56,28.43,33.98,260
1993-12-10,1.5562,1.5769,1.5562,1.5719,824700,52.92,88.56,28.43,40.73,260
1993-12-17,1.5665,1.6031,1.5616,1.6031,1107500,58.27,88.56,28.43,49.63,260
1993-12-23,1.5977,1.6392,1.5977,1.6392,826700,63.46,88.56,28.43,58.26,260
1993-12-31,1.6392,1.6549,1.6238,1.6238,703400,60.04,88.56,28.43,52.57,260
1994-01-07,1.6238,1.6238,1.5408,1.5562,1804900,47.82,88.56,28.43,32.24,260
1994-01-14,1.5562,1.5562,1.5043,1.5354,1244500,44.81,88.56,28.43,27.23,260
1994-01-21,1.525,1.5304,1.4939,1.5043,1331000,40.67,88.56,28.43,20.35,260
1994-01-28,1.4993,1.5458,1.4628,1.525,2078000,44.36,88.56,28.43,26.49,260
1994-02-04,1.525,1.5354,1.4732,1.4786,2912900,38.57,88.56,28.43,16.86,260
1994-02-11,1.4786,1.4939,1.4317,1.4371,1830400,34.27,88.56,28.43,9.71,260
1994-02-18,1.4578,1.4732,1.395,1.4055,3181700,31.41,88.56,28.43,4.95,260
1994-02-25,1.4161,1.4372,1.3844,1.4161,2201700,33.42,88.56,28.43,8.29,260
1994-03-04,1.4216,1.4689,1.4161,1.4639,2251200,41.72,88.56,28.43,22.1,260
1994-03-11,1.4639,1.4901,1.4584,1.485,2569800,44.99,88.56,28.43,27.54,260
1994-03-18,1.4901,1.4901,1.4639,1.4689,1744100,43.02,88.56,28.43,24.26,260
1994-03-25,1.4639,1.4901,1.4267,1.4267,1344200,38.26,88.56,28.43,16.34,260
1994-03-31,1.4267,1.4533,1.3688,1.4005,1232300,35.62,88.56,28.43,11.96,260
1994-04-08,1.3844,1.411,1.3793,1.3899,1645000,34.59,88.56,28.43,10.24,260
1994-04-15,1.3899,1.4322,1.3899,1.4216,1451400,40.2,88.56,28.43,19.57,260
1994-04-22,1.4267,1.5112,1.395,1.4639,2319600,46.75,88.56,28.43,30.46,260
1994-04-29,1.4639,1.4956,1.4533,1.4956,877400,51.08,88.56,28.43,37.67,260
1994-05-06,1.485,1.5006,1.3104,1.3476,5461100,36.26,88.56,28.43,13.02,260
1994-05-13,1.3316,1.3421,1.1363,1.247,8457400,29.91,88.56,28.43,2.45,260
1994-05-20,1.2419,1.3053,1.2259,1.2999,3601900,36.23,88.56,28.43,12.97,260
1994-05-27,1.2915,1.3558,1.2808,1.3451,2439900,41.12,88.56,28.43,21.1,260
1994-06-03,1.3395,1.3665,1.3236,1.3236,3019200,39.57,88.56,28.43,18.52,260
1994-06-10,1.3343,1.3451,1.3236,1.3343,2403800,40.77,88.56,28.43,20.52,260
1994-06-17,1.3343,1.3395,1.3022,1.3022,3105600,38.31,88.56,28.43,16.43,260
1994-06-24,1.3073,1.3129,1.2486,1.2486,1889700,34.56,88.56,28.43,10.2,260
1994-07-01,1.2379,1.3022,1.2323,1.2966,1516100,40.21,88.56,28.43,19.58,260
1994-07-08,1.2915,1.3288,1.2859,1.3129,945700,42.03,88.56,28.43,22.62,260
1994-07-15,1.3129,1.3451,1.2859,1.3236,1533500,43.26,88.56,28.43,24.66,260
1994-07-22,1.3236,1.3236,1.2966,1.3129,1613500,42.29,88.56,28.43,23.05,260
1994-07-29,1.3129,1.3609,1.3073,1.3558,1858700,47.35,88.56,28.43,31.47,260
1994-08-05,1.3558,1.3931,1.3502,1.3558,1932500,47.35,88.56,28.43,31.47,260
1994-08-12,1.3558,1.3823,1.3502,1.3665,1200400,48.66,88.56,28.43,33.64,260
1994-08-19,1.3716,1.3879,1.3451,1.3609,1624900,47.99,88.56,28.43,32.53,260
1994-08-26,1.3633,1.3851,1.336,1.3794,2196800,50.42,88.56,28.43,36.57,260
1994-09-02,1.3794,1.4011,1.3251,1.3251,1595400,43.94,88.56,28.43,25.79,260
1994-09-09,1.3308,1.3308,1.3034,1.3034,1240800,41.63,88.56,28.43,21.95,260
1994-09-16,1.3143,1.3251,1.2982,1.3143,2165500,43.24,88.56,28.43,24.62,260
1994-09-23,1.3143,1.3794,1.3143,1.3794,2119400,51.79,88.56,28.43,38.85,260
1994-09-30,1.3742,1.412,1.3742,1.4068,1506400,54.87,88.56,28.43,43.97,260
1994-10-07,1.4068,1.4068,1.3468,1.3742,1471200,50.72,88.56,28.43,37.07,260
1994-10-14,1.3851,1.4502,1.3794,1.4394,1549100,57.62,88.56,28.43,48.55,260
1994-10-21,1.4337,1.4446,1.4011,1.4285,1458500,56.21,88.56,28.43,46.2,260
1994-10-28,1.4229,1.4555,1.3903,1.4502,1277200,58.41,88.56,28.43,49.86,260
1994-11-04,1.4446,1.4555,1.4285,1.4337,1156400,56.1,88.56,28.43,46.02,260
1994-11-11,1.4229,1.472,1.4177,1.4229,1221900,54.58,88.56,28.43,43.49,260
1994-11-18,1.4285,1.447,1.4229,1.425,2872100,54.84,88.56,28.43,43.93,260
1994-11-25,1.425,1.5293,1.425,1.5131,3642900,63.99,88.56,28.43,59.14,260
1994-12-02,1.5131,1.5681,1.5021,1.5513,4191400,67.11,88.56,28.43,64.33,260
1994-12-09,1.5513,1.5681,1.5293,1.5403,3540200,65.36,88.56,28.43,61.42,260
1994-12-16,1.5403,1.5681,1.5293,1.5403,3150300,65.36,88.56,28.43,61.42,260
1994-12-23,1.5403,1.5624,1.5131,1.5351,1367000,64.42,88.56,28.43,59.86,260
1994-12-30,1.5403,1.5513,1.5183,1.5461,985700,65.53,88.56,28.43,61.7,260
1995-01-06,1.5351,1.5513,1.5183,1.5241,1065400,61.41,88.56,28.43,54.85,260
1995-01-13,1.5183,1.5461,1.5131,1.5403,1794300,63.25,88.56,28.43,57.91,260
1995-01-20,1.5403,1.5624,1.5351,1.5513,1613700,64.49,88.56,28.43,59.96,260
1995-01-27,1.5403,1.5791,1.5403,1.5624,2607700,65.72,88.56,28.43,62.02,260
1995-02-03,1.5791,1.6231,1.5681,1.6231,2326000,71.61,88.56,28.43,71.82,260
1995-02-10,1.6174,1.6394,1.5844,1.6011,1774400,67.11,88.56,28.43,64.34,260
1995-02-17,1.6011,1.6284,1.5954,1.6037,2300900,67.38,88.56,28.43,64.78,260
1995-02-24,1.6037,1.6149,1.5872,1.6149,1538800,68.53,88.56,28.43,66.69,260
1995-03-03,1.6095,1.6149,1.5427,1.5538,1415100,56.72,88.56,28.43,47.05,260
1995-03-10,1.5427,1.5538,1.5146,1.548,1875500,55.74,88.56,28.43,45.42,260
1995-03-17,1.5592,1.5926,1.5427,1.5814,1753200,60.04,88.56,28.43,52.56,260
1995-03-24,1.5814,1.5926,1.5369,1.565,1799200,57.09,88.56,28.43,47.67,260
1995-03-31,1.5761,1.6206,1.565,1.6206,2945200,63.59,88.56,28.43,58.47,260
1995-04-07,1.6206,1.6652,1.6095,1.6483,2471000,66.31,88.56,28.43,63.0,260
1995-04-13,1.6594,1.6763,1.6541,1.6763,1428800,68.86,88.56,28.43,67.24,260
1995-04-21,1.6763,1.6763,1.626,1.6429,1472400,62.77,88.56,28.43,57.11,260
1995-04-28,1.6429,1.6594,1.6318,1.6371,1181100,61.75,88.56,28.43,55.42,260
1995-05-05,1.6371,1.6763,1.6371,1.6652,1775800,64.74,88.56,28.43,60.39,260
1995-05-12,1.6652,1.6875,1.6483,1.6705,1560500,65.3,88.56,28.43,61.31,260
1995-05-19,1.6652,1.6817,1.6371,1.6371,2102900,59.03,88.56,28.43,50.89,260
1995-05-26,1.6455,1.7357,1.6343,1.719,3041300,67.31,88.56,28.43,64.66,260
1995-06-02,1.7131,1.7695,1.7131,1.747,2075900,69.57,88.56,28.43,68.42,260
1995-06-09,1.7582,1.7641,1.6681,1.6793,2136500,58.95,88.56,28.43,50.75,260
1995-06-16,1.6852,1.7303,1.6852,1.6906,1818900,60.04,88.56,28.43,52.58,260
1995-06-23,1.6965,1.7582,1.6965,1.7303,1635700,63.71,88.56,28.43,58.68,260
1995-06-30,1.7303,1.7641,1.719,1.7416,1783700,64.7,88.56,28.43,60.33,260
1995-07-07,1.7303,1.7416,1.6681,1.7131,1053900,60.24,88.56,28.43,52.9,260
1995-07-14,1.7131,1.7303,1.6965,1.7077,1067200,59.4,88.56,28.43,51.5,260
1995-07-21,1.7077,1.7244,1.6852,1.719,2339500,60.63,88.56,28.43,53.55,260
1995-07-28,1.7244,1.7416,1.7077,1.7244,1693300,61.24,88.56,28.43,54.56,260
1995-08-04,1.7244,1.7357,1.7131,1.7357,1757900,62.54,88.56,28.43,56.72,260
1995-08-11,1.7357,1.747,1.7303,1.7416,1144700,63.23,88.56,28.43,57.87,260
1995-08-18,1.7416,1.7754,1.7357,1.7695,1274800,66.41,88.56,28.43,63.16,260
1995-08-25,1.7641,1.7896,1.7416,1.7841,2003000,67.97,88.56,28.43,65.76,260
1995-09-01,1.7896,1.7896,1.7668,1.7668,1067800,64.16,88.56,28.43,59.43,260
1995-09-08,1.7727,1.7841,1.7668,1.7727,891100,64.89,88.56,29.91,59.64,260
1995-09-15,1.7727,1.801,1.7554,1.7955,2547800,67.6,88.56,29.91,64.27,260
1995-09-22,1.7955,1.8238,1.7896,1.8238,1695800,70.63,88.56,29.91,69.43,260
1995-09-29,1.8183,1.8753,1.8069,1.8639,2188400,74.3,88.56,29.91,75.69,260
1995-10-06,1.858,1.8753,1.8411,1.8525,1502000,71.56,88.56,29.91,71.02,260
1995-10-13,1.858,1.8808,1.8411,1.8525,1849600,71.56,88.56,29.91,71.02,260
1995-10-20,1.8525,1.915,1.8352,1.915,1549600,76.96,88.56,29.91,80.22,260
1995-10-27,1.9095,1.9492,1.8922,1.9095,1605700,75.6,88.56,29.91,77.92,260
1995-11-03,1.9095,1.9323,1.9036,1.9323,1152400,77.39,88.56,29.91,80.96,260
1995-11-10,1.9264,1.9323,1.8922,1.8981,1046600,69.21,88.56,29.91,67.02,260
1995-11-17,1.8981,1.9492,1.8922,1.9378,1331500,72.8,88.56,29.91,73.14,260
1995-11-24,1.9378,1.9752,1.9323,1.9461,1699000,73.5,88.56,29.91,74.34,260
1995-12-01,1.9521,2.0152,1.9461,1.9922,1469800,77.02,88.56,29.91,80.33,260
1995-12-08,1.9922,2.0613,1.9867,2.0327,1182300,79.59,88.56,29.91,84.7,260
1995-12-15,2.0383,2.0903,2.0327,2.0788,2233200,82.04,88.56,29.91,88.89,260
1995-12-22,2.0843,2.1364,2.0728,2.1249,1758900,84.1,88.56,29.91,92.4,260
1995-12-29,2.1249,2.1419,2.1189,2.1364,937600,84.58,88.56,29.91,93.21,260
1996-01-05,2.1244,2.1364,2.0843,2.0959,2137300,75.95,88.56,29.91,78.51,260
1996-01-12,2.0959,2.1189,2.0728,2.0959,1727200,75.95,88.56,29.91,78.51,260
1996-01-19,2.0903,2.1649,2.0901,2.1592,1799800,79.7,88.56,29.91,84.91,260
1996-01-26,2.1189,2.1592,2.0959,2.1592,1546600,79.7,88.56,29.91,84.91,260
1996-02-02,2.1244,2.1419,2.1074,2.1362,1443100,74.79,88.56,29.91,76.52,260
1996-02-09,2.1016,2.1937,2.1016,2.1707,1386900,77.07,88.56,29.91,80.42,260
1996-02-16,2.1822,2.2168,2.1765,2.188,1464300,78.14,88.56,29.91,82.24,260
1996-02-23,2.1822,2.1822,2.134,2.1457,1938000,69.59,88.56,29.91,67.67,260
1996-03-01,2.1398,2.1515,2.0701,2.0877,2126900,59.94,88.56,29.91,51.2,260
1996-03-08,2.0877,2.1166,2.0875,2.0933,1811200,60.5,88.56,29.91,52.17,260
1996-03-15,2.0235,2.0294,1.9596,1.9712,2843200,45.34,88.56,29.91,26.31,260
1996-03-22,2.0584,2.0759,2.0352,2.0701,2240200,55.14,88.56,29.91,43.02,260
1996-03-29,2.0989,2.1166,2.0756,2.0817,1541400,56.14,88.56,29.91,44.72,260
1996-04-04,2.105,2.105,2.0759,2.0991,1016000,57.66,88.56,29.91,47.31,260
1996-04-12,2.0645,2.0701,1.9712,1.9945,1547600,47.11,88.56,29.91,29.33,260
1996-04-19,2.0059,2.0061,1.9654,1.9828,1356000,46.1,88.56,29.91,27.61,260
1996-04-26,1.977,2.0003,1.9305,1.9828,1955900,46.1,88.56,29.91,27.61,260
1996-05-03,1.977,2.0177,1.9712,2.0119,1858000,49.25,88.56,29.91,32.98,260
1996-05-10,1.977,2.0119,1.9361,2.0061,1628300,48.64,88.56,29.91,31.94,260
1996-05-17,2.0003,2.041,1.9945,2.0235,1300300,50.62,88.56,29.91,35.32,260
1996-05-24,2.0235,2.0526,2.0003,2.0526,946600,53.83,88.56,29.91,40.78,260
1996-05-31,2.0468,2.0745,2.0098,2.0333,1755600,51.44,88.56,29.91,36.72,260
1996-06-07,2.0037,2.0509,1.9863,2.0216,1965600,49.99,88.56,29.91,34.24,260
1996-06-14,2.0098,2.0394,1.9922,2.0098,903800,48.51,88.56,29.91,31.72,260
1996-06-21,2.0216,2.0627,1.9981,2.0392,2358600,52.3,88.56,29.91,38.18,260
1996-06-28,2.0686,2.1273,2.0686,2.1273,1300300,61.47,88.56,29.91,53.81,260
1996-07-05,2.1626,2.1861,2.145,2.1567,1167900,63.95,88.56,29.91,58.05,260
1996-07-12,2.0921,2.1215,2.0803,2.1156,1673000,58.28,88.56,29.91,48.38,260
1996-07-19,2.1447,2.1626,2.0742,2.1273,2474400,59.39,88.56,29.91,50.27,260
1996-07-26,2.1273,2.1744,2.1212,2.1626,2269700,62.6,88.56,29.91,55.74,260
1996-08-02,2.1447,2.1682,2.1273,2.1626,1816700,62.6,88.56,29.91,55.74,260
1996-08-09,2.1682,2.1744,2.1508,2.1685,1379100,63.16,88.56,29.91,56.7,260
1996-08-16,2.1626,2.1861,2.1447,2.1802,1309300,64.32,88.56,29.91,58.67,260
1996-08-23,2.1861,2.1861,2.1332,2.1626,2571800,61.21,88.56,29.91,53.38,260
1996-08-30,2.157,2.2022,2.1391,2.1606,3119500,60.86,88.56,29.91,52.77,260
1996-09-06,2.0894,2.1012,2.036,2.0419,1462600,44.27,88.56,29.91,24.49,260
1996-09-13,2.0538,2.0953,2.0476,2.0716,1563900,48.08,88.56,29.91,30.99,260
1996-09-20,2.1012,2.1074,2.0834,2.0894,1753600,50.28,88.56,29.91,34.73,260
1996-09-27,2.0894,2.1191,2.0716,2.0716,1562000,48.09,88.56,29.91,31.0,260
1996-10-04,2.0599,2.0716,2.0476,2.0597,2488200,46.63,88.56,29.91,28.51,260
1996-10-11,2.1074,2.125,2.1072,2.1191,1693600,54.12,88.56,29.91,41.29,260
1996-10-18,2.0951,2.125,2.0713,2.125,1423400,54.8,88.56,29.91,42.45,260
1996-10-25,2.1312,2.1606,2.125,2.1606,1729400,58.77,88.56,29.91,49.22,260
1996-11-01,2.1487,2.2024,2.1369,2.1843,2020500,61.22,88.56,29.91,53.38,260
1996-11-08,2.1843,2.2853,2.1784,2.2793,2229700,69.11,88.56,29.91,66.84,260
1996-11-15,2.2736,2.2736,2.2496,2.2615,1605900,66.38,88.56,29.91,62.19,260
1996-11-22,2.2375,2.2496,2.1962,2.2022,2296300,58.14,88.56,29.91,48.14,260
1996-11-29,2.2024,2.236,2.188,2.2118,4259700,59.03,88.56,29.91,49.66,260
1996-12-06,2.206,2.2242,2.1283,2.1461,1639800,51.07,88.56,29.91,36.08,260
1996-12-13,2.1581,2.1638,2.0741,2.1101,1127200,47.31,88.56,29.91,29.67,260
1996-12-20,2.0981,2.1581,2.0679,2.1398,2547000,50.55,86.41,29.91,36.53,260
1996-12-27,2.1398,2.206,2.1341,2.206,923300,56.91,84.58,29.91,49.39,260
1997-01-03,2.206,2.218,2.1643,2.17,1205200,52.92,84.58,29.91,42.1,260
1997-01-10,2.17,2.2003,2.1341,2.1763,1996200,53.53,84.58,29.91,43.21,260
1997-01-17,2.182,2.1883,2.1403,2.1643,2152300,52.14,84.58,29.91,40.67,260
1997-01-24,2.17,2.242,2.1523,2.1763,1907700,53.44,84.58,29.91,43.05,260
1997-01-31,2.1763,2.206,2.1221,2.1221,1637000,47.19,84.58,29.91,31.61,260
1997-02-07,2.1221,2.1643,2.0981,2.1461,2554200,49.98,84.58,29.91,36.71,260
1997-02-14,2.1523,2.2122,2.1523,2.17,1532400,52.67,84.58,29.91,41.64,260
1997-02-21,2.194,2.2242,2.1763,2.1883,1185200,54.67,84.58,29.91,45.29,260
1997-02-28,2.194,2.23,2.1631,2.2053,4528700,56.52,84.58,29.91,48.67,260
1997-03-07,2.1874,2.2295,2.1753,2.1995,1885100,55.68,84.58,29.91,47.15,260
1997-03-14,2.2053,2.2116,2.1447,2.151,1628100,49.17,84.58,29.91,35.23,260
1997-03-21,2.1389,2.1995,2.1389,2.1631,1393900,50.72,84.58,29.91,38.07,260
1997-03-27,2.169,2.2174,2.1205,2.1447,1320600,48.3,84.58,29.91,33.65,260
1997-04-04,2.1326,2.1631,2.1147,2.1205,2013800,45.25,84.58,29.91,28.07,260
1997-04-11,2.1326,2.1447,2.0904,2.0904,1563200,41.73,84.58,29.91,21.62,260
1997-04-18,2.0904,2.1389,2.0662,2.1205,1471800,46.24,84.58,29.91,29.87,260
1997-04-25,2.1326,2.1447,2.0904,2.1026,1159200,44.05,84.58,29.91,25.86,260
1997-05-02,2.0963,2.2174,2.0904,2.2174,2202500,57.82,84.58,29.91,51.06,260
1997-05-09,2.2237,2.2843,2.2053,2.2237,2030100,58.43,84.58,29.91,52.17,260
1997-05-16,2.2295,2.2722,2.2174,2.248,1247900,60.76,84.58,29.91,56.43,260
1997-05-23,2.2538,2.2722,2.2295,2.2601,1841800,61.91,84.58,29.91,58.53,260
1997-05-30,2.2295,2.2772,2.2237,2.2714,2290600,62.99,84.58,29.91,60.52,260
1997-06-06,2.2772,2.2772,2.2101,2.2591,1945400,60.96,84.58,29.91,56.8,260
1997-06-13,2.2591,2.3571,2.2283,2.3448,2118500,68.6,84.58,29.91,70.78,260
1997-06-20,2.3448,2.3507,2.2958,2.3017,2678500,62.03,84.58,29.91,58.75,260
1997-06-27,2.2895,2.3081,2.2591,2.2958,2597000,61.17,84.58,29.91,57.18,260
1997-07-03,2.2714,2.314,2.2527,2.3017,1790700,61.74,84.58,29.91,58.22,260
1997-07-11,2.3017,2.314,2.265,2.2714,1652900,57.06,84.58,29.91,49.67,260
1997-07-18,2.2772,2.3017,2.2469,2.2591,2385900,55.25,84.58,29.91,46.35,260
1997-07-25,2.2527,2.314,2.2283,2.3017,1720600,60.02,84.58,29.91,55.08,260
1997-08-01,2.2958,2.3536,2.2958,2.3414,1870200,63.88,84.58,29.91,62.14,260
1997-08-08,2.3384,2.3571,2.2895,2.314,1600500,59.59,84.58,29.91,54.3,260
1997-08-15,2.3203,2.3571,2.2591,2.2591,1478500,52.07,84.58,29.91,40.54,260
1997-08-22,2.2591,2.3326,2.2469,2.2958,1342000,56.07,84.58,29.91,47.86,260
1997-08-29,2.2958,2.3377,2.2836,2.2946,2394200,55.9,84.58,29.91,47.55,260
1997-09-05,2.2946,2.3688,2.2946,2.3129,1418300,57.92,84.58,29.91,51.25,260
1997-09-12,2.3129,2.4059,2.3129,2.4059,2070400,66.37,84.58,29.91,66.69,260
1997-09-19,2.3995,2.4801,2.3936,2.4678,2403100,70.59,84.58,29.91,74.42,260
1997-09-26,2.4678,2.5108,2.4613,2.4984,1490700,72.44,84.58,29.91,77.8,260
1997-10-03,2.4861,2.5727,2.4801,2.5172,2352600,73.54,84.58,29.91,79.81,260
1997-10-10,2.5232,2.5296,2.449,2.4737,1720900,66.89,84.58,29.91,67.65,260
1997-10-17,2.4737,2.5049,2.4554,2.5049,1620600,69.05,84.58,29.91,71.6,260
1997-10-24,2.5108,2.6098,2.4925,2.5974,2501200,74.38,84.58,29.91,81.36,260
1997-10-31,2.5915,2.6221,2.5108,2.5603,4245000,69.23,84.58,29.91,71.93,260
1997-11-07,2.5791,2.6286,2.5543,2.5791,2394000,70.35,84.58,29.91,73.98,260
1997-11-14,2.5915,2.7151,2.5915,2.6686,2810700,75.02,84.58,29.91,82.52,260
1997-11-21,2.6657,2.7428,2.6439,2.7334,1955900,77.75,84.58,29.91,87.51,260
1997-11-28,2.7211,2.8039,2.7151,2.7915,1849100,79.87,84.58,29.91,91.39,260
1997-12-05,2.779,2.8259,2.7416,2.7635,1891800,76.11,84.58,29.91,84.51,260
1997-12-12,2.751,2.8259,2.7261,2.8134,1455000,78.09,84.58,29.91,88.14,260
1997-12-19,2.8164,2.9192,2.8099,2.9007,3098300,81.06,84.58,29.91,93.57,260
1997-12-26,2.9132,2.9941,2.9007,2.9412,811400,82.26,84.58,29.91,95.76,260
1998-01-02,2.9536,2.9756,2.9257,2.9536,1540400,82.62,84.58,29.91,96.43,260
1998-01-09,2.9596,2.9596,2.8134,2.8444,3436000,69.19,84.58,29.91,71.85,260
1998-01-16,2.8069,2.8758,2.7974,2.8194,3291200,66.53,84.58,29.91,66.99,260
1998-01-23,2.8194,2.8788,2.8009,2.8538,2786800,68.34,84.58,29.91,70.3,260
1998-01-30,2.8538,2.9347,2.8474,2.8633,2670300,68.84,84.58,29.91,71.21,260
1998-02-06,2.8384,2.9347,2.8384,2.9192,2726800,71.67,84.58,29.91,76.4,260
1998-02-13,2.9317,2.9691,2.9097,2.9442,2178900,72.86,84.58,29.91,78.57,260
1998-02-20,2.9596,2.9816,2.9257,2.9472,1043300,73.01,84.58,29.91,78.84,260
1998-02-27,2.9566,2.9663,2.9067,2.922,2835700,69.61,84.58,29.91,72.63,260
1998-03-06,2.9129,3.007,2.9003,2.9789,1891000,72.7,84.58,29.91,78.28,260
1998-03-13,2.9758,3.07,2.9693,3.0639,1515000,76.54,84.58,29.91,85.31,260
1998-03-20,3.0574,3.2808,3.0574,3.2617,2099100,82.65,84.58,29.91,96.49,260
1998-03-27,3.2617,3.2652,3.158,3.1771,1896700,73.8,84.58,29.91,80.29,260
1998-04-03,3.1736,3.2461,3.152,3.2083,2637400,74.87,84.58,29.91,82.25,260
1998-04-09,3.2114,3.224,3.1298,3.158,977500,69.91,84.58,29.91,73.18,260
1998-04-17,3.158,3.1897,3.1173,3.1268,2482400,66.95,84.58,29.91,67.76,260
1998-04-24,3.1268,3.1268,3.001,3.0352,1856400,59.05,84.58,29.91,53.3,260
1998-05-01,3.0322,3.1454,3.0292,3.0765,2036400,61.27,84.58,29.91,57.36,260
1998-05-08,3.0891,3.1142,3.001,3.0478,1020300,58.88,84.58,29.91,52.99,260
1998-05-15,3.0448,3.1017,3.0196,3.0513,1303700,59.09,84.58,29.91,53.38,260
1998-05-22,3.0513,3.0639,2.9945,3.001,949100,54.77,84.58,29.91,45.48,260
1998-05-29,3.0136,3.1212,2.9758,3.1182,2177000,61.78,84.58,29.91,58.3,260
1998-06-05,3.1116,3.2451,3.1055,3.207,1565700,66.07,84.58,29.91,66.15,260
1998-06-12,3.207,3.3116,3.1563,3.2801,1420200,69.14,84.58,29.91,71.77,260
1998-06-19,3.2801,3.3308,3.1816,3.2004,2096700,62.5,84.58,29.91,59.62,260
1998-06-26,3.204,3.2481,3.1339,3.1659,969000,59.82,84.58,29.91,54.72,260
1998-07-02,3.1786,3.2354,3.1689,3.207,1170100,61.91,84.58,29.91,58.55,260
1998-07-10,3.21,3.2324,3.1593,3.1847,1540600,60.08,84.58,29.91,55.2,260
1998-07-17,3.172,3.1816,3.1212,3.1532,1746900,57.5,84.58,29.91,50.47,260
1998-07-24,3.1593,3.1913,3.1116,3.137,1874600,56.16,84.58,29.91,48.02,260
1998-07-31,3.1309,3.172,3.0832,3.0862,1407900,52.07,84.58,29.91,40.54,260
1998-08-07,3.0989,3.1563,3.0294,3.0928,1523500,52.55,84.58,29.91,41.42,260
1998-08-14,3.0862,3.1689,3.0482,3.1212,1574500,54.67,84.58,29.91,45.3,260
1998-08-21,3.1085,3.2227,3.0959,3.204,1946100,60.25,84.58,29.91,55.5,260
1998-08-28,3.2166,3.4809,3.2131,3.4462,4145700,71.35,84.58,29.91,75.81,260
1998-09-04,3.4462,3.4748,3.2349,3.3117,3349900,61.14,84.58,29.91,57.13,260
1998-09-11,3.3183,3.4589,3.2605,3.4364,1951700,66.0,84.58,29.91,66.02,260
1998-09-18,3.4364,3.5485,3.417,3.5132,4094500,68.6,84.58,29.91,70.78,260
1998-09-25,3.5065,3.5771,3.4748,3.4907,1853200,66.98,84.58,29.91,67.82,260
1998-10-02,3.4717,3.6727,3.4717,3.638,3863200,71.69,84.58,29.91,76.43,260
1998-10-09,3.6441,3.7111,3.5418,3.5418,4323300,65.16,84.58,29.91,64.48,260
1998-10-16,3.5162,3.6472,3.3725,3.4462,3815600,59.36,84.58,29.91,53.88,260
1998-10-23,3.4462,3.4779,3.0943,3.1485,6598400,45.73,84.58,29.91,28.95,260
1998-10-30,3.1009,3.2508,3.1009,3.1996,6396500,47.94,84.58,29.91,32.99,260
1998-11-06,3.2349,3.2349,3.1071,3.1649,3360800,46.56,84.58,29.91,30.45,260
1998-11-13,3.1521,3.3117,3.1424,3.2733,2042900,51.29,84.58,29.91,39.12,260
1998-11-20,3.2733,3.3019,3.1424,3.1454,2786700,46.1,84.58,29.91,29.62,260
1998-11-27,3.1393,3.2607,3.1393,3.1803,2675800,47.66,84.58,29.91,32.47,260
1998-12-04,3.1901,3.3381,3.1349,3.3381,3356300,54.11,84.58,29.91,44.28,260
1998-12-11,3.3252,3.3479,3.1994,3.2448,1469300,50.17,84.58,29.91,37.07,260
1998-12-18,3.2448,3.2545,3.1705,3.2381,2061800,49.89,84.58,29.91,36.55,260
1998-12-24,3.235,3.2705,3.1705,3.1736,777400,47.16,84.58,29.91,31.55,260
1998-12-31,3.1803,3.1865,3.1257,3.1772,1642500,47.33,84.58,29.91,31.87,260
1999-01-08,3.1643,3.1932,3.0803,3.0999,3397700,43.99,84.58,29.91,25.75,260
1999-01-15,3.0932,3.0963,2.9128,2.971,3727400,39.03,84.58,29.91,16.69,260
1999-01-22,2.9581,2.9741,2.8808,2.903,3134900,36.69,84.58,29.91,12.4,260
1999-01-29,2.8937,2.9385,2.8096,2.8292,3003300,34.28,84.58,29.91,8.0,260
1999-02-05,2.8292,2.8292,2.6679,2.7741,4627800,32.56,84.58,29.91,4.85,260
1999-02-12,2.8163,2.8581,2.6101,2.6519,2940600,29.08,84.58,29.08,0.0,260
1999-02-19,2.6519,2.7648,2.5936,2.6967,3456600,31.95,84.58,29.08,5.18,260
1999-02-26,2.6936,2.7883,2.6519,2.6779,5191700,31.38,84.58,29.08,4.15,260
1999-03-05,2.6842,2.87,2.6097,2.831,3148300,40.72,84.58,29.08,20.98,260
1999-03-12,2.8273,2.9382,2.6842,2.9091,3867200,44.85,84.58,29.08,28.42,260
1999-03-19,2.896,2.9871,2.883,2.9512,2970600,46.99,84.58,29.08,32.28,260
1999-03-26,2.9481,3.0262,2.9184,2.9184,2624500,45.51,84.58,29.08,29.61,260
1999-04-01,2.9184,2.9314,2.7529,2.8049,1691100,40.72,84.58,29.08,20.98,260
1999-04-09,2.8143,2.8763,2.8013,2.8403,1667100,42.75,84.58,29.08,24.63,260
1999-04-16,2.8502,2.8893,2.7721,2.8372,1940600,42.61,84.58,29.08,24.38,260
1999-04-23,2.8341,2.9611,2.8341,2.9252,2076900,47.73,84.58,29.08,33.62,260
1999-04-30,2.9283,2.9965,2.896,2.9351,1851900,48.29,84.58,29.08,34.62,260
1999-05-07,2.9382,2.9965,2.8731,2.9283,1697100,47.92,84.58,29.08,33.94,260
1999-05-14,2.9283,3.0324,2.9221,2.9835,1586000,51.26,84.58,29.08,39.97,260
1999-05-21,2.9804,3.0876,2.9772,3.0746,1708500,56.26,84.58,29.08,48.98,260
1999-05-28,3.0782,3.1496,3.0133,3.0558,2683000,55.01,84.58,29.08,46.72,260
1999-06-04,3.059,3.0689,2.9608,3.0001,2265500,51.36,84.58,29.08,40.15,260
1999-06-11,2.9933,3.0264,2.9082,2.9245,2159800,46.82,84.58,29.08,31.96,260
1999-06-18,2.9476,3.0821,2.9408,3.0359,1938500,53.36,84.58,29.08,43.75,260
1999-06-25,3.0458,3.049,2.9608,2.9608,1304400,48.98,84.58,29.08,35.86,260
1999-07-02,2.9608,3.0064,2.8489,2.882,2853900,44.83,84.58,29.08,28.38,260
1999-07-09,2.8752,2.9377,2.8389,2.8689,1143200,44.15,84.58,29.08,27.17,260
1999-07-16,2.8557,2.8752,2.7964,2.8095,2492200,41.15,84.58,29.08,21.76,260
1999-07-23,2.8095,2.9277,2.7864,2.8851,1615300,46.18,84.58,29.08,30.81,260
1999-07-30,2.8752,2.9608,2.8195,2.8326,1391400,43.4,84.58,29.08,25.82,260
1999-08-06,2.8195,2.9214,2.8127,2.8883,1546200,47.03,84.58,29.08,32.35,260
1999-08-13,2.8914,2.9082,2.8095,2.8295,1205000,43.84,84.58,29.08,26.59,260
1999-08-20,2.8295,2.9214,2.7701,2.9046,1341200,48.64,84.58,29.08,35.24,260
1999-08-27,2.8951,3.0045,2.8752,2.9218,2434600,49.7,84.58,29.08,37.16,260
1999-09-03,2.9149,2.9313,2.8354,2.9149,1530100,49.26,84.58,29.08,36.37,260
1999-09-10,2.9218,2.9218,2.8253,2.9016,1127800,48.38,84.58,29.08,34.77,260
1999-09-17,2.8985,2.9181,2.829,2.8518,1272500,45.1,84.58,29.08,28.86,260
1999-09-24,2.8518,2.8587,2.6499,2.6764,2896200,35.87,84.58,29.08,12.24,260
1999-10-01,2.6796,2.7162,2.6038,2.713,2043200,38.69,84.58,29.08,17.32,260
1999-10-08,2.713,2.7824,2.6568,2.6663,1589800,36.49,84.58,29.08,13.35,260
1999-10-15,2.6663,2.6663,2.5773,2.607,1971200,33.85,84.58,29.08,8.6,260
1999-10-22,2.6001,2.6398,2.5206,2.5439,1926200,31.26,84.58,29.08,3.94,260
1999-10-29,2.5307,2.6764,2.5307,2.6663,2950300,40.73,84.58,29.08,21.0,260
1999-11-05,2.66,2.6833,2.5672,2.5969,1744000,37.57,84.58,29.08,15.3,260
1999-11-12,2.5969,2.5969,2.448,2.4777,4438200,32.86,84.58,29.08,6.81,260
1999-11-19,2.4543,2.4777,2.3982,2.4051,2203700,30.36,84.58,29.08,2.31,260
1999-11-26,2.3918,2.4131,2.3225,2.3327,3296500,28.07,84.58,28.07,0.0,260
1999-12-03,2.2925,2.4201,2.2421,2.3831,3478200,31.92,84.58,28.07,6.82,260
1999-12-10,2.3761,2.403,2.2421,2.2458,3693900,27.59,84.58,27.59,0.0,260
1999-12-17,2.2389,2.3161,2.2056,2.2925,3406500,31.01,84.58,27.59,6.02,260
1999-12-23,2.2657,2.3129,2.2421,2.2995,2319100,31.54,84.58,27.59,6.93,260
1999-12-31,2.3027,2.3397,2.2625,2.2957,1568900,31.4,84.58,27.59,6.69,260
2000-01-07,2.2726,2.403,2.1986,2.3933,3254000,38.87,84.58,27.59,19.8,260
2000-01-14,2.3595,2.4099,2.3129,2.3295,2778600,36.1,84.58,27.59,14.94,260
2000-01-21,2.3161,2.3697,2.2523,2.3595,2305100,38.33,84.58,27.59,18.85,260
2000-01-28,2.3761,2.4233,2.2019,2.2153,3302700,32.47,84.58,27.59,8.58,260
2000-02-04,2.2287,2.3161,2.2019,2.2319,2785700,33.73,84.58,27.59,10.78,260
2000-02-11,2.2324,2.2689,2.152,2.1922,2349300,32.19,84.58,27.59,8.08,260
2000-02-18,2.1788,2.219,2.152,2.1616,3645100,31.02,84.58,27.59,6.02,260
2000-02-25,2.1718,2.2088,1.9771,2.0005,4264400,25.7,84.58,25.7,0.0,260
2000-03-03,2.0005,2.1467,2.0005,2.1195,5125400,34.62,84.58,25.7,15.15,260
2000-03-10,2.1331,2.4119,2.0483,2.3776,5088500,48.94,84.58,25.7,39.47,260
2000-03-17,2.364,2.4896,2.2624,2.3847,4881200,49.26,84.58,25.7,40.03,260
2000-03-24,2.3711,2.4151,2.1499,2.3537,4709700,47.82,84.58,25.7,37.57,260
2000-03-31,2.6086,2.6222,2.3945,2.5032,4456600,54.73,84.58,25.7,49.31,260
2000-04-07,2.4966,2.5749,2.4352,2.5303,4200500,55.88,84.58,25.7,51.26,260
2000-04-14,2.5303,2.6119,2.432,2.4727,3538800,52.83,84.58,25.7,46.08,260
2000-04-20,2.4015,2.4559,2.2722,2.4559,3474900,51.93,84.58,25.7,44.56,260
2000-04-28,2.4352,2.5847,2.432,2.4592,3630500,52.1,84.58,25.7,44.85,260
2000-05-05,2.4999,2.5374,2.432,2.4624,3290900,52.28,84.58,25.7,45.15,260
2000-05-12,2.4662,2.6597,2.4662,2.5847,3222700,58.58,84.58,25.7,55.85,260
2000-05-19,2.5847,2.67,2.4966,2.5983,3094400,59.23,84.58,25.7,56.95,260
2000-05-26,2.595,2.7474,2.5749,2.7337,5445900,65.06,84.58,25.7,66.85,260
2000-06-02,2.7337,2.7474,2.682,2.7167,2485200,63.82,84.58,25.7,64.75,260
2000-06-09,2.7062,2.7134,2.5897,2.6787,3947100,61.04,84.58,25.7,60.03,260
2000-06-16,2.6859,2.7134,2.6134,2.665,2617700,60.02,84.58,25.7,58.29,260
2000-06-23,2.665,2.7337,2.5859,2.7337,3690400,63.32,84.58,25.7,63.9,260
2000-06-30,2.72,2.7919,2.6925,2.72,4716200,62.21,84.58,25.7,62.02,260
2000-07-07,2.7062,2.8233,2.7029,2.8024,2267000,66.05,84.58,25.7,68.54,260
2000-07-14,2.8299,3.0117,2.8299,2.9744,4309000,72.35,84.58,25.7,79.24,260
2000-07-21,2.9606,2.9914,2.8782,2.8985,2560100,66.49,84.58,25.7,69.29,260
2000-07-28,2.8848,2.9535,2.8645,2.9018,2578600,66.62,84.58,25.7,69.5,260
2000-08-04,2.5897,3.0156,2.5897,2.9123,14298300,67.04,84.58,25.7,70.22,260
2000-08-11,2.9123,3.0018,2.8645,2.9337,3978500,67.94,84.58,25.7,71.75,260
2000-08-18,2.8919,3.0326,2.8848,3.0222,4672100,71.42,84.58,25.7,77.66,260
2000-08-25,3.0018,3.0381,2.9654,2.9721,4414000,66.99,84.58,25.7,70.14,260
2000-09-01,2.9549,3.0315,2.9272,3.0071,2615900,68.46,84.58,25.7,72.63,260
2000-09-08,3.0276,3.229,3.0209,3.2163,2803000,75.5,84.58,25.7,84.58,260
2000-09-15,3.2185,3.4521,3.2185,3.4521,7832000,80.72,84.58,25.7,93.45,260
2000-09-22,3.4715,3.5065,3.2912,3.385,5286200,75.77,84.58,25.7,85.04,260
2000-09-29,3.4022,3.7251,3.3467,3.6497,4485400,80.77,84.58,25.7,93.54,260
2000-10-06,3.6519,3.8117,3.2951,3.5409,6104900,74.01,84.58,25.7,82.05,260
2000-10-13,3.5376,3.7457,3.5376,3.7457,3610200,77.78,84.58,25.7,88.46,260
2000-10-20,3.7112,3.8533,3.5237,3.6069,5856200,70.33,84.58,25.7,75.81,260
2000-10-27,3.5931,3.6452,3.3678,3.5931,4343400,69.61,84.58,25.7,74.59,260
2000-11-03,3.5931,3.704,3.4821,3.5409,3320600,66.85,84.58,25.7,69.9,260
2000-11-10,3.5586,3.6624,3.517,3.6208,2438500,68.89,84.58,25.7,73.36,260
2000-11-17,3.6347,3.7074,3.6103,3.704,3604000,70.9,84.58,25.7,76.77,260
2000-11-24,3.704,3.7667,3.6397,3.6536,3679900,68.03,84.58,25.7,71.91,260
2000-12-01,3.6329,3.7308,3.5697,3.6783,3509400,68.7,84.58,25.7,73.04,260
2000-12-08,3.6922,3.7096,3.6156,3.619,3284700,65.18,84.58,25.7,67.07,260
2000-12-15,3.6156,3.6855,3.4757,3.6676,3229200,66.69,84.58,25.7,69.62,260
2000-12-22,3.6816,3.9686,3.6643,3.9613,5221600,74.0,82.65,25.7,84.81,260
2000-12-29,3.9406,4.0838,3.93,4.0139,1689400,75.06,82.65,25.7,86.66,260
2001-01-05,3.9652,4.0072,3.4545,3.5457,4286800,54.02,82.65,25.7,49.73,260
2001-01-12,3.5736,3.6016,3.1434,3.266,5599200,45.77,82.65,25.7,35.24,260
2001-01-19,3.196,3.3918,3.0662,3.2973,4229500,46.75,82.65,25.7,36.97,260
2001-01-26,3.3532,3.5317,3.2799,3.3566,4587400,48.65,82.65,25.7,40.29,260
2001-02-02,3.3571,3.4394,3.144,3.2626,5566900,45.86,82.65,25.7,35.4,260
2001-02-09,3.2766,3.4936,3.2609,3.4797,3570300,52.61,82.65,25.7,47.25,260
2001-02-16,3.4936,3.5468,3.4041,3.53,3752300,54.04,82.65,25.7,49.76,260
2001-02-23,3.5216,3.7128,3.5216,3.6186,4627700,56.52,82.65,25.7,54.12,260
2001-03-02,3.6327,3.7297,3.6124,3.688,4803600,58.42,82.65,25.7,57.46,260
2001-03-09,3.7015,3.7235,3.6282,3.6998,3216400,58.75,82.65,25.7,58.04,260
2001-03-16,3.7128,3.7326,3.5825,3.6254,4236300,55.75,82.65,25.7,52.76,260
2001-03-23,3.4138,3.5407,3.1514,3.2349,8310800,43.26,82.65,25.7,30.83,260
2001-03-30,3.2727,3.5029,3.2727,3.4589,4461100,50.16,82.65,25.7,42.95,260
2001-04-06,3.4561,3.5227,3.2405,3.3178,5231500,46.34,82.65,25.7,36.24,260
2001-04-12,3.2981,3.5119,3.2981,3.394,3598000,48.61,82.65,25.7,40.23,260
2001-04-20,3.394,3.5633,3.3714,3.4109,3439300,49.13,82.65,25.7,41.14,260
2001-04-27,3.4109,3.4335,3.3348,3.3573,4096300,47.5,82.65,25.7,38.28,260
2001-05-04,3.3573,3.394,3.078,3.1288,5625700,41.23,82.65,25.7,27.27,260
2001-05-11,3.1316,3.2671,3.1034,3.2484,4740200,45.3,82.65,25.7,34.42,260
2001-05-18,3.2586,3.284,3.1147,3.2191,7698300,44.49,82.65,25.7,32.99,260
2001-05-25,3.2304,3.3153,3.2027,3.293,5284200,47.07,82.65,25.7,37.52,260
2001-06-01,3.2873,3.35,3.2486,3.3067,2243700,47.55,82.65,25.7,38.38,260
2001-06-08,3.3272,3.3979,3.2908,3.395,4844800,50.7,82.65,25.7,43.9,260
2001-06-15,3.395,3.4981,3.2902,3.4007,4002600,50.91,82.65,25.7,44.26,260
2001-06-22,3.407,3.4981,3.366,3.4583,3797700,53.03,82.65,25.7,47.98,260
2001-06-29,3.4526,3.481,3.3865,3.4303,2857000,51.86,82.65,25.7,45.93,260
2001-07-06,3.4212,3.4469,3.3944,3.415,2657500,51.19,82.65,25.7,44.75,260
2001-07-13,3.4155,3.4241,3.3073,3.3232,3425100,47.26,82.65,25.7,37.86,260
2001-07-20,3.3215,3.3699,3.207,3.248,3628600,44.27,82.65,25.7,32.6,260
2001-07-27,3.1922,3.1928,3.0019,3.0965,6921200,38.91,82.65,25.7,23.2,260
2001-08-03,3.1079,3.738,3.031,3.1324,4249300,40.74,82.65,25.7,26.41,260
2001-08-10,3.1324,3.1392,3.011,3.0424,3403800,37.69,82.65,25.7,21.06,260
2001-08-17,3.0429,3.0936,3.031,3.0708,1886800,39.24,82.65,25.7,23.78,260
2001-08-24,3.0714,3.1591,3.068,3.1535,2989700,43.62,82.65,25.7,31.46,260
2001-08-31,3.1574,3.2062,3.1279,3.1279,5356000,42.6,82.65,25.7,29.67,260
2001-09-07,3.1337,3.2563,3.121,3.2298,3103500,47.84,82.65,25.7,38.88,260
2001-09-10,3.2315,3.2344,3.1734,3.1999,961200,46.5,82.65,25.7,36.52,260
2001-09-21,3.2056,3.2315,3.0802,3.0871,5513900,41.74,82.65,25.7,28.16,260
2001-09-28,3.0871,3.0934,2.9472,3.0819,4888800,41.53,82.65,25.7,27.79,260
2001-10-05,3.0709,3.1791,3.0416,3.1486,3730600,45.35,82.65,25.7,34.5,260
2001-10-12,3.1751,3.1751,3.0301,3.0416,2113800,40.75,82.65,25.7,26.43,260
2001-10-19,3.0416,3.1233,3.0157,3.0525,1886500,41.4,82.65,25.7,27.58,260
2001-10-26,3.0445,3.0876,3.0019,3.0416,2381300,40.92,82.65,25.7,26.72,260
2001-11-02,3.0531,3.1112,3.0243,3.0865,2193100,43.83,82.65,25.7,31.84,260
2001-11-09,3.0732,3.2643,3.0732,3.2344,2856500,52.2,82.65,25.7,46.54,260
2001-11-16,3.2229,3.2384,3.0934,3.1423,2335600,47.46,82.65,25.7,38.21,260
2001-11-23,3.1561,3.2027,3.079,3.1682,2428500,48.87,82.65,25.7,40.68,260
2001-11-30,3.174,3.228,3.1222,3.2211,4926700,51.71,82.65,25.7,45.67,260
2001-12-07,3.2211,3.2618,3.1716,3.2414,3174100,52.8,82.65,25.7,47.58,260
2001-12-14,3.2356,3.2356,3.0844,3.1827,3560600,49.34,82.65,25.7,41.52,260
2001-12-21,3.1827,3.2792,3.128,3.2367,3334200,52.43,82.65,25.7,46.93,260
2001-12-28,3.2501,3.3304,3.2472,3.2838,1292100,55.0,82.65,25.7,51.45,260
2002-01-04,3.2734,3.3269,3.2123,3.2734,2156300,54.3,82.65,25.7,50.22,260
2002-01-11,3.2792,3.2908,3.2123,3.224,3303200,50.99,82.65,25.7,44.4,260
2002-01-18,3.2298,3.3286,3.224,3.2705,3320000,53.84,82.65,25.7,49.41,260
2002-01-25,3.2676,3.292,3.2356,3.2577,2299500,52.93,82.65,25.7,47.81,260
2002-02-01,3.2571,3.2571,3.021,3.096,8434300,43.01,82.65,25.7,30.39,260
2002-02-08,3.0862,3.099,2.9728,3.0088,3684800,38.78,82.65,25.7,22.98,260
2002-02-15,3.0199,3.1617,2.9774,3.1094,3087300,45.44,82.65,25.7,34.66,260
2002-02-22,3.0949,3.1212,3.043,3.1183,3155100,46.0,82.65,25.7,35.64,260
2002-03-01,3.0948,3.19,3.0683,3.1847,3428900,50.11,82.65,25.7,42.86,260
2002-03-08,3.1788,3.3269,3.1759,3.2934,4169600,56.01,82.65,25.7,53.23,260
2002-03-15,3.3387,3.4286,3.3152,3.4016,4312900,60.96,82.65,25.7,61.91,260
2002-03-22,3.3916,3.5327,3.3634,3.4798,4329700,64.11,82.65,25.7,67.43,260
2002-03-28,3.468,3.5127,3.4328,3.5004,4057300,64.91,82.65,25.7,68.84,260
2002-04-05,3.5033,3.5856,3.4569,3.5497,2856500,66.82,82.65,25.7,72.2,260
2002-04-12,3.5438,3.5838,3.4921,3.565,3070200,67.41,82.65,25.7,73.24,260
2002-04-19,3.5474,3.6749,3.4886,3.6708,5202700,71.24,82.65,25.7,79.96,260
2002-04-26,3.6567,3.7284,3.6062,3.6338,3410300,68.22,82.65,25.7,74.66,260
2002-05-03,3.6467,3.7478,3.6303,3.6896,3496600,70.27,82.65,25.7,78.25,260
2002-05-10,3.6884,3.7161,3.5738,3.6608,2750100,67.84,82.65,25.7,73.99,260
2002-05-17,3.6749,3.7331,3.5815,3.6467,4379500,66.63,82.65,25.7,71.86,260
2002-05-24,3.6385,3.8389,3.632,3.7972,3629200,72.32,82.65,25.7,81.85,260
2002-05-31,3.8101,3.8101,3.6973,3.7026,2947100,64.83,82.65,25.7,68.7,260
2002-06-07,3.5797,3.5803,3.3418,3.3982,14595000,47.72,82.65,25.7,38.66,260
2002-06-14,3.3987,3.5709,3.3916,3.5465,6192100,54.08,82.65,25.7,49.83,260
2002-06-21,3.5608,3.6475,3.508,3.6249,4764700,57.05,82.65,25.7,55.05,260
2002-06-28,3.6237,3.6338,3.4652,3.5608,5095100,53.97,82.65,25.7,49.65,260
2002-07-05,3.5614,3.5661,3.413,3.4439,2973800,48.8,82.65,25.7,40.57,260
2002-07-12,3.4427,3.4492,3.1311,3.2052,5967800,40.31,82.65,25.7,25.66,260
2002-07-19,3.1756,3.3139,2.8728,2.9334,7380900,33.22,82.65,25.7,13.21,260
2002-07-26,2.9275,3.1014,2.671,3.026,8106000,37.27,82.65,25.7,20.32,260
2002-08-02,3.0557,3.3833,2.9987,3.2498,6611200,45.82,82.65,25.7,35.32,260
2002-08-09,3.2498,3.4249,3.1833,3.3477,6868700,49.09,82.65,25.7,41.06,260
2002-08-16,3.3477,3.4207,3.2587,3.2836,6406600,47.08,82.65,25.7,37.55,260
2002-08-23,3.2943,3.4925,3.2688,3.4611,3800300,52.82,82.65,25.7,47.62,260
2002-08-30,3.4723,3.5495,3.3784,3.4222,4074100,51.51,82.65,25.7,45.31,260
2002-09-06,3.3874,3.3934,3.2735,3.3395,3983800,48.72,82.65,25.7,40.42,260
2002-09-13,3.1926,3.2256,2.9887,3.1099,10488300,41.94,82.65,25.7,28.52,260
2002-09-20,3.0817,3.1926,3.0097,3.1158,8053200,42.17,82.65,25.7,28.92,260
2002-09-27,3.0727,3.2076,3.0337,3.165,6827200,44.09,82.65,25.7,32.3,260
2002-10-04,3.1518,3.3635,3.1116,3.219,6810000,46.21,82.65,25.7,36.01,260
2002-10-11,3.2262,3.3275,2.8988,3.1734,11191800,44.67,82.65,25.7,33.31,260
2002-10-18,3.0517,3.3317,3.0457,3.3143,7474500,50.19,82.65,25.7,43.0,260
2002-10-25,3.3185,3.5469,3.2945,3.5151,6606500,56.8,82.65,25.7,54.61,260
2002-11-01,3.5151,3.5973,3.4618,3.5403,4608700,57.56,82.65,25.7,55.95,260
2002-11-08,3.5409,3.6812,3.3755,3.3802,6946700,51.37,82.65,25.7,45.07,260
2002-11-15,3.3808,3.4114,3.2771,3.4114,5311900,52.44,82.65,25.7,46.96,260
2002-11-22,3.4264,3.6069,3.3874,3.5895,4520300,58.13,82.65,25.7,56.94,260
2002-11-29,3.5901,3.6201,3.5175,3.5605,3289700,56.93,82.65,25.7,54.84,260
2002-12-06,3.5605,3.5969,3.4346,3.4727,3962500,53.36,82.65,25.7,48.57,260
2002-12-13,3.4727,3.6514,3.4697,3.612,4323100,57.88,82.65,25.7,56.5,260
2002-12-20,3.6126,3.6635,3.5726,3.609,4356500,57.75,82.65,25.7,56.27,260
2002-12-27,3.6211,3.6617,3.5787,3.5926,1903900,57.0,82.65,25.7,54.95,260
2003-01-03,3.5999,3.747,3.5878,3.7053,3278400,60.77,82.65,25.7,61.58,260
2003-01-10,3.6938,3.8615,3.6265,3.6568,6638300,58.4,82.65,25.7,57.41,260
2003-01-17,3.6574,3.6574,3.5157,3.5272,5437000,52.49,82.65,25.7,47.04,260
2003-01-24,3.5617,3.5666,3.4406,3.5097,3834400,51.72,82.65,25.7,45.69,260
2003-01-31,3.5103,3.5569,3.4606,3.5357,5291300,52.82,82.65,25.7,47.62,260
2003-02-07,3.5333,3.5666,3.4219,3.4243,3869400,47.81,82.65,25.7,38.83,260
2003-02-14,3.4273,3.4794,3.2426,3.4685,6423000,49.84,82.65,25.7,42.4,260
2003-02-21,3.4909,3.5181,3.431,3.4697,3663700,49.9,82.65,25.7,42.5,260
2003-02-28,3.4758,3.542,3.427,3.4276,5019600,47.85,82.65,25.7,38.89,260
2003-03-07,3.4386,3.569,3.4386,3.5267,4658900,52.78,82.65,25.7,47.55,260
2003-03-14,3.4759,3.5457,3.4729,3.5114,4079900,51.96,80.77,25.7,47.69,260
2003-03-21,3.5145,3.6528,3.5072,3.6528,3887800,58.37,80.77,25.7,59.32,260
2003-03-28,3.6412,3.6467,3.5726,3.5922,2714100,54.98,80.77,25.7,53.18,260
2003-04-04,3.5922,3.654,3.5335,3.5885,6033200,54.78,80.77,25.7,52.8,260
2003-04-11,3.6063,3.6626,3.58,3.624,5099000,56.48,80.77,25.7,55.9,260
2003-04-17,3.6234,3.6871,3.5916,3.6559,3515600,58.02,80.77,25.7,58.68,260
2003-04-25,3.6559,3.7018,3.5983,3.6565,5575200,58.05,80.77,25.7,58.74,260
2003-05-02,3.6932,3.7568,3.6565,3.6981,4895000,60.17,80.77,25.7,62.59,260
2003-05-09,3.6901,3.7005,3.6357,3.684,5158400,59.08,80.77,25.7,60.61,260
2003-05-16,3.6962,3.856,3.6675,3.837,5163900,66.24,80.77,25.7,73.61,260
2003-05-23,3.8278,4.0108,3.7727,3.9943,6501500,71.71,80.77,25.7,83.55,260
2003-05-30,3.9943,4.1063,3.8994,4.0677,6145400,73.85,80.77,25.7,87.42,260
2003-06-06,4.0799,4.1791,4.0649,4.0766,4734100,74.1,80.77,25.7,87.89,260
2003-06-13,4.0748,4.1217,3.9914,4.055,4819400,72.26,80.77,25.7,84.54,260
2003-06-20,4.0705,4.2031,4.0674,4.1618,4288300,75.5,80.77,25.7,90.43,260
2003-06-27,4.1557,4.1705,4.0995,4.1211,3883400,72.04,80.77,25.7,84.15,260
2003-07-03,4.1396,4.1773,4.084,4.0859,3407000,69.1,80.77,25.7,78.81,260
2003-07-11,4.0871,4.1106,3.871,3.9334,5737600,58.03,80.77,25.7,58.72,260
2003-07-18,4.0007,4.0007,3.7939,3.8704,5284800,54.18,80.77,25.7,51.71,260
2003-07-25,3.8772,3.9069,3.8124,3.876,3585100,54.46,80.77,25.7,52.23,260
2003-08-01,3.8957,3.9093,3.7667,3.7784,4458900,48.69,80.77,25.7,41.74,260
2003-08-08,3.7784,3.8186,3.705,3.8,3629300,49.95,80.77,25.7,44.04,260
2003-08-15,3.8062,3.876,3.7723,3.8383,2880000,52.2,80.77,25.7,48.13,260
2003-08-22,3.871,3.9019,3.8198,3.8556,3954700,53.23,80.77,25.7,49.99,260
2003-08-29,3.8624,3.9112,3.8368,3.8561,4091500,53.26,80.77,25.7,50.05,260
2003-09-05,3.8568,3.8929,3.8181,3.8362,4943700,51.78,80.77,25.7,47.35,260
2003-09-12,3.8337,3.901,3.8025,3.901,5871400,56.06,80.77,25.7,55.13,260
2003-09-19,3.901,3.9528,3.8462,3.8992,4719000,55.9,80.77,25.7,54.85,260
2003-09-26,3.8998,3.9391,3.8306,3.9154,4472800,57.01,80.77,25.7,56.85,260
2003-10-03,3.9366,4.0538,3.9029,4.0394,5822300,64.36,80.77,25.7,70.19,260
2003-10-10,4.0338,4.0407,3.9852,4.0201,3927600,62.56,80.77,25.7,66.94,260
2003-10-17,4.0357,4.0394,3.9359,3.9397,5605900,55.61,80.77,25.7,54.32,260
2003-10-24,3.9303,3.9864,3.9054,3.9802,4170700,58.14,80.77,25.7,58.9,260
2003-10-31,3.9777,4.0163,3.9615,3.9733,4159300,57.54,80.77,25.7,57.82,260
2003-11-07,3.9677,4.0245,3.9397,3.9958,3199200,59.02,80.77,25.7,60.51,260
2003-11-14,4.002,4.0793,3.9902,4.06,3576400,63.0,80.77,25.7,67.73,260
2003-11-21,4.0656,4.0706,3.9098,3.9453,4296200,53.09,80.77,25.7,49.73,260
2003-11-28,3.9609,4.0241,3.9534,3.999,3066800,56.53,80.77,25.7,55.99,260
2003-12-05,4.021,4.0965,3.9782,4.0625,4719200,60.26,80.77,25.7,62.75,260
2003-12-12,4.0701,4.0959,4.0292,4.0474,3121100,58.96,80.77,25.7,60.4,260
2003-12-19,4.065,4.0757,3.9643,4.0461,5512100,58.85,80.77,25.7,60.2,260
2003-12-26,4.0336,4.0921,4.0304,4.0719,1411600,60.52,80.77,25.7,63.24,260
2004-01-02,4.1122,4.1519,4.0776,4.0921,2625500,61.83,80.77,25.7,65.61,260
2004-01-09,4.1078,4.1078,3.9857,4.0115,5060200,54.12,80.77,25.7,51.61,260
2004-01-16,4.0399,4.1701,4.0248,4.1059,6146200,60.36,80.77,25.7,62.93,260
2004-01-23,4.0996,4.2123,4.0751,4.1418,3700300,62.45,80.77,25.7,66.73,260
2004-01-30,4.1424,4.1582,4.0594,4.1374,5054300,62.02,80.77,25.7,65.94,260
2004-02-06,4.1405,4.1449,4.0128,4.026,5173600,52.18,80.77,25.7,48.09,260
2004-02-13,4.0285,4.1091,4.021,4.0675,4659500,55.04,80.77,25.7,53.28,260
2004-02-20,4.0902,4.1902,4.087,4.1437,3582800,59.8,80.77,25.7,61.91,260
2004-02-27,4.15,4.1974,4.1301,4.1701,5358300,61.32,80.77,25.7,64.69,260
2004-03-05,4.1765,4.3067,4.1364,4.3035,4738500,67.95,80.77,25.7,76.71,260
2004-03-12,4.3035,4.3708,4.2057,4.2489,5121600,63.18,80.77,25.7,68.05,260
2004-03-19,4.2495,4.3353,4.2178,4.2794,3464000,64.67,80.77,25.7,70.76,260
2004-03-26,4.2794,4.2902,4.1701,4.2203,4931400,59.63,80.77,25.7,61.61,260
2004-04-02,4.2247,4.2717,4.1955,4.212,3260600,58.94,80.77,25.7,60.35,260
2004-04-08,4.2241,4.2292,4.1619,4.172,2532300,55.57,80.77,25.7,54.25,260
2004-04-16,4.1765,4.1904,3.9872,4.0672,4979500,47.87,80.77,25.7,40.26,260
2004-04-23,4.0666,4.1657,4.0062,4.1574,5742800,53.81,80.77,25.7,51.04,260
2004-04-30,4.1415,4.1638,4.0323,4.0412,4623200,46.46,80.77,25.7,37.71,260
2004-05-07,4.0462,4.0888,3.9414,3.9478,3616900,41.56,80.77,25.7,28.8,260
2004-05-14,3.9383,3.9383,3.8239,3.9129,5145800,39.86,80.77,25.7,25.72,260
2004-05-21,3.9097,3.9472,3.8697,3.9002,3299000,39.24,80.77,25.7,24.58,260
2004-05-28,3.9033,4.0647,3.9033,4.0494,3679600,49.32,80.77,25.7,42.9,260
2004-06-04,4.0812,4.1084,4.0295,4.0615,3882900,50.05,80.77,25.7,44.21,260
2004-06-10,4.0641,4.0756,4.0102,4.066,2899700,50.33,80.77,25.7,44.73,260
2004-06-18,4.066,4.1129,4.0442,4.0955,2701700,52.25,80.77,25.7,48.21,260
2004-06-25,4.1019,4.1321,4.0564,4.0949,3440100,52.2,80.77,25.7,48.12,260
2004-07-02,4.1084,4.1533,4.0218,4.0705,3960400,50.34,80.77,25.7,44.74,260
2004-07-09,4.0705,4.0712,4.0057,4.0166,2616300,46.4,80.77,25.7,37.6,260
2004-07-16,4.0166,4.1218,4.0032,4.1116,3287800,53.33,80.77,25.7,50.17,260
2004-07-23,4.1122,4.2334,4.0436,4.218,4995100,59.63,80.77,25.7,61.61,260
2004-07-30,4.218,4.3374,4.1802,4.3187,5848100,64.51,80.77,25.7,70.47,260
2004-08-06,4.3078,4.3681,4.2995,4.3444,3951100,65.65,80.77,25.7,72.54,260
2004-08-13,4.3553,4.4028,4.2957,4.3406,3730900,65.31,80.77,25.7,71.93,260
2004-08-20,4.3245,4.4259,4.3168,4.3611,3255000,66.31,80.77,25.7,73.74,260
2004-08-27,4.372,4.4497,4.3636,4.4407,4426500,69.92,80.77,25.7,80.3,260
2004-09-03,4.4471,4.5029,4.4309,4.4724,3021400,71.25,80.77,25.7,82.71,260
2004-09-10,4.4789,4.5249,4.4141,4.4633,3472500,70.3,80.77,25.7,80.98,260
2004-09-17,4.4569,4.4698,4.3752,4.4024,4261000,64.1,80.77,25.7,69.72,260
2004-09-24,4.3914,4.4245,4.3467,4.394,4935800,63.27,80.77,25.7,68.22,260
2004-10-01,4.3759,4.4575,4.3759,4.4426,3744700,66.0,80.77,25.7,73.19,260
2004-10-08,4.4504,4.4653,4.3921,4.44,3103200,65.72,80.77,25.7,72.68,260
2004-10-15,4.4439,4.4731,4.3921,4.4556,3190600,66.64,80.77,25.7,74.34,260
2004-10-22,4.4575,4.4724,4.3616,4.451,3720300,66.09,80.77,25.7,73.33,260
2004-10-29,4.4607,4.5178,4.4102,4.4633,3960800,66.89,80.77,25.7,74.8,260
2004-11-05,4.4679,4.5994,4.3986,4.5657,4872700,72.71,80.77,25.7,85.37,260
2004-11-12,4.5722,4.703,4.5683,4.7004,3807000,78.16,80.77,25.7,95.25,260
2004-11-19,4.7004,4.7173,4.6344,4.6518,3155800,72.54,80.77,25.7,85.05,260
2004-11-26,4.6836,4.794,4.6648,4.7541,2591000,76.39,80.77,25.7,92.04,260
2004-12-03,4.7548,4.7548,4.5377,4.643,6799500,65.62,80.77,25.7,72.49,260
2004-12-10,4.658,4.76,4.6521,4.741,5106100,69.68,80.77,25.7,79.86,260
2004-12-17,4.7626,4.9025,4.7528,4.8836,5396300,74.41,80.77,25.7,88.45,260
2004-12-23,4.8869,4.9758,4.8829,4.9562,3434700,76.43,80.77,25.7,92.11,260
2004-12-31,4.9568,4.9705,4.8712,4.8875,3940100,70.75,80.77,25.7,81.8,260
2005-01-07,4.9039,4.9039,4.6946,4.779,5011500,62.8,80.77,25.7,67.37,260
2005-01-14,4.7829,4.828,4.7293,4.7888,3592100,63.2,80.77,25.7,68.1,260
2005-01-21,4.7881,4.9189,4.7679,4.8784,3613100,66.74,80.77,25.7,74.52,260
2005-01-28,4.8829,4.9424,4.8234,4.9405,4663700,68.97,80.77,25.7,78.57,260
2005-02-04,4.945,5.2112,4.9411,5.2112,4557300,76.39,80.77,25.7,92.04,260
2005-02-11,5.2112,5.2432,5.1262,5.149,4306500,72.13,80.77,25.7,84.3,260
2005-02-18,5.149,5.2367,5.1033,5.1392,4126000,71.45,80.77,33.22,80.39,260
2005-02-25,5.1641,5.2314,5.0176,5.2112,4733300,73.42,80.77,33.22,84.54,260
2005-03-04,5.2177,5.3581,5.1654,5.3396,5234200,76.54,80.77,33.22,91.1,260
2005-03-11,5.333,5.403,5.2215,5.2651,4739400,71.31,80.77,33.22,80.1,260
2005-03-18,5.2638,5.459,5.2552,5.3251,10188300,72.92,80.77,33.22,83.48,260
2005-03-24,5.3251,5.3436,5.1061,5.2103,7371600,65.39,80.77,33.22,67.64,260
2005-04-01,5.2433,5.3766,5.1166,5.2948,8668600,68.0,80.77,33.22,73.15,260
2005-04-08,5.2948,5.3832,5.2512,5.3211,6606600,68.8,80.77,33.22,74.82,260
2005-04-15,5.3251,5.4821,5.2697,5.2697,7636100,65.39,80.77,33.22,67.65,260
2005-04-22,5.2697,5.5243,5.2459,5.4848,9951800,71.7,80.77,33.22,80.92,260
2005-04-29,5.5072,5.5375,5.304,5.3858,9498300,65.76,80.77,33.22,68.43,260
2005-05-06,5.3858,5.4491,5.2948,5.3277,9223400,62.49,80.77,33.22,61.55,260
2005-05-13,5.337,5.4425,5.1668,5.2816,7376500,59.93,80.77,33.22,56.18,260
2005-05-20,5.2908,5.3515,5.1918,5.3343,8345000,61.85,80.77,33.22,60.21,260
2005-05-27,5.3436,5.3871,5.2802,5.3871,5878100,63.72,80.77,33.22,64.15,260
2005-06-03,5.395,5.4645,5.3172,5.4179,5872900,64.81,80.77,33.22,66.43,260
2005-06-10,5.4113,5.5058,5.3913,5.4552,5496500,66.13,80.77,33.22,69.2,260
2005-06-17,5.4419,5.5217,5.366,5.5204,6301400,68.37,80.77,33.22,73.91,260
2005-06-24,5.4911,5.5683,5.4446,5.5098,6148500,67.58,80.77,33.22,72.26,260
2005-07-01,5.4951,5.6894,5.4805,5.6815,5811900,72.97,80.77,33.22,83.58,260
2005-07-08,5.6815,5.7813,5.567,5.768,5675700,75.2,80.77,33.22,88.28,260
2005-07-15,5.7919,5.9343,5.764,5.7839,5905500,75.6,80.77,33.22,89.13,260
2005-07-22,5.7986,5.8545,5.6375,5.752,6377200,73.06,80.77,33.22,83.78,260
2005-07-29,5.7427,5.7773,5.6588,5.7387,5249200,71.97,80.77,33.22,81.49,260
2005-08-05,5.7507,5.8491,5.559,5.6029,5940100,61.86,80.77,33.22,60.22,260
2005-08-12,5.5949,5.6469,5.4845,5.543,6268800,57.99,80.77,33.22,52.08,260
2005-08-19,5.5204,5.5856,5.3634,5.4432,5467800,52.13,80.77,33.22,39.77,260
2005-08-26,5.4752,5.8587,5.4565,5.7863,11947800,65.15,80.77,33.22,67.15,260
2005-09-02,5.7366,5.9647,5.7259,5.9191,7442900,68.71,80.77,33.22,74.62,260
2005-09-09,5.9527,6.1526,5.9527,6.1459,5731300,73.64,80.77,33.22,85.01,260
2005-09-16,6.1862,6.2103,6.0721,6.1727,9621400,74.16,80.77,33.22,86.1,260
2005-09-23,6.1593,6.2291,5.9312,6.0694,7492500,68.56,78.16,33.22,78.64,260
2005-09-30,6.0654,6.4559,6.005,6.3874,10216400,74.86,78.16,33.22,92.65,260
2005-10-07,6.3673,6.4478,6.0117,6.1352,11164500,63.92,78.16,33.22,68.31,260
2005-10-14,6.1271,6.1593,5.852,5.9379,7928500,56.92,78.16,33.22,52.73,260
2005-10-21,5.9245,6.0144,5.5971,5.7058,9199800,49.98,78.16,33.22,37.29,260
2005-10-28,5.7447,5.8695,5.6373,5.7635,7251300,51.56,78.16,33.22,40.81,260
2005-11-04,5.7433,5.8171,5.6185,5.6481,12600300,48.27,78.16,33.22,33.5,260
2005-11-11,5.6682,5.6709,5.5072,5.6051,10712700,47.07,78.16,33.22,30.82,260
2005-11-18,5.5957,5.8104,5.4696,5.793,10011800,52.63,78.16,33.22,43.19,260
2005-11-25,5.797,5.8694,5.7354,5.8694,4976600,54.71,78.16,33.22,47.82,260
2005-12-02,5.8477,5.8924,5.7029,5.7462,5963500,50.83,78.16,33.22,39.19,260
2005-12-09,5.7801,5.7801,5.5825,5.7178,9686900,49.95,78.16,33.22,37.23,260
2005-12-16,5.734,5.8924,5.6678,5.8112,12467600,52.84,78.16,33.22,43.66,260
2005-12-23,5.845,5.9532,5.5473,5.5555,20728300,45.15,78.16,33.22,26.55,260
2005-12-30,5.5555,5.6786,5.5135,5.6231,8339700,47.34,78.16,33.22,31.41,260
2006-01-06,5.6637,5.7354,5.6001,5.7124,7897900,50.16,78.16,33.22,37.68,260
2006-01-13,5.6962,5.7151,5.6055,5.6407,7853900,47.94,78.16,33.22,32.74,260
2006-01-20,5.6245,5.8748,5.5906,5.7855,8407900,52.51,78.16,33.22,42.91,260
2006-01-27,5.7855,5.8017,5.4919,5.6366,11382200,47.86,78.16,33.22,32.56,260
2006-02-03,5.6583,5.7232,5.3214,5.458,13034800,42.94,78.16,33.22,21.63,260
2006-02-10,5.5189,5.7503,5.4824,5.6637,15752600,49.39,78.16,33.22,35.97,260
2006-02-17,5.6759,5.7016,5.5663,5.6772,8723600,49.79,78.16,33.22,36.87,260
2006-02-24,5.6962,5.7232,5.6272,5.6529,6156100,49.03,78.16,33.22,35.19,260
2006-03-03,5.6867,5.7246,5.5331,5.5331,12172700,45.39,78.16,33.22,27.08,260
2006-03-10,5.5277,5.5304,5.3051,5.3556,11179800,40.58,78.16,33.22,16.37,260
2006-03-17,5.3829,5.6574,5.3556,5.5468,14595400,47.09,78.16,33.22,30.85,260
2006-03-24,5.6383,5.6465,5.4457,5.5577,15408600,47.44,78.16,33.22,31.64,260
2006-03-31,5.5318,5.57,5.4621,5.4812,17381000,45.16,78.16,33.22,26.57,260
2006-04-07,5.4812,5.5932,5.4212,5.4785,17957000,45.08,78.16,33.22,26.38,260
2006-04-13,5.4567,5.5304,5.2914,5.3174,12987100,40.35,78.16,33.22,15.86,260
2006-04-21,5.3215,5.4689,5.2354,5.372,17064300,42.55,78.16,33.22,20.75,260
2006-04-28,5.3638,5.4212,5.2327,5.4075,11934300,43.99,78.16,33.22,23.97,260
2006-05-05,5.4075,5.473,5.2969,5.4553,16531300,45.97,78.16,33.22,28.36,260
2006-05-12,5.4635,5.4894,5.3351,5.3433,12874800,42.22,78.16,33.22,20.01,260
2006-05-19,5.2983,5.3624,5.1631,5.2341,15254800,38.88,78.16,33.22,12.6,260
2006-05-26,5.2027,5.3761,5.1904,5.3679,16484900,44.65,78.16,33.22,25.43,260
2006-06-02,5.3611,5.5782,5.3078,5.5714,15234100,52.05,78.16,33.22,41.9,260
2006-06-09,5.5714,5.7839,5.499,5.7591,22199200,57.68,78.16,33.22,54.42,260
2006-06-16,5.766,5.7839,5.5827,5.6846,20571100,54.93,78.16,33.22,48.3,260
2006-06-23,5.715,5.715,5.5344,5.5813,8421200,51.27,78.16,33.22,40.16,260
2006-06-30,5.5937,5.7039,5.5441,5.7026,10055200,55.05,78.16,33.22,48.58,260
2006-07-07,5.7026,5.7177,5.5937,5.6833,5609700,54.33,78.16,33.22,46.97,260
2006-07-14,5.6929,5.7632,5.6654,5.7343,10493100,55.97,78.16,33.22,50.63,260
2006-07-21,5.7356,5.9134,5.6915,5.912,11461800,61.22,78.16,33.22,62.3,260
2006-07-28,5.9258,6.0085,5.9093,5.9258,11830700,61.6,78.16,33.22,63.15,260
2006-08-04,5.9051,6.0636,5.8817,6.0567,11204200,65.11,78.16,33.22,70.96,260
2006-08-11,6.0636,6.0829,5.9299,6.014,10084700,63.08,78.16,33.22,66.45,260
2006-08-18,6.0498,6.116,5.9299,6.0099,9767100,62.88,78.16,33.22,66.0,260
2006-08-25,6.0195,6.1355,6.0035,6.1244,8211400,66.15,78.16,33.22,73.27,260
2006-09-01,6.1272,6.2064,6.0688,6.1717,10743600,67.42,78.16,33.22,76.11,260
2006-09-08,6.1967,6.205,6.073,6.1508,7207500,66.24,78.16,33.22,73.47,260
2006-09-15,6.1508,6.2203,6.0813,6.1925,12426400,67.47,78.16,33.22,76.21,260
2006-09-22,6.2106,6.2189,6.0897,6.18,7965500,66.68,78.16,33.22,74.46,260
2006-09-29,6.2092,6.376,6.1744,6.2551,10950600,69.01,78.16,33.22,79.65,260
2006-10-06,6.2731,6.5331,6.2509,6.4385,14674100,73.84,78.16,33.22,90.38,260
2006-10-13,6.4385,6.515,6.3968,6.4538,8978600,74.2,78.16,33.22,91.18,260
2006-10-20,6.4719,6.6637,6.4233,6.6582,8685400,78.46,78.46,33.22,100.0,260
2006-10-27,6.6373,6.9709,6.6012,6.939,27319800,82.7,82.7,33.22,100.0,260
2006-11-03,7.0877,7.178,6.964,7.0863,21782300,84.43,84.43,33.22,100.0,260
2006-11-10,7.0724,7.431,7.0557,7.3657,14468900,87.07,87.07,33.22,100.0,260
2006-11-17,7.3587,7.4227,7.2364,7.3226,13412000,84.68,87.07,33.22,95.57,260
2006-11-24,7.2934,7.4365,7.2865,7.3931,7655000,85.39,87.07,33.22,96.88,260
2006-12-01,7.3749,7.5499,7.2895,7.4421,11196700,85.88,87.07,33.22,97.78,260
2006-12-08,7.4617,7.6059,7.4519,7.4673,8409500,86.13,87.07,33.22,98.26,260
2006-12-15,7.4701,7.7053,7.4603,7.6913,8367600,88.18,88.18,33.22,100.0,260
2006-12-22,7.7291,7.7795,7.5807,7.6521,10049100,85.79,88.18,33.22,95.65,260
2006-12-29,7.6367,7.7417,7.5947,7.6185,6376400,83.7,88.18,33.22,91.84,260
2007-01-05,7.6185,7.7809,7.5667,7.6059,7136000,82.88,88.18,33.22,90.36,260
2007-01-12,7.5947,7.6619,7.5205,7.5387,9345000,78.48,88.18,33.22,82.35,260
2007-01-19,7.5597,7.6927,7.5289,7.6619,7429300,80.52,88.18,33.22,86.07,260
2007-01-26,7.5597,7.8537,7.5597,7.8397,9989300,83.03,88.18,33.22,90.62,260
2007-02-02,7.7837,8.0805,7.7781,8.0707,10711400,85.61,88.18,33.22,95.32,260
2007-02-09,8.0539,8.3352,8.0427,8.2526,10749800,87.26,88.18,33.22,98.32,260
2007-02-16,8.2596,8.38,8.2064,8.2932,5968800,87.6,88.18,33.22,98.94,260
2007-02-23,8.2358,8.3772,8.2134,8.3492,5488100,88.07,88.18,33.22,99.81,260
2007-03-02,8.5634,8.8294,8.0012,8.1689,15495600,77.76,88.18,33.22,81.04,260
2007-03-09,8.035,8.2436,7.9645,8.176,10836000,77.87,88.18,33.22,81.24,260
2007-03-16,8.1732,8.465,8.1506,8.4015,11805100,81.07,88.18,33.22,87.06,260
2007-03-23,8.41,8.699,8.3733,8.6961,11540800,84.27,88.18,33.22,92.88,260
2007-03-30,8.7257,8.7892,8.5284,8.6228,15642900,80.62,88.18,33.22,86.24,260
2007-04-05,8.6736,8.878,8.6313,8.6553,12197700,81.01,88.18,33.22,86.95,260
2007-04-13,8.6694,8.761,8.5058,8.5242,12945600,74.46,88.18,33.22,75.03,260
2007-04-20,8.5566,8.9132,8.5425,8.7751,13973300,78.11,88.18,33.22,81.67,260
2007-04-27,8.8921,9.1585,8.8103,9.0077,9922300,80.84,88.18,33.22,86.64,260
2007-05-04,9.0641,9.2699,8.9879,9.0161,11068000,80.93,88.18,33.22,86.81,260
2007-05-11,8.9738,9.1049,8.9062,9.1049,10273700,81.93,88.18,33.22,88.62,260
2007-05-18,9.1289,9.3375,9.1204,9.1726,8933600,82.67,88.18,33.22,89.97,260
2007-05-25,9.1909,9.377,8.7131,8.8216,10928600,67.25,88.18,33.22,61.92,260
2007-06-01,8.8286,9.0838,8.7807,8.9287,7862300,69.14,88.18,33.22,65.36,260
2007-06-08,8.8879,8.9442,8.1042,8.3043,21528400,50.74,88.18,33.22,31.88,260
2007-06-15,8.1865,8.7712,8.1865,8.7003,18124900,58.32,88.18,33.22,45.66,260
2007-06-22,8.7542,8.7996,8.2177,8.2291,10805800,48.72,88.18,33.22,28.19,260
2007-06-29,8.1993,8.3369,7.9736,8.0531,15138100,45.69,88.18,33.22,22.69,260
2007-07-06,8.1283,8.1709,7.9083,8.019,8270200,45.11,88.18,33.22,21.63,260
2007-07-13,8.0247,8.178,7.7508,8.1553,12854400,47.97,88.18,37.27,21.02,260
2007-07-20,8.2944,8.4874,8.1482,8.3199,12915200,51.28,88.18,38.88,25.15,260
2007-07-27,8.5229,8.6052,7.7891,7.7948,14488500,42.09,88.18,38.88,6.5,260
2007-08-03,8.09,8.5612,7.9282,8.1056,19423900,48.03,88.18,38.88,18.55,260
2007-08-10,8.1893,9.1119,8.1411,8.5442,22135100,55.03,88.18,38.88,32.76,260
2007-08-17,8.5811,8.662,8.0375,8.5158,14592500,54.52,88.18,38.88,31.72,260
2007-08-24,8.5144,8.6577,8.3384,8.5158,7768700,54.52,88.18,38.88,31.72,260
2007-08-31,8.5158,8.5158,8.1212,8.4095,8861700,52.4,88.18,38.88,27.42,260
2007-09-07,8.4238,8.6839,8.3223,8.3737,8236800,51.68,88.18,38.88,25.95,260
2007-09-14,8.4238,8.8182,8.3637,8.7739,7438400,58.6,88.18,38.88,40.0,260
2007-09-21,8.7468,9.0741,8.641,9.0183,8238600,62.17,88.18,38.88,47.23,260
2007-09-28,8.9926,9.0255,8.6825,8.701,7852300,55.49,88.18,38.88,33.68,260
2007-10-05,8.7168,9.0555,8.7168,8.9797,5068300,59.59,88.18,38.88,42.01,260
2007-10-12,8.9683,9.1312,8.8968,9.0812,7679500,61.01,88.18,38.88,44.87,260
2007-10-19,9.0726,9.1255,8.661,8.6739,9666200,53.0,88.18,38.88,28.64,260
2007-10-26,8.6181,9.5228,8.6124,9.5228,9903300,63.69,88.18,38.88,50.32,260
2007-11-02,9.5285,9.7872,9.4356,9.5171,13026100,63.59,88.18,38.88,50.11,260
2007-11-09,9.3656,9.9273,9.3656,9.8458,11274000,66.96,88.18,38.88,56.95,260
2007-11-16,9.8487,10.0202,9.4671,9.7143,15601300,64.39,88.18,38.88,51.74,260
2007-11-23,9.6386,10.0216,9.5843,9.7887,7394900,65.2,88.18,38.88,53.39,260
2007-11-30,9.8601,10.0842,9.6057,10.0296,10032400,67.77,88.18,38.88,58.59,260
2007-12-07,9.9994,10.4624,9.9994,10.2366,14023400,69.83,88.18,38.88,62.77,260
2007-12-14,10.2453,10.3114,9.8168,9.9764,10814200,64.27,88.18,38.88,51.5,260
2007-12-21,9.962,10.182,9.7938,9.8312,13642400,61.34,88.18,38.88,45.55,260
2007-12-28,9.8139,9.9203,9.7924,9.8657,4636200,61.78,88.18,38.88,46.45,260
2008-01-04,9.8168,9.9778,9.525,9.8945,7680500,62.17,88.18,38.88,47.25,260
2008-01-11,9.9592,10.6033,9.9045,10.2453,18598300,66.67,88.18,38.88,56.36,260
2008-01-18,10.3488,10.3488,9.0706,9.1583,17989600,47.75,88.18,38.88,17.98,260
2008-01-25,8.6623,9.144,8.2253,8.7802,18797900,43.16,88.18,38.88,8.67,260
2008-02-01,8.842,9.4574,8.6868,9.3927,14647500,51.32,88.18,38.88,25.23,260
2008-02-08,9.4171,9.6817,9.0304,9.0908,10153700,47.69,88.18,38.88,17.86,260
2008-02-15,9.0692,9.4171,9.0131,9.3007,8324700,50.32,88.18,38.88,23.2,260
2008-02-22,9.3726,9.4171,9.1238,9.2849,6608100,50.12,88.18,38.88,22.78,260
2008-02-29,9.2849,9.4027,8.6441,8.728,11752400,43.42,88.18,38.88,9.2,260
2008-03-07,8.7005,9.0928,8.5876,8.728,12845300,43.42,88.18,38.88,9.2,260
2008-03-14,8.715,8.9756,8.5448,8.8945,12827200,45.92,88.18,38.88,14.28,260
2008-03-20,8.7005,9.1652,8.6267,8.812,12535100,44.86,88.18,38.88,12.13,260
2008-03-28,8.9539,9.2579,8.8641,8.9698,11708900,47.37,88.18,38.88,17.21,260
2008-04-04,8.9495,9.6994,8.9003,9.5474,10351300,55.36,88.18,38.88,33.42,260
2008-04-11,9.5981,9.6545,9.3462,9.3867,5855700,52.95,88.18,38.88,28.53,260
2008-04-18,9.365,9.8645,9.297,9.6184,6866600,55.93,88.18,38.88,34.57,260
2008-04-25,9.5474,9.8572,9.546,9.6459,5610400,56.28,88.18,38.88,35.29,260
2008-05-02,9.6705,9.9861,9.4649,9.9093,7748600,59.62,88.18,38.88,42.07,260
2008-05-09,9.905,9.905,9.3404,9.4446,8891500,52.06,88.18,38.88,26.73,260
2008-05-16,9.4359,9.5547,9.2289,9.3187,8874300,50.2,88.18,38.88,22.96,260
2008-05-23,9.3216,9.7704,9.3216,9.4794,10006000,52.53,88.18,38.88,27.68,260
2008-05-30,9.4649,9.8485,9.4649,9.7747,7024900,56.55,88.18,38.88,35.84,260
2008-06-06,9.7559,9.766,9.3092,9.3296,10167300,49.72,88.18,38.88,21.98,260
2008-06-13,9.3369,9.8266,9.2568,9.8266,10427600,56.1,88.18,38.88,34.92,260
2008-06-20,9.8587,9.9345,9.6357,9.6794,9575500,53.92,88.18,38.88,30.49,260
2008-06-27,9.7013,9.8383,9.1824,9.2582,9261600,48.14,88.18,38.88,18.79,260
2008-07-03,9.2538,9.7377,9.2247,9.4521,10156800,50.76,88.18,38.88,24.08,260
2008-07-11,9.4739,10.022,9.3471,9.8981,14566600,56.22,88.18,38.88,35.17,260
2008-07-18,9.8529,9.9957,9.3049,9.5045,14327400,50.86,88.18,38.88,24.29,260
2008-07-25,9.5235,9.7042,9.146,9.1926,10919400,47.03,88.18,38.88,16.52,260
2008-08-01,9.1897,9.4652,8.9201,8.9259,11301300,43.98,88.18,38.88,10.34,260
2008-08-08,8.9361,8.9696,8.3079,8.7525,17442100,42.07,88.18,38.88,6.46,260
2008-08-15,8.8326,8.8924,8.5615,8.7058,10009200,41.55,88.18,38.88,5.4,260
2008-08-22,8.7087,9.0221,8.7029,8.9507,9675100,45.38,88.18,38.88,13.18,260
2008-08-29,8.939,9.0075,8.751,8.8181,5643700,43.71,88.18,38.88,9.79,260
2008-09-05,8.8988,8.9282,7.9606,8.084,13267900,35.84,88.18,35.84,0.0,260
2008-09-12,8.2205,8.3703,7.8623,8.219,14405900,38.05,88.18,35.84,4.23,260
2008-09-19,8.0766,8.3996,7.3337,8.2176,23589900,38.03,88.18,35.84,4.2,260
2008-09-26,8.219,8.219,7.6905,8.1221,10637500,36.99,88.18,35.84,2.2,260
2008-10-03,8.0428,8.0428,6.9799,7.1061,24912400,28.13,88.18,28.13,0.0,260
2008-10-10,6.971,7.0973,4.964,5.4441,28287900,19.79,88.18,19.79,0.0,260
2008-10-17,5.9242,6.9769,5.3032,6.14,39010900,29.25,88.18,19.79,13.84,260
2008-10-24,6.2032,6.8374,5.8802,6.3427,22616600,31.77,88.18,19.79,17.53,260
2008-10-31,6.1562,7.1575,5.9624,6.9358,22700700,38.67,88.18,19.79,27.61,260
2008-11-07,6.9299,7.1164,6.306,6.8888,14006000,38.34,88.18,19.79,27.13,260
2008-11-14,7.0357,7.275,6.2487,6.9446,17123600,39.01,88.18,19.79,28.11,260
2008-11-21,6.8404,7.1208,6.2458,7.1017,22198400,40.95,88.18,19.79,30.94,260
2008-11-28,7.1326,7.3513,6.8286,7.2254,11204500,42.49,88.18,19.79,33.2,260
2008-12-05,7.1335,7.1335,6.3748,6.8683,15515000,39.29,88.18,19.79,28.52,260
2008-12-12,7.0283,7.0283,6.5497,6.8594,13544100,39.21,88.18,19.79,28.4,260
2008-12-19,6.8623,7.6596,6.6327,7.4669,17699800,47.07,88.18,19.79,39.89,260
2008-12-26,7.4536,7.6862,7.338,7.4106,5884200,46.47,88.18,19.79,39.01,260
2009-01-02,7.2713,7.7025,7.1261,7.6551,7832300,49.48,88.18,19.79,43.41,260
2009-01-09,7.6359,7.8996,7.3499,7.4121,14159100,46.67,88.18,19.79,39.31,260
2009-01-16,7.4314,7.4862,6.9794,7.3839,12295800,46.34,88.18,19.79,38.83,260
2009-01-23,7.3602,7.5277,6.9275,7.1054,12425300,43.11,88.18,19.79,34.1,260
2009-01-30,7.135,7.7989,7.1187,7.6388,15684300,50.26,88.18,19.79,44.56,260
2009-02-06,7.5618,8.0004,7.3721,7.7588,17115600,51.73,88.18,19.79,46.71,260
2009-02-13,7.747,7.8033,7.2817,7.544,13312100,48.94,88.18,19.79,42.63,260
2009-02-20,7.3765,7.458,7.1202,7.2595,12904200,45.45,88.18,19.79,37.52,260
2009-02-27,7.335,7.4017,6.6449,6.7841,14831500,40.28,88.18,19.79,29.96,260
2009-03-06,6.6748,6.9247,6.2573,6.4084,15807600,36.72,88.18,19.79,24.76,260
2009-03-13,6.3875,6.82,6.2079,6.7661,11407800,41.97,88.18,19.79,32.44,260
2009-03-20,6.8334,7.6012,6.8334,7.3857,14398000,49.76,88.18,19.79,43.82,260
2009-03-27,7.5174,7.8197,7.4096,7.5563,14148900,51.68,88.18,19.79,46.63,260
2009-04-03,7.4276,7.9813,7.3124,7.9125,15707400,55.5,88.18,19.79,52.22,260
2009-04-09,7.8571,8.0711,7.6027,7.8302,8278300,54.43,88.18,19.79,50.65,260
2009-04-17,7.8182,7.8347,7.4381,7.6296,11593900,51.8,88.18,19.79,46.81,260
2009-04-24,7.6012,7.6685,7.4396,7.5608,9243400,50.9,88.18,19.79,45.49,260
2009-05-01,7.4949,8.3929,7.4949,8.3884,17117800,59.98,88.18,19.79,58.77,260
2009-05-08,8.3884,8.7551,8.3338,8.5545,15559600,61.52,88.18,19.79,61.01,260
2009-05-15,8.5306,8.6787,8.0532,8.1475,13685700,55.85,88.18,19.79,52.73,260
2009-05-22,8.2253,8.4109,7.8421,8.0083,14040100,54.02,88.18,19.79,50.05,260
2009-05-29,8.0292,8.4707,7.926,8.4602,9433400,58.75,88.18,19.79,56.97,260
2009-06-05,8.5291,8.7596,8.2617,8.313,14077300,56.7,88.18,19.79,53.98,260
2009-06-12,8.3236,8.7386,8.2089,8.6617,10935000,60.24,88.18,19.79,59.14,260
2009-06-19,8.6768,8.8247,8.4262,8.6104,11130300,59.47,88.18,19.79,58.02,260
2009-06-26,8.5651,8.9047,8.4549,8.556,14899000,58.61,88.18,19.79,56.77,260
2009-07-02,8.5907,8.7537,8.3462,8.3749,8714800,55.74,88.18,19.79,52.57,260
2009-07-10,8.2828,8.4202,8.1017,8.1953,9750400,52.97,88.18,19.79,48.52,260
2009-07-17,8.2255,8.6807,8.0987,8.5756,9551500,57.76,88.18,19.79,55.52,260
2009-07-24,8.6179,9.1477,8.5877,9.0631,11647900,62.97,88.18,19.79,63.13,260
2009-07-31,9.0269,9.0994,8.3674,8.553,17167700,55.29,88.18,19.79,51.91,260
2009-08-07,8.5877,8.6768,8.3885,8.5756,10251900,55.55,88.18,19.79,52.29,260
2009-08-14,8.5606,8.8171,8.4926,8.5756,7933600,55.55,88.18,19.79,52.29,260
2009-08-21,8.4806,8.799,8.467,8.7583,10558000,57.83,88.18,19.79,55.63,260
2009-08-28,8.802,8.8292,8.5028,8.5835,10851900,54.92,88.18,19.79,51.37,260
2009-09-04,8.5469,8.6048,8.3491,8.3902,10192800,51.82,88.18,19.79,46.83,260
2009-09-11,8.4404,8.4404,8.0858,8.1299,13992000,47.89,88.18,19.79,41.09,260
2009-09-18,8.1132,8.4739,8.1117,8.375,16365700,51.61,88.18,19.79,46.52,260
2009-09-25,8.3476,8.4145,8.1771,8.2776,14263500,50.08,88.18,19.79,44.29,260
2009-10-02,8.2867,8.4298,8.028,8.101,14646000,47.34,88.18,19.79,40.28,260
2009-10-09,8.1117,8.276,7.996,8.0812,16380400,47.03,88.18,19.79,39.83,260
2009-10-16,8.136,8.206,7.9641,8.1421,14753900,48.15,88.18,19.79,41.48,260
2009-10-23,8.1695,8.3674,7.9899,8.0097,16801100,45.87,88.18,19.79,38.14,260
2009-10-30,8.0356,8.1178,7.4238,7.4725,25104000,37.99,88.18,19.79,26.62,260
2009-11-06,7.5029,7.7129,7.3888,7.5729,14426100,40.06,88.18,19.79,29.65,260
2009-11-13,7.6308,7.9367,7.5836,7.783,12552500,44.26,88.18,19.79,35.78,260
2009-11-20,7.8667,7.9458,7.6947,7.7784,10347100,44.19,88.18,19.79,35.68,260
2009-11-27,7.8134,8.0854,7.8134,7.9211,8258900,47.1,88.18,19.79,39.94,260
2009-12-04,7.9211,8.2574,7.9165,8.1008,12390800,50.6,88.18,19.79,45.05,260
2009-12-11,8.1192,8.6598,8.0371,8.6383,12758000,59.27,88.18,19.79,57.73,260
2009-12-18,8.669,8.6874,8.2927,8.388,12018500,54.47,88.18,19.79,50.72,260
2009-12-24,8.3726,8.4586,8.1054,8.1254,8551800,49.91,88.18,19.79,44.04,260
2009-12-31,8.1422,8.2722,8.0931,8.1115,4902600,49.67,88.18,19.79,43.7,260
2010-01-08,8.1453,8.2528,8.0255,8.0839,13482900,49.17,88.18,19.79,42.97,260
2010-01-15,8.1039,8.2544,7.5879,7.7629,31746300,43.67,88.18,19.79,34.92,260
2010-01-22,7.7153,7.8167,7.3898,7.3928,15732600,38.34,88.18,19.79,27.13,260
2010-01-29,7.4343,7.6508,7.3222,7.488,25251300,40.36,88.18,19.79,30.08,260
2010-02-05,7.4712,7.6155,7.1778,7.2792,20106600,37.47,88.18,19.79,25.85,260
2010-02-12,7.2777,7.571,6.9552,6.9982,21966200,33.94,88.18,19.79,20.7,260
2010-02-19,7.0365,7.23,6.9982,7.1993,12916000,38.41,88.18,19.79,27.23,260
2010-02-26,7.2423,7.3395,7.1625,7.1967,19296400,38.37,88.18,19.79,27.17,260
2010-03-05,7.2882,7.4496,7.2556,7.3953,14243700,42.8,88.18,19.79,33.65,260
2010-03-12,7.4108,7.4264,7.2479,7.3053,12377800,41.35,88.18,19.79,31.53,260
2010-03-19,7.3162,7.5366,7.2665,7.4745,11797600,45.11,88.18,19.79,37.03,260
2010-03-26,7.4636,7.476,7.31,7.4202,12578300,44.13,88.18,19.79,35.6,260
2010-04-01,7.4264,7.5955,7.3596,7.58,13437900,47.73,88.18,19.79,40.85,260
2010-04-09,7.5893,7.7166,7.5381,7.715,14181900,50.62,88.18,19.79,45.08,260
2010-04-16,7.7166,7.7445,7.4714,7.5164,15512700,46.54,88.18,19.79,39.12,260
2010-04-23,7.4993,7.9649,7.4916,7.9618,16967500,55.25,88.18,19.79,51.85,260
2010-04-30,7.9773,8.1046,7.7554,8.0782,16955400,57.21,88.18,19.79,54.71,260
2010-05-07,8.1139,8.2396,7.6048,7.9494,26645600,54.37,88.18,19.79,50.56,260
2010-05-14,8.0813,8.3033,8.0689,8.1806,13139400,58.36,88.18,19.79,56.4,260
2010-05-21,8.1915,8.2412,7.6452,7.8516,13737200,51.46,88.18,19.79,46.31,260
2010-05-28,7.8361,7.9398,7.5195,7.7492,18441700,49.5,88.18,19.79,43.44,260
2010-06-04,7.6762,7.8883,7.5909,7.6234,8813400,47.12,88.18,19.79,39.96,260
2010-06-11,7.6454,7.8852,7.5733,7.8382,13440100,51.41,88.18,19.79,46.24,260
2010-06-18,7.9181,8.2674,7.8617,8.2317,10205600,58.12,88.18,19.79,56.04,260
2010-06-25,8.3069,8.3069,7.5247,7.7159,9226900,48.64,88.18,19.79,42.19,260
2010-07-02,7.7253,7.7802,7.5184,7.6751,11024000,47.98,88.18,19.79,41.22,260
2010-07-09,7.7473,8.0749,7.6767,8.0624,5367400,54.36,88.18,19.79,50.56,260
2010-07-16,8.0263,8.3077,8.0199,8.2473,7413600,57.08,88.18,19.79,54.52,260
2010-07-23,8.2395,8.3477,8.1282,8.2787,8328800,57.54,88.18,19.79,55.2,260
2010-07-30,8.2489,8.4652,8.1533,8.1987,8651800,55.89,88.18,19.79,52.79,260
2010-08-06,8.2458,8.4731,8.2458,8.4198,7054700,59.35,88.18,19.79,57.85,260
2010-08-13,8.4151,8.4543,8.0953,8.1548,6798800,53.89,88.18,19.79,49.87,260
2010-08-20,8.1157,8.3774,8.0435,8.3539,8824200,57.09,88.18,19.79,54.54,260
2010-08-27,8.3696,8.6612,8.3539,8.5273,12900800,59.71,88.18,19.79,58.37,260
2010-09-03,8.4814,8.7029,8.358,8.646,7731000,61.44,88.18,19.79,60.91,260
2010-09-10,8.5716,8.7346,8.5051,8.7282,7272700,62.64,88.18,19.79,62.66,260
2010-09-17,8.7931,8.858,8.445,8.5067,12163200,57.45,88.18,19.79,55.07,260
2010-09-24,8.532,8.7093,8.4656,8.6238,8116300,59.37,88.18,19.79,57.88,260
2010-10-01,8.6396,8.7726,8.5352,8.6096,7803900,59.02,88.18,19.79,57.37,260
2010-10-08,8.6096,8.7124,8.502,8.6903,9424800,60.44,88.18,19.79,59.44,260
2010-10-15,8.6744,8.8137,8.627,8.7536,9598500,61.56,88.18,19.79,61.08,260
2010-10-22,8.7536,8.9023,8.7282,8.7741,7604400,61.94,88.18,19.79,61.63,260
2010-10-29,8.8311,8.8343,8.3865,8.7093,12661900,59.94,88.18,19.79,58.7,260
2010-11-05,8.7393,8.7393,8.4403,8.6602,8336100,58.4,88.18,19.79,56.46,260
2010-11-12,8.6365,8.6586,8.4355,8.4861,7011600,53.19,88.18,19.79,48.84,260
2010-11-19,8.5146,8.5194,8.1997,8.2235,10106100,46.46,88.18,19.79,39.0,260
2010-11-26,8.1839,8.2567,8.1009,8.1137,7274600,43.95,88.18,19.79,35.34,260
2010-12-03,8.1009,8.2016,7.9891,8.1648,10775200,45.43,88.18,19.79,37.49,260
2010-12-10,8.1488,8.3805,8.0292,8.3086,9965700,49.46,88.18,19.79,43.39,260
2010-12-17,8.3454,8.3821,8.0833,8.2559,14172600,48.06,88.18,19.79,41.34,260
2010-12-23,8.2447,8.3869,8.1504,8.3358,7990500,50.35,88.18,19.79,44.69,260
2010-12-31,8.3118,8.3725,8.2687,8.307,3325061,49.51,88.18,19.79,43.45,260
2011-01-07,8.3374,8.4588,8.2351,8.3438,9155300,50.65,88.18,19.79,45.13,260
2011-01-14,8.3166,8.6681,8.2815,8.6522,10134700,59.04,88.18,19.79,57.39,260
2011-01-21,8.6617,8.7448,8.6218,8.6953,7715300,60.06,88.18,19.79,58.88,260
2011-01-28,8.6761,8.7416,8.5387,8.633,11501400,57.81,88.18,19.79,55.6,260
2011-02-04,8.6298,8.8582,8.5403,8.7464,10432100,60.69,88.18,19.79,59.81,260
2011-02-11,8.7448,8.8583,8.7177,8.7976,6939300,61.95,88.18,19.79,61.65,260
2011-02-18,8.7864,8.796,8.6074,8.7225,7444800,58.96,88.18,19.79,57.28,260
2011-02-25,8.6474,8.7608,8.6074,8.7384,6697600,59.41,88.18,19.79,57.94,260
2011-03-04,8.7288,8.8774,8.6066,8.8375,11784700,62.17,88.18,19.79,61.98,260
2011-03-11,8.8391,9.0166,8.7729,8.9892,9017200,65.99,88.18,19.79,67.56,260
2011-03-18,8.9101,8.9343,8.4,8.5162,13397200,49.29,88.18,19.79,43.13,260
2011-03-25,8.5937,8.7664,8.5824,8.7325,6744900,54.91,88.18,19.79,51.35,260
2011-04-01,8.7567,9.0279,8.6599,9.0279,8634200,61.23,88.18,19.79,60.6,260
2011-04-08,9.0102,9.1377,8.9601,9.0392,9919200,61.45,88.18,19.79,60.92,260
2011-04-15,9.0408,9.0586,8.8116,8.8972,10062400,57.02,88.18,19.79,54.44,260
2011-04-21,8.8262,9.0086,8.7616,8.9601,5677700,58.45,88.18,19.79,56.53,260
2011-04-29,8.9569,9.2006,8.9295,9.1312,7380400,62.14,88.18,19.79,61.92,260
2011-05-06,9.1635,9.3459,9.0941,9.2636,9417000,64.75,88.18,19.79,65.74,260
2011-05-13,9.2507,9.5168,9.1732,9.4654,6861900,68.33,88.18,19.79,70.97,260
2011-05-20,9.4315,9.5202,9.3104,9.3265,9201900,63.54,88.18,19.79,63.98,260
2011-05-27,9.2668,9.3451,9.1183,9.2571,7753000,61.24,88.18,19.79,60.61,260
2011-06-03,9.3023,9.3713,8.8269,9.0747,8308900,55.53,88.18,19.79,52.26,260
2011-06-10,9.0339,9.1415,8.985,9.0437,8944800,54.6,88.18,19.79,50.9,260
2011-06-17,9.0698,9.2898,9.0046,9.2295,8238500,59.03,88.18,19.79,57.38,260
2011-06-24,9.2197,9.3322,9.0958,9.2262,8008300,58.92,88.18,19.79,57.22,260
2011-07-01,9.2311,9.4935,9.2311,9.4821,7054300,64.46,88.18,19.79,65.31,260
2011-07-08,9.4479,9.4772,9.3534,9.4039,4952500,61.72,88.18,19.79,61.31,260
2011-07-15,9.3224,9.3974,9.223,9.2572,7970000,56.84,88.18,19.79,54.18,260
2011-07-22,9.2279,9.4691,9.135,9.3648,6078200,59.38,88.18,19.79,57.89,260
2011-07-29,9.2963,9.4267,8.9899,9.0046,9659400,49.0,88.18,19.79,42.72,260
2011-08-05,9.0535,9.0942,8.4537,8.6069,14447600,40.57,88.18,19.79,30.39,260
2011-08-12,8.4635,8.708,7.986,8.5874,25837700,40.21,88.18,19.79,29.86,260
2011-08-19,8.6314,9.0812,8.6134,8.8481,15982100,47.07,88.18,19.79,39.89,260
2011-08-26,8.9818,9.2427,8.7846,9.1193,10347300,53.1,88.18,19.79,48.7,260
2011-09-02,9.2065,9.3875,9.1489,9.1555,9526400,53.85,88.18,19.79,49.81,260
2011-09-09,9.0189,9.1835,8.772,8.8214,10282500,46.42,88.18,19.79,38.94,260
2011-09-16,8.7572,9.1226,8.7309,9.0979,13402100,52.29,88.18,19.79,47.52,260
2011-09-23,8.9991,9.274,8.7062,8.856,12612000,47.4,88.18,19.79,40.37,260
2011-09-30,8.9399,9.1571,8.8428,8.8905,12194100,48.14,88.18,19.79,41.46,260
2011-10-07,8.8691,8.9827,8.4478,8.9201,11852800,48.81,88.18,19.79,42.44,260
2011-10-14,9.0288,9.0798,8.8971,9.0288,8108700,51.3,88.18,19.79,46.08,260
2011-10-21,9.0271,9.2082,8.9201,9.195,9281600,54.91,88.18,19.79,51.35,260
2011-10-28,9.1999,9.5604,9.0716,9.3875,11255500,58.73,88.18,19.79,56.93,260
2011-11-04,9.3036,9.4912,9.0831,9.2888,13332700,56.1,88.18,19.79,53.1,260
2011-11-11,9.1588,9.3267,9.0057,9.1868,10541100,53.45,88.18,19.79,49.22,260
2011-11-18,9.1999,9.2526,9.0469,9.139,11405900,52.2,88.18,19.79,47.4,260
2011-11-25,9.0781,9.0979,8.6993,8.7409,7567400,43.17,88.18,19.79,34.19,260
2011-12-02,8.9155,9.3727,8.8589,9.2713,10474600,54.47,88.18,19.79,50.71,260
2011-12-09,9.4027,9.5739,9.3262,9.5573,9906900,59.19,88.07,19.79,57.7,260
2011-12-16,9.539,9.6853,9.411,9.6221,11628600,60.19,88.07,19.79,59.17,260
2011-12-23,9.5955,10.0328,9.5274,10.0179,12033900,65.74,88.07,19.79,67.3,260
2011-12-30,10.0195,10.1758,10.0112,10.1226,5391700,67.05,88.07,19.79,69.22,260
2012-01-06,10.1692,10.1692,9.7385,9.7967,15687900,59.44,88.07,19.79,58.07,260
2012-01-13,9.835,9.9015,9.7385,9.83,10015200,59.94,88.07,19.79,58.8,260
2012-01-20,9.9247,9.9547,9.7685,9.8616,8398600,60.44,88.07,19.79,59.53,260
2012-01-27,9.8483,10.0162,9.7618,9.963,11713300,62.07,88.07,19.79,61.92,260
2012-02-03,9.9264,10.0761,9.8715,10.0112,10916900,62.86,88.07,19.79,63.07,260
2012-02-10,9.9846,10.0511,9.9081,10.0361,7725900,63.28,88.07,19.79,63.69,260
2012-02-17,10.0594,10.1027,9.9214,10.0129,8989400,62.56,84.27,19.79,66.34,260
2012-02-24,10.0461,10.1243,9.9364,10.1043,15713200,64.27,84.27,19.79,68.99,260
2012-03-02,10.086,10.1426,9.9257,10.0433,17726800,62.23,84.27,19.79,65.82,260
2012-03-09,10.0198,10.1273,9.9408,10.0786,6979400,62.96,84.27,19.79,66.96,260
2012-03-16,10.0836,10.2499,10.0265,10.1037,10273400,63.51,82.67,19.79,69.53,260
2012-03-23,10.0769,10.186,10.0567,10.1441,6587200,64.41,82.67,19.79,70.96,260
2012-03-30,10.2028,10.2801,10.0567,10.2583,6205300,66.91,82.67,19.79,74.93,260
2012-04-05,10.2784,10.5723,10.2784,10.5606,8717400,72.42,82.67,19.79,83.7,260
2012-04-13,10.4682,10.5421,10.3893,10.4262,12031800,67.07,82.67,19.79,75.19,260
2012-04-20,10.4447,10.6865,10.4312,10.658,7757200,71.05,82.67,19.79,81.51,260
2012-04-27,10.6177,10.8914,10.6059,10.8394,8665300,73.72,82.67,19.79,85.76,260
2012-05-04,10.8293,10.8343,10.5169,10.6764,12928200,67.68,82.67,19.79,76.15,260
2012-05-11,10.6731,10.9888,10.6647,10.9452,9790700,71.78,73.72,19.79,96.41,260
2012-05-18,10.9334,11.0846,10.8813,10.9166,10227400,70.75,73.72,19.79,94.51,260
2012-05-25,10.9133,11.0778,10.8662,10.972,13491200,71.61,73.72,19.79,96.08,260
2012-06-01,11.0006,11.1321,10.925,10.9474,12960800,70.62,73.72,19.79,94.26,260
2012-06-08,10.9491,11.3643,10.8999,11.3457,9438100,76.29,76.29,19.79,100.0,260
2012-06-15,11.3948,11.5592,11.205,11.4863,7825900,77.91,77.91,19.79,100.0,260
2012-06-22,11.4863,11.5999,11.2711,11.2914,7551900,70.7,77.91,19.79,87.59,260
2012-06-29,11.2338,11.688,11.1863,11.6626,7192700,75.37,77.91,19.79,95.63,260
2012-07-06,11.7338,11.7391,11.5067,11.5762,4410200,72.47,77.91,19.79,90.64,260
2012-07-13,11.5677,11.8101,11.4524,11.7508,7053400,74.6,77.91,19.79,94.3,260
2012-07-20,11.7118,12.0236,11.705,11.9474,7873400,76.78,77.91,19.79,98.04,260
2012-07-27,11.9084,12.1202,11.644,12.0491,7292800,77.83,77.91,19.79,99.86,260
2012-08-03,12.0507,12.2406,11.7863,12.0118,7883700,76.46,77.91,19.79,97.5,260
2012-08-10,12.005,12.0524,11.7152,11.8304,6200800,69.98,77.91,19.79,86.36,260
2012-08-17,11.7609,11.8524,11.705,11.7965,6542300,68.81,77.91,19.79,84.34,260
2012-08-24,11.7677,11.788,11.3541,11.4982,7062300,59.38,77.91,19.79,68.11,260
2012-08-31,11.5253,11.6479,11.4684,11.5094,7116400,59.6,77.91,19.79,68.5,260
2012-09-07,11.5145,11.6188,11.2769,11.5676,10707800,60.81,77.91,19.79,70.58,260
2012-09-14,11.6069,11.7591,11.4564,11.5915,10555100,61.32,77.91,19.79,71.46,260
2012-09-21,11.6171,11.7539,11.4923,11.7351,9851900,64.34,77.91,19.79,76.64,260
2012-09-28,11.7368,12.0515,11.7129,12.0258,11560400,69.52,77.91,19.79,85.55,260
2012-10-05,12.0891,12.2532,11.9754,12.1113,7105900,70.86,77.91,19.79,87.86,260
2012-10-12,12.125,12.137,11.8257,11.8617,7577700,62.25,77.91,19.79,73.05,260
2012-10-19,11.8788,12.3473,11.8018,12.2635,9309100,68.81,77.91,19.79,84.35,260
2012-10-26,12.2395,12.2635,11.783,11.8873,9128300,58.55,77.91,19.79,66.69,260
2012-11-02,11.8993,12.0207,11.8599,11.9232,6173600,59.17,77.91,19.79,67.76,260
2012-11-09,11.8976,11.9164,11.4838,11.5214,7842600,50.06,77.91,19.79,52.08,260
2012-11-16,11.5214,11.5419,11.294,11.5163,7235200,49.96,77.91,19.79,51.9,260
2012-11-23,11.5812,11.612,11.3521,11.4906,5652800,49.39,77.91,19.79,50.94,260
2012-11-30,11.4718,11.8689,11.4564,11.8534,8206700,56.8,77.91,19.79,63.67,260
2012-12-07,11.8706,12.0121,11.6981,11.9672,6507300,58.83,77.91,19.79,67.17,260
2012-12-14,11.9517,12.1242,11.881,11.9845,9676200,59.15,77.91,19.79,67.71,260
2012-12-21,12.0155,12.2812,11.9948,12.069,10489900,60.73,77.91,19.79,70.43,260
2012-12-28,12.0466,12.0983,11.7723,11.774,4922400,53.02,77.91,19.79,57.17,260
2013-01-04,11.7533,12.2398,11.6878,12.2277,5880800,61.18,77.91,19.79,71.21,260
2013-01-11,12.2226,12.4002,12.1415,12.383,7709100,63.52,77.91,19.79,75.23,260
2013-01-18,12.3485,12.4123,12.1829,12.3433,7041900,62.48,77.91,19.79,73.45,260
2013-01-25,12.3312,12.5107,12.3088,12.5072,6506500,65.02,77.91,19.79,77.81,260
2013-02-01,12.5676,12.571,12.3726,12.4692,9222900,63.94,77.91,19.79,75.96,260
2013-02-08,12.4503,12.5296,12.3571,12.4382,8626200,63.02,77.91,19.79,74.38,260
2013-02-15,12.4227,12.5797,12.3941,12.5072,8627800,64.25,77.91,19.79,76.49,260
2013-02-22,12.54,12.6642,12.5107,12.5503,15787800,65.03,77.91,19.79,77.84,260
2013-03-01,12.5676,12.6797,12.4089,12.5976,19293700,65.92,77.91,19.79,79.36,260
2013-03-08,12.5749,12.9579,12.568,12.9109,8927100,71.12,77.91,19.79,88.31,260
2013-03-15,12.8831,12.978,12.5558,12.9649,13086400,71.91,77.91,19.79,89.67,260
2013-03-22,12.9127,13.2748,12.8761,13.2609,9196700,75.84,77.91,19.79,96.43,260
2013-03-28,13.3044,13.5429,13.2208,13.5238,9042800,78.69,78.69,19.79,100.0,260
2013-04-05,13.5116,13.8632,13.4472,13.8476,7973700,81.57,81.57,19.79,100.0,260
2013-04-12,13.8319,13.9712,13.7135,13.8389,8206800,81.25,81.57,19.79,99.48,260
2013-04-19,13.8215,13.966,13.6752,13.9416,8448500,82.14,82.14,19.79,100.0,260
2013-04-26,13.9277,14.0983,13.8284,14.0217,6049200,82.82,82.82,19.79,100.0,260
2013-05-03,14.053,14.389,13.9677,14.2323,7397500,84.5,84.5,19.79,100.0,260
2013-05-10,14.2062,14.255,13.7919,13.9277,8005600,73.35,84.5,19.79,82.78,260
2013-05-17,13.8841,14.2254,13.7954,14.1192,6445200,75.54,84.5,19.79,86.15,260
2013-05-24,14.1035,14.1279,13.3845,13.4576,8408700,57.89,84.5,19.79,58.88,260
2013-05-31,13.5064,13.5451,13.0328,13.2799,9101000,54.22,84.5,19.79,53.22,260
2013-06-07,13.2869,13.8436,13.1324,13.8383,12155100,62.3,84.5,19.79,65.7,260
2013-06-14,13.826,14.107,13.6258,14.0017,11718500,64.28,84.5,19.79,68.77,260
2013-06-21,14.1176,14.3617,13.5064,13.7558,11890400,59.23,84.5,19.79,60.95,260
2013-06-28,13.6698,14.3599,13.5591,14.309,8971700,65.75,84.5,19.79,71.04,260
2013-07-05,14.3792,14.3915,13.8805,14.0368,6483800,60.61,84.5,19.79,63.09,260
2013-07-12,14.0508,14.7761,14.014,14.7533,7784800,67.76,84.5,19.79,74.14,260
2013-07-19,14.7024,15.0817,14.6918,14.9201,9727500,69.16,84.5,19.79,76.3,260
2013-07-26,14.9324,14.9991,14.5689,14.7428,9324200,65.88,84.5,19.79,71.23,260
2013-08-02,14.7691,15.5225,14.7603,15.4434,12895700,71.61,84.5,19.79,80.09,260
2013-08-09,15.4206,15.4206,15.0924,15.1484,7722600,66.54,84.5,19.79,72.26,260
2013-08-16,15.1028,15.1273,14.302,14.4266,7463600,56.08,84.5,19.79,56.09,260
2013-08-23,14.4003,14.5777,14.1053,14.2967,6752000,54.43,84.5,19.79,53.53,260
2013-08-30,14.2914,14.4272,14.0034,14.2272,8698800,53.51,84.5,19.79,52.12,260
2013-09-06,14.3529,14.3617,14.0076,14.1652,7594300,52.67,84.5,19.79,50.81,260
2013-09-13,14.1811,14.2821,13.9563,14.0253,9667200,50.72,84.5,19.79,47.8,260
2013-09-20,14.2095,14.8521,13.9528,14.2856,16381100,54.12,84.5,19.79,53.06,260
2013-09-27,14.2537,14.452,14.1298,14.1758,9937600,52.48,84.5,19.79,50.52,260
2013-10-04,14.1227,14.2909,13.9811,14.1015,8579200,51.34,84.5,29.25,39.98,260
2013-10-11,14.0289,14.5069,14.013,14.4733,7251800,56.43,84.5,31.77,46.77,260
2013-10-18,14.3865,14.8557,14.1723,14.7902,8274800,60.25,84.5,33.94,52.04,260
2013-10-25,14.776,15.2204,14.7512,15.2168,7901400,64.73,84.5,33.94,60.91,260
2013-11-01,15.1478,15.8896,14.8893,15.6046,12385000,68.24,84.5,33.94,67.85,260
2013-11-08,15.6949,15.7533,15.1319,15.424,11464700,65.0,84.5,33.94,61.43,260
2013-11-15,15.424,15.7037,14.9761,15.6807,8228700,67.37,84.5,33.94,66.13,260
2013-11-22,15.7515,15.8046,15.2399,15.3302,11781100,61.26,84.5,33.94,54.05,260
2013-11-29,15.3567,15.4222,15.0547,15.0922,5840300,57.46,84.5,33.94,46.52,260
2013-12-06,15.1368,15.1368,14.8959,15.0993,11490400,57.54,84.5,33.94,46.69,260
2013-12-13,15.0422,15.0654,14.6176,14.7568,12937100,52.14,84.5,33.94,36.01,260
2013-12-20,14.8477,15.2403,14.5446,15.1332,13577300,56.93,84.5,33.94,45.47,260
2013-12-27,15.2188,15.2313,14.9958,15.1118,4997300,56.58,84.5,33.94,44.78,260
2014-01-03,15.0886,15.3152,14.9816,15.0511,6522300,55.55,84.5,33.94,42.74,260
2014-01-10,15.0636,15.6649,14.9869,15.5668,10960900,61.9,84.5,33.94,55.31,260
2014-01-17,15.4954,15.6738,15.3607,15.6399,7011900,62.72,84.5,33.94,56.92,260
2014-01-24,15.6578,16.0074,15.5311,15.5329,9313800,60.67,84.5,33.94,52.88,260
2014-01-31,15.5561,16.4588,15.3651,16.4017,14971600,69.39,84.5,33.94,70.13,260
2014-02-07,16.4232,16.548,15.8811,16.1662,12865400,65.18,84.5,33.94,61.78,260
2014-02-14,16.1198,16.6569,16.0467,16.6408,8450500,69.23,84.5,33.94,69.81,260
2014-02-21,16.6533,16.7782,16.4233,16.5141,7369600,66.99,84.5,33.94,65.37,260
2014-02-28,16.5409,16.5516,16.1861,16.4361,11353200,65.58,84.5,33.94,62.58,260
2014-03-07,16.3426,16.5494,16.1519,16.5098,9919900,66.3,84.5,33.94,64.01,260
2014-03-14,16.4828,17.0673,16.294,16.9522,10990400,70.32,84.5,33.94,71.97,260
2014-03-21,17.0404,17.1627,16.5116,17.008,11432100,70.8,84.5,33.94,72.9,260
2014-03-28,17.0547,17.1074,16.7958,17.035,8255300,71.04,84.5,33.94,73.38,260
2014-04-04,17.1123,17.2885,16.776,17.0871,7943600,71.53,84.5,33.94,74.34,260
2014-04-11,17.0476,17.5008,16.812,17.1123,11768100,71.77,84.5,33.94,74.83,260
2014-04-17,17.2382,17.65,17.1681,17.3713,6802000,74.25,84.5,33.94,79.73,260
2014-04-25,17.3803,17.6105,17.231,17.5655,9328400,75.96,84.5,33.94,83.11,260
2014-05-02,17.6356,18.2543,17.4036,17.6231,14647400,76.45,84.5,33.94,84.09,260
2014-05-09,17.5763,17.8694,17.4108,17.4306,10402800,71.15,84.5,33.94,73.6,260
2014-05-16,17.4792,17.5349,17.2076,17.3731,12860200,69.6,84.5,33.94,70.53,260
2014-05-23,17.3551,17.4576,16.945,17.3479,10562800,68.89,84.5,33.94,69.13,260
2014-05-30,17.49,17.6594,17.3191,17.6412,7274200,72.41,84.5,33.94,76.1,260
2014-06-06,17.6032,17.8605,17.5035,17.6557,7304200,72.58,84.5,33.94,76.43,260
2014-06-13,17.5905,17.6449,17.0668,17.5361,10133700,68.91,84.5,33.94,69.17,260
2014-06-20,17.5688,18.2646,17.4727,18.1178,14948700,75.42,84.5,33.94,82.05,260
2014-06-27,18.1395,18.52,17.9493,18.4095,12299700,77.92,84.5,33.94,86.99,260
2014-07-03,18.3896,18.5744,17.6195,17.7971,10506100,63.36,84.5,33.94,58.19,260
2014-07-11,17.7699,18.0707,17.7699,17.933,8576800,64.93,84.5,33.94,61.29,260
2014-07-18,17.8732,18.0326,17.6231,17.8985,8513500,64.18,84.5,33.94,59.81,260
2014-07-25,17.9185,17.9565,17.7808,17.8387,6090600,62.82,84.5,33.94,57.13,260
2014-08-01,17.8424,18.0761,16.902,16.9998,9606400,47.64,84.5,33.94,27.09,260
2014-08-08,17.0215,17.3042,16.6338,17.2952,12056711,52.03,84.5,33.94,35.79,260
2014-08-15,17.2988,17.6521,17.1411,17.4637,6031600,54.39,84.5,33.94,40.44,260
2014-08-22,17.5017,17.8714,17.3749,17.692,5698700,57.43,84.5,33.94,46.47,260
2014-08-29,17.7246,17.9814,17.5144,17.9722,5998100,60.89,84.5,33.94,53.3,260
2014-09-05,17.943,17.985,17.6655,17.8755,6960100,59.1,84.5,33.94,49.77,260
2014-09-12,17.8718,17.8901,17.1635,17.1781,8177200,48.16,84.5,33.94,28.12,260
2014-09-19,17.2402,17.5651,17.1179,17.368,9702100,50.83,84.5,33.94,33.4,260
2014-09-26,17.2804,17.3844,16.9153,17.0576,7014475,46.6,84.5,33.94,25.05,260
2014-10-03,16.9737,17.4063,16.8988,17.2019,7882215,48.74,84.5,33.94,29.26,260
2014-10-10,17.2219,17.5158,16.9718,17.0923,10361872,47.19,84.5,33.94,26.21,260
2014-10-17,17.1142,17.3333,16.4899,17.2055,14082120,48.99,84.5,33.94,29.77,260
2014-10-24,17.2128,18.0325,17.1946,17.9558,9514016,58.95,84.5,33.94,49.48,260
2014-10-31,17.9339,18.3483,17.8006,18.2953,10462963,62.52,84.5,33.94,56.53,260
2014-11-07,18.3136,19.199,18.1913,19.1187,15426794,69.46,84.5,33.94,70.25,260
2014-11-14,19.0621,19.3395,18.5546,18.5929,9501300,61.62,84.5,33.94,54.74,260
2014-11-21,18.5673,18.9872,18.5546,18.9379,7958584,64.45,84.5,33.94,60.35,260
2014-11-28,18.9671,19.327,18.7166,19.1909,5573910,66.41,84.5,33.94,64.23,260
2014-12-05,19.0898,19.4163,18.7883,18.9225,10372955,62.48,84.5,33.94,56.44,260
2014-12-12,18.9023,19.2442,18.5254,18.5328,13754269,57.18,84.5,33.94,45.97,260
2014-12-19,18.724,19.5659,18.3044,19.463,13927874,64.84,84.5,33.94,61.12,260
2014-12-26,19.4612,20.1653,19.349,20.0917,6270491,68.89,84.5,33.94,69.14,260
2015-01-02,20.0586,20.3767,19.3729,19.6137,6503006,62.95,84.5,33.94,57.39,260
2015-01-09,19.5935,19.8969,19.338,19.6046,9947677,62.84,84.5,33.94,57.17,260
2015-01-16,19.5788,19.939,19.395,19.895,11277421,64.97,84.5,33.94,61.37,260
2015-01-23,19.9667,20.3546,19.7663,20.1267,8806824,66.61,84.5,33.94,64.61,260
2015-01-30,20.0954,20.7076,19.9686,20.0825,9188676,65.97,84.5,33.94,63.36,260
2015-02-06,20.1358,20.3381,19.3141,19.4501,9030417,57.53,84.5,38.37,41.53,260
2015-02-13,19.4244,19.8619,18.9501,19.0494,12446655,52.91,84.5,38.37,31.51,260
2015-02-20,19.0273,19.6615,18.8802,19.4134,10236894,56.34,84.5,40.21,36.42,260
2015-02-27,19.4391,19.6799,19.0666,19.1611,8835176,53.43,84.5,40.21,29.86,260
2015-03-06,19.0759,19.1481,18.1925,18.2795,12555242,44.75,84.5,40.21,10.25,260
2015-03-13,18.2943,18.7555,18.0536,18.6332,14708301,48.37,84.5,40.21,18.44,260
2015-03-20,18.8407,19.9037,18.8184,19.6296,19070426,56.94,84.5,40.21,37.79,260
2015-03-27,19.4592,19.6982,18.9462,19.1759,9459294,52.66,84.5,40.21,28.11,260
2015-04-02,19.3222,19.4963,19.0499,19.4,7091512,54.48,84.5,40.21,32.23,260
2015-04-10,19.487,19.7482,19.0648,19.4278,6400532,54.71,84.5,40.21,32.75,260
2015-04-17,19.3481,19.563,19.0296,19.1037,7035159,51.41,84.5,40.21,25.29,260
2015-04-24,19.1407,19.5926,19.0129,19.4555,9419906,54.61,84.5,40.21,32.53,260
2015-05-01,19.5278,19.5296,18.5573,18.8684,12173920,48.83,84.5,40.21,19.47,260
2015-05-08,18.8629,19.25,18.3554,18.7444,13932452,47.68,84.5,40.21,16.87,260
2015-05-15,18.7055,18.9333,18.3017,18.9166,11139918,49.46,84.5,40.21,20.89,260
2015-05-22,18.861,19.15,18.7462,18.9333,8175083,49.64,84.5,40.21,21.29,260
2015-05-29,18.9333,19.1786,18.5943,19.0984,10980171,51.46,84.5,40.21,25.42,260
2015-06-05,19.1376,19.4791,18.3892,18.4322,13023737,44.45,84.5,40.21,9.59,260
2015-06-12,18.4154,18.6505,18.3015,18.5199,8615147,45.51,84.5,40.21,11.96,260
2015-06-19,18.3799,19.1245,18.3799,18.8408,9190121,49.29,84.5,40.21,20.51,260
2015-06-26,18.936,18.9603,18.1448,18.4191,7732939,44.88,84.5,40.21,10.55,260
2015-07-02,18.2343,18.7681,18.2343,18.7028,8824725,48.24,84.5,40.21,18.13,260
2015-07-10,18.6654,19.3522,18.5385,18.9677,11855603,51.22,84.5,40.21,24.88,260
2015-07-17,19.0368,19.5808,18.908,19.3428,7960471,55.17,84.5,40.21,33.78,260
2015-07-24,19.3578,19.4044,18.8894,19.0872,9510347,52.08,84.5,40.21,26.8,260
2015-07-31,19.117,19.8411,19.1114,19.6321,10650327,57.54,84.5,40.21,39.14,260
2015-08-07,20.2442,20.3991,19.6396,19.968,14257333,60.53,84.5,40.21,45.88,260
2015-08-14,19.9848,20.3804,19.7814,20.3487,11750811,63.65,84.5,40.21,52.93,260
2015-08-21,20.3842,20.5241,19.9288,19.9605,10540801,58.56,84.5,40.21,41.45,260
2015-08-28,19.2234,19.7571,18.6617,19.1453,17419598,49.6,84.5,40.21,21.21,260
2015-09-04,19.0475,19.0809,17.6824,17.7914,17434652,38.94,84.5,38.94,0.0,260
2015-09-11,18.0133,18.4138,17.626,18.0227,12429975,41.26,84.5,38.94,5.1,260
2015-09-18,18.0246,18.8444,17.9099,18.2935,18496590,43.95,84.5,38.94,11.0,260
2015-09-25,18.3348,18.7241,18.1393,18.5417,10919601,46.37,84.5,38.94,16.31,260
2015-10-02,18.5097,18.6244,18.0208,18.5285,15345199,46.26,84.5,38.94,16.06,260
2015-10-09,18.6056,19.0306,18.5304,19.0005,7318452,50.92,84.5,38.94,26.3,260
2015-10-16,19.0005,19.6041,18.9328,19.4912,7687656,55.27,84.5,38.94,35.85,260
2015-10-23,19.48,19.903,19.2825,19.6605,7217623,56.7,84.5,38.94,38.98,260
2015-10-30,19.7018,19.7996,18.9911,19.3032,10320093,52.87,84.5,38.94,30.57,260
2015-11-06,19.322,19.463,18.3236,18.5849,9115937,46.12,84.5,38.94,15.77,260
2015-11-13,18.5454,19.1171,18.4759,18.8839,11281494,49.04,84.5,38.94,22.16,260
2015-11-20,18.8971,19.3803,18.5304,18.9948,12938534,50.12,84.5,38.94,24.53,260
2015-11-27,18.9911,19.055,18.6701,18.8293,5278073,48.47,84.5,38.94,20.91,260
2015-12-04,18.8123,19.1306,18.2267,18.5962,13321471,46.17,84.5,38.94,15.86,260
2015-12-11,18.5735,18.9127,18.2495,18.4579,12596798,44.81,84.5,38.94,12.87,260
2015-12-18,18.4712,19.7881,18.3935,19.3485,17168647,54.17,84.5,38.94,33.42,260
2015-12-24,19.4755,19.7654,19.2329,19.6934,6208399,57.2,84.5,38.94,40.07,260
2015-12-31,19.646,19.953,19.5228,19.6858,5591394,57.11,84.5,38.94,39.87,260
2016-01-08,19.4925,20.0667,19.3656,19.9283,12716918,59.3,84.5,38.94,44.68,260
2016-01-15,19.9568,20.2315,19.6574,19.9454,15137786,59.45,84.5,38.94,45.02,260
2016-01-22,19.9833,20.5101,19.5835,20.1993,11837843,61.81,84.5,38.94,50.2,260
2016-01-29,20.222,21.196,19.9852,21.1676,17779470,69.17,84.5,38.94,66.36,260
2016-02-05,21.1543,21.8876,20.9932,21.5276,15597385,71.38,84.5,38.94,71.21,260
2016-02-12,21.5333,21.971,20.9572,21.16,15591904,66.17,84.5,38.94,59.76,260
2016-02-19,21.3078,21.8763,21.0728,21.7436,11690219,69.92,84.5,38.94,68.01,260
2016-02-26,21.8099,22.3324,21.418,21.481,12895042,66.35,84.5,38.94,60.17,260
2016-03-04,21.4523,21.8666,20.8739,21.8189,14204648,68.58,84.5,38.94,65.05,260
2016-03-11,21.775,22.3305,21.6652,22.111,9233943,70.4,84.5,38.94,69.05,260
2016-03-18,22.1892,22.6951,21.8477,22.6226,13171123,73.31,84.5,38.94,75.45,260
2016-03-24,22.5023,22.6455,22.2255,22.6188,7191178,73.26,84.5,38.94,75.32,260
2016-04-01,22.594,22.7887,22.3706,22.6627,8149952,73.52,84.5,38.94,75.89,260
2016-04-08,22.7238,22.7524,22.0659,22.3,7557116,67.67,84.5,38.94,63.07,260
2016-04-15,22.3477,22.4565,21.9544,22.4183,6823639,68.55,84.5,38.94,65.0,260
2016-04-22,22.3744,22.6035,21.4657,21.8475,8947026,60.08,84.5,38.94,46.39,260
2016-04-29,21.8227,22.531,21.7349,22.447,10159398,64.97,84.5,38.94,57.14,260
2016-05-06,22.4947,22.993,22.3897,22.6207,8463929,66.27,84.5,38.94,59.98,260
2016-05-13,22.6493,23.1743,22.552,23.0541,7293926,69.31,84.5,38.94,66.65,260
2016-05-20,22.9739,23.1972,22.2408,22.7811,10062930,65.31,84.5,38.94,57.89,260
2016-05-27,22.804,23.0926,22.5023,23.0445,6772599,67.27,84.5,38.94,62.19,260
2016-06-03,23.0445,23.531,22.8253,23.4214,8336280,69.89,84.5,38.94,67.94,260
2016-06-10,23.4753,24.0079,23.2339,23.8118,7783860,72.36,84.5,38.94,73.36,260
2016-06-17,23.8195,24.081,23.6291,24.056,9113778,73.81,84.5,38.94,76.54,260
2016-06-24,24.0175,24.056,23.3157,23.806,10329056,69.78,84.5,38.94,67.7,260
2016-07-01,23.8156,25.2425,23.8156,24.9463,13100576,76.17,84.5,38.94,81.72,260
2016-07-08,24.9444,25.379,24.356,24.9848,8930473,76.35,84.5,38.94,82.12,260
2016-07-15,24.8848,24.9954,24.3329,24.5329,9547744,69.64,84.5,38.94,67.38,260
2016-07-22,24.5637,25.0269,24.3041,24.9617,8671716,72.14,84.5,38.94,72.88,260
2016-07-29,24.8636,24.9598,24.1425,24.6694,9652102,68.02,84.5,38.94,63.84,260
2016-08-05,24.6521,24.7694,24.0964,24.2271,12824706,62.24,84.5,38.94,51.13,260
2016-08-12,24.2752,24.5579,24.1483,24.381,7867023,63.4,84.5,38.94,53.69,260
2016-08-19,24.4444,24.479,23.6541,24.0522,9915551,59.19,84.5,38.94,44.45,260
2016-08-26,24.1233,24.1952,23.5289,23.5541,7122476,53.41,84.5,38.94,31.76,260
2016-09-02,23.6025,23.955,23.283,23.8466,10328124,56.12,84.5,38.94,37.71,260
2016-09-09,23.9666,24.5883,23.3856,23.4069,9316712,51.29,84.5,38.94,27.1,260
2016-09-16,23.434,23.9337,23.3663,23.8834,11082321,55.74,84.5,38.94,36.87,260
2016-09-23,23.9473,24.9582,23.9027,24.5476,9292765,61.07,84.5,38.94,48.58,260
2016-09-30,24.5089,24.904,23.5812,23.6897,11386784,52.3,84.5,38.94,29.33,260
2016-10-07,23.7168,23.8717,22.7601,23.5774,13642972,51.26,84.5,38.94,27.05,260
2016-10-14,23.6006,24.2416,23.3914,24.0209,9308714,55.06,84.5,38.94,35.37,260
2016-10-21,24.0828,24.3269,23.8001,23.9589,6987937,54.42,84.5,38.94,33.98,260
2016-10-28,24.0557,24.5031,23.9163,24.3501,7701532,57.75,84.5,38.94,41.27,260
2016-11-04,24.6057,24.8788,23.6645,23.8562,15148811,52.53,84.5,38.94,29.84,260
2016-11-11,23.9763,24.292,21.7588,21.9893,23717672,38.42,84.5,38.42,0.0,260
2016-11-18,21.8673,22.3979,21.3986,22.0958,20641619,39.42,84.5,38.42,2.17,260
2016-11-25,22.1636,22.4754,21.9997,22.3954,8408276,42.26,84.5,38.42,8.33,260
2016-12-02,22.491,23.1311,21.9797,22.3271,16287358,41.78,84.5,38.42,7.29,260
2016-12-09,22.3076,22.9691,22.0871,22.733,13401693,45.73,84.5,38.42,15.87,260
2016-12-16,22.655,23.5019,22.413,23.2033,15843028,49.97,84.5,38.42,25.07,260
2016-12-23,23.3204,23.3985,23.0589,23.2677,6489225,50.54,84.5,38.42,26.3,260
2016-12-30,23.2385,23.5644,23.1194,23.3126,4394702,50.96,84.5,38.42,27.21,260
2017-01-06,23.3282,23.3809,22.9789,23.1545,7402606,49.37,84.5,38.42,23.77,260
2017-01-13,23.2463,23.4043,22.8969,23.2326,7586383,50.2,84.5,38.42,25.56,260
2017-01-20,23.3009,23.6073,23.096,23.2736,5627352,50.65,84.5,38.42,26.54,260
2017-01-27,23.3263,23.7771,23.0101,23.6854,9723934,55.09,84.5,38.42,36.17,260
2017-02-03,23.7439,24.3713,23.7185,24.2396,10378507,60.26,84.5,38.42,47.4,260
2017-02-10,24.2767,24.6709,24.1069,24.4855,7573887,62.34,84.5,38.42,51.9,260
2017-02-17,24.4913,24.7782,24.3001,24.7567,7850503,64.53,84.5,38.42,56.67,260
2017-02-24,24.6709,25.7486,24.5889,25.7486,8182256,71.16,84.5,38.42,71.06,260
2017-03-03,25.7702,25.8823,25.2865,25.7171,9202048,70.71,84.5,38.42,70.08,260
2017-03-10,25.6581,25.78,25.3062,25.5716,8368026,68.55,84.5,38.42,65.38,260
2017-03-17,25.5775,26.0759,25.4517,25.605,12104817,68.78,84.5,38.42,65.89,260
2017-03-24,25.7014,26.2047,25.4694,26.1103,8641798,72.19,84.5,38.42,73.29,260
2017-03-31,26.1595,26.1703,25.1233,25.2393,10259160,60.03,84.5,38.42,46.9,260
2017-04-07,25.2649,25.725,24.9877,25.3494,8185341,60.93,84.5,38.42,48.85,260
2017-04-13,25.3534,25.8547,25.2275,25.7112,5510846,63.8,84.5,38.42,55.08,260
2017-04-21,25.6916,26.4112,25.4065,26.1536,9796500,66.99,84.5,38.42,62.01,260
2017-04-28,26.075,26.3856,25.841,26.2598,8149880,67.73,84.5,38.42,63.61,260
2017-05-05,26.3738,26.5842,26.1064,26.4112,8147687,68.8,84.5,38.42,65.92,260
2017-05-12,26.4446,26.7061,26.2322,26.651,6893821,70.46,84.5,38.42,69.54,260
2017-05-19,26.5901,27.0796,26.5527,26.9931,9019640,72.71,84.5,38.42,74.41,260
2017-05-26,27.0069,27.928,26.9361,27.8587,7765989,77.38,84.5,38.42,84.56,260
2017-06-02,27.8231,28.2983,27.7657,28.2547,9461233,79.14,84.5,38.42,88.38,260
2017-06-09,28.1933,28.3082,27.7083,27.7657,7918589,71.72,84.5,38.42,72.27,260
2017-06-16,27.835,28.3458,27.3519,28.2805,10755280,74.44,84.5,38.42,78.17,260
2017-06-23,28.322,28.5755,27.8013,28.3399,10043323,74.74,84.5,38.42,78.82,260
2017-06-30,28.3894,28.6824,27.5123,27.7439,11483466,66.28,84.5,38.42,60.47,260
2017-07-07,27.8865,28.0746,27.3222,27.8132,5932757,66.76,84.5,38.42,61.49,260
2017-07-14,27.8429,28.1617,27.6251,28.0468,7902145,68.36,84.5,38.42,64.98,260
2017-07-21,27.9973,28.5953,27.8667,28.5834,7180385,71.73,84.5,38.42,72.3,260
2017-07-28,28.5913,28.8586,28.1379,28.7319,7750075,72.6,84.5,38.42,74.19,260
2017-08-04,28.7734,29.2704,28.7596,29.0546,7227290,74.45,84.5,38.42,78.19,260
2017-08-11,29.0704,29.3615,29.0031,29.1397,7730687,74.93,84.5,38.42,79.23,260
2017-08-18,29.2249,29.8168,29.1793,29.6842,6171500,77.79,84.5,38.42,85.45,260
2017-08-25,29.698,29.9827,29.6347,29.913,6281555,78.89,84.5,38.42,87.82,260
2017-09-01,29.9528,30.1521,29.8253,29.9249,6078068,78.94,84.5,38.42,87.95,260
2017-09-08,29.9289,30.0724,29.3071,29.5463,8103385,72.15,84.5,38.42,73.2,260
2017-09-15,29.5463,30.2119,29.4247,29.911,8969528,74.43,84.5,38.42,78.16,260
2017-09-22,29.893,29.893,29.076,29.1676,6627949,63.08,84.5,38.42,53.52,260
2017-09-29,29.1377,29.5413,28.8368,29.2055,7186374,63.39,84.5,38.42,54.19,260
2017-10-06,29.3689,29.616,29.0202,29.3888,5778762,64.91,84.5,38.42,57.48,260
2017-10-13,29.4865,30.3454,29.3829,30.0026,5655057,69.47,84.5,38.42,67.39,260
2017-10-20,30.1402,30.738,29.8731,30.7221,6403300,73.78,84.5,38.42,76.73,260
2017-10-27,30.6862,31.2482,30.1641,31.0569,7197002,75.51,84.5,38.42,80.49,260
2017-11-03,30.9512,31.1266,29.5682,30.4211,11165076,66.53,84.5,38.42,61.0,260
2017-11-10,30.471,31.0529,30.2219,30.9214,7815007,69.59,84.5,38.42,67.65,260
2017-11-17,30.9572,31.7424,30.8576,31.0967,6262073,70.61,84.5,38.42,69.85,260
2017-11-24,31.1306,31.3658,30.9512,31.2916,5357786,71.74,84.5,38.42,72.31,260
2017-12-01,31.3357,31.9253,31.2675,31.5804,9578810,73.37,84.5,38.42,75.85,260
2017-12-08,31.6165,31.8933,30.9747,31.8933,7765159,75.05,84.5,38.42,79.5,260
2017-12-15,31.8852,31.9675,31.1994,31.7729,12662741,73.14,84.5,38.42,75.35,260
2017-12-22,31.811,31.9213,30.6198,30.9928,8548768,62.09,84.5,38.42,51.36,260
2017-12-29,31.0249,31.5423,30.8825,31.3237,3757957,64.53,84.5,38.42,56.67,260
2018-01-05,31.3718,31.42,30.2026,30.4252,9851936,54.28,84.5,38.42,34.43,260
2018-01-12,30.4252,30.7942,29.9339,30.1465,8482152,51.55,84.5,38.42,28.49,260
2018-01-19,30.1705,30.6338,29.8958,30.1144,8316807,51.23,84.5,38.42,27.79,260
2018-01-26,30.1746,31.9334,30.0021,31.6245,12092449,62.9,84.5,38.42,53.13,260
2018-02-02,31.5262,32.0156,30.9427,31.2695,11992316,59.31,84.5,38.42,45.33,260
2018-02-09,31.2936,31.7428,29.0996,29.7013,15255314,46.63,84.5,38.42,17.82,260
2018-02-16,29.7253,31.3979,29.4526,31.2956,8933321,56.75,84.5,38.42,39.78,260
2018-02-23,31.2014,31.4159,30.347,31.3377,7279045,56.98,84.5,38.42,40.29,260
2018-03-02,31.4576,31.5748,30.5689,30.8739,11927831,53.57,84.5,38.42,32.89,260
2018-03-09,30.8436,31.4253,30.7143,31.2698,9450477,55.99,84.5,38.42,38.14,260
2018-03-16,31.2476,32.6574,31.0133,32.5282,16760950,62.66,84.5,38.42,52.6,260
2018-03-23,32.5282,33.1765,32.0757,32.2151,11744054,60.21,84.5,38.42,47.3,260
2018-03-29,32.3242,33.2089,32.2959,32.9907,9217407,63.96,84.5,38.42,55.44,260
2018-04-06,33.1139,33.2695,32.409,32.8736,9091795,63.0,84.5,38.42,53.34,260
2018-04-13,32.7827,33.0089,32.0454,32.3625,7967510,58.83,84.5,38.42,44.29,260
2018-04-20,32.5221,33.3583,32.3464,32.4777,7425812,59.48,84.5,38.42,45.7,260
2018-04-27,32.5544,33.2089,32.2393,33.118,9804128,62.98,79.14,38.42,60.32,260
2018-05-04,33.1846,33.3543,32.6251,33.1442,10425962,63.12,79.14,38.42,60.66,260
2018-05-11,33.1826,33.1947,31.8858,32.4676,9425373,57.09,79.14,38.42,45.85,260
2018-05-18,32.5302,32.5463,31.3526,31.601,7296605,50.45,79.14,38.42,29.53,260
2018-05-25,31.7222,32.922,31.7121,32.8069,9214716,57.81,79.14,38.42,47.61,260
2018-06-01,32.6514,33.6553,32.6514,32.9402,8735770,58.54,79.14,38.42,49.41,260
2018-06-08,33.0512,33.1691,31.6173,31.8899,10029033,51.02,79.14,38.42,30.94,260
2018-06-15,31.9346,32.4695,31.536,32.4471,11419120,54.37,79.14,38.42,39.16,260
2018-06-22,32.4634,33.4701,32.3678,33.4152,9458962,59.55,79.14,38.42,51.87,260
2018-06-29,33.5454,34.4789,33.4355,33.9704,9599095,62.19,79.14,38.42,58.38,260
2018-07-06,34.0945,34.7067,33.9664,34.6375,6852300,65.15,79.14,38.42,65.63,260
2018-07-13,34.6009,34.6538,33.2545,34.4768,9005691,63.85,79.14,38.42,62.45,260
2018-07-20,34.4768,34.8795,34.2389,34.5684,6744616,64.29,79.14,38.42,63.52,260
2018-07-27,34.6497,34.6884,33.8057,33.9603,10311405,59.19,79.14,38.42,51.01,260
2018-08-03,33.9074,34.967,33.6491,34.8084,8348513,63.53,79.14,38.42,61.67,260
2018-08-10,34.7087,35.1968,34.4097,34.7636,4821223,63.15,79.14,38.42,60.73,260
2018-08-17,34.8084,35.7236,34.7778,35.6259,7261165,67.24,79.14,38.42,70.77,260
2018-08-24,35.6219,35.7154,34.7941,35.1236,6197621,62.86,79.14,38.42,60.03,260
2018-08-31,35.2477,35.3473,34.5175,34.82,8009802,60.31,79.14,38.42,53.76,260
2018-09-07,34.8486,35.7841,34.6378,35.2294,7762532,62.52,79.14,38.42,59.18,260
2018-09-14,35.3645,35.7596,35.1373,35.5467,9050958,64.19,79.14,38.42,63.27,260
2018-09-21,35.3686,35.6654,34.0667,34.9551,11180967,58.93,79.14,38.42,50.36,260
2018-09-28,34.9019,34.906,33.6225,34.3082,11044115,53.75,79.14,38.42,37.64,260
2018-10-05,34.2652,35.3665,34.0196,35.2847,9436428,59.53,79.14,38.42,51.84,260
2018-10-12,35.3277,35.9581,34.3655,34.6685,8989539,54.87,79.14,38.42,40.39,260
2018-10-19,34.6501,35.7186,34.4863,35.5078,6647156,59.52,79.14,38.42,51.81,260
2018-10-26,35.5344,36.1976,34.5354,34.777,10200878,54.27,79.14,38.42,38.93,260
2018-11-02,34.8548,35.7289,34.1342,34.4208,11096623,51.88,79.14,38.42,33.04,260
2018-11-09,34.429,36.2406,34.4249,36.1424,8901133,60.88,79.14,38.42,55.15,260
2018-11-16,36.0666,36.9694,35.7534,36.9264,11774497,64.17,79.14,38.42,63.22,260
2018-11-23,36.8793,37.5937,35.8844,36.3,6777653,59.84,79.14,38.42,52.6,260
2018-11-30,36.3184,37.4956,35.9643,37.4297,11770847,64.49,79.14,38.42,64.02,260
2018-12-07,37.1619,37.9426,36.8056,37.6666,10306378,65.4,79.14,38.42,66.24,260
2018-12-14,37.6048,37.8684,37.0115,37.3329,14138314,62.96,79.14,38.42,60.26,260
2018-12-21,37.5636,37.5636,35.5099,35.8642,18902522,53.52,79.14,38.42,37.07,260
2018-12-28,35.9342,36.1258,33.9424,35.5779,7977306,51.89,79.14,38.42,33.06,260
2019-01-04,35.6376,35.8477,34.7416,35.5387,9269184,51.65,79.14,38.42,32.49,260
2019-01-11,35.3575,36.2824,35.1206,36.1938,11842652,55.26,79.14,38.42,41.35,260
2019-01-18,35.9693,36.3792,34.8837,36.2721,11822770,55.69,79.14,38.42,42.4,260
2019-01-25,36.1361,37.2587,35.8251,35.8827,10785475,52.99,79.14,38.42,35.77,260
2019-02-01,36.2762,36.9312,35.376,36.6284,12425104,57.26,79.14,38.42,46.26,260
2019-02-08,36.4822,37.7716,36.2803,37.6975,10436342,62.52,79.14,38.42,59.18,260
2019-02-15,37.5759,38.1301,37.4235,37.9096,8839161,63.48,79.14,38.42,61.54,260
2019-02-22,37.9282,38.7542,37.7778,38.7521,8746812,67.09,79.14,38.42,70.4,260
2019-03-01,38.818,39.1379,38.3772,38.8932,10451911,67.66,79.14,38.42,71.81,260
2019-03-08,39.0322,39.281,38.6879,39.1296,9953934,68.65,79.14,38.42,74.24,260
2019-03-15,39.111,39.8492,39.0799,39.6563,9852975,70.8,79.14,38.42,79.51,260
2019-03-22,39.704,40.5501,38.9409,40.2141,10301200,72.91,79.14,38.42,84.7,260
2019-03-29,40.322,40.5045,39.6688,40.0876,10152962,71.65,79.14,38.42,81.59,260
2019-04-05,40.1084,40.1768,38.8663,39.4158,10340853,65.17,79.14,38.42,65.69,260
2019-04-12,39.2831,39.6937,38.9492,39.5755,7047312,65.96,79.14,38.42,67.62,260
2019-04-18,39.6294,39.8782,39.2001,39.2665,6778070,62.99,79.14,38.42,60.33,260
2019-04-26,39.2271,40.1022,39.0011,39.7538,8465556,65.62,79.14,38.42,66.79,260
2019-05-03,39.8201,40.4443,39.5153,39.8989,10752473,66.38,79.14,38.42,68.67,260
2019-05-10,39.8554,40.0897,38.8393,39.7642,8914712,64.94,79.14,38.42,65.11,260
2019-05-17,39.6937,41.3609,39.6232,41.2613,10486742,72.19,79.14,38.42,82.91,260
2019-05-24,41.3235,42.4537,41.1867,42.1717,8003957,75.5,79.14,38.42,91.06,260
2019-05-31,42.2546,42.321,41.027,41.3609,7472143,67.75,79.14,38.42,72.03,260
2019-06-07,41.5111,43.5018,40.9769,42.6505,8505467,72.57,79.14,38.42,83.87,260
2019-06-14,42.5899,43.264,41.893,43.1867,7320108,74.3,79.14,38.42,88.1,260
2019-06-21,43.2473,43.5018,42.5419,43.3099,10214165,74.69,79.14,38.42,89.06,260
2019-06-28,43.4789,43.5937,42.3646,42.7485,9883719,69.48,79.14,38.42,76.26,260
2019-07-05,42.6463,43.7084,41.9556,43.4267,6271305,72.02,79.14,38.42,82.5,260
2019-07-12,43.5311,43.9922,43.2306,43.5561,7408844,72.49,79.14,38.42,83.66,260
2019-07-19,43.5436,44.3428,43.1534,43.7648,7452281,73.27,79.14,38.42,85.57,260
2019-07-26,43.8232,43.9651,43.0991,43.6479,7574972,72.04,79.14,38.42,82.55,260
2019-08-02,43.8002,44.4951,43.0302,44.1153,8648201,73.93,79.14,38.42,87.19,260
2019-08-09,44.1466,45.3194,43.12,45.1733,8675717,77.61,79.14,38.42,96.24,260
2019-08-16,45.3048,45.8619,42.9405,45.3924,10064884,78.3,79.14,38.42,97.92,260
2019-08-23,45.3465,46.7842,45.2025,46.3043,10269550,80.91,80.91,38.42,100.0,260
2019-08-30,46.4295,47.0701,45.9259,45.9742,12162939,77.28,80.91,38.42,91.45,260
2019-09-06,45.9175,47.418,45.8735,46.1966,11354789,78.0,80.91,38.42,93.14,260
2019-09-13,45.9994,46.6394,45.4055,45.8504,11175798,74.08,80.91,38.42,83.92,260
2019-09-20,45.8672,47.4264,45.5923,47.3676,11388412,79.05,80.91,38.42,95.61,260
2019-09-27,47.3089,48.8513,47.1829,48.5302,10073741,81.91,81.91,38.42,100.0,260
2019-10-04,48.6897,49.0758,47.9573,49.0191,10300959,82.96,82.96,38.42,100.0,260
2019-10-11,48.9898,49.1618,47.9615,48.1692,8947474,74.81,82.96,38.42,81.69,260
2019-10-18,48.2679,48.8492,47.5481,48.7862,8176876,76.6,82.96,38.42,85.73,260
2019-10-25,48.7715,50.3412,48.4022,49.7096,10366561,79.02,82.96,38.42,91.15,260
2019-11-01,49.6298,50.1314,48.5176,49.464,8807761,76.75,82.96,38.42,86.06,260
2019-11-08,49.3633,49.3633,46.3058,46.6038,12209465,56.44,82.96,38.42,40.45,260
2019-11-15,46.6625,48.5889,46.5261,48.5638,8217371,63.56,82.96,38.42,56.43,260
2019-11-22,48.6813,49.6844,48.5029,48.9751,8011577,64.85,82.96,38.42,59.35,260
2019-11-29,49.0779,49.7335,48.6351,49.3306,8808059,65.98,82.96,38.42,61.88,260
2019-12-06,49.3074,49.6702,48.7504,49.4508,9006819,66.37,82.96,38.42,62.76,260
2019-12-13,49.5669,50.0816,49.109,49.9909,7597932,68.15,82.96,38.42,66.76,260
2019-12-20,50.0521,51.6914,49.8749,51.2061,14081235,71.77,82.96,38.42,74.88,260
2019-12-27,51.2209,51.2589,50.1787,51.164,5586739,71.47,82.96,38.42,74.2,260
2020-01-03,50.991,51.4108,50.2019,50.7019,6585521,68.07,82.96,38.42,66.57,260
2020-01-10,50.7821,51.626,50.6703,51.3834,7567722,70.31,82.96,38.42,71.61,260
2020-01-17,51.2779,53.5353,51.2779,53.4615,9448447,75.88,82.96,38.42,84.09,260
2020-01-24,53.5944,55.7147,53.337,55.6388,9768693,80.09,82.96,38.42,93.54,260
2020-01-31,55.4067,57.1029,55.3371,56.5839,9203944,81.59,82.96,38.42,96.92,260
2020-02-07,56.6873,57.3118,55.3202,56.8667,11118794,82.02,82.96,38.42,97.9,260
2020-02-14,57.0291,58.8794,56.8223,58.7612,9052426,84.65,84.65,38.42,100.0,260
2020-02-21,59.0735,59.7802,57.662,58.565,13169943,83.29,84.65,38.42,97.06,260
2020-02-28,57.9764,58.7802,51.5648,53.6183,17748339,58.02,84.65,38.42,42.4,260
2020-03-06,53.8071,59.9419,53.527,57.6615,19154938,66.87,84.65,38.42,61.54,260
2020-03-13,53.9789,56.7069,41.6541,46.9998,30445204,41.83,84.65,38.42,7.38,260
2020-03-20,42.002,48.3638,39.6388,40.6761,25967091,33.76,84.65,33.76,0.0,260
2020-03-27,39.5985,50.9794,37.0805,49.2038,22547420,48.26,84.65,33.76,28.5,260
2020-04-03,50.3408,52.6573,45.1924,47.0167,16738267,45.51,84.65,33.76,23.09,260
2020-04-09,48.9577,53.2173,47.5259,52.0315,15412522,52.23,84.65,33.76,36.3,260
2020-04-17,51.4545,52.424,49.7193,52.2394,13423827,52.5,84.65,33.76,36.82,260
2020-04-24,52.0676,52.757,49.015,50.8478,12121243,50.5,84.65,33.76,32.9,260
2020-05-01,51.3591,52.3752,47.7295,48.1644,13481377,46.81,84.65,33.76,25.64,260
2020-05-08,48.1538,49.7554,47.2246,48.7329,11124281,47.68,84.65,33.76,27.35,260
2020-05-15,48.1092,49.4966,47.3519,48.3341,15831205,47.1,84.65,33.76,26.21,260
2020-05-22,49.626,50.2539,48.1856,49.6069,8950476,49.23,84.65,33.76,30.41,260
2020-05-29,50.1351,54.4138,49.5963,54.2122,11931913,56.14,84.65,33.76,43.97,260
2020-06-05,54.1956,55.9382,52.9137,54.2574,12245538,56.2,84.65,33.76,44.1,260
2020-06-12,53.9759,55.6481,52.0946,52.6641,10218469,53.3,84.65,33.76,38.39,260
2020-06-19,52.197,54.1081,51.474,51.6617,11016561,51.49,84.65,33.76,34.85,260
2020-06-26,51.8728,53.3765,50.0833,50.384,10331817,49.21,84.65,33.76,30.36,260
2020-07-02,50.6592,53.2635,49.8593,52.5553,6856483,53.02,84.65,33.76,37.85,260
2020-07-10,52.9371,55.7313,51.9667,55.3708,9701113,57.48,84.65,33.76,46.62,260
2020-07-17,55.2407,59.1802,54.4729,58.7366,13206575,62.11,84.65,33.76,55.71,260
2020-07-24,58.7622,60.9228,58.2823,59.7753,8640932,63.44,84.65,33.76,58.31,260
2020-07-31,59.9353,60.7586,58.8454,59.8713,8276246,63.56,84.65,33.76,58.56,260
2020-08-07,59.9651,61.7291,58.9605,61.3814,8348856,65.58,84.65,33.76,62.53,260
2020-08-14,61.4902,61.6662,58.9627,59.8286,7195975,61.79,84.65,33.76,55.08,260
2020-08-21,60.1614,60.8247,59.7924,60.236,5979989,62.4,84.65,33.76,56.29,260
2020-08-28,60.3619,60.4994,59.293,59.9253,5504087,61.59,84.65,33.76,54.69,260
2020-09-04,59.8846,62.3991,58.4762,59.4473,9150752,60.29,84.65,33.76,52.13,260
2020-09-11,59.5373,61.4838,59.0143,59.6252,5058973,60.62,84.65,33.76,52.79,260
2020-09-18,59.9253,64.159,59.1236,59.3616,14505668,59.82,84.65,33.76,51.21,260
2020-09-25,58.95,60.4784,58.2136,60.4119,8385762,61.98,84.65,33.76,55.45,260
2020-10-02,60.7635,61.5545,57.2651,60.2726,13896423,61.51,84.65,33.76,54.52,260
2020-10-09,60.845,65.1065,60.6499,64.9329,9046904,69.79,84.65,33.76,70.8,260
2020-10-16,64.9522,66.0368,63.3787,65.5095,8276844,70.64,84.65,33.76,72.46,260
2020-10-23,65.4088,65.9447,63.3294,64.9672,8898523,68.7,84.65,33.76,68.65,260
2020-10-30,64.5835,65.5352,62.1654,62.7742,30310732,61.36,84.65,33.76,54.23,260
2020-11-06,63.5374,65.964,62.5942,64.9264,42970754,65.28,84.65,33.76,61.93,260
2020-11-13,69.531,71.4602,64.5749,66.1869,40555635,67.37,84.65,33.76,66.03,260
2020-11-20,67.0529,67.2844,64.1419,64.7807,33319927,62.83,84.65,33.76,57.11,260
2020-11-27,65.1665,65.5787,63.5631,64.7173,24350245,62.62,84.65,33.76,56.71,260
2020-12-04,64.8638,65.0963,61.9694,62.4691,41718241,55.69,84.65,33.76,43.08,260
2020-12-11,62.4518,63.9937,62.1331,63.5717,33918302,58.13,84.65,33.76,47.9,260
2020-12-18,64.0885,65.484,63.128,64.1833,43090448,59.47,84.65,33.76,50.52,260
2020-12-24,63.6923,65.0791,62.7792,64.5881,18601129,60.38,84.65,33.76,52.3,260
2020-12-31,64.9757,66.4918,64.6398,66.4574,15429065,64.33,84.65,33.76,60.06,260
2021-01-08,66.509,69.9547,63.3821,69.8858,46076134,70.2,84.65,33.76,71.59,260
2021-01-15,69.7565,71.7205,67.6547,70.6696,42692692,71.36,84.65,33.76,73.87,260
2021-01-22,71.0659,73.2452,70.4284,72.5389,32361248,73.96,84.65,33.76,78.99,260
2021-01-29,72.4614,75.5366,68.5807,69.6618,64316808,64.28,84.65,33.76,59.96,260
2021-02-05,70.8678,72.8275,69.6446,72.0134,30240940,67.97,84.65,33.76,67.22,260
2021-02-12,72.358,73.2108,71.1692,71.6086,27832559,66.69,84.65,33.76,64.71,260
2021-02-19,71.7464,71.9876,67.1465,67.2757,31924085,54.81,84.65,33.76,41.37,260
2021-02-26,67.0173,67.1379,62.9583,63.6251,62212535,47.19,84.65,33.76,26.38,260
2021-03-05,64.6295,66.595,59.1658,61.2179,60268610,42.94,84.65,33.76,18.05,260
2021-03-12,61.4777,65.8157,61.088,65.5213,42806097,51.36,84.65,33.76,34.59,260
2021-03-19,65.3655,66.1015,60.6637,61.3391,60991300,44.49,84.65,33.76,21.09,260
2021-03-26,61.2699,64.3264,61.2699,64.1273,52249192,49.36,84.65,33.76,30.65,260
2021-04-01,64.1706,66.1361,63.8069,65.6079,30588568,51.77,84.65,33.76,35.4,260
2021-04-09,66.2747,67.8939,65.7638,67.4869,33085043,54.73,84.65,33.76,41.2,260
2021-04-16,67.3483,70.4872,66.8548,70.0845,36986860,58.51,84.65,33.76,48.63,260
2021-04-23,70.1365,70.4569,67.2704,67.7467,37712349,54.13,84.65,33.76,40.02,260
2021-04-30,67.8765,68.067,66.3526,67.1146,32402836,52.97,84.65,33.76,37.75,260
2021-05-07,67.3916,67.5302,63.4735,64.5342,38643951,48.43,84.65,33.76,28.82,260
2021-05-14,64.3697,65.5646,61.9106,63.3133,36734589,46.4,84.65,33.76,24.83,260
2021-05-21,63.2094,65.1549,61.6508,64.4563,46539223,48.57,84.65,33.76,29.1,260
2021-05-28,64.742,64.8373,63.0363,63.3999,41731469,46.69,84.65,33.76,25.4,260
2021-06-04,63.8951,63.8951,62.5197,62.9723,30934955,45.91,84.65,33.76,23.88,260
2021-06-11,63.1725,64.0692,62.4239,63.9734,31204082,48.09,84.65,33.76,28.15,260
2021-06-18,64.0779,65.2618,63.5643,63.7906,50349497,47.71,84.65,33.76,27.41,260
2021-06-25,64.1475,65.0615,63.19,64.2955,32695410,48.9,84.65,33.76,29.75,260
2021-07-02,65.0877,66.0234,63.6078,64.6611,34300285,49.79,84.65,33.76,31.51,260
2021-07-09,64.8613,66.1758,64.4522,65.2792,24093547,51.34,84.65,33.76,34.55,260
2021-07-16,65.462,68.2041,64.7482,67.8297,34591604,57.2,84.65,33.76,46.07,260
2021-07-23,67.4032,68.2302,65.9886,67.203,35874558,55.44,84.65,33.76,42.6,260
2021-07-30,66.8461,68.6393,66.2559,67.8123,28409197,56.83,84.65,33.76,45.34,260
2021-08-06,68.3085,70.5109,68.0126,70.1714,32738785,61.82,84.65,33.76,55.14,260
2021-08-13,70.4761,72.7263,69.7449,72.6436,30310266,66.23,84.65,33.76,63.8,260
2021-08-20,72.6436,75.2377,72.3564,75.1072,37906570,69.95,84.65,33.76,71.11,260
2021-08-27,74.698,74.9331,72.6088,72.9424,31821829,63.34,84.65,33.76,58.13,260
2021-09-03,72.8112,75.6533,72.5926,74.9362,28552007,66.48,84.65,33.76,64.3,260
2021-09-10,74.7176,76.0556,73.8693,74.2716,22637974,64.5,84.65,33.76,60.4,260
2021-09-17,75.1111,75.1549,71.3114,71.3945,37643163,56.63,84.65,33.76,44.93,260
2021-09-24,71.307,72.5051,70.3888,70.5725,33635712,54.58,84.65,33.76,40.91,260
2021-10-01,69.969,70.6468,67.3455,69.2694,43504182,51.4,84.65,33.76,34.66,260
2021-10-08,69.1295,72.2384,68.6573,70.144,27685297,53.36,84.65,33.76,38.52,260
2021-10-15,69.2607,72.1028,67.8353,71.4207,43972910,56.15,84.65,33.76,43.99,260
2021-10-22,71.1321,74.0705,70.6249,73.8256,27279695,60.88,84.65,33.76,53.29,260
2021-10-29,73.8081,75.6358,73.3971,74.6214,29674549,62.33,84.65,33.76,56.14,260
2021-11-05,74.7176,75.4172,72.7325,74.7963,29484192,62.66,84.65,33.76,56.78,260
2021-11-12,74.7963,75.7932,73.4933,75.4784,26075052,63.97,84.65,33.76,59.37,260
2021-11-19,76.0031,77.6778,75.5659,77.2274,29546882,67.17,84.65,33.76,65.65,260
2021-11-26,77.0875,77.3236,75.4164,75.6184,21517070,61.74,84.65,33.76,54.99,260
2021-12-03,76.6109,78.7717,75.5534,77.3224,54598972,64.97,84.65,33.76,61.33,260
2021-12-10,77.3576,79.8609,77.1907,79.2987,32940829,68.31,84.65,33.76,67.89,260
2021-12-17,79.2812,81.4244,78.5697,79.8785,50025843,69.23,84.65,33.76,69.71,260
2021-12-23,78.8771,80.229,77.7396,79.6677,26444332,68.45,84.65,33.76,68.17,260
2021-12-31,79.7994,82.3291,79.6062,82.0041,19861767,72.2,84.65,33.76,75.54,260
2022-01-07,82.0568,82.2588,74.2306,75.8995,48985185,54.1,84.65,33.76,39.96,260
2022-01-14,75.3637,75.8556,72.6144,73.0799,44526624,48.1,84.65,33.76,28.17,260
2022-01-21,72.0259,74.9025,70.884,72.5529,45341788,47.05,84.65,33.76,26.11,260
2022-01-28,71.7185,72.0654,61.3011,63.6814,109131508,33.7,84.65,33.7,0.0,260
2022-02-04,64.0415,69.8036,63.901,66.7645,62361226,40.06,84.65,33.7,12.49,260
2022-02-11,66.7557,67.8712,65.5875,65.8422,41006508,38.86,84.65,33.7,10.13,260
2022-02-18,65.8334,67.1685,64.8365,65.1307,44588449,37.92,84.65,33.7,8.27,260
2022-02-25,64.9375,67.8449,62.1357,67.7746,44376208,43.42,84.65,33.7,19.08,260
2022-03-04,68.0808,71.0481,67.5509,70.8362,56336854,49.05,84.65,33.7,30.13,260
2022-03-11,71.4985,75.4196,69.273,70.0325,64161527,47.71,84.65,33.7,27.5,260
2022-03-18,70.3681,73.7328,69.5026,72.7437,44441466,52.44,84.65,33.7,36.78,260
2022-03-25,72.417,74.3952,71.9048,74.1303,32575513,54.7,84.65,33.7,41.21,260
2022-04-01,74.2274,76.1968,73.8741,75.6934,38497916,57.16,84.65,33.7,46.05,260
2022-04-08,75.6316,77.2919,74.7485,76.029,34755738,57.7,84.65,33.7,47.1,260
2022-04-14,76.082,76.1438,73.1058,73.1323,30482690,51.72,84.65,33.7,35.36,260
2022-04-22,73.3001,73.8388,65.2459,65.3077,55639259,39.74,84.65,33.7,11.85,260
2022-04-29,65.3519,66.3587,62.5965,62.7202,63885079,36.71,84.65,33.7,5.9,260
2022-05-06,62.7908,64.7602,60.5123,64.0007,55315816,39.18,84.65,33.7,10.75,260
2022-05-13,63.409,63.6563,59.3643,61.6427,59679629,36.37,84.65,33.7,5.23,260
2022-05-20,61.5014,63.8064,61.2895,62.8968,45887085,38.88,84.65,33.7,10.16,260
2022-05-27,63.4178,68.7741,63.1087,68.7564,51570969,49.02,84.65,33.7,30.06,260
2022-06-03,68.1792,70.1017,66.7495,69.8752,56640508,50.7,84.65,33.7,33.36,260
2022-06-10,72.0952,72.3616,67.2823,67.4067,42274119,47.02,84.65,33.7,26.13,260
2022-06-17,66.2256,67.087,62.2652,62.878,64028404,41.11,84.65,33.7,14.54,260
2022-06-24,62.8691,69.378,62.8691,69.2803,42977618,50.56,84.65,33.7,33.09,260
2022-07-01,69.0228,71.6068,66.8295,71.5358,36371613,53.4,84.65,33.7,38.66,260
2022-07-08,71.4825,71.6778,68.8718,71.2605,30404182,53.0,84.65,33.7,37.88,260
2022-07-15,71.0385,72.1929,67.7796,69.893,36112197,50.96,84.65,33.7,33.87,260
2022-07-22,69.5556,72.6369,68.8185,71.2605,38703443,52.91,84.65,33.7,37.7,260
2022-07-29,71.0385,76.6061,70.3104,75.0255,42869048,57.88,84.65,33.7,47.46,260
2022-08-05,74.99,78.724,74.1997,78.1246,39631778,61.49,84.65,33.7,54.54,260
2022-08-12,78.5508,80.8329,77.059,80.3357,30879772,63.87,84.65,33.7,59.2,260
2022-08-19,80.3445,81.1171,79.3544,79.6608,25094838,62.6,84.65,33.7,56.71,260
2022-08-26,78.9682,80.4156,77.8094,78.1956,28511864,59.82,84.65,33.7,51.25,260
2022-09-02,77.6138,78.3901,75.5883,75.9452,31717828,55.72,84.65,33.7,43.22,260
2022-09-09,77.8458,81.2545,77.6495,80.2194,36824906,61.16,84.65,33.7,53.89,260
2022-09-16,80.4692,81.0671,75.4009,75.6597,56351822,53.6,84.65,33.7,39.05,260
2022-09-23,75.5972,77.5424,72.5812,73.6341,35048901,50.6,84.65,33.7,33.17,260
2022-09-30,73.5895,74.0847,69.8596,69.9667,46809172,45.64,84.65,33.7,23.42,260
2022-10-07,71.2338,73.9642,67.9857,68.4676,37849719,43.74,84.65,33.7,19.71,260
2022-10-14,68.7353,69.3153,62.8058,64.0417,47356155,38.65,84.65,33.7,9.71,260
2022-10-21,64.9608,67.7626,62.2909,63.9346,47326852,38.54,84.65,33.7,9.49,260
2022-10-28,64.6841,70.7608,64.2112,70.5199,41740587,48.79,84.65,33.7,29.61,260
2022-11-04,70.0024,71.2293,68.1374,70.3147,35482439,48.52,84.65,33.7,29.08,260
2022-11-11,70.2522,74.8209,68.0749,74.339,32513989,53.94,84.65,33.7,39.71,260
2022-11-18,74.1427,75.624,72.8221,74.2409,36943217,53.79,84.65,33.7,39.42,260
2022-11-25,73.7233,76.9441,73.7233,76.5315,18581635,56.78,84.65,33.7,45.3,260
2022-12-02,75.6303,77.0965,73.5139,76.406,33749404,56.56,84.65,33.7,44.87,260
2022-12-09,76.2266,77.4821,75.0653,75.7872,24390696,55.44,84.65,33.7,42.67,260
2022-12-16,76.3342,79.464,74.6752,75.4554,42058651,54.82,84.65,33.7,41.44,260
2022-12-23,75.3119,76.1818,73.6798,75.4823,23595151,54.86,84.65,33.7,41.53,260
2022-12-30,75.4195,75.9486,73.9623,74.9711,15908377,53.78,84.65,33.7,39.4,260
2023-01-06,75.6617,76.6392,73.6618,75.016,21074790,53.86,84.65,33.7,39.57,260
2023-01-13,75.007,76.8275,74.7649,75.9397,25415610,55.7,84.65,33.7,43.17,260
2023-01-20,76.397,77.5449,72.1911,73.3749,31046941,49.78,84.65,33.7,31.55,260
2023-01-27,72.9803,75.5092,67.0794,67.7789,73796047,39.83,84.65,33.7,12.03,260
2023-02-03,67.5816,68.9111,65.6535,66.9629,75154462,38.62,84.65,33.7,9.65,260
2023-02-10,66.9001,68.6757,65.5728,67.0256,52327800,38.77,84.65,33.7,9.95,260
2023-02-17,67.5637,69.1331,67.0794,68.2183,41781035,41.77,84.65,33.7,15.83,260
2023-02-24,67.6534,67.7296,64.3891,65.3935,39444494,37.14,84.65,33.7,6.74,260
2023-03-03,65.864,66.6764,62.8583,66.6403,56907559,40.28,84.65,33.7,12.92,260
2023-03-10,66.3785,67.6873,65.3225,65.9001,37956445,39.03,84.65,33.7,10.46,260
2023-03-17,65.9453,69.0593,65.8911,68.3011,52088926,45.0,84.65,33.7,22.17,260
2023-03-24,68.2379,69.5016,66.2251,68.3192,33236349,45.04,84.65,33.7,22.25,260
2023-03-31,68.4816,69.6099,67.5339,69.5738,33443756,48.11,84.65,33.7,28.28,260
2023-04-06,69.5467,71.3068,68.4185,71.2798,25572457,52.04,84.65,33.7,35.99,260
2023-04-14,70.7201,71.704,69.7814,70.4223,28303223,49.99,84.65,33.7,31.97,260
2023-04-21,70.5667,72.0064,70.2147,71.2978,25778137,52.07,84.65,33.7,36.04,260
2023-04-28,70.8645,71.5325,66.7125,69.1676,44820812,46.96,84.65,33.7,26.03,260
2023-05-05,69.0232,69.8401,67.2992,68.1567,31412958,44.72,84.65,33.7,21.63,260
2023-05-12,68.1747,70.3952,67.8679,70.3681,32893608,50.31,84.65,33.7,32.59,260
2023-05-19,70.8284,70.8826,66.9833,67.227,30364003,43.57,84.65,33.7,19.37,260
2023-05-26,67.6151,67.8769,65.4127,67.1435,34793695,43.41,84.65,33.7,19.05,260
2023-06-02,67.5341,67.8974,65.286,67.0799,31672683,43.27,84.65,33.7,18.78,260
2023-06-09,67.3524,68.3062,66.5622,67.2798,33408212,43.86,84.65,33.7,19.94,260
2023-06-16,67.5886,69.4143,66.5667,68.6604,58189604,47.91,84.65,33.7,27.89,260
2023-06-23,68.6967,69.3871,66.9618,67.3706,31034793,44.67,84.65,33.7,21.53,260
2023-06-30,67.2979,67.9428,65.8628,67.3978,36837548,44.76,84.65,33.7,21.7,260
2023-07-07,67.0981,68.6604,65.3041,65.4449,25717814,40.01,84.65,33.7,12.38,260
2023-07-14,65.2179,67.1526,64.3549,66.4895,36560947,43.46,84.65,33.7,19.16,260
2023-07-21,66.2715,69.2781,64.7637,68.942,40953603,50.65,84.65,33.7,33.26,260
2023-07-28,68.9238,69.6414,65.8355,66.1716,41118852,43.87,84.65,33.7,19.95,260
2023-08-04,66.6712,67.6476,62.6882,62.829,42409867,37.37,84.65,33.7,7.19,260
2023-08-11,63.1287,63.3331,61.6845,62.6019,39224203,36.96,84.65,33.7,6.4,260
2023-08-18,62.5383,62.611,61.0123,61.6118,35127583,35.19,84.65,33.7,2.92,260
2023-08-25,61.5391,62.1386,60.5626,61.7299,41305206,35.59,84.65,33.7,3.7,260
2023-09-01,61.9933,62.3067,60.7763,61.1604,45918144,34.49,84.65,33.7,1.55,260
2023-09-08,61.1147,61.5263,59.7748,61.1238,36720117,34.42,84.65,33.7,1.4,260
2023-09-15,61.2793,63.9226,61.2336,62.7793,50415210,40.58,84.65,33.7,13.49,260
2023-09-22,62.9348,62.9805,60.6802,61.9195,42811545,38.55,84.65,33.7,9.52,260
2023-09-29,61.4805,61.7321,52.1149,52.3984,93506719,24.17,84.65,24.17,0.0,260
2023-10-06,51.2917,51.5661,43.1196,45.9503,173377637,19.0,84.65,19.0,0.0,260
2023-10-13,45.4473,50.5326,44.2492,49.8375,116504330,28.88,84.65,19.0,15.05,260
2023-10-20,49.8375,50.3405,47.2765,47.5235,73427519,26.78,84.65,19.0,11.86,260
2023-10-27,46.8924,53.2673,46.5997,51.438,83802427,35.33,84.65,19.0,24.87,260
2023-11-03,51.5935,56.2398,51.0082,54.3099,73439547,40.78,84.65,19.0,33.18,260
2023-11-10,54.3282,54.7666,49.8558,50.432,61616681,36.33,84.65,19.0,26.39,260
2023-11-17,50.3496,53.7154,49.2155,52.4716,54938162,40.04,84.65,19.0,32.05,260
2023-11-24,52.1332,53.7651,51.4975,53.0644,34614720,41.11,84.65,19.0,33.68,260
2023-12-01,53.0183,54.8993,52.4374,54.5581,62163854,43.84,84.65,19.0,37.85,260
2023-12-08,54.0233,55.8398,53.3594,55.0468,57540400,44.75,84.65,19.0,39.22,260
2023-12-15,53.968,59.5556,53.5531,56.7065,79661019,47.82,84.65,19.0,43.89,260
2023-12-22,56.7987,57.2597,54.4567,55.0929,54688793,45.19,84.65,19.0,39.89,260
2023-12-29,55.0283,56.3377,54.973,56.0057,26358353,46.96,84.65,19.0,42.6,260
2024-01-05,55.8305,57.8637,55.4894,57.2413,38738685,49.36,84.65,19.0,46.24,260
2024-01-12,56.9647,58.1403,55.872,56.2823,41271248,47.56,84.65,19.0,43.51,260
2024-01-19,55.932,56.4299,52.1654,52.797,45565307,41.64,84.65,19.0,34.49,260
2024-01-26,52.8984,54.7333,52.2391,53.9219,70705133,44.06,84.65,19.0,38.18,260
2024-02-02,53.9127,55.305,53.4609,53.6176,52676009,43.54,84.65,19.0,37.38,260
2024-02-09,52.8984,52.9537,51.0681,52.17,48508499,41.03,84.65,19.0,33.55,260
2024-02-16,52.1792,53.1658,50.4042,52.5849,51036561,42.06,84.65,19.0,35.12,260
2024-02-23,52.3175,52.9814,51.6813,52.3544,43327168,41.62,84.65,19.0,34.46,260
2024-03-01,52.0243,52.1034,50.5166,51.3821,73807798,39.75,84.65,19.0,31.62,260
2024-03-08,50.9819,54.1276,50.2095,53.8019,61738521,46.23,84.65,19.0,41.47,260
2024-03-15,53.5785,56.1844,52.6295,55.9145,85941612,51.16,84.65,19.0,48.98,260
2024-03-22,55.9145,58.9903,55.3189,57.4966,71208615,54.52,84.65,19.0,54.11,260
2024-03-28,57.7014,59.8047,57.0499,59.4789,51492926,58.39,84.65,19.0,60.0,260
2024-04-05,59.4789,59.8931,57.5664,59.7302,54299208,58.87,84.65,19.0,60.73,260
2024-04-12,59.7023,61.2902,58.5855,58.7065,49163693,56.05,84.65,19.0,56.43,260
2024-04-19,59.1253,60.4003,57.0592,59.8419,61949377,58.43,84.65,19.0,60.05,260
2024-04-26,60.1118,62.6339,59.4882,61.4147,62647316,61.53,84.65,19.0,64.79,260
2024-05-03,62.3687,65.4073,61.6753,65.277,57449980,67.88,84.65,19.0,74.46,260
2024-05-10,65.4817,69.9955,65.3887,68.6739,66252808,72.22,84.65,19.0,81.07,260
2024-05-17,68.9997,72.0429,68.4878,70.8145,48237274,74.56,84.65,19.0,84.63,260
2024-05-24,70.7214,71.8289,69.4464,71.2984,39072181,75.07,84.65,19.0,85.4,260
2024-05-31,71.3077,74.8908,70.8796,74.472,56844064,78.16,84.65,19.0,90.11,260
2024-06-07,74.4784,74.7126,70.272,70.628,49769643,67.28,84.65,19.0,73.53,260
2024-06-14,70.7029,72.1878,66.89,68.4452,64522582,62.0,84.65,19.0,65.49,260
2024-06-21,68.136,69.0354,64.6161,68.2109,71938087,61.44,84.65,19.0,64.64,260
2024-06-28,67.9205,69.6911,65.452,66.3373,68317478,57.02,84.65,19.0,57.92,260
2024-07-05,66.9462,67.78,64.9976,67.5364,32627870,59.05,84.65,19.0,61.01,260
2024-07-12,67.5926,71.8552,67.1523,71.1994,41618896,64.55,84.65,19.0,69.39,260
2024-07-19,69.485,69.7005,66.0281,67.4521,59970434,56.23,84.65,19.0,56.71,260
2024-07-26,68.3421,70.9652,67.3631,69.5694,54886324,59.41,84.65,19.0,61.56,260
2024-08-02,69.7567,75.4714,68.5763,74.1973,55750798,65.35,84.65,19.0,70.6,260
2024-08-09,73.5884,74.01,71.5273,72.5672,41098940,61.91,84.65,19.0,65.37,260
2024-08-16,72.4454,73.8132,72.0356,73.6071,27976113,63.24,84.65,19.0,67.39,260
2024-08-23,73.6071,75.2466,73.476,74.6283,29769256,64.55,84.65,19.0,69.38,260
2024-08-30,74.9468,76.1192,73.7336,75.907,27914521,66.17,84.65,19.0,71.85,260
2024-09-06,76.1522,77.4439,75.0774,75.4073,34040431,64.92,84.65,19.0,69.95,260
2024-09-13,75.5299,79.8858,74.7285,79.8103,41314039,70.25,84.65,19.0,78.07,260
2024-09-20,80.2252,80.6683,76.8074,78.0284,65490106,65.89,84.65,19.0,71.42,260
2024-09-27,78.8769,80.3949,78.1981,79.7066,41139452,67.91,84.65,19.0,74.5,260
2024-10-04,79.6689,81.1774,78.2641,79.0561,46774471,66.27,84.65,19.0,72.0,260
2024-10-11,78.7732,78.7732,75.1056,77.1799,47157887,61.65,84.65,19.0,64.96,260
2024-10-18,77.2176,79.7962,76.9442,79.5558,44449944,64.98,84.65,19.0,70.03,260
2024-10-25,79.9141,81.0832,76.6424,76.7744,42523854,58.56,84.65,19.0,60.27,260
2024-11-01,77.3496,79.0467,72.5647,72.9277,67212968,51.06,84.65,19.0,48.83,260
2024-11-08,72.9277,74.3137,68.5341,72.5694,80417001,50.41,84.65,19.0,47.85,260
2024-11-15,72.5789,72.7391,69.411,71.9849,62008265,49.31,84.65,19.0,46.17,260
2024-11-22,71.9377,73.6022,71.0043,72.1404,41126491,49.63,84.65,19.0,46.65,260
2024-11-29,72.8334,75.3488,71.9791,74.6749,46243373,54.58,84.65,19.0,54.19,260
2024-12-06,74.9122,75.0356,71.1153,71.419,43045890,48.04,84.65,19.0,44.24,260
2024-12-13,71.6658,71.7892,69.2358,69.8813,40003427,45.29,84.65,19.0,40.04,260
2024-12-20,69.9572,70.4508,65.7997,68.0303,71266082,42.15,84.65,19.0,35.26,260
2024-12-27,67.7171,69.2074,67.6317,68.448,20474024,43.11,84.65,19.0,36.72,260
2025-01-03,68.0398,68.989,67.3754,68.3341,25049642,42.9,84.65,19.0,36.4,260
2025-01-10,68.1537,68.2866,63.664,63.9582,40193752,35.75,84.65,19.0,25.51,260
2025-01-17,63.8063,68.1917,62.5439,67.1666,64306442,43.22,84.65,19.0,36.9,260
2025-01-24,67.7361,70.2895,64.5467,69.1314,61937569,47.27,84.65,19.0,43.06,260
2025-01-31,69.5776,70.1708,66.3692,67.9259,64604840,45.14,84.65,19.0,39.82,260
2025-02-07,66.9198,68.1442,64.7366,64.803,47195294,40.11,83.29,19.0,32.84,260
2025-02-14,64.8694,66.8059,64.4328,64.6037,54073410,39.81,78.16,19.0,35.17,260
2025-02-21,64.5467,68.3151,64.1006,67.9449,47017325,47.07,78.16,19.0,47.45,260
2025-02-28,67.6791,68.0636,65.7902,67.1442,54672851,45.65,78.16,19.0,45.05,260
2025-03-07,67.0294,69.967,66.0438,69.6895,56036508,50.74,78.16,19.0,53.66,260
2025-03-14,69.8522,73.0003,68.6869,70.3785,72128221,52.05,78.16,19.0,55.87,260
2025-03-21,70.2637,70.2637,66.9816,67.8236,67221422,47.06,78.16,19.0,47.42,260
2025-03-28,67.8906,68.6944,65.4697,67.4122,50755862,46.28,78.16,19.0,46.12,260
2025-04-04,67.661,70.2541,63.977,64.0248,65189306,40.42,78.16,19.0,36.2,260
2025-04-11,62.6756,64.8669,59.0586,62.9723,84593959,38.77,78.16,19.0,33.42,260
2025-04-17,63.6134,65.4841,62.4842,63.4507,42009503,39.97,78.16,19.0,35.44,260
2025-04-25,62.9818,66.1204,60.8958,63.2402,68761795,39.6,78.16,19.0,34.82,260
2025-05-02,63.3072,64.7138,62.4651,64.1971,54600213,42.2,78.16,19.0,39.21,260
2025-05-09,64.1109,67.4504,62.5321,67.2782,55379260,49.69,78.16,19.0,51.88,260
2025-05-16,67.8476,71.766,65.7376,71.766,87765020,58.19,78.16,19.0,66.25,260
2025-05-23,71.0244,71.9669,61.1255,64.8382,95986866,45.43,78.16,19.0,44.68,260
2025-05-30,64.8286,67.6466,63.8909,67.594,49120522,50.12,78.16,19.0,52.6,260
2025-06-06,67.2765,69.7266,66.5942,69.606,51530474,53.27,78.16,19.0,57.93,260
2025-06-13,69.6736,72.5867,68.7958,72.1333,53187113,56.96,78.16,19.0,64.16,260
2025-06-20,72.5384,72.6349,67.9566,68.9983,49903591,51.53,78.16,19.0,54.99,260
2025-06-27,69.2491,69.7604,67.6479,68.381,52798261,50.51,78.16,19.0,53.26,260
2025-07-03,65.4245,72.3938,64.8216,71.2652,64537077,54.99,78.16,19.0,60.84,260
2025-07-11,71.0915,72.2057,68.735,71.7668,54788616,55.75,78.16,19.0,62.11,260
2025-07-18,71.7668,73.6477,71.5401,73.2619,43368013,58.0,78.16,19.0,65.92,260
2025-07-25,73.6381,75.6831,68.5643,69.307,57842892,50.66,78.16,19.0,53.51,260
2025-08-01,69.3552,69.7411,67.2186,67.9083,38159980,48.33,78.16,19.0,49.58,260
2025-08-08,68.0048,70.4163,67.6961,69.8472,34437220,51.65,78.16,19.0,55.19,260
2025-08-15,70.2234,73.9805,68.6028,72.741,55393474,56.17,78.16,19.0,62.83,260
2025-08-22,73.4162,74.6799,72.6446,73.6188,53394108,57.47,78.16,19.0,65.03,260
2025-08-29,73.1269,73.5031,69.8225,70.0461,45817499,50.86,78.16,19.0,53.85,260
2025-09-05,70.26,70.6391,68.2086,68.9281,40816631,48.96,78.16,19.0,50.65,260
2025-09-12,68.86,70.4738,67.3142,69.6475,45909285,50.25,78.16,19.0,52.82,260
2025-09-19,69.5892,70.1919,67.436,69.1031,52436631,49.24,78.16,19.0,51.11,260
2025-09-26,69.4142,73.7501,69.2878,73.7404,50122325,57.15,78.16,19.0,64.49,260
2025-10-03,73.5751,79.102,73.0307,77.8333,56186571,62.68,78.16,19.0,73.83,260
2025-10-10,77.9159,82.4706,77.9159,81.0318,63424615,66.34,78.16,19.0,80.01,260
2025-10-17,80.8131,84.3275,80.7008,82.179,44081715,67.56,78.16,19.0,82.09,260
2025-10-24,82.8206,82.9664,80.1763,82.0623,33597544,67.29,78.16,19.0,81.63,260
2025-10-31,81.6491,85.0955,78.6127,79.136,61448026,60.77,78.16,19.0,70.6,260
2025-11-07,79.0388,81.6637,78.3583,81.5957,37644071,63.93,78.16,19.0,75.95,260
2025-11-14,81.8387,83.856,80.2347,81.5471,51252072,63.82,78.16,19.0,75.77,260
2025-11-21,81.3623,84.2789,79.9084,81.7089,58705001,64.05,78.16,19.0,76.14,260
2025-11-28,81.9928,84.6355,81.2489,84.4593,31882349,67.66,78.16,19.0,82.26,260
2025-12-05,83.7742,84.1461,80.9846,81.3663,45373283,60.31,78.16,19.0,69.83,260
2025-12-12,81.3761,81.3957,77.8134,79.9177,61624663,57.18,78.16,19.0,64.54,260
2025-12-19,80.2701,80.4952,77.8427,77.8525,66012040,52.96,78.16,19.0,57.4,260
2025-12-26,77.3435,78.9879,77.0499,78.7041,21658941,54.45,78.16,19.0,59.93,260
2026-01-02,78.7138,79.5262,77.8966,79.213,23819601,55.36,78.16,19.0,61.47,260
2026-01-09,79.4381,79.859,76.6975,78.1951,39955256,53.07,78.16,19.0,57.6,260
2026-01-16,78.151,82.2668,77.8329,81.8557,50207642,59.55,78.16,19.0,68.55,260
2026-01-23,81.2489,83.6959,80.7693,83.0107,41085053,61.36,78.16,19.0,71.61,260
2026-01-30,83.4609,87.2978,82.0172,86.0352,55742701,65.7,78.16,19.0,78.94,260
2026-02-06,86.2701,89.0596,84.4887,87.5718,49175028,67.68,78.16,19.0,82.29,260
2026-02-13,87.4446,92.9258,86.8671,91.81,40632163,72.42,78.16,19.0,90.3,260
2026-02-20,92.8964,93.5326,88.6681,90.2243,34179321,68.38,78.16,19.0,83.47,260
2026-02-27,90.9633,93.8752,89.3165,92.3906,74210913,70.78,78.16,19.0,87.52,260
2026-03-06,92.026,92.2724,88.579,89.681,52678596,64.22,78.16,19.0,76.44,260
2026-03-13,88.9421,92.5187,88.3312,91.4152,43019752,66.37,78.16,19.0,80.07,260
2026-03-20,92.5187,93.0507,87.8583,88.1834,53415585,59.23,78.16,19.0,68.0,260
2026-03-27,89.7008,91.2082,88.7253,90.0555,42019625,61.79,78.16,19.0,72.34,260
2026-04-02,91.3462,92.8882,90.0111,91.7797,41454720,64.04,78.16,19.0,76.13,260
2026-04-10,91.558,94.7898,90.6663,92.696,30522998,65.21,78.16,19.0,78.1,260
2026-04-17,92.4694,92.6566,88.6563,90.6269,40510014,60.43,78.16,19.0,70.03,260
2026-04-24,90.7255,96.1938,88.5775,93.8784,53124528,64.79,78.16,19.0,77.41,260
2026-05-01,94.4449,97.2973,92.2822,95.5238,48768015,66.79,78.16,19.0,80.78,260
2026-05-08,94.6568,95.6322,91.2181,91.7304,38148844,58.55,78.16,19.0,66.85,260
2026-05-15,92.6172,94.3907,91.3363,91.9866,37788381,58.92,78.16,19.0,67.47,260
2026-05-22,89.7747,90.2525,85.3556,87.2474,104598006,50.05,78.16,19.0,52.48,260
2026-05-29,87.8189,88.1834,84.4295,85.73,60939613,47.58,78.16,19.0,48.31,260
2026-06-05,84.6245,85.4493,82.3406,85.1913,59137113,46.7,78.16,19.0,46.82,260
2026-06-12,85.0623,85.489,82.7499,85.3401,49514430,46.99,78.16,19.0,47.31,260
2026-06-18,84.8836,86.9181,84.4221,86.0944,49536890,48.53,78.16,19.0,49.91,260
2026-06-26,86.2333,87.8907,85.0131,87.8907,67634676,52.1,78.16,19.0,55.94,260
2026-07-02,88.3224,88.5113,85.6677,87.6724,50866762,51.63,78.16,19.0,55.15,260
2026-07-10,87.5136,88.5755,86.1837,87.2953,57574257,50.78,78.16,19.0,53.72,260
2026-07-17,87.0868,90.0344,87.0175,88.1289,45464296,52.63,78.16,19.0,56.85,260
2026-07-24,88.3076,90.223,86.7842,89.1015,45759199,54.77,78.16,19.0,60.47,260
2026-07-31,88.9774,90.3024,86.2036,86.2631,58720157,47.96,78.16,19.0,48.95,260
2026-08-07,86.0944,86.7238,82.859,84.0103,63047346,43.35,78.16,19.0,41.16,260
2026-08-14,83.5438,85.8761,83.0178,85.5386,40299248,47.07,78.16,19.0,47.45,260
2026-08-21,85.1962,86.8586,82.9087,83.0178,62573103,42.16,78.16,19.0,39.14,260
2026-08-28,83.3156,84.0847,81.33,81.84,43639242,40.05,78.16,19.0,35.59,260
2026-09-04,81.08,84.25,80.75,83.43,60234416,44.11,78.16,19.0,42.44,260
2026-09-11,83.315,84.375,82.22,82.31,39952534,41.95,78.16,19.0,38.8,260
