Semana,Open,High,Low,Close,Volume,RSI,RSI_max_5a,RSI_min_5a,Posicion,Semanas_ventana
1981-12-31,8.7283,8.75,8.7083,8.7283,33798,,,,,0
1982-01-08,8.7083,8.7283,8.1033,8.5417,1208994,,,,,0
1982-01-15,8.0833,8.5,7.125,7.375,2098296,,,,,0
1982-01-22,7.2717,7.875,7.1883,7.875,2060502,,,,,0
1982-01-29,8.0417,8.25,8.0,8.1883,641202,,,,,0
1982-02-05,8.25,8.8333,8.1667,8.3333,1657998,,,,,0
1982-02-12,8.2283,8.3333,7.5417,7.5417,378906,,,,,0
1982-02-19,7.6033,7.8967,7.5,7.8533,361596,,,,,0
1982-02-26,7.7917,7.9167,7.5417,7.625,361698,,,,,0
1982-03-05,7.625,7.75,7.625,7.6667,430794,,,,,0
1982-03-12,7.5417,7.7083,6.5417,6.625,1337904,,,,,0
1982-03-19,6.625,7.0633,6.5833,7.0633,1212306,,,,,0
1982-03-26,7.2283,7.75,7.1667,7.7083,392304,,,,,0
1982-04-02,7.7283,8.0,7.6667,7.9167,1057098,,,,,0
1982-04-08,7.6883,7.875,7.5,7.6033,921600,41.12,41.12,41.12,,1
1982-04-16,7.8117,8.3333,7.7083,8.0833,986604,45.56,45.56,41.12,100.0,2
1982-04-23,8.1033,8.125,7.9167,8.02,513000,45.08,45.56,41.12,89.12,3
1982-04-30,8.1033,8.25,8.0,8.02,384300,45.08,45.56,41.12,89.12,4
1982-05-07,8.2283,9.0833,8.0,8.7917,3430302,52.24,52.24,41.12,100.0,5
1982-05-14,8.7917,8.98,8.4367,8.48,878400,49.43,52.24,41.12,74.79,6
1982-05-21,8.48,8.6667,8.3117,8.3967,509100,48.68,52.24,41.12,68.03,7
1982-05-28,8.4167,8.4583,8.2083,8.25,977202,47.32,52.24,41.12,55.76,8
1982-06-04,8.1667,8.2283,8.0,8.2083,387000,46.92,52.24,41.12,52.14,9
1982-06-11,8.1883,8.5617,8.02,8.5,1195704,50.11,52.24,41.12,80.89,10
1982-06-18,8.4167,8.7083,8.2917,8.52,1070202,50.33,52.24,41.12,82.88,11
1982-06-25,8.5417,8.7283,7.875,7.875,2007300,43.62,52.24,41.12,22.54,12
1982-07-02,7.7083,7.9167,7.2917,7.75,2310798,42.44,52.24,41.12,11.92,13
1982-07-09,7.7283,8.2283,7.6667,8.2283,3320202,48.22,52.24,41.12,63.87,14
1982-07-16,8.375,8.9167,8.2283,8.8333,1345200,54.45,54.45,41.12,100.0,15
1982-07-23,8.8967,9.1667,8.6667,8.8967,2353302,55.06,55.06,41.12,100.0,16
1982-07-30,8.8533,9.0417,8.75,8.8333,1661298,54.27,55.06,41.12,94.39,17
1982-08-06,8.9583,9.0833,8.2083,8.2917,3595800,48.0,55.06,41.12,49.35,18
1982-08-13,8.1883,8.7083,8.0833,8.7083,1145400,52.54,55.06,41.12,81.98,19
1982-08-20,8.625,8.875,8.375,8.7917,1244202,53.42,55.06,41.12,88.27,20
1982-08-27,9.1033,9.7083,8.75,9.2083,2342598,57.64,57.64,41.12,100.0,21
1982-09-03,9.1667,10.4167,9.0417,10.2917,4399296,66.21,66.21,41.12,100.0,22
1982-09-10,10.145,10.2717,10.0,10.0833,1345296,63.54,66.21,41.12,89.39,23
1982-09-17,9.8333,10.125,9.5417,9.7917,2056404,59.91,66.21,41.12,74.92,24
1982-09-24,9.75,10.5,9.6667,10.25,2155500,63.45,66.21,41.12,89.01,25
1982-10-01,10.2283,10.4167,9.98,10.1033,1229604,61.58,66.21,41.12,81.55,26
1982-10-08,10.1883,11.3333,10.1033,10.6667,3136104,65.75,66.21,41.12,98.2,27
1982-10-15,10.7083,10.8117,10.25,10.4167,1398402,62.51,66.21,41.12,85.26,28
1982-10-22,10.4583,12.5417,10.3533,12.3967,5093196,73.62,73.62,41.12,100.0,29
1982-10-29,12.2917,12.4167,11.6667,12.3333,4618506,72.88,73.62,41.12,97.71,30
1982-11-05,12.5,12.9583,11.9583,11.98,2203098,68.7,73.62,41.12,84.87,31
1982-11-12,11.875,11.9583,9.8533,10.25,6008304,52.77,73.62,41.12,35.86,32
1982-11-19,10.2717,10.7283,9.9167,10.5,4772598,54.42,73.62,41.12,40.92,33
1982-11-26,10.375,10.4167,10.02,10.375,1362504,53.42,73.62,41.12,37.84,34
1982-12-03,10.145,11.875,9.875,11.4583,2365104,60.25,73.62,41.12,58.86,35
1982-12-10,11.98,12.5,11.5417,12.0617,2075796,63.46,73.62,41.12,68.74,36
1982-12-17,12.0,12.2083,11.5833,11.8333,1290102,61.44,73.62,41.12,62.51,37
1982-12-23,11.8117,12.5833,11.75,12.52,961404,65.05,73.62,41.12,73.62,38
1982-12-31,12.5617,12.625,12.3967,12.5617,898902,65.26,73.62,41.12,74.28,39
1983-01-07,12.4367,12.5417,12.2717,12.2917,1154598,62.6,73.62,41.12,66.1,40
1983-01-14,12.2083,13.0417,12.1667,13.0,1999998,66.46,73.62,41.12,77.97,41
1983-01-21,13.1033,13.25,12.6667,12.6667,1007202,63.16,73.62,41.12,67.81,42
1983-01-28,12.2083,12.4367,11.9367,12.1667,1448700,58.47,73.62,41.12,53.38,43
1983-02-04,12.1667,12.2717,11.8333,12.25,1020498,59.01,73.62,41.12,55.06,44
1983-02-11,12.3117,12.4167,12.0833,12.2283,993198,58.8,73.62,41.12,54.39,45
1983-02-18,12.4167,12.7083,12.1667,12.1667,1292694,58.14,73.62,41.12,52.38,46
1983-02-25,11.9583,12.125,11.75,12.0,693798,56.32,73.62,41.12,46.77,47
1983-03-04,11.9583,12.8967,11.8967,12.8533,725598,62.76,73.62,41.12,66.59,48
1983-03-11,12.8967,12.9583,12.2917,12.4167,786096,58.04,73.62,41.12,52.08,49
1983-03-18,12.3967,12.4583,11.7917,12.0,917502,53.88,73.62,41.12,39.28,50
1983-03-25,12.0617,12.5417,12.0,12.5417,514506,58.09,73.62,41.12,52.22,51
1983-03-31,12.6667,12.7917,12.3333,12.3333,681102,55.97,73.62,41.12,45.71,52
1983-04-08,12.2917,12.2917,10.9583,11.0417,1480002,45.03,73.62,41.12,12.04,53
1983-04-15,11.3117,12.6667,11.1667,12.6667,1859796,56.54,73.62,41.12,47.46,54
1983-04-22,12.3333,14.0,12.2917,13.9583,2178600,63.15,73.62,41.12,67.78,55
1983-04-29,14.02,14.1667,13.4367,13.875,1403004,62.49,73.62,41.12,65.75,56
1983-05-06,13.8533,13.8967,13.4583,13.875,922806,62.49,73.62,41.12,65.75,57
1983-05-13,13.8333,14.4583,13.8333,14.4583,670500,65.42,73.62,41.12,74.78,58
1983-05-20,14.4583,14.8333,14.3533,14.4583,770100,65.42,73.62,41.12,74.78,59
1983-05-27,14.2917,15.5,14.2917,15.4167,1044996,69.91,73.62,41.12,88.58,60
1983-06-03,15.3333,15.3333,14.8333,14.9367,1464102,65.34,73.62,41.12,74.52,61
1983-06-10,14.98,15.145,14.5833,14.625,607296,62.48,73.62,41.12,65.73,62
1983-06-17,14.75,16.0617,14.75,16.0617,989892,69.17,73.62,41.12,86.31,63
1983-06-24,16.02,16.02,15.52,15.5417,649902,64.68,73.62,41.12,72.48,64
1983-07-01,15.6667,15.6667,14.75,14.8533,1137294,59.19,73.62,41.12,55.61,65
1983-07-08,14.9167,14.9583,14.6667,14.8333,468702,59.03,73.62,41.12,55.13,66
1983-07-15,14.9167,14.9167,14.4167,14.4167,339708,55.73,73.62,41.12,44.95,67
1983-07-22,14.2917,15.6667,13.75,15.5417,1985904,61.93,73.62,41.12,64.03,68
1983-07-29,15.5,16.375,15.25,15.25,2377302,59.6,73.62,41.12,56.86,69
1983-08-05,15.2917,15.3117,14.6667,14.7917,1209204,56.03,73.62,41.12,45.88,70
1983-08-12,14.7917,15.125,14.5417,15.125,517200,58.0,73.62,41.12,51.94,71
1983-08-19,15.2283,15.375,14.9167,15.0417,744198,57.31,73.62,41.12,49.81,72
1983-08-26,15.0417,15.125,13.7083,13.9583,1147296,49.11,73.62,41.12,24.6,73
1983-09-02,14.0,14.4167,13.9583,14.375,999798,51.96,73.62,41.12,33.35,74
1983-09-09,14.4583,14.5833,13.2917,13.3333,883104,45.16,73.62,41.12,12.43,75
1983-09-16,13.375,13.5,12.9167,13.0833,1266798,43.68,73.62,41.12,7.89,76
1983-09-23,13.1033,13.7917,13.1033,13.75,2137494,48.52,73.62,41.12,22.77,77
1983-09-30,13.875,13.9583,13.8333,13.8333,537000,49.11,73.62,41.12,24.58,78
1983-10-07,13.8333,13.8333,12.7917,13.5,1258902,46.8,73.62,41.12,17.49,79
1983-10-14,13.5,13.75,13.25,13.2917,1054302,45.37,73.62,41.12,13.08,80
1983-10-21,13.3117,14.0417,13.25,14.0417,1948200,51.17,73.62,41.12,30.92,81
1983-10-28,14.02,14.3967,14.02,14.1667,1199100,52.08,73.62,41.12,33.72,82
1983-11-04,14.25,14.3333,13.8333,13.875,679800,49.74,73.62,41.12,26.54,83
1983-11-11,13.875,14.1667,13.8333,14.125,1286796,51.74,73.62,41.12,32.69,84
1983-11-18,14.1667,14.5417,14.125,14.3967,823902,53.89,73.62,41.12,39.29,85
1983-11-25,14.375,14.5,14.2917,14.3333,336498,53.29,73.62,41.12,37.46,86
1983-12-02,14.2917,14.4583,14.2283,14.2283,537696,52.26,73.62,41.12,34.29,87
1983-12-09,14.25,14.2917,13.7083,13.7083,760098,47.38,73.62,41.12,19.26,88
1983-12-16,13.75,13.7917,13.5417,13.5417,335802,45.9,73.62,41.12,14.71,89
1983-12-23,13.5,14.5,13.4583,14.2083,961296,52.32,73.62,41.12,34.46,90
1983-12-30,14.25,14.375,14.125,14.375,345102,53.79,73.62,41.12,39.0,91
1984-01-06,14.4583,15.125,14.1883,15.1033,673200,59.67,73.62,41.12,57.07,92
1984-01-13,15.1033,15.7083,15.0417,15.375,2030604,61.63,73.62,41.12,63.1,93
1984-01-20,15.375,15.5,15.2283,15.2283,2743194,59.93,73.62,41.12,57.89,94
1984-01-27,15.27,15.27,14.875,15.0417,1413600,57.76,73.62,41.12,51.2,95
1984-02-03,15.1033,15.1033,14.0,14.0,853704,47.42,73.62,41.12,19.38,96
1984-02-10,13.9167,13.9583,13.375,13.625,1129302,44.34,73.62,41.12,9.91,97
1984-02-17,13.5417,14.1667,13.4583,13.9167,1793298,47.21,73.62,41.12,18.75,98
1984-02-24,13.9167,13.9167,13.5,13.75,515796,45.76,73.62,41.12,14.28,99
1984-03-02,13.7083,14.1033,13.6667,14.0617,754902,48.92,73.62,41.12,24.01,100
1984-03-09,14.0617,14.0617,12.9167,13.0,1422198,40.3,73.62,40.3,0.0,101
1984-03-16,12.9167,12.9583,12.2917,12.5833,2560398,37.5,73.62,37.5,0.0,102
1984-03-23,12.5,12.5,12.1883,12.3333,1612098,35.9,73.62,35.9,0.0,103
1984-03-30,12.3533,12.4167,11.8333,12.3533,1130004,36.13,73.62,35.9,0.63,104
1984-04-06,12.375,12.4167,11.8333,12.125,910098,34.57,73.62,34.57,0.0,105
1984-04-13,12.125,12.5,12.0617,12.4367,997200,38.48,73.62,34.57,10.02,106
1984-04-19,12.4167,13.1033,12.4167,13.0617,953400,45.52,73.62,34.57,28.05,107
1984-04-27,13.2917,13.8333,13.2917,13.5417,1129302,50.23,73.62,34.57,40.11,108
1984-05-04,13.5417,13.9167,13.5417,13.5833,410802,50.63,73.62,34.57,41.13,109
1984-05-11,13.5417,14.145,13.5417,14.0417,1351896,54.91,73.62,34.57,52.1,110
1984-05-18,14.0617,14.145,13.75,13.8333,1280106,52.68,73.62,34.57,46.37,111
1984-05-25,13.8333,13.8967,13.7083,13.875,595398,53.09,73.62,34.57,47.42,112
1984-06-01,13.9583,14.0,13.7917,13.9367,526404,53.73,73.62,34.57,49.07,113
1984-06-08,13.98,14.375,13.98,14.375,2183202,58.11,73.62,34.57,60.29,114
1984-06-15,14.4583,15.2083,14.4167,14.9167,1262898,62.8,73.62,34.57,72.3,115
1984-06-22,14.9167,16.3333,14.9167,15.4167,3485496,66.53,73.62,34.57,81.84,116
1984-06-29,15.3533,15.6667,14.875,15.5,1406298,67.12,73.62,34.57,83.35,117
1984-07-06,15.5833,15.9583,15.3333,15.3333,873600,64.66,73.62,34.57,77.05,118
1984-07-13,15.2917,15.375,14.8967,14.8967,712296,58.6,73.62,34.57,61.54,119
1984-07-20,14.9583,15.5,14.9167,15.25,1015800,61.73,73.62,34.57,69.54,120
1984-07-27,15.1667,15.5833,15.125,15.5833,460002,64.45,73.62,34.57,76.52,121
1984-08-03,15.6667,17.0417,15.5833,16.9167,2056398,72.8,73.62,34.57,97.9,122
1984-08-10,17.1033,17.8333,16.9583,17.625,1509900,76.02,76.02,34.57,100.0,123
1984-08-17,17.5417,18.1667,17.4583,18.0833,857094,77.85,77.85,34.57,100.0,124
1984-08-24,18.0,18.2917,18.0,18.125,1003800,78.01,78.01,34.57,100.0,125
1984-08-31,18.0833,18.0833,17.6667,17.6883,2118894,71.99,78.01,34.57,86.15,126
1984-09-07,17.6667,17.8333,17.3333,17.7083,441396,72.1,78.01,34.57,86.39,127
1984-09-14,17.7083,18.5,17.375,18.0,527502,73.67,78.01,34.57,90.0,128
1984-09-21,18.375,19.75,17.25,17.25,2506100,63.75,78.01,34.57,67.17,129
1984-09-28,17.25,17.56,16.625,16.75,1850400,58.13,78.01,34.57,54.23,130
1984-10-05,16.75,16.935,15.75,16.81,1380000,58.6,78.01,34.57,55.32,131
1984-10-12,16.435,17.0,15.125,16.875,1112400,59.14,78.01,34.57,56.55,132
1984-10-19,16.875,17.185,15.81,16.875,1919600,59.14,78.01,34.57,56.55,133
1984-10-26,17.0,17.185,16.25,16.56,1351700,55.12,78.01,34.57,47.3,134
1984-11-02,16.685,18.685,16.435,18.125,1739300,67.08,78.01,34.57,74.85,135
1984-11-09,18.375,19.375,18.0,18.0,1797400,65.58,78.01,34.57,71.39,136
1984-11-16,18.0,18.435,17.685,17.75,606400,62.56,78.01,34.57,64.43,137
1984-11-23,17.875,17.875,16.81,17.75,889200,62.56,78.01,34.57,64.43,138
1984-11-30,17.75,17.75,16.125,16.375,1493500,48.35,78.01,34.57,31.73,139
1984-12-07,16.435,17.31,15.685,17.125,1344500,54.43,78.01,34.57,45.72,140
1984-12-14,17.06,17.375,16.625,17.06,604400,53.84,78.01,34.57,44.36,141
1984-12-21,17.0,18.685,16.875,18.0,1164700,60.52,78.01,34.57,59.74,142
1984-12-28,18.125,18.685,17.935,18.0,540100,60.52,78.01,34.57,59.74,143
1985-01-04,18.0,18.0,17.5,17.685,417500,57.3,78.01,34.57,52.32,144
1985-01-11,17.685,18.375,16.125,16.685,1905000,48.47,78.01,34.57,32.01,145
1985-01-18,16.625,17.0,15.81,16.935,5350500,50.52,78.01,34.57,36.73,146
1985-01-25,16.935,18.06,16.625,17.75,2093400,56.59,78.01,34.57,50.7,147
1985-02-01,17.875,18.125,17.185,17.31,905300,52.83,78.01,34.57,42.03,148
1985-02-08,17.0,19.125,16.875,18.935,2474800,62.7,78.01,34.57,64.75,149
1985-02-15,19.25,20.875,18.25,20.75,2777200,70.2,78.01,34.57,82.02,150
1985-02-22,20.935,22.25,20.625,21.5,1655900,72.65,78.01,34.57,87.66,151
1985-03-01,21.25,22.685,21.06,22.5,1119200,75.54,78.01,34.57,94.3,152
1985-03-08,22.375,22.435,20.625,20.625,1521400,62.27,78.01,34.57,63.76,153
1985-03-15,20.75,20.81,19.75,20.0,1277500,58.58,78.01,34.57,55.26,154
1985-03-22,20.0,21.5,19.81,20.75,1057500,61.52,78.01,34.57,62.05,155
1985-03-29,20.5,21.75,20.25,21.5,1836900,64.26,78.01,34.57,68.36,156
1985-04-04,21.31,22.375,20.435,21.375,1184100,63.45,78.01,34.57,66.49,157
1985-04-12,21.56,22.625,21.06,22.375,1448500,67.04,78.01,34.57,74.74,158
1985-04-19,22.375,24.5,22.31,23.25,2516000,69.83,78.01,34.57,81.16,159
1985-04-26,23.185,24.185,23.125,23.935,1716100,71.83,78.01,34.57,85.78,160
1985-05-03,23.935,23.935,21.5,21.625,1580700,57.85,78.01,34.57,53.59,161
1985-05-10,21.625,24.0,21.625,23.5,1477400,63.98,78.01,34.57,67.7,162
1985-05-17,23.685,23.875,21.81,23.0,2533500,61.41,78.01,34.57,61.8,163
1985-05-24,23.375,23.5,22.75,23.0,1154800,61.41,78.01,34.57,61.8,164
1985-05-31,23.125,23.5,22.75,23.31,862200,62.5,78.01,34.57,64.28,165
1985-06-07,23.435,25.185,23.435,24.625,1449500,66.75,78.01,34.57,74.08,166
1985-06-14,24.56,26.125,24.5,25.75,2317900,69.9,78.01,34.57,81.32,167
1985-06-21,25.81,26.5,24.875,25.75,2816400,69.9,78.01,34.57,81.32,168
1985-06-28,25.75,26.125,25.56,26.06,1201400,70.78,78.01,34.57,83.36,169
1985-07-05,26.06,26.625,25.685,26.56,719600,72.2,78.01,34.57,86.62,170
1985-07-12,26.685,28.185,26.5,27.625,3880600,74.98,78.01,34.57,93.03,171
1985-07-19,27.625,28.31,26.0,26.435,3185200,66.92,78.01,34.57,74.47,172
1985-07-26,26.375,26.56,25.435,25.935,2113700,63.81,78.01,34.57,67.32,173
1985-08-02,26.0,26.06,24.625,25.935,2021200,63.81,78.01,34.57,67.32,174
1985-08-09,25.935,25.935,25.375,25.56,857100,61.34,78.01,34.57,61.62,175
1985-08-16,25.435,25.875,25.125,25.75,996300,62.14,78.01,34.57,63.46,176
1985-08-23,25.81,27.56,25.75,26.25,1104100,64.24,78.01,34.57,68.3,177
1985-08-30,26.25,27.435,26.125,27.31,1896200,68.26,78.01,34.57,77.56,178
1985-09-06,27.185,27.25,25.5,25.935,1493900,58.99,78.01,34.57,56.22,179
1985-09-13,25.81,26.0,24.125,24.185,2021100,49.74,78.01,34.57,34.92,180
1985-09-20,24.25,24.685,23.06,24.0,1087900,48.87,78.01,34.57,32.91,181
1985-09-26,24.435,24.5,23.185,23.5,890000,46.49,78.01,34.57,27.44,182
1985-10-04,23.5,24.185,23.125,23.125,770800,44.74,78.01,34.57,23.4,183
1985-10-11,22.185,22.185,21.0,21.375,1867600,37.6,78.01,34.57,6.98,184
1985-10-18,21.435,23.0,21.0,22.375,2265600,43.18,78.01,34.57,19.82,185
1985-10-25,22.5,22.5,21.185,21.25,1256700,38.96,78.01,34.57,10.1,186
1985-11-01,21.31,21.685,21.0,21.435,1902700,40.0,78.01,34.57,12.49,187
1985-11-08,21.435,23.06,21.25,23.0,1923900,48.05,78.01,34.57,31.03,188
1985-11-15,23.0,23.185,22.435,22.625,1311800,46.44,78.01,34.57,27.33,189
1985-11-22,22.75,23.06,21.56,23.06,2481000,48.59,78.01,34.57,32.27,190
1985-11-29,22.81,23.0,21.25,22.125,1825400,44.46,78.01,34.57,22.77,191
1985-12-06,22.06,23.31,21.875,22.31,1756300,45.45,78.01,34.57,25.04,192
1985-12-13,22.435,23.435,22.375,23.125,2586600,49.69,78.01,34.57,34.81,193
1985-12-20,23.375,23.375,22.375,22.685,1707000,47.54,78.01,34.57,29.86,194
1985-12-27,22.685,22.685,22.125,22.31,1072300,45.72,78.01,34.57,25.68,195
1986-01-03,22.31,23.06,22.06,23.0,901000,49.55,78.01,34.57,34.48,196
1986-01-10,23.125,23.375,21.625,21.81,1352100,43.82,78.01,34.57,21.29,197
1986-01-17,21.685,21.685,20.25,20.31,1847900,37.87,78.01,34.57,7.61,198
1986-01-24,20.25,20.685,19.31,20.625,2205000,39.72,78.01,34.57,11.86,199
1986-01-31,20.75,21.5,20.0,21.125,1576700,42.64,78.01,34.57,18.58,200
1986-02-07,21.25,22.375,21.25,21.5,1687700,44.8,78.01,34.57,23.55,201
1986-02-14,21.5,21.625,20.125,21.185,1740800,43.32,78.01,34.57,20.16,202
1986-02-21,21.435,21.5,19.81,21.06,3355700,42.72,78.01,34.57,18.77,203
1986-02-28,21.06,22.75,21.06,22.5,2844700,51.13,78.01,34.57,38.13,204
1986-03-07,22.375,24.75,22.125,23.75,2460300,57.03,78.01,34.57,51.71,205
1986-03-14,23.75,24.75,23.5,24.06,2286000,58.38,78.01,34.57,54.8,206
1986-03-21,23.875,25.185,23.125,24.56,3064500,60.52,78.01,34.57,59.73,207
1986-03-27,24.685,25.81,24.685,25.25,2078500,63.32,78.01,34.57,66.19,208
1986-04-04,25.435,25.435,23.0,23.0,3026000,50.68,78.01,34.57,37.08,209
1986-04-11,23.125,24.75,22.56,24.625,2847100,57.31,78.01,34.57,52.35,210
1986-04-18,24.625,24.625,23.625,23.75,1358600,53.16,78.01,34.57,42.81,211
1986-04-25,23.935,25.06,23.685,24.935,894600,57.63,78.01,34.57,53.09,212
1986-05-02,24.81,25.31,24.25,24.25,787700,54.4,78.01,34.57,45.65,213
1986-05-09,24.125,24.935,24.125,24.685,496000,56.09,78.01,34.57,49.53,214
1986-05-16,24.56,24.685,24.06,24.435,778100,54.83,78.01,34.57,46.65,215
1986-05-23,24.375,24.5,23.625,23.685,625900,51.14,78.01,34.57,38.15,216
1986-05-30,24.0,25.185,23.81,24.875,1095500,56.18,78.01,34.57,49.75,217
1986-06-06,24.75,25.185,24.125,24.185,576200,52.78,78.01,34.57,41.92,218
1986-06-13,24.185,24.185,23.185,23.81,599500,50.98,78.01,34.57,37.77,219
1986-06-20,23.685,23.935,23.435,23.935,745200,51.57,78.01,34.57,39.14,220
1986-06-27,23.81,24.625,23.31,24.435,718200,53.98,78.01,34.57,44.67,221
1986-07-03,24.75,25.685,24.625,25.375,953600,58.18,78.01,34.57,54.35,222
1986-07-11,25.25,25.25,23.125,23.625,894900,49.17,78.01,34.57,33.62,223
1986-07-18,23.435,23.75,22.0,22.125,955100,43.02,78.01,34.57,19.47,224
1986-07-25,22.185,22.31,21.5,22.185,1064800,43.33,78.01,34.57,20.17,225
1986-08-01,22.185,22.56,22.0,22.31,664000,44.0,78.01,34.57,21.72,226
1986-08-08,22.185,22.375,21.625,22.125,754600,43.19,78.01,34.57,19.84,227
1986-08-15,22.06,22.75,21.875,22.5,1286100,45.4,78.01,34.57,24.93,228
1986-08-22,22.25,23.685,22.0,23.375,1030800,50.27,78.01,34.57,36.14,229
1986-08-29,23.435,23.75,22.625,23.185,866400,49.24,78.01,34.57,33.78,230
1986-09-05,22.935,23.185,21.56,21.75,1271600,42.23,78.01,34.57,17.63,231
1986-09-12,21.75,23.185,21.185,21.375,1515400,40.6,78.01,34.57,13.88,232
1986-09-19,21.31,21.625,20.125,21.185,906700,39.76,78.01,34.57,11.95,233
1986-09-26,21.31,23.0,21.0,21.935,1360300,44.61,78.01,34.57,23.12,234
1986-10-03,21.75,23.0,21.31,22.685,1422200,49.03,78.01,34.57,33.3,235
1986-10-10,22.56,23.0,22.31,22.56,1539400,48.34,78.01,34.57,31.7,236
1986-10-17,22.625,22.75,21.435,22.5,1754700,47.99,78.01,34.57,30.9,237
1986-10-24,22.25,22.435,21.31,22.435,1822500,47.59,78.01,34.57,29.97,238
1986-10-31,22.56,24.625,22.56,23.625,3772800,55.02,78.01,34.57,47.09,239
1986-11-07,23.625,23.625,20.625,21.25,3346700,42.17,78.01,34.57,17.49,240
1986-11-14,21.25,22.75,21.185,22.435,1946600,48.62,78.01,34.57,32.34,241
1986-11-21,22.31,22.435,21.0,21.375,1767500,43.9,78.01,34.57,21.48,242
1986-11-28,21.375,21.56,20.935,21.31,1250700,43.62,78.01,34.57,20.84,243
1986-12-05,20.625,21.56,20.5,20.75,1763700,41.19,78.01,34.57,15.24,244
1986-12-12,20.625,20.685,18.875,19.435,2372000,36.1,78.01,34.57,3.52,245
1986-12-19,19.435,20.31,18.435,19.875,4074300,38.82,78.01,34.57,9.79,246
1986-12-26,19.81,20.25,19.625,20.185,875900,40.74,78.01,34.57,14.2,247
1987-01-02,20.25,20.25,19.5,19.935,910700,39.66,78.01,34.57,11.72,248
1987-01-09,19.935,21.0,19.875,20.625,1607500,44.06,78.01,34.57,21.86,249
1987-01-16,20.56,21.25,20.375,20.75,1111700,44.85,78.01,34.57,23.67,250
1987-01-23,20.875,21.185,20.5,20.56,2179900,43.84,78.01,34.57,21.35,251
1987-01-30,20.56,20.935,19.685,20.06,2008800,41.22,78.01,34.57,15.31,252
1987-02-06,20.0,21.125,19.935,21.0,2081300,47.57,78.01,34.57,29.93,253
1987-02-13,20.875,23.0,20.685,22.685,2683700,56.63,78.01,34.57,50.77,254
1987-02-20,22.625,23.435,22.06,22.25,2914500,54.03,78.01,34.57,44.8,255
1987-02-27,22.185,22.685,21.25,22.5,2127100,55.3,78.01,34.57,47.72,256
1987-03-06,22.5,23.06,21.625,22.25,2645700,53.7,78.01,34.57,44.05,257
1987-03-13,22.25,23.56,21.935,23.375,2933200,59.38,78.01,34.57,57.11,258
1987-03-20,23.375,25.5,23.0,24.935,3978600,65.67,78.01,34.57,71.58,259
1987-03-27,24.935,25.31,24.31,24.31,2199800,61.56,78.01,34.57,62.12,260
1987-04-03,24.125,26.25,23.81,25.875,3587400,67.11,78.01,34.57,74.9,260
1987-04-10,25.875,26.31,24.625,25.185,2610700,62.8,78.01,34.57,64.99,260
1987-04-16,25.125,25.185,22.935,23.81,1633900,55.2,78.01,34.57,47.49,260
1987-04-24,24.125,24.5,23.435,23.81,2055800,55.2,78.01,34.57,47.49,260
1987-05-01,23.56,23.935,22.125,22.375,2119200,48.15,78.01,34.57,31.26,260
1987-05-08,22.375,22.685,22.0,22.125,1304300,47.02,78.01,34.57,28.66,260
1987-05-15,22.25,22.56,21.56,21.935,1315700,46.14,78.01,34.57,26.63,260
1987-05-22,21.81,22.125,20.81,21.31,1063900,43.25,78.01,34.57,20.0,260
1987-05-29,21.935,22.5,21.375,21.625,1702500,45.11,78.01,34.57,24.28,260
1987-06-05,21.625,22.435,21.5,22.375,1218700,49.37,78.01,34.57,34.07,260
1987-06-12,22.125,22.625,21.81,22.125,1581600,48.03,78.01,34.57,31.0,260
1987-06-19,22.25,22.31,20.0,20.685,3183000,41.13,78.01,34.57,15.09,260
1987-06-26,20.75,21.185,20.5,20.625,1212700,40.86,78.01,34.57,14.49,260
1987-07-02,20.5,21.125,20.375,20.935,1009900,42.9,78.01,34.57,19.18,260
1987-07-10,20.5,21.375,20.5,21.375,605100,45.76,78.01,34.57,25.75,260
1987-07-17,21.375,23.81,21.31,23.625,4584700,57.47,78.01,34.57,52.72,260
1987-07-24,23.5,24.25,22.935,23.935,1329700,58.79,78.01,34.57,55.76,260
1987-07-31,23.81,24.375,23.75,24.0,1215900,59.08,78.01,34.57,56.42,260
1987-08-07,23.935,25.125,23.375,24.56,1831100,61.56,78.01,34.57,62.14,260
1987-08-14,24.625,25.56,24.625,25.125,2560700,63.94,78.01,34.57,67.61,260
1987-08-21,25.25,25.31,24.25,25.06,1943500,63.45,78.01,34.57,66.49,260
1987-08-28,24.5,24.75,24.0,24.0,1266600,55.98,78.01,34.57,49.28,260
1987-09-04,24.125,24.185,22.75,22.75,1005800,48.69,78.01,34.57,32.51,260
1987-09-11,22.685,23.5,22.06,23.375,1110300,52.05,78.01,34.57,40.24,260
1987-09-18,23.375,24.185,23.25,24.0,889400,55.21,78.01,34.57,47.52,260
1987-09-25,24.06,24.75,23.685,24.31,1217000,56.73,78.01,34.57,51.02,260
1987-10-02,24.375,24.435,23.375,24.185,1068200,55.91,78.01,34.57,49.12,260
1987-10-09,23.935,24.06,23.375,23.685,1380800,52.61,78.01,34.57,41.53,260
1987-10-16,23.56,23.935,21.875,22.0,1310700,43.34,78.01,34.57,20.18,260
1987-10-23,20.0,20.875,16.25,16.5,3618300,26.76,78.01,26.76,0.0,260
1987-10-30,15.5,15.625,13.5,15.06,1885400,24.15,78.01,24.15,0.0,260
1987-11-06,14.5,16.125,14.25,15.31,1998900,25.51,78.01,24.15,2.52,260
1987-11-13,15.375,15.375,14.5,14.5,897400,24.01,78.01,24.01,0.0,260
1987-11-20,14.56,14.75,14.185,14.25,1572100,23.55,78.01,23.55,0.0,260
1987-11-27,14.25,14.435,13.935,14.0,969000,23.07,78.01,23.07,0.0,260
1987-12-04,14.125,14.125,13.0,13.0,1983700,21.23,78.01,21.23,0.0,260
1987-12-11,13.0,13.5,12.625,12.875,1605100,21.0,78.01,21.0,0.0,260
1987-12-18,12.75,13.5,12.375,12.685,2525000,20.64,78.01,20.64,0.0,260
1987-12-24,12.625,13.56,12.375,13.435,1285700,26.03,78.01,20.64,9.4,260
1987-12-31,13.5,13.5,12.625,12.75,928900,24.4,78.01,20.64,6.56,260
1988-01-08,12.75,14.0,12.75,12.935,2211800,25.75,78.01,20.64,8.92,260
1988-01-15,13.06,15.125,12.81,14.81,1705900,37.89,78.01,20.64,30.07,260
1988-01-22,14.375,15.185,14.185,14.56,878800,37.02,78.01,20.64,28.55,260
1988-01-29,14.875,16.06,14.5,16.06,1085400,45.15,78.01,20.64,42.72,260
1988-02-05,16.25,16.435,14.81,15.0,1677700,41.11,78.01,20.64,35.68,260
1988-02-12,14.935,15.125,14.375,14.935,1407600,40.87,78.01,20.64,35.26,260
1988-02-19,14.935,14.935,14.185,14.375,643000,38.76,78.01,20.64,31.58,260
1988-02-26,14.31,14.685,13.25,13.75,2598500,36.49,78.01,20.64,27.63,260
1988-03-04,13.875,15.375,13.75,15.06,1722500,43.89,78.01,20.64,40.53,260
1988-03-11,15.06,15.31,14.875,15.125,1446200,44.24,78.01,20.64,41.14,260
1988-03-18,15.06,15.625,14.625,15.5,1366300,46.31,78.01,20.64,44.74,260
1988-03-25,15.5,16.125,14.875,14.875,821600,43.42,78.01,20.64,39.71,260
1988-03-31,15.0,15.125,14.875,14.935,349500,43.78,78.01,20.64,40.34,260
1988-04-08,15.0,15.81,14.625,15.375,1068200,46.49,78.01,20.64,45.06,260
1988-04-15,15.435,15.56,14.0,14.185,1540000,40.77,78.01,20.64,35.09,260
1988-04-22,14.185,14.435,13.685,14.31,1763300,41.59,78.01,20.64,36.51,260
1988-04-29,14.185,14.81,14.125,14.375,734300,42.03,78.01,20.64,37.28,260
1988-05-06,14.31,14.935,14.25,14.435,1820000,42.47,78.01,20.64,38.04,260
1988-05-13,14.5,14.56,14.0,14.31,770500,41.76,78.01,20.64,36.82,260
1988-05-20,14.185,14.625,14.125,14.56,815500,43.77,78.01,20.64,40.32,260
1988-05-27,14.5,14.56,14.31,14.375,718500,42.6,78.01,20.64,38.28,260
1988-06-03,14.375,14.75,14.31,14.435,746600,43.13,78.01,20.64,39.2,260
1988-06-10,14.56,14.935,13.935,14.685,878300,45.4,78.01,20.64,43.16,260
1988-06-17,14.81,15.125,14.56,14.685,1497100,45.4,78.01,20.64,43.16,260
1988-06-24,14.685,14.875,14.435,14.435,1476900,43.39,78.01,20.64,39.66,260
1988-07-01,14.5,15.0,14.375,14.685,1126700,45.97,78.01,20.64,44.14,260
1988-07-08,14.75,15.125,14.625,15.0,1234500,49.11,78.01,20.64,49.62,260
1988-07-15,15.125,16.185,14.935,15.81,2389400,56.16,78.01,20.64,61.91,260
1988-07-22,15.875,15.875,15.0,15.06,1543200,49.34,78.01,20.64,50.03,260
1988-07-29,15.185,15.685,15.0,15.625,939300,53.88,78.01,20.64,57.95,260
1988-08-05,15.5,15.625,15.375,15.435,1074000,52.19,78.01,20.64,54.99,260
1988-08-12,15.375,15.435,14.75,15.0,1873900,48.43,78.01,20.64,48.44,260
1988-08-19,14.935,15.0,14.625,15.0,679200,48.43,78.01,20.64,48.44,260
1988-08-26,15.0,15.06,14.625,14.625,606200,45.18,78.01,20.64,42.78,260
1988-09-02,14.81,15.06,14.625,15.0,1003000,48.88,78.01,20.64,49.22,260
1988-09-09,15.125,15.25,14.81,15.185,492400,50.64,78.01,20.64,52.3,260
1988-09-16,15.125,15.31,15.0,15.125,653500,50.04,78.01,20.64,51.25,260
1988-09-23,15.125,15.56,14.875,15.185,1335400,50.67,78.01,20.64,52.35,260
1988-09-30,15.25,15.56,14.875,15.435,713000,53.33,78.01,20.64,56.98,260
1988-10-07,15.5,16.435,15.5,16.31,1047000,61.21,78.01,20.64,70.71,260
1988-10-14,16.25,16.81,16.06,16.435,975200,62.19,78.01,20.64,72.42,260
1988-10-21,16.31,16.685,16.06,16.625,1014200,63.69,78.01,20.64,75.04,260
1988-10-28,16.56,16.75,16.375,16.685,1000000,64.18,78.01,20.64,75.89,260
1988-11-04,16.75,17.935,16.56,17.31,2008700,68.84,78.01,20.64,84.02,260
1988-11-11,17.31,17.685,16.5,16.5,1299000,58.25,78.01,20.64,65.56,260
1988-11-18,16.56,16.75,15.875,16.375,1077400,56.8,78.01,20.64,63.03,260
1988-11-25,16.185,16.625,15.75,15.935,731000,51.9,78.01,20.64,54.49,260
1988-12-02,15.935,16.31,15.81,15.875,841800,51.25,78.01,20.64,53.35,260
1988-12-09,16.0,16.06,14.435,14.56,2042100,39.56,78.01,20.64,32.98,260
1988-12-16,14.5,14.625,13.935,14.25,2863400,37.4,78.01,20.64,29.21,260
1988-12-23,13.935,14.185,12.56,12.75,2647900,29.1,78.01,20.64,14.74,260
1988-12-30,12.75,14.0,12.625,13.875,1651300,39.87,78.01,20.64,33.53,260
1989-01-06,13.875,14.125,13.75,14.125,2467500,41.98,78.01,20.64,37.2,260
1989-01-13,14.125,14.31,13.5,13.56,2447800,38.68,78.01,20.64,31.44,260
1989-01-20,13.56,13.625,13.0,13.25,2286300,36.96,78.01,20.64,28.45,260
1989-01-27,13.25,13.375,13.0,13.25,1200100,36.96,78.01,20.64,28.45,260
1989-02-03,13.25,13.935,13.185,13.875,1683700,42.89,78.01,20.64,38.79,260
1989-02-10,14.0,14.06,13.5,13.5,1253300,40.44,78.01,20.64,34.5,260
1989-02-17,13.56,14.06,13.25,14.06,1017400,45.46,78.01,20.64,43.27,260
1989-02-24,13.875,14.0,13.625,13.75,629800,43.29,78.01,20.64,39.47,260
1989-03-03,13.75,14.31,13.685,14.25,1700600,47.64,78.01,20.64,47.07,260
1989-03-10,14.375,14.875,14.25,14.5,2060600,49.72,78.01,20.64,50.69,260
1989-03-17,14.5,14.5,13.625,13.75,1269100,44.07,78.01,20.64,40.83,260
1989-03-23,13.625,13.75,13.435,13.5,1137900,42.34,78.01,20.64,37.82,260
1989-03-31,13.375,13.81,13.25,13.75,885200,44.68,78.01,20.64,41.89,260
1989-04-07,13.75,14.0,13.435,14.0,1850800,46.99,78.01,20.64,45.93,260
1989-04-14,14.0,14.25,13.56,13.875,3002100,45.95,78.01,20.64,44.12,260
1989-04-21,13.75,13.935,13.25,13.685,2063100,44.36,78.01,20.64,41.34,260
1989-04-28,13.625,13.75,13.185,13.435,1742500,42.27,78.01,20.64,37.7,260
1989-05-05,13.375,13.625,13.25,13.375,1118100,41.76,78.01,20.64,36.82,260
1989-05-12,13.25,13.31,13.0,13.185,1459500,40.12,78.01,20.64,33.96,260
1989-05-19,13.185,13.435,12.875,13.06,2276100,39.03,78.01,20.64,32.06,260
1989-05-26,12.935,13.125,12.625,12.685,1849400,35.89,78.01,20.64,26.58,260
1989-06-02,12.685,12.75,12.31,12.685,1379100,35.89,78.01,20.64,26.58,260
1989-06-09,12.75,12.875,12.125,12.75,1724800,36.91,78.01,20.64,28.36,260
1989-06-16,12.875,13.31,12.75,13.31,1995100,45.03,78.01,20.64,42.52,260
1989-06-23,13.25,13.56,13.0,13.56,1413900,48.24,78.01,20.64,48.11,260
1989-06-30,13.5,13.75,12.5,13.06,1163200,42.86,78.01,20.64,38.73,260
1989-07-07,13.125,13.185,12.75,13.0,683700,42.25,78.01,20.64,37.67,260
1989-07-14,13.0,13.31,12.875,13.25,853900,45.71,78.01,20.64,43.7,260
1989-07-21,13.185,13.56,12.625,12.875,2473200,41.68,78.01,20.64,36.67,260
1989-07-28,13.0,13.0,12.185,12.625,1306200,39.19,78.01,20.64,32.34,260
1989-08-04,12.75,13.0,12.56,12.685,3356700,40.11,78.01,20.64,33.94,260
1989-08-11,12.75,12.935,12.5,12.685,1471200,40.11,78.01,20.64,33.94,260
1989-08-18,12.56,12.875,12.56,12.75,1432900,41.23,75.54,20.64,37.52,260
1989-08-25,12.75,12.75,12.25,12.5,915400,38.27,75.54,20.64,32.11,260
1989-09-01,12.56,12.56,12.0,12.185,1346900,34.87,75.54,20.64,25.92,260
1989-09-08,12.06,12.06,11.685,11.685,1356500,30.27,75.54,20.64,17.54,260
1989-09-15,11.685,12.0,11.625,11.81,1717900,32.66,75.54,20.64,21.9,260
1989-09-22,11.81,11.875,11.56,11.625,1061900,30.97,75.54,20.64,18.81,260
1989-09-29,11.685,11.685,11.125,11.5,670500,29.84,75.54,20.64,16.76,260
1989-10-06,11.435,11.625,10.5,10.875,2272700,24.96,75.54,20.64,7.87,260
1989-10-13,10.75,11.185,10.75,10.75,803300,24.11,75.54,20.64,6.32,260
1989-10-20,10.81,11.0,10.125,10.56,1196000,22.83,75.54,20.64,4.0,260
1989-10-27,10.625,10.75,10.0,10.125,1538300,20.2,75.54,20.2,0.0,260
1989-11-03,10.125,10.185,9.31,9.435,1270300,16.88,75.54,16.88,0.0,260
1989-11-10,9.375,9.685,8.685,9.375,2856700,16.63,75.54,16.63,0.0,260
1989-11-17,9.31,9.5,9.125,9.435,1151700,17.97,75.54,16.63,2.27,260
1989-11-24,9.25,9.31,8.0,8.185,1269100,13.21,75.54,13.21,0.0,260
1989-12-01,8.25,8.875,8.25,8.685,3182100,22.1,75.54,13.21,14.27,260
1989-12-08,8.625,8.685,8.375,8.56,2924500,21.5,75.54,13.21,13.31,260
1989-12-15,8.56,9.375,8.5,9.25,1178100,32.31,75.54,13.21,30.64,260
1989-12-22,9.25,9.25,8.435,8.625,1140000,28.48,75.54,13.21,24.51,260
1989-12-29,8.625,8.81,8.5,8.75,549700,30.26,75.54,13.21,27.36,260
1990-01-05,8.625,9.19,8.565,9.0,466800,33.8,75.54,13.21,33.05,260
1990-01-12,9.0,9.315,8.75,8.815,782100,32.49,75.54,13.21,30.94,260
1990-01-19,8.875,9.19,8.75,9.125,637800,36.92,75.54,13.21,38.04,260
1990-01-26,9.125,9.25,8.5,9.0,1221600,35.9,75.54,13.21,36.4,260
1990-02-02,9.0,9.315,8.75,8.815,725900,34.38,75.54,13.21,33.97,260
1990-02-09,8.875,8.94,8.5,8.875,1520100,35.33,75.54,13.21,35.5,260
1990-02-16,8.94,9.0,8.69,8.75,1641100,34.22,75.54,13.21,33.71,260
1990-02-23,8.69,8.69,8.125,8.125,3247600,29.24,74.98,13.21,25.95,260
1990-03-02,8.125,8.25,7.625,8.125,1654100,29.24,74.98,13.21,25.95,260
1990-03-09,8.19,8.875,8.065,8.565,1434200,36.75,74.98,13.21,38.11,260
1990-03-16,8.565,8.625,8.315,8.315,975400,34.51,74.98,13.21,34.48,260
1990-03-23,8.25,8.315,7.875,7.94,1313800,31.41,74.98,13.21,29.47,260
1990-03-30,8.065,8.065,7.19,7.375,771800,27.42,74.98,13.21,23.01,260
1990-04-06,7.315,8.19,7.19,8.125,3736200,38.58,74.98,13.21,41.07,260
1990-04-12,8.19,8.625,8.19,8.315,1453000,41.05,74.98,13.21,45.07,260
1990-04-20,8.375,8.565,8.065,8.44,1418100,42.69,74.98,13.21,47.72,260
1990-04-27,8.44,8.44,7.375,7.625,2165900,35.73,74.98,13.21,36.46,260
1990-05-04,7.565,8.375,7.565,8.375,868000,44.67,74.98,13.21,50.92,260
1990-05-11,8.375,8.875,8.375,8.875,3449400,49.69,74.98,13.21,59.05,260
1990-05-18,8.875,9.065,8.625,9.065,945200,51.49,74.98,13.21,61.97,260
1990-05-25,8.94,9.0,8.625,8.75,1176800,48.4,74.98,13.21,56.96,260
1990-06-01,8.815,9.065,8.815,8.875,815300,49.69,74.98,13.21,59.05,260
1990-06-08,8.875,9.0,8.75,8.815,1638300,49.05,74.98,13.21,58.03,260
1990-06-15,8.815,9.69,8.75,9.44,1452100,55.44,74.98,13.21,68.37,260
1990-06-22,9.5,10.125,9.375,9.44,1820200,55.44,74.98,13.21,68.37,260
1990-06-29,9.375,9.44,9.0,9.25,1069400,53.09,74.98,13.21,64.57,260
1990-07-06,9.065,9.25,8.75,8.94,827800,49.42,68.84,13.21,65.09,260
1990-07-13,8.94,9.19,8.875,9.0,1240900,50.14,68.84,13.21,66.38,260
1990-07-20,9.065,9.44,8.94,8.94,940800,49.38,68.84,13.21,65.02,260
1990-07-27,8.94,8.94,7.065,7.065,1423600,32.75,68.84,13.21,35.13,260
1990-08-03,7.065,7.625,6.875,7.565,2282000,38.68,68.84,13.21,45.79,260
1990-08-10,7.565,7.69,7.375,7.375,2205600,37.33,68.84,13.21,43.37,260
1990-08-17,7.375,7.625,7.315,7.565,1156100,39.6,68.84,13.21,47.44,260
1990-08-24,7.565,8.625,7.5,8.25,2412600,47.03,68.84,13.21,60.8,260
1990-08-31,8.25,8.5,8.065,8.375,1113900,48.29,68.84,13.21,63.05,260
1990-09-07,8.25,8.625,7.815,8.375,887000,48.29,68.84,13.21,63.05,260
1990-09-14,8.44,8.815,8.315,8.375,1296700,48.29,68.84,13.21,63.05,260
1990-09-21,8.25,8.25,8.0,8.065,1227000,44.99,68.84,13.21,57.13,260
1990-09-28,7.94,8.0,7.69,7.75,780500,41.87,68.84,13.21,51.52,260
1990-10-05,7.94,8.44,7.815,8.315,1080400,48.74,68.84,13.21,63.87,260
1990-10-12,8.375,8.44,7.875,7.94,1270900,44.94,68.84,13.21,57.05,260
1990-10-19,7.875,8.125,7.375,8.125,1879100,47.13,68.84,13.21,60.98,260
1990-10-26,8.125,8.19,7.69,7.69,1530700,42.82,68.84,13.21,53.23,260
1990-11-02,7.75,7.815,7.315,7.5,1961900,41.06,68.84,13.21,50.06,260
1990-11-09,7.375,7.625,7.25,7.565,3227100,41.94,68.84,13.21,51.64,260
1990-11-16,7.5,8.125,7.5,8.065,2183300,48.34,68.84,13.21,63.16,260
1990-11-23,8.125,8.69,8.125,8.565,903000,53.83,68.84,13.21,73.01,260
1990-11-30,8.44,8.565,8.315,8.5,1305400,53.04,68.84,13.21,71.6,260
1990-12-07,8.5,9.25,8.44,9.0,2179000,58.12,68.84,13.21,80.73,260
1990-12-14,9.125,9.5,9.0,9.44,1704000,62.02,68.84,13.21,87.73,260
1990-12-21,9.375,9.5,9.125,9.44,1049400,62.02,68.84,13.21,87.73,260
1990-12-28,9.315,9.815,9.25,9.625,751800,63.67,68.84,13.21,90.7,260
1991-01-04,9.565,9.565,8.5,8.75,2811000,52.14,68.84,13.21,69.98,260
1991-01-11,8.75,9.0,8.25,8.5,1204900,49.39,68.84,13.21,65.04,260
1991-01-18,8.5,9.69,8.375,9.69,1461200,60.16,68.84,13.21,84.4,260
1991-01-25,9.69,10.75,9.565,10.065,2372400,62.85,68.84,13.21,89.22,260
1991-02-01,10.0,10.75,9.815,10.565,1534400,66.13,68.84,13.21,95.11,260
1991-02-08,10.565,13.375,10.44,11.44,4653000,70.95,70.95,13.21,100.0,260
1991-02-15,11.5,13.125,11.5,12.625,4217000,75.95,75.95,13.21,100.0,260
1991-02-22,12.625,12.815,12.25,12.5,2155300,74.5,75.95,13.21,97.68,260
1991-03-01,12.5,13.065,12.065,12.875,2555300,75.98,75.98,13.21,100.0,260
1991-03-08,12.94,13.815,12.75,13.065,1173900,76.73,76.73,13.21,100.0,260
1991-03-15,13.065,13.315,12.94,13.125,1222300,76.97,76.97,13.21,100.0,260
1991-03-22,13.0,14.44,13.0,14.375,1575200,81.32,81.32,13.21,100.0,260
1991-03-28,14.315,14.94,14.0,14.44,2035400,81.51,81.51,13.21,100.0,260
1991-04-05,14.375,14.375,13.75,13.815,1302900,73.54,81.51,13.21,88.33,260
1991-04-12,13.815,14.375,13.625,14.125,1191300,74.86,81.51,13.21,90.25,260
1991-04-19,14.125,14.875,13.625,13.69,1715500,69.63,81.51,13.21,82.6,260
1991-04-26,13.625,14.0,11.315,11.815,4774800,52.59,81.51,13.21,57.66,260
1991-05-03,11.875,12.44,11.625,11.69,1166500,51.68,81.51,13.21,56.33,260
1991-05-10,11.815,11.815,11.19,11.25,1315900,48.51,81.51,13.21,51.68,260
1991-05-17,11.375,11.44,11.065,11.375,658000,49.46,81.51,13.21,53.07,260
1991-05-24,11.5,11.565,11.19,11.315,488400,48.99,81.51,13.21,52.39,260
1991-05-31,11.25,12.315,11.25,12.315,555500,56.39,81.51,13.21,63.21,260
1991-06-07,12.315,13.75,12.25,13.25,1119100,61.94,81.51,13.21,71.35,260
1991-06-14,12.75,13.565,12.75,13.125,1040800,60.83,81.51,13.21,69.71,260
1991-06-21,13.125,13.125,12.5,12.875,801100,58.55,81.51,13.21,66.39,260
1991-06-28,12.875,13.065,12.44,12.69,805700,56.86,81.51,13.21,63.91,260
1991-07-05,12.75,12.94,12.375,12.375,481200,54.0,81.51,13.21,59.72,260
1991-07-12,12.25,13.875,12.125,13.565,858900,61.82,81.51,13.21,71.16,260
1991-07-19,13.565,15.0,13.5,14.875,1328800,68.22,81.51,13.21,80.54,260
1991-07-26,14.875,14.875,14.19,14.875,686800,68.22,81.51,13.21,80.54,260
1991-08-02,14.875,15.25,14.19,14.565,1172700,65.22,81.51,13.21,76.14,260
1991-08-09,14.44,14.815,14.315,14.625,624000,65.53,81.51,13.21,76.61,260
1991-08-16,14.44,14.75,14.25,14.5,967900,64.23,81.51,13.21,74.69,260
1991-08-23,14.5,15.625,14.5,15.065,1951200,67.4,81.51,13.21,79.33,260
1991-08-30,15.125,15.125,13.565,14.0,1840300,57.12,81.51,13.21,64.29,260
1991-09-06,14.125,14.375,13.25,13.5,535200,53.03,81.51,13.21,58.3,260
1991-09-13,13.44,13.44,11.44,11.44,1038900,40.25,81.51,13.21,39.59,260
1991-09-20,11.25,11.875,10.625,11.5,2801100,40.7,81.51,13.21,40.25,260
1991-09-27,11.315,12.625,11.25,11.75,2014100,42.63,81.51,13.21,43.07,260
1991-10-04,11.75,11.75,11.19,11.25,483500,39.83,81.51,13.21,38.98,260
1991-10-11,11.25,11.565,11.0,11.5,477100,41.89,81.51,13.21,41.99,260
1991-10-18,11.5,12.5,11.25,12.0,1515800,45.86,81.51,13.21,47.81,260
1991-10-25,12.0,12.815,11.875,12.5,808000,49.58,81.51,13.21,53.24,260
1991-11-01,12.5,13.375,12.5,12.75,1090200,51.37,81.51,13.21,55.87,260
1991-11-08,12.75,13.0,12.19,12.375,1130300,48.58,81.51,13.21,51.78,260
1991-11-15,12.315,12.315,11.625,11.69,787400,43.88,81.51,13.21,44.9,260
1991-11-22,11.75,11.75,10.75,10.94,1038800,39.39,81.51,13.21,38.33,260
1991-11-29,10.69,10.69,10.315,10.565,1100300,37.33,81.51,13.21,35.32,260
1991-12-06,10.44,10.875,9.94,10.625,1357100,37.89,81.51,13.21,36.13,260
1991-12-13,10.69,10.75,10.375,10.5,1285100,37.15,81.51,13.21,35.05,260
1991-12-20,10.565,10.94,10.19,10.625,1064300,38.45,81.51,13.21,36.95,260
1991-12-27,10.75,12.565,10.69,12.375,753300,53.08,81.51,13.21,58.38,260
1992-01-03,12.5,13.19,12.44,12.69,818600,55.15,81.51,13.21,61.41,260
1992-01-10,12.625,12.75,11.94,12.565,1329700,54.13,81.51,13.21,59.91,260
1992-01-17,12.625,13.375,12.625,13.19,1066500,58.28,81.51,13.21,65.99,260
1992-01-24,13.25,13.25,12.5,12.815,923200,55.06,81.51,13.21,61.28,260
1992-01-31,12.69,13.375,12.5,12.5,1716400,52.44,81.51,13.21,57.44,260
1992-02-07,12.625,13.25,12.565,12.94,922200,55.62,81.51,13.21,62.09,260
1992-02-14,13.0,13.0,12.375,12.44,600500,51.42,81.51,13.21,55.94,260
1992-02-21,12.375,13.25,12.315,12.94,710200,55.07,81.51,13.21,61.29,260
1992-02-28,13.065,13.44,12.565,12.75,725000,53.43,81.51,13.21,58.88,260
1992-03-06,12.75,12.875,12.315,12.75,653200,53.43,81.51,13.21,58.88,260
1992-03-13,12.815,13.0,12.0,12.125,549500,47.96,81.51,13.21,50.88,260
1992-03-20,12.25,12.315,12.065,12.25,659400,49.08,81.51,13.21,52.52,260
1992-03-27,12.375,12.44,11.94,12.0,440400,46.9,81.51,13.21,49.33,260
1992-04-03,12.0,12.25,11.94,12.065,477000,47.55,81.51,13.21,50.28,260
1992-04-10,12.125,12.375,12.0,12.375,475900,50.67,81.51,13.21,54.84,260
1992-04-16,12.375,13.315,12.375,13.315,714800,58.67,81.51,13.21,66.56,260
1992-04-24,13.19,13.69,12.94,13.19,711900,57.34,81.51,13.21,64.61,260
1992-05-01,13.065,13.44,12.875,13.125,410200,56.62,81.51,13.21,63.55,260
1992-05-08,13.19,13.5,13.0,13.065,379400,55.92,81.51,13.21,62.53,260
1992-05-15,13.065,13.065,12.19,12.315,622200,47.96,81.51,13.21,50.88,260
1992-05-22,12.25,12.875,12.125,12.69,389100,51.66,81.51,13.21,56.3,260
1992-05-29,12.565,12.69,12.44,12.5,581100,49.73,81.51,13.21,53.47,260
1992-06-05,12.69,12.69,12.375,12.44,1119000,49.11,81.51,13.21,52.56,260
1992-06-12,12.5,12.815,12.44,12.75,503800,52.43,81.51,13.21,57.42,260
1992-06-19,12.815,13.0,12.375,13.0,517900,54.99,81.51,13.21,61.16,260
1992-06-26,12.875,13.0,12.375,12.44,536500,48.68,81.51,13.21,51.93,260
1992-07-02,12.565,13.315,12.5,13.0,542300,54.32,81.51,13.21,60.19,260
1992-07-10,13.0,13.815,13.0,13.375,551900,57.68,81.51,13.21,65.1,260
1992-07-17,13.44,13.69,13.25,13.44,857900,58.25,81.51,13.21,65.94,260
1992-07-24,13.25,13.69,13.25,13.565,388500,59.38,81.51,13.21,67.6,260
1992-07-31,13.565,14.19,13.5,14.125,559900,64.1,81.51,13.21,74.51,260
1992-08-07,14.125,14.125,13.375,13.375,469700,54.9,81.51,13.21,61.04,260
1992-08-14,13.375,13.625,12.375,12.815,1224400,49.22,81.51,13.21,52.73,260
1992-08-21,12.815,13.0,12.69,12.875,403200,49.82,81.51,13.21,53.61,260
1992-08-28,12.75,12.815,12.25,12.625,457900,47.32,81.51,13.21,49.94,260
1992-09-04,12.625,12.625,12.25,12.375,668000,44.89,81.51,13.21,46.38,260
1992-09-11,12.375,12.375,11.25,11.565,758400,38.07,81.51,13.21,36.4,260
1992-09-18,11.625,12.875,11.5,12.815,1202900,50.55,81.51,13.21,54.68,260
1992-09-25,12.375,12.5,11.94,12.065,737300,44.73,81.51,13.21,46.15,260
1992-10-02,12.0,12.315,11.875,12.065,380500,44.73,81.51,13.21,46.15,260
1992-10-09,12.065,12.065,11.25,11.5,473500,40.64,81.51,13.21,40.16,260
1992-10-16,11.625,11.94,11.5,11.625,320000,41.9,81.51,13.21,42.01,260
1992-10-23,11.69,12.75,11.69,12.625,543400,50.92,81.51,13.21,55.21,260
1992-10-30,12.565,13.125,12.565,12.815,932600,52.43,81.51,13.21,57.43,260
1992-11-06,12.75,13.125,12.625,12.875,584900,52.93,81.51,13.21,58.15,260
1992-11-13,12.94,13.125,12.625,13.065,963400,54.53,81.51,13.21,60.5,260
1992-11-20,13.065,14.25,13.0,13.94,766400,61.12,81.51,13.21,70.14,260
1992-11-27,13.875,14.375,13.75,14.375,396700,63.91,81.51,13.21,74.23,260
1992-12-04,14.44,15.565,14.315,15.565,1030600,70.22,81.51,13.21,83.47,260
1992-12-11,15.565,17.065,15.5,16.875,1627800,75.34,81.51,13.21,90.95,260
1992-12-18,16.75,17.315,16.065,16.69,1968400,73.42,81.51,13.21,88.15,260
1992-12-24,16.625,17.19,16.375,17.065,1043700,74.82,81.51,13.21,90.2,260
1992-12-31,16.94,17.44,16.875,17.065,823300,74.82,81.51,13.21,90.2,260
1993-01-08,17.065,17.125,16.5,16.5,1390800,68.52,81.51,13.21,80.97,260
1993-01-15,16.5,17.5,16.5,17.44,1111400,72.64,81.51,13.21,87.01,260
1993-01-22,17.5,17.94,17.0,17.625,1121500,73.38,81.51,13.21,88.1,260
1993-01-29,17.75,17.94,16.125,16.125,1470500,59.37,81.51,13.21,67.58,260
1993-02-05,16.125,16.565,15.5,15.5,1029900,54.68,81.51,13.21,60.72,260
1993-02-12,15.75,16.25,15.25,15.25,756400,52.88,81.51,13.21,58.09,260
1993-02-19,15.5,16.125,15.375,15.565,839700,54.9,81.51,13.21,61.03,260
1993-02-26,15.69,17.19,15.565,16.815,1163000,61.86,81.51,13.21,71.22,260
1993-03-05,16.75,17.065,16.44,17.0,1939300,62.77,81.51,13.21,72.57,260
1993-03-12,17.065,17.94,17.0,17.875,1351500,66.83,81.51,13.21,78.5,260
1993-03-19,17.815,17.875,17.375,17.69,974500,65.21,81.51,13.21,76.14,260
1993-03-26,17.75,17.94,17.375,17.75,1081800,65.51,81.51,13.21,76.56,260
1993-04-02,17.875,18.69,17.815,17.815,881000,65.84,81.51,13.21,77.05,260
1993-04-08,17.75,18.44,17.69,18.125,445200,67.46,81.51,13.21,79.42,260
1993-04-16,18.19,19.625,18.19,19.19,934000,72.31,81.51,13.21,86.53,260
1993-04-23,19.25,19.69,18.75,19.5,825000,73.55,81.51,13.21,88.34,260
1993-04-30,19.125,19.565,18.625,19.5,738300,73.55,81.51,13.21,88.34,260
1993-05-07,19.565,19.69,19.19,19.19,563600,69.93,81.51,13.21,83.04,260
1993-05-14,19.19,19.375,18.565,18.625,633500,63.76,81.51,13.21,74.01,260
1993-05-21,18.75,19.69,18.625,19.315,721600,67.53,81.51,13.21,79.52,260
1993-05-28,19.315,19.565,19.0,19.44,332000,68.17,81.51,13.21,80.47,260
1993-06-04,19.315,19.94,19.125,19.75,440800,69.78,81.51,13.21,82.82,260
1993-06-11,19.625,19.69,19.19,19.315,1331100,64.84,81.51,13.21,75.59,260
1993-06-18,19.25,19.875,18.875,19.69,705200,67.01,81.51,13.21,78.76,260
1993-06-25,19.75,21.315,19.565,20.815,2075800,72.49,81.51,13.21,86.78,260
1993-07-02,20.69,20.94,20.565,20.69,1260200,71.07,81.51,13.21,84.72,260
1993-07-09,20.69,21.125,20.69,21.125,2102500,73.04,81.51,13.21,87.6,260
1993-07-16,21.125,21.25,20.375,21.0,1329900,71.54,81.51,13.21,85.39,260
1993-07-23,21.0,21.0,19.315,19.375,1537000,55.51,81.51,13.21,61.93,260
1993-07-30,19.44,20.065,19.125,20.065,1248200,59.64,81.51,13.21,67.98,260
1993-08-06,20.0,20.125,19.44,20.0,669800,59.08,81.51,13.21,67.16,260
1993-08-13,20.0,20.065,19.5,19.69,601700,56.38,81.51,13.21,63.2,260
1993-08-20,19.69,19.75,18.625,18.69,1982300,48.64,81.51,13.21,51.88,260
1993-08-27,18.5,18.69,18.19,18.625,1471500,48.18,81.51,13.21,51.2,260
1993-09-03,18.565,18.75,17.625,17.69,1570800,41.99,81.51,13.21,42.14,260
1993-09-10,17.815,17.875,16.94,17.875,1137600,43.54,81.51,13.21,44.4,260
1993-09-17,17.94,18.125,17.375,17.565,1750900,41.54,81.51,13.21,41.48,260
1993-09-24,17.375,17.75,17.25,17.44,1900800,40.73,81.51,13.21,40.29,260
1993-10-01,17.5,17.75,17.375,17.625,1685200,42.52,81.51,13.21,42.91,260
1993-10-08,17.5,18.19,17.19,18.125,1051900,47.16,81.51,13.21,49.71,260
1993-10-15,18.0,18.0,17.375,17.625,608900,43.39,81.51,13.21,44.18,260
1993-10-22,17.625,17.94,16.69,16.75,1074700,37.7,81.51,13.21,35.86,260
1993-10-29,16.875,17.44,16.815,17.375,971000,43.41,81.51,13.21,44.21,260
1993-11-05,17.25,17.875,17.25,17.815,985500,47.08,81.51,13.21,49.59,260
1993-11-12,17.75,18.565,17.625,18.565,899700,52.72,81.51,13.21,57.84,260
1993-11-19,18.565,19.5,17.375,17.565,1137800,45.72,81.51,13.21,47.6,260
1993-11-26,17.25,18.625,17.19,18.44,1528200,51.75,81.51,13.21,56.43,260
1993-12-03,18.625,19.625,18.565,18.94,1849800,54.84,81.51,13.21,60.95,260
1993-12-10,18.875,19.0,18.065,18.44,1316300,51.31,81.51,13.21,55.78,260
1993-12-17,18.375,18.565,17.75,18.315,1208400,50.43,81.51,13.21,54.49,260
1993-12-23,18.19,18.565,18.0,18.25,584300,49.95,81.51,13.21,53.8,260
1993-12-31,18.315,19.0,18.25,18.69,486400,53.18,81.51,13.21,58.52,260
1994-01-07,18.625,19.315,18.44,18.625,900000,52.64,81.51,13.21,57.73,260
1994-01-14,18.75,19.625,18.625,19.375,1149500,57.95,81.51,13.21,65.51,260
1994-01-21,19.44,20.125,19.065,19.625,1645200,59.58,81.51,13.21,67.89,260
1994-01-28,19.625,19.75,19.19,19.315,740800,56.65,81.51,13.21,63.6,260
1994-02-04,19.315,20.065,19.125,19.5,873000,57.98,81.51,13.21,65.54,260
1994-02-11,19.375,19.5,19.065,19.25,932600,55.51,81.51,13.21,61.92,260
1994-02-18,19.065,20.25,19.065,20.0,1017800,60.89,81.51,13.21,69.81,260
1994-02-25,19.94,20.0,19.565,20.0,1211800,60.89,81.51,13.21,69.81,260
1994-03-04,20.0,20.25,19.69,19.815,724100,58.86,81.51,13.21,66.83,260
1994-03-11,20.69,20.94,19.94,20.69,2633900,64.85,81.51,13.21,75.6,260
1994-03-18,20.815,22.625,20.69,21.875,7243200,71.01,81.51,13.21,84.62,260
1994-03-25,22.0,22.94,21.625,22.065,5195800,71.86,81.51,13.21,85.87,260
1994-03-31,22.065,22.065,19.69,19.94,3098400,53.08,81.51,13.21,58.38,260
1994-04-08,19.94,19.94,18.565,19.75,2936100,51.78,81.51,13.21,56.47,260
1994-04-15,19.875,19.875,18.5,18.75,1946700,45.46,81.51,13.21,47.21,260
1994-04-22,18.625,18.75,18.315,18.44,1503000,43.67,81.51,13.21,44.6,260
1994-04-29,18.5,19.125,18.375,19.125,485200,48.48,81.51,13.21,51.64,260
1994-05-06,19.0,19.375,18.69,18.69,1009700,45.81,81.51,13.21,47.73,260
1994-05-13,18.625,18.625,17.25,17.375,775300,38.84,81.51,13.21,37.53,260
1994-05-20,17.5,18.625,17.5,17.94,908100,42.86,81.51,13.21,43.41,260
1994-05-27,17.75,18.125,17.5,17.875,842000,42.51,81.51,13.21,42.91,260
1994-06-03,17.815,17.94,17.565,17.875,537300,42.51,81.51,13.21,42.91,260
1994-06-10,17.94,19.125,17.94,19.125,1229900,51.29,81.51,13.21,55.76,260
1994-06-17,19.065,19.75,19.0,19.565,1299400,53.96,81.51,13.21,59.66,260
1994-06-24,19.5,19.69,18.815,18.815,944500,49.03,81.51,13.21,52.45,260
1994-07-01,18.815,18.875,18.125,18.565,1540900,47.48,81.51,13.21,50.17,260
1994-07-08,18.565,18.94,18.315,18.315,387600,45.91,81.51,13.21,47.87,260
1994-07-15,17.875,19.315,17.875,19.25,1670500,52.26,81.51,13.21,57.17,260
1994-07-22,19.5,20.69,19.5,20.565,2051100,59.47,81.51,13.21,67.73,260
1994-07-29,20.44,21.19,20.375,21.0,1166400,61.54,81.51,13.21,70.76,260
1994-08-05,20.815,22.25,20.815,22.19,1344000,66.57,81.51,13.21,78.12,260
1994-08-12,22.065,22.19,21.625,21.625,1190200,62.4,81.51,13.21,72.01,260
1994-08-19,21.625,21.815,21.44,21.5,914000,61.48,81.51,13.21,70.67,260
1994-08-26,21.315,21.815,20.875,21.19,1415900,59.15,81.51,13.21,67.27,260
1994-09-02,21.44,22.565,21.19,22.125,1801000,63.62,81.51,13.21,73.81,260
1994-09-09,22.0,22.375,21.94,22.0,453100,62.64,81.51,13.21,72.36,260
1994-09-16,22.0,22.315,21.815,22.19,1109900,63.56,81.51,13.21,73.72,260
1994-09-23,22.25,22.69,22.125,22.5,1397900,65.08,81.51,13.21,75.94,260
1994-09-30,22.565,22.625,22.375,22.625,725600,65.7,81.51,13.21,76.85,260
1994-10-07,22.565,23.065,22.375,23.065,821000,67.86,81.51,13.21,80.02,260
1994-10-14,23.065,23.69,23.0,23.19,939600,68.47,81.51,13.21,80.91,260
1994-10-21,23.125,23.315,22.565,22.565,1261800,62.13,81.51,13.21,71.63,260
1994-10-28,22.44,22.69,21.815,22.19,1126600,58.63,81.51,13.21,66.49,260
1994-11-04,22.065,22.19,21.125,21.815,1214800,55.27,81.51,13.21,61.58,260
1994-11-11,21.815,22.69,21.565,22.125,2302500,57.44,81.51,13.21,64.76,260
1994-11-18,22.315,22.5,21.625,21.69,826000,53.51,81.51,21.5,53.34,260
1994-11-25,21.5,21.565,20.315,20.5,359100,44.55,81.51,21.5,38.4,260
1994-12-02,20.25,20.5,20.125,20.375,1366900,43.72,81.51,27.42,30.13,260
1994-12-09,20.5,21.065,20.25,20.375,1119200,43.72,81.51,27.42,30.13,260
1994-12-16,20.375,21.44,20.25,21.375,1241500,52.0,81.51,27.42,45.44,260
1994-12-23,21.315,21.5,21.065,21.125,1039900,50.02,81.51,27.42,41.78,260
1994-12-30,21.125,21.44,21.0,21.125,319200,50.02,81.51,27.42,41.78,260
1995-01-06,21.0,21.375,20.94,21.315,500800,51.65,81.51,27.42,44.78,260
1995-01-13,21.25,21.44,20.375,20.565,1499000,45.38,81.51,27.42,33.19,260
1995-01-20,20.625,20.625,20.125,20.25,1222800,43.01,81.51,27.42,28.82,260
1995-01-27,19.94,20.69,19.875,20.565,1381500,46.04,81.51,27.42,34.42,260
1995-02-03,20.5,21.25,20.0,21.19,710300,51.54,81.51,27.42,44.58,260
1995-02-10,21.125,21.125,20.875,21.065,701500,50.43,81.51,27.42,42.53,260
1995-02-17,20.875,21.875,20.44,21.5,1967500,54.12,81.51,27.42,49.36,260
1995-02-24,21.25,22.065,21.19,22.0,1650200,57.99,81.51,27.42,56.52,260
1995-03-03,21.875,23.315,21.75,23.0,1781700,64.45,81.51,27.42,68.46,260
1995-03-10,23.0,24.125,22.69,23.815,2202300,68.68,81.51,27.42,76.28,260
1995-03-17,23.75,24.19,23.625,23.875,1244700,68.98,81.51,27.42,76.82,260
1995-03-24,23.625,24.065,23.625,23.94,1583900,69.31,81.51,32.75,74.97,260
1995-03-31,24.0,24.875,23.75,24.44,1843300,71.83,81.51,32.75,80.13,260
1995-04-07,24.565,25.375,24.565,25.0,1545700,74.36,81.51,32.75,85.33,260
1995-04-13,24.875,25.25,24.815,25.25,509900,75.43,81.51,32.75,87.51,260
1995-04-21,25.375,25.69,24.875,24.94,1671500,71.47,81.51,32.75,79.4,260
1995-04-28,25.065,25.44,24.44,24.815,1406900,69.88,81.51,32.75,76.13,260
1995-05-05,24.875,25.25,24.44,24.44,2347500,65.18,81.51,32.75,66.51,260
1995-05-12,24.125,24.69,23.5,24.69,1037100,66.78,81.51,32.75,69.79,260
1995-05-19,24.69,25.19,24.565,24.75,1351800,67.17,81.51,32.75,70.59,260
1995-05-26,24.75,25.94,24.75,25.75,1207300,72.89,81.51,32.75,82.32,260
1995-06-02,25.815,26.19,24.565,26.065,741800,74.4,81.51,32.75,85.42,260
1995-06-09,26.19,26.625,25.375,25.75,910500,70.19,81.51,32.75,76.77,260
1995-06-16,25.75,26.625,25.75,26.44,1433300,73.7,81.51,32.75,83.98,260
1995-06-23,26.315,27.0,26.315,26.625,1251000,74.57,81.51,32.75,85.75,260
1995-06-30,26.565,26.565,25.625,26.065,966200,67.34,81.51,32.75,70.93,260
1995-07-07,26.0,27.125,25.94,27.125,782100,72.73,81.51,32.75,81.98,260
1995-07-14,27.5,27.625,27.0,27.315,941600,73.57,81.51,32.75,83.71,260
1995-07-21,27.19,28.19,27.0,28.065,1555900,76.64,81.51,37.15,89.0,260
1995-07-28,28.065,28.875,27.875,28.875,1882800,79.41,81.51,37.15,95.26,260
1995-08-04,28.875,28.875,28.125,28.44,1048600,74.3,81.51,37.15,83.75,260
1995-08-11,28.44,29.815,28.44,28.815,1354500,75.75,81.51,37.15,87.01,260
1995-08-18,28.69,29.44,28.69,29.375,1316200,77.77,81.51,37.15,91.56,260
1995-08-25,29.375,30.375,29.375,30.315,2040900,80.67,81.51,37.15,98.1,260
1995-09-01,30.375,30.69,30.25,30.565,1542000,81.37,81.51,37.15,99.67,260
1995-09-08,30.5,31.315,30.375,30.69,1492400,81.72,81.72,37.15,100.0,260
1995-09-15,30.815,31.125,30.75,30.815,1351200,82.09,82.09,37.15,100.0,260
1995-09-22,30.94,31.25,30.315,30.375,1679600,76.28,82.09,37.15,87.07,260
1995-09-29,30.315,30.44,29.94,30.44,1513500,76.54,82.09,37.15,87.66,260
1995-10-06,30.375,30.375,29.875,29.94,1761600,70.08,82.09,37.15,73.27,260
1995-10-13,29.875,29.94,29.375,29.815,1160800,68.52,82.09,37.15,69.81,260
1995-10-20,29.875,30.19,29.44,29.75,1123300,67.68,82.09,37.15,67.93,260
1995-10-27,29.625,29.69,28.0,28.44,1002800,53.42,82.09,37.15,36.21,260
1995-11-03,28.44,29.0,28.19,29.0,531100,57.54,82.09,37.15,45.37,260
1995-11-10,29.0,29.5,28.565,28.625,567400,54.09,82.09,37.15,37.7,260
1995-11-17,28.625,29.94,28.315,29.815,1164500,61.89,82.09,37.15,55.06,260
1995-11-24,29.815,30.25,29.625,29.94,1097800,62.61,82.09,37.15,56.66,260
1995-12-01,30.0,31.0,29.94,31.0,564900,68.11,82.09,37.15,68.89,260
1995-12-08,31.065,32.125,30.94,31.625,651500,70.83,82.09,37.15,74.95,260
1995-12-15,31.69,31.875,30.875,30.875,797800,63.79,82.09,37.15,59.29,260
1995-12-22,30.815,31.625,30.5,31.25,1076300,65.63,82.09,37.15,63.38,260
1995-12-29,31.315,32.0,31.19,32.0,365900,69.02,82.09,37.15,70.92,260
1996-01-05,31.935,32.375,30.935,31.0,3393500,60.46,82.09,37.15,51.88,260
1996-01-12,30.56,30.6875,29.625,29.75,2080800,51.81,82.09,37.15,32.63,260
1996-01-19,29.5,30.125,29.25,30.0625,2272300,53.6,82.09,37.15,36.61,260
1996-01-26,31.625,31.625,30.9375,31.25,1537100,59.71,82.09,37.15,50.21,260
1996-02-02,31.375,32.0625,31.375,32.0,833600,63.03,82.09,37.15,57.59,260
1996-02-09,32.25,33.6875,32.25,33.125,1737700,67.36,82.09,37.15,67.23,260
1996-02-16,33.1875,33.4375,32.875,33.125,2129800,67.36,82.09,37.15,67.23,260
1996-02-23,32.9375,33.3125,32.625,32.875,850000,65.39,82.09,37.15,62.84,260
1996-03-01,32.875,32.875,30.625,31.0,1437300,52.86,82.09,37.15,34.96,260
1996-03-08,31.0,31.375,30.75,30.9375,980800,52.5,82.09,37.15,34.16,260
1996-03-15,30.685,31.3125,30.625,30.75,1561400,51.36,82.09,37.15,31.64,260
1996-03-22,30.375,31.6875,30.25,31.5625,1221500,55.82,82.09,37.15,41.54,260
1996-03-29,31.875,32.0625,31.75,31.9375,1066200,57.74,82.09,37.15,45.82,260
1996-04-04,31.875,31.875,31.25,31.625,771300,55.57,82.09,37.15,40.99,260
1996-04-12,31.0,31.0625,29.375,29.5,921500,43.58,82.09,37.15,14.31,260
1996-04-19,29.06,29.5625,28.875,29.3125,1469800,42.7,82.09,37.15,12.36,260
1996-04-26,29.25,30.8125,29.125,30.5625,1191000,49.92,82.09,37.15,28.43,260
1996-05-03,30.75,31.0,30.685,30.875,703100,51.57,82.09,37.15,32.09,260
1996-05-10,30.5,30.625,29.75,29.875,1073600,46.33,82.09,37.15,20.43,260
1996-05-17,30.125,31.0,29.81,31.0,1025200,52.21,82.09,37.15,33.52,260
1996-05-24,31.125,31.75,30.685,31.75,788500,55.7,82.09,37.15,41.28,260
1996-05-31,31.25,31.4375,31.0,31.125,1380400,52.28,82.09,37.15,33.67,260
1996-06-07,31.185,34.0625,31.185,33.5,10073900,61.87,82.09,37.15,55.01,260
1996-06-14,33.875,34.625,33.875,34.0625,2251800,63.73,82.09,37.15,59.14,260
1996-06-21,34.0,34.375,33.4375,33.875,2393800,62.63,82.09,37.15,56.7,260
1996-06-28,34.0,34.25,33.8125,34.0,1682600,63.09,82.09,37.15,57.72,260
1996-07-05,34.0,34.375,34.0,34.1875,1001900,63.8,82.09,37.15,59.31,260
1996-07-12,33.5,34.1875,33.5,33.8125,2229500,61.25,82.09,37.15,53.63,260
1996-07-19,33.125,34.5,31.875,34.5,4007900,64.08,82.09,37.15,59.94,260
1996-07-26,35.25,35.25,33.6875,34.0625,2181300,61.03,82.09,37.15,53.13,260
1996-08-02,34.06,34.81,33.875,34.81,1485600,64.17,82.09,37.15,60.13,260
1996-08-09,34.935,35.8125,34.685,35.8125,935300,67.91,82.09,37.15,68.46,260
1996-08-16,35.875,36.375,35.75,36.375,1105100,69.82,82.09,37.15,72.7,260
1996-08-23,35.875,36.1875,35.685,36.1875,886700,68.36,82.09,37.15,69.45,260
1996-08-30,36.5,36.625,36.435,36.5,850500,69.5,82.09,37.15,72.0,260
1996-09-06,35.75,35.9375,35.56,35.9375,948800,64.96,82.09,37.15,61.88,260
1996-09-13,36.0,36.5,35.625,36.3125,893800,66.53,82.09,37.15,65.38,260
1996-09-20,36.875,37.125,36.375,36.8125,1178400,68.55,82.09,37.15,69.88,260
1996-09-27,37.56,38.6875,37.25,38.375,1382300,73.87,82.09,37.15,81.72,260
1996-10-04,38.875,40.4375,38.81,40.0,1411700,78.03,82.09,37.15,90.98,260
1996-10-11,39.685,39.6875,39.1875,39.4375,797000,73.66,82.09,37.15,81.25,260
1996-10-18,39.625,39.625,39.125,39.4375,1149600,73.66,82.09,37.15,81.25,260
1996-10-25,39.435,39.625,38.6875,38.6875,1459000,67.79,82.09,37.15,68.17,260
1996-11-01,39.25,39.75,39.06,39.6875,1649400,71.1,82.09,37.15,75.54,260
1996-11-08,40.125,40.875,40.0,40.75,1965100,74.14,82.09,37.15,82.3,260
1996-11-15,40.81,41.0625,40.5,40.9375,1039700,74.64,82.09,37.15,83.43,260
1996-11-22,40.31,42.0,40.125,41.9375,1803400,77.21,82.09,37.15,89.14,260
1996-11-29,41.81,41.9375,41.375,41.56,685900,74.16,82.09,37.15,82.35,260
1996-12-06,41.5,41.625,40.375,40.625,1862800,67.09,82.09,37.7,66.2,260
1996-12-13,40.625,41.0,38.75,39.685,1486700,60.81,82.09,37.7,52.06,260
1996-12-20,39.935,41.06,39.935,40.935,2281600,65.44,82.09,37.7,62.49,260
1996-12-27,40.875,41.25,40.685,40.875,592200,65.04,82.09,37.7,61.6,260
1997-01-03,40.875,41.56,40.125,40.69,1132200,63.76,82.09,37.7,58.7,260
1997-01-10,40.815,41.19,38.5,38.875,3369500,52.75,82.09,37.7,33.89,260
1997-01-17,39.065,39.375,38.625,38.875,2966000,52.75,82.09,37.7,33.89,260
1997-01-24,39.0,39.69,38.25,38.44,1992000,50.33,82.09,37.7,28.45,260
1997-01-31,38.565,39.315,38.19,39.19,1776600,54.22,82.09,37.7,37.22,260
1997-02-07,38.875,39.19,37.315,38.125,1844800,48.42,82.09,37.7,24.15,260
1997-02-14,38.25,38.5,37.875,38.125,3233200,48.42,82.09,37.7,24.15,260
1997-02-21,38.375,38.375,37.19,37.25,1622000,43.94,82.09,37.7,14.05,260
1997-02-28,37.19,37.5,35.69,36.065,2834000,38.71,82.09,37.7,2.28,260
1997-03-07,36.375,37.565,36.19,37.375,2607700,46.31,82.09,37.7,19.4,260
1997-03-14,37.69,37.875,36.815,37.25,2035900,45.73,82.09,37.7,18.09,260
1997-03-21,37.375,38.0,37.125,38.0,2147200,49.81,82.09,37.7,27.28,260
1997-03-27,38.19,39.125,37.815,37.94,1333100,49.49,82.09,37.7,26.56,260
1997-04-04,37.94,38.125,35.94,37.875,1800400,49.12,82.09,37.7,25.73,260
1997-04-11,37.75,38.815,37.065,37.125,1733900,44.96,82.09,37.7,16.35,260
1997-04-18,37.125,40.375,36.75,40.065,2625100,59.47,82.09,37.7,49.03,260
1997-04-25,40.69,42.94,40.125,42.25,3685100,66.53,82.09,37.7,64.94,260
1997-05-02,42.25,43.75,41.565,43.5,2849800,69.77,82.09,37.7,72.25,260
1997-05-09,43.125,43.375,41.375,42.75,2732900,65.66,82.09,37.7,62.98,260
1997-05-16,43.0,43.44,41.125,41.44,2858000,59.11,82.09,37.7,48.22,260
1997-05-23,41.375,42.69,41.315,42.44,2037900,62.21,82.09,37.7,55.21,260
1997-05-30,42.375,42.75,41.94,42.315,1300100,61.58,82.09,37.7,53.79,260
1997-06-06,42.44,42.44,41.19,41.5,1697900,57.5,82.09,37.7,44.6,260
1997-06-13,41.375,41.69,40.44,41.44,3231300,57.2,82.09,37.7,43.92,260
1997-06-20,41.44,44.5,41.44,44.44,5388200,66.6,82.09,37.7,65.09,260
1997-06-27,44.44,44.875,43.69,44.5,2367800,66.75,82.09,37.7,65.45,260
1997-07-03,44.19,57.15,43.75,55.0,6606500,82.38,82.38,37.7,100.0,260
1997-07-11,55.05,58.0,54.95,57.65,10590100,84.38,84.38,37.7,100.0,260
1997-07-18,57.95,57.95,55.05,55.2,6773400,75.82,84.38,37.7,81.68,260
1997-07-25,55.05,56.7,54.75,55.65,4523000,76.3,84.38,37.7,82.69,260
1997-08-01,56.05,57.75,55.65,56.7,6670300,77.42,84.38,37.7,85.08,260
1997-08-08,56.15,57.25,55.95,56.75,4121100,77.47,84.38,37.7,85.2,260
1997-08-15,56.9,58.8,56.8,57.4,3098100,78.2,84.38,37.7,86.78,260
1997-08-22,57.5,59.95,56.9,59.65,2650200,80.57,84.38,37.7,91.84,260
1997-08-29,59.75,60.0,58.5,58.55,3481800,76.22,84.38,37.7,82.52,260
1997-09-05,58.7,60.2,58.55,59.2,2346700,77.01,84.38,37.7,84.21,260
1997-09-12,59.25,60.25,58.8,59.45,2312700,77.32,84.38,37.7,84.88,260
1997-09-19,59.5,62.45,59.3,62.25,2331400,80.51,84.38,37.7,91.71,260
1997-09-26,62.45,63.95,61.65,61.75,2774300,78.39,84.38,37.7,87.17,260
1997-10-03,59.9,61.45,59.55,60.95,3275600,74.99,84.38,37.7,79.88,260
1997-10-10,61.5,61.65,60.05,60.15,3380100,71.64,84.38,37.7,72.71,260
1997-10-17,60.25,60.7,59.45,60.2,3370400,71.72,84.38,37.7,72.89,260
1997-10-24,60.3,60.55,55.7,55.9,4533900,56.14,84.38,37.7,39.5,260
1997-10-31,55.3,55.65,50.45,54.65,2787900,52.56,84.38,37.7,31.84,260
1997-11-07,55.5,57.2,54.0,54.65,2572200,52.56,84.38,37.7,31.84,260
1997-11-14,54.75,54.81,52.15,53.35,2751700,48.81,84.38,37.7,23.81,260
1997-11-21,53.45,53.95,52.8,53.4,2287500,48.97,84.38,37.7,24.13,260
1997-11-28,53.25,56.65,53.25,56.3,1747600,56.9,84.38,37.7,41.12,260
1997-12-05,56.55,56.9,54.95,55.7,1987300,54.99,84.38,37.7,37.05,260
1997-12-12,55.55,57.3,55.55,57.3,1851500,58.94,84.38,37.7,45.5,260
1997-12-19,57.15,57.6,53.9,54.95,2012100,51.76,84.38,37.7,30.12,260
1997-12-26,55.1,55.9,54.15,54.5,683100,50.49,84.38,37.7,27.4,260
1998-01-02,55.05,58.0,55.05,57.45,929700,57.79,84.38,37.7,43.05,260
1998-01-09,57.35,61.25,57.35,58.7,2831400,60.45,84.38,37.7,48.75,260
1998-01-16,58.0,59.05,58.0,58.65,3591600,60.29,84.38,37.7,48.4,260
1998-01-23,58.75,61.75,58.5,61.0,3063900,65.08,84.38,37.7,58.65,260
1998-01-30,61.0,62.7,61.0,61.3,3041300,65.65,84.38,37.7,59.87,260
1998-02-06,62.25,65.35,62.15,64.95,2620500,71.7,84.38,37.7,72.83,260
1998-02-13,64.95,65.9,64.4,65.55,4095200,72.55,84.38,37.7,74.66,260
1998-02-20,64.95,66.2,64.65,66.2,1354600,73.49,84.38,37.7,76.67,260
1998-02-27,66.15,69.5,64.8,69.5,2495600,77.65,84.38,37.7,85.58,260
1998-03-06,69.3,69.35,66.55,68.8,1689100,74.96,84.38,37.7,79.82,260
1998-03-13,59.75,62.0,55.25,56.95,19571800,45.96,84.38,37.7,17.68,260
1998-03-20,57.15,57.45,52.45,53.5,13538700,40.98,84.38,37.7,7.03,260
1998-03-27,53.0,53.95,51.65,51.75,7538600,38.7,84.38,37.7,2.13,260
1998-04-03,51.75,54.7,51.4,54.0,6753500,43.09,84.38,37.7,11.55,260
1998-04-09,54.0,54.95,52.75,53.15,4738500,41.87,84.38,37.7,8.93,260
1998-04-17,53.3,54.25,52.55,52.75,2663200,41.28,84.38,37.7,7.66,260
1998-04-24,52.65,54.2,52.1,53.2,2883400,42.27,84.38,37.7,9.79,260
1998-05-01,53.1,54.3,52.15,53.8,1890600,43.63,84.38,37.7,12.71,260
1998-05-08,53.8,55.4,52.8,53.9,3623700,43.87,84.38,37.7,13.22,260
1998-05-15,53.8,55.15,52.95,53.75,1759400,43.58,84.38,37.7,12.58,260
1998-05-22,53.65,54.4,53.25,53.85,2481400,43.85,84.38,37.7,13.17,260
1998-05-29,53.95,54.15,52.7,53.6,1780000,43.28,84.38,37.7,11.96,260
1998-06-05,53.5,54.4,52.0,54.1,2567100,44.82,84.38,37.7,15.24,260
1998-06-12,54.0,54.4,49.345,51.75,3082400,39.43,84.38,37.7,3.7,260
1998-06-19,51.45,52.15,49.875,50.05,1727800,36.05,84.38,36.05,0.0,260
1998-06-26,49.875,50.8,48.595,49.69,2002000,35.36,84.38,35.36,0.0,260
1998-07-02,49.815,51.7,49.44,51.2,4631300,40.51,84.38,35.36,10.5,260
1998-07-10,51.1,54.3,50.95,54.0,4094700,48.67,84.38,35.36,27.15,260
1998-07-17,54.15,54.2,44.75,45.315,10389100,33.38,84.38,33.38,0.0,260
1998-07-24,45.345,47.19,42.5,42.875,6427100,30.48,84.38,30.48,0.0,260
1998-07-31,42.75,42.75,40.0,40.5,3913900,27.94,84.38,27.94,0.0,260
1998-08-07,40.5,40.5,36.375,38.345,3919800,25.83,84.38,25.83,0.0,260
1998-08-14,38.0,38.0,35.0,35.155,3696000,23.06,84.38,23.06,0.0,260
1998-08-21,35.03,35.815,32.815,34.405,3591500,22.45,84.38,22.45,0.0,260
1998-08-28,34.53,36.0,31.565,32.25,4931300,20.75,84.38,20.75,0.0,260
1998-09-04,32.375,33.28,30.19,30.565,4794300,19.51,84.38,19.51,0.0,260
1998-09-11,30.75,32.315,29.875,30.375,5181600,19.37,84.38,19.37,0.0,260
1998-09-18,30.815,32.19,29.655,31.5,6410500,22.92,84.38,19.37,5.46,260
1998-09-25,31.405,34.875,31.25,34.405,8728000,31.32,84.38,19.37,18.38,260
1998-10-02,34.405,37.44,34.405,37.44,6534600,38.82,84.38,19.37,29.93,260
1998-10-09,37.315,38.19,34.875,35.565,5973400,36.19,84.38,19.37,25.88,260
1998-10-16,36.0,38.845,34.94,38.69,5434800,43.11,84.38,19.37,36.52,260
1998-10-23,38.625,40.0,38.125,38.815,2848200,43.38,84.38,19.37,36.93,260
1998-10-30,38.94,40.47,38.5,39.875,1911600,45.68,84.38,19.37,40.48,260
1998-11-06,39.78,41.815,39.78,41.19,2373200,48.49,84.38,19.37,44.79,260
1998-11-13,41.19,42.0,39.25,40.595,3113700,47.3,84.38,19.37,42.96,260
1998-11-20,40.72,40.97,39.94,40.345,3680300,46.78,84.38,19.37,42.16,260
1998-11-27,40.565,41.78,40.44,40.565,1669000,47.33,84.38,19.37,43.0,260
1998-12-04,40.44,41.125,36.875,39.47,7989600,44.85,84.38,19.37,39.2,260
1998-12-11,39.565,40.0,35.815,35.875,3758700,37.85,84.38,19.37,28.43,260
1998-12-18,35.815,37.25,35.0,36.625,4127600,39.96,84.38,19.37,31.67,260
1998-12-24,36.565,36.69,34.22,35.065,2542600,37.14,84.38,19.37,27.33,260
1998-12-31,35.125,36.94,34.405,36.565,1819800,41.42,84.38,19.37,33.92,260
1999-01-08,36.97,37.815,31.75,32.625,9562500,34.73,84.38,19.37,23.63,260
1999-01-15,32.69,33.22,30.875,31.44,5963700,33.0,84.38,19.37,20.97,260
1999-01-22,31.875,32.0,29.75,30.125,3359000,31.15,84.38,19.37,18.13,260
1999-01-29,30.125,31.03,28.315,28.5,3914300,28.99,84.38,19.37,14.8,260
1999-02-05,29.5,33.75,29.44,33.125,7123200,41.45,84.38,19.37,33.97,260
1999-02-12,33.03,33.345,30.47,30.625,4827100,37.61,84.38,19.37,28.06,260
1999-02-19,30.75,31.19,29.905,30.75,2157800,37.92,84.38,19.37,28.53,260
1999-02-26,31.0,31.72,29.94,31.155,2578300,38.98,84.38,19.37,30.16,260
1999-03-05,31.03,31.815,30.065,31.0,5191600,38.7,84.38,19.37,29.74,260
1999-03-12,31.065,31.75,30.315,31.595,2624600,40.42,84.38,19.37,32.38,260
1999-03-19,31.69,33.315,31.69,32.125,2740100,41.98,84.38,19.37,34.78,260
1999-03-26,32.125,32.125,29.75,29.97,2008300,37.66,84.38,19.37,28.14,260
1999-04-01,30.22,30.44,29.44,30.03,2514300,37.86,84.38,19.37,28.44,260
1999-04-09,30.0,30.25,28.655,29.0,2254500,35.82,84.38,19.37,25.31,260
1999-04-16,28.875,33.125,28.845,32.78,2915500,47.07,84.38,19.37,42.61,260
1999-04-23,32.905,34.125,31.845,32.065,3378100,45.44,84.38,19.37,40.11,260
1999-04-30,32.19,33.25,31.5,31.97,4119700,45.22,84.38,19.37,39.77,260
1999-05-07,32.405,34.065,32.315,33.315,3251500,49.03,84.38,19.37,45.63,260
1999-05-14,33.315,34.44,33.125,33.875,4623600,50.58,84.38,19.37,48.01,260
1999-05-21,33.875,36.94,33.25,36.655,5501200,57.46,84.38,19.37,58.59,260
1999-05-28,36.44,36.47,33.69,33.78,3867900,49.74,84.38,19.37,46.73,260
1999-06-04,33.75,34.28,33.125,33.625,2341200,49.36,84.38,19.37,46.13,260
1999-06-11,33.75,34.315,32.065,32.155,2284800,45.74,84.38,19.37,40.57,260
1999-06-18,32.19,34.47,32.19,33.125,2933000,48.43,84.38,19.37,44.7,260
1999-06-25,33.25,33.25,31.565,32.75,2345600,47.45,84.38,19.37,43.2,260
1999-07-02,32.815,33.875,32.405,33.875,2765600,50.67,84.38,19.37,48.15,260
1999-07-09,33.875,37.315,33.565,35.94,5631000,55.99,84.38,19.37,56.34,260
1999-07-16,36.0,37.97,35.625,37.845,2014500,60.25,84.38,19.37,62.89,260
1999-07-23,37.78,37.94,36.25,37.375,3045600,58.74,84.38,19.37,60.57,260
1999-07-30,37.0,37.22,35.75,36.065,1671100,54.63,84.38,19.37,54.24,260
1999-08-06,35.94,36.065,34.47,34.53,1762000,50.19,84.38,19.37,47.42,260
1999-08-13,34.565,35.22,34.19,34.75,1767500,50.81,84.38,19.37,48.37,260
1999-08-20,34.75,35.25,33.94,34.5,1084300,50.05,84.38,19.37,47.2,260
1999-08-27,35.0,37.565,34.875,36.25,2628700,55.1,84.38,19.37,54.97,260
1999-09-03,36.19,36.595,35.25,35.75,1913400,53.44,84.38,19.37,52.41,260
1999-09-10,35.815,35.815,34.375,35.03,2557200,51.05,84.38,19.37,48.74,260
1999-09-17,34.97,35.0,32.375,32.845,2907100,44.54,84.38,19.37,38.73,260
1999-09-24,32.94,32.94,29.78,29.97,3983200,37.73,84.38,19.37,28.25,260
1999-10-01,29.94,32.22,29.94,30.125,2744800,38.28,84.38,19.37,29.09,260
1999-10-08,30.125,30.875,29.125,30.655,2570500,40.22,84.38,19.37,32.07,260
1999-10-15,30.905,31.53,27.25,27.845,4573100,34.1,84.38,19.37,22.67,260
1999-10-22,27.845,28.565,26.625,27.345,4091700,33.14,84.38,19.37,21.18,260
1999-10-29,27.5,27.815,26.345,27.44,5972600,33.52,84.38,19.37,21.77,260
1999-11-05,27.47,27.69,27.19,27.345,2742400,33.32,84.38,19.37,21.46,260
1999-11-12,27.345,28.0,25.315,26.655,4239400,31.78,84.38,19.37,19.1,260
1999-11-19,26.655,29.47,26.25,28.905,4105800,41.27,84.38,19.37,33.69,260
1999-11-26,28.815,28.97,27.0,27.03,1191400,36.69,84.38,19.37,26.65,260
1999-12-03,26.905,29.25,26.0,29.095,3375700,44.05,84.38,19.37,37.97,260
1999-12-10,28.905,29.0,23.5,25.815,8179800,36.74,84.38,19.37,26.73,260
1999-12-17,25.75,26.625,24.94,25.125,5323400,35.41,84.38,19.37,24.68,260
1999-12-23,25.065,25.94,24.03,25.69,2571300,37.41,84.38,19.37,27.76,260
1999-12-31,25.815,27.22,25.595,27.03,1937200,42.0,84.38,19.37,34.81,260
2000-01-07,27.155,27.5,26.0,26.875,3213500,41.62,84.38,19.37,34.23,260
2000-01-14,27.0,27.69,26.47,26.625,2130900,40.97,84.38,19.37,33.24,260
2000-01-21,25.94,26.25,24.565,26.095,2479300,39.58,84.38,19.37,31.09,260
2000-01-28,26.095,26.375,22.625,25.03,4364400,36.86,84.38,19.37,26.9,260
2000-02-04,25.065,25.875,24.375,25.875,3631000,40.36,84.38,19.37,32.29,260
2000-02-11,26.25,27.065,23.25,23.44,4235700,34.43,84.38,19.37,23.17,260
2000-02-18,23.47,23.595,22.315,22.5,4267600,32.45,84.38,19.37,20.12,260
2000-02-25,22.5,23.25,22.345,22.69,2485700,33.29,84.38,19.37,21.41,260
2000-03-03,22.69,23.0,21.315,22.19,3334100,32.16,84.38,19.37,19.67,260
2000-03-10,22.5,24.405,22.5,23.53,4817500,38.2,84.38,19.37,28.97,260
2000-03-17,23.5,27.815,23.375,27.595,4407900,52.13,84.38,19.37,50.39,260
2000-03-24,27.5,27.565,25.5,26.75,4001900,49.62,84.38,19.37,46.54,260
2000-03-31,26.94,27.095,26.095,26.47,5160000,48.79,84.38,19.37,45.26,260
2000-04-07,26.47,28.69,25.595,27.405,3969700,51.71,84.38,19.37,49.76,260
2000-04-14,27.405,31.25,27.405,29.72,4526200,58.1,84.38,19.37,59.58,260
2000-04-20,30.095,33.875,30.095,33.5,5119200,66.0,84.38,19.37,71.73,260
2000-04-28,34.25,37.065,34.19,35.44,9596200,69.21,84.38,19.37,76.67,260
2000-05-05,35.565,37.595,35.315,36.375,5188400,70.65,84.38,19.37,78.88,260
2000-05-12,36.28,38.44,36.065,37.845,4953400,72.8,84.38,19.37,82.19,260
2000-05-19,37.97,40.47,37.28,39.595,6163800,75.14,84.38,19.37,85.79,260
2000-05-26,39.595,39.595,36.405,36.78,4491400,65.4,84.38,19.37,70.82,260
2000-06-02,36.905,39.625,36.875,39.565,3758800,69.6,84.38,19.37,77.27,260
2000-06-09,39.5,40.69,38.75,39.815,6470600,69.95,84.38,19.37,77.81,260
2000-06-16,39.565,40.095,35.065,37.265,9435200,62.05,84.38,19.37,65.66,260
2000-06-23,37.25,37.28,32.875,35.065,6415500,56.16,84.38,19.37,56.6,260
2000-06-30,34.815,34.97,32.53,33.125,4587500,51.52,84.38,19.37,49.45,260
2000-07-07,33.0,33.815,32.19,33.25,3082900,51.79,84.38,19.37,49.88,260
2000-07-14,33.25,35.75,32.595,35.595,4955500,56.78,84.38,19.37,57.54,260
2000-07-21,35.47,36.5,34.345,35.47,3339400,56.44,84.38,19.37,57.03,260
2000-07-28,35.47,36.72,34.565,35.125,5133300,55.47,84.38,19.37,55.53,260
2000-08-04,35.125,37.69,35.065,36.405,5541100,58.34,84.38,19.37,59.94,260
2000-08-11,36.845,39.94,36.815,38.47,5707900,62.53,84.38,19.37,66.4,260
2000-08-18,38.595,38.595,36.72,37.03,4029400,58.14,84.38,19.37,59.64,260
2000-08-25,36.905,39.375,36.44,39.0,3693800,62.06,84.38,19.37,65.68,260
2000-09-01,38.875,40.0,37.97,39.19,3638300,62.43,84.38,19.37,66.24,260
2000-09-08,39.065,40.375,39.065,39.905,4152400,63.84,84.38,19.37,68.42,260
2000-09-15,39.78,41.0,39.72,40.655,3646100,65.32,84.38,19.37,70.68,260
2000-09-22,40.565,44.315,39.815,43.78,4825700,70.68,84.38,19.37,78.94,260
2000-09-29,43.78,46.625,43.44,45.44,5052300,73.07,84.38,19.37,82.6,260
2000-10-06,45.625,46.94,43.625,44.03,4563800,68.01,84.38,19.37,74.82,260
2000-10-13,44.095,46.625,44.065,46.25,5274800,71.37,84.38,19.37,79.99,260
2000-10-20,45.75,46.0,41.0,43.375,8045600,62.25,84.38,19.37,65.96,260
2000-10-27,43.5,45.125,39.44,40.03,6442900,53.66,84.38,19.37,52.75,260
2000-11-03,40.065,42.375,39.845,40.125,4774100,53.85,84.38,19.37,53.05,260
2000-11-10,39.69,40.94,38.345,39.22,4352000,51.63,84.38,19.37,49.62,260
2000-11-17,39.345,40.125,38.19,38.97,3043900,51.0,84.38,19.37,48.66,260
2000-11-24,38.97,43.125,38.875,41.0,3764200,55.71,84.38,19.37,55.9,260
2000-12-01,41.5,42.75,40.0,40.25,3555300,53.66,84.38,19.37,52.74,260
2000-12-08,40.375,43.125,40.28,42.125,5522000,57.83,84.38,19.37,59.17,260
2000-12-15,42.125,43.065,39.19,39.595,4374300,51.14,84.38,19.37,48.87,260
2000-12-22,39.405,41.69,37.0,37.065,8935200,45.46,84.38,19.37,40.14,260
2000-12-29,37.06,42.625,37.06,41.5,7783800,54.91,84.38,19.37,54.67,260
2001-01-05,41.625,42.25,39.565,40.25,11883100,52.16,84.38,19.37,50.45,260
2001-01-12,40.875,44.69,40.235,43.44,11536000,57.94,84.38,19.37,59.33,260
2001-01-19,43.44,43.97,41.44,41.595,4709500,53.89,84.38,19.37,53.1,260
2001-01-26,41.5,45.25,41.5,44.625,8535900,58.96,84.38,19.37,60.9,260
2001-02-02,44.4,44.56,42.9,43.45,6148900,56.37,84.38,19.37,56.92,260
2001-02-09,43.15,43.96,42.75,43.225,4004900,55.86,84.38,19.37,56.14,260
2001-02-16,43.225,45.25,42.5,45.0,5363700,58.99,84.38,19.37,60.95,260
2001-02-23,45.0,48.355,44.76,47.125,7309800,62.42,84.38,19.37,66.23,260
2001-03-02,47.125,48.5,46.5,48.5,9329200,64.5,84.38,19.37,69.42,260
2001-03-09,48.375,49.2,47.75,48.74,7200800,64.86,84.38,19.37,69.98,260
2001-03-16,48.625,49.55,43.42,43.505,7870600,52.27,84.38,19.37,50.61,260
2001-03-23,43.63,45.7,41.35,42.79,7125600,50.82,84.38,19.37,48.38,260
2001-03-30,43.6,44.5,42.625,43.5,10066100,52.24,84.38,19.37,50.56,260
2001-04-06,43.5,47.01,42.6,45.975,17441500,56.9,84.38,19.37,57.73,260
2001-04-12,45.15,47.3,44.85,47.22,9295200,59.07,84.38,19.37,61.07,260
2001-04-20,46.97,48.53,46.135,46.6,6316800,57.52,84.38,19.37,58.68,260
2001-04-27,46.05,46.135,43.8,45.63,6250600,55.08,84.38,19.37,54.94,260
2001-05-04,45.5,47.0,45.06,46.12,6859900,56.09,84.38,19.37,56.49,260
2001-05-11,46.07,46.325,43.6,45.05,8902000,53.27,84.38,19.37,52.15,260
2001-05-18,44.125,45.49,43.675,44.975,6948700,53.07,84.38,19.37,51.84,260
2001-05-25,45.1,45.625,42.705,43.51,9220200,49.16,84.38,19.37,45.83,260
2001-06-01,43.885,44.5,43.365,44.33,4374000,51.32,84.38,19.37,49.15,260
2001-06-08,44.4,45.425,44.305,44.345,5514000,51.36,84.38,19.37,49.22,260
2001-06-15,44.6,44.785,41.3,42.68,7230300,46.69,84.38,19.37,42.03,260
2001-06-22,42.75,42.945,38.625,39.17,7729300,38.7,84.38,19.37,29.74,260
2001-06-29,39.95,41.25,38.2,40.05,8374900,41.41,84.38,19.37,33.9,260
2001-07-06,39.9,40.5,39.775,40.36,3503400,42.37,84.38,19.37,35.39,260
2001-07-13,40.4,40.65,39.2,39.975,6024500,41.46,84.38,19.37,33.98,260
2001-07-20,40.025,40.46,39.45,39.815,3648400,41.06,84.38,19.37,33.37,260
2001-07-27,39.725,40.75,38.2,40.24,5080100,42.63,84.38,19.37,35.78,260
2001-08-03,40.17,40.82,39.95,40.485,3825600,43.56,84.38,19.37,37.22,260
2001-08-10,40.535,40.725,39.21,39.51,4424500,40.73,84.38,19.37,32.85,260
2001-08-17,39.625,40.725,38.55,40.685,5769300,45.35,84.38,19.37,39.96,260
2001-08-24,40.75,41.1,40.275,40.95,4198300,46.36,84.38,19.37,41.52,260
2001-08-31,41.15,42.3,40.37,41.0,5172400,46.56,84.38,19.37,41.83,260
2001-09-07,41.125,42.15,40.735,40.8,3672000,45.82,84.38,19.37,40.69,260
2001-09-10,40.7,41.625,40.645,40.97,703200,46.6,84.38,19.37,41.89,260
2001-09-21,49.5,51.1,46.65,49.675,26095800,70.22,84.38,19.37,78.23,260
2001-09-28,49.89,52.25,48.35,50.5,12856000,71.51,84.38,19.37,80.2,260
2001-10-05,50.75,54.6,50.0,53.75,18913800,75.92,84.38,19.37,86.99,260
2001-10-12,55.0,55.3,51.45,52.15,25363800,70.16,84.38,19.37,78.13,260
2001-10-19,52.25,53.85,50.75,53.8,13188500,72.48,84.38,19.37,81.7,260
2001-10-26,53.7,54.35,48.25,51.5,26121900,64.91,84.38,19.37,70.05,260
2001-11-02,52.5,52.5,49.26,49.905,12277500,60.21,84.38,19.37,62.82,260
2001-11-09,49.905,50.15,47.74,48.8,17318500,57.12,84.38,19.37,58.08,260
2001-11-16,48.675,48.775,44.25,45.75,36637300,49.57,84.38,19.37,46.46,260
2001-11-23,46.125,49.0,45.755,47.025,20637500,52.41,84.38,19.37,50.82,260
2001-11-30,47.0,47.375,45.515,46.94,27483100,52.19,84.38,19.37,50.5,260
2001-12-07,47.55,48.13,46.88,47.405,16144300,53.3,84.38,19.37,52.19,260
2001-12-14,47.44,47.85,46.8,47.205,9292000,52.74,84.38,19.37,51.33,260
2001-12-21,46.805,49.475,46.6,49.42,11559200,58.04,84.38,19.37,59.48,260
2001-12-28,49.42,49.85,49.255,49.825,3086100,58.94,84.38,19.37,60.88,260
2002-01-04,49.825,50.6,48.845,49.59,7549900,58.16,84.38,19.37,59.67,260
2002-01-11,49.7,49.7,47.975,48.0,8048300,53.01,84.38,19.37,51.75,260
2002-01-18,47.93,49.5,47.75,49.21,10061700,56.19,84.38,19.37,56.64,260
2002-01-25,49.25,52.8,48.31,52.4,11841800,63.24,84.38,19.37,67.49,260
2002-02-01,54.55,55.85,51.3,54.9,23897900,67.64,84.38,19.37,74.26,260
2002-02-08,54.9,55.5,53.8,54.65,16948500,66.78,84.38,19.37,72.93,260
2002-02-15,54.5,58.85,54.25,57.75,17079200,71.61,84.38,19.37,80.36,260
2002-02-22,57.5,59.45,52.4,55.0,28023700,62.88,84.38,19.37,66.94,260
2002-03-01,54.4,54.8,53.1,53.9,25236900,59.75,84.38,19.37,62.11,260
2002-03-08,53.4,54.85,51.25,52.95,18873000,57.1,84.38,19.37,58.04,260
2002-03-15,53.15,56.35,53.15,54.6,13641400,60.38,84.38,19.37,63.09,260
2002-03-22,54.7,56.15,54.0,54.55,8604500,60.23,84.38,19.37,62.86,260
2002-03-28,54.5,56.9,52.65,56.55,13683500,64.09,84.38,19.37,68.79,260
2002-04-05,58.5,58.9,56.25,57.45,13399800,65.7,84.38,19.37,71.27,260
2002-04-12,57.45,59.9,56.55,59.15,13111000,68.57,84.38,19.37,75.68,260
2002-04-19,58.3,58.55,55.65,56.1,17363800,59.03,84.38,19.37,61.01,260
2002-04-26,56.4,59.05,56.35,58.3,14241900,63.02,84.38,19.37,67.15,260
2002-05-03,58.2,63.0,57.9,61.2,22178100,67.52,84.38,19.37,74.07,260
2002-05-10,61.0,61.95,59.25,60.35,12769700,65.03,84.38,19.37,70.23,260
2002-05-17,60.35,63.1,60.35,61.45,10408100,66.74,84.38,19.37,72.87,260
2002-05-24,61.5,62.5,60.0,60.3,8095800,63.25,84.38,19.37,67.5,260
2002-05-31,60.65,61.75,59.85,60.65,6297300,63.87,84.38,19.37,68.45,260
2002-06-07,60.65,61.5,58.4,58.85,11688700,58.42,84.38,19.37,60.07,260
2002-06-14,58.65,62.3,58.05,61.05,11251800,62.62,84.38,19.37,66.53,260
2002-06-21,61.05,67.5,61.05,64.35,21216900,67.86,84.38,19.37,74.59,260
2002-06-28,63.5,65.2,60.8,62.5,20107300,62.56,84.38,19.37,66.44,260
2002-07-05,61.0,62.2,58.9,62.05,19806100,61.31,80.57,19.37,68.53,260
2002-07-12,62.0,62.15,54.55,55.5,25549500,46.65,80.57,19.37,44.59,260
2002-07-19,55.25,56.65,49.75,49.785,37052800,38.1,80.57,19.37,30.6,260
2002-07-26,49.75,53.1,46.655,51.75,36080600,42.03,80.57,19.37,37.04,260
2002-08-02,52.15,55.65,52.1,53.95,20529500,46.16,80.57,19.37,43.78,260
2002-08-09,54.2,59.1,51.6,58.3,22501700,53.25,80.57,19.37,55.37,260
2002-08-16,58.15,59.55,54.8,58.6,19405800,53.7,80.51,19.37,56.16,260
2002-08-23,58.8,59.1,57.2,57.85,15653100,52.34,80.51,19.37,53.93,260
2002-08-30,57.85,62.4,57.85,61.4,20604700,57.81,80.51,19.37,62.87,260
2002-09-06,61.15,62.4,58.95,61.55,11518500,58.02,80.51,19.37,63.22,260
2002-09-13,61.55,64.4,61.1,63.0,14488000,60.18,78.39,19.37,69.14,260
2002-09-20,63.1,64.9,61.4,62.25,17049900,58.51,77.65,19.37,67.15,260
2002-09-27,62.65,64.25,62.2,63.4,13538400,60.32,77.65,19.37,70.28,260
2002-10-04,63.05,63.05,58.9,59.65,18613400,52.28,77.65,19.37,56.47,260
2002-10-11,59.65,61.45,54.5,58.75,25276600,50.53,77.65,19.37,53.48,260
2002-10-18,58.3,59.2,48.45,50.35,51913600,37.85,77.65,19.37,31.71,260
2002-10-25,50.15,54.65,49.9,52.55,20584700,41.96,77.65,19.37,38.76,260
2002-11-01,52.55,52.75,50.1,50.4,17631700,39.23,77.65,19.37,34.08,260
2002-11-08,50.4,50.75,47.0,49.27,32179300,37.84,77.65,19.37,31.69,260
2002-11-15,49.275,50.3,44.5,45.905,31795500,33.97,77.65,19.37,25.05,260
2002-11-22,45.905,49.5,43.6,48.56,33775500,39.25,77.65,19.37,34.11,260
2002-11-29,48.9,50.0,48.33,48.455,17515700,39.11,77.65,19.37,33.88,260
2002-12-06,48.7,48.84,46.68,48.205,18737500,38.78,77.65,19.37,33.3,260
2002-12-13,48.21,48.9,45.425,45.615,19544300,35.37,77.65,19.37,27.46,260
2002-12-20,45.5,48.15,45.2,47.725,22888600,39.99,77.65,19.37,35.39,260
2002-12-27,48.0,49.675,47.895,48.96,10424800,42.58,77.65,19.37,39.83,260
2003-01-03,48.91,49.975,48.085,49.7,9451000,44.14,77.65,19.37,42.5,260
2003-01-10,49.765,50.55,48.12,49.41,15650900,43.64,77.65,19.37,41.64,260
2003-01-17,49.225,49.45,47.6,47.65,12024800,40.64,77.65,19.37,36.49,260
2003-01-24,47.65,48.0,44.75,45.125,18598100,36.73,77.65,19.37,29.8,260
2003-01-31,45.2,46.5,44.0,45.705,17015700,38.2,77.65,19.37,32.32,260
2003-02-07,45.71,46.925,45.455,45.845,11186900,38.57,77.65,19.37,32.95,260
2003-02-14,45.845,46.4,44.825,46.085,11664800,39.25,77.65,19.37,34.11,260
2003-02-21,46.18,46.725,45.15,45.62,13408100,38.37,75.92,19.37,33.6,260
2003-02-28,45.565,45.58,43.025,43.35,18873000,34.34,75.92,19.37,26.47,260
2003-03-07,43.565,44.09,40.88,41.365,27523400,31.25,75.92,19.37,21.0,260
2003-03-14,40.925,42.52,39.135,42.2,20591600,33.94,75.92,19.37,25.77,260
2003-03-21,42.2,44.125,40.17,41.175,25071800,32.27,75.92,19.37,22.81,260
2003-03-28,41.3,43.62,41.175,43.23,18122300,38.78,75.92,19.37,34.32,260
2003-04-04,42.9,43.95,41.63,41.63,16779400,35.89,75.92,19.37,29.21,260
2003-04-11,41.505,42.2,39.855,40.11,19731900,33.34,75.92,19.37,24.71,260
2003-04-17,40.16,42.19,40.0,41.9,12355800,38.84,75.92,19.37,34.43,260
2003-04-25,41.905,43.825,41.905,42.72,12283100,41.23,75.92,19.37,38.66,260
2003-05-02,42.6,45.45,42.37,44.915,16610600,47.19,75.92,19.37,49.19,260
2003-05-09,45.245,45.245,43.81,44.4,14450600,46.01,75.92,19.37,47.11,260
2003-05-16,44.605,46.3,44.25,45.45,12281700,48.81,75.92,19.37,52.07,260
2003-05-23,45.0,45.245,42.975,44.535,12210700,46.55,75.92,19.37,48.06,260
2003-05-30,44.125,44.675,43.215,43.85,16744000,44.86,75.92,19.37,45.08,260
2003-06-06,44.05,44.355,42.7,42.7,16849700,42.11,75.92,19.37,40.22,260
2003-06-13,42.7,44.45,41.46,43.005,14610900,43.11,75.92,19.37,41.98,260
2003-06-20,43.13,44.66,42.685,44.375,15621700,47.48,75.92,19.37,49.71,260
2003-06-27,44.0,44.46,42.88,42.91,10266800,43.62,75.92,19.37,42.88,260
2003-07-03,43.035,44.15,41.27,43.035,7719100,44.04,75.92,19.37,43.62,260
2003-07-11,43.04,44.26,42.705,44.085,12500000,47.56,75.92,19.37,49.85,260
2003-07-18,44.18,44.6,43.015,44.525,11687900,49.0,75.92,19.37,52.4,260
2003-07-25,44.5,44.875,42.875,43.55,13314600,45.98,75.92,19.37,47.05,260
2003-08-01,44.875,46.8,44.7,45.93,18946900,53.52,75.92,19.37,60.4,260
2003-08-08,46.055,46.145,44.845,45.48,10402600,52.04,75.92,19.37,57.78,260
2003-08-15,45.6,47.125,45.2,46.49,8459300,55.05,75.92,19.37,63.09,260
2003-08-22,46.58,48.67,46.55,47.42,13354700,57.68,75.92,19.37,67.74,260
2003-08-29,47.0,47.875,46.65,47.74,8051600,58.58,75.92,19.37,69.33,260
2003-09-05,47.85,48.3,46.64,47.14,6890700,56.17,75.92,22.92,62.74,260
2003-09-12,47.245,47.64,46.05,46.54,7641200,53.79,75.92,28.99,52.84,260
2003-09-19,46.5,47.6,46.25,46.62,8903700,54.07,75.92,28.99,53.44,260
2003-09-26,46.3,46.375,41.5,43.075,26262800,41.96,75.92,28.99,27.64,260
2003-10-03,43.55,43.885,42.76,43.225,10404200,42.55,75.92,28.99,28.89,260
2003-10-10,43.3,43.625,42.515,42.785,11856100,41.23,75.92,28.99,26.08,260
2003-10-17,43.025,43.415,42.2245,43.165,11981700,42.87,75.92,28.99,29.58,260
2003-10-24,43.165,43.6,42.745,43.46,10625100,44.18,75.92,28.99,32.36,260
2003-10-31,43.46,45.545,43.15,44.7,13114100,49.41,75.92,28.99,43.51,260
2003-11-07,44.7,45.03,43.71,44.525,10073700,48.72,75.92,28.99,42.03,260
2003-11-14,44.575,45.85,44.24,45.59,11565900,53.04,75.92,28.99,51.24,260
2003-11-21,45.425,46.625,45.07,46.625,12480900,56.84,75.92,28.99,59.35,260
2003-11-28,46.625,46.875,46.04,46.315,5543000,55.4,75.92,28.99,56.26,260
2003-12-05,46.5,47.285,45.675,46.53,10913000,56.23,75.92,28.99,58.04,260
2003-12-12,46.4,47.35,46.24,46.73,6533400,57.03,75.92,28.99,59.75,260
2003-12-19,46.925,46.975,45.845,46.505,10625400,55.79,75.92,28.99,57.11,260
2003-12-26,46.605,47.25,46.235,47.235,7422300,58.92,75.92,28.99,63.76,260
2004-01-02,47.29,47.815,46.905,47.34,6576500,59.36,75.92,28.99,64.71,260
2004-01-09,47.25,48.83,46.905,48.45,9633000,63.82,75.92,28.99,74.22,260
2004-01-16,48.55,50.145,48.3,50.145,11024400,69.35,75.92,28.99,86.0,260
2004-01-23,50.145,50.49,49.58,49.81,7077600,67.17,75.92,31.25,80.4,260
2004-01-30,49.81,50.72,48.1695,48.355,9087200,58.54,75.92,31.25,61.09,260
2004-02-06,48.65,51.425,48.6,51.31,11395100,67.63,75.92,31.25,81.45,260
2004-02-13,51.31,52.12,50.76,51.825,9045900,68.91,75.92,31.25,84.31,260
2004-02-20,51.625,52.58,51.625,52.11,6261300,69.63,75.92,31.25,85.91,260
2004-02-27,52.0,52.135,49.5,50.555,11533900,61.33,75.92,31.25,67.34,260
2004-03-05,50.925,51.395,48.375,48.915,11636600,54.02,75.92,31.25,50.98,260
2004-03-12,48.875,49.29,47.9,48.225,12189100,51.25,75.92,31.25,44.78,260
2004-03-19,48.1,48.775,47.82,48.22,9576900,51.23,75.92,31.25,44.74,260
2004-03-26,47.8,49.14,47.8,48.495,8297900,52.36,75.92,31.25,47.26,260
2004-04-02,48.5,50.0,48.32,49.66,6754800,56.91,75.92,31.25,57.44,260
2004-04-08,49.625,50.915,49.525,50.295,6369900,59.19,75.92,31.25,62.56,260
2004-04-16,50.345,50.76,49.85,50.375,5221500,59.48,75.92,31.25,63.21,260
2004-04-23,49.75,50.26,48.45,49.82,9712700,56.47,75.92,31.25,56.46,260
2004-04-30,49.82,50.035,49.195,49.625,8013700,55.41,75.92,31.25,54.08,260
2004-05-07,49.63,51.0,49.045,49.935,8940600,56.8,75.92,31.25,57.2,260
2004-05-14,49.735,50.225,48.51,49.85,9601600,56.28,75.92,31.25,56.04,260
2004-05-21,49.75,50.55,49.19,50.025,8821400,57.15,75.92,31.25,57.98,260
2004-05-28,50.19,52.0,49.6,51.565,9641300,63.93,75.92,31.25,73.16,260
2004-06-04,51.475,52.31,51.135,51.99,5871800,65.55,75.92,31.25,76.79,260
2004-06-10,52.0,53.05,51.955,52.65,6501200,67.96,75.92,31.25,82.18,260
2004-06-18,52.475,53.155,52.275,53.055,8989500,69.37,75.92,31.25,85.35,260
2004-06-25,53.055,53.34,52.31,53.02,6514200,69.09,75.92,31.25,84.71,260
2004-07-02,53.0,53.95,52.54,53.24,7449100,69.92,75.92,31.25,86.58,260
2004-07-09,52.95,54.71,52.93,54.5,6870600,74.21,75.92,31.25,96.17,260
2004-07-16,54.5,54.76,53.13,53.78,7523300,68.23,75.92,31.25,82.78,260
2004-07-23,54.0,55.05,52.82,53.29,7831800,64.42,75.92,31.25,74.25,260
2004-07-30,53.25,54.2,52.4,52.6,7297100,59.39,75.92,31.25,63.0,260
2004-08-06,52.6,53.87,51.73,51.89,8289600,54.67,75.92,31.25,52.42,260
2004-08-13,52.1,52.31,50.58,51.05,7503900,49.63,75.92,31.25,41.16,260
2004-08-20,51.15,51.92,50.78,51.41,7094900,51.69,75.92,31.25,45.75,260
2004-08-27,51.3,52.27,51.0,51.63,6200300,52.95,75.92,31.25,48.58,260
2004-09-03,51.15,51.95,50.99,51.35,6588300,51.12,75.92,31.25,44.48,260
2004-09-10,51.6,52.08,50.0,50.22,8474200,44.44,75.92,31.25,29.53,260
2004-09-17,50.25,53.31,50.25,53.18,10297100,59.4,75.92,31.25,63.02,260
2004-09-24,52.8,53.52,52.19,53.28,9040300,59.79,75.92,31.25,63.9,260
2004-10-01,53.1,53.79,52.55,53.7,10658300,61.48,75.92,31.25,67.68,260
2004-10-08,53.7,53.78,51.99,52.15,6409100,52.68,75.92,31.25,47.98,260
2004-10-15,51.75,52.27,50.8,51.37,6478500,48.89,75.92,31.25,39.49,260
2004-10-22,51.2,51.2,49.54,50.2,7501700,43.8,75.92,31.25,28.09,260
2004-10-29,49.95,52.55,49.8,51.75,8960700,51.07,75.92,31.25,44.37,260
2004-11-05,51.9,54.33,51.31,53.8,14482800,58.68,75.92,31.25,61.42,260
2004-11-12,54.05,55.25,53.86,55.14,9948100,62.76,75.92,31.25,70.55,260
2004-11-19,55.2,56.95,54.91,56.11,11106100,65.42,75.92,31.25,76.51,260
2004-11-26,55.85,57.0,55.8,56.27,5345400,65.86,75.92,31.25,77.48,260
2004-12-03,56.2,57.58,56.02,57.48,8250500,69.02,75.92,31.25,84.56,260
2004-12-10,57.48,58.15,54.85,55.95,13408600,61.29,75.92,31.25,67.25,260
2004-12-17,56.2,57.76,56.2,56.9,10532400,63.99,75.92,31.25,73.29,260
2004-12-23,56.9,57.2,55.38,56.56,6630700,62.31,75.92,31.25,69.54,260
2004-12-31,56.55,56.84,53.8,54.36,11012000,52.71,75.92,31.25,48.04,260
2005-01-07,54.05,54.49,52.01,53.05,13789100,47.97,75.92,31.25,37.42,260
2005-01-14,53.05,53.27,52.15,52.64,7593300,46.55,75.92,31.25,34.26,260
2005-01-21,52.0,52.89,51.26,51.51,9148100,42.81,75.92,31.25,25.89,260
2005-01-28,51.75,52.41,51.1,51.77,8977600,43.93,75.92,31.25,28.39,260
2005-02-04,51.95,53.06,51.6,52.26,9937200,46.07,75.92,31.25,33.17,260
2005-02-11,52.7,53.82,52.05,53.72,9262400,51.94,75.92,31.25,46.33,260
2005-02-18,53.92,54.5,52.72,53.05,8263300,49.29,75.92,31.25,40.39,260
2005-02-25,52.65,53.2,51.93,52.91,5275000,48.73,75.92,31.25,39.13,260
2005-03-04,52.66,53.98,52.64,53.89,6660300,52.77,75.92,31.25,48.19,260
2005-03-11,53.82,55.62,53.7,54.29,8501200,54.36,75.92,31.25,51.73,260
2005-03-18,54.4,54.7,51.64,52.38,8112600,46.36,75.92,31.25,33.84,260
2005-03-24,52.55,55.98,52.1,53.31,8762800,50.2,75.92,31.25,42.44,260
2005-04-01,53.7,54.52,53.05,54.2,8293400,53.63,75.92,31.25,50.09,260
2005-04-08,54.39,56.5,54.05,55.88,11261100,59.31,75.92,31.25,62.82,260
2005-04-15,55.89,56.58,54.57,54.57,8390900,53.77,75.92,31.25,50.43,260
2005-04-22,54.4,54.46,53.4,53.97,7885700,51.41,75.92,31.25,45.13,260
2005-04-29,54.6,55.11,53.25,54.84,7382400,54.53,75.92,31.25,52.13,260
2005-05-06,54.77,56.0,54.5,55.65,8034100,57.29,75.92,31.25,58.29,260
2005-05-13,55.69,55.98,53.27,53.75,7833300,49.69,75.92,31.25,41.27,260
2005-05-20,53.82,55.37,53.42,55.28,7387100,54.88,75.92,31.25,52.9,260
2005-05-27,54.96,55.97,54.93,55.45,5668000,55.43,75.92,31.25,54.13,260
2005-06-03,55.55,56.05,55.07,55.59,4306900,55.9,75.92,31.25,55.2,260
2005-06-10,55.59,56.71,55.16,56.61,5394900,59.32,75.92,31.25,62.84,260
2005-06-17,56.62,57.23,56.12,56.4,6437600,58.32,75.92,31.25,60.6,260
2005-06-24,56.4,56.53,54.7,54.77,5993500,51.11,75.92,31.25,44.45,260
2005-07-01,54.59,56.1,54.06,55.32,5727600,53.21,75.92,31.25,49.16,260
2005-07-08,55.22,55.35,54.1,54.96,4777000,51.64,75.92,31.25,45.66,260
2005-07-15,55.75,55.85,54.8,55.69,6149000,54.56,75.92,31.25,52.19,260
2005-07-22,55.46,56.63,54.43,56.27,7318300,56.79,75.92,31.25,57.19,260
2005-07-29,56.1,57.5,55.45,55.45,7196100,52.84,75.92,31.25,48.34,260
2005-08-05,55.6,55.91,55.01,55.42,7780600,52.7,75.92,31.25,48.02,260
2005-08-12,55.41,55.8,54.73,55.19,7882800,51.53,75.92,31.25,45.41,260
2005-08-19,55.06,56.13,55.04,55.7,5618800,53.96,75.92,31.25,50.85,260
2005-08-26,55.89,56.54,55.29,55.55,5390800,53.12,75.92,31.25,48.96,260
2005-09-02,55.24,57.11,55.15,56.9,8363000,59.28,75.92,31.25,62.75,260
2005-09-09,56.86,58.18,56.546,57.87,7277800,63.04,75.92,31.25,71.17,260
2005-09-16,57.41,57.72,55.5,56.32,9785700,54.4,75.92,31.25,51.82,260
2005-09-23,56.32,56.51,53.41,53.74,9421800,43.67,75.92,31.25,27.8,260
2005-09-30,53.79,54.4,52.95,54.35,9286800,46.36,75.92,31.25,33.83,260
2005-10-07,54.1,54.58,53.54,54.05,8567900,45.22,75.92,31.25,31.27,260
2005-10-14,53.6,54.18,52.17,53.35,8011200,42.57,75.92,31.25,25.36,260
2005-10-21,53.39,55.33,52.71,52.73,11830900,40.32,75.92,31.25,20.32,260
2005-10-28,52.7,54.65,52.3,54.1,12870600,46.99,75.92,31.25,35.23,260
2005-11-04,53.9,55.36,53.18,55.15,10380100,51.46,75.92,31.25,45.25,260
2005-11-11,55.26,56.15,54.69,55.52,7408500,52.97,75.92,31.25,48.62,260
2005-11-18,55.3,56.84,55.2,56.1,8739300,55.31,75.92,31.25,53.86,260
2005-11-25,56.21,56.99,56.21,56.89,4638700,58.35,75.92,31.25,60.66,260
2005-12-02,56.82,57.98,56.62,57.51,8053500,60.61,75.92,31.25,65.73,260
2005-12-09,57.52,58.85,56.95,58.65,9310100,64.44,75.92,31.25,74.3,260
2005-12-16,58.45,59.96,58.01,59.14,9763100,65.97,75.92,31.25,77.73,260
2005-12-23,59.0,59.64,58.3,59.45,5875400,66.94,75.92,31.25,79.9,260
2005-12-30,59.5,60.26,59.25,60.11,4117300,68.97,75.92,31.25,84.44,260
2006-01-06,59.25,60.95,59.1,60.65,7238700,70.56,75.92,31.25,88.0,260
2006-01-13,60.51,62.82,60.4,60.94,8342100,71.41,75.92,31.25,89.9,260
2006-01-20,60.63,60.92,60.19,60.34,7296000,67.1,75.92,31.25,80.26,260
2006-01-27,60.45,63.88,60.4,62.67,7841100,73.73,75.92,31.25,95.09,260
2006-02-03,61.55,63.0,60.9005,62.69,9662600,73.78,75.92,31.25,95.2,260
2006-02-10,62.55,64.37,62.33,64.29,7591800,77.39,77.39,31.25,100.0,260
2006-02-17,63.95,66.04,63.84,65.71,8261500,80.03,80.03,31.25,100.0,260
2006-02-24,65.4101,66.49,64.91,65.93,6457100,80.41,80.41,31.25,100.0,260
2006-03-03,65.75,66.25,63.29,65.79,11298600,79.37,80.41,31.25,97.89,260
2006-03-10,65.99,67.18,64.45,66.95,9564800,81.5,81.5,31.25,100.0,260
2006-03-17,67.61,70.04,66.85,69.83,8224200,85.5,85.5,31.25,100.0,260
2006-03-24,69.83,69.99,68.61,68.67,8106100,78.17,85.5,31.25,86.48,260
2006-03-31,68.75,69.08,67.61,68.29,8248500,75.87,85.5,31.25,82.25,260
2006-04-07,68.54,69.9,67.9,69.27,7069200,77.69,85.5,31.25,85.6,260
2006-04-13,69.28,69.6,67.87,68.33,5083200,72.08,85.5,31.25,75.25,260
2006-04-21,67.54,70.91,67.54,70.45,7378100,76.25,85.5,31.25,82.94,260
2006-04-28,70.25,71.37,66.58,66.9,11066700,60.07,85.5,31.25,53.12,260
2006-05-05,66.9,68.44,66.19,68.17,9093700,63.09,85.5,31.25,58.69,260
2006-05-12,68.18,68.76,66.58,66.67,6733500,57.56,85.5,31.25,48.49,260
2006-05-19,66.5,67.02,65.0,66.47,7582600,56.84,85.5,31.25,47.17,260
2006-05-26,66.48,67.92,64.87,65.23,9306200,52.48,85.5,31.25,39.14,260
2006-06-02,64.85,65.42,64.34,65.05,7707800,51.86,85.5,31.25,38.0,260
2006-06-09,65.2,65.63,62.62,63.98,8355600,48.21,85.5,31.25,31.26,260
2006-06-16,63.64,64.01,61.51,63.01,9332900,45.1,85.5,31.25,25.54,260
2006-06-23,62.99,63.29,62.1,62.27,5592800,42.84,85.5,31.25,21.37,260
2006-06-30,62.3,65.27,61.88,64.06,10264400,49.45,85.5,31.25,33.55,260
2006-07-07,64.31,64.51,62.92,63.05,2947900,46.2,85.5,31.25,27.57,260
2006-07-14,63.3,65.0,63.14,63.97,4685400,49.46,85.5,31.25,33.57,260
2006-07-21,63.97,66.24,62.66,65.49,5862300,54.37,85.5,31.25,42.63,260
2006-07-28,65.49,67.6,65.21,65.83,7341900,55.42,85.5,31.25,44.55,260
2006-08-04,65.42,66.27,64.7,64.85,8976300,51.74,85.5,31.25,37.78,260
2006-08-11,64.85,65.41,63.79,64.75,6903400,51.37,85.5,31.25,37.09,260
2006-08-18,64.86,66.57,64.86,66.0,4850000,55.68,85.5,31.25,45.04,260
2006-08-25,66.0,66.2,65.21,65.4,3477700,53.24,85.5,31.25,40.54,260
2006-09-01,65.53,67.53,65.51,67.22,6793900,59.1,85.5,31.25,51.34,260
2006-09-08,67.47,68.68,67.46,68.05,3965800,61.47,85.5,31.25,55.71,260
2006-09-15,68.26,69.2,67.39,68.24,6173900,62.02,85.5,31.25,56.72,260
2006-09-22,68.2,68.66,67.55,67.66,5270500,59.27,85.5,31.25,51.65,260
2006-09-29,67.46,68.5,67.46,68.07,5482700,60.6,85.5,31.25,54.1,260
2006-10-06,68.4,70.08,68.03,68.4,7264400,61.68,85.5,31.25,56.1,260
2006-10-13,68.62,69.55,68.0,69.46,8597100,65.01,85.5,31.25,62.23,260
2006-10-20,69.5,69.8,68.35,68.8,6437600,61.43,85.5,31.25,55.64,260
2006-10-27,68.87,69.17,64.8,66.01,13514000,49.13,85.5,31.25,32.96,260
2006-11-03,66.01,67.43,65.65,65.95,10175000,48.9,85.5,31.25,32.54,260
2006-11-10,65.85,66.99,64.33,64.7,11472300,44.31,85.5,31.25,24.08,260
2006-11-17,65.03,68.25,64.88,67.11,12636900,53.39,85.5,31.25,40.82,260
2006-11-24,66.82,67.05,65.87,66.05,5111600,49.56,85.5,31.25,33.76,260
2006-12-01,66.1,67.83,64.63,67.22,8992600,53.53,85.5,31.25,41.06,260
2006-12-08,67.46,68.44,66.76,66.87,5382300,52.21,85.5,31.25,38.63,260
2006-12-15,66.52,67.77,66.04,67.27,8713400,53.61,85.5,31.25,41.23,260
2006-12-22,67.26,68.77,66.69,67.66,6218300,55.01,85.5,31.25,43.79,260
2006-12-29,67.89,68.4,67.55,67.7,2417100,55.16,85.5,31.25,44.07,260
2007-01-05,67.6,68.7,66.23,67.28,5135700,53.17,85.5,31.25,40.41,260
2007-01-12,67.03,69.74,66.8,69.58,6330700,61.38,85.5,31.25,55.53,260
2007-01-19,69.38,70.43,69.2,70.29,5362300,63.5,85.5,31.25,59.45,260
2007-01-26,69.65,71.92,69.05,70.49,9491600,64.1,85.5,31.25,60.56,260
2007-02-02,70.9,72.765,70.43,72.43,8357700,69.36,85.5,31.25,70.25,260
2007-02-09,71.97,74.55,71.7,74.0,8544500,72.83,85.5,31.25,76.64,260
2007-02-16,74.01,75.05,73.84,75.01,12202300,74.81,85.5,31.25,80.28,260
2007-02-23,75.14,75.72,73.81,74.42,5021000,71.53,85.5,31.25,74.25,260
2007-03-02,73.9,74.6,70.5,71.81,11027400,59.2,85.5,31.25,51.51,260
2007-03-09,71.31,73.5,71.31,73.05,9667200,62.5,85.5,31.25,57.61,260
2007-03-16,72.9,74.15,71.81,72.57,10469600,60.46,85.5,31.25,53.84,260
2007-03-23,72.8,75.82,72.8,75.72,9121000,67.88,85.5,31.25,67.52,260
2007-03-30,75.5,75.67,73.98,74.22,7180300,61.92,85.5,31.25,56.54,260
2007-04-05,74.49,75.94,74.24,75.05,5099600,63.81,85.5,31.25,60.03,260
2007-04-13,75.21,76.05,73.79,74.75,6327400,62.6,85.5,31.25,57.79,260
2007-04-20,74.82,76.73,74.28,76.1,7135800,65.75,85.5,31.25,63.6,260
2007-04-27,76.51,76.9,73.43,74.65,9861000,59.91,85.5,31.25,52.84,260
2007-05-04,74.65,74.94,72.53,73.82,13853900,56.8,85.5,31.25,47.11,260
2007-05-11,73.99,75.73,73.99,74.87,7930900,59.66,85.5,31.25,52.37,260
2007-05-18,74.64,77.24,74.64,77.0,7517800,64.74,85.5,31.25,61.74,260
2007-05-25,77.0,77.46,74.69,75.04,7870300,57.55,85.5,31.25,48.49,260
2007-06-01,74.8,76.39,74.64,76.19,5527300,60.34,85.5,31.25,53.62,260
2007-06-08,76.1,76.87,74.71,76.05,6212300,59.82,85.5,31.25,52.67,260
2007-06-15,76.04,77.69,75.49,77.4,7250700,63.09,85.5,31.25,58.69,260
2007-06-22,77.26,77.69,76.2,76.66,7554500,60.2,85.5,31.25,53.36,260
2007-06-29,76.97,78.2901,75.9,77.87,9494800,63.17,85.5,31.25,58.84,260
2007-07-06,78.25,78.89,78.06,78.44,5687300,64.51,85.5,31.25,61.32,260
2007-07-13,78.5,78.8,75.92,76.5,6948400,56.9,85.5,31.25,47.29,260
2007-07-20,76.3,78.53,76.27,77.7,7726300,60.04,85.5,31.25,53.08,260
2007-07-27,77.99,80.11,77.05,77.2,12529800,58.14,85.5,31.25,49.57,260
2007-08-03,76.99,80.35,75.9,78.03,12000800,60.39,85.5,31.25,53.71,260
2007-08-10,78.93,79.74,73.84,77.68,15101100,58.95,85.5,31.25,51.06,260
2007-08-17,79.41,80.0,73.88,77.72,12993100,59.07,85.5,31.25,51.28,260
2007-08-24,77.7,78.69,76.18,78.5,10935800,61.43,85.5,31.25,55.63,260
2007-08-31,78.4,79.23,75.51,78.84,8757400,62.45,85.5,31.25,57.51,260
2007-09-07,78.2,78.83,76.39,77.73,6099800,57.15,85.5,31.25,47.75,260
2007-09-14,78.39,79.98,77.63,78.87,8612700,60.83,85.5,31.25,54.52,260
2007-09-21,78.66,80.5,77.55,79.55,6772000,62.87,85.5,31.25,58.29,260
2007-09-28,79.4,79.98,77.41,78.0,6694000,55.73,85.5,31.25,45.12,260
2007-10-05,78.73,80.01,77.8,78.5,5459600,57.41,85.5,31.25,48.22,260
2007-10-12,78.62,79.7,78.02,79.25,7646200,59.87,85.5,31.25,52.76,260
2007-10-19,79.18,81.26,78.62,78.66,8589800,57.08,85.5,31.25,47.61,260
2007-10-26,78.11,83.7,77.71,81.94,8717000,66.45,85.5,31.25,64.89,260
2007-11-02,82.32,83.99,80.81,81.93,9160000,66.4,85.5,31.25,64.8,260
2007-11-09,82.78,85.21,81.85,82.47,11927100,67.75,85.5,31.25,67.27,260
2007-11-16,82.16,84.76,79.76,80.45,11573700,58.34,85.5,31.25,49.95,260
2007-11-23,79.89,80.88,77.8,80.07,10796200,56.75,85.5,31.25,47.01,260
2007-11-30,79.91,81.01,76.85,78.79,15155000,51.63,85.5,31.25,37.57,260
2007-12-07,79.09,83.39,78.04,83.09,12158900,63.53,85.5,31.25,59.51,260
2007-12-14,83.15,83.49,78.95,80.0,10346700,53.37,85.5,31.25,40.77,260
2007-12-21,79.86,81.62,78.02,80.58,11976300,54.83,85.5,31.25,43.47,260
2007-12-28,80.99,81.94,79.19,79.33,3093400,51.11,85.5,31.25,36.62,260
2008-01-04,78.91,79.69,77.99,78.85,6375100,49.72,85.5,31.25,34.05,260
2008-01-11,79.12,81.3,76.14,79.87,11413600,52.67,85.5,31.25,39.49,260
2008-01-18,80.35,82.27,78.27,78.56,14953000,48.71,85.5,31.25,32.2,260
2008-01-25,76.65,79.44,75.53,78.07,12608200,47.28,85.5,31.25,29.56,260
2008-02-01,78.02,82.18,77.58,80.48,14091800,54.38,85.5,31.25,42.64,260
2008-02-08,80.48,81.31,77.16,79.07,11470700,50.13,85.5,31.25,34.8,260
2008-02-15,79.0,80.68,78.89,79.92,9977800,52.54,85.5,31.25,39.24,260
2008-02-22,80.68,81.32,77.951,79.09,8223500,50.0,85.5,31.25,34.56,260
2008-02-29,78.98,82.38,78.44,78.61,12648900,48.54,85.5,32.27,30.56,260
2008-03-07,82.82,83.4,78.67,79.01,15996100,49.85,85.5,32.27,33.03,260
2008-03-14,79.24,80.28,76.87,77.55,11218700,45.3,85.5,33.34,22.92,260
2008-03-20,76.01,80.64,76.01,78.43,11049900,48.36,85.5,33.34,28.79,260
2008-03-28,78.6,79.17,77.75,77.93,7919500,46.76,85.5,33.34,25.72,260
2008-04-04,77.97,79.51,77.01,78.33,9560600,48.24,85.5,38.84,20.13,260
2008-04-11,79.05,79.1,76.37,76.47,7075300,42.35,85.5,40.32,4.49,260
2008-04-18,76.46,77.09,69.48,71.36,16762900,31.13,85.5,31.13,0.0,260
2008-04-25,71.34,75.95,68.44,73.99,14465000,39.95,85.5,31.13,16.23,260
2008-05-02,73.63,75.58,72.94,75.0,12513600,42.97,85.5,31.13,21.78,260
2008-05-09,74.48,75.02,72.81,74.38,10767800,41.59,85.5,31.13,19.24,260
2008-05-16,74.71,76.26,73.95,75.59,9403400,45.29,85.5,31.13,26.05,260
2008-05-23,75.5,77.45,73.93,73.93,9623900,41.41,85.5,31.13,18.92,260
2008-05-30,73.83,75.78,73.48,75.46,7076100,46.0,85.5,31.13,27.36,260
2008-06-06,75.32,75.43,71.67,71.7,11548400,38.1,85.5,31.13,12.83,260
2008-06-13,71.66,73.06,71.31,72.3,9111100,39.88,85.5,31.13,16.09,260
2008-06-20,72.5,72.76,69.01,69.71,14281900,35.19,85.5,31.13,7.47,260
2008-06-27,69.87,72.25,66.43,67.14,13951000,31.26,85.5,31.13,0.25,260
2008-07-03,67.14,67.67,65.71,66.03,7237500,29.72,85.5,29.72,0.0,260
2008-07-11,66.0,66.66,64.1,65.08,10613400,28.43,85.5,28.43,0.0,260
2008-07-18,64.86,66.95,64.22,65.65,10667400,30.38,85.5,28.43,3.43,260
2008-07-25,66.05,69.07,64.55,68.63,10425000,39.67,85.5,28.43,19.7,260
2008-08-01,68.86,69.34,66.1,66.75,13099600,36.37,85.5,28.43,13.93,260
2008-08-08,66.83,70.01,66.265,69.71,15094400,44.23,85.5,28.43,27.69,260
2008-08-15,69.75,71.28,69.19,71.13,14690400,47.58,85.5,28.43,33.55,260
2008-08-22,71.42,71.42,68.56,70.0,11316100,45.25,85.5,28.43,29.48,260
2008-08-29,69.65,70.03,68.07,68.85,11297100,42.95,85.5,28.43,25.45,260
2008-09-05,69.55,70.77,68.64,70.05,13162000,46.03,85.5,28.43,30.85,260
2008-09-12,71.13,72.19,68.58,70.58,16917600,47.39,85.5,28.43,33.22,260
2008-09-19,69.74,70.6,61.82,65.52,20814000,37.68,85.5,28.43,16.21,260
2008-09-26,65.13,65.67,61.63,63.0,13609700,33.94,85.5,28.43,9.67,260
2008-10-03,62.34,63.29,53.34,56.75,22219100,26.84,85.5,26.84,0.0,260
2008-10-10,55.85,56.52,37.23,41.8,33496600,17.44,85.5,17.44,0.0,260
2008-10-17,45.22,46.69,41.24,44.46,25149100,22.64,85.5,17.44,7.63,260
2008-10-24,44.75,47.58,41.81,43.31,19480500,21.99,85.5,17.44,6.68,260
2008-10-31,42.79,47.34,41.66,46.89,18091300,28.78,85.5,17.44,16.66,260
2008-11-07,47.17,48.67,43.0,44.0,12341200,26.76,85.5,17.44,13.68,260
2008-11-14,44.92,44.95,38.79,40.34,12922200,24.41,85.5,17.44,10.24,260
2008-11-21,40.01,41.32,33.96,37.93,20902200,22.99,85.5,17.44,8.14,260
2008-11-28,38.58,41.07,37.75,40.95,11340400,28.62,85.5,17.44,16.42,260
2008-12-05,40.13,41.42,37.43,40.35,15456100,28.18,85.5,17.44,15.77,260
2008-12-12,41.12,42.48,39.55,40.5,13222800,28.47,85.5,17.44,16.21,260
2008-12-19,40.85,42.87,39.86,42.44,16553700,32.36,85.5,17.44,21.92,260
2008-12-26,42.25,43.9,41.68,43.24,6289000,33.96,85.5,17.44,24.27,260
2009-01-02,43.26,46.82,42.68,46.6,5837000,40.33,85.5,17.44,33.62,260
2009-01-09,46.87,49.87,46.55,47.38,13819900,41.73,85.5,17.44,35.68,260
2009-01-16,47.19,48.98,45.46,48.63,14297000,44.0,85.5,17.44,39.03,260
2009-01-23,48.53,48.85,45.17,47.11,12086400,41.86,85.5,17.44,35.88,260
2009-01-30,46.98,50.09,46.98,48.12,10824100,43.82,85.5,17.44,38.75,260
2009-02-06,46.69,49.19,45.75,46.18,16999700,40.97,85.5,17.44,34.57,260
2009-02-13,46.87,47.77,44.11,47.19,15672300,43.05,85.5,17.44,37.62,260
2009-02-20,46.0,46.39,43.88,44.43,12411200,39.01,85.5,17.44,31.68,260
2009-02-27,44.45,44.51,37.32,37.36,21158700,30.99,85.5,17.44,19.9,260
2009-03-06,36.63,36.95,33.81,34.54,22555900,28.47,85.5,17.44,16.21,260
2009-03-13,34.72,36.88,34.11,36.57,16389500,32.71,85.5,17.44,22.43,260
2009-03-20,36.64,39.38,36.64,38.32,17612300,36.21,85.5,17.44,27.58,260
2009-03-27,39.11,45.76,38.83,45.02,22691300,47.49,85.5,17.44,44.14,260
2009-04-03,44.12,46.53,42.75,43.98,18093100,46.13,85.5,17.44,42.14,260
2009-04-09,43.69,48.23,43.5,44.74,19606400,47.32,85.5,17.44,43.89,260
2009-04-17,44.84,48.25,44.05,47.81,12073300,51.93,85.5,17.44,50.68,260
2009-04-24,47.2,49.6,46.49,48.86,14208900,53.44,85.5,17.44,52.89,260
2009-05-01,48.49,49.69,47.85,49.34,14588700,54.14,85.5,17.44,53.92,260
2009-05-08,49.22,50.75,48.34,50.54,11696100,55.94,85.5,17.44,56.57,260
2009-05-15,49.86,50.1,47.89,48.09,10251300,51.5,85.5,17.44,50.04,260
2009-05-22,46.25,49.67,46.24,48.03,16217200,51.39,85.5,17.44,49.88,260
2009-05-29,47.65,49.64,46.57,47.62,11420400,50.61,85.5,17.44,48.74,260
2009-06-05,48.0,49.14,47.28,48.38,15871200,52.06,85.5,17.44,50.87,260
2009-06-12,48.33,49.02,47.39,48.72,12147800,52.73,85.5,17.44,51.85,260
2009-06-19,48.17,48.37,46.49,47.11,11375000,49.23,85.5,17.44,46.71,260
2009-06-26,46.86,47.02,44.79,45.96,16554000,46.84,85.5,17.44,43.19,260
2009-07-02,46.01,46.74,44.44,44.48,11186200,43.89,85.5,17.44,38.85,260
2009-07-10,44.13,45.07,42.89,43.27,13531300,41.58,85.5,17.44,35.46,260
2009-07-17,43.29,47.35,42.98,46.94,12226200,50.14,85.5,17.44,48.05,260
2009-07-24,46.97,47.93,43.59,43.89,15289300,44.33,85.5,17.44,39.5,260
2009-07-31,43.57,46.09,42.51,44.58,15203300,45.86,85.5,17.44,41.75,260
2009-08-07,45.0,48.57,44.5,48.16,15330700,53.07,85.5,17.44,52.34,260
2009-08-14,48.08,48.38,46.32,47.37,12774100,51.44,85.5,17.44,49.95,260
2009-08-21,46.97,50.0,46.16,49.96,14824500,56.18,85.5,17.44,56.92,260
2009-08-28,50.01,50.1,48.57,48.86,11948500,53.78,85.5,17.44,53.39,260
2009-09-04,48.46,49.41,47.465,48.69,12807800,53.4,85.5,17.44,52.83,260
2009-09-11,48.92,49.17,48.15,49.0,9137400,54.04,85.5,17.44,53.77,260
2009-09-18,48.84,51.98,48.621,51.82,16291000,59.48,85.5,17.44,61.76,260
2009-09-25,51.37,52.239,50.66,51.0,11159100,57.35,85.5,17.44,58.63,260
2009-10-02,51.02,53.16,49.97,50.18,14734300,55.23,85.5,17.44,55.51,260
2009-10-09,50.44,51.37,49.96,51.25,12407500,57.44,85.5,17.44,58.77,260
2009-10-16,51.4,51.59,50.22,50.8,12274300,56.18,85.5,17.44,56.92,260
2009-10-23,51.03,51.69,49.34,49.66,17422500,53.01,85.5,17.44,52.26,260
2009-10-30,49.85,51.188,49.72,50.13,18719500,54.16,85.5,17.44,53.95,260
2009-11-06,50.13,52.42,49.63,52.37,15624300,59.27,85.5,17.44,61.45,260
2009-11-13,53.56,55.5,53.22,55.27,13392800,64.75,85.5,17.44,69.5,260
2009-11-20,55.5,56.46,54.18,55.0,11013000,63.89,85.5,17.44,68.24,260
2009-11-27,55.28,56.13,54.09,55.0,5090400,63.89,85.5,17.44,68.24,260
2009-12-04,55.1,56.68,54.385,55.89,14824400,65.63,85.5,17.44,70.81,260
2009-12-11,55.76,56.38,53.9,55.16,10683100,62.94,85.5,17.44,66.85,260
2009-12-18,55.49,56.98,55.19,55.72,12287400,64.16,85.5,17.44,68.64,260
2009-12-24,55.99,56.795,55.71,56.04,4242200,64.87,85.5,17.44,69.68,260
2009-12-31,55.96,57.315,55.79,55.85,4570100,64.06,85.5,17.44,68.49,260
2010-01-08,56.1,58.1,56.1,57.44,12155400,67.69,85.5,17.44,73.83,260
2010-01-15,57.75,59.83,56.8008,58.62,9794300,70.11,85.5,17.44,77.38,260
2010-01-22,58.61,59.61,55.53,55.63,9183800,58.23,85.5,17.44,59.92,260
2010-01-29,56.25,57.2,55.3,56.6,12915900,60.56,85.5,17.44,63.35,260
2010-02-05,56.88,60.3899,56.56,57.66,18772800,63.0,85.5,17.44,66.93,260
2010-02-12,57.76,59.96,57.17,58.89,13172900,65.64,85.5,17.44,70.82,260
2010-02-19,59.38,61.79,58.91,61.21,11503400,70.01,85.5,17.44,77.23,260
2010-02-26,61.22,62.23,60.16,61.26,12759200,70.09,85.5,17.44,77.36,260
2010-03-05,61.25,64.36,61.15,64.22,13132100,74.81,85.5,17.44,84.29,260
2010-03-12,64.16,64.97,63.69,64.0,8517700,73.88,85.5,17.44,82.92,260
2010-03-19,63.98,65.61,63.8,65.54,11757700,76.12,85.5,17.44,86.22,260
2010-03-26,65.26,65.68,64.73,65.53,10307700,76.08,85.5,17.44,86.15,260
2010-04-01,65.72,66.61,65.19,66.25,7744400,77.14,85.5,17.44,87.72,260
2010-04-09,66.45,66.69,64.64,66.15,9179100,76.63,85.5,17.44,86.97,260
2010-04-16,66.15,67.0,65.43,65.97,8410700,75.66,85.5,17.44,85.54,260
2010-04-23,65.68,69.07,65.6,68.99,8261900,80.19,85.5,17.44,92.2,260
2010-04-30,69.04,69.8,67.1,67.83,11901700,74.46,85.5,17.44,83.77,260
2010-05-07,68.22,69.38,60.34,62.84,11545100,55.94,85.5,17.44,56.56,260
2010-05-14,65.13,65.94,62.79,63.29,9054400,56.98,85.5,17.44,58.09,260
2010-05-21,63.21,64.58,58.56,61.13,11947300,50.79,85.5,17.44,48.99,260
2010-05-28,60.81,61.68,58.7,60.49,15428100,49.08,85.5,17.44,46.49,260
2010-06-04,60.17,61.97,58.04,58.24,9325600,43.56,85.5,17.44,38.37,260
2010-06-11,58.36,59.74,56.33,59.69,10422400,47.65,85.5,17.44,44.38,260
2010-06-18,60.17,62.16,59.62,62.08,11705900,53.62,85.5,17.44,53.15,260
2010-06-25,62.95,63.06,58.05,58.6,11077200,45.49,85.5,17.44,41.2,260
2010-07-02,58.81,59.39,53.5,54.1,16966000,37.55,85.5,17.44,29.55,260
2010-07-09,54.65,56.36,53.572,55.45,9767600,40.88,85.5,17.44,34.44,260
2010-07-16,54.43,57.72,54.15,54.74,13494000,39.69,85.5,17.44,32.68,260
2010-07-23,55.09,58.49,54.48,58.17,12514200,47.67,85.5,17.44,44.41,260
2010-07-30,58.43,60.0,57.2,58.64,10905200,48.67,85.5,17.44,45.88,260
2010-08-06,59.48,60.15,58.25,60.01,9912000,51.58,85.5,17.44,50.16,260
2010-08-13,60.23,60.25,56.1132,56.57,11688600,44.72,85.5,17.44,40.08,260
2010-08-20,56.23,58.34,55.62,57.37,11886500,46.5,85.5,17.44,42.7,260
2010-08-27,57.69,57.92,54.11,55.48,11895800,42.98,85.5,17.44,37.52,260
2010-09-03,55.4,58.48,53.51,57.82,13331900,48.21,85.5,17.44,45.21,260
2010-09-10,57.24,58.89,56.42,58.73,8986100,50.13,85.5,17.44,48.03,260
2010-09-17,59.61,59.97,57.59,58.91,10948100,50.52,85.5,17.44,48.6,260
2010-09-24,59.06,60.61,58.6,60.33,10166400,53.6,85.5,17.44,53.13,260
2010-10-01,60.29,61.74,59.57,60.33,14413300,53.6,85.5,17.44,53.13,260
2010-10-08,60.14,62.85,59.84,62.29,12396000,57.81,85.5,17.44,59.31,260
2010-10-15,62.25,62.84,60.97,61.87,8888800,56.63,85.5,17.44,57.57,260
2010-10-22,62.05,62.3,60.11,61.9,10166500,56.7,85.5,17.44,57.67,260
2010-10-29,62.14,63.23,60.36,63.22,12578700,59.7,85.5,17.44,62.09,260
2010-11-05,63.36,65.59,63.06,65.34,8316300,64.02,85.5,17.44,68.44,260
2010-11-12,64.8,65.68,62.65,62.9,7011200,56.51,85.5,17.44,57.4,260
2010-11-19,63.0,63.57,61.52,63.26,6639600,57.31,85.5,17.44,58.57,260
2010-11-26,62.86,63.16,60.65,61.76,6522100,52.96,85.5,17.44,52.18,260
2010-12-03,61.16,64.19,60.33,63.21,12781300,56.4,85.5,17.44,57.24,260
2010-12-10,63.22,64.62,63.01,64.16,9742600,58.54,85.5,17.44,60.39,260
2010-12-17,64.31,64.87,63.61,64.12,9121600,58.41,85.5,17.44,60.2,260
2010-12-23,64.37,65.417,63.82,64.88,6921800,60.22,85.5,17.44,62.86,260
2010-12-31,64.71,65.17,64.18,64.78,5925400,59.85,85.5,17.44,62.31,260
2011-01-07,65.15,68.75,64.7,68.06,11138500,67.0,85.5,17.44,72.81,260
2011-01-14,67.61,67.69,66.23,67.23,8647100,63.9,85.5,17.44,68.25,260
2011-01-21,66.94,70.35,66.87,69.53,9616100,68.27,85.5,17.44,74.69,260
2011-01-28,69.49,69.88,67.33,67.58,9619000,61.47,85.5,17.44,64.69,260
2011-02-04,68.01,70.35,67.86,69.57,7398600,65.27,85.5,17.44,70.28,260
2011-02-11,69.78,72.5,69.67,70.51,8441500,66.93,85.5,17.44,72.72,260
2011-02-18,70.41,70.68,67.3,69.11,10817900,62.17,85.5,17.44,65.71,260
2011-02-25,68.53,68.65,65.65,66.49,9072900,54.36,85.5,17.44,54.24,260
2011-03-04,66.52,67.8999,65.66,66.69,9271000,54.83,85.5,17.44,54.93,260
2011-03-11,66.78,67.49,65.4,66.1,8084300,53.11,80.19,17.44,56.83,260
2011-03-18,65.63,67.5,64.17,66.95,15845000,55.29,80.19,17.44,60.31,260
2011-03-25,67.83,68.57,67.1649,68.42,11139600,58.85,80.19,17.44,65.99,260
2011-04-01,68.57,68.73,62.23,62.97,12560500,44.64,80.19,17.44,43.35,260
2011-04-08,63.14,63.21,61.54,62.38,11985500,43.42,80.19,17.44,41.4,260
2011-04-15,62.58,63.38,60.4514,61.29,10925000,41.18,80.19,17.44,37.82,260
2011-04-21,60.69,62.162,59.87,61.74,6549600,42.5,80.19,17.44,39.93,260
2011-04-29,61.75,64.0,61.13,63.61,8382600,47.75,80.19,17.44,48.29,260
2011-05-06,63.92,65.55,63.385,64.45,12119400,49.96,80.19,17.44,51.82,260
2011-05-13,64.58,65.72,64.06,64.86,7297200,51.05,80.19,17.44,53.55,260
2011-05-20,64.68,65.39,64.18,64.5,9452700,50.02,80.19,17.44,51.91,260
2011-05-27,64.04,65.79,63.67,64.89,14101800,51.17,80.19,17.44,53.74,260
2011-06-03,65.19,65.49,62.89,63.5,8461500,47.02,80.19,17.44,47.13,260
2011-06-10,63.27,64.05,62.5,62.51,9929300,44.27,80.19,17.44,42.75,260
2011-06-17,62.9,65.72,62.73,64.69,11481900,51.06,80.19,17.44,53.57,260
2011-06-24,64.53,67.31,64.53,66.35,12795900,55.5,80.19,17.44,60.66,260
2011-07-01,66.42,70.5,66.21,70.33,11185500,63.96,80.19,17.44,74.13,260
2011-07-08,70.38,70.61,67.03,67.96,12825000,57.01,80.19,17.44,63.06,260
2011-07-15,67.48,67.84,63.84,64.62,15491400,48.95,80.19,17.44,50.2,260
2011-07-22,64.51,65.895,63.58,65.27,13283000,50.42,80.19,17.44,52.55,260
2011-07-29,64.85,65.62,59.58,60.51,18391900,41.08,80.19,17.44,37.67,260
2011-08-05,59.62,60.17,54.95,55.49,23423500,33.95,80.19,17.44,26.3,260
2011-08-12,54.48,55.12,49.9,51.89,34701500,29.93,80.19,17.44,19.9,260
2011-08-19,52.19,54.12,49.2,49.26,20310300,27.38,80.19,17.44,15.84,260
2011-08-26,50.41,52.83,49.85,52.16,14737900,34.05,80.19,17.44,26.47,260
2011-09-02,52.82,55.39,51.72,51.8,9106500,33.64,80.19,17.44,25.81,260
2011-09-09,50.35,53.45,49.97,51.81,11167900,33.66,80.19,17.44,25.85,260
2011-09-16,51.74,55.34,51.3,54.82,11755400,40.64,80.19,17.44,36.97,260
2011-09-23,53.71,54.52,50.32,51.05,14328700,35.59,80.19,17.44,28.92,260
2011-09-30,51.62,54.44,51.33,52.17,13437400,38.05,80.19,17.44,32.84,260
2011-10-07,51.74,53.45,50.126,52.81,14979000,39.48,80.19,17.44,35.11,260
2011-10-14,53.89,55.83,53.655,54.56,10051400,43.31,80.19,17.44,41.23,260
2011-10-21,54.02,55.82,53.49,55.81,11821900,45.95,80.19,17.44,45.43,260
2011-10-28,56.0,58.04,53.88,57.92,13270400,50.16,80.19,17.44,52.14,260
2011-11-04,57.0999,58.71,54.58,57.18,10977500,48.73,80.19,17.44,49.85,260
2011-11-11,57.09,59.67,56.87,59.3,11235900,52.88,80.19,17.44,56.48,260
2011-11-18,59.16,59.83,56.32,56.75,10777900,47.86,80.19,17.44,48.47,260
2011-11-25,55.71,55.92,52.69,53.42,9538000,42.22,80.19,17.44,39.48,260
2011-12-02,54.64,58.0,54.49,56.99,10995900,49.14,80.19,17.44,50.51,260
2011-12-09,57.73,58.18,55.59,56.4,10889300,48.11,80.19,17.44,48.88,260
2011-12-16,56.05,56.68,55.0,55.66,10419300,46.79,80.19,17.44,46.77,260
2011-12-23,56.02,58.5,55.04,58.49,7561800,52.19,80.19,17.44,55.38,260
2011-12-30,58.26,59.15,58.09,58.48,4350100,52.17,80.19,17.44,55.35,260
2012-01-06,59.42,59.56,57.31,57.9,7392100,50.94,80.19,17.44,53.39,260
2012-01-13,58.04,59.88,57.59,58.84,7353500,52.88,80.19,17.44,56.47,260
2012-01-20,59.33,61.57,59.19,61.39,7257600,57.75,80.19,17.44,64.24,260
2012-01-27,61.56,61.86,58.52,58.71,10102000,51.7,80.19,17.44,54.6,260
2012-02-03,57.99,60.19,57.88,58.31,14777200,50.85,80.19,17.44,53.23,260
2012-02-10,58.03,60.68,58.01,59.81,7559700,53.93,80.19,17.44,58.14,260
2012-02-17,59.97,60.39,59.03,60.08,6525600,54.48,80.19,17.44,59.02,260
2012-02-24,60.11,60.78,59.28,59.92,5854000,54.07,80.19,17.44,58.36,260
2012-03-02,59.5,60.57,59.5,59.76,7317900,53.63,80.19,17.44,57.66,260
2012-03-09,59.72,60.85,59.44,60.18,9503300,54.67,80.19,17.44,59.32,260
2012-03-16,60.47,62.23,60.1,61.99,9593300,58.94,80.19,17.44,66.14,260
2012-03-23,62.1,62.31,60.19,60.57,6772700,54.59,80.19,17.44,59.2,260
2012-03-30,60.86,61.747,60.04,61.08,7001300,55.85,80.19,17.44,61.21,260
2012-04-05,61.19,62.33,60.77,60.85,6274800,55.11,80.19,17.44,60.03,260
2012-04-13,60.3,61.5,59.51,60.81,7425700,54.97,80.19,17.44,59.81,260
2012-04-20,61.08,62.29,60.83,61.81,7839200,57.8,80.19,17.44,64.31,260
2012-04-27,61.4,65.78,60.96,63.75,11068000,62.69,80.19,17.44,72.1,260
2012-05-04,63.43,63.8,61.895,61.9,7509800,56.02,80.19,17.44,61.48,260
2012-05-11,61.7,61.93,59.72,59.91,8415100,49.88,80.19,17.44,51.69,260
2012-05-18,59.54,60.41,57.98,58.08,8570200,44.99,80.19,17.44,43.9,260
2012-05-25,58.28,59.57,57.61,58.5,6733200,46.29,80.19,17.44,45.97,260
2012-06-01,58.69,59.305,57.42,57.42,6111900,43.45,80.19,17.44,41.44,260
2012-06-08,57.5,59.916,56.59,59.77,9899600,50.57,80.19,17.44,52.78,260
2012-06-15,60.12,61.2,59.22,61.18,8690600,54.28,80.19,17.44,58.71,260
2012-06-22,60.9,62.57,60.82,62.11,7503300,56.6,80.19,17.44,62.4,260
2012-06-29,62.07,63.8,60.74,63.79,7463700,60.5,80.19,17.44,68.62,260
2012-07-06,63.85,64.18,63.0,63.47,3779800,59.4,80.19,17.44,66.87,260
2012-07-13,63.48,64.29,61.862,63.79,5248200,60.18,80.19,17.44,68.11,260
2012-07-20,63.53,65.35,62.97,64.76,5005000,62.52,80.19,17.44,71.83,260
2012-07-27,64.04,66.04,62.93,65.8,11825900,64.9,80.19,17.44,75.63,260
2012-08-03,65.65,66.84,64.73,66.37,9239800,66.17,80.19,17.44,77.65,260
2012-08-10,66.69,68.55,66.1,68.5,7124300,70.46,80.19,17.44,84.49,260
2012-08-17,68.33,69.37,67.73,69.32,5409000,71.94,80.19,17.44,86.84,260
2012-08-24,69.38,70.2,66.627,67.4,9606400,63.88,80.19,17.44,74.01,260
2012-08-31,67.54,67.77,66.21,66.89,7180800,61.9,80.19,17.44,70.85,260
2012-09-07,66.89,68.12,66.03,67.37,5705300,63.06,80.19,17.44,72.7,260
2012-09-14,67.4,68.27,65.45,66.33,9403300,58.88,80.19,17.44,66.03,260
2012-09-21,66.15,67.26,66.01,66.89,9027800,60.4,80.19,17.44,68.46,260
2012-09-28,66.5,66.81,65.58,66.43,6416700,58.48,80.19,17.44,65.4,260
2012-10-05,66.6,69.8,66.4,69.41,9175000,66.01,80.19,17.44,77.4,260
2012-10-12,69.24,69.56,68.06,68.82,5690700,63.56,80.19,17.44,73.49,260
2012-10-19,68.81,71.25,68.81,70.27,5121300,66.82,80.19,17.44,78.7,260
2012-10-26,70.26,70.99,67.93,68.02,7865000,58.11,80.19,17.44,64.81,260
2012-11-02,68.32,69.82,67.88,68.98,5128700,60.48,80.19,17.44,68.59,260
2012-11-09,68.58,70.84,64.651,65.6,12066600,49.81,80.19,17.44,51.57,260
2012-11-16,65.6,65.965,62.8,63.57,9720400,44.7,80.19,17.44,43.44,260
2012-11-23,64.22,65.41,64.0226,65.36,5234800,49.61,80.19,17.44,51.26,260
2012-11-30,65.04,67.29,64.71,66.7,7862400,52.97,80.19,17.44,56.61,260
2012-12-07,66.92,67.7,65.5,67.53,8095000,54.97,80.19,17.44,59.81,260
2012-12-14,67.3,68.96,66.39,66.8,7003600,52.84,80.19,17.44,56.41,260
2012-12-21,67.04,69.17,66.74,68.63,8564400,57.31,80.19,17.44,63.53,260
2012-12-28,68.39,68.98,66.69,66.76,4752200,51.9,80.19,17.44,54.91,260
2013-01-04,66.51,68.978,65.87,68.76,6984300,56.62,80.19,17.44,62.43,260
2013-01-11,69.09,69.61,66.85,67.07,9138700,51.98,80.19,17.44,55.03,260
2013-01-18,67.1,67.65,66.6,67.49,8778000,53.01,80.19,17.44,56.67,260
2013-01-25,67.46,68.9,67.0,67.74,7861400,53.64,80.19,17.44,57.69,260
2013-02-01,67.89,67.89,64.8,65.13,14048100,46.54,80.19,17.44,46.37,260
2013-02-08,64.68,66.14,64.35,66.09,11167100,49.21,80.19,17.44,50.62,260
2013-02-15,65.96,66.75,65.27,65.63,7381000,47.97,80.19,17.44,48.65,260
2013-02-22,65.75,66.95,65.13,65.97,6598500,48.99,80.19,17.44,50.27,260
2013-03-01,66.21,66.665,64.45,65.52,8828100,47.66,80.19,17.44,48.16,260
2013-03-08,65.29,66.02,64.2,65.96,9675400,49.11,80.19,17.44,50.47,260
2013-03-15,65.95,68.83,65.9,68.8,10952500,57.35,80.19,17.44,63.6,260
2013-03-22,68.22,68.99,67.73,68.05,5958800,54.83,80.19,17.44,59.57,260
2013-03-28,68.28,70.21,67.77,70.15,6899800,60.12,80.19,17.44,68.01,260
2013-04-05,70.1,71.765,69.13,71.56,11650400,63.23,80.19,17.44,72.97,260
2013-04-12,71.75,72.67,71.18,72.11,7683900,64.4,80.19,17.44,74.83,260
2013-04-19,71.85,71.86,69.23,70.98,9043500,60.17,80.19,17.44,68.09,260
2013-04-26,70.98,74.97,70.3,74.24,8336600,66.92,80.19,17.44,78.85,260
2013-05-03,74.48,77.005,74.04,76.84,7767700,71.12,80.19,17.44,85.54,260
2013-05-10,77.02,78.16,76.91,77.93,6437000,72.69,80.19,17.44,88.04,260
2013-05-17,77.72,83.28,77.35,82.19,9992200,77.76,80.19,17.44,96.13,260
2013-05-24,82.22,82.61,79.59,81.26,13059800,74.51,80.19,17.44,90.94,260
2013-05-31,81.65,84.06,81.03,82.39,6283800,75.83,80.19,17.44,93.05,260
2013-06-07,82.48,84.0,80.92,83.88,7188000,77.49,80.19,17.44,95.7,260
2013-06-14,84.17,84.3,82.5,82.88,6607000,73.83,80.19,17.44,89.86,260
2013-06-21,83.28,84.34,81.84,81.85,7645700,70.15,80.19,17.44,83.99,260
2013-06-28,81.42,83.57,80.64,82.8,6658700,71.56,80.19,17.44,86.24,260
2013-07-05,82.78,84.0,81.74,83.95,3453200,73.2,80.19,17.44,88.86,260
2013-07-12,84.44,88.12,84.07,88.02,7360500,78.05,80.19,17.44,96.59,260
2013-07-19,88.25,88.63,86.75,88.36,6439100,78.4,80.19,17.44,97.15,260
2013-07-26,88.67,92.99,88.23,90.56,8744300,80.57,80.57,17.44,100.0,260
2013-08-02,90.22,96.26,90.21,94.89,14279600,83.98,83.98,17.44,100.0,260
2013-08-09,94.89,96.4201,94.36,95.49,7692100,84.39,84.39,17.44,100.0,260
2013-08-16,95.41,95.67,93.45,94.02,7350600,79.07,84.39,17.44,92.05,260
2013-08-23,93.88,94.98,93.52,94.57,7057200,79.58,84.39,17.44,92.82,260
2013-08-30,94.81,95.15,91.97,92.27,5542900,71.59,84.39,17.44,80.89,260
2013-09-06,93.43,94.2902,92.32,93.12,4681200,72.69,84.39,17.44,82.52,260
2013-09-13,93.35,96.27,93.24,96.19,5762200,76.24,84.39,17.44,87.82,260
2013-09-20,97.04,99.1,96.091,96.3,6458600,76.36,84.39,17.44,88.0,260
2013-09-27,96.3,96.7315,95.4,96.25,5369900,76.17,84.39,17.44,87.72,260
2013-10-04,95.45,96.19,92.51,93.32,6284300,66.01,84.39,21.99,70.55,260
2013-10-11,92.92,98.41,92.82,98.36,6702000,72.75,84.39,21.99,81.34,260
2013-10-18,97.7,101.6,97.15,101.59,5271200,76.02,84.39,22.99,86.38,260
2013-10-25,101.74,108.78,99.89,108.37,7346300,81.15,84.39,22.99,94.72,260
2013-11-01,108.09,109.405,106.93,108.12,7130300,80.46,84.39,22.99,93.61,260
2013-11-08,108.45,110.76,108.21,110.73,4605300,82.15,84.39,22.99,96.36,260
2013-11-15,110.23,110.29,106.67,109.53,5510000,78.78,84.39,27.38,90.17,260
2013-11-22,110.48,112.25,109.48,112.01,6116200,80.56,84.39,27.38,93.28,260
2013-11-29,112.12,114.48,110.97,112.68,6390600,81.02,84.39,27.38,94.09,260
2013-12-06,112.6,113.24,109.24,110.26,7560500,74.16,84.39,27.38,82.06,260
2013-12-13,110.18,110.54,107.21,108.92,7199000,70.6,84.39,27.38,75.81,260
2013-12-20,108.96,113.05,108.42,112.26,9521100,73.96,84.39,27.38,81.7,260
2013-12-27,113.0,116.19,112.04,114.7,3597500,76.1,84.39,27.38,85.47,260
2014-01-03,114.72,115.07,112.76,113.58,4054200,73.12,84.39,27.38,80.24,260
2014-01-10,114.01,116.57,113.15,116.37,7659800,75.68,84.39,27.38,84.72,260
2014-01-17,116.44,118.66,115.18,118.24,5435900,77.24,84.39,27.38,87.46,260
2014-01-24,119.06,120.68,113.43,113.45,5801400,65.62,84.39,27.38,67.07,260
2014-01-31,113.45,118.64,110.5,115.55,9687900,67.9,84.39,27.38,71.07,260
2014-02-07,116.09,117.21,109.17,114.97,9871800,66.58,84.39,27.38,68.77,260
2014-02-14,114.72,120.79,113.12,120.28,7121500,71.94,84.39,27.38,78.16,260
2014-02-21,120.54,121.45,118.91,120.47,4208400,72.11,84.39,27.38,78.46,260
2014-02-28,120.76,123.3,118.1,121.03,7275900,72.64,84.39,27.38,79.4,260
2014-03-07,119.74,125.37,119.69,124.3,6572200,75.58,84.39,27.38,84.54,260
2014-03-14,123.58,124.15,120.44,121.44,6061200,68.64,84.39,27.38,72.38,260
2014-03-21,121.78,125.36,121.11,121.88,8436400,69.11,84.39,27.38,73.2,260
2014-03-28,122.06,123.48,119.68,121.81,5718300,68.94,84.39,27.38,72.89,260
2014-04-04,122.61,126.0,120.47,120.69,6982100,66.02,84.39,27.38,67.79,260
2014-04-11,120.57,121.617,116.62,116.67,6483000,56.76,84.39,27.38,51.53,260
2014-04-17,117.77,122.22,116.11,122.0,4406800,63.98,84.39,27.38,64.19,260
2014-04-25,122.07,123.39,117.17,118.99,7939100,58.08,84.39,27.38,53.85,260
2014-05-02,119.49,121.83,117.78,120.73,6150000,60.36,84.39,27.38,57.84,260
2014-05-09,120.38,121.915,119.345,121.06,4317200,60.79,84.39,27.38,58.6,260
2014-05-16,121.41,123.48,118.3,118.88,4983500,56.39,84.39,27.38,50.89,260
2014-05-23,119.24,120.11,117.5,120.02,4999900,58.1,84.39,27.38,53.88,260
2014-05-30,119.95,121.795,119.21,121.55,4865700,60.34,84.39,27.38,57.82,260
2014-06-06,121.32,124.56,120.48,124.0,6169100,63.7,84.39,27.38,63.7,260
2014-06-13,123.75,124.92,119.3,120.8,5374500,56.93,84.39,27.38,51.83,260
2014-06-20,120.36,124.11,120.16,123.45,5309200,60.66,84.39,27.38,58.37,260
2014-06-27,123.59,123.59,119.54,120.67,3723900,55.25,84.39,27.38,48.89,260
2014-07-03,121.11,121.5,118.29,121.19,3728700,56.04,84.39,27.38,50.27,260
2014-07-11,121.0,121.9,118.23,121.67,4024200,56.8,84.39,27.38,51.6,260
2014-07-18,121.57,124.4,121.41,123.87,4269300,60.18,84.39,27.38,57.54,260
2014-07-25,123.74,128.31,123.38,127.56,5744200,65.12,84.39,27.38,66.2,260
2014-08-01,127.97,128.46,122.85,123.92,5037250,57.54,84.39,27.38,52.9,260
2014-08-08,123.53,125.23,119.97,122.86,5274360,55.51,84.39,27.38,49.35,260
2014-08-15,123.26,125.98,122.8,124.87,3831900,58.5,84.39,27.38,54.58,260
2014-08-22,125.62,128.66,125.62,127.6,3742100,62.21,84.39,27.38,61.09,260
2014-08-29,128.31,128.44,126.31,127.22,3682000,61.38,84.39,27.38,59.65,260
2014-09-05,128.41,129.1,126.7405,127.53,3929000,61.83,84.39,27.38,60.42,260
2014-09-12,127.53,130.32,127.5,129.99,5222300,65.24,84.39,27.38,66.41,260
2014-09-19,129.77,134.24,129.54,133.66,5053100,69.6,84.39,27.38,74.06,260
2014-09-26,132.99,133.66,128.41,131.93,5208450,65.43,84.39,27.38,66.75,260
2014-10-03,131.24,132.94,126.55,128.47,6469544,57.96,84.39,27.38,53.63,260
2014-10-10,129.08,129.67,123.05,124.01,4910994,50.02,84.39,27.38,39.71,260
2014-10-17,124.2,125.62,118.2401,124.44,6324220,50.72,84.39,27.38,40.94,260
2014-10-24,124.1,130.89,123.34,130.79,7250766,59.7,84.39,27.38,56.7,260
2014-10-31,130.84,139.22,129.3,137.96,8001313,67.01,84.39,27.38,69.52,260
2014-11-07,137.79,139.47,135.39,136.11,6969380,63.8,84.39,27.38,63.88,260
2014-11-14,135.75,138.06,134.83,136.07,4657093,63.73,84.39,27.38,63.76,260
2014-11-21,136.07,140.59,135.66,139.13,4795722,66.78,84.39,27.38,69.11,260
2014-11-28,138.97,142.51,138.81,140.93,3577019,68.46,84.39,27.38,72.07,260
2014-12-05,140.72,148.77,138.68,147.69,7783514,73.83,84.39,27.38,81.47,260
2014-12-12,147.69,148.06,141.53,141.56,7640090,63.31,84.39,27.38,63.03,260
2014-12-19,142.2,150.74,140.523,149.9,8204000,69.65,84.39,27.38,74.14,260
2014-12-26,150.34,153.19,150.24,151.55,3099865,70.72,84.39,27.38,76.03,260
2015-01-02,150.92,151.58,144.54,146.46,5392045,63.27,84.39,27.38,62.95,260
2015-01-09,145.45,153.64,141.58,152.74,16613764,67.78,84.39,27.38,70.87,260
2015-01-16,152.79,154.98,149.05,153.33,7101896,68.18,84.39,27.38,71.56,260
2015-01-23,154.67,157.3,151.27,156.19,4676536,70.09,84.39,27.38,74.92,260
2015-01-30,156.35,159.2,152.04,156.95,9155401,70.6,84.39,27.38,75.81,260
2015-02-06,157.29,164.22,154.69,162.24,7276929,73.91,84.39,27.38,81.63,260
2015-02-13,161.78,168.006,161.0601,167.14,6899440,76.55,84.39,27.38,86.25,260
2015-02-20,166.59,172.3,165.65,172.2,4645739,78.92,84.39,27.38,90.41,260
2015-02-27,171.72,172.26,165.6,165.71,6285123,69.25,84.39,27.38,73.45,260
2015-03-06,165.61,167.73,159.61,160.41,8627870,62.52,84.39,27.38,61.64,260
2015-03-13,159.87,161.95,156.315,157.56,6953867,59.19,84.39,27.38,55.79,260
2015-03-20,158.2,164.08,158.2,162.62,9685845,62.96,84.39,27.38,62.41,260
2015-03-27,163.01,164.0,157.11,160.48,5910789,60.42,84.39,27.38,57.95,260
2015-04-02,161.15,163.57,158.11,161.63,4580141,61.32,84.39,27.38,59.54,260
2015-04-10,160.52,165.95,160.37,165.35,4618958,64.17,84.39,27.38,64.54,260
2015-04-17,165.0,165.93,159.7,160.16,4327970,57.77,84.39,27.38,53.31,260
2015-04-24,161.18,163.94,160.65,161.78,4100719,59.14,84.39,27.38,55.71,260
2015-05-01,162.05,163.38,152.78,156.01,7362950,52.6,84.39,27.38,44.23,260
2015-05-08,156.18,157.43,152.44,156.31,5545252,52.89,84.39,27.38,44.74,260
2015-05-15,156.25,158.87,154.69,158.01,4102769,54.59,84.39,27.38,47.74,260
2015-05-22,157.91,161.79,157.4903,160.0,4790155,56.58,84.39,27.38,51.21,260
2015-05-29,159.92,160.7382,157.66,159.18,4892264,55.5,84.39,27.38,49.33,260
2015-06-05,159.09,161.44,156.51,157.29,5653897,53.0,84.39,27.38,44.94,260
2015-06-12,157.03,161.36,156.181,161.06,5103442,57.15,84.39,27.38,52.22,260
2015-06-19,159.67,165.97,159.0,165.05,5721067,61.07,84.39,27.38,59.09,260
2015-06-26,165.79,166.55,161.4501,161.77,6007985,56.49,84.39,27.38,51.07,260
2015-07-02,160.8,161.58,158.16,159.5,3666290,53.51,84.39,27.38,45.83,260
2015-07-10,158.35,165.95,158.1,165.37,5239102,59.47,84.39,27.38,56.29,260
2015-07-17,167.02,170.07,166.0,168.99,4773029,62.65,84.39,27.38,61.88,260
2015-07-24,169.54,170.35,164.19,164.8,4505054,57.07,84.39,27.38,52.08,260
2015-07-31,163.92,176.5,162.0,173.01,9060649,63.87,84.39,27.38,64.0,260
2015-08-07,172.85,174.52,170.67,172.65,5606071,63.39,84.39,27.38,63.17,260
2015-08-14,174.14,175.84,169.61,174.18,4099753,64.6,84.39,27.38,65.28,260
2015-08-21,173.6,176.83,165.21,165.35,5542466,53.64,84.39,27.38,46.07,260
2015-08-28,152.31,167.95,152.31,165.54,7683070,53.82,84.39,27.38,46.38,260
2015-09-04,164.59,166.91,158.84,162.3,5920883,50.22,84.39,27.38,40.05,260
2015-09-11,164.89,170.1699,164.52,168.52,4456906,56.28,84.39,27.38,50.69,260
2015-09-18,168.42,173.49,167.12,168.98,6369481,56.7,84.39,27.38,51.42,260
2015-09-25,169.29,171.53,163.7,165.57,4773833,52.66,84.39,27.38,44.34,260
2015-10-02,164.37,167.6,161.81,167.53,5572916,54.66,84.39,27.38,47.85,260
2015-10-09,169.2,176.83,168.26,175.75,6083298,61.92,84.39,27.38,60.58,260
2015-10-16,176.66,177.915,172.4,174.88,5321926,60.81,84.39,27.38,58.64,260
2015-10-23,174.06,181.0,172.87,179.83,4271826,64.69,84.39,27.38,65.44,260
2015-10-30,180.04,193.99,178.98,187.75,10505866,69.83,84.39,27.38,74.46,260
2015-11-06,188.48,189.83,183.12,184.01,5266133,65.01,84.39,27.38,66.02,260
2015-11-13,183.37,184.2,178.6,178.82,4779612,58.94,84.39,27.38,55.36,260
2015-11-20,179.9,190.15,179.4,189.48,6225350,65.97,84.39,27.38,67.7,260
2015-11-27,189.5,190.0,186.18,188.41,3258565,64.77,84.39,27.38,65.59,260
2015-12-04,188.92,189.37,182.01,187.95,5393642,64.23,84.39,27.38,64.64,260
2015-12-11,187.97,188.92,185.06,186.02,6470107,61.9,84.39,27.38,60.55,260
2015-12-18,186.62,191.0,184.41,184.86,9909914,60.48,84.39,27.38,58.05,260
2015-12-24,186.0,190.98,185.5,190.11,2965357,64.46,84.39,27.38,65.04,260
2015-12-31,189.94,191.865,187.55,188.81,2056711,62.77,84.39,27.38,62.08,260
2016-01-08,185.98,193.2,185.31,186.07,9297358,59.25,84.39,27.38,55.91,260
2016-01-15,187.48,189.47,180.32,184.21,6478395,56.92,84.39,27.38,51.82,260
2016-01-22,186.37,187.28,178.98,184.11,5940569,56.79,84.39,27.38,51.59,260
2016-01-29,184.09,185.34,175.0,185.06,7985552,57.77,84.39,27.38,53.31,260
2016-02-05,186.38,190.05,184.625,186.49,7244676,59.27,84.39,27.38,55.94,260
2016-02-12,184.74,189.52,180.1,181.25,7081100,51.98,84.39,27.38,43.15,260
2016-02-19,182.4,193.7499,180.15,190.68,6149139,61.23,84.39,27.38,59.37,260
2016-02-26,190.78,193.68,188.06,192.22,4589650,62.5,84.39,27.38,61.6,260
2016-03-04,191.99,194.8,189.32,191.07,5595092,60.89,84.39,27.38,58.78,260
2016-03-11,190.09,191.25,185.08,189.89,6642383,59.21,84.39,27.38,55.84,260
2016-03-18,189.17,194.42,187.52,193.99,5372478,63.03,84.39,27.38,62.53,260
2016-03-24,193.35,195.64,193.21,194.2,3285353,63.22,84.39,27.38,62.86,260
2016-04-01,194.21,200.78,194.21,200.31,5405413,68.31,84.39,27.38,71.8,260
2016-04-08,200.81,203.88,199.6603,200.57,4980797,68.51,84.39,27.38,72.15,260
2016-04-15,200.66,201.92,198.75,201.88,3621064,69.56,84.39,27.38,73.98,260
2016-04-22,202.0,203.41,199.26,200.75,4036977,67.48,84.39,27.38,70.34,260
2016-04-29,200.25,208.9892,199.52,206.26,5499475,71.88,84.39,27.38,78.07,260
2016-05-06,206.87,214.17,205.83,214.1,5198889,76.72,84.39,27.38,86.54,260
2016-05-13,214.3,218.84,212.97,213.98,5131781,76.5,84.39,27.38,86.16,260
2016-05-20,213.98,216.67,209.68,212.72,4183581,74.13,84.39,27.38,82.01,260
2016-05-27,212.75,216.09,211.79,214.42,2929408,75.24,84.39,27.38,83.96,260
2016-06-03,214.42,215.94,211.21,215.18,3495241,75.75,84.39,27.38,84.84,260
2016-06-10,215.23,218.73,214.82,217.36,2779233,77.18,84.39,27.38,87.35,260
2016-06-17,216.67,218.0,212.23,214.32,3128504,70.9,84.39,27.38,76.33,260
2016-06-24,216.1,216.79,208.29,212.71,5361984,67.75,84.39,27.38,70.81,260
2016-07-01,211.89,223.42,210.085,221.8,5929857,74.6,84.39,27.38,82.83,260
2016-07-08,221.56,222.25,219.81,221.97,4365147,74.71,84.39,27.38,83.02,260
2016-07-15,222.3,223.795,220.25,221.46,6726181,73.7,84.39,27.38,81.24,260
2016-07-22,222.15,224.12,217.0,219.6,6182820,69.96,84.39,27.38,74.7,260
2016-07-29,219.44,222.3,215.62,216.63,5354851,64.36,84.39,27.38,64.87,260
2016-08-05,215.86,219.96,215.77,218.95,4225563,66.61,84.39,27.38,68.81,260
2016-08-12,218.84,218.84,215.57,218.21,3242843,65.2,84.39,33.64,62.19,260
2016-08-19,218.12,220.5175,216.43,217.42,3506342,63.64,84.39,33.64,59.13,260
2016-08-26,217.37,218.9,210.62,211.93,4211490,54.02,84.39,33.66,40.13,260
2016-09-02,211.65,213.775,210.2401,213.24,3245266,55.74,84.39,35.59,41.29,260
2016-09-09,213.34,214.84,209.19,209.24,2836731,49.63,84.39,35.59,28.77,260
2016-09-16,208.36,212.19,206.69,211.0,4467436,52.12,84.39,38.05,30.35,260
2016-09-23,211.25,217.49,210.98,217.05,3721154,59.51,84.39,39.48,44.61,260
2016-09-30,216.58,218.67,210.6,213.95,3774163,54.84,84.39,42.22,29.93,260
2016-10-07,213.0,215.89,212.02,215.43,3926391,56.59,84.39,42.22,34.09,260
2016-10-14,215.86,219.745,214.69,218.92,4163126,60.49,84.39,42.22,43.32,260
2016-10-21,218.85,220.41,214.59,215.86,3257664,55.76,84.39,42.22,32.12,260
2016-10-28,217.18,230.0,216.34,228.38,7780197,67.09,84.39,42.22,58.98,260
2016-11-04,229.1,230.7,224.72,225.23,6203878,62.74,84.39,42.22,48.66,260
2016-11-11,227.85,249.98,227.48,247.5,8453685,75.06,84.39,42.22,77.88,260
2016-11-18,248.56,253.085,243.84,245.46,6667738,72.69,84.39,43.45,71.42,260
2016-11-25,246.17,249.095,245.07,248.58,3410424,74.04,84.39,43.45,74.72,260
2016-12-02,246.87,253.8,245.38,250.87,4663083,75.01,84.39,43.45,77.1,260
2016-12-09,251.88,252.02,236.75,238.43,8420870,61.48,84.39,43.45,44.05,260
2016-12-16,233.64,235.83,220.72,231.7,8431009,55.64,84.39,43.45,29.77,260
2016-12-23,232.71,235.68,230.64,232.99,4624167,56.49,84.39,43.45,31.86,260
2016-12-30,233.97,234.35,231.56,232.58,2259177,56.12,84.39,43.45,30.95,260
2017-01-06,234.1,237.4998,233.14,236.73,3353497,59.04,84.39,43.45,38.09,260
2017-01-13,236.84,237.92,227.87,230.17,5374362,53.03,84.39,43.45,23.41,260
2017-01-20,230.78,233.79,227.43,232.11,3674811,54.51,84.39,43.45,27.01,260
2017-01-27,233.0,234.579,223.88,229.83,7334192,52.42,84.39,43.45,21.92,260
2017-02-03,230.1,232.93,226.005,231.36,6129619,53.7,84.39,43.45,25.04,260
2017-02-10,231.56,236.56,231.41,236.25,4930991,57.62,84.39,43.45,34.62,260
2017-02-17,237.05,243.99,236.52,243.58,4289475,62.72,84.39,43.45,47.08,260
2017-02-24,242.27,245.29,241.6001,245.05,3318995,63.67,84.39,43.45,49.38,260
2017-03-03,245.59,249.43,242.1,242.93,6544981,61.26,84.39,43.45,43.5,260
2017-03-10,242.43,245.08,241.97,243.59,3825988,61.74,84.39,43.45,44.68,260
2017-03-17,243.54,244.73,239.72,244.25,4274190,62.25,84.39,43.45,45.93,260
2017-03-24,244.77,245.46,236.59,236.88,3360459,53.66,84.39,43.45,24.94,260
2017-03-31,235.78,239.22,233.195,237.84,4133253,54.54,84.39,43.45,27.09,260
2017-04-07,237.58,240.12,235.16,238.81,3758212,55.46,84.39,43.45,29.34,260
2017-04-13,238.64,241.79,237.99,240.2,2691299,56.81,84.39,43.45,32.64,260
2017-04-21,240.32,247.43,240.26,246.33,3805231,62.24,84.39,43.45,45.91,260
2017-04-28,248.98,250.0,243.05,245.96,5974526,61.74,84.39,43.45,44.68,260
2017-05-05,246.3,249.04,243.5,248.91,3867989,64.23,84.39,43.45,50.76,260
2017-05-12,248.7,251.0059,246.21,247.45,3275750,62.08,84.39,43.45,45.5,260
2017-05-19,247.11,250.375,243.391,249.88,3984029,64.23,84.39,43.45,50.75,260
2017-05-26,252.92,257.93,248.58,256.99,4024175,69.65,84.39,44.7,62.86,260
2017-06-02,256.9,259.23,254.95,258.52,3530081,70.68,84.39,44.7,65.45,260
2017-06-09,258.5,258.55,253.08,256.69,3227194,67.72,84.39,44.7,58.0,260
2017-06-16,256.56,262.43,253.67,258.59,3537022,69.16,84.39,44.7,61.63,260
2017-06-23,260.08,262.59,256.75,257.4,2972074,67.14,84.39,44.7,56.53,260
2017-06-30,257.83,259.91,252.82,256.71,3006383,65.93,84.39,44.7,53.49,260
2017-07-07,257.53,263.74,256.655,261.99,1874622,70.32,84.39,44.7,64.56,260
2017-07-14,261.61,265.51,260.14,264.83,2610668,72.39,84.39,44.7,69.76,260
2017-07-21,264.84,266.74,262.14,265.3,2557020,72.72,84.39,44.7,70.61,260
2017-07-28,265.51,266.81,259.0,264.1,3578013,70.36,84.39,44.7,64.64,260
2017-08-04,264.89,269.24,263.04,269.24,3315601,74.23,84.39,44.7,74.39,260
2017-08-11,269.51,274.61,268.52,269.28,3851000,74.25,84.39,44.7,74.47,260
2017-08-18,270.24,271.89,267.17,267.61,3182112,70.78,84.39,44.7,65.7,260
2017-08-25,267.71,273.49,264.35,269.33,2537103,72.22,84.39,44.7,69.34,260
2017-09-01,270.0,272.77,267.181,268.83,2503081,71.12,84.39,44.7,66.57,260
2017-09-08,270.92,270.92,264.36,267.45,2534165,68.04,84.39,44.7,58.81,260
2017-09-15,268.6,270.38,264.69,267.03,3181037,67.09,84.39,44.7,56.41,260
2017-09-22,267.03,282.93,264.81,281.55,5503776,78.36,84.39,44.7,84.81,260
2017-09-29,281.5,287.81,278.88,287.72,3802897,81.29,84.39,44.7,92.2,260
2017-10-06,288.5,293.38,287.22,293.33,2568560,83.48,84.39,44.7,97.72,260
2017-10-13,293.75,299.33,292.07,296.4,3271113,84.55,84.55,44.7,100.0,260
2017-10-20,297.0,297.57,288.57,294.6,3217894,81.24,84.55,44.7,91.69,260
2017-10-27,295.41,306.61,292.24,297.66,4684155,82.49,84.55,44.7,94.84,260
2017-11-03,296.87,303.36,293.88,301.66,2695556,84.0,84.55,44.7,98.62,260
2017-11-10,300.86,304.665,297.56,298.13,2178134,77.65,84.55,46.54,81.84,260
2017-11-17,297.73,302.34,294.44,296.85,2847636,75.42,84.55,46.54,75.98,260
2017-11-24,296.96,304.93,296.76,302.72,2146786,78.47,84.55,46.54,84.0,260
2017-12-01,302.89,309.76,297.0,299.63,6304443,73.31,84.55,46.54,70.43,260
2017-12-08,301.73,305.67,297.515,305.67,3724140,76.56,84.55,46.54,78.97,260
2017-12-15,306.52,311.15,303.86,310.47,4513555,78.77,84.55,46.54,84.78,260
2017-12-22,311.02,311.13,303.7,303.78,3208670,69.01,84.55,46.54,59.1,260
2017-12-29,304.42,309.19,303.73,306.91,1757299,70.83,84.55,46.54,63.9,260
2018-01-05,307.35,310.24,303.21,308.22,2818428,71.58,84.55,46.54,65.88,260
2018-01-12,308.95,315.71,306.36,315.15,3336771,75.22,84.55,46.54,75.46,260
2018-01-19,317.42,318.7,312.33,316.37,2770857,75.81,84.55,46.54,77.0,260
2018-01-26,316.1,335.57,312.67,335.56,4800022,82.74,84.55,47.66,95.1,260
2018-02-02,336.0,349.18,333.52,336.79,6540632,83.08,84.55,47.66,96.01,260
2018-02-09,333.75,342.14,313.01,332.69,8467212,77.67,84.55,47.66,81.35,260
2018-02-16,334.6,358.84,330.57,356.0,5959920,84.03,84.55,47.66,98.6,260
2018-02-23,352.45,356.31,347.52,351.51,4147883,79.34,84.55,49.11,85.31,260
2018-03-02,353.2,359.43,334.4,343.05,4997014,71.27,84.55,49.63,61.97,260
2018-03-09,340.95,349.87,336.36,349.64,4512586,73.53,84.55,49.63,68.44,260
2018-03-16,352.83,352.83,338.06,338.63,4480875,64.41,84.55,49.63,42.34,260
2018-03-23,338.18,356.97,336.9,345.77,4553248,67.25,84.55,49.63,50.46,260
2018-03-29,350.0,358.5,341.72,349.12,4123613,68.52,84.55,49.63,54.09,260
2018-04-06,349.25,360.88,338.01,351.72,5227194,69.5,84.55,49.63,56.91,260
2018-04-13,353.61,355.0,343.88,350.6,4213412,68.51,84.55,49.63,54.06,260
2018-04-20,353.15,359.88,349.95,355.92,4043343,70.66,84.55,49.63,60.22,260
2018-04-27,356.67,359.35,318.01,321.85,7757697,48.04,84.55,48.04,0.0,260
2018-05-04,323.06,326.51,302.35,313.85,9533981,44.44,84.55,44.44,0.0,260
2018-05-11,315.62,331.63,314.28,325.3,6455046,50.19,84.55,44.44,14.34,260
2018-05-18,325.16,330.29,316.37,329.02,5623606,51.93,84.55,44.44,18.68,260
2018-05-25,330.71,333.93,322.18,331.93,5553152,53.3,84.55,44.44,22.1,260
2018-06-01,330.14,332.0,323.72,329.99,4806303,52.23,84.55,44.44,19.43,260
2018-06-08,330.0,340.14,328.43,338.63,4509857,56.44,84.55,44.44,29.91,260
2018-06-15,338.5,339.84,318.81,321.52,5692185,47.52,84.55,44.44,7.68,260
2018-06-22,320.8,323.44,307.26,312.06,5657102,43.43,84.55,43.43,0.0,260
2018-06-29,309.39,315.14,303.02,307.7,4996148,41.65,84.55,41.65,0.0,260
2018-07-06,306.44,312.1,304.62,307.36,2340742,41.51,84.55,41.51,0.0,260
2018-07-13,308.49,322.51,308.12,321.73,5021386,49.4,84.55,41.51,18.33,260
2018-07-20,322.79,325.28,319.69,323.93,3829083,50.5,84.55,41.51,20.89,260
2018-07-27,324.68,324.68,287.09,301.65,12541189,40.82,84.55,40.82,0.0,260
2018-08-03,300.67,302.56,294.16,297.25,6101698,39.22,84.55,39.22,0.0,260
2018-08-10,296.51,297.82,289.3,291.32,5397122,37.11,84.55,37.11,0.0,260
2018-08-17,291.23,296.3,290.0,294.39,4964408,38.94,84.55,37.11,3.86,260
2018-08-24,295.0,299.85,294.3,298.04,6193090,41.13,84.55,37.11,8.49,260
2018-08-31,299.18,300.89,296.18,298.49,4720470,41.41,84.55,37.11,9.08,260
2018-09-07,297.68,302.18,295.76,300.52,3657921,42.74,84.55,37.11,11.87,260
2018-09-14,300.88,308.04,298.57,307.34,5958473,47.06,84.55,37.11,20.98,260
2018-09-21,307.44,319.1,296.66,306.69,8409559,46.7,84.55,37.11,20.21,260
2018-09-28,306.66,317.63,304.1,317.37,5780042,53.08,84.55,37.11,33.66,260
2018-10-05,318.05,321.72,315.61,320.34,4340401,54.7,84.55,37.11,37.09,260
2018-10-12,318.68,320.9,294.96,302.37,5847068,44.63,84.55,37.11,15.87,260
2018-10-19,303.1,312.62,302.74,307.67,5554005,47.69,84.55,37.11,22.31,260
2018-10-26,308.53,311.0,263.54,269.84,9226943,33.48,84.55,33.48,0.0,260
2018-11-02,273.39,277.84,251.66,273.8,10168625,35.64,84.55,33.48,4.23,260
2018-11-09,275.37,288.54,274.73,285.73,6998845,41.78,84.55,33.48,16.25,260
2018-11-16,285.58,285.58,267.17,272.64,5891094,37.55,84.55,33.48,7.97,260
2018-11-23,272.99,272.99,258.87,266.59,4986993,35.75,84.55,33.48,4.44,260
2018-11-30,268.08,270.8,254.84,259.88,9619637,33.81,84.55,33.48,0.64,260
2018-12-07,262.41,265.47,245.57,257.54,9493889,33.13,84.55,33.13,0.0,260
2018-12-14,260.61,279.03,260.61,262.71,9245061,36.16,84.55,33.13,5.9,260
2018-12-21,261.17,263.0499,233.86,235.24,7930280,28.72,84.55,28.72,0.0,260
2018-12-28,232.6,246.23,223.63,242.25,4975336,32.53,84.55,28.72,6.84,260
2019-01-04,243.31,247.95,237.08,247.9,5581214,35.53,84.55,28.72,12.21,260
2019-01-11,247.6,257.85,245.01,256.05,4930527,39.69,84.55,28.72,19.66,260
2019-01-18,256.5,270.5,254.56,267.75,5562331,45.17,84.55,28.72,29.47,260
2019-01-25,266.91,274.25,262.77,272.84,3383609,47.4,84.55,28.72,33.47,260
2019-02-01,269.83,284.55,267.88,272.96,7266973,47.46,84.55,28.72,33.57,260
2019-02-08,272.98,281.64,272.63,280.62,4644809,50.95,84.55,28.72,39.82,260
2019-02-15,280.91,287.07,279.12,286.98,4897297,53.7,84.55,28.72,44.74,260
2019-02-22,285.99,288.9,284.58,288.71,2898912,54.44,84.55,28.72,46.08,260
2019-03-01,290.0,291.55,284.38,287.0,3715302,53.52,84.55,28.72,44.43,260
2019-03-08,287.54,290.33,272.41,275.96,3863625,47.9,84.55,28.72,34.35,260
2019-03-15,273.96,280.63,270.08,271.21,6177619,45.67,84.55,28.72,30.37,260
2019-03-22,271.39,278.65,267.2,268.36,4545008,44.34,84.55,28.72,27.98,260
2019-03-29,269.01,271.36,263.29,269.6,4452994,45.09,84.55,28.72,29.33,260
2019-04-05,271.13,276.36,264.5,276.3,4486978,49.08,84.55,28.72,36.48,260
2019-04-12,275.0,283.35,269.42,283.05,3636870,52.8,84.55,28.72,43.14,260
2019-04-18,282.92,283.8,278.11,281.16,2294638,51.66,84.55,28.72,41.1,260
2019-04-26,280.19,294.92,273.7,283.13,6864943,52.81,84.55,28.72,43.15,260
2019-05-03,283.59,292.93,282.49,292.04,4714062,57.68,84.55,28.72,51.88,260
2019-05-10,287.5,301.0,284.56,300.8,4492163,61.85,84.55,28.72,59.35,260
2019-05-17,295.02,308.73,291.3,306.69,5082152,64.39,84.55,28.72,63.9,260
2019-05-24,306.3,317.5,306.01,312.07,5605522,66.58,84.55,28.72,67.82,260
2019-05-31,310.88,312.75,303.13,303.25,3769071,60.06,84.55,28.72,56.14,260
2019-06-07,303.01,319.37,303.01,318.29,3851247,66.15,84.55,28.72,67.04,260
2019-06-14,323.0,323.73,298.23,309.43,5559665,60.32,84.55,28.72,56.6,260
2019-06-21,310.85,324.93,307.09,322.16,4242548,65.08,84.55,28.72,65.13,260
2019-06-28,322.82,324.52,316.26,323.11,2992598,65.41,84.55,28.72,65.73,260
2019-07-05,325.0,325.58,317.88,325.2,1971524,66.18,84.55,28.72,67.1,260
2019-07-12,324.03,329.61,321.1,329.53,2684484,67.77,84.55,28.72,69.95,260
2019-07-19,330.1,330.26,319.07,322.16,3337064,62.39,84.55,28.72,60.31,260
2019-07-26,321.01,358.96,318.9,352.52,6872839,72.19,84.55,28.72,77.86,260
2019-08-02,352.54,356.01,338.52,341.16,3689425,65.33,84.55,28.72,65.58,260
2019-08-09,337.77,374.68,334.96,370.54,5793655,72.58,84.55,28.72,78.57,260
2019-08-16,368.15,377.34,359.6,367.91,4778270,71.15,84.55,28.72,76.0,260
2019-08-23,371.8,373.48,359.78,361.5,3034067,67.64,84.55,28.72,69.71,260
2019-08-30,364.12,371.33,361.16,367.87,2635350,69.26,84.55,28.72,72.62,260
2019-09-06,364.65,375.0,362.5,367.77,2527233,69.2,84.55,28.72,72.51,260
2019-09-13,367.57,368.05,341.24,363.68,5434985,66.71,84.55,28.72,68.05,260
2019-09-20,368.5,380.46,365.01,368.18,7878736,68.07,84.55,28.72,70.49,260
2019-09-27,368.17,383.89,365.8,371.18,5853810,68.98,84.55,28.72,72.12,260
2019-10-04,372.38,378.58,359.23,368.98,5167479,67.47,84.55,28.72,69.4,260
2019-10-11,368.02,372.45,358.73,362.22,5185526,62.88,84.55,28.72,61.19,260
2019-10-18,363.05,369.3,347.74,349.62,5262556,55.34,84.55,28.72,47.68,260
2019-10-25,352.61,360.23,340.2,345.0,6533499,52.83,84.55,28.72,43.2,260
2019-11-01,345.74,355.96,344.28,352.13,5013825,56.13,84.55,28.72,49.1,260
2019-11-08,353.65,353.65,335.94,350.11,7760273,54.96,84.55,28.72,47.0,260
2019-11-15,348.6,359.83,347.42,356.66,3152308,58.02,84.55,28.72,52.49,260
2019-11-22,355.88,358.56,346.79,349.16,3981331,53.53,84.55,28.72,44.45,260
2019-11-29,350.33,356.62,348.86,351.77,3289149,54.84,84.55,28.72,46.79,260
2019-12-06,351.97,352.99,338.73,344.76,4801557,50.71,84.55,28.72,39.39,260
2019-12-13,344.76,349.84,338.63,344.65,4354761,50.65,84.55,28.72,39.28,260
2019-12-20,344.33,347.27,338.01,345.91,5775224,51.41,84.55,28.72,40.64,260
2019-12-27,348.54,350.9,345.42,346.44,1671203,51.75,84.55,28.72,41.25,260
2020-01-03,347.7,375.82,342.73,375.01,5025493,65.61,84.55,28.72,66.09,260
2020-01-10,379.95,382.26,367.1,374.39,6231401,65.18,84.55,28.72,65.3,260
2020-01-17,375.73,384.68,373.08,379.97,4135294,67.29,84.55,28.72,69.09,260
2020-01-24,379.38,384.18,373.96,381.64,4122451,67.92,84.55,28.72,70.22,260
2020-01-31,378.36,385.005,369.18,374.57,4463040,62.45,84.55,28.72,60.42,260
2020-02-07,367.33,370.0,358.8,361.42,4836107,53.78,84.55,28.72,44.89,260
2020-02-14,361.05,371.98,357.62,370.94,3833140,58.3,84.55,28.72,52.98,260
2020-02-21,367.7,374.39,358.03,365.01,3550595,54.71,84.55,28.72,46.56,260
2020-02-28,357.99,365.85,313.98,328.84,8364701,38.97,84.55,28.72,18.37,260
2020-03-06,330.46,347.99,315.84,328.96,6523864,39.03,84.55,28.72,18.48,260
2020-03-13,306.94,335.14,280.0,314.5,9499456,34.44,84.55,28.72,10.26,260
2020-03-20,274.59,325.85,274.59,284.02,8892895,27.19,84.55,27.19,0.0,260
2020-03-27,280.85,321.92,263.31,312.15,7697324,39.79,84.55,27.19,21.98,260
2020-04-03,317.41,322.92,290.62,313.61,6364700,40.37,84.55,27.19,22.98,260
2020-04-09,320.0,343.31,319.5,336.65,4180999,48.72,84.55,27.19,37.55,260
2020-04-17,336.71,357.12,334.14,356.3,4106783,54.57,84.55,27.19,47.74,260
2020-04-24,353.66,354.38,332.0,339.31,3849877,49.33,84.55,27.19,38.61,260
2020-05-01,341.96,351.42,321.13,328.06,5492144,46.17,84.55,27.19,33.1,260
2020-05-08,326.36,331.94,319.76,327.65,3000680,46.06,84.55,27.19,32.9,260
2020-05-15,326.1,332.53,307.33,321.63,5505568,44.3,84.55,27.19,29.84,260
2020-05-22,330.18,335.19,319.71,325.91,3853855,45.88,84.55,27.19,32.59,260
2020-05-29,333.21,348.78,323.47,335.2,3999355,49.25,84.55,27.19,38.46,260
2020-06-05,335.63,346.59,325.05,342.1,6262282,51.65,84.55,27.19,42.65,260
2020-06-12,341.58,349.27,313.08,317.68,4087809,43.75,84.55,27.19,28.88,260
2020-06-19,310.75,329.47,308.55,312.66,4863243,42.32,84.55,27.19,26.38,260
2020-06-26,311.93,317.0,294.0,301.86,5606486,39.33,84.55,27.19,21.17,260
2020-07-02,304.82,313.24,303.33,309.97,2874537,42.61,84.55,27.19,26.88,260
2020-07-10,313.05,313.5,285.49,292.0,5622194,37.75,84.55,27.19,18.41,260
2020-07-17,294.42,307.69,287.52,306.84,6127786,43.48,84.55,27.19,28.4,260
2020-07-24,306.75,318.785,301.25,312.69,4252705,45.61,84.55,27.19,32.11,260
2020-07-31,311.01,329.46,305.88,325.01,5240421,49.88,84.55,27.19,39.57,260
2020-08-07,324.58,332.0,320.86,329.27,3898466,51.31,84.55,27.19,42.05,260
2020-08-14,330.36,345.41,330.36,342.06,4069399,55.41,84.55,27.19,49.21,260
2020-08-21,341.77,344.0,336.03,337.86,2394489,53.81,84.55,27.19,46.41,260
2020-08-28,338.7,349.23,338.0223,344.75,2661382,56.05,84.55,27.19,50.33,260
2020-09-04,343.2,352.12,337.11,339.03,3133942,53.72,84.55,27.19,46.26,260
2020-09-11,339.89,342.76,329.41,338.88,2318218,53.66,84.55,27.19,46.14,260
2020-09-18,340.75,346.885,334.73,341.5,2877771,54.66,84.55,27.19,47.89,260
2020-09-25,337.93,338.56,321.1688,328.0,3379552,48.8,84.55,27.19,37.68,260
2020-10-02,330.54,333.56,307.12,313.95,5307987,43.57,84.55,27.19,28.56,260
2020-10-09,315.85,322.47,308.89,315.28,4858149,44.18,84.55,27.19,29.62,260
2020-10-16,314.52,319.725,311.405,316.24,4838514,44.65,84.55,27.19,30.44,260
2020-10-23,316.04,318.89,302.99,308.43,4892812,41.61,84.55,27.19,25.14,260
2020-10-30,305.4,312.35,285.13,289.82,6103993,35.42,84.55,27.19,14.36,260
2020-11-06,294.48,324.257,292.745,301.36,5758259,41.25,84.55,27.19,24.52,260
2020-11-13,315.0,317.6,300.07,311.71,4502410,45.97,84.55,27.19,32.74,260
2020-11-20,315.38,316.42,305.2,306.42,3972008,44.02,84.55,27.19,29.35,260
2020-11-27,309.23,314.135,305.3,306.03,2757346,43.88,84.55,27.19,29.09,260
2020-12-04,305.3,309.87,297.74,307.23,4543334,44.49,84.55,27.19,30.17,260
2020-12-11,306.8,308.64,295.05,300.57,4428480,41.75,84.55,27.19,25.4,260
2020-12-18,301.98,306.99,297.75,303.13,6557539,43.2,84.55,27.19,27.92,260
2020-12-24,299.03,302.84,292.76,299.6,3513490,41.66,84.55,27.19,25.24,260
2020-12-31,300.51,305.55,299.15,304.72,2176211,44.73,84.55,27.19,30.59,260
2021-01-08,304.07,304.24,286.6,288.33,6581465,37.86,84.55,27.19,18.61,260
2021-01-15,287.76,308.84,287.15,300.75,6993473,44.78,84.55,27.19,30.68,260
2021-01-22,303.5,304.0,294.55,298.16,4311286,43.69,84.55,27.19,28.77,260
2021-01-29,299.68,305.2,282.88,286.61,6902172,39.11,84.55,27.19,20.78,260
2021-02-05,288.43,304.65,287.6,298.79,6966557,45.59,84.55,27.19,32.08,260
2021-02-12,301.0,306.65,296.11,297.36,5404628,44.98,84.55,27.19,31.03,260
2021-02-19,296.87,298.85,288.08,297.24,3972969,44.93,84.55,27.19,30.93,260
2021-02-26,295.1,306.48,291.6,291.66,6194314,42.39,84.55,27.19,26.5,260
2021-03-05,292.55,304.98,292.55,300.91,6167427,47.68,84.55,27.19,35.72,260
2021-03-12,303.39,310.17,295.87,301.79,5391462,48.16,84.55,27.19,36.57,260
2021-03-19,304.01,316.45,301.3,308.65,5784354,51.92,84.55,27.19,43.13,260
2021-03-26,308.04,323.19,307.31,319.02,5507536,57.0,84.55,27.19,51.98,260
2021-04-01,319.7,326.1462,319.7,322.24,3667839,58.47,84.55,27.19,54.54,260
2021-04-09,322.9,340.65,322.9,339.95,4871180,65.45,84.55,27.19,66.71,260
2021-04-16,340.0,347.82,337.71,346.43,4968564,67.6,84.55,27.19,70.45,260
2021-04-23,347.0,347.25,340.1101,342.04,4107688,64.67,84.55,27.19,65.34,260
2021-04-30,342.05,356.88,336.0255,354.44,4990396,68.78,84.55,27.19,72.52,260
2021-05-07,352.04,375.93,352.04,370.63,5658739,73.18,84.55,27.19,80.18,260
2021-05-14,373.3,378.61,362.54,371.61,4187524,73.42,84.55,27.19,80.6,260
2021-05-21,372.5,377.02,363.52,370.46,3539526,72.59,84.55,27.19,79.15,260
2021-05-28,372.7,374.38,365.4,365.87,3521201,69.21,84.55,27.19,73.26,260
2021-06-04,369.22,379.0299,364.49,377.51,3359069,72.68,84.55,27.19,79.31,260
2021-06-11,376.4,378.0,368.13,375.06,3805813,70.87,84.55,27.19,76.15,260
2021-06-18,372.45,378.18,365.24,367.19,5544569,65.24,84.55,27.19,66.34,260
2021-06-25,369.8,375.41,367.54,373.31,5671138,67.41,84.55,27.19,70.12,260
2021-07-02,373.39,373.39,360.0,369.2,3117637,64.5,84.55,27.19,65.05,260
2021-07-09,368.03,373.51,362.75,371.82,1908941,65.52,84.55,27.19,66.83,260
2021-07-16,370.16,373.98,361.34,362.81,3472118,59.21,84.55,27.19,55.83,260
2021-07-23,361.37,363.32,350.64,361.31,3438548,58.21,84.55,27.19,54.08,260
2021-07-30,357.92,369.84,355.3,363.02,3498699,59.06,84.55,27.19,55.57,260
2021-08-06,363.82,367.36,356.51,362.11,2417216,58.38,84.55,27.19,54.38,260
2021-08-13,361.72,367.35,358.87,363.11,2272753,58.94,84.55,27.19,55.36,260
2021-08-20,362.46,371.76,359.26,363.0,2980887,58.85,84.55,27.19,55.19,260
2021-08-27,365.0,368.4576,360.78,364.84,2503389,60.0,84.55,27.19,57.2,260
2021-09-03,364.75,369.3,363.91,365.93,2876857,60.7,84.55,27.19,58.42,260
2021-09-10,363.54,365.515,352.86,354.1,3358037,50.38,84.55,27.19,40.43,260
2021-09-17,355.74,357.55,347.02,350.24,4594275,47.54,84.55,27.19,35.48,260
2021-09-24,346.97,357.14,344.89,355.7,3209908,51.69,84.55,27.19,42.71,260
2021-10-01,356.64,366.0,355.81,360.92,3711977,55.33,84.55,27.19,49.05,260
2021-10-08,361.65,390.935,361.49,389.72,3690133,69.13,84.55,27.19,73.12,260
2021-10-15,390.04,396.72,383.58,395.36,3356235,71.02,84.55,27.19,76.42,260
2021-10-22,393.9,406.31,392.54,406.21,2131431,74.28,84.55,27.19,82.1,260
2021-10-29,405.62,408.03,352.0,357.22,6435734,48.01,84.55,27.19,36.31,260
2021-11-05,357.0,366.5399,349.5,364.37,4475660,50.75,84.55,27.19,41.08,260
2021-11-12,365.0,366.898,357.0,359.65,2563989,48.92,84.55,27.19,37.89,260
2021-11-19,360.5,361.59,345.9,353.13,4775345,46.43,84.55,27.19,33.54,260
2021-11-26,354.44,368.3,351.73,353.98,2850175,46.81,84.55,27.19,34.21,260
2021-12-03,355.32,358.8,345.91,357.84,3968200,48.59,84.55,27.19,37.32,260
2021-12-10,361.22,371.855,360.0101,371.06,3716822,54.26,84.55,27.19,47.19,260
2021-12-17,371.22,383.07,370.9,377.46,4344586,56.74,84.55,27.19,51.52,260
2021-12-23,376.21,384.17,367.0,381.17,2984766,58.16,84.55,27.19,53.99,260
2021-12-31,381.49,388.21,381.19,387.07,1813492,60.38,84.55,27.19,57.87,260
2022-01-07,386.95,401.15,382.74,400.42,4148463,64.93,84.55,27.19,65.8,260
2022-01-14,405.0,406.84,393.65,403.45,3937673,65.89,84.55,27.19,67.46,260
2022-01-21,403.335,408.97,395.89,398.81,3114278,63.05,84.55,27.19,62.52,260
2022-01-28,398.0,408.75,369.34,380.2,6121230,53.17,84.55,27.19,45.29,260
2022-02-04,376.76,378.14,364.62,369.75,4013551,48.56,84.55,27.19,37.26,260
2022-02-11,370.54,401.22,368.205,399.32,4528854,59.3,84.55,27.19,55.98,260
2022-02-18,397.0,401.36,380.3,391.25,5944012,55.87,84.55,27.19,50.01,260
2022-02-25,394.87,411.08,384.84,409.67,4186546,61.36,84.55,27.19,59.58,260
2022-03-04,414.31,472.94,413.93,468.57,9737613,72.95,84.55,27.19,79.78,260
2022-03-11,472.42,490.8215,435.69,436.3,9199693,61.98,84.55,27.19,60.66,260
2022-03-18,439.3,448.37,416.23,427.95,6407581,59.49,84.55,27.19,56.31,260
2022-03-25,435.24,460.43,432.11,458.18,3740210,64.98,84.55,27.19,65.89,260
2022-04-01,453.86,457.93,431.38,454.79,3526450,63.93,84.55,27.19,64.06,260
2022-04-08,455.43,477.26,444.365,463.66,3765904,65.5,84.55,27.19,66.79,260
2022-04-14,466.38,470.95,459.315,467.2,3185189,66.13,84.55,27.19,67.89,260
2022-04-22,467.2,473.8505,443.025,447.4,3387667,59.56,84.55,27.19,56.44,260
2022-04-29,443.99,452.48,432.39,439.4,4118162,57.09,84.55,27.19,52.13,260
2022-05-06,437.12,470.225,431.92,468.7,5113175,63.12,84.55,27.19,62.64,260
2022-05-13,465.96,466.92,442.7,452.83,4129058,58.34,84.55,27.19,54.31,260
2022-05-20,453.67,462.28,437.52,443.33,3321273,55.62,84.55,27.19,49.57,260
2022-05-27,446.65,476.49,446.3,470.76,3356455,61.24,84.55,27.19,59.36,260
2022-06-03,465.97,478.6,449.69,478.37,4585157,62.65,84.55,27.19,61.82,260
2022-06-10,479.27,492.3,453.0,463.82,3991210,58.28,84.55,27.19,54.2,260
2022-06-17,459.77,465.76,436.07,443.93,5444831,52.85,84.55,27.19,44.74,260
2022-06-24,448.64,464.78,448.615,463.7,2742745,57.12,84.55,27.19,52.19,260
2022-07-01,461.38,487.895,458.11,486.37,3674793,61.44,84.55,27.19,59.71,260
2022-07-08,479.06,486.86,455.455,480.43,3147722,59.74,84.55,27.19,56.76,260
2022-07-15,478.62,481.77,454.74,461.2,3586863,54.5,84.55,27.19,47.61,260
2022-07-22,463.0,464.39,443.13,451.85,3444902,52.1,84.55,27.19,43.43,260
2022-07-29,451.89,479.8,433.87,478.9,4489599,57.87,84.55,27.19,53.49,260
2022-08-05,481.37,488.36,469.385,477.59,3643456,57.51,84.55,27.19,52.86,260
2022-08-12,478.95,482.18,465.775,479.58,3385178,57.94,84.55,27.19,53.61,260
2022-08-19,477.97,497.2,475.09,490.75,3137557,60.36,84.55,27.19,57.84,260
2022-08-26,488.0,496.75,479.665,485.13,2495811,58.54,84.55,27.19,54.65,260
2022-09-02,480.05,489.17,474.74,476.95,2873896,55.88,84.55,27.19,50.03,260
2022-09-09,476.8,495.38,475.97,491.41,2364115,59.39,84.55,27.19,56.13,260
2022-09-16,491.05,491.11,465.25,485.2,4785951,57.28,84.55,27.19,52.47,260
2022-09-23,483.19,515.4899,474.08,478.82,5037687,55.12,84.55,27.19,48.7,260
2022-09-30,477.38,485.85,464.28,470.32,4674743,52.29,84.55,27.19,43.77,260
2022-10-07,476.44,497.12,474.0,496.09,4219852,59.14,84.03,27.19,56.21,260
2022-10-14,498.82,514.56,463.11,464.19,5749909,49.64,84.03,27.19,39.5,260
2022-10-21,467.21,525.35,466.26,522.66,6250862,61.76,84.03,27.19,60.83,260
2022-10-28,527.62,556.27,508.0,548.11,5578263,65.64,84.03,27.19,67.64,260
2022-11-04,544.8,553.66,510.01,522.77,5946006,59.2,84.03,27.19,56.32,260
2022-11-11,523.05,543.19,490.2,492.7,5546356,52.61,84.03,27.19,44.73,260
2022-11-18,496.0,524.79,478.46,520.42,6970787,57.33,84.03,27.19,53.02,260
2022-11-25,521.71,533.77,518.37,527.83,2305003,58.52,84.03,27.19,55.11,260
2022-12-02,524.72,549.87,521.6,545.6,3074777,61.3,84.03,27.19,60.01,260
2022-12-09,539.52,546.75,528.36,528.94,2799246,57.41,84.03,27.19,53.17,260
2022-12-16,530.5,537.67,521.61,529.87,3882506,57.57,84.03,27.19,53.45,260
2022-12-23,529.58,542.1,526.38,534.77,2854867,58.47,84.03,27.19,55.03,260
2022-12-30,538.0,546.87,537.0,545.61,2224731,60.46,84.03,27.19,58.53,260
2023-01-06,544.92,547.8,505.05,521.42,3406420,54.22,84.03,27.19,47.55,260
2023-01-13,518.03,518.03,454.785,461.43,7406189,42.5,84.03,27.19,26.94,260
2023-01-20,463.34,465.23,440.09,450.76,7369893,40.81,84.03,27.19,23.97,260
2023-01-27,451.97,473.204,430.935,437.65,8578572,38.77,84.03,27.19,20.39,260
2023-02-03,445.01,454.4552,435.63,440.64,6378161,39.52,84.03,27.19,21.69,260
2023-02-10,443.07,464.33,442.97,463.86,5301378,45.08,79.34,27.19,34.32,260
2023-02-17,467.81,470.99,456.37,470.63,4801656,46.63,74.28,27.19,41.28,260
2023-02-24,474.78,482.34,468.55,470.91,4186691,46.69,74.28,27.19,41.42,260
2023-03-03,470.63,474.1,459.25,467.38,3311057,45.91,74.28,27.19,39.77,260
2023-03-10,466.62,475.97,457.19,459.78,4380840,44.2,74.28,27.19,36.14,260
2023-03-17,454.69,462.87,439.87,443.6,7213398,40.73,74.28,27.19,28.75,260
2023-03-24,445.27,456.2,440.71,455.25,4199083,44.14,74.28,27.19,35.99,260
2023-03-31,459.09,463.32,455.18,461.72,2869944,45.99,74.28,27.19,39.93,260
2023-04-06,463.3,476.26,462.65,470.39,2355731,48.46,74.28,27.19,45.18,260
2023-04-14,470.98,478.17,466.03,472.57,2868796,49.1,74.28,27.19,46.52,260
2023-04-21,472.99,483.4,468.83,471.99,3857643,48.92,74.28,27.19,46.16,260
2023-04-28,471.16,472.6305,443.0,461.27,4776882,45.74,74.28,27.19,39.4,260
2023-05-05,461.95,466.0299,435.2,446.81,3041277,41.79,74.28,27.19,31.01,260
2023-05-12,448.33,450.95,433.18,438.76,2888514,39.73,74.28,27.19,26.65,260
2023-05-19,438.75,448.4,435.45,443.31,2680726,41.49,74.28,27.19,30.37,260
2023-05-26,442.09,446.35,429.1,438.32,3527505,40.11,74.28,27.19,27.44,260
2023-06-02,434.89,447.13,432.33,443.83,4038125,42.39,74.28,27.19,32.27,260
2023-06-09,446.99,459.71,442.05,454.26,3625500,46.53,74.28,27.19,41.07,260
2023-06-16,453.96,458.91,445.16,458.35,3625516,48.1,74.28,27.19,44.41,260
2023-06-23,458.95,462.63,452.63,454.05,2015082,46.55,74.28,27.19,41.12,260
2023-06-30,449.59,459.51,440.67,455.8,3196479,47.3,74.28,27.19,42.7,260
2023-07-07,453.11,460.68,450.765,452.45,1860158,45.97,74.28,27.19,39.89,260
2023-07-14,452.59,462.0,449.75,450.64,3031035,45.24,74.28,27.19,38.33,260
2023-07-21,451.87,460.64,438.645,453.42,4629934,46.65,74.28,27.19,41.33,260
2023-07-28,453.91,459.82,431.605,449.68,5140876,44.97,74.28,27.19,37.76,260
2023-08-04,450.5,450.5,437.67,438.54,3781050,40.31,74.28,27.19,27.87,260
2023-08-11,437.87,439.36,429.64,431.05,5036661,37.5,74.28,27.19,21.9,260
2023-08-18,431.23,437.54,421.73,430.17,2911182,37.17,74.28,27.19,21.2,260
2023-08-25,429.17,440.01,428.5,429.56,2654023,36.93,74.28,27.19,20.69,260
2023-09-01,429.34,437.44,426.0,435.62,2452616,41.02,74.28,27.19,29.38,260
2023-09-08,435.01,435.9,420.95,422.72,2559532,35.71,74.28,27.19,18.1,260
2023-09-15,423.31,435.74,416.71,433.49,3475760,42.42,74.28,27.19,32.34,260
2023-09-22,435.87,443.86,424.4,424.9,3341545,38.93,74.28,27.19,24.93,260
2023-09-29,423.32,443.23,420.12,440.19,4068700,47.25,74.28,27.19,42.59,260
2023-10-06,440.41,445.75,414.56,423.24,4373935,40.64,74.28,27.19,28.56,260
2023-10-13,448.8,490.99,448.73,490.15,7663582,62.77,74.28,27.19,75.56,260
2023-10-20,492.18,496.89,482.58,485.7,4467995,61.14,74.28,27.19,72.09,260
2023-10-27,486.27,492.0,468.9,473.07,4987441,56.64,74.28,27.19,62.53,260
2023-11-03,473.67,477.0,463.69,470.58,5102684,55.76,74.28,27.19,60.68,260
2023-11-10,472.62,474.37,457.16,463.27,4329346,53.18,74.28,27.19,55.19,260
2023-11-17,464.03,468.68,460.57,464.17,3684523,53.46,74.28,27.19,55.79,260
2023-11-24,464.52,473.61,462.51,471.52,1824280,55.84,74.28,27.19,60.84,260
2023-12-01,470.81,480.575,464.44,479.84,2984758,58.42,74.28,27.19,66.33,260
2023-12-08,478.49,483.6577,474.96,476.25,3101624,56.88,74.28,27.19,63.04,260
2023-12-15,476.97,486.395,455.0,461.05,4539113,50.74,74.28,27.19,50.02,260
2023-12-22,462.27,467.33,457.14,463.13,2798914,51.51,74.28,27.19,51.66,260
2023-12-29,462.56,468.93,462.4015,468.14,1589144,53.41,74.28,27.19,55.67,260
2024-01-05,469.19,483.83,467.2,469.89,2819114,54.08,74.28,27.19,57.1,260
2024-01-12,466.03,481.46,465.21,481.08,3021739,58.24,74.28,27.19,65.93,260
2024-01-19,481.5,482.9,468.52,470.48,3591869,53.31,74.28,27.19,55.48,260
2024-01-26,469.42,472.99,426.0,437.96,6577044,41.67,74.28,27.19,30.76,260
2024-02-02,440.0,449.7,435.15,446.58,10191802,45.09,74.28,27.19,38.03,260
2024-02-09,443.93,455.56,440.235,454.92,4426753,48.26,74.28,27.19,44.74,260
2024-02-16,455.0,455.64,443.0,450.96,4736994,46.88,74.28,27.19,41.81,260
2024-02-23,453.22,461.56,451.51,461.1,5028506,50.76,74.28,27.19,50.06,260
2024-03-01,462.27,465.75,453.82,454.9,3774186,48.43,74.28,27.19,45.11,260
2024-03-08,456.0,464.58,453.135,459.5,3761575,50.26,74.28,27.19,48.99,260
2024-03-15,459.48,464.39,454.53,461.75,3946101,51.17,74.28,27.19,50.92,260
2024-03-22,461.0,473.56,459.05,468.75,3298415,53.99,74.28,27.19,56.91,260
2024-03-28,471.32,480.7523,467.905,478.66,2406518,57.72,74.28,27.19,64.83,260
2024-04-05,478.39,478.82,452.5,454.5,6389794,47.6,74.28,27.19,43.34,260
2024-04-12,456.12,468.205,449.77,456.11,5012274,48.25,74.28,27.19,44.72,260
2024-04-19,461.96,464.61,446.22,462.58,5839504,50.89,74.28,27.19,50.33,260
2024-04-26,464.93,490.6,462.07,480.45,6233318,57.36,74.28,27.19,64.07,260
2024-05-03,481.5,490.2673,465.23,469.09,5636334,52.61,74.28,27.19,53.99,260
2024-05-10,470.34,476.3,467.31,474.8,3911243,54.65,74.28,27.19,58.31,260
2024-05-17,475.2,480.725,466.325,470.22,3504376,52.69,74.28,27.19,54.16,260
2024-05-24,471.9,475.34,464.86,466.43,3193347,51.07,74.28,27.19,50.71,260
2024-05-31,465.13,465.13,444.83,450.77,6313426,44.9,74.28,27.19,37.62,260
2024-06-07,449.2,453.4,439.82,440.04,4000501,41.23,74.28,27.19,29.83,260
2024-06-14,440.0,441.87,418.6,424.09,6204695,36.46,74.28,27.19,19.69,260
2024-06-21,423.04,436.8,422.19,432.09,4749451,40.2,74.28,27.19,27.63,260
2024-06-28,433.9,438.1,427.11,435.95,4666088,41.97,74.28,27.19,31.4,260
2024-07-05,437.6,440.5,432.49,434.73,1963833,41.55,74.28,27.19,30.51,260
2024-07-12,435.15,437.69,422.69,432.24,3809451,40.66,74.28,27.19,28.61,260
2024-07-19,434.01,445.86,431.065,437.94,4017169,43.65,74.28,27.19,34.95,260
2024-07-26,437.6,484.445,435.105,480.3,5988642,59.83,74.28,27.19,69.32,260
2024-08-02,481.05,505.0,475.02,494.55,5120607,63.62,74.28,27.19,77.36,260
2024-08-09,497.48,506.83,480.68,494.34,3512615,63.52,74.28,27.19,77.15,260
2024-08-16,495.49,507.73,492.0,506.66,3615984,66.67,74.28,27.19,83.83,260
2024-08-23,506.75,511.87,500.52,509.34,2380400,67.33,74.28,27.19,85.23,260
2024-08-30,510.36,523.62,508.0,523.21,2810350,70.57,74.28,27.19,92.13,260
2024-09-06,522.65,528.76,514.73,515.0,2294639,66.37,74.28,27.19,83.2,260
2024-09-13,517.0,527.01,508.13,519.78,2620312,67.58,74.28,27.19,85.77,260
2024-09-20,524.16,527.5,513.22,525.13,3093234,68.93,74.28,27.19,88.63,260
2024-09-27,525.24,534.61,521.97,526.79,2444257,69.35,74.28,27.19,89.54,260
2024-10-04,526.72,555.5657,521.895,536.74,3686676,71.85,74.28,27.19,94.83,260
2024-10-11,536.26,539.3,525.88,528.7,1985325,67.1,74.28,27.19,84.75,260
2024-10-18,530.65,536.12,522.12,530.79,3741210,67.7,74.28,27.19,86.02,260
2024-10-25,533.73,536.89,515.44,519.35,4003507,61.15,74.28,27.19,72.12,260
2024-11-01,519.27,519.27,501.85,506.95,3468082,54.95,74.28,27.19,58.95,260
2024-11-08,507.79,531.2699,502.14,528.99,3284703,62.27,74.28,27.19,74.5,260
2024-11-15,532.93,539.76,490.87,493.99,4578357,48.72,74.28,27.19,45.74,260
2024-11-22,494.85,500.0,487.44,496.87,3322147,49.69,74.28,27.19,47.79,260
2024-11-29,493.5,493.99,478.42,489.65,3575385,47.28,74.28,27.19,42.67,260
2024-12-06,487.0,489.18,470.55,473.65,3816689,42.37,74.28,27.19,32.24,260
2024-12-13,471.45,486.22,470.5979,480.0,4795422,44.82,74.28,27.19,37.44,260
2024-12-20,478.84,486.89,462.81,469.54,4460121,41.68,74.28,27.19,30.77,260
2024-12-27,469.37,474.65,464.1225,471.35,1487668,42.43,74.28,27.19,32.36,260
2025-01-03,467.82,476.09,465.1835,467.82,2102992,41.31,74.28,27.19,29.99,260
2025-01-10,465.27,466.22,450.81,458.69,3346463,38.48,74.28,27.19,23.98,260
2025-01-17,458.69,483.43,458.69,482.38,3963352,48.36,74.28,27.19,44.96,260
2025-01-24,490.0,507.67,489.54,497.02,3973498,53.34,74.28,27.19,55.54,260
2025-01-31,502.39,507.38,469.7273,487.27,4912049,49.89,74.28,27.19,48.21,260
2025-02-07,488.41,493.33,462.24,468.58,3979231,44.01,74.28,27.19,35.72,260
2025-02-14,469.81,477.47,434.15,438.9,5432513,36.62,74.28,27.19,20.03,260
2025-02-21,445.35,451.08,426.24,447.96,5755886,39.94,74.28,27.19,27.07,260
2025-02-28,450.23,464.93,449.205,461.74,5519846,44.67,74.28,27.19,37.13,260
2025-03-07,466.36,491.1,463.14,486.52,5749390,52.01,74.28,27.19,52.7,260
2025-03-14,486.44,510.21,471.89,484.93,6990295,51.53,74.28,35.42,41.46,260
2025-03-21,484.48,497.66,483.9877,490.72,4985662,53.2,74.28,35.42,45.75,260
2025-03-28,491.0,518.69,489.0949,512.19,4098941,58.85,74.28,35.42,60.28,260
2025-04-04,512.0,525.0,484.89,485.52,5192087,50.67,74.28,35.42,39.23,260
2025-04-11,480.14,537.75,472.9637,533.99,7053026,61.22,74.28,35.42,66.38,260
2025-04-17,529.84,544.76,525.71,540.39,4125426,62.36,74.28,35.42,69.33,260
2025-04-25,540.0,540.0,450.13,473.2,11195333,46.76,74.28,35.42,29.18,260
2025-05-02,475.55,498.53,475.54,491.42,7030001,50.38,74.28,35.42,38.51,260
2025-05-09,493.58,496.21,475.88,482.62,3921663,48.66,74.28,35.42,34.07,260
2025-05-16,479.95,482.79,453.01,473.17,5713398,46.81,74.28,35.42,29.31,260
2025-05-23,476.12,481.11,468.2864,471.46,4465436,46.47,74.28,35.42,28.42,260
2025-05-30,471.62,485.99,468.5,484.77,3961575,49.58,74.28,35.42,36.43,260
2025-06-06,481.13,495.9,478.92,489.41,3117496,50.65,74.28,35.42,39.2,260
2025-06-13,490.0,519.43,472.02,516.72,4528003,56.54,74.28,35.42,54.33,260
2025-06-20,510.81,515.0,488.0,497.7,3641993,51.9,74.28,35.42,42.39,260
2025-06-27,500.81,508.32,481.28,494.0,4385095,51.02,74.28,35.42,40.14,260
2025-07-03,495.31,505.19,489.52,504.2,2495067,53.36,74.28,35.42,46.16,260
2025-07-11,506.2,515.195,500.835,514.6,3305191,55.68,74.28,35.42,52.14,260
2025-07-18,517.0,528.27,513.33,519.04,3308789,56.68,74.28,35.42,54.7,260
2025-07-25,518.31,576.86,514.39,569.74,6089778,66.04,74.28,35.42,78.78,260
2025-08-01,569.24,587.88,563.64,586.44,3881432,68.45,74.28,35.42,85.0,260
2025-08-08,585.69,594.68,579.15,581.11,4244845,66.82,74.28,35.42,80.79,260
2025-08-15,579.81,586.8866,575.45,583.96,3345277,67.27,74.28,35.42,81.95,260
2025-08-22,587.47,600.99,582.2225,592.44,3230746,68.63,74.28,35.42,85.46,260
2025-08-29,592.0,595.85,580.9,590.04,3167723,67.77,74.28,35.42,83.25,260
2025-09-05,591.88,596.1647,574.82,580.8,2233832,64.42,74.28,35.42,74.63,260
2025-09-12,574.99,585.76,570.0,575.96,3463222,62.68,74.28,35.42,70.13,260
2025-09-19,574.0,587.24,565.5,573.03,4976818,61.59,74.28,35.42,67.33,260
2025-09-26,573.69,594.96,570.26,594.52,3592323,66.22,74.28,35.42,79.26,260
2025-10-03,598.31,610.85,591.51,609.54,3028496,69.03,74.28,35.42,86.5,260
2025-10-10,609.12,640.901,609.0,623.49,3985469,71.41,74.28,35.42,92.62,260
2025-10-17,619.97,627.41,591.68,594.5,3164375,60.93,74.28,35.42,65.65,260
2025-10-24,599.66,609.82,571.36,605.58,5178224,63.16,74.28,35.71,71.16,260
2025-10-31,604.87,605.65,575.82,583.45,3883025,56.26,74.28,35.71,53.29,260
2025-11-07,580.44,581.19,562.44,568.61,2941729,52.15,74.28,35.71,42.63,260
2025-11-14,564.8,570.79,553.365,558.0,4059929,49.37,74.28,35.71,35.42,260
2025-11-21,559.98,573.305,556.29,566.7,4257605,51.65,74.28,35.71,41.32,260
2025-11-28,562.92,582.6,560.0,572.25,2518827,53.1,74.28,35.71,45.07,260
2025-12-05,567.73,568.5,543.66,548.97,4003044,46.77,74.28,35.71,28.68,260
2025-12-12,549.0,571.6,546.51,569.76,3187835,52.24,74.28,35.71,42.86,260
2025-12-19,569.14,575.79,557.59,568.46,3978798,51.88,74.28,35.71,41.93,260
2025-12-26,568.9,587.2911,568.9,577.37,1527815,54.21,74.28,35.71,47.95,260
2026-01-02,577.92,585.85,564.5,585.66,1673380,56.32,74.28,35.71,53.43,260
2026-01-09,593.96,638.84,574.51,618.82,8672509,63.56,74.28,35.71,72.22,260
2026-01-16,623.63,669.68,619.68,666.9,5832319,71.06,74.28,35.71,91.65,260
2026-01-23,665.93,677.3,653.02,672.95,3209025,71.84,74.28,35.71,93.68,260
2026-01-30,670.0,705.445,636.0,692.26,5627863,74.24,74.28,35.71,99.91,260
2026-02-06,685.0,711.88,675.4,709.11,5330260,76.16,76.16,35.71,100.0,260
2026-02-13,712.15,715.61,674.75,702.57,4079341,73.86,76.16,35.71,94.34,260
2026-02-20,702.56,745.55,698.7336,723.56,3561713,76.33,76.33,35.71,100.0,260
2026-02-27,721.26,734.58,691.0303,724.38,4421499,76.42,76.42,35.71,100.0,260
2026-03-06,745.0,774.0,734.355,756.13,5676711,79.75,79.75,35.71,100.0,260
2026-03-13,763.0,765.58,726.575,733.71,3410922,72.01,79.75,35.71,82.43,260
2026-03-20,733.53,737.395,701.0,706.95,4483313,64.03,79.75,35.71,64.3,260
2026-03-27,705.85,706.73,668.2,679.0,3662022,56.93,79.75,35.71,48.18,260
2026-04-02,689.04,708.55,663.925,702.5,2643488,60.86,79.75,35.71,57.1,260
2026-04-10,701.0,703.06,665.0,673.73,3978964,54.32,79.75,35.71,42.26,260
2026-04-17,677.72,683.869,663.02,665.26,3014752,52.53,79.75,35.71,38.2,260
2026-04-24,667.0,673.34,569.0,575.11,6153216,38.14,79.75,35.71,5.52,260
2026-05-01,577.0,588.26,567.3299,568.14,3498969,37.29,79.75,35.71,3.59,260
2026-05-08,567.31,577.5,544.2401,549.52,3988720,35.04,79.75,35.04,0.0,260
2026-05-15,546.0,559.46,539.14,540.69,3094467,33.99,79.75,33.99,0.0,260
2026-05-22,540.0,557.69,539.0,555.58,4529100,37.39,79.75,33.99,7.42,260
2026-05-29,557.73,563.93,548.55,563.68,4163939,39.22,79.75,33.99,11.43,260
2026-06-05,559.93,559.93,525.73,544.4,5960160,36.49,79.75,33.99,5.45,260
2026-06-12,542.03,559.7,531.5,550.33,4450427,37.92,79.75,33.99,8.58,260
2026-06-18,542.35,558.7999,515.38,521.5,4927578,33.91,79.75,33.91,0.0,260
2026-06-26,515.59,519.63,498.13,500.03,5496144,31.26,79.75,31.26,0.0,260
2026-07-02,502.0,549.01,493.84,549.01,5087718,42.34,79.75,31.26,22.84,260
2026-07-10,547.0,552.625,528.02,539.63,3970305,40.97,79.75,31.26,20.04,260
2026-07-17,540.52,545.54,517.16,521.57,4549603,38.41,79.75,31.26,14.75,260
2026-07-24,523.48,546.76,479.02,542.24,6274725,42.82,79.75,31.26,23.84,260
2026-07-31,542.44,565.42,519.77,542.48,4013511,42.87,79.75,31.26,23.95,260
2026-08-07,546.02,572.75,541.0896,571.58,3101368,48.84,79.75,31.26,36.26,260
2026-08-14,575.0,586.36,569.51,585.87,2709310,51.52,79.75,31.26,41.79,260
2026-08-21,581.85,594.51,550.18,551.03,4259199,45.29,79.75,31.26,28.94,260
2026-08-28,553.0,553.61,540.04,545.57,2763928,44.39,79.75,31.26,27.07,260
2026-09-04,539.63,549.77,512.54,514.98,3812126,39.61,79.75,31.26,17.22,260
2026-09-11,516.0,526.94,515.06,518.97,3429035,40.51,79.75,31.26,19.07,260
2026-09-18,524.37,536.6199,518.335,527.39,4556114,42.46,79.75,31.26,23.09,260
2026-09-22,524.49,529.0,505.7505,509.86,2079381,39.55,79.75,31.26,17.1,260
