Semana,Open,High,Low,Close,Volume,RSI,RSI_max_5a,RSI_min_5a,Posicion,Semanas_ventana
1991-12-20,0.3214,0.3645,0.3214,0.3453,5727400,,,,,0
1991-12-27,0.3501,0.4269,0.3357,0.4077,940400,,,,,0
1992-01-03,0.4077,0.5468,0.3981,0.5372,1481700,,,,,0
1992-01-10,0.5516,0.5516,0.4173,0.4604,2704000,,,,,0
1992-01-17,0.47,0.5228,0.4557,0.4844,727100,,,,,0
1992-01-24,0.4796,0.4892,0.4509,0.4557,494100,,,,,0
1992-01-31,0.4652,0.47,0.4221,0.4604,383100,,,,,0
1992-02-07,0.4604,0.494,0.4173,0.4509,823000,,,,,0
1992-02-14,0.4365,0.4748,0.4221,0.4461,451100,,,,,0
1992-02-21,0.4461,0.4461,0.4029,0.4029,375900,,,,,0
1992-02-28,0.4029,0.4173,0.3549,0.3933,728700,,,,,0
1992-03-06,0.3933,0.4077,0.3357,0.3549,597200,,,,,0
1992-03-13,0.3597,0.3837,0.3357,0.3693,528400,,,,,0
1992-03-20,0.3693,0.4461,0.3549,0.4269,558100,,,,,0
1992-03-27,0.4365,0.4413,0.4077,0.4125,570100,56.48,56.48,56.48,,1
1992-04-03,0.4125,0.4461,0.3741,0.3981,560100,54.84,56.48,54.84,0.0,2
1992-04-10,0.4029,0.4221,0.3885,0.4125,417200,56.21,56.48,54.84,83.49,3
1992-04-16,0.4125,0.4604,0.4029,0.4388,400900,58.68,58.68,54.84,100.0,4
1992-04-24,0.4317,0.47,0.4317,0.4365,348000,58.37,58.68,54.84,91.92,5
1992-05-01,0.4461,0.4461,0.3933,0.4077,282000,54.49,58.68,54.49,0.0,6
1992-05-08,0.4077,0.4221,0.3981,0.4077,177700,54.49,58.68,54.49,0.0,7
1992-05-15,0.4221,0.4221,0.3549,0.3597,438100,48.29,58.68,48.29,0.0,8
1992-05-22,0.3693,0.3693,0.3309,0.3501,554800,47.14,58.68,47.14,0.0,9
1992-05-29,0.3549,0.3645,0.3405,0.3526,296000,47.49,58.68,47.14,3.05,10
1992-06-05,0.3549,0.3981,0.3501,0.3885,580800,52.39,58.68,47.14,45.56,11
1992-06-12,0.3789,0.3933,0.3357,0.3933,823700,53.03,58.68,47.14,51.03,12
1992-06-19,0.3789,0.3981,0.3405,0.3453,367600,46.4,58.68,46.4,0.0,13
1992-06-26,0.3405,0.3549,0.3261,0.3453,218400,46.4,58.68,46.4,0.0,14
1992-07-02,0.3597,0.3885,0.3549,0.3693,218900,50.02,58.68,46.4,29.51,15
1992-07-10,0.3741,0.3741,0.3597,0.3645,176400,49.3,58.68,46.4,23.66,16
1992-07-17,0.3645,0.3693,0.3309,0.3428,484800,46.08,58.68,46.08,0.0,17
1992-07-24,0.3405,0.3405,0.2878,0.2974,820400,40.16,58.68,40.16,0.0,18
1992-07-31,0.307,0.3405,0.3022,0.3405,573900,47.11,58.68,40.16,37.54,19
1992-08-07,0.3405,0.3501,0.2974,0.3118,265000,43.48,58.68,40.16,17.95,20
1992-08-14,0.3118,0.3118,0.3022,0.3118,165300,43.48,58.68,40.16,17.95,21
1992-08-21,0.307,0.3214,0.2926,0.2974,300600,41.63,58.68,40.16,7.92,22
1992-08-28,0.2926,0.307,0.2926,0.307,101300,43.36,58.68,40.16,17.3,23
1992-09-04,0.2997,0.3118,0.2926,0.3022,312600,42.68,58.68,40.16,13.61,24
1992-09-11,0.3022,0.3118,0.2782,0.2782,411500,39.34,58.68,39.34,0.0,25
1992-09-18,0.2926,0.2926,0.2494,0.2734,456500,38.69,58.68,38.69,0.0,26
1992-09-25,0.2734,0.2734,0.2398,0.2661,532200,37.66,58.68,37.66,0.0,27
1992-10-02,0.2734,0.3549,0.2542,0.3261,1740400,49.5,58.68,37.66,56.33,28
1992-10-09,0.3261,0.4077,0.307,0.3789,1299100,57.19,58.68,37.66,92.94,29
1992-10-16,0.3885,0.4748,0.3741,0.4509,982900,65.02,65.02,37.66,100.0,30
1992-10-23,0.4604,0.4844,0.4365,0.4748,1046300,67.17,67.17,37.66,100.0,31
1992-10-30,0.4748,0.4844,0.4173,0.47,1033500,66.29,67.17,37.66,97.02,32
1992-11-06,0.4557,0.5132,0.4413,0.4796,1527000,67.22,67.22,37.66,100.0,33
1992-11-13,0.4652,0.518,0.4652,0.5132,742900,70.29,70.29,37.66,100.0,34
1992-11-20,0.518,0.5612,0.4988,0.542,866600,72.65,72.65,37.66,100.0,35
1992-11-27,0.542,0.5516,0.5324,0.5468,390500,73.04,73.04,37.66,100.0,36
1992-12-04,0.5468,0.5516,0.4844,0.4892,748100,61.79,73.04,37.66,68.21,37
1992-12-11,0.4988,0.5132,0.47,0.4796,508800,60.13,73.04,37.66,63.51,38
1992-12-18,0.4892,0.494,0.4461,0.4604,215200,56.84,73.04,37.66,54.21,39
1992-12-24,0.4604,0.5372,0.4461,0.518,443200,63.32,73.04,37.66,72.54,40
1992-12-31,0.5372,0.5372,0.4652,0.4652,379500,55.14,73.04,37.66,49.41,41
1993-01-08,0.4652,0.5132,0.4317,0.4821,987500,57.06,73.04,37.66,54.82,42
1993-01-15,0.4796,0.6667,0.47,0.6475,1903500,70.38,73.04,37.66,92.48,43
1993-01-22,0.6427,0.6715,0.566,0.566,1453100,60.42,73.04,37.66,64.35,44
1993-01-29,0.5804,0.6187,0.566,0.566,1082400,60.42,73.04,37.66,64.35,45
1993-02-05,0.5756,0.6859,0.5516,0.6427,2585700,65.72,73.04,37.66,79.31,46
1993-02-12,0.6427,0.7194,0.6139,0.6379,1273800,65.13,73.04,37.66,77.65,47
1993-02-19,0.6379,0.6379,0.5564,0.6091,1590000,61.58,73.04,37.66,67.61,48
1993-02-26,0.6187,0.6523,0.5852,0.6043,1508700,60.98,73.04,37.66,65.93,49
1993-03-05,0.6043,0.7482,0.602,0.7074,2533400,68.13,73.04,37.66,86.12,50
1993-03-12,0.7147,0.7914,0.7003,0.7482,1913300,70.44,73.04,37.66,92.65,51
1993-03-19,0.7722,0.8777,0.7194,0.8298,1677100,74.42,74.42,37.66,100.0,52
1993-03-26,0.8394,0.9017,0.825,0.8729,1710100,76.25,76.25,37.66,100.0,53
1993-04-02,0.8585,1.0024,0.8585,0.9257,1728400,78.29,78.29,37.66,100.0,54
1993-04-08,0.9449,0.988,0.8825,0.9353,1567800,78.65,78.65,37.66,100.0,55
1993-04-16,0.9401,0.9401,0.7578,0.801,2196300,62.95,78.65,37.66,61.7,56
1993-04-23,0.7626,0.9113,0.7386,0.8442,2152800,65.35,78.65,37.66,67.54,57
1993-04-30,0.8537,0.8873,0.7866,0.8729,1213100,66.88,78.65,37.66,71.29,58
1993-05-07,0.8729,0.8777,0.7818,0.8489,1010000,64.32,78.65,37.66,65.05,59
1993-05-14,0.8681,0.9209,0.8058,0.825,1507500,61.78,78.65,37.66,58.83,60
1993-05-21,0.8298,0.9017,0.7914,0.8489,947300,63.34,78.65,37.66,62.65,61
1993-05-28,0.8489,0.9113,0.825,0.8681,571700,64.59,78.65,37.66,65.69,62
1993-06-04,0.8537,0.9209,0.8298,0.909,637300,67.15,78.65,37.66,71.95,63
1993-06-11,0.9017,0.9737,0.8729,0.9737,1039600,70.76,78.65,37.66,80.75,64
1993-06-18,0.9593,1.1175,0.9545,1.0312,2904100,73.54,78.65,37.66,87.54,65
1993-06-25,1.0456,1.0744,0.9737,1.06,874700,74.83,78.65,37.66,90.69,66
1993-07-02,1.06,1.1511,1.06,1.1367,3797700,77.93,78.65,37.66,98.24,67
1993-07-09,1.1367,1.1751,1.1175,1.1655,1093100,78.97,78.97,37.66,100.0,68
1993-07-16,1.1751,1.1751,1.1271,1.1511,1028100,77.01,78.97,37.66,95.25,69
1993-07-23,1.2039,1.3478,1.1943,1.3357,2343000,82.88,82.88,37.66,100.0,70
1993-07-30,1.3382,1.3526,1.2422,1.2902,1563800,77.62,82.88,37.66,88.37,71
1993-08-06,1.3046,1.3765,1.2422,1.3622,1616500,79.8,82.88,37.66,93.2,72
1993-08-13,1.3622,1.4581,1.3334,1.4533,2021800,82.18,82.88,37.66,98.45,73
1993-08-20,1.4485,1.5252,1.4293,1.4892,1568900,83.02,83.02,37.66,100.0,74
1993-08-27,1.5012,1.5828,1.4869,1.5012,1835000,83.31,83.31,37.66,100.0,75
1993-09-03,1.4965,1.5588,1.4245,1.5252,1956400,83.89,83.89,37.66,100.0,76
1993-09-10,1.53,1.53,1.3238,1.4606,2713600,76.17,83.89,37.66,83.31,77
1993-09-17,1.4533,1.4965,1.3142,1.4629,2906200,76.26,83.89,37.66,83.49,78
1993-09-24,1.4798,1.602,1.4341,1.578,2233600,80.04,83.89,37.66,91.66,79
1993-10-01,1.5828,1.6643,1.53,1.5444,2465200,76.23,83.89,37.66,83.42,80
1993-10-08,1.5396,1.5972,1.4581,1.5204,2348100,73.53,83.89,37.66,77.59,81
1993-10-15,1.5252,1.6547,1.5204,1.6403,1848800,77.76,83.89,37.66,86.74,82
1993-10-22,1.6307,1.6643,1.4869,1.4965,2757900,64.45,83.89,37.66,57.95,83
1993-10-29,1.4965,1.5204,1.3382,1.4677,3437000,62.16,83.89,37.66,52.99,84
1993-11-05,1.4725,1.554,1.2758,1.3382,4296000,53.02,83.89,37.66,33.22,85
1993-11-12,1.3861,1.4965,1.3813,1.4101,3204600,56.82,83.89,37.66,41.44,86
1993-11-19,1.4005,1.4005,1.0216,1.0408,8430200,39.27,83.89,37.66,3.48,87
1993-11-26,1.012,1.1319,0.9976,1.0744,2553200,41.05,83.89,37.66,7.33,88
1993-12-03,1.0648,1.1607,0.9689,1.1367,4070100,44.32,83.89,37.66,14.4,89
1993-12-10,1.1127,1.1463,0.988,1.0168,1952000,39.76,83.89,37.66,4.53,90
1993-12-17,0.9976,1.0888,0.9976,1.0744,1961000,42.8,83.89,37.66,11.11,91
1993-12-23,1.0888,1.1223,1.06,1.084,1369800,43.32,83.89,37.66,12.23,92
1993-12-31,1.084,1.084,1.0049,1.0168,1378800,40.57,83.89,37.66,6.28,93
1994-01-07,1.0168,1.0408,0.9784,0.988,1790900,39.41,83.89,37.66,3.78,94
1994-01-14,0.9784,1.0552,0.8825,1.0385,4065100,42.5,83.89,37.66,10.47,95
1994-01-21,0.9353,0.988,0.8969,0.9282,3234800,37.94,83.89,37.66,0.61,96
1994-01-28,0.9282,0.9689,0.9113,0.9497,1185800,39.31,83.89,37.66,3.56,97
1994-02-04,0.9497,0.9641,0.8585,0.8777,983600,36.42,83.89,36.42,0.0,98
1994-02-11,0.8369,0.9209,0.8298,0.8873,1752200,37.08,83.89,36.42,1.4,99
1994-02-18,0.8873,0.8969,0.7578,0.8154,4199200,34.2,83.89,34.2,0.0,100
1994-02-25,0.8154,0.8442,0.777,0.8154,3099750,34.2,83.89,34.2,0.0,101
1994-03-04,0.8442,1.0744,0.8154,0.988,6657700,45.91,83.89,34.2,23.56,102
1994-03-11,1.0168,1.0168,0.9209,0.9784,1900800,45.43,83.89,34.2,22.59,103
1994-03-18,0.9976,1.1127,0.9784,1.0936,3864100,51.97,83.89,34.2,35.75,104
1994-03-25,1.0936,1.0936,0.9976,0.9976,1811100,46.92,83.89,34.2,25.6,105
1994-03-31,1.0264,1.0264,0.8633,0.9401,1875700,44.15,83.89,34.2,20.02,106
1994-04-08,0.8921,0.9401,0.8537,0.8729,1790500,41.1,83.89,34.2,13.89,107
1994-04-15,0.8633,0.8729,0.7578,0.8729,2370200,41.1,83.89,34.2,13.89,108
1994-04-22,0.8825,0.9067,0.7482,0.8058,2044800,38.05,83.89,34.2,7.75,109
1994-04-29,0.8058,0.8633,0.777,0.8154,961000,38.75,83.89,34.2,9.16,110
1994-05-06,0.8154,0.8346,0.7674,0.7866,853600,37.39,83.89,34.2,6.42,111
1994-05-13,0.7866,0.7962,0.6427,0.6573,3690400,31.95,83.89,31.95,0.0,112
1994-05-20,0.6619,0.729,0.6331,0.6907,2179300,34.6,83.89,31.95,5.09,113
1994-05-27,0.6907,0.7194,0.6427,0.6523,2656300,33.01,83.89,31.95,2.03,114
1994-06-03,0.6619,0.7003,0.5947,0.6907,3484800,36.16,83.89,31.95,8.11,115
1994-06-10,0.6907,0.7194,0.6715,0.7053,2251000,37.37,83.89,31.95,10.43,116
1994-06-17,0.7099,0.729,0.6619,0.6715,2121500,35.69,83.89,31.95,7.19,117
1994-06-24,0.6619,0.6619,0.5947,0.6139,1484300,32.96,83.89,31.95,1.94,118
1994-07-01,0.5947,0.6907,0.5947,0.6139,1205100,32.96,83.89,31.95,1.94,119
1994-07-08,0.6331,0.6331,0.5756,0.5852,2230700,31.57,83.89,31.57,0.0,120
1994-07-15,0.6043,0.7482,0.5852,0.729,3876900,44.28,83.89,31.57,24.31,121
1994-07-22,0.7482,0.7482,0.6235,0.7003,3551000,42.58,83.89,31.57,21.05,122
1994-07-29,0.729,0.7482,0.6811,0.6907,1697900,42.0,83.89,31.57,19.94,123
1994-08-05,0.6907,0.7003,0.6715,0.6811,908800,41.39,83.89,31.57,18.78,124
1994-08-12,0.7003,0.8346,0.6811,0.825,2076200,52.49,83.89,31.57,39.99,125
1994-08-19,0.825,0.8825,0.7866,0.8346,2379000,53.13,83.89,31.57,41.21,126
1994-08-26,0.8346,0.8825,0.8154,0.8683,1080700,55.4,83.89,31.57,45.54,127
1994-09-02,0.8537,0.9017,0.777,0.777,2411000,48.55,83.89,31.57,32.47,128
1994-09-09,0.777,0.9689,0.777,0.9474,5098500,58.78,83.89,31.57,52.02,129
1994-09-16,0.9593,1.0168,0.9209,1.0072,3417700,61.67,83.89,31.57,57.53,130
1994-09-23,1.0072,1.0456,0.9305,0.9976,3375700,60.93,83.89,31.57,56.12,131
1994-09-30,1.0072,1.0072,0.9305,0.9712,1454000,58.85,83.89,31.57,52.13,132
1994-10-07,0.9784,1.1032,0.9593,1.084,5075900,64.43,83.89,31.57,62.81,133
1994-10-14,1.084,1.1032,1.0264,1.0744,3927500,63.64,83.89,31.57,61.3,134
1994-10-21,1.0744,1.1607,1.036,1.1369,3057400,66.53,83.89,31.57,66.82,135
1994-10-28,1.1319,1.1607,1.0456,1.1415,2525600,66.74,83.89,31.57,67.22,136
1994-11-04,1.1273,1.1991,1.0936,1.1127,2373600,64.04,83.89,31.57,62.07,137
1994-11-11,1.1703,1.2854,1.1465,1.2375,4611400,69.75,83.89,31.57,72.97,138
1994-11-18,1.2566,1.295,1.1799,1.1799,3738300,64.65,83.89,31.57,63.23,139
1994-11-25,1.1703,1.2087,1.0936,1.1991,2219900,65.55,83.89,31.57,64.95,140
1994-12-02,1.1991,1.2566,1.1032,1.1415,2053900,60.55,83.89,31.57,55.39,141
1994-12-09,1.1415,1.1991,0.9976,1.084,2998300,55.95,83.89,31.57,46.61,142
1994-12-16,1.0744,1.0744,0.8537,0.9305,5097600,45.94,83.89,31.57,27.46,143
1994-12-23,0.9305,1.0264,0.9305,1.0072,1887500,50.69,83.89,31.57,36.55,144
1994-12-30,0.988,0.9976,0.9113,0.9209,1277500,45.81,83.89,31.57,27.22,145
1995-01-06,0.9113,0.9593,0.8921,0.9232,1020700,45.96,83.89,31.57,27.51,146
1995-01-13,0.9401,0.9401,0.8058,0.8154,3435000,40.35,83.89,31.57,16.78,147
1995-01-20,0.7866,0.9784,0.7866,0.9113,4188700,46.6,83.89,31.57,28.72,148
1995-01-27,0.8921,1.1127,0.8729,1.0936,5233700,56.02,83.89,31.57,46.73,149
1995-02-03,1.0985,1.1415,1.0072,1.0744,4005300,54.92,83.89,31.57,44.63,150
1995-02-10,1.0648,1.1032,1.0552,1.084,1579900,55.39,83.89,31.57,45.53,151
1995-02-17,1.0744,1.084,0.9784,0.988,1448200,49.79,83.89,31.57,34.82,152
1995-02-24,0.9976,1.1032,0.9593,1.084,3825600,54.72,83.89,31.57,44.25,153
1995-03-03,1.0744,1.1319,1.0456,1.1223,2143700,56.56,83.89,31.57,47.76,154
1995-03-10,1.0936,1.1415,1.0552,1.1223,3967300,56.56,83.89,31.57,47.76,155
1995-03-17,1.1223,1.2662,1.0698,1.2566,6537500,62.7,83.89,31.57,59.51,156
1995-03-24,1.2566,1.3238,1.1703,1.247,4288000,62.03,83.89,31.57,58.22,157
1995-03-31,1.2279,1.3526,1.1895,1.2566,3461600,62.46,83.89,31.57,59.05,158
1995-04-07,1.2662,1.2662,1.0744,1.1511,6074000,55.0,83.89,31.57,44.78,159
1995-04-13,1.0985,1.1465,0.988,1.0314,4835300,47.99,83.89,31.57,31.39,160
1995-04-21,1.0264,1.0744,0.9259,1.0072,5107900,46.7,83.89,31.57,28.91,161
1995-04-28,1.0026,1.041,0.9401,1.0072,2998900,46.7,83.89,31.57,28.91,162
1995-05-05,0.993,1.0072,0.9547,0.9738,1685900,44.76,83.89,31.57,25.22,163
1995-05-12,0.9689,1.1895,0.9355,1.1369,6406700,54.64,83.89,31.57,44.1,164
1995-05-19,1.1511,1.1511,1.0264,1.0383,3651500,48.94,83.89,31.57,33.2,165
1995-05-26,1.0456,1.0648,0.9689,0.988,4743600,46.29,83.89,31.57,28.14,166
1995-06-02,0.988,1.1127,0.9451,1.0744,4297000,51.18,83.89,31.57,37.49,167
1995-06-09,1.1511,1.3671,1.1273,1.2973,17924700,61.05,83.89,31.57,56.34,168
1995-06-16,1.2854,1.3334,1.2087,1.3046,4711100,61.32,83.89,31.57,56.86,169
1995-06-23,1.3142,1.3622,1.2808,1.295,3608900,60.71,83.89,31.57,55.7,170
1995-06-30,1.2904,1.343,1.2183,1.3261,3284100,62.03,83.89,31.57,58.21,171
1995-07-07,1.3142,1.4389,1.3096,1.4389,3815100,66.41,83.89,31.57,66.6,172
1995-07-14,1.4389,1.5636,1.4389,1.4918,7334000,68.27,83.89,31.57,70.14,173
1995-07-21,1.5156,1.6212,1.3096,1.602,10528100,71.76,83.89,31.57,76.81,174
1995-07-28,1.602,1.7317,1.5398,1.6357,8858800,72.75,83.89,31.57,78.71,175
1995-08-04,1.6307,1.7075,1.554,1.6979,5239400,74.52,83.89,31.57,82.09,176
1995-08-11,1.7029,1.8084,1.6261,1.7555,11225100,76.07,83.89,31.57,85.05,177
1995-08-18,1.7604,2.1008,1.7555,1.9953,15736700,81.2,83.89,31.57,94.86,178
1995-08-25,1.9953,2.0003,1.7988,1.9235,8404000,75.95,83.89,31.57,84.83,179
1995-09-01,1.9235,1.9473,1.7508,1.9139,7337100,75.25,83.89,31.57,83.49,180
1995-09-08,1.9281,2.0816,1.9089,1.9377,5750700,75.85,83.89,31.57,84.63,181
1995-09-15,1.9427,1.9811,1.8034,1.8276,4964800,67.73,83.89,31.57,69.12,182
1995-09-22,1.818,1.9473,1.7892,1.8034,5229700,66.06,83.89,31.57,65.92,183
1995-09-29,1.7988,1.8084,1.5636,1.7604,12802300,63.08,83.89,31.57,60.23,184
1995-10-06,1.7604,1.7604,1.5206,1.554,8515300,51.15,83.89,31.57,37.42,185
1995-10-13,1.5302,1.5974,1.3384,1.554,10340800,51.15,83.89,31.57,37.42,186
1995-10-20,1.559,1.6116,1.4151,1.4293,6955000,45.16,83.89,31.57,25.98,187
1995-10-27,1.4151,1.559,1.3959,1.554,6102900,51.3,83.89,31.57,37.71,188
1995-11-03,1.5636,1.6691,1.4773,1.6499,6379100,55.43,83.89,31.57,45.61,189
1995-11-10,1.6499,1.8226,1.6453,1.818,9211600,61.58,83.89,31.57,57.36,190
1995-11-17,1.8084,1.8226,1.6403,1.7459,5194700,57.89,83.89,31.57,50.31,191
1995-11-24,1.7555,1.765,1.5686,1.6166,3473100,51.88,83.89,31.57,38.83,192
1995-12-01,1.6261,1.7892,1.5348,1.5732,7233300,50.01,83.89,31.57,35.25,193
1995-12-08,1.5924,1.6883,1.4485,1.5974,7990000,51.07,83.89,31.57,37.28,194
1995-12-15,1.6116,1.6166,1.4101,1.4343,4644800,44.25,83.89,31.57,24.24,195
1995-12-22,1.4343,1.7075,1.343,1.7075,8456500,55.08,83.89,31.57,44.93,196
1995-12-29,1.7075,1.7125,1.5732,1.6499,3263000,52.75,83.89,31.57,40.49,197
1996-01-05,1.6403,1.6883,1.5876,1.5972,4049900,50.64,83.89,31.57,36.45,198
1996-01-12,1.5878,1.6116,1.4173,1.4677,5920800,45.8,83.89,31.57,27.2,199
1996-01-19,1.4677,1.5588,1.3622,1.5444,9248800,48.92,83.89,31.57,33.16,200
1996-01-26,1.6499,1.7986,1.602,1.7602,7244600,56.49,83.89,31.57,47.64,201
1996-02-02,1.6837,1.8034,1.6835,1.7171,8355400,54.75,83.89,31.57,44.3,202
1996-02-09,1.8706,1.8945,1.813,1.8658,6094900,59.41,83.89,31.57,53.21,203
1996-02-16,1.8562,1.8754,1.7411,1.8178,3484200,57.35,83.89,31.57,49.28,204
1996-02-23,1.7986,1.8034,1.626,1.6307,5886800,50.09,83.89,31.57,35.39,205
1996-03-01,1.6355,1.6883,1.506,1.5348,6975400,46.81,83.89,31.57,29.13,206
1996-03-08,1.5494,1.5828,1.4821,1.4965,5785800,45.53,83.89,31.57,26.68,207
1996-03-15,1.4101,1.554,1.4051,1.4917,6442600,45.36,83.89,31.57,26.36,208
1996-03-22,1.4485,1.5156,1.4245,1.4245,4964100,42.98,83.89,31.57,21.81,209
1996-03-29,1.5348,1.6068,1.4725,1.5876,7350200,49.86,83.89,31.57,34.97,210
1996-04-04,1.5878,1.6068,1.5011,1.5684,2867600,49.11,83.89,31.57,33.53,211
1996-04-12,1.511,1.5924,1.4821,1.5156,3645700,47.01,83.89,31.57,29.52,212
1996-04-19,1.5348,1.554,1.1655,1.1751,17813500,36.25,83.89,31.57,8.95,213
1996-04-26,1.2854,1.4917,1.2279,1.4821,9892500,47.84,83.89,31.57,31.1,214
1996-05-03,1.5394,1.5444,1.4535,1.506,4784400,48.63,83.89,31.57,32.61,215
1996-05-10,1.4727,1.5636,1.4533,1.5348,6079600,49.61,83.89,31.57,34.48,216
1996-05-17,1.6645,1.8802,1.6643,1.8034,14742800,57.73,83.89,31.57,49.99,217
1996-05-24,1.9423,1.9523,1.8754,1.885,6318100,59.84,83.89,31.57,54.03,218
1996-05-31,1.9089,1.9425,1.8272,1.885,7281300,59.84,83.89,31.57,54.03,219
1996-06-07,2.0432,2.0482,1.9617,1.9617,6535900,61.92,83.89,31.57,58.01,220
1996-06-14,1.9953,2.0145,1.9137,1.9281,3872900,60.44,83.89,31.57,55.19,221
1996-06-21,1.861,2.0336,1.7027,2.0288,13369900,63.27,83.89,31.57,60.59,222
1996-06-28,2.029,2.029,1.8658,1.9713,6559700,60.61,83.89,31.57,55.5,223
1996-07-05,2.0191,2.029,1.9377,1.9617,2434600,60.15,83.89,31.57,54.63,224
1996-07-12,1.9089,1.9425,1.8274,1.8562,7225900,55.24,83.89,31.57,45.25,225
1996-07-19,1.6837,1.6979,1.5156,1.5636,11397300,44.42,83.89,31.57,24.56,226
1996-07-26,1.4819,1.7029,1.3957,1.6547,11459500,47.85,83.89,31.57,31.11,227
1996-08-02,1.6595,1.7888,1.602,1.7796,5168700,52.2,83.89,31.57,39.43,228
1996-08-09,1.7938,1.9041,1.7363,1.8466,4884500,54.39,83.89,31.57,43.63,229
1996-08-16,1.765,1.8274,1.6835,1.7794,4876300,51.82,83.89,31.57,38.71,230
1996-08-23,1.7697,1.7842,1.6979,1.7171,2783000,49.48,83.89,31.57,34.24,231
1996-08-30,1.7746,1.789,1.7075,1.7075,2531800,49.12,83.89,31.57,33.54,232
1996-09-06,1.607,1.6403,1.5252,1.53,6007600,42.79,83.89,31.57,21.44,233
1996-09-13,1.554,1.6355,1.4869,1.5492,5238200,43.63,83.89,31.57,23.06,234
1996-09-20,1.5924,1.602,1.4101,1.5348,8198400,43.12,83.89,31.57,22.07,235
1996-09-27,1.5202,1.626,1.4485,1.5972,6755400,46.09,83.89,31.57,27.75,236
1996-10-04,1.6737,1.6837,1.5011,1.5252,7555400,43.28,83.89,31.57,22.38,237
1996-10-11,1.4819,1.5156,1.4293,1.4389,5036700,40.12,83.89,31.57,16.35,238
1996-10-18,1.5878,1.6116,1.4245,1.4485,5165100,40.64,83.89,31.57,17.34,239
1996-10-25,1.4197,1.4773,1.3574,1.4533,5669300,40.92,83.89,31.57,17.87,240
1996-11-01,1.4389,1.4773,1.4243,1.4677,4321200,41.79,83.89,31.57,19.53,241
1996-11-08,1.5394,1.5972,1.4773,1.5972,4994500,49.07,83.89,31.57,33.46,242
1996-11-15,1.6354,1.7746,1.6307,1.765,11950000,56.65,83.89,31.57,47.94,243
1996-11-22,1.6837,1.7507,1.5396,1.578,8045900,48.07,83.89,31.57,31.54,244
1996-11-29,1.607,1.6691,1.5684,1.6116,4076100,49.55,83.89,31.57,34.36,245
1996-12-06,1.602,1.6499,1.4581,1.554,13417900,47.07,83.89,31.57,29.64,246
1996-12-13,1.5828,1.5924,1.4773,1.5156,5849900,45.45,83.89,31.57,26.53,247
1996-12-20,1.5394,1.5732,1.4773,1.5348,4305700,46.44,83.89,31.57,28.43,248
1996-12-27,1.5394,1.5686,1.5252,1.554,1638400,47.48,83.89,31.57,30.41,249
1997-01-03,1.5636,1.5732,1.5011,1.5302,2354200,46.28,83.89,31.57,28.13,250
1997-01-10,1.5206,1.7221,1.5014,1.7075,7171800,55.3,83.89,31.57,45.36,251
1997-01-17,1.7029,1.9235,1.6741,1.8802,9816100,61.99,83.89,31.57,58.15,252
1997-01-24,1.9043,2.3072,1.8898,2.1441,16983000,69.51,83.89,31.57,72.51,253
1997-01-31,2.1104,2.2063,2.0432,2.1488,6312600,69.62,83.89,31.57,72.73,254
1997-02-07,2.1488,2.2401,2.0674,2.2255,6825300,71.51,83.89,31.57,76.34,255
1997-02-14,2.2209,2.4461,2.1679,2.2976,9933100,73.2,83.89,31.57,79.57,256
1997-02-21,2.288,2.3118,2.0912,2.0912,8595600,61.89,83.89,31.57,57.95,257
1997-02-28,2.077,2.2351,2.0674,2.1392,9082600,63.31,83.89,31.57,60.66,258
1997-03-07,2.1871,2.4127,2.1488,2.2543,11819200,66.53,83.89,31.57,66.82,259
1997-03-14,2.2735,2.3118,2.2113,2.2689,5006900,66.93,83.89,31.57,67.57,260
1997-03-21,2.2639,2.288,2.0386,2.1871,8639900,62.46,83.89,31.57,59.05,260
1997-03-27,2.2017,2.379,2.1104,2.2976,6082400,65.79,83.89,31.57,65.4,260
1997-04-04,2.2976,2.3118,2.1008,2.2593,9044300,63.68,83.89,31.57,61.37,260
1997-04-11,2.3022,2.3264,2.0528,2.0674,8300400,54.31,83.89,31.57,43.47,260
1997-04-18,2.072,2.1392,1.8514,1.8514,12071300,46.09,83.89,31.57,27.76,260
1997-04-25,1.861,1.9235,1.5828,1.7317,17231400,42.27,83.89,31.57,20.46,260
1997-05-02,1.7459,1.9089,1.7171,1.8993,9095800,48.69,83.89,31.57,32.72,260
1997-05-09,1.9139,2.0624,1.9039,1.9715,7373700,51.2,83.89,31.57,37.52,260
1997-05-16,1.9427,1.9761,1.8851,1.9043,5118100,48.8,83.89,31.57,32.94,260
1997-05-23,1.9139,2.1679,1.8947,2.1583,6900700,57.0,83.89,31.57,48.6,260
1997-05-30,2.1392,2.1729,1.813,1.8514,9554900,47.17,83.89,31.57,29.82,260
1997-06-06,1.8418,1.866,1.7317,1.7938,8961200,45.58,83.89,31.57,26.79,260
1997-06-13,1.8034,1.8947,1.765,1.8514,5783600,47.49,83.89,31.57,30.43,260
1997-06-20,1.861,1.9185,1.813,1.9089,5256500,49.39,83.89,31.57,34.07,260
1997-06-27,1.9089,2.0003,1.8706,1.9473,5460200,50.68,83.89,31.57,36.52,260
1997-07-03,1.9619,2.1058,1.9427,2.077,4811400,54.85,83.89,31.57,44.5,260
1997-07-11,2.0912,2.1104,1.9907,2.1058,5328800,55.74,83.89,31.57,46.21,260
1997-07-18,2.1104,2.1825,1.9761,2.0003,7528400,51.7,83.89,31.57,38.48,260
1997-07-25,2.0528,2.0912,1.7267,1.7746,16125500,44.3,83.89,31.57,24.33,260
1997-08-01,1.813,1.8468,1.7482,1.818,6539200,45.9,83.89,31.57,27.39,260
1997-08-08,1.8226,1.861,1.765,1.77,5791800,44.38,83.89,31.57,24.49,260
1997-08-15,1.7842,1.8084,1.7267,1.7317,3712300,43.15,83.89,31.57,22.13,260
1997-08-22,1.7267,1.8276,1.6595,1.7746,5168300,44.99,83.89,31.57,25.65,260
1997-08-29,1.7796,1.7988,1.7363,1.7746,3500500,44.99,83.89,31.57,25.65,260
1997-09-05,1.7842,1.9185,1.7796,1.9185,4347600,51.14,83.89,31.57,37.4,260
1997-09-12,1.9331,2.0386,1.9281,2.0049,6288800,54.43,83.89,31.57,43.69,260
1997-09-19,2.0145,2.1104,1.9473,2.0866,6560100,57.36,83.89,31.57,49.29,260
1997-09-26,2.1008,2.1775,2.0866,2.1537,6389700,59.65,83.89,31.57,53.67,260
1997-10-03,2.2017,2.4941,2.1967,2.4749,15535600,68.4,83.89,31.57,70.4,260
1997-10-10,2.4749,2.6046,2.4319,2.59,6888300,70.85,83.89,31.57,75.07,260
1997-10-17,2.5996,2.6284,2.3502,2.3598,6816100,60.74,83.89,31.57,55.75,260
1997-10-24,2.379,2.4941,2.1871,2.2735,6549800,57.43,83.89,31.57,49.42,260
1997-10-31,2.2543,2.3022,1.9953,2.1633,9656100,53.43,83.89,31.57,41.78,260
1997-11-07,2.2351,2.5854,2.2159,2.3982,9207800,59.85,83.89,31.57,54.05,260
1997-11-14,2.4749,2.7147,2.3168,2.6786,13655700,65.9,83.89,31.57,65.61,260
1997-11-21,2.7339,2.7604,2.59,2.6717,8286300,65.63,83.89,31.57,65.11,260
1997-11-28,2.6476,2.6668,2.5325,2.5996,3701500,62.82,83.89,31.57,59.74,260
1997-12-05,2.638,2.7389,2.4173,2.5708,10636700,61.69,83.89,31.57,57.57,260
1997-12-12,2.59,2.6882,1.9331,1.945,22540100,43.35,83.89,31.57,22.51,260
1997-12-19,2.0336,2.1441,1.7796,1.8418,15972500,41.17,83.89,31.57,18.36,260
1997-12-26,1.8898,1.9235,1.7459,1.7769,6012000,39.82,83.89,31.57,15.77,260
1998-01-02,1.8418,2.0912,1.8276,1.988,8181357,46.03,83.89,31.57,27.64,260
1998-01-09,2.0194,2.0624,1.7604,1.7819,12098800,41.52,83.89,31.57,19.03,260
1998-01-16,1.7604,1.9185,1.7267,1.765,10887700,41.17,83.89,31.57,18.35,260
1998-01-23,1.8564,2.12,1.8107,2.0889,16589600,50.01,83.89,31.57,35.25,260
1998-01-30,2.0816,2.1441,1.9784,1.9907,9935900,47.67,83.89,31.57,30.78,260
1998-02-06,2.0482,2.2424,1.77,1.8322,25494100,44.09,83.89,31.57,23.93,260
1998-02-13,1.7988,1.8564,1.7746,1.7865,13061100,43.08,83.89,31.57,22.01,260
1998-02-20,1.8322,1.8418,1.7796,1.7892,4437500,43.16,83.89,31.57,22.16,260
1998-02-27,1.8226,2.0336,1.8084,1.9569,11693300,48.19,83.89,31.57,31.76,260
1998-03-06,1.9665,1.9761,1.8034,1.8598,5452000,45.67,83.89,31.57,26.95,260
1998-03-13,1.866,1.9139,1.818,1.8441,5151100,45.26,83.89,31.57,26.16,260
1998-03-20,1.8756,1.8921,1.8226,1.8322,3712500,44.93,83.89,31.57,25.53,260
1998-03-27,1.861,1.9427,1.8057,1.9162,6936900,47.83,83.89,31.57,31.07,260
1998-04-03,1.9185,2.1679,1.866,2.1392,12279500,54.64,83.89,31.57,44.1,260
1998-04-09,2.1537,2.1633,2.0003,2.0697,4359800,52.35,83.89,31.57,39.72,260
1998-04-17,2.0674,2.1871,2.0194,2.1369,6574200,54.35,83.89,31.57,43.53,260
1998-04-24,2.1223,2.3237,2.12,2.1752,12665200,55.49,83.89,31.57,45.73,260
1998-05-01,2.1296,2.1825,2.0336,2.1346,6157100,53.95,83.89,31.57,42.77,260
1998-05-08,2.1346,2.1967,2.1104,2.1537,5003200,54.59,83.89,31.57,44.0,260
1998-05-15,2.1679,2.2159,2.077,2.1967,4352900,56.07,83.89,31.57,46.83,260
1998-05-22,2.1967,2.2063,2.1031,2.1261,2042700,53.01,83.89,31.57,40.98,260
1998-05-29,2.1488,2.1583,1.9907,2.0003,3409700,47.99,83.89,31.57,31.38,260
1998-06-05,1.9857,2.0194,1.9112,1.9907,3064900,47.62,83.89,31.57,30.67,260
1998-06-12,1.9811,2.0578,1.818,1.8802,4415600,43.45,83.89,31.57,22.72,260
1998-06-19,1.8372,1.9546,1.7892,1.8898,4143000,43.91,83.89,31.57,23.59,260
1998-06-26,1.8898,2.2159,1.8851,2.077,7500000,52.08,83.89,31.57,39.2,260
1998-07-02,2.0816,2.1775,2.0743,2.0866,3181700,52.46,83.89,31.57,39.93,260
1998-07-10,2.0962,2.1913,2.0528,2.1679,3400800,55.68,83.89,31.57,46.09,260
1998-07-17,2.1967,2.2351,2.1346,2.1967,3626700,56.8,83.89,31.57,48.22,260
1998-07-24,2.1871,2.5854,2.1583,2.4173,17810800,64.24,83.89,31.57,62.44,260
1998-07-31,2.379,2.4461,2.336,2.392,4151600,62.9,83.89,31.57,59.88,260
1998-08-07,2.3886,2.3936,2.1871,2.2543,4890000,56.06,83.89,31.57,46.8,260
1998-08-14,2.2543,2.283,2.0528,2.0912,5664700,49.23,83.89,31.57,33.75,260
1998-08-21,2.0816,2.1921,1.9665,2.0624,4533900,48.11,83.89,31.57,31.63,260
1998-08-28,2.072,2.1031,1.7413,1.7673,6196200,38.5,81.2,31.57,13.96,260
1998-09-04,1.7988,1.866,1.5709,1.6331,10135200,35.06,81.2,31.57,7.04,260
1998-09-11,1.7508,1.9473,1.6116,1.7459,9717200,39.91,81.2,31.57,16.81,260
1998-09-18,1.765,1.8851,1.7002,1.8441,5095200,43.85,81.2,31.57,24.74,260
1998-09-25,1.7988,2.0026,1.7604,1.9569,6455500,48.05,81.2,31.57,33.21,260
1998-10-02,1.9811,2.0194,1.7125,1.8276,4889700,43.98,81.2,31.57,25.02,260
1998-10-09,1.7746,1.8107,1.4485,1.5709,9606600,37.25,81.2,31.57,11.44,260
1998-10-16,1.6426,1.8756,1.5636,1.8203,7737400,45.92,81.2,31.57,28.91,260
1998-10-23,1.8276,2.1058,1.7938,2.0816,7213000,53.21,81.2,31.57,43.6,260
1998-10-30,2.0962,2.1606,1.9139,2.1346,7345900,54.55,81.2,31.57,46.3,260
1998-11-06,2.1633,2.3022,2.0743,2.1848,15553800,55.84,81.2,31.57,48.9,260
1998-11-13,2.1871,2.2305,2.077,2.1058,4869200,53.28,81.2,31.57,43.74,260
1998-11-20,2.1104,2.2401,2.0409,2.125,6089100,53.83,81.2,31.57,44.85,260
1998-11-27,2.1392,2.1944,2.0743,2.1081,2814000,53.23,81.2,31.57,43.65,260
1998-12-04,2.1104,2.1488,2.0432,2.0697,4186500,51.82,81.2,31.57,40.81,260
1998-12-11,2.077,2.1606,1.9066,2.0026,8341200,49.36,81.2,31.57,35.85,260
1998-12-18,1.988,2.0386,1.8802,1.9258,5781900,46.63,81.2,31.57,30.36,260
1998-12-24,1.9427,1.9953,1.9281,1.9592,2929800,47.98,81.2,31.57,33.07,260
1998-12-31,1.9715,2.0049,1.9427,1.988,2833400,49.17,81.2,31.57,35.47,260
1999-01-08,2.0122,2.3598,2.0049,2.3118,12516700,60.21,81.2,31.57,57.7,260
1999-01-15,2.3264,2.4918,2.1825,2.4511,11060500,63.84,81.2,31.57,65.02,260
1999-01-22,2.4461,2.595,2.2305,2.2639,13385200,56.38,81.2,31.57,50.0,260
1999-01-29,2.2735,2.5612,2.2063,2.5252,7724600,62.9,81.2,31.57,63.12,260
1999-02-05,2.5229,2.6092,2.3552,2.5731,9708300,63.96,81.2,31.57,65.26,260
1999-02-12,2.5708,2.6836,2.4749,2.5685,10622300,63.77,81.2,31.57,64.88,260
1999-02-19,2.6046,2.6572,2.4173,2.4895,5274900,60.47,81.2,31.57,58.22,260
1999-02-26,2.5302,2.8993,2.5229,2.8011,14699200,67.6,81.2,31.57,72.58,260
1999-03-05,2.7915,2.9403,2.7293,2.9377,8304900,70.14,81.2,31.57,77.71,260
1999-03-12,2.9545,3.1007,2.9212,2.9641,7437100,70.62,81.2,31.57,78.67,260
1999-03-19,2.9787,3.2926,2.9472,3.2446,6752900,75.18,81.2,31.57,87.86,260
1999-03-26,3.2711,4.6006,3.0792,4.2822,28680200,84.67,84.67,31.57,100.0,260
1999-04-01,4.4625,5.3105,4.1632,5.2568,14648400,88.94,88.94,31.57,100.0,260
1999-04-09,5.5177,5.9589,4.9882,5.5868,19317900,89.96,89.96,31.57,100.0,260
1999-04-16,5.464,6.7916,5.3719,5.4678,22520000,86.85,89.96,31.57,94.67,260
1999-04-23,5.4409,7.6166,4.7196,7.3249,28994400,91.69,91.69,31.57,100.0,260
1999-04-30,7.2751,8.384,7.1177,7.6741,14457000,92.26,92.26,31.57,100.0,260
1999-05-07,7.9772,8.806,7.747,8.2996,14480900,93.17,93.17,31.57,100.0,260
1999-05-14,8.3955,9.1936,8.0194,8.595,15263600,93.56,93.56,31.57,100.0,260
1999-05-21,8.4722,8.595,7.5206,7.6971,18148600,78.94,93.56,31.57,76.42,260
1999-05-28,7.7125,7.8199,6.6043,7.4631,18196400,75.62,93.56,31.57,71.07,260
1999-06-04,7.5882,8.4492,6.955,8.4339,13950500,79.48,93.56,31.57,77.28,260
1999-06-11,8.3648,8.7178,8.0118,8.3187,11270700,77.9,93.56,31.57,74.75,260
1999-06-18,8.4645,9.9763,7.7662,9.961,18328700,83.05,93.56,31.57,83.05,260
1999-06-25,9.8996,10.5519,9.5926,9.7308,15922500,80.23,93.56,31.57,78.5,260
1999-07-02,9.8843,11.2809,9.6003,11.0737,15043200,83.71,93.56,35.06,83.16,260
1999-07-09,11.2196,11.7874,10.621,11.4191,18876200,84.47,93.56,35.06,84.46,260
1999-07-16,11.5956,12.2709,10.7131,12.1481,15690000,85.95,93.56,35.06,86.99,260
1999-07-23,12.386,12.8388,11.2656,11.8719,39696100,82.73,93.56,35.06,81.48,260
1999-07-30,11.6493,12.2709,11.4191,11.9716,16132900,82.97,93.56,35.06,81.9,260
1999-08-06,11.9179,12.033,10.4291,11.3423,27948600,75.59,93.56,35.06,69.28,260
1999-08-13,11.4191,12.2786,10.6133,12.2786,17833200,78.63,93.56,35.06,74.49,260
1999-08-20,12.3093,13.4374,12.1251,13.4067,17604700,81.61,93.56,35.06,79.58,260
1999-08-27,13.5371,15.2408,13.4911,14.105,18711500,83.18,93.56,35.06,82.25,260
1999-09-03,14.4197,14.8801,12.0714,12.5395,54162400,69.01,93.56,35.06,58.03,260
1999-09-10,12.739,13.1918,12.4167,12.716,17017600,69.64,93.56,35.06,59.11,260
1999-09-17,12.2632,14.5885,11.6877,14.5731,45691800,75.31,93.56,35.06,68.8,260
1999-09-24,14.412,15.2715,13.8595,14.5424,21366600,75.06,93.56,35.06,68.37,260
1999-10-01,14.8571,15.1487,13.9132,14.3352,18690100,73.29,93.56,35.06,65.35,260
1999-10-08,14.5041,16.461,14.1511,16.4149,22922500,78.7,93.56,35.06,74.61,260
1999-10-15,16.3535,17.2437,14.6652,15.2331,31744100,70.02,93.56,35.06,59.76,260
1999-10-22,15.0029,17.3281,14.5041,16.5607,22454400,73.55,93.56,35.06,65.8,260
1999-10-29,16.5991,17.3742,15.6168,17.0979,15739900,74.84,93.56,35.06,68.0,260
1999-11-05,17.0058,22.9379,16.8293,22.5926,41368500,83.64,93.56,35.06,83.04,260
1999-11-12,22.6003,30.3511,21.948,29.0082,48977100,88.64,93.56,35.06,91.58,260
1999-11-19,29.9521,31.1646,25.1711,28.1717,52511000,84.99,93.56,35.06,85.35,260
1999-11-26,28.0489,29.9597,26.4603,29.53,14882100,86.0,93.56,35.06,87.07,260
1999-12-03,29.3535,30.1209,27.2431,29.4993,18597500,85.86,93.56,35.06,86.83,260
1999-12-10,29.7295,31.272,29.1233,30.0442,19144600,86.29,93.56,35.06,87.56,260
1999-12-17,30.1593,34.994,29.929,34.9172,25144300,89.38,93.56,35.06,92.85,260
1999-12-23,34.9863,40.0666,34.6563,35.7997,24490700,89.82,93.56,35.06,93.61,260
1999-12-31,36.7053,56.7961,35.1705,54.0565,51204775,94.75,94.75,35.06,100.0,260
2000-01-07,61.0859,61.3929,40.7956,46.0447,187830500,77.11,94.75,35.06,70.45,260
2000-01-14,49.6055,50.0352,41.7779,43.0978,75874100,71.81,94.75,35.06,61.57,260
2000-01-21,42.1769,49.2371,41.4402,47.5488,66705200,74.65,94.75,35.06,66.32,260
2000-01-28,47.8251,48.1934,32.4155,33.9503,178520600,56.1,94.75,35.06,35.24,260
2000-02-04,35.9456,45.4308,35.8535,42.1769,145067200,62.22,94.75,35.06,45.49,260
2000-02-11,41.256,42.975,39.9975,40.5193,44976000,60.39,94.75,35.06,42.43,260
2000-02-18,39.7212,42.6067,36.8664,41.2867,80702400,60.96,94.75,35.06,43.39,260
2000-02-25,40.6728,45.2773,38.7696,41.0105,75971100,60.62,94.75,35.06,42.82,260
2000-03-03,42.2076,45.4308,38.6775,40.4886,71541500,59.94,94.75,35.06,41.69,260
2000-03-10,39.7519,44.6633,37.4497,41.7779,84169900,61.1,94.75,35.06,43.63,260
2000-03-17,39.4143,42.2076,38.3706,41.8393,72799700,61.16,94.75,35.06,43.72,260
2000-03-24,41.2253,46.7875,38.6161,44.8168,74317500,63.94,94.75,35.06,48.39,260
2000-03-31,45.3387,49.9124,42.7602,45.8298,102588100,64.87,94.75,35.06,49.94,260
2000-04-07,45.6456,46.9042,38.2478,46.7507,70464700,65.73,94.75,35.06,51.38,260
2000-04-14,46.4744,46.5972,31.6174,32.2927,85562800,46.5,94.75,35.06,19.16,260
2000-04-20,30.2176,38.6468,30.1224,33.6126,104032400,47.99,94.75,35.06,21.67,260
2000-04-28,31.6174,33.7661,28.3175,33.275,108064200,47.63,94.75,35.06,21.05,260
2000-05-05,33.6433,36.8357,32.2313,33.7047,71808000,48.17,94.75,35.06,21.96,260
2000-05-12,32.6917,33.1215,29.1616,30.0825,61493800,44.03,94.75,35.06,15.02,260
2000-05-19,30.1777,33.4591,27.3291,27.3782,70521900,41.18,94.75,35.06,10.25,260
2000-05-26,27.6268,27.6667,19.1484,20.2781,153858000,34.81,94.75,34.81,0.0,260
2000-06-02,19.4401,23.5227,18.4179,22.3133,182142000,37.78,94.75,34.81,4.95,260
2000-06-09,19.9711,24.8641,19.9159,24.2686,112662600,40.58,94.75,34.81,9.63,260
2000-06-16,25.5548,25.8802,18.4117,20.1829,165214900,36.85,94.75,34.81,3.4,260
2000-06-23,20.2013,22.9456,18.995,20.3763,118468900,37.15,94.75,34.81,3.89,260
2000-06-30,20.9319,20.9841,17.6505,18.4179,101076900,35.35,94.75,34.81,0.89,260
2000-07-07,18.3995,19.3388,17.2084,17.3834,55290300,34.4,94.75,34.4,0.0,260
2000-07-14,17.1716,19.9159,15.8087,19.3572,87352900,37.82,94.75,34.4,5.68,260
2000-07-21,19.9159,21.7761,17.5154,19.2804,85347200,37.74,94.75,34.4,5.54,260
2000-07-28,19.262,21.641,18.7248,19.1669,73443300,37.61,94.75,34.4,5.32,260
2000-08-04,19.9527,20.8368,17.9206,19.6457,50239500,38.58,94.75,34.4,6.92,260
2000-08-11,19.3971,20.2013,18.0741,18.9182,36046900,37.62,94.75,34.4,5.34,260
2000-08-18,18.9366,19.3388,18.3227,18.3411,28417400,36.85,94.75,34.4,4.05,260
2000-08-25,18.0342,18.82,16.8247,18.0741,54461700,36.47,94.75,34.4,3.43,260
2000-09-01,17.9574,19.0502,17.8039,18.1877,55707200,36.77,94.75,34.4,3.92,260
2000-09-08,18.7433,19.9527,18.2276,18.8967,74817300,38.68,94.75,34.4,7.1,260
2000-09-15,18.5867,20.453,17.8039,20.3364,87822700,42.49,94.75,34.4,13.41,260
2000-09-22,20.7968,24.1735,20.6065,22.4084,140110300,47.55,94.75,34.4,21.79,260
2000-09-29,23.0991,23.2157,21.2972,21.8712,61645900,46.41,94.75,34.4,19.9,260
2000-10-06,22.2948,26.7059,21.7177,23.8849,90034600,51.13,94.75,34.4,27.73,260
2000-10-13,23.7529,25.7482,19.3787,21.4691,94677200,45.9,94.75,34.4,19.06,260
2000-10-20,22.9855,24.1366,20.8736,22.9456,66630200,49.31,94.75,34.4,24.72,260
2000-10-27,22.6632,23.3293,19.9711,22.9855,50054500,49.41,94.75,34.4,24.87,260
2000-11-03,21.8896,22.7154,18.7248,21.641,93937300,46.33,94.75,34.4,19.77,260
2000-11-10,21.9111,23.7898,20.7784,22.697,52675900,49.02,94.75,34.4,24.22,260
2000-11-17,21.7945,27.5685,21.7761,27.2615,93859200,58.65,94.75,34.4,40.19,260
2000-11-24,26.5923,27.7036,23.7898,25.9385,50229500,55.39,94.75,34.4,34.78,260
2000-12-01,26.7059,28.0504,23.0991,25.4781,81964600,54.25,94.75,34.4,32.9,260
2000-12-08,26.7458,33.0908,26.399,31.7094,130800000,64.76,94.75,34.4,50.31,260
2000-12-15,30.0825,31.4946,24.2502,24.4221,95147600,50.23,94.75,34.4,26.23,260
2000-12-22,24.9409,28.4894,22.7921,26.092,91066600,52.84,94.75,34.4,30.56,260
2000-12-29,25.8618,28.164,24.7475,25.2294,43576000,51.34,94.75,34.4,28.08,260
2001-01-05,25.1343,26.3222,21.199,22.4268,77959300,46.71,94.75,34.4,20.4,260
2001-01-12,22.4084,23.9432,20.7968,22.0431,68341000,46.1,94.75,34.4,19.38,260
2001-01-19,21.3739,22.8504,21.0087,21.6042,48353900,45.36,94.75,34.4,18.16,260
2001-01-26,21.6226,24.9808,21.2757,24.8641,94208200,51.53,94.75,34.4,28.39,260
2001-02-02,24.6155,27.3598,24.4037,26.6476,73226000,54.56,94.75,34.4,33.4,260
2001-02-09,26.3406,27.4365,23.8665,24.2901,58777900,50.11,94.75,34.4,26.03,260
2001-02-16,24.2686,26.9945,24.2502,24.7506,62010600,50.95,94.75,34.4,27.42,260
2001-02-23,24.6922,25.1343,15.3881,18.9735,129082200,41.49,94.75,34.4,11.75,260
2001-03-02,19.3019,19.876,16.0021,18.5714,134805500,40.92,94.75,34.4,10.81,260
2001-03-09,18.7647,20.4039,15.9437,15.9437,82783900,37.32,94.75,34.4,4.84,260
2001-03-16,15.6552,16.923,14.5041,15.4434,94004800,36.66,94.75,34.4,3.74,260
2001-03-23,15.5017,18.3995,15.425,18.0741,113034600,42.44,94.75,34.4,13.32,260
2001-03-30,18.2276,18.7647,15.9622,17.3834,94056600,41.37,94.75,34.4,11.55,260
2001-04-06,17.0365,17.6505,13.1227,13.6998,126739300,36.15,94.75,34.4,2.9,260
2001-04-12,13.7244,16.3551,13.4389,16.2814,62091000,41.7,94.75,34.4,12.1,260
2001-04-20,15.8424,20.4131,14.7036,19.5935,96550500,47.96,94.75,34.4,22.47,260
2001-04-27,18.8231,19.4309,17.147,17.2821,93184900,44.38,94.75,34.4,16.54,260
2001-05-04,18.0986,19.3204,17.1133,18.9059,67628800,47.35,94.75,34.4,21.46,260
2001-05-11,18.8415,19.3234,17.54,17.7886,43296300,45.55,94.75,34.4,18.47,260
2001-05-18,17.8408,20.9687,16.9444,20.0693,69141100,49.76,94.75,34.4,25.44,260
2001-05-25,20.3702,21.8068,20.1829,20.7262,53386800,50.93,94.75,34.4,27.39,260
2001-06-01,20.6771,21.0117,18.4179,18.9059,39247600,47.61,94.75,34.4,21.88,260
2001-06-08,19.1699,20.1154,18.5898,18.7985,34539600,47.41,94.75,34.4,21.56,260
2001-06-15,18.7402,18.7893,14.8878,15.1487,61673300,41.18,94.75,34.4,11.24,260
2001-06-22,15.5907,16.7603,14.7282,16.5853,65802000,44.28,94.75,34.4,16.38,260
2001-06-29,16.9506,18.157,15.9315,17.9513,55105500,47.14,94.75,34.4,21.11,260
2001-07-06,17.6627,19.6457,17.5123,17.8592,42563700,46.96,94.75,34.4,20.82,260
2001-07-13,18.4394,20.8582,16.9506,20.1307,75488200,51.72,94.75,34.4,28.7,260
2001-07-20,20.0816,20.6925,18.9428,19.7931,58672800,50.99,94.75,34.4,27.48,260
2001-07-27,19.7654,20.0448,17.3251,19.394,71301800,50.08,94.75,34.4,25.99,260
2001-08-03,19.3725,20.9902,18.9612,20.5237,56584300,52.64,94.75,34.4,30.22,260
2001-08-10,20.3548,21.1406,19.0932,19.5751,50322400,50.31,94.75,34.4,26.37,260
2001-08-17,20.0663,20.7968,18.5714,18.8967,49164700,48.65,94.75,34.4,23.62,260
2001-08-24,19.0502,20.3057,18.6481,20.2934,54032500,52.15,94.75,34.4,29.41,260
2001-08-31,20.1952,20.4408,17.8132,18.0649,55325000,46.69,94.75,34.4,20.36,260
2001-09-07,18.0342,18.1109,14.5655,15.0965,92431200,40.59,94.75,34.4,10.26,260
2001-09-10,15.4925,15.8977,15.2439,15.514,18062900,41.75,94.75,34.4,12.17,260
2001-09-21,14.5041,15.4833,13.0767,13.7796,102316800,38.41,94.75,34.4,6.65,260
2001-09-28,14.2923,15.1334,13.5371,14.5931,79996500,40.8,94.75,34.4,10.61,260
2001-10-05,14.5041,14.7496,11.7598,11.8059,142825700,35.69,94.75,34.4,2.15,260
2001-10-12,12.8465,15.4864,11.9225,15.1947,123280200,44.75,94.75,34.4,17.15,260
2001-10-19,14.9246,15.8056,14.1818,14.8264,82760300,44.02,94.75,34.4,15.94,260
2001-10-26,14.808,17.497,14.3045,16.9659,85631300,49.18,94.75,34.4,24.48,260
2001-11-02,16.8677,16.8831,14.8694,16.4287,81759100,47.98,94.75,34.4,22.51,260
2001-11-09,16.4472,17.8193,15.7135,17.012,121044700,49.42,94.75,34.4,24.89,260
2001-11-16,16.9598,18.5376,16.4809,18.4424,62020800,52.86,94.75,34.4,30.58,260
2001-11-23,18.5192,19.1822,17.8653,18.82,39538100,53.75,94.75,34.4,32.06,260
2001-11-30,18.863,18.9336,17.3435,18.025,63123500,51.53,94.75,34.4,28.39,260
2001-12-07,18.1355,19.1085,17.3343,17.4878,65525500,50.03,94.75,34.4,25.91,260
2001-12-14,17.3588,18.1416,16.8063,17.1409,55997400,49.04,94.75,34.4,24.26,260
2001-12-21,17.1593,17.2668,15.1548,15.3452,68898400,44.16,94.75,34.4,16.17,260
2001-12-28,15.4066,16.352,15.3636,15.9008,23304500,45.95,94.75,34.4,19.14,260
2002-01-04,15.8087,16.3735,15.2776,15.4741,47230800,44.76,94.75,34.4,17.17,260
2002-01-11,15.471,15.4772,13.9669,14.2769,107933400,41.51,94.75,34.4,11.79,260
2002-01-18,14.1848,14.6606,13.7674,13.7981,70724300,40.26,94.75,34.4,9.7,260
2002-01-25,13.8564,14.2309,12.6654,14.1357,82231300,41.6,94.75,34.4,11.93,260
2002-02-01,14.3045,14.3813,12.9293,13.0337,64591000,38.55,94.75,34.4,6.88,260
2002-02-08,13.0153,13.2148,10.6179,11.4989,111311800,34.73,94.75,34.4,0.56,260
2002-02-15,11.9133,12.9232,11.2533,11.4805,79647300,34.69,94.75,34.4,0.48,260
2002-02-22,11.3301,11.6954,9.5251,10.0377,97009900,31.31,94.75,31.31,0.0,260
2002-03-01,10.7223,11.2809,10.1452,11.0415,89144300,35.98,94.75,31.31,7.36,260
2002-03-08,11.1305,13.5371,11.1275,13.445,80146100,45.53,94.75,31.31,22.4,260
2002-03-15,13.356,13.706,12.4014,12.8894,58726600,43.9,94.75,31.31,19.84,260
2002-03-22,13.1166,13.5064,11.9778,12.4229,60118600,42.52,94.75,31.31,17.67,260
2002-03-28,12.4167,12.5733,11.3976,11.5541,46005200,40.01,94.75,31.31,13.7,260
2002-04-05,11.3884,12.1558,10.9249,11.0231,59759700,38.51,94.75,31.31,11.34,260
2002-04-12,10.7223,11.4191,10.4675,10.9617,50378200,38.33,94.75,31.31,11.06,260
2002-04-19,11.0477,12.386,10.5749,11.4375,58504100,40.63,94.75,31.31,14.68,260
2002-04-26,11.0507,11.0661,9.3931,9.4085,101084800,34.69,94.75,31.31,5.31,260
2002-05-03,9.4146,9.6817,8.0455,8.2389,78184700,31.8,94.75,31.31,0.76,260
2002-05-10,8.1806,9.0708,7.5605,8.2267,91821000,31.77,94.75,31.31,0.71,260
2002-05-17,8.7792,10.4245,8.3617,9.9733,87328100,40.36,94.75,31.31,14.26,260
2002-05-24,9.7738,10.271,9.2949,9.519,59680000,38.98,94.75,31.31,12.09,260
2002-05-31,9.6448,10.1145,9.301,9.7124,45042700,39.92,94.75,31.31,13.57,260
2002-06-07,9.9641,10.1636,8.813,9.476,73339600,39.13,94.75,31.31,12.32,260
2002-06-14,9.4422,10.4368,8.5029,9.1813,118283600,38.12,94.75,31.31,10.72,260
2002-06-21,9.2274,9.2673,7.9013,8.0179,101009500,34.33,94.75,31.31,4.75,260
2002-06-28,7.932,8.6104,7.5206,8.4385,88402100,36.77,94.75,31.31,8.61,260
2002-07-05,8.3648,8.7853,7.4408,8.7608,50828900,38.66,94.75,31.31,11.58,260
2002-07-12,8.7178,8.8713,8.0087,8.6288,67413400,38.16,94.75,31.31,10.79,260
2002-07-19,8.4968,9.6356,8.2543,9.2059,84436800,41.72,94.75,31.31,16.4,260
2002-07-26,9.1414,9.4453,7.7355,7.978,109995400,36.86,94.75,31.31,8.73,260
2002-08-02,8.3341,8.6748,7.6189,7.8429,76043900,36.35,94.75,31.31,7.94,260
2002-08-09,7.7539,8.1653,7.1246,7.9504,69066600,37.09,94.75,31.31,9.1,260
2002-08-16,7.7631,8.9941,7.7048,8.9296,66255300,43.49,94.75,31.31,19.19,260
2002-08-23,8.8989,9.4177,8.5797,9.0493,54014500,44.23,94.75,31.31,20.36,260
2002-08-30,9.1752,9.2826,8.2267,8.506,45432700,41.55,94.75,31.31,16.13,260
2002-09-06,8.4078,9.0248,8.0578,8.7362,52829600,43.12,94.75,31.31,18.62,260
2002-09-13,8.7485,9.5374,8.5643,8.773,73790400,43.39,94.75,31.31,19.03,260
2002-09-20,8.6503,8.7362,7.7048,8.6196,92773400,42.51,94.75,31.31,17.64,260
2002-09-27,8.4292,9.0401,8.2819,8.7823,73802800,43.81,94.75,31.31,19.7,260
2002-10-04,8.595,9.2304,8.4446,8.9818,80527100,45.44,94.75,31.31,22.27,260
2002-10-11,8.9143,9.7492,8.3893,9.6295,94363800,50.47,94.75,31.31,30.2,260
2002-10-18,9.4791,11.1735,9.4115,11.1121,98145500,59.65,94.75,31.31,44.66,260
2002-10-25,11.0323,11.3884,10.7315,11.2103,77713200,60.17,94.75,31.31,45.49,260
2002-11-01,11.1275,11.2349,9.8351,10.9494,92691500,58.01,94.75,31.31,42.08,260
2002-11-08,11.0323,11.2503,10.5596,10.6701,84950200,55.7,94.75,31.31,38.44,260
2002-11-15,10.5442,12.2203,10.0991,12.1067,104663100,63.7,94.75,31.31,51.06,260
2002-11-22,12.251,12.5149,11.2656,12.4873,93197500,65.48,94.75,31.31,53.86,260
2002-11-29,12.4812,12.8925,12.3031,12.6531,44104800,66.26,94.75,31.31,55.09,260
2002-12-06,12.8925,13.1657,11.9286,12.7329,77053100,66.65,94.75,31.31,55.7,260
2002-12-13,12.4935,12.4996,11.4222,11.5449,65061000,56.26,94.75,31.31,39.32,260
2002-12-20,11.634,12.6776,10.9985,11.5664,65937500,56.39,94.75,31.31,39.53,260
2002-12-27,11.591,12.1527,11.3638,11.4406,27082100,55.33,94.75,31.31,37.86,260
2003-01-03,11.4252,11.5971,10.8665,10.9586,47928000,51.37,94.75,31.31,31.61,260
2003-01-10,10.9341,11.9593,10.9218,11.8028,72353300,57.16,94.75,31.31,40.74,260
2003-01-17,12.0023,12.251,11.2748,11.2963,64780400,53.07,94.75,31.31,34.3,260
2003-01-24,11.3515,11.987,11.238,11.2963,62862800,53.07,94.75,31.31,34.3,260
2003-01-31,11.0722,11.8028,11.0661,11.5603,66372100,55.02,94.75,31.31,37.37,260
2003-02-07,11.5695,11.637,11.0814,11.1244,54718300,51.24,94.75,31.31,31.42,260
2003-02-14,11.2042,11.8979,10.0163,10.6517,122338000,47.44,94.75,31.31,25.42,260
2003-02-21,10.7407,10.9157,10.5166,10.8113,56695800,48.82,94.75,31.31,27.6,260
2003-02-28,10.7284,10.9402,10.2035,10.6148,64412100,47.18,94.75,31.31,25.01,260
2003-03-07,10.7192,11.0477,10.2649,10.799,66847900,48.91,94.75,31.31,27.74,260
2003-03-14,10.8266,11.6567,10.4429,11.5214,77861800,55.14,94.75,31.31,37.56,260
2003-03-21,11.3339,12.2807,11.3308,12.0532,78667100,59.09,94.75,31.31,43.79,260
2003-03-28,11.6813,11.9794,11.3431,11.5276,53713600,54.03,94.75,31.31,35.8,260
2003-04-04,11.297,11.34,10.3936,10.5408,86553400,46.04,94.75,31.31,23.22,260
2003-04-11,10.9496,11.1433,9.5663,9.8,82205600,41.13,94.75,31.31,15.48,260
2003-04-17,9.7846,10.3564,9.7293,10.1258,52660400,43.96,94.75,31.31,19.94,260
2003-04-25,10.1535,10.4209,9.4495,9.5663,94492100,40.37,94.75,31.31,14.28,260
2003-05-02,9.5356,10.009,9.4249,9.8707,64794800,43.1,94.75,31.31,18.57,260
2003-05-09,9.8553,10.1443,9.2589,9.5633,78486300,41.06,94.75,31.31,15.36,260
2003-05-16,9.4126,9.6985,9.0929,9.3143,80324100,39.43,94.75,31.31,12.79,260
2003-05-23,9.5602,9.8369,9.305,9.4987,69533100,41.29,94.75,31.31,15.72,260
2003-05-30,9.3727,10.4129,9.3542,10.3298,55847300,48.89,94.75,31.31,27.7,260
2003-06-06,10.4344,10.9702,10.1327,10.3298,84309000,48.89,94.75,31.31,27.7,260
2003-06-13,10.1481,10.6038,10.0219,10.1573,55324200,47.41,94.75,31.31,25.37,260
2003-06-20,10.1512,11.7553,10.1142,11.2226,82716900,56.21,94.75,31.31,39.25,260
2003-06-27,11.081,11.3489,10.8439,11.0872,45737800,54.95,94.75,31.31,37.27,260
2003-07-03,11.0718,11.6506,10.8378,11.5028,34634700,58.06,94.75,31.31,42.16,260
2003-07-11,11.6414,12.3092,11.6352,11.8969,61507800,60.82,94.75,31.31,46.51,260
2003-07-18,11.98,12.1802,10.8562,10.9271,54671300,51.79,94.75,31.31,32.28,260
2003-07-25,11.0502,11.6968,10.5699,11.6537,55391700,56.95,94.75,31.31,40.41,260
2003-08-01,11.7676,12.0078,11.2226,11.238,44664800,53.43,94.75,31.31,34.86,260
2003-08-08,11.1272,11.6352,10.8162,10.887,47392000,50.58,94.75,31.31,30.38,260
2003-08-15,10.827,11.8538,10.8224,11.8107,48436500,57.06,94.75,31.31,40.59,260
2003-08-22,11.7584,12.1925,11.6722,11.9677,51495300,58.07,94.75,31.31,42.17,260
2003-08-29,11.8969,12.8271,11.7183,12.7469,57181800,62.73,94.75,31.31,49.53,260
2003-09-05,12.7037,12.9134,12.386,12.7099,49255600,62.38,94.75,31.31,48.97,260
2003-09-12,12.6759,13.2465,12.4909,13.2064,50334200,65.22,94.75,31.31,53.45,260
2003-09-19,13.154,14.2026,13.0676,13.8942,73547800,68.75,94.75,31.31,59.01,260
2003-09-26,13.666,13.9651,12.8332,12.8456,48596100,58.94,94.75,31.31,43.55,260
2003-10-03,12.9813,13.6505,12.6451,13.5673,48089100,62.87,94.75,31.31,49.74,260
2003-10-10,13.4932,13.7338,13.1231,13.666,41354700,63.38,94.75,31.31,50.55,260
2003-10-17,13.814,13.9805,13.3298,13.3421,39657800,60.42,94.75,31.31,45.88,260
2003-10-24,13.3945,14.0792,13.1694,13.632,36525500,62.12,94.75,31.31,48.57,260
2003-10-31,13.6937,14.9891,13.6228,14.6467,47954800,67.42,94.75,31.31,56.92,260
2003-11-07,14.6467,15.0137,14.1656,14.8163,56701100,68.22,94.75,31.31,58.18,260
2003-11-14,14.7454,14.9983,14.2331,14.619,30634800,66.19,94.75,31.31,54.97,260
2003-11-21,14.4216,14.5881,13.4501,13.5457,42332800,56.33,94.75,31.31,39.44,260
2003-11-28,13.7091,14.28,13.5796,13.7611,29901400,57.69,94.75,31.31,41.59,260
2003-12-05,13.8723,15.4414,13.6746,15.2839,71362500,65.81,94.75,31.31,54.38,260
2003-12-12,15.1634,15.8028,14.8854,15.7534,49257700,67.86,94.75,31.31,57.6,260
2003-12-19,16.0438,16.0623,15.0584,15.7627,57016900,67.9,94.75,31.31,57.67,260
2003-12-26,15.7225,16.5689,15.6886,16.3805,22440400,70.58,94.75,31.31,61.9,260
2004-01-02,16.3094,16.9859,16.3094,16.5627,25014800,71.34,94.75,31.31,63.1,260
2004-01-09,16.5256,18.5303,16.5009,18.2153,57146600,77.12,94.75,31.31,72.21,260
2004-01-16,18.1813,18.7589,18.0825,18.4315,47408900,77.76,94.75,31.31,73.21,260
2004-01-23,18.4284,18.4531,17.3596,17.5851,39017300,69.64,94.75,31.31,60.42,260
2004-01-30,17.4338,18.2184,17.3133,18.1041,42322000,71.6,94.75,31.31,63.5,260
2004-02-06,18.0299,18.172,17.1777,17.8199,35133800,68.98,94.75,31.31,59.37,260
2004-02-13,17.6377,18.4315,17.6068,17.8199,29663900,68.98,94.75,31.31,59.37,260
2004-02-20,17.9435,18.5303,17.9095,18.3481,31496300,71.25,94.75,31.31,62.95,260
2004-02-27,19.4477,19.7913,18.7249,19.5099,68468100,75.49,94.75,31.31,69.64,260
2004-03-05,19.6027,19.9304,18.9996,19.7542,46485600,76.29,94.75,31.31,70.89,260
2004-03-12,19.714,19.9521,19.0646,19.4882,49742500,73.5,94.75,31.31,66.5,260
2004-03-19,19.3429,20.1871,19.2656,19.9026,48512500,75.03,94.75,31.31,68.91,260
2004-03-26,19.5779,19.7727,18.9254,19.0986,51402100,66.94,94.75,31.31,56.17,260
2004-04-02,19.5655,21.1272,19.4357,21.0994,52532100,74.35,94.75,31.31,67.84,260
2004-04-08,20.9355,21.455,20.6324,20.8365,32893700,72.07,94.75,31.31,64.24,260
2004-04-16,20.8551,21.1396,20.0263,20.0572,33698100,65.63,94.75,31.31,54.09,260
2004-04-23,19.983,21.3375,19.8933,20.7128,50549000,68.2,94.75,31.31,58.15,260
2004-04-30,20.5489,20.7407,19.1945,19.3151,43803500,58.2,94.75,31.31,42.38,260
2004-05-07,19.3429,20.3696,19.278,19.5594,40130100,59.32,94.75,31.31,44.15,260
2004-05-14,19.3089,20.1593,19.2532,19.6831,56456200,59.91,94.75,31.31,45.07,260
2004-05-21,19.2257,20.2242,19.111,20.2242,41758900,62.46,94.75,31.31,49.1,260
2004-05-28,20.2788,20.8276,20.1438,20.7718,40501500,64.9,94.75,31.31,52.94,260
2004-06-04,20.5798,21.3448,20.5798,20.8368,32032900,65.19,94.75,31.31,53.4,260
2004-06-10,20.874,21.6359,20.7656,21.6359,27997500,68.61,94.75,31.31,58.79,260
2004-06-18,21.4005,21.6266,20.4745,20.5922,44858500,60.28,94.75,31.31,45.66,260
2004-06-25,20.5987,21.6963,20.0471,21.3943,53140700,63.9,94.75,31.31,51.37,260
2004-07-02,21.4996,22.7635,21.1868,22.3823,57997000,67.8,94.75,31.31,57.52,260
2004-07-09,22.2367,22.4783,21.6947,21.8527,33504500,63.82,94.75,31.31,51.25,260
2004-07-16,21.7443,21.958,21.0846,21.1465,41533900,58.86,94.75,31.31,43.42,260
2004-07-23,21.1465,22.5991,20.874,21.958,57908300,62.47,94.75,31.31,49.12,260
2004-07-30,21.8155,22.1902,21.2054,21.4346,42995100,58.88,94.75,31.31,43.46,260
2004-08-06,21.6421,22.5278,20.9205,20.9205,47526400,55.51,94.75,31.31,38.14,260
2004-08-13,20.9607,21.6761,20.8492,21.4222,41347100,58.04,94.75,31.31,42.12,260
2004-08-20,21.2766,23.2278,21.1899,23.0419,61359650,64.96,94.75,31.31,53.03,260
2004-08-27,23.0419,24.1079,23.0234,23.8473,61672700,67.8,94.75,31.31,57.52,260
2004-09-03,23.5494,24.201,23.1833,23.8845,48291000,67.93,94.75,31.31,57.72,260
2004-09-10,23.9466,24.8215,23.9404,24.5051,59064000,70.09,94.75,31.31,61.12,260
2004-09-17,24.685,25.5476,23.2702,24.0955,102161800,66.89,94.75,31.31,56.08,260
2004-09-24,23.6053,24.6726,23.5246,23.7356,65898600,64.12,94.75,31.31,51.71,260
2004-10-01,23.537,25.2001,23.4005,25.1008,64498400,69.31,94.75,31.31,59.9,260
2004-10-08,25.2993,26.0564,25.1008,25.3924,52177300,70.3,94.75,31.31,61.46,260
2004-10-15,25.4855,26.5528,25.3056,26.3543,49288400,73.35,94.75,31.31,66.27,260
2004-10-22,26.1309,27.5581,26.0192,26.0626,64876100,70.97,94.75,31.31,62.51,260
2004-10-29,25.9633,26.1991,24.0024,25.8144,82024800,68.92,94.75,31.31,59.28,260
2004-11-05,25.4483,25.622,23.4936,23.748,121602300,54.74,94.75,31.31,36.93,260
2004-11-12,23.5556,25.0015,23.4377,24.9456,67174200,59.89,94.75,31.31,45.05,260
2004-11-19,24.9829,25.8082,24.4616,24.896,59184100,59.59,94.75,31.31,44.57,260
2004-11-26,24.775,26.0006,24.5175,25.6903,32596900,62.83,94.75,31.31,49.68,260
2004-12-03,25.6593,27.6636,25.5414,26.9934,68713000,67.44,94.75,31.31,56.94,260
2004-12-10,26.863,27.3478,26.2414,26.9127,60890400,66.88,94.75,31.31,56.07,260
2004-12-17,27.0805,27.8139,26.7294,26.9494,65321000,67.01,94.75,31.31,56.28,260
2004-12-23,27.0494,27.9631,26.633,27.6896,52789300,69.65,77.76,31.31,82.55,260
2004-12-31,27.7766,27.9134,26.2477,26.3533,47924400,60.28,77.76,31.31,62.37,260
2005-01-07,26.5398,27.1675,25.9245,26.863,72389500,62.36,77.76,31.31,66.85,260
2005-01-14,26.7325,27.1302,26.1358,26.2352,53905800,58.31,77.76,31.31,58.13,260
2005-01-21,26.0301,26.7076,22.2387,23.4942,125229900,44.67,77.76,31.31,28.76,260
2005-01-28,23.4942,23.5688,22.1517,22.593,85169200,41.25,77.76,31.31,21.4,260
2005-02-04,22.9597,23.2518,22.2574,22.9659,58722700,43.19,77.76,31.31,25.57,260
2005-02-11,22.7732,23.3016,21.3561,22.4749,68435200,41.26,77.76,31.31,21.42,260
2005-02-18,22.8851,23.4445,21.4991,21.5302,80026300,37.77,77.76,31.31,13.89,260
2005-02-25,21.1572,23.1189,21.1324,23.0442,81214600,45.7,77.76,31.31,30.98,260
2005-03-04,23.0442,23.1812,21.9356,22.1099,75050900,42.13,77.76,31.31,23.29,260
2005-03-11,22.0788,23.6234,22.0477,23.2622,101679500,47.57,77.76,31.31,35.01,260
2005-03-18,23.4116,24.0033,22.44,22.7141,94974900,45.39,77.76,31.31,30.3,260
2005-03-24,22.6269,23.1438,22.2719,22.2719,53114100,43.64,77.76,31.31,26.55,260
2005-04-01,22.3342,23.175,22.029,22.1411,80174300,43.12,77.76,31.31,25.41,260
2005-04-08,22.2034,22.6954,21.6615,21.7363,69062200,41.45,77.76,31.31,21.82,260
2005-04-15,21.7549,21.8484,20.3474,20.3598,107985600,36.3,77.76,31.31,10.74,260
2005-04-22,20.0235,21.8297,19.9799,21.1259,106390700,40.71,77.76,31.31,20.24,260
2005-04-29,21.1757,22.1099,21.1259,21.73,77545600,44.01,77.76,31.31,27.33,260
2005-05-06,21.6989,22.3342,21.4996,22.1598,54593500,46.29,77.76,31.31,32.25,260
2005-05-13,22.1099,22.6642,21.7923,21.9854,60504500,45.48,77.76,31.31,30.5,260
2005-05-20,21.8234,23.3556,21.6802,23.2497,63100700,52.04,77.76,31.31,44.63,260
2005-05-27,23.1812,23.5251,22.7447,23.2005,45390500,51.78,77.76,31.31,44.07,260
2005-06-03,23.138,24.0496,22.2203,23.4752,44305600,53.19,77.76,31.31,47.11,260
2005-06-10,23.4814,23.7686,22.3077,22.4762,57538100,47.72,77.76,31.31,35.33,260
2005-06-17,22.2702,23.0194,21.6209,21.7895,83090300,44.34,77.76,31.31,28.05,260
2005-06-24,21.6271,22.2327,20.9653,20.9653,62407000,40.62,77.76,31.31,20.05,260
2005-07-01,20.8842,21.3087,20.6032,20.9778,57396600,40.71,77.76,31.31,20.22,260
2005-07-08,20.7531,21.752,20.5907,21.6958,51600100,45.33,77.76,31.31,30.18,260
2005-07-15,21.6459,22.2827,21.5585,22.214,64833600,48.45,77.76,31.31,36.91,260
2005-07-22,22.0704,24.6552,21.7145,24.5366,103759900,59.6,77.76,31.31,60.9,260
2005-07-29,24.343,25.1422,24.3118,24.6489,66979000,60.05,77.76,31.31,61.87,260
2005-08-05,24.4804,24.9736,24.2369,24.4491,43706100,58.79,77.76,31.31,59.17,260
2005-08-12,24.4367,25.4731,24.1058,25.4668,66015500,63.03,77.76,31.31,68.29,260
2005-08-19,25.2795,26.0537,24.8175,25.1047,59865700,60.64,77.76,31.31,63.15,260
2005-08-26,25.1297,25.6916,24.7237,24.9365,44474000,59.51,77.76,31.31,60.72,260
2005-09-02,24.755,25.2493,24.4296,25.0053,45476800,59.84,77.76,31.31,61.43,260
2005-09-09,25.0553,26.8826,25.0366,26.7887,54871400,67.27,77.76,31.31,77.42,260
2005-09-16,26.5822,27.2267,26.1629,27.1078,63947600,68.4,77.76,31.31,79.84,260
2005-09-23,27.014,28.109,26.4946,28.0089,86973600,71.39,77.76,31.31,86.29,260
2005-09-30,28.084,28.1904,27.5834,28.0027,67435000,71.34,77.76,31.31,86.18,260
2005-10-07,28.1153,28.9601,27.3143,27.4833,78821700,67.09,77.76,31.31,77.04,260
2005-10-14,27.4332,27.8713,25.8813,26.238,72598800,58.16,77.76,31.31,57.8,260
2005-10-21,26.2193,28.2592,26.0065,28.1591,81913200,65.74,77.76,31.31,74.12,260
2005-10-28,28.1529,28.7786,24.8301,25.6999,101570500,52.6,77.76,31.31,45.83,260
2005-11-04,25.412,28.084,24.4171,28.034,155126900,60.64,77.76,31.31,63.15,260
2005-11-11,28.0527,28.8787,27.7086,28.4219,68239700,61.8,77.76,31.31,65.64,260
2005-11-18,28.3093,28.9851,27.865,28.7411,65339900,62.77,77.76,31.31,67.74,260
2005-11-25,28.5659,28.9663,28.4532,28.8975,38708900,63.27,77.76,31.31,68.8,260
2005-12-02,28.9413,29.104,27.9839,28.2843,62324500,59.91,77.76,31.31,61.58,260
2005-12-09,28.2223,28.7553,27.5577,27.8712,63341000,57.7,77.76,31.31,56.81,260
2005-12-16,27.8587,29.2193,27.8587,28.1847,77124200,58.94,77.76,31.31,59.48,260
2005-12-23,28.4794,28.5359,27.332,27.8336,56751500,56.92,77.76,31.31,55.14,260
2005-12-30,27.7583,28.0154,26.9495,27.0122,32431300,52.41,77.76,31.31,45.42,260
2006-01-06,27.1188,29.7147,26.9056,29.6958,70212300,62.79,77.76,31.31,67.78,260
2006-01-13,29.4325,31.0063,29.4137,30.4985,75805400,65.24,77.76,31.31,73.04,260
2006-01-20,29.7335,30.5486,29.1754,29.445,61412000,59.69,77.76,31.31,61.11,260
2006-01-27,29.5704,30.4734,29.156,30.1097,76198400,61.89,77.76,31.31,65.85,260
2006-02-03,30.2351,30.6364,28.6863,28.8933,59138000,55.88,77.76,31.31,52.9,260
2006-02-10,28.8055,29.6708,28.2662,29.2569,51032500,57.22,77.76,31.31,55.78,260
2006-02-17,29.1691,30.6489,28.517,30.2915,67627500,60.86,77.76,31.31,63.61,260
2006-02-24,30.1724,30.4554,29.2618,29.645,38872900,57.56,77.76,31.31,56.52,260
2006-03-03,29.6073,30.6313,29.3937,29.9214,60630500,58.6,77.76,31.31,58.74,260
2006-03-10,30.0282,31.3726,29.5885,30.1538,92027900,59.49,77.76,31.31,60.66,260
2006-03-17,30.3046,32.1515,30.1224,31.894,80052300,65.48,77.76,31.31,73.57,260
2006-03-24,31.894,32.0385,30.7129,31.0019,58769800,60.54,77.76,31.31,62.92,260
2006-03-31,31.0961,32.5096,30.8888,31.7935,62434000,63.19,77.76,31.31,68.64,260
2006-04-07,32.1264,32.9682,32.0573,32.6415,61856100,65.84,77.76,31.31,74.35,260
2006-04-13,32.5473,32.7106,31.9819,32.34,33400400,64.08,77.76,31.31,70.55,260
2006-04-21,32.34,33.031,31.806,32.2835,63310100,63.73,77.76,31.31,69.8,260
2006-04-28,32.0761,32.9745,31.894,32.252,54256900,63.53,77.76,31.31,69.36,260
2006-05-05,32.2835,33.3011,31.5861,33.0185,63510300,66.37,77.76,31.31,75.48,260
2006-05-12,32.8928,33.2886,30.4993,30.7758,62706200,53.28,77.76,31.31,47.31,260
2006-05-19,30.5056,31.0961,28.8974,29.5696,93229200,47.82,77.76,31.31,35.55,260
2006-05-26,29.1801,29.6387,27.7768,28.9924,76484300,45.43,77.76,31.31,30.38,260
2006-06-02,28.7278,30.0883,28.0035,29.6033,56160200,48.38,77.76,31.31,36.74,260
2006-06-09,29.3923,29.5845,26.6052,27.5122,82798500,40.34,77.76,31.31,19.42,260
2006-06-16,26.769,28.3436,25.8557,27.6823,128321200,41.19,77.76,31.31,21.27,260
2006-06-23,27.9059,28.3436,24.4196,24.8794,131670600,32.83,77.76,31.31,3.26,260
2006-06-30,25.1943,25.7738,24.2747,25.2384,79824800,34.66,77.76,31.31,7.2,260
2006-07-07,24.8605,25.018,23.7079,23.9346,52265600,31.32,77.76,31.31,0.02,260
2006-07-14,24.0291,24.5834,22.5048,22.908,81328600,28.96,77.76,28.96,0.0,260
2006-07-21,23.2985,23.8024,21.4845,21.6923,124559900,26.42,77.76,26.42,0.0,260
2006-07-28,21.7679,22.6623,21.3774,22.5426,85773300,30.98,77.76,26.42,8.89,260
2006-08-04,22.4167,22.656,21.2892,22.2403,69808500,30.26,77.76,26.42,7.49,260
2006-08-11,22.234,22.3726,20.6342,20.9806,74062200,27.41,77.76,26.42,1.93,260
2006-08-18,21.4624,23.9346,21.1066,23.5063,93058500,39.69,77.76,26.42,25.85,260
2006-08-25,23.3048,24.0291,23.0398,23.6212,58657100,40.18,77.76,26.42,26.82,260
2006-09-01,23.6654,24.5185,23.1599,24.2342,55337700,42.88,77.76,26.42,32.07,260
2006-09-08,24.2405,24.9545,22.9324,23.0904,70774600,39.32,77.76,26.42,25.13,260
2006-09-15,22.8376,24.0699,22.7428,23.261,94571200,40.12,77.76,26.42,26.69,260
2006-09-22,23.3242,24.7839,23.0651,23.9245,89589900,43.25,77.76,26.42,32.79,260
2006-09-29,24.1394,24.8345,22.8566,22.9703,89987700,40.01,77.76,26.42,26.48,260
2006-10-06,22.8187,23.1725,21.5485,22.983,98759500,40.07,77.76,26.42,26.6,260
2006-10-13,22.9198,25.1757,22.1172,25.1757,97437000,50.04,77.76,26.42,46.01,260
2006-10-20,25.0873,25.2768,23.4063,23.9624,85641900,45.53,77.76,26.42,37.22,260
2006-10-27,23.9372,24.4174,23.1093,23.4695,77329900,43.8,77.76,26.42,33.86,260
2006-11-03,23.1852,23.7729,22.3763,23.0461,103530800,42.31,77.76,26.42,30.97,260
2006-11-10,23.0335,23.4127,21.7065,22.2689,104672600,39.66,77.76,26.42,25.79,260
2006-11-17,22.686,24.2658,22.4395,23.7792,95979400,46.67,77.76,26.42,39.44,260
2006-11-24,23.577,23.9308,23.2673,23.7476,43301200,46.54,77.76,26.42,39.21,260
2006-12-01,23.5896,23.697,22.5596,22.9703,84470700,43.53,77.76,26.42,33.34,260
2006-12-08,23.1852,25.9827,23.0904,25.0635,119288400,52.45,77.76,26.42,50.72,260
2006-12-15,24.8797,25.3551,24.1571,25.0382,94743500,52.35,77.76,26.42,50.51,260
2006-12-22,25.1586,25.4185,23.7704,23.9669,73469400,47.87,77.76,26.42,41.78,260
2006-12-29,23.7958,24.3219,23.7197,23.9543,42413900,47.81,77.76,26.42,41.68,260
2007-01-05,23.9321,24.9748,23.3204,24.5247,68753000,50.43,77.76,26.42,46.78,260
2007-01-12,24.5628,25.3171,23.8275,25.1143,78712700,53.05,77.76,26.42,51.88,260
2007-01-19,25.2284,25.3298,24.1698,24.6388,64616200,50.72,77.76,26.42,47.35,260
2007-01-26,24.7466,25.2981,23.6753,23.7768,110771300,46.72,77.76,26.42,39.55,260
2007-02-02,23.4535,24.024,23.3267,23.5739,80325900,45.8,77.76,26.42,37.76,260
2007-02-09,23.5803,24.7149,23.4534,24.2839,95139600,49.53,77.76,26.42,45.03,260
2007-02-16,24.5501,27.4976,24.0303,26.9462,156094500,60.51,77.76,26.42,66.41,260
2007-02-23,26.6102,27.6434,26.5215,27.485,86947300,62.3,77.76,26.42,69.89,260
2007-03-02,27.4216,27.4469,25.0174,25.1,139749200,51.24,77.76,26.42,48.36,260
2007-03-09,24.9284,26.0028,24.8203,25.526,86705400,52.85,77.76,26.42,51.49,260
2007-03-16,25.4116,27.9292,25.3098,27.7702,161045100,60.29,77.76,26.42,65.98,260
2007-03-23,27.98,28.05,26.9323,27.0645,101164000,57.23,77.76,26.42,60.02,260
2007-03-30,26.912,27.3379,26.4288,27.1218,76291100,57.42,77.76,26.42,60.39,260
2007-04-05,27.1345,27.9483,26.8865,27.5287,71244400,58.81,77.76,26.42,63.1,260
2007-04-13,27.5541,27.6304,26.4479,27.0518,67130900,56.48,77.76,26.42,58.56,260
2007-04-20,27.1917,28.1008,27.0963,27.6177,69120000,58.58,77.76,26.42,62.65,260
2007-04-27,27.5414,29.455,27.1408,28.3742,101285000,61.26,77.76,26.42,67.88,260
2007-05-04,28.3869,28.495,27.4714,28.0373,69465200,59.42,77.76,26.42,64.28,260
2007-05-11,27.9737,28.6031,27.6685,28.5204,49892801,61.22,77.76,26.42,67.79,260
2007-05-18,28.5936,28.9591,27.8783,28.743,99379200,62.06,77.76,26.42,69.43,260
2007-05-25,28.7493,30.3387,27.2362,27.5604,131776600,55.23,77.76,26.42,56.13,260
2007-06-01,27.5922,28.5904,26.8788,27.2806,95284200,53.73,77.76,26.42,53.2,260
2007-06-08,27.0892,27.472,26.1389,26.7065,119357800,50.67,77.76,26.42,47.25,260
2007-06-15,26.5343,27.5995,26.1516,27.1913,106704000,53.1,77.76,26.42,51.97,260
2007-06-22,27.0765,28.0588,26.917,27.4209,86186000,54.24,77.76,26.42,54.21,260
2007-06-29,27.2742,27.9184,26.9808,27.6761,83179000,55.55,77.76,26.42,56.74,260
2007-07-06,27.81,28.0651,27.4975,27.7973,39320000,56.18,77.76,26.42,57.98,260
2007-07-13,27.759,29.0028,27.287,28.9262,76355200,61.69,77.76,26.42,68.71,260
2007-07-20,28.8306,29.0729,27.1977,27.4273,109303500,52.29,77.76,26.42,50.4,260
2007-07-27,27.4464,28.18,26.343,26.5789,141071600,47.85,77.76,26.42,41.75,260
2007-08-03,26.7257,27.5868,25.871,26.0049,106378500,45.06,77.76,26.42,36.31,260
2007-08-10,26.2473,26.681,23.8362,24.1679,152537100,37.52,77.76,26.42,21.63,260
2007-08-17,24.3338,25.2905,22.4713,23.9447,175716900,36.72,77.76,26.42,20.06,260
2007-08-24,23.8554,24.5506,23.377,24.3848,97601300,39.47,77.76,26.42,25.43,260
2007-08-31,24.5889,25.5991,24.1488,25.5351,70918800,46.07,77.76,26.42,38.29,260
2007-09-07,25.5415,25.7528,24.0948,24.2549,66899800,40.75,77.76,26.42,27.91,260
2007-09-14,24.1844,25.4391,23.4803,25.2407,112817600,45.93,77.76,26.42,38.01,260
2007-09-21,25.0422,26.2137,24.7862,26.1369,97806900,50.2,77.76,26.42,46.32,260
2007-09-28,26.2457,27.5644,26.0985,27.0523,87440000,54.18,77.76,26.42,54.07,260
2007-10-05,26.9178,27.782,26.2969,27.7564,77033000,57.02,77.76,26.42,59.61,260
2007-10-12,27.4972,27.622,26.4505,26.9882,73490000,53.15,77.76,26.42,52.06,260
2007-10-19,26.809,26.8858,25.6888,25.804,102688500,47.76,77.76,26.42,41.57,260
2007-10-26,25.7784,26.8858,25.6376,26.4569,75058000,50.72,77.76,26.42,47.35,260
2007-11-02,26.6106,27.3659,26.2393,26.4633,71140800,50.75,77.76,26.42,47.4,260
2007-11-09,26.3161,27.1099,23.4291,24.3893,125235000,41.98,77.76,26.42,30.31,260
2007-11-16,24.6517,26.6298,23.8708,26.4761,137561000,51.13,77.76,26.42,48.14,260
2007-11-23,26.7066,27.0971,25.6888,25.9448,69178000,49.01,77.76,26.42,44.01,260
2007-11-30,25.932,26.905,25.023,26.1049,100376400,49.69,77.76,26.42,45.33,260
2007-12-07,26.0024,26.3417,25.1254,25.7714,82227400,48.25,77.76,26.42,42.53,260
2007-12-14,25.9127,26.7028,25.2768,25.2961,87074700,46.2,77.76,26.42,38.54,260
2007-12-21,25.2126,25.6703,24.249,25.6687,94120900,48.06,77.76,26.42,42.17,260
2007-12-28,25.6687,26.0027,25.1162,25.4181,26700800,46.89,77.76,26.42,39.88,260
2008-01-04,25.2062,25.5659,23.703,23.7865,80122000,40.02,77.76,26.42,26.5,260
2008-01-11,23.7994,25.097,22.9836,24.8143,137193500,45.44,77.76,26.42,37.06,260
2008-01-18,25.1162,26.0669,24.4096,24.6345,130430200,44.68,77.76,26.42,35.57,260
2008-01-25,23.9792,26.3367,22.5918,25.6943,141416700,50.0,77.76,26.42,45.93,260
2008-02-01,25.5338,27.403,25.4374,27.1075,97156300,56.06,77.76,26.42,57.74,260
2008-02-08,27.0048,27.3002,25.0199,26.9277,101936700,55.14,77.76,26.42,55.95,260
2008-02-15,26.9341,27.236,25.8292,27.1075,96840200,55.92,77.76,26.42,57.46,260
2008-02-22,27.3131,28.8098,26.7992,27.9233,80306500,59.35,77.76,26.42,64.15,260
2008-02-29,27.8591,28.5143,27.1362,27.3166,81380900,55.87,77.76,26.42,57.36,260
2008-03-07,27.0705,27.1426,25.4543,25.9312,89364800,48.82,77.76,26.42,43.63,260
2008-03-14,25.8345,26.2598,24.3974,25.2803,113938600,45.89,77.76,26.42,37.92,260
2008-03-20,24.8743,25.8999,23.7853,24.6617,103917200,43.23,77.76,26.42,32.75,260
2008-03-28,24.7132,26.64,24.7132,25.8667,84696900,49.38,77.76,26.42,44.72,260
2008-04-04,25.9569,27.4906,25.6154,27.0975,98024100,54.76,77.76,26.42,55.22,260
2008-04-11,27.1362,27.5551,26.5369,26.6787,70523200,52.71,77.76,26.42,51.21,260
2008-04-18,26.5691,27.7097,26.1954,27.4197,78569600,55.86,77.76,26.42,57.36,260
2008-04-25,27.2458,28.3026,26.582,27.8644,85558500,57.69,77.76,26.42,60.92,260
2008-05-02,27.8322,28.9309,27.6002,28.5668,72078700,60.47,77.76,26.42,66.33,260
2008-05-09,28.4057,28.8117,27.9546,28.1737,58254700,58.17,77.76,26.42,61.84,260
2008-05-16,28.1673,30.2552,28.0126,30.223,89218400,65.54,77.76,26.42,76.2,260
2008-05-23,30.0425,31.1638,29.4303,30.7771,115811000,67.22,77.76,26.42,79.48,260
2008-05-30,30.9511,32.004,30.5451,31.3833,81510300,69.0,77.76,26.42,82.95,260
2008-06-06,31.4157,31.9329,30.129,30.4782,115297800,63.45,77.76,26.42,72.14,260
2008-06-13,30.5364,32.3273,29.9351,32.3208,125188800,68.93,77.76,26.42,82.81,260
2008-06-20,31.8877,32.8575,30.9631,31.3769,126534900,63.67,77.76,26.42,72.56,260
2008-06-27,31.6226,31.6815,28.9717,29.5148,121464400,54.78,77.76,26.42,55.25,260
2008-07-03,29.5536,30.1549,28.545,29.1269,84192600,53.12,77.76,26.42,52.01,260
2008-07-11,29.7799,31.6808,28.9342,31.2476,122659300,60.23,77.76,26.42,65.86,260
2008-07-18,31.5514,31.8489,29.101,29.2174,133881400,52.08,77.76,26.42,50.0,260
2008-07-25,29.3079,35.5924,27.6011,35.2044,229770700,66.48,77.76,26.42,78.03,260
2008-08-01,34.9781,36.2066,34.3963,35.8639,112471200,67.63,77.76,26.42,80.28,260
2008-08-08,35.1592,36.2066,33.9113,36.1161,105519800,68.08,77.76,26.42,81.16,260
2008-08-15,36.1355,36.7755,34.7906,36.4458,88227700,68.7,77.76,26.42,82.36,260
2008-08-22,36.4911,36.6786,34.9911,35.8251,61304800,66.11,77.76,26.42,77.32,260
2008-08-29,35.4695,35.5988,33.8625,34.1414,58769900,59.56,77.76,26.42,64.57,260
2008-09-05,34.5693,34.7185,30.309,30.912,107279000,49.45,77.76,26.42,44.86,260
2008-09-12,31.3206,31.9366,29.4919,31.0742,132869500,49.91,77.76,26.42,45.75,260
2008-09-19,30.1728,31.9366,28.6489,31.6059,143692024,51.47,77.76,26.42,48.79,260
2008-09-26,31.3919,31.6059,28.8694,29.7254,96363100,46.01,77.76,26.42,38.16,260
2008-10-03,29.0704,29.5049,25.0759,26.5025,128794527,38.48,77.76,26.42,23.49,260
2008-10-10,25.8087,27.9745,23.3575,25.2769,188944700,36.06,77.76,26.42,18.79,260
2008-10-17,26.282,27.9486,23.1565,25.7762,160273300,37.78,77.76,26.42,22.13,260
2008-10-24,25.9773,26.2626,20.8869,22.6896,147036800,32.05,77.76,26.42,10.98,260
2008-10-31,22.2032,25.9902,21.9503,24.81,121970400,38.9,77.76,26.42,24.32,260
2008-11-07,24.7776,25.2121,21.3797,23.124,153235600,35.81,77.76,26.42,18.3,260
2008-11-14,23.4159,23.7141,19.9855,21.3602,126209900,32.87,77.76,26.42,12.57,260
2008-11-21,20.8998,21.237,18.2606,19.564,142611300,30.15,77.76,26.42,7.28,260
2008-11-28,20.1022,21.7882,19.8753,21.7688,71700800,37.03,77.76,26.42,20.68,260
2008-12-05,21.1852,21.2176,19.0225,20.6858,115717100,35.2,77.76,26.42,17.1,260
2008-12-12,20.9517,22.7719,20.6479,22.1008,110195900,39.42,77.76,26.42,25.33,260
2008-12-19,22.0878,23.7037,21.4167,22.8241,106862600,41.52,77.76,26.42,29.41,260
2008-12-26,22.7459,22.798,22.0031,22.4331,43770000,40.7,77.76,26.42,27.81,260
2009-01-02,22.4331,24.1923,21.9184,24.1402,54901600,45.74,77.76,26.42,37.63,260
2009-01-09,23.847,24.5702,21.8337,22.8045,82150600,42.68,76.29,26.42,32.61,260
2009-01-16,22.798,23.7037,21.6904,23.4691,98125800,44.66,76.29,26.42,36.59,260
2009-01-23,23.228,24.2445,22.2116,23.8275,93505300,45.75,76.29,26.42,38.77,260
2009-01-30,23.6385,24.1533,22.0031,22.5113,138848300,42.45,76.29,26.42,32.14,260
2009-02-06,22.1986,23.8666,21.5405,23.6646,129215900,46.12,76.29,26.42,39.51,260
2009-02-13,23.6125,24.0425,22.1008,23.2476,107253300,45.0,76.29,26.42,37.26,260
2009-02-20,22.9348,23.1564,21.7816,22.1986,88604200,42.23,76.29,26.42,31.7,260
2009-02-27,22.0422,23.1543,21.2865,21.8843,116780300,41.4,75.03,26.42,30.83,260
2009-03-06,21.5832,23.2066,21.3671,22.0152,134226400,41.91,75.03,26.42,31.88,260
2009-03-13,21.8516,24.2017,21.4882,24.0577,124972600,49.3,74.35,26.42,47.73,260
2009-03-20,24.1362,25.2687,23.3965,24.2606,115414500,49.98,74.35,26.42,49.15,260
2009-03-27,24.7712,25.9888,24.4635,25.4913,104438800,54.01,73.35,26.42,58.79,260
2009-04-03,24.9611,27.1868,24.4308,26.9642,119147400,58.34,73.35,26.42,68.01,260
2009-04-09,26.4798,27.4945,25.5371,27.2654,70345200,59.18,73.35,26.42,69.81,260
2009-04-17,26.8006,27.3374,26.2638,26.8268,84096600,57.36,73.35,26.42,65.92,260
2009-04-24,26.2572,27.2457,25.7073,27.0755,102534800,58.15,73.35,26.42,67.6,260
2009-05-01,27.7236,29.19,27.1606,27.9265,110755800,60.82,73.35,26.42,73.29,260
2009-05-08,28.1229,28.9412,27.0493,27.357,87800400,58.14,73.35,26.42,67.6,260
2009-05-15,27.2326,27.8349,26.087,26.6566,77530100,54.94,73.35,26.42,60.78,260
2009-05-22,26.8922,28.28,26.794,27.0428,72765800,56.37,73.35,26.42,63.82,260
2009-05-29,26.6631,28.7088,26.65,28.6497,71075400,61.79,73.35,26.42,75.36,260
2009-06-05,28.9849,30.0312,28.1633,29.8393,90842700,65.23,73.35,26.42,82.69,260
2009-06-12,29.5107,30.5426,29.182,30.2665,80699800,66.4,73.35,26.42,85.19,260
2009-06-19,29.7801,30.2336,28.5577,30.2336,105854600,66.21,73.35,26.42,84.79,260
2009-06-26,29.8787,30.7134,28.4722,30.3585,98099500,66.59,73.35,26.42,85.6,260
2009-07-02,30.1745,30.5228,29.0637,29.3661,54523300,60.74,73.35,26.42,73.14,260
2009-07-10,29.0703,29.7992,28.1304,28.5511,78524800,56.37,73.35,26.42,63.81,260
2009-07-17,28.7351,31.2918,28.045,31.1538,87325300,65.03,73.35,26.42,82.28,260
2009-07-24,31.1998,32.0214,30.2336,31.1209,119859600,64.86,73.35,26.42,81.91,260
2009-07-31,30.8712,31.1867,30.1022,30.3717,69741300,60.83,73.35,26.42,73.33,260
2009-08-07,30.6757,30.9961,29.767,30.2139,61136100,59.99,73.35,26.42,71.54,260
2009-08-14,29.951,30.8712,29.8262,30.3191,63121000,60.39,73.35,26.42,72.38,260
2009-08-21,29.8853,31.213,29.3398,31.0815,78687400,63.22,73.35,26.42,78.41,260
2009-08-28,30.7989,31.7929,30.7989,31.1465,70291100,63.46,73.35,26.42,78.92,260
2009-09-04,31.0014,31.0014,29.1083,30.1571,95572300,57.33,73.35,26.42,65.86,260
2009-09-11,30.2758,30.8365,29.8207,30.7441,62366600,59.81,73.35,26.42,71.15,260
2009-09-18,30.4473,30.6584,29.0226,29.326,96578100,51.95,73.35,26.42,54.41,260
2009-09-25,29.049,29.7679,29.0292,29.4843,85722200,52.7,73.35,26.42,56.0,260
2009-10-02,29.7745,30.5726,27.1889,27.334,121234600,42.94,73.35,26.42,35.2,260
2009-10-09,27.4395,28.6268,26.714,27.5055,116726900,43.83,71.39,26.42,38.72,260
2009-10-16,27.5253,28.0727,27.0965,27.677,90832000,44.76,71.39,26.42,40.8,260
2009-10-23,27.6968,27.9276,26.4831,26.8459,89845300,41.2,71.39,26.42,32.87,260
2009-10-30,26.7535,28.4157,26.6282,27.2614,96484500,43.62,71.39,26.42,38.24,260
2009-11-06,27.2746,29.0028,27.0965,28.9566,110173600,52.25,71.39,26.42,57.43,260
2009-11-13,29.1809,30.3418,29.1215,30.1901,76667200,57.36,71.39,26.42,68.8,260
2009-11-20,30.2758,30.5067,29.3854,29.7481,64368100,55.08,71.39,26.42,63.74,260
2009-11-27,29.9585,30.455,29.5877,29.7863,35008600,55.25,71.39,26.42,64.11,260
2009-12-04,29.6738,30.2432,29.3428,29.8989,63499300,55.77,71.39,26.42,65.26,260
2009-12-11,29.8658,30.3756,29.217,29.7268,64445400,54.72,71.39,26.42,62.95,260
2009-12-18,29.8592,29.9651,29.164,29.5083,60635400,53.36,71.39,26.42,59.92,260
2009-12-24,29.7135,30.5279,29.6672,30.5212,33852300,58.51,71.39,26.42,71.37,260
2009-12-31,30.4881,31.1105,30.2895,30.6272,31501300,59.02,71.39,26.42,72.51,260
2010-01-08,30.9781,32.9709,30.8324,32.7524,112759500,67.62,71.39,26.42,91.62,260
2010-01-15,32.8252,32.898,31.8255,32.1301,80400300,63.42,71.39,26.42,82.29,260
2010-01-22,32.1896,32.9047,30.8986,30.9714,75624800,56.41,71.39,26.42,66.69,260
2010-01-29,31.0972,31.5739,25.4829,25.9464,304655600,37.19,71.39,26.42,23.95,260
2010-02-05,25.9861,26.4628,24.7811,25.185,216518100,35.23,71.39,26.42,19.6,260
2010-02-12,25.2313,25.8206,24.4964,25.7146,151216900,37.69,71.39,26.42,25.07,260
2010-02-19,25.8802,26.4424,25.6219,26.2112,105177300,39.99,71.39,26.42,30.18,260
2010-02-26,26.3568,26.4098,24.2539,24.3955,138095900,34.91,71.39,26.42,18.9,260
2010-03-05,24.4867,26.2823,23.5822,25.7769,235092400,41.04,71.39,26.42,32.53,260
2010-03-12,25.8234,26.1958,25.604,25.9032,86276400,41.59,71.39,26.42,33.73,260
2010-03-19,25.9365,27.0072,25.6638,26.6348,147268000,44.75,71.39,26.42,40.77,260
2010-03-26,26.6547,29.1553,26.5151,27.8179,140279000,49.52,71.39,26.42,51.37,260
2010-04-01,27.9316,28.2641,27.6656,28.1111,63565300,50.65,71.39,26.42,53.89,260
2010-04-09,28.3306,28.6033,27.8318,28.0446,69997600,50.38,71.39,26.42,53.28,260
2010-04-16,27.9515,28.7163,27.7986,28.4237,79343800,51.99,71.39,26.42,56.86,260
2010-04-23,28.3506,28.856,25.1384,25.4377,225209100,40.76,71.39,26.42,31.9,260
2010-04-30,25.451,26.1293,25.1251,25.7237,124878700,42.05,71.39,26.42,34.77,260
2010-05-07,25.8766,25.9697,23.4293,24.2739,127603400,37.58,71.39,26.42,24.83,260
2010-05-14,24.8791,25.7237,24.5399,24.8059,95977700,40.1,71.39,26.42,30.42,260
2010-05-21,24.9123,25.0719,23.1633,23.8682,120093000,37.25,71.39,26.42,24.08,260
2010-05-28,23.6753,24.1386,22.9571,23.7776,112682400,36.97,71.39,26.42,23.48,260
2010-06-04,23.7007,24.6134,23.2025,23.6054,84115700,36.43,71.39,26.42,22.26,260
2010-06-11,23.6371,23.9183,22.9551,23.6438,110631000,36.65,71.39,26.42,22.76,260
2010-06-18,23.8712,24.1186,23.2159,23.8645,92698000,38.01,71.39,26.42,25.78,260
2010-06-25,23.9715,24.3125,22.9217,23.1156,87507300,35.25,71.39,26.42,19.64,260
2010-07-02,23.1557,23.3229,21.1497,21.6445,108969600,30.55,71.39,26.42,9.19,260
2010-07-09,21.8385,22.8281,21.6913,22.6743,67186600,36.89,71.39,26.42,23.29,260
2010-07-16,23.2293,24.8875,23.0755,24.045,120011300,44.2,71.39,26.42,39.54,260
2010-07-23,24.2456,26.5191,23.8979,26.1313,147479100,53.1,71.39,26.42,59.32,260
2010-07-30,25.8905,26.4121,25.2486,25.4626,81842300,50.33,71.39,26.42,53.16,260
2010-08-06,25.6298,26.0778,25.3757,25.8437,59604100,51.87,71.39,26.42,56.59,260
2010-08-13,25.9908,26.7464,25.2754,25.3757,93285100,49.82,71.39,26.42,52.05,260
2010-08-20,25.3289,26.606,25.0413,26.0176,90776400,52.58,71.39,26.42,58.18,260
2010-08-27,26.2048,26.3787,25.2486,25.9647,78204000,52.33,71.39,26.42,57.62,260
2010-09-03,25.7967,27.1977,25.407,27.1339,84437300,57.27,71.39,26.42,68.61,260
2010-09-10,26.9525,27.6983,26.8248,27.1608,59882400,57.38,71.39,26.42,68.85,260
2010-09-17,27.5102,28.7265,27.2683,28.5786,96995900,62.79,71.34,26.42,80.97,260
2010-09-24,28.6122,30.2182,28.6055,29.936,90989500,67.1,69.0,26.42,95.53,260
2010-10-01,29.7814,30.7423,29.3648,29.7411,109718200,65.92,69.0,26.42,92.76,260
2010-10-08,29.8554,30.2115,29.1296,30.0771,78412900,67.0,69.0,26.42,95.29,260
2010-10-15,30.0166,30.5811,29.4119,30.0956,67620300,67.06,69.0,26.42,95.43,260
2010-10-22,30.0905,30.1718,28.5249,29.6874,77088300,64.2,69.0,26.42,88.73,260
2010-10-29,29.8016,30.6617,29.0356,30.3459,66105300,66.67,69.0,26.42,94.52,260
2010-11-05,30.5878,33.2286,29.983,32.476,129744000,73.12,73.12,26.42,100.0,260
2010-11-12,32.2677,32.476,31.374,31.8981,82404500,69.21,73.12,26.42,91.62,260
2010-11-19,31.9922,32.8322,30.9641,32.2274,92388200,70.18,73.12,26.42,93.72,260
2010-11-26,32.2548,32.5179,31.5262,32.1806,47262000,69.84,73.12,26.42,92.99,260
2010-12-03,32.0254,33.0171,31.344,32.9362,69230600,72.19,73.12,26.42,98.01,260
2010-12-10,32.754,33.3949,32.4437,33.3797,53853000,73.49,73.49,26.42,100.0,260
2010-12-17,33.4084,33.5703,32.9362,33.3679,66114700,73.39,73.49,26.42,99.79,260
2010-12-23,33.5433,33.7322,33.1588,33.3544,36227600,73.27,73.49,26.42,99.53,260
2010-12-31,33.3275,33.9414,33.0441,33.3882,32175900,73.39,73.49,26.42,99.78,260
2011-01-07,33.658,35.7764,33.4556,34.8994,96161900,78.06,78.06,26.42,100.0,260
2011-01-14,34.7037,35.3851,34.697,35.1085,62469900,78.62,78.62,26.42,100.0,260
2011-01-21,35.3312,35.8236,34.4676,34.5654,58948600,73.38,78.62,26.42,89.98,260
2011-01-28,34.4878,37.1055,34.1505,36.2554,124688600,78.24,78.62,26.42,99.28,260
2011-02-04,36.3296,37.3618,35.8034,37.2606,80562300,80.51,80.51,26.42,100.0,260
2011-02-11,37.1797,38.8933,36.9908,38.8595,66607800,83.47,83.47,26.42,100.0,260
2011-02-18,38.954,40.0941,38.8663,39.9322,73873900,85.11,85.11,26.42,100.0,260
2011-02-25,39.5072,40.0721,38.258,39.9502,62784500,85.13,85.13,26.42,100.0,260
2011-03-04,39.9299,40.5053,38.5626,39.3613,71963700,80.1,85.13,26.42,91.43,260
2011-03-11,39.5915,39.6592,36.1393,36.2882,101112000,60.12,85.13,26.42,57.4,260
2011-03-18,35.855,36.2815,33.9124,35.0022,143156400,54.04,85.13,26.42,47.05,260
2011-03-25,36.0378,36.6267,34.9954,35.7061,71426900,56.63,85.13,26.42,51.45,260
2011-04-01,35.8415,37.3577,35.2661,36.8704,61757400,60.57,85.13,26.42,58.17,260
2011-04-08,36.9178,37.0328,35.4692,36.3018,67931600,57.81,85.13,26.42,53.46,260
2011-04-15,36.4642,36.8704,34.8262,35.9701,62018100,56.19,85.13,26.42,50.71,260
2011-04-21,35.3338,39.0026,35.2255,38.5423,69780100,64.47,85.13,26.42,64.81,260
2011-04-29,38.1565,39.5712,38.0482,38.6438,82321900,64.76,85.13,26.42,65.29,260
2011-05-06,38.8807,39.1921,37.5134,38.2919,58210600,62.88,85.13,26.42,62.11,260
2011-05-13,38.4137,39.1447,37.8993,38.6641,50324600,64.07,85.13,26.42,64.12,260
2011-05-20,38.7048,39.0974,37.6759,38.8401,66960000,64.64,85.13,26.42,65.1,260
2011-05-27,38.2377,39.272,37.8519,38.9663,54254800,65.07,85.13,26.42,65.83,260
2011-06-03,39.3739,40.0534,36.9076,38.7557,55245200,63.68,85.13,26.42,63.46,260
2011-06-10,38.6877,39.0614,36.9313,37.0978,56210300,53.89,85.13,26.42,46.8,260
2011-06-17,37.2269,37.9607,35.6166,35.8001,84173400,47.71,85.13,26.42,36.27,260
2011-06-24,35.6913,37.3628,35.4196,36.8192,60932400,52.34,85.13,26.42,44.14,260
2011-07-01,36.7445,39.3943,36.4455,39.3264,55878300,61.38,85.13,26.42,59.55,260
2011-07-08,39.2381,40.4135,39.075,40.332,47055900,64.31,85.13,26.42,64.53,260
2011-07-15,39.9039,40.0398,36.8872,37.3424,91062400,51.75,85.13,27.41,42.17,260
2011-07-22,37.2813,40.3591,37.0502,39.041,96451700,56.9,85.13,27.41,51.09,260
2011-07-29,38.6741,39.075,36.7309,37.2201,64061300,50.66,85.13,27.41,40.28,260
2011-08-05,37.6006,37.6685,33.2725,34.6654,96495100,43.46,85.13,30.15,24.2,260
2011-08-12,33.4696,34.8183,31.7302,34.3121,142197500,42.56,85.13,30.15,22.57,260
2011-08-19,34.4819,34.9643,31.5535,31.6079,93306500,36.35,85.13,30.15,11.27,260
2011-08-26,32.4096,33.8586,31.241,33.4013,80917200,42.36,85.13,30.15,22.2,260
2011-09-02,33.8859,36.0835,33.6129,33.9063,74654000,43.96,85.13,30.15,25.11,260
2011-09-09,33.0327,36.3633,32.4833,34.4011,71624000,45.56,85.13,30.15,28.02,260
2011-09-16,34.1316,36.8138,33.8586,36.766,85769600,52.53,85.13,30.15,40.7,260
2011-09-23,36.2132,37.0595,33.4149,34.3227,84615900,45.98,85.13,30.15,28.79,260
2011-09-30,34.3909,36.0221,33.1897,33.1897,84902100,43.28,85.13,30.15,23.88,260
2011-10-07,32.9031,34.8072,31.6678,34.2817,102409900,46.54,85.13,30.15,29.8,260
2011-10-14,34.8141,37.5577,34.5274,37.5236,61663600,54.82,85.13,30.15,44.87,260
2011-10-21,37.3325,37.5031,35.1348,35.5034,74258800,49.66,85.13,30.15,35.48,260
2011-10-28,35.7627,36.8547,34.6639,36.3292,72817200,51.66,85.13,30.15,39.12,260
2011-11-04,35.9538,38.8749,33.9746,38.561,137402400,56.68,85.13,30.15,48.25,260
2011-11-11,38.0832,39.1001,37.3017,38.6429,68204200,56.86,85.13,30.15,48.57,260
2011-11-18,38.6087,39.5642,37.817,37.9945,79205100,54.94,85.13,30.15,45.09,260
2011-11-25,37.2679,37.6996,35.3562,35.5344,61226800,48.3,85.13,30.15,33.0,260
2011-12-02,36.6033,38.1656,36.2127,37.2337,66887400,52.57,85.13,30.15,40.77,260
2011-12-09,37.8024,37.96,36.6924,37.8093,66148400,53.95,85.13,30.15,43.29,260
2011-12-16,37.2817,38.1861,35.7605,36.0483,68266500,49.21,85.13,30.15,34.67,260
2011-12-23,36.3155,37.5078,35.4659,37.4324,50430700,52.73,85.13,30.15,41.06,260
2011-12-30,37.2063,37.6791,37.0076,37.4804,24274700,52.85,85.13,30.15,41.28,260
2012-01-06,38.2889,38.6452,37.3844,38.4808,48386000,55.43,85.13,30.15,45.97,260
2012-01-13,38.467,38.8713,37.9799,38.7411,53382100,56.1,85.13,30.15,47.2,260
2012-01-20,39.0084,39.906,38.8645,39.5565,55562700,58.23,85.13,30.15,51.07,260
2012-01-27,39.7004,40.7693,39.4263,39.5976,76870600,58.34,85.13,30.15,51.27,260
2012-02-03,39.2208,42.448,39.0769,41.8382,106613500,63.9,85.13,30.15,61.38,260
2012-02-10,41.6738,42.4755,41.4819,42.2973,59182900,64.93,85.13,30.15,63.26,260
2012-02-17,42.4755,42.9688,41.8656,42.8386,56129000,66.16,85.13,30.15,65.49,260
2012-02-24,42.9345,43.7225,42.7016,43.469,36958200,67.59,85.13,30.15,68.08,260
2012-03-02,43.099,43.5855,42.6292,42.9249,51996000,65.04,85.13,30.15,63.45,260
2012-03-09,42.7873,44.1969,41.8935,43.9562,58578600,67.54,85.13,30.15,67.99,260
2012-03-16,43.97,45.1182,43.633,44.9738,62448700,69.83,85.13,30.15,72.16,260
2012-03-23,45.2685,46.067,45.0632,45.8505,56895500,71.68,85.13,30.15,75.53,260
2012-03-30,46.3008,47.3528,46.2733,46.7959,53763500,73.56,85.13,30.15,78.96,260
2012-04-05,46.9265,47.3253,45.9561,46.1977,47737000,70.37,85.13,30.15,73.15,260
2012-04-13,45.462,47.1465,45.0907,45.8401,70560700,68.46,85.13,30.15,69.67,260
2012-04-20,46.3008,46.6721,42.7805,42.8011,116826100,54.82,85.13,30.15,44.87,260
2012-04-27,42.5054,44.3412,42.1204,44.1281,65567600,58.69,85.13,30.15,51.91,260
2012-05-04,43.9906,44.499,42.2029,42.5673,51818000,52.95,85.13,30.15,41.46,260
2012-05-11,42.1342,43.358,41.8454,42.5329,52754200,52.83,85.13,30.15,41.24,260
2012-05-18,42.0585,42.973,38.3113,38.49,83341100,40.85,85.13,30.15,19.45,260
2012-05-25,38.4007,40.3465,38.4007,39.4114,73107500,43.96,85.13,30.15,25.12,260
2012-06-01,39.8102,40.3946,37.8772,38.0637,52939000,40.59,85.13,30.15,18.99,260
2012-06-08,38.0637,41.0883,37.9255,40.5773,54999500,48.52,85.13,30.15,33.41,260
2012-06-15,40.7223,41.2161,38.4089,39.0166,93180600,44.55,85.13,30.15,26.18,260
2012-06-22,38.7542,39.8315,38.0084,38.4227,64633800,43.1,85.13,30.15,23.55,260
2012-06-29,38.0706,38.6368,36.8828,38.4504,71803700,43.19,85.13,30.15,23.72,260
2012-07-06,38.4297,39.141,37.8634,38.1949,36332100,42.5,85.13,30.15,22.47,260
2012-07-13,38.2501,38.6713,36.6756,37.967,54351900,41.86,85.13,30.15,21.3,260
2012-07-20,38.1603,40.6671,36.6618,39.8315,88020200,48.68,85.13,30.15,33.69,260
2012-07-27,39.0373,41.109,38.7197,40.9778,54693400,52.37,85.13,30.15,40.41,260
2012-08-03,40.9019,41.6753,40.163,41.5993,48198800,54.29,85.13,30.15,43.91,260
2012-08-10,41.7167,42.8492,41.4405,42.8023,36416600,57.84,85.13,30.15,50.36,260
2012-08-17,42.5592,43.7401,42.428,43.7055,51401900,60.33,85.13,30.15,54.88,260
2012-08-24,43.5743,43.709,42.5316,43.1116,39160900,57.91,85.13,30.15,50.48,260
2012-08-31,43.1876,43.2325,41.9722,42.4418,36986000,55.22,85.13,30.15,45.59,260
2012-09-07,42.2623,43.6533,41.7236,42.9426,40036200,56.83,85.13,30.15,48.52,260
2012-09-14,42.9842,45.2655,42.3948,44.9881,60074500,62.74,85.13,30.15,59.27,260
2012-09-21,45.0991,45.3833,43.8163,44.5617,61189800,60.87,85.13,30.15,55.87,260
2012-09-28,44.0312,44.631,43.0396,43.317,53426000,55.65,85.13,30.15,46.38,260
2012-10-05,43.4973,44.2046,42.6583,43.4349,43361400,56.04,85.13,30.15,47.08,260
2012-10-12,43.0258,43.213,40.2868,40.8346,57552700,46.47,85.13,30.15,29.68,260
2012-10-19,41.0704,42.478,40.3839,40.7375,65803700,46.16,85.13,30.15,29.11,260
2012-10-26,40.5642,41.0565,39.7252,40.9386,54368500,46.96,85.13,30.15,30.57,260
2012-11-02,41.0149,41.6736,40.4394,41.1189,28256400,47.72,85.13,30.15,31.95,260
2012-11-09,41.7014,43.5458,40.2938,42.7276,92057100,54.02,85.13,30.15,43.41,260
2012-11-16,42.8802,43.5181,42.1243,42.9426,66941300,54.8,85.13,30.15,44.83,260
2012-11-23,43.3378,43.7955,42.5612,43.7746,34565500,57.8,85.13,30.15,50.28,260
2012-11-30,43.5112,44.2427,42.7623,44.1144,55197400,59.0,85.13,30.15,52.46,260
2012-12-07,44.3155,44.8307,43.6845,44.4548,48603500,60.21,85.13,30.15,54.67,260
2012-12-14,44.413,45.0535,41.3779,41.6496,78752300,47.66,85.13,30.15,31.84,260
2012-12-21,41.9139,44.2321,41.6981,42.8885,78382800,52.38,85.13,30.15,40.43,260
2012-12-28,42.8119,43.341,42.1506,42.212,29012300,49.74,85.13,30.15,35.63,260
2013-01-04,42.1297,45.3807,41.9209,44.2042,60833300,56.67,85.13,30.15,48.22,260
2013-01-11,44.0998,45.6173,43.9675,45.1788,55414100,59.6,85.13,30.15,53.55,260
2013-01-18,44.7541,45.4712,44.2181,45.0256,49442900,58.92,85.13,30.15,52.33,260
2013-01-25,45.0604,45.4572,44.1137,44.3156,46329800,55.77,85.13,30.15,46.59,260
2013-02-01,44.1833,46.947,43.3897,46.4527,86008000,62.31,85.13,30.15,58.48,260
2013-02-08,46.1186,46.9539,45.499,46.6059,56781500,62.73,85.13,30.15,59.25,260
2013-02-15,46.6407,46.8565,45.2693,45.5477,57189000,57.88,85.13,30.15,50.42,260
2013-02-22,45.7705,45.9863,44.775,45.2066,38696700,56.36,85.13,30.15,47.67,260
2013-03-01,45.5199,46.9539,45.1092,46.1534,52865500,59.53,85.13,30.15,53.43,260
2013-03-08,45.9793,47.6849,45.8471,46.571,59037200,60.88,85.13,30.15,55.88,260
2013-03-15,46.6269,47.1649,45.2364,45.4006,60741200,55.31,85.13,30.15,45.76,260
2013-03-22,45.0058,46.2007,44.3001,46.0609,54270300,57.66,85.13,30.15,50.04,260
2013-03-28,46.2496,46.8156,45.6137,46.7736,33407200,60.1,85.13,30.15,54.47,260
2013-04-05,46.6059,46.7038,45.1036,45.5299,46748100,54.23,85.13,30.15,43.79,260
2013-04-12,45.5159,47.2732,45.481,46.592,50706500,58.0,85.13,30.15,50.66,260
2013-04-19,46.2775,46.585,44.0416,44.6704,61266000,49.98,85.13,30.15,36.06,260
2013-04-26,44.7822,46.5081,42.9515,42.9865,124454900,44.2,85.13,30.15,25.56,260
2013-05-03,43.1821,44.6145,42.7978,44.5586,84412200,50.01,85.13,30.15,36.12,260
2013-05-10,44.5936,45.1665,44.3909,45.1665,50387800,52.09,85.13,30.15,39.89,260
2013-05-17,44.9569,46.585,44.8451,46.543,52578600,56.49,85.13,30.15,47.91,260
2013-05-24,46.3264,46.5361,44.377,44.901,64521600,50.52,85.13,30.15,37.05,260
2013-05-31,45.1665,45.3342,44.356,44.356,47315900,48.69,85.13,30.15,33.71,260
2013-06-07,44.5242,44.9985,43.1506,43.6319,78370500,46.28,85.13,30.15,29.33,260
2013-06-14,43.6389,43.7022,42.6834,43.126,58960000,44.61,85.13,30.15,26.3,260
2013-06-21,43.2876,44.1237,42.3075,42.6272,75863100,42.98,85.13,30.15,23.32,260
2013-06-28,42.1564,44.2081,41.777,42.9223,88757400,44.28,85.13,30.15,25.69,260
2013-07-05,43.2068,43.2876,42.3461,42.8239,30917700,43.92,85.13,30.15,25.04,260
2013-07-12,42.6834,43.5757,41.4679,43.5757,86003800,47.44,85.13,30.15,31.44,260
2013-07-19,43.1331,44.0254,42.7326,43.1822,79164800,45.82,85.13,30.15,28.49,260
2013-07-26,43.3368,45.529,42.9925,45.3955,84721400,55.11,85.13,30.15,45.4,260
2013-08-02,45.2971,46.9061,45.0863,46.899,64167200,60.12,85.13,30.15,54.5,260
2013-08-09,45.9575,46.8237,45.6695,46.5618,51459900,58.54,85.13,30.15,51.63,260
2013-08-16,46.2948,47.3909,46.2316,47.0044,54524200,60.02,85.13,30.15,54.33,260
2013-08-23,46.9904,47.3557,46.5056,47.1801,41669100,60.62,85.13,30.15,55.42,260
2013-08-30,47.0958,47.2433,46.3089,46.8147,42951200,58.65,85.13,30.15,51.83,260
2013-09-06,47.2668,48.3474,46.9842,48.0437,38148400,63.02,85.13,30.15,59.77,260
2013-09-13,48.0296,49.7036,47.6694,48.4393,78338600,64.32,85.13,30.15,62.15,260
2013-09-20,48.75,49.4705,48.0084,48.7783,67810900,65.45,85.13,30.15,64.2,260
2013-09-27,49.4422,49.6082,47.3798,47.5917,44479500,58.49,85.13,30.15,51.54,260
2013-10-04,47.2809,48.1638,47.0054,48.0437,35551700,60.22,85.13,30.15,54.69,260
2013-10-11,46.8924,47.7824,46.2426,47.7118,45903400,58.3,85.13,30.15,51.19,260
2013-10-18,47.401,48.8065,47.2668,48.3135,37247300,60.75,85.13,30.15,55.65,260
2013-10-25,48.3898,48.9125,47.1926,48.2203,44642200,60.16,85.13,30.15,54.57,260
2013-11-01,48.3051,49.4422,48.0013,49.3716,45111900,64.72,85.13,30.15,62.87,260
2013-11-08,49.5411,49.5764,46.7935,47.6411,79861600,54.6,85.13,30.15,44.47,260
2013-11-15,47.5352,50.982,47.4491,50.9749,63264200,65.72,85.13,30.55,64.43,260
2013-11-22,51.0526,51.6248,49.7248,51.5329,62759500,67.17,85.13,30.55,67.09,260
2013-11-29,50.2121,52.4381,50.1203,52.2181,46951300,68.91,85.13,30.55,70.27,260
2013-12-06,52.1826,52.4949,51.7001,52.3459,37916200,69.23,85.13,30.55,70.87,260
2013-12-13,52.431,52.651,51.4446,51.5084,45853600,64.45,85.13,30.55,62.1,260
2013-12-20,51.9626,52.0194,50.8697,51.7426,57481200,65.17,85.13,30.55,63.43,260
2013-12-27,52.1755,52.5283,51.4659,52.3743,21417100,67.12,85.13,30.55,67.0,260
2014-01-03,52.2749,52.7433,51.4091,51.7284,29195600,63.23,85.13,30.55,59.87,260
2014-01-10,51.8633,52.871,51.4872,52.4239,40521300,65.54,85.13,30.55,64.11,260
2014-01-17,52.3601,53.2117,51.3594,53.0343,51037200,67.48,85.13,30.55,67.66,260
2014-01-24,53.2259,53.8646,52.5588,52.573,36044000,64.53,85.13,30.55,62.25,260
2014-01-31,52.5233,52.8639,50.373,52.6723,80557100,64.89,85.13,30.55,62.9,260
2014-02-07,52.282,52.8497,51.1181,52.8072,55185600,65.39,85.13,30.55,63.84,260
2014-02-14,52.6581,54.4678,52.4383,54.1343,45404500,70.0,85.13,30.55,72.27,260
2014-02-21,54.113,54.3223,53.3039,53.6588,33296900,66.58,85.13,30.55,66.01,260
2014-02-28,53.9143,53.9284,52.871,53.4317,40629600,64.95,85.13,30.55,63.02,260
2014-03-07,53.2079,55.0476,52.0813,54.7552,46713600,69.62,85.13,30.55,71.58,260
2014-03-14,54.7552,55.0476,53.1224,53.2935,42338400,60.1,85.13,30.55,54.13,260
2014-03-21,53.9923,56.3525,53.8568,55.7535,67329200,68.02,85.13,30.55,68.65,260
2014-03-28,55.9318,56.8445,55.126,56.5307,52572500,70.05,85.13,30.55,72.36,260
2014-04-04,56.6805,58.0125,55.946,55.9959,45743700,66.91,85.13,30.55,66.61,260
2014-04-11,55.618,57.2581,55.2472,55.6252,47241100,64.74,85.13,30.55,62.64,260
2014-04-17,56.1172,57.9996,55.6394,57.9854,34808400,71.15,85.13,30.55,74.37,260
2014-04-25,57.8927,58.2278,54.741,55.3399,60944000,58.35,85.13,30.55,50.94,260
2014-05-02,55.618,56.6805,55.1688,56.324,43161200,61.15,85.13,30.55,56.06,260
2014-05-09,56.16,57.1083,55.9247,56.6876,37890300,62.16,85.13,30.55,57.92,260
2014-05-16,56.8445,57.7501,56.16,56.6306,39514500,61.89,85.13,30.55,57.42,260
2014-05-23,56.488,57.2937,56.4166,56.9586,32417100,62.9,85.13,30.55,59.26,260
2014-05-30,56.9942,57.5718,56.9586,57.365,32779600,64.16,85.13,30.55,61.58,260
2014-06-06,57.8149,57.9081,56.7326,57.6142,37015500,64.95,85.13,30.55,63.02,260
2014-06-13,57.5425,57.6787,56.2237,56.7039,36134100,59.78,85.13,30.55,53.55,260
2014-06-20,56.5032,57.3311,56.195,57.2415,43263700,61.72,85.13,30.55,57.1,260
2014-06-27,57.0766,57.3347,55.8438,56.6179,42787900,58.21,85.13,30.55,50.68,260
2014-07-03,56.7326,58.2586,56.3742,58.0514,23610100,63.36,85.13,30.55,60.11,260
2014-07-11,57.8221,58.1374,56.7326,57.0551,32446500,58.01,85.13,30.55,50.31,260
2014-07-18,56.9404,57.2988,55.8223,56.9046,40803600,57.23,85.13,30.55,48.87,260
2014-07-25,56.9189,58.7539,54.231,54.5464,80037100,46.58,85.13,30.55,29.36,260
2014-08-01,54.5464,54.6539,51.4786,52.0019,63449500,38.29,85.13,30.55,14.19,260
2014-08-08,52.2312,53.0125,51.7223,52.9552,49288100,42.42,85.13,30.55,21.76,260
2014-08-15,53.1702,53.8511,52.9767,53.3351,28533644,44.03,85.13,30.55,24.7,260
2014-08-22,53.6361,55.4137,53.4354,55.0625,38935700,50.76,85.13,30.55,37.04,260
2014-08-29,55.3134,55.4065,54.6024,54.8475,31079000,49.96,85.13,30.55,35.56,260
2014-09-05,54.7177,54.833,53.7808,54.6384,36496400,49.14,85.13,30.55,34.06,260
2014-09-12,54.4078,54.9556,54.1988,54.2925,34278900,47.75,85.13,30.55,31.52,260
2014-09-19,54.415,55.4961,53.9826,54.4366,44039800,48.41,85.13,30.55,32.72,260
2014-09-26,54.4078,55.1862,53.4565,54.0979,39205753,46.92,85.13,30.55,29.99,260
2014-10-03,53.788,54.1988,52.7285,53.9538,40092359,46.27,85.13,30.55,28.79,260
2014-10-10,54.0547,54.3718,51.3159,51.3303,51592303,36.36,85.13,30.55,10.64,260
2014-10-17,51.3015,52.5267,49.9897,52.2024,56587759,40.89,85.13,30.55,18.95,260
2014-10-24,51.9285,54.7826,51.8925,54.7754,38342856,51.79,85.13,30.55,38.92,260
2014-10-31,54.6745,56.5988,54.2493,56.5844,31945752,57.7,85.13,30.55,49.75,260
2014-11-07,56.4403,56.5988,48.7717,49.9177,133756953,38.82,85.13,30.55,15.15,260
2014-11-14,49.6654,51.3231,49.3627,51.0636,51248493,42.31,85.13,30.55,21.56,260
2014-11-21,50.8979,51.9357,50.1627,51.5105,56634596,43.67,85.13,30.55,24.03,260
2014-11-28,51.6763,52.919,51.3015,52.8465,34726742,47.62,85.13,30.55,31.27,260
2014-12-05,52.5276,54.2529,51.6758,53.1872,55824732,48.61,85.13,30.55,33.08,260
2014-12-12,53.0785,53.2887,51.1647,51.1683,41663704,43.38,85.13,30.55,23.5,260
2014-12-19,51.3604,53.4482,50.447,53.2307,59135565,49.37,85.13,30.55,34.48,260
2014-12-26,53.3395,54.8908,53.2452,54.8183,24268199,53.45,85.13,30.55,41.96,260
2015-01-02,54.3688,54.8038,53.4627,53.8469,26522894,50.76,85.13,30.55,37.02,260
2015-01-09,53.4337,54.5863,52.7305,53.9484,53070002,51.03,85.13,30.55,37.53,260
2015-01-16,53.7454,54.4051,50.8312,51.6794,57768023,44.93,85.13,30.55,26.34,260
2015-01-23,52.0129,53.0712,50.708,52.321,47637699,46.86,85.13,30.55,29.89,260
2015-01-30,52.3173,52.8465,45.2276,45.2784,109847676,33.1,85.13,30.55,4.68,260
2015-02-06,45.3001,49.2872,45.1334,48.0983,73004363,40.62,85.13,30.55,18.45,260
2015-02-13,49.4104,51.4342,48.5405,51.3822,86020071,47.96,85.13,30.55,31.89,260
2015-02-20,51.2952,51.9911,50.824,51.8461,35304292,48.92,85.13,30.55,33.65,260
2015-02-27,51.6577,52.6073,51.0052,52.5638,49463850,50.44,85.13,30.55,36.44,260
2015-03-06,52.35,53.152,51.4094,52.1349,45669834,49.49,85.13,30.55,34.7,260
2015-03-13,52.2333,54.0196,49.8127,50.046,93507651,45.04,85.13,30.55,26.55,260
2015-03-20,50.4106,51.4823,50.2429,51.0668,63035827,47.52,85.13,30.55,31.1,260
2015-03-27,50.9793,51.4641,47.8878,48.8685,52042087,43.02,85.13,30.55,22.84,260
2015-04-02,49.3898,50.7532,49.1857,49.5575,49101711,44.78,85.13,30.55,26.08,260
2015-04-10,48.2597,50.4543,48.2524,50.4251,66244439,47.01,85.13,30.55,30.16,260
2015-04-17,51.9344,52.4229,48.8211,48.9341,77502441,43.75,85.13,30.55,24.18,260
2015-04-24,49.0325,50.458,48.8211,49.7544,61121499,45.97,85.13,30.55,28.25,260
2015-05-01,50.1408,50.9064,49.295,49.8856,43237683,46.34,85.13,30.55,28.92,260
2015-05-08,49.9075,50.6074,49.2148,50.6074,37439844,48.4,85.13,30.55,32.71,260
2015-05-15,50.4324,51.8323,49.6524,51.8104,47285071,51.74,85.13,30.55,38.83,260
2015-05-22,51.7594,51.8615,50.3304,50.6803,62088874,48.56,85.13,30.55,33.0,260
2015-05-29,50.6949,51.9986,50.1262,50.8043,62523526,48.93,85.13,30.55,33.68,260
2015-06-05,51.0308,51.4272,50.0837,50.1094,45182333,46.89,85.13,30.55,29.95,260
2015-06-12,49.9442,50.069,49.0192,49.2064,47061467,44.31,85.13,30.55,25.21,260
2015-06-19,48.8504,49.6763,48.4025,49.1,46805102,44.0,85.13,30.55,24.65,260
2015-06-26,49.2174,49.6506,47.4261,47.4775,83477701,39.5,85.13,33.1,12.29,260
2015-07-02,46.5451,47.0076,45.5247,46.3322,53219807,36.65,85.13,33.1,6.81,260
2015-07-10,46.0019,46.6551,45.1356,46.0532,62623967,35.96,85.13,33.1,5.5,260
2015-07-17,46.2515,47.4848,46.2515,47.2352,49540405,40.97,85.13,33.1,15.12,260
2015-07-24,47.4481,48.4906,44.6584,45.253,108265463,35.9,85.13,33.1,5.38,260
2015-07-31,45.5026,47.6831,45.1576,47.2719,60928262,43.56,85.13,33.1,20.1,260
2015-08-07,47.2426,47.5876,45.9578,46.2661,60985341,40.94,85.13,33.1,15.06,260
2015-08-14,45.8844,46.4937,45.2251,45.4512,62624083,38.89,85.13,33.1,11.13,260
2015-08-21,45.1502,45.5981,42.2577,42.2944,66579553,32.19,85.13,32.19,0.0,260
2015-08-28,39.7763,42.4376,38.609,42.1769,104278710,31.96,85.13,31.96,0.0,260
2015-09-04,41.8832,42.3941,40.0841,40.1951,56807067,28.42,85.13,28.42,0.0,260
2015-09-11,40.8023,41.3798,40.0989,40.4691,48306206,29.58,85.13,28.42,2.05,260
2015-09-18,40.5357,41.3946,39.9952,40.3136,63348193,29.29,85.13,28.42,1.54,260
2015-09-25,40.4469,40.5209,38.7884,39.4029,51644257,27.58,85.13,27.58,0.0,260
2015-10-02,39.2771,40.8319,38.6255,40.7726,56583353,33.84,85.13,27.58,10.87,260
2015-10-09,41.1502,43.0308,41.0318,42.7791,46832269,41.77,85.13,27.58,24.65,260
2015-10-16,42.668,44.4227,42.2164,44.3561,44742765,47.14,85.13,27.58,33.98,260
2015-10-23,44.0229,45.3038,43.3936,44.9595,47102937,49.07,85.13,27.58,37.34,260
2015-10-30,45.0964,45.0964,43.4602,43.9933,44803129,46.16,85.13,27.58,32.28,260
2015-11-06,44.2006,45.2964,36.9597,39.551,124186631,35.68,85.13,27.58,14.06,260
2015-11-13,39.1512,39.4992,38.3664,38.4553,60863057,33.65,85.13,27.58,10.54,260
2015-11-20,38.4701,39.6473,35.1828,36.7376,102877537,30.7,85.13,27.58,5.41,260
2015-11-27,36.3452,36.819,36.1009,36.2934,37131703,29.97,85.13,27.58,4.14,260
2015-12-04,36.3382,39.9571,36.1139,39.1346,101992771,39.84,85.13,27.58,21.3,260
2015-12-11,39.1122,39.2841,35.3961,35.4858,69805866,33.34,85.13,27.58,10.0,260
2015-12-18,35.4484,37.0859,34.3419,35.4634,112386948,33.3,85.13,27.58,9.94,260
2015-12-24,35.598,37.2915,35.5457,37.0485,41668710,38.36,85.13,27.58,18.73,260
2015-12-31,36.9738,38.3196,36.8093,37.3738,38909552,39.38,85.13,27.58,20.5,260
2016-01-08,36.9588,37.8336,34.2746,34.3007,77618235,33.72,85.13,27.58,10.67,260
2016-01-15,34.6634,35.8933,33.7437,34.2596,79123424,33.65,85.13,27.58,10.55,260
2016-01-22,34.768,36.0989,33.1904,35.9419,52509999,39.19,85.13,27.58,20.17,260
2016-01-29,35.8672,36.5251,32.5025,33.9007,82918571,35.34,85.13,27.58,13.47,260
2016-02-05,33.4297,34.7007,32.0614,32.9137,72442444,33.62,85.13,27.58,10.48,260
2016-02-12,32.5324,33.467,31.5828,33.3175,57417664,35.01,85.13,27.58,12.9,260
2016-02-19,34.0951,37.4149,33.9456,36.9513,58070655,46.0,80.1,27.58,35.07,260
2016-02-26,37.4448,38.8804,37.1831,38.5963,54999575,50.12,73.56,27.58,49.0,260
2016-03-04,38.6214,39.9875,38.2742,39.746,64905022,52.82,73.56,27.58,54.89,260
2016-03-11,39.5799,40.3951,38.6214,39.4139,56667373,51.94,73.56,27.58,52.98,260
2016-03-18,39.429,39.5573,38.4251,38.9384,80529132,50.65,73.56,27.58,50.16,260
2016-03-24,38.9459,39.512,37.8364,38.3874,35141586,49.12,73.56,27.58,46.84,260
2016-04-01,38.0629,38.9837,37.4892,38.4025,43366211,49.17,73.56,27.58,46.94,260
2016-04-08,38.3497,38.6063,37.5307,38.161,33901803,48.42,73.56,27.58,45.32,260
2016-04-15,38.3874,39.5799,37.8893,38.5384,46632282,49.7,73.56,27.58,48.1,260
2016-04-22,38.561,40.0705,38.2968,39.7309,58954822,53.61,73.56,27.58,56.61,260
2016-04-29,39.7007,40.2139,37.8213,38.1308,42030367,48.2,73.56,27.58,44.83,260
2016-05-06,38.2591,38.6969,37.8364,38.4327,46577440,49.24,73.56,27.58,47.1,260
2016-05-13,38.4931,39.6479,38.3346,38.7346,40187696,50.31,73.56,27.58,49.44,260
2016-05-20,38.7346,41.1951,38.5836,41.1498,49346477,57.99,73.56,27.58,66.13,260
2016-05-27,40.9083,42.4707,40.8706,42.1159,45001748,60.61,73.56,27.58,71.83,260
2016-06-03,42.2074,42.2379,41.3654,41.8645,46294469,59.57,73.56,27.58,69.56,260
2016-06-10,41.895,42.1921,40.691,41.0187,44137902,56.08,73.56,27.58,61.97,260
2016-06-17,40.8434,41.0728,39.9823,40.8053,50304845,55.2,73.56,27.58,60.06,260
2016-06-24,41.2777,42.3446,39.7156,39.7156,49564778,50.82,73.56,27.58,50.53,260
2016-07-01,39.8452,41.0263,38.7403,40.3862,41938717,53.28,73.56,27.58,55.88,260
2016-07-08,40.3481,41.3997,38.9841,41.293,30984371,56.44,73.56,27.58,62.77,260
2016-07-15,41.1177,42.1883,41.1025,41.7197,36870171,57.89,73.56,27.58,65.92,260
2016-07-22,42.0169,46.6194,41.8721,46.5965,81012371,70.11,73.56,27.58,92.5,260
2016-07-29,46.4518,47.8691,45.8345,47.6862,50639276,72.07,73.56,27.58,96.74,260
2016-08-05,47.5262,47.549,45.7355,47.2442,49277454,70.07,73.56,27.58,92.39,260
2016-08-12,47.2823,47.5795,46.6956,47.0233,27533245,69.04,73.56,27.58,90.15,260
2016-08-19,47.0918,48.0367,47.0614,47.8234,35991552,70.72,73.56,27.58,93.81,260
2016-08-26,47.7776,48.532,47.5109,47.9834,30766569,71.05,73.56,27.58,94.54,260
2016-09-02,47.9645,48.9481,47.9261,48.6792,30151063,72.54,73.56,27.58,97.77,260
2016-09-09,48.5024,48.7099,46.4892,46.5046,30208342,61.86,73.56,27.58,74.54,260
2016-09-16,46.2817,48.7483,46.0512,48.4025,48113127,66.5,73.56,27.58,84.63,260
2016-09-23,48.5101,49.1786,48.0491,48.2181,35410317,65.66,73.56,27.58,82.81,260
2016-09-30,48.0183,54.0965,47.5342,52.6365,94665912,74.07,74.07,27.58,100.0,260
2016-10-07,52.3138,53.2666,50.8922,52.3983,47617263,73.03,74.07,27.58,97.77,260
2016-10-14,52.5136,52.698,49.4092,50.485,36536404,65.13,74.07,27.58,80.78,260
2016-10-21,50.3543,53.3588,50.0162,52.1985,50985435,68.43,74.07,27.58,87.87,260
2016-10-28,52.5597,55.034,51.676,52.5597,73175189,69.09,74.07,27.58,89.29,260
2016-11-04,53.0207,53.4126,50.5157,51.2764,58428166,63.95,74.07,27.58,78.24,260
2016-11-11,52.0372,52.7979,49.4245,51.3917,55520988,64.21,74.07,27.58,78.8,260
2016-11-18,51.8066,51.8335,50.4465,51.7221,44295962,64.98,74.07,27.58,80.46,260
2016-11-25,51.3763,52.7134,50.8307,52.4752,26692983,66.74,74.07,27.58,84.24,260
2016-12-02,52.2158,52.9051,49.3967,50.9921,53490964,60.31,74.07,27.58,70.41,260
2016-12-09,51.4104,53.5789,50.876,53.0678,33717022,65.34,74.07,27.58,81.24,260
2016-12-16,52.9516,54.3999,51.3484,51.4723,49385499,59.14,74.07,27.58,67.89,260
2016-12-23,51.7279,52.4714,51.4723,51.7821,28769700,59.93,74.07,27.58,69.6,260
2016-12-30,51.999,52.3359,50.3726,50.4965,19218007,55.14,74.07,27.58,59.27,260
2017-01-06,51.0076,51.2245,50.0326,50.7521,28489743,55.89,74.07,27.58,60.9,260
2017-01-13,50.7521,51.9525,50.3839,51.7976,31485931,58.94,74.07,27.58,67.46,260
2017-01-20,51.6659,51.8673,48.4983,48.6997,68675598,48.29,74.07,27.58,44.55,260
2017-01-27,45.4391,45.4391,41.435,42.0081,225519976,34.0,74.07,27.58,13.81,260
2017-02-03,42.1243,42.132,40.5598,41.0323,70397920,32.49,74.07,27.58,10.56,260
2017-02-10,41.2878,42.041,40.8309,41.8222,49475618,35.01,74.07,27.58,15.97,260
2017-02-17,42.2714,44.0992,42.0236,43.7275,65816881,40.74,74.07,27.58,28.31,260
2017-02-24,44.014,44.3819,43.743,44.3161,39387290,42.43,74.07,27.58,31.95,260
2017-03-03,44.2142,44.6777,43.6904,44.1204,44034429,42.0,74.07,27.58,31.03,260
2017-03-10,43.9875,45.9574,43.8311,45.8401,47202615,47.07,74.07,27.58,41.92,260
2017-03-17,46.145,46.1528,44.9568,44.9881,50308246,44.97,74.07,27.58,37.41,260
2017-03-24,45.1757,45.418,43.8546,44.4956,40060671,43.76,74.07,27.58,34.81,260
2017-03-31,44.3392,45.0975,44.1516,44.8239,31146396,44.83,74.07,27.58,37.1,260
2017-04-07,44.7614,44.9724,43.8077,44.0266,37312726,42.71,74.07,27.58,32.54,260
2017-04-13,44.1125,44.4096,41.2593,41.2671,65178140,36.3,74.07,27.58,18.76,260
2017-04-21,41.4234,41.7439,40.1805,41.0404,72792130,35.83,74.07,27.58,17.74,260
2017-04-28,41.4391,42.1739,39.9069,42.0097,70243850,39.48,74.07,27.58,25.59,260
2017-05-05,41.9394,42.9947,41.3531,42.94,61545305,42.84,74.07,27.58,32.82,260
2017-05-12,42.9869,43.3287,42.5256,43.2448,45441817,43.93,74.07,27.58,35.18,260
2017-05-19,43.0572,45.1757,43.0103,45.0819,61598532,50.15,74.07,27.58,48.55,260
2017-05-26,45.6447,46.8173,45.2918,45.4102,59460593,51.19,74.07,27.58,50.79,260
2017-06-02,45.2207,46.547,44.9997,46.247,45129400,53.84,74.07,27.58,56.48,260
2017-06-09,46.1839,46.6181,44.7944,45.0391,49137970,49.65,74.07,27.58,47.48,260
2017-06-16,44.6207,45.8405,44.4865,44.8576,42452710,49.04,74.07,27.58,46.15,260
2017-06-23,44.9681,45.5207,44.2576,44.9286,37358769,49.3,74.07,27.58,46.72,260
2017-06-30,45.0707,45.5438,43.0655,43.5944,38150114,44.6,74.07,27.58,36.61,260
2017-07-07,43.8392,44.226,43.2115,43.6971,21716932,45.04,74.07,27.58,37.55,260
2017-07-14,43.7128,44.9444,43.4365,44.8497,27315159,49.79,74.07,27.58,47.78,260
2017-07-21,44.7865,44.9522,42.1339,42.505,67445594,41.86,74.07,27.58,30.71,260
2017-07-28,42.4339,42.5365,41.2339,41.7471,43791216,39.66,74.07,27.58,25.97,260
2017-08-04,41.9207,42.1813,41.455,41.5418,54573522,39.06,74.07,27.58,24.68,260
2017-08-11,41.4471,42.1023,41.0523,41.6208,37795346,39.44,74.07,27.58,25.5,260
2017-08-18,41.8734,42.7102,40.9734,40.9892,34884888,37.43,74.07,27.58,21.19,260
2017-08-25,41.0523,41.7269,40.6576,41.076,29057769,37.9,74.07,27.58,22.19,260
2017-09-01,41.3204,42.1186,40.9293,41.5439,27301367,40.48,74.07,27.58,27.74,260
2017-09-08,41.3922,41.4242,39.0457,39.6203,54519421,34.19,74.07,27.58,14.21,260
2017-09-15,39.8598,41.7354,39.8358,41.6556,38124351,44.09,74.07,27.58,35.51,260
2017-09-22,41.6955,41.919,41.0889,41.5758,28392931,43.81,74.07,27.58,34.91,260
2017-09-29,41.4242,41.7315,40.5861,41.3763,36034188,43.08,74.07,27.58,33.33,260
2017-10-06,41.5758,42.0068,41.2246,41.8951,22986546,45.62,74.07,27.58,38.81,260
2017-10-13,42.0467,43.4036,41.8073,42.1585,36478698,46.92,74.07,27.58,41.6,260
2017-10-20,42.2862,42.3021,41.3843,41.5199,34198581,44.17,74.07,27.58,35.68,260
2017-10-27,41.7434,43.659,41.6077,43.5552,41366223,53.52,74.07,27.58,55.8,260
2017-11-03,43.228,51.872,39.9236,49.3339,145973891,69.27,74.07,27.58,89.67,260
2017-11-10,51.5128,52.5105,49.6052,51.5368,133263125,73.02,74.07,27.58,97.75,260
2017-11-17,51.8481,53.4364,51.6804,53.2528,73106365,75.52,75.52,27.58,100.0,260
2017-11-24,52.8218,55.2961,52.0955,55.0008,45138473,77.79,77.79,27.58,100.0,260
2017-12-01,54.7533,55.0568,51.9905,52.7068,81061849,68.8,77.79,27.58,82.09,260
2017-12-08,52.7953,52.8758,51.3467,51.7008,48695997,65.23,77.79,27.58,74.99,260
2017-12-15,51.5559,52.6585,51.5076,52.1193,45008171,66.02,77.79,27.58,76.56,260
2017-12-22,52.2561,52.6987,51.7491,52.0951,30654289,65.93,77.79,27.58,76.38,260
2017-12-29,51.902,52.2641,51.5076,51.5237,15932325,63.65,77.79,27.58,71.84,260
2018-01-05,51.8135,53.6001,51.6444,53.4955,23401978,67.79,77.79,27.58,80.09,260
2018-01-12,53.3184,53.5438,52.2159,52.6183,26587669,64.28,77.79,27.58,73.1,260
2018-01-19,53.3023,55.4512,53.1414,54.759,51034869,68.56,77.79,27.58,81.62,260
2018-01-26,54.5739,55.4512,54.1554,55.1534,44916670,69.29,77.79,27.58,83.07,260
2018-02-02,54.8556,55.0327,53.0046,53.1736,55245346,61.56,77.79,27.58,67.68,260
2018-02-09,53.3587,53.5599,48.6908,51.4996,102629523,55.89,77.79,27.58,56.38,260
2018-02-16,52.2239,53.7611,51.395,52.1917,58292575,57.63,77.79,27.58,59.85,260
2018-02-23,50.7109,51.6203,49.7853,50.9604,57160272,53.58,77.79,27.58,51.79,260
2018-03-02,51.9503,54.8967,51.6605,52.5509,72204186,57.71,77.79,27.58,60.01,260
2018-03-09,52.2262,53.2489,49.5637,51.1628,66150684,53.26,77.79,27.58,51.14,260
2018-03-16,51.1791,51.5281,46.9987,49.2066,112400384,47.68,77.79,27.58,40.02,260
2018-03-23,48.8575,48.9874,43.5489,43.557,64174042,35.95,77.79,27.58,16.67,260
2018-03-29,44.3038,46.4629,44.0359,44.9775,45286223,39.95,77.79,27.58,24.63,260
2018-04-06,44.7259,45.0506,43.0781,43.1187,46042337,36.72,77.79,27.58,18.2,260
2018-04-13,43.4433,46.0977,43.2972,45.2372,46146076,42.43,77.79,27.58,29.58,260
2018-04-20,45.4077,45.4483,41.6576,41.755,50754607,36.59,77.79,27.58,17.93,260
2018-04-27,41.8037,42.0553,39.4172,41.4871,55377825,36.17,77.79,27.58,17.11,260
2018-05-04,41.6007,42.6966,40.026,42.6073,42882903,39.26,77.79,27.58,23.26,260
2018-05-11,42.6803,45.286,42.2988,44.8314,48424122,44.95,77.79,27.58,34.6,260
2018-05-18,46.536,47.0717,44.8233,46.6821,59576647,49.22,77.79,27.58,43.1,260
2018-05-25,46.8201,48.7033,46.0814,48.6708,59030002,53.4,77.79,27.58,51.42,260
2018-06-01,48.8117,48.8937,47.3022,48.0816,45525078,52.03,77.79,27.58,48.7,260
2018-06-08,48.0898,51.3958,47.5401,49.4352,44317482,54.89,77.79,27.58,54.39,260
2018-06-15,49.3613,49.5664,48.3359,49.107,46377086,54.05,77.79,27.58,52.71,260
2018-06-22,48.6558,48.705,47.4581,47.9913,36110728,51.18,77.79,27.58,47.0,260
2018-06-29,47.655,47.696,45.1939,46.0389,52400731,46.53,77.79,27.58,37.73,260
2018-07-06,45.4482,47.6386,45.2185,47.4499,31453432,50.06,77.79,27.58,44.77,260
2018-07-13,47.6304,48.221,46.5475,47.9011,33820996,51.17,77.79,27.58,46.98,260
2018-07-20,47.9257,48.8855,47.2694,48.0816,39274447,51.63,77.79,27.58,47.91,260
2018-07-27,47.9093,52.3064,47.3843,51.4286,72380451,59.34,77.79,27.58,63.26,260
2018-08-03,51.3958,53.8241,50.8052,53.6518,61032849,63.5,77.79,27.58,71.55,260
2018-08-10,54.0292,54.1605,52.9053,53.176,41968851,62.04,77.79,27.58,68.63,260
2018-08-17,53.4467,54.2999,52.9545,54.1933,53590759,63.95,77.79,27.58,72.44,260
2018-08-24,54.4148,55.2597,53.9308,55.0875,68048838,65.59,77.79,27.58,75.71,260
2018-08-31,55.268,57.8275,55.1449,56.3672,72599637,67.85,77.79,27.58,80.2,260
2018-09-07,56.8915,59.0516,56.8666,58.2488,64754384,70.87,77.79,27.58,86.23,260
2018-09-14,58.4888,62.9332,57.9508,62.1469,74843786,75.92,77.79,27.58,96.29,260
2018-09-21,61.94,63.3139,60.5082,60.9965,71113091,71.96,77.79,27.58,88.39,260
2018-09-28,60.4834,61.1207,58.9688,59.6144,80073296,67.4,77.79,27.58,79.31,260
2018-10-05,59.9703,61.1703,58.3895,58.9357,57652354,65.22,77.79,27.58,74.96,260
2018-10-12,58.5798,59.2585,52.3643,53.2085,84344144,50.38,77.79,27.58,45.42,260
2018-10-19,53.1588,55.1286,52.9768,54.0941,65917421,52.2,77.79,27.58,49.02,260
2018-10-26,54.3672,55.3852,50.6346,51.7105,87150913,47.2,77.79,27.58,39.08,260
2018-11-02,52.5547,53.2251,50.709,52.414,71272811,48.76,77.79,27.58,42.18,260
2018-11-09,52.2071,53.2499,46.5047,46.9433,94541772,39.1,77.79,27.58,22.94,260
2018-11-16,46.6536,47.2082,44.3032,46.2481,135563090,38.07,77.79,27.58,20.88,260
2018-11-23,46.2233,46.8606,44.7501,45.7267,58667065,37.27,77.79,27.58,19.3,260
2018-11-30,46.1736,48.8717,45.2632,48.2179,82723245,43.36,77.79,27.58,31.42,260
2018-12-07,50.08,50.08,46.5947,46.8422,68208978,40.99,77.79,27.58,26.71,260
2018-12-14,48.3314,49.3604,47.386,48.2059,69349053,44.24,77.79,27.58,33.18,260
2018-12-21,48.1808,48.9756,45.7546,45.8885,106353544,40.19,77.79,27.58,25.11,260
2018-12-28,44.9264,48.1306,44.7674,47.5282,55280958,44.09,77.79,27.58,32.88,260
2019-01-04,47.7876,48.5238,46.1897,47.3526,47373269,43.76,77.79,27.58,32.22,260
2019-01-11,47.1769,48.666,46.5243,48.1055,58416022,45.63,77.79,27.58,35.95,260
2019-01-18,47.7039,48.231,45.4869,46.2399,87113906,41.91,77.79,27.58,28.53,260
2019-01-25,45.9889,46.0056,42.0651,42.9185,103952565,36.24,77.79,27.58,17.24,260
2019-02-01,42.0986,42.9101,41.0779,41.5046,109117735,34.12,77.79,27.58,13.03,260
2019-02-08,41.5883,43.2029,41.3875,42.0735,60471760,35.75,77.79,27.58,16.26,260
2019-02-15,42.291,43.9141,42.1488,43.4874,67748024,39.73,77.79,27.58,24.19,260
2019-02-22,43.5041,44.4662,43.295,44.4411,42342749,42.33,77.79,27.58,29.37,260
2019-03-01,44.9933,45.512,43.73,45.3447,68793827,44.75,77.79,27.58,34.2,260
2019-03-08,45.6626,46.9238,44.5583,45.2908,68420723,44.63,77.79,27.58,33.96,260
2019-03-15,45.4516,48.5144,45.3924,47.8883,64805114,51.43,77.79,27.58,47.5,260
2019-03-22,47.9052,49.3097,47.7529,48.0744,61044268,51.89,77.79,27.58,48.41,260
2019-03-29,47.8714,49.4028,47.4399,48.2521,54509250,52.35,77.79,27.58,49.33,260
2019-04-05,48.7682,49.5889,48.3198,49.0644,53482452,54.49,77.79,27.58,53.59,260
2019-04-12,48.8951,49.4874,47.203,48.1844,64019691,51.77,77.79,27.58,48.19,260
2019-04-18,48.3452,69.8188,48.2521,67.5936,295108890,77.91,77.91,27.58,100.0,260
2019-04-26,67.5428,74.9883,67.1282,73.3046,170149465,81.15,81.15,27.58,100.0,260
2019-05-03,73.1016,76.4351,72.6278,75.5467,125134243,82.25,82.25,27.58,100.0,260
2019-05-10,73.0423,75.0476,69.5988,72.6278,83233868,76.03,82.25,27.58,88.62,260
2019-05-17,70.4279,73.6092,67.6866,68.9558,84849859,68.96,82.25,27.58,75.7,260
2019-05-24,65.9522,66.8744,55.7569,56.0192,169352774,50.99,82.25,27.58,42.81,260
2019-05-31,56.383,57.3983,54.7923,56.5353,65594858,51.53,82.25,27.58,43.8,260
2019-06-07,56.7637,58.7319,56.0784,58.6551,62543973,53.79,82.25,27.58,47.95,260
2019-06-14,58.9198,61.6694,57.9805,58.6807,55374889,53.82,82.25,27.58,48.0,260
2019-06-21,58.9966,62.9076,58.8344,62.0963,61034562,57.53,82.25,27.58,54.77,260
2019-06-28,62.3098,65.2729,61.6523,64.9569,72023779,60.39,82.25,27.58,60.02,260
2019-07-05,68.8849,68.9618,63.2747,65.4607,39296306,60.89,82.25,27.58,60.93,260
2019-07-12,64.8801,65.7767,62.5916,63.9579,52833669,58.52,82.25,27.58,56.59,260
2019-07-19,64.1713,67.8005,63.232,64.0433,66473342,58.62,82.25,27.58,56.77,260
2019-07-26,64.0945,65.4266,62.6001,64.2311,53640921,58.85,82.25,27.58,57.19,260
2019-08-02,64.1799,65.1704,58.2794,60.7557,72067272,52.93,82.25,27.58,46.37,260
2019-08-09,59.7481,61.6438,57.3144,61.0546,52266537,53.37,82.25,27.58,47.16,260
2019-08-16,60.6276,62.6855,59.1845,62.5745,47548570,55.61,82.25,27.58,51.27,260
2019-08-23,63.6846,67.5443,62.5233,62.7795,53767021,55.92,82.25,27.58,51.83,260
2019-08-30,63.9579,66.6477,61.9256,66.4086,39925097,61.07,82.25,27.58,61.25,260
2019-09-06,65.5547,68.6885,63.7871,67.3223,31113382,62.26,82.25,27.58,63.43,260
2019-09-13,67.4931,68.8859,66.0414,67.4746,34025556,62.47,82.25,27.58,63.81,260
2019-09-20,66.7604,68.8429,65.547,65.7794,28344400,58.62,82.25,27.58,56.77,260
2019-09-27,65.9773,67.38,64.2218,65.9429,31228569,58.88,82.25,27.58,57.25,260
2019-10-04,66.1666,67.1735,62.9568,66.6829,29177764,60.12,82.25,27.58,59.51,260
2019-10-11,66.2699,66.9669,62.6556,66.0031,32463964,58.38,82.25,27.58,56.34,260
2019-10-18,65.9601,68.8085,65.6417,66.8464,28058642,59.93,82.25,27.58,59.17,260
2019-10-25,67.4488,69.0408,66.1494,68.9892,28299913,63.63,82.25,27.58,65.93,260
2019-11-01,69.3162,71.9838,68.7052,71.9236,33029418,67.98,82.25,27.58,73.91,260
2019-11-08,72.7497,80.9851,72.4744,80.9162,72053789,77.06,82.25,27.58,90.5,260
2019-11-15,78.9198,80.8388,76.9577,78.1453,64442266,70.43,82.25,27.58,78.39,260
2019-11-22,78.1453,79.1521,72.7411,73.0509,57861143,60.19,82.25,27.58,59.65,260
2019-11-29,73.7996,74.2557,71.7859,71.8978,29655024,58.13,82.25,27.58,55.88,260
2019-12-06,72.2678,73.0478,68.6794,72.675,40621860,59.14,82.25,27.58,57.73,260
2019-12-13,72.831,77.7732,72.5623,76.1518,50571438,63.42,82.25,27.58,65.55,260
2019-12-20,77.409,78.4321,75.9437,77.0362,47472696,64.44,82.25,27.58,67.42,260
2019-12-27,77.1749,77.4524,76.2819,76.9928,20594879,64.34,82.25,27.58,67.24,260
2020-01-03,76.9148,77.8685,74.9466,75.4495,28476983,60.91,82.25,27.58,60.97,260
2020-01-10,74.4871,80.1055,74.1663,78.2587,43335161,64.61,82.25,27.58,67.73,260
2020-01-17,78.9437,83.3829,77.383,83.1575,56668989,69.95,82.25,27.58,77.5,260
2020-01-24,82.6546,82.9927,77.0188,77.7298,39525162,59.28,82.25,27.58,57.98,260
2020-01-31,75.6923,77.6344,73.7328,73.9669,44478087,53.22,82.25,27.58,46.9,260
2020-02-07,74.175,79.0217,73.8368,75.7963,63035918,55.6,82.25,27.58,51.24,260
2020-02-14,75.2414,80.1488,74.9986,77.6865,41442929,57.97,82.25,27.58,55.59,260
2020-02-21,76.1518,79.6633,74.8512,75.4582,37088517,54.28,82.25,27.58,48.84,260
2020-02-28,72.7443,73.5507,63.5884,67.8889,78825003,44.04,82.25,27.58,30.1,260
2020-03-06,68.5132,71.6605,66.2457,67.6784,62227207,43.79,82.25,27.58,29.65,260
2020-03-13,63.2492,69.05,58.5317,66.2282,76256919,42.04,82.25,27.58,26.44,260
2020-03-20,59.65,62.1747,50.6693,53.2115,85099263,30.31,82.25,27.58,4.98,260
2020-03-27,53.7706,60.8555,51.639,58.1736,75433858,37.47,82.25,27.58,18.08,260
2020-04-03,58.6977,61.4671,56.3914,56.9854,61298620,36.5,82.25,27.58,16.31,260
2020-04-09,59.8421,65.4332,59.0996,62.5329,49599326,43.8,82.25,27.58,29.66,260
2020-04-17,62.6464,68.3598,62.4106,66.5427,47907989,48.41,82.25,27.58,38.1,260
2020-04-24,65.5381,66.5951,62.6814,66.4291,37606990,48.29,82.25,27.58,37.88,260
2020-05-01,66.9096,70.6487,65.241,66.0797,52275679,47.9,82.25,27.58,37.16,260
2020-05-08,65.6604,70.8409,64.7256,70.3779,38111228,53.01,82.25,27.58,46.5,260
2020-05-15,70.142,71.4524,64.9702,66.1933,63061958,48.06,82.25,27.58,37.46,260
2020-05-22,67.5037,71.6009,67.4513,68.7529,46345148,51.07,82.25,27.58,42.96,260
2020-05-29,70.0546,71.1816,66.534,70.6574,40926507,53.24,82.25,27.58,46.93,260
2020-06-05,69.7925,78.7745,69.2247,77.9558,56753195,60.47,82.25,27.58,60.15,260
2020-06-12,78.352,81.1163,73.5364,75.0418,51510667,56.7,82.25,27.58,53.26,260
2020-06-19,73.6597,80.1919,73.1578,78.1847,59051217,59.62,82.25,27.58,58.61,260
2020-06-26,78.1055,79.7693,76.873,77.4892,40204611,58.68,82.25,27.58,56.88,260
2020-07-02,77.6576,81.4332,76.3095,80.8786,30559568,61.85,82.25,27.58,62.68,260
2020-07-10,82.0583,82.7097,80.5,81.442,32334536,62.36,82.25,27.58,63.62,260
2020-07-17,82.1375,82.8682,78.528,81.1955,32498716,61.97,82.25,27.58,62.9,260
2020-07-24,81.1603,82.6217,77.0402,78.2551,35769094,57.3,82.25,27.58,54.36,260
2020-07-31,79.2521,94.8613,78.5809,92.9747,84185898,69.63,82.25,27.58,76.92,260
2020-08-07,94.5506,99.4806,93.3181,95.2989,54627426,71.06,82.25,27.58,79.52,260
2020-08-14,95.607,102.3418,92.2088,100.1321,63161792,73.8,82.25,27.58,84.55,260
2020-08-21,99.7359,100.7923,96.549,99.4806,40160643,72.8,82.25,27.58,82.71,260
2020-08-28,100.6867,104.1113,99.7183,104.0585,38416816,75.34,82.25,27.58,87.35,260
2020-09-04,104.1748,109.6785,99.4568,102.634,52588731,73.05,82.25,27.58,83.18,260
2020-09-11,99.0674,102.4924,97.0142,100.3772,32860115,69.46,82.25,27.58,76.61,260
2020-09-18,101.9879,104.4306,97.1735,97.9612,43374490,65.74,82.25,29.97,68.42,260
2020-09-25,96.6071,102.4393,95.846,101.333,40229060,68.29,82.25,29.97,73.31,260
2020-10-02,102.6251,106.382,101.7047,102.1915,31712263,68.93,82.25,29.97,74.52,260
2020-10-09,103.457,111.4132,103.3066,110.5105,36714194,74.3,82.25,29.97,84.8,260
2020-10-16,113.0147,117.1923,110.5834,114.1922,42688094,76.26,82.25,29.97,88.54,260
2020-10-23,115.1626,116.7852,111.838,114.0594,22363233,76.04,82.25,29.97,88.11,260
2020-10-30,112.8646,113.8736,107.1298,109.1742,34993983,68.08,82.25,29.97,72.9,260
2020-11-06,110.1831,131.6887,108.3334,128.3345,59491352,77.86,82.25,29.97,91.61,260
2020-11-13,132.2285,132.2285,122.5997,127.6708,47396669,76.98,82.25,29.97,89.93,260
2020-11-20,128.5027,135.6978,127.9274,129.2372,40461204,77.63,82.25,30.31,91.1,260
2020-11-27,125.9804,130.5293,124.883,127.2902,32491462,74.83,82.25,30.31,85.71,260
2020-12-04,127.9978,140.5167,127.4849,140.099,47071536,79.95,82.25,30.31,95.57,260
2020-12-11,140.9256,143.1655,126.1176,128.2419,54490184,66.47,82.25,30.31,69.62,260
2020-12-18,128.7929,134.4193,127.3975,131.0328,45816544,67.84,82.25,30.31,72.27,260
2020-12-24,128.8863,134.6948,128.3574,132.2505,20085314,68.45,82.25,30.31,73.44,260
2020-12-31,133.8771,135.6015,130.6862,135.4059,16994373,70.03,82.25,30.31,76.48,260
2021-01-08,136.0014,140.019,130.7829,139.2279,40243517,71.87,82.25,30.31,80.02,260
2021-01-15,138.748,145.0409,136.5703,139.6279,33710807,72.06,82.25,30.31,80.39,260
2021-01-22,141.2723,149.2718,140.8367,144.3654,27520865,74.31,82.25,30.31,84.72,260
2021-01-29,146.0542,148.4763,135.717,138.9079,39368519,67.56,82.25,30.31,71.73,260
2021-02-05,139.8768,148.9518,128.5441,129.6285,100073673,57.93,82.25,30.31,53.18,260
2021-02-12,130.7484,134.5704,127.5752,131.5306,56208008,59.22,82.25,30.31,55.66,260
2021-02-19,132.4372,133.0949,127.0686,128.8285,40419523,56.57,82.25,30.31,50.57,260
2021-02-26,126.4375,128.0997,119.4957,121.0511,64585853,49.7,82.25,30.31,37.34,260
2021-03-05,122.2155,124.5265,112.0108,115.8964,62107437,45.74,82.25,30.31,29.71,260
2021-03-12,115.2265,119.0137,109.8582,116.1018,62164440,45.92,82.25,30.31,30.07,260
2021-03-19,116.1733,121.1218,115.3336,117.0308,56213677,46.81,82.25,30.31,31.77,260
2021-03-26,118.7636,121.0771,111.1087,118.7904,48957116,48.52,82.25,30.31,35.07,260
2021-04-01,118.3885,123.6515,115.2845,123.0779,39278203,52.54,82.25,30.31,42.81,260
2021-04-09,124.1945,125.6594,122.7296,125.5611,41959381,54.75,82.25,30.31,47.05,260
2021-04-16,124.0337,124.9537,119.6122,123.4531,47865665,52.52,82.25,30.31,42.76,260
2021-04-23,122.283,122.4169,118.326,120.9699,39454776,49.94,82.25,30.31,37.79,260
2021-04-30,120.8806,129.783,120.693,123.9801,63994755,52.95,82.25,30.31,43.6,260
2021-05-07,124.784,124.8376,118.2813,123.1315,41448285,52.0,82.25,30.31,41.77,260
2021-05-14,121.4969,122.0865,110.4745,116.2537,65041020,44.95,82.25,30.31,28.2,260
2021-05-21,115.4855,119.0495,112.9487,117.4238,40563730,46.29,82.25,30.31,30.77,260
2021-05-28,117.3077,121.1575,117.3077,120.1749,36587428,49.39,82.25,30.31,36.75,260
2021-06-04,120.6784,121.5416,117.9846,120.6061,27146274,49.88,82.25,30.31,37.69,260
2021-06-11,120.0315,121.5483,119.026,120.8574,33990552,50.18,82.25,30.31,38.27,260
2021-06-18,121.3736,123.3353,118.7207,119.403,40395566,48.37,82.25,30.31,34.77,260
2021-06-25,119.4479,125.2116,119.0978,123.5777,34852412,53.56,82.25,30.31,44.78,260
2021-07-02,124.0984,128.9445,123.8739,128.0037,31474294,58.35,82.25,30.31,53.99,260
2021-07-09,128.3807,128.5423,121.7372,126.9712,26987972,56.88,82.25,30.31,51.16,260
2021-07-16,126.9443,131.3793,125.2655,125.4271,36331662,54.66,82.25,30.31,46.88,260
2021-07-23,124.1832,130.1673,122.8235,130.0685,31726935,59.75,82.25,30.31,56.68,260
2021-07-30,129.2336,136.0297,124.0804,134.4855,50925721,63.9,82.25,30.31,64.68,260
2021-08-06,134.6651,136.712,129.7878,131.3254,35506070,59.19,82.25,30.31,55.62,260
2021-08-13,131.7833,134.0456,127.8421,133.4441,26696821,61.25,82.25,30.31,59.58,260
2021-08-20,133.2287,133.8391,124.7537,127.5638,33016214,53.22,82.25,30.31,44.12,260
2021-08-27,128.0687,130.7082,127.1418,130.0416,32824972,55.85,82.25,30.31,49.18,260
2021-09-03,130.7059,133.5767,129.7812,130.447,31049703,56.28,82.25,30.31,50.01,260
2021-09-10,130.4876,131.6826,127.5788,128.6882,24797601,53.82,82.25,30.31,45.27,260
2021-09-17,129.8968,130.6093,120.0837,120.4986,43314321,44.13,82.25,30.31,26.62,260
2021-09-24,118.5775,121.9056,117.8018,120.7512,31458904,44.46,82.25,30.31,27.25,260
2021-10-01,119.4434,120.8955,114.0678,116.0882,34054573,39.76,82.25,30.31,18.21,260
2021-10-08,116.2776,117.901,113.3643,114.14,41159429,37.96,82.25,30.31,14.73,260
2021-10-15,113.6935,117.6812,110.185,117.432,47449458,42.69,82.25,30.31,23.85,260
2021-10-22,116.6383,120.5798,115.6646,118.7128,27220102,44.47,82.25,30.31,27.26,260
2021-10-29,118.8932,120.7061,117.7116,119.9935,26036710,46.26,82.25,30.31,30.72,260
2021-11-05,119.4524,152.0213,119.4524,147.0426,102313705,69.01,82.25,30.31,74.52,260
2021-11-12,147.2049,152.8962,143.4349,148.7653,51834624,69.89,82.25,30.31,76.2,260
2021-11-19,150.1723,170.2152,149.55,166.8581,94801334,77.17,82.25,30.31,90.23,260
2021-11-26,163.3496,170.2584,157.8929,158.5062,42483546,68.89,82.25,30.31,74.27,260
2021-12-03,161.8794,168.4906,155.0183,159.8171,65633508,69.44,82.25,30.31,75.34,260
2021-12-10,160.1521,170.0756,155.9781,166.4901,39540656,72.16,82.25,30.31,80.58,260
2021-12-17,169.1792,174.4578,158.468,160.0797,67109553,66.08,82.25,30.31,68.86,260
2021-12-23,157.807,166.3362,157.0555,165.4579,24154836,68.48,82.25,30.31,73.49,260
2021-12-31,165.8834,169.6681,165.0686,165.5756,23871478,68.53,82.25,30.31,73.59,260
2022-01-07,165.6118,175.2727,163.0857,163.3482,48133959,66.28,82.25,30.31,69.26,260
2022-01-14,161.4106,173.4619,157.3272,170.8452,47789044,69.87,82.25,30.31,76.16,260
2022-01-21,168.2919,168.4096,149.0063,149.3322,41524577,52.58,82.25,30.31,42.89,260
2022-01-28,146.8423,158.0424,142.4962,151.0344,59796194,53.56,82.25,30.31,44.77,260
2022-02-04,151.2608,173.9327,150.1199,162.4971,98472835,59.61,82.25,30.31,56.41,260
2022-02-11,162.6739,166.5987,148.0827,149.0697,58141367,51.2,82.25,30.31,40.22,260
2022-02-18,149.7125,157.5082,147.1139,151.7859,46295980,52.65,82.25,30.31,43.03,260
2022-02-25,148.5435,154.9097,141.0566,154.7648,39478657,54.27,82.25,30.31,46.13,260
2022-03-04,152.3835,156.63,145.3505,147.505,46274671,49.82,82.25,30.31,37.56,260
2022-03-11,147.5595,148.3232,134.4326,138.4871,50854501,44.89,82.25,30.31,28.09,260
2022-03-18,137.0871,141.8415,126.4056,139.987,68228758,45.85,82.25,30.31,29.93,260
2022-03-25,139.987,145.396,138.7052,143.6051,39696571,48.19,82.25,30.31,34.44,260
2022-04-01,142.2688,146.6323,129.6008,133.6236,67587297,42.71,82.25,30.31,23.88,260
2022-04-08,134.3054,140.1143,123.9602,124.2602,71818558,38.3,82.25,30.31,15.4,260
2022-04-14,122.0802,129.6237,121.533,124.4602,40245118,38.45,82.25,30.31,15.68,260
2022-04-22,123.2875,131.6418,120.5876,120.733,40192832,36.71,82.25,30.31,12.32,260
2022-04-29,119.3785,137.4507,118.7785,126.9874,77544579,41.5,82.25,30.31,21.55,260
2022-05-06,127.8146,135.9053,125.342,127.7965,56447562,42.11,82.25,30.31,22.73,260
2022-05-13,125.442,127.3692,116.1968,122.6602,52070689,39.31,82.25,30.31,17.33,260
2022-05-20,121.7966,127.2692,114.415,119.633,47255270,37.71,82.25,30.31,14.26,260
2022-05-27,118.1331,127.3919,114.5877,127.051,46060029,43.73,82.25,30.31,25.85,260
2022-06-03,126.8147,133.663,124.942,129.0659,41569927,45.28,82.25,30.31,28.83,260
2022-06-10,132.4749,132.4932,121.0233,121.7361,35777420,40.88,82.25,30.31,20.35,260
2022-06-17,119.3508,121.8093,108.1733,110.577,60671726,35.25,82.25,30.31,9.53,260
2022-06-24,113.1177,115.2654,108.05,114.3333,34330604,38.33,82.25,30.31,15.45,260
2022-07-01,115.3386,124.7064,111.5915,112.8984,63984613,37.59,82.25,30.31,14.03,260
2022-07-08,110.6775,124.6516,110.0012,124.3043,31955562,46.39,82.25,30.31,30.96,260
2022-07-15,122.0926,132.9593,119.2868,131.9448,41688793,51.34,82.25,30.31,40.49,260
2022-07-22,133.4071,143.1771,128.7003,140.4718,41321028,56.2,82.25,30.31,49.84,260
2022-07-29,139.6493,141.4771,128.5632,132.5754,52534119,51.11,82.25,30.31,40.05,260
2022-08-05,131.89,138.2632,131.6706,137.2822,31744040,53.79,82.25,30.31,45.22,260
2022-08-12,136.9166,138.5891,129.1482,138.2692,30385813,54.36,82.25,30.31,46.31,260
2022-08-19,137.3827,139.7498,133.7635,134.8968,28151826,52.01,82.25,30.31,41.79,260
2022-08-26,132.7948,134.6775,126.1687,126.4703,29886765,46.6,82.25,30.31,31.38,260
2022-09-02,125.9494,127.1558,115.8853,118.0882,36527138,41.93,82.25,30.31,22.38,260
2022-09-09,118.4191,121.8841,115.7169,121.3694,23708195,44.29,82.25,30.31,26.91,260
2022-09-16,122.2426,123.3639,113.0928,114.8437,45479615,40.75,82.25,30.31,20.1,260
2022-09-23,113.6213,119.2922,109.4209,111.3878,39072534,38.97,82.25,30.31,16.68,260
2022-09-30,111.7095,113.2169,103.7867,103.8419,42984133,35.35,82.25,30.31,9.71,260
2022-10-07,105.6893,116.92,104.4715,111.1305,36046441,41.05,82.25,30.31,20.68,260
2022-10-14,110.8363,111.2499,96.1948,101.0569,45711972,36.29,82.25,30.31,11.51,260
2022-10-21,104.7058,106.7003,100.6801,106.3786,37641984,40.23,82.25,30.31,19.11,260
2022-10-28,106.9301,110.9742,103.2444,109.568,38441623,42.53,82.25,30.31,23.53,260
2022-11-04,108.5753,110.8731,93.6856,98.0606,63240225,37.0,82.25,30.31,12.89,260
2022-11-11,98.7867,112.2792,97.6654,111.6084,47642678,45.91,82.25,30.31,30.04,260
2022-11-18,110.9742,117.7619,109.1084,113.8327,42720904,47.23,82.25,30.31,32.58,260
2022-11-25,111.2959,116.7601,110.3216,113.465,23849671,47.03,82.25,30.31,32.19,260
2022-12-02,112.2794,118.5295,108.7499,116.1811,40190338,48.79,82.25,30.31,35.58,260
2022-12-09,115.1825,116.0054,108.877,110.0697,30870390,45.15,82.25,30.31,28.58,260
2022-12-16,107.3052,118.2983,104.7997,105.8906,51109389,42.8,82.25,30.31,24.05,260
2022-12-23,105.4099,106.4731,99.2754,102.479,37233923,40.93,82.25,30.31,20.45,260
2022-12-30,101.4712,102.3357,98.7622,101.6469,23864621,40.46,82.25,30.31,19.55,260
2023-01-06,102.9505,107.2313,99.0489,106.6395,33529864,44.54,82.25,30.31,27.39,260
2023-01-13,107.9247,113.1485,104.9753,111.1699,41618984,48.01,82.25,30.31,34.08,260
2023-01-20,110.703,114.6371,108.4887,113.6293,34751085,49.85,82.25,30.31,37.62,260
2023-01-27,116.9947,124.7148,116.329,123.3372,42247739,56.4,82.25,30.31,50.23,260
2023-02-03,121.1645,129.3839,118.8716,124.835,58340394,57.32,82.25,30.31,52.01,260
2023-02-10,122.2925,127.017,117.9933,119.2599,32683186,52.83,82.25,30.31,43.36,260
2023-02-17,119.6944,123.2725,117.383,118.0857,26445124,51.9,82.25,30.31,41.58,260
2023-02-24,115.9962,117.9895,113.6478,114.9607,27479585,49.43,82.25,30.31,36.81,260
2023-03-03,116.9577,117.0502,112.4161,114.9694,32122678,49.43,82.25,30.31,36.82,260
2023-03-10,115.602,116.4342,106.5328,107.1467,38484910,43.42,82.25,30.31,25.24,260
2023-03-17,105.8165,114.2904,105.2398,112.2999,48098454,47.91,82.25,30.31,33.9,260
2023-03-24,112.3371,118.132,111.4441,116.0484,34260177,50.97,82.25,30.31,39.77,260
2023-03-31,116.96,119.2389,111.8162,118.6715,30878896,53.04,82.25,30.31,43.77,260
2023-04-06,118.1227,118.666,112.5975,114.4113,25512027,49.39,82.25,30.31,36.73,260
2023-04-14,113.5649,116.5042,110.4674,111.7697,26443706,47.22,82.25,30.31,32.55,260
2023-04-21,110.8116,112.365,108.3187,109.5372,25542984,45.4,82.25,30.31,29.06,260
2023-04-28,109.593,109.6023,104.319,108.6443,31400798,44.66,82.25,30.31,27.63,260
2023-05-05,109.0256,109.3698,96.273,101.1843,57644602,38.95,82.25,30.31,16.63,260
2023-05-12,100.8076,101.2308,95.4451,96.3846,40744951,35.77,82.25,30.31,10.53,260
2023-05-19,96.5148,99.6402,95.7056,98.4682,38906225,38.13,82.25,30.31,15.06,260
2023-05-26,96.433,103.5097,94.3847,102.6446,51205851,42.67,82.25,30.31,23.8,260
2023-06-02,106.5049,109.9727,104.5396,108.3053,49668384,48.21,82.25,30.31,34.47,260
2023-06-09,108.1273,113.2044,105.1391,111.5745,42528108,51.15,82.25,30.31,40.13,260
2023-06-16,113.3824,117.4666,112.1928,114.9187,46922833,54.02,82.25,30.31,45.66,260
2023-06-23,114.2255,114.6283,105.8792,106.2539,35840203,46.41,82.25,30.31,31.0,260
2023-06-30,107.3124,112.352,107.0688,111.5089,34774374,50.93,82.25,30.31,39.7,260
2023-07-07,111.7244,112.8578,106.4318,108.6051,22571059,48.49,82.25,30.31,35.01,260
2023-07-14,109.1015,115.6072,107.6215,114.8062,37910200,53.59,82.25,30.31,44.83,260
2023-07-21,114.5908,119.059,112.619,116.8296,55330978,55.15,82.25,30.31,47.83,260
2023-07-28,116.8296,121.7006,114.6002,121.2885,36428955,58.47,82.25,30.31,54.21,260
2023-08-04,121.7662,124.5577,107.6215,113.8133,73800698,51.58,82.25,30.31,40.96,260
2023-08-11,114.4784,114.9749,106.5255,107.3592,34220501,46.5,82.25,30.31,31.17,260
2023-08-18,106.6754,107.2749,101.6357,103.1345,34443005,43.47,82.25,30.31,25.35,260
2023-08-25,102.891,105.4483,100.9426,103.3406,33370319,43.67,82.25,30.31,25.72,260
2023-09-01,104.2586,109.1457,103.528,108.8486,31051291,48.69,82.25,30.31,35.4,260
2023-09-08,108.4005,110.4287,99.533,100.1273,42475643,42.26,82.25,30.31,23.02,260
2023-09-15,104.9667,108.6646,102.6555,106.7307,55538763,47.87,82.25,30.31,33.82,260
2023-09-22,106.4949,107.3816,101.2791,101.58,31783180,44.26,82.25,30.31,26.86,260
2023-09-29,100.7876,105.8723,100.6694,104.7686,30287949,46.93,82.25,30.31,32.01,260
2023-10-06,104.1459,105.9006,101.9257,104.5988,33711827,46.8,82.25,30.31,31.76,260
2023-10-13,104.0705,106.5892,102.3913,102.5045,28756589,45.16,82.25,30.31,28.59,260
2023-10-20,102.9102,107.9194,101.9008,102.4762,39031187,45.14,82.25,30.31,28.55,260
2023-10-27,101.8253,104.3063,98.4226,100.4291,39826478,43.41,82.25,30.31,25.22,260
2023-11-03,100.665,113.2965,100.165,112.7493,58705662,54.66,82.25,30.31,46.88,260
2023-11-10,113.2021,117.7396,111.6739,117.1736,44533701,57.89,82.25,30.31,53.11,260
2023-11-17,116.9755,122.9847,115.6831,122.1356,45203368,61.24,82.25,30.31,59.54,260
2023-11-24,122.1073,122.7487,118.6264,120.5131,32149973,59.57,82.25,30.31,56.34,260
2023-12-01,120.0603,123.9722,118.5509,123.0894,48610876,61.37,82.25,30.31,59.8,260
2023-12-08,122.7666,127.1712,121.5326,126.2219,35969856,63.49,82.25,30.31,63.89,260
2023-12-15,127.6838,136.208,127.2661,135.8663,62421105,69.12,82.25,30.31,74.72,260
2023-12-22,135.2778,137.0719,133.2369,136.208,33768330,69.3,82.25,30.31,75.07,260
2023-12-29,136.8535,139.4355,136.4928,137.2902,18615221,69.9,82.25,30.31,76.23,260
2024-01-05,134.974,134.9788,128.0928,129.7911,30018191,61.0,82.25,30.31,59.09,260
2024-01-12,130.0379,135.4202,129.1266,133.085,33160223,63.21,82.25,30.31,63.35,260
2024-01-19,132.8951,145.0171,130.3796,144.2482,43154596,69.53,82.25,30.31,75.52,260
2024-01-26,144.9981,149.9627,142.7484,143.0711,40411370,68.2,82.25,30.31,72.96,260
2024-02-02,142.7674,143.56,132.1927,134.4994,74340959,59.3,82.25,30.31,55.83,260
2024-02-09,134.6608,145.6151,134.0437,143.3369,44110879,64.45,82.25,30.31,65.74,260
2024-02-16,142.7484,149.7538,140.8783,144.9411,47299213,65.31,82.25,30.31,67.39,260
2024-02-23,144.1817,148.947,141.3435,147.0485,35875697,66.46,82.25,30.31,69.6,260
2024-03-01,148.0832,156.4763,147.851,155.608,36267147,70.69,82.25,30.31,77.75,260
2024-03-08,157.5449,169.4428,152.8792,162.7449,59517512,73.67,82.25,30.31,83.49,260
2024-03-15,161.2469,165.9221,158.2414,159.5295,48101441,70.21,82.25,30.31,76.81,260
2024-03-22,163.0693,164.9823,156.1233,162.2964,34196783,71.45,82.25,30.31,79.21,260
2024-03-28,160.1783,162.0961,159.31,161.5331,22606067,70.58,82.25,30.31,77.53,260
2024-04-05,160.5504,167.8781,160.4931,163.6608,35717049,71.62,82.25,30.31,79.54,260
2024-04-12,164.9966,167.9162,162.2678,163.4318,30487268,71.33,82.25,30.31,78.97,260
2024-04-19,166.2751,166.3801,149.1677,150.3985,40544190,57.01,82.25,30.31,51.4,260
2024-04-26,150.7897,158.8807,149.9501,158.0601,33967921,61.85,79.95,30.31,63.55,260
2024-05-03,157.6212,174.7859,156.2759,171.3988,62590392,68.51,79.95,30.31,76.96,260
2024-05-10,173.5646,175.8545,168.5127,173.7268,31449712,69.51,79.95,30.31,78.98,260
2024-05-17,174.7764,187.0846,174.5092,184.9664,39420407,73.83,79.95,30.31,87.68,260
2024-05-24,185.1,201.6063,184.413,200.7095,59833566,78.44,79.95,30.31,96.97,260
2024-05-31,207.2595,207.4551,190.3808,195.497,52366630,73.81,79.95,30.31,87.63,260
2024-06-07,200.776,203.5928,193.2072,197.9593,43986447,74.57,79.95,30.31,89.17,260
2024-06-14,196.6802,209.2072,195.9856,206.3042,40711740,77.02,79.95,30.31,94.1,260
2024-06-21,207.9904,220.9628,200.6323,203.6215,75589071,74.54,79.95,30.31,89.1,260
2024-06-28,198.2371,198.3521,185.7149,190.8311,65649255,63.95,79.95,30.31,67.76,260
2024-07-05,191.109,198.0838,187.861,197.1257,23804894,66.47,79.95,30.31,72.85,260
2024-07-12,198.5533,201.6143,191.3964,193.9449,33175598,64.03,79.95,30.31,67.94,260
2024-07-19,194.491,202.2419,177.9736,178.4048,48774727,53.67,79.95,30.31,47.06,260
2024-07-26,182.994,188.0143,166.0072,172.503,45949895,50.33,79.95,30.31,40.34,260
2024-08-02,173.8922,174.9844,150.9269,152.6323,82026541,41.08,79.95,30.31,21.71,260
2024-08-09,146.8455,158.9365,145.0444,157.5856,45717282,43.85,79.95,30.31,27.29,260
2024-08-16,153.8299,167.3197,150.8215,164.9628,43046238,47.79,79.95,30.31,35.22,260
2024-08-23,164.3784,168.0766,161.3221,166.2275,32807011,48.46,79.95,30.31,36.56,260
2024-08-30,164.7617,168.9675,161.212,167.9521,44095926,49.41,79.95,30.31,38.48,260
2024-09-06,164.6802,164.9389,151.3254,152.3462,34377165,41.89,79.95,30.31,23.33,260
2024-09-13,155.1391,162.0827,151.8551,161.5338,33783892,47.0,79.95,30.31,33.63,260
2024-09-20,158.8372,170.2687,157.7393,162.6798,56662045,47.62,79.95,30.31,34.88,260
2024-09-27,162.1983,169.2575,159.2417,163.8451,38928003,48.28,79.95,30.31,36.21,260
2024-10-04,165.0393,166.4165,158.0186,162.6606,33714035,47.62,79.95,30.31,34.89,260
2024-10-11,161.4423,164.1341,157.6141,163.7007,26538788,48.29,79.95,30.31,36.23,260
2024-10-18,165.0104,173.182,163.1614,164.606,41865615,48.9,79.95,30.31,37.46,260
2024-10-25,163.3684,167.0714,158.2305,163.98,34829035,48.47,79.95,30.31,36.6,260
2024-11-01,163.1614,170.0472,156.0925,159.1647,37031423,45.21,79.95,30.31,30.03,260
2024-11-08,158.9624,175.3729,157.5901,164.5963,62307847,49.35,79.95,30.31,38.37,260
2024-11-15,163.7199,164.4808,153.7041,154.5709,40984240,42.91,79.95,30.31,25.39,260
2024-11-22,156.5933,160.0892,147.3003,150.9979,44871755,40.86,79.95,30.31,21.26,260
2024-11-29,153.0685,155.5532,148.754,152.6737,31129566,42.25,79.95,30.31,24.07,260
2024-12-06,152.5292,159.2143,152.2338,154.4316,40693824,43.75,79.95,30.31,27.08,260
2024-12-13,152.4662,157.7427,151.072,153.4828,39929468,43.1,79.95,30.31,25.77,260
2024-12-20,153.1245,156.029,144.6725,148.0223,53195572,39.47,79.95,30.31,18.46,260
2024-12-27,150.7041,154.4799,149.6295,152.2338,22783169,43.43,79.95,30.31,26.43,260
2025-01-03,150.2878,153.3908,147.9255,152.8051,20675520,43.96,79.95,30.31,27.51,260
2025-01-10,154.2573,160.3954,150.5976,151.9821,31234504,43.33,79.95,30.31,26.23,260
2025-01-17,150.2781,160.56,149.8715,159.3208,36761551,50.24,79.95,30.31,40.15,260
2025-01-24,160.7149,169.622,160.0856,166.6304,27660300,55.99,79.95,30.31,51.74,260
2025-01-31,166.6207,171.1614,161.9542,167.4243,43291237,56.58,79.95,30.31,52.93,260
2025-02-07,163.5032,171.3647,160.134,162.6125,52460756,52.05,79.95,30.31,43.79,260
2025-02-14,164.3262,167.3178,162.8836,166.7466,29384983,55.36,79.95,30.31,50.46,260
2025-02-21,167.7438,170.8806,159.9501,160.1631,32990546,49.5,79.95,30.31,38.66,260
2025-02-28,160.6278,161.2862,148.5161,152.1661,48191314,43.48,79.95,30.31,26.53,260
2025-03-07,153.9281,157.5214,146.5314,156.9374,41881289,47.57,79.95,30.31,34.78,260
2025-03-14,153.1702,155.0294,146.4243,152.4206,37068791,44.3,79.95,35.25,20.24,260
2025-03-21,151.4667,156.2511,149.4809,152.6543,34589255,44.51,79.95,35.25,20.71,260
2025-03-28,155.7498,157.1807,147.534,148.6632,30996658,41.59,79.95,35.25,14.18,260
2025-04-04,146.799,151.3304,123.3149,124.0742,55183250,28.97,79.95,28.97,0.0,260
2025-04-11,121.2804,141.012,117.5929,135.551,80000840,38.37,79.95,28.97,18.44,260
2025-04-17,138.958,139.3084,128.2892,133.0298,30830204,37.21,79.95,28.97,16.15,260
2025-04-25,131.1511,145.2367,129.8174,144.6137,39385975,45.41,79.95,28.97,32.24,260
2025-05-02,144.2438,145.334,131.2873,136.0961,59309425,41.15,79.95,28.97,23.89,260
2025-05-09,134.6262,143.5818,133.8085,141.3235,39031804,44.58,79.95,28.97,30.62,260
2025-05-16,149.987,150.2596,145.8499,148.449,42155941,48.95,79.95,28.97,39.2,260
2025-05-23,146.5508,151.9826,138.004,141.5181,40728716,45.22,79.95,28.97,31.87,260
2025-05-30,143.6305,146.502,139.6686,141.3429,36561379,45.12,79.95,28.97,31.68,260
2025-06-06,140.9536,147.4739,140.6421,146.1518,31135354,48.29,79.95,28.97,37.9,260
2025-06-13,148.6687,158.7849,148.0404,151.5184,42653552,51.65,79.95,28.97,44.48,260
2025-06-20,153.7806,155.1713,147.5131,148.1888,38043736,49.5,79.95,28.97,40.27,260
2025-06-27,148.1007,157.7664,146.5857,155.2594,48212000,53.88,79.95,28.97,48.87,260
2025-07-03,155.1125,160.5646,154.5347,158.8535,30127725,55.98,79.95,28.97,52.97,260
2025-07-11,157.7762,158.4813,153.8982,154.2017,29839856,52.65,79.95,28.97,46.44,260
2025-07-18,153.1833,153.4673,148.4043,151.5968,35409029,50.82,79.95,28.97,42.87,260
2025-07-25,151.7143,156.7284,151.7045,155.1223,31733121,53.19,79.95,28.97,47.5,260
2025-08-01,156.4541,160.2147,142.5652,145.1236,70617517,46.38,79.95,28.97,34.15,260
2025-08-08,145.4369,147.6698,141.128,144.5066,36202498,45.99,79.95,28.97,33.39,260
2025-08-15,145.5006,155.9645,144.6535,154.5837,36505523,52.97,79.95,28.97,47.07,260
2025-08-22,154.5151,156.5815,149.883,154.7404,31031399,53.07,79.95,28.97,47.27,260
2025-08-29,154.3486,158.2512,152.1844,157.4041,36481297,54.85,79.95,28.97,50.76,260
2025-09-05,154.5543,160.9992,151.4009,157.4048,29330391,54.85,79.95,28.97,50.77,260
2025-09-12,157.8479,159.8568,154.2241,159.3645,35193382,56.27,79.95,28.97,53.55,260
2025-09-19,158.941,166.9964,157.7691,164.308,49525738,59.71,79.95,28.97,60.29,260
2025-09-26,164.308,171.7823,163.3922,166.6222,33818355,61.24,79.95,28.97,63.3,260
2025-10-03,166.6222,169.1333,161.9839,166.6025,29906826,61.22,79.95,28.97,63.26,260
2025-10-10,167.9418,169.3598,151.0137,151.25,45462564,47.34,79.95,28.97,36.03,260
2025-10-17,153.5741,162.6723,153.4066,160.9598,36840146,54.38,79.95,28.97,49.85,260
2025-10-24,160.8515,169.7931,159.591,166.3661,37256371,57.77,79.95,28.97,56.5,260
2025-10-31,166.376,202.8123,166.248,178.1439,131052648,64.04,79.95,28.97,68.79,260
2025-11-07,180.1627,180.6551,165.6867,168.2864,65588834,56.48,79.95,28.97,53.97,260
2025-11-14,171.1078,176.1055,166.9176,171.3294,44810118,58.13,79.95,28.97,57.19,260
2025-11-21,170.1673,172.1763,156.4299,160.8121,52351199,50.97,79.95,28.97,43.15,260
2025-11-28,161.8658,165.6276,159.4077,165.5291,32864714,53.72,78.44,28.97,50.03,260
2025-12-05,163.3823,175.4406,162.9786,173.0255,39246903,57.78,78.44,28.97,58.23,260
2025-12-12,172.9562,181.5674,170.5609,176.4699,40418621,59.53,78.44,28.97,61.77,260
2025-12-19,177.8804,178.4693,170.2936,173.461,56783559,57.29,78.44,28.97,57.25,260
2025-12-26,175.7424,176.4988,171.7387,173.0255,15200684,56.96,78.44,28.97,56.57,260
2026-01-02,172.2336,173.4016,169.2643,171.2141,18622456,55.51,78.44,28.97,53.64,260
2026-01-09,173.6688,182.5671,172.2336,175.9651,47874868,58.49,78.44,28.97,59.67,260
2026-01-16,174.0845,174.0845,157.5847,157.7926,52843282,45.83,78.44,28.97,34.07,260
2026-01-23,153.3682,157.8025,151.6856,154.2293,35498474,43.82,78.44,28.97,30.02,260
2026-01-30,153.2197,155.1399,148.2015,150.0425,43487235,41.53,78.44,28.97,25.38,260
2026-02-06,149.4288,152.0716,131.375,135.938,85386417,34.89,78.44,28.97,11.96,260
2026-02-13,135.7004,140.9364,135.1066,139.2637,55715911,37.43,78.44,28.97,17.1,260
2026-02-20,139.5606,143.0051,138.4718,141.4214,39099814,39.09,78.44,28.97,20.45,260
2026-02-27,140.5207,145.44,138.2145,140.9067,47786018,38.82,78.44,28.97,19.92,260
2026-03-06,136.418,140.5554,132.9159,135.1773,46824020,35.91,78.44,28.97,14.03,260
2026-03-13,132.9856,138.0564,128.7318,129.3295,47541563,33.18,78.44,28.97,8.49,260
2026-03-20,130.5768,133.5435,128.413,129.4092,118986230,33.25,78.44,28.97,8.65,260
2026-03-27,132.6469,133.4638,126.1964,126.6297,47387739,31.91,78.44,28.97,5.94,260
2026-04-02,126.9684,129.7379,123.5415,126.3209,42561696,31.76,78.44,28.97,5.63,260
2026-04-10,126.0818,130.1165,121.5291,127.5761,47194963,33.16,78.44,28.97,8.47,260
2026-04-17,127.5164,136.4475,125.9822,135.6854,43746097,41.52,78.44,28.97,25.37,260
2026-04-24,135.8946,150.9673,131.5511,148.2876,68875565,51.65,78.44,28.97,45.84,260
2026-05-01,155.7144,186.1838,143.456,176.3412,184480629,65.83,78.44,28.97,74.51,260
2026-05-08,176.5504,227.1883,164.1674,218.2622,176479511,76.79,78.44,28.97,96.66,260
2026-05-15,231.1284,246.9633,198.4075,200.7287,161051134,67.1,78.44,28.97,77.07,260
2026-05-22,205.9887,242.0819,190.2983,237.2601,118025533,74.36,78.44,28.97,91.75,260
2026-05-29,239.8055,258.9379,223.333,250.0715,106241277,76.33,78.44,28.97,95.73,260
2026-06-05,232.4484,254.1262,215.0,215.94,97535400,62.53,78.44,28.97,67.83,260
2026-06-12,221.03,221.93,190.1,211.72,98581431,61.06,78.44,28.97,64.86,260
2026-06-18,219.77,231.19,212.68,226.11,92660699,64.15,78.44,28.97,71.12,260
2026-06-26,222.93,233.444,186.18,189.39,139513094,52.65,78.44,28.97,47.87,260
2026-07-02,193.03,194.59,172.12,176.25,85651288,49.25,78.44,28.97,40.99,260
2026-07-10,178.13,196.09,177.1,189.16,62030144,52.5,78.44,28.97,47.56,260
2026-07-17,185.06,189.99,164.774,171.78,67781207,48.04,78.44,28.97,38.55,260
2026-07-24,175.55,178.65,165.77,166.97,51495808,46.86,78.44,28.97,36.15,260
2026-07-31,169.77,171.19,146.0,147.61,86023409,42.33,78.44,28.97,27.0,260
2026-08-07,146.2,167.99,142.89,167.86,56733969,47.99,78.44,28.97,38.44,260
2026-08-14,168.155,168.87,161.07,165.79,36842706,47.48,78.44,28.97,37.4,260
2026-08-21,166.25,166.4999,156.725,160.75,45169733,46.18,78.44,28.97,34.79,260
2026-08-28,158.5298,166.0438,155.377,163.2988,55250933,46.97,78.44,28.97,36.38,260
2026-09-04,163.8955,170.63,161.3295,168.74,44712218,48.7,78.44,28.97,39.87,260
2026-09-11,180.4,185.46,171.0,181.97,68094197,52.72,78.44,28.97,48.01,260
