Semana,Open,High,Low,Close,Volume,RSI,RSI_max_5a,RSI_min_5a,Posicion,Semanas_ventana
1996-01-05,0.5512,0.5923,0.5512,0.5923,22100,,,,,0
1996-01-12,0.5879,0.5971,0.5879,0.5923,29500,,,,,0
1996-01-19,0.5923,0.5923,0.5512,0.5512,73800,,,,,0
1996-01-26,0.5512,0.5971,0.5468,0.5971,242300,,,,,0
1996-02-02,0.6019,0.6845,0.6019,0.6706,162200,,,,,0
1996-02-09,0.6798,0.7533,0.6658,0.7257,235900,,,,,0
1996-02-16,0.7305,0.7864,0.7246,0.7246,271500,,,,,0
1996-02-23,0.6916,0.7151,0.6867,0.6966,124800,,,,,0
1996-03-01,0.6966,0.6966,0.6253,0.6299,201300,,,,,0
1996-03-08,0.6348,0.6397,0.6064,0.6208,62200,,,,,0
1996-03-15,0.6208,0.6348,0.6159,0.6299,171600,,,,,0
1996-03-22,0.6348,0.6348,0.6064,0.6064,132700,,,,,0
1996-03-29,0.6159,0.6159,0.5829,0.5924,108400,,,,,0
1996-04-04,0.5924,0.5924,0.5829,0.5874,31000,,,,,0
1996-04-12,0.5874,0.5874,0.578,0.5829,326700,48.75,48.75,48.75,,1
1996-04-19,0.5829,0.6632,0.578,0.6583,811100,57.84,57.84,48.75,100.0,2
1996-04-26,0.6678,0.7201,0.6583,0.6727,474100,59.32,59.32,48.75,100.0,3
1996-05-03,0.6822,0.739,0.6822,0.7011,474600,62.15,62.15,48.75,100.0,4
1996-05-10,0.706,0.7151,0.6822,0.6916,231000,60.64,62.15,48.75,88.7,5
1996-05-17,0.7011,0.7011,0.6649,0.6649,199400,56.45,62.15,48.75,57.47,6
1996-05-24,0.6603,0.6649,0.6456,0.6552,90400,54.98,62.15,48.75,46.49,7
1996-05-31,0.6506,0.6791,0.6506,0.6745,117800,57.37,62.15,48.75,64.35,8
1996-06-07,0.6695,0.6745,0.6263,0.6506,642700,53.57,62.15,48.75,35.98,9
1996-06-14,0.6406,0.6649,0.6071,0.6071,670900,47.4,62.15,47.4,0.0,10
1996-06-21,0.6071,0.6313,0.6024,0.6117,287500,48.09,62.15,47.4,4.63,11
1996-06-28,0.6117,0.6213,0.5735,0.6071,337500,47.42,62.15,47.4,0.13,12
1996-07-05,0.6117,0.6213,0.5974,0.5974,137300,46.0,62.15,46.0,0.0,13
1996-07-12,0.5928,0.5974,0.5782,0.5782,163500,43.2,62.15,43.2,0.0,14
1996-07-19,0.5782,0.5928,0.5685,0.5828,84100,44.08,62.15,43.2,4.63,15
1996-07-26,0.5782,0.5828,0.5635,0.5828,332800,44.08,62.15,43.2,4.63,16
1996-08-02,0.5878,0.5928,0.5685,0.5828,185100,44.08,62.15,43.2,4.63,17
1996-08-09,0.5878,0.5878,0.5828,0.5878,75200,45.23,62.15,43.2,10.68,18
1996-08-16,0.5828,0.6039,0.5782,0.5988,32600,47.75,62.15,43.2,24.0,19
1996-08-23,0.6039,0.6039,0.5937,0.5937,129800,46.67,62.15,43.2,18.32,20
1996-08-30,0.5889,0.5988,0.5642,0.5988,121000,47.94,62.15,43.2,24.99,21
1996-09-06,0.5937,0.5937,0.5842,0.5889,54000,45.69,62.15,43.2,13.14,22
1996-09-13,0.5889,0.5889,0.5497,0.574,102600,42.44,62.15,42.44,0.0,23
1996-09-20,0.5791,0.5937,0.5693,0.5791,138700,43.91,62.15,42.44,7.47,24
1996-09-27,0.5842,0.5842,0.5642,0.5642,45400,40.64,62.15,40.64,0.0,25
1996-10-04,0.5693,0.5693,0.5497,0.5595,41400,39.64,62.15,39.64,0.0,26
1996-10-11,0.5642,0.574,0.5548,0.5642,70400,41.2,62.15,39.64,6.95,27
1996-10-18,0.5642,0.5693,0.5595,0.5595,47800,40.08,62.15,39.64,1.98,28
1996-10-25,0.5642,0.5642,0.5497,0.5548,118900,38.94,62.15,38.94,0.0,29
1996-11-01,0.5595,0.5642,0.545,0.5497,79900,37.69,62.15,37.69,0.0,30
1996-11-08,0.5497,0.5842,0.5399,0.5791,304500,48.05,62.15,37.69,42.34,31
1996-11-15,0.5791,0.6134,0.5791,0.603,547500,54.64,62.15,37.69,69.29,32
1996-11-22,0.6082,0.6381,0.603,0.6282,392300,60.34,62.15,37.69,92.57,33
1996-11-29,0.6381,0.6533,0.6182,0.6481,262900,64.18,64.18,37.69,100.0,34
1996-12-06,0.6429,0.6429,0.603,0.6082,203900,53.1,64.18,37.69,58.15,35
1996-12-13,0.6082,0.6134,0.5883,0.5883,89400,48.58,64.18,37.69,41.09,36
1996-12-20,0.5935,0.5935,0.5584,0.5683,117800,44.5,64.18,37.69,25.7,37
1996-12-27,0.5731,0.5731,0.5636,0.5731,75700,45.68,64.18,37.69,30.15,38
1997-01-03,0.5831,0.6234,0.5731,0.6234,70800,56.2,64.18,37.69,69.86,39
1997-01-10,0.6234,0.6429,0.6182,0.6381,149500,58.72,64.18,37.69,79.4,40
1997-01-17,0.6282,0.6832,0.6182,0.6832,431000,65.31,65.31,37.69,100.0,41
1997-01-24,0.678,0.6832,0.6581,0.6681,191200,61.74,65.31,37.69,87.08,42
1997-01-31,0.6681,0.6681,0.6182,0.6481,241700,57.31,65.31,37.69,71.03,43
1997-02-07,0.6381,0.6832,0.633,0.678,206100,61.75,65.31,37.69,87.1,44
1997-02-14,0.6832,0.6832,0.6497,0.67,135200,59.94,65.31,37.69,80.55,45
1997-02-21,0.6748,0.6903,0.6651,0.6748,64300,60.69,65.31,37.69,83.26,46
1997-02-28,0.6801,0.6955,0.6748,0.6903,234200,63.04,65.31,37.69,91.8,47
1997-03-07,0.6854,0.6903,0.67,0.6903,160800,63.04,65.31,37.69,91.8,48
1997-03-14,0.7004,0.7154,0.6854,0.7004,104500,64.66,65.31,37.69,97.66,49
1997-03-21,0.7004,0.7004,0.6748,0.6748,65200,57.8,65.31,37.69,72.8,50
1997-03-27,0.6801,0.6955,0.6801,0.6854,36100,59.7,65.31,37.69,79.69,51
1997-04-04,0.6854,0.6955,0.6854,0.6955,22500,61.49,65.31,37.69,86.19,52
1997-04-11,0.6955,0.7154,0.6801,0.7053,291300,63.19,65.31,37.69,92.33,53
1997-04-18,0.7053,0.7309,0.7053,0.726,299700,66.56,66.56,37.69,100.0,54
1997-04-25,0.726,0.7309,0.7106,0.7207,88900,64.93,66.56,37.69,94.35,55
1997-05-02,0.7154,0.741,0.7154,0.7357,200200,67.38,67.38,37.69,100.0,56
1997-05-09,0.741,0.7463,0.726,0.726,189000,64.24,67.38,37.69,89.43,57
1997-05-16,0.7309,0.7763,0.7309,0.7451,369400,67.44,67.44,37.69,100.0,58
1997-05-23,0.7451,0.8279,0.7347,0.8072,277900,75.21,75.21,37.69,100.0,59
1997-05-30,0.8072,0.8229,0.7968,0.8072,82200,75.21,75.21,37.69,100.0,60
1997-06-06,0.8072,0.8535,0.8072,0.8229,300400,76.83,76.83,37.69,100.0,61
1997-06-13,0.8229,0.8693,0.8175,0.8589,158400,80.05,80.05,37.69,100.0,62
1997-06-20,0.8643,0.8742,0.8486,0.8693,114800,80.88,80.88,37.69,100.0,63
1997-06-27,0.8643,0.8693,0.8022,0.8022,321700,62.8,80.88,37.69,58.14,64
1997-07-03,0.7968,0.8643,0.7865,0.8643,86200,69.58,80.88,37.69,73.84,65
1997-07-11,0.8486,0.8643,0.8072,0.8279,202500,62.39,80.88,37.69,57.2,66
1997-07-18,0.8279,0.8279,0.7658,0.7811,278300,54.6,80.88,37.69,39.14,67
1997-07-25,0.7811,0.8121,0.7658,0.7914,243800,55.91,80.88,37.69,42.18,68
1997-08-01,0.7914,0.7914,0.7683,0.7712,225900,52.69,80.88,37.69,34.74,69
1997-08-08,0.7761,0.7865,0.7712,0.784,141500,54.48,80.88,37.69,38.87,70
1997-08-15,0.784,0.7966,0.7761,0.7966,286400,56.23,80.88,37.69,42.92,71
1997-08-22,0.7966,0.7966,0.7468,0.7548,173400,49.45,80.88,37.69,27.23,72
1997-08-29,0.7548,0.7759,0.7548,0.7704,132500,51.79,80.88,37.69,32.64,73
1997-09-05,0.7649,0.781,0.7649,0.781,51600,53.36,80.88,37.69,36.28,74
1997-09-12,0.7759,0.7759,0.7599,0.7599,182800,49.86,80.88,37.69,28.18,75
1997-09-19,0.7548,0.7704,0.7388,0.7704,174600,51.57,80.88,37.69,32.14,76
1997-09-26,0.7704,0.7704,0.7438,0.7599,43700,49.75,80.88,37.69,27.91,77
1997-10-03,0.7548,0.7704,0.7493,0.7679,218500,51.16,80.88,37.69,31.19,78
1997-10-10,0.7624,0.7704,0.7388,0.7599,89100,49.66,80.88,37.69,27.7,79
1997-10-17,0.7599,0.7649,0.7282,0.7548,177700,48.68,80.88,37.69,25.44,80
1997-10-24,0.7599,0.7599,0.7257,0.7282,62100,43.82,80.88,37.69,14.18,81
1997-10-31,0.7257,0.7257,0.6438,0.6649,230400,34.88,80.88,34.88,0.0,82
1997-11-07,0.67,0.7177,0.67,0.694,219400,40.86,80.88,34.88,12.99,83
1997-11-14,0.6885,0.6885,0.6543,0.6598,90500,36.61,80.88,34.88,3.76,84
1997-11-21,0.6703,0.6703,0.5897,0.5952,192200,30.22,80.88,30.22,0.0,85
1997-11-28,0.6004,0.63,0.5897,0.5897,141700,29.74,80.88,29.74,0.0,86
1997-12-05,0.5897,0.6111,0.5897,0.6004,336100,31.99,80.88,29.74,4.4,87
1997-12-12,0.6004,0.6004,0.5575,0.5657,162000,28.78,80.88,28.78,0.0,88
1997-12-19,0.5682,0.5682,0.5361,0.5575,314100,28.06,80.88,28.06,0.0,89
1997-12-26,0.5627,0.6004,0.5575,0.5922,70100,35.4,80.88,28.06,13.9,90
1998-01-02,0.6004,0.6004,0.5575,0.5952,112400,36.01,80.88,28.06,15.05,91
1998-01-09,0.5952,0.5952,0.5442,0.5549,166800,31.7,80.88,28.06,6.88,92
1998-01-16,0.5442,0.5519,0.5335,0.5519,137600,31.4,80.88,28.06,6.31,93
1998-01-23,0.5519,0.5682,0.5416,0.5627,134700,33.82,80.88,28.06,10.9,94
1998-01-30,0.5682,0.5738,0.5361,0.5627,176200,33.82,80.88,28.06,10.9,95
1998-02-06,0.5682,0.5738,0.5416,0.5708,246700,35.82,80.88,28.06,14.68,96
1998-02-13,0.5738,0.5871,0.5575,0.5708,184400,35.82,80.88,28.06,14.68,97
1998-02-20,0.5744,0.5796,0.5552,0.5661,104000,35.1,80.88,28.06,13.33,98
1998-02-27,0.5635,0.5744,0.5552,0.5744,194300,37.45,80.88,28.06,17.77,99
1998-03-06,0.5852,0.6096,0.5713,0.6044,161900,45.2,80.88,28.06,32.44,100
1998-03-13,0.607,0.6366,0.6014,0.6314,154800,51.06,80.88,28.06,43.54,101
1998-03-20,0.6366,0.6641,0.634,0.6479,100600,54.29,80.88,28.06,49.66,102
1998-03-27,0.6423,0.6641,0.6205,0.6584,82600,56.25,80.88,28.06,53.37,103
1998-04-03,0.6697,0.6697,0.6423,0.6506,70100,54.37,80.88,28.06,49.8,104
1998-04-09,0.6532,0.6584,0.6205,0.6506,88400,54.37,80.88,28.06,49.8,105
1998-04-17,0.6558,0.7268,0.6532,0.7268,217000,66.88,80.88,28.06,73.51,106
1998-04-24,0.7211,0.7211,0.6366,0.6506,323800,51.63,80.88,28.06,44.63,107
1998-05-01,0.6449,0.6749,0.6257,0.6558,127400,52.43,80.88,28.06,46.14,108
1998-05-08,0.6532,0.6584,0.5987,0.6122,90000,45.65,80.88,28.06,33.3,109
1998-05-15,0.6179,0.6432,0.5987,0.6402,115100,50.1,80.88,28.06,41.73,110
1998-05-22,0.6402,0.6432,0.6156,0.6292,68700,48.43,80.88,28.06,38.56,111
1998-05-29,0.6292,0.6292,0.5802,0.5911,76500,43.03,80.88,28.06,28.34,112
1998-06-05,0.5859,0.6021,0.5692,0.6021,57800,44.93,80.88,28.06,31.93,113
1998-06-12,0.6078,0.6292,0.5828,0.5964,61900,44.11,80.88,28.06,30.37,114
1998-06-19,0.5964,0.6078,0.5802,0.6021,77500,45.19,80.88,28.06,32.42,115
1998-06-26,0.5994,0.6078,0.5609,0.5745,123800,41.04,80.88,28.06,24.57,116
1998-07-02,0.5802,0.6078,0.5692,0.5745,142400,41.04,80.88,28.06,24.57,117
1998-07-10,0.5802,0.5802,0.553,0.5556,202000,38.26,80.88,28.06,19.31,118
1998-07-17,0.5473,0.5802,0.5473,0.5692,146500,41.35,80.88,28.06,25.15,119
1998-07-24,0.5692,0.5802,0.553,0.5583,115800,39.63,80.88,28.06,21.89,120
1998-07-31,0.5583,0.5692,0.553,0.5556,65200,39.21,80.88,28.06,21.1,121
1998-08-07,0.553,0.5583,0.5338,0.5447,81000,37.42,80.88,28.06,17.72,122
1998-08-14,0.5447,0.55,0.4887,0.5135,100100,32.83,80.88,28.06,9.03,123
1998-08-21,0.5082,0.5608,0.4918,0.4971,109900,30.71,80.88,28.06,5.0,124
1998-08-28,0.4918,0.4945,0.384,0.3951,177900,21.4,80.88,21.4,0.0,125
1998-09-04,0.4004,0.4335,0.384,0.4309,92600,29.47,80.88,21.4,13.58,126
1998-09-11,0.4393,0.4861,0.4393,0.4834,129600,39.33,80.88,21.4,30.16,127
1998-09-18,0.4887,0.4998,0.464,0.4834,60300,39.33,80.88,21.4,30.16,128
1998-09-25,0.4777,0.5219,0.4693,0.5166,104700,44.96,80.88,21.4,39.61,129
1998-10-02,0.5135,0.5356,0.4419,0.475,106000,39.96,80.88,21.4,31.21,130
1998-10-09,0.4693,0.475,0.4088,0.4362,66600,35.93,80.88,21.4,24.43,131
1998-10-16,0.4309,0.4503,0.3977,0.4309,184400,35.4,80.88,21.4,23.55,132
1998-10-23,0.4256,0.5135,0.4256,0.5135,210100,48.11,80.88,21.4,44.91,133
1998-10-30,0.5166,0.5718,0.5166,0.5276,323700,49.93,80.88,21.4,47.97,134
1998-11-06,0.5219,0.555,0.4918,0.5524,147800,53.02,80.88,21.4,53.17,135
1998-11-13,0.555,0.555,0.5135,0.5329,90500,50.39,80.88,21.4,48.74,136
1998-11-20,0.5303,0.5471,0.4997,0.5444,114000,51.9,80.88,21.4,51.29,137
1998-11-27,0.5413,0.5498,0.5274,0.5306,38600,49.92,80.88,21.4,47.95,138
1998-12-04,0.5247,0.5471,0.4939,0.4971,211400,45.39,80.88,21.4,40.34,139
1998-12-11,0.4997,0.4997,0.4301,0.4354,84300,38.47,80.88,21.4,28.71,140
1998-12-18,0.4301,0.4381,0.4019,0.4269,143700,37.62,80.88,21.4,27.28,141
1998-12-24,0.4301,0.4301,0.4019,0.4046,90500,35.41,80.88,21.4,23.56,142
1998-12-31,0.4189,0.4243,0.3966,0.4216,115700,38.38,80.88,21.4,28.55,143
1999-01-08,0.4158,0.4689,0.4158,0.4689,116600,45.86,80.88,21.4,41.13,144
1999-01-15,0.4689,0.4743,0.4019,0.4381,93600,42.26,80.88,21.4,35.08,145
1999-01-22,0.4381,0.4381,0.4073,0.4073,72300,38.97,80.88,21.4,29.55,146
1999-01-29,0.4019,0.4131,0.3769,0.3769,70800,36.0,80.88,21.4,24.55,147
1999-02-05,0.3823,0.4354,0.3796,0.4269,143500,43.63,80.88,21.4,37.38,148
1999-02-12,0.4327,0.4327,0.3934,0.3934,199000,40.17,80.88,21.4,31.57,149
1999-02-19,0.3934,0.4257,0.3881,0.4257,53200,44.71,80.88,21.4,39.2,150
1999-02-26,0.4315,0.4507,0.4145,0.4422,236500,46.94,80.88,21.4,42.95,151
1999-03-05,0.4422,0.4651,0.4369,0.4593,184200,49.2,80.88,21.4,46.75,152
1999-03-12,0.4534,0.4534,0.4315,0.4422,42900,47.04,80.88,21.4,43.12,153
1999-03-19,0.4481,0.4481,0.4203,0.4422,404100,47.04,80.88,21.4,43.12,154
1999-03-26,0.4454,0.4817,0.4454,0.4817,269400,52.63,80.88,21.4,52.52,155
1999-04-01,0.4875,0.4902,0.4507,0.4534,283300,48.67,80.88,21.4,45.86,156
1999-04-09,0.4507,0.462,0.4507,0.4507,116300,48.3,80.88,21.4,45.23,157
1999-04-16,0.4481,0.6358,0.4481,0.6219,359800,66.11,80.88,21.4,75.17,158
1999-04-23,0.6219,0.6331,0.5547,0.5825,175800,60.9,80.88,21.4,66.42,159
1999-04-30,0.5825,0.6609,0.5628,0.6385,267300,65.1,80.88,21.4,73.48,160
1999-05-07,0.6358,0.6609,0.5547,0.6551,303100,66.26,80.88,21.4,75.43,161
1999-05-14,0.6497,0.686,0.6161,0.6331,184900,63.27,80.88,21.4,70.4,162
1999-05-21,0.637,0.637,0.5862,0.6006,114300,59.02,80.88,21.4,63.26,163
1999-05-28,0.6033,0.6033,0.544,0.5557,91300,53.67,80.88,21.4,54.26,164
1999-06-04,0.5584,0.5835,0.5584,0.5723,150900,55.28,80.88,21.4,56.98,165
1999-06-11,0.5723,0.5777,0.5499,0.5584,90200,53.6,80.88,21.4,54.14,166
1999-06-18,0.5638,0.5808,0.5526,0.575,56800,55.35,80.88,21.4,57.08,167
1999-06-25,0.5696,0.6172,0.5526,0.6172,253800,59.53,80.88,21.4,64.11,168
1999-07-02,0.623,0.6845,0.6172,0.6679,343900,63.9,80.88,21.4,71.47,169
1999-07-09,0.6706,0.6818,0.637,0.6621,150800,63.06,80.88,21.4,70.05,170
1999-07-16,0.6482,0.6563,0.6114,0.6563,125700,62.17,80.88,21.4,68.56,171
1999-07-23,0.6563,0.6563,0.623,0.623,93500,57.25,80.88,21.4,60.28,172
1999-07-30,0.6199,0.6482,0.5862,0.6257,55900,57.54,80.88,21.4,60.77,173
1999-08-06,0.6284,0.6563,0.6257,0.6423,31100,59.4,80.88,21.4,63.89,174
1999-08-13,0.6396,0.645,0.6199,0.6293,155200,57.29,80.88,21.4,60.34,175
1999-08-20,0.6239,0.708,0.6122,0.7053,254900,65.08,80.88,21.4,73.44,176
1999-08-27,0.6994,0.7192,0.6882,0.7026,482000,64.63,80.88,21.4,72.69,177
1999-09-03,0.6967,0.7246,0.6855,0.7192,186300,66.19,80.88,21.4,75.3,178
1999-09-10,0.7165,0.7278,0.7165,0.7246,187700,66.7,80.88,21.4,76.16,179
1999-09-17,0.7192,0.7363,0.7192,0.7305,98800,67.27,80.88,21.4,77.13,180
1999-09-24,0.7246,0.7417,0.7246,0.7278,203500,66.7,80.88,21.4,76.17,181
1999-10-01,0.7305,0.7642,0.7305,0.7471,117800,68.76,80.88,21.4,79.63,182
1999-10-08,0.7444,0.8177,0.7363,0.8118,227200,74.46,80.88,21.4,89.22,183
1999-10-15,0.8064,0.8064,0.7192,0.7471,245600,62.23,80.88,21.4,68.66,184
1999-10-22,0.7471,0.7471,0.708,0.7219,161200,58.23,80.88,21.4,61.92,185
1999-10-29,0.7192,0.7417,0.7192,0.7305,206700,59.19,80.88,21.4,63.54,186
1999-11-05,0.7363,0.739,0.6967,0.7305,250000,59.19,80.88,21.4,63.54,187
1999-11-12,0.7363,0.7417,0.7107,0.7192,151000,57.18,80.88,21.4,60.16,188
1999-11-19,0.7134,0.7219,0.6859,0.6945,163800,52.93,80.88,21.4,53.01,189
1999-11-26,0.6601,0.6687,0.6434,0.6601,119300,47.64,80.88,21.4,44.12,190
1999-12-03,0.6633,0.6719,0.6434,0.6601,161300,47.64,80.88,21.4,44.12,191
1999-12-10,0.666,0.6687,0.6209,0.6322,221800,43.52,80.88,21.4,37.2,192
1999-12-17,0.6209,0.6746,0.6209,0.6633,93800,48.82,80.88,21.4,46.11,193
1999-12-23,0.6633,0.6746,0.652,0.6719,161800,50.21,80.88,21.4,48.44,194
1999-12-31,0.6746,0.6972,0.6687,0.6972,59300,54.15,80.88,21.4,55.06,195
2000-01-07,0.7026,0.7026,0.666,0.6859,52900,52.16,80.88,21.4,51.73,196
2000-01-14,0.6945,0.7112,0.6687,0.7112,263800,56.05,80.88,21.4,58.26,197
2000-01-21,0.7112,0.745,0.6827,0.731,148100,58.87,80.88,21.4,63.01,198
2000-01-28,0.7396,0.745,0.7112,0.7139,68200,55.55,80.88,21.4,57.42,199
2000-02-04,0.7112,0.745,0.6886,0.7423,79000,59.62,80.88,21.4,64.26,200
2000-02-11,0.7396,0.7423,0.7026,0.7026,55500,52.4,80.88,21.4,52.13,201
2000-02-18,0.7139,0.7139,0.6773,0.6827,54800,49.2,80.88,21.4,46.74,202
2000-02-25,0.6827,0.6886,0.6601,0.6746,193700,47.91,80.88,21.4,44.57,203
2000-03-03,0.6719,0.6886,0.6547,0.6601,173200,45.61,80.88,21.4,40.72,204
2000-03-10,0.6547,0.6601,0.6069,0.6209,269300,40.01,80.88,21.4,31.3,205
2000-03-17,0.6236,0.6236,0.5982,0.6122,112300,38.88,80.88,21.4,29.39,206
2000-03-24,0.6068,0.6068,0.5614,0.5896,220300,36.0,80.88,21.4,24.56,207
2000-03-31,0.5896,0.6009,0.5755,0.5896,127700,36.0,80.88,21.4,24.56,208
2000-04-07,0.5642,0.5868,0.5642,0.5837,100800,35.22,80.88,21.4,23.23,209
2000-04-14,0.5809,0.5868,0.5442,0.5555,126000,31.66,80.88,21.4,17.27,210
2000-04-20,0.5614,0.5614,0.5356,0.5356,210400,29.4,80.88,21.4,13.46,211
2000-04-28,0.5356,0.5696,0.5356,0.5696,172300,37.6,80.88,21.4,27.24,212
2000-05-05,0.5669,0.595,0.5496,0.5696,97500,37.6,80.88,21.4,27.24,213
2000-05-12,0.5755,0.5896,0.5642,0.5642,112800,36.8,80.88,21.4,25.9,214
2000-05-19,0.5614,0.5837,0.5555,0.5669,77400,37.51,80.88,21.4,27.1,215
2000-05-26,0.5642,0.5669,0.5237,0.5292,174600,32.13,80.88,21.4,18.05,216
2000-06-02,0.5237,0.5692,0.5237,0.5579,36000,39.27,80.88,21.4,30.05,217
2000-06-09,0.5519,0.5519,0.4836,0.5069,152700,32.69,80.88,21.4,18.98,218
2000-06-16,0.5123,0.5292,0.4982,0.5292,89500,37.61,80.88,21.4,27.27,219
2000-06-23,0.5351,0.5351,0.5178,0.5237,77300,36.9,80.88,21.4,26.07,220
2000-06-30,0.5096,0.5551,0.5096,0.5551,56900,43.53,80.88,21.4,37.21,221
2000-07-07,0.5551,0.5692,0.5123,0.541,69500,41.42,80.88,21.4,33.67,222
2000-07-14,0.541,0.5692,0.521,0.541,72600,41.42,80.88,21.4,33.67,223
2000-07-21,0.5378,0.5492,0.5292,0.541,31100,41.42,80.88,21.4,33.67,224
2000-07-28,0.5437,0.5437,0.5264,0.5292,277500,39.43,80.88,21.4,30.31,225
2000-08-04,0.5237,0.541,0.5069,0.5237,78400,38.5,80.88,21.4,28.76,226
2000-08-11,0.5178,0.5465,0.5151,0.5378,164300,42.26,80.88,21.4,35.08,227
2000-08-18,0.5319,0.595,0.5319,0.5836,93000,52.42,80.88,21.4,52.15,228
2000-08-25,0.5836,0.6664,0.5836,0.6523,162100,62.94,80.88,21.4,69.85,229
2000-09-01,0.6578,0.6578,0.6294,0.6408,122500,60.54,80.88,21.4,65.81,230
2000-09-08,0.6408,0.6866,0.6408,0.6751,140300,64.87,80.88,21.4,73.1,231
2000-09-15,0.6751,0.7264,0.6637,0.6637,95300,62.41,80.88,21.4,68.96,232
2000-09-22,0.6637,0.6811,0.6092,0.6751,99100,63.89,80.88,21.4,71.44,233
2000-09-29,0.6779,0.7154,0.661,0.7095,168400,67.95,80.88,21.4,78.27,234
2000-10-06,0.7067,0.7154,0.6637,0.6637,176300,58.5,80.88,21.4,62.38,235
2000-10-13,0.6578,0.6724,0.6408,0.6724,99600,59.65,80.88,21.4,64.31,236
2000-10-20,0.661,0.6637,0.6179,0.6353,247700,52.92,80.88,21.4,53.0,237
2000-10-27,0.6408,0.6408,0.6092,0.6266,317700,51.46,80.88,21.4,50.54,238
2000-11-03,0.6207,0.6381,0.6092,0.6294,207900,51.91,80.88,21.4,51.3,239
2000-11-10,0.6294,0.6353,0.6005,0.6065,147200,47.9,80.88,21.4,44.56,240
2000-11-17,0.6005,0.6005,0.5667,0.5836,205200,44.22,80.88,21.4,38.37,241
2000-11-24,0.5781,0.5863,0.5548,0.5863,28500,44.77,80.88,21.4,39.3,242
2000-12-01,0.5863,0.595,0.5667,0.5712,78300,42.3,80.88,21.4,35.14,243
2000-12-08,0.5712,0.5944,0.5624,0.58,135700,44.23,80.88,21.4,38.39,244
2000-12-15,0.586,0.6004,0.5712,0.58,205900,44.23,80.88,21.4,38.39,245
2000-12-22,0.58,0.6088,0.5712,0.6004,56800,48.82,80.88,21.4,46.11,246
2000-12-29,0.6032,0.6032,0.5624,0.5972,197900,48.14,80.88,21.4,44.97,247
2001-01-05,0.5916,0.6236,0.5772,0.6032,50600,49.55,80.88,21.4,47.33,248
2001-01-12,0.6088,0.6264,0.5972,0.6088,66500,50.87,80.88,21.4,49.55,249
2001-01-19,0.6032,0.6292,0.6004,0.6004,71600,48.8,80.88,21.4,46.08,250
2001-01-26,0.606,0.6292,0.586,0.5972,49700,47.99,80.88,21.4,44.7,251
2001-02-02,0.6032,0.6417,0.6032,0.6413,133800,58.2,80.88,21.4,61.88,252
2001-02-09,0.6357,0.6867,0.6334,0.6668,75500,62.76,80.88,21.4,69.55,253
2001-02-16,0.6668,0.7007,0.6621,0.6844,143500,65.56,80.88,21.4,74.25,254
2001-02-23,0.683,0.696,0.6765,0.6844,96200,65.56,80.88,21.4,74.25,255
2001-03-02,0.6867,0.696,0.645,0.6505,243800,56.16,80.88,21.4,58.45,256
2001-03-09,0.6505,0.6761,0.6505,0.6589,125900,57.77,80.88,21.4,61.16,257
2001-03-16,0.6589,0.6705,0.6403,0.6562,188800,57.05,80.88,21.4,59.95,258
2001-03-23,0.6539,0.6703,0.6492,0.6558,146800,56.92,80.88,21.4,59.72,259
2001-03-30,0.6558,0.6562,0.6398,0.6469,44600,54.3,80.88,21.4,55.33,260
2001-04-06,0.6473,0.6515,0.6328,0.6398,128300,52.27,80.88,21.4,51.9,260
2001-04-12,0.6445,0.6501,0.6328,0.6445,65500,53.52,80.88,21.4,54.01,260
2001-04-20,0.6403,0.6562,0.6375,0.6548,260900,56.24,80.88,21.4,58.58,260
2001-04-27,0.6525,0.659,0.6408,0.659,85000,57.34,80.88,21.4,60.43,260
2001-05-04,0.6609,0.6797,0.6094,0.6797,266200,62.33,80.88,21.4,68.82,260
2001-05-11,0.6797,0.6797,0.6562,0.6562,101400,54.53,80.88,21.4,55.7,260
2001-05-18,0.6567,0.6797,0.6515,0.6679,135600,57.4,80.88,21.4,60.53,260
2001-05-25,0.6759,0.6797,0.6515,0.6645,109700,56.27,80.88,21.4,58.64,260
2001-06-01,0.6607,0.6654,0.6442,0.6654,60000,56.53,80.88,21.4,59.06,260
2001-06-08,0.6654,0.6938,0.6654,0.6805,160000,60.45,80.88,21.4,65.65,260
2001-06-15,0.6853,0.6938,0.6749,0.6801,158500,60.26,80.88,21.4,65.34,260
2001-06-22,0.6772,0.682,0.6381,0.6518,140300,50.41,80.88,21.4,48.78,260
2001-06-29,0.6452,0.6513,0.5829,0.5829,318500,35.29,80.88,21.4,23.36,260
2001-07-06,0.5876,0.6404,0.5711,0.5711,122800,33.44,80.88,21.4,20.25,260
2001-07-13,0.5734,0.5994,0.5616,0.5918,123400,39.45,80.88,21.4,30.36,260
2001-07-20,0.5942,0.5942,0.5687,0.5725,285200,36.17,80.88,21.4,24.85,260
2001-07-27,0.5711,0.5734,0.5522,0.5569,129400,33.74,80.88,21.4,20.76,260
2001-08-03,0.5593,0.5899,0.5578,0.5687,137700,37.19,80.88,21.4,26.55,260
2001-08-10,0.5711,0.5734,0.5357,0.539,69300,32.59,80.88,21.4,18.82,260
2001-08-17,0.5379,0.5379,0.5223,0.5336,140800,31.83,80.88,21.4,17.54,260
2001-08-24,0.5322,0.5545,0.526,0.5521,126600,37.29,80.88,21.4,26.72,260
2001-08-31,0.5559,0.5801,0.545,0.5687,121700,41.79,80.88,21.4,34.29,260
2001-09-07,0.5711,0.5715,0.545,0.545,50200,37.63,80.88,21.4,27.3,260
2001-09-10,0.545,0.5497,0.5284,0.535,29800,36.01,80.88,21.4,24.57,260
2001-09-21,0.5568,0.5568,0.4431,0.4474,165900,25.56,80.88,21.4,7.01,260
2001-09-28,0.4488,0.4787,0.4407,0.4478,111200,25.69,80.88,21.4,7.22,260
2001-10-05,0.4478,0.4597,0.4265,0.4351,90600,24.49,80.88,21.4,5.2,260
2001-10-12,0.4379,0.4407,0.4147,0.4313,46300,24.13,80.88,21.4,4.6,260
2001-10-19,0.4289,0.4526,0.4218,0.4289,88300,23.89,80.88,21.4,4.2,260
2001-10-26,0.4313,0.4336,0.4185,0.4204,65100,23.02,80.88,21.4,2.73,260
2001-11-02,0.4189,0.4332,0.399,0.4242,77400,24.34,80.88,21.4,4.96,260
2001-11-09,0.4194,0.4379,0.4005,0.4303,185000,26.56,80.88,21.4,8.67,260
2001-11-16,0.4265,0.5166,0.426,0.5104,149100,47.88,80.88,21.4,44.53,260
2001-11-23,0.5104,0.5289,0.5047,0.5047,139400,46.84,80.88,21.4,42.78,260
2001-11-30,0.5,0.5521,0.5,0.5058,121100,47.07,80.88,21.4,43.17,260
2001-12-07,0.5105,0.5368,0.5105,0.5258,435300,51.37,80.88,21.4,50.4,260
2001-12-14,0.5296,0.5416,0.5129,0.5416,106600,54.5,80.88,21.4,55.65,260
2001-12-21,0.5368,0.5711,0.501,0.5468,151200,55.52,80.88,21.4,57.38,260
2001-12-28,0.5497,0.5702,0.5487,0.5654,106300,59.05,80.88,21.4,63.31,260
2002-01-04,0.5678,0.575,0.5487,0.575,92400,60.77,80.88,21.4,66.2,260
2002-01-11,0.5816,0.5869,0.5573,0.5606,102900,56.91,80.88,21.4,59.71,260
2002-01-18,0.5678,0.5821,0.5463,0.5726,226800,59.23,80.88,21.4,63.62,260
2002-01-25,0.5726,0.5726,0.5344,0.5392,1051400,50.95,80.88,21.4,49.69,260
2002-02-01,0.5354,0.5797,0.5015,0.5678,284300,56.56,80.88,21.4,59.12,260
2002-02-08,0.5726,0.5726,0.5396,0.5606,104300,54.87,80.88,21.4,56.28,260
2002-02-15,0.5563,0.5714,0.5426,0.5426,147600,50.75,80.88,21.4,49.35,260
2002-02-22,0.545,0.5627,0.5013,0.5195,1169800,46.01,80.88,21.4,41.38,260
2002-03-01,0.5195,0.5618,0.519,0.5618,288100,54.42,80.88,21.4,55.52,260
2002-03-08,0.5671,0.5819,0.5042,0.581,1330200,57.65,80.88,21.4,60.95,260
2002-03-15,0.5834,0.6194,0.5752,0.6055,117400,61.41,80.88,21.4,67.27,260
2002-03-22,0.6055,0.6242,0.5964,0.6031,186700,60.84,80.88,21.4,66.31,260
2002-03-28,0.6026,0.6362,0.5964,0.6218,87200,63.67,80.88,21.4,71.07,260
2002-04-05,0.6194,0.6482,0.6117,0.6386,77000,66.04,80.88,21.4,75.06,260
2002-04-12,0.6338,0.7154,0.629,0.7154,135900,74.3,80.88,21.4,88.95,260
2002-04-19,0.7116,0.7346,0.689,0.7226,114900,74.92,80.88,21.4,89.98,260
2002-04-26,0.7178,0.7495,0.6842,0.6842,174400,65.85,80.88,21.4,74.74,260
2002-05-03,0.6842,0.7313,0.6602,0.7178,116400,69.35,80.88,21.4,80.62,260
2002-05-10,0.7154,0.7313,0.7034,0.7159,108600,68.91,80.88,21.4,79.89,260
2002-05-17,0.7207,0.727,0.6948,0.7116,71700,67.89,80.88,21.4,78.16,260
2002-05-24,0.7068,0.7333,0.6957,0.7078,147300,66.93,80.88,21.4,76.55,260
2002-05-31,0.7029,0.7482,0.6702,0.6716,142000,58.57,80.88,21.4,62.49,260
2002-06-07,0.6741,0.7299,0.6716,0.7275,148900,65.7,80.88,21.4,74.49,260
2002-06-14,0.7395,0.7496,0.6933,0.7001,203000,60.21,74.92,21.4,72.53,260
2002-06-21,0.7049,0.7049,0.6798,0.6933,132800,58.91,74.92,21.4,70.1,260
2002-06-28,0.6885,0.7294,0.6827,0.7217,255700,62.58,74.92,21.4,76.96,260
2002-07-05,0.7217,0.728,0.7034,0.7261,47700,63.13,74.92,21.4,77.97,260
2002-07-12,0.7309,0.7318,0.7039,0.7106,58300,59.81,74.92,21.4,71.78,260
2002-07-19,0.7078,0.7275,0.6871,0.701,155200,57.77,74.92,21.4,67.97,260
2002-07-26,0.689,0.6991,0.6148,0.6702,200400,51.69,74.92,21.4,56.61,260
2002-08-02,0.675,0.7342,0.6606,0.6692,114000,51.51,74.92,21.4,56.27,260
2002-08-09,0.6668,0.6749,0.6355,0.6686,94900,51.37,74.92,21.4,56.01,260
2002-08-16,0.6661,0.6661,0.6262,0.6476,111000,47.19,74.92,21.4,48.19,260
2002-08-23,0.6598,0.6749,0.6355,0.6525,87300,48.24,74.92,21.4,50.16,260
2002-08-30,0.6501,0.6895,0.6501,0.6515,89200,48.04,74.92,21.4,49.78,260
2002-09-06,0.6467,0.6574,0.6398,0.6486,68100,47.38,74.92,21.4,48.55,260
2002-09-13,0.6486,0.6486,0.6277,0.6471,80600,47.03,74.92,21.4,47.9,260
2002-09-20,0.6471,0.6559,0.6257,0.6335,84200,43.82,74.92,21.4,41.89,260
2002-09-27,0.6311,0.6666,0.6267,0.6403,101000,45.81,74.92,21.4,45.62,260
2002-10-04,0.6647,0.6876,0.6379,0.6452,176500,47.25,74.92,21.4,48.31,260
2002-10-11,0.6452,0.6866,0.6345,0.6759,73200,55.32,74.92,21.4,63.38,260
2002-10-18,0.6817,0.6939,0.6671,0.69,68500,58.47,74.92,21.4,69.27,260
2002-10-25,0.6895,0.7017,0.6647,0.6734,114600,53.69,74.92,21.4,60.34,260
2002-11-01,0.6768,0.7109,0.6618,0.6958,70200,58.62,74.92,21.4,69.55,260
2002-11-08,0.6915,0.7178,0.6786,0.6786,120400,53.87,74.92,21.4,60.68,260
2002-11-15,0.6737,0.7031,0.6664,0.6898,151100,56.35,74.92,21.4,65.31,260
2002-11-22,0.6948,0.7091,0.6829,0.6958,79500,57.64,74.92,21.4,67.73,260
2002-11-29,0.6943,0.7125,0.678,0.7125,100000,61.16,74.92,21.4,74.29,260
2002-12-06,0.712,0.717,0.6903,0.7051,114500,58.84,74.92,21.4,69.96,260
2002-12-13,0.7051,0.7214,0.6953,0.6987,71100,56.83,74.92,21.4,66.2,260
2002-12-20,0.6987,0.7224,0.6928,0.6972,114100,56.35,74.92,21.4,65.31,260
2002-12-27,0.7007,0.7165,0.6874,0.7091,87800,59.3,74.92,21.4,70.82,260
2003-01-03,0.7076,0.752,0.7076,0.748,132800,67.17,74.92,21.4,85.53,260
2003-01-10,0.7475,0.7924,0.7411,0.7663,106800,70.09,74.92,21.4,90.98,260
2003-01-17,0.7712,0.8185,0.7712,0.7939,213500,73.87,74.92,21.4,98.05,260
2003-01-24,0.7939,0.7988,0.7742,0.7766,99700,68.07,74.92,21.4,87.22,260
2003-01-31,0.7865,0.7875,0.7653,0.7751,153300,67.59,74.92,21.4,86.3,260
2003-02-07,0.7796,0.7855,0.7544,0.7544,117700,60.97,74.92,21.4,73.95,260
2003-02-14,0.7584,0.7891,0.7544,0.7831,107700,65.95,74.92,21.4,83.24,260
2003-02-21,0.7881,0.8035,0.7811,0.7926,115700,67.41,74.92,21.4,85.98,260
2003-02-28,0.7935,0.7935,0.7648,0.7712,205200,61.0,74.92,21.4,74.01,260
2003-03-07,0.7737,0.7906,0.7559,0.7633,77100,58.77,74.92,21.4,69.82,260
2003-03-14,0.7608,0.7886,0.7484,0.7554,91100,56.53,74.92,21.4,65.65,260
2003-03-21,0.7529,0.7881,0.7489,0.7687,134300,59.34,74.92,21.4,70.9,260
2003-03-28,0.7638,0.7886,0.7415,0.7464,159900,53.17,74.92,21.4,59.38,260
2003-04-04,0.7385,0.7578,0.7102,0.7172,152400,46.37,74.92,21.4,46.66,260
2003-04-11,0.742,0.7663,0.735,0.737,90900,50.95,74.92,21.4,55.22,260
2003-04-17,0.742,0.7811,0.742,0.7717,75900,57.75,74.92,21.4,67.93,260
2003-04-25,0.7742,0.7906,0.7573,0.7573,80700,54.39,74.92,21.4,61.65,260
2003-05-02,0.7623,0.7836,0.7568,0.7792,136500,58.35,74.92,21.4,69.06,260
2003-05-09,0.7762,0.7856,0.7678,0.7826,114700,58.97,74.92,21.4,70.2,260
2003-05-16,0.7777,0.7881,0.7469,0.7544,139500,52.24,74.92,21.4,57.63,260
2003-05-23,0.7544,0.771,0.7444,0.758,99900,52.99,74.92,21.4,59.03,260
2003-05-30,0.763,0.797,0.763,0.7935,76100,59.59,74.92,21.4,71.37,260
2003-06-06,0.7945,0.8545,0.7745,0.792,167600,59.21,74.92,21.4,70.66,260
2003-06-13,0.797,0.8045,0.772,0.775,116800,54.96,74.92,21.4,62.7,260
2003-06-20,0.7755,0.8035,0.768,0.7935,178300,58.46,74.92,21.4,69.25,260
2003-06-27,0.7885,0.799,0.7645,0.7645,381400,51.68,74.92,21.4,56.58,260
2003-07-03,0.772,0.802,0.752,0.796,401100,57.45,74.92,21.4,67.36,260
2003-07-11,0.801,0.8195,0.7915,0.812,180800,60.06,74.92,21.4,72.24,260
2003-07-18,0.815,0.8345,0.8045,0.8335,158200,63.32,74.92,21.4,78.33,260
2003-07-25,0.8335,0.8745,0.8335,0.8445,196100,64.89,74.92,21.4,81.27,260
2003-08-01,0.852,0.8595,0.8145,0.8155,287000,57.83,74.92,21.4,68.08,260
2003-08-08,0.8155,0.8585,0.8075,0.852,216900,63.25,74.92,21.4,78.21,260
2003-08-15,0.8587,0.9065,0.8537,0.8814,172800,66.94,74.92,21.4,85.09,260
2003-08-22,0.8864,0.905,0.8622,0.8788,160000,66.32,74.92,23.02,83.44,260
2003-08-29,0.8763,0.8814,0.8481,0.8612,95900,62.04,74.92,23.02,75.18,260
2003-09-05,0.8637,0.9035,0.8637,0.8924,224200,66.2,74.92,23.02,83.21,260
2003-09-12,0.8975,0.9317,0.8934,0.9292,178600,70.34,74.92,23.02,91.17,260
2003-09-19,0.9267,1.0314,0.9267,1.0173,434900,77.45,77.45,23.02,100.0,260
2003-09-26,1.0274,1.2037,0.9896,1.1145,492600,82.45,82.45,23.02,100.0,260
2003-10-03,1.1055,1.1709,1.0954,1.1639,351600,84.35,84.35,23.02,100.0,260
2003-10-10,1.1689,1.249,1.1584,1.244,243200,86.84,86.84,23.02,100.0,260
2003-10-17,1.2591,1.4077,1.2515,1.312,387200,88.51,88.51,23.02,100.0,260
2003-10-24,1.3125,1.385,1.1835,1.2263,378400,75.51,88.51,23.02,80.16,260
2003-10-31,1.2299,1.5718,1.2299,1.4333,597000,82.28,88.51,23.02,90.5,260
2003-11-07,1.4384,1.874,1.4384,1.8385,882100,88.81,88.81,23.02,100.0,260
2003-11-14,1.8416,1.9384,1.7078,1.8573,651700,89.01,89.01,23.02,100.0,260
2003-11-21,1.8573,1.8994,1.7412,1.8274,730000,86.34,89.01,23.02,95.95,260
2003-11-28,1.8274,1.9232,1.8188,1.9232,419000,87.62,89.01,23.02,97.89,260
2003-12-05,1.9637,2.2637,1.9637,2.1335,1000600,89.87,89.87,23.02,100.0,260
2003-12-12,2.1122,2.3311,2.1046,2.3007,717800,91.23,91.23,23.02,100.0,260
2003-12-19,2.3565,2.3565,2.1857,2.1892,791300,83.19,91.23,23.02,88.22,260
2003-12-26,2.2009,2.4781,2.136,2.3706,699800,85.44,91.23,23.02,91.51,260
2004-01-02,2.4325,2.5181,2.3641,2.4882,597400,86.68,91.23,23.02,93.33,260
2004-01-09,2.5718,2.6174,2.4021,2.4624,707100,84.97,91.23,23.02,90.82,260
2004-01-16,2.4679,2.4913,2.1689,2.2941,1047500,74.61,91.23,23.02,75.62,260
2004-01-23,2.3058,2.511,2.3058,2.4076,489000,76.67,91.23,23.02,78.66,260
2004-01-30,2.4021,2.4816,2.1193,2.2247,826900,67.18,91.23,23.02,64.74,260
2004-02-06,2.2358,2.2363,1.8396,1.9409,1607600,55.67,91.23,23.02,47.86,260
2004-02-13,1.946,2.2678,1.946,2.0727,1171300,59.17,91.23,23.02,52.99,260
2004-02-20,2.0985,2.1988,1.9711,2.0022,925600,56.6,91.23,23.02,49.22,260
2004-02-27,2.0226,2.0532,1.888,1.9283,1036700,53.94,91.23,23.02,45.34,260
2004-03-05,1.9691,2.0527,1.9002,1.9538,861800,54.73,91.23,23.02,46.49,260
2004-03-12,1.9691,1.9793,1.8007,1.8864,756900,52.2,91.23,23.02,42.77,260
2004-03-19,1.8925,2.0446,1.8426,1.9686,905600,54.94,91.23,23.02,46.79,260
2004-03-26,1.9691,2.0048,1.8441,1.9614,723300,54.65,91.23,23.02,46.36,260
2004-04-02,2.015,2.1405,1.9879,2.1349,936900,60.21,91.23,23.02,54.52,260
2004-04-08,2.1476,2.1512,2.0032,2.0507,452600,56.58,91.23,23.02,49.2,260
2004-04-16,2.0634,2.0634,1.8696,1.9385,580600,52.08,91.23,23.02,42.6,260
2004-04-23,1.9512,1.9543,1.6819,1.7431,994500,45.31,91.23,23.02,32.68,260
2004-04-30,1.7191,1.7436,1.4237,1.4809,1561000,38.15,91.23,23.02,22.18,260
2004-05-07,1.4936,1.589,1.4156,1.4181,1129400,36.66,91.23,23.02,19.99,260
2004-05-14,1.3875,1.4538,1.3712,1.3942,853500,36.08,91.23,23.02,19.14,260
2004-05-21,1.3914,1.5455,1.3586,1.5455,1015800,42.29,91.23,23.02,28.26,260
2004-05-28,1.5616,1.71,1.5413,1.623,876500,45.23,91.23,23.02,32.57,260
2004-06-04,1.6605,1.6845,1.5356,1.57,591900,43.6,91.23,23.02,30.17,260
2004-06-10,1.596,1.7037,1.596,1.6918,690300,48.23,91.23,23.02,36.95,260
2004-06-18,1.6918,2.0109,1.6579,2.0041,1397000,57.79,91.23,23.02,50.98,260
2004-06-25,1.9833,2.1072,1.9224,2.0983,1418800,60.18,91.23,23.02,54.48,260
2004-07-02,2.1212,2.1665,2.0577,2.1321,938300,61.04,91.23,23.02,55.74,260
2004-07-09,2.1524,2.2123,2.0041,2.0582,1144800,58.11,91.23,23.02,51.44,260
2004-07-16,2.0509,2.1733,2.0218,2.1306,771700,60.13,91.23,23.02,54.4,260
2004-07-23,2.1306,2.1306,1.9395,1.9874,709700,54.53,91.23,23.02,46.19,260
2004-07-30,1.9744,2.0796,1.8615,2.0369,721200,56.05,91.23,23.02,48.42,260
2004-08-06,2.0239,2.0686,1.8739,1.8823,491600,50.37,91.23,23.02,40.1,260
2004-08-13,1.8818,2.0067,1.8818,1.9768,440600,53.48,91.23,23.02,44.65,260
2004-08-20,2.0188,2.1893,2.0028,2.1888,865200,59.58,91.23,23.02,53.6,260
2004-08-27,2.1994,2.4039,2.1346,2.2998,1388400,62.36,91.23,23.02,57.68,260
2004-09-03,2.3322,2.4023,2.2759,2.3662,928300,63.96,91.23,23.02,60.02,260
2004-09-10,2.38,2.4703,2.38,2.3991,739600,64.76,91.23,23.02,61.2,260
2004-09-17,2.3832,2.4661,2.3109,2.3136,1141600,60.98,91.23,23.02,55.65,260
2004-09-24,2.3109,2.5373,2.2525,2.5075,1570700,65.85,91.23,23.02,62.79,260
2004-10-01,2.5288,2.839,2.5234,2.8071,2276500,71.72,91.23,23.02,71.4,260
2004-10-08,2.8422,2.9644,2.797,2.8231,1718900,72.0,91.23,23.02,71.81,260
2004-10-15,2.8273,2.8475,2.3577,2.5314,3051800,60.39,91.23,23.02,54.78,260
2004-10-22,2.5314,2.5813,2.2923,2.3226,2942800,53.71,91.23,23.02,44.99,260
2004-10-29,2.3386,2.4315,2.1909,2.2939,2857200,52.84,91.23,23.02,43.72,260
2004-11-05,2.3072,2.5245,2.2796,2.4453,2140000,56.8,91.23,23.02,49.52,260
2004-11-12,2.4455,2.6198,2.3763,2.5943,1683200,60.32,91.23,23.02,54.69,260
2004-11-19,2.5997,2.7869,2.4942,2.4942,1439500,56.96,91.23,23.02,49.76,260
2004-11-26,2.4942,2.5927,2.438,2.583,1354700,59.14,91.23,23.02,52.95,260
2004-12-03,2.6052,2.6219,2.3952,2.5078,1728000,56.53,91.23,23.02,49.12,260
2004-12-10,2.5051,2.518,2.2324,2.4142,1364300,53.37,91.23,23.02,44.5,260
2004-12-17,2.4277,2.5294,2.3904,2.5153,1742000,56.22,91.23,23.02,48.67,260
2004-12-23,2.5289,2.5694,2.4785,2.5278,1159500,56.57,91.23,23.02,49.18,260
2004-12-31,2.5186,2.583,2.5126,2.5543,955200,57.35,91.23,23.02,50.33,260
2005-01-07,2.5678,2.5678,2.3081,2.3914,1985600,51.23,91.23,23.02,41.36,260
2005-01-14,2.4158,2.4201,2.294,2.3968,1424800,51.42,91.23,23.02,41.63,260
2005-01-21,2.3968,2.4877,2.3595,2.4347,1044900,52.77,91.23,23.02,43.62,260
2005-01-28,2.4482,2.4888,2.392,2.471,1141200,54.09,91.23,23.02,45.55,260
2005-02-04,2.4845,2.6295,2.3774,2.57,1666500,57.58,91.23,23.02,50.66,260
2005-02-11,2.5927,2.6446,2.5024,2.6214,1042000,59.3,91.23,23.02,53.19,260
2005-02-18,2.6863,2.9398,2.6538,2.9398,2171300,68.0,91.23,23.02,65.94,260
2005-02-25,2.9853,3.3294,2.9726,3.3,2532100,74.6,91.23,23.02,75.62,260
2005-03-04,3.5791,3.6901,3.1402,3.5624,4253600,78.14,91.23,23.02,80.81,260
2005-03-11,3.6346,3.6346,3.1912,3.2889,2331400,67.57,91.23,23.02,65.31,260
2005-03-18,3.275,3.4548,3.1907,3.3238,2191200,68.16,91.23,23.02,66.18,260
2005-03-24,3.285,3.3016,3.0686,3.0852,1315900,60.09,91.23,23.02,54.34,260
2005-04-01,3.0874,3.1513,2.8583,3.1013,1999400,60.43,91.23,23.02,54.84,260
2005-04-08,3.1013,3.1624,2.9576,3.0536,1176900,58.82,91.23,23.02,52.49,260
2005-04-15,3.0935,3.1146,2.7856,2.9232,1916800,54.57,91.23,23.02,46.25,260
2005-04-22,2.9232,3.3571,2.886,3.1196,2128000,59.34,91.23,23.02,53.25,260
2005-04-29,3.1429,3.2961,2.8845,2.9651,3483500,54.49,91.23,23.02,46.14,260
2005-05-06,2.9686,3.1107,2.899,3.0556,1422400,56.72,91.23,23.02,49.41,260
2005-05-13,3.0724,3.0736,2.5222,2.5825,2273600,44.45,91.23,23.02,31.42,260
2005-05-20,2.5378,2.7674,2.492,2.6874,2020200,47.18,91.23,23.02,35.42,260
2005-05-27,2.6868,2.7002,2.5309,2.681,1926400,47.03,91.23,23.02,35.2,260
2005-06-03,2.6671,2.8625,2.6381,2.8556,1761600,51.6,91.23,23.02,41.9,260
2005-06-10,2.8845,2.9211,2.4642,2.5268,10910300,43.91,91.23,23.02,30.63,260
2005-06-17,2.5314,2.7036,2.4972,2.6671,8828200,47.51,91.23,23.02,35.9,260
2005-06-24,2.666,2.6671,2.3975,2.4526,6465900,42.97,91.23,23.02,29.25,260
2005-07-01,2.4874,2.5448,2.4352,2.4862,3658000,43.88,91.23,23.02,30.57,260
2005-07-08,2.4874,2.6607,2.4868,2.6607,3245600,48.45,91.23,23.02,37.27,260
2005-07-15,2.6578,2.7483,2.6503,2.7332,3767900,50.26,91.23,23.02,39.93,260
2005-07-22,2.7396,2.9425,2.7077,2.9275,5092900,54.84,91.23,23.02,46.65,260
2005-07-29,2.957,3.0295,2.8643,2.9686,3497800,55.77,91.23,23.02,48.01,260
2005-08-05,2.986,3.15,2.9341,2.9826,4593600,56.1,91.23,23.02,48.49,260
2005-08-12,3.0116,3.2482,2.9447,3.137,4291600,59.68,91.23,23.02,53.75,260
2005-08-19,3.1654,3.2264,2.9382,2.9512,3222900,53.97,91.23,23.02,45.38,260
2005-08-26,2.966,3.056,2.7897,2.8483,3538600,51.06,91.23,23.02,41.11,260
2005-09-02,2.8607,3.008,2.8252,2.9702,2722700,54.21,91.23,23.02,45.73,260
2005-09-09,2.9524,2.9719,2.8577,2.8932,1998600,51.94,91.23,23.02,42.39,260
2005-09-16,2.8932,2.9376,2.7927,2.882,2865600,51.6,91.23,23.02,41.89,260
2005-09-23,2.9069,3.0619,2.8932,3.0128,3360300,55.27,91.23,23.02,47.28,260
2005-09-30,3.0589,3.3547,3.0382,3.311,4599200,62.3,91.23,23.02,57.58,260
2005-10-07,3.3169,3.6151,3.1092,3.2571,7023800,60.45,91.23,23.02,54.88,260
2005-10-14,3.3133,3.353,2.9589,3.0613,4424300,54.16,91.23,23.02,45.66,260
2005-10-21,3.0838,3.1707,2.9335,3.0287,3757900,53.17,91.23,23.02,44.2,260
2005-10-28,3.053,3.3506,3.0412,3.2672,4473000,59.07,91.23,23.02,52.86,260
2005-11-04,3.3133,3.4678,3.2246,3.3695,4679400,61.33,91.23,23.02,56.16,260
2005-11-11,3.3814,3.5697,3.2829,3.5691,3915100,65.34,91.23,23.02,62.04,260
2005-11-18,3.5996,3.8315,3.5068,3.7686,4386500,68.82,91.23,23.02,67.14,260
2005-11-25,3.7686,3.8125,3.6612,3.8077,2182400,69.46,91.23,23.02,68.08,260
2005-12-02,3.837,4.1494,3.6966,4.0951,4200400,73.77,91.23,23.02,74.4,260
2005-12-09,4.2098,4.33,4.1048,4.2257,5557300,75.46,91.23,23.02,76.88,260
2005-12-16,4.2409,4.3385,4.1006,4.2025,4080500,74.54,91.23,23.02,75.53,260
2005-12-23,4.1701,4.3166,3.9785,4.1524,4568000,72.49,91.23,23.02,72.52,260
2005-12-30,4.1646,4.1982,4.0304,4.0871,1917700,69.79,91.23,23.02,68.56,260
2006-01-06,4.0871,4.5729,4.0707,4.2684,6197600,72.82,91.23,23.02,73.0,260
2006-01-13,4.3007,4.4441,4.0426,4.3331,6374100,73.82,91.23,23.02,74.48,260
2006-01-20,4.3483,4.4362,4.2415,4.2726,3579900,71.17,91.23,23.02,70.59,260
2006-01-27,4.2879,4.9408,4.2562,4.9134,5010900,79.57,91.23,23.02,82.9,260
2006-02-03,4.8664,5.4821,4.8633,5.3832,7369100,83.39,91.23,23.02,88.5,260
2006-02-10,5.4229,5.5895,4.975,5.0696,9338900,73.51,91.23,23.02,74.01,260
2006-02-17,4.8952,5.1162,4.8333,5.0834,7961000,73.65,91.23,23.02,74.23,260
2006-02-24,5.1794,5.2552,5.072,5.1447,3270300,74.34,91.23,23.02,75.23,260
2006-03-03,5.1143,5.4384,4.8389,5.3986,8126100,77.01,91.23,23.02,79.15,260
2006-03-10,5.432,5.4952,4.7625,5.0436,9104900,66.58,91.23,23.02,63.86,260
2006-03-17,5.072,5.3057,4.9968,5.2988,4552000,69.75,91.23,23.02,68.51,260
2006-03-24,5.3057,5.3752,4.9602,5.0089,7819000,62.5,91.23,23.02,57.88,260
2006-03-31,5.0246,5.4794,4.9994,5.336,6735100,66.71,91.23,23.02,64.05,260
2006-04-07,5.415,5.9216,5.3537,5.7018,9083500,70.67,91.23,23.02,69.85,260
2006-04-13,5.8091,5.9045,5.5451,5.8281,6114500,71.91,91.23,23.02,71.68,260
2006-04-21,5.9039,6.3479,5.9039,6.2311,9514700,75.48,91.23,23.02,76.91,260
2006-04-28,6.1963,6.4433,5.8426,6.2563,9680400,75.69,91.23,23.02,77.22,260
2006-05-05,6.3795,6.4427,5.9702,6.3226,8546300,76.26,91.23,23.02,78.05,260
2006-05-12,6.329,6.9435,6.2469,6.4963,8707500,77.74,91.23,23.02,80.22,260
2006-05-19,6.2504,6.3464,5.201,5.3931,14305000,54.55,91.23,23.02,46.22,260
2006-05-26,5.2243,5.8156,5.0939,5.7494,11454600,58.82,91.23,23.02,52.49,260
2006-06-02,5.7377,5.7766,5.3087,5.6436,5740900,57.11,91.23,23.02,49.97,260
2006-06-09,5.7597,5.7656,4.7149,4.9907,12745200,47.83,91.23,23.02,36.37,260
2006-06-16,5.0102,5.0751,4.5208,5.0238,11033700,48.29,91.23,23.02,37.05,260
2006-06-23,5.0238,5.0913,4.6824,4.9888,7898300,47.81,91.23,23.02,36.34,260
2006-06-30,5.0459,5.9551,5.0459,5.7844,12159500,58.0,91.23,23.02,51.28,260
2006-07-07,5.9058,6.1128,5.419,6.0343,5273400,60.6,91.23,23.02,55.1,260
2006-07-14,6.0343,6.177,5.6098,5.752,7627600,56.35,91.23,23.02,48.87,260
2006-07-21,5.6741,5.9415,5.3866,5.5501,6891600,53.47,91.23,23.02,44.64,260
2006-07-28,5.5501,6.3536,5.3879,6.3425,8684500,61.75,91.23,23.02,56.78,260
2006-08-04,6.4554,6.5813,6.0017,6.1434,6963600,58.91,91.23,23.02,52.62,260
2006-08-11,6.1434,6.1805,5.8135,5.8579,5837000,55.01,91.23,23.02,46.9,260
2006-08-18,5.9573,6.0381,5.7639,5.9493,4385400,56.01,91.23,23.02,48.37,260
2006-08-25,5.9858,6.1342,5.8546,5.9586,4036600,56.12,91.23,23.02,48.53,260
2006-09-01,5.9586,6.2501,5.8626,6.1673,3996500,58.57,91.23,23.02,52.11,260
2006-09-08,6.2931,6.5548,6.1554,6.2401,5589000,59.42,91.23,23.02,53.36,260
2006-09-15,6.0633,6.1408,5.789,5.9288,7661100,54.29,91.23,23.02,45.84,260
2006-09-22,5.9341,6.1255,5.6744,5.7579,6525100,51.66,91.23,23.02,41.98,260
2006-09-29,5.6671,6.205,5.5154,6.1275,6885400,56.56,91.23,23.02,49.18,260
2006-10-06,6.1474,6.2753,5.7089,6.1381,12666300,56.7,91.23,23.02,49.38,260
2006-10-13,6.2269,6.6495,6.1262,6.5753,9182200,61.98,91.23,23.02,57.12,260
2006-10-20,6.7568,7.0602,6.6257,6.9688,10372500,66.0,91.23,24.34,62.27,260
2006-10-27,6.941,7.0881,6.8443,6.9026,7986000,64.76,91.23,26.56,59.06,260
2006-11-03,6.9013,7.153,6.6615,7.0589,11454200,66.36,91.23,36.08,54.91,260
2006-11-10,7.1384,7.7346,7.0907,7.2126,17098500,67.91,91.23,36.08,57.72,260
2006-11-17,6.9556,7.1611,6.7543,6.8441,16320300,60.69,91.23,36.08,44.63,260
2006-11-24,7.3135,7.3475,6.9774,7.2264,7607400,64.87,91.23,36.08,52.2,260
2006-12-01,7.3203,7.4754,7.1448,7.372,6423000,66.33,91.23,36.08,54.86,260
2006-12-08,7.47,7.753,7.4074,7.5965,7465500,68.51,91.23,36.08,58.81,260
2006-12-15,7.7693,7.9081,7.6265,7.8347,8527200,70.68,91.23,36.08,62.74,260
2006-12-22,7.919,7.9231,6.9393,7.1652,11947000,58.48,91.23,36.08,40.63,260
2006-12-29,7.304,7.538,7.2183,7.3326,5396100,60.33,91.23,36.08,43.97,260
2007-01-05,7.2115,7.2128,6.689,6.9339,11755100,54.16,91.23,36.08,32.78,260
2007-01-12,6.9611,7.5652,6.9012,7.519,13907400,60.54,91.23,36.08,44.35,260
2007-01-19,7.47,7.6197,7.3081,7.6033,7903400,61.37,91.23,36.08,45.86,260
2007-01-26,7.6197,8.2047,7.5299,8.1517,13719600,66.35,91.23,36.08,54.89,260
2007-02-02,8.0279,8.7694,7.9734,8.5585,15885800,69.49,91.23,36.08,60.59,260
2007-02-09,8.5721,8.9885,8.5381,8.7803,10681900,71.08,91.23,36.08,63.46,260
2007-02-16,8.7384,9.7404,8.7048,9.5056,9987800,75.56,91.23,36.08,71.58,260
2007-02-23,9.4874,10.5216,9.384,10.481,8742700,80.03,91.23,36.08,79.69,260
2007-03-02,10.5439,10.6906,9.2932,9.4469,15908300,66.19,91.23,36.08,54.61,260
2007-03-09,9.0277,9.848,8.6503,9.6551,11671800,67.42,91.23,36.08,56.82,260
2007-03-16,9.7096,9.7599,8.9215,9.3896,15325700,64.23,91.23,36.08,51.04,260
2007-03-23,9.6425,10.291,9.4581,9.8829,13262900,67.32,91.23,36.08,56.65,260
2007-03-30,9.9905,10.182,9.8074,10.0143,11250000,68.11,91.23,36.08,58.08,260
2007-04-05,10.0548,10.6208,10.0269,10.4615,7403400,70.71,91.23,36.08,62.79,260
2007-04-13,10.5509,11.1798,10.5118,10.9729,10650800,73.38,91.23,36.08,67.63,260
2007-04-20,10.9701,11.3768,10.8514,11.3726,10654400,75.27,91.23,36.08,71.07,260
2007-04-27,11.3894,11.8561,11.2776,11.497,9279200,75.85,91.23,36.08,72.11,260
2007-05-04,11.613,12.2977,10.7787,11.7611,10066700,77.07,91.23,36.08,74.33,260
2007-05-11,11.8925,12.8372,11.7807,12.6136,9143700,80.51,91.23,36.08,80.55,260
2007-05-18,12.7737,12.8092,11.8268,12.0969,12453800,73.34,91.23,36.08,67.56,260
2007-05-25,12.1353,12.5021,11.9093,12.3059,8678100,74.34,91.23,36.08,69.37,260
2007-06-01,12.3528,13.2712,12.0315,13.2712,8606400,78.35,91.23,36.08,76.65,260
2007-06-08,13.203,13.4731,12.2263,12.5035,12659900,69.09,91.23,36.08,59.86,260
2007-06-15,12.6258,13.4347,12.6159,13.2954,10353300,72.68,91.23,36.08,66.36,260
2007-06-22,13.4006,13.611,12.9642,13.4504,9178500,73.33,91.23,36.08,67.54,260
2007-06-29,13.4518,13.7404,12.5263,13.4006,9704600,72.73,91.23,36.08,66.46,260
2007-07-06,13.6338,14.6417,13.5897,14.491,7507700,77.15,91.23,36.08,74.46,260
2007-07-13,14.6474,15.8786,14.3233,15.6696,9236400,80.77,91.23,36.08,81.04,260
2007-07-20,15.6525,16.0961,15.4961,15.998,8376800,81.65,91.23,36.08,82.62,260
2007-07-27,16.1373,16.4913,15.0753,15.5018,11412800,76.03,91.23,36.08,72.43,260
2007-08-03,15.5004,16.4799,14.2877,14.41,12202100,65.36,91.23,36.08,53.1,260
2007-08-10,14.5237,15.4052,13.1077,14.0233,18038800,62.04,91.23,36.08,47.08,260
2007-08-17,14.3716,14.8716,10.873,13.097,24068500,54.86,91.23,36.08,34.05,260
2007-08-24,13.4481,15.1172,13.0088,14.8065,13808600,63.3,91.23,36.08,49.37,260
2007-08-31,14.8846,15.4626,14.1707,15.2097,9924400,64.97,91.23,36.08,52.38,260
2007-09-07,15.4554,16.0985,15.0002,15.123,9006300,64.29,91.23,36.08,51.16,260
2007-09-14,15.1736,15.9886,14.7487,15.9207,7890500,67.63,91.23,36.08,57.21,260
2007-09-21,15.7964,17.4728,15.6895,17.3355,9760100,72.53,91.23,36.08,66.09,260
2007-09-28,17.6014,18.3124,17.3051,17.8947,8701100,74.19,91.23,36.08,69.11,260
2007-10-05,17.9916,18.6953,17.0624,18.0248,8076300,74.58,91.23,36.08,69.81,260
2007-10-12,17.6317,20.7011,17.4959,19.9179,11624600,79.4,91.23,36.08,78.55,260
2007-10-19,20.1592,20.1852,18.7864,18.9598,9416700,71.96,91.23,36.08,65.06,260
2007-10-26,18.5913,19.8557,17.4858,19.7358,10456200,74.08,91.23,36.08,68.9,260
2007-11-02,19.8774,20.6549,18.7994,19.165,9714200,69.9,91.23,36.08,61.32,260
2007-11-09,18.6509,19.3411,16.6977,16.752,16052500,55.6,91.23,36.08,35.4,260
2007-11-16,16.6536,17.5465,15.0235,16.1617,14237000,52.76,91.23,36.08,30.24,260
2007-11-23,16.1778,16.1778,14.4478,15.3025,9583400,48.84,91.23,36.08,23.15,260
2007-11-30,15.42,17.1089,14.2452,16.2498,11322700,52.98,91.23,36.08,30.66,260
2007-12-07,16.4201,17.4026,15.1983,17.2822,8679500,57.06,91.23,36.08,38.05,260
2007-12-14,17.5054,17.5054,15.3848,15.4465,8795900,48.93,91.23,36.08,23.31,260
2007-12-21,15.1263,15.7651,14.392,15.5331,12416900,49.3,91.23,36.08,23.98,260
2007-12-28,15.8591,16.3364,15.42,15.5316,3747100,49.29,91.23,36.08,23.96,260
2008-01-04,15.5654,16.3173,15.0734,15.2732,5769000,48.1,91.23,36.08,21.79,260
2008-01-11,15.1425,15.3466,13.9676,14.088,11496700,42.95,91.23,36.08,12.46,260
2008-01-18,14.3201,14.6123,11.9513,12.3243,13904400,36.66,91.23,36.08,1.06,260
2008-01-25,11.2287,13.364,10.7573,12.8177,12905400,39.34,91.23,36.08,5.91,260
2008-02-01,12.1906,14.5536,12.079,14.4361,12990700,47.21,91.23,36.08,20.19,260
2008-02-08,14.6857,14.6857,12.8177,14.2334,12083300,46.4,91.23,36.08,18.72,260
2008-02-15,14.4242,15.348,14.3094,15.1081,11121600,50.37,91.23,36.08,25.92,260
2008-02-22,15.5715,17.4342,15.4315,17.0378,12154300,57.8,91.23,36.08,39.38,260
2008-02-29,16.9096,17.8395,16.5401,17.0035,12210300,57.63,91.23,36.08,39.08,260
2008-03-07,17.008,17.5087,15.5045,16.7889,12914100,56.54,91.23,36.08,37.11,260
2008-03-14,16.3911,17.1823,15.8144,16.2212,9121000,53.66,91.23,36.08,31.88,260
2008-03-20,15.6088,15.9455,14.0218,14.8563,9569100,47.39,91.23,36.08,20.52,260
2008-03-28,14.904,16.2421,14.904,15.5194,8220700,50.42,91.23,36.08,26.01,260
2008-04-04,15.4598,17.7098,15.0232,17.4952,9103300,58.15,91.23,36.08,40.02,260
2008-04-11,17.8678,18.0302,16.7815,17.0914,8662400,56.22,91.23,36.08,36.53,260
2008-04-18,16.9231,18.2507,16.85,17.7769,8245500,58.73,91.23,36.08,41.07,260
2008-04-25,17.6785,18.744,17.464,18.0674,9348000,59.78,91.23,36.08,42.97,260
2008-05-02,17.6711,17.7769,16.0633,17.1361,10294200,54.95,91.23,36.08,34.22,260
2008-05-09,17.5981,17.8439,16.4283,16.6384,10149900,52.51,91.23,36.08,29.8,260
2008-05-16,16.6591,17.6427,16.2491,17.6048,7978700,56.55,91.23,36.08,37.11,260
2008-05-23,17.6275,17.6275,16.0388,16.3717,10949100,50.63,91.23,36.08,26.4,260
2008-05-30,16.1613,16.7197,15.6106,16.6788,7856300,51.98,91.23,36.08,28.84,260
2008-06-06,16.4261,16.992,15.895,16.5487,8182600,51.34,91.23,36.08,27.68,260
2008-06-13,16.644,17.0208,15.1491,15.7331,8564600,47.41,91.23,36.08,20.55,260
2008-06-20,15.886,16.7469,15.1914,16.4745,8960900,51.08,91.23,36.08,27.2,260
2008-06-27,16.7787,17.166,16.243,16.4685,8075100,51.05,91.23,36.08,27.14,260
2008-07-03,16.5668,16.7514,14.7678,15.2747,7722500,45.17,91.23,36.08,16.48,260
2008-07-11,15.314,15.7679,14.1519,15.0432,13097767,44.11,91.23,36.08,14.56,260
2008-07-18,15.252,15.3882,13.4272,13.6496,17274500,38.28,91.23,36.08,3.99,260
2008-07-25,13.7268,14.2125,12.3741,12.828,22461100,35.31,91.23,35.31,0.0,260
2008-08-01,12.7554,13.2002,11.7749,11.7885,25874800,31.94,91.23,31.94,0.0,260
2008-08-08,11.734,12.1607,10.5992,10.7309,35834800,28.92,91.23,28.92,0.0,260
2008-08-15,10.631,11.3437,10.1135,10.7989,24518800,29.38,91.23,28.92,0.74,260
2008-08-22,10.4626,12.4156,10.3649,11.7972,26667500,35.97,91.23,28.92,11.32,260
2008-08-29,11.8669,12.4761,11.4624,11.8716,15495900,36.45,91.23,28.92,12.08,260
2008-09-05,11.5972,11.8995,9.965,10.3742,24818500,31.39,91.23,28.92,3.97,260
2008-09-12,10.6951,10.7462,8.9699,10.523,31618400,32.39,91.23,28.92,5.58,260
2008-09-19,9.9046,12.1134,9.0025,12.1041,33319800,42.09,91.23,28.92,21.14,260
2008-09-26,12.1041,12.1831,9.9418,10.1231,23240700,35.27,91.23,28.92,10.19,260
2008-10-03,9.5372,9.9325,7.2076,7.2541,37503200,28.15,91.23,28.15,0.0,260
2008-10-10,6.9379,7.2169,4.464,5.2824,49903600,24.49,91.23,24.49,0.0,260
2008-10-17,6.2497,8.0864,4.8453,5.4684,43693600,25.47,91.23,24.49,1.47,260
2008-10-24,5.794,5.9567,4.2455,4.7942,39198200,24.24,91.23,24.24,0.0,260
2008-10-31,4.6965,6.9937,4.3245,6.7705,40132300,34.28,91.23,24.24,14.99,260
2008-11-07,6.8542,7.9051,6.3427,6.7007,37922000,34.11,91.23,24.24,14.74,260
2008-11-14,7.1843,7.2866,5.6963,6.2683,29720900,33.01,91.23,24.24,13.09,260
2008-11-21,6.1681,6.1681,4.3506,5.1663,46207300,30.31,91.23,24.24,9.06,260
2008-11-28,5.5384,6.9456,5.3905,6.564,22357300,37.3,91.23,24.24,19.5,260
2008-12-05,6.2826,6.3398,5.1425,5.8532,37364100,35.36,86.68,24.24,17.81,260
2008-12-12,6.3684,7.561,6.2635,7.0172,24994000,40.8,86.68,24.24,26.52,260
2008-12-19,7.3559,8.205,6.793,7.146,30255400,41.39,86.68,24.24,27.46,260
2008-12-26,7.3225,7.375,6.564,7.1651,9147900,41.48,84.97,24.24,28.39,260
2009-01-02,7.2128,8.8061,7.0506,8.7155,13416400,48.59,83.39,24.24,41.17,260
2009-01-09,8.4674,9.4692,8.1764,8.2289,27955900,46.67,83.39,24.24,37.93,260
2009-01-16,8.0905,8.0953,6.564,7.4513,35437200,43.7,83.39,24.24,32.91,260
2009-01-23,7.3702,7.4179,6.5402,7.0029,25999300,42.04,83.39,24.24,30.1,260
2009-01-30,7.0601,7.728,6.564,6.6499,26489300,40.73,83.39,24.24,27.89,260
2009-02-06,6.4638,7.9188,6.3923,7.8663,29096100,46.88,83.39,24.24,38.28,260
2009-02-13,8.081,8.2336,6.9218,7.2796,30453700,44.49,83.39,24.24,34.23,260
2009-02-20,7.0315,7.0458,6.273,6.5163,25124500,41.51,83.39,24.24,29.2,260
2009-02-27,6.7214,7.022,6.0107,6.5402,31094700,41.64,83.39,24.24,29.42,260
2009-03-06,6.2635,7.3464,6.0345,6.9981,36923800,44.23,83.39,24.24,33.8,260
2009-03-13,6.8501,7.8363,6.6289,7.7305,27932600,48.19,83.39,24.24,40.49,260
2009-03-20,7.8122,8.8369,7.2157,8.1105,24825600,50.17,83.39,24.24,43.83,260
2009-03-27,8.4087,9.1159,8.2644,8.9523,25514300,54.32,83.39,24.24,50.86,260
2009-04-03,8.5146,9.4574,8.0431,9.1159,31156500,55.11,83.39,24.24,52.19,260
2009-04-09,8.7407,9.7028,8.4809,9.5344,18082000,57.13,83.39,24.24,55.61,260
2009-04-17,9.8615,10.7995,9.6065,10.1213,30200500,59.87,83.39,24.24,60.24,260
2009-04-24,9.6643,9.8134,8.4184,8.9475,32534000,52.63,83.39,24.24,48.01,260
2009-05-01,8.6493,9.3323,8.173,9.087,24794200,53.36,83.39,24.24,49.23,260
2009-05-08,9.2842,10.2944,9.2842,9.8278,25243700,57.09,83.39,24.24,55.54,260
2009-05-15,9.484,9.7203,8.6595,8.7704,19098000,50.83,83.39,24.24,44.96,260
2009-05-22,8.9199,10.0192,8.8717,9.3827,19684600,53.98,83.39,24.24,50.28,260
2009-05-29,9.3249,10.1108,9.161,10.0915,14926000,57.38,83.39,24.24,56.03,260
2009-06-05,10.5496,11.3548,10.3663,11.0992,29995100,61.71,83.39,24.24,63.35,260
2009-06-12,10.8196,12.1696,10.6605,11.6923,20540700,64.03,83.39,24.24,67.27,260
2009-06-19,11.3307,11.3837,10.0578,10.2892,21139600,55.47,83.39,24.24,52.81,260
2009-06-26,10.077,10.2072,9.2574,9.9806,21895400,53.77,83.39,24.24,49.93,260
2009-07-02,10.1349,10.2506,9.4454,9.4454,12285000,50.86,83.39,24.24,45.01,260
2009-07-10,9.2092,9.6335,8.9006,9.2911,25591100,50.02,83.39,24.24,43.58,260
2009-07-17,9.2574,11.104,8.9922,11.0365,20573000,58.4,83.39,24.24,57.76,260
2009-07-24,11.2342,12.5168,11.051,12.3528,27915400,63.39,83.39,24.24,66.19,260
2009-07-31,12.3818,12.536,11.4078,12.4203,19755200,63.63,83.39,24.24,66.6,260
2009-08-07,12.753,13.4533,12.7434,13.1291,19415300,66.15,83.39,24.24,70.85,260
2009-08-14,13.1146,13.9276,12.8049,13.313,19945300,66.79,83.39,24.24,71.94,260
2009-08-21,12.7419,13.9953,12.2532,13.9469,18887900,68.98,83.39,24.24,75.64,260
2009-08-28,14.0389,14.4164,13.3856,14.2567,20907100,70.02,83.39,24.24,77.39,260
2009-09-04,13.9469,14.0244,13.0033,13.6711,17826200,65.55,83.39,24.24,69.84,260
2009-09-11,14.0195,14.2567,13.5743,13.9373,15805800,66.59,83.39,24.24,71.6,260
2009-09-18,13.7001,14.5761,13.4872,14.4212,21343400,68.46,83.39,24.24,74.76,260
2009-09-25,14.1841,15.4036,14.0582,14.4889,25765300,68.73,83.39,24.24,75.21,260
2009-10-02,14.4889,15.1568,13.7292,14.0873,18447800,65.24,83.39,24.24,69.32,260
2009-10-09,14.1212,16.2069,14.1212,16.0859,17760900,72.67,83.39,24.24,81.88,260
2009-10-16,16.2601,16.9522,15.7956,16.5553,15158800,74.07,83.39,24.24,84.25,260
2009-10-23,16.7441,17.5426,16.5069,17.1699,15794300,75.82,83.39,24.24,87.2,260
2009-10-30,17.2861,17.6103,15.1035,15.2439,20852100,61.76,83.39,24.24,63.44,260
2009-11-06,15.4568,16.6902,15.1477,16.3253,13835100,65.62,83.39,24.24,69.96,260
2009-11-13,16.5929,17.3909,16.4177,16.8362,10408300,67.29,83.39,24.24,72.79,260
2009-11-20,17.1038,17.6342,16.5443,16.9676,12600000,67.73,83.39,24.24,73.53,260
2009-11-27,17.2304,17.5028,16.5394,16.8459,7610200,66.84,83.39,24.24,72.03,260
2009-12-04,17.0065,17.7607,16.2523,16.3545,17860500,63.23,83.39,24.24,65.93,260
2009-12-11,16.2328,16.4421,15.5175,15.9798,15406600,60.55,83.39,24.24,61.39,260
2009-12-18,16.116,16.5637,15.4105,15.5759,12232300,57.71,83.39,24.24,56.58,260
2009-12-24,15.7852,16.5248,15.5954,16.4129,6292200,61.72,83.39,24.24,63.36,260
2009-12-31,16.5686,16.6464,15.829,16.0139,5477500,58.85,83.39,24.24,58.52,260
2010-01-08,16.2231,17.7024,16.2231,17.644,12458900,65.83,83.39,24.24,70.32,260
2010-01-15,17.9019,17.9943,16.1063,16.1696,17021100,56.5,83.39,24.24,54.54,260
2010-01-22,16.2134,16.4177,14.1697,14.4324,22614200,47.88,83.39,24.24,39.97,260
2010-01-29,14.6076,14.8168,12.924,12.958,27533000,42.02,83.39,24.24,30.07,260
2010-02-05,13.2646,14.3935,12.8218,13.5225,32743500,44.81,83.39,24.24,34.77,260
2010-02-12,13.7804,14.6027,13.2646,14.5589,25299600,49.59,83.39,24.24,42.86,260
2010-02-19,14.992,15.5947,14.8446,15.3035,10569900,52.76,83.39,24.24,48.22,260
2010-02-26,15.3529,15.3529,13.823,14.4893,12407900,49.12,83.39,24.24,42.07,260
2010-03-05,14.8199,15.5848,14.435,15.4812,12421200,53.34,83.39,24.24,49.21,260
2010-03-12,15.5256,15.8661,15.2098,15.8118,11518300,54.69,83.39,24.24,51.49,260
2010-03-19,15.5651,16.2511,15.1604,15.1752,9883300,51.6,83.39,24.24,46.26,260
2010-03-26,15.0074,15.7576,14.8396,15.2493,11385000,51.94,83.39,24.24,46.83,260
2010-04-01,15.5552,16.3251,15.4022,16.3004,8286100,56.61,83.39,24.24,54.72,260
2010-04-09,16.4682,17.2726,16.3448,17.2183,12545100,60.24,83.39,24.24,60.86,260
2010-04-16,17.2381,17.4453,16.1622,16.4189,11395600,55.85,83.39,24.24,53.45,260
2010-04-23,16.2363,16.335,15.2196,15.5256,16429800,51.36,83.39,24.24,45.85,260
2010-04-30,15.649,16.1524,14.9038,15.0913,14164100,49.28,83.39,24.24,42.34,260
2010-05-07,15.1654,15.2246,12.8311,13.5319,25547300,42.61,83.39,24.24,31.07,260
2010-05-14,14.2778,15.1094,13.8319,14.1826,16958400,45.9,83.39,24.24,36.62,260
2010-05-21,14.1726,14.1826,12.8049,13.9522,23334600,44.92,83.39,24.24,34.97,260
2010-05-28,14.0674,14.9441,13.0554,14.7688,16854800,49.08,83.39,24.24,41.99,260
2010-06-04,14.388,14.9942,13.5414,13.6616,11608100,44.21,83.39,24.24,33.76,260
2010-06-11,13.6616,15.3248,13.1406,15.3098,18969800,51.86,83.39,24.24,46.71,260
2010-06-18,15.6154,15.8208,15.0393,15.1896,11411000,51.31,83.39,24.24,45.77,260
2010-06-25,15.8609,16.1565,14.3329,14.8239,13830700,49.58,83.39,24.24,42.84,260
2010-07-02,14.874,14.9241,12.85,13.2458,11640700,42.85,83.39,24.24,31.47,260
2010-07-09,13.6215,15.2447,13.4963,15.1746,10706300,51.51,83.39,24.24,46.11,260
2010-07-16,15.0643,15.2547,14.4381,14.4932,12121200,48.7,83.39,24.24,41.36,260
2010-07-23,14.6636,16.8578,14.4231,16.1615,20781400,55.15,83.39,24.24,52.26,260
2010-07-30,16.2517,16.2717,15.2848,15.7356,14433700,53.31,83.39,24.24,49.14,260
2010-08-06,16.0613,16.2416,15.2697,15.3699,12660300,51.71,83.39,24.24,46.45,260
2010-08-13,15.4852,15.6405,14.6492,14.8469,9726500,49.43,83.39,24.24,42.59,260
2010-08-20,14.8165,15.5213,14.6492,14.9078,7903400,49.71,83.39,24.24,43.06,260
2010-08-27,15.0498,15.2982,13.9596,15.2576,13848300,51.36,83.39,24.24,45.86,260
2010-09-03,15.2729,16.4087,15.0345,16.3225,9690800,56.1,83.39,24.24,53.86,260
2010-09-10,16.1146,16.4746,15.9878,16.3833,7344500,56.36,83.39,24.24,54.3,260
2010-09-17,16.6115,16.936,16.5152,16.8042,7058300,58.21,83.39,24.24,57.44,260
2010-09-24,16.9208,17.8488,16.7484,17.5902,8857400,61.5,83.39,24.24,63.0,260
2010-10-01,17.6155,18.2544,17.3062,18.1936,8856800,63.85,83.39,24.24,66.97,260
2010-10-08,18.1936,19.6945,17.8995,19.6489,13866500,68.8,83.39,24.24,75.34,260
2010-10-15,19.73,21.4134,19.1773,21.3019,13835100,73.28,83.39,24.24,82.91,260
2010-10-22,21.1295,22.174,20.4348,21.1295,11897300,72.12,83.39,24.24,80.94,260
2010-10-29,21.4388,21.8901,20.9875,21.7025,7344000,73.61,83.39,24.24,83.47,260
2010-11-05,21.8597,23.675,21.2258,23.6445,11851100,77.94,83.39,24.24,90.79,260
2010-11-12,23.2896,24.0755,22.3059,22.5949,12912800,71.15,83.39,24.24,79.31,260
2010-11-19,22.6666,23.0199,21.1459,22.8714,12170100,71.85,83.39,24.24,80.49,260
2010-11-26,22.6871,22.8304,21.3763,21.8474,8234600,65.54,83.39,24.24,69.83,260
2010-12-03,21.7808,22.7895,21.1562,22.7639,9696200,68.23,83.39,24.24,74.37,260
2010-12-10,22.5693,24.1668,22.5693,23.6189,9782200,70.54,83.39,24.24,78.27,260
2010-12-17,24.0234,24.5252,23.4704,23.8391,8616800,71.12,83.39,24.24,79.26,260
2010-12-23,24.0541,24.9809,23.793,24.9143,5389400,73.84,83.39,24.24,83.85,260
2010-12-31,24.8017,25.3086,24.5149,24.9553,4420300,73.94,83.39,24.24,84.02,260
2011-01-07,25.329,25.7796,23.5626,23.8237,9715700,66.35,83.39,24.24,71.19,260
2011-01-14,23.7111,24.4484,23.1735,23.7828,9569400,66.08,83.39,24.24,70.74,260
2011-01-21,23.9517,24.5098,22.4157,22.6256,7503100,58.94,83.39,24.24,58.66,260
2011-01-28,22.6256,23.5524,21.873,22.6512,8256700,59.04,81.65,24.24,60.62,260
2011-02-04,22.8048,24.3869,22.7229,23.7162,9799000,63.27,81.65,24.24,67.99,260
2011-02-11,23.9517,24.0285,22.5539,23.0301,8099700,59.04,81.65,24.24,60.62,260
2011-02-18,23.3102,23.5436,22.055,22.112,8595900,53.85,81.65,24.24,51.59,260
2011-02-25,21.6971,22.1276,21.0072,21.9979,8915000,53.23,81.65,24.24,50.5,260
2011-03-04,22.2624,22.3766,21.2925,21.8112,8409700,52.16,81.65,24.24,48.64,260
2011-03-11,21.8527,21.9927,19.7156,20.7064,11616200,46.24,81.65,24.24,38.33,260
2011-03-18,20.5144,21.4948,19.5808,20.6856,11577300,46.14,81.65,24.24,38.15,260
2011-03-25,21.168,22.0187,20.4159,21.4066,12149600,50.39,81.65,24.24,45.55,260
2011-04-01,21.3444,21.5103,20.4885,20.6649,12544400,46.34,81.65,24.24,38.49,260
2011-04-08,20.8672,21.3547,20.0528,20.6545,16546900,46.28,81.65,24.24,38.4,260
2011-04-15,20.2292,20.4989,18.5071,18.9013,19931500,37.94,81.65,24.24,23.86,260
2011-04-21,19.1347,19.6793,18.31,19.1191,14562500,39.4,81.65,24.24,26.4,260
2011-04-29,19.3422,19.7779,18.3152,19.4304,14346200,41.52,81.65,24.24,30.1,260
2011-05-06,19.6155,19.6629,18.3829,18.6937,17754800,38.12,81.65,24.24,24.18,260
2011-05-13,18.9149,19.3047,17.7456,18.0458,12740500,35.37,81.65,24.24,19.4,260
2011-05-20,17.9879,18.9202,17.5612,18.4619,12928300,38.44,81.65,24.24,24.74,260
2011-05-27,17.9931,19.5997,17.6508,19.2204,10735400,43.68,81.65,24.24,33.87,260
2011-06-03,19.4733,19.5891,17.34,18.2881,24631400,39.26,81.65,24.24,26.16,260
2011-06-10,16.8554,17.1082,16.1127,16.5973,31928400,32.77,81.65,24.24,14.86,260
2011-06-17,16.5762,17.1188,16.1443,16.2181,15699800,31.52,81.65,24.24,12.67,260
2011-06-24,16.0916,16.8185,15.9758,16.5499,11580000,33.9,81.65,24.24,16.84,260
2011-07-01,16.3919,17.4875,16.2549,17.4032,10407200,39.73,81.65,24.24,26.98,260
2011-07-08,17.4243,18.5673,16.7606,18.4619,14338700,46.08,81.65,24.24,38.04,260
2011-07-15,18.0458,19.0993,17.7245,18.9571,18281700,48.79,81.65,24.24,42.77,260
2011-07-22,18.8043,19.3943,18.6884,18.9992,12848300,49.03,81.65,24.24,43.18,260
2011-07-29,18.9044,19.3785,17.6718,17.9931,11825800,43.85,81.65,24.24,34.16,260
2011-08-05,18.5567,18.5673,15.3595,15.7914,20911500,35.1,81.65,24.24,18.93,260
2011-08-12,15.1435,16.7132,14.3745,16.2707,22438900,38.0,81.65,24.24,23.97,260
2011-08-19,16.5156,17.01,15.7847,16.0588,17211800,37.21,81.65,24.24,22.6,260
2011-08-26,16.3812,17.2895,15.8975,17.268,9497400,44.33,81.65,24.24,35.0,260
2011-09-02,17.4669,18.5686,17.1229,17.4239,10970300,45.2,81.65,24.24,36.51,260
2011-09-09,16.7306,17.6765,16.4242,16.5908,8025700,41.49,81.65,24.24,30.06,260
2011-09-16,16.478,17.1713,16.1233,16.9133,11104600,43.43,81.65,24.24,33.42,260
2011-09-23,16.607,16.6338,13.4683,14.081,17048000,33.09,81.65,24.24,15.42,260
2011-09-30,14.2745,15.4192,13.3608,13.4307,15357800,31.25,81.65,24.24,12.21,260
2011-10-07,13.2641,14.8388,12.1354,14.0219,18612000,34.8,81.65,24.24,18.39,260
2011-10-14,14.5378,15.3225,14.1294,15.2096,10890200,41.35,81.65,24.24,29.8,260
2011-10-21,15.2849,15.2956,14.1616,14.9946,9692000,40.55,81.65,24.24,28.42,260
2011-10-28,15.3977,17.6604,15.3279,17.4454,15807900,51.89,81.65,24.24,48.17,260
2011-11-04,17.0315,17.1659,15.559,16.9939,15671400,50.0,81.65,24.24,44.88,260
2011-11-11,17.0369,17.7087,16.6661,17.4669,13315200,51.98,81.65,24.24,48.32,260
2011-11-18,17.4989,17.5813,16.1583,16.1913,11770800,46.63,81.65,24.24,39.0,260
2011-11-25,15.8836,16.1638,15.1254,15.1859,8327600,42.88,81.65,24.24,32.47,260
2011-12-02,15.7737,17.3341,15.7298,16.8506,12732900,50.04,81.65,24.24,44.94,260
2011-12-09,17.2242,17.5428,16.6748,17.5154,11213200,52.59,81.65,24.24,49.39,260
2011-12-16,17.1473,17.411,15.7078,16.1858,16007400,47.38,81.65,24.24,40.3,260
2011-12-23,16.2188,17.0429,15.6474,17.0429,9162800,50.77,81.65,24.24,46.21,260
2011-12-30,16.9165,17.0319,16.3012,16.5814,5487600,48.94,81.65,24.24,43.02,260
2012-01-06,17.1198,17.5264,16.922,17.1198,7913400,51.15,81.65,24.24,46.87,260
2012-01-13,17.0154,18.3999,16.4825,18.2516,12984700,55.51,81.65,24.24,54.47,260
2012-01-20,18.5373,19.768,18.5373,19.3065,15326400,59.17,81.65,24.24,60.85,260
2012-01-27,19.5262,20.4767,18.8395,19.8449,17777800,60.94,81.65,24.24,63.92,260
2012-02-03,19.2021,19.4493,18.6032,19.3559,17874900,58.46,81.65,24.24,59.61,260
2012-02-10,19.2515,19.724,18.3175,18.5098,12540600,54.35,81.65,24.24,52.45,260
2012-02-17,18.6933,18.7043,17.5218,17.776,13455500,51.0,81.65,24.24,46.62,260
2012-02-24,18.0191,18.5772,17.8202,18.3396,9338400,53.38,81.65,24.24,50.76,260
2012-03-02,18.1297,18.3728,17.3671,17.6047,11328900,49.98,81.65,24.24,44.83,260
2012-03-09,17.4389,17.8202,16.4112,17.345,12230800,48.79,81.65,24.24,42.77,260
2012-03-16,17.345,17.8699,17.2953,17.6047,9354700,50.07,81.65,24.24,44.99,260
2012-03-23,17.5495,17.881,16.9085,17.1074,9636200,47.62,81.65,24.24,40.73,260
2012-03-30,17.2677,17.765,16.9085,17.5218,13144800,49.82,81.65,24.24,44.56,260
2012-04-05,17.5605,17.8202,16.9472,16.9914,7899400,47.1,81.65,24.24,39.82,260
2012-04-13,16.7372,17.6323,16.5217,17.1792,12852200,48.18,81.65,24.24,41.7,260
2012-04-20,17.2953,17.6489,17.019,17.2898,9227400,48.84,81.65,24.24,42.85,260
2012-04-27,16.9472,17.9528,16.5659,17.9363,10241700,52.65,81.65,24.24,49.49,260
2012-05-04,17.9142,18.4778,17.7373,17.8092,11833300,51.83,81.65,24.24,48.07,260
2012-05-11,17.6655,17.8865,16.9693,17.2559,9662500,48.32,81.65,24.24,41.94,260
2012-05-18,17.003,17.1885,15.7102,15.8282,10383200,40.65,81.65,24.24,28.59,260
2012-05-25,15.9069,16.5646,15.5809,16.1824,7860800,43.06,81.65,24.24,32.79,260
2012-06-01,16.306,16.7501,15.6652,16.025,8159600,42.24,81.65,24.24,31.36,260
2012-06-08,16.0587,17.1379,15.7383,16.7332,8208600,47.13,81.65,24.24,39.88,260
2012-06-15,16.9861,17.2672,16.3566,17.2672,10047100,50.53,81.65,24.24,45.8,260
2012-06-22,17.0986,17.8574,16.8906,17.1154,9202700,49.56,81.65,24.24,44.1,260
2012-06-29,16.8793,17.8517,16.6152,17.7112,8192000,53.36,81.65,24.24,50.73,260
2012-07-06,17.7168,18.189,17.4976,17.8461,6402100,54.21,81.65,24.24,52.2,260
2012-07-13,17.7,17.8461,17.0423,17.7112,5934000,53.17,79.4,24.24,52.45,260
2012-07-20,17.6775,18.2283,17.5089,17.8855,5783000,54.38,79.4,24.24,54.64,260
2012-07-27,17.4976,17.9023,17.0592,17.8012,8810900,53.66,79.4,24.24,53.33,260
2012-08-03,17.8574,18.3576,17.6887,18.2396,9351100,56.87,79.4,24.24,59.16,260
2012-08-10,18.2002,18.9928,18.2002,18.9871,9541900,61.74,79.4,24.24,67.98,260
2012-08-17,18.9831,19.0284,18.2358,18.4792,5105100,57.03,79.4,24.24,59.44,260
2012-08-24,18.3603,18.9661,18.2471,18.4,6063600,56.31,79.4,24.24,58.13,260
2012-08-31,18.3887,18.7,18.0376,18.4226,7474400,56.48,79.4,24.24,58.44,260
2012-09-07,18.4,19.5266,18.0263,19.436,7712800,63.33,79.4,24.24,70.87,260
2012-09-14,19.4247,20.9024,19.3002,20.9024,10947100,70.56,79.4,24.24,83.97,260
2012-09-21,20.4608,20.8061,19.2096,19.2322,14847400,56.82,79.4,24.24,59.07,260
2012-09-28,19.1699,19.7814,18.9322,19.453,9596400,57.99,79.4,24.24,61.18,260
2012-10-05,19.6399,20.223,19.4304,19.9682,8231600,60.65,77.94,24.24,67.81,260
2012-10-12,19.7248,20.3249,19.6965,19.821,7938200,59.49,77.94,24.24,65.65,260
2012-10-19,19.7757,21.5138,19.6682,20.9307,10774200,64.94,77.94,24.24,75.8,260
2012-10-26,20.8571,21.5138,20.4551,21.4968,12126700,67.36,77.94,24.24,80.3,260
2012-11-02,21.5987,22.3291,21.4515,21.8195,7676200,68.68,77.94,24.24,82.76,260
2012-11-09,21.8705,22.0064,20.9062,21.1747,12235400,63.17,77.94,24.24,72.5,260
2012-11-16,21.2418,21.4798,20.1739,20.5461,8519300,58.26,77.94,24.24,63.35,260
2012-11-23,20.8085,22.2182,20.7963,22.1815,6905000,65.72,77.94,24.24,77.25,260
2012-11-30,22.0656,22.6087,21.669,22.151,8130100,65.49,77.94,24.24,76.81,260
2012-12-07,22.2731,23.3227,21.9191,23.2982,10107700,69.86,77.94,24.24,84.95,260
2012-12-14,23.286,23.6156,22.9748,23.3104,10894200,69.9,77.94,24.24,85.03,260
2012-12-21,23.402,23.5973,22.9016,22.9504,10496700,66.83,77.94,24.24,79.31,260
2012-12-28,22.926,23.4447,22.7368,22.7429,3737300,65.05,77.94,24.24,76.0,260
2013-01-04,22.7368,23.9817,22.6514,23.8474,6684300,69.67,77.94,24.24,84.6,260
2013-01-11,23.8596,24.2136,23.6156,24.0732,8694200,70.53,77.94,24.24,86.2,260
2013-01-18,24.1587,25.1899,24.1464,25.1777,9009400,74.35,77.94,24.24,93.32,260
2013-01-25,25.2876,25.6476,24.9397,25.1716,9468100,74.29,77.94,24.24,93.21,260
2013-02-01,24.4882,24.5614,23.6522,24.3112,13224600,66.51,77.94,24.24,78.71,260
2013-02-08,24.1648,25.0496,24.0305,24.9336,8161600,69.04,77.94,24.24,83.42,260
2013-02-15,24.8617,24.8986,24.2601,24.3522,6405900,64.16,77.94,24.24,74.35,260
2013-02-22,24.3522,24.3522,22.3633,22.5597,10003800,51.98,77.94,24.24,51.67,260
2013-03-01,22.6395,23.413,22.2835,22.928,11253100,53.92,77.94,24.24,55.27,260
2013-03-08,22.8298,23.413,22.615,23.2841,8186900,55.78,77.94,24.24,58.73,260
2013-03-15,23.235,23.4744,22.4554,22.5536,8612000,51.22,77.94,24.24,50.24,260
2013-03-22,22.3571,22.5536,21.7494,22.1177,7729800,48.66,77.94,24.24,45.48,260
2013-03-28,22.1484,23.0999,22.0072,23.0631,7132600,54.02,77.94,24.24,55.46,260
2013-04-05,23.0324,23.0508,20.4112,21.8169,12429400,47.05,77.94,24.24,42.48,260
2013-04-12,22.13,22.351,21.2706,21.3627,10887200,44.78,77.94,24.24,38.25,260
2013-04-19,20.7058,20.7365,18.8765,19.6377,17224400,37.41,77.94,24.24,24.52,260
2013-04-26,19.6193,21.0373,19.4965,20.1902,10466400,40.77,77.94,24.24,30.78,260
2013-05-03,20.626,21.1539,19.8157,21.0496,9403600,45.66,77.94,24.24,39.9,260
2013-05-10,21.032,21.1987,20.2848,20.5688,9063400,43.5,77.94,24.24,35.87,260
2013-05-17,20.4886,20.575,19.6241,20.4145,8363600,42.8,77.94,24.24,34.56,260
2013-05-24,20.3774,20.9455,19.2104,19.4265,9789200,38.52,77.94,24.24,26.58,260
2013-05-31,19.6241,20.0193,19.161,19.2351,7167600,37.73,77.94,24.24,25.12,260
2013-06-07,19.3709,19.6488,19.0128,19.34,7091200,38.47,77.94,24.24,26.5,260
2013-06-14,19.2659,19.4512,18.0309,18.3644,11476800,34.37,77.94,24.24,18.86,260
2013-06-21,18.4941,18.6052,17.1911,17.364,9255900,30.74,77.94,24.24,12.11,260
2013-06-28,17.1047,17.117,16.4069,17.0553,11380100,29.7,77.94,24.24,10.18,260
2013-07-05,17.364,17.4011,16.444,16.6477,6114500,28.34,77.94,24.24,7.64,260
2013-07-12,16.6786,17.4258,16.4007,16.9194,8341500,30.63,77.94,24.24,11.89,260
2013-07-19,16.9194,17.6234,16.691,17.2467,7880200,33.38,77.94,24.24,17.03,260
2013-07-26,17.364,18.0556,16.9812,17.3702,8229600,34.44,77.94,24.24,19.0,260
2013-08-02,17.2776,17.327,16.0858,16.4748,13832300,30.64,77.94,24.24,11.92,260
2013-08-09,16.5002,17.9828,15.973,17.8587,11386200,41.41,77.94,24.24,31.97,260
2013-08-16,17.8339,18.386,17.4803,17.8649,13257700,41.45,77.94,24.24,32.05,260
2013-08-23,17.8153,17.9828,17.2756,17.747,6402700,40.82,77.94,24.24,30.89,260
2013-08-30,17.7656,17.8835,16.9406,17.0585,7349200,37.29,77.94,24.24,24.29,260
2013-09-06,17.4307,17.5423,16.8414,17.2012,6074800,38.48,77.94,24.24,26.51,260
2013-09-13,17.3004,17.989,17.0213,17.0647,7185600,37.74,77.94,24.24,25.14,260
2013-09-20,17.226,18.814,17.2136,17.7098,9831900,43.28,77.94,24.24,35.45,260
2013-09-27,17.6354,18.051,17.0337,17.2694,7556700,40.62,77.94,24.24,30.5,260
2013-10-04,17.0089,17.2136,16.6925,16.7545,8844100,37.71,77.94,24.24,25.08,260
2013-10-11,16.6925,17.1019,16.432,17.0213,6903900,40.1,77.94,24.24,29.54,260
2013-10-18,16.953,17.9083,16.9096,17.654,7278800,45.46,77.94,28.34,34.52,260
2013-10-25,17.6974,18.448,17.5671,17.9703,6813100,47.97,77.94,28.34,39.58,260
2013-11-01,17.9579,18.2433,17.1888,17.592,8840400,45.29,77.94,28.34,34.17,260
2013-11-08,17.6664,17.8977,17.0567,17.499,9161100,44.63,77.94,28.34,32.84,260
2013-11-15,17.4491,17.4491,16.5022,16.7639,9668100,39.7,77.94,28.34,22.9,260
2013-11-22,16.739,16.795,15.8419,15.9914,11460500,35.29,77.94,28.34,14.01,260
2013-11-29,15.9976,16.0412,15.2625,15.6363,8284200,33.45,77.94,28.34,10.3,260
2013-12-06,15.6052,15.7422,15.3248,15.5802,11358400,33.16,77.94,28.34,9.71,260
2013-12-13,15.6301,16.2904,15.3871,15.873,12428200,36.3,77.94,28.34,16.06,260
2013-12-20,15.9353,17.3557,15.9229,17.1003,15423300,47.47,77.94,28.34,38.57,260
2013-12-27,17.2062,17.4367,16.8635,17.3868,4949200,49.69,77.94,28.34,43.04,260
2014-01-03,17.5737,18.4023,17.5177,17.7918,9513500,52.72,77.94,28.34,49.16,260
2014-01-10,17.798,17.8167,16.9445,17.2124,10254900,48.24,77.94,28.34,40.11,260
2014-01-17,17.1688,18.2777,17.1003,18.2777,11378700,55.7,77.94,28.34,55.16,260
2014-01-24,18.3088,18.315,17.256,17.3931,10365800,49.34,77.94,28.34,42.34,260
2014-01-31,17.4927,17.5924,17.1065,17.4304,10192400,49.6,77.94,28.34,42.86,260
2014-02-07,17.5239,18.6701,17.119,18.639,12377700,57.29,77.94,28.34,58.37,260
2014-02-14,18.6639,20.4668,18.6078,20.2105,16729300,64.81,77.94,28.34,73.53,260
2014-02-21,20.2292,20.4231,19.5601,19.8227,6524300,61.91,77.94,28.34,67.69,260
2014-02-28,19.7352,19.754,19.0098,19.0786,9106800,56.68,77.94,28.34,57.14,260
2014-03-07,18.9035,19.5726,17.978,18.1344,10425500,50.81,77.94,28.34,45.3,260
2014-03-14,17.7967,17.8092,17.0213,17.4215,13226100,46.86,77.94,28.34,37.34,260
2014-03-21,17.434,17.5528,16.7337,17.1401,8729100,45.36,77.94,28.34,34.32,260
2014-03-28,17.2089,18.2282,16.9463,18.1531,9550600,51.39,77.94,28.34,46.47,260
2014-04-04,18.2219,19.1161,18.1219,18.8472,10512700,55.05,77.94,28.34,53.84,260
2014-04-11,18.7785,19.2975,18.6596,18.791,10199000,54.69,77.94,28.34,53.12,260
2014-04-17,18.9598,19.0911,17.9655,18.6596,6117800,53.8,77.94,28.34,51.34,260
2014-04-25,18.6284,18.9786,18.4283,18.6284,6205500,53.58,77.94,28.34,50.89,260
2014-05-02,18.4533,18.9911,18.2719,18.4033,6590000,51.92,77.94,28.34,47.55,260
2014-05-09,18.3282,18.3282,17.7029,17.8342,8738900,47.89,77.94,28.34,39.41,260
2014-05-16,18.297,19.2475,18.1406,18.8535,9608900,54.68,77.94,28.34,53.11,260
2014-05-23,18.7409,19.2485,18.4846,19.0916,7047200,56.12,77.94,28.34,56.01,260
2014-05-30,19.1983,19.2108,18.3513,18.6462,7325300,52.75,77.94,28.34,49.21,260
2014-06-06,18.6901,18.8093,18.1192,18.1254,8170000,49.03,77.94,28.34,41.72,260
2014-06-13,18.1317,18.3136,17.818,18.025,6942400,48.33,77.94,28.34,40.3,260
2014-06-20,18.025,18.9348,17.7929,18.7089,6387900,53.27,77.94,28.34,50.25,260
2014-06-27,18.8218,19.2798,18.527,18.665,6082400,52.92,77.94,28.34,49.55,260
2014-07-03,18.6524,20.6977,18.5207,20.5221,8273800,63.75,77.94,28.34,71.4,260
2014-07-11,20.6852,21.2687,20.5221,20.6915,11735400,64.55,77.94,28.34,73.01,260
2014-07-18,20.6852,21.0114,20.1958,20.2774,7723200,61.0,77.94,28.34,65.86,260
2014-07-25,20.2711,21.2059,20.2021,20.8483,6165500,63.95,77.94,28.34,71.79,260
2014-08-01,20.8797,20.9801,20.2021,20.2774,9147200,59.14,77.94,28.34,62.1,260
2014-08-08,20.3276,21.0114,19.9198,20.0453,10544600,57.25,77.94,28.34,58.3,260
2014-08-15,20.0892,20.5221,19.6359,20.0011,9935800,56.88,77.94,28.34,57.55,260
2014-08-22,20.0263,20.2971,19.4155,20.1901,10722700,58.13,77.94,28.34,60.07,260
2014-08-29,20.2656,20.7757,19.9193,20.6624,9061700,61.17,77.94,28.34,66.19,260
2014-09-05,20.6183,20.8072,20.3538,20.7316,4981200,61.61,77.94,28.34,67.07,260
2014-09-12,20.675,20.8135,19.6674,20.1082,10742800,55.52,77.94,28.34,54.79,260
2014-09-19,20.1019,20.6372,19.5288,19.9004,7882600,53.62,77.94,28.34,50.96,260
2014-09-26,19.5162,19.5225,18.5086,18.7479,12443760,44.51,77.94,28.34,32.59,260
2014-10-03,18.5401,19.0124,17.9985,18.2378,11307978,41.17,77.94,28.34,25.87,260
2014-10-10,18.4141,18.5936,17.1672,17.7844,11992631,38.42,77.94,28.34,20.32,260
2014-10-17,18.0867,18.4078,17.5514,18.1496,10148179,41.8,77.94,28.34,27.13,260
2014-10-24,18.093,19.11,17.9607,18.4267,7475224,44.29,77.94,28.34,32.16,260
2014-10-31,18.2378,18.7731,17.3624,18.1244,10724838,42.17,77.94,28.34,27.88,260
2014-11-07,18.1056,19.1606,17.9607,19.0974,9671600,50.41,77.94,28.34,44.51,260
2014-11-14,19.2112,19.3124,18.3512,19.3061,6520009,52.0,77.94,28.34,47.69,260
2014-11-21,19.2049,20.1029,18.5725,19.8183,7904490,55.73,77.94,28.34,55.22,260
2014-11-28,19.7298,19.8942,18.6927,18.9393,6504359,48.73,77.94,28.34,41.1,260
2014-12-05,18.9203,19.2239,18.6421,19.129,10754422,50.18,77.94,28.34,44.04,260
2014-12-12,18.952,19.1037,17.4912,17.5102,10511958,39.8,77.94,28.34,23.11,260
2014-12-19,17.4975,17.8074,16.4162,17.6177,14848130,40.68,77.94,28.34,24.88,260
2014-12-26,17.605,18.0224,17.2319,17.8706,4063509,42.79,77.94,28.34,29.14,260
2015-01-02,17.9086,18.0919,17.643,17.9844,4996170,43.76,77.94,28.34,31.1,260
2015-01-09,17.6493,18.054,17.0106,17.9465,7531219,43.5,77.94,28.34,30.56,260
2015-01-16,17.6556,17.7694,14.9238,17.1307,20881666,38.15,77.94,28.34,19.78,260
2015-01-23,17.0738,18.0161,16.8778,17.1497,7789487,38.34,77.94,28.34,20.17,260
2015-01-30,17.0738,17.6398,16.5237,17.2509,11098143,39.41,77.94,28.34,22.32,260
2015-02-06,17.371,18.9014,17.096,18.4208,13570091,50.16,77.94,28.34,43.99,260
2015-02-13,18.4587,19.6366,18.2437,19.3067,8953635,56.46,77.94,28.34,56.7,260
2015-02-20,19.072,19.6366,19.0529,19.1608,4674246,55.22,77.94,28.34,54.2,260
2015-02-27,18.907,19.3638,18.7928,18.888,6619861,52.89,77.94,28.34,49.49,260
2015-03-06,18.8562,19.2179,18.133,18.2979,7687507,48.15,77.94,28.34,39.93,260
2015-03-13,18.3614,18.9324,17.7269,18.3867,8376284,48.89,77.94,28.34,41.43,260
2015-03-20,18.4312,19.3638,18.2091,19.0529,7620087,54.19,77.94,28.34,52.12,260
2015-03-27,19.2433,19.4971,17.7713,17.9743,10525088,45.89,77.94,28.34,35.38,260
2015-04-02,17.9997,18.8816,17.9743,18.5136,6026897,50.01,77.94,28.34,43.7,260
2015-04-10,18.6659,18.9768,18.2852,18.4248,5595131,49.35,77.94,28.34,42.35,260
2015-04-17,18.4692,19.1671,18.2186,19.0339,6498250,53.89,77.94,28.34,51.51,260
2015-04-24,18.9895,19.6581,18.6342,19.6303,5414108,57.87,77.94,28.34,59.53,260
2015-05-01,19.6684,21.134,19.6493,21.0261,9236950,65.4,77.94,28.34,74.72,260
2015-05-08,21.1276,21.1276,20.214,20.5883,7630247,61.68,77.94,28.34,67.21,260
2015-05-15,20.6713,21.0277,20.3531,20.8686,4945210,63.12,77.94,28.34,70.13,260
2015-05-22,20.595,20.6968,19.844,19.9649,5452604,55.8,77.94,28.34,55.37,260
2015-05-29,19.8122,19.8503,19.0994,19.1057,4642001,49.88,77.94,28.34,43.43,260
2015-06-05,19.1248,19.8726,18.9211,19.3476,4490399,51.44,77.94,28.34,46.58,260
2015-06-12,19.3094,19.914,19.1503,19.5449,4293078,52.74,77.94,28.34,49.19,260
2015-06-19,19.2203,19.9522,19.0866,19.1885,5525776,50.14,77.94,28.34,43.95,260
2015-06-26,19.2012,19.9394,19.0103,19.443,8105603,51.96,77.94,28.34,47.62,260
2015-07-02,19.233,19.4685,18.4884,18.813,5580188,47.35,77.94,28.34,38.33,260
2015-07-10,18.3738,18.762,17.5274,18.1256,7094541,42.88,77.94,28.34,29.31,260
2015-07-17,18.1765,18.7111,17.9347,18.1129,5697896,42.8,77.94,28.34,29.15,260
2015-07-24,17.8583,18.3293,16.8018,17.1519,10494648,37.13,77.94,28.34,17.71,260
2015-07-31,16.7955,17.8965,16.5663,17.731,10158749,42.11,77.94,28.34,27.75,260
2015-08-07,17.5465,18.0747,17.1885,17.5019,9544948,40.73,77.94,28.34,24.98,260
2015-08-14,17.4383,18.3547,17.2267,17.6354,9435204,41.92,77.94,28.34,27.38,260
2015-08-21,17.5141,17.7313,16.524,16.5432,10055847,35.62,77.94,28.34,14.68,260
2015-08-28,15.2083,17.8271,14.9528,17.4694,18127176,43.39,77.94,28.34,30.34,260
2015-09-04,16.6582,17.6674,16.1759,16.8434,11040045,39.89,77.94,28.34,23.28,260
2015-09-11,17.5588,18.4019,17.2586,18.0059,6673764,48.24,77.94,28.34,40.13,260
2015-09-18,17.8654,18.3828,17.2841,17.3288,9611462,44.37,77.94,28.34,32.33,260
2015-09-25,17.431,17.4758,16.5751,17.035,8083727,42.77,77.94,28.34,29.1,260
2015-10-02,16.5624,17.6418,16.326,17.6354,9889199,46.99,77.94,28.34,37.59,260
2015-10-09,17.7632,19.3089,17.6929,19.2642,10223086,56.37,77.94,28.34,56.52,260
2015-10-16,19.3217,19.3217,18.2806,18.3764,6053014,51.07,77.94,28.34,45.82,260
2015-10-23,18.172,18.7021,17.8973,18.5233,6261336,51.87,77.94,28.34,47.45,260
2015-10-30,18.5361,18.6319,17.5588,17.7313,5729704,47.34,74.35,28.34,41.29,260
2015-11-06,17.5971,18.1656,17.0987,17.2394,6502628,44.72,74.35,28.34,35.61,260
2015-11-13,17.1563,17.2586,16.555,16.6957,7878811,41.96,74.35,28.34,29.61,260
2015-11-20,16.6893,17.6424,16.0688,17.4889,10880681,47.09,74.35,28.34,40.76,260
2015-11-27,17.3929,17.4249,16.2095,16.427,8576262,41.77,74.35,28.34,29.19,260
2015-12-04,16.5038,17.1691,16.1264,17.1371,9711239,46.15,74.35,28.34,38.71,260
2015-12-11,16.9388,16.9676,15.8321,15.9281,7730735,40.56,74.35,28.34,26.55,260
2015-12-18,15.8385,16.5933,15.6914,15.9217,8356630,40.53,74.35,28.34,26.49,260
2015-12-24,16.0368,17.3258,15.5443,17.2138,5981602,48.29,74.35,28.34,43.37,260
2015-12-31,16.9836,17.1691,16.571,16.7085,3900530,45.78,74.35,28.34,37.9,260
2016-01-08,16.2479,16.9317,15.378,15.3971,8458343,39.96,74.35,28.34,25.24,260
2016-01-15,15.5123,15.5507,14.041,14.5272,9865040,36.63,74.35,28.34,18.01,260
2016-01-22,14.7575,15.346,13.7851,15.1093,5949015,40.22,74.35,28.34,25.81,260
2016-01-29,14.8598,16.5869,14.8598,16.5806,7217829,48.2,74.35,28.34,43.16,260
2016-02-05,16.3631,17.4377,15.3076,16.9516,7223149,50.01,74.35,28.34,47.1,260
2016-02-12,16.8748,17.1179,15.2109,16.8889,8654886,49.7,74.35,28.34,46.41,260
2016-02-19,16.9466,17.3052,15.0892,15.2109,9907989,42.03,74.35,28.34,29.75,260
2016-02-26,15.5824,16.0627,15.0764,15.7745,7547944,45.09,74.35,28.34,36.41,260
2016-03-04,15.7233,17.7279,15.243,17.254,9395602,52.23,74.35,28.34,51.92,260
2016-03-11,17.3501,17.5678,16.3574,17.1964,7231909,51.95,74.35,28.34,51.31,260
2016-03-18,17.0426,18.7014,16.8057,18.1506,7109391,56.18,74.35,28.34,60.52,260
2016-03-24,18.125,18.362,17.1771,17.9137,3415528,54.89,74.35,28.34,57.7,260
2016-04-01,17.9137,18.5541,17.1707,17.6511,4916073,53.42,74.35,28.34,54.51,260
2016-04-08,17.6255,17.6991,16.3766,16.6007,7369148,47.9,74.35,28.34,42.51,260
2016-04-15,16.8249,18.029,16.8249,17.9201,5271110,54.29,74.35,28.34,56.4,260
2016-04-22,17.7023,19.0281,17.4695,18.695,5138681,57.58,74.35,28.34,63.55,260
2016-04-29,18.2019,20.0528,18.1442,19.0025,8488653,58.85,74.35,28.34,66.3,260
2016-05-06,19.0921,19.1338,17.9265,18.3044,6043402,54.84,74.35,28.34,57.61,260
2016-05-13,17.8937,18.1696,17.2329,17.3612,5955147,49.91,74.35,28.34,46.87,260
2016-05-20,17.4895,17.8617,16.8018,17.1303,8197494,48.75,74.35,28.34,44.36,260
2016-05-27,16.9827,17.5601,16.7902,17.0725,6070163,48.45,74.35,28.34,43.7,260
2016-06-03,17.1046,17.342,16.277,16.9506,16130471,47.77,74.35,28.34,42.23,260
2016-06-10,17.0789,17.4895,16.5785,16.6619,5123118,46.13,74.35,28.34,38.67,260
2016-06-17,16.6555,17.1431,16.2385,17.0597,6199046,48.74,74.35,28.34,44.34,260
2016-06-24,17.2907,17.9996,16.386,16.3989,9618976,44.86,74.35,28.34,35.9,260
2016-07-01,16.2256,17.3163,16.046,16.9634,6070456,48.62,74.35,28.34,44.09,260
2016-07-08,16.7453,16.7517,15.9818,16.5336,5293994,46.05,74.35,28.34,38.48,260
2016-07-15,16.6362,17.2842,16.5977,16.9506,6218501,48.88,74.35,28.34,44.64,260
2016-07-22,16.8287,16.9891,16.5272,16.848,3833868,48.21,74.35,28.34,43.18,260
2016-07-29,16.88,17.3805,16.4245,16.6747,6736589,47.03,74.35,28.34,40.63,260
2016-08-05,16.694,17.2137,16.2256,16.8223,6133406,48.19,74.35,28.34,43.14,260
2016-08-12,16.9506,17.0918,16.4562,16.7711,6641451,47.8,74.35,28.34,42.3,260
2016-08-19,16.8418,17.0347,16.6169,16.7197,2832581,47.39,74.35,28.34,41.39,260
2016-08-26,16.604,17.3561,16.4497,16.7968,4144928,48.11,74.35,28.34,42.98,260
2016-09-02,16.7519,17.0283,16.4819,16.7776,3915955,47.93,74.35,28.34,42.59,260
2016-09-09,16.739,16.9833,16.2119,16.2376,3577222,43.11,74.35,28.34,32.11,260
2016-09-16,16.0512,16.6554,16.0062,16.2826,5338207,43.62,74.35,28.34,33.21,260
2016-09-23,16.5526,17.2275,16.289,16.6876,3976200,48.12,74.35,28.34,42.99,260
2016-09-30,16.694,17.1633,16.3639,16.9061,4354061,50.42,74.35,28.34,47.99,260
2016-10-07,17.0218,17.1568,16.6747,16.8547,4060367,49.86,74.35,28.34,46.77,260
2016-10-14,17.0283,17.2725,16.5783,16.7197,3751534,48.34,74.35,28.34,43.47,260
2016-10-21,16.7904,17.8382,16.7454,17.6132,4599706,57.55,74.35,28.34,63.49,260
2016-10-28,17.7482,18.3235,17.6325,17.8768,4480342,59.83,74.35,28.34,68.44,260
2016-11-04,17.9989,18.4489,17.0475,17.5682,6389580,56.04,74.35,28.34,60.2,260
2016-11-11,17.825,22.4036,17.7606,21.1222,13974738,75.37,75.37,28.34,100.0,260
2016-11-18,21.1672,21.3669,20.0596,20.4138,7168842,68.87,75.37,28.34,86.18,260
2016-11-25,20.6971,21.6888,20.4911,21.6373,4627319,73.18,75.37,28.34,95.33,260
2016-12-02,21.5472,21.5729,20.417,21.3218,4949841,70.47,75.37,28.34,89.57,260
2016-12-09,21.6309,22.5324,21.5407,22.526,5189706,74.37,75.37,28.34,97.86,260
2016-12-16,22.5196,22.5453,20.8452,20.8646,6491108,62.18,75.37,28.34,71.94,260
2016-12-23,20.7293,21.0062,20.3172,20.6649,4800115,60.89,75.37,28.34,69.2,260
2016-12-30,20.7744,21.0706,20.5039,20.5683,2622263,60.23,75.37,28.34,67.81,260
2017-01-06,20.7873,21.7983,20.6715,21.6309,3829000,64.71,75.37,28.34,77.33,260
2017-01-13,21.6051,22.8287,21.3733,22.7643,5245213,68.75,75.37,28.34,85.92,260
2017-01-20,22.5711,23.4591,22.5646,23.1893,3685833,70.13,75.37,28.34,88.85,260
2017-01-27,23.492,25.031,23.302,24.7541,6479658,74.59,75.37,28.34,98.32,260
2017-02-03,24.5352,25.2629,24.3259,24.7541,8907368,74.59,75.37,28.34,98.32,260
2017-02-10,24.6769,25.4903,23.8783,24.4965,8206880,72.52,75.37,28.34,93.93,260
2017-02-17,24.7998,25.2129,23.748,24.0706,5590638,69.11,75.37,28.34,86.69,260
2017-02-24,24.2126,24.6256,23.3124,23.4189,4993311,64.15,75.37,28.34,76.13,260
2017-03-03,23.5544,24.5998,23.4705,24.0319,7335719,66.58,75.37,28.34,81.3,260
2017-03-10,23.6512,23.8706,22.6445,22.8381,5210838,58.29,75.37,28.34,63.67,260
2017-03-17,23.1091,23.7222,22.5154,23.3156,4369476,60.41,75.37,28.34,68.19,260
2017-03-24,23.3543,23.6124,23.0639,23.5866,5210662,61.61,75.37,28.34,70.73,260
2017-03-31,22.9413,23.464,22.4444,23.1607,5348277,58.61,75.37,28.34,64.36,260
2017-04-07,23.2704,23.6447,22.8768,23.3801,4294093,59.7,75.37,28.34,66.67,260
2017-04-13,23.3995,23.6383,22.5541,22.567,3584423,54.04,75.37,28.34,54.64,260
2017-04-21,22.7735,23.0123,22.4509,22.7671,3553652,55.16,75.37,28.34,57.03,260
2017-04-28,22.9929,23.335,22.4896,22.8252,3566284,55.51,75.37,28.34,57.76,260
2017-05-05,22.8574,23.0671,21.2183,21.741,5591372,48.14,75.37,28.34,42.11,260
2017-05-12,21.3409,22.6219,21.057,22.3283,3908682,51.87,75.37,28.34,50.02,260
2017-05-19,22.548,22.6904,21.3565,22.3926,3563767,52.27,75.37,28.34,50.88,260
2017-05-26,22.4379,22.8718,22.3472,22.5933,2544134,53.58,75.37,28.34,53.67,260
2017-06-02,22.5804,22.9236,22.1076,22.3602,2821670,51.8,75.37,28.34,49.89,260
2017-06-09,22.3149,23.7913,22.2501,23.4869,3072276,58.9,75.37,28.34,64.98,260
2017-06-16,23.4416,23.733,22.1076,22.3019,3233558,50.48,75.37,28.34,47.07,260
2017-06-23,22.3796,22.6969,21.7774,22.5868,2863357,52.25,75.37,28.34,50.83,260
2017-06-30,22.6904,23.0531,22.2436,22.4249,3245050,51.13,75.37,28.34,48.46,260
2017-07-07,22.5026,22.9365,22.3472,22.6516,2881343,52.66,75.37,28.34,51.7,260
2017-07-14,22.5285,24.0697,22.3537,24.0179,3399960,60.64,75.37,28.34,68.67,260
2017-07-21,24.0827,24.7302,24.0309,24.4971,2995708,62.99,75.37,28.34,73.68,260
2017-07-28,24.4777,25.857,24.2996,25.5526,3611663,67.6,75.37,28.34,83.46,260
2017-08-04,25.6044,25.8635,24.9828,25.0735,4324409,63.72,75.37,28.34,75.22,260
2017-08-11,25.2873,25.6512,24.1305,24.9428,3468676,62.67,75.37,28.34,72.98,260
2017-08-18,25.0858,26.1451,24.9428,25.4238,5134897,64.97,75.37,28.34,77.87,260
2017-08-25,25.6447,26.9803,25.6252,26.4636,3502538,69.36,75.37,28.34,87.21,260
2017-09-01,26.6196,27.146,26.0152,26.8405,5483611,70.79,75.37,28.34,90.25,260
2017-09-08,26.847,27.2955,25.5537,25.7292,4219749,61.65,75.37,28.34,70.83,260
2017-09-15,25.8657,26.2946,25.0728,25.5732,4179734,60.47,75.37,28.34,68.32,260
2017-09-22,25.6382,26.4701,25.3133,25.4173,4478933,59.25,75.37,28.34,65.73,260
2017-09-29,25.3588,26.0022,24.9168,25.8397,3961112,61.52,75.37,28.34,70.54,260
2017-10-06,25.7617,27.6269,25.4693,27.0615,5245019,67.2,75.37,28.34,82.62,260
2017-10-13,27.146,28.1793,26.5546,28.0493,5550714,70.94,75.37,28.34,90.56,260
2017-10-20,28.2833,28.6927,27.7569,28.0298,4601080,70.76,75.37,28.34,90.2,260
2017-10-27,27.8934,29.0437,27.081,27.6074,6151184,66.99,75.37,28.34,82.17,260
2017-11-03,27.5489,28.7447,27.4261,27.8739,4537112,68.14,75.37,28.34,84.63,260
2017-11-10,28.0558,29.1432,27.8739,28.6988,4757246,71.47,75.37,28.34,91.7,260
2017-11-17,28.6792,28.9602,27.3655,28.0714,3943146,65.84,75.37,28.34,79.73,260
2017-11-24,28.1041,28.921,27.8753,28.8426,3107760,69.07,75.37,28.34,86.59,260
2017-12-01,28.7576,28.8883,27.0779,27.9472,6119988,61.77,75.37,28.34,71.08,260
2017-12-08,28.2478,28.4831,27.3008,27.4439,6481547,58.06,75.37,28.34,63.19,260
2017-12-15,27.4897,28.5027,27.2282,28.3132,5340705,62.28,75.37,28.34,72.15,260
2017-12-22,28.6792,30.5746,28.6596,30.2021,5420064,69.46,75.37,28.34,87.42,260
2017-12-29,30.2347,31.3262,29.9472,31.0125,2539147,71.93,75.37,28.34,92.68,260
2018-01-05,31.3327,32.2543,31.3327,32.104,2897795,74.88,75.37,28.34,98.94,260
2018-01-12,32.1628,32.8883,31.8491,32.6334,4354154,76.18,76.18,28.34,100.0,260
2018-01-19,32.5484,32.9144,32.1824,32.9013,3024345,76.84,76.84,28.34,100.0,260
2018-01-26,32.2543,33.2674,31.9602,33.0909,4480100,77.32,77.32,28.34,100.0,260
2018-02-02,33.0582,33.1301,30.5746,30.9798,4243205,62.02,77.32,28.34,68.77,260
2018-02-09,30.5354,31.738,29.5354,30.3916,6819544,58.55,77.32,28.34,61.67,260
2018-02-16,30.6519,33.967,30.6453,33.2172,5329006,67.86,77.32,28.34,80.7,260
2018-02-23,32.8291,34.3485,32.4213,34.3156,4267058,70.63,77.32,28.34,86.34,260
2018-03-02,34.6314,35.4339,34.1512,34.8287,8436781,71.84,77.32,28.34,88.83,260
2018-03-09,34.5327,36.5192,34.4735,35.8877,6162737,74.22,77.32,28.34,93.68,260
2018-03-16,35.9338,36.2495,35.2563,35.9535,4511993,74.36,77.32,28.34,93.97,260
2018-03-23,35.6838,37.2361,35.1576,35.1642,5125425,69.33,77.32,28.34,83.7,260
2018-03-29,35.5588,35.8943,34.3091,35.6378,3706088,70.62,77.32,28.34,86.33,260
2018-04-06,35.7364,37.269,35.1181,35.993,4997413,71.58,77.32,28.34,88.29,260
2018-04-13,36.1048,37.3282,35.6114,36.1114,5332146,71.91,77.32,28.34,88.96,260
2018-04-20,36.4731,38.2096,36.3021,36.9401,4465574,74.17,77.32,28.34,93.58,260
2018-04-27,36.5455,36.8546,33.7829,35.0392,7094208,61.87,77.32,28.34,68.47,260
2018-05-04,35.0589,35.2299,33.2369,34.8353,5112321,60.71,77.32,28.34,66.09,260
2018-05-11,34.855,35.026,33.5976,34.2526,5137606,57.39,77.32,28.34,59.32,260
2018-05-18,34.193,34.8017,33.4719,33.9747,4211358,55.82,77.32,28.34,56.12,260
2018-05-25,34.2989,34.59,32.9558,33.1146,3540961,51.17,77.32,28.34,46.61,260
2018-06-01,32.711,33.0749,31.917,32.5919,4013150,48.52,77.32,28.34,41.2,260
2018-06-08,32.8565,34.8216,32.6514,34.0475,4665467,55.44,77.32,28.34,55.33,260
2018-06-15,33.9945,34.2724,31.831,32.1354,3838443,46.58,77.32,28.34,37.24,260
2018-06-22,31.8509,32.1949,30.7658,30.9113,5080530,41.96,77.32,28.34,27.81,260
2018-06-29,30.6996,31.1495,29.5947,31.0106,5735737,42.46,77.32,30.63,25.34,260
2018-07-06,30.3556,30.6798,29.3697,30.296,4392115,39.81,77.32,30.64,19.64,260
2018-07-13,30.7459,30.8915,29.1779,29.8329,5385979,38.14,77.32,30.64,16.08,260
2018-07-20,29.8726,30.3357,28.8074,28.9595,5363301,35.16,77.32,30.64,9.69,260
2018-07-27,29.0389,31.8112,28.8801,31.6855,7223903,48.65,77.32,33.16,35.09,260
2018-08-03,31.7252,32.7904,30.4945,31.4737,5336409,47.82,77.32,33.16,33.21,260
2018-08-10,31.2223,31.4477,29.7259,30.2398,4229077,43.18,77.32,33.16,22.71,260
2018-08-17,30.2398,30.4533,27.8571,29.1185,4983644,39.44,77.32,33.16,14.23,260
2018-08-24,29.252,29.6992,28.8382,29.6124,3027236,41.83,77.32,33.16,19.65,260
2018-08-31,29.6925,30.6869,28.8382,29.1252,3364338,40.15,77.32,33.16,15.83,260
2018-09-07,28.5379,28.598,26.9562,26.9895,5152853,33.74,77.32,33.16,1.31,260
2018-09-14,27.123,28.2576,26.1486,27.6035,4904047,36.86,77.32,33.16,8.38,260
2018-09-21,27.697,29.7592,27.3699,29.539,4666788,45.57,77.32,33.16,28.1,260
2018-09-28,29.5056,29.6524,28.598,28.7915,3417242,43.09,77.32,33.16,22.5,260
2018-10-05,28.8249,29.4656,27.5969,28.2109,4326884,41.22,77.32,33.16,18.27,260
2018-10-12,28.0173,28.985,27.2098,27.8705,4822305,40.12,77.32,33.16,15.78,260
2018-10-19,27.9906,28.4178,25.4612,25.548,5376066,33.55,77.32,33.16,0.89,260
2018-10-26,25.7348,25.8883,23.9262,24.9606,5952411,32.12,77.32,32.12,0.0,260
2018-11-02,25.3678,27.6436,23.7527,27.103,6436906,41.87,77.32,32.12,21.58,260
2018-11-09,27.0896,27.2698,25.3401,25.5693,3820641,37.69,77.32,32.12,12.34,260
2018-11-16,25.1244,25.6974,24.3761,25.4884,3209936,37.48,77.32,32.12,11.87,260
2018-11-23,25.5154,25.5423,21.0123,21.6527,5980385,29.11,77.32,29.11,0.0,260
2018-11-30,21.3628,23.1155,21.2347,22.5695,5954250,32.96,77.32,29.11,8.0,260
2018-12-07,23.3245,23.5874,21.0729,22.0302,4669076,31.87,77.32,29.11,5.72,260
2018-12-14,22.0437,22.4481,20.9718,21.3695,4079091,30.53,77.32,29.11,2.94,260
2018-12-21,21.3561,21.774,19.8326,20.3584,5943049,28.54,77.32,28.54,0.0,260
2018-12-28,20.3247,21.1808,19.8191,20.6213,2649123,29.82,77.32,28.54,2.61,260
2019-01-04,20.5876,21.4504,19.5562,20.992,6182391,31.67,77.32,28.54,6.41,260
2019-01-11,21.0594,21.7673,20.9786,21.3763,5648850,33.62,77.32,28.54,10.42,260
2019-01-18,21.1134,22.1448,20.5741,21.7673,5815689,35.64,77.32,28.54,14.55,260
2019-01-25,21.4841,22.0571,20.7224,21.7336,3565880,35.54,77.32,28.54,14.35,260
2019-02-01,21.4032,23.0818,21.201,22.5627,6737460,40.01,77.32,28.54,23.51,260
2019-02-08,22.5088,23.3043,21.921,22.2353,5129845,38.87,77.32,28.54,21.16,260
2019-02-15,22.1538,22.9013,20.7489,22.493,7507918,40.31,77.32,28.54,24.13,260
2019-02-22,23.2335,25.5935,23.012,25.0468,7949881,52.37,77.32,28.54,48.84,260
2019-03-01,25.1852,25.7665,24.6108,24.7561,5516151,51.1,77.32,28.54,46.25,260
2019-03-08,24.9153,25.2682,24.2232,24.8045,4784742,51.31,77.32,28.54,46.68,260
2019-03-15,24.9983,26.7009,24.9291,26.0365,5876641,56.46,77.32,28.54,57.24,260
2019-03-22,26.1749,27.386,25.9742,26.0157,5093199,56.35,77.32,28.54,57.01,260
2019-03-29,26.0088,27.8428,25.9603,27.4622,3756053,61.83,77.32,28.54,68.26,260
2019-04-05,27.9328,28.4934,27.1438,28.3965,3695809,64.9,77.32,28.54,74.55,260
2019-04-12,28.355,28.9086,27.6283,28.3757,3279018,64.78,77.32,28.54,74.29,260
2019-04-18,28.3411,29.3585,27.8013,28.3965,2848807,64.85,77.32,28.54,74.44,260
2019-04-26,28.175,28.1819,26.251,26.9431,4225248,56.12,77.32,28.54,56.54,260
2019-05-03,26.9985,27.2891,24.9792,26.4136,4842273,53.31,77.32,28.54,50.77,260
2019-05-10,25.7559,25.9098,24.3775,24.9442,5759261,46.36,77.32,28.54,36.53,260
2019-05-17,24.3355,24.9512,23.7897,24.2935,3475883,43.65,77.32,28.54,30.96,260
2019-05-24,24.1606,24.3495,22.8172,23.4259,3706903,40.26,77.32,28.54,24.02,260
2019-05-31,23.5449,24.1816,23.195,23.6008,3023780,41.25,77.32,28.54,26.05,260
2019-06-07,23.7408,25.3851,23.7128,25.2241,2633352,49.59,77.32,28.54,43.15,260
2019-06-14,25.511,26.4206,25.2521,25.8818,2874994,52.53,77.32,28.54,49.18,260
2019-06-21,25.9028,27.5401,25.6929,27.4632,3472487,58.76,77.32,28.54,61.95,260
2019-06-28,27.4002,27.6521,26.8194,27.1833,3594138,57.33,77.32,28.54,59.01,260
2019-07-05,27.4142,27.4212,26.0638,26.7005,2478023,54.84,77.32,28.54,53.91,260
2019-07-12,26.6585,26.9664,25.49,25.7979,4095075,50.44,77.32,28.54,44.89,260
2019-07-19,25.9518,26.6655,25.476,26.3297,3907628,52.84,77.32,28.54,49.81,260
2019-07-26,26.4136,26.8054,25.8399,26.1407,3464073,51.88,77.32,28.54,47.84,260
2019-08-02,26.1407,26.1757,23.132,23.167,4376700,39.64,77.32,28.54,22.75,260
2019-08-09,22.7402,23.6601,22.2224,22.6542,4769781,37.98,77.32,28.54,19.34,260
2019-08-16,22.4559,22.7534,20.9187,21.1879,4954135,33.63,77.32,28.54,10.43,260
2019-08-23,21.5562,21.7121,20.8549,20.9329,4553934,32.93,77.32,28.54,8.98,260
2019-08-30,21.0391,22.5834,20.8195,22.385,5422927,40.57,77.32,28.54,24.66,260
2019-09-06,21.96,23.7735,21.7758,23.4547,3428579,45.5,77.32,28.54,34.77,260
2019-09-13,23.5681,25.7924,23.4476,25.2894,3938796,52.74,77.32,28.54,49.61,260
2019-09-20,25.254,25.254,24.3331,24.4323,3458247,49.44,77.32,28.54,42.84,260
2019-09-27,24.1135,24.7936,23.6247,24.156,3141269,48.39,77.32,28.54,40.68,260
2019-10-04,24.0923,24.2694,22.7392,23.3768,3251549,45.45,77.32,28.54,34.66,260
2019-10-11,23.4051,24.6448,22.7038,24.4323,3071251,49.89,77.32,28.54,43.76,260
2019-10-18,24.0852,24.9352,23.7026,24.0002,3176094,48.16,77.32,28.54,40.22,260
2019-10-25,24.4252,26.1678,24.3756,25.4807,3932133,54.03,77.32,28.54,52.26,260
2019-11-01,25.7074,26.4654,25.0628,26.4583,4806642,57.46,77.32,28.54,59.29,260
2019-11-08,26.7771,27.3391,26.3796,27.0598,3823636,59.46,77.32,28.54,63.39,260
2019-11-15,26.7591,27.468,26.4297,27.0097,2598894,59.21,77.32,28.54,62.88,260
2019-11-22,26.7949,27.3176,26.3509,27.1386,3025765,59.68,77.32,28.54,63.84,260
2019-11-29,27.3033,27.7616,27.067,27.2317,2063398,60.04,77.32,28.54,64.58,260
2019-12-06,27.2031,28.1339,26.3509,27.7902,4492893,62.21,77.32,28.54,69.02,260
2019-12-13,27.8905,30.1174,27.8833,29.7093,3940548,68.53,77.32,28.54,81.98,260
2019-12-20,30.1604,30.7905,29.0075,30.2821,4704322,70.13,77.32,28.54,85.27,260
2019-12-27,30.3251,31.0626,30.2535,30.4826,1234443,70.7,77.32,28.54,86.42,260
2020-01-03,30.4826,30.8191,29.6377,29.7522,2072884,65.82,77.32,28.54,76.44,260
2020-01-10,29.7164,30.9409,29.4443,30.7833,3090469,69.06,77.32,28.54,83.08,260
2020-01-17,30.9409,32.0937,30.7905,31.4564,3214682,71.0,77.32,28.54,87.05,260
2020-01-24,30.9695,31.0841,28.3917,28.5349,4676985,54.95,77.32,28.54,54.14,260
2020-01-31,27.826,28.1053,26.9381,26.9811,4525519,48.65,77.32,28.54,41.22,260
2020-02-07,27.3033,29.4157,26.9453,27.6685,3619623,51.31,77.32,28.54,46.67,260
2020-02-14,27.5038,28.449,27.2102,28.1124,3564541,53.0,77.32,28.54,50.14,260
2020-02-21,27.4322,28.0981,26.8092,27.1028,2195511,48.84,77.32,28.54,41.62,260
2020-02-28,25.8855,26.086,22.8351,24.0954,6152181,39.02,77.32,28.54,21.48,260
2020-03-06,24.3102,25.864,23.8089,25.2482,6068178,43.69,77.32,28.54,31.06,260
2020-03-13,23.5482,25.8392,18.9517,21.2354,7321349,33.94,77.32,28.54,11.07,260
2020-03-20,18.7559,21.9097,17.7554,18.4224,7678476,29.05,77.32,28.54,1.03,260
2020-03-27,18.1397,20.8584,16.9869,19.2779,5151878,32.25,77.32,28.54,7.59,260
2020-04-03,19.4519,21.1267,18.9589,19.4302,4257877,32.83,77.32,28.54,8.78,260
2020-04-09,20.7279,23.0479,19.9884,22.5622,3648078,43.55,77.32,28.54,30.76,260
2020-04-17,22.6274,23.396,20.3872,21.9387,3969533,42.11,77.32,28.54,27.8,260
2020-04-24,21.6849,23.0769,20.3364,22.2939,3925059,43.26,77.32,28.54,30.16,260
2020-05-01,22.6202,25.2157,22.3954,23.0262,4691054,45.66,77.32,28.54,35.08,260
2020-05-08,22.9392,25.0707,22.5622,24.9765,3876343,51.53,77.32,28.54,47.14,260
2020-05-15,24.3095,25.2369,22.8882,23.9313,3956286,48.51,77.32,28.54,40.93,260
2020-05-22,24.967,26.7905,24.967,25.6599,2948054,53.39,77.32,28.54,50.93,260
2020-05-29,26.6446,27.0676,25.8642,26.4768,4045114,55.53,77.32,28.54,55.33,260
2020-06-05,26.3528,29.4017,26.331,28.4097,4241994,60.2,77.32,28.54,64.9,260
2020-06-12,28.2347,29.0735,26.1924,27.002,4348588,55.62,77.32,28.54,55.51,260
2020-06-19,26.1851,28.0013,25.8569,27.5709,4258476,57.04,77.32,28.54,58.43,260
2020-06-26,27.2646,28.1398,26.9655,27.5126,4254576,56.84,77.32,28.54,58.01,260
2020-07-02,27.746,29.1245,27.6743,28.3805,3074904,59.15,77.32,28.54,62.74,260
2020-07-10,29.1756,30.4083,28.8328,30.3864,4819002,63.94,77.32,28.54,72.58,260
2020-07-17,30.9115,31.9691,29.7007,31.8597,4455761,67.01,77.32,28.54,78.86,260
2020-07-24,31.7357,32.3557,30.8167,31.4221,3869606,65.23,77.32,28.54,75.23,260
2020-07-31,31.8233,33.6613,31.4185,31.8816,4344564,66.24,77.32,28.54,77.3,260
2020-08-07,32.2682,33.9968,30.6489,32.8663,4159466,68.37,77.32,28.54,81.65,260
2020-08-14,33.1508,33.6978,32.6317,33.2573,3417585,69.19,77.32,28.54,83.35,260
2020-08-21,33.8534,34.9905,33.5664,33.846,3084416,70.45,77.32,28.54,85.92,260
2020-08-28,34.3465,35.708,33.8313,35.4798,2356700,73.65,77.32,28.54,92.49,260
2020-09-04,35.7227,36.201,33.4633,34.5746,4321136,69.18,77.32,28.54,83.31,260
2020-09-11,33.7871,34.8616,33.0659,34.5084,3646140,68.85,77.32,28.54,82.63,260
2020-09-18,35.0603,35.5092,34.0006,34.2066,3860841,67.27,77.32,28.54,79.41,260
2020-09-25,33.3897,33.743,31.8369,32.7347,3870309,60.06,77.32,28.54,64.62,260
2020-10-02,33.4412,34.0447,32.1092,33.5811,4735776,62.55,77.32,28.54,69.72,260
2020-10-09,33.743,35.6785,33.5369,35.3841,3663758,67.23,77.32,28.54,79.32,260
2020-10-16,35.3253,35.7227,33.7651,35.2811,2697691,66.71,77.32,28.54,78.26,260
2020-10-23,35.4357,38.4089,35.0608,38.2322,4919420,73.06,77.32,28.54,91.27,260
2020-10-30,37.6067,38.9903,36.7236,38.5193,5525265,73.58,77.32,28.54,92.35,260
2020-11-06,38.9093,40.7271,38.7916,40.5725,3981068,77.04,77.32,28.54,99.44,260
2020-11-13,41.6863,42.3176,39.5771,40.3941,4922547,76.11,77.32,28.54,97.53,260
2020-11-20,41.0625,42.6667,40.7803,42.2062,4430910,78.91,78.91,28.54,100.0,260
2020-11-27,42.8004,45.5111,42.6815,45.1918,3160522,82.53,82.53,28.54,100.0,260
2020-12-04,45.0284,45.5557,44.0778,45.318,5922824,82.67,82.67,28.54,100.0,260
2020-12-11,45.0729,45.1769,43.5653,44.3823,4445867,77.84,82.67,28.54,91.08,260
2020-12-18,44.6719,47.2341,43.595,46.6029,4457383,80.72,82.67,28.54,96.4,260
2020-12-24,45.6299,48.259,45.3104,47.6055,3042472,81.86,82.67,28.54,98.51,260
2020-12-31,48.2739,48.9423,46.9336,48.363,2157125,82.7,82.7,28.54,100.0,260
2021-01-08,50.0414,53.0716,49.6478,53.0567,5727875,86.77,86.77,28.54,100.0,260
2021-01-15,51.3783,53.4577,50.9326,51.3263,3759171,79.36,86.77,28.54,87.27,260
2021-01-22,52.1655,53.4726,50.8212,52.7448,2928230,80.8,86.77,28.54,89.76,260
2021-01-29,53.1384,53.2795,49.2519,49.321,5130582,68.35,86.77,28.54,68.37,260
2021-02-05,50.3162,53.6731,49.6552,53.0716,5042256,73.22,86.77,28.54,76.73,260
2021-02-12,53.6583,54.6131,51.9581,54.2686,3703966,74.56,86.77,28.54,79.04,260
2021-02-19,56.1709,59.5337,54.4034,59.4813,5358920,79.41,86.77,28.54,87.37,260
2021-02-26,61.4061,62.2748,53.1602,53.4223,8880269,64.11,86.77,28.54,61.09,260
2021-03-05,54.5382,58.5151,52.4861,55.2273,7002230,66.2,86.77,28.54,64.68,260
2021-03-12,55.0924,59.6311,52.928,58.4103,5681215,69.57,86.77,28.54,70.46,260
2021-03-19,58.2455,58.5676,53.25,54.0289,5435997,60.62,86.77,28.54,55.09,260
2021-03-26,54.2686,54.4409,47.8951,51.9918,8277251,56.95,86.77,28.54,48.8,260
2021-04-01,51.6698,52.0892,50.4939,51.9843,4387048,56.94,86.77,28.54,48.77,260
2021-04-09,53.0254,54.8902,52.5385,53.1602,5337064,58.62,86.77,28.54,51.65,260
2021-04-16,52.8381,57.4666,52.3438,57.0697,4951774,63.68,86.77,28.54,60.34,260
2021-04-23,57.4367,58.2006,51.5874,53.6545,6723547,57.11,86.77,28.54,49.06,260
2021-04-30,54.2387,55.3471,51.8046,51.9843,5454884,54.16,86.77,28.54,44.0,260
2021-05-07,52.6209,57.6688,51.213,57.5715,6303302,61.34,86.77,28.54,56.33,260
2021-05-14,59.7722,62.9225,56.5086,57.6418,10991122,61.42,86.77,28.54,56.47,260
2021-05-21,57.7929,60.4899,51.7869,52.4593,7873880,52.58,86.77,28.54,41.29,260
2021-05-28,52.2402,53.0108,50.4876,52.6859,7684059,52.9,86.77,28.54,41.84,260
2021-06-04,54.2346,54.7006,51.8923,53.7511,6388438,54.46,86.77,28.54,44.5,260
2021-06-11,53.2223,53.5698,50.2458,50.5782,8552622,49.25,86.77,28.54,35.56,260
2021-06-18,50.3213,50.344,44.1568,44.9349,12599407,41.63,86.77,28.54,22.47,260
2021-06-25,45.4939,49.5583,45.3655,48.6669,8511346,47.42,86.77,28.54,32.42,260
2021-07-02,48.8784,49.3468,47.511,48.4931,5326226,47.19,86.77,28.54,32.02,260
2021-07-09,48.6367,49.5054,46.3552,49.241,4747042,48.37,86.77,28.54,34.06,260
2021-07-16,48.4931,49.5206,46.4685,46.8009,5488186,44.84,86.77,28.54,27.98,260
2021-07-23,45.3277,48.3458,44.8669,47.6546,5405953,46.32,86.77,28.54,30.52,260
2021-07-30,48.2363,51.1826,47.8585,49.5886,6584830,49.61,86.77,28.54,36.18,260
2021-08-06,50.5404,51.0466,48.1834,49.4148,4735401,49.32,86.77,28.54,35.68,260
2021-08-13,48.9615,51.5303,48.3647,51.4614,4486994,52.85,86.77,28.54,41.74,260
2021-08-20,50.3894,50.4966,46.1897,46.5457,4474847,44.78,86.77,28.54,27.88,260
2021-08-27,47.3191,49.1414,46.607,48.2379,4444303,47.74,86.77,28.54,32.96,260
2021-09-03,48.4791,48.7518,46.4998,47.9622,3687237,47.29,86.77,28.54,32.2,260
2021-09-10,47.7555,48.4905,45.5886,47.3727,3050488,46.3,86.77,28.54,30.5,260
2021-09-17,47.9316,47.9316,44.3482,44.8,4288400,42.14,86.77,28.54,23.35,260
2021-09-24,42.8781,44.5779,42.0512,44.3712,5223831,41.47,86.77,28.54,22.21,260
2021-10-01,44.4095,45.4585,42.5182,43.483,5173360,40.06,86.77,28.54,19.77,260
2021-10-08,44.2181,45.1675,42.3421,44.8689,5016363,43.31,86.77,28.54,25.36,260
2021-10-15,46.1016,51.224,44.6621,50.6957,7886296,54.5,86.77,28.54,44.58,260
2021-10-22,49.417,50.8565,48.2455,49.1107,5266993,51.52,86.77,28.54,39.46,260
2021-10-29,49.3175,50.466,45.8796,45.9332,4849396,46.08,86.77,28.54,30.12,260
2021-11-05,46.0327,46.6463,44.5396,45.4814,4217774,45.35,86.77,28.54,28.87,260
2021-11-12,46.339,48.9041,45.1986,48.6239,6542712,51.17,86.77,28.54,38.86,260
2021-11-19,48.2736,48.3903,45.9148,46.4597,4030681,47.42,86.77,28.54,32.43,260
2021-11-26,45.5177,46.7477,43.8051,44.9261,3695797,44.92,86.77,28.54,28.12,260
2021-12-03,45.5411,47.0397,44.5836,45.292,5722814,45.65,86.77,28.54,29.39,260
2021-12-10,46.016,47.8765,44.8405,47.0669,3550536,49.21,86.77,28.54,35.5,260
2021-12-17,47.137,47.3316,43.9919,45.4477,8480358,46.24,86.77,28.54,30.39,260
2021-12-23,44.5135,46.9891,43.9374,46.8645,3016800,49.13,86.77,28.54,35.36,260
2021-12-31,46.7322,48.3903,46.6855,48.04,2631417,51.47,86.77,28.54,39.38,260
2022-01-07,47.8921,50.1653,47.425,50.0952,4376099,55.33,86.77,28.54,46.01,260
2022-01-14,50.0952,54.3768,48.9119,52.781,6612865,59.83,86.77,28.54,53.74,260
2022-01-21,52.851,54.8439,51.0761,51.5821,5402929,57.07,86.77,28.54,48.99,260
2022-01-28,49.8227,52.057,47.7208,48.7095,6213709,50.99,86.77,28.54,38.55,260
2022-02-04,48.3358,50.936,48.1101,49.2077,5127654,51.95,86.77,28.54,40.19,260
2022-02-11,49.5113,53.9526,48.7951,52.2905,6361922,57.47,86.77,28.54,49.69,260
2022-02-18,52.3442,54.3118,51.0166,53.411,4949290,59.3,86.77,28.54,52.83,260
2022-02-25,53.5848,54.3672,50.74,54.3593,3950387,60.84,86.77,28.54,55.47,260
2022-03-04,53.8377,60.5467,53.6797,60.5309,7167888,69.04,86.77,28.54,69.55,260
2022-03-11,60.2385,60.6731,57.2673,58.5316,7814605,64.34,86.77,28.54,61.48,260
2022-03-18,57.6308,58.7529,53.1824,58.7213,6715112,64.59,86.77,28.54,61.9,260
2022-03-25,59.2586,62.2061,59.227,61.3685,4992475,67.92,86.77,28.54,67.62,260
2022-04-01,60.847,61.7794,59.2033,61.7715,3971146,68.4,86.77,28.54,68.46,260
2022-04-08,62.2377,62.6763,56.8643,58.342,4771778,60.05,86.77,28.54,54.11,260
2022-04-14,58.2471,59.6481,57.2831,57.5201,3076977,58.21,86.77,28.54,50.96,260
2022-04-22,57.7493,58.4684,51.7831,52.2652,5763743,48.09,86.77,28.54,33.58,260
2022-04-29,50.827,51.4908,48.4089,49.207,6865560,43.37,86.77,28.54,25.46,260
2022-05-06,48.5827,51.5145,47.3263,48.5274,6259548,42.37,86.77,28.54,23.75,260
2022-05-13,46.9865,47.3499,42.6956,43.5095,10720155,35.83,86.77,28.54,12.51,260
2022-05-20,43.7822,47.8087,43.1435,47.7521,9144818,43.74,86.77,28.54,26.1,260
2022-05-27,48.9326,50.7761,47.9866,50.7437,5907893,48.56,86.77,28.54,34.37,260
2022-06-03,51.1803,52.1682,49.442,51.2935,5646985,49.41,86.77,28.54,35.84,260
2022-06-10,51.8272,52.5306,48.019,48.6011,4780567,45.42,86.77,28.54,28.99,260
2022-06-17,47.0164,47.5904,44.332,44.8333,7147135,40.49,86.77,28.54,20.52,260
2022-06-24,45.1163,45.5246,39.5345,41.6396,7984584,36.84,86.77,28.54,14.25,260
2022-07-01,42.1247,43.1435,39.1412,40.5157,7134495,35.63,86.77,28.54,12.16,260
2022-07-08,39.0604,41.7205,37.5969,41.3485,7703879,37.28,86.77,28.54,15.0,260
2022-07-15,40.1115,40.5643,36.1416,37.9689,7689772,33.52,86.77,28.54,8.54,260
2022-07-22,39.1655,40.6209,38.3408,38.8663,6518947,35.38,86.77,28.54,11.74,260
2022-07-29,39.683,40.6047,37.5484,40.2651,9386404,38.29,86.77,28.54,16.73,260
2022-08-05,39.8204,39.8204,37.031,38.365,7342504,35.92,86.77,28.54,12.68,260
2022-08-12,38.9634,40.9396,38.0497,40.3813,6808214,40.15,86.77,28.54,19.93,260
2022-08-19,39.2235,40.7508,38.8294,39.7408,6067784,39.26,86.77,28.54,18.41,260
2022-08-26,39.1004,42.4258,38.7555,42.1794,7426300,44.3,86.77,28.54,27.05,260
2022-09-02,41.2106,41.5677,36.6699,37.5157,8208573,37.84,86.77,28.54,15.96,260
2022-09-09,37.8523,40.5208,36.3825,40.3977,5593483,43.34,86.77,28.54,25.4,260
2022-09-16,41.0546,41.1285,37.8359,38.3285,7972424,40.56,86.77,28.54,20.64,260
2022-09-23,37.5649,39.2892,35.1673,35.6764,5953141,37.27,86.77,28.54,14.98,260
2022-09-30,35.0277,37.959,34.8307,36.8177,6771847,39.54,86.77,28.54,18.89,260
2022-10-07,37.5895,40.2417,37.5526,39.3385,8626073,44.34,86.77,28.54,27.13,260
2022-10-14,39.6505,40.5701,37.9344,38.6159,7226516,43.28,86.77,28.54,25.31,260
2022-10-21,39.5602,40.1431,37.7456,40.0528,8120850,46.05,86.77,28.54,30.06,260
2022-10-28,39.1989,40.7754,37.0924,38.6816,10003935,43.85,86.77,28.54,26.29,260
2022-11-04,38.1233,44.2696,38.0658,44.0926,9848819,53.31,86.77,28.54,42.54,260
2022-11-11,44.0515,50.6656,43.2058,50.0441,10138647,61.08,86.77,28.54,55.89,260
2022-11-18,49.0579,51.2871,47.5414,48.0801,6711557,57.67,86.77,28.54,50.03,260
2022-11-25,47.2928,49.6131,46.6216,48.7182,3356145,58.48,86.77,28.54,51.42,260
2022-12-02,48.453,51.544,47.5205,51.3534,6656916,61.74,86.77,28.54,57.02,260
2022-12-09,51.6185,51.7553,49.696,50.2761,5809966,59.68,86.77,28.54,53.48,260
2022-12-16,49.5634,52.3354,49.1988,49.522,5817529,58.21,86.77,28.54,50.96,260
2022-12-23,50.0275,51.1296,49.0165,50.5993,3418402,59.74,86.77,28.54,53.57,260
2022-12-30,51.3119,51.6683,49.8866,50.0441,2983340,58.55,86.77,28.54,51.54,260
2023-01-06,50.5164,56.3586,50.4418,55.8531,6089962,66.12,86.77,28.54,64.53,260
2023-01-13,56.9221,64.0405,56.6238,63.8582,10719666,73.34,86.77,28.54,76.94,260
2023-01-20,63.3195,64.6951,61.571,62.1925,8682289,70.0,86.77,28.54,71.2,260
2023-01-27,61.861,62.9466,60.1709,61.803,5772596,69.2,86.77,28.54,69.83,260
2023-02-03,60.6595,65.2669,60.4966,62.7063,8333966,70.05,86.77,28.54,71.29,260
2023-02-10,62.35,63.1952,60.4274,60.9826,5243354,66.3,86.77,28.54,64.84,260
2023-02-17,60.6592,64.59,60.0144,62.1878,5142742,67.6,86.77,28.54,67.09,260
2023-02-24,63.4813,63.7333,58.6182,59.8024,4123577,62.44,86.77,28.54,58.22,260
2023-03-03,60.1384,66.0599,59.8948,66.0179,7221474,69.07,86.77,28.54,69.6,260
2023-03-10,65.1612,65.4803,60.6256,60.7768,6392696,59.53,86.77,28.54,53.22,260
2023-03-17,59.9536,63.0865,55.8296,57.2071,9536544,54.05,86.77,28.54,43.81,260
2023-03-24,58.299,61.6083,57.9099,59.836,5881972,57.18,86.77,28.54,49.18,260
2023-03-31,60.1216,64.3548,59.7185,64.0441,4156339,61.67,86.77,28.54,56.89,260
2023-04-06,64.4052,64.9386,61.3899,62.7506,3469410,59.6,86.77,28.54,53.34,260
2023-04-14,62.7506,68.5376,62.3474,67.6473,5162350,64.46,86.77,28.54,61.69,260
2023-04-21,67.5549,68.9156,64.8336,66.0599,6740851,61.86,86.77,28.54,57.23,260
2023-04-28,65.7995,66.8158,62.1122,64.5312,5740030,59.38,86.77,28.54,52.96,260
2023-05-05,65.9507,66.9418,62.8094,66.5302,5351901,61.55,86.77,28.54,56.69,260
2023-05-12,67.3644,67.8917,58.5356,59.1055,7422437,50.7,86.77,28.54,38.05,260
2023-05-19,59.5392,61.6912,58.1571,58.5866,6347547,50.04,86.77,28.54,36.91,260
2023-05-26,58.5101,59.3405,54.9982,57.2087,7198584,48.23,86.77,28.54,33.81,260
2023-06-02,57.2087,61.9865,55.6437,60.3388,5301208,52.43,86.77,28.54,41.03,260
2023-06-09,60.3473,61.7422,58.9864,60.628,4193030,52.81,86.77,28.54,41.68,260
2023-06-16,59.6498,63.69,59.182,63.3157,5961970,56.31,86.77,28.54,47.7,260
2023-06-23,62.5162,63.2477,60.0751,60.6025,4379070,52.11,86.77,28.54,40.47,260
2023-06-30,60.9342,62.6566,59.3904,61.0192,5132516,52.69,86.77,28.54,41.48,260
2023-07-07,61.7252,62.4949,57.5319,60.1091,3595987,51.22,86.77,28.54,38.95,260
2023-07-14,59.5392,66.4968,59.5392,65.3061,5155075,58.36,86.77,28.54,51.22,260
2023-07-21,63.9622,67.088,63.6049,66.6584,4976826,60.01,86.77,28.54,54.04,260
2023-07-28,66.6755,72.91,66.4883,72.4848,6683397,66.19,86.77,28.54,64.65,260
2023-08-04,73.0206,74.5006,69.5078,71.345,5667145,64.1,86.77,28.54,61.07,260
2023-08-11,71.7278,73.2223,69.4695,70.709,5240221,62.91,86.77,28.54,59.02,260
2023-08-18,69.7191,70.7778,66.2332,66.4914,5818044,55.53,86.77,28.54,46.35,260
2023-08-25,66.7754,70.2528,66.2762,66.9562,4522913,56.14,86.77,28.54,47.4,260
2023-09-01,67.5673,71.5353,67.2101,70.7004,4204170,60.81,86.77,28.54,55.42,260
2023-09-08,70.3561,70.8639,66.9002,67.7567,3912435,55.78,86.77,28.54,46.78,260
2023-09-15,69.7536,70.029,67.223,68.6604,4958897,56.96,86.77,28.54,48.8,260
2023-09-22,68.5571,68.9014,64.0986,64.3224,4497751,50.07,86.77,28.54,36.98,260
2023-09-29,63.694,65.9491,61.9295,64.8044,5852767,50.79,86.77,28.54,38.2,260
2023-10-06,64.1158,64.9507,61.5766,63.6338,5175878,48.96,86.77,28.54,35.07,260
2023-10-13,62.9366,65.3552,61.7316,62.0931,3637405,46.59,86.77,28.54,30.99,260
2023-10-20,62.532,63.9264,60.0101,60.4232,3986882,44.09,86.77,28.54,26.7,260
2023-10-27,60.079,63.7414,59.4608,61.568,5009511,46.22,86.77,28.54,30.36,260
2023-11-03,62.3943,64.7785,60.4448,63.9178,4356829,50.39,86.77,28.54,37.52,260
2023-11-10,64.2105,64.5548,60.1656,61.681,3589279,46.68,86.77,28.54,31.15,260
2023-11-17,61.5501,66.2458,61.2097,65.2421,4744432,52.66,86.77,28.54,41.41,260
2023-11-24,65.4603,67.3892,64.5438,64.7708,3811793,51.83,86.77,28.54,39.99,260
2023-12-01,63.0601,67.0139,61.6461,66.979,7145020,55.37,86.77,28.54,46.07,260
2023-12-08,65.0501,66.416,61.8992,65.853,5122477,53.22,86.77,28.54,42.38,260
2023-12-15,64.6224,72.1547,63.8718,71.8143,6622238,61.7,86.77,29.05,56.57,260
2023-12-22,72.0063,76.5972,72.0063,76.4576,5608029,66.75,86.77,29.05,65.32,260
2023-12-29,76.7718,77.1523,73.7083,75.1222,2839296,64.13,86.77,29.05,60.78,260
2024-01-05,74.4327,75.2095,70.8542,72.9489,3811971,60.0,86.77,29.05,53.63,260
2024-01-12,72.3816,74.6247,71.7532,72.5649,3706228,59.28,86.77,29.05,52.37,260
2024-01-19,71.3517,71.4913,67.3281,70.7756,4320403,55.88,86.77,29.05,46.49,260
2024-01-26,69.8068,74.3454,69.5974,72.6173,5211206,58.51,86.77,29.05,51.05,260
2024-02-02,72.8093,73.7083,70.1298,71.3342,5013039,56.01,86.77,29.05,46.71,260
2024-02-09,69.8243,71.919,68.4802,69.9639,4746401,53.38,86.77,29.05,42.15,260
2024-02-16,70.1587,75.4741,68.2435,73.7728,4172646,59.12,86.77,29.05,52.11,260
2024-02-23,73.0236,73.8962,72.0804,72.3095,2535883,56.25,86.77,29.05,47.14,260
2024-03-01,71.0666,72.1597,69.4799,71.1019,3693829,53.93,86.77,29.05,43.11,260
2024-03-08,71.1019,76.2763,69.9295,76.0559,5354702,61.04,86.77,29.05,55.44,260
2024-03-15,75.6504,91.3059,75.1656,90.7946,11258890,73.94,86.77,29.05,77.78,260
2024-03-22,91.4998,92.7868,87.013,91.9935,7472474,74.67,86.77,29.05,79.05,260
2024-03-28,92.6458,94.4352,89.7897,93.8975,4110807,75.84,86.77,29.05,81.07,260
2024-04-05,94.9906,99.0367,93.8711,97.2208,6161552,77.76,86.77,29.05,84.4,260
2024-04-12,98.5254,106.1063,97.0974,101.593,6421520,80.01,86.77,29.05,88.3,260
2024-04-19,103.9643,104.1494,95.9073,99.9887,6551507,76.93,86.77,29.05,82.96,260
2024-04-26,96.1718,103.8144,94.6115,103.0828,8553467,78.64,86.77,29.05,85.92,260
2024-05-03,104.2904,106.6617,99.213,101.7341,9250170,76.0,86.77,29.05,81.35,260
2024-05-10,103.1621,105.9476,97.7673,104.6783,5229536,77.76,86.77,29.05,84.39,260
2024-05-17,105.216,110.6637,104.8017,110.4962,5752104,80.75,86.77,29.05,89.58,260
2024-05-24,111.2543,114.41,101.6988,103.5852,7771538,68.88,86.77,29.05,69.01,260
2024-05-31,108.2572,108.8566,102.4216,104.5725,4889827,69.57,86.77,29.05,70.21,260
2024-06-07,104.9868,105.3394,95.5845,95.9955,7776525,57.64,86.77,29.05,49.54,260
2024-06-14,97.0357,98.5342,91.7076,93.7036,6961719,54.93,86.77,29.05,44.85,260
2024-06-21,92.1521,98.067,91.5439,96.1894,4963733,57.28,86.77,29.05,48.91,260
2024-06-28,96.5244,98.0669,94.3294,94.9729,4400756,55.75,86.77,29.05,46.26,260
2024-07-05,96.1365,104.8634,94.9377,102.9153,3557190,62.74,86.77,29.05,58.38,260
2024-07-12,102.1131,103.5235,99.9226,101.5489,4732273,60.96,86.77,29.05,55.29,260
2024-07-19,100.4118,101.0994,90.6712,91.9406,5955711,50.15,86.77,29.05,36.56,260
2024-07-26,92.6987,94.1972,89.4284,92.9279,6004693,51.11,86.77,29.05,38.23,260
2024-08-02,91.6938,94.779,86.6075,87.7006,7057890,46.06,86.77,29.05,29.47,260
2024-08-09,80.9394,89.9219,80.0844,88.3871,5643082,46.8,86.77,29.05,30.76,260
2024-08-16,89.3943,95.2766,88.1197,92.585,4478840,51.23,86.77,29.05,38.43,260
2024-08-23,92.9861,94.4923,90.339,93.2445,4339580,51.91,86.77,29.05,39.61,260
2024-08-30,94.6171,96.0788,89.0199,90.6599,4592755,49.03,86.77,29.05,34.63,260
2024-09-06,87.0235,87.4156,83.5208,83.8684,4471423,42.39,86.77,29.05,23.12,260
2024-09-13,84.9468,89.0467,83.2712,87.9593,5852081,47.04,86.77,29.05,31.18,260
2024-09-20,88.6723,94.7775,87.9326,92.3354,5966354,51.55,86.77,29.05,38.99,260
2024-09-27,92.9772,108.2357,92.8078,105.9451,8572828,62.3,86.77,29.05,57.61,260
2024-10-04,104.4121,106.493,101.6046,105.1251,4409316,61.42,86.77,29.05,56.08,260
2024-10-11,105.1251,105.651,98.2802,104.8488,4655281,61.1,86.77,29.05,55.54,260
2024-10-18,101.2838,105.0004,98.7527,100.6242,4996398,56.35,86.77,29.05,47.3,260
2024-10-25,100.9897,104.5815,99.1091,102.8613,5604523,58.2,86.77,29.05,50.51,260
2024-11-01,102.8613,103.9754,96.8363,98.1287,3777373,53.07,86.77,29.05,41.62,260
2024-11-08,98.8417,103.4894,95.9196,96.6505,4809694,51.54,86.77,29.05,38.97,260
2024-11-15,95.0443,95.7211,89.2964,89.549,4581783,44.85,86.77,29.05,27.38,260
2024-11-22,90.677,94.2864,89.522,90.0002,4195570,45.33,86.77,29.05,28.22,260
2024-11-29,90.3341,92.3192,88.6918,90.5506,3525923,45.96,86.77,29.05,29.3,260
2024-12-06,91.0018,92.7298,88.9354,90.2348,3519593,45.64,86.77,29.05,28.74,260
2024-12-13,94.4758,97.21,89.4202,90.2348,4686807,45.64,86.77,29.05,28.74,260
2024-12-20,89.8558,90.0543,82.249,83.9274,4570488,39.26,86.77,29.05,17.69,260
2024-12-27,83.8011,85.6328,83.2108,84.1079,1938687,39.52,86.77,29.05,18.14,260
2025-01-03,83.016,84.2658,81.8971,83.025,2740904,38.45,86.77,29.05,16.3,260
2025-01-10,84.7666,87.618,83.6838,85.3712,4302996,42.1,86.77,29.05,22.61,260
2025-01-17,84.5681,90.2023,84.5139,88.5384,3563227,46.68,86.77,29.05,30.56,260
2025-01-24,89.3325,89.7295,84.5771,87.0766,5269528,44.92,86.77,29.05,27.49,260
2025-01-31,85.326,85.5606,81.2564,82.6731,7351491,40.0,86.77,29.05,18.97,260
2025-02-07,81.2113,89.9551,79.542,87.2751,6965283,46.58,86.77,29.05,30.38,260
2025-02-14,88.6377,91.0162,83.7016,88.4386,7141145,48.13,86.77,29.05,33.06,260
2025-02-21,88.3477,89.7181,84.1472,84.4744,4288331,43.5,86.77,29.05,25.04,260
2025-02-28,84.338,86.8656,79.6193,80.8558,6183335,39.74,86.77,29.05,18.53,260
2025-03-07,83.4743,84.0926,76.6734,82.7015,7945139,42.47,86.77,29.05,23.26,260
2025-03-14,80.1466,87.5294,78.7555,87.4021,8416404,48.83,86.77,32.25,30.42,260
2025-03-21,88.1658,92.3936,87.2839,91.2935,10033852,53.42,86.77,32.83,38.17,260
2025-03-28,92.3936,94.2575,85.3745,85.5928,9420310,46.8,86.77,33.52,24.94,260
2025-04-04,82.8197,85.9019,70.3999,71.2727,8254140,35.05,86.77,33.52,2.87,260
2025-04-11,68.5178,77.9009,68.0451,76.9462,11706172,41.33,86.77,33.52,14.67,260
2025-04-17,78.0372,80.7558,77.4099,78.4282,6030598,42.89,86.77,33.52,17.59,260
2025-04-25,79.0646,87.6612,77.2551,85.72,6706224,49.92,86.77,33.52,30.8,260
2025-05-02,85.7382,86.6202,79.201,83.3357,6144268,47.84,86.77,33.52,26.91,260
2025-05-09,83.1785,83.8694,80.0537,82.6331,5031841,47.22,86.77,33.52,25.74,260
2025-05-16,85.8689,87.0892,81.8565,83.9366,5115994,48.56,86.77,33.52,28.25,260
2025-05-23,82.4944,85.8042,82.3372,85.3696,4632635,50.06,86.77,33.52,31.06,260
2025-05-30,85.3696,87.1817,82.8087,84.0476,4067138,48.65,86.77,33.52,28.42,260
2025-06-06,85.9428,90.2788,83.9578,88.4205,6032435,53.33,86.77,33.52,37.2,260
2025-06-13,89.1047,91.1478,86.516,87.607,5584665,52.37,86.77,33.52,35.41,260
2025-06-20,88.7534,90.0477,85.9336,86.4051,9377376,50.92,86.77,33.52,32.68,260
2025-06-27,86.026,97.6102,85.8689,94.7719,8912265,59.36,86.77,33.52,48.54,260
2025-07-03,94.4206,98.7751,92.8351,97.8691,5743540,61.97,86.77,33.52,53.44,260
2025-07-11,96.5054,101.1418,91.5085,93.9399,12281997,56.98,86.77,33.52,44.05,260
2025-07-18,92.7935,93.436,88.1247,89.1601,5954257,51.53,86.77,33.52,33.83,260
2025-07-25,90.6024,93.2557,89.983,90.778,5735900,53.16,86.77,33.52,36.9,260
2025-08-01,91.7395,92.1555,82.0321,84.741,13165854,46.83,86.77,33.52,25.0,260
2025-08-08,85.3234,93.5054,84.9767,92.5439,5486477,54.39,86.77,33.52,39.2,260
2025-08-15,91.6933,93.1078,88.5777,90.2665,5174739,52.07,86.77,33.52,34.83,260
2025-08-22,90.2759,91.9001,87.1547,91.8389,4924389,53.54,86.77,33.52,37.61,260
2025-08-29,92.0931,92.498,89.4474,90.4736,4344095,52.04,86.77,33.52,34.79,260
2025-09-05,89.4474,97.5918,87.5125,96.9609,4843383,58.06,86.77,33.52,46.09,260
2025-09-12,97.3281,100.9813,94.0327,99.9739,6993791,60.53,86.77,33.52,50.74,260
2025-09-19,100.3976,104.5593,98.9552,103.5612,9282033,63.31,86.77,33.52,55.95,260
2025-09-26,104.0791,114.3843,103.1846,110.1615,12937040,67.8,86.77,33.52,64.38,260
2025-10-03,113.6546,122.2416,112.1482,120.7916,9387216,73.44,86.77,33.52,74.97,260
2025-10-10,122.9572,128.517,117.515,117.788,12159383,69.72,86.77,33.52,67.99,260
2025-10-17,123.6068,128.211,120.0594,122.2228,8245576,71.98,86.77,33.52,72.23,260
2025-10-24,124.7555,127.3448,117.9164,121.7802,6267475,71.41,86.77,33.52,71.15,260
2025-10-31,123.3432,136.346,122.7029,130.6873,8033032,75.6,86.77,33.52,79.03,260
2025-11-07,130.6873,130.6873,122.4111,128.6253,7717179,72.93,86.77,33.52,74.02,260
2025-11-14,131.9772,133.8033,121.4414,124.8519,4827168,68.19,86.77,33.52,65.11,260
2025-11-21,124.1927,124.9856,113.9229,118.1646,7594514,60.66,86.77,33.52,50.97,260
2025-11-28,118.8238,129.4279,118.8238,128.7592,4504237,66.9,86.77,33.52,62.69,260
2025-12-05,130.2972,137.8061,127.3041,134.1377,5385480,69.54,86.77,33.52,67.64,260
2025-12-12,134.7013,143.0604,131.2239,136.0483,5645459,70.44,86.77,33.52,69.34,260
2025-12-19,138.9525,139.8505,133.4212,137.5673,5655934,71.17,86.77,33.52,70.71,260
2025-12-26,140.3091,145.3914,139.1531,142.8407,3345052,73.61,86.77,33.52,75.29,260
2026-01-02,139.2391,142.5867,135.6566,142.0478,4077699,72.61,80.8,33.52,82.68,260
2026-01-09,146.5856,163.4376,144.8278,162.9026,10602716,80.2,80.8,33.52,98.71,260
2026-01-16,165.1572,175.9428,164.8228,172.8667,11604660,82.67,82.67,33.52,100.0,260
2026-01-23,173.7742,182.6779,166.657,176.067,10620220,83.38,83.38,33.52,100.0,260
2026-01-30,180.6048,209.0354,178.4267,181.8181,17638359,84.61,84.61,33.52,100.0,260
2026-02-06,181.0347,206.0643,177.3664,191.1039,15741749,86.37,86.37,33.52,100.0,260
2026-02-13,192.021,202.8535,182.0262,191.6269,8351187,86.46,86.46,33.52,100.0,260
2026-02-20,185.1522,194.7239,175.7548,194.54,5593486,87.0,87.0,33.52,100.0,260
2026-02-27,193.7948,216.6787,193.1463,211.2735,9508087,89.56,89.56,33.52,100.0,260
2026-03-06,211.6412,214.3753,176.8774,179.0163,9539820,63.58,89.56,33.52,53.65,260
2026-03-13,173.2384,193.8045,165.2927,165.3314,9349537,56.14,89.56,33.52,40.37,260
2026-03-20,169.5898,174.1579,146.4978,147.7947,11331898,48.34,89.56,33.52,26.45,260
2026-03-27,152.1982,162.2344,148.2592,156.8534,9347755,52.05,89.56,33.52,33.06,260
2026-04-02,161.2376,175.4354,152.1208,172.1061,6660749,57.57,89.56,33.52,42.92,260
2026-04-10,170.8189,190.059,165.3798,186.362,6243528,61.98,89.56,33.52,50.79,260
2026-04-17,183.8747,192.5269,180.9132,188.0653,6868317,62.48,89.56,33.52,51.68,260
2026-04-24,183.9521,188.5105,173.9808,174.6224,7102935,56.18,89.56,33.52,40.44,260
2026-05-01,174.2063,176.0451,161.1215,165.6702,7296650,52.39,89.56,33.52,33.68,260
2026-05-08,163.6377,182.3649,160.5504,179.326,6158220,57.14,89.56,33.52,42.15,260
2026-05-15,182.3746,191.5303,171.574,173.7013,8245351,54.72,89.56,33.52,37.83,260
2026-05-22,175.411,178.6634,162.3525,176.541,5778190,55.74,89.56,33.52,39.65,260
2026-05-29,181.277,192.4785,180.3632,187.9685,4897915,59.67,89.56,33.52,46.67,260
2026-06-05,185.6201,199.6465,169.2993,169.9577,6565375,51.85,89.56,33.52,32.71,260
2026-06-12,173.6031,187.1529,162.6178,186.4847,7573841,57.37,89.56,33.52,42.57,260
2026-06-18,196.5169,199.4647,186.0917,189.5701,6657936,58.33,89.56,33.52,44.28,260
2026-06-26,187.0153,188.617,166.7446,168.2775,7666418,49.96,89.56,33.52,29.35,260
2026-07-02,168.0023,172.8268,163.0992,169.0144,5319214,50.23,89.56,33.52,29.82,260
2026-07-10,172.7187,174.0305,158.4811,172.7679,4515447,51.64,89.56,33.52,32.34,260
2026-07-17,170.9697,181.7782,166.1059,169.4762,6376197,50.29,89.56,33.52,29.94,260
2026-07-24,170.9796,193.0091,170.6602,176.1676,6497420,52.98,89.56,33.52,34.73,260
2026-07-31,175.018,182.4463,168.022,179.528,5339896,54.31,89.56,33.52,37.11,260
2026-08-07,177.2681,198.3263,175.9514,195.5933,5334203,60.14,89.56,33.52,47.5,260
2026-08-14,195.6817,201.1744,184.075,184.61,5334228,54.98,89.56,33.52,38.29,260
2026-08-21,190.96,217.16,185.47,216.0,6403537,64.38,89.56,33.52,55.08,260
2026-08-28,219.0,220.78,209.57,209.8,5666945,61.64,89.56,33.52,50.19,260
2026-09-04,212.55,213.04,196.1,198.76,5175059,56.99,89.56,33.52,41.89,260
2026-09-11,206.68,213.834,192.1,193.49,5736062,54.87,89.56,33.52,38.1,260
