Semana,Open,High,Low,Close,Volume,RSI,RSI_max_5a,RSI_min_5a,Posicion,Semanas_ventana
1974-07-26,0.3862,0.4088,0.3862,0.3862,49856,,,,,0
1974-08-02,0.3862,0.3933,0.3416,0.3713,858480,,,,,0
1974-08-09,0.3565,0.3785,0.3416,0.3713,264880,,,,,0
1974-08-16,0.3713,0.3785,0.3416,0.3565,495440,,,,,0
1974-08-23,0.3565,0.3713,0.3339,0.3416,570160,,,,,0
1974-08-30,0.3416,0.3713,0.3416,0.3713,561680,,,,,0
1974-09-06,0.3713,0.3785,0.3416,0.3713,313200,,,,,0
1974-09-13,0.3565,0.3565,0.3339,0.3416,591200,,,,,0
1974-09-20,0.3416,0.3487,0.3339,0.3416,441040,,,,,0
1974-09-27,0.3416,0.3487,0.3339,0.3416,267680,,,,,0
1974-10-04,0.3339,0.3339,0.2971,0.3048,456480,,,,,0
1974-10-11,0.3048,0.3339,0.2971,0.3196,588080,,,,,0
1974-10-18,0.3196,0.3339,0.2971,0.2971,572400,,,,,0
1974-10-25,0.2971,0.2971,0.2751,0.2822,322880,,,,,0
1974-11-01,0.2751,0.2971,0.2602,0.2751,375760,22.26,22.26,22.26,,1
1974-11-08,0.2751,0.3048,0.2751,0.2971,360160,30.48,30.48,22.26,100.0,2
1974-11-15,0.3048,0.3339,0.2971,0.3048,248480,33.15,33.15,22.26,100.0,3
1974-11-22,0.2971,0.2971,0.2751,0.2971,200160,31.83,33.15,22.26,87.9,4
1974-11-29,0.2971,0.3119,0.2971,0.2971,96320,31.83,33.15,22.26,87.9,5
1974-12-06,0.2971,0.2971,0.2751,0.2822,330320,29.24,33.15,22.26,64.09,6
1974-12-13,0.2822,0.2971,0.2751,0.2822,391520,29.24,33.15,22.26,64.09,7
1974-12-20,0.2822,0.3339,0.2822,0.3339,457200,46.75,46.75,22.26,100.0,8
1974-12-27,0.3339,0.3416,0.3119,0.3416,125040,48.79,48.79,22.26,100.0,9
1975-01-03,0.3339,0.3416,0.3119,0.3339,117920,46.86,48.79,22.26,92.72,10
1975-01-10,0.3339,0.3416,0.2971,0.3048,208560,40.37,48.79,22.26,68.25,11
1975-01-17,0.3048,0.3196,0.3048,0.3048,218800,40.37,48.79,22.26,68.25,12
1975-01-24,0.3048,0.3196,0.2971,0.3196,649920,44.88,48.79,22.26,85.28,13
1975-01-31,0.3416,0.3785,0.3416,0.3565,1279360,54.16,54.16,22.26,100.0,14
1975-02-07,0.3713,0.4753,0.3713,0.4533,1767680,68.95,68.95,22.26,100.0,15
1975-02-14,0.4533,0.4753,0.4533,0.4604,1153360,69.73,69.73,22.26,100.0,16
1975-02-21,0.4533,0.4753,0.4307,0.4753,932320,71.33,71.33,22.26,100.0,17
1975-02-28,0.4902,0.5199,0.4902,0.4973,809520,73.56,73.56,22.26,100.0,18
1975-03-07,0.4973,0.5941,0.4973,0.5941,2189760,80.7,80.7,22.26,100.0,19
1975-03-14,0.6018,0.6167,0.5418,0.5793,1588160,77.25,80.7,22.26,94.11,20
1975-03-21,0.5793,0.609,0.5567,0.5644,938320,73.86,80.7,22.26,88.3,21
1975-03-27,0.5567,0.5941,0.5199,0.5715,644160,74.44,80.7,22.26,89.29,22
1975-04-04,0.5941,0.6018,0.5644,0.5644,595360,72.7,80.7,22.26,86.32,23
1975-04-11,0.5567,0.6018,0.5567,0.6018,423760,75.89,80.7,22.26,91.77,24
1975-04-18,0.6018,0.6387,0.5793,0.6167,1143680,77.03,80.7,22.26,93.73,25
1975-04-25,0.6167,0.6387,0.6018,0.6387,453280,78.65,80.7,22.26,96.49,26
1975-05-02,0.6387,0.6464,0.6238,0.6387,411280,78.65,80.7,22.26,96.49,27
1975-05-09,0.6387,0.6684,0.6238,0.6535,533120,79.76,80.7,22.26,98.4,28
1975-05-16,0.6535,0.6684,0.6464,0.6684,396000,80.84,80.84,22.26,100.0,29
1975-05-23,0.6684,0.6684,0.6238,0.6464,534480,74.51,80.84,22.26,89.2,30
1975-05-30,0.6464,0.6535,0.6167,0.6238,334160,68.58,80.84,22.26,79.07,31
1975-06-06,0.6387,0.6904,0.6387,0.6832,742320,74.37,80.84,22.26,88.95,32
1975-06-13,0.6832,0.6832,0.6684,0.6832,383840,74.37,80.84,22.26,88.95,33
1975-06-20,0.6832,0.7278,0.6684,0.7201,959920,77.36,80.84,22.26,94.06,34
1975-06-27,0.7201,0.7872,0.7201,0.7575,980720,79.93,80.84,22.26,98.45,35
1975-07-03,0.7575,0.7801,0.7504,0.7504,483600,78.11,80.84,22.26,95.34,36
1975-07-11,0.7504,0.7504,0.7201,0.7278,372000,72.49,80.84,22.26,85.75,37
1975-07-18,0.7278,0.7504,0.6832,0.7052,938560,67.28,80.84,22.26,76.85,38
1975-07-25,0.6904,0.6904,0.6535,0.6535,616240,57.14,80.84,22.26,59.55,39
1975-08-01,0.6535,0.6684,0.6387,0.6464,267520,55.89,80.84,22.26,57.41,40
1975-08-08,0.6535,0.6684,0.6238,0.6464,240720,55.89,80.84,22.26,57.41,41
1975-08-15,0.6464,0.6684,0.6387,0.6535,341200,56.98,80.84,22.26,59.28,42
1975-08-22,0.6535,0.6684,0.6018,0.6018,994880,47.75,80.84,22.26,43.52,43
1975-08-29,0.6018,0.6387,0.5793,0.6387,558480,53.53,80.84,22.26,53.38,44
1975-09-05,0.6387,0.6387,0.6018,0.609,254480,48.84,80.84,22.26,45.38,45
1975-09-12,0.609,0.6167,0.4902,0.5418,2486000,40.26,80.84,22.26,30.72,46
1975-09-19,0.5418,0.5418,0.505,0.5199,202160,37.91,80.84,22.26,26.71,47
1975-09-26,0.4973,0.5199,0.4902,0.505,380800,36.36,80.84,22.26,24.08,48
1975-10-03,0.505,0.505,0.4533,0.505,349600,36.36,80.84,22.26,24.08,49
1975-10-10,0.505,0.5567,0.4973,0.5418,406400,43.04,80.84,22.26,35.47,50
1975-10-17,0.5567,0.5715,0.5567,0.5644,540880,46.72,80.84,22.26,41.77,51
1975-10-24,0.5644,0.5793,0.5567,0.5644,193440,46.72,80.84,22.26,41.77,52
1975-10-31,0.5644,0.6018,0.5567,0.6018,374400,52.62,80.84,22.26,51.83,53
1975-11-07,0.6018,0.6018,0.5793,0.5941,403600,51.36,80.84,22.26,49.68,54
1975-11-14,0.6018,0.6238,0.6018,0.6018,464880,52.58,80.84,22.26,51.77,55
1975-11-21,0.6018,0.6018,0.5941,0.5941,162320,51.19,80.84,22.26,49.4,56
1975-11-28,0.5941,0.6238,0.5941,0.6238,145520,56.01,80.84,22.26,57.62,57
1975-12-05,0.6167,0.6238,0.5793,0.5793,623280,48.31,80.84,22.26,44.47,58
1975-12-12,0.5793,0.6018,0.5644,0.5715,343520,47.1,80.84,22.26,42.41,59
1975-12-19,0.5715,0.5715,0.5347,0.5418,1684080,42.68,80.84,22.26,34.86,60
1975-12-26,0.5418,0.5418,0.5199,0.5418,204320,42.68,80.84,22.26,34.86,61
1976-01-02,0.5418,0.5567,0.5347,0.5567,196160,45.64,80.84,22.26,39.91,62
1976-01-09,0.5567,0.6018,0.5567,0.5941,514960,52.32,80.84,22.26,51.32,63
1976-01-16,0.5941,0.6018,0.5793,0.5941,341600,52.32,80.84,22.26,51.32,64
1976-01-23,0.5941,0.609,0.5941,0.6018,889040,53.68,80.84,22.26,53.64,65
1976-01-30,0.6018,0.609,0.6018,0.6018,354480,53.68,80.84,22.26,53.64,66
1976-02-06,0.6238,0.6959,0.6238,0.6498,853200,61.59,80.84,22.26,67.14,67
1976-02-13,0.6498,0.6684,0.6402,0.6498,612500,61.59,80.84,22.26,67.14,68
1976-02-20,0.6498,0.6498,0.6313,0.6402,597300,59.23,80.84,22.26,63.11,69
1976-02-27,0.6402,0.6498,0.6313,0.6402,864600,59.23,80.84,22.26,63.11,70
1976-03-05,0.6402,0.6498,0.6223,0.6223,533400,54.74,80.84,22.26,55.45,71
1976-03-12,0.6223,0.7427,0.6223,0.7055,2562800,67.23,80.84,22.26,76.76,72
1976-03-19,0.7055,0.7241,0.7055,0.7152,855800,68.32,80.84,22.26,78.63,73
1976-03-26,0.7152,0.7337,0.7055,0.7152,598700,68.32,80.84,22.26,78.63,74
1976-04-02,0.7055,0.7055,0.6498,0.6498,1032900,54.15,80.84,22.26,54.44,75
1976-04-09,0.6498,0.678,0.6402,0.6402,529600,52.42,80.84,22.26,51.48,76
1976-04-15,0.6402,0.6402,0.6223,0.6313,491200,50.8,80.84,22.26,48.73,77
1976-04-23,0.6402,0.678,0.6402,0.678,851000,58.1,80.84,22.26,61.18,78
1976-04-30,0.678,0.6959,0.6498,0.678,616100,58.1,80.84,22.26,61.18,79
1976-05-07,0.6684,0.7055,0.6498,0.7055,706400,61.94,80.84,22.26,67.74,80
1976-05-14,0.7055,0.7427,0.6959,0.7241,987300,64.32,80.84,22.26,71.8,81
1976-05-21,0.7241,0.7516,0.6959,0.7337,1601100,65.53,80.84,22.26,73.86,82
1976-05-28,0.7337,0.7337,0.6959,0.7241,512900,63.22,80.84,22.26,69.93,83
1976-06-04,0.7241,0.7241,0.678,0.678,496400,53.55,80.84,22.26,53.42,84
1976-06-11,0.678,0.6959,0.678,0.678,483700,53.55,80.84,22.26,53.42,85
1976-06-18,0.678,0.7427,0.678,0.7241,1354500,60.55,80.84,22.26,65.37,86
1976-06-25,0.7241,0.7337,0.7055,0.7241,516400,60.55,80.84,22.26,65.37,87
1976-07-02,0.7241,0.7337,0.7152,0.7241,763500,60.55,80.84,22.26,65.37,88
1976-07-09,0.7241,0.7241,0.6959,0.7055,283200,56.28,80.84,22.26,58.08,89
1976-07-16,0.7055,0.7241,0.6959,0.6959,1095300,54.14,80.84,22.26,54.43,90
1976-07-23,0.7241,0.7516,0.7152,0.7152,1200500,57.61,80.84,22.26,60.35,91
1976-07-30,0.7152,0.7337,0.6959,0.7152,217600,57.61,80.84,22.26,60.35,92
1976-08-06,0.7152,0.7241,0.678,0.7055,454100,55.19,80.84,22.26,56.21,93
1976-08-13,0.7055,0.7152,0.6959,0.7055,660700,55.19,80.84,22.26,56.21,94
1976-08-20,0.7055,0.7241,0.678,0.6959,367900,52.62,80.84,22.26,51.84,95
1976-08-27,0.6959,0.6959,0.6498,0.6498,507100,42.48,80.84,22.26,34.53,96
1976-09-03,0.6498,0.6959,0.6498,0.6959,582900,52.37,80.84,22.26,51.4,97
1976-09-10,0.678,0.678,0.6498,0.6684,163000,47.16,80.84,22.26,42.51,98
1976-09-17,0.6498,0.678,0.6402,0.6684,728300,47.16,80.84,22.26,42.51,99
1976-09-24,0.678,0.7241,0.678,0.6959,1110100,52.62,80.84,22.26,51.84,100
1976-10-01,0.6959,0.7055,0.6684,0.6684,404800,47.35,80.84,22.26,42.83,101
1976-10-08,0.6684,0.678,0.6223,0.6498,460800,44.13,80.84,22.26,37.34,102
1976-10-15,0.6498,0.6684,0.6402,0.6498,491100,44.13,80.84,22.26,37.34,103
1976-10-22,0.6498,0.6498,0.6223,0.6223,312200,39.52,80.84,22.26,29.47,104
1976-10-29,0.6223,0.6402,0.6127,0.6313,280200,41.65,80.84,22.26,33.11,105
1976-11-05,0.6313,0.6313,0.603,0.603,391200,37.19,80.84,22.26,25.49,106
1976-11-12,0.5941,0.5941,0.5666,0.5941,638400,35.88,80.84,22.26,23.25,107
1976-11-19,0.5852,0.5852,0.557,0.5666,453500,32.13,80.84,22.26,16.85,108
1976-11-26,0.5666,0.603,0.5473,0.603,555300,40.94,80.84,22.26,31.88,109
1976-12-03,0.5941,0.6313,0.5666,0.6313,898900,46.71,80.84,22.26,41.74,110
1976-12-10,0.6402,0.7152,0.6402,0.7055,1366600,58.28,80.84,22.26,61.48,111
1976-12-17,0.7055,0.7427,0.6684,0.678,747600,53.64,80.84,22.26,53.57,112
1976-12-23,0.678,0.7241,0.6684,0.7152,1540000,58.45,80.84,22.26,61.78,113
1976-12-31,0.7055,0.7055,0.6684,0.678,933700,52.57,80.84,22.26,51.75,114
1977-01-07,0.678,0.6959,0.6498,0.6498,545400,48.58,80.84,22.26,44.93,115
1977-01-14,0.6498,0.6684,0.6313,0.6402,1425700,47.25,80.84,22.26,42.67,116
1977-01-21,0.6402,0.6402,0.6127,0.6402,559900,47.25,80.84,22.26,42.67,117
1977-01-28,0.6402,0.6498,0.6223,0.6313,1348600,45.91,80.84,22.26,40.38,118
1977-02-04,0.6223,0.678,0.603,0.6684,1386600,52.02,80.84,22.26,50.8,119
1977-02-11,0.6684,0.678,0.6498,0.6684,776700,52.02,80.84,22.26,50.8,120
1977-02-18,0.6498,0.6684,0.6498,0.6498,617400,48.82,80.84,22.26,45.35,121
1977-02-25,0.6684,0.7152,0.6684,0.7152,1184600,58.49,80.84,22.26,61.84,122
1977-03-04,0.7152,0.7241,0.678,0.678,973100,52.43,80.84,22.26,51.5,123
1977-03-11,0.678,0.7337,0.678,0.7337,703400,59.25,80.84,22.26,63.14,124
1977-03-18,0.7337,0.7798,0.7241,0.7798,2038600,63.86,80.84,22.26,71.01,125
1977-03-25,0.7798,0.7894,0.7427,0.7612,3074100,60.87,80.84,22.26,65.91,126
1977-04-01,0.7612,0.7612,0.7241,0.7337,1350500,56.64,80.84,22.26,58.69,127
1977-04-07,0.7241,0.7241,0.678,0.7152,511100,53.91,80.84,22.26,54.04,128
1977-04-15,0.7241,0.7709,0.7241,0.7427,1190700,57.2,80.84,22.26,59.64,129
1977-04-22,0.7427,0.7427,0.6959,0.7055,746000,51.82,80.84,22.26,50.47,130
1977-04-29,0.7055,0.7241,0.678,0.7241,765300,54.14,80.84,22.26,54.43,131
1977-05-06,0.7241,0.7241,0.7055,0.7241,786000,54.14,80.84,22.26,54.43,132
1977-05-13,0.7152,0.7152,0.6498,0.6684,2573000,46.38,80.84,22.26,41.17,133
1977-05-20,0.6684,0.678,0.6498,0.678,1151800,47.77,80.84,22.26,43.56,134
1977-05-27,0.6684,0.6684,0.6498,0.6684,690500,46.47,80.84,22.26,41.33,135
1977-06-03,0.6684,0.678,0.6498,0.6498,587100,43.98,80.84,22.26,37.08,136
1977-06-10,0.6498,0.6498,0.6402,0.6498,609300,43.98,80.84,22.26,37.08,137
1977-06-17,0.6498,0.7152,0.6498,0.7055,474000,52.78,80.84,22.26,52.1,138
1977-06-24,0.7055,0.7152,0.6498,0.678,2546100,48.71,80.84,22.26,45.16,139
1977-07-01,0.678,0.678,0.6498,0.678,526200,48.71,80.84,22.26,45.16,140
1977-07-08,0.678,0.678,0.6498,0.6684,477400,47.23,80.84,22.26,42.63,141
1977-07-15,0.6684,0.678,0.6402,0.6498,393100,44.43,80.84,22.26,37.85,142
1977-07-22,0.6498,0.6498,0.6313,0.6402,308000,43.0,80.84,22.26,35.42,143
1977-07-29,0.6402,0.6498,0.6127,0.6223,381200,40.42,80.84,22.26,31.01,144
1977-08-05,0.6223,0.6402,0.6127,0.6223,299000,40.42,80.84,22.26,31.01,145
1977-08-12,0.6223,0.6313,0.6223,0.6313,272600,42.43,80.84,22.26,34.43,146
1977-08-19,0.6313,0.6498,0.6313,0.6402,176000,44.44,80.84,22.26,37.87,147
1977-08-26,0.6402,0.6498,0.6223,0.6223,209400,41.33,80.84,22.26,32.55,148
1977-09-02,0.6223,0.6402,0.6127,0.6223,839300,41.33,80.84,22.26,32.55,149
1977-09-09,0.6223,0.6498,0.6223,0.6223,332000,41.33,80.84,22.26,32.55,150
1977-09-16,0.6498,0.6498,0.6498,0.6498,469800,48.3,80.84,22.26,44.46,151
1977-09-23,0.6313,0.6402,0.603,0.6127,770500,41.18,80.84,22.26,32.3,152
1977-09-30,0.6127,0.6223,0.603,0.6223,1803900,43.51,80.84,22.26,36.28,153
1977-10-07,0.6223,0.6223,0.5852,0.5941,1727200,38.68,80.84,22.26,28.04,154
1977-10-14,0.5941,0.603,0.5852,0.5941,914500,38.68,80.84,22.26,28.04,155
1977-10-21,0.5941,0.6223,0.5852,0.603,464700,41.08,80.84,22.26,32.13,156
1977-10-28,0.603,0.6127,0.5852,0.5941,394400,39.42,80.84,22.26,29.3,157
1977-11-04,0.5941,0.6127,0.5852,0.5852,409600,37.78,80.84,22.26,26.49,158
1977-11-11,0.5852,0.5852,0.5666,0.5852,2115500,37.78,80.84,22.26,26.49,159
1977-11-18,0.5852,0.5852,0.557,0.5666,847200,34.32,80.84,22.26,20.6,160
1977-11-25,0.5666,0.5756,0.5473,0.557,478200,32.65,80.84,22.26,17.75,161
1977-12-02,0.557,0.5756,0.5473,0.5473,373700,31.02,80.84,22.26,14.97,162
1977-12-09,0.5473,0.5473,0.5013,0.5199,654900,26.91,80.84,22.26,7.95,163
1977-12-16,0.5199,0.5199,0.5013,0.5013,1386400,24.55,80.84,22.26,3.91,164
1977-12-23,0.5013,0.5295,0.4916,0.5295,526700,34.04,80.84,22.26,20.12,165
1977-12-30,0.5295,0.5384,0.5199,0.5295,171800,34.04,80.84,22.26,20.12,166
1978-01-06,0.5295,0.5384,0.5013,0.5199,534600,32.42,80.84,22.26,17.35,167
1978-01-13,0.5199,0.5756,0.5013,0.5666,602100,45.86,80.84,22.26,40.29,168
1978-01-20,0.5666,0.5852,0.5473,0.557,404700,43.92,80.84,22.26,36.98,169
1978-01-27,0.557,0.557,0.5295,0.5384,1107200,40.38,80.84,22.26,30.94,170
1978-02-03,0.5384,0.5666,0.5384,0.5666,1231400,47.33,80.84,22.26,42.8,171
1978-02-10,0.5666,0.5941,0.557,0.5756,524700,49.34,80.84,22.26,46.22,172
1978-02-17,0.5756,0.5941,0.5384,0.557,691500,45.45,80.84,22.26,39.59,173
1978-02-24,0.5473,0.5666,0.5384,0.557,395000,45.45,80.84,22.26,39.59,174
1978-03-03,0.5666,0.5852,0.5473,0.5756,1049300,50.02,80.84,22.26,47.38,175
1978-03-10,0.557,0.5756,0.5473,0.5666,718800,47.94,80.84,22.26,43.84,176
1978-03-17,0.5666,0.5852,0.5199,0.5473,3289100,43.71,80.84,22.26,36.62,177
1978-03-23,0.5384,0.5473,0.5295,0.5473,338400,43.71,80.84,22.26,36.62,178
1978-03-31,0.5473,0.5756,0.5384,0.5666,1108900,48.94,80.84,22.26,45.54,179
1978-04-07,0.5666,0.5852,0.5666,0.5756,655700,51.19,80.84,22.26,49.39,180
1978-04-14,0.5852,0.6127,0.5756,0.6127,2098700,59.25,80.84,22.26,63.15,181
1978-04-21,0.6313,0.6498,0.6313,0.6498,2148100,65.41,80.84,22.26,73.66,182
1978-04-28,0.6313,0.6402,0.603,0.603,292300,54.28,80.84,22.26,54.67,183
1978-05-05,0.6127,0.6223,0.5941,0.603,736900,54.28,80.84,22.26,54.67,184
1978-05-12,0.603,0.603,0.5852,0.5941,314200,52.32,80.84,22.26,51.31,185
1978-05-19,0.5941,0.5941,0.5666,0.5666,271800,46.7,80.84,22.26,41.73,186
1978-05-26,0.5666,0.5756,0.557,0.5666,170800,46.7,80.84,22.26,41.73,187
1978-06-02,0.5756,0.5941,0.5756,0.5756,207700,48.77,80.84,22.26,45.26,188
1978-06-09,0.5756,0.6127,0.5756,0.5852,593800,50.99,80.84,22.26,49.04,189
1978-06-16,0.5852,0.603,0.5756,0.5756,369600,48.72,80.84,22.26,45.17,190
1978-06-23,0.5852,0.6127,0.5756,0.5941,471700,53.05,80.84,22.26,52.56,191
1978-06-30,0.5941,0.6402,0.5852,0.6223,519000,58.76,80.84,22.26,62.3,192
1978-07-07,0.6223,0.6223,0.603,0.6127,159000,56.24,80.84,22.26,58.0,193
1978-07-14,0.6127,0.6127,0.603,0.603,184000,53.76,80.84,22.26,53.77,194
1978-07-21,0.603,0.6127,0.5941,0.5941,247000,51.5,80.84,22.26,49.91,195
1978-07-28,0.603,0.6127,0.5941,0.603,301000,53.6,80.84,22.26,53.5,196
1978-08-04,0.603,0.6223,0.5941,0.603,402000,53.6,80.84,22.26,53.5,197
1978-08-11,0.603,0.6127,0.5852,0.5941,719300,51.04,80.84,22.26,49.13,198
1978-08-18,0.5941,0.6127,0.5941,0.603,325800,53.43,80.84,22.26,53.22,199
1978-08-25,0.603,0.6223,0.5756,0.5852,1308200,48.34,80.84,22.26,44.52,200
1978-09-01,0.5852,0.5852,0.5756,0.5756,351100,45.79,80.84,22.26,40.17,201
1978-09-08,0.5756,0.5852,0.5756,0.5756,111800,45.79,80.84,22.26,40.17,202
1978-09-15,0.5756,0.5852,0.5666,0.5852,362800,48.91,80.84,22.26,45.5,203
1978-09-22,0.5852,0.5941,0.5756,0.5852,309100,48.91,80.84,22.26,45.5,204
1978-09-29,0.5941,0.603,0.5852,0.5852,277200,48.91,80.84,22.26,45.5,205
1978-10-06,0.5852,0.5941,0.5756,0.5852,315900,48.91,80.84,22.26,45.5,206
1978-10-13,0.5756,0.5756,0.557,0.557,53100,39.88,80.84,22.26,30.08,207
1978-10-20,0.557,0.5666,0.557,0.557,111300,39.88,80.84,22.26,30.08,208
1978-10-27,0.557,0.5666,0.5473,0.557,194800,39.88,80.84,22.26,30.08,209
1978-11-03,0.5666,0.5756,0.5384,0.557,229200,39.88,80.84,22.26,30.08,210
1978-11-10,0.5756,0.5852,0.557,0.5666,777900,44.59,80.84,22.26,38.12,211
1978-11-17,0.557,0.5941,0.5473,0.5941,195000,55.31,80.84,22.26,56.43,212
1978-11-24,0.5941,0.5941,0.5756,0.5756,115900,48.48,80.84,22.26,44.77,213
1978-12-01,0.5756,0.5852,0.5295,0.5756,314400,48.48,80.84,22.26,44.77,214
1978-12-08,0.5756,0.5756,0.5666,0.5666,72500,45.37,80.84,22.26,39.45,215
1978-12-15,0.5666,0.5756,0.5666,0.5666,123800,45.37,80.84,22.26,39.45,216
1978-12-22,0.5666,0.5852,0.557,0.5666,206700,45.37,80.84,22.26,39.45,217
1978-12-29,0.5756,0.6313,0.5756,0.6223,979900,63.63,80.84,22.26,70.62,218
1979-01-05,0.6223,0.6498,0.6223,0.6498,144300,69.11,80.84,22.26,79.98,219
1979-01-12,0.6498,0.678,0.6498,0.6684,541400,72.17,80.84,22.26,85.19,220
1979-01-19,0.6498,0.6498,0.6402,0.6498,249000,65.22,80.84,22.26,73.34,221
1979-01-26,0.6402,0.6498,0.6313,0.6313,69300,59.1,80.84,22.26,62.88,222
1979-02-02,0.6223,0.6223,0.5941,0.5941,149400,49.15,80.84,22.26,45.91,223
1979-02-09,0.5941,0.5941,0.5756,0.5756,162800,45.07,80.84,22.26,38.95,224
1979-02-16,0.5756,0.6127,0.5756,0.5941,71600,49.58,80.84,22.26,46.64,225
1979-02-23,0.5941,0.6313,0.5941,0.6127,182100,53.68,80.84,22.26,53.63,226
1979-03-02,0.6127,0.6127,0.5852,0.5852,81400,47.52,80.84,22.26,43.13,227
1979-03-09,0.5941,0.6402,0.5852,0.6313,108300,56.52,80.84,22.26,58.48,228
1979-03-16,0.6402,0.6402,0.6127,0.6313,93100,56.52,80.84,22.26,58.48,229
1979-03-23,0.6402,0.6684,0.6402,0.6684,206100,62.53,80.84,22.26,68.74,230
1979-03-30,0.6684,0.6684,0.6402,0.6402,159000,56.17,80.84,22.26,57.9,231
1979-04-06,0.6313,0.6684,0.6223,0.6684,217300,60.5,80.84,22.26,65.27,232
1979-04-12,0.678,0.7798,0.6498,0.7427,1035800,69.13,80.84,22.26,80.0,233
1979-04-20,0.7709,0.7984,0.7516,0.7516,613400,69.97,80.84,22.26,81.45,234
1979-04-27,0.7516,0.7709,0.7241,0.7337,238300,66.07,80.84,22.26,74.78,235
1979-05-04,0.7241,0.7337,0.7055,0.7152,82400,62.17,80.84,22.26,68.14,236
1979-05-11,0.7152,0.7241,0.678,0.678,280400,55.17,80.84,22.26,56.18,237
1979-05-18,0.7152,0.7241,0.6959,0.6959,174000,57.64,80.84,22.26,60.39,238
1979-05-25,0.7152,0.7241,0.6959,0.7241,82500,61.27,80.84,22.26,66.59,239
1979-06-01,0.678,0.678,0.6498,0.6498,31100,49.29,80.84,22.26,46.14,240
1979-06-08,0.6498,0.7055,0.6498,0.7055,68500,56.21,80.84,22.26,57.95,241
1979-06-15,0.678,0.7241,0.6684,0.7241,110600,58.25,80.84,22.26,61.44,242
1979-06-22,0.7055,0.7152,0.678,0.7055,116300,55.46,80.84,22.26,56.68,243
1979-06-29,0.7055,0.7152,0.678,0.7055,169700,55.46,80.84,22.26,56.68,244
1979-07-06,0.6959,0.6959,0.6684,0.678,129500,51.25,80.84,22.26,49.49,245
1979-07-13,0.6498,0.6684,0.603,0.6127,140300,42.91,80.84,22.26,35.25,246
1979-07-20,0.6402,0.6498,0.6313,0.6402,38000,46.83,80.84,22.26,41.94,247
1979-07-27,0.6402,0.6684,0.6313,0.6498,137500,48.17,80.84,22.26,44.24,248
1979-08-03,0.6498,0.6498,0.6223,0.6498,35600,48.17,80.84,22.26,44.24,249
1979-08-10,0.6498,0.6498,0.6402,0.6498,50400,48.17,80.84,22.26,44.24,250
1979-08-17,0.6684,0.678,0.6498,0.6498,103700,48.17,80.84,22.26,44.24,251
1979-08-24,0.6498,0.6498,0.6313,0.6402,39600,46.59,80.84,22.26,41.53,252
1979-08-31,0.6313,0.6313,0.6223,0.6313,107600,45.11,80.84,22.26,39.01,253
1979-09-07,0.6223,0.6313,0.6127,0.6313,34200,45.11,80.84,22.26,39.01,254
1979-09-14,0.6313,0.6498,0.6223,0.6402,160700,47.06,80.84,22.26,42.33,255
1979-09-21,0.6402,0.6402,0.6223,0.6223,58700,43.72,80.84,22.26,36.63,256
1979-09-28,0.6223,0.6223,0.6127,0.6127,64200,41.98,80.84,22.26,33.67,257
1979-10-05,0.6127,0.6223,0.5852,0.5852,63700,37.42,80.84,22.26,25.89,258
1979-10-12,0.5852,0.5852,0.5384,0.5384,135300,31.21,80.84,22.26,15.28,259
1979-10-19,0.5473,0.5666,0.5295,0.5384,144400,31.21,80.84,22.26,15.28,260
1979-10-26,0.5384,0.5473,0.5199,0.5295,83500,30.1,80.84,24.55,9.87,260
1979-11-02,0.5384,0.5756,0.5295,0.5295,83700,30.1,80.84,24.55,9.87,260
1979-11-09,0.5295,0.5295,0.5013,0.5013,80900,26.64,80.84,24.55,3.72,260
1979-11-16,0.5199,0.5295,0.5013,0.5013,37100,26.64,80.84,24.55,3.72,260
1979-11-23,0.5013,0.5013,0.4916,0.5013,59900,26.64,80.84,24.55,3.72,260
1979-11-30,0.5013,0.5384,0.5013,0.5199,165700,32.97,80.84,24.55,14.97,260
1979-12-07,0.5295,0.5384,0.5199,0.5295,152600,36.07,80.84,24.55,20.46,260
1979-12-14,0.5384,0.5473,0.5199,0.5295,54200,36.07,80.84,24.55,20.46,260
1979-12-21,0.5295,0.5473,0.5199,0.5384,163200,39.07,80.84,24.55,25.81,260
1979-12-28,0.5384,0.5852,0.5384,0.5666,78600,47.5,80.84,24.55,40.77,260
1980-01-04,0.5666,0.5756,0.5473,0.5666,118000,47.5,80.84,24.55,40.77,260
1980-01-11,0.5666,0.5756,0.5473,0.557,220300,45.03,80.84,24.55,36.38,260
1980-01-18,0.557,0.5666,0.5295,0.5384,167600,40.65,80.84,24.55,28.61,260
1980-01-25,0.5384,0.5384,0.5295,0.5295,183900,38.7,80.84,24.55,25.15,260
1980-02-01,0.5295,0.5384,0.5295,0.5295,182200,38.7,80.84,24.55,25.15,260
1980-02-08,0.5295,0.5473,0.5199,0.5384,411200,41.93,80.84,24.55,30.88,260
1980-02-15,0.5384,0.5384,0.5013,0.5199,122200,37.5,80.84,24.55,23.02,260
1980-02-22,0.5199,0.5199,0.5013,0.5013,131700,33.68,80.84,24.55,16.22,260
1980-02-29,0.5013,0.5013,0.4738,0.4916,237800,31.86,80.84,24.55,12.98,260
1980-03-07,0.4916,0.5013,0.4642,0.4642,257100,27.33,80.84,24.55,4.94,260
1980-03-14,0.4456,0.4916,0.4456,0.4916,193100,36.98,80.84,24.55,22.08,260
1980-03-21,0.4916,0.5295,0.4916,0.5295,331600,47.35,80.84,24.55,40.51,260
1980-03-28,0.5199,0.5199,0.4642,0.5199,199000,45.3,80.84,24.55,36.87,260
1980-04-03,0.5199,0.557,0.4916,0.557,852600,53.61,80.84,24.55,51.63,260
1980-04-11,0.557,0.5941,0.5384,0.5941,1549100,60.13,80.84,24.55,63.21,260
1980-04-18,0.5852,0.5852,0.557,0.5756,1460200,55.9,80.84,24.55,55.7,260
1980-04-25,0.5756,0.6223,0.5756,0.6127,2651700,61.7,80.84,24.55,66.01,260
1980-05-02,0.6127,0.6223,0.5941,0.6127,1264900,61.7,80.84,24.55,66.01,260
1980-05-09,0.6127,0.6498,0.603,0.6498,1175600,66.78,79.93,24.55,76.25,260
1980-05-16,0.6498,0.678,0.6498,0.6498,2214200,66.78,79.93,24.55,76.25,260
1980-05-23,0.6498,0.678,0.6402,0.678,680800,70.25,79.93,24.55,82.52,260
1980-05-30,0.678,0.678,0.6684,0.6684,1294000,67.64,79.93,24.55,77.81,260
1980-06-06,0.6684,0.678,0.6498,0.678,546800,68.89,79.93,24.55,80.06,260
1980-06-13,0.678,0.7152,0.6684,0.7055,1225200,72.16,79.93,24.55,85.97,260
1980-06-20,0.7241,0.7612,0.7241,0.7516,2156600,76.61,78.11,24.55,97.19,260
1980-06-27,0.7709,0.7894,0.7516,0.7709,3142000,78.18,78.18,24.55,100.0,260
1980-07-03,0.7709,0.7709,0.7337,0.7427,1464800,70.7,78.18,24.55,86.05,260
1980-07-11,0.7427,0.7798,0.7427,0.7612,938100,72.56,78.18,24.55,89.52,260
1980-07-18,0.7612,0.7612,0.7427,0.7427,963500,67.91,78.18,24.55,80.85,260
1980-07-25,0.7427,0.7612,0.7152,0.7241,1680500,63.53,78.18,24.55,72.69,260
1980-08-01,0.7152,0.7337,0.7055,0.7241,1424700,63.53,78.18,24.55,72.69,260
1980-08-08,0.7241,0.7516,0.6959,0.7516,2188700,67.17,78.18,24.55,79.46,260
1980-08-15,0.7612,0.9097,0.7612,0.854,7424900,76.55,78.18,24.55,96.97,260
1980-08-22,0.854,0.8823,0.854,0.8823,5122400,78.39,78.39,24.55,100.0,260
1980-08-29,0.8823,0.9194,0.854,0.8823,3281000,78.39,78.39,24.55,100.0,260
1980-09-05,0.8823,0.9194,0.8726,0.9194,3163500,80.69,80.69,24.55,100.0,260
1980-09-12,0.9194,1.0583,0.9097,1.0486,7372500,86.2,86.2,24.55,100.0,260
1980-09-19,1.0486,1.2157,1.0397,1.1697,6882500,89.29,89.29,24.55,100.0,260
1980-09-26,1.1325,1.1325,1.0397,1.0865,3113700,76.61,89.29,24.55,80.42,260
1980-10-03,1.0865,1.1511,1.0583,1.1511,1428000,79.09,89.29,24.55,84.26,260
1980-10-10,1.1511,1.1511,1.1043,1.1325,1082500,76.58,89.29,24.55,80.37,260
1980-10-17,1.1325,1.1325,1.0865,1.1043,1152400,72.79,89.29,24.55,74.52,260
1980-10-24,1.1043,1.114,1.0486,1.0583,2144000,66.97,89.29,24.55,65.53,260
1980-10-31,1.0397,1.114,1.0308,1.1043,928300,69.59,89.29,24.55,69.57,260
1980-11-07,1.1043,1.1979,1.0768,1.0865,718100,67.36,89.29,24.55,66.13,260
1980-11-14,1.0865,1.1697,1.0768,1.1511,1223000,70.99,89.29,24.55,71.73,260
1980-11-21,1.1422,1.2439,1.114,1.2254,3418500,74.49,89.29,24.55,77.15,260
1980-11-28,1.2157,1.2254,1.16,1.1697,2375400,67.87,89.29,24.55,66.92,260
1980-12-05,1.1697,1.2157,1.1043,1.1882,3994300,68.86,89.29,24.55,68.45,260
1980-12-12,1.1793,1.1793,1.0486,1.1043,1941300,59.85,89.29,24.55,54.53,260
1980-12-19,1.114,1.1697,1.114,1.16,2550500,63.28,89.29,24.55,59.84,260
1980-12-26,1.16,1.1793,1.114,1.114,1525500,58.8,89.29,24.55,52.92,260
1981-01-02,1.114,1.16,1.114,1.16,690500,61.72,89.29,24.55,57.42,260
1981-01-09,1.1882,1.2157,1.114,1.1511,3027300,60.82,89.29,24.55,56.04,260
1981-01-16,1.1511,1.16,1.114,1.1422,1000600,59.89,89.29,24.55,54.59,260
1981-01-23,1.1793,1.2439,1.1793,1.1882,2951500,63.06,89.29,24.55,59.49,260
1981-01-30,1.1511,1.16,1.1043,1.114,1288000,55.45,89.29,24.55,47.73,260
1981-02-06,1.114,1.114,1.0865,1.114,1851500,55.45,89.29,24.55,47.73,260
1981-02-13,1.114,1.1511,1.114,1.114,2052200,55.45,89.29,24.55,47.73,260
1981-02-20,1.114,1.1511,1.114,1.1422,1352600,57.86,89.29,24.55,51.46,260
1981-02-27,1.1511,1.2907,1.1511,1.2439,4289600,65.18,89.29,24.55,62.77,260
1981-03-06,1.2439,1.2625,1.235,1.2529,2726500,65.75,89.29,24.55,63.64,260
1981-03-13,1.2529,1.3464,1.2529,1.3182,4567600,69.62,89.29,24.55,69.62,260
1981-03-20,1.3368,1.3553,1.2811,1.3279,3434200,70.15,89.29,24.55,70.45,260
1981-03-27,1.3464,1.4296,1.3464,1.3643,4345700,72.15,89.29,24.55,73.53,260
1981-04-03,1.3643,1.3925,1.3368,1.3553,2662900,70.9,89.29,24.55,71.6,260
1981-04-10,1.3368,1.3739,1.3086,1.3553,1668800,70.9,89.29,24.55,71.6,260
1981-04-16,1.3368,1.3368,1.2907,1.3086,1692300,64.13,89.29,24.55,61.14,260
1981-04-24,1.2907,1.3739,1.2811,1.3643,2672400,68.04,89.29,24.55,67.19,260
1981-05-01,1.411,1.5224,1.411,1.495,3943200,74.95,89.29,24.55,77.85,260
1981-05-08,1.4853,1.4853,1.411,1.4571,2194400,70.21,89.29,24.55,70.54,260
1981-05-15,1.495,1.7638,1.495,1.7452,3081300,80.37,89.29,24.55,86.23,260
1981-05-22,1.7363,1.7549,1.5781,1.7452,3112100,80.37,89.29,24.55,86.23,260
1981-05-29,1.7727,1.8566,1.7727,1.8477,2397500,82.79,89.29,24.55,89.97,260
1981-06-05,1.9034,2.5161,1.6992,1.7638,2626900,74.67,89.29,24.55,77.43,260
1981-06-12,1.6992,1.8106,1.6524,1.8009,1701600,75.8,89.29,24.55,79.17,260
1981-06-19,1.8009,1.8284,1.6064,1.6435,4019900,62.96,89.29,24.55,59.34,260
1981-06-26,1.6338,1.6338,1.5224,1.5596,2084400,57.39,89.29,24.55,50.73,260
1981-07-02,1.5878,1.6242,1.495,1.5224,2210000,55.06,89.29,24.55,47.14,260
1981-07-10,1.5224,1.6064,1.4571,1.5967,2437500,58.67,89.29,24.55,52.71,260
1981-07-17,1.5967,1.5967,1.4853,1.5321,859400,54.56,89.29,24.55,46.37,260
1981-07-24,1.5224,1.5224,1.4482,1.5128,1032400,53.36,89.29,24.55,44.51,260
1981-07-31,1.5321,1.5878,1.5128,1.5321,1160800,54.44,89.29,24.55,46.18,260
1981-08-07,1.495,1.6895,1.4667,1.6613,2647500,60.96,89.29,24.55,56.25,260
1981-08-14,1.6338,1.6435,1.5128,1.5224,1144200,52.3,89.29,24.55,42.87,260
1981-08-21,1.5224,1.5507,1.4296,1.495,1869000,50.77,89.29,24.55,40.5,260
1981-08-28,1.495,1.5224,1.4296,1.4571,1884500,48.64,89.29,24.55,37.22,260
1981-09-04,1.4571,1.495,1.3182,1.3368,1989300,42.56,89.29,24.55,27.83,260
1981-09-11,1.2811,1.3925,1.2157,1.3925,1830900,45.93,89.29,24.55,33.04,260
1981-09-18,1.3925,1.4021,1.2625,1.3553,3136100,44.08,89.29,24.55,30.17,260
1981-09-25,1.3279,1.3279,1.1793,1.1882,2168300,36.85,89.29,24.55,19.01,260
1981-10-02,1.1882,1.2907,1.0768,1.2529,3512200,40.89,89.29,24.55,25.24,260
1981-10-09,1.2529,1.411,1.2439,1.4021,1654000,48.99,89.29,24.55,37.76,260
1981-10-16,1.4021,1.42,1.2439,1.2529,993700,42.69,89.29,24.55,28.03,260
1981-10-23,1.235,1.2625,1.2157,1.2254,3582300,41.63,89.29,24.55,26.39,260
1981-10-30,1.2254,1.3739,1.2068,1.3739,1947700,49.01,89.29,24.55,37.79,260
1981-11-06,1.3925,1.4667,1.3925,1.411,2814200,50.69,89.29,24.55,40.38,260
1981-11-13,1.411,1.411,1.3464,1.3464,1201200,47.74,89.29,24.55,35.83,260
1981-11-20,1.3464,1.3643,1.2907,1.3279,1372700,46.9,89.29,24.55,34.53,260
1981-11-27,1.3279,1.3836,1.3086,1.3368,966000,47.38,89.29,24.55,35.27,260
1981-12-04,1.3368,1.3739,1.2907,1.3739,850900,49.43,89.29,24.55,38.44,260
1981-12-11,1.3739,1.3836,1.3086,1.3086,1619600,46.03,89.29,24.55,33.18,260
1981-12-18,1.2907,1.3182,1.2529,1.3182,1900400,46.61,89.29,24.55,34.09,260
1981-12-24,1.3182,1.3553,1.2907,1.2907,1213600,45.12,89.29,24.55,31.77,260
1981-12-31,1.2907,1.3086,1.2625,1.2907,865300,45.12,89.29,24.55,31.77,260
1982-01-08,1.2907,1.3368,1.2907,1.3182,1629500,47.09,89.29,24.55,34.82,260
1982-01-15,1.3182,1.3182,1.1882,1.1882,1856600,39.8,89.29,24.55,23.56,260
1982-01-22,1.1882,1.2907,1.16,1.2625,2249000,45.04,89.29,24.55,31.65,260
1982-01-29,1.2439,1.2811,1.2157,1.2811,1994000,46.29,89.29,24.55,33.59,260
1982-02-05,1.2625,1.2625,1.1697,1.1793,1468900,40.79,89.29,24.55,25.09,260
1982-02-12,1.16,1.16,1.0768,1.0865,2062500,36.52,89.29,24.55,18.49,260
1982-02-19,1.0865,1.1422,1.0583,1.1043,1799200,37.86,89.29,24.55,20.57,260
1982-02-26,1.1043,1.1325,0.9751,0.9937,4064500,33.17,89.29,24.55,13.32,260
1982-03-05,0.9654,1.0115,0.938,0.9937,3372300,33.17,89.29,24.55,13.32,260
1982-03-12,0.9937,1.0308,0.9194,0.938,1971200,30.93,89.29,24.55,9.86,260
1982-03-19,0.938,0.9469,0.8823,0.9097,2840100,29.83,89.29,24.55,8.16,260
1982-03-26,0.9097,1.0397,0.9001,1.0026,2625800,37.67,89.29,24.55,20.28,260
1982-04-02,0.9937,1.0583,0.9751,1.0583,2692700,41.87,89.29,24.55,26.76,260
1982-04-08,1.0486,1.0486,0.9751,0.9937,2150600,38.62,89.29,24.55,21.74,260
1982-04-16,1.0026,1.0211,0.9469,0.984,1793200,38.15,89.29,24.55,21.01,260
1982-04-23,1.0115,1.0583,1.0115,1.0583,1189800,43.88,89.29,24.55,29.87,260
1982-04-30,1.0768,1.114,1.0115,1.0486,1815600,43.32,89.29,24.55,29.0,260
1982-05-07,1.0486,1.1325,1.0397,1.114,2464600,48.16,89.29,24.55,36.48,260
1982-05-14,1.114,1.2254,1.114,1.2254,3741500,55.19,89.29,24.55,47.34,260
1982-05-21,1.2254,1.235,1.1325,1.1511,2272300,50.29,89.29,24.55,39.77,260
1982-05-28,1.1422,1.1422,1.0308,1.0583,1403500,44.93,89.29,24.55,31.49,260
1982-06-04,1.0583,1.0865,1.0026,1.0211,1772500,42.96,89.29,24.55,28.44,260
1982-06-11,1.0211,1.0308,0.9558,1.0026,2975200,41.96,89.29,24.55,26.9,260
1982-06-18,0.9937,0.9937,0.9001,0.9751,2632700,40.47,89.29,24.55,24.6,260
1982-06-25,0.9751,1.0115,0.9469,0.984,1774700,41.2,89.29,24.55,25.73,260
1982-07-02,0.984,0.9937,0.9001,0.9097,3080800,37.12,89.29,24.55,19.42,260
1982-07-09,0.9097,0.9194,0.854,0.9097,1992000,37.12,89.29,24.55,19.42,260
1982-07-16,0.9469,0.984,0.9194,0.9469,1277500,40.54,89.29,24.55,24.7,260
1982-07-23,0.9469,0.9751,0.9194,0.9469,1306800,40.54,89.29,24.55,24.7,260
1982-07-30,0.938,0.9469,0.8823,0.9097,720400,38.13,89.29,24.55,20.99,260
1982-08-06,0.9283,0.9558,0.8726,0.8726,1009500,35.84,89.29,24.55,17.45,260
1982-08-13,0.8726,0.8823,0.8169,0.8726,1163400,35.84,89.29,24.55,17.45,260
1982-08-20,0.8726,0.9194,0.8169,0.9097,3264400,40.02,89.29,24.55,23.9,260
1982-08-27,0.9283,1.1043,0.9283,0.9937,6492700,48.22,89.29,24.55,36.57,260
1982-09-03,0.9937,1.0583,0.9469,1.0486,3738700,52.77,89.29,24.55,43.6,260
1982-09-10,1.0397,1.0397,0.9097,0.9194,2505400,43.16,89.29,24.55,28.76,260
1982-09-17,0.9194,0.984,0.9001,0.9558,2533400,46.14,89.29,24.55,33.35,260
1982-09-24,0.9283,0.9751,0.9097,0.9194,2600700,43.67,89.29,24.55,29.55,260
1982-10-01,0.9194,0.9283,0.854,0.9194,3890500,43.67,89.29,24.55,29.55,260
1982-10-08,0.9194,1.1043,0.9097,1.0768,4661100,55.57,89.29,24.55,47.92,260
1982-10-15,1.0865,1.1325,1.0768,1.1043,6836000,57.27,89.29,24.55,50.54,260
1982-10-22,1.1043,1.114,1.0211,1.0583,2259100,53.58,89.29,24.55,44.84,260
1982-10-29,1.0397,1.0397,0.984,1.0026,1777900,49.43,89.29,24.55,38.43,260
1982-11-05,1.0026,1.1511,0.9937,1.114,7840400,56.66,89.29,24.55,49.6,260
1982-11-12,1.114,1.2811,1.0865,1.2157,9345500,62.0,89.29,24.55,57.86,260
1982-11-19,1.2157,1.2625,1.16,1.2439,3989000,63.35,89.29,24.55,59.94,260
1982-11-26,1.2439,1.2529,1.1882,1.2254,2395000,61.8,89.29,24.55,57.54,260
1982-12-03,1.2254,1.2439,1.16,1.1697,3343100,57.25,89.29,24.55,50.52,260
1982-12-10,1.1697,1.2811,1.1697,1.2068,4267400,59.4,89.29,26.64,52.29,260
1982-12-17,1.1793,1.1793,1.0768,1.0865,4920100,50.56,89.29,26.64,38.18,260
1982-12-23,1.0865,1.0865,0.9937,1.0583,5485300,48.72,89.29,26.64,35.25,260
1982-12-31,1.0865,1.1511,1.0865,1.1325,1714500,53.5,89.29,26.64,42.88,260
1983-01-07,1.1325,1.1422,1.0865,1.114,2485000,52.19,89.29,26.64,40.79,260
1983-01-14,1.114,1.114,1.0486,1.0865,2063900,50.23,89.29,26.64,37.66,260
1983-01-21,1.0865,1.114,1.0308,1.0397,1796400,47.0,89.29,26.64,32.5,260
1983-01-28,1.0026,1.1043,0.9654,1.0397,2972000,47.0,89.29,26.64,32.5,260
1983-02-04,1.0397,1.0486,1.0026,1.0397,1345700,47.0,89.29,26.64,32.5,260
1983-02-11,1.0397,1.0486,0.984,1.0308,1597100,46.29,89.29,26.64,31.37,260
1983-02-18,1.0308,1.0583,0.984,0.984,3294100,42.65,89.29,26.64,25.56,260
1983-02-25,0.984,1.0026,0.9469,0.984,2476400,42.65,89.29,26.64,25.56,260
1983-03-04,0.9751,1.0865,0.938,1.0583,6181300,49.9,89.29,26.64,37.13,260
1983-03-11,1.0768,1.0865,1.0308,1.0308,2050900,47.51,89.29,26.64,33.31,260
1983-03-18,1.0308,1.1697,1.0308,1.1697,4403500,58.37,89.29,26.64,50.65,260
1983-03-25,1.16,1.1697,1.1043,1.1043,3009400,52.83,89.29,26.64,41.81,260
1983-03-31,1.1043,1.16,1.0865,1.1325,1199800,54.82,89.29,26.64,44.99,260
1983-04-08,1.114,1.114,1.0397,1.0672,1847400,49.6,89.29,26.64,36.64,260
1983-04-15,1.1043,1.114,1.0672,1.114,2123300,53.05,89.29,26.64,42.15,260
1983-04-22,1.114,1.1325,1.0583,1.0865,2455500,50.84,89.29,26.64,38.64,260
1983-04-29,1.1043,1.1793,1.0583,1.16,3247800,56.1,89.29,26.64,47.02,260
1983-05-06,1.16,1.2254,1.1325,1.2068,3574200,59.09,89.29,26.64,51.81,260
1983-05-13,1.2157,1.235,1.1511,1.1793,2810300,56.65,89.29,26.64,47.9,260
1983-05-20,1.1697,1.1882,1.1236,1.1511,1571700,54.17,89.29,26.64,43.95,260
1983-05-27,1.114,1.1422,1.0768,1.1325,3032100,52.54,89.29,26.64,41.35,260
1983-06-03,1.1511,1.1793,1.1422,1.16,1465200,54.71,89.29,26.64,44.81,260
1983-06-10,1.1422,1.1511,1.0583,1.1043,2931400,49.75,89.29,26.64,36.88,260
1983-06-17,1.1236,1.1422,1.0583,1.0768,4705800,47.46,89.29,26.64,33.23,260
1983-06-24,1.0865,1.1511,1.0865,1.1043,4750200,49.94,89.29,26.64,37.19,260
1983-07-01,1.0865,1.0865,1.0026,1.0397,6289600,44.6,89.29,26.64,28.68,260
1983-07-08,1.0211,1.0583,1.0026,1.0308,2092500,43.91,89.29,26.64,27.57,260
1983-07-15,1.0397,1.0486,1.0026,1.0308,3061300,43.91,89.29,26.64,27.57,260
1983-07-22,1.0115,1.0865,1.0115,1.0583,2128500,46.87,89.29,26.64,32.3,260
1983-07-29,1.0397,1.0954,1.0115,1.0211,1546600,43.52,89.29,26.64,26.95,260
1983-08-05,1.0211,1.0486,0.9937,1.0026,1427000,41.91,89.29,26.64,24.38,260
1983-08-12,0.9937,1.0026,0.9654,0.9937,1318700,41.12,89.29,26.64,23.12,260
1983-08-19,0.9937,1.0115,0.9654,1.0026,2464900,42.29,89.29,26.64,24.99,260
1983-08-26,1.0026,1.0397,0.984,1.0115,1514900,43.5,89.29,26.64,26.91,260
1983-09-02,1.0115,1.0115,0.984,0.9937,1126700,41.62,89.29,26.64,23.92,260
1983-09-09,1.0211,1.16,1.0211,1.1043,2970800,54.68,89.29,26.64,44.77,260
1983-09-16,1.1422,1.1511,1.0865,1.1236,1778700,56.51,89.29,26.64,47.69,260
1983-09-23,1.0954,1.16,1.0672,1.16,2073500,59.8,89.29,26.64,52.94,260
1983-09-30,1.1511,1.1697,1.114,1.1697,1307200,60.66,89.29,26.64,54.3,260
1983-10-07,1.1697,1.2439,1.16,1.2254,2568200,65.23,89.29,26.64,61.6,260
1983-10-14,1.2157,1.235,1.1325,1.1325,1270700,53.97,89.29,26.64,43.63,260
1983-10-21,1.1511,1.1793,1.1043,1.114,1412400,52.03,89.29,26.64,40.54,260
1983-10-28,1.0865,1.1236,1.0865,1.1043,1405900,51.01,89.29,26.64,38.9,260
1983-11-04,1.1043,1.1325,1.1043,1.1043,981400,51.01,89.29,26.64,38.9,260
1983-11-11,1.1043,1.114,1.0768,1.0954,944700,49.96,89.29,26.64,37.22,260
1983-11-18,1.0954,1.1043,1.0397,1.0486,575900,44.74,89.29,26.64,28.89,260
1983-11-25,1.0486,1.0768,0.984,1.0583,361600,45.99,89.29,26.64,30.89,260
1983-12-02,1.0308,1.0583,0.984,1.0397,1707200,43.93,89.29,26.64,27.6,260
1983-12-09,1.0583,1.0954,1.0486,1.0583,1140800,46.51,89.29,26.64,31.73,260
1983-12-16,1.0583,1.1043,1.0308,1.0865,858000,50.27,89.29,26.64,37.72,260
1983-12-23,1.0954,1.1882,1.0865,1.1422,2254500,56.72,89.29,26.64,48.02,260
1983-12-30,1.16,1.1793,1.16,1.16,681800,58.57,89.29,26.64,50.98,260
1984-01-06,1.1697,1.1793,1.114,1.16,2442100,58.57,89.29,26.64,50.98,260
1984-01-13,1.1697,1.1793,1.1325,1.1422,1631100,55.8,89.29,26.64,46.55,260
1984-01-20,1.1511,1.16,1.1236,1.1325,974400,54.31,89.29,26.64,44.16,260
1984-01-27,1.1325,1.1793,1.1043,1.1793,2220500,59.92,89.29,26.64,53.13,260
1984-02-03,1.2625,1.2625,1.1979,1.2068,5036200,62.81,89.29,26.64,57.74,260
1984-02-10,1.1697,1.1793,1.1043,1.1325,2837200,51.91,89.29,26.64,40.34,260
1984-02-17,1.1325,1.1325,1.1043,1.114,566700,49.6,89.29,26.64,36.65,260
1984-02-24,1.114,1.1236,1.0672,1.114,1884000,49.6,89.29,26.64,36.65,260
1984-03-02,1.114,1.1236,1.0768,1.1236,1782900,50.92,89.29,26.64,38.75,260
1984-03-09,1.1325,1.1422,1.0954,1.114,1343400,49.52,89.29,26.64,36.52,260
1984-03-16,1.1511,1.2529,1.1511,1.2439,3504500,63.89,89.29,26.64,59.46,260
1984-03-23,1.2068,1.2254,1.1882,1.2068,1441500,58.74,89.29,26.64,51.25,260
1984-03-30,1.1979,1.2907,1.1979,1.235,2309900,61.3,89.29,26.64,55.32,260
1984-04-06,1.235,1.2439,1.16,1.1882,1767100,55.2,89.29,26.64,45.59,260
1984-04-13,1.2068,1.2625,1.1882,1.2254,2704000,58.71,89.29,26.64,51.19,260
1984-04-19,1.2254,1.2439,1.2068,1.2254,2379100,58.71,89.29,26.64,51.19,260
1984-04-27,1.2068,1.2254,1.1697,1.1979,1859100,55.01,89.29,26.64,45.29,260
1984-05-04,1.1979,1.2157,1.1697,1.1793,2530400,52.6,89.29,26.64,41.44,260
1984-05-11,1.16,1.1697,1.114,1.1325,1454800,47.01,89.29,26.64,32.52,260
1984-05-18,1.1043,1.1236,1.0583,1.0583,1521000,39.78,89.29,26.64,20.98,260
1984-05-25,1.0672,1.0865,1.0211,1.0583,1202000,39.78,89.29,26.64,20.98,260
1984-06-01,1.0672,1.0865,1.0397,1.0583,1342800,39.78,89.29,26.64,20.98,260
1984-06-08,1.0672,1.0672,1.0308,1.0397,1859800,37.96,89.29,26.64,18.07,260
1984-06-15,1.0486,1.0486,1.0211,1.0308,995600,37.08,89.29,26.64,16.67,260
1984-06-22,1.0211,1.0954,1.0211,1.0954,2001800,46.71,89.29,26.64,32.03,260
1984-06-29,1.114,1.1422,1.1043,1.114,2653700,49.12,89.29,26.64,35.88,260
1984-07-06,1.1043,1.114,1.0768,1.0865,994100,45.81,89.29,26.64,30.61,260
1984-07-13,1.0768,1.0954,1.0308,1.0397,681300,40.79,89.29,26.64,22.59,260
1984-07-20,1.0486,1.0672,0.9751,0.984,643600,35.76,89.29,26.64,14.56,260
1984-07-27,0.9654,1.0768,0.9469,1.0768,1363800,47.4,89.29,26.64,33.14,260
1984-08-03,1.0308,1.1325,1.0026,1.1325,2292000,52.91,89.29,26.64,41.94,260
1984-08-10,1.0954,1.1236,1.0211,1.0672,4111700,46.73,89.29,26.64,32.06,260
1984-08-17,1.0672,1.0865,1.0486,1.0672,1549600,46.73,89.29,26.64,32.06,260
1984-08-24,1.0583,1.0865,1.0397,1.0583,1202800,45.88,89.29,26.64,30.71,260
1984-08-31,1.0486,1.0954,1.0397,1.0865,2514300,49.03,89.29,26.64,35.75,260
1984-09-07,1.0768,1.0954,1.0486,1.0583,1261000,46.14,89.29,26.64,31.12,260
1984-09-14,1.0583,1.16,1.0308,1.1422,3912700,54.71,89.29,26.64,44.8,260
1984-09-21,1.1236,1.1882,1.114,1.1697,3097000,57.11,89.29,26.64,48.65,260
1984-09-28,1.1882,1.2529,1.1697,1.1979,7029600,59.49,89.29,26.64,52.45,260
1984-10-05,1.1793,1.1882,1.16,1.1793,1146000,57.24,89.29,26.64,48.85,260
1984-10-12,1.1697,1.1793,1.1325,1.1511,801700,53.9,89.29,26.64,43.52,260
1984-10-19,1.1511,1.2529,1.1422,1.2157,1278000,59.7,89.29,26.64,52.77,260
1984-10-26,1.2254,1.2439,1.165,1.1747,2227000,54.98,89.29,26.64,45.23,260
1984-11-02,1.1747,1.2031,1.1561,1.1934,1387700,56.66,89.29,26.64,47.91,260
1984-11-09,1.1844,1.2031,1.1374,1.1471,1104400,51.52,89.29,26.64,39.72,260
1984-11-16,1.1285,1.1561,1.1091,1.1091,875200,47.69,89.29,27.33,32.87,260
1984-11-23,1.1188,1.1285,1.0912,1.1285,536600,49.74,89.29,27.33,36.18,260
1984-11-30,1.1091,1.1285,1.0815,1.0815,1071400,45.13,89.29,27.33,28.73,260
1984-12-07,1.0815,1.0912,1.0628,1.0718,898100,44.22,89.29,27.33,27.26,260
1984-12-14,1.0531,1.1001,1.0442,1.1001,1458600,47.55,89.29,27.33,32.64,260
1984-12-21,1.1091,1.1561,1.0531,1.0912,2446600,46.6,89.29,27.33,31.11,260
1984-12-28,1.0815,1.0815,1.0442,1.0531,948700,42.71,89.29,27.33,24.83,260
1985-01-04,1.0531,1.0531,1.0069,1.0255,952400,40.09,89.29,27.33,20.6,260
1985-01-11,1.0352,1.165,1.0255,1.1188,3522800,51.02,89.29,27.33,38.23,260
1985-01-18,1.1001,1.1374,1.1001,1.1374,1905500,52.87,89.29,27.33,41.22,260
1985-01-25,1.165,1.2031,1.1374,1.1374,2657300,52.87,89.29,27.33,41.22,260
1985-02-01,1.1561,1.212,1.1471,1.1747,1823800,56.67,89.29,27.33,47.35,260
1985-02-08,1.1374,1.212,1.1374,1.212,2437000,60.13,89.29,27.33,52.94,260
1985-02-15,1.212,1.2866,1.1934,1.2866,5515400,65.98,89.29,27.33,62.38,260
1985-02-22,1.2583,1.2679,1.2404,1.2493,3352100,61.15,89.29,27.33,54.58,260
1985-03-01,1.2679,1.3985,1.2679,1.3895,5406900,70.03,89.29,29.83,67.62,260
1985-03-08,1.4171,1.4261,1.2963,1.3052,4017500,61.0,89.29,29.83,52.43,260
1985-03-15,1.3142,1.3798,1.3052,1.3701,1816500,64.77,89.29,29.83,58.77,260
1985-03-22,1.3798,1.3985,1.3336,1.3425,1764800,62.03,89.29,29.83,54.15,260
1985-03-29,1.3239,1.3522,1.2679,1.2679,2288900,55.22,89.29,29.83,42.7,260
1985-04-04,1.2769,1.2866,1.2679,1.2769,670700,55.84,89.29,29.83,43.75,260
1985-04-12,1.2679,1.2963,1.2583,1.2866,1693000,56.55,89.29,29.83,44.95,260
1985-04-19,1.2866,1.2866,1.221,1.2769,1338300,55.59,89.29,29.83,43.33,260
1985-04-26,1.2769,1.2942,1.2566,1.2942,1614200,56.99,89.29,29.83,45.69,260
1985-05-03,1.2942,1.3039,1.2379,1.2476,1133600,52.21,89.29,29.83,37.64,260
1985-05-10,1.2379,1.2566,1.1914,1.2281,922400,50.3,89.29,29.83,34.44,260
1985-05-17,1.2476,1.2476,1.1719,1.2101,753200,48.54,89.29,29.83,31.47,260
1985-05-24,1.2191,1.2566,1.2004,1.2191,1275600,49.49,89.29,29.83,33.08,260
1985-05-31,1.2281,1.2657,1.2191,1.2566,1176300,53.37,89.29,29.83,39.59,260
1985-06-07,1.1816,1.2101,1.1629,1.1914,1137500,46.66,89.29,29.83,28.31,260
1985-06-14,1.2101,1.2476,1.2004,1.2101,773100,48.66,89.29,29.83,31.67,260
1985-06-21,1.1914,1.2004,1.1351,1.1539,2920200,43.41,89.29,29.83,22.84,260
1985-06-28,1.1914,1.2657,1.1719,1.2566,1412400,53.32,89.29,29.83,39.5,260
1985-07-05,1.2476,1.2566,1.2191,1.2476,639400,52.45,89.29,29.83,38.05,260
1985-07-12,1.2379,1.2379,1.1719,1.1914,1542400,47.28,89.29,29.83,29.35,260
1985-07-19,1.1719,1.2476,1.1629,1.2101,1134700,49.08,89.29,29.83,32.38,260
1985-07-26,1.1914,1.1914,1.1254,1.1351,1693900,42.78,89.29,29.83,21.79,260
1985-08-02,1.1254,1.1629,1.0691,1.1539,2155500,44.69,89.29,29.83,25.0,260
1985-08-09,1.1629,1.2004,1.1539,1.1629,1017600,45.63,89.29,29.83,26.58,260
1985-08-16,1.1629,1.1816,1.1441,1.1816,1338300,47.63,89.29,29.83,29.94,260
1985-08-23,1.1914,1.2101,1.1629,1.1719,1657500,46.67,89.29,29.83,28.32,260
1985-08-30,1.1719,1.1816,1.1351,1.1351,576500,43.14,89.29,29.83,22.4,260
1985-09-06,1.1254,1.1254,1.0878,1.1066,877900,40.58,89.29,29.83,18.09,260
1985-09-13,1.1066,1.1816,1.1066,1.1441,1414900,45.19,82.79,29.83,29.01,260
1985-09-20,1.1539,1.1539,1.0976,1.1351,1063800,44.3,82.79,29.83,27.33,260
1985-09-26,1.1539,1.1719,1.1351,1.1441,1340100,45.46,82.79,29.83,29.51,260
1985-10-04,1.1539,1.2476,1.1254,1.2004,2530000,52.13,82.79,29.83,42.12,260
1985-10-11,1.2101,1.2754,1.2004,1.2754,3085800,59.29,82.79,29.83,55.63,260
1985-10-18,1.2476,1.3219,1.2476,1.3219,1855400,62.98,82.79,29.83,62.6,260
1985-10-25,1.3039,1.3482,1.2657,1.3384,2222500,64.22,82.79,29.83,64.94,260
1985-11-01,1.4138,1.4138,1.367,1.3761,1879500,66.95,82.79,29.83,70.08,260
1985-11-08,1.3761,1.4047,1.3482,1.3851,1124200,67.59,82.79,29.83,71.29,260
1985-11-15,1.3761,1.3761,1.3384,1.3761,1197400,66.21,82.79,29.83,68.69,260
1985-11-22,1.3851,1.4892,1.3761,1.4515,1895000,71.43,82.79,29.83,78.55,260
1985-11-29,1.4326,1.4515,1.4047,1.4326,515200,68.58,82.79,29.83,73.16,260
1985-12-06,1.4138,1.4982,1.3949,1.4515,836700,69.87,82.79,29.83,75.61,260
1985-12-13,1.4236,1.6121,1.4236,1.6023,2042300,77.77,82.79,29.83,90.52,260
1985-12-20,1.5834,1.5925,1.4326,1.4613,2210200,61.53,82.79,29.83,59.85,260
1985-12-27,1.4794,1.5359,1.4703,1.5269,545100,65.17,82.79,29.83,66.74,260
1986-01-03,1.5269,1.5359,1.508,1.508,288000,63.32,82.79,29.83,63.23,260
1986-01-10,1.508,1.5178,1.4703,1.4794,948100,60.5,82.79,29.83,57.91,260
1986-01-17,1.4515,1.5178,1.4326,1.508,660100,62.3,82.79,29.83,61.32,260
1986-01-24,1.4982,1.5834,1.4794,1.5744,1092800,66.17,82.79,29.83,68.61,260
1986-01-31,1.5744,1.6121,1.5178,1.5178,1382100,60.48,82.79,29.83,57.87,260
1986-02-07,1.4982,1.5178,1.4047,1.4326,3198500,53.08,82.79,29.83,43.9,260
1986-02-14,1.4417,1.4515,1.4138,1.4515,3294500,54.41,82.79,29.83,46.41,260
1986-02-21,1.4892,1.508,1.4613,1.4982,653600,57.61,82.79,29.83,52.46,260
1986-02-28,1.5359,1.5359,1.4326,1.4417,1286800,52.78,82.79,29.83,43.33,260
1986-03-07,1.4417,1.5457,1.4417,1.4982,1128200,56.69,82.79,29.83,50.72,260
1986-03-14,1.4892,1.5359,1.4703,1.5269,748500,58.57,82.79,29.83,54.26,260
1986-03-21,1.4982,1.5555,1.4892,1.5555,2536000,60.41,82.79,29.83,57.75,260
1986-03-27,1.5269,1.649,1.508,1.649,1720100,65.77,82.79,29.83,67.86,260
1986-04-04,1.6211,1.6686,1.5744,1.6309,1992000,63.97,82.79,29.83,64.46,260
1986-04-11,1.6023,1.6867,1.5744,1.6211,2087700,62.96,82.79,29.83,62.55,260
1986-04-18,1.6023,1.6686,1.6023,1.6023,2242000,60.97,82.79,29.83,58.8,260
1986-04-25,1.6121,1.7629,1.6023,1.7531,1623200,69.32,82.79,29.83,74.56,260
1986-05-02,1.7433,1.7629,1.6867,1.6867,859400,62.94,82.79,29.83,62.52,260
1986-05-09,1.7252,1.7342,1.64,1.6588,590300,60.42,82.79,29.83,57.76,260
1986-05-16,1.6309,1.64,1.5646,1.5646,474600,52.74,82.79,29.83,43.27,260
1986-05-23,1.5744,1.6121,1.5178,1.5744,591800,53.41,77.77,29.83,49.18,260
1986-05-30,1.5646,1.5834,1.5457,1.5646,510200,52.61,77.77,29.83,47.52,260
1986-06-06,1.5744,1.5834,1.5359,1.5457,674600,51.04,77.77,29.83,44.24,260
1986-06-13,1.5555,1.5834,1.5269,1.5834,464700,54.0,77.77,29.83,50.42,260
1986-06-20,1.5646,1.5744,1.4982,1.5178,2070200,48.5,77.77,29.83,38.95,260
1986-06-27,1.5269,1.5646,1.4982,1.5178,1408800,48.5,77.77,29.83,38.95,260
1986-07-03,1.5269,1.5359,1.4892,1.508,1329700,47.66,77.77,29.83,37.19,260
1986-07-11,1.4982,1.508,1.3949,1.4236,2246800,41.05,77.77,29.83,23.41,260
1986-07-18,1.4515,1.4613,1.367,1.367,1677200,37.32,77.77,29.83,15.63,260
1986-07-25,1.3949,1.4138,1.3761,1.3949,2191100,40.21,77.77,29.83,21.65,260
1986-08-01,1.4047,1.4047,1.367,1.3761,1685700,38.91,77.77,29.83,18.93,260
1986-08-08,1.3851,1.4703,1.3761,1.4417,1407900,45.53,77.77,29.83,32.74,260
1986-08-15,1.4417,1.4417,1.3761,1.3949,540700,42.03,77.77,29.83,25.45,260
1986-08-22,1.4047,1.5646,1.3949,1.5359,1070800,53.6,77.77,29.83,49.58,260
1986-08-29,1.5646,1.6023,1.508,1.5834,1348100,56.73,77.77,29.83,56.12,260
1986-09-05,1.5555,1.5834,1.5269,1.5646,958400,55.14,77.77,29.83,52.8,260
1986-09-12,1.5359,1.5555,1.5178,1.5359,802300,52.72,77.77,29.83,47.75,260
1986-09-19,1.5359,1.649,1.4982,1.5834,1145900,56.16,77.77,29.83,54.92,260
1986-09-26,1.5646,1.5834,1.5457,1.5555,408600,53.69,77.77,29.83,49.77,260
1986-10-03,1.5359,1.5359,1.4047,1.4236,2259600,43.87,77.77,29.83,29.29,260
1986-10-10,1.4703,1.508,1.4613,1.4892,1549600,48.88,77.77,29.83,39.73,260
1986-10-17,1.4892,1.5744,1.4703,1.5457,721200,52.79,77.77,29.83,47.88,260
1986-10-24,1.5359,1.7719,1.5359,1.7508,1930300,63.64,77.77,29.83,70.53,260
1986-10-31,1.6849,1.7228,1.6471,1.666,629900,57.73,77.77,29.83,58.2,260
1986-11-07,1.6849,1.694,1.5524,1.5623,383500,51.44,77.77,29.83,45.07,260
1986-11-14,1.5426,1.5713,1.5335,1.5623,298700,51.44,77.77,29.83,45.07,260
1986-11-21,1.5426,1.694,1.5244,1.6849,1022900,57.75,77.77,29.83,58.25,260
1986-11-28,1.694,1.7228,1.6471,1.666,464800,56.53,77.77,29.83,55.7,260
1986-12-05,1.6471,1.6759,1.6281,1.6562,452500,55.87,77.77,29.83,54.32,260
1986-12-12,1.666,1.6849,1.6281,1.6281,387800,53.93,77.77,29.83,50.28,260
1986-12-19,1.6191,1.7228,1.5994,1.694,1212700,57.65,77.77,29.83,58.03,260
1986-12-26,1.6562,1.666,1.5994,1.6092,274000,51.85,77.77,29.83,45.93,260
1987-01-02,1.6092,1.6191,1.5524,1.6092,211300,51.85,77.77,29.83,45.93,260
1987-01-09,1.6092,1.6281,1.5713,1.5903,614700,50.53,77.77,29.83,43.19,260
1987-01-16,1.5713,1.6281,1.5623,1.5812,784100,49.88,77.77,29.83,41.82,260
1987-01-23,1.5812,1.5903,1.5426,1.5426,990800,47.09,77.77,29.83,36.0,260
1987-01-30,1.5426,1.5713,1.5146,1.5146,441900,45.12,77.77,29.83,31.89,260
1987-02-06,1.5244,1.5713,1.5244,1.5426,399400,47.49,77.77,29.83,36.83,260
1987-02-13,1.5426,1.5713,1.4767,1.5146,474200,45.38,77.77,29.83,32.43,260
1987-02-20,1.5335,1.7894,1.5335,1.7039,1212300,58.72,77.77,29.83,60.26,260
1987-02-27,1.6759,1.694,1.6191,1.6281,391900,53.13,77.77,29.83,48.6,260
1987-03-06,1.6471,1.6562,1.5903,1.6092,310200,51.8,77.77,29.83,45.83,260
1987-03-13,1.6281,1.6562,1.5994,1.6471,465100,54.26,77.77,35.76,44.04,260
1987-03-20,1.6281,1.638,1.5903,1.6191,376700,52.14,77.77,35.76,38.99,260
1987-03-27,1.5713,1.5897,1.5417,1.5417,356800,46.71,77.77,35.76,26.06,260
1987-04-03,1.4656,1.5326,1.4557,1.5227,678800,45.45,77.77,35.76,23.08,260
1987-04-10,1.4846,1.5128,1.4465,1.4656,728000,41.82,77.77,35.76,14.44,260
1987-04-16,1.4085,1.4656,1.3894,1.4557,472700,41.21,77.77,35.76,12.98,260
1987-04-24,1.5326,1.5417,1.4557,1.4557,671500,41.21,77.77,35.76,12.98,260
1987-05-01,1.4656,1.5706,1.4557,1.5227,504400,47.29,77.77,35.76,27.44,260
1987-05-08,1.5227,1.5417,1.5128,1.5227,117000,47.29,77.77,35.76,27.44,260
1987-05-15,1.5326,1.5798,1.5036,1.5128,369000,46.47,77.77,35.76,25.48,260
1987-05-22,1.4937,1.6079,1.4937,1.5508,467000,50.07,77.77,35.76,34.05,260
1987-05-29,1.5607,1.6749,1.5607,1.6749,613100,59.6,77.77,35.76,56.75,260
1987-06-05,1.6559,1.694,1.6079,1.694,660200,60.84,77.77,35.76,59.69,260
1987-06-12,1.694,1.9795,1.6468,1.9795,901000,73.79,77.77,35.76,90.51,260
1987-06-19,2.0175,2.0747,1.9604,2.0747,1372000,76.57,77.77,35.76,97.13,260
1987-06-26,2.1036,2.2558,2.1036,2.1698,839000,78.97,78.97,35.76,100.0,260
1987-07-02,2.1219,2.2361,2.1127,2.2361,528800,80.47,80.47,35.76,100.0,260
1987-07-10,2.1508,2.1607,1.9513,2.0175,471800,64.19,80.47,35.76,63.59,260
1987-07-17,1.9894,2.1127,1.9513,2.1036,277200,67.02,80.47,35.76,69.92,260
1987-07-24,2.0838,2.1698,1.9795,2.1698,695900,69.05,80.47,35.76,74.45,260
1987-07-31,2.246,2.4652,2.2361,2.4652,1496800,76.1,80.47,35.76,90.23,260
1987-08-07,2.4363,2.5406,2.4173,2.4744,723200,76.28,80.47,35.76,90.63,260
1987-08-14,2.4363,2.6936,2.4363,2.6936,937400,80.15,80.47,35.76,99.28,260
1987-08-21,2.7119,2.7317,2.6175,2.6175,1194000,75.55,80.47,35.76,88.98,260
1987-08-28,2.6548,2.7028,2.4744,2.4744,642000,67.67,80.47,35.76,71.38,260
1987-09-04,2.4934,2.7119,2.4652,2.6936,473500,72.42,80.47,35.76,81.98,260
1987-09-11,2.7119,2.7218,2.6175,2.6746,582200,71.44,80.47,35.76,79.79,260
1987-09-18,2.6746,2.6936,2.6548,2.6936,285500,71.85,80.47,35.76,80.71,260
1987-09-25,2.6746,2.6761,2.6088,2.6287,242600,68.25,80.47,35.76,72.66,260
1987-10-02,2.7235,2.9154,2.7143,2.8864,571100,73.85,80.47,35.76,85.18,260
1987-10-09,2.9055,2.9628,2.8963,2.8963,487100,74.04,80.47,35.76,85.61,260
1987-10-16,2.8481,2.9437,2.7335,2.7434,337200,66.07,80.47,35.76,67.8,260
1987-10-23,2.5232,2.5996,2.0453,2.303,1161300,49.55,80.47,35.76,30.84,260
1987-10-30,2.0644,2.2938,1.9207,2.2273,783100,47.36,80.47,35.76,25.93,260
1987-11-06,2.1883,2.3129,2.0835,2.303,677100,49.75,80.47,35.76,31.29,260
1987-11-13,2.1982,2.5232,2.16,2.5132,693900,55.77,80.47,35.76,44.75,260
1987-11-20,2.6088,2.7717,2.5041,2.7617,776400,61.62,80.47,35.76,57.84,260
1987-11-27,2.7617,2.8099,2.7052,2.7052,292900,59.68,80.47,35.76,53.51,260
1987-12-04,2.6478,2.8099,2.6287,2.7809,621500,61.43,80.47,35.76,57.41,260
1987-12-11,2.8007,2.9819,2.8007,2.9437,429300,64.95,80.47,35.76,65.28,260
1987-12-18,2.9437,3.0775,2.9154,3.0683,418100,67.4,80.47,35.76,70.76,260
1987-12-24,3.0294,3.0492,2.9537,2.9628,154200,63.36,80.47,35.76,61.73,260
1987-12-31,2.9055,2.9154,2.839,2.8864,116500,60.53,80.47,35.76,55.4,260
1988-01-08,2.9055,3.0393,2.8963,2.9246,512300,61.46,80.47,35.76,57.47,260
1988-01-15,2.9246,3.0202,2.8673,3.0011,335000,63.31,80.47,35.76,61.62,260
1988-01-22,2.9246,2.9246,2.7908,2.8191,280400,56.36,80.47,35.76,46.07,260
1988-01-29,2.8191,2.8481,2.7908,2.8191,148300,56.36,80.47,35.76,46.07,260
1988-02-05,2.8007,2.8099,2.7434,2.7526,134600,53.85,80.47,35.76,40.46,260
1988-02-12,2.7143,2.8673,2.7052,2.8481,284800,56.82,80.47,35.76,47.11,260
1988-02-19,2.839,2.9154,2.8191,2.9154,406400,58.83,80.47,35.76,51.6,260
1988-02-26,2.8764,2.9246,2.8481,2.9246,369700,59.11,80.47,35.76,52.23,260
1988-03-04,2.9246,3.0966,2.9154,3.0775,1145400,63.55,80.47,35.76,62.16,260
1988-03-11,3.1158,3.1639,3.0867,3.1257,1088500,64.85,80.47,35.76,65.06,260
1988-03-18,3.0966,3.2113,3.0775,3.1823,467200,66.36,80.47,35.76,68.45,260
1988-03-25,3.1731,3.1922,3.0697,3.0697,191800,60.76,80.47,35.76,55.92,260
1988-03-31,3.0889,3.2232,3.0889,3.204,286400,64.6,80.47,35.76,64.51,260
1988-04-08,3.1465,3.3575,3.1465,3.3575,570300,68.41,80.47,35.76,73.02,260
1988-04-15,3.3575,3.4535,3.3383,3.4343,916100,70.13,80.47,35.76,76.88,260
1988-04-22,3.3767,3.4442,3.3291,3.3575,615800,66.23,80.47,35.76,68.15,260
1988-04-29,3.4151,3.4442,3.3767,3.3959,281400,67.21,80.47,35.76,70.35,260
1988-05-06,3.4243,3.4726,3.4151,3.4151,146700,67.72,80.47,35.76,71.48,260
1988-05-13,3.3383,3.3483,3.204,3.3383,578900,63.5,80.47,35.76,62.05,260
1988-05-20,3.3575,3.3867,3.2424,3.2616,614300,59.51,80.47,35.76,53.12,260
1988-05-27,3.2232,3.2516,3.1081,3.1181,544500,52.82,80.47,35.76,38.16,260
1988-06-03,3.1273,3.1849,3.0889,3.1273,372200,53.19,80.47,35.76,38.97,260
1988-06-10,3.1941,3.204,3.1373,3.1465,240600,53.98,80.47,35.76,40.75,260
1988-06-17,3.1465,3.2232,3.1273,3.1273,383700,53.01,80.47,35.76,38.58,260
1988-06-24,3.1181,3.1181,2.9738,2.983,646800,46.27,80.47,35.76,23.52,260
1988-07-01,2.9446,3.0506,2.8971,2.907,784800,43.16,80.47,35.76,16.56,260
1988-07-08,2.9646,3.1465,2.9646,3.1181,879400,52.68,80.47,35.76,37.84,260
1988-07-15,3.1081,3.1756,3.0506,3.0506,743900,49.81,80.47,35.76,31.42,260
1988-07-22,3.0314,3.4826,2.993,3.4726,845500,63.29,80.47,35.76,61.56,260
1988-07-29,3.7412,4.1441,3.7412,4.029,1547000,73.42,80.47,35.76,84.23,260
1988-08-05,4.0382,4.0674,3.8372,3.8372,492900,66.59,80.47,35.76,68.96,260
1988-08-12,3.8663,4.0482,3.8564,4.0382,678000,69.77,80.47,35.76,76.06,260
1988-08-19,4.0674,4.1633,4.0674,4.0774,497300,70.36,80.47,35.76,77.38,260
1988-08-26,4.029,4.0382,3.8663,3.9047,601700,64.39,80.47,35.76,64.02,260
1988-09-02,3.7888,3.9139,3.6837,3.9139,658000,64.56,80.47,35.76,64.41,260
1988-09-09,3.8464,3.9139,3.818,3.8464,262100,62.18,80.47,35.76,59.08,260
1988-09-16,3.8464,3.9423,3.8464,3.9423,188000,64.2,80.47,35.76,63.6,260
1988-09-23,3.9907,3.9907,3.818,3.8379,323900,60.42,80.47,35.76,55.14,260
1988-09-30,3.771,3.8195,3.7417,3.7517,185200,57.41,80.47,35.76,48.42,260
1988-10-07,3.704,3.704,3.4724,3.6078,430800,52.69,80.47,35.76,37.87,260
1988-10-14,3.6455,3.6555,3.4924,3.5978,353800,52.37,80.47,35.76,37.15,260
1988-10-21,3.6363,3.7517,3.6363,3.7133,271000,55.73,80.47,35.76,44.67,260
1988-10-28,3.6363,3.6656,3.5786,3.5978,182400,51.79,80.47,35.76,35.86,260
1988-11-04,3.6748,3.684,3.5786,3.5878,137700,51.45,80.47,35.76,35.1,260
1988-11-11,3.5501,3.6656,3.5209,3.6078,210900,52.13,80.47,35.76,36.61,260
1988-11-18,3.6078,3.9926,3.5978,3.9734,353400,62.42,80.47,35.76,59.62,260
1988-11-25,3.9534,4.175,3.8957,4.175,209100,66.67,80.47,35.76,69.14,260
1988-12-02,4.1465,4.3005,4.1365,4.1465,347300,65.54,80.47,35.76,66.62,260
1988-12-09,4.1465,4.3097,4.1465,4.3005,378300,68.64,80.47,35.76,73.53,260
1988-12-16,4.2327,4.4444,4.2227,4.4159,477500,70.75,80.47,35.76,78.27,260
1988-12-23,4.4636,4.5021,4.3767,4.4251,366500,70.92,80.47,35.76,78.64,260
1988-12-30,4.4159,4.4636,4.3867,4.4544,108100,71.49,80.47,35.76,79.9,260
1989-01-06,4.4636,4.4829,4.3967,4.4636,236600,71.67,80.47,35.76,80.32,260
1989-01-13,4.4636,4.6083,4.4636,4.5306,503600,73.05,80.47,35.76,83.4,260
1989-01-20,4.5306,4.5306,4.2905,4.3289,383600,63.11,80.47,35.76,61.17,260
1989-01-27,4.3097,4.3867,4.3005,4.3767,333000,64.34,80.47,35.76,63.93,260
1989-02-03,4.3389,4.3582,4.252,4.2805,492100,59.98,80.47,35.76,54.17,260
1989-02-10,4.2805,4.3189,4.252,4.2712,306600,59.56,80.47,35.76,53.24,260
1989-02-17,4.2327,4.3097,4.185,4.2135,400600,56.9,80.47,35.76,47.27,260
1989-02-24,4.175,4.2805,4.1465,4.2612,313000,58.55,80.47,35.76,50.97,260
1989-03-03,4.2612,4.2712,4.185,4.2135,244600,56.23,80.47,35.76,45.78,260
1989-03-10,4.175,4.2227,4.1073,4.1173,163300,51.77,80.47,35.76,35.81,260
1989-03-17,4.0788,4.1273,3.9634,3.9734,287900,45.91,80.47,35.76,22.7,260
1989-03-23,3.9057,3.9626,3.8864,3.9626,245100,45.49,80.47,35.76,21.77,260
1989-03-31,3.8955,4.0305,3.8762,3.9341,160200,44.35,80.47,35.76,19.21,260
1989-04-07,3.9534,4.002,3.8862,3.9048,144100,43.15,80.47,35.76,16.53,260
1989-04-14,3.8955,3.9919,3.8862,3.9919,171800,47.68,80.47,35.76,26.67,260
1989-04-21,3.9919,4.002,3.8762,3.9341,307600,45.11,80.47,35.76,20.92,260
1989-04-28,3.9048,3.9341,3.8376,3.8376,187900,41.13,80.47,35.76,12.01,260
1989-05-05,3.8569,3.8862,3.8376,3.8762,180600,43.29,80.47,35.76,16.83,260
1989-05-12,4.002,4.1076,3.9827,3.9827,317100,48.85,80.47,35.76,29.29,260
1989-05-19,3.9341,4.0984,3.9248,4.0984,178400,54.13,80.47,35.76,41.08,260
1989-05-26,4.1169,4.1169,3.9919,4.0883,248800,53.61,80.47,35.76,39.93,260
1989-06-02,4.002,4.2812,4.002,4.2619,176100,60.61,80.47,35.76,55.58,260
1989-06-09,4.2426,4.2426,4.0883,4.0883,138100,52.14,80.47,35.76,36.63,260
1989-06-16,4.0883,4.1076,3.9441,4.0498,225200,50.45,80.47,35.76,32.86,260
1989-06-23,4.1076,4.3105,4.1076,4.3105,278000,59.9,80.47,35.76,53.99,260
1989-06-30,4.2233,4.2233,4.0405,4.0691,119400,50.33,80.47,35.76,32.59,260
1989-07-07,4.1462,4.4162,4.1462,4.4162,239700,60.18,80.47,35.76,54.62,260
1989-07-14,4.4069,4.4069,4.2712,4.2712,104200,55.25,80.47,37.32,41.55,260
1989-07-21,4.2527,4.3684,4.2141,4.3491,142200,57.27,80.47,37.32,46.24,260
1989-07-28,4.339,4.3869,4.3005,4.3776,128100,58.02,80.47,37.32,47.98,260
1989-08-04,4.4447,4.4648,4.4262,4.4355,102400,59.57,80.47,37.32,51.56,260
1989-08-11,4.4069,4.8111,4.3969,4.7733,235300,67.18,80.47,37.32,69.2,260
1989-08-18,4.7533,4.8312,4.6769,4.8111,90600,67.91,80.47,37.32,70.89,260
1989-08-25,4.7733,4.7826,4.6862,4.7633,132700,65.92,80.47,37.32,66.27,260
1989-09-01,4.6769,4.8111,4.6476,4.6769,166900,62.36,80.47,37.32,58.03,260
1989-09-08,4.7147,4.7147,4.474,4.474,119400,54.87,80.47,37.32,40.67,260
1989-09-15,4.3105,4.3684,4.2905,4.3583,289800,51.1,80.47,37.32,31.93,260
1989-09-22,4.329,4.5034,4.3105,4.4933,111200,54.99,80.47,37.32,40.93,260
1989-09-29,4.5714,4.7933,4.5614,4.7353,218200,60.97,80.47,37.32,54.81,260
1989-10-06,4.6967,4.7353,4.6093,4.6967,197500,59.61,80.47,37.32,51.65,260
1989-10-13,5.0546,5.0832,4.9479,4.958,147700,65.27,80.47,37.32,64.76,260
1989-10-20,4.8126,4.9286,4.7059,4.7639,260500,58.69,80.47,37.32,49.52,260
1989-10-27,4.774,4.774,4.6,4.6294,57200,54.59,80.47,37.32,40.01,260
1989-11-03,4.5614,4.5614,4.4547,4.484,70600,50.48,80.47,37.32,30.49,260
1989-11-10,4.4647,4.4748,4.4361,4.4547,46800,49.67,80.47,37.32,28.61,260
1989-11-17,4.4547,4.4933,4.3488,4.3488,114200,46.74,80.47,37.32,21.83,260
1989-11-24,4.3588,4.5127,4.3588,4.484,56100,50.73,80.47,37.32,31.08,260
1989-12-01,4.484,4.5227,4.4168,4.5127,81700,51.56,80.47,37.32,32.99,260
1989-12-08,4.5328,4.6487,4.5227,4.6093,168500,54.35,80.47,37.32,39.45,260
1989-12-15,4.6294,4.716,4.6,4.6093,337500,54.35,80.47,37.32,39.45,260
1989-12-22,4.6093,4.6193,4.5034,4.542,80600,51.93,80.47,37.32,33.86,260
1989-12-29,4.658,4.774,4.6487,4.6773,77100,56.15,80.47,37.32,43.63,260
1990-01-05,4.6673,4.7059,4.6,4.6093,46800,53.6,80.47,37.32,37.73,260
1990-01-12,4.6,4.6487,4.5227,4.5328,78400,50.81,80.47,37.32,31.26,260
1990-01-19,4.5227,4.5807,4.4547,4.5714,170200,52.17,80.47,37.32,34.4,260
1990-01-26,4.5513,4.5907,4.5127,4.5807,64300,52.51,80.47,37.32,35.19,260
1990-02-02,4.658,4.6673,4.3781,4.3781,94200,45.02,80.47,37.32,17.85,260
1990-02-09,4.3588,4.4454,4.3387,4.3488,40400,44.04,80.47,37.32,15.58,260
1990-02-16,4.3588,4.5227,4.3294,4.5227,101800,50.86,80.47,37.32,31.39,260
1990-02-23,4.3101,4.3201,4.1361,4.1361,238300,39.38,80.47,37.32,4.76,260
1990-03-02,4.0588,4.3201,4.0202,4.2908,276300,44.75,80.47,37.32,17.22,260
1990-03-09,4.2135,4.2328,4.0975,4.1462,107700,41.08,80.47,37.32,8.72,260
1990-03-16,4.0588,4.0588,3.9042,3.9235,108000,36.17,80.47,36.17,0.0,260
1990-03-23,3.7109,3.8563,3.7109,3.8563,384900,34.81,80.47,34.81,0.0,260
1990-03-30,3.9532,4.0694,3.8757,3.9051,208500,36.67,80.47,34.81,4.06,260
1990-04-06,3.7687,4.1276,3.74,4.1082,318500,43.83,80.47,34.81,19.75,260
1990-04-12,4.2245,4.2531,4.1663,4.1663,157000,45.72,80.47,34.81,23.89,260
1990-04-20,4.0888,4.1369,4.0214,4.0888,181700,43.61,80.47,34.81,19.27,260
1990-04-27,4.0501,4.1276,3.9532,4.1183,80000,44.66,80.47,34.81,21.56,260
1990-05-04,4.1183,4.2152,4.1082,4.2051,55400,47.73,80.47,34.81,28.29,260
1990-05-11,4.2051,4.4283,4.1663,4.4283,101000,54.7,80.47,34.81,43.55,260
1990-05-18,4.3989,4.4764,4.3896,4.4082,66600,54.0,80.47,34.81,42.02,260
1990-05-25,4.3989,4.5345,4.3989,4.4376,129900,54.91,80.47,34.81,44.01,260
1990-06-01,4.457,4.457,4.3795,4.3795,41200,52.7,80.47,34.81,39.17,260
1990-06-08,4.3795,4.4082,4.35,4.3601,54400,51.94,80.47,34.81,37.52,260
1990-06-15,4.3214,4.3601,4.2826,4.302,51900,49.66,80.47,34.81,32.52,260
1990-06-22,4.2531,4.2919,4.2152,4.2826,77600,48.89,80.47,34.81,30.82,260
1990-06-29,4.2245,4.5632,4.2152,4.5539,85500,58.6,80.47,34.81,52.09,260
1990-07-06,4.5539,4.5632,4.5051,4.5151,19600,56.93,80.47,34.81,48.45,260
1990-07-13,4.5345,4.7376,4.5151,4.7283,139700,63.13,80.47,34.81,62.02,260
1990-07-20,4.7283,4.7671,4.6213,4.6314,88700,58.98,80.47,34.81,52.92,260
1990-07-27,4.5834,4.6508,4.4865,4.4865,67100,53.32,80.47,34.81,40.54,260
1990-08-03,4.4958,4.5733,4.2152,4.2438,78400,45.46,80.47,34.81,23.32,260
1990-08-10,4.04,4.1764,4.002,4.0501,111500,40.35,80.47,34.81,12.12,260
1990-08-17,3.9919,4.2438,3.9338,3.9439,88100,37.84,80.47,34.81,6.62,260
1990-08-24,3.9919,4.0307,3.6338,3.74,174700,33.52,80.47,33.52,0.0,260
1990-08-31,3.9726,4.0694,3.9338,4.0214,123300,43.16,80.47,33.52,20.52,260
1990-09-07,3.9237,3.9237,3.8082,3.895,39800,40.33,80.47,33.52,14.5,260
1990-09-14,3.9819,3.9919,3.885,3.9439,88700,41.91,80.47,33.52,17.88,260
1990-09-21,3.9051,3.9051,3.6431,3.664,83400,36.01,80.47,33.52,5.31,260
1990-09-28,3.6454,3.6547,3.1298,3.1594,136100,28.28,80.47,28.28,0.0,260
1990-10-05,3.2854,4.1314,3.2854,4.1018,393400,49.91,80.47,28.28,41.44,260
1990-10-12,4.1213,4.1314,3.8009,3.8973,196700,46.62,80.47,28.28,35.14,260
1990-10-19,3.9074,4.1314,3.888,3.9945,172200,48.36,80.47,28.28,38.47,260
1990-10-26,4.0435,4.1314,3.9658,3.9658,45300,47.87,80.47,28.28,37.52,260
1990-11-02,3.9759,4.0147,3.8009,3.888,22700,46.47,80.47,28.28,34.86,260
1990-11-09,3.8779,3.9175,3.5287,3.5575,127600,41.02,80.47,28.28,24.4,260
1990-11-16,3.577,3.713,3.5186,3.5381,147700,40.72,80.47,28.28,23.82,260
1990-11-23,3.5575,3.5871,3.4603,3.5381,105200,40.72,80.47,28.28,23.82,260
1990-11-30,3.5186,3.5287,3.3437,3.4798,197900,39.7,80.47,28.28,21.87,260
1990-12-07,3.402,3.577,3.2465,3.5482,298500,41.55,80.47,28.28,25.41,260
1990-12-14,3.5871,3.5871,3.4696,3.5085,110800,40.77,80.47,28.28,23.92,260
1990-12-21,3.4992,3.6065,3.4603,3.4798,81000,40.18,80.47,28.28,22.79,260
1990-12-28,3.4603,3.4798,3.3631,3.3732,27000,37.99,80.47,28.28,18.59,260
1991-01-04,3.353,3.4603,3.3437,3.4502,41600,40.51,80.47,28.28,23.43,260
1991-01-11,3.3826,3.4992,3.3149,3.4603,136200,40.85,80.47,28.28,24.08,260
1991-01-18,3.4214,3.6742,3.3048,3.6547,130800,47.12,80.47,28.28,36.09,260
1991-01-25,3.5964,3.5964,3.4798,3.5668,117900,44.81,80.47,28.28,31.66,260
1991-02-01,3.577,3.7714,3.5668,3.7037,130400,49.0,80.47,28.28,39.7,260
1991-02-08,3.7325,4.0046,3.7325,4.0046,474800,56.78,80.47,28.28,54.61,260
1991-02-15,4.0241,4.2667,4.0241,4.248,722600,61.85,80.47,28.28,64.32,260
1991-02-22,4.2185,4.2185,4.0147,4.0147,137800,55.17,80.47,28.28,51.52,260
1991-03-01,4.0917,4.1018,3.888,3.9175,272000,52.62,80.47,28.28,46.64,260
1991-03-08,3.9175,4.0435,3.9074,3.9658,320900,53.76,80.47,28.28,48.82,260
1991-03-15,3.9074,3.9175,3.8102,3.839,135500,50.33,80.47,28.28,42.24,260
1991-03-22,3.8491,3.8686,3.762,3.8118,113400,49.6,80.47,28.28,40.84,260
1991-03-28,3.7822,3.7915,3.7042,3.7143,65300,46.96,80.47,28.28,35.79,260
1991-04-05,3.6652,3.8212,3.6262,3.7627,105000,48.43,80.47,28.28,38.6,260
1991-04-12,3.7533,3.7915,3.6847,3.7728,107000,48.75,80.47,28.28,39.21,260
1991-04-19,3.7822,3.9288,3.7432,3.7627,114800,48.42,80.47,28.28,38.59,260
1991-04-26,3.7143,3.7143,3.5186,3.5287,354200,41.58,80.47,28.28,25.47,260
1991-05-03,3.5389,3.6356,3.5186,3.5482,60000,42.31,80.47,28.28,26.87,260
1991-05-10,3.5583,3.5677,3.4897,3.4897,63400,40.66,80.47,28.28,23.72,260
1991-05-17,3.4024,3.4211,3.3533,3.3922,166400,38.01,80.47,28.28,18.63,260
1991-05-24,3.3439,3.4507,3.3439,3.4414,114800,40.13,80.47,28.28,22.7,260
1991-05-31,3.4507,3.5677,3.4312,3.5677,71600,45.31,80.47,28.28,32.63,260
1991-06-07,3.5482,3.5482,3.3922,3.4211,95700,40.89,80.47,28.28,24.15,260
1991-06-14,3.3143,3.5092,3.2854,3.4897,136600,43.66,80.47,28.28,29.46,260
1991-06-21,3.4702,3.4702,3.3626,3.4117,123500,41.29,80.47,28.28,24.92,260
1991-06-28,3.3626,3.5482,3.3439,3.5186,256400,45.64,80.47,28.28,33.26,260
1991-07-05,3.6558,3.6652,3.4897,3.5482,122400,46.82,80.47,28.28,35.52,260
1991-07-12,3.5287,3.6457,3.4897,3.5872,135200,48.41,80.47,28.28,38.56,260
1991-07-19,3.5677,3.5771,3.4897,3.5186,141700,45.82,80.47,28.28,33.6,260
1991-07-26,3.5092,3.5287,3.4601,3.4897,140700,44.74,80.47,28.28,31.52,260
1991-08-02,3.4796,3.5973,3.4702,3.5771,205700,48.69,80.47,28.28,39.1,260
1991-08-09,3.5389,3.5677,3.4507,3.4702,188300,44.5,80.47,28.28,31.06,260
1991-08-16,3.4312,3.4507,3.2854,3.3041,180500,38.89,80.47,28.28,20.32,260
1991-08-23,3.0023,3.3922,3.0023,3.2558,364100,37.41,80.47,28.28,17.49,260
1991-08-30,3.2269,3.2651,3.1879,3.2456,124500,37.09,80.47,28.28,16.88,260
1991-09-06,3.2558,3.3041,3.2558,3.3041,102200,40.25,80.47,28.28,22.93,260
1991-09-13,3.3041,3.3041,3.2456,3.3041,88000,40.25,80.47,28.28,22.93,260
1991-09-20,3.3041,3.3244,3.2854,3.2948,109900,39.88,80.47,28.28,22.22,260
1991-09-27,3.0138,3.1704,3.0138,3.1508,226400,34.59,80.47,28.28,12.09,260
1991-10-04,3.161,3.2189,3.1015,3.1015,98000,32.98,80.47,28.28,9.0,260
1991-10-11,3.1015,3.1798,3.0726,3.1313,93000,34.95,80.47,28.28,12.77,260
1991-10-18,3.1219,3.1313,3.0921,3.1219,39300,34.6,80.47,28.28,12.11,260
1991-10-25,3.053,3.1117,3.0334,3.0921,85500,33.47,80.47,28.28,9.94,260
1991-11-01,3.0726,3.1508,3.0624,3.0921,54300,33.47,80.47,28.28,9.94,260
1991-11-08,3.0921,3.1219,3.0138,3.0334,151800,31.14,80.47,28.28,5.48,260
1991-11-15,3.0045,3.053,2.8573,2.8667,84700,25.68,80.47,25.68,0.0,260
1991-11-22,2.8964,2.9262,2.6224,2.6616,227200,20.84,80.47,20.84,0.0,260
1991-11-29,2.6811,2.6913,2.5739,2.5739,183700,19.17,80.47,19.17,0.0,260
1991-12-06,2.5637,2.6224,2.5246,2.5833,200600,19.91,80.47,19.17,1.2,260
1991-12-13,2.5637,2.5739,2.4565,2.5442,148900,19.13,80.47,19.13,0.0,260
1991-12-20,2.5833,2.6522,2.4659,2.505,110200,18.35,80.47,18.35,0.0,260
1991-12-27,2.4753,2.5535,2.4753,2.4956,73700,18.16,80.47,18.16,0.0,260
1992-01-03,2.5348,2.9747,2.5348,2.8667,403800,43.26,80.47,18.16,40.29,260
1992-01-10,2.7986,2.8087,2.4659,2.4659,328500,31.89,80.47,18.16,22.03,260
1992-01-17,2.4565,2.6224,2.4361,2.6029,502400,37.9,80.47,18.16,31.68,260
1992-01-24,2.6029,2.7305,2.5833,2.671,263600,40.7,80.47,18.16,36.17,260
1992-01-31,2.6616,2.6811,2.6224,2.6318,262800,39.59,80.47,18.16,34.4,260
1992-02-07,2.671,2.7305,2.6616,2.6913,244100,42.17,80.47,18.16,38.53,260
1992-02-14,2.671,2.671,2.5442,2.5637,166000,38.39,80.47,18.16,32.47,260
1992-02-21,2.4659,2.4753,2.397,2.4659,415200,35.75,80.47,18.16,28.23,260
1992-02-28,2.4659,2.4854,2.4267,2.4565,176200,35.49,80.47,18.16,27.82,260
1992-03-06,2.4753,2.4854,2.3782,2.3876,161100,33.62,80.47,18.16,24.81,260
1992-03-13,2.3578,2.3578,2.2608,2.3187,256000,31.81,80.47,18.16,21.9,260
1992-03-20,2.2999,2.3782,2.2702,2.368,301300,34.53,80.47,18.16,26.27,260
1992-03-27,2.368,2.4599,2.368,2.3812,175200,35.27,80.47,18.16,27.46,260
1992-04-03,2.3709,2.4205,2.352,2.4205,173100,37.55,80.47,18.16,31.11,260
1992-04-10,2.4205,2.578,2.3615,2.5284,359400,43.42,80.47,18.16,40.55,260
1992-04-16,2.4205,2.5583,2.4205,2.5583,233100,44.97,80.47,18.16,43.03,260
1992-04-24,2.4599,2.5677,2.4402,2.5488,186500,44.56,80.47,18.16,42.36,260
1992-05-01,2.5583,2.5677,2.5284,2.5488,127900,44.56,80.47,18.16,42.36,260
1992-05-08,2.5189,2.6669,2.4992,2.6464,228500,50.07,80.47,18.16,51.21,260
1992-05-15,2.6464,2.696,2.5882,2.6071,212000,48.0,80.47,18.16,47.88,260
1992-05-22,2.6464,2.6764,2.578,2.5976,139600,47.49,80.47,18.16,47.07,260
1992-05-29,2.5882,2.6669,2.489,2.6567,107200,50.98,80.47,18.16,52.67,260
1992-06-05,2.6567,2.7157,2.637,2.6858,123800,52.65,80.47,18.16,55.36,260
1992-06-12,2.6764,2.6764,2.5677,2.578,76200,46.35,80.47,18.16,45.24,260
1992-06-19,2.5386,2.5677,2.4796,2.5583,187900,45.28,80.47,18.16,43.53,260
1992-06-26,2.5189,2.6464,2.4796,2.578,210200,46.6,80.15,18.16,45.89,260
1992-07-02,2.5976,2.6858,2.5677,2.6764,113200,52.75,80.15,18.16,55.8,260
1992-07-10,2.6669,2.6669,2.5976,2.6464,178800,50.84,80.15,18.16,52.71,260
1992-07-17,2.6858,2.696,2.5677,2.5976,259500,47.79,80.15,18.16,47.79,260
1992-07-24,2.5189,2.5284,2.3914,2.4205,477000,38.71,80.15,18.16,33.15,260
1992-07-31,2.4008,2.4599,2.3709,2.4599,508900,41.37,80.15,18.16,37.45,260
1992-08-07,2.4599,2.5095,2.4008,2.4008,171100,38.66,75.55,18.16,35.72,260
1992-08-14,2.3812,2.4008,2.3418,2.3812,232400,37.77,74.04,18.16,35.09,260
1992-08-21,2.3812,2.5386,2.2237,2.4701,309300,44.04,74.04,18.16,46.31,260
1992-08-28,2.489,2.6669,2.4402,2.6567,367400,54.41,74.04,18.16,64.88,260
1992-09-04,2.6669,2.6858,2.5488,2.6669,190900,54.91,74.04,18.16,65.76,260
1992-09-11,2.6669,2.7456,2.6173,2.6173,272200,51.97,74.04,18.16,60.51,260
1992-09-18,2.6669,2.696,2.6464,2.6764,310000,55.05,74.04,18.16,66.02,260
1992-09-25,2.6764,2.7488,2.6567,2.699,192700,56.21,74.04,18.16,68.1,260
1992-10-02,2.7093,2.729,2.5906,2.6009,130000,50.17,73.42,18.16,57.92,260
1992-10-09,2.5803,2.6009,2.5115,2.5511,72300,47.38,73.42,18.16,52.88,260
1992-10-16,2.6104,2.699,2.6104,2.68,162900,54.43,73.42,18.16,65.65,260
1992-10-23,2.6405,2.6697,2.6104,2.6405,117300,52.13,73.42,18.16,61.47,260
1992-10-30,2.6405,2.6405,2.5613,2.5613,137500,47.76,73.42,18.16,53.57,260
1992-11-06,2.5708,2.6009,2.472,2.4822,64800,43.81,73.42,18.16,46.42,260
1992-11-13,2.4522,2.4822,2.4221,2.4427,114000,41.95,73.42,18.16,43.05,260
1992-11-20,2.4126,2.5218,2.3929,2.4522,192500,42.58,73.42,18.16,44.19,260
1992-11-27,2.4324,2.5511,2.4324,2.5511,66200,48.83,73.42,18.16,55.51,260
1992-12-04,2.5803,2.6405,2.5708,2.5906,338300,51.13,73.42,18.16,59.66,260
1992-12-11,2.6009,2.6594,2.5803,2.6405,257000,53.93,73.42,18.16,64.73,260
1992-12-18,2.6405,2.699,2.6199,2.699,192500,57.04,73.42,18.16,70.37,260
1992-12-24,2.699,2.7591,2.699,2.7488,184000,59.55,73.42,18.16,74.91,260
1992-12-31,2.699,2.7093,2.6594,2.699,130000,56.03,73.42,18.16,68.53,260
1993-01-08,2.6895,2.699,2.6302,2.6405,275100,52.13,73.42,18.16,61.47,260
1993-01-15,2.6302,2.6405,2.5313,2.5708,136300,47.86,73.42,18.16,53.75,260
1993-01-22,2.5708,2.68,2.5708,2.6104,223200,50.35,73.42,18.16,58.25,260
1993-01-29,2.6009,2.6302,2.5803,2.5803,110600,48.46,73.42,18.16,54.83,260
1993-02-05,2.5803,2.6499,2.5803,2.6499,97900,52.87,73.42,18.16,62.82,260
1993-02-12,2.6199,2.6697,2.6199,2.6594,185800,53.46,73.42,18.16,63.88,260
1993-02-19,2.699,2.7093,2.6499,2.6499,119100,52.75,73.42,18.16,62.6,260
1993-02-26,2.6199,2.6594,2.6009,2.6499,171300,52.75,73.42,18.16,62.6,260
1993-03-05,2.6499,2.6499,2.6199,2.6302,82600,51.12,73.42,18.16,59.65,260
1993-03-12,2.68,2.7781,2.68,2.729,214200,58.1,73.42,18.16,72.27,260
1993-03-19,2.729,2.8778,2.7196,2.7987,407700,62.19,73.42,18.16,79.68,260
1993-03-26,2.7987,2.9633,2.7884,2.953,362800,69.34,73.42,18.16,92.61,260
1993-04-02,3.0325,3.1025,3.023,3.0826,396300,73.81,73.81,18.16,100.0,260
1993-04-08,3.1025,3.451,3.1025,3.3714,537700,80.61,80.61,18.16,100.0,260
1993-04-16,3.3507,3.4907,3.3507,3.4008,254200,81.15,81.15,18.16,100.0,260
1993-04-23,3.3809,3.3809,3.3109,3.3611,233000,78.0,81.15,18.16,95.01,260
1993-04-30,3.3809,3.5798,3.3611,3.5703,177200,81.96,81.96,18.16,100.0,260
1993-05-07,3.5599,3.5798,3.4804,3.4804,122700,75.66,81.96,18.16,90.13,260
1993-05-14,3.4605,3.4907,3.3714,3.3714,193600,68.76,81.96,18.16,79.31,260
1993-05-21,3.3809,3.3905,3.2918,3.3809,331900,69.03,81.96,18.16,79.73,260
1993-05-28,3.3507,3.3611,3.3316,3.3507,62600,67.08,81.96,18.16,76.67,260
1993-06-04,3.3412,3.4907,3.3412,3.4605,94900,70.35,81.96,18.16,81.81,260
1993-06-11,3.4406,3.451,3.3507,3.3611,66100,64.13,81.96,18.16,72.05,260
1993-06-18,3.3316,3.3316,3.1622,3.1916,587300,55.17,81.96,18.16,58.0,260
1993-06-25,3.1518,3.1916,3.1121,3.1821,104100,54.7,81.96,18.16,57.28,260
1993-07-02,3.1916,3.2218,3.1518,3.1622,52700,53.69,81.96,18.16,55.69,260
1993-07-09,3.1725,3.1725,3.1327,3.1622,60900,53.69,81.96,18.16,55.69,260
1993-07-16,3.1725,3.4207,3.1725,3.4207,127700,63.79,81.96,18.16,71.53,260
1993-07-23,3.4112,3.4207,3.3316,3.3316,44500,59.02,81.96,18.16,64.04,260
1993-07-30,3.3109,3.4207,3.2815,3.3714,99300,60.44,81.96,18.16,66.27,260
1993-08-06,3.3507,3.3809,3.3213,3.3316,96500,58.26,81.96,18.16,62.85,260
1993-08-13,3.3809,3.4112,3.3412,3.3611,237200,59.43,81.96,18.16,64.68,260
1993-08-20,3.3809,3.4207,3.3611,3.3714,116800,59.85,81.96,18.16,65.35,260
1993-08-27,3.4008,3.4207,3.3611,3.4207,96200,61.9,81.96,18.16,68.56,260
1993-09-03,3.4303,3.5098,3.4207,3.5098,155600,65.34,81.96,18.16,73.95,260
1993-09-10,3.5098,3.5599,3.451,3.4804,334800,63.31,81.96,18.16,70.76,260
1993-09-17,3.47,3.47,3.3213,3.3213,111400,53.6,81.96,18.16,55.54,260
1993-09-24,3.3213,3.4362,3.3014,3.4162,64900,57.76,81.96,18.16,62.07,260
1993-10-01,3.4058,3.4562,3.3867,3.4266,47600,58.2,81.96,18.16,62.76,260
1993-10-08,3.4562,3.5065,3.4562,3.4666,106300,59.94,81.96,18.16,65.48,260
1993-10-15,3.4666,3.4961,3.3563,3.4961,167900,61.22,81.96,18.16,67.49,260
1993-10-22,3.5361,3.636,3.5361,3.636,247200,66.66,81.96,18.16,76.02,260
1993-10-29,3.636,3.6456,3.5561,3.636,69600,66.66,81.96,18.16,76.02,260
1993-11-05,3.6264,3.6855,3.6264,3.6264,117600,65.93,81.96,18.16,74.87,260
1993-11-12,3.6264,3.6959,3.5361,3.6855,69700,68.25,81.96,18.16,78.51,260
1993-11-19,3.6264,3.6456,3.5465,3.5657,80300,59.4,81.96,18.16,64.64,260
1993-11-26,3.5065,3.5465,3.3962,3.4058,237800,50.07,81.96,18.16,50.02,260
1993-12-03,3.3659,3.616,3.3467,3.6056,301900,58.78,81.96,18.16,63.68,260
1993-12-10,3.576,3.8054,3.576,3.8054,195100,65.3,81.96,18.16,73.89,260
1993-12-17,3.8957,4.0451,3.8661,4.0355,406800,71.0,81.96,18.16,82.81,260
1993-12-23,3.9556,3.9756,3.9253,3.9556,164900,66.89,81.96,18.16,76.38,260
1993-12-31,3.8853,3.986,3.8853,3.986,140100,67.66,81.96,18.16,77.58,260
1994-01-07,3.9556,4.1754,3.946,4.1354,371000,71.19,81.96,18.16,83.11,260
1994-01-14,4.1858,4.3056,4.1059,4.2952,455200,74.4,81.96,18.16,88.15,260
1994-01-21,4.2849,4.2952,4.1059,4.1154,685500,65.54,81.96,18.16,74.26,260
1994-01-28,4.0451,4.515,4.0355,4.475,772400,72.58,81.96,18.16,85.29,260
1994-02-04,4.7052,4.7747,4.555,4.555,572900,73.85,81.96,18.16,87.29,260
1994-02-11,4.5949,4.6652,4.5853,4.5949,294600,74.49,81.96,18.16,88.3,260
1994-02-18,4.5749,4.6149,4.4047,4.5853,364000,74.02,81.96,18.16,87.56,260
1994-02-25,4.5949,4.8946,4.5949,4.8746,239500,78.43,81.96,18.16,94.47,260
1994-03-04,4.8946,4.9345,4.6748,4.7148,430700,71.24,81.96,18.16,83.2,260
1994-03-11,4.7348,4.7947,4.6045,4.7851,214100,72.44,81.96,18.16,85.08,260
1994-03-18,4.7947,4.8251,4.6652,4.6652,195600,67.3,81.96,18.16,77.02,260
1994-03-25,4.6652,4.6652,4.5645,4.6116,407500,65.07,81.96,18.16,73.53,260
1994-03-31,4.7119,4.7319,4.5009,4.5218,221200,61.41,81.96,18.16,67.79,260
1994-04-08,4.4713,4.6613,4.4512,4.5619,190800,62.43,81.96,18.16,69.38,260
1994-04-15,4.5515,4.6317,4.5515,4.5916,137600,63.2,81.96,18.16,70.59,260
1994-04-22,4.6116,4.6613,4.5314,4.5619,77800,61.83,81.96,18.16,68.45,260
1994-04-29,4.5515,4.5916,4.4817,4.4817,219400,58.16,81.96,18.16,62.7,260
1994-05-06,4.4713,4.4913,4.4207,4.4312,167300,55.91,81.96,18.16,59.17,260
1994-05-13,4.3911,4.5314,4.351,4.5218,91200,58.98,81.96,18.16,63.98,260
1994-05-20,4.5218,4.6116,4.5218,4.5916,74700,61.21,81.96,18.16,67.48,260
1994-05-27,4.5811,4.6718,4.5515,4.6718,80200,63.67,81.96,18.16,71.33,260
1994-06-03,4.7415,4.8723,4.7223,4.8025,142200,67.29,81.96,18.16,77.01,260
1994-06-10,4.7319,4.9228,4.7223,4.902,178600,69.77,81.96,18.16,80.89,260
1994-06-17,4.902,4.9228,4.8923,4.9124,146900,70.02,81.96,18.16,81.29,260
1994-06-24,4.902,4.902,4.8218,4.8522,177100,66.52,81.96,18.16,75.81,260
1994-07-01,4.7921,4.8923,4.7624,4.8025,170600,63.69,81.96,18.16,71.37,260
1994-07-08,5.0527,5.0728,4.8923,4.8923,223300,66.47,81.96,18.16,75.72,260
1994-07-15,4.8923,4.9124,4.8025,4.8522,213600,64.11,81.96,18.16,72.02,260
1994-07-22,4.8426,4.8827,4.8025,4.8121,67500,61.75,81.96,18.16,68.32,260
1994-07-29,4.7319,4.7624,4.5916,4.752,106600,58.28,81.96,18.16,62.89,260
1994-08-05,4.7624,4.8322,4.7119,4.7319,107100,57.13,81.96,18.16,61.09,260
1994-08-12,4.7319,4.772,4.6918,4.7319,105300,57.13,81.96,18.16,61.09,260
1994-08-19,4.7319,4.8121,4.7119,4.8121,75700,60.73,81.96,18.16,66.73,260
1994-08-26,4.8121,4.8121,4.7223,4.7319,65700,55.7,81.96,18.16,58.84,260
1994-09-02,4.7319,4.9124,4.7119,4.8923,134500,62.41,81.96,18.16,69.36,260
1994-09-09,4.8619,4.8619,4.6517,4.6517,82600,50.14,81.96,18.16,50.12,260
1994-09-16,4.7223,4.7817,4.7119,4.7319,126400,53.43,81.96,18.16,55.28,260
1994-09-23,4.7319,4.809,4.7014,4.7985,135300,56.02,81.96,18.16,59.34,260
1994-09-30,4.7792,4.7792,4.6882,4.6987,91400,51.4,81.96,18.16,52.1,260
1994-10-07,4.6778,4.7285,4.6182,4.7285,232100,52.65,81.96,18.16,54.07,260
1994-10-14,4.718,4.8492,4.718,4.8387,170500,57.07,81.96,18.16,60.99,260
1994-10-21,4.8387,4.8693,4.809,4.8194,142900,56.08,81.96,18.16,59.44,260
1994-10-28,4.809,4.8597,4.7792,4.8387,87900,56.89,81.96,18.16,60.7,260
1994-11-04,4.8492,4.8999,4.7486,4.7486,190400,52.1,81.96,18.16,53.2,260
1994-11-11,4.7285,4.7583,4.6987,4.7083,139000,50.07,81.96,18.16,50.02,260
1994-11-18,4.6882,4.7285,4.3768,4.4065,578200,38.1,81.96,18.16,31.26,260
1994-11-25,4.2657,4.2963,4.0548,4.1651,325200,31.6,81.96,18.16,21.06,260
1994-12-02,4.1852,4.3558,4.1755,4.3462,271900,39.89,81.96,18.16,34.06,260
1994-12-09,4.3961,4.4065,4.2351,4.2351,195800,36.93,81.96,18.16,29.42,260
1994-12-16,4.2858,4.326,4.2858,4.3059,135600,39.99,81.96,18.16,34.21,260
1994-12-23,4.3663,4.5273,4.3663,4.5273,227700,48.4,81.96,18.16,47.4,260
1994-12-30,4.5168,4.5273,4.4766,4.5168,132800,48.06,81.96,18.16,46.86,260
1995-01-06,4.5168,4.5168,4.4363,4.4468,66100,45.72,81.96,18.16,43.2,260
1995-01-13,4.4468,4.4766,4.3961,4.4065,116700,44.39,81.96,18.16,41.11,260
1995-01-20,4.4267,4.4363,4.1144,4.1248,315100,36.38,81.96,18.16,28.56,260
1995-01-27,3.9437,4.0339,3.9035,3.9132,184900,31.75,81.96,18.16,21.3,260
1995-02-03,3.9236,3.9743,3.7522,3.7627,227100,28.92,81.96,18.16,16.87,260
1995-02-10,3.7828,3.9132,3.7731,3.9132,130700,35.13,81.96,18.16,26.6,260
1995-02-17,3.8834,3.8834,3.5413,3.5912,520500,29.25,81.96,18.16,17.38,260
1995-02-24,3.6419,3.6926,3.5614,3.5816,140000,29.09,81.96,18.16,17.13,260
1995-03-03,3.4407,3.7329,3.4206,3.7329,368700,34.99,81.96,18.16,26.39,260
1995-03-10,3.7522,3.7924,3.7023,3.712,163700,34.57,81.96,18.16,25.72,260
1995-03-17,3.7329,3.7329,3.6524,3.6717,170300,33.71,81.96,18.16,24.38,260
1995-03-24,3.662,3.7531,3.6419,3.7425,153300,36.68,81.96,18.16,29.03,260
1995-03-31,3.8437,4.0055,3.834,3.9554,203900,44.69,81.96,18.16,41.59,260
1995-04-07,3.9149,3.9343,3.834,3.8939,216200,43.0,81.96,18.16,38.94,260
1995-04-13,3.9748,4.1577,3.9448,4.0864,329300,49.46,81.96,18.16,49.06,260
1995-04-21,4.0662,4.2483,4.0662,4.2078,232900,53.07,81.96,18.16,54.72,260
1995-04-28,4.1269,4.2281,4.1172,4.1172,149100,50.19,81.96,18.16,50.2,260
1995-05-05,4.1366,4.1981,4.1269,4.1674,47100,51.75,81.96,18.16,52.65,260
1995-05-12,4.1366,4.1674,3.9149,3.9149,175000,44.23,81.96,18.16,40.87,260
1995-05-19,3.9651,4.0055,3.8841,3.8841,125800,43.4,81.96,18.16,39.57,260
1995-05-26,3.8744,3.9554,3.8534,3.9554,126700,45.93,81.96,18.16,43.52,260
1995-06-02,3.9651,4.0258,3.9554,4.0152,82500,48.02,81.96,18.16,46.81,260
1995-06-09,4.0258,4.0363,3.8939,3.9044,82800,44.58,81.96,18.16,41.41,260
1995-06-16,3.8841,3.9044,3.7126,3.7223,247100,39.55,81.96,18.16,33.54,260
1995-06-23,3.732,4.0152,3.732,3.9748,282800,48.26,81.96,18.16,47.18,260
1995-06-30,3.9958,4.0864,3.8841,3.9246,322500,46.82,81.96,18.16,44.92,260
1995-07-07,3.9448,4.1366,3.9448,4.1172,156300,52.67,81.96,18.16,54.09,260
1995-07-14,4.2281,4.4304,4.2175,4.4004,302300,59.69,81.96,18.16,65.09,260
1995-07-21,4.4101,4.4813,4.36,4.4506,385600,60.8,81.96,18.16,66.83,260
1995-07-28,4.4708,4.4813,4.3292,4.4004,230100,59.05,81.96,18.16,64.09,260
1995-08-04,4.4004,4.7136,4.3494,4.6731,375900,64.95,81.96,18.16,73.34,260
1995-08-11,4.6626,4.7031,4.5315,4.5623,145000,61.1,81.96,18.16,67.3,260
1995-08-18,4.5218,4.6432,4.4813,4.5315,219000,60.03,81.96,18.16,65.63,260
1995-08-25,4.491,4.5113,4.3389,4.3494,120600,54.03,81.96,18.16,56.22,260
1995-09-01,4.3292,4.4708,4.3292,4.4708,133500,57.11,81.96,18.16,61.05,260
1995-09-08,4.4198,4.4304,4.3195,4.36,105100,53.58,81.96,18.16,55.51,260
1995-09-15,4.2985,4.309,4.1771,4.1876,188300,48.55,81.96,18.16,47.63,260
1995-09-22,4.1771,4.2887,4.1674,4.2078,148700,49.15,81.96,18.16,48.58,260
1995-09-29,4.1981,4.3059,4.1366,4.2961,154500,51.81,81.96,18.16,52.74,260
1995-10-06,4.2653,4.2961,4.1637,4.275,135100,51.12,81.96,18.16,51.66,260
1995-10-13,4.245,4.245,4.1028,4.1337,227000,46.66,81.96,18.16,44.67,260
1995-10-20,4.1434,4.2247,4.1231,4.2247,143000,49.7,81.96,18.16,49.44,260
1995-10-27,4.2247,4.2247,3.8184,3.8282,239000,39.21,81.96,18.16,32.99,260
1995-11-03,3.8387,3.8899,3.6966,3.8688,293300,40.59,81.96,18.16,35.16,260
1995-11-10,3.8493,4.0524,3.7372,4.0419,246800,46.21,81.96,18.16,43.97,260
1995-11-17,4.0313,4.0313,3.9501,4.0215,169700,45.66,81.96,18.16,43.11,260
1995-11-24,4.093,4.2043,4.0719,4.2043,175100,51.25,81.96,18.16,51.86,260
1995-12-01,4.2247,4.4586,4.2247,4.4375,199900,57.28,81.96,18.16,61.31,260
1995-12-08,4.4481,4.6406,4.418,4.6,224100,60.91,81.96,18.16,67.0,260
1995-12-15,4.5902,4.743,4.4993,4.4993,326200,57.64,81.96,18.16,61.88,260
1995-12-22,4.509,4.773,4.4075,4.7625,184300,63.19,81.96,18.16,70.59,260
1995-12-29,4.7625,4.9965,4.743,4.9867,135300,67.15,81.96,18.16,76.79,260
1996-01-05,4.9558,5.3824,4.9558,5.2906,398100,71.6,81.96,18.16,83.76,260
1996-01-12,5.2605,5.2906,5.0168,5.068,240700,64.68,81.96,18.16,72.92,260
1996-01-19,5.0574,5.1086,4.9965,4.9965,152800,62.59,81.96,18.16,69.64,260
1996-01-26,5.0168,5.0371,4.773,4.8649,228200,58.82,81.96,18.16,63.74,260
1996-02-02,4.7836,5.0371,4.773,4.9762,248900,60.96,81.96,18.16,67.09,260
1996-02-09,4.9558,5.098,4.925,4.9762,451300,60.96,81.96,18.16,67.09,260
1996-02-16,4.9558,5.0168,4.9055,4.9461,141100,59.99,81.96,18.16,65.56,260
1996-02-23,4.8137,4.8543,4.743,4.8137,231900,55.75,81.96,18.16,58.92,260
1996-03-01,4.8031,4.8543,4.7121,4.7121,156800,52.67,81.96,18.16,54.1,260
1996-03-08,4.7121,4.8543,4.6617,4.7527,272700,53.77,81.96,18.16,55.82,260
1996-03-15,4.7527,4.8543,4.7527,4.8543,136800,56.49,81.96,18.16,60.08,260
1996-03-22,4.8649,4.9055,4.8242,4.8746,147400,57.03,81.96,18.16,60.93,260
1996-03-29,4.8843,4.9618,4.8242,4.9512,279300,59.11,81.96,18.16,64.19,260
1996-04-04,4.9618,4.9715,4.89,4.9104,252700,57.52,81.96,18.16,61.69,260
1996-04-12,4.8395,4.8998,4.8085,4.8697,466000,55.9,81.96,18.16,59.15,260
1996-04-19,4.8697,5.0938,4.8289,5.0734,566400,61.71,81.96,18.16,68.26,260
1996-04-26,5.2364,5.2666,5.1957,5.2666,263900,66.25,81.96,18.16,75.38,260
1996-05-03,5.2878,5.2878,5.1753,5.2063,79000,63.71,81.96,18.16,71.4,260
1996-05-10,5.216,5.2364,5.1957,5.2258,173700,64.19,81.96,18.16,72.15,260
1996-05-17,5.216,5.3285,5.1655,5.2975,401200,65.97,81.96,18.16,74.93,260
1996-05-24,5.2975,5.2975,5.216,5.247,195600,63.57,81.96,18.16,71.18,260
1996-05-31,5.2063,5.2364,5.1549,5.2258,113000,62.55,81.96,18.16,69.58,260
1996-06-07,5.2063,5.2258,5.1142,5.2063,245900,61.56,81.96,18.16,68.03,260
1996-06-14,5.1753,5.3693,5.1753,5.3285,93900,65.25,81.96,18.16,73.81,260
1996-06-21,5.3285,5.3693,5.3073,5.3285,283100,65.25,81.96,18.16,73.81,260
1996-06-28,5.3383,5.4296,5.3383,5.3888,144300,67.06,81.96,18.16,76.65,260
1996-07-05,5.3888,5.3994,5.2666,5.2878,91800,61.3,81.96,18.16,67.62,260
1996-07-12,5.2364,5.3285,5.2063,5.216,147200,57.53,81.96,18.16,61.7,260
1996-07-19,5.2364,5.247,5.084,5.2063,263000,57.01,81.96,18.16,60.9,260
1996-07-26,5.1957,5.2063,5.0123,5.0938,152000,51.32,81.96,18.16,51.97,260
1996-08-02,5.1036,5.3383,5.0938,5.3285,271600,60.24,81.96,18.16,65.96,260
1996-08-09,5.3073,5.3383,5.1851,5.2063,118200,54.62,81.96,18.16,57.16,260
1996-08-16,5.2063,5.2878,5.2063,5.247,116300,56.09,81.96,18.16,59.46,260
1996-08-23,5.247,5.2975,5.2258,5.2975,77600,57.91,81.96,18.16,62.31,260
1996-08-30,5.2568,5.2878,5.1345,5.1549,96800,51.43,81.96,18.16,52.15,260
1996-09-06,5.1248,5.1345,5.0938,5.0938,231500,48.91,81.96,18.16,48.19,260
1996-09-13,5.1036,5.1655,5.0938,5.1655,85500,51.89,81.96,18.16,52.87,260
1996-09-20,5.1851,5.216,5.1248,5.1957,129700,53.13,81.96,18.16,54.82,260
1996-09-27,5.1851,5.2218,5.1597,5.2112,114000,53.79,81.96,18.16,55.85,260
1996-10-04,5.1907,5.2414,5.1499,5.1597,224900,51.21,81.96,18.16,51.81,260
1996-10-11,5.1401,5.1703,5.0992,5.1703,127300,51.73,81.96,18.16,52.62,260
1996-10-18,5.1703,5.2112,5.1499,5.1597,116100,51.15,81.96,18.16,51.71,260
1996-10-25,5.1401,5.1401,4.9455,4.9455,170700,41.13,81.96,18.16,36.0,260
1996-11-01,4.9357,4.9864,4.854,4.854,207200,37.73,81.96,18.16,30.67,260
1996-11-08,4.854,5.0779,4.8131,5.0681,242200,48.47,81.96,18.16,47.5,260
1996-11-15,5.0681,5.1703,5.0681,5.1597,109100,52.26,81.96,18.16,53.44,260
1996-11-22,5.1499,5.2823,5.1188,5.2823,107300,56.83,81.96,18.16,60.62,260
1996-11-29,5.2627,5.3444,5.2627,5.2823,104600,56.83,81.96,18.16,60.62,260
1996-12-06,5.2218,5.5488,5.2112,5.436,259700,62.12,81.96,18.16,68.9,260
1996-12-13,5.436,5.5382,5.3232,5.3338,154800,57.11,81.96,18.16,61.05,260
1996-12-20,5.3338,5.3747,5.2823,5.3542,441600,57.84,81.96,28.92,54.53,260
1996-12-27,5.3134,5.4458,5.3134,5.4155,116700,60.05,81.96,28.92,58.68,260
1997-01-03,5.3853,5.3951,5.3134,5.3232,64400,55.36,81.96,28.92,49.84,260
1997-01-10,5.3853,5.4564,5.1809,5.2414,352500,51.52,81.96,28.92,42.6,260
1997-01-17,5.2006,5.364,5.1809,5.3542,252600,56.05,81.96,28.92,51.14,260
1997-01-24,5.2823,5.3853,5.2725,5.3338,317300,55.04,81.96,28.92,49.25,260
1997-01-31,5.3542,5.5382,5.3232,5.5079,304300,61.38,81.96,28.92,61.2,260
1997-02-07,5.4155,5.6305,5.3853,5.6199,556400,64.82,81.96,28.92,67.68,260
1997-02-14,5.6812,6.0695,5.6812,6.0392,501400,74.11,81.96,28.92,85.19,260
1997-02-21,5.8447,5.9166,5.794,5.8447,372600,65.47,81.96,28.92,68.91,260
1997-02-28,5.7728,6.018,5.763,5.9166,367500,67.0,81.96,28.92,71.79,260
1997-03-07,5.8954,6.0491,5.8856,5.9469,285500,67.65,81.96,28.92,73.02,260
1997-03-14,5.9469,5.9673,5.8349,5.8758,152300,64.44,81.96,28.92,66.96,260
1997-03-21,5.8954,5.8954,5.7425,5.763,194400,59.6,81.96,28.92,57.85,260
1997-03-27,5.6093,5.7716,5.5995,5.6994,209100,57.01,81.96,28.92,52.95,260
1997-04-04,5.6994,5.9454,5.6682,5.9356,300800,63.39,81.96,28.92,64.98,260
1997-04-11,5.8946,5.9454,5.8732,5.8732,146700,60.82,81.96,28.92,60.15,260
1997-04-18,5.8322,5.8732,5.7404,5.7814,213600,57.15,81.96,28.92,53.23,260
1997-04-25,5.8429,5.9766,5.8322,5.9659,292300,62.1,81.96,28.92,62.55,260
1997-05-02,5.9552,6.1193,5.9356,6.1193,213400,65.65,81.96,28.92,69.25,260
1997-05-09,6.1193,6.6523,6.1094,6.4686,978600,72.07,81.96,28.92,81.35,260
1997-05-16,6.5809,7.0213,6.5703,6.991,422600,78.53,81.96,28.92,93.53,260
1997-05-23,6.9606,7.0016,6.7245,6.8983,451600,75.21,81.96,28.92,87.27,260
1997-05-30,6.8573,7.032,6.8065,6.991,233900,76.29,81.96,28.92,89.3,260
1997-06-06,7.0115,7.1345,7.0115,7.114,149800,77.68,81.96,28.92,91.93,260
1997-06-13,7.1345,7.2887,7.114,7.1345,421800,77.91,81.96,28.92,92.36,260
1997-06-20,7.2067,7.237,7.0213,7.0623,489700,74.95,81.96,28.92,86.78,260
1997-06-27,7.032,7.2477,6.9803,7.2067,247700,76.85,81.96,28.92,90.36,260
1997-07-03,7.196,7.2165,6.9754,7.0016,291000,68.88,81.96,28.92,75.33,260
1997-07-11,7.073,7.1853,7.0525,7.1706,364100,71.5,81.96,28.92,80.27,260
1997-07-18,7.237,7.6167,7.237,7.5757,849600,76.59,81.96,28.92,89.88,260
1997-07-25,7.5757,7.6987,7.4723,7.6987,391400,77.89,81.96,28.92,92.32,260
1997-08-01,7.8881,8.5032,7.8881,8.4671,860400,83.88,83.88,28.92,100.0,260
1997-08-08,8.3334,8.3851,8.1694,8.3851,511000,81.34,83.88,28.92,95.39,260
1997-08-15,8.1596,8.2366,7.9955,8.1235,554200,73.7,83.88,28.92,81.48,260
1997-08-22,8.0267,8.0464,7.6987,7.77,447100,64.83,83.88,28.92,65.35,260
1997-08-29,7.5084,7.6364,7.1246,7.2263,609600,54.06,83.88,28.92,45.74,260
1997-09-05,7.2477,7.7397,7.2477,7.6831,364700,60.07,83.88,28.92,56.67,260
1997-09-12,7.7085,7.7651,7.2985,7.442,342200,55.91,83.88,28.92,49.11,260
1997-09-19,7.4469,7.4469,7.2673,7.3707,327900,54.71,83.88,28.92,46.92,260
1997-09-26,7.3493,7.8201,7.3141,7.7322,375800,59.47,83.88,28.92,55.59,260
1997-10-03,7.6862,8.0148,7.6402,7.9589,298400,62.16,83.88,28.92,60.49,260
1997-10-10,8.0304,8.0871,7.8045,7.8357,324300,59.84,83.88,28.92,56.26,260
1997-10-17,7.7535,8.0665,7.7125,7.9433,694800,61.2,83.88,28.92,58.74,260
1997-10-24,7.7733,7.8045,7.0191,7.1316,971200,47.97,83.88,28.92,34.65,260
1997-10-31,6.9731,6.9829,6.1203,6.932,1180100,45.37,83.88,28.92,29.92,260
1997-11-07,7.0035,7.2803,6.7266,6.7365,468300,42.91,83.88,28.92,25.46,260
1997-11-14,6.7521,6.8137,6.2436,6.3767,735300,38.76,83.88,28.92,17.9,260
1997-11-21,6.5722,6.8803,6.5106,6.6749,600700,43.63,83.88,28.92,26.76,260
1997-11-28,6.6494,6.8852,6.582,6.8597,341400,46.47,83.88,28.92,31.93,260
1997-12-05,7.0142,7.512,7.0142,7.4504,653200,54.38,83.88,28.92,46.33,260
1997-12-12,7.5169,7.6147,7.0339,7.0651,313900,49.27,83.88,28.92,37.02,260
1997-12-19,6.9517,7.4915,6.7981,7.0396,617800,48.94,83.88,28.92,36.42,260
1997-12-26,6.9517,7.3214,6.9263,7.1473,168600,50.44,83.88,28.92,39.15,260
1998-01-02,7.2089,7.4709,7.2089,7.3986,207200,53.85,83.88,28.92,45.36,260
1998-01-09,7.3839,7.6089,7.291,7.3477,497300,53.05,83.88,28.92,43.91,260
1998-01-16,7.2343,7.7995,7.2089,7.779,393100,58.63,83.88,28.92,54.07,260
1998-01-23,7.7889,7.9022,7.512,7.8916,312700,59.97,83.88,28.92,56.5,260
1998-01-30,7.8045,7.9844,7.4142,7.7125,740100,56.82,83.88,28.92,50.77,260
1998-02-06,7.7634,7.9072,7.5892,7.6303,405900,55.39,83.88,28.92,48.16,260
1998-02-13,7.4446,7.5325,7.3214,7.3321,629800,50.41,83.88,28.92,39.09,260
1998-02-20,7.3937,7.4397,7.1374,7.1571,398100,47.7,83.88,28.92,34.16,260
1998-02-27,7.2089,7.4446,7.1678,7.4299,553500,52.03,83.88,28.92,42.04,260
1998-03-06,7.4299,7.512,7.1883,7.3214,359500,50.25,83.88,28.92,38.8,260
1998-03-13,7.2195,7.291,6.762,7.0142,872200,45.49,83.88,28.92,30.15,260
1998-03-20,6.9928,7.0807,6.8236,6.9468,483100,44.5,83.88,28.92,28.34,260
1998-03-27,6.9419,7.19,6.9263,7.1027,379500,47.37,83.88,28.92,33.56,260
1998-04-03,7.0204,7.237,6.8861,6.9998,571300,45.69,83.88,28.92,30.51,260
1998-04-09,6.9792,7.237,6.784,7.1596,774200,48.72,83.88,28.92,36.03,260
1998-04-17,7.1645,7.3547,7.1134,7.1184,692800,47.98,83.88,28.92,34.68,260
1998-04-24,7.0566,7.1851,7.0253,7.1645,523800,48.92,83.88,28.92,36.39,260
1998-05-01,6.9273,6.9998,6.8664,6.9331,534900,44.56,83.88,28.92,28.46,260
1998-05-08,6.9224,6.9841,6.5782,6.588,664000,38.99,83.88,28.92,18.32,260
1998-05-15,6.6449,6.9949,6.6292,6.9792,802900,47.07,83.88,28.92,33.03,260
1998-05-22,6.9487,7.1184,6.8861,7.0253,354400,47.95,83.88,28.92,34.62,260
1998-05-29,7.0566,7.0566,6.8919,6.9018,362600,45.76,83.88,28.92,30.65,260
1998-06-05,6.7478,6.789,6.6498,6.7626,369100,43.37,83.88,28.92,26.28,260
1998-06-12,6.7527,6.8557,6.49,6.537,391400,39.73,83.88,28.92,19.67,260
1998-06-19,6.4439,6.8969,6.3822,6.8252,928500,45.96,83.88,28.92,31.01,260
1998-06-26,6.7116,6.84,6.5979,6.7527,431300,44.71,83.88,28.92,28.73,260
1998-07-02,6.784,7.2057,6.784,7.0459,468100,50.57,83.88,28.92,39.39,260
1998-07-10,7.0047,7.2831,6.9949,7.1744,296800,52.93,83.88,28.92,43.68,260
1998-07-17,7.2468,7.9625,7.2468,7.9625,808000,64.2,83.88,28.92,64.19,260
1998-07-24,7.9625,7.988,7.5095,7.6174,496300,57.69,83.88,28.92,52.34,260
1998-07-31,7.5762,7.6125,6.9841,6.9998,556600,48.25,83.88,28.92,35.17,260
1998-08-07,6.9174,6.9174,6.6292,6.691,578900,44.35,83.88,28.92,28.06,260
1998-08-14,6.7478,6.7478,6.4851,6.5263,487200,42.38,83.88,28.92,24.48,260
1998-08-21,6.3723,6.9743,6.3253,6.6449,539500,44.29,83.88,28.92,27.97,260
1998-08-28,6.537,6.5675,6.0528,6.0577,520900,37.62,83.88,28.92,15.82,260
1998-09-04,6.0528,6.1664,5.8008,6.0165,686800,37.19,83.88,28.92,15.05,260
1998-09-11,6.5106,6.5675,6.1763,6.2273,367500,40.86,83.88,28.92,21.73,260
1998-09-18,6.2175,6.3155,5.9704,6.089,324600,39.24,83.88,28.92,18.78,260
1998-09-25,5.8263,5.8469,5.5125,5.8197,774400,36.23,83.88,28.92,13.29,260
1998-10-02,5.8354,5.9749,5.1494,5.2212,669600,30.61,83.88,28.92,3.06,260
1998-10-09,5.123,5.8098,4.9736,5.5308,895000,36.13,83.88,28.92,13.11,260
1998-10-16,5.8098,6.0054,5.634,5.6959,637400,38.92,83.88,28.92,18.19,260
1998-10-23,5.7784,6.1656,5.7165,6.1185,554300,45.49,83.88,28.92,30.14,260
1998-10-30,6.1342,6.145,5.35,5.4383,861900,38.34,83.88,28.92,17.14,260
1998-11-06,5.6959,5.9336,5.5927,5.8354,1488100,43.88,83.88,28.92,27.22,260
1998-11-13,5.8197,5.8296,5.4796,5.5102,913000,40.66,83.88,28.92,21.36,260
1998-11-20,5.5407,6.088,5.5308,6.036,1147600,47.39,83.88,28.92,33.6,260
1998-11-27,6.1086,6.3464,6.0467,6.2944,714900,50.37,83.88,28.92,39.02,260
1998-12-04,6.1086,6.2531,5.9848,6.1705,751600,48.94,83.88,28.92,36.42,260
1998-12-11,6.1705,6.2737,5.9642,6.0467,418200,47.49,83.88,28.92,33.78,260
1998-12-18,5.9749,6.088,5.861,6.0624,446500,47.7,83.88,28.92,34.17,260
1998-12-24,6.0517,6.14,5.856,5.9799,420900,46.63,83.88,28.92,32.23,260
1998-12-31,5.9023,5.9799,5.8511,5.9435,373800,46.15,83.88,28.92,31.34,260
1999-01-08,5.9023,5.9691,5.6752,5.6752,1061900,42.6,83.88,28.92,24.88,260
1999-01-15,5.6133,5.7322,5.407,5.7008,1193100,43.05,83.88,28.92,25.7,260
1999-01-22,5.7685,5.9435,5.7322,5.8197,845400,45.2,83.88,28.92,29.61,260
1999-01-29,5.7991,6.0773,5.634,6.031,1333000,48.89,83.88,28.92,36.33,260
1999-02-05,6.0211,6.088,5.9642,6.0054,470500,48.46,83.88,28.92,35.55,260
1999-02-12,6.036,6.1499,5.9179,5.9485,622100,47.47,83.88,28.92,33.75,260
1999-02-19,6.0674,6.2688,6.0624,6.2118,503100,52.32,83.88,28.92,42.58,260
1999-02-26,6.2225,6.315,6.1086,6.1656,643000,51.43,83.88,28.92,40.95,260
1999-03-05,6.1293,6.8053,6.036,6.7847,1298500,61.07,83.88,28.92,58.49,260
1999-03-12,6.8516,8.0386,6.8359,7.9916,4122300,72.52,83.88,28.92,79.33,260
1999-03-19,7.9247,8.3168,7.7183,8.1212,2720000,73.42,83.88,28.92,80.97,260
1999-03-26,8.0386,8.2136,7.5376,7.805,1408000,67.58,83.88,28.92,70.35,260
1999-04-01,7.939,8.0316,7.5354,7.9291,1009500,68.63,83.88,28.92,72.26,260
1999-04-09,7.7736,8.6262,7.7736,8.5129,1479000,73.07,83.88,28.92,80.34,260
1999-04-16,8.197,8.4716,8.1358,8.2441,1535200,68.28,83.88,28.92,71.62,260
1999-04-23,8.1044,8.2334,7.8612,7.9439,1153200,63.29,83.88,28.92,62.54,260
1999-04-30,7.9597,8.1772,7.6132,7.6495,1366600,58.76,83.88,28.92,54.29,260
1999-05-07,7.6495,7.8927,7.5875,7.7116,665800,59.42,83.88,28.92,55.49,260
1999-05-14,7.681,7.7736,7.6132,7.6181,677200,57.91,83.88,28.92,52.75,260
1999-05-21,7.4941,7.6545,7.3915,7.5875,801500,57.4,83.88,28.92,51.82,260
1999-05-28,7.6909,7.7686,7.5255,7.7273,557600,59.18,83.88,28.92,55.05,260
1999-06-04,7.7273,7.748,7.3808,7.4378,333300,54.14,83.88,28.92,45.89,260
1999-06-11,7.6446,8.2028,7.6338,8.1507,547700,62.58,83.88,28.92,61.25,260
1999-06-18,8.1507,8.6006,8.1143,8.5543,874000,66.36,83.88,28.92,68.12,260
1999-06-25,8.7345,9.1174,8.5749,8.6163,1125500,66.91,83.88,28.92,69.13,260
1999-07-02,8.6006,9.3961,8.6006,9.3242,738700,72.47,83.88,28.92,79.24,260
1999-07-09,9.2415,9.4896,9.0918,9.459,1064100,73.39,83.88,28.92,80.91,260
1999-07-16,9.712,10.4927,9.655,10.3835,1255100,78.64,83.88,28.92,90.47,260
1999-07-23,10.4199,10.4298,9.5102,9.6756,1246000,67.63,83.88,28.92,70.44,260
1999-07-30,9.8096,10.4199,9.7377,10.3529,1175000,71.71,83.88,28.92,77.87,260
1999-08-06,10.2959,10.3885,9.7583,9.9237,745700,66.03,83.88,28.92,67.53,260
1999-08-13,9.9444,10.7094,9.8617,10.7044,658500,70.59,83.88,28.92,75.83,260
1999-08-20,10.6581,11.2982,10.5696,11.2676,841600,73.37,83.88,28.92,80.89,260
1999-08-27,10.8235,11.0302,10.606,10.6316,923900,65.81,83.88,28.92,67.13,260
1999-09-03,10.7507,10.9575,10.4819,10.9062,630400,67.37,83.88,28.92,69.97,260
1999-09-10,10.7457,11.0195,10.5804,10.9417,848800,67.58,83.88,28.92,70.35,260
1999-09-17,11.3709,12.4047,11.2055,12.1723,1337600,73.77,83.88,28.92,81.62,260
1999-09-24,12.6528,13.273,12.2492,12.317,1822500,74.39,83.88,28.92,82.75,260
1999-10-01,12.3797,12.8815,12.2348,12.8766,1026600,76.69,83.88,28.92,86.92,260
1999-10-08,12.9022,13.0629,12.8608,12.9693,380600,77.05,83.88,28.92,87.59,260
1999-10-15,12.8973,13.0107,12.4112,12.5404,595100,71.45,83.88,28.92,77.4,260
1999-10-22,12.0899,12.4211,11.8622,12.3127,724700,68.6,83.88,28.92,72.21,260
1999-10-29,12.3433,13.2285,12.2969,13.2285,585100,73.23,83.88,28.92,80.63,260
1999-11-05,13.1457,13.7204,12.8973,13.6376,764900,75.0,83.88,28.92,83.85,260
1999-11-12,13.5804,14.6776,13.5233,14.6155,734000,78.64,83.88,28.92,90.47,260
1999-11-19,14.7911,15.0296,14.5327,14.6255,1091000,78.67,83.88,28.92,90.54,260
1999-11-26,14.7397,15.4022,14.7348,15.3972,625400,81.18,83.88,28.92,95.09,260
1999-12-03,15.6299,15.899,14.6884,15.1637,1158900,78.19,83.88,28.92,89.65,260
1999-12-10,15.0296,15.8966,14.9153,15.5107,1023100,79.4,83.88,28.92,91.86,260
1999-12-17,15.5314,16.7685,15.2623,16.7371,875300,83.0,83.88,28.92,98.41,260
1999-12-23,17.0584,19.5889,17.0376,19.584,1362900,88.17,88.17,28.92,100.0,260
1999-12-31,19.9566,24.5011,19.9566,23.5794,2237900,91.9,91.9,28.92,100.0,260
2000-01-07,23.6208,24.1541,17.2654,19.4084,7430000,67.87,91.9,28.92,61.84,260
2000-01-14,20.9296,20.9296,18.1348,18.7973,4221700,65.18,91.9,28.92,57.57,260
2000-01-21,18.6938,19.5219,18.2798,19.4598,1206500,66.72,91.9,28.92,60.01,260
2000-01-28,20.008,21.2194,19.3149,20.1272,1528900,68.24,91.9,29.09,62.33,260
2000-02-04,20.629,22.4201,20.3914,22.3009,1605400,72.63,91.9,29.09,69.33,260
2000-02-11,22.7671,23.0155,21.53,21.6227,1188000,69.41,91.9,29.09,64.19,260
2000-02-18,21.3643,22.71,20.7019,22.1411,1385900,70.49,91.9,30.61,65.07,260
2000-02-25,22.6065,23.259,22.2802,22.8449,1422600,71.94,91.9,30.61,67.43,260
2000-03-03,23.1033,26.0637,23.1033,24.7959,2923400,75.52,91.9,30.61,73.28,260
2000-03-10,23.0718,23.2639,19.8531,20.1843,3466300,56.99,91.9,30.61,43.05,260
2000-03-17,18.052,21.1673,17.9692,20.5412,3489100,57.85,91.9,30.61,44.45,260
2000-03-24,20.5205,20.6605,19.8374,20.0237,996000,56.1,91.9,30.61,41.59,260
2000-03-31,20.4121,23.345,20.3615,23.2148,1848500,63.46,91.9,30.61,53.6,260
2000-04-07,23.4121,23.4121,21.7132,22.5419,2074900,61.13,91.9,30.61,49.8,260
2000-04-14,22.6762,22.7391,19.3512,19.3512,1660700,51.49,91.9,30.61,34.07,260
2000-04-20,18.999,20.4286,18.491,19.5998,1761600,52.12,91.9,30.61,35.1,260
2000-04-28,19.2891,19.9678,18.554,18.6982,1909900,49.59,91.9,30.61,30.97,260
2000-05-05,18.8125,19.4598,18.0667,18.3617,1521300,48.64,91.9,30.61,29.42,260
2000-05-12,18.2531,18.2946,17.4037,18.1495,1390800,48.02,91.9,30.61,28.41,260
2000-05-19,17.673,18.0617,16.192,16.5285,1138700,43.43,91.9,30.61,20.93,260
2000-05-26,15.7669,15.8912,14.7102,15.0318,1894450,39.67,91.9,30.61,14.78,260
2000-06-02,15.4976,16.6992,14.7517,16.4092,2934600,44.44,91.9,30.61,22.57,260
2000-06-09,16.5749,17.3937,16.5335,16.6677,2068500,45.32,91.9,30.61,24.0,260
2000-06-16,16.4722,16.4821,14.9174,14.9589,1499800,40.75,91.9,30.61,16.55,260
2000-06-23,15.0832,16.0677,15.0318,15.5904,2761200,43.03,91.9,30.61,20.28,260
2000-06-30,15.5804,15.8804,15.3732,15.6318,1648800,43.19,91.9,30.61,20.53,260
2000-07-07,16.1506,17.2578,16.0462,17.0092,1336300,48.22,91.9,30.61,28.75,260
2000-07-14,17.2379,17.4766,16.2434,16.8434,1680100,47.68,91.9,30.61,27.85,260
2000-07-21,16.9893,17.3109,16.0777,16.1407,1548000,45.33,91.9,30.61,24.02,260
2000-07-28,15.7876,16.1606,14.9904,14.9904,1144800,41.7,91.9,30.61,18.1,260
2000-08-04,15.3318,15.892,15.0103,15.3517,1206100,43.24,91.9,30.61,20.61,260
2000-08-11,15.3418,15.7777,15.2904,15.7462,1084100,44.94,91.9,30.61,23.39,260
2000-08-18,15.5804,16.3893,15.4561,16.2235,861100,47.02,91.9,30.61,26.77,260
2000-08-25,16.3263,17.3622,15.9219,17.3622,1051500,51.69,91.9,30.61,34.4,260
2000-09-01,18.191,19.1855,17.9109,19.0413,2721500,57.63,91.9,30.61,44.09,260
2000-09-08,18.1694,18.2639,17.5694,18.1181,1091000,53.72,91.9,30.61,37.71,260
2000-09-15,18.1081,18.3053,17.4865,17.4965,1046100,51.2,91.9,30.61,33.6,260
2000-09-22,17.9838,19.2783,17.9109,18.5639,1635300,55.09,91.9,30.61,39.95,260
2000-09-29,18.4612,18.4711,15.6032,16.7445,4040900,48.06,91.9,30.61,28.47,260
2000-10-06,16.7445,16.7445,16.071,16.2253,1428800,46.24,91.9,30.61,25.51,260
2000-10-13,16.2154,16.3083,15.303,15.7791,1558000,44.68,91.9,30.61,22.96,260
2000-10-20,15.5104,16.1109,14.442,16.091,1579100,46.05,91.9,30.61,25.2,260
2000-10-27,15.6862,16.3298,14.3491,14.442,2944600,40.35,91.9,30.61,15.9,260
2000-11-03,13.9759,14.598,13.4567,14.3176,2869000,39.95,91.9,30.61,15.25,260
2000-11-10,14.6909,14.6909,13.3339,13.3953,1634800,37.01,91.9,30.61,10.45,260
2000-11-17,12.9806,13.5098,12.4929,12.5443,1999700,34.49,91.9,30.61,6.33,260
2000-11-24,12.4415,12.7732,11.9538,12.5659,1181200,34.61,91.9,30.61,6.53,260
2000-12-01,13.6027,13.6027,12.1611,12.3685,2569500,33.99,91.9,30.61,5.52,260
2000-12-08,12.5874,13.3538,12.5874,13.042,2276100,38.08,91.9,30.61,12.19,260
2000-12-15,13.5197,13.5927,12.1296,12.2855,1262800,35.42,91.9,30.61,7.86,260
2000-12-22,12.4829,12.5244,11.1144,11.5291,1780800,32.95,91.9,30.61,3.82,260
2000-12-29,11.5291,11.6535,11.2172,11.5291,1279800,32.95,91.9,30.61,3.82,260
2001-01-05,11.4876,12.5244,11.1774,12.5045,2447100,39.29,91.9,30.61,14.17,260
2001-01-12,12.4614,12.6903,12.1727,12.5659,1964800,39.68,91.9,30.61,14.8,260
2001-01-19,12.473,13.0022,12.4415,12.7218,1767800,40.71,91.9,30.61,16.48,260
2001-01-26,12.6073,12.7218,12.0267,12.2026,1771600,38.35,91.9,30.61,12.64,260
2001-02-02,12.2258,12.2424,11.6883,11.6883,1345600,36.13,91.9,30.61,9.0,260
2001-02-09,11.6933,12.0914,11.5656,11.962,1392400,38.18,91.9,30.61,12.36,260
2001-02-16,11.9538,12.3071,11.7779,11.8857,1554100,37.82,91.9,30.61,11.77,260
2001-02-23,11.9438,11.9438,11.4893,11.9355,1238900,38.23,91.9,30.61,12.45,260
2001-03-02,12.0267,12.2092,11.3134,11.4163,1703700,35.56,91.9,30.61,8.09,260
2001-03-09,11.3881,12.0102,11.3234,11.7199,1320000,38.28,91.9,30.61,12.52,260
2001-03-16,11.4461,11.4461,10.8838,11.2305,1959900,35.67,91.9,30.61,8.26,260
2001-03-23,11.189,12.1329,10.849,12.0931,2104000,43.04,91.9,30.61,20.29,260
2001-03-30,12.4829,12.887,11.7909,11.9985,2160400,42.47,91.9,30.61,19.35,260
2001-04-06,11.6249,12.1563,11.1964,11.7577,1816200,40.97,91.9,30.61,16.9,260
2001-04-12,11.4588,11.9122,11.3841,11.9122,1459100,42.37,91.9,30.61,19.2,260
2001-04-20,11.6249,12.9534,11.5668,12.432,2062400,46.95,91.9,30.61,26.66,260
2001-04-27,12.2892,12.7043,11.9653,12.696,1404100,49.16,91.9,30.61,30.27,260
2001-05-04,12.8206,13.6924,12.6362,13.2806,2956000,53.75,91.9,30.61,37.76,260
2001-05-11,13.4865,13.7838,13.2191,13.3852,2111100,54.54,91.9,30.61,39.05,260
2001-05-18,12.9534,13.6161,12.7043,13.4766,1531300,55.26,91.9,30.61,40.23,260
2001-05-25,13.6775,14.2405,13.6775,13.7356,1714500,57.33,91.9,30.61,43.59,260
2001-06-01,13.631,13.631,12.8156,13.1511,1292700,51.55,91.9,30.61,34.17,260
2001-06-08,13.0531,13.0996,12.53,12.5532,1626000,46.4,91.9,30.61,25.76,260
2001-06-15,12.4718,12.4967,11.7743,11.7926,1038200,40.81,91.9,30.61,16.65,260
2001-06-22,11.6332,11.9736,11.5003,11.5219,1399700,39.01,91.9,30.61,13.71,260
2001-06-29,11.2927,11.3127,10.8194,10.9274,30342000,35.32,91.9,30.61,7.7,260
2001-07-06,10.944,10.9606,9.2999,9.3248,2068400,27.72,91.9,27.72,0.0,260
2001-07-13,9.4162,10.1469,9.3182,9.8479,3453600,32.8,91.9,27.72,7.92,260
2001-07-20,9.8147,9.8313,9.3165,9.745,1160800,32.32,91.9,27.72,7.17,260
2001-07-27,9.7732,9.7732,8.4496,8.619,3148500,27.55,91.9,27.55,0.0,260
2001-08-03,7.8053,8.7552,7.6807,8.4646,3276900,26.97,91.9,26.97,0.0,260
2001-08-10,8.428,8.6688,8.154,8.2703,1087100,26.21,91.9,26.21,0.0,260
2001-08-17,8.1573,8.634,7.9033,7.9547,1436500,24.98,91.9,24.98,0.0,260
2001-08-24,7.9298,8.0876,7.5977,7.9564,1566200,25.0,91.9,24.98,0.03,260
2001-08-31,7.9182,8.0046,7.3901,7.4565,1465900,23.02,91.9,23.02,0.0,260
2001-09-07,7.3071,7.4217,6.8089,6.8886,1695300,20.99,91.9,20.99,0.0,260
2001-09-10,6.6428,6.8836,6.6428,6.7092,865500,20.38,91.9,20.38,0.0,260
2001-09-21,5.8124,6.3057,5.8124,6.1031,2842300,18.42,91.9,18.42,0.0,260
2001-09-28,6.2276,6.4933,5.4963,5.5263,3457300,16.77,91.9,16.77,0.0,260
2001-10-05,5.6095,6.0256,5.4597,5.8675,3496200,21.26,91.9,16.77,5.98,260
2001-10-12,5.8808,6.6981,5.711,6.6598,3174500,30.62,91.9,16.77,18.44,260
2001-10-19,6.6365,6.9694,6.5316,6.8246,1751500,32.42,91.9,16.77,20.83,260
2001-10-26,6.8029,7.0743,6.4085,6.7131,1734400,31.82,91.9,16.77,20.03,260
2001-11-02,6.6581,6.6581,6.3019,6.6115,1615900,31.25,91.9,16.77,19.27,260
2001-11-09,6.793,6.9627,6.4867,6.6248,1585300,31.43,91.9,16.77,19.51,260
2001-11-16,6.6248,7.7484,6.5017,7.6901,3048200,43.65,91.9,16.77,35.77,260
2001-11-23,7.9065,8.0214,7.5903,7.7484,1990000,44.23,91.9,16.77,36.55,260
2001-11-30,7.9898,8.1312,7.6735,7.9398,1693900,46.21,91.9,16.77,39.18,260
2001-12-07,7.6901,8.3643,7.5487,8.073,2746800,47.6,91.9,16.77,41.03,260
2001-12-14,7.9315,8.0397,7.5353,7.6901,1441000,44.07,91.9,16.77,36.34,260
2001-12-21,7.5703,7.8233,7.2574,7.3839,1665300,41.42,91.9,16.77,32.81,260
2001-12-28,7.3839,7.7101,7.1858,7.6985,1130400,45.07,91.9,16.77,37.67,260
2002-01-04,7.6935,8.2694,7.4804,8.2511,1974300,50.86,91.9,16.77,45.38,260
2002-01-11,8.2295,8.2561,7.9065,7.9149,2283000,47.58,91.9,16.77,41.0,260
2002-01-18,7.8732,7.8732,7.3872,7.4405,2033200,43.32,91.9,16.77,35.34,260
2002-01-25,7.3223,7.82,7.249,7.7234,1302500,46.4,91.9,16.77,39.44,260
2002-02-01,7.5403,7.5736,7.1159,7.2407,1321800,42.19,91.9,16.77,33.84,260
2002-02-08,7.1825,7.2307,6.758,7.0576,1567000,40.68,91.9,16.77,31.83,260
2002-02-15,7.1242,7.6535,7.1242,7.4654,1178300,45.37,91.9,16.77,38.06,260
2002-02-22,7.5154,7.8649,7.4238,7.775,1187700,48.68,91.9,16.77,42.47,260
2002-03-01,7.7717,8.0081,7.6152,7.9565,1091700,50.57,91.9,16.77,44.99,260
2002-03-08,8.1546,9.5045,8.1346,9.4196,2829800,62.55,91.9,16.77,60.94,260
2002-03-15,9.3597,9.3613,8.6905,9.1965,1752800,60.16,91.9,16.77,57.75,260
2002-03-22,8.9053,9.2698,8.6239,8.7055,1594200,55.15,91.9,16.77,51.09,260
2002-03-28,8.4693,8.7093,8.4418,8.6424,1126400,54.53,91.9,16.77,50.25,260
2002-04-05,8.4385,8.8982,8.4,8.609,1167300,54.17,91.9,16.77,49.79,260
2002-04-12,8.5923,8.8163,8.4853,8.502,928800,53.0,91.9,16.77,48.22,260
2002-04-19,8.5923,9.0587,8.5923,8.9015,1249600,56.78,91.9,16.77,53.25,260
2002-04-26,9.0737,9.4348,8.9935,9.2776,1543000,60.04,91.9,16.77,57.59,260
2002-05-03,9.403,9.4181,8.8597,9.0302,1225400,56.99,91.9,16.77,53.54,260
2002-05-10,9.0854,9.2442,8.8012,9.1523,1433000,58.12,91.9,16.77,55.04,260
2002-05-17,9.1523,9.8427,9.0837,9.831,1940800,63.81,91.9,16.77,62.61,260
2002-05-24,9.6705,10.0215,9.6003,9.9296,2046000,64.56,91.9,16.77,63.61,260
2002-05-31,9.836,9.836,9.5635,9.7139,1388000,61.55,91.9,16.77,59.6,260
2002-06-07,9.612,9.6972,8.9935,9.2776,1661400,55.86,91.9,16.77,52.03,260
2002-06-14,9.1941,9.1941,8.6107,8.7678,1763900,50.04,91.9,16.77,44.29,260
2002-06-21,8.6926,8.8497,8.1125,8.1292,1354600,43.88,91.9,16.77,36.08,260
2002-06-28,8.3014,8.96,8.0089,8.8764,1577200,51.42,91.9,16.77,46.12,260
2002-07-05,8.7093,8.8915,8.3265,8.8881,1359400,51.53,91.9,16.77,46.26,260
2002-07-12,8.7778,8.9416,8.3164,8.5087,1443700,47.76,91.9,16.77,41.25,260
2002-07-19,8.4669,8.4669,7.6478,7.7397,2284400,41.18,91.9,16.77,32.49,260
2002-07-26,7.606,7.8735,7.3218,7.4723,2936400,39.16,91.9,16.77,29.8,260
2002-08-02,7.489,7.8551,7.0878,7.1396,1531400,36.75,91.9,16.77,26.59,260
2002-08-09,7.1429,7.4639,7.0226,7.4288,2043500,40.2,91.9,16.77,31.18,260
2002-08-16,7.1279,7.4773,7.0343,7.3552,1467400,39.61,91.9,16.77,30.4,260
2002-08-23,7.3552,7.7648,7.3051,7.601,1261900,42.65,91.9,16.77,34.44,260
2002-08-30,7.6963,7.728,7.2382,7.2733,1237300,39.77,91.9,16.77,30.62,260
2002-09-06,7.0711,7.0727,6.827,6.9892,1532500,37.42,91.9,16.77,27.48,260
2002-09-13,6.9474,7.3101,6.8655,7.148,1746800,39.57,91.9,16.77,30.35,260
2002-09-20,7.0878,7.5525,7.0209,7.0209,1855700,38.43,91.9,16.77,28.83,260
2002-09-27,6.939,7.2601,6.72,7.0893,1375900,39.44,91.9,16.77,30.17,260
2002-10-04,6.9519,7.1194,6.7844,6.9016,1807600,37.62,91.9,16.77,27.75,260
2002-10-11,6.8011,7.1127,6.6654,7.0775,2117500,40.4,91.9,16.77,31.45,260
2002-10-18,6.9016,7.4243,6.8882,7.3489,2107200,44.51,91.9,16.77,36.93,260
2002-10-25,7.3657,7.5181,7.101,7.3372,1309600,44.37,91.9,16.77,36.74,260
2002-11-01,7.5382,7.6789,7.2333,7.4461,1906100,46.1,91.9,16.77,39.03,260
2002-11-08,7.6052,7.6689,7.1027,7.1529,1559800,42.29,91.9,16.77,33.97,260
2002-11-15,6.9519,7.2283,6.7877,7.2249,2355900,43.53,91.9,16.77,35.61,260
2002-11-22,6.9971,7.3037,6.9301,7.2316,2385500,43.65,91.9,16.77,35.77,260
2002-11-29,7.3372,7.5281,7.2869,7.4293,1330500,47.23,91.9,16.77,40.54,260
2002-12-06,7.5214,7.5466,7.1194,7.2718,1830700,44.79,91.9,16.77,37.29,260
2002-12-13,7.2283,7.23,6.9552,6.9703,1419900,40.47,91.9,16.77,31.55,260
2002-12-20,6.9519,7.0943,6.848,6.9351,1841400,39.99,91.9,16.77,30.9,260
2002-12-27,6.9234,7.1194,6.8698,6.9686,1218400,40.71,91.9,16.77,31.87,260
2003-01-03,6.9184,7.1161,6.8648,7.0591,739900,42.73,91.9,16.77,34.55,260
2003-01-10,7.0675,7.2702,6.9217,7.1831,1716400,45.47,91.9,16.77,38.2,260
2003-01-17,7.235,7.2568,7.0691,7.1261,1063600,44.42,91.9,16.77,36.8,260
2003-01-24,7.1529,7.2032,6.9854,6.9988,1398000,42.08,91.9,16.77,33.68,260
2003-01-31,6.8681,6.9435,6.5884,6.6922,1640000,37.02,91.9,16.77,26.95,260
2003-02-07,6.6922,6.7257,6.4326,6.4627,1257400,33.75,91.9,16.77,22.59,260
2003-02-14,6.4292,6.5633,6.3656,6.5616,1121500,36.36,91.9,16.77,26.07,260
2003-02-21,6.5616,6.6738,6.4845,6.5448,679400,36.1,91.9,16.77,25.72,260
2003-02-28,6.5247,6.5247,6.3086,6.3606,1745200,33.28,91.9,16.77,21.98,260
2003-03-07,6.389,6.4175,6.0138,6.1009,1806600,29.76,91.9,16.77,17.29,260
2003-03-14,6.0473,6.0858,5.8379,6.0574,1869000,29.2,91.9,16.77,16.55,260
2003-03-21,6.0574,6.4024,6.0138,6.3941,1972400,38.76,91.9,16.77,29.27,260
2003-03-28,6.2651,6.2961,6.1383,6.1735,1454700,35.39,91.9,16.77,24.78,260
2003-04-04,5.9451,6.1215,5.7974,5.8427,2563700,31.03,91.9,16.77,18.98,260
2003-04-11,5.9032,5.9619,5.2767,5.3221,3429600,25.67,91.9,16.77,11.85,260
2003-04-17,5.349,5.5757,5.3422,5.5404,2447000,31.05,91.9,16.77,19.0,260
2003-04-25,5.4581,5.4615,3.992,4.0172,19190400,20.12,91.9,16.77,4.45,260
2003-05-02,3.8895,4.1616,3.8895,4.1398,21264600,22.48,91.9,16.77,7.6,260
2003-05-09,4.165,4.3665,4.0558,4.1196,10820300,22.36,91.9,16.77,7.44,260
2003-05-16,4.1381,4.4337,4.1062,4.2187,14146500,24.45,91.9,16.77,10.22,260
2003-05-23,4.123,4.3816,4.0323,4.3682,12273500,27.61,91.9,16.77,14.43,260
2003-05-30,4.2926,4.6083,4.2842,4.5915,13767400,32.18,91.9,16.77,20.51,260
2003-06-06,4.7024,5.0332,4.6352,4.9543,12619800,38.92,91.9,16.77,29.48,260
2003-06-13,4.998,5.0366,4.7696,4.8703,9293200,37.98,91.9,16.77,28.22,260
2003-06-20,4.7863,5.0198,4.7696,4.9509,6971000,39.49,91.9,16.77,30.24,260
2003-06-27,4.8854,4.8905,4.6386,4.7007,8241900,36.51,91.9,16.77,26.28,260
2003-07-03,4.7662,5.3523,4.6705,5.2986,10585800,46.82,91.9,16.77,40.0,260
2003-07-11,5.5354,5.5841,5.2633,5.3775,9523200,48.02,91.9,16.77,41.6,260
2003-07-18,5.6429,5.7738,5.317,5.4044,9432500,48.45,91.9,16.77,42.17,260
2003-07-25,5.4262,5.4262,5.1978,5.3657,7417100,47.84,91.9,16.77,41.36,260
2003-08-01,5.3741,5.4447,5.1474,5.1625,5135600,44.67,91.9,16.77,37.13,260
2003-08-08,5.0735,5.1054,4.9358,4.9912,4968100,42.13,91.9,16.77,33.75,260
2003-08-15,5.0215,5.2902,5.0064,5.2566,5363700,47.14,91.9,16.77,40.42,260
2003-08-22,5.2767,5.6093,5.27,5.443,5151600,50.39,91.9,16.77,44.75,260
2003-08-29,5.4514,5.5723,5.3506,5.5337,2871600,51.94,91.9,16.77,46.81,260
2003-09-05,5.6596,5.8696,5.6193,5.668,4681300,54.22,91.9,16.77,49.84,260
2003-09-12,6.0174,6.2642,6.0006,6.2122,7512900,62.06,91.9,16.77,60.29,260
2003-09-19,6.2306,6.4322,6.1635,6.2794,5481400,62.91,91.9,16.77,61.41,260
2003-09-26,6.1131,6.2155,5.9203,5.954,7155400,56.36,91.9,16.77,52.69,260
2003-10-03,5.917,6.2319,5.8109,6.1561,4674000,59.2,91.9,16.77,56.48,260
2003-10-10,6.1561,6.1747,5.9035,6.1629,5791300,59.3,91.9,16.77,56.6,260
2003-10-17,6.2033,6.4071,6.0888,6.2993,4135700,61.27,91.9,16.77,59.23,260
2003-10-24,6.333,6.4004,5.7216,5.7755,8253200,51.05,91.9,16.77,45.63,260
2003-10-31,5.9052,6.2235,5.8867,5.9288,5935600,53.49,91.9,16.77,48.88,260
2003-11-07,6.013,6.2151,5.9709,6.0905,4134900,55.99,91.9,16.77,52.2,260
2003-11-14,6.1797,6.2404,5.9018,5.9035,3133300,52.48,91.9,16.77,47.53,260
2003-11-21,5.8311,5.9961,5.6677,5.7064,4815100,49.0,91.9,16.77,42.9,260
2003-11-28,5.7553,5.8513,5.6946,5.7856,3350100,50.42,91.9,16.77,44.79,260
2003-12-05,5.7266,5.8766,5.6458,5.6576,7139600,48.09,91.9,16.77,41.68,260
2003-12-12,5.6323,5.7014,5.4605,5.6037,4167200,47.1,91.9,16.77,40.36,260
2003-12-19,5.7266,5.7755,5.5666,5.7351,3511100,49.81,91.9,16.77,43.97,260
2003-12-26,5.7587,5.8092,5.7216,5.7772,1166500,50.68,91.9,16.77,45.13,260
2004-01-02,5.7603,5.9456,5.7536,5.8917,1946300,53.07,91.9,16.77,48.32,260
2004-01-09,5.9641,6.2639,5.9288,6.2084,4622200,58.99,91.9,16.77,56.2,260
2004-01-16,6.1915,6.6951,6.1528,6.6614,5355100,65.66,91.9,16.77,65.08,260
2004-01-23,6.9057,7.0741,6.8231,6.9545,5074600,69.16,91.9,16.77,69.73,260
2004-01-30,6.9057,6.973,6.6193,6.8467,4837400,66.48,91.9,16.77,66.16,260
2004-02-06,6.7844,6.8855,6.6564,6.8214,3473500,65.83,91.9,16.77,65.3,260
2004-02-13,6.8467,6.9916,6.8147,6.9326,2151200,67.33,91.9,16.77,67.3,260
2004-02-20,7.0741,7.2105,6.9495,7.0977,2894300,69.48,91.9,16.77,70.15,260
2004-02-27,7.0825,7.1128,6.7473,6.8956,2996500,63.95,91.9,16.77,62.79,260
2004-03-05,7.032,7.0741,6.8585,7.0741,2025200,66.48,91.9,16.77,66.17,260
2004-03-12,6.9579,6.9781,6.5503,6.7372,2588500,58.16,91.9,16.77,55.09,260
2004-03-19,6.5789,6.8585,6.5065,6.6446,2691800,56.09,91.9,16.77,52.33,260
2004-03-26,6.5587,7.0244,6.4492,7.021,4116100,62.02,91.9,16.77,60.23,260
2004-04-02,6.9991,7.2254,6.9653,7.1983,3447000,64.46,91.9,16.77,63.48,260
2004-04-08,7.2406,7.3739,7.0751,7.0886,1610500,61.82,91.9,16.77,59.96,260
2004-04-16,7.1156,7.1612,6.7576,6.8556,2480400,56.51,91.9,16.77,52.9,260
2004-04-23,6.9484,7.2878,6.9484,7.2591,3000300,62.51,91.9,16.77,60.88,260
2004-04-30,7.2608,7.2743,6.4385,6.4841,3366100,48.64,91.9,16.77,42.41,260
2004-05-07,6.501,6.6428,6.1717,6.2308,3357900,45.11,91.9,16.77,37.72,260
2004-05-14,5.9218,6.0721,5.8255,5.8644,3435100,40.54,91.9,16.77,31.63,260
2004-05-21,5.7411,5.9674,5.7327,5.91,2864900,41.33,91.9,16.77,32.69,260
2004-05-28,5.9133,6.2798,5.834,6.2257,1873900,46.67,91.9,16.77,39.79,260
2004-06-04,6.1903,6.2105,5.9708,6.0518,1380900,44.28,91.9,16.77,36.62,260
2004-06-10,6.2139,6.3169,6.1616,6.2916,1591300,48.21,91.9,16.77,41.85,260
2004-06-18,6.1126,6.3304,6.0451,6.2055,1650500,46.93,91.9,16.77,40.15,260
2004-06-25,6.2494,6.4317,6.1852,6.4216,1541400,50.49,91.9,16.77,44.88,260
2004-07-02,6.4554,6.501,6.3422,6.4908,2352000,51.61,91.9,16.77,46.37,260
2004-07-09,6.3321,6.3828,6.2308,6.2392,1692200,47.42,91.9,16.77,40.79,260
2004-07-16,6.2561,6.2983,6.1244,6.1345,1823100,45.75,91.9,16.77,38.57,260
2004-07-23,6.1514,6.1835,5.9758,6.0197,1848800,43.93,91.9,16.77,36.14,260
2004-07-30,5.9691,5.9691,5.7462,5.8509,3563400,41.32,91.9,16.77,32.67,260
2004-08-06,5.91,5.9269,5.628,5.6482,2431800,38.37,91.9,16.77,28.75,260
2004-08-13,5.6314,5.6499,5.4625,5.5098,2440900,36.46,91.9,16.77,26.21,260
2004-08-20,5.5385,5.8019,5.5081,5.7884,3490200,42.65,91.9,16.77,34.45,260
2004-08-27,5.8306,5.9539,5.8036,5.8424,2794700,43.8,91.9,16.77,35.97,260
2004-09-03,5.8087,5.937,5.7496,5.9066,1649800,45.2,91.9,16.77,37.83,260
2004-09-10,6.013,6.0602,5.9353,5.9589,1445100,46.37,91.9,16.77,39.39,260
2004-09-17,6.0535,6.1616,5.8002,5.8542,2416500,44.33,91.9,16.77,36.68,260
2004-09-24,5.839,5.8441,5.6736,5.7192,2062700,41.77,91.9,16.77,33.27,260
2004-10-01,5.6757,5.918,5.6587,5.8858,2221900,45.91,91.9,16.77,38.79,260
2004-10-08,5.9637,5.9976,5.8993,5.9417,2524600,47.27,91.9,16.77,40.59,260
2004-10-15,5.9586,5.9942,5.7502,5.7706,2216500,43.66,91.9,16.77,35.79,260
2004-10-22,5.7502,5.8451,5.7214,5.7909,1735800,44.21,91.9,16.77,36.52,260
2004-10-29,5.7994,5.9501,5.796,5.9044,1981000,47.27,91.9,16.77,40.6,260
2004-11-05,5.8671,6.1789,5.8451,6.1314,2036000,52.85,91.9,16.77,48.02,260
2004-11-12,6.045,6.1145,5.9044,6.0992,3033500,52.01,91.9,16.77,46.9,260
2004-11-19,6.0992,6.1823,6.0433,6.123,1872100,52.61,91.9,16.77,47.7,260
2004-11-26,6.062,6.123,6.0213,6.0942,1299800,51.76,91.9,16.77,46.58,260
2004-12-03,6.2009,6.2416,6.0738,6.228,2830700,55.35,91.9,16.77,51.35,260
2004-12-10,6.228,6.25,6.0569,6.1179,4338900,51.93,91.9,16.77,46.8,260
2004-12-17,6.2026,6.4788,6.2026,6.3771,6235300,58.44,91.9,16.77,55.46,260
2004-12-23,6.4178,6.4686,6.3703,6.4296,1767200,59.63,75.52,16.77,72.95,260
2004-12-31,6.455,6.6414,6.4483,6.6007,2497100,63.32,75.52,16.77,79.23,260
2005-01-07,6.6007,6.6329,6.3957,6.4754,3330100,59.06,75.52,16.77,71.98,260
2005-01-14,6.5025,6.6973,6.5025,6.6838,3788700,63.46,75.52,16.77,79.47,260
2005-01-21,6.5821,6.6583,6.1653,6.1924,6561800,49.85,75.52,16.77,56.31,260
2005-01-28,6.1924,6.2687,6.1433,6.2009,3954800,50.05,75.52,16.77,56.65,260
2005-02-04,6.2111,6.3009,6.1772,6.2517,2887200,51.3,75.52,16.77,58.77,260
2005-02-11,6.2653,6.4161,6.2178,6.394,2802700,54.71,75.52,16.77,64.58,260
2005-02-18,6.4211,6.4906,6.35,6.3974,2312100,54.79,75.52,16.77,64.72,260
2005-02-25,6.3991,6.4584,6.3618,6.4381,1450000,55.82,69.48,16.77,74.08,260
2005-03-04,6.4449,6.5482,6.389,6.5296,3851000,58.11,69.48,16.77,78.44,260
2005-03-11,6.6414,6.9904,6.594,6.8904,16053100,65.7,69.48,16.77,92.83,260
2005-03-18,6.8735,6.987,6.8007,6.9785,6769200,67.25,69.48,16.77,95.78,260
2005-03-24,6.9633,7.0836,6.8955,6.9938,7017000,67.53,69.48,16.77,96.31,260
2005-04-01,7.0086,7.0289,6.6756,6.6807,7441600,56.96,69.48,16.77,76.24,260
2005-04-08,6.6417,6.9287,6.5992,6.8523,2987100,60.6,69.48,16.77,83.15,260
2005-04-15,6.8523,6.854,6.234,6.2476,6077500,45.87,69.48,16.77,55.21,260
2005-04-22,6.0862,6.4038,6.076,6.2578,5159400,46.11,69.48,16.77,55.66,260
2005-04-29,6.3699,6.4005,6.0998,6.2357,4921900,45.64,69.48,16.77,54.77,260
2005-05-06,6.3274,6.5312,6.268,6.4973,2684400,51.87,69.48,16.77,66.59,260
2005-05-13,6.4718,6.5058,6.2459,6.3019,3349500,47.49,69.48,16.77,58.29,260
2005-05-20,6.2782,6.4293,6.166,6.3444,3696500,48.51,69.48,16.77,60.22,260
2005-05-27,6.4633,6.5194,6.3427,6.4038,2756300,49.97,69.48,16.77,62.99,260
2005-06-03,6.3699,6.392,6.217,6.234,3428200,45.96,69.48,16.77,55.37,260
2005-06-10,6.2425,6.2459,6.059,6.0896,3946400,42.81,69.48,16.77,49.4,260
2005-06-17,6.0471,6.1762,6.0318,6.1643,3312300,44.91,69.48,16.77,53.39,260
2005-06-24,6.0301,6.0641,5.9622,5.9928,4677900,41.17,69.48,16.77,46.29,260
2005-07-01,5.9537,5.9622,5.8399,5.8654,2894200,38.6,69.48,16.77,41.41,260
2005-07-08,5.7923,5.9282,5.7805,5.9248,2095800,40.47,69.48,16.77,44.96,260
2005-07-15,5.8909,6.0862,5.8909,6.0285,3494200,43.69,69.48,16.77,51.06,260
2005-07-22,5.9962,6.0505,5.8773,5.8824,3102900,40.37,69.48,16.77,44.78,260
2005-07-29,5.8178,5.8654,5.5002,5.5223,6383000,33.61,69.48,16.77,31.94,260
2005-08-05,5.546,5.7142,5.5325,5.6361,3752800,37.19,69.48,16.77,38.74,260
2005-08-12,5.614,5.8756,5.614,5.7669,3074600,41.12,69.48,16.77,46.2,260
2005-08-19,5.7686,5.8093,5.6565,5.6836,2399400,39.43,69.48,16.77,42.99,260
2005-08-26,5.7414,5.7974,5.6497,5.7176,2335600,40.51,69.48,16.77,45.03,260
2005-09-02,5.6531,5.7906,5.5834,5.7906,2196500,42.86,69.48,16.77,49.49,260
2005-09-09,5.9061,6.1813,5.9028,6.1677,2677500,53.15,69.48,16.77,69.01,260
2005-09-16,6.1592,6.2408,6.0726,6.234,2783700,54.69,69.48,16.77,71.94,260
2005-09-23,6.1983,6.234,5.6853,5.7261,5292100,42.99,69.48,16.77,49.75,260
2005-09-30,5.7397,5.7968,5.6214,5.6537,4036600,41.63,69.48,16.77,47.16,260
2005-10-07,5.635,5.899,5.6145,5.6299,3929200,41.16,69.48,16.77,46.28,260
2005-10-14,5.6384,5.7116,5.5209,5.7014,3025000,43.21,69.48,16.77,50.16,260
2005-10-21,5.6588,5.7065,5.5447,5.5685,1876200,40.4,69.48,16.77,44.83,260
2005-10-28,5.5277,5.5941,5.4169,5.5243,2341900,39.48,69.48,16.77,43.08,260
2005-11-04,5.5226,5.6929,5.5226,5.6725,2419600,44.08,69.48,16.77,51.8,260
2005-11-11,5.6588,5.8666,5.6469,5.7747,2518900,47.06,69.48,16.77,57.47,260
2005-11-18,5.7491,6.0285,5.6639,5.9978,2990900,52.97,69.48,16.77,68.67,260
2005-11-25,6.1665,6.2704,6.1239,6.2107,2290400,57.8,69.48,16.77,77.85,260
2005-12-02,6.3453,6.41,6.3044,6.4066,3475000,61.7,69.48,16.77,85.25,260
2005-12-09,6.4237,6.4305,6.1665,6.3283,3457800,59.34,69.48,16.77,80.77,260
2005-12-16,6.3368,6.3777,6.267,6.2874,2291600,58.09,69.48,16.77,78.4,260
2005-12-23,6.3368,6.6962,6.313,6.6962,5000000,65.84,69.48,16.77,93.1,260
2005-12-30,6.6962,7.0352,6.6366,6.95,3095300,69.6,69.6,16.77,100.0,260
2006-01-06,7.0267,7.2311,6.9671,7.2039,5572000,72.82,72.82,16.77,100.0,260
2006-01-13,7.2039,7.7847,7.1459,7.6042,5742400,76.97,76.97,16.77,100.0,260
2006-01-20,7.2481,7.4866,7.18,7.2056,4901300,66.15,76.97,16.77,82.03,260
2006-01-27,7.4014,8.7148,7.3418,8.5683,13956500,77.69,77.69,16.77,100.0,260
2006-02-03,8.4985,8.5172,8.0913,8.2941,7077400,72.34,77.69,16.77,91.22,260
2006-02-10,8.2992,8.5087,8.013,8.4525,4655800,73.48,77.69,16.77,93.09,260
2006-02-17,8.2736,8.507,7.7881,7.8375,5115400,62.72,77.69,16.77,75.42,260
2006-02-24,7.8171,8.2293,7.7626,8.2259,2944800,66.09,77.69,16.77,80.96,260
2006-03-03,8.2106,8.2259,7.6655,7.7524,3553000,59.07,77.69,16.77,69.43,260
2006-03-10,7.938,8.0028,7.7319,7.9687,2928400,61.1,77.69,16.77,72.77,260
2006-03-17,7.9687,8.1782,7.8103,7.9704,5159000,61.12,77.69,16.77,72.79,260
2006-03-24,7.9925,8.0436,7.7132,7.7609,2637500,57.89,77.69,16.77,67.49,260
2006-03-31,7.7149,7.9595,7.5788,7.8656,4719100,59.05,77.69,16.77,69.4,260
2006-04-07,8.0158,8.2634,7.968,8.19,1990500,62.51,77.69,16.77,75.08,260
2006-04-13,8.1251,8.1524,7.8024,8.0432,2366400,60.04,77.69,16.77,71.02,260
2006-04-21,8.1097,8.9276,8.0568,8.8695,3298000,67.77,77.69,16.77,83.71,260
2006-04-28,8.8251,8.9276,8.3146,8.3556,3507500,60.0,77.69,16.77,70.95,260
2006-05-05,8.2976,8.5776,8.1661,8.5776,2426100,62.02,77.69,16.77,74.28,260
2006-05-12,8.6817,8.6868,8.1097,8.1097,2306200,55.63,77.69,16.77,63.78,260
2006-05-19,8.0227,8.0995,7.7307,7.7854,3838900,51.65,77.69,16.77,57.26,260
2006-05-26,7.6983,7.9937,7.6402,7.9919,2662200,53.91,77.69,16.77,60.96,260
2006-06-02,7.8895,7.9134,7.478,7.8605,2811000,52.24,77.69,16.77,58.22,260
2006-06-09,8.0073,8.0073,7.1918,7.3064,4350900,45.79,77.69,16.77,47.63,260
2006-06-16,7.3321,7.3595,6.9591,7.2483,5377800,45.16,77.69,16.77,46.6,260
2006-06-23,7.2483,7.3184,7.06,7.2842,3341000,45.66,77.69,16.77,47.41,260
2006-06-30,7.3184,7.5836,6.983,7.5357,3576000,49.14,77.69,16.77,53.13,260
2006-07-07,7.4929,7.6127,7.3749,7.3971,1468800,47.34,77.69,16.77,50.17,260
2006-07-14,7.5186,7.5734,6.9454,7.0292,3059600,42.85,77.69,16.77,42.81,260
2006-07-21,7.0155,7.0669,6.7247,7.0155,4124000,42.69,77.69,16.77,42.55,260
2006-07-28,7.0754,7.9395,7.0754,7.8797,5554700,54.41,77.69,16.77,61.78,260
2006-08-04,7.9053,7.9207,7.6144,7.6966,2963900,51.99,77.69,16.77,57.8,260
2006-08-11,7.546,7.7222,7.5374,7.5905,2425300,50.58,77.69,16.77,55.49,260
2006-08-18,7.635,7.9002,7.6042,7.8865,3817300,54.3,77.69,16.77,61.59,260
2006-08-25,7.688,7.7821,7.2311,7.3851,4052800,47.75,77.69,16.77,50.84,260
2006-09-01,7.2979,7.5443,7.2551,7.5032,3088500,49.3,77.69,16.77,53.39,260
2006-09-08,7.5049,7.5409,7.2003,7.2773,2069900,46.46,77.69,16.77,48.72,260
2006-09-15,7.1867,7.3116,7.1131,7.2157,2962600,45.68,77.69,16.77,47.46,260
2006-09-22,7.1867,7.2722,6.9659,6.9916,3085900,42.89,77.69,20.12,39.55,260
2006-09-29,7.0104,7.1796,6.9085,6.924,4645900,42.05,77.69,20.12,38.09,260
2006-10-06,6.8399,6.8794,6.4127,6.4814,10223700,36.97,77.69,20.12,29.27,260
2006-10-13,6.4711,7.0235,6.3887,6.9789,9299800,45.01,77.69,20.12,43.24,260
2006-10-20,6.9926,7.0406,6.5963,6.8811,8570500,43.83,77.69,20.12,41.18,260
2006-10-27,6.8571,7.2688,6.8399,7.1127,7524100,47.36,77.69,20.12,47.32,260
2006-11-03,7.0852,7.159,6.912,6.9463,5415100,45.16,77.69,20.12,43.5,260
2006-11-10,6.9051,7.0509,6.8279,6.8348,8171700,43.7,77.69,20.12,40.96,260
2006-11-17,6.8897,7.0492,6.8313,6.9977,7088000,46.43,77.69,20.12,45.71,260
2006-11-24,6.8965,6.9274,6.7867,6.7987,3567300,43.65,77.69,20.12,40.87,260
2006-12-01,6.7764,6.8416,6.6049,6.809,5612900,43.83,77.69,20.12,41.19,260
2006-12-08,6.7678,6.9377,6.737,6.8794,4616300,45.18,77.69,20.12,43.53,260
2006-12-15,6.8794,7.4472,6.8794,7.4472,6903800,54.61,77.69,20.12,59.92,260
2006-12-22,7.5021,7.5107,7.2482,7.322,5156900,52.47,77.69,20.12,56.19,260
2006-12-29,7.3237,7.4489,7.3203,7.3477,2097900,52.88,77.69,20.12,56.9,260
2007-01-05,7.3597,7.8229,7.3305,7.6857,5607700,58.0,77.69,20.12,65.8,260
2007-01-12,7.6874,8.2089,7.6222,8.1797,10076300,64.13,77.69,20.12,76.45,260
2007-01-19,8.1008,8.2175,7.9293,8.0734,6633400,62.03,77.69,20.12,72.8,260
2007-01-26,8.0631,8.2364,7.8915,8.2055,5703200,63.63,77.69,20.12,75.57,260
2007-02-02,8.106,8.2089,7.8281,8.1677,7880900,62.81,77.69,20.12,74.16,260
2007-02-09,8.1489,8.492,8.118,8.4234,5704200,65.98,77.69,20.12,79.66,260
2007-02-16,8.4234,9.0461,8.3221,9.0169,6323200,71.95,77.69,20.12,90.02,260
2007-02-23,8.9209,9.137,8.9157,8.9672,5990800,70.83,77.69,20.12,88.07,260
2007-03-02,9.0907,9.1507,8.2827,8.48,11401100,60.83,77.69,20.12,70.71,260
2007-03-09,8.4182,9.0187,8.3719,9.0049,5693300,66.34,77.69,20.12,80.28,260
2007-03-16,9.0289,9.0941,8.516,8.7991,5008500,62.62,77.69,20.12,73.82,260
2007-03-23,8.974,9.1336,8.8008,9.1079,4205700,65.72,77.69,20.12,79.21,260
2007-03-30,9.1164,9.1164,8.6637,8.6791,4864900,58.46,77.69,20.12,66.6,260
2007-04-05,8.6413,8.9817,8.5554,8.9593,3341100,61.46,77.69,20.12,71.8,260
2007-04-13,9.2172,9.4458,9.1192,9.4458,5507800,66.04,77.69,20.12,79.76,260
2007-04-20,9.4114,9.5472,9.3169,9.3977,3463800,65.21,77.69,20.12,78.33,260
2007-04-27,9.3684,9.518,9.1398,9.1931,4586900,61.68,77.69,20.12,72.19,260
2007-05-04,9.1742,9.31,9.0281,9.2739,2201700,62.55,77.69,20.12,73.69,260
2007-05-11,9.3736,9.5799,9.2034,9.2928,2379800,62.76,77.69,20.12,74.06,260
2007-05-18,9.3151,9.6418,9.0264,9.5506,5017600,65.61,77.69,20.12,79.01,260
2007-05-25,9.7861,10.2864,9.6693,9.7552,5249100,67.72,77.69,20.12,82.68,260
2007-06-01,9.7793,9.9563,9.6968,9.8137,2447300,68.32,77.69,20.12,83.72,260
2007-06-08,9.7672,9.7861,9.2601,9.4028,3317500,59.91,77.69,20.12,69.12,260
2007-06-15,9.3684,9.518,9.2051,9.3736,3069200,59.35,77.69,20.12,68.15,260
2007-06-22,9.353,9.3581,8.9989,9.0092,3963100,52.74,77.69,20.12,56.66,260
2007-06-29,8.9885,9.0332,8.6705,8.8304,7266200,49.81,77.69,20.12,51.57,260
2007-07-06,9.0418,9.157,8.6499,9.1347,3774100,54.45,77.69,20.12,59.63,260
2007-07-13,9.1089,9.1295,8.8751,9.0676,2838300,53.28,77.69,20.12,57.6,260
2007-07-20,9.0504,9.0676,8.7255,8.7977,3291000,48.74,77.69,20.12,49.72,260
2007-07-27,8.7926,9.2722,8.6671,9.1175,6695200,53.76,77.69,20.12,58.44,260
2007-08-03,9.1948,9.3031,8.5519,8.5554,6068400,45.35,77.69,20.12,43.83,260
2007-08-10,8.643,8.7582,7.9812,8.2511,9056600,41.56,77.69,20.12,37.24,260
2007-08-17,8.3474,8.3749,7.5394,8.0053,7979700,38.74,77.69,20.12,32.35,260
2007-08-24,7.8076,8.172,7.787,8.148,3747300,41.23,77.69,20.12,36.67,260
2007-08-31,8.0018,8.2683,7.787,8.2133,3331800,42.39,77.69,20.12,38.68,260
2007-09-07,8.3113,8.5777,8.0242,8.1325,6392900,41.31,77.69,20.12,36.8,260
2007-09-14,8.0878,8.2081,7.9434,8.0758,3228200,40.52,77.69,20.12,35.45,260
2007-09-21,8.019,8.2442,7.9176,8.019,3121400,39.71,77.69,20.12,34.04,260
2007-09-28,8.0981,8.4242,7.8282,8.2812,2983300,45.16,77.69,20.12,43.51,260
2007-10-05,8.3053,8.836,8.2829,8.7326,4539800,53.04,77.69,20.12,57.18,260
2007-10-12,8.6792,8.7137,8.1261,8.1674,3959700,44.44,77.69,20.12,42.24,260
2007-10-19,8.2036,8.2036,7.7556,7.7728,3499300,39.61,77.69,20.12,33.85,260
2007-10-26,7.8245,8.5207,7.6798,8.481,7481600,50.09,77.69,20.12,52.06,260
2007-11-02,8.593,8.8205,8.3466,8.5362,3901900,50.81,77.69,20.12,53.31,260
2007-11-09,8.4517,8.5689,8.0089,8.0985,4828300,45.26,77.69,20.12,43.67,260
2007-11-16,8.0175,8.6154,8.0175,8.3105,4358600,48.21,77.69,20.12,48.79,260
2007-11-23,8.3725,8.5017,8.1002,8.4569,2515100,50.21,77.69,20.12,52.26,260
2007-11-30,8.6465,9.5735,8.5999,9.2995,7012300,59.81,77.69,20.12,68.94,260
2007-12-07,9.3736,9.4511,9.0652,9.172,3780800,57.99,77.69,20.12,65.78,260
2007-12-14,9.3219,9.7785,9.3064,9.3943,6376700,60.26,77.69,20.12,69.72,260
2007-12-21,9.4046,9.4511,9.1841,9.3977,4127800,60.3,77.69,20.12,69.79,260
2007-12-28,9.4753,9.6665,9.3564,9.3564,1404500,59.6,77.69,20.12,68.58,260
2008-01-04,9.3736,9.477,8.9911,9.0324,4098500,54.32,77.69,20.12,59.4,260
2008-01-11,9.2995,9.8543,9.2047,9.5287,7664700,60.15,77.69,20.12,69.53,260
2008-01-18,9.6838,9.7354,8.7137,8.8636,9552200,50.79,77.69,20.12,53.28,260
2008-01-25,8.164,8.6447,7.8452,8.0451,7803500,42.11,77.69,20.12,38.2,260
2008-02-01,7.8487,8.357,7.8487,7.9779,6663300,41.49,77.69,20.12,37.12,260
2008-02-08,7.8039,7.8039,7.3628,7.4076,6523300,36.52,77.69,20.12,28.49,260
2008-02-15,7.4007,7.8556,7.3645,7.716,5532900,40.66,77.69,20.12,35.68,260
2008-02-22,8.0968,8.1743,7.8831,8.0589,7665000,44.95,77.69,20.12,43.14,260
2008-02-29,8.1743,8.6154,8.1037,8.1347,5654600,45.89,77.69,20.12,44.76,260
2008-03-07,8.0089,8.1812,7.6212,7.6367,5215100,40.97,77.69,20.12,36.23,260
2008-03-14,7.4455,7.7246,7.1698,7.2128,8076200,37.31,77.69,20.12,29.87,260
2008-03-20,7.0647,7.3576,6.9354,7.2197,4946900,37.41,77.69,20.12,30.04,260
2008-03-28,7.2146,7.4286,7.0036,7.0226,4013100,35.69,77.69,20.12,27.05,260
2008-04-04,6.9707,7.3198,6.8964,7.2403,3907900,39.02,77.69,20.12,32.84,260
2008-04-11,7.4252,7.4252,6.9379,7.0433,4899200,37.15,77.69,20.12,29.58,260
2008-04-18,6.9327,7.5617,6.829,7.5306,4769500,44.28,77.69,22.36,39.61,260
2008-04-25,7.6135,7.9419,7.4096,7.8848,3764700,48.82,77.69,22.36,47.82,260
2008-05-02,7.9194,8.284,7.8658,8.2235,3438400,52.79,77.69,24.45,53.22,260
2008-05-09,8.1458,8.2252,7.6982,7.731,3294700,47.08,77.69,27.61,38.87,260
2008-05-16,7.7086,8.7782,7.7086,8.5536,6251700,55.7,77.69,32.18,51.68,260
2008-05-23,8.538,8.6572,8.1993,8.303,3824200,52.87,77.69,33.61,43.7,260
2008-05-30,8.3289,8.7799,8.1509,8.7074,2598000,56.69,77.69,33.61,52.36,260
2008-06-06,8.9458,9.0478,8.6918,8.6918,5006500,56.5,77.69,33.61,51.93,260
2008-06-13,8.7004,8.7419,8.2045,8.4084,4649300,53.02,77.69,33.61,44.04,260
2008-06-20,8.4844,8.6244,7.9764,7.9816,4286700,48.21,77.69,33.61,33.11,260
2008-06-27,8.0922,8.1095,7.4494,7.5876,6129900,44.21,77.69,33.61,24.06,260
2008-07-03,7.5703,7.6999,7.3336,7.4252,3125400,42.65,77.69,33.61,20.5,260
2008-07-11,7.5012,7.5185,6.8774,6.9915,5081100,38.7,77.69,33.61,11.55,260
2008-07-18,7.1694,7.3422,6.8653,7.1625,4251400,41.02,77.69,33.61,16.81,260
2008-07-25,7.1504,7.2697,6.9932,7.0519,3832600,39.96,77.69,33.61,14.42,260
2008-08-01,7.0174,7.0416,6.4281,6.537,7634000,35.41,77.69,33.61,4.09,260
2008-08-08,6.3988,6.8221,6.3763,6.7876,3225900,39.05,77.69,33.61,12.35,260
2008-08-15,6.81,6.9379,6.5111,6.6303,3149300,37.62,77.69,33.61,9.09,260
2008-08-22,6.7824,6.8083,6.4471,6.632,3002000,37.64,77.69,33.61,9.16,260
2008-08-29,6.7115,6.734,6.5837,6.6009,2263200,37.33,77.69,33.61,8.44,260
2008-09-05,6.4852,6.6562,6.1551,6.2311,2826600,33.73,77.69,33.61,0.27,260
2008-09-12,6.3175,6.4005,5.8769,6.0307,4598600,31.93,77.69,31.93,0.0,260
2008-09-19,5.787,5.9046,5.2894,5.6384,8540000,28.7,77.69,28.7,0.0,260
2008-09-26,5.5693,5.7076,5.1847,5.6558,4886000,29.04,77.69,28.7,0.7,260
2008-10-03,5.5372,5.6017,4.8252,4.8845,5199400,23.63,77.69,23.63,0.0,260
2008-10-10,4.8077,4.8077,3.5425,3.6682,12292000,17.94,77.69,17.94,0.0,260
2008-10-17,4.101,4.8705,3.827,4.1725,14639200,25.9,77.69,17.94,13.32,260
2008-10-24,4.5006,4.6419,3.4378,3.4588,13859600,22.57,77.69,17.94,7.74,260
2008-10-31,3.4431,4.1236,3.3366,4.0556,10986700,30.61,77.69,17.94,21.21,260
2008-11-07,4.0783,4.45,3.7764,4.0643,6284900,30.73,77.69,17.94,21.4,260
2008-11-14,4.2022,4.2057,3.5164,3.6856,7983000,28.55,77.69,17.94,17.75,260
2008-11-21,3.6961,3.7537,3.1656,3.471,10174000,27.36,77.69,17.94,15.77,260
2008-11-28,3.5338,3.7293,3.3209,3.382,7012200,26.86,77.69,17.94,14.93,260
2008-12-05,3.3279,3.3977,3.1569,3.3052,8159600,26.42,77.69,17.94,14.19,260
2008-12-12,3.4466,3.7572,3.3959,3.7048,9672500,32.69,77.69,17.94,24.68,260
2008-12-19,3.5931,3.7327,3.4623,3.5059,9147900,31.26,77.69,17.94,22.29,260
2008-12-26,3.5198,3.5757,3.4117,3.5495,2559900,31.96,77.69,17.94,23.47,260
2009-01-02,3.656,3.8479,3.5949,3.8217,4272900,36.33,77.69,17.94,30.78,260
2009-01-09,3.745,4.2441,3.7101,4.1097,10679000,40.68,77.69,17.94,38.05,260
2009-01-16,4.0905,4.1027,3.7799,3.984,11335800,39.41,77.69,17.94,35.93,260
2009-01-23,3.9265,3.9404,3.2843,3.546,11617700,35.3,77.69,17.94,29.05,260
2009-01-30,3.4745,3.6839,3.3296,3.3541,8151700,33.64,77.69,17.94,26.28,260
2009-02-06,3.3541,3.6891,3.3157,3.6437,7802800,38.35,77.69,17.94,34.15,260
2009-02-13,3.5739,3.5949,3.2284,3.2284,8192500,34.56,77.69,17.94,27.82,260
2009-02-20,3.1115,3.1167,2.841,2.8969,7818400,31.86,77.69,17.94,23.29,260
2009-02-27,2.8567,3.026,2.7293,2.8899,14839700,31.8,77.69,17.94,23.2,260
2009-03-06,2.9422,3.2319,2.8305,3.0103,16060500,33.97,77.69,17.94,26.83,260
2009-03-13,3.0644,3.4082,3.0417,3.382,9415100,40.29,77.69,17.94,37.41,260
2009-03-20,3.4378,3.6856,3.3977,3.478,7552000,41.84,77.69,17.94,40.0,260
2009-03-27,3.6158,4.0313,3.5949,3.9084,12047000,48.31,77.69,17.94,50.83,260
2009-04-03,3.7259,4.3665,3.596,4.2524,14212400,52.83,77.69,17.94,58.39,260
2009-04-09,4.205,4.5701,4.0611,4.5613,7908800,56.5,77.69,17.94,64.54,260
2009-04-17,4.4191,4.6666,4.3016,4.628,7088600,57.28,77.69,17.94,65.83,260
2009-04-24,4.6648,4.728,4.4174,4.6701,8865600,57.79,77.69,17.94,66.69,260
2009-05-01,4.5753,4.6999,4.4402,4.635,5412100,57.17,77.69,17.94,65.66,260
2009-05-08,4.6578,4.9299,4.6543,4.9035,5359700,60.62,77.69,17.94,71.43,260
2009-05-15,4.7315,4.7842,4.4841,4.6473,9387400,55.99,77.69,17.94,63.68,260
2009-05-22,4.4946,4.6929,4.4911,4.5262,7125300,53.9,77.69,17.94,60.17,260
2009-05-29,4.5192,4.6859,4.4349,4.6034,4583800,55.05,77.69,17.94,62.11,260
2009-06-05,4.7245,4.9527,4.7245,4.8842,6020800,59.07,77.69,17.94,68.83,260
2009-06-12,4.7631,4.8895,4.728,4.7895,5100800,57.21,77.69,17.94,65.72,260
2009-06-19,4.7193,4.7193,4.5244,4.6034,3786200,53.64,77.69,17.94,59.75,260
2009-06-26,4.5315,4.6613,4.4209,4.6157,3547700,53.85,77.69,17.94,60.09,260
2009-07-02,4.6824,4.6929,4.3963,4.4209,2917500,50.07,77.69,17.94,53.78,260
2009-07-10,4.3981,4.449,4.1419,4.1857,4309100,45.89,77.69,17.94,46.78,260
2009-07-17,4.1559,4.4297,4.1436,4.2717,5866500,47.62,77.69,17.94,49.66,260
2009-07-24,4.3138,4.463,4.2823,4.4542,4525100,51.17,77.69,17.94,55.61,260
2009-07-31,4.377,4.9509,4.2647,4.907,8711900,58.66,77.69,17.94,68.15,260
2009-08-07,4.9579,5.0632,4.8614,4.9737,4706100,59.64,77.69,17.94,69.79,260
2009-08-14,5.0896,5.0896,4.8649,4.9,4221200,58.0,77.69,17.94,67.05,260
2009-08-21,4.814,4.8526,4.5736,4.6701,4592600,53.1,77.69,17.94,58.84,260
2009-08-28,4.6666,4.8474,4.6455,4.7912,3949700,55.24,77.69,17.94,62.43,260
2009-09-04,4.7368,4.7508,4.5595,4.6526,3862400,52.29,77.69,17.94,57.49,260
2009-09-11,4.7052,4.8193,4.6385,4.7859,2251200,54.79,77.69,17.94,61.68,260
2009-09-18,4.6964,5.0316,4.6561,4.9948,4879700,58.47,77.69,17.94,67.83,260
2009-09-25,4.9421,5.2741,4.9246,5.1894,6555700,61.6,77.69,17.94,73.07,260
2009-10-02,5.2423,5.3164,4.7521,4.7892,5400100,52.78,77.69,17.94,58.32,260
2009-10-09,4.7274,5.0325,4.6957,5.0149,4759500,56.56,77.69,17.94,64.63,260
2009-10-16,5.0378,5.1753,4.9549,5.0924,7320800,57.81,77.69,17.94,66.72,260
2009-10-23,5.1594,5.2282,5.0501,5.0977,4720300,57.9,77.69,17.94,66.87,260
2009-10-30,5.1841,5.4345,5.036,5.1824,7576700,59.37,77.69,17.94,69.34,260
2009-11-06,5.1136,5.1824,5.0131,5.0907,4757700,57.04,77.69,17.94,65.44,260
2009-11-13,5.1894,5.2035,4.9443,4.999,3166300,54.73,77.69,17.94,61.57,260
2009-11-20,4.999,5.0871,4.6886,4.7257,5008700,48.42,77.69,17.94,51.02,260
2009-11-27,4.798,4.8562,4.6287,4.7045,3418200,47.96,77.69,17.94,50.25,260
2009-12-04,4.7274,5.0766,4.6692,5.029,5025500,55.03,77.69,17.94,62.07,260
2009-12-11,5.0378,5.1136,4.9408,5.1136,3412500,56.68,77.69,17.94,64.83,260
2009-12-18,5.1594,5.1788,4.9496,5.0501,3023200,55.05,77.69,17.94,62.1,260
2009-12-24,5.0131,5.2,5.0131,5.1683,1844700,57.5,77.69,17.94,66.21,260
2009-12-31,5.1824,5.2159,5.0871,5.1136,1911700,55.98,77.69,17.94,63.66,260
2010-01-08,5.2053,5.3728,5.2018,5.3622,3244200,61.03,77.69,17.94,72.12,260
2010-01-15,5.4169,6.0129,5.3587,5.8789,6319800,69.0,77.69,17.94,85.45,260
2010-01-22,5.923,6.1628,5.8154,6.027,4851300,70.84,77.69,17.94,88.53,260
2010-01-29,6.1504,6.1698,5.759,5.8595,5710100,66.06,77.69,17.94,80.54,260
2010-02-05,5.9953,6.2756,5.8877,6.0411,6987200,68.54,77.69,17.94,84.68,260
2010-02-12,5.8859,6.0164,5.8083,6.0058,3746700,67.51,77.69,17.94,82.96,260
2010-02-19,5.9424,6.1257,5.9424,6.0711,3190000,68.45,77.69,17.94,84.54,260
2010-02-26,6.1716,6.1716,5.8912,6.0147,4454600,66.65,77.69,17.94,81.52,260
2010-03-05,6.0658,6.4149,6.0658,6.4079,4192000,72.16,77.69,17.94,90.74,260
2010-03-12,6.4819,6.7341,6.4572,6.5842,4840500,74.22,77.69,17.94,94.18,260
2010-03-19,6.5771,6.8469,6.5613,6.8134,3518500,76.63,77.69,17.94,98.23,260
2010-03-26,6.7693,7.1326,6.6371,6.7633,6745000,74.98,77.69,17.94,95.46,260
2010-04-01,6.7757,6.8889,6.7438,6.7987,2610900,75.38,77.69,17.94,96.13,260
2010-04-09,6.7774,6.8358,6.4182,6.5138,4273200,66.12,77.69,17.94,80.63,260
2010-04-16,6.4571,6.5474,6.2554,6.2926,3754700,59.96,77.69,17.94,70.32,260
2010-04-23,6.3598,6.4182,6.1227,6.1899,4584800,57.29,77.69,17.94,65.86,260
2010-04-30,6.1811,6.3527,6.0448,6.0554,5029000,53.91,77.69,17.94,60.2,260
2010-05-07,6.0678,6.1404,5.5883,5.8219,6363200,48.55,77.69,17.94,51.22,260
2010-05-14,5.9387,6.0926,5.4485,5.5193,8087200,42.63,77.69,17.94,41.32,260
2010-05-21,5.3954,5.7157,5.3193,5.7086,9851600,46.98,77.69,17.94,48.61,260
2010-05-28,5.6254,5.629,5.2821,5.4467,6683200,42.21,77.69,17.94,40.62,260
2010-06-04,5.3919,5.4768,5.1353,5.1742,4478900,37.9,77.69,17.94,33.4,260
2010-06-11,5.1264,5.1547,4.9353,5.061,7016200,36.24,77.69,17.94,30.63,260
2010-06-18,5.0875,5.1123,4.8964,4.9424,10994900,34.54,77.69,17.94,27.78,260
2010-06-25,5.0433,5.0822,4.7814,4.8362,6226300,33.04,77.69,17.94,25.27,260
2010-07-02,4.8398,4.8557,4.5743,4.6646,5956200,30.72,77.69,17.94,21.39,260
2010-07-09,4.7867,4.9335,4.7035,4.93,3818200,37.97,77.69,17.94,33.52,260
2010-07-16,5.0309,5.1866,4.7442,4.7548,6238700,35.34,77.69,17.94,29.12,260
2010-07-23,4.7778,5.1335,4.6911,5.1211,6485300,44.06,77.69,17.94,43.72,260
2010-07-30,5.1406,5.6785,5.0663,5.5246,10461300,51.78,77.69,17.94,56.63,260
2010-08-06,5.6538,5.6962,5.4467,5.6042,5416600,53.15,77.69,17.94,58.93,260
2010-08-13,5.5724,5.6113,5.1972,5.3105,3990100,47.75,77.69,17.94,49.89,260
2010-08-20,5.2025,5.3635,5.1618,5.222,3242800,46.22,77.69,17.94,47.33,260
2010-08-27,5.1848,5.2025,4.93,5.1105,4723300,44.31,77.69,17.94,44.12,260
2010-09-03,5.0716,5.3052,4.93,5.2945,4013100,48.13,77.69,17.94,50.53,260
2010-09-10,5.2591,5.3069,5.1901,5.2998,3256200,48.24,77.69,17.94,50.71,260
2010-09-17,5.3122,5.5157,5.2627,5.4715,3798700,51.82,77.69,17.94,56.7,260
2010-09-24,5.4803,5.5971,5.2857,5.4856,3235500,52.11,77.69,17.94,57.19,260
2010-10-01,5.5156,5.624,5.4053,5.4302,4701200,50.81,77.69,17.94,55.0,260
2010-10-08,5.4533,5.7592,5.3751,5.7361,5972000,57.18,77.69,17.94,65.67,260
2010-10-15,5.7254,5.7521,5.6009,5.7129,3345000,56.58,77.69,17.94,64.67,260
2010-10-22,5.7965,5.9885,5.7965,5.9441,4133200,60.97,77.69,17.94,72.02,260
2010-10-29,5.9903,6.0917,5.937,6.017,4610700,62.27,77.69,17.94,74.19,260
2010-11-05,5.8552,5.9672,5.7556,5.9388,4403500,59.97,77.69,17.94,70.34,260
2010-11-12,5.9601,6.0081,5.8267,5.8587,2517600,57.62,77.69,17.94,66.41,260
2010-11-19,6.0188,6.3246,5.9494,6.2944,5783900,65.53,77.69,17.94,79.64,260
2010-11-26,6.2464,6.2997,6.1148,6.1486,3821900,61.4,77.69,17.94,72.73,260
2010-12-03,6.2001,6.5575,6.1539,6.458,5218000,66.25,77.69,17.94,80.86,260
2010-12-10,6.4651,6.5113,6.3086,6.3708,3397200,63.82,77.69,17.94,76.78,260
2010-12-17,6.4242,6.4242,6.2517,6.2926,3521200,61.63,77.69,17.94,73.12,260
2010-12-23,6.2641,6.4651,6.2357,6.3246,2953500,62.2,77.69,17.94,74.07,260
2010-12-31,6.305,6.4135,6.2979,6.3495,1352100,62.67,77.69,17.94,74.85,260
2011-01-07,6.4313,6.4882,6.3513,6.4082,2857800,63.8,77.69,17.94,76.75,260
2011-01-14,6.3886,6.4775,6.2819,6.3797,3780000,62.8,77.69,17.94,75.08,260
2011-01-21,6.3584,6.4366,6.0561,6.0846,3646300,53.49,76.63,17.94,60.56,260
2011-01-28,6.1148,6.3122,6.1023,6.1841,4620200,55.87,76.63,17.94,64.62,260
2011-02-04,6.1539,6.5237,6.1059,6.3353,6806700,59.27,76.63,17.94,70.42,260
2011-02-11,6.1859,6.2908,6.1361,6.2055,3602700,55.32,76.63,17.94,63.69,260
2011-02-18,6.2126,6.4846,6.1557,6.474,2747200,61.1,76.63,17.94,73.52,260
2011-02-25,6.4811,6.5397,6.305,6.4864,3222000,61.34,76.63,17.94,73.95,260
2011-03-04,6.5362,6.5735,6.3353,6.3922,2671600,58.3,76.63,17.94,68.76,260
2011-03-11,6.3833,6.4011,5.8801,5.9477,3305600,46.55,76.63,17.94,48.75,260
2011-03-18,5.5031,5.6898,5.1475,5.608,16120800,39.94,76.63,17.94,37.47,260
2011-03-25,5.777,5.7947,5.6223,5.7272,6642600,43.0,76.63,17.94,42.69,260
2011-04-01,5.7196,5.7714,5.6445,5.6946,4084700,42.36,76.63,17.94,41.61,260
2011-04-08,5.6517,5.6588,5.3783,5.4641,6252400,38.07,76.63,17.94,34.3,260
2011-04-15,5.4337,5.4426,5.2532,5.3051,7167100,35.41,76.63,17.94,29.76,260
2011-04-21,5.1728,5.473,5.1657,5.4498,3619800,39.55,76.63,17.94,36.82,260
2011-04-29,5.4069,5.4069,4.9763,5.0585,6614100,33.32,76.63,17.94,26.21,260
2011-05-06,5.1264,5.1996,4.9906,5.0138,4692400,32.69,76.63,17.94,25.13,260
2011-05-13,5.096,5.1996,4.9137,4.928,3727500,31.46,76.63,17.94,23.03,260
2011-05-20,4.9441,5.0263,4.8119,4.8333,5172800,30.1,76.63,17.94,20.72,260
2011-05-27,4.6457,5.0067,4.6279,4.7976,8477300,29.59,76.63,17.94,19.84,260
2011-06-03,4.7887,4.7994,4.6993,4.7136,3664900,28.36,76.63,17.94,17.74,260
2011-06-10,4.6279,4.6279,4.467,4.4688,6218400,25.08,76.63,17.94,12.16,260
2011-06-17,4.4974,4.5171,4.4063,4.4527,4156300,24.87,76.63,17.94,11.81,260
2011-06-24,4.3348,4.6386,4.3259,4.5796,6105400,29.72,76.63,17.94,20.06,260
2011-07-01,4.5189,4.7529,4.4885,4.7476,4242200,35.64,76.63,17.94,30.15,260
2011-07-08,4.7797,4.878,4.7565,4.8423,4568800,38.77,76.63,17.94,35.48,260
2011-07-15,4.8351,4.8816,4.7386,4.8298,4324500,38.5,76.63,17.94,35.03,260
2011-07-22,4.8244,4.8298,4.7208,4.794,3178500,37.7,76.63,17.94,33.67,260
2011-07-29,4.71,4.7315,4.4545,4.4849,3984500,31.61,76.63,17.94,23.28,260
2011-08-05,4.526,4.5671,4.0471,4.1347,8788800,26.4,76.63,17.94,14.41,260
2011-08-12,3.9775,4.0775,3.7898,3.8399,14013300,22.97,76.63,17.94,8.57,260
2011-08-19,3.9542,4.0025,3.6576,3.6683,6512000,21.24,76.63,17.94,5.62,260
2011-08-26,3.7416,3.7523,3.5986,3.6969,6094500,22.29,76.63,17.94,7.41,260
2011-09-02,3.8274,3.9703,3.6969,3.7041,5097400,22.57,76.63,17.94,7.88,260
2011-09-09,3.5343,3.6862,3.495,3.5075,4411600,20.41,76.63,17.94,4.2,260
2011-09-16,3.4789,3.6773,3.4128,3.663,3983200,26.41,76.63,17.94,14.43,260
2011-09-23,3.5915,3.6254,3.286,3.3985,5923400,23.2,76.63,17.94,8.97,260
2011-09-30,3.3842,3.5783,3.3163,3.4234,5997100,24.13,76.63,17.94,10.55,260
2011-10-07,3.3891,3.445,3.2612,3.2882,9060900,22.53,76.63,17.94,7.82,260
2011-10-14,3.3423,3.6594,3.3423,3.6342,5995400,34.51,76.63,17.94,28.24,260
2011-10-21,3.7152,3.7747,3.5927,3.7315,6018100,37.45,76.63,17.94,33.23,260
2011-10-28,3.6324,4.0522,3.6179,4.0324,5144200,45.56,76.63,17.94,47.06,260
2011-11-04,3.8972,3.9224,3.1891,3.2288,8988600,33.18,76.63,17.94,25.97,260
2011-11-11,3.2198,3.2468,3.0468,3.1603,6239000,32.37,76.63,17.94,24.59,260
2011-11-18,3.1747,3.1963,2.9999,3.0468,6215900,31.03,76.63,17.94,22.29,260
2011-11-25,2.9747,3.1171,2.9117,3.0558,5359100,31.27,76.63,17.94,22.71,260
2011-12-02,3.1621,3.2792,3.1459,3.2017,8411800,35.27,76.63,17.94,29.53,260
2011-12-09,3.2234,3.3531,3.1621,3.2936,6816300,37.73,76.63,17.94,33.72,260
2011-12-16,3.2468,3.2468,3.0666,3.1189,5836300,35.01,76.63,17.94,29.08,260
2011-12-23,3.0684,3.2414,3.0035,3.2342,4260700,38.18,76.63,17.94,34.48,260
2011-12-30,3.2107,3.2738,3.0666,3.2504,6312500,38.63,76.63,17.94,35.25,260
2012-01-06,3.2936,3.3333,3.1297,3.1423,4620200,36.7,76.63,17.94,31.96,260
2012-01-13,3.1549,3.1999,3.0648,3.0864,3498800,35.71,76.63,17.94,30.27,260
2012-01-20,3.063,3.2216,3.018,3.2162,4658000,39.79,76.63,17.94,37.22,260
2012-01-27,3.3207,3.3783,3.2071,3.3189,6585900,42.88,76.63,17.94,42.48,260
2012-02-03,3.2738,3.481,3.036,3.4612,12828300,46.94,76.63,17.94,49.41,260
2012-02-10,3.4882,3.6053,3.4522,3.5188,6818800,48.54,76.63,17.94,52.13,260
2012-02-17,3.5243,3.7315,3.4234,3.7116,6091700,53.57,76.63,17.94,60.7,260
2012-02-24,3.7351,3.9369,3.7044,3.9152,5886800,58.22,76.63,17.94,68.62,260
2012-03-02,3.881,4.0269,3.8324,3.8504,6882200,56.28,76.63,17.94,65.33,260
2012-03-09,3.7279,3.8666,3.6432,3.8306,9858000,55.68,76.63,17.94,64.29,260
2012-03-16,3.7711,3.9729,3.7441,3.9297,7097500,58.11,76.63,17.94,68.44,260
2012-03-23,3.8954,3.9098,3.6053,3.6612,5699800,50.08,76.63,17.94,54.76,260
2012-03-30,3.6954,3.8777,3.681,3.7706,5185100,52.93,76.63,17.94,59.62,260
2012-04-05,3.7324,3.7815,3.5618,3.6326,3349000,49.12,76.63,17.94,53.12,260
2012-04-13,3.6308,3.6598,3.1442,3.1515,14174800,38.65,76.63,17.94,35.29,260
2012-04-20,3.235,3.2459,3.0117,3.0553,14615400,36.96,76.63,17.94,32.4,260
2012-04-27,2.9827,3.0244,2.9355,2.9627,7313100,35.35,76.63,17.94,29.66,260
2012-05-04,2.9573,2.9573,2.7503,2.7812,10076800,32.38,76.63,17.94,24.6,260
2012-05-11,2.7757,2.8592,2.5361,2.5742,14346800,29.35,76.63,17.94,19.43,260
2012-05-18,2.5996,2.6069,2.4907,2.4998,9432400,28.32,76.63,17.94,17.69,260
2012-05-25,2.5288,2.5688,2.4036,2.4145,8065600,27.15,76.63,17.94,15.69,260
2012-06-01,2.4381,2.4635,2.2928,2.2965,5754600,25.57,76.63,17.94,13.0,260
2012-06-08,2.331,2.4853,2.2946,2.3328,8952000,26.98,76.63,17.94,15.4,260
2012-06-15,2.3727,2.3963,2.3092,2.3927,8125700,29.35,76.63,17.94,19.43,260
2012-06-22,2.4199,2.6269,2.4181,2.5978,8205000,36.9,76.63,17.94,32.3,260
2012-06-29,2.5597,2.5906,2.4689,2.5851,7369100,36.64,76.63,17.94,31.86,260
2012-07-06,2.5742,2.5978,2.458,2.4762,3831000,34.39,76.63,17.94,28.03,260
2012-07-13,2.4598,2.4653,2.2493,2.2983,7149400,31.04,76.63,17.94,22.32,260
2012-07-20,2.2892,2.3128,2.1857,2.193,6349800,29.23,76.63,17.94,19.23,260
2012-07-27,2.1294,2.2583,2.035,2.242,9232000,31.24,76.63,17.94,22.66,260
2012-08-03,2.1785,2.2438,1.9806,2.1131,12682900,28.91,76.63,17.94,18.69,260
2012-08-10,2.0804,2.2511,2.0804,2.2402,8915500,34.13,76.63,17.94,27.58,260
2012-08-17,2.2002,2.2311,2.0441,2.1694,8842600,32.69,76.63,17.94,25.13,260
2012-08-24,2.1676,2.1966,2.0931,2.1258,7133400,31.8,76.63,17.94,23.61,260
2012-08-31,2.1276,2.1422,2.0423,2.0532,5486700,30.32,76.63,17.94,21.09,260
2012-09-07,2.0568,2.1204,2.0006,2.1131,5481100,33.09,76.63,17.94,25.81,260
2012-09-14,2.1403,2.4689,2.1313,2.3691,15273200,43.42,76.63,17.94,43.42,260
2012-09-21,2.3854,2.458,2.3019,2.3055,15028100,41.7,76.63,17.94,40.48,260
2012-09-28,2.2547,2.2776,2.1416,2.1508,10212600,37.77,76.63,17.94,33.79,260
2012-10-05,2.1802,2.2427,2.1544,2.2059,7940200,39.94,76.63,17.94,37.49,260
2012-10-12,2.193,2.2059,2.0772,2.0883,5485200,36.98,76.63,17.94,32.44,260
2012-10-19,2.1379,2.2794,2.1305,2.2335,6363300,42.64,76.63,17.94,42.08,260
2012-10-26,2.2574,2.2739,2.1618,2.1783,8280800,41.13,76.63,17.94,39.51,260
2012-11-02,2.1949,2.2004,2.0809,2.0827,7497500,38.58,76.63,17.94,35.16,260
2012-11-09,2.0864,2.0883,1.9908,1.9963,14550600,36.38,76.63,17.94,31.42,260
2012-11-16,1.9798,1.9908,1.796,1.8603,25276400,33.18,76.63,17.94,25.96,260
2012-11-23,1.8658,1.8787,1.8107,1.8419,6941600,32.76,76.63,17.94,25.24,260
2012-11-30,1.8254,1.8272,1.7629,1.7905,7675700,31.55,76.63,17.94,23.19,260
2012-12-07,1.7868,1.8658,1.7592,1.8603,9945600,35.04,76.63,17.94,29.14,260
2012-12-14,1.8327,2.0184,1.8107,2.0147,14305200,42.07,76.63,17.94,41.11,260
2012-12-21,2.0166,2.0772,1.9927,2.0092,12667100,41.9,76.63,17.94,40.82,260
2012-12-28,2.0129,2.0625,2.0055,2.0239,5859700,42.58,76.63,17.94,41.98,260
2013-01-04,2.0258,2.1269,2.0202,2.0478,11043300,43.74,76.63,17.94,43.95,260
2013-01-11,2.0166,2.0533,1.9467,2.0386,18409100,43.38,76.63,17.94,43.34,260
2013-01-18,2.0552,2.3419,2.046,2.3346,38746200,56.01,76.63,17.94,64.87,260
2013-01-25,2.4228,2.6581,2.4044,2.6489,22631300,64.96,76.63,17.94,80.11,260
2013-02-01,2.8474,2.8474,2.6894,2.7813,24729000,67.92,76.63,17.94,85.15,260
2013-02-08,2.8971,2.9283,2.6765,2.7427,26715800,66.16,76.63,17.94,82.16,260
2013-02-15,2.7574,2.7666,2.5974,2.636,16592900,61.44,76.63,17.94,74.11,260
2013-02-22,2.6728,2.7169,2.5533,2.5864,11343800,59.32,76.63,17.94,70.5,260
2013-03-01,2.6122,2.8088,2.5276,2.7997,15788700,64.92,76.63,17.94,80.05,260
2013-03-08,2.8474,2.932,2.7978,2.8658,17043000,66.47,76.63,17.94,82.68,260
2013-03-15,2.8805,3.1967,2.8015,3.1728,25611000,72.51,76.63,17.94,92.98,260
2013-03-22,3.0386,3.2629,3.0184,3.25,19586900,73.79,76.63,17.94,95.16,260
2013-03-28,3.3088,3.3199,3.2047,3.2213,10641700,72.44,76.63,17.94,92.86,260
2013-04-05,3.1232,3.1843,3.001,3.0899,19563900,66.45,76.63,17.94,82.64,260
2013-04-12,3.1325,3.1565,3.0455,3.0862,11014200,66.28,76.63,17.94,82.36,260
2013-04-19,3.114,3.1232,2.9788,3.0825,10429300,66.1,76.63,17.94,82.06,260
2013-04-26,3.0436,3.2417,3.014,3.051,16163600,64.51,76.63,17.94,79.35,260
2013-05-03,3.0473,3.1806,2.9992,3.1769,9349300,67.84,76.63,17.94,85.02,260
2013-05-10,3.1602,3.3787,3.1584,3.3176,16140900,71.1,76.63,17.94,90.58,260
2013-05-17,3.3861,4.1155,3.3787,3.7656,59111700,78.56,78.56,17.94,100.0,260
2013-05-24,3.9045,4.3284,3.8175,3.8804,55507000,79.99,79.99,17.94,100.0,260
2013-05-31,3.8267,3.9822,3.686,3.7305,29983700,73.15,79.99,17.94,88.97,260
2013-06-07,3.5916,3.7397,3.4416,3.6212,24988000,68.55,79.99,17.94,81.56,260
2013-06-14,3.7545,3.8989,3.6453,3.6805,27877000,69.66,79.99,17.94,83.36,260
2013-06-21,3.8045,3.9989,3.6934,3.773,26852300,71.37,79.99,17.94,86.11,260
2013-06-28,3.6842,3.9637,3.636,3.923,12840500,73.93,79.99,17.94,90.23,260
2013-07-05,3.9804,4.0915,3.9397,4.0285,7322100,75.58,79.99,17.94,92.9,260
2013-07-12,3.9878,4.1192,3.9859,4.1081,6440600,76.78,79.99,17.94,94.83,260
2013-07-19,4.1192,4.1285,4.0581,4.0933,8024900,76.03,79.99,17.94,93.62,260
2013-07-26,4.1266,4.2766,3.9674,3.9952,11507200,71.1,79.99,17.94,85.67,260
2013-08-02,3.8971,4.1192,3.836,4.0026,19275100,71.25,79.99,17.94,85.92,260
2013-08-09,4.0045,4.0396,3.6953,3.7305,15400900,59.0,79.99,17.94,66.18,260
2013-08-16,3.7156,3.7582,3.6712,3.699,9695800,57.77,79.99,17.94,64.18,260
2013-08-23,3.7138,3.749,3.6157,3.7416,8281400,59.02,79.99,17.94,66.2,260
2013-08-30,3.7267,3.823,3.6823,3.6953,9480400,57.04,79.99,17.94,63.01,260
2013-09-06,3.7767,3.9211,3.7693,3.8915,7174600,62.74,79.99,17.94,72.2,260
2013-09-13,3.9193,4.0285,3.8693,3.9211,15190600,63.53,79.99,17.94,73.47,260
2013-09-20,3.9582,4.0618,3.936,3.9545,14975900,64.44,79.99,17.94,74.94,260
2013-09-27,3.96,3.9921,3.9008,3.9641,5252400,64.71,79.99,17.94,75.38,260
2013-10-04,3.966,4.0219,3.8524,3.8859,6518700,60.63,79.99,20.41,67.51,260
2013-10-11,3.8115,3.8282,3.5806,3.7165,15181400,52.84,79.99,20.41,54.44,260
2013-10-18,3.6867,3.7351,3.6308,3.6513,11864700,50.17,79.99,20.41,49.96,260
2013-10-25,3.6625,3.696,3.5508,3.5862,12538400,47.59,79.99,20.41,45.62,260
2013-11-01,3.6308,3.6532,3.102,3.1188,21200500,34.03,79.99,20.41,22.87,260
2013-11-08,3.1374,3.2231,3.095,3.1169,16776497,33.99,79.99,20.41,22.8,260
2013-11-15,3.1058,3.4949,3.076,3.4446,25096900,46.39,79.99,20.41,43.62,260
2013-11-22,3.5471,3.5675,3.4018,3.4074,17758100,45.35,79.99,20.41,41.87,260
2013-11-29,3.4298,3.467,3.359,3.4074,10500900,45.35,79.99,20.41,41.87,260
2013-12-06,3.4428,3.4912,3.305,3.3702,9497100,44.2,79.99,20.41,39.93,260
2013-12-13,3.3776,3.3795,3.2398,3.2603,10669800,40.9,79.99,20.41,34.39,260
2013-12-20,3.2771,3.2864,3.2082,3.2696,8622300,41.3,79.99,20.41,35.06,260
2013-12-27,3.2901,3.3236,3.1709,3.1821,6925100,38.65,79.99,20.41,30.62,260
2014-01-03,3.2268,3.2678,3.1802,3.1989,7151900,39.45,79.99,20.41,31.96,260
2014-01-10,3.2212,3.4111,3.2026,3.3143,20376400,44.8,79.99,20.41,40.93,260
2014-01-17,3.292,3.3087,3.1747,3.1747,14723000,40.17,79.99,20.41,33.18,260
2014-01-24,3.1747,3.1896,3.0965,3.1132,12202400,38.3,79.99,20.41,30.04,260
2014-01-31,3.0667,3.0778,2.8954,2.9326,18463100,33.38,79.99,20.41,21.77,260
2014-02-07,2.9047,3.1411,2.8358,3.1318,23578400,42.2,79.99,20.41,36.59,260
2014-02-14,3.1095,3.2324,3.076,3.1765,18134200,44.0,79.99,20.41,39.59,260
2014-02-21,3.2212,3.238,3.1616,3.1877,7684000,44.46,79.99,20.41,40.37,260
2014-02-28,3.2398,3.2882,3.1951,3.2678,10969700,47.8,79.99,20.41,45.97,260
2014-03-07,3.2026,3.3497,3.1728,3.3422,7408300,50.76,79.99,20.41,50.94,260
2014-03-14,3.3758,3.3832,3.1877,3.197,10321200,45.35,79.99,20.41,41.87,260
2014-03-21,3.1933,3.3236,3.1505,3.3069,13870500,49.72,79.99,20.41,49.19,260
2014-03-28,3.3031,3.5223,3.2659,3.496,14390500,56.2,79.99,20.41,60.07,260
2014-04-04,3.5841,3.6479,3.5523,3.5673,9896100,58.38,79.99,20.41,63.73,260
2014-04-11,3.5954,3.6104,3.3985,3.4454,8599600,53.48,79.99,20.41,55.51,260
2014-04-17,3.4867,3.5335,3.436,3.5073,4379300,55.52,79.99,20.41,58.93,260
2014-04-25,3.526,3.571,3.3311,3.3498,7304200,49.56,79.99,20.41,48.94,260
2014-05-02,3.3498,3.3836,3.1417,3.3048,9129600,47.98,79.99,20.41,46.28,260
2014-05-09,3.2898,3.3142,3.2448,3.258,7726100,46.32,79.99,20.41,43.49,260
2014-05-16,3.2355,3.3161,3.0274,3.0705,15981600,40.31,79.99,20.41,33.41,260
2014-05-23,3.003,3.0686,2.9861,3.0199,13176200,38.84,79.99,20.41,30.95,260
2014-05-30,3.093,3.1324,3.018,3.033,11317000,39.46,79.99,20.41,31.98,260
2014-06-06,3.0574,3.0611,3.003,3.018,7124500,38.98,79.99,20.41,31.17,260
2014-06-13,3.033,3.063,2.9918,3.0405,13564400,40.16,79.99,20.41,33.15,260
2014-06-20,3.0518,3.1886,3.0086,3.1811,15375600,47.05,79.99,20.41,44.73,260
2014-06-27,3.1605,3.1774,3.1136,3.1417,12382700,45.47,79.99,20.41,42.07,260
2014-07-03,3.1286,3.2167,3.123,3.1567,11920100,46.21,79.99,20.41,43.32,260
2014-07-11,3.1717,3.1867,3.0799,3.123,6308500,44.74,79.99,20.41,40.84,260
2014-07-18,3.1342,3.1567,3.0799,3.1474,11438800,46.08,79.99,20.41,43.09,260
2014-07-25,3.138,3.3217,3.1211,3.3142,12191300,54.24,79.99,20.41,56.79,260
2014-08-01,3.3123,3.5823,3.273,3.3779,16669100,56.92,79.99,20.41,61.29,260
2014-08-08,3.4004,3.4435,3.2167,3.2655,12681600,51.22,79.99,20.41,51.71,260
2014-08-15,3.258,3.4567,3.243,3.451,11915200,58.59,79.99,20.41,64.09,260
2014-08-22,3.4585,3.5616,3.4454,3.5354,12200300,61.45,79.99,20.41,68.88,260
2014-08-29,3.5541,3.5954,3.5279,3.5823,4606500,62.97,79.99,20.41,71.44,260
2014-09-05,3.6216,3.7378,3.5804,3.6122,7812500,63.96,79.99,20.41,73.09,260
2014-09-12,3.6085,3.7397,3.5935,3.7153,10876300,67.18,79.99,20.41,78.51,260
2014-09-19,3.7153,3.8147,3.3029,3.3161,35354000,48.92,79.99,20.41,47.85,260
2014-09-26,3.2786,3.288,3.228,3.2655,15182301,47.17,79.99,20.41,44.91,260
2014-10-03,3.3179,3.3948,3.228,3.3011,13599246,48.56,79.99,20.41,47.25,260
2014-10-10,3.3104,3.3367,3.2073,3.2092,11031035,45.24,79.99,20.41,41.69,260
2014-10-17,3.213,3.2392,3.1061,3.2317,11962977,46.21,79.99,20.41,43.31,260
2014-10-24,3.2561,3.3704,3.243,3.3217,12602817,50.02,79.99,20.41,49.71,260
2014-10-31,3.2673,3.7303,3.2561,3.7153,18762126,62.53,79.99,20.41,70.7,260
2014-11-07,3.6816,3.8203,3.6582,3.6779,18818799,60.97,79.99,20.41,68.07,260
2014-11-14,3.8334,3.8822,3.8053,3.8691,11960928,65.68,79.99,20.41,75.99,260
2014-11-21,3.7847,4.0115,3.7847,3.9815,12360200,68.12,79.99,20.41,80.09,260
2014-11-28,3.9778,4.1334,3.9778,4.1221,11982020,70.91,79.99,20.41,84.76,260
2014-12-05,4.1709,4.184,4.0753,4.154,14395773,71.52,79.99,20.41,85.78,260
2014-12-12,4.0134,4.0246,3.8109,3.8109,11727235,57.58,79.99,20.41,62.39,260
2014-12-19,3.7378,3.9853,3.6947,3.8578,13227570,58.76,79.99,20.41,64.37,260
2014-12-26,3.8991,4.0115,3.8803,3.9872,5560273,61.92,79.99,20.41,69.67,260
2015-01-02,3.9759,3.9872,3.8297,3.8541,4759092,57.08,79.99,20.41,61.55,260
2015-01-09,3.8334,4.0846,3.7772,4.0003,10087715,60.71,79.99,20.41,67.64,260
2015-01-16,4.0078,4.0284,3.8128,3.8747,11237675,56.3,79.99,20.41,60.25,260
2015-01-23,3.9197,4.289,3.8719,4.2365,10222596,64.34,79.99,20.41,73.73,260
2015-01-30,4.3677,4.482,4.3002,4.3658,13581511,66.69,79.99,20.41,77.69,260
2015-02-06,4.304,5.0575,4.2946,4.9807,18386722,75.11,79.99,20.41,91.82,260
2015-02-13,4.8157,5.1475,4.8063,5.1175,10577007,76.54,79.99,20.41,94.21,260
2015-02-20,4.945,5.2712,4.9301,5.11,12076120,76.28,79.99,20.41,93.77,260
2015-02-27,5.0706,5.3706,5.05,5.3087,7035489,78.35,79.99,20.41,97.26,260
2015-03-06,5.2394,5.275,5.1531,5.1569,6091259,73.09,79.99,20.41,88.42,260
2015-03-13,5.0894,5.1194,4.9507,4.9788,6771454,67.37,79.99,20.41,78.83,260
2015-03-20,4.8232,5.305,4.8138,5.2319,9193096,70.86,79.99,20.41,84.68,260
2015-03-27,5.2262,5.2431,4.9373,5.02,6823247,64.63,79.99,20.41,74.23,260
2015-04-02,5.0725,5.245,4.9844,5.2206,6700545,67.54,79.99,20.41,79.11,260
2015-04-10,5.4793,5.753,5.4212,5.7286,9252585,73.49,79.99,20.41,89.09,260
2015-04-17,5.7099,5.9554,5.5674,5.6255,14558267,70.66,79.99,20.41,84.35,260
2015-04-24,5.7099,6.1108,5.6555,5.8748,14122713,73.33,79.99,20.41,88.83,260
2015-05-01,5.8729,5.884,5.5824,5.7942,6156800,71.08,79.99,20.41,85.05,260
2015-05-08,5.7942,5.8523,5.5805,5.7436,6811160,69.63,79.99,20.41,82.62,260
2015-05-15,5.8355,6.1429,5.7773,6.1373,11438636,74.06,79.99,20.41,90.05,260
2015-05-22,6.1073,6.1766,5.9348,5.9461,5219177,68.81,79.99,20.41,81.24,260
2015-05-29,5.9742,5.976,5.7689,5.7961,4714129,64.93,79.99,20.41,74.72,260
2015-06-05,5.7848,5.8148,5.5805,5.633,7013696,60.9,79.99,20.41,67.96,260
2015-06-12,5.5243,5.753,5.3987,5.7061,5068837,62.04,79.99,20.41,69.87,260
2015-06-19,5.7455,5.7923,5.5552,5.5618,4110577,58.42,79.99,20.41,63.81,260
2015-06-26,5.6836,5.9423,5.6752,5.843,4295025,62.95,79.99,20.41,71.4,260
2015-07-02,5.7811,5.7905,5.305,5.3218,5960728,51.71,79.99,20.41,52.55,260
2015-07-10,5.2675,5.3856,5.0172,5.3237,10488144,51.75,79.99,20.41,52.6,260
2015-07-17,5.3893,5.4667,5.2262,5.2712,11524600,50.69,79.99,20.41,50.83,260
2015-07-24,5.2825,5.5674,5.2431,5.4868,9677131,54.77,79.99,20.41,57.68,260
2015-07-31,5.4381,5.6218,5.305,5.3143,8027202,51.13,79.99,20.41,51.56,260
2015-08-07,5.2319,5.245,4.9582,5.0294,5897797,45.71,79.99,20.41,42.47,260
2015-08-14,5.0369,5.1756,4.9207,5.0838,3939928,46.87,79.99,20.41,44.41,260
2015-08-21,5.0013,5.0669,4.5926,4.5945,4930024,38.85,79.99,20.41,30.95,260
2015-08-28,4.2102,4.8851,4.0321,4.8494,9622528,44.21,79.99,20.41,39.95,260
2015-09-04,4.8532,4.8795,4.5851,4.6039,6317443,40.52,79.99,20.41,33.76,260
2015-09-11,4.6058,4.9094,4.6058,4.9038,6373232,46.4,79.99,20.41,43.62,260
2015-09-18,4.8663,5.035,4.7445,4.7632,5652040,44.19,79.99,20.41,39.93,260
2015-09-25,4.7932,4.8578,4.5945,4.7656,7986053,44.24,79.99,20.41,40.01,260
2015-10-02,4.666,4.8456,4.3745,4.8446,9917402,45.91,79.99,20.41,42.81,260
2015-10-09,4.9669,5.0402,4.8916,5.0026,5687286,49.2,79.99,20.41,48.32,260
2015-10-16,5.0158,5.1136,4.886,5.1117,3155832,51.39,79.99,20.41,52.0,260
2015-10-23,5.1436,5.4446,5.0966,5.4163,5942451,56.98,79.99,20.41,61.38,260
2015-10-30,5.4634,5.469,5.1399,5.3411,5603447,55.29,79.99,20.41,58.54,260
2015-11-06,5.3675,5.469,5.2245,5.2753,3722716,53.78,79.99,20.41,56.02,260
2015-11-13,5.2828,5.3486,5.123,5.1361,2998778,50.65,79.99,20.41,50.76,260
2015-11-20,5.1117,5.1631,5.027,5.0571,4126053,48.91,79.99,20.41,47.83,260
2015-11-27,5.0402,5.0853,4.9763,4.9819,2157956,47.24,79.99,20.41,45.04,260
2015-12-04,4.8804,4.9575,4.7149,4.775,6707952,42.91,79.99,20.41,37.77,260
2015-12-11,4.7732,4.7826,4.5456,4.5776,5379140,39.21,79.99,20.41,31.57,260
2015-12-18,4.6039,4.7938,4.5653,4.5964,8219101,39.75,79.99,20.41,32.46,260
2015-12-24,4.5682,4.6603,4.508,4.6453,4059280,41.19,79.99,20.41,34.88,260
2015-12-31,4.6472,4.6829,4.6095,4.6283,2281647,40.82,79.99,20.41,34.27,260
2016-01-08,4.5983,4.8371,4.3256,4.3256,15220942,34.88,79.99,20.41,24.3,260
2016-01-15,4.3951,4.4045,3.9889,4.0322,11497721,30.28,79.99,20.41,16.58,260
2016-01-22,4.271,4.2823,3.7914,4.0886,7874025,32.14,79.99,20.41,19.69,260
2016-01-29,3.9983,4.6039,3.7425,4.4911,10965361,43.64,79.99,20.41,39.0,260
2016-02-05,4.3707,4.3876,4.0566,4.0867,8519287,36.88,79.99,20.41,27.65,260
2016-02-12,4.0265,4.0351,3.782,3.9156,7955053,34.44,79.99,20.41,23.56,260
2016-02-19,4.0491,4.2428,4.0115,4.1318,3712057,39.85,79.99,20.41,32.63,260
2016-02-26,4.1807,4.2202,3.9438,4.051,5785226,38.57,79.99,20.41,30.48,260
2016-03-04,4.0021,4.3528,3.9701,4.3124,10768477,44.75,79.99,20.41,40.85,260
2016-03-11,4.2898,4.6302,4.2165,4.6283,8885240,51.14,79.99,20.41,51.59,260
2016-03-18,4.6077,4.9706,4.5776,4.9405,6743827,56.5,79.99,20.41,60.58,260
2016-03-24,4.9499,4.9819,4.7055,4.7901,3454477,53.46,79.99,20.41,55.47,260
2016-04-01,4.8542,4.9372,4.6145,4.7032,4643777,51.72,79.99,20.41,52.56,260
2016-04-08,4.8428,4.9731,4.7504,4.9202,9952517,55.59,79.99,20.41,59.06,260
2016-04-15,5.1769,5.3071,5.0032,5.0316,9195472,57.48,79.99,20.41,62.22,260
2016-04-22,4.8164,5.3165,4.8032,5.0278,11561336,57.39,79.99,20.41,62.07,260
2016-04-29,4.8353,4.9561,4.5201,4.5484,7820511,47.37,79.99,20.41,45.26,260
2016-05-06,4.7088,4.7145,4.4578,4.505,10892982,46.58,79.99,20.41,43.93,260
2016-05-13,4.5597,5.0334,4.4993,4.9296,9215526,54.59,79.99,20.41,57.37,260
2016-05-20,4.9504,5.1071,4.8825,4.99,5990220,55.61,79.99,20.41,59.08,260
2016-05-27,4.9674,5.3052,4.9523,5.2882,8306539,60.34,79.99,20.41,67.02,260
2016-06-03,5.292,5.326,5.2165,5.275,4142804,60.03,79.99,20.41,66.51,260
2016-06-10,5.3977,5.5128,5.2637,5.2901,4446945,60.28,79.99,20.41,66.93,260
2016-06-17,5.1958,5.3335,5.158,5.2694,5067375,59.73,79.99,20.41,66.01,260
2016-06-24,5.409,5.5147,5.2033,5.209,6574018,58.08,79.99,20.41,63.23,260
2016-07-01,5.124,5.5732,5.0655,5.5468,7593439,64.07,79.99,20.41,73.28,260
2016-07-08,5.5468,5.7827,5.4789,5.7733,5762394,67.43,79.99,20.41,78.92,260
2016-07-15,5.862,5.9129,5.5506,5.6695,9197518,64.45,79.99,20.41,73.93,260
2016-07-22,5.6714,5.7733,5.6374,5.7016,3572299,64.97,79.99,20.41,74.79,260
2016-07-29,5.6487,6.3225,5.5742,6.3055,7670542,72.92,79.99,20.41,88.13,260
2016-08-05,6.2281,6.2319,6.0488,6.1753,5284968,69.27,79.99,20.41,82.01,260
2016-08-12,6.1073,6.2545,6.0667,6.1941,4045520,69.51,79.99,20.41,82.41,260
2016-08-19,6.1866,6.2621,6.0545,6.1753,4628845,68.93,79.99,20.41,81.44,260
2016-08-26,6.2224,6.3602,6.1923,6.2621,4229018,70.15,79.99,20.41,83.49,260
2016-09-02,6.179,6.2187,6.0018,6.1602,4527553,66.83,79.99,22.53,77.09,260
2016-09-09,6.264,6.3904,6.1243,6.1243,4097146,65.65,79.99,22.53,75.04,260
2016-09-16,6.0639,6.179,5.9828,5.9997,4722578,61.58,79.99,22.53,67.96,260
2016-09-23,6.0564,6.4489,6.0148,6.3413,4599230,67.52,79.99,22.53,78.3,260
2016-09-30,6.2885,6.3618,6.1782,6.2842,4602486,65.69,79.99,25.57,73.73,260
2016-10-07,6.2388,6.2918,6.1139,6.1555,3889809,61.64,79.99,25.57,66.28,260
2016-10-14,6.1858,6.2993,6.1688,6.2236,4546733,62.94,79.99,25.57,68.68,260
2016-10-21,6.2123,6.372,6.0533,6.0761,3319963,58.32,79.99,25.57,60.18,260
2016-10-28,6.0969,6.1101,5.9322,5.9587,4627285,54.87,79.99,25.57,53.84,260
2016-11-04,5.9814,6.0231,5.7487,5.8338,8130788,51.39,79.99,25.57,47.44,260
2016-11-11,5.7411,5.8452,5.6238,5.6976,8252099,47.82,79.99,25.57,40.88,260
2016-11-18,5.7052,5.7165,5.515,5.5216,4204396,43.61,79.99,25.57,33.14,260
2016-11-25,5.6106,5.7279,5.5651,5.5822,2083430,45.39,79.99,25.57,36.42,260
2016-12-02,5.5878,5.6068,5.2453,5.3097,4071207,39.36,79.99,25.57,25.34,260
2016-12-09,5.2964,5.5935,5.2945,5.5632,5311352,46.48,79.99,25.57,38.43,260
2016-12-16,5.533,5.6257,5.3646,5.3816,4372921,42.62,79.99,25.57,31.33,260
2016-12-23,5.4459,5.4876,5.3532,5.3854,2656076,42.73,79.99,25.57,31.53,260
2016-12-30,5.3551,5.3929,5.2806,5.304,1835165,40.96,79.99,25.57,28.28,260
2017-01-06,5.3173,5.4951,5.3059,5.48,3797348,46.14,79.99,25.57,37.8,260
2017-01-13,5.4384,5.8811,5.4384,5.8698,5558291,55.47,79.99,25.57,54.94,260
2017-01-20,5.866,5.8777,5.7373,5.7714,2936137,52.97,79.99,25.57,50.36,260
2017-01-27,5.743,5.9039,5.7222,5.7752,3477840,53.06,79.99,25.57,50.52,260
2017-02-03,5.5538,6.0969,5.5178,5.9909,7008605,57.87,79.99,25.57,59.35,260
2017-02-10,6.0155,6.0855,5.9871,6.0117,2835391,58.31,79.99,25.57,60.16,260
2017-02-17,5.9682,6.0136,5.9001,5.9303,3252670,55.84,79.99,25.57,55.62,260
2017-02-24,5.902,5.9294,5.8357,5.8528,2889816,53.51,79.99,25.57,51.33,260
2017-03-03,5.8471,5.9928,5.8092,5.972,4667050,56.51,79.99,25.57,56.85,260
2017-03-10,5.9266,6.0269,5.8121,6.0004,3130014,57.22,79.99,25.57,58.16,260
2017-03-17,6.0174,6.0893,5.9209,6.0723,2715857,59.04,79.99,25.57,61.5,260
2017-03-24,6.0855,6.1328,5.9918,6.095,2603822,59.63,79.99,25.57,62.58,260
2017-03-31,6.1025,6.41,6.0836,6.4005,3260542,66.55,79.99,25.57,75.3,260
2017-04-07,6.2563,6.2975,6.0685,6.0874,3179609,55.96,79.99,25.57,55.85,260
2017-04-13,6.0742,6.0817,5.9432,5.9432,2619907,51.87,79.99,25.57,48.33,260
2017-04-21,6.0305,6.4575,5.9793,6.3911,5387219,61.33,79.99,25.57,65.71,260
2017-04-28,6.4442,6.5637,6.3474,6.5505,4924506,64.04,79.99,25.57,70.68,260
2017-05-05,6.5732,6.6131,6.5258,6.5998,4212036,64.86,79.99,25.57,72.19,260
2017-05-12,6.6624,6.7801,6.6529,6.7459,3963901,67.24,79.99,25.57,76.57,260
2017-05-19,6.7098,6.8142,6.6643,6.7668,4864311,67.58,79.99,25.57,77.19,260
2017-05-26,6.7288,6.9869,6.7127,6.9603,6655473,70.61,79.99,26.98,82.31,260
2017-06-02,6.9338,7.1634,6.892,7.1634,5622407,73.42,79.99,28.91,87.13,260
2017-06-09,7.1634,7.2564,7.004,7.0154,6090499,68.3,79.99,28.91,77.11,260
2017-06-16,6.985,7.114,6.9376,7.0837,4634725,69.36,79.99,28.91,79.19,260
2017-06-23,7.3076,7.3683,7.2127,7.3095,3334821,72.62,79.99,28.91,85.58,260
2017-06-30,7.3285,7.3882,7.2089,7.2469,4708151,70.38,79.99,28.91,81.2,260
2017-07-07,7.2734,7.281,7.0818,7.171,3442225,67.66,79.99,28.91,75.86,260
2017-07-14,7.1786,7.6321,7.1767,7.6321,4147236,74.19,79.99,28.91,88.66,260
2017-07-21,7.6302,7.7459,7.6064,7.744,3569253,75.49,79.99,28.91,91.19,260
2017-07-28,7.6757,7.9034,7.5998,7.7744,4130504,75.84,79.99,30.28,91.66,260
2017-08-04,7.8048,7.8996,7.5362,7.6548,4005985,71.47,79.99,30.28,82.85,260
2017-08-11,7.5695,7.7194,7.3569,7.4006,3991914,63.12,79.99,30.28,66.07,260
2017-08-18,7.4195,7.486,7.3266,7.3569,2584715,61.79,79.99,30.28,63.38,260
2017-08-25,7.3038,7.3816,7.2355,7.3057,3841927,60.18,79.99,30.28,60.15,260
2017-09-01,7.319,7.5581,7.2943,7.5372,1910823,64.65,79.99,30.28,69.15,260
2017-09-08,7.5125,7.577,7.4025,7.577,1781013,65.38,79.99,30.28,70.6,260
2017-09-15,7.5979,7.6833,7.2431,7.3361,3861089,57.71,79.99,30.28,55.17,260
2017-09-22,7.3379,7.355,7.0552,7.1159,4318399,51.74,79.99,30.28,43.16,260
2017-09-29,7.0951,7.1203,6.9034,7.107,4369749,51.5,79.99,30.28,42.69,260
2017-10-06,7.0975,7.1641,6.9814,7.0575,3426411,50.16,79.99,30.28,39.98,260
2017-10-13,7.0689,7.0861,6.8995,7.008,2925348,48.78,79.99,30.28,37.22,260
2017-10-20,7.0727,7.1717,7.0099,7.147,3241878,52.7,79.99,30.28,45.1,260
2017-10-27,7.1679,7.2288,7.029,7.2003,2569901,54.15,79.99,30.28,48.01,260
2017-11-03,7.2193,8.6125,7.2003,8.5288,14348508,74.84,79.99,30.28,89.64,260
2017-11-10,8.6696,9.0579,8.6011,8.7971,5242664,77.09,79.99,30.28,94.16,260
2017-11-17,8.6639,8.8371,8.5231,8.7876,4586443,76.82,79.99,30.28,93.63,260
2017-11-24,8.917,9.1416,8.9094,9.115,2803640,79.42,79.99,30.28,98.85,260
2017-12-01,9.1911,9.1987,8.6277,8.6715,5650862,68.27,79.99,30.28,76.43,260
2017-12-08,8.8028,8.82,8.4974,8.7153,3950575,68.74,79.99,30.28,77.36,260
2017-12-15,8.4983,8.563,8.445,8.5345,3854531,64.52,79.99,30.28,68.88,260
2017-12-22,8.7343,8.7515,8.544,8.6944,3334930,66.48,79.99,30.28,72.82,260
2017-12-29,8.6315,8.6525,8.5554,8.5554,1947928,63.21,79.99,30.28,66.25,260
2018-01-05,8.6487,9.2863,8.6106,9.2692,3584270,71.07,79.99,30.28,82.07,260
2018-01-12,9.2882,9.6727,9.2749,9.5223,4632370,73.26,79.99,30.28,86.46,260
2018-01-19,9.4785,9.5946,9.2882,9.4957,3266596,72.64,79.99,30.28,85.21,260
2018-01-26,9.5451,9.8858,9.1721,9.4176,7305209,70.74,79.99,30.28,81.4,260
2018-02-02,9.2501,10.2608,8.9399,9.8953,10609359,75.03,79.99,30.28,90.03,260
2018-02-09,9.646,9.7412,8.6277,8.9551,11077544,57.24,79.99,30.28,54.24,260
2018-02-16,9.0826,9.4671,8.9075,9.4309,5372582,62.14,79.99,30.28,64.08,260
2018-02-23,9.4024,9.6194,9.3834,9.5604,3940847,63.36,79.99,30.28,66.55,260
2018-03-02,9.6479,9.7069,9.1968,9.4557,4631662,61.62,79.99,30.28,63.05,260
2018-03-09,9.3929,9.7907,9.3929,9.7831,5514522,64.87,79.99,30.28,69.59,260
2018-03-16,9.5204,9.8192,9.5014,9.6384,5072121,62.36,79.99,30.28,64.54,260
2018-03-23,9.2577,9.3624,9.0807,9.115,5908678,54.18,79.99,30.28,48.08,260
2018-03-29,9.2273,9.37,9.0503,9.227,7351665,55.53,79.99,30.28,50.79,260
2018-04-06,9.2423,9.4122,9.1068,9.2461,6768027,55.76,79.99,30.28,51.27,260
2018-04-13,9.3378,9.5191,9.2709,9.332,3728860,56.88,79.99,30.28,53.52,260
2018-04-20,9.4408,9.6603,9.3778,9.4981,6941417,59.04,79.99,30.28,57.86,260
2018-04-27,9.5,9.6336,8.4998,8.685,10792896,46.72,79.99,30.28,33.06,260
2018-05-04,8.7308,9.0992,8.6773,9.0801,6981355,51.96,79.99,30.28,43.62,260
2018-05-11,9.0514,9.2022,8.8816,9.1774,5726079,53.19,79.99,30.28,46.08,260
2018-05-18,9.2003,9.3492,9.0094,9.2767,4177696,54.46,79.42,30.28,49.21,260
2018-05-25,9.2862,9.2919,8.7804,8.8567,4309971,48.45,79.42,30.28,36.98,260
2018-06-01,8.9484,9.1202,8.8415,9.0992,3025531,51.76,79.42,30.28,43.71,260
2018-06-08,9.2309,9.5935,9.2213,9.5363,6208759,57.11,79.42,30.28,54.59,260
2018-06-15,9.5897,9.6718,9.3454,9.3759,3212449,54.71,79.42,30.28,49.72,260
2018-06-22,9.2576,9.6737,9.0743,9.6145,4708181,57.56,79.42,30.28,55.52,260
2018-06-29,9.5382,9.8951,9.395,9.7844,4914791,59.52,79.42,30.28,59.5,260
2018-07-06,9.6203,9.8035,9.2595,9.4637,3221019,54.42,79.42,30.28,49.13,260
2018-07-13,9.815,10.2101,9.7501,10.1757,4259403,62.17,79.42,30.28,64.89,260
2018-07-20,10.1833,10.3131,10.0211,10.107,3423491,61.09,79.42,30.28,62.69,260
2018-07-27,10.1261,10.2769,10.0116,10.1929,3221859,61.98,79.42,30.28,64.5,260
2018-08-03,10.1604,10.5937,9.96,10.4907,5979203,64.96,79.42,30.28,70.58,260
2018-08-10,10.4544,10.6548,10.3532,10.4315,4111492,63.89,79.42,30.28,68.39,260
2018-08-17,10.3151,10.4945,10.1318,10.4735,5662855,64.34,79.42,30.28,69.31,260
2018-08-24,10.4143,10.462,10.3322,10.4105,4123750,63.07,79.42,30.28,66.72,260
2018-08-31,10.5899,10.922,10.5193,10.8476,4765922,67.82,79.42,30.28,76.39,260
2018-09-07,10.7655,10.8304,10.5346,10.7903,3364953,66.61,79.42,30.28,73.93,260
2018-09-14,10.8457,11.3592,10.7808,11.3458,4220901,71.85,79.42,30.28,84.6,260
2018-09-21,11.3935,11.4412,10.8113,10.8801,7353310,62.93,79.42,30.28,66.44,260
2018-09-28,10.8686,11.6694,10.8132,11.6024,5694157,69.3,79.42,30.28,79.4,260
2018-10-05,11.633,11.6732,10.8468,10.9482,4951821,59.35,79.42,30.28,59.17,260
2018-10-12,10.885,11.1395,10.5005,10.6191,6327866,55.07,79.42,30.28,50.46,260
2018-10-19,10.6287,11.1184,10.6019,10.6497,6428110,55.4,79.42,30.28,51.11,260
2018-10-26,10.7129,10.7397,9.8979,10.0261,8100696,47.86,79.42,30.28,35.78,260
2018-11-02,10.0739,10.6536,9.6244,10.2652,10146881,50.64,79.42,30.28,41.42,260
2018-11-09,10.2805,10.6115,10.1715,10.3437,5320546,51.55,79.42,30.28,43.28,260
2018-11-16,10.0797,10.0854,9.5727,9.72,5019694,44.52,79.42,30.28,28.97,260
2018-11-23,9.9247,9.9611,9.435,9.5058,4138657,42.38,79.42,30.28,24.62,260
2018-11-30,9.6684,10.1944,9.6473,10.1045,5189077,49.66,79.42,30.28,39.43,260
2018-12-07,10.3456,10.3953,9.6856,9.7812,3614401,46.26,79.42,30.28,32.52,260
2018-12-14,9.6894,10.1983,9.5957,9.8118,5136283,46.63,79.42,30.28,33.28,260
2018-12-21,9.7927,9.8099,8.9319,8.9395,5859546,38.46,79.42,30.28,16.64,260
2018-12-28,8.8133,9.3183,8.731,9.2092,3373211,41.85,79.42,30.28,23.55,260
2019-01-04,9.3221,9.479,8.9701,9.4139,4442365,44.36,79.42,30.28,28.65,260
2019-01-11,9.4618,9.6244,9.2781,9.3699,4024071,43.92,79.42,30.28,27.76,260
2019-01-18,9.3164,9.6339,9.2399,9.5995,4200638,46.87,79.42,30.28,33.76,260
2019-01-25,9.3814,9.4015,9.1786,9.3279,3374379,43.93,79.42,30.28,27.77,260
2019-02-01,9.2819,9.6684,8.6315,8.8286,10886445,39.07,79.42,30.28,17.88,260
2019-02-08,8.7788,8.8802,8.1169,8.4727,11536781,36.01,79.42,30.28,11.66,260
2019-02-15,8.5148,8.8094,8.423,8.7597,6844897,40.08,79.42,30.28,19.94,260
2019-02-22,8.8419,9.2112,8.8228,9.1614,7294380,45.33,79.42,30.28,30.62,260
2019-03-01,9.2877,9.324,9.1232,9.1614,4939408,45.33,79.42,30.28,30.62,260
2019-03-08,9.1404,9.1633,8.6449,8.7903,4988999,41.44,79.42,30.28,22.71,260
2019-03-15,8.6659,8.9606,8.6392,8.8477,5392648,42.27,79.42,30.28,24.39,260
2019-03-22,8.8477,8.863,8.0385,8.0404,9565496,34.84,79.42,30.28,9.26,260
2019-03-29,8.0538,8.2776,8.0174,8.1154,5856113,35.96,79.42,30.28,11.56,260
2019-04-05,8.2,8.3172,8.0751,8.2749,6927468,38.4,79.42,30.28,16.52,260
2019-04-12,8.2615,9.0588,8.2538,9.028,15778977,48.39,79.42,30.28,36.86,260
2019-04-18,9.0357,9.2759,9.0165,9.1952,6196683,50.32,79.42,30.28,40.78,260
2019-04-26,9.1472,9.7831,8.9128,9.6525,11166146,55.24,79.42,30.28,50.8,260
2019-05-03,9.6044,10.0809,9.5506,10.0386,8925003,58.94,79.42,30.28,58.33,260
2019-05-10,9.8273,9.8945,9.2413,9.5487,10810727,52.96,79.42,30.28,46.15,260
2019-05-17,9.3182,10.2999,9.1971,10.1078,13419528,58.18,79.42,30.28,56.77,260
2019-05-24,10.0944,10.1597,9.2471,9.4104,7307720,50.63,79.42,30.28,41.42,260
2019-05-31,9.5506,9.5545,9.1664,9.2221,3447399,48.79,79.42,30.28,37.68,260
2019-06-07,9.224,9.4334,9.0857,9.3873,4934341,50.49,79.42,30.28,41.13,260
2019-06-14,9.541,9.9061,9.4142,9.8619,9290467,55.1,79.42,30.28,50.51,260
2019-06-21,9.9407,10.397,9.9407,10.2288,10688208,58.33,79.42,30.28,57.09,260
2019-06-28,10.2865,10.323,9.9925,10.0655,6393488,56.39,79.42,30.28,53.13,260
2019-07-05,10.2903,10.5881,10.1789,10.5727,5547899,60.76,79.42,30.28,62.03,260
2019-07-12,10.5478,10.7572,10.3556,10.7149,7399510,61.92,79.42,30.28,64.38,260
2019-07-19,10.7591,10.7687,10.2615,10.3095,4641818,56.79,79.42,30.28,53.95,260
2019-07-26,10.3787,10.6073,10.3134,10.5286,5824321,58.78,79.42,30.28,57.99,260
2019-08-02,10.3749,11.03,10.3749,10.5631,11152195,59.1,79.42,30.28,58.64,260
2019-08-09,10.3422,10.8725,10.2442,10.7802,7384096,61.13,79.42,30.28,62.79,260
2019-08-16,10.7591,10.8821,10.4018,10.7072,5453090,60.05,79.42,30.28,60.58,260
2019-08-23,10.7053,10.9647,10.3095,10.3441,5262504,54.85,79.42,30.28,49.99,260
2019-08-30,10.6688,11.0665,10.5939,10.9339,3686419,60.79,79.42,30.28,62.09,260
2019-09-06,10.9935,11.5353,10.9512,11.3739,3773372,64.54,79.42,30.28,69.72,260
2019-09-13,11.6237,11.6487,11.3201,11.5968,3919846,66.3,79.42,30.28,73.3,260
2019-09-20,11.5122,11.5757,11.2548,11.3585,4369487,62.72,79.42,30.28,66.01,260
2019-09-27,11.3316,11.6698,11.2817,11.3267,5294458,62.23,79.42,30.28,65.03,260
2019-10-04,11.2727,11.4057,10.8911,11.3228,4153999,62.17,79.42,30.28,64.9,260
2019-10-11,11.1975,11.3536,10.9913,11.2052,3879699,60.19,79.42,30.28,60.86,260
2019-10-18,11.2052,11.6119,11.1436,11.4115,4038301,62.45,79.42,30.28,65.47,260
2019-10-25,11.4558,11.4828,11.184,11.2765,3224814,60.04,79.42,30.28,60.57,260
2019-11-01,11.3421,11.9048,11.3112,11.8412,4946344,65.96,79.42,30.28,72.61,260
2019-11-08,11.9106,11.9203,11.5926,11.6427,3354113,62.46,79.42,30.28,65.48,260
2019-11-15,11.8335,12.0609,11.7564,11.9607,4362152,65.61,79.42,30.28,71.89,260
2019-11-22,12.1438,12.1438,11.7487,11.795,4987703,62.66,79.42,30.28,65.89,260
2019-11-29,11.8933,12.2864,11.8682,12.2344,5622364,66.91,79.42,30.28,74.53,260
2019-12-06,12.2306,12.6353,12.0821,12.5832,6480986,69.84,79.42,30.28,80.5,260
2019-12-13,12.6449,13.0651,12.6449,13.0227,5373693,73.08,79.42,30.28,87.09,260
2019-12-20,13.1441,13.1961,12.8974,13.0863,4676124,73.52,79.42,30.28,88.0,260
2019-12-27,13.0689,13.1383,13.0284,13.0631,1734979,73.05,79.42,30.28,87.04,260
2020-01-03,13.0631,13.3098,12.961,13.121,2918684,73.51,79.42,30.28,87.97,260
2020-01-10,13.1537,13.8109,13.1479,13.6567,7210358,77.34,79.42,30.28,95.77,260
2020-01-17,13.7589,14.0595,13.6991,13.969,6237142,79.22,79.42,30.28,99.6,260
2020-01-24,13.9728,14.021,13.7762,13.8533,2961762,76.68,79.42,30.28,94.42,260
2020-01-31,13.7685,13.9169,13.4736,13.5257,4517815,69.83,79.42,30.28,80.49,260
2020-02-07,13.5469,14.2349,13.4351,13.5083,7302526,69.48,79.42,30.28,79.77,260
2020-02-14,13.5161,13.6548,13.1942,13.2655,4763899,64.55,79.42,30.28,69.74,260
2020-02-21,12.801,12.9841,12.6719,12.7085,5811977,54.93,79.42,30.28,50.15,260
2020-02-28,12.3346,12.6237,11.4384,11.9877,9921385,45.48,79.42,30.28,30.92,260
2020-03-06,12.2575,12.5177,11.98,12.165,7481172,47.85,79.42,30.28,35.76,260
2020-03-13,11.2149,11.7853,9.9255,10.8545,9926278,35.53,79.42,30.28,10.67,260
2020-03-20,10.0219,11.1975,9.8176,10.2262,10781770,31.36,79.42,30.28,2.18,260
2020-03-27,10.3958,11.7242,9.9409,11.4766,8508346,45.15,79.42,30.28,30.27,260
2020-04-03,11.5965,11.7049,10.96,11.1206,5158831,42.53,79.42,30.28,24.93,260
2020-04-09,11.5753,12.1692,11.5114,11.9138,4795874,49.56,79.42,30.28,39.23,260
2020-04-17,11.8016,12.4672,11.5134,12.4672,11443103,53.8,79.42,30.28,47.87,260
2020-04-24,12.3027,12.4652,11.8809,12.1808,7620475,51.39,79.42,30.28,42.96,260
2020-05-01,12.2872,12.5465,12.026,12.1363,5133434,51.01,79.42,30.28,42.19,260
2020-05-08,12.0531,12.7477,11.8693,12.6742,4497577,55.34,79.42,30.28,50.99,260
2020-05-15,12.7245,12.8464,12.0531,12.384,7166873,52.64,79.42,30.28,45.49,260
2020-05-22,12.1886,12.471,12.0299,12.235,8301844,51.25,79.42,30.28,42.68,260
2020-05-29,12.1479,12.6393,11.999,12.5291,5743390,53.83,79.42,30.28,47.93,260
2020-06-05,12.5581,13.0688,12.4904,13.0224,8009009,57.86,79.42,30.28,56.12,260
2020-06-12,13.0592,13.6589,12.9373,13.212,9365456,59.33,79.42,30.28,59.11,260
2020-06-19,13.2256,13.9008,13.1346,13.7324,6478611,63.12,79.42,30.28,66.84,260
2020-06-26,13.7847,13.9956,13.3881,13.4809,4077697,60.2,79.42,30.28,60.88,260
2020-07-02,13.2991,13.7266,13.1849,13.5873,4345426,61.02,79.42,30.28,62.56,260
2020-07-10,13.6435,14.338,13.3455,14.3051,5455772,66.11,79.42,30.28,72.92,260
2020-07-17,14.6069,15.0674,14.1484,14.7191,6584731,68.65,79.42,30.28,78.09,260
2020-07-24,14.932,15.1873,14.576,14.7927,3133936,69.1,79.42,30.28,79.0,260
2020-07-31,15.0268,15.2376,14.8797,15.0829,3658633,70.85,79.42,30.28,82.56,260
2020-08-07,15.228,16.2795,15.2202,15.4833,7281576,73.12,79.42,30.28,87.18,260
2020-08-14,15.5646,16.176,15.3266,16.0444,6132079,75.94,79.42,30.28,92.92,260
2020-08-21,16.1605,16.2321,15.1293,15.2357,5935706,65.3,79.42,30.28,71.26,260
2020-08-28,15.4601,15.7116,15.2454,15.3595,4428581,66.08,79.42,30.28,72.86,260
2020-09-04,15.2164,15.4987,14.6271,15.0248,5039685,62.01,79.42,30.28,64.56,260
2020-09-11,14.841,15.0809,14.6785,14.901,3957057,60.52,79.42,30.28,61.54,260
2020-09-18,14.961,15.5104,14.7486,15.2763,6528186,63.39,79.42,30.28,67.37,260
2020-09-25,15.0422,15.2995,14.7791,14.9474,3819526,59.32,79.42,30.28,59.1,260
2020-10-02,15.1567,15.1567,14.2873,14.361,4058103,52.82,79.42,30.28,45.86,260
2020-10-09,14.526,14.5978,14.1863,14.4677,4437016,53.81,79.42,30.28,47.88,260
2020-10-16,14.3746,14.59,14.0602,14.1029,4813593,49.94,79.42,30.28,40.01,260
2020-10-23,14.3028,14.7239,14.1301,14.6385,4328339,55.05,79.42,30.28,50.41,260
2020-10-30,14.7006,16.3114,14.6618,16.2357,8362072,66.14,79.42,30.28,72.99,260
2020-11-06,16.325,17.6369,16.3094,17.3477,7394379,71.43,79.42,30.28,83.75,260
2020-11-13,17.4661,17.4748,16.5501,17.4117,6846690,71.71,79.42,30.28,84.3,260
2020-11-20,17.6,17.6796,17.1245,17.4622,5173197,71.93,79.42,30.28,84.77,260
2020-11-27,17.4855,18.3394,17.3639,18.2559,4159938,75.31,79.42,30.28,91.64,260
2020-12-04,18.1744,18.4015,17.8843,18.32,4406422,75.57,79.42,30.28,92.16,260
2020-12-11,18.0483,18.4325,18.0366,18.3743,5240981,75.79,79.42,30.28,92.63,260
2020-12-18,18.4287,19.2806,18.1143,19.1564,5026878,78.86,79.42,30.28,98.87,260
2020-12-24,19.1913,19.3155,18.7353,18.7935,2653726,74.17,79.42,30.28,89.31,260
2020-12-31,19.0555,19.6785,18.9856,19.6202,3229312,77.46,79.42,30.28,96.01,260
2021-01-08,19.6979,20.183,19.302,20.1811,5325417,79.38,79.42,31.36,99.92,260
2021-01-15,20.2471,20.3771,19.7038,19.8046,4882345,74.77,79.42,31.36,90.34,260
2021-01-22,19.8007,20.1054,19.6066,19.6222,2987250,72.58,79.42,31.36,85.76,260
2021-01-29,19.3485,19.4417,18.4539,18.5742,5646886,61.41,79.42,31.36,62.53,260
2021-02-05,18.9429,22.997,18.8129,22.6496,9195769,76.53,79.42,31.36,93.99,260
2021-02-12,22.1936,22.442,21.7335,22.0325,3702496,71.93,79.42,31.36,84.43,260
2021-02-19,22.4827,22.8631,21.819,22.4226,3997227,73.04,79.42,31.36,86.72,260
2021-02-26,22.0325,22.3003,20.4489,20.5343,5935873,60.62,79.42,31.36,60.89,260
2021-03-05,20.8293,21.068,19.5484,20.2102,5770981,58.78,79.42,31.36,57.05,260
2021-03-12,19.8609,20.2975,19.4242,20.2917,5390437,59.11,79.42,31.36,57.75,260
2021-03-19,20.3538,20.8138,20.216,20.4276,3903043,59.71,79.42,31.36,58.99,260
2021-03-26,20.5712,20.8467,19.6903,20.4586,5909411,59.85,79.42,31.36,59.28,260
2021-04-01,20.6044,20.8418,20.1802,20.7912,2559995,61.43,79.42,31.36,62.57,260
2021-04-09,21.5578,21.8029,21.2075,21.7504,3147361,65.63,79.42,31.36,71.31,260
2021-04-16,21.692,22.0831,21.5402,21.6161,2541237,64.57,79.42,31.36,69.1,260
2021-04-23,21.6064,21.6434,20.76,21.3904,2797314,62.73,79.42,31.36,65.29,260
2021-04-30,21.2075,21.3437,19.4565,19.4876,5820649,49.87,79.42,31.36,38.53,260
2021-05-07,19.6452,19.688,18.7735,18.8805,4789746,46.59,79.42,31.36,31.7,260
2021-05-14,19.3105,19.3572,17.8503,18.3183,5060472,43.72,79.42,31.36,25.73,260
2021-05-21,18.3416,18.9584,18.186,18.7521,3120314,46.46,79.42,31.36,31.43,260
2021-05-28,18.8416,19.5586,18.7891,19.3806,2829182,50.24,79.42,31.36,39.29,260
2021-06-04,19.4292,19.6608,18.8922,19.5907,2738173,51.47,79.42,31.36,41.86,260
2021-06-11,19.3981,19.5829,18.9915,19.3786,3853185,50.12,79.42,31.36,39.05,260
2021-06-18,19.2385,19.4545,18.3708,18.4389,3068746,44.55,79.42,31.36,27.45,260
2021-06-25,18.6821,19.1685,18.6782,19.116,3204873,48.95,79.42,31.36,36.61,260
2021-07-02,19.1529,19.795,18.8533,19.7775,3437119,52.89,79.42,31.36,44.81,260
2021-07-09,19.7989,19.9156,19.0771,19.8534,2727299,53.34,79.42,31.36,45.74,260
2021-07-16,20.2522,20.4857,19.7211,19.7483,3289315,52.6,79.42,31.36,44.2,260
2021-07-23,19.2094,19.6238,19.0206,19.5849,2521082,51.4,79.42,31.36,41.71,260
2021-07-30,19.5051,20.6472,19.2035,20.2931,3582681,56.06,79.42,31.36,51.41,260
2021-08-06,20.3865,20.4974,19.796,19.9662,2594258,53.51,79.42,31.36,46.1,260
2021-08-13,19.9701,19.9915,19.2152,19.8339,2423439,52.47,79.42,31.36,43.93,260
2021-08-20,19.4526,19.6355,18.6045,18.9973,2886597,46.33,79.42,31.36,31.17,260
2021-08-27,19.437,20.5071,19.3825,20.0888,2572325,53.91,79.42,31.36,46.92,260
2021-09-03,19.9915,21.0694,19.9137,21.0616,2371000,59.41,79.42,31.36,58.36,260
2021-09-10,21.0616,21.7601,20.8223,21.4644,2071688,61.46,79.42,31.36,62.63,260
2021-09-17,21.7387,21.8613,21.4209,21.5383,2290288,61.84,79.42,31.36,63.42,260
2021-09-24,21.1881,22.9331,20.904,22.8827,3930844,68.03,79.42,31.36,76.3,260
2021-10-01,22.7796,22.8672,21.1542,21.3567,3308602,56.77,79.42,31.36,52.88,260
2021-10-08,21.0837,21.1597,20.2997,20.9628,3278831,54.28,79.42,31.36,47.69,260
2021-10-15,21.2377,22.0295,21.1207,21.9398,2823098,59.08,79.42,31.36,57.69,260
2021-10-22,21.5946,22.1153,21.5498,22.0315,2712058,59.51,79.42,31.36,58.58,260
2021-10-29,22.3357,23.1938,22.0646,22.5814,3569561,62.09,79.42,31.36,63.94,260
2021-11-05,23.4025,24.1923,23.4025,24.0304,3576402,67.88,79.42,31.36,75.99,260
2021-11-12,24.3054,24.3054,23.5624,23.968,2628217,67.4,79.42,31.36,75.0,260
2021-11-19,24.085,24.5258,23.9427,24.4244,2085178,69.11,79.42,31.36,78.56,260
2021-11-26,24.4205,24.4205,23.4473,23.6502,2002945,63.06,79.42,31.36,65.97,260
2021-12-03,23.7574,24.1143,23.0124,23.4064,3222548,61.24,79.42,31.36,62.19,260
2021-12-10,23.4181,24.5726,23.3167,24.0382,2360957,64.13,79.42,31.36,68.19,260
2021-12-17,23.8939,24.1845,23.3014,23.6228,3048069,60.92,79.42,31.36,61.51,260
2021-12-23,23.1372,24.2352,22.9626,24.1553,2530132,63.45,79.42,31.36,66.77,260
2021-12-31,24.3932,25.0211,24.3269,24.6506,1731193,65.67,79.42,31.36,71.4,260
2022-01-07,24.6506,26.084,23.8647,24.243,6092684,62.31,79.42,31.36,64.41,260
2022-01-14,24.085,24.8944,23.6306,24.3366,3170751,62.78,79.42,31.36,65.39,260
2022-01-21,23.5819,23.734,21.4562,21.7702,10423753,45.86,79.42,31.36,30.18,260
2022-01-28,21.4737,21.9749,20.0696,20.836,6200292,41.48,79.42,31.36,21.06,260
2022-02-04,21.3002,23.2075,20.9706,21.2807,6303652,44.21,79.42,31.36,26.75,260
2022-02-11,21.3353,21.8389,20.9335,21.0213,3524474,42.95,79.42,31.36,24.12,260
2022-02-18,20.8731,21.1948,20.2256,20.327,3430904,39.69,79.42,31.36,17.34,260
2022-02-25,19.9116,20.3485,18.9697,20.2997,3537034,39.56,79.42,31.36,17.08,260
2022-03-04,19.9935,20.1066,19.0477,19.2037,2931254,34.75,79.42,31.36,7.06,260
2022-03-11,19.0048,19.6503,18.6245,18.9775,3904445,33.83,79.42,31.36,5.15,260
2022-03-18,18.917,20.7092,18.3963,20.6956,3361440,45.56,79.42,31.36,29.55,260
2022-03-25,20.6234,20.9686,20.2587,20.7287,2928272,45.76,79.42,31.36,29.97,260
2022-04-01,20.3465,20.8857,19.9521,20.1222,2714834,42.67,79.42,31.36,23.55,260
2022-04-08,20.2004,20.5386,19.039,19.213,3584747,38.49,79.42,31.36,14.83,260
2022-04-14,18.429,18.4486,17.4065,17.428,4478359,31.87,79.42,31.36,1.07,260
2022-04-22,17.2794,17.8073,16.7261,16.7359,4170280,29.74,79.42,29.74,0.0,260
2022-04-29,16.8962,17.3029,16.425,16.8239,4571854,30.38,79.42,29.74,1.28,260
2022-05-06,16.7594,17.3439,16.2452,16.3566,3106219,28.88,79.42,28.88,0.0,260
2022-05-13,16.1239,17.0624,15.6293,17.0116,5964027,33.81,79.42,28.88,9.76,260
2022-05-20,16.8708,17.6939,16.8063,17.5844,3759676,37.87,79.42,28.88,17.8,260
2022-05-27,17.4964,18.0576,17.0194,18.038,3376493,40.96,79.42,28.88,23.91,260
2022-06-03,18.2804,18.7108,17.9403,18.1123,2798208,41.47,79.42,28.88,24.92,260
2022-06-10,18.1553,18.2384,17.1328,17.2169,2365152,37.27,79.42,28.88,16.6,260
2022-06-17,16.6186,16.7027,15.8795,16.4231,4344933,33.98,79.42,28.88,10.1,260
2022-06-24,16.6205,16.7535,16.1894,16.7437,2749530,36.42,79.42,28.88,14.93,260
2022-07-01,16.7027,16.8024,15.6332,15.9695,2913192,33.23,79.42,28.88,8.61,260
2022-07-08,15.5706,16.3703,15.4553,16.1454,2629240,34.63,79.42,28.88,11.38,260
2022-07-15,16.0966,16.2217,15.5159,16.0614,2364442,34.26,79.42,28.88,10.65,260
2022-07-22,16.0829,17.254,16.0418,17.0018,2420035,41.76,79.42,28.88,25.5,260
2022-07-29,16.8278,17.1562,16.4074,16.6948,3675500,40.15,79.42,28.88,22.31,260
2022-08-05,16.6655,17.0956,16.5247,16.8767,6522656,41.59,79.42,28.88,25.15,260
2022-08-12,17.0077,17.0135,16.2295,16.9705,3056429,42.36,79.42,28.88,26.68,260
2022-08-19,16.9646,17.1817,16.6714,16.9568,2427726,42.27,79.42,28.88,26.5,260
2022-08-26,16.8571,16.8591,15.9538,15.9753,3016868,36.46,79.42,28.88,15.0,260
2022-09-02,15.8444,16.0751,15.0388,15.0995,2697209,32.2,79.42,28.88,6.58,260
2022-09-09,14.902,14.9254,14.2822,14.7378,2918670,30.61,79.42,28.88,3.43,260
2022-09-16,14.7358,14.857,13.9811,14.0535,3035249,27.82,79.42,27.82,0.0,260
2022-09-23,13.944,14.1845,13.2516,13.3789,3381387,25.36,79.42,25.36,0.0,260
2022-09-30,13.1756,13.2968,12.5487,12.5722,5271954,22.76,79.42,22.76,0.0,260
2022-10-07,12.849,13.4388,12.8176,13.0355,5190140,27.36,79.42,22.76,8.11,260
2022-10-14,13.0158,13.0354,12.1147,12.6076,4104257,25.83,79.42,22.76,5.41,260
2022-10-21,12.7724,13.0217,12.4329,12.7666,4097416,27.45,79.42,22.76,8.27,260
2022-10-28,12.741,13.3827,12.582,13.3181,3786957,32.93,79.42,22.76,17.94,260
2022-11-04,13.1866,14.8197,13.0865,14.6411,9147412,43.87,79.42,22.76,37.26,260
2022-11-11,14.6431,16.3292,14.6058,16.3095,6762929,54.06,79.42,22.76,55.23,260
2022-11-18,16.2526,16.5039,15.5067,15.7796,3365758,50.9,79.38,22.76,49.69,260
2022-11-25,15.5322,16.445,15.495,16.2703,2422559,53.6,79.38,22.76,54.47,260
2022-12-02,16.3567,16.5255,15.7619,16.2507,4342789,53.47,79.38,22.76,54.24,260
2022-12-09,16.0603,16.2134,15.2889,15.7776,4298930,50.38,79.38,22.76,48.78,260
2022-12-16,15.7128,16.3017,15.283,15.3831,3573055,47.89,79.38,22.76,44.38,260
2022-12-23,15.3713,15.4282,14.9532,15.1024,3710260,46.14,79.38,22.76,41.3,260
2022-12-30,14.9591,15.0798,14.6843,14.9728,2331606,45.32,79.38,22.76,39.85,260
2023-01-06,15.1436,16.0249,14.9944,15.9759,2694723,52.39,79.38,22.76,52.33,260
2023-01-13,16.0328,16.9102,15.9199,16.8317,4543412,57.45,79.38,22.76,61.26,260
2023-01-20,16.9357,17.5363,16.9357,17.5265,2990997,61.06,79.38,22.76,67.64,260
2023-01-27,17.2988,17.8622,17.2733,17.7856,3336542,62.34,79.38,22.76,69.91,260
2023-02-03,17.5265,18.6925,17.3283,18.2803,5133760,64.74,79.38,22.76,74.13,260
2023-02-10,17.8347,18.0683,17.5717,17.6895,3549348,59.85,79.38,22.76,65.5,260
2023-02-17,17.4186,17.6168,16.5647,16.6962,3125106,52.65,79.38,22.76,52.78,260
2023-02-24,16.4489,16.5255,16.1034,16.235,2655505,49.66,79.38,22.76,47.51,260
2023-03-03,16.4685,16.8631,16.182,16.8297,3198324,53.34,79.38,22.76,54.0,260
2023-03-10,17.0397,17.3999,16.5549,16.6373,4034540,52.01,79.38,22.76,51.66,260
2023-03-17,16.6884,17.1693,16.1663,16.9828,3897485,54.21,79.38,22.76,55.55,260
2023-03-24,17.1791,17.607,17.0692,17.1811,4614692,55.47,79.38,22.76,57.77,260
2023-03-31,17.1006,17.9036,16.8297,17.8505,4860579,59.52,79.38,22.76,64.92,260
2023-04-06,17.8032,17.9942,17.175,17.3621,3129403,55.55,79.38,22.76,57.91,260
2023-04-14,17.2814,18.01,17.2755,17.8918,2726086,58.76,79.38,22.76,63.59,260
2023-04-21,17.8308,18.1911,17.7914,18.1261,3276281,60.14,79.38,22.76,66.01,260
2023-04-28,18.0887,18.7366,17.4369,17.6575,6716264,56.11,79.38,22.76,58.91,260
2023-05-05,18.136,18.5259,17.7481,18.4826,3799643,61.05,79.38,22.76,67.63,260
2023-05-12,18.1695,18.774,18.0769,18.644,3682768,61.96,79.38,22.76,69.22,260
2023-05-19,18.6322,19.5243,18.4196,19.2998,4486454,65.46,79.38,22.76,75.41,260
2023-05-26,19.3214,19.3943,18.5121,18.9,3761159,61.73,79.38,22.76,68.82,260
2023-06-02,18.9217,19.4671,18.2876,19.2998,3050249,63.94,79.38,22.76,72.73,260
2023-06-09,19.4927,19.7389,18.8882,19.3844,3365867,64.41,79.38,22.76,73.56,260
2023-06-16,19.4573,19.8767,19.1915,19.2131,3698250,62.63,79.38,22.76,70.42,260
2023-06-23,19.1009,19.1029,17.88,17.947,2921598,51.36,79.38,22.76,50.51,260
2023-06-30,17.8465,18.0277,17.5689,17.7303,4420568,49.71,79.38,22.76,47.6,260
2023-07-07,18.0257,18.135,17.691,17.9273,3080847,51.24,79.38,22.76,50.3,260
2023-07-14,17.8012,18.5357,17.5827,18.1931,6769130,53.31,79.38,22.76,53.96,260
2023-07-21,18.2207,18.7898,18.1892,18.39,3353425,54.84,79.38,22.76,56.66,260
2023-07-28,18.39,18.7445,18.2738,18.4058,2564987,54.97,79.38,22.76,56.88,260
2023-08-04,18.4727,18.581,17.6279,17.7599,2879490,48.9,79.38,22.76,46.16,260
2023-08-11,17.8524,17.8652,16.284,16.8521,6403096,41.89,79.38,22.76,33.79,260
2023-08-18,16.4583,16.541,16.0999,16.2771,3925373,38.17,79.38,22.76,27.2,260
2023-08-25,16.2259,16.3066,15.8203,15.9699,3799265,36.31,79.38,22.76,23.92,260
2023-09-01,16.094,16.9289,16.0388,16.7891,3369423,44.12,79.38,22.76,37.73,260
2023-09-08,16.669,16.9525,16.5489,16.5843,2432391,42.71,79.38,22.76,35.23,260
2023-09-15,16.7576,17.2302,16.5902,17.0845,2703240,47.16,79.38,22.76,43.09,260
2023-09-22,17.0077,17.1258,16.2121,16.222,2522813,41.22,79.38,22.76,32.6,260
2023-09-29,16.3539,16.4332,15.966,16.2811,3435686,41.76,79.38,22.76,33.55,260
2023-10-06,16.1329,16.4668,15.9531,16.3917,2362869,42.82,79.38,22.76,35.43,260
2023-10-13,16.2811,17.2413,16.2574,16.8224,2721333,46.88,79.38,22.76,42.6,260
2023-10-20,16.7513,17.0654,16.4332,16.4352,2074386,43.86,79.38,22.76,37.27,260
2023-10-27,16.3206,16.6604,15.7299,15.8129,2886857,39.47,79.38,22.76,29.51,260
2023-11-03,15.9887,17.3776,15.9887,17.2709,4818924,51.68,79.38,22.76,51.08,260
2023-11-10,17.0536,17.5554,15.9571,16.9785,8638062,49.52,79.38,22.76,47.27,260
2023-11-17,16.5103,17.427,16.2999,17.3163,3881667,52.02,79.38,22.76,51.67,260
2023-11-24,17.184,17.3835,16.9963,17.1168,1894567,50.43,79.38,22.76,48.87,260
2023-12-01,17.0516,17.3084,16.8659,17.018,3802501,49.63,79.38,22.76,47.45,260
2023-12-08,16.8461,17.6899,16.7177,17.6423,5514622,54.57,79.38,22.76,56.17,260
2023-12-15,17.6403,18.5116,17.6048,18.312,4953266,59.19,79.38,22.76,64.34,260
2023-12-22,18.0908,18.3506,17.7964,18.2034,3972972,58.16,79.38,22.76,62.51,260
2023-12-29,18.2212,18.7506,18.2172,18.7072,1993899,61.51,79.38,22.76,68.44,260
2024-01-05,18.4721,18.5708,17.9228,18.0216,2869194,55.04,79.38,22.76,57.01,260
2024-01-12,18.0197,19.9301,18.0197,19.7068,4787218,64.84,79.38,22.76,74.31,260
2024-01-19,19.4777,19.5784,19.1635,19.5626,2758904,63.56,79.38,22.76,72.06,260
2024-01-26,19.7207,19.8214,18.7427,18.8455,3148764,57.5,79.38,22.76,61.35,260
2024-02-02,19.1438,19.6515,19.0618,19.4717,3041010,61.0,79.38,22.76,67.53,260
2024-02-09,19.2426,19.3137,18.8613,18.966,3304973,56.92,79.38,22.76,60.33,260
2024-02-16,19.0114,19.2663,17.5228,17.5514,8363784,47.39,79.38,22.76,43.5,260
2024-02-23,17.4388,17.59,17.1405,17.3677,5003092,46.3,79.38,22.76,41.58,260
2024-03-01,17.101,17.4744,16.7711,17.3894,5425014,46.46,79.38,22.76,41.86,260
2024-03-08,17.1148,17.3855,16.9034,17.2294,3585617,45.41,79.38,22.76,40.01,260
2024-03-15,17.0872,17.429,17.0555,17.263,2678126,45.69,79.38,22.76,40.49,260
2024-03-22,17.5613,17.7292,17.4546,17.508,3005223,47.77,79.38,22.76,44.17,260
2024-03-28,17.0417,17.225,16.937,16.9951,2608592,43.97,79.38,22.76,37.46,260
2024-04-05,17.0466,17.114,16.7077,16.8127,2876825,42.68,79.38,22.76,35.17,260
2024-04-12,16.7671,16.8741,16.5352,16.6482,2662943,41.49,79.38,22.76,33.07,260
2024-04-19,16.561,16.5848,16.0942,16.115,3270407,37.81,79.38,22.76,26.57,260
2024-04-26,16.1031,16.4728,16.0337,16.3191,3058559,40.0,79.38,22.76,30.44,260
2024-05-03,16.4262,16.9604,16.3509,16.7572,2855400,44.52,79.38,22.76,38.43,260
2024-05-10,16.8504,16.8742,14.888,14.9396,7173356,33.3,79.38,22.76,18.62,260
2024-05-17,15.1735,16.7275,15.0585,16.6006,8795528,46.56,79.38,22.76,42.03,260
2024-05-24,16.6006,16.6502,15.887,15.9148,3641710,42.78,79.38,22.76,35.35,260
2024-05-31,15.9643,16.3281,15.5283,16.3211,3285903,45.6,79.38,22.76,40.33,260
2024-06-07,16.4777,17.3419,16.452,16.9376,3653930,49.65,79.38,22.76,47.48,260
2024-06-14,16.8484,17.0109,16.2299,16.2973,3191445,45.83,79.38,22.76,40.74,260
2024-06-21,16.002,16.1229,15.7186,15.9624,5829825,43.93,79.38,22.76,37.38,260
2024-06-28,16.0099,16.9019,15.9802,16.8385,4044523,49.8,79.38,22.76,47.75,260
2024-07-05,16.8722,17.2239,16.8523,17.2091,2520194,52.08,79.38,22.76,51.79,260
2024-07-12,17.1754,19.1219,17.1259,19.0426,4861905,61.44,79.38,22.76,68.31,260
2024-07-19,19.0268,19.0892,18.3191,18.4004,4000106,57.22,79.38,22.76,60.87,260
2024-07-26,18.3449,18.4321,17.0466,17.3082,4518177,50.84,79.38,22.76,49.59,260
2024-08-02,17.2151,17.6333,16.0734,16.1764,4673030,45.21,79.38,22.76,39.64,260
2024-08-09,15.9544,17.5382,15.8137,16.7295,5663222,48.23,79.38,22.76,44.97,260
2024-08-16,16.7473,17.9227,16.6581,17.887,3361397,53.94,79.38,22.76,55.07,260
2024-08-23,17.9326,18.4282,17.9247,18.3132,3290801,55.87,79.38,22.76,58.48,260
2024-08-30,18.4341,19.3697,18.3451,19.338,3382776,60.2,79.38,22.76,66.12,260
2024-09-06,19.11,19.2101,17.7919,17.8494,2917722,52.2,79.38,22.76,51.99,260
2024-09-13,18.0179,18.6006,17.9534,18.5213,2421934,55.1,79.38,22.76,57.11,260
2024-09-20,18.5035,18.6244,17.8395,18.452,3135854,54.73,79.38,22.76,56.46,260
2024-09-27,18.4738,19.5719,18.4262,19.0605,2832084,57.42,79.38,22.76,61.22,260
2024-10-04,19.2731,19.3746,18.6486,18.8654,3101592,56.27,79.38,22.76,59.18,260
2024-10-11,19.0166,19.1757,18.6073,18.8753,6858883,56.32,79.38,22.76,59.26,260
2024-10-18,18.7958,19.0494,17.9803,18.1195,10284233,51.65,79.38,22.76,51.02,260
2024-10-25,18.04,18.0698,17.324,17.5228,12986175,48.25,79.38,22.76,45.01,260
2024-11-01,17.6123,18.0101,17.4632,17.6322,12005198,48.91,79.38,22.76,46.18,260
2024-11-08,17.6521,20.5511,17.6223,19.8002,21242355,59.9,79.38,22.76,65.58,260
2024-11-15,19.2334,19.293,18.3085,18.3582,14878654,51.9,79.38,22.76,51.47,260
2024-11-22,18.6168,19.2334,18.6168,18.9549,15757907,54.6,79.38,22.76,56.23,260
2024-11-29,19.2035,19.9494,19.2035,19.9394,8851673,58.72,79.38,22.76,63.51,260
2024-12-06,19.8897,20.9737,19.8201,20.8245,16597917,62.05,79.38,22.76,69.39,260
2024-12-13,21.1826,22.5848,20.919,21.5704,21410741,64.64,79.38,22.76,73.97,260
2024-12-20,21.3516,21.8588,20.4665,20.9041,22374281,60.66,79.38,22.76,66.93,260
2024-12-27,20.8345,21.4063,20.8046,21.3417,6725903,62.3,79.38,22.76,69.83,260
2025-01-03,21.0035,21.2323,20.9041,21.2024,8062385,61.42,79.38,22.76,68.28,260
2025-01-10,20.9737,21.0732,20.1334,20.2378,14217834,55.57,79.38,22.76,57.95,260
2025-01-17,20.0787,20.5859,19.7405,20.5262,19214632,56.89,79.38,22.76,60.28,260
2025-01-24,20.6754,21.2671,20.5958,20.7151,15462684,57.78,79.38,22.76,61.85,260
2025-01-31,20.7947,22.2715,20.7201,21.8886,18997108,62.88,79.38,22.76,70.86,260
2025-02-07,21.5803,22.9229,21.5505,22.4455,18334396,65.04,79.38,22.76,74.68,260
2025-02-14,22.4455,24.1163,21.5008,24.0069,24185520,70.27,79.38,22.76,83.9,260
2025-02-21,24.6384,25.1506,24.2754,24.6434,18962755,72.1,79.38,22.76,87.14,260
2025-02-28,24.7428,25.4936,24.4344,24.9019,18942226,72.83,79.38,22.76,88.43,260
2025-03-07,24.6633,24.9019,23.4848,24.0168,20171210,66.41,79.38,22.76,77.09,260
2025-03-14,23.0721,24.0367,22.5549,23.9671,25243250,66.06,79.38,22.76,76.47,260
2025-03-21,24.2356,25.3345,24.0964,25.0909,59053454,69.94,79.38,22.76,83.32,260
2025-03-28,25.1008,25.6378,24.8323,24.9517,33091589,68.89,79.38,22.76,81.47,260
2025-04-04,24.9756,25.3695,21.6997,21.7595,35820776,50.24,79.38,22.76,48.54,260
2025-04-11,20.3634,23.5097,20.3634,22.8764,37593320,54.85,79.38,22.76,56.67,260
2025-04-17,23.2155,24.1928,23.0864,23.9435,15168790,58.77,79.38,22.76,63.6,260
2025-04-25,23.8438,25.1551,23.4548,24.9008,16982309,61.97,79.38,22.76,69.25,260
2025-05-02,24.6715,26.0077,24.6216,25.2598,36676006,63.12,79.38,22.76,71.28,260
2025-05-09,25.1302,25.2897,24.2825,24.6316,23821269,59.71,79.38,22.76,65.25,260
2025-05-16,24.7313,25.549,24.4072,24.6116,52169346,59.6,79.38,22.76,65.06,260
2025-05-23,24.5817,25.8781,24.5219,25.4593,31535330,62.74,79.38,22.76,70.62,260
2025-05-30,25.9479,26.8704,25.8881,26.3069,30608967,65.63,79.38,22.76,75.71,260
2025-06-06,26.4017,26.8654,26.1823,26.5861,22427156,66.55,79.38,22.76,77.33,260
2025-06-13,26.4266,26.6161,25.7634,25.8582,19384121,61.9,79.38,22.76,69.13,260
2025-06-20,25.9878,26.2471,24.6216,24.6814,19667726,55.2,79.38,22.76,57.28,260
2025-06-27,23.9335,26.3668,23.8338,26.2271,30241425,61.15,79.38,22.76,67.8,260
2025-07-03,25.7285,25.9778,25.21,25.5091,19588109,57.34,79.38,22.76,61.07,260
2025-07-11,25.3396,25.4692,24.2526,24.3623,22755144,51.79,79.38,22.76,51.26,260
2025-07-18,24.2825,24.3723,23.7091,23.8537,24772619,49.5,79.38,22.76,47.22,260
2025-07-25,23.9335,25.6188,23.9235,24.8111,21057282,53.65,79.38,22.76,54.55,260
2025-08-01,24.3573,24.5119,24.0382,24.3025,17128365,51.24,79.38,22.76,50.29,260
2025-08-08,24.4521,27.2144,24.3125,27.0748,23296777,61.42,79.38,22.76,68.27,260
2025-08-15,27.0748,29.0792,26.9451,28.6604,19945056,65.81,79.38,22.76,76.04,260
2025-08-22,28.2116,28.6105,27.4737,28.5307,16337746,65.16,79.38,22.76,74.88,260
2025-08-29,28.1717,28.2715,27.359,27.4438,17313726,59.8,79.38,22.76,65.41,260
2025-09-05,26.7258,27.7878,26.5175,27.4936,14049102,59.96,79.38,22.76,65.7,260
2025-09-12,28.2216,29.3235,28.2017,29.1291,20809538,64.97,79.38,22.76,74.55,260
2025-09-19,29.2986,30.1662,28.4709,29.2787,17447414,65.4,79.38,22.76,75.3,260
2025-09-26,29.4183,30.0316,29.0792,29.6975,23772306,66.62,79.38,22.76,77.46,260
2025-10-03,29.04,29.13,27.79,28.96,19881670,62.43,79.38,22.76,70.06,260
2025-10-10,30.1,30.285,28.005,28.25,32567949,58.61,79.38,22.76,63.31,260
2025-10-17,28.59,29.07,28.26,28.9,18404491,60.96,79.38,22.76,67.47,260
2025-10-24,29.34,29.49,28.535,28.65,17709614,59.56,79.38,22.76,64.99,260
2025-10-31,28.83,29.05,27.55,27.89,16847707,55.38,79.38,22.76,57.61,260
2025-11-07,27.97,28.41,27.345,27.71,15220133,54.41,79.38,22.76,55.89,260
2025-11-14,27.94,30.34,27.8,30.12,25934608,63.63,79.38,22.76,72.17,260
2025-11-21,29.27,29.41,27.75,28.53,21409431,55.63,79.38,22.76,58.06,260
2025-11-28,28.62,29.36,28.08,29.35,10083253,58.53,79.38,22.76,63.17,260
2025-12-05,28.66,28.865,27.96,28.03,18063752,52.58,79.38,22.76,52.67,260
2025-12-12,27.7,27.82,26.59,26.77,20690244,47.61,79.38,22.76,43.89,260
2025-12-19,26.86,26.86,25.37,25.4,23164502,42.87,79.38,22.76,35.51,260
2025-12-26,25.2,26.0,25.11,25.82,16102863,44.69,79.38,22.76,38.72,260
2026-01-02,25.68,25.99,25.5544,25.88,10328988,44.96,76.53,22.76,41.27,260
2026-01-09,26.07,26.15,24.9,25.04,24717343,41.88,76.53,22.76,35.55,260
2026-01-16,25.14,25.325,23.93,24.05,28374401,38.53,76.53,22.76,29.32,260
2026-01-23,23.545,23.96,22.74,23.09,30899310,35.56,76.53,22.76,23.79,260
2026-01-30,23.08,23.13,21.8,22.1,39643376,32.75,73.04,22.76,19.87,260
2026-02-06,22.085,22.84,21.175,22.26,51549159,33.66,73.04,22.76,21.68,260
2026-02-13,22.13,23.47,21.99,23.19,32222188,38.85,72.83,22.76,32.12,260
2026-02-20,22.71,22.89,21.52,21.93,19671875,34.87,72.83,22.76,24.18,260
2026-02-27,21.8,23.15,21.23,23.06,28450578,40.73,72.83,22.76,35.88,260
2026-03-06,22.43,22.79,20.8701,21.48,37501370,35.87,72.83,22.76,26.18,260
2026-03-13,21.11,21.98,20.995,21.49,28157239,35.92,72.83,22.76,26.28,260
2026-03-20,21.475,21.73,20.13,20.22,24809652,32.33,72.83,22.76,19.11,260
2026-03-27,20.66,20.85,19.74,19.91,21820981,31.5,72.83,22.76,17.45,260
2026-04-02,19.98,21.43,19.815,21.14,20906071,38.26,72.83,22.76,30.95,260
2026-04-10,20.65,21.72,20.63,21.05,18890075,37.96,72.83,22.76,30.36,260
2026-04-17,20.48,22.045,20.48,21.7,22649005,41.48,72.83,22.76,37.37,260
2026-04-24,21.5,21.5274,20.0,20.28,23822128,36.6,72.83,22.76,27.64,260
2026-05-01,20.11,20.34,19.625,19.78,33098806,35.04,72.83,22.76,24.52,260
2026-05-08,19.89,20.865,19.63,20.15,48111388,37.18,72.83,22.76,28.79,260
2026-05-15,21.51,22.98,21.185,22.31,58028706,47.94,72.83,22.76,50.28,260
2026-05-22,22.72,23.28,22.02,22.14,36540677,47.25,72.83,22.76,48.91,260
2026-05-29,22.27,22.42,21.525,21.57,24840272,44.93,72.83,22.76,44.27,260
2026-06-05,22.13,23.0,21.865,21.89,28934654,46.52,72.83,22.76,47.45,260
2026-06-12,22.08,22.24,20.46,20.53,30835087,41.09,72.83,22.76,36.61,260
2026-06-18,20.57,20.7,20.1,20.33,20166176,40.35,72.83,22.76,35.12,260
2026-06-26,19.83,20.265,19.32,19.71,32734256,38.04,72.83,22.76,30.52,260
2026-07-02,20.29,20.8,19.94,20.79,21488503,44.04,72.83,22.76,42.49,260
2026-07-10,21.1,21.65,20.65,20.85,23098949,44.36,72.83,22.76,43.13,260
2026-07-17,20.66,21.395,20.66,21.12,20247799,45.87,72.83,22.76,46.15,260
2026-07-24,21.33,21.46,20.58,20.98,19164572,45.18,72.83,22.76,44.78,260
2026-07-31,21.75,23.98,21.74,23.26,43707365,56.56,72.83,22.76,67.5,260
2026-08-07,22.7,23.6,22.22,23.46,26950204,57.39,72.83,22.76,69.16,260
2026-08-14,23.715,24.67,23.18,24.29,22552630,60.76,72.83,22.76,75.9,260
2026-08-21,23.82,24.08,23.3,23.92,19190714,58.54,72.83,22.76,71.45,260
2026-08-28,24.15,25.025,23.81,24.85,18566361,62.27,72.83,22.76,78.92,260
2026-09-04,24.975,25.265,24.41,24.56,22815929,60.45,72.83,22.76,75.26,260
2026-09-11,23.78,23.91,23.38,23.9,15727391,56.39,72.83,22.76,67.16,260
