Semana,Open,High,Low,Close,Volume,RSI,RSI_max_5a,RSI_min_5a,Posicion,Semanas_ventana
1990-03-30,0.2256,0.2344,0.2227,0.2315,255700,,,,,0
1990-04-06,0.2284,0.2493,0.2227,0.2465,453200,,,,,0
1990-04-12,0.2465,0.2493,0.2344,0.2493,365200,,,,,0
1990-04-20,0.2493,0.2522,0.2375,0.2405,506500,,,,,0
1990-04-27,0.2344,0.2465,0.2315,0.2375,174200,,,,,0
1990-05-04,0.2465,0.2909,0.2434,0.2849,1372400,,,,,0
1990-05-11,0.294,0.3146,0.2909,0.3056,2721900,,,,,0
1990-05-18,0.3056,0.3265,0.3056,0.3177,1461000,,,,,0
1990-05-25,0.3177,0.3562,0.3177,0.3472,2631900,,,,,0
1990-06-01,0.3443,0.3681,0.3415,0.3562,1431100,,,,,0
1990-06-08,0.3621,0.3768,0.3355,0.3355,1864900,,,,,0
1990-06-15,0.3355,0.374,0.3324,0.3621,841800,,,,,0
1990-06-22,0.3562,0.4006,0.3502,0.3889,1728700,,,,,0
1990-06-29,0.3918,0.4096,0.374,0.4096,1383400,,,,,0
1990-07-06,0.4037,0.4215,0.3977,0.4155,398100,86.94,86.94,86.94,,1
1990-07-13,0.4184,0.478,0.3859,0.4571,1201300,88.93,88.93,86.94,100.0,2
1990-07-20,0.4602,0.463,0.4006,0.4155,925600,76.4,88.93,76.4,0.0,3
1990-07-27,0.4068,0.4542,0.3859,0.4393,1102600,78.28,88.93,76.4,15.03,4
1990-08-03,0.4393,0.4571,0.3502,0.3889,1089500,66.22,88.93,66.22,0.0,5
1990-08-10,0.3859,0.4215,0.3652,0.4155,2037500,68.94,88.93,66.22,11.99,6
1990-08-17,0.4127,0.4421,0.4127,0.4215,723100,69.53,88.93,66.22,14.59,7
1990-08-24,0.4155,0.4184,0.3502,0.3799,1277300,60.82,88.93,60.82,0.0,8
1990-08-31,0.3925,0.4163,0.3925,0.4075,834200,64.04,88.93,60.82,11.45,9
1990-09-07,0.4013,0.4251,0.3865,0.4013,787900,62.79,88.93,60.82,7.01,10
1990-09-14,0.4163,0.4401,0.4134,0.4372,1614500,66.83,88.93,60.82,21.38,11
1990-09-21,0.4341,0.446,0.4251,0.4282,921200,64.92,88.93,60.82,14.59,12
1990-09-28,0.4282,0.4401,0.3421,0.3837,1682500,56.38,88.93,56.38,0.0,13
1990-10-05,0.3984,0.4163,0.3687,0.3687,831400,53.81,88.93,53.81,0.0,14
1990-10-12,0.3775,0.3837,0.3123,0.333,1977900,48.18,88.93,48.18,0.0,15
1990-10-19,0.3361,0.3925,0.333,0.3837,756000,55.33,88.93,48.18,17.53,16
1990-10-26,0.3806,0.4191,0.3806,0.4013,741400,57.52,88.93,48.18,22.91,17
1990-11-02,0.4075,0.4372,0.3746,0.4282,2236600,60.69,88.93,48.18,30.69,18
1990-11-09,0.4341,0.446,0.4044,0.4103,1126600,57.62,88.93,48.18,23.15,19
1990-11-16,0.4134,0.4788,0.4134,0.4519,1431500,62.4,88.93,48.18,34.9,20
1990-11-23,0.4579,0.4698,0.4401,0.4429,539000,60.8,88.93,48.18,30.96,21
1990-11-30,0.4401,0.4936,0.4372,0.4817,1076400,64.96,88.93,48.18,41.17,22
1990-12-07,0.4817,0.5471,0.4638,0.5293,4801900,69.27,88.93,48.18,51.76,23
1990-12-14,0.5233,0.5293,0.4995,0.5202,1038600,67.57,88.93,48.18,47.58,24
1990-12-21,0.5143,0.559,0.5055,0.544,2058800,69.68,88.93,48.18,52.76,25
1990-12-28,0.544,0.5709,0.5411,0.5471,1533400,69.96,88.93,48.18,53.43,26
1991-01-04,0.5502,0.5709,0.4848,0.5055,1565300,61.86,88.93,48.18,33.56,27
1991-01-11,0.4936,0.5202,0.4757,0.5086,1901000,62.21,88.93,48.18,34.42,28
1991-01-18,0.5026,0.574,0.5026,0.574,2104000,68.74,88.93,48.18,50.46,29
1991-01-25,0.5649,0.6215,0.5649,0.6066,1324000,71.39,88.93,48.18,56.97,30
1991-02-01,0.6125,0.6898,0.6066,0.6839,2924300,76.49,88.93,48.18,69.48,31
1991-02-08,0.6867,0.7077,0.6422,0.6513,2000900,70.77,88.93,48.18,55.43,32
1991-02-15,0.657,0.8057,0.6513,0.7731,3185600,77.53,88.93,48.18,72.04,33
1991-02-22,0.7731,0.7731,0.7105,0.7464,2227300,73.52,88.93,48.18,62.19,34
1991-03-01,0.7493,0.779,0.6989,0.7136,2426200,68.8,88.93,48.18,50.61,35
1991-03-08,0.7196,0.7881,0.7046,0.7433,2666400,70.64,88.93,48.18,55.12,36
1991-03-15,0.7374,0.8028,0.7105,0.7759,5330700,72.55,88.93,48.18,59.81,37
1991-03-22,0.7702,0.9336,0.7702,0.9217,3678200,79.1,88.93,48.18,75.88,38
1991-03-28,0.9217,1.0259,0.9098,0.9336,2501800,79.53,88.93,48.18,76.94,39
1991-04-05,0.9336,1.0347,0.9098,0.9722,2656000,80.9,88.93,48.18,80.29,40
1991-04-12,0.9693,1.0021,0.9129,0.996,2659000,81.71,88.93,48.18,82.29,41
1991-04-19,0.9931,1.0852,0.9931,1.0169,2913700,82.42,88.93,48.18,84.03,42
1991-04-26,1.0109,1.0138,0.8801,0.9753,3114100,76.1,88.93,48.18,68.52,43
1991-05-03,0.9812,1.0081,0.9098,0.99,2963200,76.78,88.93,48.18,70.19,44
1991-05-10,1.005,1.0973,1.005,1.0466,3663200,79.22,88.93,48.18,76.18,45
1991-05-17,1.0585,1.0645,1.005,1.0497,1560600,79.35,88.93,48.18,76.49,46
1991-05-24,1.0526,1.1893,1.0466,1.1456,2700000,82.87,88.93,48.18,85.12,47
1991-05-31,1.1484,1.1753,1.1156,1.1663,1554000,83.52,88.93,48.18,86.72,48
1991-06-07,1.1632,1.1694,1.0204,1.0473,3655300,67.58,88.93,48.18,47.62,49
1991-06-14,1.0473,1.1515,1.0413,1.1306,1646500,71.66,88.93,48.18,57.62,50
1991-06-21,1.1394,1.1603,1.1068,1.1425,1505100,72.2,88.93,48.18,58.94,51
1991-06-28,1.1306,1.1334,1.0532,1.068,1537700,64.01,88.93,48.18,38.84,52
1991-07-05,1.077,1.1572,1.077,1.098,1084600,65.7,88.93,48.18,42.98,53
1991-07-12,1.083,1.2555,1.0801,1.2496,2094700,72.67,88.93,48.18,60.1,54
1991-07-19,1.2615,1.3,1.1901,1.2912,2135300,74.22,88.93,48.18,63.9,55
1991-07-26,1.2912,1.3,1.196,1.2436,1325000,69.38,88.93,48.18,52.01,56
1991-08-02,1.2377,1.2436,1.1663,1.202,2357300,65.36,88.93,48.18,42.15,57
1991-08-09,1.1663,1.2524,1.1127,1.1544,5505400,61.01,88.93,48.18,31.47,58
1991-08-16,1.1603,1.2139,1.1068,1.1901,2685300,63.0,88.93,48.18,36.35,59
1991-08-23,1.1425,1.1901,1.1127,1.1841,1785500,62.42,88.93,48.18,34.95,60
1991-08-30,1.1782,1.315,1.1782,1.2258,1757800,64.83,88.93,48.18,40.85,61
1991-09-06,1.2377,1.2377,1.0532,1.0949,3163000,53.28,88.93,48.18,12.52,62
1991-09-13,1.077,1.2198,0.958,1.2079,5273200,59.92,88.93,48.18,28.81,63
1991-09-20,1.2139,1.2496,1.1484,1.1901,1894100,58.51,88.93,48.18,25.34,64
1991-09-27,1.196,1.2496,1.1901,1.2377,1495600,61.14,88.93,48.18,31.8,65
1991-10-04,1.2258,1.2912,1.2139,1.2377,1317900,61.14,88.93,48.18,31.8,66
1991-10-11,1.2198,1.2822,1.2139,1.2793,760100,63.49,88.93,48.18,37.57,67
1991-10-18,1.2793,1.4162,1.2705,1.4074,691700,69.58,88.93,48.18,52.52,68
1991-10-25,1.4074,1.4371,1.4012,1.4133,612700,69.84,88.93,48.18,53.14,69
1991-11-01,1.4043,1.5412,1.3983,1.5174,694900,73.9,88.93,48.18,63.13,70
1991-11-08,1.5114,1.5114,1.4162,1.4579,705600,68.23,88.93,48.18,49.21,71
1991-11-15,1.4638,1.5293,1.455,1.4995,699800,69.97,88.93,48.18,53.47,72
1991-11-22,1.4964,1.4964,1.3836,1.4312,1166800,63.81,88.93,48.18,38.35,73
1991-11-29,1.434,1.4371,1.4043,1.4312,323500,63.81,88.93,48.18,38.35,74
1991-12-06,1.4281,1.5233,1.4162,1.5085,688700,67.56,88.93,48.18,47.56,75
1991-12-13,1.5143,1.6154,1.5143,1.6126,582100,71.8,88.93,48.18,57.95,76
1991-12-20,1.6154,1.6392,1.5709,1.5888,485100,69.56,88.93,48.18,52.46,77
1991-12-27,1.5888,1.812,1.5888,1.812,351100,76.85,88.93,48.18,70.35,78
1992-01-03,1.8058,1.8863,1.7494,1.8834,712400,78.61,88.93,48.18,74.67,79
1992-01-10,1.8922,2.0084,1.8744,1.9724,594900,80.59,88.93,48.18,79.55,80
1992-01-17,1.9724,2.1124,1.9101,1.9458,1133100,78.25,88.93,48.18,73.8,81
1992-01-24,1.9636,2.0945,1.8744,2.0945,707100,81.49,88.93,48.18,81.73,82
1992-01-31,2.1391,2.154,1.9636,1.9815,711400,72.65,88.93,48.18,60.04,83
1992-02-07,1.9755,2.154,1.9755,2.0469,540400,74.38,88.93,48.18,64.29,84
1992-02-14,2.05,2.2136,2.0469,2.1064,747300,75.88,88.93,48.18,67.96,85
1992-02-21,2.1036,2.1036,1.8534,1.8834,936300,61.4,88.93,48.18,32.45,86
1992-02-28,1.8863,2.0172,1.7256,1.9041,2385700,62.13,88.93,48.18,34.22,87
1992-03-06,1.901,1.9339,1.7613,1.8358,1029200,58.25,88.93,48.18,24.71,88
1992-03-13,1.8418,1.9248,1.8418,1.8922,562300,60.45,88.93,48.18,30.09,89
1992-03-20,1.8951,1.9577,1.8684,1.916,413500,61.37,88.93,48.18,32.36,90
1992-03-27,1.9189,2.0084,1.8982,1.916,421200,61.37,88.93,48.18,32.36,91
1992-04-03,1.9101,1.9339,1.8625,1.9041,466700,60.55,88.93,48.18,30.35,92
1992-04-10,1.9041,1.9101,1.7554,1.8632,708900,57.7,88.93,48.18,23.35,93
1992-04-16,1.8572,1.9346,1.8187,1.8187,511900,54.68,88.93,48.18,15.95,94
1992-04-24,1.7977,1.7977,1.631,1.6339,858200,44.33,88.93,44.33,0.0,95
1992-05-01,1.6489,1.8632,1.646,1.8244,926500,54.0,88.93,44.33,21.68,96
1992-05-08,1.8187,1.8663,1.7501,1.7501,552500,50.33,88.93,44.33,13.45,97
1992-05-15,1.756,1.8334,1.7263,1.8303,546700,53.97,88.93,44.33,21.61,98
1992-05-22,1.8365,2.012,1.8365,1.9882,763200,60.16,88.93,44.33,35.49,99
1992-05-29,1.9794,2.1311,1.9108,2.1132,399700,64.25,88.93,44.33,44.67,100
1992-06-05,2.0894,2.1668,2.0239,2.0508,637700,60.89,88.93,44.33,37.13,101
1992-06-12,2.0299,2.033,1.9049,2.0001,470700,58.22,88.93,44.33,31.14,102
1992-06-19,2.0001,2.033,1.8751,1.9108,697500,53.75,88.93,44.33,21.13,103
1992-06-26,1.9049,1.9049,1.7977,1.8541,1078400,51.07,88.93,44.33,15.12,104
1992-07-02,1.8482,2.0656,1.8425,2.0537,487000,58.85,88.93,44.33,32.56,105
1992-07-10,2.0477,2.1608,2.033,2.0596,1188100,59.06,88.93,44.33,33.03,106
1992-07-17,2.0625,2.253,2.0625,2.1192,951000,61.18,88.93,44.33,37.79,107
1992-07-24,2.0953,2.1549,2.0477,2.1549,582800,62.44,88.93,44.33,40.61,108
1992-07-31,2.1549,2.2263,2.1192,2.1906,698300,63.71,88.93,44.33,43.45,109
1992-08-07,2.1965,2.268,2.0806,2.0923,944700,57.91,88.93,44.33,30.46,110
1992-08-14,2.0923,2.1311,2.0537,2.0834,508500,57.41,88.93,44.33,29.33,111
1992-08-21,2.0596,2.1311,2.0537,2.1013,603000,58.2,88.93,44.33,31.11,112
1992-08-28,2.0894,2.1251,2.0715,2.0775,383900,56.69,88.93,44.33,27.71,113
1992-09-04,2.0775,2.1399,2.0061,2.1073,616300,58.15,88.93,44.33,31.0,114
1992-09-11,2.1013,2.2501,2.0834,2.2442,592500,64.17,88.93,44.33,44.49,115
1992-09-18,2.262,2.4582,2.253,2.3811,1381600,68.97,88.93,44.33,55.26,116
1992-09-25,2.3868,2.512,2.2501,2.2801,1177500,62.34,88.93,44.33,40.38,117
1992-10-02,2.2382,2.4287,2.1787,2.3277,1130000,64.09,88.93,44.33,44.31,118
1992-10-09,2.3277,2.5597,2.1311,2.4468,1397900,68.1,88.93,44.33,53.29,119
1992-10-16,2.4582,2.6073,2.4344,2.542,1167900,70.89,88.93,44.33,59.56,120
1992-10-23,2.542,2.5897,2.4944,2.5535,1041200,71.22,88.93,44.33,60.29,121
1992-10-30,2.4763,2.5535,2.3454,2.482,2005800,66.23,88.93,44.33,49.1,122
1992-11-06,2.4763,2.5058,2.393,2.4287,1123400,62.69,88.93,44.33,41.18,123
1992-11-13,2.4344,2.5597,2.4344,2.4882,773500,64.94,88.93,44.33,46.22,124
1992-11-20,2.4882,2.5716,2.3811,2.5597,1508300,67.47,88.93,44.33,51.9,125
1992-11-27,2.5658,2.6192,2.5001,2.6192,810500,69.45,88.93,44.33,56.34,126
1992-12-04,2.643,2.7144,2.5716,2.7087,906000,72.2,88.93,44.33,62.48,127
1992-12-11,2.7087,2.7563,2.5835,2.6011,788800,64.68,88.93,44.33,45.63,128
1992-12-18,2.6073,2.7325,2.5835,2.7325,760800,68.93,88.93,44.33,55.17,129
1992-12-24,2.7382,2.7801,2.643,2.6487,811600,63.67,88.93,44.33,43.36,130
1992-12-31,2.6487,2.7382,2.5954,2.7087,731300,65.69,88.93,44.33,47.89,131
1993-01-08,2.6787,2.762,2.6073,2.6487,1243900,61.98,88.93,44.33,39.57,132
1993-01-15,2.6611,3.1906,2.6373,3.1135,1160000,74.16,88.93,44.33,66.88,133
1993-01-22,3.1011,3.1192,2.9406,3.0002,902400,68.4,88.93,44.33,53.98,134
1993-01-29,3.0059,3.1249,2.9525,3.0716,899900,69.98,88.93,44.33,57.52,135
1993-02-05,3.0954,3.2383,3.0478,3.0897,712600,70.39,88.93,44.33,58.43,136
1993-02-12,3.0897,3.1373,2.6549,2.6611,2816400,52.39,88.93,44.33,18.08,137
1993-02-19,2.5239,2.5358,2.2025,2.2025,5403800,40.47,88.93,40.47,0.0,138
1993-02-26,2.1963,2.2382,1.9049,2.1073,6162400,38.51,88.93,38.51,0.0,139
1993-03-05,2.1192,2.4049,2.1192,2.2382,3551200,42.62,88.93,38.51,8.16,140
1993-03-12,2.2501,2.3992,2.1611,2.393,2438300,47.13,88.93,38.51,17.09,141
1993-03-19,2.4763,2.482,2.1787,2.1787,2009800,42.19,88.93,38.51,7.3,142
1993-03-26,2.1549,2.2635,2.1311,2.2277,2046800,43.64,88.93,38.51,10.19,143
1993-04-02,2.2277,2.5136,2.2158,2.3168,2066700,46.29,88.93,38.51,15.43,144
1993-04-08,2.3111,2.3531,2.1682,2.2215,781400,43.92,88.93,38.51,10.72,145
1993-04-16,2.2277,2.3645,2.1739,2.2158,1763800,43.77,88.93,38.51,10.44,146
1993-04-23,2.2215,2.5375,2.2101,2.3469,3035900,48.01,88.93,38.51,18.84,147
1993-04-30,2.3588,2.6566,2.3588,2.5732,1625300,54.4,88.93,38.51,31.52,148
1993-05-07,2.5732,2.9306,2.5732,2.5851,3174300,54.72,88.93,38.51,32.15,149
1993-05-14,2.6209,2.8353,2.609,2.6685,2924000,56.96,88.93,38.51,36.6,150
1993-05-21,2.6804,2.8648,2.6566,2.841,1830300,61.25,88.93,38.51,45.1,151
1993-05-28,2.841,2.9187,2.8353,2.8472,1997300,61.39,88.93,38.51,45.39,152
1993-06-04,2.8353,2.841,2.6685,2.6685,873000,54.86,88.93,38.51,32.43,153
1993-06-11,2.6566,2.7343,2.5789,2.7162,1148000,56.2,88.93,38.51,35.09,154
1993-06-18,2.74,2.8648,2.7343,2.8534,1207400,59.89,88.93,38.51,42.4,155
1993-06-25,2.8534,2.9725,2.8353,2.9363,1113800,61.97,88.93,38.51,46.54,156
1993-07-02,2.9425,3.1093,2.9249,2.9601,1339300,62.57,88.93,38.51,47.73,157
1993-07-09,2.9902,3.1508,2.9544,3.0793,948900,65.51,88.93,38.51,53.56,158
1993-07-16,3.0736,3.2165,3.0378,3.0736,954200,65.25,88.93,38.51,53.03,159
1993-07-23,3.0678,3.0855,2.841,2.9425,1289900,59.33,88.93,38.51,41.3,160
1993-07-30,2.9902,3.1689,2.9725,3.0078,1412700,61.22,88.93,38.51,45.04,161
1993-08-06,3.0078,3.0616,2.9663,2.9725,1072100,59.61,88.93,38.51,41.85,162
1993-08-13,2.9725,2.9725,2.4779,2.6566,6691000,47.55,88.93,38.51,17.93,163
1993-08-20,2.6566,3.0021,2.6566,2.8648,1402200,54.14,88.93,38.51,30.99,164
1993-08-27,2.8234,2.8296,2.6685,2.7876,1233300,51.55,88.93,38.51,25.87,165
1993-09-03,2.7757,3.0078,2.7638,2.9306,1977600,55.76,88.93,38.51,34.22,166
1993-09-10,2.8949,2.9011,2.6742,2.7105,3017600,48.74,88.93,38.51,20.29,167
1993-09-17,2.7105,2.7695,2.5913,2.74,2069800,49.65,88.93,38.51,22.1,168
1993-09-24,2.7281,3.288,2.7162,3.2761,2392400,62.69,88.93,38.51,47.96,169
1993-10-01,3.288,3.3652,3.0736,3.1393,3262800,58.53,88.93,38.51,39.7,170
1993-10-08,3.1331,3.2642,3.1331,3.2346,1229200,60.5,88.93,38.51,43.61,171
1993-10-15,3.2461,3.3538,3.1689,3.2461,1826900,60.74,88.93,38.51,44.09,172
1993-10-22,3.2461,3.2937,3.1746,3.1808,910100,58.54,88.93,38.51,39.73,173
1993-10-29,3.288,3.3538,3.2046,3.3299,982900,61.93,88.93,38.51,46.45,174
1993-11-05,3.3061,3.6397,3.2823,3.4905,3089000,65.22,88.93,38.51,52.98,175
1993-11-12,3.4967,3.592,3.4667,3.5263,1822400,65.93,88.93,38.51,54.38,176
1993-11-19,3.5263,3.5558,3.4729,3.5205,1034200,65.7,88.93,38.51,53.92,177
1993-11-26,3.5263,3.5263,3.3595,3.4843,950100,64.17,88.93,38.51,50.9,178
1993-12-03,3.4786,3.6035,3.4071,3.6035,1690100,66.89,88.93,38.51,56.3,179
1993-12-10,3.6035,3.6873,3.4967,3.5858,1485300,66.09,88.93,38.51,54.71,180
1993-12-17,3.5739,3.7407,3.5444,3.7049,1474200,68.81,88.93,38.51,60.1,181
1993-12-23,3.7169,3.7526,3.5024,3.6635,1489800,66.8,88.93,38.51,56.12,182
1993-12-31,3.6216,3.6635,3.5263,3.6158,1149900,64.48,88.93,38.51,51.5,183
1994-01-07,3.6035,3.6811,3.5682,3.6749,1296800,66.06,88.93,38.51,54.64,184
1994-01-14,3.6749,3.8417,3.6511,3.8241,935500,69.72,88.93,38.51,61.89,185
1994-01-21,3.8122,4.0028,3.8122,3.9732,1726600,72.87,88.93,38.51,68.14,186
1994-01-28,3.9789,4.08,3.8241,4.0504,1589100,74.35,88.93,38.51,71.09,187
1994-02-04,4.0623,4.1576,3.9909,4.0085,1397500,72.04,88.93,38.51,66.51,188
1994-02-11,3.9909,4.0862,3.8479,4.0504,1648000,72.95,88.93,38.51,68.31,189
1994-02-18,4.0743,4.1162,3.9608,3.9847,2273800,69.17,88.93,38.51,60.81,190
1994-02-25,3.9847,3.9847,3.8417,3.8655,1428500,62.81,88.93,38.51,48.21,191
1994-03-04,3.8779,3.9909,3.8541,3.8779,1453900,63.19,88.93,38.51,48.96,192
1994-03-11,3.9971,4.1753,3.9608,4.0981,2317950,69.2,88.93,38.51,60.86,193
1994-03-18,4.1219,4.4202,4.0504,4.3726,3982300,74.73,88.93,38.51,71.84,194
1994-03-25,4.384,4.5269,4.3602,4.4822,3115800,76.54,88.93,38.51,75.43,195
1994-03-31,4.4936,4.4936,3.9214,4.0769,2735300,59.54,88.93,38.51,41.71,196
1994-04-08,3.9815,4.5184,3.9691,4.3868,3108300,65.8,88.93,38.51,54.12,197
1994-04-15,4.4106,4.4822,4.1484,4.1961,2595000,59.68,88.93,38.51,41.99,198
1994-04-22,4.1961,4.1961,3.5523,3.8985,8083400,51.62,88.93,38.51,26.0,199
1994-04-29,3.8737,3.9576,3.7078,3.9576,4271900,52.98,88.93,38.51,28.7,200
1994-05-06,4.0053,4.7444,4.0053,4.5661,7528400,64.14,88.93,38.51,50.84,201
1994-05-13,4.5537,4.6138,4.2437,4.589,3674400,64.48,88.93,38.51,51.52,202
1994-05-20,4.589,4.7206,4.2914,4.5775,2874900,64.15,88.93,38.51,50.86,203
1994-05-27,4.6138,4.7921,4.5413,4.5661,2765000,63.8,88.93,38.51,50.17,204
1994-06-03,4.5413,4.7921,4.5298,4.732,2419100,66.65,88.93,38.51,55.81,205
1994-06-10,4.7568,4.8398,4.4345,4.6614,2843700,64.33,88.93,38.51,51.22,206
1994-06-17,4.6252,4.7683,4.6014,4.649,1873800,63.91,88.93,38.51,50.38,207
1994-06-24,4.6252,4.649,4.2437,4.423,4644600,56.65,88.93,38.51,35.97,208
1994-07-01,4.506,4.6252,4.1961,4.3629,13604900,54.86,88.93,38.51,32.43,209
1994-07-08,4.3753,4.423,4.1722,4.2676,3696800,52.06,88.93,38.51,26.87,210
1994-07-15,4.2552,4.4583,4.0893,4.4106,4119600,55.71,88.93,38.51,34.12,211
1994-07-22,4.4106,4.4345,3.9815,4.3391,5886600,53.51,88.93,38.51,29.76,212
1994-07-29,4.3153,4.3391,4.0769,4.3391,4926000,53.51,88.93,38.51,29.76,213
1994-08-05,4.3629,4.5537,4.1598,4.2323,5005400,50.09,88.93,38.51,22.97,214
1994-08-12,4.2676,4.4707,4.2437,4.4106,2428700,55.24,88.93,38.51,33.18,215
1994-08-19,4.4345,4.7444,4.3629,4.732,3981100,62.71,88.93,38.51,47.99,216
1994-08-26,4.7206,4.9351,4.6843,4.8751,2697400,65.47,88.93,38.51,53.47,217
1994-09-02,4.8875,5.0429,4.7921,4.9351,2420000,66.59,88.93,38.51,55.69,218
1994-09-09,4.9227,5.1612,4.8159,5.1259,2706000,69.92,88.93,38.51,62.3,219
1994-09-16,5.1259,5.1612,5.0067,5.1497,3017000,70.32,88.93,38.51,63.09,220
1994-09-23,5.1497,5.2088,4.9351,4.959,3702200,63.11,88.93,38.51,48.8,221
1994-09-30,4.959,5.2088,4.8522,5.0543,3436300,65.04,88.93,38.51,52.62,222
1994-10-07,5.0305,5.1612,4.8159,5.0782,2549000,65.53,88.93,38.51,53.59,223
1994-10-14,5.102,5.2813,4.959,5.0906,2723400,65.79,88.93,38.51,54.11,224
1994-10-21,5.0658,5.1859,4.8159,4.8636,1700600,57.11,88.93,38.51,36.89,225
1994-10-28,4.8159,5.0906,4.8159,5.0429,2353700,61.44,88.93,38.51,45.48,226
1994-11-04,5.0429,5.0658,4.5775,4.6138,5963700,48.75,88.93,38.51,20.32,227
1994-11-11,4.6138,4.7797,4.5775,4.6614,3455800,49.99,88.93,38.51,22.77,228
1994-11-18,4.6614,4.9113,4.649,4.8274,2570800,54.13,88.93,38.51,30.99,229
1994-11-25,4.8522,4.9704,4.4459,4.6014,1774000,48.27,88.93,38.51,19.35,230
1994-12-02,4.589,4.7091,4.4345,4.506,2660600,46.0,88.93,38.51,14.86,231
1994-12-09,4.5298,4.5661,3.8737,3.9939,10391900,36.18,88.93,36.18,0.0,232
1994-12-16,4.1245,4.3506,4.1121,4.3153,4592800,44.23,88.93,36.18,15.26,233
1994-12-23,4.3153,4.423,4.2552,4.3277,3058000,44.52,88.93,36.18,15.81,234
1994-12-30,4.3753,4.3982,4.1961,4.3029,2145400,44.02,88.93,36.18,14.87,235
1995-01-06,4.2914,4.2914,4.0416,4.0769,4208700,39.7,88.93,36.18,6.67,236
1995-01-13,4.0769,4.4459,4.0769,4.2199,4469200,43.48,88.93,36.18,13.85,237
1995-01-20,4.1961,4.3753,4.1846,4.3629,3981100,47.06,88.93,36.18,20.63,238
1995-01-27,4.2914,4.3277,4.1007,4.1961,2913000,43.59,88.93,36.18,14.06,239
1995-02-03,4.1961,4.7568,4.1961,4.7091,6165300,54.66,88.93,36.18,35.03,240
1995-02-10,4.7444,4.7568,4.5298,4.6138,4897300,52.59,88.93,36.18,31.11,241
1995-02-17,4.6252,4.6366,4.0645,4.1007,10846400,43.15,88.93,36.18,13.21,242
1995-02-24,4.1007,4.2437,3.9815,4.1369,7197900,43.91,88.93,36.18,14.66,243
1995-03-03,4.0893,4.2552,4.0168,4.1007,4557000,43.29,88.93,36.18,13.47,244
1995-03-10,4.0769,4.1484,3.9815,4.0769,5242400,42.85,88.93,36.18,12.65,245
1995-03-17,4.0893,4.5298,4.0769,4.4459,5567200,51.04,88.93,36.18,28.17,246
1995-03-24,4.4459,4.4583,4.3153,4.423,3661200,50.56,88.93,36.18,27.25,247
1995-03-31,4.4822,4.7712,4.4258,4.4611,5090900,51.38,88.93,36.18,28.82,248
1995-04-07,4.4487,4.5212,4.2225,4.3418,3562200,48.64,88.93,36.18,23.62,249
1995-04-13,4.3179,4.4258,4.2464,4.378,2126000,49.52,88.93,36.18,25.29,250
1995-04-21,4.3656,4.4258,3.5068,3.8532,21947400,39.07,88.93,36.18,5.48,251
1995-04-28,3.8408,3.8761,3.4353,3.4715,12578300,33.53,88.93,33.53,0.0,252
1995-05-05,3.4353,3.7101,3.2559,3.3875,15940700,32.44,88.93,32.44,0.0,253
1995-05-12,3.399,3.733,3.399,3.6147,9211100,38.28,88.93,32.44,10.35,254
1995-05-19,3.6261,3.7692,3.5669,3.6147,4410900,38.28,88.93,32.44,10.35,255
1995-05-26,3.5068,3.5545,3.4114,3.4467,10825100,35.64,88.93,32.44,5.66,256
1995-06-02,3.4944,3.7101,3.4591,3.6977,3333600,42.08,88.93,32.44,17.06,257
1995-06-09,3.7215,3.9964,3.7101,3.9964,7497700,48.66,88.93,32.44,28.71,258
1995-06-16,3.9839,4.0555,3.7807,3.817,8917800,45.33,88.93,32.44,22.81,259
1995-06-23,3.817,4.2578,3.7931,4.1032,9886500,51.08,88.93,32.44,33.0,260
1995-06-30,4.2225,4.2826,3.7692,3.9486,14889500,48.14,88.93,32.44,27.79,260
1995-07-07,3.9486,4.067,3.817,3.8532,7839300,46.36,83.52,32.44,27.25,260
1995-07-14,3.8761,4.2826,3.817,4.2464,7704300,53.91,83.52,32.44,42.04,260
1995-07-21,4.3418,4.4372,3.8885,4.1748,7533200,52.46,83.52,32.44,39.2,260
1995-07-28,4.1271,4.4134,4.1271,4.2941,4849500,54.65,83.52,32.44,43.48,260
1995-08-04,4.3895,4.3895,3.9124,3.9124,9594400,47.17,83.52,32.44,28.84,260
1995-08-11,3.9124,3.9964,3.9124,3.9601,3785400,48.13,83.52,32.44,30.71,260
1995-08-18,3.9601,4.2578,3.9238,4.1872,4594100,52.53,83.52,32.44,39.33,260
1995-08-25,4.2101,4.2349,3.9601,3.9964,2586700,48.78,83.52,32.44,32.0,260
1995-09-01,4.0555,4.0918,3.9601,3.9964,2930300,48.78,83.52,32.44,32.0,260
1995-09-08,3.9964,4.4134,3.9964,4.3895,4734200,56.24,83.52,32.44,46.59,260
1995-09-15,4.4372,4.4849,4.3055,4.4134,8724700,56.65,83.52,32.44,47.4,260
1995-09-22,4.4372,4.6281,4.4009,4.5803,7314500,59.53,83.52,32.44,53.03,260
1995-09-29,4.5803,4.6996,4.3895,4.6643,6061600,60.93,83.52,32.44,55.77,260
1995-10-06,4.6166,4.7826,4.6166,4.6758,4518500,61.13,83.52,32.44,56.16,260
1995-10-13,4.6281,4.7235,4.5212,4.6519,3109000,60.44,83.52,32.44,54.82,260
1995-10-20,4.6519,4.8428,4.6166,4.7349,3989700,62.04,83.52,32.44,57.95,260
1995-10-27,4.7349,5.2369,4.7235,5.0689,9959400,67.69,83.52,32.44,69.02,260
1995-11-03,5.129,5.5823,5.0689,5.5584,6414600,73.85,83.52,32.44,81.06,260
1995-11-10,5.5346,5.5708,5.38,5.4392,6409400,70.33,83.52,32.44,74.18,260
1995-11-17,5.4869,5.63,5.4392,5.5708,2924800,71.92,83.52,32.44,77.29,260
1995-11-24,5.5346,5.5823,5.2483,5.5231,3526400,70.45,83.52,32.44,74.41,260
1995-12-01,5.5346,6.0003,5.4277,5.8447,5843100,74.27,83.52,32.44,81.89,260
1995-12-08,5.8323,6.0003,5.7254,5.88,4710800,74.66,83.52,32.44,82.65,260
1995-12-15,5.964,6.2026,5.9277,6.2026,4397700,77.93,83.52,32.44,89.06,260
1995-12-22,6.1548,6.1548,5.5937,6.0003,5917900,71.68,83.52,32.44,76.82,260
1995-12-29,6.0232,6.2617,5.9401,6.2388,1466000,74.3,83.52,32.44,81.95,260
1996-01-05,6.2026,6.2503,5.9401,6.0003,4047600,67.57,83.52,32.44,68.78,260
1996-01-12,6.0003,6.0003,5.3552,5.4153,5531500,54.54,83.52,32.44,43.26,260
1996-01-19,5.4506,5.8686,5.4392,5.6415,4033200,57.92,83.52,32.44,49.88,260
1996-01-26,5.6186,5.9163,5.4277,5.9163,3358900,61.65,83.52,32.44,57.18,260
1996-02-02,5.9163,6.0957,5.8209,6.0594,3865800,63.47,83.52,32.44,60.74,260
1996-02-09,6.0117,6.298,5.7617,6.1548,6153700,64.67,83.52,32.44,63.09,260
1996-02-16,6.2503,6.5127,6.1663,6.2026,4450500,65.28,83.52,32.44,64.3,260
1996-02-23,6.1787,6.2503,6.0594,6.214,2564400,65.44,83.52,32.44,64.6,260
1996-03-01,6.2026,6.5842,5.964,6.3819,4604800,67.72,83.52,32.44,69.07,260
1996-03-08,6.3819,6.4297,5.9525,5.964,3842000,57.53,83.52,32.44,49.13,260
1996-03-15,5.8686,6.1548,5.8447,5.9048,4466200,56.24,83.52,32.44,46.6,260
1996-03-22,5.9277,6.048,5.797,5.88,2856900,55.68,83.52,32.44,45.5,260
1996-03-29,5.9878,6.0003,5.7254,5.8715,2610700,55.47,83.52,32.44,45.1,260
1996-04-04,6.0385,6.134,5.8829,5.9669,3301500,57.37,83.52,32.44,48.81,260
1996-04-12,5.8237,5.9192,5.4896,5.7875,4465700,52.81,83.52,32.44,39.88,260
1996-04-19,5.8352,5.9784,5.5373,5.7283,4901700,51.36,83.52,32.44,37.05,260
1996-04-26,5.7283,5.7283,5.5134,5.5736,5078000,47.68,83.52,32.44,29.83,260
1996-05-03,5.5736,5.6442,5.3827,5.4304,4826600,44.5,83.52,32.44,23.6,260
1996-05-10,5.4533,5.4657,5.0838,5.0962,10191500,38.1,83.52,32.44,11.09,260
1996-05-17,5.1316,5.3702,5.0962,5.2748,5437700,42.83,83.52,32.44,20.34,260
1996-05-24,5.2872,5.3101,5.0361,5.0714,5119100,39.16,81.49,32.44,13.71,260
1996-05-31,5.0838,5.2509,4.9053,5.2394,4470200,43.47,81.49,32.44,22.49,260
1996-06-07,5.227,5.3101,4.9884,5.0361,6658100,39.8,81.49,32.44,15.0,260
1996-06-14,5.0122,5.144,4.7974,4.9884,8133000,38.96,81.49,32.44,13.3,260
1996-06-21,5.0122,5.06,4.5826,4.6542,8903800,33.66,81.49,32.44,2.49,260
1996-06-28,4.6542,4.8805,4.5712,4.8213,5336700,38.19,81.49,32.44,11.73,260
1996-07-05,4.8213,4.8805,4.5826,4.6303,4044100,35.23,81.49,32.44,5.69,260
1996-07-12,4.6065,4.6542,2.8641,3.162,31393000,21.45,81.49,21.45,0.0,260
1996-07-19,3.1983,3.3415,3.0312,3.2575,11494200,23.55,81.49,21.45,3.49,260
1996-07-26,3.2575,3.33,3.0551,3.1983,5799100,23.13,81.49,21.45,2.8,260
1996-08-02,3.1983,3.3654,3.1505,3.3529,7569300,26.74,81.49,21.45,8.81,260
1996-08-09,3.3654,3.8427,3.3529,3.7826,11500600,35.75,81.49,21.45,23.82,260
1996-08-16,3.795,3.8074,3.5324,3.7119,4573500,34.99,81.49,21.45,22.55,260
1996-08-23,3.7348,3.8666,3.6394,3.8074,3686400,36.95,81.49,21.45,25.81,260
1996-08-30,3.7826,3.8427,3.6394,3.6871,3960100,35.5,81.49,21.45,23.39,260
1996-09-06,3.6518,3.878,3.6279,3.6995,6339600,35.78,81.49,21.45,23.86,260
1996-09-13,3.6995,4.1053,3.6518,4.0461,6742500,43.19,81.49,21.45,36.21,260
1996-09-20,4.0938,4.2599,3.9859,4.0575,5326400,43.42,81.49,21.45,36.6,260
1996-09-27,4.0336,4.0938,3.9029,3.9143,3807000,41.16,81.49,21.45,32.82,260
1996-10-04,3.9143,4.0575,3.7826,3.9029,4385300,40.97,81.49,21.45,32.51,260
1996-10-11,3.8904,3.9029,3.6518,3.6995,4834300,37.74,81.49,21.45,27.13,260
1996-10-18,3.7119,3.8551,3.6756,3.8074,5179300,40.42,81.49,21.45,31.6,260
1996-10-25,3.7826,3.8188,3.3529,3.437,7207100,34.87,81.49,21.45,22.34,260
1996-11-01,3.4608,3.6642,3.437,3.6279,5740300,39.49,81.49,21.45,30.04,260
1996-11-08,3.6394,4.2962,3.5086,4.153,9010700,49.99,81.49,21.45,47.54,260
1996-11-15,4.1644,4.2847,4.1053,4.153,4031500,49.99,81.49,21.45,47.54,260
1996-11-22,4.1644,4.2485,3.962,4.2007,4323300,50.89,81.49,21.45,49.03,260
1996-11-29,4.1893,4.3554,4.069,4.1167,2348800,49.21,81.49,21.45,46.24,260
1996-12-06,4.1167,4.6781,4.0461,4.5234,7789900,56.66,81.49,21.45,58.64,260
1996-12-13,4.4986,4.5712,4.2485,4.2723,4621400,51.63,81.49,21.45,50.26,260
1996-12-20,4.3678,4.5587,4.3439,4.4757,5389900,55.1,81.49,21.45,56.05,260
1996-12-27,4.4155,4.5349,4.3678,4.3802,1401300,53.17,81.49,21.45,52.83,260
1997-01-03,4.3802,4.4633,4.2007,4.4394,2769600,54.24,81.49,21.45,54.62,260
1997-01-10,4.4394,4.4986,4.2962,4.3917,6571300,53.18,81.49,21.45,52.86,260
1997-01-17,4.3678,4.4031,4.069,4.1291,7119600,47.68,77.93,21.45,46.44,260
1997-01-24,4.1415,4.5349,4.1167,4.5234,6710500,55.18,77.93,21.45,59.72,260
1997-01-31,4.5234,4.6895,4.3325,4.6542,5656400,57.36,77.93,21.45,63.59,260
1997-02-07,4.6418,4.6666,4.3201,4.4633,5628900,53.28,77.93,21.45,56.36,260
1997-02-14,4.511,5.2032,4.4155,5.1917,13286100,63.85,77.93,21.45,75.07,260
1997-02-21,5.1077,5.144,4.8452,4.8929,5577300,58.05,77.93,21.45,64.8,260
1997-02-28,4.869,4.9282,4.7621,4.7735,4515600,55.87,77.93,21.45,60.94,260
1997-03-07,4.7735,5.144,4.7373,5.1316,5896600,60.65,77.93,21.45,69.4,260
1997-03-14,5.0838,5.2748,5.0714,5.1554,6318000,60.95,77.93,21.45,69.94,260
1997-03-21,5.1554,5.1917,4.8213,4.8805,3891600,55.63,77.93,21.45,60.51,260
1997-03-27,4.8213,5.2146,4.7974,4.8213,3805100,54.52,77.93,21.45,58.55,260
1997-04-04,4.7974,4.8606,4.5463,4.7879,4902100,53.87,77.93,21.45,57.41,260
1997-04-11,4.7879,5.0745,4.7173,4.8243,5381900,54.51,77.93,21.45,58.53,260
1997-04-18,4.8243,4.9312,4.4421,4.5014,6643400,48.16,77.93,21.45,47.29,260
1997-04-25,4.4421,4.5138,4.1794,4.2511,7210700,43.89,77.93,21.45,39.73,260
1997-05-02,4.275,4.7287,4.2396,4.6695,5590700,51.61,77.93,21.45,53.4,260
1997-05-09,4.6447,5.1108,4.6217,4.8357,9719800,54.3,77.93,21.45,58.16,260
1997-05-16,4.8959,5.0516,4.8004,4.8606,4174400,54.71,77.93,21.45,58.88,260
1997-05-23,4.872,4.9914,4.8357,4.9437,2837500,56.11,77.93,21.45,61.36,260
1997-05-30,4.9312,5.3974,4.9198,5.3974,3813100,62.87,77.93,21.45,73.33,260
1997-06-06,5.3735,5.4213,5.1223,5.2178,6379500,59.0,77.93,21.45,66.48,260
1997-06-13,5.2178,5.4089,5.2064,5.386,4884600,61.39,77.93,21.45,70.72,260
1997-06-20,5.1347,5.2427,4.9561,5.2427,7003400,58.27,77.93,21.45,65.18,260
1997-06-27,5.1825,5.2904,4.9914,5.0153,8140500,53.6,77.93,21.45,56.93,260
1997-07-03,5.0153,5.1051,4.9198,5.0631,4800600,54.43,77.93,21.45,58.39,260
1997-07-11,5.087,5.1825,4.7765,4.9437,6960500,51.94,77.93,21.45,53.98,260
1997-07-18,4.9198,5.1825,4.8481,5.0631,5774000,54.19,77.93,21.45,57.97,260
1997-07-25,5.0392,5.4633,5.0335,5.3134,5872100,58.58,77.93,21.45,65.74,260
1997-08-01,5.2904,5.4567,5.2121,5.3974,3821700,59.97,77.93,21.45,68.2,260
1997-08-08,5.4691,5.7432,4.6867,4.9437,19417100,50.2,77.93,21.45,50.9,260
1997-08-15,4.9675,4.9675,4.5969,4.7708,9090900,47.05,77.93,21.45,45.33,260
1997-08-22,4.7708,4.8663,4.6447,4.7469,4857600,46.62,77.93,21.45,44.56,260
1997-08-29,4.7708,4.7765,4.574,4.6447,3560000,44.71,77.93,21.45,41.19,260
1997-09-05,4.681,5.1108,4.681,5.0631,5374600,53.15,77.93,21.45,56.12,260
1997-09-12,5.0927,5.1768,4.9437,5.1223,5370500,54.21,77.93,21.45,58.01,260
1997-09-19,5.1586,5.2303,5.0812,5.1529,3293100,54.78,77.93,21.45,59.02,260
1997-09-26,5.1529,5.1882,4.7048,4.7708,5543000,46.91,77.93,21.45,45.07,260
1997-10-03,4.7106,4.9312,4.5854,4.6332,9042600,44.43,77.93,21.45,40.69,260
1997-10-10,4.6695,5.1347,4.4784,4.9494,8520300,50.85,77.93,21.45,52.06,260
1997-10-17,4.9494,5.0449,4.8357,4.9561,3127000,50.98,77.93,21.45,52.29,260
1997-10-24,5.0631,5.1223,4.9255,4.9312,3238900,50.45,77.93,21.45,51.35,260
1997-10-31,4.3944,4.6332,4.0543,4.424,11635800,41.07,77.93,21.45,34.73,260
1997-11-07,4.508,5.1586,4.466,5.0631,7469800,52.94,77.93,21.45,55.76,260
1997-11-14,5.1108,5.1223,4.914,5.087,2479900,53.32,77.93,21.45,56.43,260
1997-11-21,5.1223,5.2303,4.979,5.0812,2784200,53.21,77.93,21.45,56.24,260
1997-11-28,5.0631,5.0631,4.8606,4.9733,3195300,51.06,77.93,21.45,52.43,260
1997-12-05,5.0153,5.0745,4.8835,4.9618,3027900,50.83,77.93,21.45,52.02,260
1997-12-12,4.9733,5.0335,4.6695,4.6991,3992100,45.65,77.93,21.45,42.84,260
1997-12-19,4.7048,4.7822,4.4784,4.5434,5456700,42.86,77.93,21.45,37.91,260
1997-12-26,4.5615,4.5854,4.3705,4.5319,2794600,42.65,77.93,21.45,37.54,260
1998-01-02,4.5377,4.8424,4.5262,4.7469,2385900,47.74,77.93,21.45,46.55,260
1998-01-09,4.7469,4.872,4.6275,4.7287,5096400,47.36,77.93,21.45,45.87,260
1998-01-16,4.5854,4.7526,4.4842,4.5969,5678200,44.57,77.93,21.45,40.93,260
1998-01-23,4.6093,4.6447,4.4784,4.5195,3942500,42.97,77.93,21.45,38.1,260
1998-01-30,4.5195,4.8959,4.4479,4.8959,4196500,51.99,77.93,21.45,54.08,260
1998-02-06,5.0516,5.0812,4.8959,4.9914,4004600,53.98,77.93,21.45,57.6,260
1998-02-13,4.9675,5.6363,4.9675,5.5589,9083300,63.63,77.93,21.45,74.68,260
1998-02-20,5.535,5.6601,5.4032,5.6,5068000,64.22,77.93,21.45,75.72,260
1998-02-27,5.5942,5.899,5.5828,5.7977,4945600,66.97,77.93,21.45,80.59,260
1998-03-06,5.7318,6.198,5.7261,6.1139,6065300,70.83,77.93,21.45,87.44,260
1998-03-13,6.1024,6.412,6.0958,6.2629,5465200,72.47,77.93,21.45,90.33,260
1998-03-20,6.239,6.3346,6.1139,6.1254,3029400,68.64,77.93,21.45,83.56,260
1998-03-27,6.1024,6.4244,6.048,6.2935,3924600,70.68,77.93,21.45,87.17,260
1998-04-03,6.2362,6.6902,6.0689,6.6663,5718700,74.62,77.93,21.45,94.14,260
1998-04-09,6.6663,6.7141,6.4809,6.6959,2746000,74.91,77.93,21.45,94.65,260
1998-04-17,6.6787,6.9291,6.6003,6.672,3803700,74.17,77.93,21.45,93.35,260
1998-04-24,6.6605,6.7379,6.3853,6.392,3185500,66.03,77.93,21.45,78.93,260
1998-05-01,6.2123,6.7857,6.1167,6.6538,5445500,69.41,77.93,21.45,84.92,260
1998-05-08,6.6538,6.9769,6.6061,6.9406,4201600,72.63,77.93,21.45,90.61,260
1998-05-15,6.9176,7.0667,6.7198,6.7198,4194700,66.81,77.93,21.45,80.31,260
1998-05-22,6.7198,6.7198,6.2362,6.3375,4646900,58.12,77.93,21.45,64.93,260
1998-05-29,6.3671,6.3671,5.7822,6.1167,12838400,53.77,77.93,21.45,57.23,260
1998-06-05,6.0689,6.0928,5.8835,6.0097,5850700,51.75,77.93,21.45,53.65,260
1998-06-12,6.045,6.1884,5.9848,6.1053,4281200,53.43,77.93,21.45,56.63,260
1998-06-19,6.1053,6.1282,5.8539,6.0575,5485900,52.45,77.93,21.45,54.88,260
1998-06-26,6.0326,6.2362,5.8893,6.2362,3918000,55.74,77.93,21.45,60.7,260
1998-07-02,6.2964,6.3557,6.0575,6.218,4186000,55.32,77.93,21.45,59.96,260
1998-07-10,6.2123,6.2305,5.9848,6.0747,3693600,52.0,77.93,21.45,54.09,260
1998-07-17,6.1406,6.1406,5.6981,5.937,4625700,48.96,77.93,21.45,48.71,260
1998-07-24,5.9141,5.9141,5.3521,5.4238,6350100,39.66,77.93,21.45,32.24,260
1998-07-31,5.3999,5.5672,5.2202,5.3999,6469600,39.28,77.93,21.45,31.58,260
1998-08-07,5.3999,5.507,3.1176,3.4703,33346500,21.58,77.93,21.45,0.22,260
1998-08-14,3.5123,3.5601,2.8252,2.9924,27986400,19.26,77.93,19.26,0.0,260
1998-08-21,3.0163,3.2791,2.9924,3.2552,18300900,24.09,77.93,19.26,8.22,260
1998-08-28,3.2495,3.4168,3.2017,3.411,11192900,26.88,77.93,19.26,12.98,260
1998-09-04,3.3929,3.7991,3.3871,3.4407,9275000,27.42,77.93,19.26,13.91,260
1998-09-11,3.4645,3.5601,3.2973,3.4407,4946900,27.42,77.93,19.26,13.91,260
1998-09-18,3.4407,3.972,3.4407,3.9424,5075900,36.71,77.93,19.26,29.74,260
1998-09-25,3.9185,3.9778,3.5544,3.5955,5082000,33.52,77.93,19.26,24.3,260
1998-10-02,3.6318,3.6433,3.1903,3.5181,7787800,32.83,77.93,19.26,23.13,260
1998-10-09,3.4884,3.7513,3.3336,3.5477,7261100,33.39,77.93,19.26,24.08,260
1998-10-16,3.5725,3.8411,3.477,3.7035,2567300,36.4,77.93,19.26,29.22,260
1998-10-23,3.7752,3.8115,3.4884,3.4942,5689800,34.17,77.93,19.26,25.41,260
1998-10-30,3.4942,4.1938,3.4349,4.1097,7179000,44.89,77.93,19.26,43.69,260
1998-11-06,4.1097,4.7548,4.0734,4.7491,8147300,53.38,77.93,19.26,58.16,260
1998-11-13,4.7309,4.7605,4.3008,4.3304,3665300,48.15,77.93,19.26,49.24,260
1998-11-20,4.3486,4.8379,4.146,4.5875,5914000,51.31,77.93,19.26,54.63,260
1998-11-27,4.5875,4.5875,4.2052,4.4442,2670300,49.5,77.93,19.26,51.54,260
1998-12-04,4.3964,4.5933,4.2052,4.4681,3739000,49.82,77.93,19.26,52.08,260
1998-12-11,4.5283,4.7309,4.0141,4.3247,11263200,47.87,77.93,19.26,48.77,260
1998-12-18,4.3008,4.3247,3.972,4.1393,4783500,45.4,77.93,19.26,44.55,260
1998-12-24,4.1154,4.3371,4.1039,4.2645,2125600,47.38,77.93,19.26,47.92,260
1998-12-31,4.2052,4.4079,4.1097,4.1154,2139900,45.28,77.93,19.26,44.34,260
1999-01-08,4.1814,4.6353,4.1814,4.3486,5607100,49.08,77.93,19.26,50.82,260
1999-01-15,4.2893,4.4681,4.0619,4.319,5020100,48.62,77.93,19.26,50.03,260
1999-01-22,4.3725,4.3725,3.9243,4.2052,3243700,46.79,77.93,19.26,46.93,260
1999-01-29,4.1938,4.3304,3.7694,4.2769,7261900,48.11,77.93,19.26,49.18,260
1999-02-05,4.2769,4.599,4.2769,4.3247,5357900,49.02,77.93,19.26,50.73,260
1999-02-12,4.2769,4.319,3.972,4.2588,3170100,47.78,77.93,19.26,48.61,260
1999-02-19,4.2588,4.6114,4.2588,4.492,5074800,52.37,77.93,19.26,56.44,260
1999-02-26,4.492,4.7309,4.4203,4.7127,6855500,56.3,77.93,19.26,63.13,260
1999-03-05,4.707,4.9995,4.6946,4.9278,7591200,59.77,77.93,19.26,69.05,260
1999-03-12,4.9039,5.1973,4.88,5.0234,3095500,61.25,77.93,19.26,71.56,260
1999-03-19,5.0176,5.2269,5.0176,5.1247,3703000,62.8,77.93,19.26,74.22,260
1999-03-26,5.0893,5.1935,4.9937,5.0062,2215000,59.78,77.93,19.26,69.06,260
1999-04-01,4.9641,5.1458,4.9402,5.0444,2807100,60.44,77.93,19.26,70.19,260
1999-04-09,5.0205,5.1219,4.2737,4.5309,9351700,48.82,77.93,19.26,50.38,260
1999-04-16,4.5309,4.7872,4.3396,4.7872,8073800,53.61,77.93,19.26,58.55,260
1999-04-23,4.835,5.2175,4.835,5.1525,6294900,59.44,77.93,19.26,68.49,260
1999-04-30,5.164,5.4327,5.1104,5.3667,4576700,62.43,77.93,19.26,73.58,260
1999-05-07,5.3552,5.9472,5.3552,5.6421,5358900,65.9,77.93,19.26,79.49,260
1999-05-14,5.6306,5.8334,5.469,5.4747,4220600,62.14,77.93,19.26,73.09,260
1999-05-21,5.469,6.3832,5.2711,6.0246,7325200,68.5,77.93,19.26,83.92,260
1999-05-28,6.0246,6.0485,5.5579,5.5761,4532800,59.69,77.93,19.26,68.92,260
1999-06-04,5.4805,6.3058,5.4145,6.2933,4491200,67.0,77.93,19.26,81.37,260
1999-06-11,6.3115,6.6825,6.1566,6.6701,5798400,70.07,77.93,19.26,86.6,260
1999-06-18,6.6223,6.694,6.3058,6.3957,4994900,65.3,77.93,19.26,78.48,260
1999-06-25,6.3957,6.4186,5.7798,5.7798,3783900,56.09,77.93,19.26,62.77,260
1999-07-02,5.8812,6.1977,5.7616,5.8869,4439400,57.22,77.93,19.26,64.7,260
1999-07-09,5.9051,6.0361,5.7741,5.7913,1946800,55.84,77.93,19.26,62.34,260
1999-07-16,5.797,5.8926,5.2711,5.8515,5238900,56.55,77.93,19.26,63.56,260
1999-07-23,5.863,6.0963,5.6364,5.9529,3770300,57.78,77.93,19.26,65.66,260
1999-07-30,5.9405,6.3775,5.8334,5.8334,2932400,55.77,77.93,19.26,62.23,260
1999-08-06,5.8334,6.0543,5.2835,5.9175,6967600,56.91,77.93,19.26,64.17,260
1999-08-13,5.9175,6.061,5.4145,6.0189,4513500,58.3,77.93,19.26,66.54,260
1999-08-20,6.0189,6.1317,5.9108,5.9768,3683900,57.47,77.93,19.26,65.13,260
1999-08-27,5.9768,6.0839,5.8993,5.9175,2242600,56.26,77.93,19.26,63.06,260
1999-09-03,5.8926,6.1384,5.7263,6.1145,2914400,59.33,77.93,19.26,68.3,260
1999-09-10,6.0485,6.1566,5.7377,5.7492,2146100,52.03,77.93,19.26,55.85,260
1999-09-17,5.8334,6.0485,5.7674,5.8276,5524300,53.36,77.93,19.26,58.11,260
1999-09-24,5.7798,5.9472,5.3017,5.5943,5352800,49.01,77.93,19.26,50.71,260
1999-10-01,5.5943,5.929,3.9868,4.375,15551200,33.61,77.93,19.26,24.46,260
1999-10-08,4.2555,4.2794,3.7659,4.0403,14336200,30.75,77.93,19.26,19.59,260
1999-10-15,4.0881,4.1838,3.7955,4.1302,5769400,32.41,77.93,19.26,22.42,260
1999-10-22,4.1302,4.8053,4.0346,4.6437,5861200,41.11,77.93,19.26,37.24,260
1999-10-29,4.6198,5.1343,4.6084,4.9431,4169500,45.51,77.93,19.26,44.74,260
1999-11-05,5.0683,5.3495,4.9191,5.0263,8355500,46.7,77.93,19.26,46.77,260
1999-11-12,5.0444,5.2835,4.9966,5.0922,4456300,47.68,77.93,19.26,48.44,260
1999-11-19,5.0922,5.5943,5.0922,5.3256,5740300,51.09,77.93,19.26,54.26,260
1999-11-26,5.3313,5.4747,4.9545,4.9545,2498200,45.96,77.93,19.26,45.5,260
1999-12-03,4.9488,5.3916,4.7575,5.1697,4265600,49.15,77.93,19.26,50.94,260
1999-12-10,5.1525,5.206,4.7279,4.8713,2999800,45.16,77.93,19.26,44.15,260
1999-12-17,4.8656,5.0569,4.6801,4.8532,4190100,44.92,77.93,19.26,43.74,260
1999-12-23,4.835,4.9191,4.6915,4.8723,2697700,45.25,77.93,19.26,44.3,260
1999-12-31,4.8885,5.1219,4.8828,5.0798,2286600,48.82,77.93,19.26,50.38,260
2000-01-07,5.0798,5.8812,5.032,5.863,6431500,59.53,77.93,19.26,68.64,260
2000-01-14,5.9108,6.0064,5.6125,5.8926,5247100,59.87,77.93,19.26,69.22,260
2000-01-21,5.7616,5.8334,5.5226,5.5828,4322900,54.67,77.93,19.26,60.35,260
2000-01-28,5.4872,5.5522,4.9966,5.032,6065600,46.87,77.93,19.26,47.05,260
2000-02-04,5.032,5.4327,5.0263,5.4269,4544300,52.14,77.93,19.26,56.04,260
2000-02-11,5.3552,5.7798,5.14,5.3552,8406600,51.15,77.93,19.26,54.35,260
2000-02-18,5.4145,6.1862,5.3916,5.535,8520500,53.53,77.93,19.26,58.42,260
2000-02-25,5.5465,5.7014,4.835,4.901,4788200,45.15,77.93,19.26,44.13,260
2000-03-03,4.8771,5.2959,4.7633,5.206,5017800,49.27,77.93,19.26,51.15,260
2000-03-10,5.1936,5.1936,4.4353,4.8656,4559300,45.19,77.93,19.26,44.2,260
2000-03-17,4.6858,5.164,4.6858,4.9364,5492900,46.19,77.93,19.26,45.9,260
2000-03-24,4.9612,5.5044,4.9431,5.4929,3778200,53.37,77.93,19.26,58.14,260
2000-03-31,5.4327,5.7111,5.2118,5.7044,3041300,55.78,77.93,19.26,62.25,260
2000-04-07,5.6814,5.9799,5.5255,5.9082,3958700,58.04,77.93,19.26,66.1,260
2000-04-14,5.9914,6.5904,5.9206,6.1177,5872900,60.28,77.93,19.26,69.92,260
2000-04-20,6.0641,6.5358,5.9082,6.422,3054200,63.35,77.93,19.26,75.14,260
2000-04-28,6.4583,6.6736,6.333,6.3808,4986900,62.64,77.93,19.26,73.94,260
2000-05-05,6.3205,6.3626,5.7647,6.0335,7845300,56.9,77.93,19.26,64.15,260
2000-05-12,6.0335,6.8592,5.9914,6.8296,6560700,64.85,77.93,19.26,77.71,260
2000-05-19,6.8889,7.5165,6.8889,7.308,7213600,68.6,77.93,19.26,84.11,260
2000-05-26,7.3558,7.5826,7.1338,7.2601,7777000,67.82,77.93,19.26,82.78,260
2000-06-02,7.3309,7.5051,7.0917,7.1644,3927300,66.2,77.93,19.26,80.02,260
2000-06-09,7.1644,7.439,6.9367,7.3615,4103900,67.91,77.93,19.26,82.92,260
2000-06-16,7.3615,7.971,7.2716,7.7261,7300900,70.83,77.93,19.26,87.9,260
2000-06-23,7.8036,7.9299,7.595,7.6428,4077800,69.28,77.93,19.26,85.25,260
2000-06-30,7.6543,8.5154,7.4515,8.2045,6753200,73.5,77.93,19.26,92.45,260
2000-07-07,8.1748,8.7967,8.1624,8.5872,4626700,75.92,77.93,19.26,96.58,260
2000-07-14,8.5154,8.6408,7.9653,8.0849,6099700,67.22,77.93,19.26,81.75,260
2000-07-21,8.0849,8.3776,7.8093,8.1327,5025000,67.6,77.93,19.26,82.4,260
2000-07-28,8.0849,8.1384,7.4744,7.7682,5539400,61.72,77.93,19.26,72.37,260
2000-08-04,7.8036,8.4197,7.7682,8.3901,5068700,67.0,77.93,19.26,81.37,260
2000-08-11,8.4437,8.8503,8.1805,8.8264,4447100,70.11,77.93,19.26,86.67,260
2000-08-18,8.8503,9.0531,8.635,8.7431,3784200,68.78,77.93,19.26,84.4,260
2000-08-25,8.7431,9.0053,8.5393,8.5872,3485700,66.24,77.93,19.26,80.07,260
2000-09-01,8.6111,9.1737,8.5872,8.9881,3006300,69.37,77.93,19.26,85.41,260
2000-09-08,8.9938,9.078,8.6475,8.6589,2518100,64.11,77.93,19.26,76.45,260
2000-09-15,8.6589,9.2148,8.5814,8.8685,4603600,65.88,77.93,19.26,79.47,260
2000-09-22,8.8618,9.4005,8.7125,9.3584,5099600,69.66,77.93,19.26,85.9,260
2000-09-29,9.3765,9.6751,9.1488,9.4483,5004500,70.31,77.93,19.26,87.01,260
2000-10-06,9.4722,10.3276,9.3048,9.8492,5025900,73.07,77.93,19.26,91.73,260
2000-10-13,9.8492,10.2797,9.6397,9.9391,5916600,73.67,77.93,19.26,92.74,260
2000-10-20,10.0826,10.716,9.7889,10.0759,7914400,74.58,77.93,19.26,94.3,260
2000-10-27,10.0166,10.6443,9.8846,10.495,7340200,77.2,77.93,19.26,98.76,260
2000-11-03,10.6682,11.1944,9.9745,10.1534,8092100,70.8,77.93,19.26,87.85,260
2000-11-10,10.2376,10.9552,10.1783,10.8117,7487200,75.09,77.93,19.26,95.16,260
2000-11-17,10.8596,11.2844,10.3697,11.0452,7507900,76.41,77.93,19.26,97.41,260
2000-11-24,10.9074,11.1581,10.561,11.0088,5651300,75.74,77.93,19.26,96.26,260
2000-12-01,10.9495,11.5236,10.6979,11.0988,6889200,76.29,77.93,19.26,97.21,260
2000-12-08,11.1351,11.6307,10.9916,11.4097,4882600,78.16,78.16,19.26,100.0,260
2000-12-15,11.4097,11.6365,10.8892,11.2423,6803700,74.75,78.16,19.26,94.2,260
2000-12-22,11.2184,11.7207,10.9438,11.4336,5629000,76.04,78.16,19.26,96.39,260
2000-12-29,11.4336,12.1397,11.2901,11.7455,4293350,78.01,78.16,19.26,99.73,260
2001-01-05,11.7685,11.9005,10.1056,10.3218,11885700,55.55,78.16,19.26,61.61,260
2001-01-12,10.2855,10.9438,10.2147,10.3697,8616100,56.01,78.16,19.26,62.39,260
2001-01-19,10.3697,10.6089,9.6636,9.8664,10775400,50.15,78.16,19.26,52.45,260
2001-01-26,10.142,11.6728,10.0941,11.4451,9874100,63.17,78.16,19.26,74.54,260
2001-02-02,11.4451,11.8776,10.5094,11.692,11848300,64.72,78.16,19.26,77.17,260
2001-02-09,11.6709,12.3158,11.1466,11.204,11757300,59.39,78.16,19.26,68.13,260
2001-02-16,11.3571,11.625,10.762,10.8902,10903000,56.19,78.16,19.26,62.7,260
2001-02-23,11.1657,11.1944,10.1362,10.3965,7733400,51.49,78.16,19.26,54.71,260
2001-03-02,10.5783,11.6709,10.4673,11.6326,9759900,60.42,78.16,19.26,69.88,260
2001-03-09,11.6326,11.8642,11.2518,11.6709,7679800,60.66,78.16,19.26,70.29,260
2001-03-16,11.5197,11.5963,10.6491,10.6816,9534200,51.85,78.16,19.26,55.34,260
2001-03-23,10.7447,11.1198,9.6731,10.429,12837400,49.86,78.16,19.26,51.96,260
2001-03-30,10.4768,11.43,10.4768,11.3458,11058100,56.4,78.16,19.26,63.06,260
2001-04-06,11.3458,11.6789,11.0854,11.2845,12161800,55.88,78.16,19.26,62.17,260
2001-04-12,11.3917,11.4779,10.8173,11.1868,11071800,55.0,78.16,19.26,60.68,260
2001-04-20,11.3324,11.677,11.026,11.5276,10101700,57.51,78.16,19.26,64.94,260
2001-04-27,11.6272,12.9042,11.4108,12.4868,10786400,63.66,78.16,19.26,75.37,260
2001-05-04,12.5404,12.7128,11.4491,11.7076,16493700,56.51,78.16,19.26,63.23,260
2001-05-11,11.6789,11.7038,10.9609,11.1907,12432100,52.31,78.16,19.26,56.11,260
2001-05-18,11.3055,11.7268,10.7312,10.8595,11019800,49.76,78.16,19.26,51.78,260
2001-05-25,10.7139,10.9226,10.0515,10.4248,24355300,46.55,78.16,19.26,46.33,260
2001-06-01,10.5589,11.093,10.1664,10.8556,11745500,49.99,78.16,19.26,52.18,260
2001-06-08,10.8556,11.296,10.7159,11.1486,8663500,52.24,78.16,19.26,56.0,260
2001-06-15,11.1428,11.2385,10.6259,10.9399,9696100,50.5,78.16,19.26,53.04,260
2001-06-22,10.9514,11.788,10.9169,11.7114,8105800,56.31,78.16,19.26,62.9,260
2001-06-29,11.8129,12.1556,11.744,11.8225,9673000,57.09,78.16,19.26,64.22,260
2001-07-06,11.8665,12.0465,11.6789,11.855,7168400,57.33,78.16,19.26,64.63,260
2001-07-13,11.9852,12.6343,11.9086,12.596,8753000,62.48,78.16,19.26,73.38,260
2001-07-20,12.5864,12.9061,12.215,12.6017,8202700,62.52,78.16,19.26,73.45,260
2001-07-27,12.7319,12.8755,12.1192,12.4447,5951000,60.72,78.16,19.26,70.39,260
2001-08-03,12.4907,13.0191,12.0637,12.3088,10636200,59.13,78.16,19.26,67.69,260
2001-08-10,12.2533,12.4237,12.0139,12.326,3967500,59.28,78.16,19.26,67.94,260
2001-08-17,12.4198,12.7721,12.37,12.5634,4038300,61.32,78.16,19.26,71.41,260
2001-08-24,12.5634,13.268,12.483,13.0401,6800900,65.1,78.16,19.26,77.83,260
2001-08-31,13.0401,13.402,12.8908,13.0306,9671600,64.97,78.16,19.26,77.6,260
2001-09-07,13.0306,13.2105,12.3777,12.5022,9023900,57.72,78.16,19.26,65.3,260
2001-09-10,12.5213,12.7587,12.5022,12.7128,1566400,59.65,78.16,19.26,68.58,260
2001-09-21,12.6362,12.6362,11.2577,11.4779,12841700,46.3,78.16,19.26,45.9,260
2001-09-28,11.8684,12.8659,11.6617,12.7319,15719200,56.86,78.16,19.26,63.84,260
2001-10-05,12.7357,13.2565,12.6649,13.1378,10372300,59.63,78.16,19.26,68.53,260
2001-10-12,13.1378,13.3522,12.6189,12.8449,8449300,56.8,78.16,19.26,63.73,260
2001-10-19,12.6534,13.268,12.6534,12.9444,8274200,57.53,78.16,19.26,64.98,260
2001-10-26,12.9444,13.3044,12.5596,12.9061,12162600,57.13,78.16,19.26,64.29,260
2001-11-02,13.0114,13.1148,12.3681,12.55,9051400,53.37,78.16,19.26,57.92,260
2001-11-09,12.6343,13.1378,12.0618,12.1633,10764400,49.56,78.16,19.26,51.44,260
2001-11-16,12.2341,12.6687,11.9508,12.529,5086500,52.98,78.16,19.26,57.25,260
2001-11-23,12.6936,13.7466,12.529,13.6356,9142700,61.49,78.16,19.26,71.69,260
2001-11-30,13.4307,13.8232,13.335,13.6796,8002700,61.79,78.16,19.26,72.2,260
2001-12-07,13.5035,13.8806,13.4748,13.8117,7047900,62.71,78.16,19.26,73.77,260
2001-12-14,13.7658,13.9381,12.9827,13.5858,9938900,60.03,78.16,19.26,69.22,260
2001-12-21,13.4403,13.7064,13.0344,13.2833,11981200,56.54,78.16,19.26,63.3,260
2001-12-28,13.3063,13.603,13.2833,13.5552,3329700,58.86,78.16,19.26,67.22,260
2002-01-04,13.5992,13.7734,13.2393,13.402,4184600,57.02,78.16,19.26,64.1,260
2002-01-11,13.4403,13.7907,13.1186,13.7371,6624100,59.97,78.16,19.26,69.11,260
2002-01-18,13.739,14.1506,13.739,13.896,7859100,61.32,78.16,19.26,71.41,260
2002-01-25,13.8519,14.321,13.739,14.2061,9097400,63.89,78.16,19.26,75.77,260
2002-02-01,14.1793,14.3593,13.7485,14.3535,9009500,65.08,78.16,19.26,77.79,260
2002-02-08,14.2636,14.4818,14.1008,14.2502,6816900,63.5,78.16,19.26,75.11,260
2002-02-15,14.2444,14.5029,14.0855,14.2272,7291600,63.14,78.16,19.26,74.49,260
2002-02-22,14.1697,14.3976,13.8615,14.3076,5852300,63.92,78.16,19.26,75.82,260
2002-03-01,14.3497,14.3784,13.6088,13.6413,9743700,53.72,78.16,19.26,58.5,260
2002-03-08,13.5571,13.7275,12.9904,13.6834,13781300,54.22,78.16,19.26,59.35,260
2002-03-15,13.6834,14.3363,13.6509,14.2731,9039600,60.6,78.16,19.26,70.19,260
2002-03-22,14.2731,14.4933,14.141,14.298,5964200,60.85,78.16,19.26,70.61,260
2002-03-28,14.1812,14.7098,14.1754,14.637,6214200,64.16,78.16,19.26,76.23,260
2002-04-05,14.5853,14.9013,14.3899,14.8323,6170700,65.95,78.16,19.26,79.26,260
2002-04-12,14.7193,15.066,14.614,14.7098,7812900,63.8,78.16,19.26,75.61,260
2002-04-19,14.7481,16.4757,14.5087,16.4297,16929200,75.75,78.16,19.26,95.9,260
2002-04-26,16.4297,17.1767,16.2708,16.4795,14253700,75.99,78.16,19.26,96.32,260
2002-05-03,16.4795,17.5713,16.2823,17.1518,12204400,79.09,79.09,19.26,100.0,260
2002-05-10,17.0522,17.4966,16.5389,16.8932,9714600,75.08,79.09,19.26,93.3,260
2002-05-17,16.8549,17.215,16.4508,16.9603,8818200,75.43,79.09,19.26,93.88,260
2002-05-24,16.6634,17.0752,16.3761,16.9411,8173100,75.1,79.09,19.26,93.34,260
2002-05-31,16.8932,17.5406,16.8358,17.3912,6981700,77.54,79.09,19.26,97.4,260
2002-06-07,17.238,18.1191,17.0656,18.0788,12383200,80.65,80.65,19.26,100.0,260
2002-06-14,18.0788,18.7492,17.4583,17.5713,13000100,72.65,80.65,19.26,86.97,260
2002-06-21,17.9084,18.6937,17.8222,17.9275,12191400,74.56,80.65,19.26,90.08,260
2002-06-28,17.9275,17.9294,16.7783,17.5349,15635200,68.86,80.65,19.26,80.8,260
2002-07-05,17.7743,17.8126,16.6826,17.5981,10365500,69.27,80.65,19.26,81.46,260
2002-07-12,17.8701,18.0482,16.4393,17.6441,15334200,69.58,80.65,19.26,81.97,260
2002-07-19,17.6919,18.4447,16.8205,16.8932,19623800,59.05,80.65,19.26,64.81,260
2002-07-26,16.8932,17.4295,15.6061,16.4202,19852000,53.55,80.65,19.26,55.86,260
2002-08-02,16.673,17.0886,16.0716,16.2976,15952700,52.19,80.65,19.26,53.65,260
2002-08-09,16.1846,17.0426,15.7153,16.9124,11934200,57.95,80.65,19.26,63.02,260
2002-08-16,16.7304,17.5042,16.5925,16.9718,9660500,58.47,80.65,19.26,63.87,260
2002-08-23,17.0197,17.7647,16.9545,17.284,7783400,61.18,80.65,19.26,68.29,260
2002-08-30,17.4487,17.4487,16.4316,16.922,6777300,56.56,80.65,19.26,60.77,260
2002-09-06,16.8492,16.8511,16.0945,16.5945,7790900,52.69,80.65,19.26,54.45,260
2002-09-13,16.5945,17.6077,16.5102,17.5828,6391000,61.3,80.65,19.26,68.49,260
2002-09-20,17.5828,17.8911,17.1039,17.2418,9947400,57.42,80.65,19.26,62.16,260
2002-09-27,17.2437,17.418,16.4757,16.74,12506100,52.18,80.65,19.26,53.62,260
2002-10-04,16.7017,17.6326,16.5485,17.2131,12634800,56.23,80.65,19.26,60.23,260
2002-10-11,17.1901,18.0463,17.1422,17.9065,13203500,61.4,80.65,19.26,68.65,260
2002-10-18,17.8758,19.2491,17.8528,19.1016,15985900,68.34,80.65,19.26,79.95,260
2002-10-25,19.1342,19.3449,18.0999,18.596,12436200,63.17,80.65,19.26,71.52,260
2002-11-01,18.5979,18.5979,17.0465,17.7532,15347600,55.61,80.65,19.26,59.21,260
2002-11-08,18.0597,18.4064,16.5696,16.6308,18831700,47.46,80.65,19.26,45.95,260
2002-11-15,16.9124,17.8988,16.3761,17.7934,13338200,54.84,80.65,19.26,57.96,260
2002-11-22,17.8222,17.9792,15.9203,16.2076,21786200,45.46,80.65,19.26,42.69,260
2002-11-29,15.8839,15.8839,14.3727,15.6004,27009300,42.47,80.65,19.26,37.81,260
2002-12-06,15.677,16.2267,14.6082,15.9643,20797600,44.82,80.65,19.26,41.63,260
2002-12-13,15.9662,16.1827,15.4759,15.6904,10251000,43.38,80.65,19.26,39.29,260
2002-12-20,15.6904,16.0505,15.3476,15.5314,11012000,42.53,80.65,19.26,37.91,260
2002-12-27,15.5908,16.2133,15.5525,15.7536,4403900,44.18,80.65,19.26,40.59,260
2003-01-03,15.7728,16.6826,15.61,16.583,7355400,49.95,80.65,19.26,49.99,260
2003-01-10,16.5485,16.6117,15.8494,15.9835,9356100,46.23,80.65,19.26,43.93,260
2003-01-17,15.859,16.2516,15.5142,16.1539,10339300,47.43,80.65,19.26,45.88,260
2003-01-24,16.1539,16.4814,15.8015,16.2439,11607800,48.08,80.65,19.26,46.95,260
2003-01-31,16.2152,16.8377,15.7747,16.8358,11725800,52.31,80.65,19.26,53.84,260
2003-02-07,16.8377,16.9986,16.0026,16.2133,12178700,47.89,80.65,19.26,46.65,260
2003-02-14,16.2574,16.4719,15.0162,15.3188,15382100,42.36,80.65,19.26,37.63,260
2003-02-21,15.3418,15.9164,15.3418,15.7421,8005800,45.57,80.65,19.26,42.85,260
2003-02-28,15.5621,15.993,15.1752,15.8781,10508700,46.59,80.65,19.26,44.53,260
2003-03-07,15.9547,16.4163,15.7823,16.3569,10486900,50.16,80.65,19.26,50.34,260
2003-03-14,16.3569,16.4968,15.7421,16.0198,9469000,47.74,80.65,19.26,46.4,260
2003-03-21,16.0773,17.2188,16.0467,17.2188,9864400,55.89,80.65,19.26,59.67,260
2003-03-28,17.2208,17.6536,16.8205,17.6536,9809000,58.42,80.65,19.26,63.79,260
2003-04-04,17.531,17.9813,17.1478,17.69,11267400,58.63,80.65,19.26,64.14,260
2003-04-11,17.8241,18.1058,17.3682,17.805,10793600,59.34,80.65,19.26,65.3,260
2003-04-17,17.805,18.2227,16.8987,17.5981,16384200,57.43,80.65,19.26,62.18,260
2003-04-25,17.6,17.8165,17.0137,17.3777,12238000,55.38,80.65,19.26,58.84,260
2003-05-02,17.3528,17.7992,17.1382,17.7513,12575200,58.11,80.65,19.26,63.29,260
2003-05-09,17.7897,18.0675,17.6268,17.9123,7439700,59.27,80.65,19.26,65.17,260
2003-05-16,17.8759,18.4219,17.6728,18.2801,10058400,61.86,80.65,19.26,69.39,260
2003-05-23,18.2322,18.8185,18.0656,18.2936,13030600,61.95,80.65,19.26,69.55,260
2003-05-30,18.2687,18.535,18.0349,18.3817,6857900,62.61,80.65,19.26,70.62,260
2003-06-06,18.4066,18.8722,17.9525,18.7496,9906800,65.31,80.65,19.26,75.02,260
2003-06-13,18.7515,19.6865,18.5618,19.332,9280900,69.12,80.65,19.26,81.22,260
2003-06-20,19.6194,20.1827,19.0611,19.3857,13333650,69.45,80.65,19.26,81.76,260
2003-06-27,19.2937,19.7267,18.8722,19.2439,12878000,67.39,80.65,19.26,78.4,260
2003-07-03,19.4661,19.7842,18.968,19.5083,7295100,69.22,80.65,19.26,81.39,260
2003-07-11,19.5696,20.3053,19.4891,19.6194,11410800,69.99,80.65,19.26,82.64,260
2003-07-18,19.6194,20.1022,18.1058,20.0946,24881300,73.07,80.65,19.26,87.66,260
2003-07-25,20.0946,21.1713,19.2515,20.7345,15744700,76.56,80.65,19.26,93.35,260
2003-08-01,20.6157,21.5545,19.7738,20.1176,22161900,67.48,80.65,19.26,78.55,260
2003-08-08,19.9643,20.2095,18.2054,19.1098,22599400,55.83,80.65,24.09,56.12,260
2003-08-15,19.1136,19.8225,19.1136,19.6232,9834700,59.65,80.65,26.88,60.95,260
2003-08-22,19.7727,20.0831,18.7074,18.7419,12041300,51.42,80.65,27.42,45.09,260
2003-08-29,18.7036,19.0829,18.374,18.9412,11862100,53.0,80.65,27.42,48.06,260
2003-09-05,18.968,19.2784,18.8147,19.0063,10487800,53.53,80.65,30.75,45.66,260
2003-09-12,19.0446,19.5236,18.9603,19.1213,10481000,54.51,80.65,30.75,47.62,260
2003-09-19,19.2515,19.5351,19.0063,19.1442,11742000,54.72,80.65,30.75,48.03,260
2003-09-26,19.1481,19.1749,18.3549,18.5196,12491000,48.34,80.65,30.75,35.24,260
2003-10-03,18.5924,20.3398,18.4622,20.1559,17058500,61.12,80.65,30.75,60.87,260
2003-10-10,20.1559,20.1942,19.5428,19.9911,9374700,59.53,80.65,30.75,57.67,260
2003-10-17,20.2133,20.7345,19.6577,20.6885,13267800,63.83,80.65,30.75,66.31,260
2003-10-24,20.8456,21.3208,20.4586,20.7881,12083500,64.42,80.65,30.75,67.47,260
2003-10-31,20.1176,20.6923,19.3972,19.4968,29979900,52.59,80.65,30.75,43.76,260
2003-11-07,19.6577,19.6884,18.2322,18.3357,22796600,44.65,80.65,30.75,27.85,260
2003-11-14,18.3051,19.2554,18.3051,19.037,15172700,49.6,80.65,30.75,37.77,260
2003-11-21,19.037,19.8455,18.7112,19.8187,16516900,54.48,80.65,30.75,47.56,260
2003-11-28,19.9068,21.0372,19.8838,20.654,9801700,59.05,80.65,30.75,56.72,260
2003-12-05,20.7115,21.1292,20.3398,20.4471,11891600,57.51,80.65,30.75,53.63,260
2003-12-12,20.4471,20.8878,20.1367,20.8724,9470100,59.83,80.65,30.75,58.28,260
2003-12-19,21.0755,21.6656,20.8188,21.4779,14055300,62.93,80.65,30.75,64.5,260
2003-12-26,21.5737,21.727,21.3208,21.6503,5606500,63.79,80.65,30.75,66.21,260
2004-01-02,21.727,22.7317,21.6503,22.6236,10405300,68.25,80.65,30.75,75.16,260
2004-01-09,21.8419,22.5125,21.248,21.8074,20491900,61.42,80.65,30.75,61.46,260
2004-01-16,21.8994,22.5317,21.5277,22.478,13062600,64.56,80.65,30.75,67.75,260
2004-01-23,22.5125,23.3019,22.2251,22.865,11593300,66.26,80.65,30.75,71.17,260
2004-01-30,22.865,23.3747,22.5853,23.3287,11021400,68.24,80.65,30.75,75.13,260
2004-02-06,23.3019,23.3479,22.2711,22.8459,12530400,64.04,80.65,30.75,66.71,260
2004-02-13,22.8957,23.0681,22.3745,22.865,19686400,64.13,80.65,30.75,66.9,260
2004-02-20,22.9915,23.6812,22.8765,23.39,11903400,66.71,80.65,30.75,72.07,260
2004-02-27,23.4896,23.8728,23.1831,23.7579,13335200,68.42,80.65,30.75,75.5,260
2004-03-05,23.7579,24.325,23.413,24.2062,15003400,70.42,80.65,30.75,79.5,260
2004-03-12,24.21,24.21,23.2214,23.6889,12143600,65.29,80.65,30.75,69.22,260
2004-03-19,23.5471,24.6009,23.5471,24.3212,11185900,68.33,80.65,30.75,75.31,260
2004-03-26,24.3212,24.5779,23.5433,23.7847,12262300,63.27,80.65,30.75,65.17,260
2004-04-02,24.0836,25.2029,23.9916,24.9652,10467500,68.75,80.65,30.75,76.16,260
2004-04-08,25.2067,25.7741,25.1569,25.4942,7870100,70.85,80.65,30.75,80.37,260
2004-04-16,25.6668,26.261,23.6656,25.0764,22816000,67.02,80.65,30.75,72.69,260
2004-04-23,25.0112,25.4329,24.2675,25.2834,15009700,67.94,80.65,30.75,74.54,260
2004-04-30,25.2872,25.3371,23.3857,23.5697,28605700,54.36,80.65,30.75,47.31,260
2004-05-07,23.5774,24.0068,23.1787,23.2055,17124600,51.98,80.65,30.75,42.54,260
2004-05-14,23.2055,24.1754,22.4694,23.9684,17277700,56.29,80.65,30.75,51.19,260
2004-05-21,23.7691,24.5205,23.5812,24.2291,16782100,57.69,80.65,30.75,53.99,260
2004-05-28,24.2291,25.0419,23.9608,25.015,19697800,61.67,80.65,30.75,61.98,260
2004-06-04,25.1109,25.3026,24.8003,24.9,12965200,60.77,80.65,30.75,60.17,260
2004-06-10,24.9192,25.222,24.4181,24.4821,9708500,57.48,80.65,30.75,53.58,260
2004-06-18,24.3441,24.6317,24.1908,24.5358,10623600,57.8,80.65,30.75,54.21,260
2004-06-25,24.5358,24.5358,23.2899,23.6656,17497200,51.16,80.65,30.75,40.91,260
2004-07-02,23.7001,23.8802,23.1173,23.3665,12399500,49.08,80.65,30.75,36.73,260
2004-07-09,23.2707,23.6196,22.7493,23.0982,11289500,47.22,80.65,30.75,33.0,260
2004-07-16,23.194,25.3277,22.9295,25.1645,21206900,59.84,80.65,30.75,58.3,260
2004-07-23,25.1109,25.3409,23.8457,24.1141,15928300,52.91,80.65,30.75,44.41,260
2004-07-30,24.0068,24.9844,23.0292,24.1141,37597600,52.91,80.65,30.75,44.41,260
2004-08-06,23.8112,24.2368,23.2745,23.5199,15127700,49.18,80.65,30.75,36.93,260
2004-08-13,23.5774,24.9192,23.4662,24.8808,14595100,56.71,80.65,30.75,52.03,260
2004-08-20,24.8118,25.1722,24.578,25.1377,9547700,57.98,80.65,30.75,54.57,260
2004-08-27,25.061,25.2489,24.7582,25.1645,7049500,58.12,80.65,30.75,54.85,260
2004-09-03,25.0725,25.9428,24.9575,25.7013,8851600,60.88,80.65,30.75,60.39,260
2004-09-10,25.7013,26.4718,25.7013,26.4028,9586600,64.21,80.65,30.75,67.05,260
2004-09-17,26.4527,27.0431,26.3415,26.767,13063000,65.83,80.65,30.75,70.31,260
2004-09-24,25.7511,27.5184,25.7511,27.3459,10393100,68.29,80.65,30.75,75.24,260
2004-10-01,27.3459,28.6571,27.1734,28.2775,20996800,71.81,80.65,32.41,81.69,260
2004-10-08,28.2775,28.8257,27.8443,28.1395,14710800,70.56,80.65,41.11,74.5,260
2004-10-15,28.197,28.7069,27.1772,28.1203,20736200,70.38,80.65,42.36,73.19,260
2004-10-22,28.0053,28.243,24.7697,26.7824,48501300,58.89,80.65,42.36,43.17,260
2004-10-29,26.5869,28.0705,26.2495,27.7561,20102700,63.55,80.65,42.36,55.35,260
2004-11-05,27.6795,30.5433,27.4418,30.4704,23605200,72.81,80.65,42.36,79.54,260
2004-11-12,30.3247,31.5132,30.2787,31.2448,18922500,74.78,80.65,42.36,84.68,260
2004-11-19,31.1873,31.8774,30.7541,31.3292,12165200,74.99,80.65,42.36,85.24,260
2004-11-26,31.0915,32.2838,30.9381,32.1572,6860200,77.04,80.65,42.36,90.58,260
2004-12-03,32.2339,32.3374,31.2525,31.5554,18365200,72.4,80.65,42.36,78.47,260
2004-12-10,31.0723,32.5675,30.3861,32.4985,17611200,74.95,80.65,42.36,85.12,260
2004-12-17,32.5751,33.5604,32.4601,32.7246,19661100,75.53,80.65,42.36,86.64,260
2004-12-23,32.8933,33.154,32.4064,32.5866,8703700,74.39,80.65,42.36,83.67,260
2004-12-31,32.8166,34.0281,32.6978,33.7482,7797600,77.47,80.65,42.36,91.7,260
2005-01-07,33.43,34.0128,32.6825,33.4415,13951500,74.91,80.65,42.36,85.02,260
2005-01-14,33.43,34.4,33.3955,34.3348,12240100,77.26,80.65,42.36,91.17,260
2005-01-21,34.0818,34.4805,32.7668,34.0626,16414200,74.96,80.65,42.36,85.14,260
2005-01-28,34.4268,34.446,33.2767,33.7942,12556200,72.65,80.65,42.36,79.12,260
2005-02-04,33.8901,35.1936,33.8671,35.1821,12833000,76.65,80.65,42.36,89.56,260
2005-02-11,34.8409,34.8409,33.315,33.6409,15941200,65.25,80.65,42.36,59.78,260
2005-02-18,33.6447,34.6032,33.5489,34.1393,10697900,66.96,80.65,42.36,64.25,260
2005-02-25,33.7482,35.0747,33.2192,35.0364,10708500,69.84,80.65,42.36,71.77,260
2005-03-04,34.8562,35.9028,34.5687,35.7648,10470900,71.97,80.65,42.36,77.35,260
2005-03-11,35.6689,35.8721,34.1968,34.6108,11720600,64.22,80.65,42.36,57.09,260
2005-03-18,34.6108,35.2166,34.2735,34.9827,12652100,65.51,80.65,42.36,60.46,260
2005-03-24,35.2511,35.83,34.7795,35.5961,9778000,67.58,80.65,42.36,65.88,260
2005-04-01,35.7686,37.0645,35.4773,36.7501,15856900,71.11,80.65,42.36,75.08,260
2005-04-08,36.6388,38.2534,36.5391,37.7356,15226800,73.73,80.65,42.36,81.94,260
2005-04-15,37.728,37.8852,35.3733,35.7683,23396300,61.68,80.65,42.36,50.46,260
2005-04-22,35.8412,35.9907,34.3417,34.9975,19683900,57.7,80.65,42.36,40.07,260
2005-04-29,34.9093,36.3167,33.9774,36.2439,18674300,61.97,80.65,42.36,51.23,260
2005-05-06,36.0713,37.9312,36.0713,37.7395,17661100,66.36,80.65,42.36,62.7,260
2005-05-13,37.774,38.0233,35.9769,36.5737,15427100,60.5,80.65,42.36,47.38,260
2005-05-20,36.8153,37.5899,36.543,37.007,18476600,61.85,80.65,42.36,50.9,260
2005-05-27,37.0837,37.5822,36.9571,37.494,11470700,63.36,80.65,42.36,54.86,260
2005-06-03,37.6973,39.3693,37.1987,38.8094,19585150,67.16,80.65,42.36,64.77,260
2005-06-10,39.0779,40.259,38.7404,38.9551,26568900,67.56,80.65,42.36,65.81,260
2005-06-17,39.0625,40.0059,39.0395,39.7681,21796900,69.77,80.65,42.36,71.6,260
2005-06-24,39.8755,40.2667,37.6896,39.3463,22217500,67.21,80.65,42.36,64.9,260
2005-07-01,39.331,41.141,39.2696,40.5045,23235500,70.42,80.65,42.36,73.3,260
2005-07-08,40.6885,41.8007,39.7221,40.6885,35588700,70.91,80.65,42.36,74.57,260
2005-07-15,40.6962,40.9186,38.541,38.9782,41026900,60.86,80.65,42.36,48.32,260
2005-07-22,39.1469,39.2696,36.6235,38.9628,41074900,60.78,80.65,42.36,48.11,260
2005-07-29,39.1162,40.8343,38.8173,40.1133,35881400,64.68,80.65,42.36,58.29,260
2005-08-05,40.144,40.8803,39.6914,39.9292,26750300,63.59,80.65,42.36,55.45,260
2005-08-12,40.1056,40.9416,39.1315,39.9522,20459800,63.67,80.65,42.36,55.66,260
2005-08-19,40.0596,40.0749,39.1699,39.2543,14872900,59.29,80.65,42.36,44.22,260
2005-08-26,39.5457,39.6531,38.5256,38.6944,16799000,55.96,80.65,42.36,35.53,260
2005-09-02,38.541,40.4968,38.4183,40.2897,20792300,62.43,80.65,42.36,52.42,260
2005-09-09,40.3817,42.0844,40.3434,41.8083,18268800,67.35,80.65,42.36,65.27,260
2005-09-16,42.0001,42.0154,40.5121,41.4555,25916600,65.21,80.65,42.36,59.69,260
2005-09-23,41.4632,42.5523,40.1286,42.1841,30563400,67.5,80.65,42.36,65.68,260
2005-09-30,42.56,43.4573,41.9234,43.1045,27883900,70.18,80.65,42.36,72.66,260
2005-10-07,43.1122,44.4851,42.9128,43.2349,24980600,70.55,80.65,42.36,73.62,260
2005-10-14,43.2349,43.557,41.4325,43.2809,26837400,70.68,80.65,42.36,73.98,260
2005-10-21,43.3346,44.7919,42.8974,43.8255,26018500,72.34,80.65,42.36,78.3,260
2005-10-28,44.255,44.3394,41.2944,43.511,33741800,69.89,80.65,42.36,71.9,260
2005-11-04,43.6874,45.9424,43.4198,44.5004,47163700,72.99,80.65,42.36,80.0,260
2005-11-11,44.8686,45.8471,43.7948,45.7506,23312600,76.31,80.65,42.36,88.67,260
2005-11-18,45.8273,47.2846,45.3518,46.7554,22884100,78.58,80.65,42.36,94.61,260
2005-11-25,46.7861,46.9395,46.1418,46.1418,14035500,73.91,80.65,42.36,82.41,260
2005-12-02,46.0651,47.6604,44.7919,47.53,27394600,77.21,80.65,42.36,91.03,260
2005-12-09,47.3843,49.2251,47.0622,48.8339,22307800,79.8,80.65,42.36,97.79,260
2005-12-16,48.8416,49.0793,47.5607,48.4274,21395600,76.87,80.65,42.36,90.14,260
2005-12-23,48.1283,49.4705,46.8091,48.8186,46663600,77.72,80.65,42.36,92.35,260
2005-12-30,49.5472,49.5549,47.6527,47.6604,15691700,69.59,80.65,42.36,71.12,260
2006-01-06,48.0132,48.2663,46.4793,48.2433,24857500,71.22,80.65,42.36,75.38,260
2006-01-13,48.2433,48.251,45.7966,46.74,36959100,61.98,80.65,42.36,51.25,260
2006-01-20,46.1725,47.6297,45.4745,45.6202,36914400,56.14,80.65,42.36,36.0,260
2006-01-27,45.6432,45.8887,43.8102,44.8993,40758400,52.7,80.65,42.36,27.0,260
2006-02-03,44.9069,45.9807,44.2167,45.7276,36542000,56.04,80.65,42.36,35.72,260
2006-02-10,45.5129,45.7123,42.3759,44.9453,27356500,52.28,80.65,42.36,25.92,260
2006-02-17,44.8686,45.8273,44.3547,44.4851,24617400,50.16,80.65,42.36,20.37,260
2006-02-24,45.0987,45.927,44.4391,45.1677,20106400,53.2,80.65,42.36,28.31,260
2006-03-03,45.2521,45.3748,43.327,43.4113,26333500,45.51,80.65,42.36,8.21,260
2006-03-10,43.1812,44.3777,43.0278,43.0815,30439100,44.21,80.65,42.36,4.84,260
2006-03-17,42.9972,44.1169,41.3021,43.4804,39325300,46.2,80.65,42.36,10.04,260
2006-03-24,43.396,43.6491,42.1841,42.7824,25261300,43.29,80.65,42.36,2.43,260
2006-03-31,42.5331,43.7184,40.8036,42.8666,50697300,43.75,80.65,42.36,3.64,260
2006-04-07,43.1505,43.4345,41.1707,41.2014,40355100,37.3,80.65,37.3,0.0,260
2006-04-13,41.1323,41.2858,39.045,41.0556,53412300,36.79,80.65,36.79,0.0,260
2006-04-21,40.6028,40.6949,36.4051,38.0397,122214500,28.18,80.65,28.18,0.0,260
2006-04-28,37.702,38.7917,35.7298,38.1702,77830500,28.96,80.65,28.18,1.48,260
2006-05-05,38.1778,38.5385,35.2379,35.5994,71307800,23.56,80.65,23.56,0.0,260
2006-05-12,35.3001,35.7989,33.2358,35.1773,127043700,22.81,80.65,22.81,0.0,260
2006-05-19,35.185,36.7581,33.9188,34.0876,64420400,20.96,80.65,20.96,0.0,260
2006-05-26,33.8421,34.2027,31.8008,33.09,65872300,19.4,80.65,19.4,0.0,260
2006-06-02,33.2435,36.3514,32.8444,36.0521,42350500,34.87,80.65,19.4,25.26,260
2006-06-09,35.8373,36.1519,34.9931,35.1236,31024100,32.75,80.65,19.4,21.8,260
2006-06-16,35.2157,35.4152,33.9188,33.9879,31883800,30.32,80.65,19.4,17.83,260
2006-06-23,34.1413,35.0545,33.2358,34.7092,29681200,33.69,80.65,19.4,23.33,260
2006-06-30,34.6171,35.162,32.9212,34.3639,29008000,32.87,80.65,19.4,21.99,260
2006-07-07,34.4176,35.0162,33.9879,34.832,17109400,35.17,80.65,19.4,25.74,260
2006-07-14,34.9164,37.5639,34.878,36.4896,39112500,42.66,80.65,19.4,37.98,260
2006-07-21,36.3131,39.8584,36.2747,38.3697,49894400,49.75,80.65,19.4,49.56,260
2006-07-28,38.4464,39.6512,36.3745,36.7198,44512700,44.54,80.65,19.4,41.06,260
2006-08-04,36.4512,38.0627,36.2747,37.2646,28489100,46.53,80.65,19.4,44.3,260
2006-08-11,37.0728,38.3467,35.6838,36.5049,25925900,44.15,80.65,19.4,40.42,260
2006-08-18,36.8349,38.0167,36.4589,37.986,21656100,49.57,80.65,19.4,49.26,260
2006-08-25,37.6176,39.3673,37.6176,39.045,17462200,53.07,80.65,19.4,54.98,260
2006-09-01,38.7841,39.9659,38.7303,39.751,21181800,55.3,80.65,19.4,58.62,260
2006-09-08,39.8277,39.8891,38.1471,39.0603,14832200,52.67,80.65,19.4,54.32,260
2006-09-15,38.5462,40.503,38.5308,40.0656,22091300,55.96,80.65,19.4,59.69,260
2006-09-22,40.0196,40.5491,37.5255,37.5793,25401900,47.21,80.65,19.4,45.41,260
2006-09-29,37.9246,38.1778,36.7658,37.7558,27521600,47.84,80.65,19.4,46.43,260
2006-10-06,37.6867,40.3726,37.2339,39.5208,30743900,53.72,80.65,19.4,56.04,260
2006-10-13,39.5131,39.5208,37.2339,37.4104,26457700,46.91,80.65,19.4,44.92,260
2006-10-20,36.5279,39.4824,35.7682,38.9068,90494300,51.59,80.65,19.4,52.57,260
2006-10-27,38.9606,39.2752,37.1725,37.9169,41193400,48.54,80.65,19.4,47.58,260
2006-11-03,38.0934,38.2085,36.4282,36.7044,29530500,45.03,80.65,19.4,41.85,260
2006-11-10,36.7121,38.3697,34.6248,35.3845,63355900,41.51,80.65,19.4,36.09,260
2006-11-17,35.4843,37.0574,35.1466,36.2593,36693200,44.6,80.65,19.4,41.14,260
2006-11-24,36.62,36.7351,35.4459,35.8449,18847200,43.43,80.65,19.4,39.23,260
2006-12-01,35.8373,38.2469,35.4382,37.4718,42697900,49.08,80.65,19.4,48.47,260
2006-12-08,37.4872,38.5615,37.3107,38.3006,38506400,51.73,80.65,19.4,52.79,260
2006-12-15,38.2929,38.7994,37.7097,38.4387,33094900,52.18,80.65,19.4,53.52,260
2006-12-22,38.5232,41.7922,38.3543,41.0172,41533400,59.67,80.65,19.4,65.75,260
2006-12-29,41.1937,41.4699,39.9428,41.2321,15268500,60.23,80.65,19.4,66.67,260
2007-01-05,41.2858,41.7002,39.8507,40.3265,19728500,56.66,80.65,19.4,60.84,260
2007-01-12,40.15,42.4676,40.0579,42.2834,28740300,61.91,80.65,19.4,69.41,260
2007-01-19,42.2066,43.1966,40.7332,40.8253,36220800,56.43,80.65,19.4,60.46,260
2007-01-26,40.8253,40.8637,38.9529,39.5515,33666700,52.09,80.65,19.4,53.37,260
2007-02-02,39.4057,41.0172,39.4057,40.6028,24827300,55.15,80.65,19.4,58.38,260
2007-02-09,39.8661,40.5414,38.761,39.045,31158300,50.04,80.65,19.4,50.03,260
2007-02-16,39.4824,41.6541,39.375,41.4009,30231600,56.59,80.65,19.4,60.73,260
2007-02-23,41.8613,42.1683,40.5798,40.6949,19509800,54.3,80.65,19.4,56.98,260
2007-03-02,40.8023,42.268,39.091,41.5774,42205300,56.66,80.65,19.4,60.84,260
2007-03-09,41.2858,42.0915,40.5491,40.6719,40045100,53.6,80.65,19.4,55.83,260
2007-03-16,40.8637,41.9227,40.4186,40.7716,44728300,53.89,80.65,19.4,56.32,260
2007-03-23,41.0862,43.5419,40.9021,43.3654,51429600,60.88,80.65,19.4,67.74,260
2007-03-30,43.1966,43.8182,40.1959,40.6719,72391400,52.06,80.65,19.4,53.32,260
2007-04-05,41.0021,42.9216,40.7948,42.484,35624200,56.61,80.65,19.4,60.76,260
2007-04-13,42.3458,42.5224,40.0807,40.6566,38816300,51.32,80.65,19.4,52.11,260
2007-04-20,40.6642,42.3458,39.3512,40.8485,59626100,51.83,80.65,19.4,52.94,260
2007-04-27,40.8485,41.7469,40.0653,40.8101,52478400,51.71,80.65,19.4,52.75,260
2007-05-04,41.1249,41.4628,40.265,41.1326,37469500,52.67,80.65,19.4,54.33,260
2007-05-11,41.148,41.4013,39.9271,41.148,35862000,52.72,80.65,19.4,54.41,260
2007-05-18,41.0251,41.4628,40.3264,41.0558,30126700,52.37,80.65,19.4,53.84,260
2007-05-25,41.0405,41.9312,40.7871,41.7776,33672700,54.87,80.65,19.4,57.92,260
2007-06-01,41.7699,42.5915,41.6394,42.3918,22785400,56.94,79.8,19.4,62.16,260
2007-06-08,42.1538,42.5761,40.7026,41.2094,26967400,52.0,79.8,19.4,53.97,260
2007-06-15,41.0174,41.2324,40.1959,40.6182,30034900,49.67,79.8,19.4,50.13,260
2007-06-22,40.5491,40.8408,39.1823,39.3896,37840900,45.16,79.8,19.4,42.65,260
2007-06-29,39.5816,40.6949,38.9289,39.2668,32699800,44.72,79.8,19.4,41.93,260
2007-07-06,39.6123,40.8332,39.5278,40.7103,21290500,50.76,79.8,19.4,51.93,260
2007-07-13,40.6949,40.7717,39.2591,40.6796,43841600,50.63,79.8,19.4,51.72,260
2007-07-20,41.386,41.5396,38.9904,39.405,48068700,45.55,79.8,19.4,43.3,260
2007-07-27,39.5432,39.6661,37.7004,37.7234,43299800,39.86,79.8,19.4,33.88,260
2007-08-03,37.9308,38.5834,36.3644,36.4719,51282700,36.24,79.8,19.4,27.88,260
2007-08-10,36.6638,37.6774,35.1819,36.4565,55804200,36.19,79.8,19.4,27.81,260
2007-08-17,36.7406,38.4682,36.7022,38.2379,47749000,44.52,79.8,19.4,41.58,260
2007-08-24,38.4836,38.7523,36.9326,38.092,35342900,44.01,79.8,19.4,40.75,260
2007-08-31,37.9461,38.6218,37.0631,38.3991,31498600,45.42,79.8,19.4,43.08,260
2007-09-07,38.4759,38.9673,37.6083,37.7695,22475100,43.03,79.8,19.4,39.12,260
2007-09-14,37.8847,38.5143,37.4547,38.3224,30670600,45.73,79.8,19.4,43.59,260
2007-09-21,38.1841,38.76,38.0306,38.3224,38101300,45.73,79.8,19.4,43.59,260
2007-09-28,38.3915,38.4682,36.8558,37.186,48599900,41.09,79.8,19.4,35.91,260
2007-10-05,37.5238,37.6083,35.7732,36.6255,45151700,38.99,79.8,19.4,32.43,260
2007-10-12,36.6255,38.3761,36.6101,38.1534,44272400,46.95,79.8,19.4,45.62,260
2007-10-19,38.1995,38.1995,36.3721,36.4335,52431700,40.54,79.8,19.4,35.0,260
2007-10-26,36.2722,37.9461,36.088,36.8481,34220000,42.57,79.8,19.4,38.37,260
2007-11-02,37.0324,38.0997,36.3951,37.5776,33578600,46.07,79.8,19.4,44.16,260
2007-11-09,37.2397,40.096,37.2397,39.6737,45739900,54.63,79.8,19.4,58.33,260
2007-11-16,39.5278,41.3092,39.5278,41.0174,48551000,59.11,79.8,19.4,65.74,260
2007-11-23,40.8869,41.8083,40.7103,41.5165,26892600,60.66,79.8,19.4,68.31,260
2007-11-30,41.4935,42.2306,40.8562,42.2306,35371200,62.84,79.8,19.4,71.92,260
2007-12-07,41.9004,43.7586,41.386,43.4975,42458800,66.39,79.8,19.4,77.79,260
2007-12-14,43.4975,44.7952,42.3151,43.5589,52026800,66.55,79.8,19.4,78.07,260
2007-12-21,43.4591,45.563,43.1904,45.2942,34602100,70.94,79.8,19.4,85.34,260
2007-12-28,45.1176,45.6551,44.5955,44.7491,13533900,67.93,79.8,19.4,80.34,260
2008-01-04,44.6953,44.9718,42.9524,42.9984,23208200,59.22,79.8,19.4,65.93,260
2008-01-11,42.6452,44.1348,42.2844,42.9293,36166300,58.9,79.8,19.4,65.4,260
2008-01-18,43.175,43.3823,40.7794,41.7699,38692600,53.65,79.8,19.4,56.7,260
2008-01-25,39.7352,40.6796,36.9479,38.3915,55967600,41.92,79.8,19.4,37.28,260
2008-02-01,38.3684,40.096,37.8713,38.4682,48696500,42.23,79.8,19.4,37.8,260
2008-02-08,38.4682,38.5681,36.541,37.0094,30769800,38.08,79.8,19.4,30.93,260
2008-02-15,37.0094,37.3549,33.7845,36.6562,59982500,37.13,79.8,19.4,29.35,260
2008-02-22,37.0631,37.2397,35.896,36.3644,21157600,36.32,79.8,19.4,28.02,260
2008-02-29,36.3183,38.069,35.5658,35.6887,37447000,34.45,79.8,19.4,24.93,260
2008-03-07,35.681,36.3721,34.6598,34.7136,36524100,31.91,79.8,19.4,20.71,260
2008-03-14,34.6752,35.1128,26.6206,28.5556,122531800,21.23,79.8,19.4,3.02,260
2008-03-20,27.5344,28.1947,25.776,27.1197,68114900,19.58,79.8,19.4,0.3,260
2008-03-28,27.327,27.6418,25.9603,26.4133,51964400,18.81,79.8,18.81,0.0,260
2008-04-04,26.1056,28.3747,26.021,28.0747,49837500,26.18,79.8,18.81,12.1,260
2008-04-11,28.2593,29.4823,27.4824,27.5901,40306300,25.46,79.8,18.81,10.9,260
2008-04-18,27.5747,29.3054,27.3286,28.6516,41283600,30.04,79.8,18.81,18.41,260
2008-04-25,28.4901,29.3054,25.698,26.1441,74838400,25.98,79.8,18.81,11.76,260
2008-05-02,26.1518,26.4287,24.8596,25.7441,73794900,25.39,79.8,18.81,10.79,260
2008-05-09,25.8133,26.1749,24.998,25.3365,44232700,24.77,79.8,18.81,9.78,260
2008-05-16,25.098,25.5211,24.2212,24.8596,55235700,24.04,79.8,18.81,8.57,260
2008-05-23,25.0596,27.5132,24.9596,26.7287,73934700,32.5,79.8,18.81,22.45,260
2008-05-30,26.6825,27.1017,26.1595,26.3133,44721600,31.65,79.8,18.81,21.06,260
2008-06-06,26.321,26.4748,25.3749,25.4057,54305600,29.83,79.8,18.81,18.08,260
2008-06-13,25.4134,25.5749,23.0751,23.6443,63964400,26.63,79.8,18.81,12.82,260
2008-06-20,23.5751,23.6443,20.7137,20.8599,105913800,22.51,79.8,18.81,6.07,260
2008-06-27,20.9445,20.9983,19.9138,20.0061,70443600,21.42,79.8,18.81,4.28,260
2008-07-03,20.0369,20.9983,17.4755,17.6601,77431000,18.72,79.8,18.72,0.0,260
2008-07-11,17.4678,18.5293,16.5679,17.0448,84605200,18.08,79.8,18.08,0.0,260
2008-07-18,17.0679,18.6831,16.3064,18.3832,77581900,24.17,79.8,18.08,9.87,260
2008-07-25,18.5601,21.6368,18.2755,21.1137,88888200,34.82,79.8,18.08,27.12,260
2008-08-01,21.1291,22.2829,20.4753,21.6368,54942800,36.65,79.8,18.08,30.09,260
2008-08-08,22.0752,23.9904,21.1522,23.8443,52026300,43.84,79.8,18.08,41.73,260
2008-08-15,23.8981,25.4595,23.2597,25.3903,39701200,48.26,79.8,18.08,48.9,260
2008-08-22,25.5749,25.7595,22.9597,23.5443,40785400,43.82,79.8,18.08,41.71,260
2008-08-29,23.4828,23.652,22.1675,23.4212,31393600,43.54,79.8,18.08,41.24,260
2008-09-05,23.452,24.1404,20.9445,21.3137,42392800,38.84,79.8,18.08,33.63,260
2008-09-12,22.0444,23.0943,21.706,22.7751,46895500,43.4,79.8,18.08,41.02,260
2008-09-19,22.1367,23.0751,19.1523,20.6061,66494500,38.77,79.8,18.08,33.53,260
2008-09-26,20.7676,21.1522,19.2139,19.8523,28154900,37.29,79.8,18.08,31.12,260
2008-10-03,19.4292,19.9984,16.1526,18.5447,44100800,34.8,79.8,18.08,27.08,260
2008-10-10,18.2832,18.4524,11.1607,13.3451,77001100,27.05,79.8,18.08,14.53,260
2008-10-17,13.8912,19.4215,13.7143,18.7601,81408400,41.62,79.8,18.08,38.14,260
2008-10-24,18.937,19.9907,16.3526,17.6217,59852700,39.82,79.8,18.08,35.22,260
2008-10-31,17.1602,18.6062,15.3834,18.2524,62208900,41.34,79.8,18.08,37.68,260
2008-11-07,18.2139,18.837,16.791,17.2525,46177300,39.63,79.8,18.08,34.92,260
2008-11-14,17.3217,17.4832,13.7374,15.3988,48635400,36.62,79.8,18.08,30.04,260
2008-11-21,15.1757,15.4065,11.6837,13.1913,61241200,33.37,79.8,18.08,24.77,260
2008-11-28,13.5143,16.4449,13.2913,16.1603,40022400,40.96,79.8,18.08,37.07,260
2008-12-05,16.6679,17.2602,14.6527,16.4679,44143300,41.7,79.8,18.08,38.28,260
2008-12-12,16.9064,18.4293,15.5295,18.1063,45130300,45.62,79.8,18.08,44.62,260
2008-12-19,18.1909,20.7061,17.3063,20.3753,58299600,50.57,79.8,18.08,52.65,260
2008-12-26,20.3599,20.6291,19.2292,20.2292,18123300,50.26,79.8,18.08,52.13,260
2009-01-02,20.3138,21.3214,19.2908,21.2214,21865000,52.44,79.8,18.08,55.67,260
2009-01-09,21.0753,21.2829,19.8061,20.3445,36208600,50.34,79.8,18.08,52.26,260
2009-01-16,20.4445,20.6061,18.2847,19.6138,44806100,48.59,79.8,18.08,49.43,260
2009-01-23,19.5446,21.9752,18.3524,21.5675,50444700,53.26,79.8,18.08,57.0,260
2009-01-30,21.6598,23.2674,21.2752,21.7906,61503700,53.78,79.8,18.08,57.84,260
2009-02-06,21.5368,23.2674,21.3829,22.2598,63236500,54.91,79.8,18.08,59.67,260
2009-02-13,22.752,22.8443,21.1522,22.2752,65378700,54.95,79.8,18.08,59.73,260
2009-02-20,21.6829,22.6059,20.9522,21.5214,48936700,52.56,79.8,18.08,55.86,260
2009-02-27,20.4599,20.6907,14.9373,15.1142,112062600,37.59,79.8,18.08,31.61,260
2009-03-06,14.7604,14.8065,12.4452,13.7681,143058500,35.31,79.8,18.08,27.92,260
2009-03-13,13.5912,16.6756,13.1836,16.4295,75491800,42.7,79.8,18.08,39.89,260
2009-03-20,16.6371,17.6063,15.5757,15.868,54436000,41.62,79.8,18.08,38.14,260
2009-03-27,16.3064,16.9756,15.7988,16.2141,52272800,42.58,79.8,18.08,39.7,260
2009-04-03,15.7295,16.7611,15.2899,15.8214,55773900,41.74,79.8,18.08,38.34,260
2009-04-09,15.6596,18.7869,15.598,18.3787,59109000,48.84,79.8,18.08,49.83,260
2009-04-17,18.579,20.1041,17.7933,18.5944,63845700,49.4,79.8,18.08,50.74,260
2009-04-24,18.1168,19.8037,16.9075,17.7625,80724200,47.25,79.8,18.08,47.26,260
2009-05-01,17.8703,18.9025,17.4775,17.6932,58395500,47.06,79.8,18.08,46.96,260
2009-05-08,17.7009,22.8694,17.5622,22.2378,67571200,58.46,79.8,18.08,65.42,260
2009-05-15,21.7679,22.1376,20.3121,21.1902,44555300,55.49,79.8,18.08,60.62,260
2009-05-22,21.3288,21.9297,20.1272,20.2582,43024200,52.92,79.8,18.08,56.45,260
2009-05-29,20.1888,21.8526,19.9192,20.4892,39600200,53.5,79.8,18.08,57.38,260
2009-06-05,20.7203,21.8988,20.2659,20.8744,44685900,54.5,79.8,18.08,59.0,260
2009-06-12,20.7897,20.7974,17.8934,18.6483,78703000,48.07,79.8,18.08,48.59,260
2009-06-19,18.4942,20.3968,17.9242,19.588,78654300,50.71,79.8,18.08,52.87,260
2009-06-26,19.3261,19.9578,18.6329,19.0796,58266500,49.25,79.8,18.08,50.51,260
2009-07-02,19.1028,19.6265,18.4018,18.4634,35427600,47.47,79.8,18.08,47.62,260
2009-07-10,18.4172,20.2659,18.2478,19.0026,54254000,49.2,79.8,18.08,50.43,260
2009-07-17,19.0411,19.8191,18.6021,19.3261,48984800,50.26,79.8,18.08,52.14,260
2009-07-24,19.4494,21.2056,18.7638,21.0438,50081100,55.57,79.8,18.08,60.74,260
2009-07-31,20.8667,22.8848,20.8436,21.6138,63778100,57.2,79.8,18.08,63.38,260
2009-08-07,21.8295,21.8757,19.5803,20.4199,48132500,52.82,79.8,18.08,56.29,260
2009-08-14,20.3891,21.9451,20.1657,21.6138,40945900,56.41,79.8,18.08,62.11,260
2009-08-21,21.352,22.854,21.2672,22.2763,47664800,58.31,79.8,18.08,65.18,260
2009-08-28,22.4072,23.1082,21.5522,21.7063,49116800,56.05,79.8,18.08,61.52,260
2009-09-04,21.5445,22.5305,21.0053,22.2455,48472000,57.72,79.8,18.08,64.22,260
2009-09-11,22.3302,22.6537,21.2518,22.3918,39294700,58.18,79.8,18.08,64.98,260
2009-09-18,22.2224,23.0157,21.3057,22.0144,62203900,56.46,79.8,18.08,62.19,260
2009-09-25,21.9143,22.2917,19.3569,19.5187,67259500,46.64,79.8,18.08,46.27,260
2009-10-02,19.5957,20.366,18.448,18.7022,83367300,43.94,79.8,18.08,41.91,260
2009-10-09,18.7792,19.5187,18.1014,19.0026,76797400,45.2,79.8,18.08,43.94,260
2009-10-16,19.1105,19.6574,18.4557,18.8332,66248500,44.59,79.8,18.08,42.96,260
2009-10-23,18.9256,20.4276,18.8024,19.9115,65671500,49.26,79.8,18.08,50.51,260
2009-10-30,19.9732,20.6433,19.4032,19.9886,71128400,49.58,79.8,18.08,51.04,260
2009-11-06,20.0425,22.3071,19.7498,22.0837,65940900,57.58,79.8,18.08,63.99,260
2009-11-13,21.8064,22.6691,21.7217,22.3995,43305500,58.64,79.8,18.08,65.72,260
2009-11-20,22.5151,22.723,21.4675,21.999,37711500,56.7,79.8,18.08,62.57,260
2009-11-27,22.2917,22.9079,22.1068,22.6768,30380600,59.16,79.8,18.08,66.56,260
2009-12-04,22.6768,22.7153,21.0284,21.1517,60981100,51.99,79.8,18.08,54.94,260
2009-12-11,21.2095,23.9093,21.1979,23.4779,92876500,59.96,79.8,18.08,67.86,260
2009-12-18,23.786,24.9029,23.6936,24.2944,114743000,62.33,79.8,18.08,71.69,260
2009-12-24,24.6256,25.6116,24.071,24.4022,49235900,62.64,79.8,18.08,72.2,260
2009-12-31,24.2867,24.5216,23.4548,23.4779,28329200,58.17,79.8,18.08,64.95,260
2010-01-08,24.1711,25.4575,23.8553,25.1879,52159800,63.38,79.8,18.08,73.4,260
2010-01-15,25.1956,26.1816,24.2944,25.9967,57325900,65.56,79.8,18.08,76.94,260
2010-01-22,26.6206,27.7837,25.419,25.5422,103546900,63.28,79.8,18.08,73.23,260
2010-01-29,25.8503,26.2586,24.7334,25.419,65043700,62.64,79.8,18.08,72.2,260
2010-02-05,25.4421,26.2817,24.5255,25.0647,42281300,60.75,79.8,18.08,69.13,260
2010-02-12,24.8259,25.573,24.6487,24.7874,51096200,59.24,79.8,18.08,66.68,260
2010-02-19,24.9029,25.5807,24.1789,24.6025,47460400,58.2,79.8,18.08,65.0,260
2010-02-26,24.7334,26.4203,24.5563,26.0814,62532100,63.68,79.8,18.08,73.89,260
2010-03-05,26.1893,26.7439,24.9722,25.989,51661900,63.13,79.8,18.08,72.99,260
2010-03-12,25.989,26.066,25.2495,25.3497,48053000,59.26,79.8,18.08,66.72,260
2010-03-19,25.2495,26.7285,24.5948,26.4897,74301400,63.55,79.8,18.08,73.67,260
2010-03-26,26.5513,27.0828,25.1109,25.134,65991300,56.0,79.8,18.08,61.44,260
2010-04-01,25.1571,25.6424,25.0339,25.4344,28895300,57.21,79.8,18.08,63.41,260
2010-04-09,25.5346,26.2131,24.3705,24.8716,48554800,54.2,79.8,18.08,58.52,260
2010-04-16,24.8099,25.1954,23.1909,23.692,77008500,48.44,79.8,18.08,49.19,260
2010-04-23,23.5609,24.8485,23.0367,23.8616,82771500,49.28,79.8,18.08,50.55,260
2010-04-30,23.9927,24.4707,22.8362,23.3682,75227100,46.9,79.8,18.08,46.69,260
2010-05-07,23.5147,23.5764,21.5641,22.3736,57292100,42.45,79.8,18.08,39.49,260
2010-05-14,22.3428,23.4993,22.2965,23.4299,49368600,48.08,79.8,18.08,48.61,260
2010-05-21,23.4915,23.6997,21.7106,22.1269,49359100,42.55,79.8,18.08,39.65,260
2010-05-28,22.0421,22.7822,21.672,22.4122,44356500,44.07,79.8,18.08,42.11,260
2010-06-04,22.497,24.4705,22.258,23.4873,40887400,49.48,79.8,18.08,50.88,260
2010-06-11,23.5879,24.1221,22.6977,23.7428,66248600,50.7,79.8,18.08,52.86,260
2010-06-18,23.7815,24.4859,23.6499,24.2537,47725100,53.14,79.8,18.08,56.81,260
2010-06-25,24.4705,24.6175,22.899,23.1312,45215800,47.57,79.8,18.08,47.78,260
2010-07-02,23.1235,23.4796,21.0023,21.9081,60265200,42.36,79.8,18.08,39.34,260
2010-07-09,22.0552,23.3247,21.9003,23.2009,38341000,48.75,79.8,18.08,49.69,260
2010-07-16,23.1544,24.0911,22.9222,23.4873,39143800,50.07,79.8,18.08,51.83,260
2010-07-23,23.5957,24.3776,23.4099,23.9363,45903100,52.15,79.8,18.08,55.21,260
2010-07-30,23.8744,24.5556,23.1777,23.5725,35750900,50.32,79.8,18.08,52.24,260
2010-08-06,23.9131,25.9723,23.8666,25.8949,42083600,59.98,79.8,18.08,67.89,260
2010-08-13,25.9336,26.1581,24.4395,24.7956,47134200,54.57,79.8,18.08,59.12,260
2010-08-20,24.6563,25.5155,24.2818,24.4705,29619500,53.05,79.8,18.08,56.66,260
2010-08-27,24.4859,25.0975,23.8589,25.0588,40504300,55.47,79.8,18.08,60.58,260
2010-09-03,25.0278,26.251,24.3234,26.251,37638000,59.98,79.8,18.08,67.88,260
2010-09-10,26.1349,26.9133,25.802,26.7967,31831700,61.88,79.8,18.08,70.96,260
2010-09-17,27.0298,27.4066,26.3539,26.517,40427600,60.3,79.8,18.08,68.4,260
2010-09-24,26.7035,27.9233,26.688,27.7602,34521400,64.62,79.8,18.08,75.41,260
2010-10-01,27.8378,27.8378,26.9677,27.5271,38138700,63.23,79.8,18.08,73.16,260
2010-10-08,27.4261,27.4261,26.3694,26.688,39487300,58.36,79.8,18.08,65.26,260
2010-10-15,26.486,28.1719,26.4704,27.9544,39662200,62.99,79.8,18.08,72.77,260
2010-10-22,28.0399,28.9489,27.1308,28.9489,45062800,66.18,79.8,18.08,77.93,260
2010-10-29,29.1509,29.485,27.7368,28.0088,41185900,60.85,79.8,18.08,69.3,260
2010-11-05,28.1797,29.0965,27.7368,28.6381,42420300,63.0,79.8,18.08,72.78,260
2010-11-12,28.4594,29.1353,27.9466,28.4905,31553500,62.14,79.8,18.08,71.38,260
2010-11-19,28.2185,28.3506,26.8045,27.9699,53092500,59.07,79.8,18.08,66.41,260
2010-11-26,28.9877,29.0732,27.6358,27.8767,30828700,58.51,79.8,18.08,65.51,260
2010-12-03,27.6125,29.6058,27.2318,29.4811,47933800,64.68,77.72,18.08,78.14,260
2010-12-10,29.3642,29.5279,28.3976,28.5846,35746500,59.37,77.72,18.08,69.23,260
2010-12-17,28.6548,29.5123,27.2361,27.3218,61452000,52.79,71.22,18.08,65.32,260
2010-12-23,27.5089,28.1364,27.2673,27.8831,22205100,55.17,71.22,18.08,69.79,260
2010-12-31,27.6726,28.2261,27.5752,28.1481,15180700,56.29,70.94,18.08,72.28,260
2011-01-07,28.3586,30.0423,28.3508,29.9722,36059800,63.12,70.94,18.08,85.19,260
2011-01-14,30.0423,31.8781,29.6292,31.7806,36345400,68.39,70.94,18.08,95.17,260
2011-01-21,31.7962,31.9755,30.6893,31.5,34840800,66.79,70.94,18.08,92.15,260
2011-01-28,31.5,33.0824,30.9076,31.9054,47867500,67.96,70.94,18.08,94.35,260
2011-02-04,31.9755,34.3686,31.7339,33.1214,43850500,71.21,71.21,18.08,100.0,260
2011-02-11,32.8486,33.3942,32.2639,33.0356,28473400,70.67,71.21,18.08,98.97,260
2011-02-18,32.9265,33.7528,32.4432,33.3942,23996800,71.64,71.64,18.08,100.0,260
2011-02-25,34.1893,34.5557,33.0356,33.1448,29653000,69.9,71.64,18.08,96.74,260
2011-03-04,33.2617,35.0899,33.0123,34.7459,33787800,74.24,74.24,18.08,100.0,260
2011-03-11,34.7616,34.9961,33.7063,34.0737,25226600,69.7,74.24,18.08,91.91,260
2011-03-18,33.847,33.9486,32.4087,33.2998,29278300,64.78,74.24,18.08,83.16,260
2011-03-25,33.4796,34.4098,33.1357,34.1988,20553800,67.64,74.24,18.08,88.24,260
2011-04-01,34.3238,35.7619,34.0111,35.6527,24153800,71.64,74.24,18.08,95.37,260
2011-04-08,35.9106,36.0279,34.5036,34.6912,20403340,65.84,74.24,18.08,85.04,260
2011-04-15,34.6521,35.3087,34.2691,35.1602,25277100,67.23,74.24,18.08,87.52,260
2011-04-21,34.8085,38.2244,33.847,37.3724,35989400,72.86,74.24,18.08,97.54,260
2011-04-29,36.8487,38.6114,36.6454,38.4824,45119600,75.16,75.16,18.08,100.0,260
2011-05-06,38.6153,39.2797,38.2713,39.1781,36979500,76.51,76.51,18.08,100.0,260
2011-05-13,38.8889,40.2256,38.3573,39.0452,33908700,75.67,76.51,18.08,98.56,260
2011-05-20,38.7403,39.694,38.5996,38.8811,37312800,74.57,76.51,18.08,96.68,260
2011-05-27,38.6465,38.67,36.7158,37.7554,43719700,67.38,76.51,18.08,84.37,260
2011-06-03,38.0368,38.6856,37.7163,38.3124,29234700,68.97,76.51,18.08,87.1,260
2011-06-10,38.1869,39.6927,37.3085,38.7516,36357900,70.21,76.51,18.08,89.22,260
2011-06-17,38.9163,39.5202,38.1947,39.1829,41116100,71.42,76.51,18.08,91.28,260
2011-06-24,39.0496,41.2848,38.9398,39.5751,43146800,72.5,76.51,18.08,93.15,260
2011-07-01,39.4653,41.7789,39.3084,41.6691,30678600,77.45,77.45,18.08,100.0,260
2011-07-08,41.6299,41.9593,40.4221,40.8456,24627800,71.97,77.45,18.08,90.77,260
2011-07-15,40.2966,41.277,39.7868,40.7593,31736700,71.4,77.45,18.08,89.81,260
2011-07-22,40.4692,41.4887,39.1751,41.3711,42501700,73.03,77.45,18.08,92.56,260
2011-07-29,41.1593,41.4338,37.732,38.9241,41248100,58.63,77.45,18.08,68.31,260
2011-08-05,39.4339,39.4966,34.7047,35.7321,66061700,45.92,77.45,18.08,46.89,260
2011-08-12,33.9596,35.5576,32.3675,35.1439,72809900,44.02,77.45,18.08,43.69,260
2011-08-19,35.4419,36.2419,33.7086,33.9753,42067800,40.45,77.45,18.08,37.68,260
2011-08-26,34.6419,36.3909,33.8184,35.8576,34417800,47.8,77.45,18.08,50.05,260
2011-09-02,36.2654,38.03,35.9614,35.9928,28152300,48.29,77.45,18.08,50.89,260
2011-09-09,35.1192,37.7795,34.702,35.8276,30132600,47.7,77.45,18.08,49.89,260
2011-09-16,35.5127,40.2824,34.9775,39.9518,53372600,60.68,77.45,18.08,71.76,260
2011-09-23,39.086,40.3296,36.4651,37.4647,41594200,52.26,77.45,18.08,57.57,260
2011-09-30,37.8818,39.6606,35.8984,36.2998,42156800,48.84,77.45,18.08,51.81,260
2011-10-07,36.0243,36.3785,32.5219,35.3317,46740600,46.13,77.45,18.08,47.25,260
2011-10-14,35.8276,37.508,35.8197,37.1656,27767800,51.6,77.45,18.08,56.46,260
2011-10-21,36.8901,38.173,33.7339,37.7165,59326200,53.14,77.45,18.08,59.05,260
2011-10-28,37.9448,39.3537,37.5198,38.4485,41414000,55.17,77.45,18.08,62.48,260
2011-11-04,38.0786,38.5272,35.4813,35.8748,39880600,47.37,77.45,18.08,49.34,260
2011-11-11,35.7725,37.3938,35.2609,37.0948,32012800,50.92,77.45,18.08,55.31,260
2011-11-18,36.9373,37.2364,34.6706,35.0641,31819800,45.43,77.45,18.08,46.07,260
2011-11-25,34.4266,35.4104,34.1747,34.3715,19916000,43.7,77.45,18.08,43.16,260
2011-12-02,34.9933,38.6138,34.9382,37.9605,41646800,53.56,77.45,18.08,59.77,260
2011-12-09,38.5701,39.2492,37.7645,38.6253,40997300,55.13,77.45,18.08,62.41,260
2011-12-16,38.4674,39.0913,37.6145,38.6964,37297300,55.3,77.45,18.08,62.7,260
2011-12-23,38.6332,40.6707,38.5701,40.5523,27150800,59.69,77.45,18.08,70.1,260
2011-12-30,40.5523,40.8366,40.0074,40.0231,11938300,57.95,77.45,18.08,67.15,260
2012-01-06,40.4654,42.187,40.3627,41.6816,23079200,61.73,77.45,18.08,73.52,260
2012-01-13,41.5631,42.0448,41.0103,41.6184,25970100,61.5,77.45,18.08,73.14,260
2012-01-20,41.8948,42.7899,40.6075,41.2788,42415900,60.22,77.45,18.08,70.98,260
2012-01-27,41.2235,41.8948,39.344,40.2917,51658700,56.53,77.45,18.08,64.77,260
2012-02-03,40.1337,42.337,39.5414,40.5207,36172100,57.19,77.45,18.08,65.88,260
2012-02-10,40.2601,42.2739,40.0231,42.108,36030600,61.51,77.45,18.08,73.16,260
2012-02-17,42.2502,43.3479,42.1554,43.182,31990100,64.15,77.45,18.08,77.61,260
2012-02-24,43.4268,44.0231,43.1663,43.9481,26462600,65.95,77.45,18.08,80.63,260
2012-03-02,43.7033,44.432,43.6322,44.2261,24143800,66.6,77.45,18.08,81.73,260
2012-03-09,44.0677,44.4399,42.8638,44.1786,23287300,66.37,77.45,18.08,81.34,260
2012-03-16,44.1944,44.5508,43.3192,44.0281,30857200,65.58,77.45,18.08,80.01,260
2012-03-23,44.5983,44.6221,42.2936,42.4995,31000400,58.05,77.45,18.08,67.33,260
2012-03-30,42.6817,47.0694,42.6579,46.6813,46050700,68.65,77.45,18.08,85.19,260
2012-04-05,46.6813,47.208,46.0271,46.7368,26672100,68.77,77.45,18.08,85.38,260
2012-04-13,46.3487,46.6259,45.3191,45.9765,27051900,65.3,77.45,18.08,79.54,260
2012-04-20,46.2141,47.2912,45.1369,47.1328,38208900,67.95,77.45,18.08,84.0,260
2012-04-27,46.7605,47.1249,44.7251,45.8656,32487600,62.33,77.45,18.08,74.54,260
2012-05-04,45.1052,45.525,43.2915,43.339,33021100,52.94,77.45,18.08,58.72,260
2012-05-11,43.046,44.333,42.9747,43.7192,23383900,54.06,77.45,18.08,60.61,260
2012-05-18,43.4182,44.1152,42.5945,42.7609,26070700,50.78,77.45,18.08,55.08,260
2012-05-25,42.8401,44.9421,42.8322,44.4479,26828800,55.86,77.45,18.08,63.64,260
2012-06-01,44.4162,44.7251,43.5133,43.5925,21451200,52.88,77.45,18.08,58.62,260
2012-06-08,43.3786,46.2457,43.3153,45.9369,32052800,59.3,77.45,18.08,69.43,260
2012-06-15,46.1111,47.5757,45.1448,46.8206,34304600,61.43,77.45,18.08,73.02,260
2012-06-22,46.7331,48.2911,46.2482,46.9557,35479700,61.76,77.45,18.08,73.57,260
2012-06-29,46.5741,48.1719,43.9906,46.5026,57872900,59.91,77.45,18.08,70.46,260
2012-07-06,46.8126,47.1465,43.5177,44.3722,32854100,52.02,77.45,18.08,57.17,260
2012-07-13,44.7458,45.0399,43.2752,43.8794,26352800,50.37,77.45,18.08,54.38,260
2012-07-20,43.8635,45.7871,42.6313,44.0463,39504200,50.93,77.45,18.08,55.34,260
2012-07-27,43.2196,43.7999,40.4533,42.4008,52282500,45.41,77.45,18.08,46.04,260
2012-08-03,42.3849,42.6949,40.0002,41.0256,35631000,41.38,77.45,18.08,39.24,260
2012-08-10,41.2243,42.055,40.5169,41.2561,27563800,42.3,77.45,18.08,40.8,260
2012-08-17,41.0495,42.6393,40.8666,42.2339,22619900,46.18,77.45,18.08,47.34,260
2012-08-24,42.1067,43.2037,41.9318,43.0526,24214400,49.26,77.45,18.08,52.53,260
2012-08-31,43.0209,43.7442,42.8301,43.1639,24256300,49.68,77.45,18.08,53.24,260
2012-09-07,43.2434,43.9248,42.9255,43.625,15874300,51.48,77.45,18.08,56.26,260
2012-09-14,43.7283,44.1118,41.8841,43.2977,38909400,50.11,77.45,18.08,53.96,260
2012-09-21,43.569,44.87,43.1061,44.838,50682000,56.04,77.45,18.08,63.94,260
2012-09-28,44.7582,45.293,44.0399,44.2235,28432600,53.32,77.45,18.08,59.36,260
2012-10-05,44.4709,46.4103,44.3113,45.5963,25891600,58.2,77.45,18.08,67.58,260
2012-10-12,45.9634,46.5221,45.4286,45.5484,24605300,57.97,77.45,18.08,67.19,260
2012-10-19,45.6042,46.1709,44.1936,44.423,29069400,52.75,77.45,18.08,58.4,260
2012-10-26,44.3113,45.269,44.1677,44.5188,23874600,53.13,77.45,18.08,59.05,260
2012-11-02,44.8061,45.684,44.3033,44.7343,13939600,54.05,77.45,18.08,60.58,260
2012-11-09,44.9019,45.0855,42.0127,42.2202,42274900,43.43,77.45,18.08,42.7,260
2012-11-16,42.332,42.7071,40.7756,41.4221,30463000,40.69,77.45,18.08,38.09,260
2012-11-23,41.6855,43.0423,41.3822,43.0343,17413000,47.84,77.45,18.08,50.12,260
2012-11-30,42.2921,43.8005,41.6935,43.4094,38026700,49.36,77.45,18.08,52.7,260
2012-12-07,43.5451,43.8564,42.5235,43.164,22283400,48.37,77.45,18.08,51.02,260
2012-12-14,43.164,44.7265,43.0598,43.3082,24518400,49.02,77.45,18.08,52.11,260
2012-12-21,43.3323,44.4861,43.2521,44.0935,30978300,52.54,77.45,18.08,58.04,260
2012-12-28,43.9092,44.1095,43.1079,43.156,11329400,48.26,77.45,18.08,50.83,260
2013-01-04,42.9717,44.0694,41.5454,41.7378,35178000,42.6,77.45,18.08,41.3,260
2013-01-11,41.5727,42.7874,41.1528,42.3227,37844000,45.44,77.45,18.08,46.09,260
2013-01-18,42.3627,43.773,42.1464,43.7169,40860100,51.59,77.45,18.08,56.44,260
2013-01-25,43.789,45.2232,43.7169,44.9027,25822100,56.12,77.45,18.08,64.07,260
2013-02-01,45.2072,45.4236,44.2377,44.6864,32650700,55.1,77.45,18.08,62.37,260
2013-02-08,44.3258,46.6775,44.3258,46.2649,29312600,60.68,77.45,18.08,71.76,260
2013-02-15,46.1207,46.2408,45.4716,45.9284,23800800,59.0,77.45,18.08,68.92,260
2013-02-22,43.4284,45.5758,43.3002,43.6448,36867100,49.06,77.45,18.08,52.18,260
2013-03-01,43.821,43.8691,42.0743,42.8836,31118600,46.26,77.45,18.08,47.47,260
2013-03-08,42.7153,43.4685,42.5711,43.1159,24297400,47.25,77.45,18.08,49.13,260
2013-03-15,43.1319,44.1609,43.0678,44.0241,26773100,51.04,77.45,18.08,55.52,260
2013-03-22,43.6782,44.6676,43.6219,43.807,26359200,50.11,77.45,18.08,53.96,260
2013-03-28,43.9598,46.0995,43.7909,46.019,25413400,58.41,77.45,18.08,67.93,260
2013-04-05,45.9788,51.4406,45.8582,49.9525,56300800,68.45,77.45,18.08,84.85,260
2013-04-12,49.9283,50.9016,49.3049,50.7006,22253000,69.94,77.45,18.08,87.35,260
2013-04-19,50.4512,50.7971,46.6786,48.2954,38570600,60.13,77.45,18.08,70.83,260
2013-04-26,48.2552,48.3838,46.751,47.845,29648800,58.47,77.45,18.08,68.04,260
2013-05-03,48.223,48.6574,47.3543,47.3945,26683200,56.79,77.45,18.08,65.2,260
2013-05-10,47.7645,50.6684,47.7163,50.604,31905500,64.61,77.45,18.08,78.37,260
2013-05-17,50.411,50.9258,49.2004,50.5477,28434500,64.39,77.45,18.08,78.0,260
2013-05-24,50.4592,50.8936,49.4618,49.9203,21431100,61.86,77.45,18.08,73.74,260
2013-05-31,50.2662,52.2048,50.1938,50.3788,21909700,63.0,77.45,18.08,75.67,260
2013-06-07,50.5879,50.7649,49.0274,50.3305,24213500,62.79,77.45,18.08,75.31,260
2013-06-14,50.3386,52.0691,50.3305,51.5439,22713200,65.91,77.45,18.08,80.57,260
2013-06-21,51.9398,53.4506,51.245,51.6247,30083300,66.12,77.45,18.08,80.92,260
2013-06-28,51.2935,53.4748,51.2692,52.9012,26879300,69.25,77.45,18.08,86.19,260
2013-07-05,53.2324,53.6122,52.2306,53.4587,12848900,70.53,77.45,24.17,87.02,260
2013-07-12,54.0888,55.543,53.6122,54.9371,26086600,73.66,77.45,27.05,92.5,260
2013-07-19,55.0421,58.2414,53.2567,57.7244,39765300,78.34,78.34,27.05,100.0,260
2013-07-26,57.8132,59.0978,57.684,58.3384,22662200,79.22,79.22,27.05,100.0,260
2013-08-02,58.2576,59.5098,58.1121,58.3788,22051900,79.28,79.28,27.05,100.0,260
2013-08-09,58.4595,59.5179,58.3868,58.92,13496300,80.1,80.1,27.05,100.0,260
2013-08-16,58.4999,59.2917,57.3608,57.7082,15475300,73.12,80.1,27.05,86.85,260
2013-08-23,57.789,58.8473,57.7324,58.605,15394000,74.86,80.1,27.05,90.14,260
2013-08-30,58.6858,58.912,57.482,57.9586,19151300,71.27,80.1,27.05,83.37,260
2013-09-06,58.0152,60.4227,57.999,59.833,13580800,75.02,80.1,27.05,90.42,260
2013-09-13,59.8734,61.2235,59.6068,60.3964,16619000,76.03,80.1,27.05,92.33,260
2013-09-20,60.891,61.5317,57.0879,57.2257,34500100,61.05,80.1,27.05,64.1,260
2013-09-27,57.4123,59.1476,57.2663,58.3772,20111800,63.84,80.1,27.05,69.35,260
2013-10-04,57.8096,59.3057,57.5825,59.1881,20547500,65.7,80.1,33.37,69.19,260
2013-10-11,58.8638,60.2261,57.7163,60.2261,23130300,67.97,80.1,33.37,74.05,260
2013-10-18,59.8936,61.2154,54.7687,55.758,52744500,52.0,80.1,33.37,39.88,260
2013-10-25,55.6688,56.4667,54.4038,54.8336,40616900,49.42,80.1,33.37,34.34,260
2013-11-01,54.7768,55.7175,54.1038,55.6526,25885500,51.71,80.1,33.37,39.25,260
2013-11-08,55.7742,57.5915,55.3607,57.169,20746000,55.71,80.1,33.37,47.81,260
2013-11-15,57.3555,58.3529,56.6095,58.2799,18020700,58.43,80.1,35.31,51.61,260
2013-11-22,58.361,59.8044,57.7853,59.7963,20102300,61.87,80.1,35.31,59.29,260
2013-11-29,60.0072,60.81,59.8369,60.3964,14075500,63.17,80.1,35.31,62.19,260
2013-12-06,59.7152,60.569,59.0469,59.8283,22977800,61.05,80.1,35.31,57.46,260
2013-12-13,59.8283,60.569,57.3538,57.37,25586300,52.79,80.1,35.31,39.03,260
2013-12-20,57.5735,60.0155,57.1421,59.7062,25496000,58.53,80.1,35.31,51.84,260
2013-12-27,60.1051,61.3098,59.9992,60.7969,9497500,60.92,80.1,35.31,57.18,260
2014-01-03,60.9272,61.6679,60.4876,61.1307,10537200,61.65,80.1,35.31,58.8,260
2014-01-10,61.3912,62.9458,60.333,60.8051,29062900,60.46,80.1,35.31,56.16,260
2014-01-17,60.7807,61.0493,58.7294,59.0306,32520000,54.34,80.1,35.31,42.49,260
2014-01-24,59.1934,60.1783,58.1026,58.2817,21817900,51.95,80.1,35.31,37.15,260
2014-01-31,58.0457,59.4539,57.6631,58.8352,21716900,53.58,80.1,35.31,40.78,260
2014-02-07,58.7213,58.7782,56.8165,58.0864,25235000,51.06,80.1,35.31,35.16,260
2014-02-14,57.7201,60.1051,56.6293,59.8446,28074400,56.26,80.1,35.31,46.76,260
2014-02-21,59.8446,60.74,59.6085,60.0806,18151200,56.92,80.1,35.31,48.24,260
2014-02-28,60.3492,63.2552,60.2353,62.897,29157900,63.92,80.1,40.45,59.21,260
2014-03-07,62.4331,63.9552,62.2947,63.0029,20390700,64.16,80.1,40.45,59.81,260
2014-03-14,62.9052,63.8575,61.8006,61.8414,17640300,59.56,80.1,40.45,48.2,260
2014-03-21,62.2009,68.0664,62.16,66.4489,35863400,69.05,80.1,40.45,72.13,260
2014-03-28,66.7021,67.2739,65.9914,66.6776,27046300,69.43,80.1,40.45,73.09,260
2014-04-04,67.0534,67.8458,66.3917,66.6041,20688400,69.13,80.1,40.45,72.35,260
2014-04-11,66.5796,66.9799,64.3902,64.4964,20909200,61.08,80.1,40.45,52.04,260
2014-04-17,64.8967,65.1255,60.134,61.9068,30258100,52.93,80.1,40.45,31.47,260
2014-04-25,61.8414,63.1403,61.098,61.8087,27778700,52.64,80.1,40.45,30.75,260
2014-05-02,62.3724,62.5603,60.665,61.2941,24988600,51.08,80.1,40.45,26.8,260
2014-05-09,61.1307,63.7694,60.6977,62.8626,23996500,55.42,80.1,40.45,37.76,260
2014-05-16,63.0668,63.9001,62.0947,62.6175,14855000,54.6,80.1,40.45,35.7,260
2014-05-23,62.4296,64.5373,62.3806,64.3494,12755200,59.18,80.1,40.45,47.24,260
2014-05-30,64.7252,65.1418,63.7857,65.0519,13563100,60.9,80.1,40.45,51.58,260
2014-06-06,65.1663,65.9669,64.766,65.297,15120700,61.51,80.1,40.45,53.12,260
2014-06-13,65.395,65.6627,64.5136,64.9897,12819600,60.24,80.1,40.45,49.92,260
2014-06-20,64.9897,66.8816,63.6354,66.82,24701900,64.89,80.1,40.45,61.64,260
2014-06-27,66.8036,67.6983,66.3275,67.3043,19053100,66.02,80.1,40.45,64.49,260
2014-07-03,67.5341,68.4862,66.5409,68.4123,15275400,68.52,80.1,40.45,70.79,260
2014-07-11,68.1169,68.2318,66.5245,68.0184,15193100,66.64,80.1,40.45,66.06,260
2014-07-18,68.3959,71.6052,68.2974,70.1934,23116000,71.31,80.1,40.45,77.84,260
2014-07-25,69.9472,71.2112,68.9458,69.504,18373300,68.06,80.1,40.45,69.64,260
2014-08-01,69.7912,70.5053,66.11,66.8857,20653295,57.36,80.1,40.45,42.65,260
2014-08-08,66.9678,67.7393,64.6285,65.7612,17872702,53.47,80.1,40.45,32.84,260
2014-08-15,65.9828,67.5341,65.2769,66.8693,14399900,56.59,80.1,40.45,40.71,260
2014-08-22,67.1155,69.0279,66.7708,68.7653,13662500,61.37,80.1,40.45,52.77,260
2014-08-29,69.2659,71.597,68.9048,71.1455,16103800,66.37,80.1,40.45,65.39,260
2014-09-05,71.5067,72.5983,70.3904,72.0238,14074100,68.02,80.1,40.45,69.54,260
2014-09-12,71.9827,72.9516,70.7754,71.0392,15680100,64.22,80.1,40.45,59.97,260
2014-09-19,71.1381,73.1329,70.7507,72.3746,17788500,66.92,80.1,40.45,66.77,260
2014-09-26,72.3746,72.9186,70.8166,71.3854,13395213,63.12,80.1,40.45,57.19,260
2014-10-03,70.5446,71.7811,69.0196,70.9073,16253281,61.31,80.1,40.45,52.63,260
2014-10-10,71.4266,71.6698,69.1845,70.388,19273857,59.33,80.1,40.45,47.61,260
2014-10-17,70.2478,73.2071,66.5384,72.6878,36682208,64.78,80.1,40.45,61.36,260
2014-10-24,72.7373,75.5894,72.5394,75.5399,21204786,70.12,80.1,40.45,74.85,260
2014-10-31,75.3668,78.8619,74.4848,78.3178,20898576,74.23,80.1,40.45,85.2,260
2014-11-07,78.6805,79.6615,76.6692,77.1638,21792233,69.93,80.1,40.45,74.36,260
2014-11-14,77.2215,79.7439,77.0731,78.4003,14753804,71.81,80.1,40.45,79.11,260
2014-11-21,78.4745,81.2854,78.1777,79.7192,18777538,73.7,80.1,40.45,83.88,260
2014-11-28,80.1808,81.9531,79.5543,81.3018,13008398,75.8,80.1,40.45,89.17,260
2014-12-05,81.4008,83.8382,80.7908,83.0109,24073740,77.86,80.1,40.45,94.36,260
2014-12-12,83.0026,83.6397,81.654,81.7119,16804215,72.8,80.1,40.45,81.59,260
2014-12-19,81.745,86.0473,79.2215,84.798,27395609,76.68,80.1,40.45,91.37,260
2014-12-26,84.8725,85.9894,84.525,84.8476,8406015,76.73,80.1,40.45,91.52,260
2015-01-02,84.707,85.7826,82.7452,83.3832,8859607,71.16,80.1,40.45,77.47,260
2015-01-09,82.986,86.8602,81.4637,85.8157,20084732,74.48,80.1,40.45,85.83,260
2015-01-16,85.9067,87.7021,83.7141,87.5118,23607080,76.51,80.1,40.45,90.94,260
2015-01-23,87.8676,94.5859,86.4569,92.6664,28130785,81.35,81.35,40.45,100.0,260
2015-01-30,92.6664,92.6664,87.8179,87.9089,25864645,67.51,81.35,40.45,66.15,260
2015-02-06,88.3061,90.8544,86.9326,89.0259,20577238,68.85,81.35,40.45,69.43,260
2015-02-13,88.4715,91.657,87.9338,90.5483,20251129,70.63,81.35,40.45,73.78,260
2015-02-20,90.4655,93.3448,89.7871,93.1793,13710792,73.45,81.35,40.45,80.67,260
2015-02-27,93.4855,96.4557,93.3696,94.015,21631816,74.29,81.35,40.45,82.74,260
2015-03-06,94.1308,95.7442,92.3768,93.3945,15435157,72.45,81.35,40.45,78.23,260
2015-03-13,93.4689,95.7888,93.047,95.6726,16819026,74.91,81.35,40.45,84.25,260
2015-03-20,96.2952,100.8858,96.1457,98.9018,24757406,77.92,81.35,40.45,91.61,260
2015-03-27,99.184,100.0142,95.133,97.9637,16481522,75.1,81.35,40.45,84.72,260
2015-04-02,101.5416,102.737,96.7434,97.4241,17074694,73.46,81.35,40.45,80.69,260
2015-04-10,96.3118,99.4737,96.2537,98.7856,12179066,74.95,81.35,40.45,84.34,260
2015-04-17,100.4458,101.5416,96.7517,98.5448,25971737,74.15,81.35,40.45,82.4,260
2015-04-24,99.4912,99.8896,97.0921,98.5282,18260909,74.1,81.35,40.45,82.26,260
2015-05-01,98.935,99.1259,92.2441,93.9708,28948787,60.12,81.35,40.45,48.1,260
2015-05-08,94.3859,96.7849,93.5225,96.0295,17227320,63.48,81.35,40.45,56.29,260
2015-05-15,95.9714,99.0761,94.4938,99.0595,18743673,67.77,81.35,40.45,66.79,260
2015-05-22,98.9682,101.1514,98.6557,99.2753,15687826,68.06,81.35,40.45,67.49,260
2015-05-29,98.9682,100.9605,97.7064,99.79,14795635,68.77,81.35,40.45,69.24,260
2015-06-05,100.064,100.0806,95.7639,96.7351,17558711,60.15,81.35,40.45,48.16,260
2015-06-12,96.6106,99.9831,96.1208,98.0741,17217229,62.38,81.35,40.45,53.6,260
2015-06-19,97.3906,101.8671,96.6987,100.3082,26499699,65.81,81.35,40.45,62.0,260
2015-06-26,101.3919,103.4593,99.2787,102.7423,36573258,69.12,81.35,40.45,70.08,260
2015-07-02,101.7337,103.2675,100.8667,101.542,15538210,65.74,81.35,40.45,61.83,260
2015-07-10,99.6997,102.6173,98.2075,101.8254,24357981,66.16,81.35,40.45,62.85,260
2015-07-17,102.6173,105.0765,101.542,103.2425,23945735,68.26,81.35,40.45,67.98,260
2015-07-24,103.4092,103.5551,98.0158,98.3159,19560299,55.4,81.35,40.45,36.56,260
2015-07-31,98.2659,102.3005,97.2489,101.2002,20218949,60.14,81.35,40.45,48.13,260
2015-08-07,101.3752,103.9011,100.1498,101.5503,13693946,60.68,81.35,40.45,49.46,260
2015-08-14,102.1171,102.8174,99.2413,100.8834,13575376,59.02,81.35,40.45,45.41,260
2015-08-21,100.3666,105.2098,96.7071,96.9321,19332273,50.27,81.35,40.45,24.0,260
2015-08-28,92.4139,98.2325,79.1929,97.7657,33533858,51.89,81.35,40.45,27.97,260
2015-09-04,97.8407,99.0161,92.7474,93.6643,19799952,44.24,81.35,40.45,9.28,260
2015-09-11,95.1398,99.5217,94.7564,99.3793,17021955,54.34,81.35,40.45,33.96,260
2015-09-18,99.6556,104.7544,98.0816,102.5357,22159088,58.78,81.35,40.45,44.81,260
2015-09-25,103.3897,104.0427,96.4742,97.4286,23970531,50.26,81.35,40.45,23.99,260
2015-10-02,96.7421,99.5049,92.9368,99.4882,22658802,53.21,81.35,40.45,31.19,260
2015-10-09,100.1915,100.7524,95.9467,99.8566,20568743,53.73,81.35,40.45,32.48,260
2015-10-16,99.6389,105.4828,97.0853,100.451,30516397,54.62,81.35,40.45,34.65,260
2015-10-23,100.2836,101.7822,92.1555,97.0518,28297193,48.84,81.35,40.45,20.52,260
2015-10-30,97.0518,101.8659,96.2816,98.6091,19286352,51.38,81.35,40.45,26.73,260
2015-11-06,99.3291,100.4259,95.1346,96.1225,20143552,47.34,81.35,40.45,16.85,260
2015-11-13,95.5532,97.8388,93.0834,93.2759,15080215,43.16,81.35,40.45,6.63,260
2015-11-20,92.8489,98.3998,91.7689,94.582,30540733,45.54,81.35,40.45,12.44,260
2015-11-27,94.582,97.0351,92.9829,95.729,11724955,47.61,81.35,40.45,17.51,260
2015-12-04,95.9132,100.3735,94.289,98.9946,24015988,53.08,81.35,40.45,30.89,260
2015-12-11,99.1207,99.1207,95.808,97.5148,17588725,50.51,81.35,40.45,24.59,260
2015-12-18,97.4307,101.8112,96.2116,97.3803,22011508,50.27,81.35,40.45,24.01,260
2015-12-24,98.0108,100.2053,97.5316,99.499,9386411,53.96,81.35,40.45,33.03,260
2015-12-31,99.4318,101.2395,98.6751,98.9105,7730368,52.79,81.35,40.45,30.17,260
2016-01-08,98.2967,99.1207,92.2851,92.6214,20184166,42.23,81.35,40.45,4.36,260
2016-01-15,92.9157,95.1185,90.3933,91.8731,22592986,41.18,81.35,40.45,1.78,260
2016-01-22,93.7396,97.313,92.1505,96.1275,24538074,48.98,81.35,40.45,20.86,260
2016-01-29,96.2872,96.9515,92.9997,96.8253,21027837,50.15,81.35,40.45,23.72,260
2016-02-05,96.5479,97.6577,92.7391,93.933,17732611,45.5,81.35,40.45,12.35,260
2016-02-12,92.9073,96.2536,91.5032,94.0171,18260835,45.66,81.35,40.45,12.73,260
2016-02-19,94.6981,100.8948,94.6141,98.9441,16239234,54.05,81.35,40.45,33.25,260
2016-02-26,100.1549,102.7949,99.0702,102.013,15578125,58.37,81.35,40.45,43.8,260
2016-03-04,101.8196,102.7613,100.0287,102.4082,16430556,58.9,81.35,40.45,45.11,260
2016-03-11,101.8028,105.8028,101.5085,105.6171,13321252,63.05,81.35,40.45,55.26,260
2016-03-18,105.3638,107.2887,103.1856,106.9848,15210529,64.69,81.35,40.45,59.26,260
2016-03-24,106.5795,110.0494,106.1067,108.5635,16971371,66.53,81.35,40.45,63.77,260
2016-04-01,108.7577,110.6869,108.0739,109.6864,14080284,67.82,81.35,40.45,66.92,260
2016-04-08,110.1761,110.3449,105.7521,106.1067,17102231,59.91,81.35,40.45,47.58,260
2016-04-15,106.2334,108.6226,105.8703,107.4998,13108645,61.78,81.35,40.45,52.15,260
2016-04-22,107.1198,114.0681,106.8835,113.2407,20946282,68.33,81.35,40.45,68.16,260
2016-04-29,112.8862,113.646,108.8506,111.1723,16189704,64.07,81.35,40.45,57.74,260
2016-05-06,111.9575,112.5231,110.2478,111.4762,14102688,64.42,81.35,40.45,58.6,260
2016-05-13,111.2314,113.131,108.5298,108.9097,14213841,59.16,81.35,40.45,45.75,260
2016-05-20,108.6986,111.2652,108.5129,110.5475,12308547,61.33,81.35,40.45,51.05,260
2016-05-27,109.8595,113.5784,109.7624,113.131,11282996,64.53,81.35,40.45,58.87,260
2016-06-03,113.6375,115.7651,112.3036,115.5287,13892905,67.24,81.35,40.45,65.5,260
2016-06-10,115.5962,118.9479,115.2501,117.5549,18572161,69.37,81.35,40.45,70.7,260
2016-06-17,117.3523,118.3063,115.6646,116.7756,15760591,67.55,81.35,40.45,66.26,260
2016-06-24,118.0732,118.7135,114.6214,116.4364,15249661,66.73,81.35,40.45,64.25,260
2016-07-01,115.4695,120.2529,114.9013,119.4641,19504401,70.21,81.35,40.45,72.75,260
2016-07-08,118.862,121.2451,118.3523,119.8118,14953661,70.59,81.35,40.45,73.68,260
2016-07-15,119.8118,121.1519,118.2004,119.8627,18302350,70.65,81.35,40.45,73.82,260
2016-07-22,120.2274,122.5343,118.158,121.8643,21181186,72.95,81.35,40.45,79.45,260
2016-07-29,121.7455,122.0381,118.6584,121.4487,13862038,71.69,81.35,40.45,76.38,260
2016-08-05,121.6353,122.2629,120.6515,121.2706,11028518,71.13,81.35,40.45,74.99,260
2016-08-12,120.9483,121.3978,119.5235,121.1773,9498800,70.81,81.35,40.69,74.07,260
2016-08-19,121.2451,121.3724,119.0146,120.4649,9430056,68.32,81.35,40.69,67.95,260
2016-08-26,120.5243,121.2791,115.3338,115.8682,13386768,54.92,81.35,40.69,34.98,260
2016-09-02,116.3601,117.0725,114.7911,115.8597,12335573,54.9,81.35,40.69,34.93,260
2016-09-09,115.8682,116.0632,113.8485,113.8485,11208126,49.93,81.35,40.69,22.71,260
2016-09-16,113.0732,118.049,112.8005,117.9809,22135632,58.28,81.35,40.69,43.26,260
2016-09-23,118.1598,120.8011,116.7753,119.719,14992140,61.21,81.35,40.69,50.47,260
2016-09-30,119.2419,120.7415,117.4441,119.2845,14040509,60.08,81.35,40.69,47.67,260
2016-10-07,118.7307,119.0459,115.5867,116.4387,16396503,53.12,81.35,40.69,30.56,260
2016-10-14,116.7028,117.8786,113.84,114.1041,17106001,48.19,81.35,40.69,18.44,260
2016-10-21,114.2234,124.7034,113.3458,123.8599,28075913,63.45,81.35,40.69,55.98,260
2016-10-28,124.3967,124.5841,118.8074,119.5827,16683867,55.71,81.35,40.69,36.92,260
2016-11-04,119.9661,120.5966,117.2822,117.3333,16812613,52.1,81.35,40.69,28.06,260
2016-11-11,118.9437,125.6747,116.0638,124.7545,26879080,61.05,81.35,40.69,50.07,260
2016-11-18,125.5214,131.1789,125.2828,127.3362,24898003,63.6,81.35,40.69,56.34,260
2016-11-25,127.5662,131.639,126.5779,130.199,13363300,66.24,81.35,40.69,62.83,260
2016-12-02,130.1394,139.0189,127.8048,137.4877,26729534,71.84,81.35,40.69,76.59,260
2016-12-09,137.0258,137.4364,133.6385,136.966,21038024,70.93,81.35,40.69,74.36,260
2016-12-16,135.8625,140.2849,134.9387,140.2336,23253487,73.21,81.35,40.69,79.97,260
2016-12-23,139.5065,140.2336,136.5383,139.4552,15418055,71.77,81.35,40.69,76.42,260
2016-12-30,139.6519,140.2507,136.735,136.8975,8344895,67.08,81.35,40.69,64.9,260
2017-01-06,137.8299,139.3782,136.1362,138.9248,12277851,68.82,81.35,40.69,69.17,260
2017-01-13,138.5741,139.4124,137.291,138.403,15611057,67.83,81.35,40.69,66.74,260
2017-01-20,139.0959,139.4038,133.5187,135.7171,20623059,62.81,81.35,40.69,54.39,260
2017-01-27,135.6829,140.1138,133.9207,139.4209,18494329,66.49,81.35,40.69,63.45,260
2017-02-03,139.3782,140.1993,136.8719,138.4629,17016582,64.71,81.35,40.69,59.06,260
2017-02-10,138.1549,139.0275,136.3586,137.5048,13724066,62.89,81.35,40.69,54.59,260
2017-02-17,137.4535,141.1146,133.8609,134.8275,26007725,57.99,81.35,40.69,42.53,260
2017-02-24,134.8275,139.5065,134.7419,139.4808,13319900,63.34,81.35,40.69,55.69,260
2017-03-03,139.5664,144.2197,139.267,143.8775,16111897,67.54,81.35,40.69,66.03,260
2017-03-10,143.2189,145.9585,142.9623,145.9414,14675243,69.32,81.35,40.69,70.4,260
2017-03-17,145.9499,147.7959,144.6707,145.701,17222025,68.85,81.35,40.69,69.24,260
2017-03-24,145.8984,146.1646,141.1076,141.6656,21072754,61.28,81.35,40.69,50.64,260
2017-03-31,140.7985,142.5843,139.7252,140.8156,24100470,59.79,81.35,40.69,46.97,260
2017-04-07,141.3394,143.606,141.0217,142.5414,15753385,61.82,81.35,40.69,51.97,260
2017-04-13,142.6873,143.3828,141.3222,141.6313,11366421,60.1,81.35,40.69,47.73,260
2017-04-21,141.6571,148.208,141.6313,146.9545,21260575,66.06,81.35,40.69,62.38,260
2017-04-28,148.2424,151.1701,147.4181,150.1484,12682216,69.05,81.35,40.69,69.73,260
2017-05-05,150.2514,151.2302,146.1934,149.4959,15910184,67.73,81.35,40.69,66.5,260
2017-05-12,149.3328,150.054,147.2636,147.5126,9878555,63.77,81.35,40.69,56.75,260
2017-05-19,147.4954,149.3757,143.0823,148.1823,19371374,64.52,81.35,40.69,58.61,260
2017-05-26,148.3025,153.5913,148.1908,152.3979,12350516,68.92,81.35,40.69,69.41,260
2017-06-02,152.4322,154.4756,150.1827,154.0206,10892036,70.43,81.35,40.69,73.14,260
2017-06-09,154.1408,157.7726,153.2393,155.7979,15319859,72.04,81.35,40.69,77.1,260
2017-06-16,155.4115,158.2044,151.4706,156.5922,15734586,72.76,81.35,40.69,78.86,260
2017-06-23,157.1699,162.6531,155.8421,159.7132,16302878,75.41,81.35,40.69,85.39,260
2017-06-30,159.6097,161.0495,158.1096,159.8598,11898331,75.53,81.35,40.69,85.69,260
2017-07-07,160.6098,162.4548,160.1184,162.0496,8630044,77.32,81.35,40.69,90.09,260
2017-07-14,161.5065,162.0841,159.2994,161.1357,13549427,74.86,81.35,40.69,84.03,260
2017-07-21,161.2823,166.3949,158.5148,165.343,17992936,78.29,81.35,40.69,92.46,260
2017-07-28,165.3517,165.9465,161.7392,164.7999,11418635,76.83,81.35,40.69,88.88,260
2017-08-04,165.1792,169.0158,164.7913,168.0157,15199200,79.29,81.35,40.69,94.92,260
2017-08-11,167.9553,168.4726,165.8776,166.4121,10641460,75.02,81.35,40.69,84.42,260
2017-08-18,167.7743,168.3519,164.3516,164.5154,10942048,70.2,81.35,40.69,72.57,260
2017-08-25,164.5671,168.5847,164.5671,167.5674,8482762,73.18,81.35,40.69,79.91,260
2017-09-01,167.7657,172.4213,167.5415,172.2144,10728823,76.97,81.35,40.69,89.21,260
2017-09-08,171.7402,172.8092,170.3866,171.1353,10532755,74.34,81.35,40.69,82.76,260
2017-09-15,172.4334,173.7402,170.4084,171.5074,14578860,74.66,81.35,40.69,83.55,260
2017-09-22,171.4988,172.0613,162.9139,167.0506,15900395,64.3,81.35,40.69,58.06,260
2017-09-29,167.2583,170.0925,165.2245,169.491,13718821,67.0,81.35,40.69,64.71,260
2017-10-06,170.1314,173.7142,169.9064,171.4036,13985217,68.98,81.35,40.69,69.58,260
2017-10-13,171.3603,171.6286,160.9667,166.6092,16861530,59.37,81.35,40.69,45.92,260
2017-10-20,166.5746,180.1875,165.6053,179.5644,25066892,71.09,81.35,40.69,74.77,260
2017-10-27,179.6423,184.1338,178.1019,183.9867,16129431,73.87,81.35,40.69,81.59,260
2017-11-03,183.6492,185.0511,179.8327,184.2203,12931917,74.01,81.35,40.69,81.93,260
2017-11-10,183.3895,185.1377,180.9837,182.6626,9417702,71.23,81.35,41.18,74.81,260
2017-11-17,182.0049,184.7958,181.001,181.6501,10073493,69.41,81.35,41.18,70.27,260
2017-11-24,181.7366,184.2723,181.3731,183.9088,7369504,71.18,81.35,41.18,74.68,260
2017-12-01,183.6838,199.0219,183.303,196.9033,20161480,78.79,81.35,41.18,93.62,260
2017-12-08,199.0566,201.2359,189.445,194.4114,15988228,74.72,81.35,41.18,83.48,260
2017-12-15,194.6285,197.0683,191.5636,192.5968,15605599,71.8,81.35,41.18,76.23,260
2017-12-22,194.1813,195.2623,189.6708,191.0166,12658206,69.27,81.35,41.18,69.93,260
2017-12-29,190.2264,194.4462,190.2264,191.4159,6773024,69.56,81.35,41.18,70.66,260
2018-01-05,191.9022,198.8743,191.0166,198.5964,10658412,74.3,81.35,41.18,82.43,260
2018-01-12,198.0755,199.6123,193.6474,198.5183,14121704,74.16,81.35,41.18,82.1,260
2018-01-19,202.6251,212.1586,200.7844,211.2904,22333682,80.43,81.35,41.18,97.69,260
2018-01-26,211.4987,215.9703,209.5625,215.7358,14214052,82.06,82.06,41.18,100.0,260
2018-02-02,216.4391,217.7502,200.7323,201.3314,27223347,63.57,82.06,41.18,54.79,260
2018-02-09,200.385,202.3994,181.0142,191.8501,29497069,54.82,82.06,41.18,33.38,260
2018-02-16,193.1351,200.1767,192.5273,199.1521,19221046,59.45,82.06,41.18,44.7,260
2018-02-23,197.8845,199.977,195.4273,199.838,11449818,59.87,82.06,41.18,45.72,260
2018-03-02,201.1231,204.8132,193.2653,195.5228,16436999,55.98,82.06,41.18,36.2,260
2018-03-09,193.9426,199.2042,193.439,196.3844,16782444,56.58,82.06,41.18,37.69,260
2018-03-16,197.0639,201.472,194.0671,198.5013,17864763,58.11,82.06,41.18,41.42,260
2018-03-23,198.0222,198.5971,185.1204,185.1639,21180155,46.91,82.06,41.18,14.02,260
2018-03-29,187.4638,194.5724,186.4271,186.4271,15726368,47.93,82.06,41.18,16.53,260
2018-04-06,190.3125,201.742,186.9759,195.1038,22126510,54.43,82.06,41.18,32.43,260
2018-04-13,196.5151,198.7627,193.1263,195.3826,14447904,54.63,82.06,41.18,32.91,260
2018-04-20,197.8479,210.532,197.1859,204.7736,19207919,60.75,82.06,41.18,47.88,260
2018-04-27,204.974,209.5476,200.7489,209.2339,13309725,63.29,82.06,41.18,54.08,260
2018-05-04,209.9483,209.9483,199.7645,205.5054,14354450,59.81,82.06,41.18,45.58,260
2018-05-11,205.488,208.0317,198.8236,207.5787,14654087,61.09,82.06,41.18,48.71,260
2018-05-18,208.1189,213.2238,207.8314,213.1193,12898833,64.36,82.06,41.18,56.7,260
2018-05-25,213.4329,217.0656,210.5058,213.3893,12897984,64.51,82.06,41.18,57.08,260
2018-06-01,212.4398,214.0863,209.2862,211.9955,10247230,62.98,82.06,41.18,53.33,260
2018-06-08,212.5618,219.0954,210.741,218.3811,11522772,66.87,82.06,41.18,62.85,260
2018-06-15,218.5204,223.7822,217.9368,223.7822,15709492,69.76,82.06,41.18,69.93,260
2018-06-22,222.0513,223.0217,219.3587,222.3747,11805885,68.09,82.06,41.18,65.84,260
2018-06-29,222.366,223.0391,211.7617,214.4805,14044431,59.49,82.06,41.18,44.8,260
2018-07-06,214.1833,220.0668,213.414,219.2188,6796756,62.55,82.06,41.18,52.28,260
2018-07-13,220.4165,226.4311,219.4723,226.1601,9486808,66.54,82.06,41.18,62.03,260
2018-07-20,225.8017,225.9415,215.2936,220.9148,18239507,61.23,82.06,41.18,49.06,260
2018-07-27,221.0984,225.4345,220.3116,223.756,10682292,62.95,82.06,41.18,53.27,260
2018-08-03,223.721,225.1635,220.5039,224.8663,10321123,63.63,82.06,41.18,54.94,260
2018-08-10,224.2368,229.9367,223.3364,227.6113,8295590,65.33,82.06,41.18,59.08,260
2018-08-17,228.1708,231.0513,226.5885,229.3335,9680582,66.39,82.06,41.18,61.67,260
2018-08-24,229.9192,231.4753,226.9119,231.0382,9336200,67.45,82.06,41.18,64.26,260
2018-08-31,231.6677,236.1874,231.1606,234.6925,14036832,69.65,82.06,41.18,69.66,260
2018-09-07,234.2903,237.844,233.0402,235.3179,9842286,70.03,82.06,41.18,70.58,260
2018-09-14,234.0022,234.0197,225.8473,232.7128,13484424,66.35,82.06,41.18,61.59,260
2018-09-21,233.7566,235.0197,229.8095,233.9057,15538576,67.2,82.06,41.18,63.66,260
2018-09-28,234.2039,236.4143,230.2042,233.3531,14363897,66.37,82.06,41.18,61.62,260
2018-10-05,234.4144,238.6422,234.2127,236.1249,13327038,68.48,82.06,41.18,66.8,260
2018-10-12,235.8091,238.5458,224.3537,227.7131,17207499,56.81,82.06,41.18,38.23,260
2018-10-19,228.1692,239.2913,227.45,232.704,20490881,61.05,82.06,41.18,48.61,260
2018-10-26,233.9759,234.0461,222.2398,226.4588,21472228,53.91,82.06,41.18,31.15,260
2018-11-02,227.8096,233.6513,222.196,228.9411,17462442,56.11,82.06,41.18,36.53,260
2018-11-09,229.9411,243.8437,228.1166,242.5718,18380094,65.76,82.06,41.18,60.13,260
2018-11-16,242.0894,243.6595,228.8008,237.8002,16684911,60.73,82.06,41.18,47.82,260
2018-11-23,238.1247,238.8177,226.5465,229.4762,11682174,53.09,82.06,41.18,29.14,260
2018-11-30,232.1076,250.3783,231.1252,247.5803,22742690,63.76,82.06,41.18,55.25,260
2018-12-07,249.0234,253.3703,233.4044,236.8626,19015451,55.69,82.06,41.18,35.49,260
2018-12-14,236.3434,241.5967,228.9871,233.202,16043560,53.21,82.06,41.18,29.43,260
2018-12-21,229.6998,231.2045,208.942,209.7252,35862748,40.7,82.06,40.7,0.0,260
2018-12-28,207.8773,219.8005,203.9792,216.6767,14858886,44.83,82.06,40.7,10.0,260
2019-01-04,218.2782,220.2317,207.7805,210.8515,17177609,42.18,82.06,40.7,3.58,260
2019-01-11,211.5379,218.0142,209.6284,217.935,18518645,46.34,82.06,40.7,13.64,260
2019-01-18,216.9847,234.2931,216.5623,233.6244,24779368,54.2,82.06,40.7,32.65,260
2019-01-25,232.3573,237.9449,232.0141,235.8682,12760461,55.21,82.06,40.7,35.1,260
2019-02-01,234.8563,239.7312,232.8412,236.4578,16671811,55.49,82.06,40.7,35.77,260
2019-02-08,236.097,239.4232,229.0663,230.4566,16572060,51.96,82.06,40.7,27.22,260
2019-02-15,229.8142,238.5785,225.5641,238.5785,18940223,56.04,82.06,40.7,37.09,260
2019-02-22,238.6137,239.7752,233.2724,235.0411,11034855,53.89,82.06,40.7,31.9,260
2019-03-01,235.4547,235.9738,210.4379,216.5975,33800601,44.35,82.06,40.7,8.83,260
2019-03-08,218.331,218.6214,206.355,209.5932,30405219,41.35,82.06,40.7,1.59,260
2019-03-15,211.2891,225.2891,208.8247,222.0563,23988830,48.07,82.06,40.7,17.84,260
2019-03-22,223.1692,228.99,218.161,218.2493,18763701,46.33,82.06,40.7,13.61,260
2019-03-29,218.5408,218.9559,210.3616,218.3995,21242055,46.41,82.06,40.7,13.81,260
2019-04-05,220.5635,220.9963,214.4601,219.7421,17316639,47.19,82.06,40.7,15.71,260
2019-04-12,220.537,220.7667,195.0014,197.1655,30056130,37.32,82.06,37.32,0.0,260
2019-04-18,199.4178,210.2292,183.7838,195.867,73411835,36.84,82.06,36.84,0.0,260
2019-04-26,197.8544,209.4342,195.6462,209.337,39698564,44.74,82.06,36.84,17.47,260
2019-05-03,209.6904,210.291,200.6632,204.8765,27623100,42.83,82.06,36.84,13.25,260
2019-05-10,201.5377,214.7692,200.9459,212.508,24727343,47.0,82.06,36.84,22.47,260
2019-05-17,208.8512,214.1421,205.4683,213.2058,24056852,47.38,82.06,36.84,23.3,260
2019-05-24,211.9869,221.8619,211.7837,218.7263,21682786,50.39,82.06,36.84,29.97,260
2019-05-31,219.4947,220.2014,210.132,213.5768,16063892,47.65,82.06,36.84,23.91,260
2019-06-07,213.303,218.2317,207.4203,217.9667,18653574,50.14,82.06,36.84,29.41,260
2019-06-14,218.2405,221.4291,214.0184,217.684,13899720,49.97,82.06,36.84,29.05,260
2019-06-21,218.2429,224.8878,217.4888,223.8143,20081852,53.54,82.06,36.84,36.94,260
2019-06-28,222.9715,224.1249,211.7223,216.4775,20293509,49.03,82.06,36.84,26.97,260
2019-07-05,218.1986,220.6915,212.5118,219.1212,13498406,50.65,82.06,36.84,30.54,260
2019-07-12,218.6067,236.4476,216.1936,235.8975,23035661,59.42,82.06,36.84,49.94,260
2019-07-19,235.1523,238.3727,227.4695,227.6913,19968364,54.33,82.06,36.84,38.69,260
2019-07-26,229.0131,229.7317,217.4711,224.3999,18583400,52.39,82.06,36.84,34.4,260
2019-08-02,224.3112,228.1437,218.3317,221.836,13737964,50.87,82.06,36.84,31.04,260
2019-08-09,220.1326,222.1642,214.0378,220.5762,17916956,50.1,82.06,36.84,29.33,260
2019-08-16,218.9438,222.1997,214.2063,217.9679,15112721,48.47,82.06,36.84,25.71,260
2019-08-23,219.5648,220.452,203.4982,204.6338,17962278,41.08,82.06,36.84,9.38,260
2019-08-30,206.2839,208.5285,195.8686,207.5969,20191734,43.15,82.06,36.84,13.97,260
2019-09-06,205.5919,206.6654,200.9432,203.1611,16348132,40.84,82.06,36.84,8.84,260
2019-09-13,203.1611,210.8383,202.7708,208.2091,20553998,44.49,82.06,36.84,16.92,260
2019-09-20,207.505,210.3838,204.3053,207.5674,17337654,44.12,82.06,36.84,16.1,260
2019-09-27,204.7866,205.6868,190.2233,191.8543,28493487,36.13,82.06,36.13,0.0,260
2019-10-04,190.4105,195.9542,189.0201,195.9007,23354510,39.19,82.06,36.13,6.65,260
2019-10-11,195.2322,203.9667,193.8686,197.9239,24471424,40.71,82.06,36.13,9.97,260
2019-10-18,197.5317,219.6173,195.9898,218.6637,34703990,53.57,82.06,36.13,37.97,260
2019-10-25,218.3785,224.3767,215.8205,218.2804,18259786,53.34,82.06,36.13,37.47,260
2019-11-01,218.5924,228.4587,218.2893,224.7867,16642619,56.74,82.06,36.13,44.87,260
2019-11-08,226.0523,230.2501,222.0059,229.0291,18088891,58.84,82.06,36.13,49.45,260
2019-11-15,227.3179,245.6067,225.6601,240.1076,19307570,63.8,82.06,36.13,60.24,260
2019-11-22,239.7511,248.1735,239.7511,246.7386,21235316,66.4,82.06,36.13,65.92,260
2019-11-29,247.5764,252.2288,246.8901,249.4391,10927947,67.43,82.06,36.13,68.16,260
2019-12-06,251.1415,253.2368,244.0737,250.6869,14654304,67.92,82.06,36.13,69.22,260
2019-12-13,251.2058,257.5046,245.1576,255.4199,14353689,69.77,82.06,36.13,73.25,260
2019-12-20,257.6477,268.411,256.8335,261.7812,22120513,72.11,82.06,36.13,78.33,260
2019-12-27,262.5328,265.3153,261.9781,264.8053,5410618,73.17,82.06,36.13,80.64,260
2020-01-03,264.8769,265.3153,254.4178,259.0524,8990747,67.88,82.06,36.13,69.13,260
2020-01-10,257.6745,266.0669,256.9767,264.0538,14266925,69.92,82.06,36.13,73.56,260
2020-01-17,263.3738,269.2967,254.3194,267.0421,27201228,71.09,82.06,36.13,76.13,260
2020-01-24,265.6285,270.6835,260.8597,261.9781,14927913,66.35,82.06,36.13,65.8,260
2020-01-31,257.6745,258.0056,242.6256,243.7619,22445960,52.73,82.06,36.13,36.14,260
2020-02-07,246.1597,265.9684,242.3035,258.7661,22167168,60.01,82.06,36.13,52.0,260
2020-02-14,256.0909,273.6897,255.3931,267.3194,18888753,63.47,82.06,36.13,59.52,260
2020-02-21,268.1157,274.4144,266.5232,269.6904,12133350,64.39,82.06,36.13,61.52,260
2020-02-28,256.6814,258.5603,219.4707,228.1135,41318381,43.66,82.06,36.13,16.38,260
2020-03-06,230.2429,264.689,223.9621,253.9794,43842632,53.65,82.06,36.13,38.15,260
2020-03-13,236.6132,255.2052,217.6203,244.3614,42809245,50.09,82.06,36.13,30.4,260
2020-03-20,219.1024,223.45,179.8217,185.5706,50015600,34.87,82.06,34.87,0.0,260
2020-03-27,181.4835,231.7139,168.6205,217.782,41946677,44.77,82.06,34.87,20.99,260
2020-04-03,217.9527,228.6329,203.0326,206.1406,24309798,42.27,82.06,34.87,15.69,260
2020-04-09,215.5813,242.8882,211.1978,237.2562,22655780,50.27,82.06,34.87,32.64,260
2020-04-17,235.3968,273.0696,231.9115,260.997,29169209,55.35,82.06,34.87,43.41,260
2020-04-24,256.2722,262.2007,245.4482,261.6528,19392598,55.49,82.06,34.87,43.7,260
2020-05-01,263.3774,267.9046,251.1522,255.5626,22976300,53.86,82.06,34.87,40.24,260
2020-05-08,255.5446,267.3926,253.4068,257.7993,14335372,54.39,82.06,34.87,41.36,260
2020-05-15,256.5058,269.4766,247.5232,261.3563,31061045,55.27,82.06,34.87,43.23,260
2020-05-22,268.1112,269.2251,255.8141,260.4401,16799934,54.97,82.06,34.87,42.61,260
2020-05-29,266.3327,278.1537,261.2126,273.8331,20824482,58.46,82.06,34.87,49.99,260
2020-06-05,273.0876,282.3037,264.3475,280.1209,19937623,60.02,82.06,34.87,53.31,260
2020-06-12,277.2375,283.7049,250.3437,256.1375,23042364,51.98,82.06,34.87,36.27,260
2020-06-19,249.7329,267.4938,245.8614,262.7307,19373217,53.81,82.06,34.87,40.15,260
2020-06-26,261.4226,269.9836,257.6157,258.7975,17746772,52.53,82.06,34.87,37.42,260
2020-07-02,260.2138,273.4117,258.5584,269.0635,9566250,55.52,82.06,34.87,43.76,260
2020-07-10,273.3395,273.8447,258.9959,262.7217,11909000,53.28,82.06,34.87,39.03,260
2020-07-17,263.4975,280.5293,263.2088,276.524,20462645,57.31,82.06,34.87,47.56,260
2020-07-24,276.7585,278.3913,269.9385,271.3458,11433922,55.38,82.06,34.87,43.47,260
2020-07-31,269.2169,279.4287,268.1118,273.141,13109715,55.93,82.06,34.87,44.64,260
2020-08-07,273.8717,287.7733,269.9115,285.9961,15145155,59.78,82.06,34.87,52.8,260
2020-08-14,285.969,292.798,283.8581,292.0132,12445554,61.48,82.06,34.87,56.39,260
2020-08-21,289.9834,292.1034,279.7355,283.389,12021883,57.72,82.06,34.87,48.43,260
2020-08-28,285.7976,285.8788,273.8898,283.5965,13185624,57.79,82.06,34.87,48.57,260
2020-09-04,284.0656,292.1214,276.6142,281.4585,16448884,56.79,82.06,34.87,46.46,260
2020-09-11,280.5834,284.449,269.3004,273.0959,10297917,52.95,82.06,34.87,38.32,260
2020-09-18,274.4819,282.8519,273.6666,279.0202,12892240,55.26,82.06,34.87,43.21,260
2020-09-25,272.181,274.7174,262.3707,274.0199,16323396,52.9,82.06,34.87,38.21,260
2020-10-02,277.5437,287.508,272.3712,282.6074,12940128,56.35,82.06,34.87,45.52,260
2020-10-09,285.4064,297.2731,283.64,296.9742,10755224,61.44,82.06,34.87,56.3,260
2020-10-16,298.1336,302.2824,286.5478,298.8402,16059445,62.06,82.06,34.87,57.61,260
2020-10-23,297.6083,304.0489,291.7383,299.4743,11060306,62.28,82.06,34.87,58.08,260
2020-10-30,295.5973,296.8926,271.3929,276.4113,14974343,50.69,82.06,34.87,33.52,260
2020-11-06,283.2052,326.9941,278.4223,314.747,26689413,63.01,82.06,34.87,59.64,260
2020-11-13,331.8222,333.3078,315.3901,322.184,15767633,64.84,82.06,34.87,63.53,260
2020-11-20,325.1552,325.7259,300.4798,303.1883,15708689,57.06,82.06,34.87,47.02,260
2020-11-27,303.9583,307.9893,298.1518,306.1233,10995299,57.9,82.06,34.87,48.81,260
2020-12-04,303.5597,320.7618,299.1935,318.0805,19307291,61.23,82.06,34.87,55.87,260
2020-12-11,317.0169,318.0896,303.9351,306.426,14039763,56.53,82.06,34.87,45.92,260
2020-12-18,309.1169,312.026,303.6351,307.6169,18730156,56.9,82.06,34.87,46.69,260
2020-12-24,301.8806,310.5895,299.4533,309.8078,8671737,57.6,82.06,34.87,48.18,260
2020-12-31,312.0078,319.3532,311.8714,318.7987,8371634,60.45,82.06,34.87,54.22,260
2021-01-08,319.4987,334.0804,304.6442,330.3532,20240426,63.82,82.06,34.87,61.35,260
2021-01-15,329.6532,331.1713,314.3078,319.3623,13712809,58.7,82.06,34.87,50.5,260
2021-01-22,323.8259,328.0804,314.3896,315.9532,12733622,57.17,82.06,34.87,47.26,260
2021-01-29,315.5896,319.5532,299.0987,303.2533,16414505,51.75,82.06,34.87,35.78,260
2021-02-05,304.5715,313.3064,294.0738,295.0079,21213195,48.53,82.06,34.87,28.96,260
2021-02-12,297.2806,306.0396,292.4624,298.3988,18471033,49.91,82.06,34.87,31.88,260
2021-02-19,297.5988,299.8533,292.9442,295.0715,11617851,48.54,82.06,34.87,28.97,260
2021-02-26,292.2715,307.1896,291.2261,302.0169,17129570,51.54,82.06,34.87,35.33,260
2021-03-05,303.9624,316.6259,302.426,315.5441,19362401,56.82,82.06,34.87,46.51,260
2021-03-12,315.4623,328.4077,314.1805,324.7895,15318955,60.02,82.06,34.87,53.3,260
2021-03-19,325.6106,337.9628,320.7118,333.5109,19765525,62.82,82.06,34.87,59.24,260
2021-03-26,332.9818,343.9839,328.5208,343.4548,15994351,65.77,82.06,34.87,65.49,260
2021-04-01,343.3453,347.1221,333.6706,334.8702,12140783,61.26,82.06,34.87,55.92,260
2021-04-09,337.1965,343.5734,328.9222,343.2906,12477367,63.88,82.06,34.87,61.47,260
2021-04-16,341.6302,359.3649,341.2197,356.7102,17536148,67.63,82.06,34.87,69.43,260
2021-04-23,355.7888,366.727,354.393,365.1944,13769396,69.77,82.06,34.87,73.96,260
2021-04-30,364.7382,366.8821,357.887,363.8168,9611965,68.97,82.06,34.87,72.28,260
2021-05-07,365.8239,382.2631,365.3951,381.0133,12762773,73.1,82.06,34.87,81.03,260
2021-05-14,382.4912,388.6126,368.8481,373.8519,13113133,68.99,82.06,34.87,72.3,260
2021-05-21,373.4049,381.9073,368.7888,375.5214,13463724,69.42,82.06,34.87,73.22,260
2021-05-28,376.1965,379.0245,373.0256,375.7859,10483324,69.49,82.06,34.87,73.37,260
2021-06-04,377.4372,377.4372,367.5024,370.0568,9704826,65.84,82.06,34.87,65.64,260
2021-06-11,371.261,371.4891,360.1495,362.9867,15459070,61.55,82.06,34.87,56.54,260
2021-06-18,362.4484,367.7848,354.5956,356.5369,17866874,57.84,82.06,34.87,48.69,260
2021-06-25,356.5369,375.4089,356.3995,370.8031,30984141,63.13,82.06,34.87,59.9,260
2021-07-02,370.8031,375.3082,363.3403,374.8412,13188721,64.49,82.06,34.87,62.77,260
2021-07-09,374.2094,378.4032,370.9176,377.3593,8997181,65.35,82.06,34.87,64.59,260
2021-07-16,376.3612,386.9007,372.8634,384.3093,15462230,67.67,82.06,34.87,69.5,260
2021-07-23,382.0568,384.1537,372.5062,382.478,11696005,66.4,82.06,34.87,66.83,260
2021-07-30,381.6813,382.4505,372.4971,377.4601,10723511,62.94,82.06,34.87,59.5,260
2021-08-06,378.6962,387.9354,373.4952,380.1155,11841454,64.01,82.06,34.87,61.76,260
2021-08-13,379.9599,381.1319,370.2079,375.1251,7970410,60.48,82.06,34.87,54.28,260
2021-08-20,375.2807,394.9815,372.9824,393.4752,13279546,67.57,82.06,34.87,69.29,260
2021-08-27,394.2536,394.2536,381.0266,383.4486,8941738,61.12,82.06,34.87,55.63,260
2021-09-03,383.4486,388.613,376.5627,387.2029,12310532,62.56,82.06,34.87,58.68,260
2021-09-10,384.8587,387.212,369.9655,371.1785,11907311,53.45,82.06,34.87,39.39,260
2021-09-17,374.9187,389.0891,373.5127,386.1117,15926211,59.39,82.06,34.87,51.96,260
2021-09-24,383.1342,385.319,372.1251,374.0916,13443644,53.48,82.06,34.87,39.44,260
2021-10-01,374.7809,378.7508,352.0733,360.6288,14707036,47.75,82.06,34.87,27.3,260
2021-10-08,359.8845,375.9663,353.5804,375.3598,13979740,53.61,82.06,34.87,39.71,260
2021-10-15,374.9371,398.3706,365.8485,393.3807,16953500,59.58,82.06,34.87,52.36,260
2021-10-22,393.3163,412.8811,389.0891,412.7616,11815027,64.82,82.06,34.87,63.47,260
2021-10-29,413.5335,424.0005,410.262,423.1551,14348550,67.27,82.06,34.87,68.67,260
2021-11-05,424.3957,428.0164,410.8134,418.8727,12644506,65.25,82.06,34.87,64.39,260
2021-11-12,419.8284,428.237,417.4943,421.795,12569281,66.0,82.06,34.87,65.98,260
2021-11-19,420.8853,421.2069,403.8844,404.3439,14125057,57.96,82.06,34.87,48.94,260
2021-11-26,406.9354,414.4341,400.6681,404.2612,10185900,57.93,82.06,34.87,48.87,260
2021-12-03,407.6154,418.9738,403.6258,414.2411,23618260,61.07,82.06,34.87,55.53,260
2021-12-10,416.8502,441.1246,416.2694,440.8941,16605020,67.96,82.06,34.87,70.12,260
2021-12-17,439.7786,458.1618,437.0044,449.0901,19728894,69.73,82.06,34.87,73.87,260
2021-12-23,444.3698,459.2589,438.156,456.7052,9075864,71.32,82.06,34.87,77.24,260
2021-12-31,459.7476,469.4739,457.8668,462.9374,7367011,72.58,82.06,34.87,79.93,260
2022-01-07,460.9645,464.4217,419.9848,422.7966,22912732,55.55,82.06,34.87,43.84,260
2022-01-14,420.3996,439.3453,418.9614,432.0989,19335235,58.01,82.06,34.87,49.05,260
2022-01-21,428.8537,438.368,422.5662,425.166,15313703,55.55,82.06,34.87,43.82,260
2022-01-28,422.308,432.0897,412.3512,429.6742,19520505,56.83,82.06,34.87,46.55,260
2022-02-04,428.697,461.1318,426.6227,445.4484,17113328,61.07,82.06,34.87,55.53,260
2022-02-11,447.0526,461.8219,439.2442,440.8019,14409886,59.23,82.06,34.87,51.62,260
2022-02-18,438.0177,444.1209,430.3795,431.2876,13597854,55.53,82.06,34.87,43.78,260
2022-02-25,427.6183,438.6354,410.936,438.6077,12857861,57.72,82.06,34.87,48.42,260
2022-03-04,429.4806,460.6511,429.2596,459.7199,17823704,63.32,82.06,34.87,60.3,260
2022-03-11,460.9645,460.9645,434.708,446.5087,16538380,58.13,82.06,34.87,49.29,260
2022-03-18,453.4716,472.2244,448.7326,468.0079,16593079,63.39,82.06,34.87,60.45,260
2022-03-25,466.9815,477.634,463.583,474.3975,13328934,64.81,82.06,34.87,63.45,260
2022-04-01,475.5904,482.5904,468.4517,473.9907,15486467,64.64,82.06,34.87,63.08,260
2022-04-08,473.6393,507.6312,466.5377,504.8478,16372515,70.92,82.06,34.87,76.39,260
2022-04-14,502.6655,511.6259,488.8167,494.5467,14372965,66.66,82.06,34.87,67.37,260
2022-04-22,497.3948,507.0671,481.0137,481.7119,13243632,61.69,82.06,34.87,56.84,260
2022-04-29,481.2126,486.6498,468.785,470.2549,14711187,57.57,82.06,34.87,48.1,260
2022-05-06,472.3447,474.8414,448.4783,461.9973,16518358,54.73,82.06,34.87,42.08,260
2022-05-13,453.4716,462.8296,435.9209,448.8481,18525965,50.46,82.06,34.87,33.03,260
2022-05-20,448.8574,458.2431,428.4401,449.1533,14750275,50.55,82.06,34.87,33.24,260
2022-05-27,449.6711,469.0574,449.6711,468.9233,14154408,56.46,82.06,34.87,45.77,260
2022-06-03,465.6961,466.1492,446.6011,449.0423,9619740,49.99,82.06,34.87,32.05,260
2022-06-10,452.5747,460.4069,444.7147,448.1361,13140710,49.71,82.06,34.87,31.46,260
2022-06-17,439.3515,445.0893,417.3417,419.531,18542609,41.77,82.06,34.87,14.62,260
2022-06-24,424.8672,467.3391,424.2083,459.9751,31337919,53.16,82.06,34.87,38.77,260
2022-07-01,457.3673,481.3758,457.1353,480.1693,18704913,57.62,82.06,34.87,48.22,260
2022-07-08,471.1116,490.3499,456.829,481.3108,11014091,57.87,82.06,34.87,48.74,260
2022-07-15,477.8121,493.7095,456.8569,491.6306,17425987,60.11,82.06,34.87,53.48,260
2022-07-22,492.7907,495.6212,474.3598,483.8908,15011094,57.63,82.06,34.87,48.24,260
2022-07-29,488.234,505.1661,486.4987,503.3147,12519361,61.87,82.06,34.87,57.23,260
2022-08-05,503.2497,504.5304,489.5982,496.5585,10993535,59.64,82.06,34.87,52.49,260
2022-08-12,501.0596,506.47,491.561,504.5768,11083035,61.42,82.06,34.87,56.27,260
2022-08-19,502.6929,513.3282,499.8067,508.8644,8436759,62.37,82.06,34.87,58.29,260
2022-08-26,502.4331,509.978,490.2107,491.1666,9346821,56.18,82.06,34.87,45.17,260
2022-09-02,488.1505,494.554,476.8376,479.1949,10608814,52.4,82.06,34.87,37.15,260
2022-09-09,482.5173,491.3903,477.645,488.1412,9269251,54.85,82.06,34.87,42.34,260
2022-09-16,488.7556,498.0839,471.1604,485.0504,15652824,53.82,82.06,34.87,40.15,260
2022-09-23,482.7882,491.5578,471.1698,478.152,11793877,51.49,82.06,34.87,35.23,260
2022-09-30,472.3614,481.1171,464.5506,470.1736,13986282,48.86,82.06,34.87,29.65,260
2022-10-07,472.0728,492.8053,466.4684,469.9967,13495371,48.8,82.06,34.87,29.53,260
2022-10-14,470.695,493.3267,454.068,477.7051,17187043,51.57,82.06,34.87,35.39,260
2022-10-21,481.9968,499.492,479.0736,496.8829,13415357,57.7,82.06,34.87,48.38,260
2022-10-28,500.9233,514.8226,497.0412,513.1841,12876861,62.09,82.06,34.87,57.69,260
2022-11-04,516.6845,519.5705,490.7479,501.0164,14565752,57.31,82.06,34.87,47.55,260
2022-11-11,501.0164,516.4983,474.4654,486.0372,18470841,52.0,82.06,34.87,36.3,260
2022-11-18,485.9627,496.1987,466.2006,493.4105,21586797,54.24,82.06,34.87,41.06,260
2022-11-25,492.4888,503.5114,479.7998,500.5044,9575006,56.36,82.06,34.87,45.55,260
2022-12-02,498.838,514.8226,487.4988,500.6813,21486210,56.42,82.06,34.87,45.66,260
2022-12-09,496.3203,514.8101,495.7507,503.5201,13496443,57.33,82.06,34.87,47.6,260
2022-12-16,505.9948,514.5299,481.5938,489.0458,18811930,51.4,82.06,34.87,35.05,260
2022-12-23,489.8862,496.1522,483.8163,496.1522,9221509,53.92,82.06,34.87,40.38,260
2022-12-30,498.5988,502.5396,490.1103,495.097,6520382,53.48,82.06,34.87,39.44,260
2023-01-06,490.3812,490.8481,455.2786,457.5758,18934467,40.68,82.06,34.87,12.32,260
2023-01-13,459.8263,475.7854,450.7401,457.1742,20257899,40.57,82.06,34.87,12.08,260
2023-01-20,458.6964,460.3212,443.3349,454.5128,16969220,39.79,73.17,34.87,12.84,260
2023-01-27,454.4755,467.1568,448.2375,453.8871,15674374,39.59,73.17,34.87,12.34,260
2023-02-03,455.5307,472.0501,433.1935,440.7855,29235042,35.69,73.17,34.87,2.14,260
2023-02-10,440.7669,462.8612,437.9935,461.5445,18117922,44.95,73.17,34.87,26.33,260
2023-02-17,461.3111,466.788,455.0264,466.0549,13407686,46.75,73.17,34.87,31.02,260
2023-02-24,463.8324,468.2167,451.0483,452.281,11312521,42.22,73.17,34.87,19.2,260
2023-03-03,456.4272,458.4536,440.7669,446.8928,14957638,40.56,73.17,34.87,14.88,260
2023-03-10,449.5168,452.2996,428.842,431.4099,16006328,36.18,73.17,34.87,3.42,260
2023-03-17,429.8355,443.6494,429.8355,440.0038,18231070,40.05,73.17,34.87,13.54,260
2023-03-24,440.4724,455.2235,437.3516,446.0861,14733489,42.71,73.17,34.87,20.47,260
2023-03-31,455.0455,455.739,432.1081,442.8997,15696020,41.66,73.17,34.87,17.75,260
2023-04-06,454.7175,481.933,453.115,480.5929,15791171,55.48,73.17,34.87,53.82,260
2023-04-14,478.7185,497.1246,476.1694,479.6369,18298767,55.12,73.17,34.87,52.89,260
2023-04-21,476.7598,477.5752,451.8497,453.4242,19135162,46.33,73.17,34.87,29.93,260
2023-04-28,453.0399,467.1843,448.3072,461.1746,13030967,48.92,73.17,34.87,36.7,260
2023-05-05,463.5175,469.3842,451.6716,463.227,10892735,49.62,73.17,34.87,38.52,260
2023-05-12,461.1277,468.0253,455.1486,460.3686,9717171,48.63,73.17,34.87,35.93,260
2023-05-19,460.5279,460.8934,444.118,448.7383,12389475,44.71,73.17,34.87,25.71,260
2023-05-26,450.2565,457.707,442.8566,451.2687,12841304,45.74,73.17,34.87,28.38,260
2023-06-02,446.7327,469.5436,446.1236,468.194,14125669,52.12,73.17,34.87,45.05,260
2023-06-09,469.2437,471.3055,451.3436,462.6085,16787561,50.03,73.17,34.87,39.59,260
2023-06-16,461.3714,463.5831,417.6803,431.4194,34394067,40.3,73.17,34.87,14.19,260
2023-06-23,429.7821,454.6516,429.7821,448.8365,17527037,46.55,73.17,34.87,30.51,260
2023-06-30,449.9092,454.6516,445.0727,452.2616,17281407,47.71,73.17,34.87,33.54,260
2023-07-07,449.8716,451.857,433.6118,434.327,15015178,42.51,73.17,34.87,19.96,260
2023-07-14,432.8403,456.3642,420.7772,451.8194,33370652,48.42,73.17,34.87,35.38,260
2023-07-21,452.7039,484.2683,450.0598,476.623,24207573,55.41,73.17,34.87,53.64,260
2023-07-28,475.4938,485.4021,467.9191,473.2167,14665947,54.32,73.17,34.87,50.8,260
2023-08-04,473.3014,480.7303,469.594,473.0473,12679232,54.26,73.17,34.87,50.65,260
2023-08-11,475.8796,483.2756,470.4974,478.0156,10980107,55.73,73.17,34.87,54.49,260
2023-08-18,479.0883,483.3226,462.7815,469.0106,10773158,52.44,73.17,34.87,45.89,260
2023-08-25,468.1356,470.7138,456.0348,460.2409,9859462,49.38,73.17,34.87,37.91,260
2023-09-01,461.53,467.3828,445.4114,448.1214,13835513,45.44,73.17,34.87,27.61,260
2023-09-08,449.7775,458.3449,448.2484,454.1529,10826044,47.68,73.17,34.87,33.46,260
2023-09-15,455.2959,462.7019,445.9818,459.7546,14121270,49.74,73.17,34.87,38.84,260
2023-09-22,461.37,481.2251,450.1571,478.0806,18216380,55.87,73.17,34.87,54.85,260
2023-09-29,480.121,485.6849,473.3102,476.2763,13700860,55.16,73.17,34.87,52.99,260
2023-10-06,477.5421,496.8316,475.2797,495.7547,15933477,60.96,73.17,34.87,68.12,260
2023-10-13,492.2974,514.3168,491.4283,509.537,15240098,64.46,73.17,34.87,77.26,260
2023-10-20,513.1077,516.5084,497.6062,497.8518,14127942,59.58,73.17,34.87,64.53,260
2023-10-27,497.8518,502.8867,491.2866,495.613,11977433,58.66,73.17,34.87,62.13,260
2023-11-03,495.9342,507.1187,493.9883,501.5076,12858220,60.39,73.17,34.87,66.64,260
2023-11-10,502.1971,512.6354,500.7046,511.2468,11359807,63.13,73.17,34.87,73.8,260
2023-11-17,511.1901,514.6947,499.0893,506.5992,11472876,60.96,73.17,34.87,68.14,260
2023-11-24,504.0675,517.2735,502.3577,516.8107,8003777,63.9,73.17,34.87,75.8,260
2023-12-01,516.8107,525.7903,499.3821,518.6433,20668461,64.41,73.17,34.87,77.15,260
2023-12-08,519.6859,523.7334,514.7334,521.1172,12140076,65.14,73.17,34.87,79.04,260
2023-12-15,521.1078,521.3353,495.7045,503.4392,23655125,56.31,73.17,34.87,55.98,260
2023-12-22,501.534,503.771,488.984,493.1926,14999398,51.91,73.17,34.87,44.51,260
2023-12-29,492.785,500.7093,490.9746,499.0316,7322704,54.11,73.17,34.87,50.24,260
2024-01-05,499.3823,520.3874,499.2212,509.373,12115389,57.79,73.17,34.87,59.85,260
2024-01-12,511.2877,512.9939,486.3868,494.3301,16647296,51.34,73.17,34.87,43.01,260
2024-01-19,496.4154,502.9985,471.5335,477.3156,21038650,45.2,73.17,34.87,26.97,260
2024-01-26,477.6758,494.5386,454.0356,476.9744,32347101,45.08,73.17,34.87,26.67,260
2024-02-02,476.8891,488.1594,473.2018,483.638,22890526,47.9,73.17,34.87,34.04,260
2024-02-09,483.382,494.9462,473.9885,491.2116,16559562,50.99,73.17,34.87,42.1,260
2024-02-16,491.2116,499.4676,486.0835,494.368,12976530,52.26,73.17,34.87,45.41,260
2024-02-23,496.8894,502.8468,490.5623,499.7615,10385276,54.43,73.17,34.87,51.08,260
2024-03-01,500.7852,505.0412,452.3768,464.0168,29796305,41.09,73.17,34.87,16.26,260
2024-03-08,458.0546,461.6566,443.789,453.5143,25889113,38.14,73.17,34.87,8.54,260
2024-03-15,453.9235,472.0043,452.9719,467.0749,20858399,43.76,73.17,34.87,23.23,260
2024-03-22,468.293,472.1946,462.8449,466.3612,15571220,43.54,73.17,34.87,22.64,260
2024-03-28,466.8655,471.8806,460.6514,470.7672,12372648,45.4,73.17,34.87,27.5,260
2024-04-05,470.5483,471.7949,427.849,433.692,29826977,34.96,73.17,34.87,0.23,260
2024-04-12,433.9109,437.5175,415.2686,417.9522,24396094,31.63,73.17,31.63,0.0,260
2024-04-19,420.6167,482.7576,420.6072,476.8861,41452115,50.59,73.17,31.63,45.65,260
2024-04-26,473.6982,475.2588,457.454,471.3857,19125425,49.22,73.17,31.63,42.35,260
2024-05-03,471.7283,473.289,453.9867,468.626,14338808,48.51,73.17,31.63,40.63,260
2024-05-10,468.6546,488.729,468.1978,488.001,13988316,53.58,73.17,31.63,52.84,260
2024-05-17,487.2778,502.6084,482.7576,499.2492,14699006,56.27,73.17,31.63,59.32,260
2024-05-24,499.2492,500.8194,482.967,483.5855,12881435,51.77,73.17,31.63,48.48,260
2024-05-31,482.1391,482.1391,450.3739,471.4048,22300071,48.52,73.17,31.63,40.66,260
2024-06-07,470.2248,484.4705,466.6942,466.9512,14274017,47.35,73.17,31.63,37.84,260
2024-06-14,467.2462,477.714,460.9464,473.0701,20120900,49.16,73.17,31.63,42.21,260
2024-06-21,469.5672,471.2779,456.9328,461.2143,18134077,45.86,73.17,31.63,34.27,260
2024-06-28,467.2066,486.8368,459.3125,486.703,37229015,53.14,73.17,31.63,51.79,260
2024-07-05,484.2994,486.3685,463.0397,466.3943,13573518,47.64,73.17,31.63,38.56,260
2024-07-12,467.522,491.7778,464.5593,488.8725,16804811,53.39,73.17,31.63,52.39,260
2024-07-19,501.0195,555.7432,491.0419,540.2895,37646014,63.31,73.17,31.63,76.27,260
2024-07-26,538.1105,553.4782,528.3242,544.485,15624080,63.98,73.17,31.63,77.9,260
2024-08-02,540.6526,565.3385,536.8776,563.7043,20592271,66.98,73.17,31.63,85.1,260
2024-08-09,556.3358,560.8276,532.3523,534.0105,17962413,58.84,73.17,31.63,65.52,260
2024-08-16,537.4128,557.5017,536.199,552.0924,12727196,61.88,73.17,31.63,72.83,260
2024-08-23,552.4747,559.2841,545.3452,558.6199,11028493,62.94,73.17,31.63,75.39,260
2024-08-30,562.0031,566.9776,557.9222,564.0579,9937183,63.85,73.17,31.63,77.56,260
2024-09-06,566.2751,581.0121,563.5514,570.442,11035622,64.93,73.17,31.63,80.17,260
2024-09-13,571.8182,578.0104,549.7892,567.9954,15476508,64.14,73.17,31.63,78.26,260
2024-09-20,570.6722,574.3073,546.3587,551.49,17297353,58.91,73.17,31.63,65.69,260
2024-09-27,552.919,562.7212,542.8579,558.0599,13971745,60.3,73.17,31.63,69.03,260
2024-10-04,559.6424,579.803,555.077,567.0276,14434585,62.17,73.17,31.63,73.54,260
2024-10-11,564.7161,576.928,555.8635,573.5975,11083404,63.53,73.17,31.63,76.81,260
2024-10-18,574.6142,583.7449,520.7983,546.3203,28766094,54.74,73.17,31.63,55.64,260
2024-10-25,546.3491,555.5902,537.1033,541.4768,13628071,53.33,73.17,31.63,52.25,260
2024-11-01,543.0977,547.0061,537.7315,544.3542,11788947,54.09,73.17,31.63,54.07,260
2024-11-08,543.5677,594.4582,531.7322,590.6314,20986323,64.16,73.17,31.63,78.32,260
2024-11-15,591.672,604.9413,564.908,568.0155,15725756,57.52,73.17,31.63,62.33,260
2024-11-22,565.3396,579.3042,553.1876,566.7111,15625288,57.15,73.17,31.63,61.45,260
2024-11-29,573.1467,592.2043,570.6818,585.2507,12120701,60.97,73.17,31.63,70.63,260
2024-12-06,588.8954,597.3643,521.8918,527.1477,28789880,46.88,73.17,31.63,36.71,260
2024-12-13,531.4135,546.576,491.673,501.069,41014931,42.17,73.17,31.63,25.37,260
2024-12-20,498.6815,502.2435,458.0746,481.478,51535207,39.0,73.1,31.63,17.76,260
2024-12-27,482.0845,494.0413,480.4383,490.9703,12970156,41.3,73.1,31.63,23.31,260
2025-01-03,487.957,497.0353,481.9882,493.868,16881237,42.02,73.1,31.63,25.05,260
2025-01-10,493.868,515.4808,490.5104,501.2712,17968641,43.91,73.1,31.63,29.61,260
2025-01-17,515.0909,526.9851,484.0484,490.7488,31110195,41.82,73.1,31.63,24.57,260
2025-01-24,494.8788,514.6913,493.6947,512.6504,17690186,47.43,73.1,31.63,38.09,260
2025-01-31,519.8418,531.3221,514.0945,522.2582,17208658,49.72,73.1,31.63,43.61,260
2025-02-07,521.7865,533.2523,502.4457,507.3748,18851193,46.35,73.1,31.63,35.49,260
2025-02-14,507.9909,527.1199,503.4084,503.986,16174868,45.59,73.1,31.63,33.67,260
2025-02-21,491.8848,496.7561,422.1464,449.0252,37148769,35.47,73.1,31.63,9.27,260
2025-02-28,449.2707,458.5945,433.2849,457.2467,31491785,37.7,73.1,31.63,14.64,260
2025-03-07,456.6787,481.2758,447.8579,475.076,25599515,42.35,73.1,31.63,25.85,260
2025-03-14,475.9932,481.3789,459.2849,472.4833,19365391,41.86,73.1,31.63,24.67,260
2025-03-21,471.381,501.8292,469.8678,499.7503,27297883,48.58,73.1,31.63,40.88,260
2025-03-28,498.0389,505.6485,494.2099,498.9671,15312509,48.41,73.1,31.63,40.46,260
2025-04-04,502.0032,533.487,499.702,507.679,26957201,50.52,73.1,31.63,45.56,260
2025-04-11,496.4145,586.2989,486.929,579.6369,46578287,63.74,73.1,31.63,77.41,260
2025-04-17,575.3148,575.9239,432.308,439.086,42022813,40.81,73.1,31.63,22.14,260
2025-04-25,434.8799,438.4961,398.3886,404.7895,48425286,37.29,73.1,31.63,13.64,260
2025-05-02,405.8628,410.0882,380.1042,386.6889,46425906,35.54,73.1,31.63,9.44,260
2025-05-09,385.9153,396.1453,366.0162,368.0467,40136472,33.79,73.1,31.63,5.21,260
2025-05-16,368.3948,374.3994,240.6459,282.2523,303456191,27.15,73.1,27.15,0.0,260
2025-05-23,294.6917,313.8995,281.9913,285.7912,193551818,27.78,73.1,27.15,1.37,260
2025-05-30,289.5912,295.5281,279.5643,291.9215,68830523,28.93,73.1,27.15,3.87,260
2025-06-06,293.0914,303.1764,284.3795,293.1881,69352476,29.18,73.1,27.15,4.41,260
2025-06-13,294.9431,308.2527,290.6452,303.157,67985344,31.23,73.1,27.15,8.88,260
2025-06-20,304.8185,305.0815,293.7075,294.1158,54217464,30.37,73.1,27.15,7.01,260
2025-06-27,294.0087,302.3352,287.7955,301.0302,51615260,31.92,73.1,27.15,10.37,260
2025-07-03,300.9182,318.0144,298.3327,300.4849,52277929,31.86,73.1,27.15,10.24,260
2025-07-11,299.9492,300.5384,288.8472,296.1512,52625578,31.35,73.1,27.15,9.14,260
2025-07-18,293.7555,296.0928,273.47,275.2619,66186884,28.97,73.1,27.15,3.96,260
2025-07-25,277.1998,284.9907,270.9477,273.7134,77102454,28.8,73.1,27.15,3.58,260
2025-08-01,276.0896,277.5504,228.4678,231.555,149453200,24.47,73.1,24.47,0.0,260
2025-08-08,232.0127,246.5426,230.7589,244.332,75725890,28.0,73.1,24.47,7.26,260
2025-08-15,247.2341,302.1891,245.5494,296.0635,136677034,40.18,73.1,24.47,32.31,260
2025-08-22,304.989,308.1296,287.9708,299.3844,106917060,40.88,73.1,24.47,33.73,260
2025-08-29,300.4264,301.897,286.5101,301.7704,58503364,41.4,73.1,24.47,34.81,260
2025-09-05,300.2463,309.6294,295.7616,307.1461,41654043,42.63,73.1,24.47,37.35,260
2025-09-12,311.3532,352.8396,305.5977,343.2958,115611552,50.23,73.1,24.47,52.96,260
2025-09-19,344.2467,344.6926,327.1791,329.9723,57111747,47.72,73.1,24.47,47.8,260
2025-09-26,327.7868,347.4269,325.9639,337.2148,45303628,49.2,73.1,24.47,50.86,260
2025-10-03,337.1168,360.6576,334.6373,353.0132,45193050,52.38,73.1,24.47,57.39,260
2025-10-10,353.8217,368.7135,345.4766,347.4269,45757948,51.16,73.1,24.47,54.88,260
2025-10-17,347.6621,356.953,343.8301,349.485,32694337,51.61,73.1,24.47,55.8,260
2025-10-24,351.3863,363.6467,346.5855,355.2673,31933627,52.91,73.1,24.47,58.48,260
2025-10-31,356.2473,373.3982,330.3937,334.7451,58332838,47.98,73.1,24.47,48.33,260
2025-11-07,332.3636,333.9023,307.8918,317.7413,47235171,44.29,73.1,24.47,40.75,260
2025-11-14,313.6055,336.323,310.8417,315.4382,43310078,43.8,73.1,24.47,39.74,260
2025-11-21,314.2033,321.338,298.4539,313.5859,39592464,43.38,73.1,24.47,38.88,260
2025-11-28,318.05,328.5022,311.2828,323.1903,24891583,46.24,73.1,24.47,44.75,260
2025-12-05,320.6324,334.5932,316.3594,324.3076,37870237,46.57,73.1,24.47,45.45,260
2025-12-12,324.3416,340.4057,315.3622,337.3074,30450513,50.47,73.1,24.47,53.46,260
2025-12-19,336.4686,340.386,320.2663,323.0786,34374723,46.48,73.1,24.47,45.24,260
2025-12-26,318.6185,327.4893,317.3851,327.4301,19537682,47.83,73.1,24.47,48.04,260
2026-01-02,326.5025,335.7461,323.1575,331.9395,19928050,49.27,73.1,24.47,51.0,260
2026-01-09,331.0021,347.9346,329.4233,339.419,34048350,51.65,73.1,24.47,55.89,260
2026-01-16,336.8929,338.1066,323.7101,326.6308,33475857,47.55,73.1,24.47,47.44,260
2026-01-23,323.0588,353.1248,322.1738,351.5362,32972859,55.04,73.1,24.47,62.86,260
2026-01-30,349.2568,350.0856,276.682,283.1254,124547207,38.68,73.1,24.47,29.22,260
2026-02-06,282.2275,286.5494,262.7591,272.9817,54836150,36.93,73.1,24.47,25.62,260
2026-02-13,270.5149,289.5689,266.2226,289.3024,46608166,41.52,73.1,24.47,35.06,260
2026-02-20,290.1017,290.3286,281.7637,286.1547,24629734,40.9,73.1,24.47,33.79,260
2026-02-27,284.724,291.345,268.1961,289.3814,48245911,41.86,73.1,24.47,35.75,260
2026-03-06,284.3391,291.3943,279.2969,282.6814,35213256,40.4,73.1,24.47,32.75,260
2026-03-13,280.4173,285.9659,274.7393,280.5068,38553118,39.91,73.1,24.47,31.75,260
2026-03-20,282.3862,287.368,273.4566,274.0432,59585173,38.43,73.1,24.47,28.7,260
2026-03-27,277.5733,279.1693,254.5284,257.5662,41411013,34.87,73.1,24.47,21.38,260
2026-04-02,258.7197,277.4739,255.2294,275.7039,28825872,41.31,73.1,24.47,34.63,260
2026-04-10,276.3154,311.2134,275.6939,302.6219,49796804,49.32,73.1,24.47,51.09,260
2026-04-17,301.548,323.4444,301.2198,322.808,33498209,54.35,73.1,24.47,61.44,260
2026-04-24,322.3705,356.5476,318.3233,352.928,62765528,60.63,73.1,24.47,74.35,260
2026-05-01,351.9237,370.8071,346.9915,366.7102,38732051,63.13,72.58,24.47,80.35,260
2026-05-08,366.4815,377.8473,356.2393,377.8473,29791866,65.06,72.58,24.47,84.36,260
2026-05-15,378.3147,401.8817,373.96,391.6395,39793673,67.34,72.58,24.47,89.1,260
2026-05-22,387.8111,392.7731,378.4042,386.2897,31421762,65.55,72.58,24.47,85.39,260
2026-05-29,383.8336,387.0753,373.3428,378.1755,25641885,62.83,72.58,24.47,79.73,260
2026-06-05,373.9941,401.7723,372.6211,397.228,40869919,66.36,72.58,24.47,87.07,260
2026-06-12,394.9011,413.6453,392.7727,406.2272,34274224,67.92,72.58,24.47,90.3,260
2026-06-18,406.7,414.155,398.59,400.96,29328586,66.0,72.58,24.47,86.31,260
2026-06-26,402.14,427.93,400.0,427.89,35960077,70.58,72.58,24.47,95.82,260
2026-07-02,426.53,430.2,413.25,425.36,19864663,69.63,72.58,24.47,93.85,260
2026-07-10,423.49,434.2999,415.05,424.62,25403300,69.33,72.58,24.47,93.24,260
2026-07-17,426.465,461.62,414.37,426.09,39764417,69.61,72.58,24.47,93.81,260
2026-07-24,427.25,437.0,417.38,420.74,24507796,67.25,72.58,24.47,88.92,260
2026-07-31,422.51,431.68,411.29,414.4,23368742,64.47,72.58,24.47,83.13,260
2026-08-07,417.43,419.34,397.8,407.08,22683132,61.31,72.58,24.47,76.57,260
2026-08-14,408.6,413.07,396.56,401.73,17544928,59.04,72.58,24.47,71.84,260
2026-08-21,398.57,398.9,383.83,390.11,23551721,54.32,72.58,24.47,62.04,260
2026-08-28,391.04,406.25,390.855,392.95,17032896,55.26,72.58,24.47,64.0,260
2026-09-04,393.52,405.16,387.71,397.14,23788663,56.68,72.58,24.47,66.94,260
2026-09-11,392.4,406.53,375.9,379.09,26618588,49.42,72.58,24.47,51.85,260
