Date,Open,High,Low,Close,Volume,AdjOpen,AdjHigh,AdjLow,AdjClose,AdjVolume,Dividend,SplitFactor
2018-06-06,20.29,20.4,20.26,20.355,106844,16.800480356382874,16.89156231001531,16.77563982357403,16.854301510802042,106844,0,1
2018-06-07,20.15,20.15,19.755,19.79,99691,16.684557869941592,16.684557869941592,16.35749085462512,16.38647147623544,99691,0,1
2018-06-08,19.7,19.76,19.54,19.7077,119107,16.311949877808903,16.361630943426597,16.17946703616172,16.31832561456317,119107,0,1
2018-06-11,19.77,19.77,19.6,19.6,43557,16.369911121029542,16.369911121029542,16.229148101779415,16.229148101779415,43557,0,1
2018-06-12,19.6,19.6,19.059,19.26,26829,16.229148101779415,16.229148101779415,15.781190493459894,15.947622063279162,26829,0,1
2018-06-13,19.21,19.349,19.1359,19.19,33875,15.906221175264418,16.021315643945403,15.844865059226567,15.889660820058522,33875,0,1
2018-06-14,19.2413,19.2413,19.1,19.1,26420,15.932138131161645,15.932138131161645,15.815139221631982,15.815139221631982,26420,0,1
2018-06-15,19.02,19.02,18.74,18.8,41159,15.748897800808392,15.748897800808392,15.517052827925827,15.566733893543521,41159,0,1
2018-06-18,18.57,18.69,18.57,18.62,30416,15.376289808675702,15.475651939911087,15.376289808675702,15.417690696690446,30416,0,1
2018-06-19,18.38,18.38,18.03,18.2,29409,15.218966434219675,15.218966434219675,14.929160218116474,15.0699232373666,29409,0,1
2018-06-20,18.27,18.27,18.071,18.13,47265,15.127884480587241,15.127884480587241,14.963108946288564,15.01196199414596,47265,0,1
2018-06-21,18.06,18.06,17.88,17.92,42400,14.954000750925317,14.954000750925317,14.804957554072242,14.83807826448404,42400,0,1
2018-06-22,18.02,18.229,18.02,18.205,7820,14.920880040513524,15.09393575241515,14.920880040513524,15.074063326168073,7820,0,1
2018-06-25,17.91,17.92,17.531,17.55,48625,14.82979808688109,14.83807826448404,14.515979355729332,14.531711693174937,48625,0,1
2018-06-26,17.54,17.54,17.39,17.45,23997,14.523431515571987,14.523431515571987,14.399228851527758,14.448909917145448,23997,0,1
2018-06-27,17.428,17.48,17.15,17.15,7610,14.430693526418963,14.473750449954295,14.200504589056989,14.200504589056989,7610,0,1
2018-06-28,17.087,17.15,17.01,17.13,17578,14.148339470158412,14.200504589056989,14.084582102615709,14.18394423385109,17578,0,1
2018-06-29,17.33,17.6,17.33,17.55,18375,14.349547785910064,14.573112581189681,14.349547785910064,14.531711693174937,18375,0,1
2018-07-02,17.45,17.47,17.359,17.45,3161,14.448909917145448,14.465470272351347,14.373560300958617,14.448909917145448,3161,0,1
2018-07-03,17.398,17.4,17.36,17.36,3196,14.405852993610116,14.407509029130704,14.37438831871891,14.37438831871891,3196,0,1
2018-07-05,17.2,17.2019,17.141,17.2,7521,14.241905477071732,14.24347871081629,14.193052429214333,14.241905477071732,7521,0,1
2018-07-06,17.235,17.37,17.216,17.31,3162,14.270886098682052,14.38266849632186,14.255153761236452,14.332987430704167,3162,0,1
2018-07-09,17.57,17.719,17.57,17.67,21358,14.548272048380834,14.67164669466477,14.548272048380834,14.631073824410322,21358,0,1
2018-07-10,17.73,17.75,17.7,17.717,7734,14.680754890028012,14.69731524523391,14.655914357219165,14.669990659144178,7734,0,1
2018-07-11,17.53,17.53,17.25,17.25,4949,14.515151337969039,14.515151337969039,14.283306365086476,14.283306365086476,4949,0,1
2018-07-12,17.47,17.59,17.45,17.5,2560,14.465470272351347,14.564832403586731,14.448909917145448,14.490310805160192,2560,0,1
2018-07-13,17.58,17.609,17.57,17.59,1469,14.556552225983781,14.580564741032335,14.548272048380834,14.564832403586731,1469,0,1
2018-07-16,17.45,17.45,17.271,17.29,18712,14.448909917145448,14.448909917145448,14.300694738052668,14.31642707549827,18712,0,1
2018-07-17,17.29,17.298,17.203,17.267,10749,14.31642707549827,14.323051217580629,14.244389530352617,14.297382667011489,10749,0,1
2018-07-18,17.25,17.25,17.2,17.218,2076,14.283306365086476,14.283306365086476,14.241905477071732,14.25680979675704,2076,0,1
2018-07-19,17.09,17.09,16.9,16.94,16367,14.150823523439296,14.150823523439296,13.993500148983271,14.026620859395068,16367,0,1
2018-07-20,16.93,16.93,16.85,16.85,3687,14.018340681792118,14.018340681792118,13.952099260968529,13.952099260968529,3687,0,1
2018-07-23,16.73,16.73,16.66,16.661,1834,13.852737129733145,13.852737129733145,13.794775886512504,13.795603904272799,1834,0,1
2018-07-24,17.13,17.13,17.01,17.01,9267,14.18394423385109,14.18394423385109,14.084582102615709,14.084582102615709,9267,0,1
2018-07-25,17.09,17.116,17,17.116,4081,14.150823523439296,14.172351985206964,14.076301925012759,14.172351985206964,4081,0,1
2018-07-26,17.03,17.04,16.97,16.98,7268,14.101142457821606,14.109422635424552,14.051461392203912,14.059741569806862,7268,0,1
2018-07-27,17.03,17.03,16.91,16.91,15567,14.101142457821606,14.101142457821606,14.001780326586221,14.001780326586221,15567,0,1
2018-07-30,16.99,16.99,16.882,16.882,5665,14.068021747409809,14.068021747409809,13.978595829297966,13.978595829297966,5665,0,1
2018-07-31,16.76,16.96,16.76,16.94,1359,13.877577662541992,14.043181214600965,13.877577662541992,14.026620859395068,1359,0,1
2018-08-01,16.83,16.83,16.73,16.73,1722,13.93553890576263,13.93553890576263,13.852737129733145,13.852737129733145,1722,0,1
2018-08-02,16.37,16.449,16.37,16.371,5273,13.554650736026993,13.620064139090287,13.554650736026993,13.555478753787286,5273,0,1
2018-08-03,16.38,16.433,16.38,16.423,890,13.56293091362994,13.606815854925568,13.56293091362994,13.598535677322618,890,0,1
2018-08-06,16.39,16.44,16.39,16.39,13605,13.57121109123289,13.612611979247633,13.57121109123289,13.57121109123289,13605,0,1
2018-08-07,16.54,16.54,16.4,16.4,2835,13.69541375527712,13.69541375527712,13.579491268835836,13.579491268835836,2835,0,1
2018-08-08,16.39,16.39,16.272,16.359,1222,13.57121109123289,13.57121109123289,13.473504995518093,13.54554254066375,1222,0,1
2018-08-09,16.38,16.449,16.38,16.428,3125,13.56293091362994,13.620064139090287,13.56293091362994,13.602675766124095,3125,0,1
2018-08-10,16.08,16.08,15.89,15.93,6014,13.314525585541478,13.314525585541478,13.157202211085455,13.19032292149725,6014,0,1
2018-08-13,15.82,15.82,15.52,15.56,4457,13.099240967864814,13.099240967864814,12.850835639776353,12.883956350188148,4457,0,1
2018-08-14,15.45,15.45,15.4067,15.4381,5192,12.792874396555712,12.792874396555712,12.757021227534945,12.783020985208204,5192,0,1
2018-08-15,15.18,15.18,14.765,14.859,4282,12.569309601276098,12.569309601276098,12.225682230753728,12.303515900221447,4282,0,1
2018-08-16,14.942,15.06,14.942,15.06,1491,12.37224137432592,12.469947470040715,12.37224137432592,12.469947470040715,1491,0,1
2018-08-17,14.99,15.251,14.99,15.25,2516,12.411986226820074,12.628098862257033,12.411986226820074,12.627270844496739,2516,0,1
2018-08-20,15.31,15.382,15.3,15.382,3991,12.676951910114433,12.736569188855661,12.668671732511484,12.736569188855661,3991,0,1
2018-08-21,15.44,15.52,15.395,15.52,4847,12.784594218952764,12.850835639776353,12.747333419739494,12.850835639776353,4847,0,1
2018-08-22,15.55,15.67,15.55,15.67,2743,12.8756761725852,12.975038303820584,12.8756761725852,12.975038303820584,2743,0,1
2018-08-23,15.59,15.59,15.406,15.406,1593,12.908796882996995,12.908796882996995,12.756441615102739,12.756441615102739,1593,0,1
2018-08-24,15.52,15.62,15.52,15.581,1130,12.850835639776353,12.93363741580584,12.850835639776353,12.90134472315434,1130,0,1
2018-08-27,15.6,15.86,15.6,15.81,2031,12.917077060599944,13.132361678276608,12.917077060599944,13.090960790261866,2031,0,1
2018-08-28,16.03,16.03,15.88,15.88,3109,13.273124697526738,13.273124697526738,13.148922033482506,13.148922033482506,3109,0,1
2018-08-29,15.788,15.87,15.78,15.87,1050,13.07274439953538,13.140641855879556,13.066120257453019,13.140641855879556,1050,0,1
2018-08-30,15.69,15.75,15.53,15.53,2688,12.991598659026481,13.041279724644173,12.859115817379301,12.859115817379301,2688,0,1
2018-08-31,15.35,15.35,15.25,15.25,8965,12.710072620526226,12.710072620526226,12.627270844496739,12.627270844496739,8965,0,1
2018-09-04,15,15,14.77,14.809,5337,12.420266404423023,12.420266404423023,12.229822319555202,12.262115012206701,5337,0,1
2018-09-05,14.63,14.63,14.5,14.532,2527,12.113899833113921,12.113899833113921,12.006257524275588,12.032754092605025,2527,0,1
2018-09-06,14.415,14.499,14.28,14.28,8447,11.935876014650523,12.005429506515293,11.824093617010718,11.824093617010718,8447,0,1
2018-09-07,14.21,14.33,14.21,14.25,4332,11.766132373790077,11.865494505025461,11.766132373790077,11.79925308420187,4332,0,1
2018-09-10,14.3,14.3,14.23,14.23,2553,11.840653972216614,11.840653972216614,11.782692728995974,11.782692728995974,2553,0,1
2018-09-11,14.11,14.24,14.11,14.23,9226,11.68333059776059,11.790972906598922,11.68333059776059,11.782692728995974,9226,0,1
2018-09-12,14.34,14.59,14.34,14.59,1083,11.87377468262841,12.080779122702126,11.87377468262841,12.080779122702126,1083,0,1
2018-09-13,14.867,14.867,14.765,14.81,14889,12.310140042303805,12.310140042303805,12.225682230753728,12.262943029966998,14889,0,1
2018-09-14,14.8,14.8,14.72,14.74,2381,12.25466285236405,12.25466285236405,12.18842143154046,12.204981786746357,2381,0,1
2018-09-17,14.69,14.749,14.69,14.7,2208,12.163580898731613,12.21243394658901,12.163580898731613,12.171861076334562,2208,0,1
2018-09-18,14.75,14.9,14.75,14.899,4950,12.213261964349305,12.337464628393535,12.213261964349305,12.33663661063324,4950,0,1
2018-09-19,15.06,15.14,15.05,15.13,3550,12.469947470040715,12.536188890864304,12.461667292437767,12.527908713261356,3550,0,1
2018-09-20,15.51,15.57,15.453,15.55,4197,12.842555462173404,12.892236527791097,12.795358449836597,12.8756761725852,4197,0,1
2018-09-21,15.7,15.83,15.7,15.745,6634,12.99987883662943,13.107521145467762,12.99987883662943,13.0371396358427,6634,0,1
2018-09-24,15.75,15.763,15.62,15.68,5121,13.041279724644173,13.052043955528006,12.93363741580584,12.983318481423533,5121,0,1
2018-09-25,15.721,15.721,15.588,15.66,4970,13.017267209595623,13.017267209595623,12.907140847476404,12.966758126217636,4970,0,1
2018-09-26,15.64,15.64,15.56,15.61,1411,12.950197771011739,12.950197771011739,12.883956350188148,12.925357238202892,1411,0,1
2018-09-27,15.53,15.53,15.39,15.413,10818,12.859115817379301,12.859115817379301,12.743193330938022,12.762237739424803,10818,0,1
2018-09-28,15.41,15.48,15.41,15.44,2232,12.759753686143918,12.81771492936456,12.759753686143918,12.784594218952764,2232,0,1
2018-10-01,15.56,15.6,15.56,15.6,2656,12.883956350188148,12.917077060599944,12.883956350188148,12.917077060599944,2656,0,1
2018-10-02,15.43,15.45,15.342,15.374,5850,12.776314041349815,12.792874396555712,12.703448478443867,12.729945046773304,5850,0,1
2018-10-03,15.39,15.397,15.284,15.284,5091,12.743193330938022,12.748989455260086,12.655423448346765,12.655423448346765,5091,0,1
2018-10-04,15.258,15.29,15.1,15.1,2813,12.633894986579097,12.660391554908534,12.503068180452509,12.503068180452509,2813,0,1
2018-10-05,15.04,15.04,14.91,14.91,2143,12.453387114834817,12.453387114834817,12.345744805996484,12.345744805996484,2143,0,1
2018-10-08,14.65,14.661,14.58,14.658,9999,12.13046018831982,12.139568383683061,12.072498945099177,12.137084330402176,9999,0,1
2018-10-09,14.59,14.59,14.51,14.52,18948,12.080779122702126,12.080779122702126,12.014537701878536,12.022817879481485,18948,0,1
2018-10-10,14.188,14.188,13.935,13.935,10281,11.74791598306359,11.74791598306359,11.538427489708988,11.538427489708988,10281,0,1
2018-10-11,13.64,13.663,13.56,13.631,3378,11.294162250422001,11.313206658908785,11.227920829598412,11.286710090579348,3378,0,1
2018-10-12,13.881,13.881,13.704,13.74,5136,11.493714530653065,11.493714530653065,11.347155387080873,11.376964026451489,5136,0,1
2018-10-15,13.74,13.82,13.74,13.77,4231,11.376964026451489,11.443205447275078,11.376964026451489,11.401804559260334,4231,0,1
2018-10-16,13.88,13.88,13.857,13.87,1103,11.49288651289277,11.49288651289277,11.473842104405987,11.48460633528982,1103,0,1
2018-10-17,13.75,13.75,13.63,13.685,3584,11.385244204054437,11.385244204054437,11.285882072819053,11.331423049635271,3584,0,1
2018-10-18,13.5,13.5,13.205,13.231,4003,11.17823976398072,11.17823976398072,10.933974524693735,10.9555029864614,4003,0,1
2018-10-19,13.44,13.44,13.233,13.24,1187,11.128558698363028,11.128558698363028,10.95715902198199,10.962955146304054,1187,0,1
2018-10-22,13.53,13.53,13.437,13.44,3643,11.203080296789565,11.203080296789565,11.126074645082143,11.128558698363028,3643,0,1
2018-10-23,13.05,13.14,12.88,13.14,5184,10.80563177184803,10.880153370274568,10.664868752597902,10.880153370274568,5184,0,1
2018-10-24,12.955,13,12.68,12.68,2215,10.726970084620017,10.764230883833285,10.499265200538929,10.499265200538929,2215,0,1
2018-10-25,12.74,12.815,12.74,12.75,5171,10.548946266156621,10.611047598178734,10.548946266156621,10.55722644375957,5171,0,1
2018-10-26,12.723,12.723,12.63,12.63,6712,10.534869964231609,10.534869964231609,10.457864312524185,10.457864312524185,6712,0,1
2018-10-29,12.69,12.69,12.58,12.6,6788,10.507545378141877,10.507545378141877,10.416463424509441,10.433023779715338,6788,0,1
2018-10-30,12.63,12.638,12.55,12.62,1087,10.457864312524185,10.464488454606544,10.391622891700596,10.449584134921235,1087,0,1
2018-10-31,12.82,12.926,12.82,12.92,1894,10.61518768698021,10.702957569571465,10.61518768698021,10.697989463009696,1894,0,1
2018-11-01,13.26,13.44,13.26,13.438,1186,10.979515501509951,11.128558698363028,10.979515501509951,11.126902662842438,1186,0,1
2018-11-02,13.78,13.9,13.78,13.82,1629,11.410084736863283,11.509446868098667,11.410084736863283,11.443205447275078,1629,0,1
2018-11-05,13.85,13.85,13.834,13.85,1906,11.468045980083923,11.468045980083923,11.454797695919206,11.468045980083923,1906,0,1
2018-11-06,13.95,13.95,13.857,13.92,4746,11.550847756113411,11.550847756113411,11.473842104405987,11.526007223304564,4746,0,1
2018-11-07,14.259,14.32,14.259,14.32,1580,11.806705244044526,11.857214327422513,11.806705244044526,11.857214327422513,1580,0,1
2018-11-08,14.13,14.15,14.13,14.13,2025,11.699890952966488,11.716451308172385,11.699890952966488,11.699890952966488,2025,0,1
2018-11-09,13.85,13.85,13.65,13.69,6539,11.468045980083923,11.468045980083923,11.30244242802495,11.335563138436745,6539,0,1
2018-11-12,13.69,13.69,13.37,13.37,3358,11.335563138436745,11.335563138436745,11.070597455142387,11.070597455142387,3358,0,1
2018-11-13,13.432,13.475,13.404,13.404,1827,11.121934556280669,11.157539319973347,11.098750058992414,11.098750058992414,1827,0,1
2018-11-14,13.27,13.27,13.27,13.27,208,10.9877956791129,10.9877956791129,10.9877956791129,10.9877956791129,208,0,1
2018-11-15,13.317,13.5,13.31,13.5,8727,11.026712513846759,11.17823976398072,11.020916389524695,11.17823976398072,8727,0,1
2018-11-16,13.565,13.59,13.565,13.59,434,11.232060918399887,11.252761362407258,11.232060918399887,11.252761362407258,434,0,1
2018-11-19,13.55,13.55,13.28,13.31,3551,11.219640651995464,11.219640651995464,10.996075856715848,11.020916389524695,3551,0,1
2018-11-20,13.01,13.01,12.79,12.79,3354,10.772511061436235,10.772511061436235,10.590347154171363,10.590347154171363,3354,0,1
2018-11-21,12.9,13.03,12.9,12.99,4156,10.6814291078038,10.789071416642132,10.6814291078038,10.755950706230337,4156,0,1
2018-11-23,12.87,12.87,12.8407,12.8407,810,10.656588574994952,10.656588574994952,10.632327654618313,10.632327654618313,810,0,1
2018-11-26,12.7,12.72,12.662,12.662,2752,10.515825555744826,10.532385910950724,10.484360880853622,10.484360880853622,2752,0,1
2018-11-27,12.59,12.59,12.43,12.46,3212,10.42474360211239,10.42474360211239,10.292260760465211,10.317101293274058,3212,0,1
2018-11-28,12.49,12.5,12.48,12.5,932,10.341941826082904,10.350222003685852,10.333661648479955,10.350222003685852,932,0,1
2018-11-29,12.88,13.06,12.88,13.06,4320,10.664868752597902,10.81391194945098,10.664868752597902,10.81391194945098,4320,0,1
2018-11-30,12.98,13.055,12.98,13.05,2024,10.747670528627388,10.809771860649503,10.747670528627388,10.80563177184803,2024,0,1
2018-12-03,13.59,13.676,13.58,13.66,1826,11.252761362407258,11.323970889792617,11.24448118480431,11.3107226056279,1826,0,1
2018-12-04,13.55,13.55,13.11,13.11,2405,11.219640651995464,11.219640651995464,10.855312837465721,10.855312837465721,2405,0,1
2018-12-06,12.83,12.83,12.6808,12.8277,2479,10.623467864583159,10.623467864583159,10.499927614747163,10.62156342373448,2479,0,1
2018-12-07,12.76,12.821,12.61,12.61,3524,10.565506621362518,10.616015704740505,10.441303957318286,10.441303957318286,3524,0,1
2018-12-10,12.55,12.55,12.29,12.429,3090,10.391622891700596,10.391622891700596,10.176338274023928,10.291432742704917,3090,0,1
2018-12-11,12.387,12.431,12.387,12.431,2458,10.256655996772531,10.293088778225504,10.256655996772531,10.293088778225504,2458,0,1
2018-12-12,12.67,12.682,12.58,12.58,590,10.490985022935979,10.500921236059519,10.416463424509441,10.416463424509441,590,0,1
2018-12-13,12.75,12.78,12.74,12.74,1894,10.55722644375957,10.582066976568415,10.548946266156621,10.548946266156621,1894,0,1
2018-12-14,12.52,12.52,12.42,12.42,1129,10.366782358891749,10.366782358891749,10.283980582862263,10.283980582862263,1129,0,1
2018-12-17,12.43,12.462,12.17,12.1958,846,10.292260760465211,10.318757328794646,10.076976142788546,10.098339001004152,846,0,1
2018-12-18,12.43,12.43,12.347,12.347,5497,10.292260760465211,10.292260760465211,10.223535286360736,10.223535286360736,5497,0,1
2018-12-19,12.36,12.4208,12.01,12.07,7154,10.23429951724457,10.284642997070499,9.944493301141366,9.99417436675906,7154,0,1
2018-12-20,11.98,11.98,11.72,11.746,4982,9.91965276833252,9.91965276833252,9.704368150655855,9.725896612423522,4982,0,1
2018-12-21,11.582,11.59,11.4,11.41,8171,9.590101699735163,9.596725841817522,9.439402467361496,9.447682644964447,8171,0,1
2018-12-24,11.37,11.4,11.31,11.31,816,9.41456193455265,9.439402467361496,9.364880868934959,9.364880868934959,816,0,1
2018-12-26,11.25,11.645,11.25,11.645,954,9.315199803317267,9.64226681863374,9.315199803317267,9.64226681863374,954,0,1
2018-12-27,11.43,11.532,11.41,11.532,5180,9.464243000170343,9.548700811720419,9.447682644964447,9.548700811720419,5180,0,1
2018-12-28,11.53,11.5555,11.53,11.5555,6890,9.632555497011278,9.65385906727787,9.632555497011278,9.65385906727787,6890,0.1035,1
2018-12-31,11.601,11.6596,11.5401,11.6084,19829,9.691871320106493,9.740827760013245,9.640993381705107,9.698053532654443,19829,0,1
2019-01-02,11.46,11.7,11.46,11.6599,2556,9.57407510804417,9.774579298788549,9.57407510804417,9.741078390251676,2556,0,1
2019-01-03,11.61,11.61,11.525,11.525,5793,9.699390227259405,9.699390227259405,9.628378326370772,9.628378326370772,5793,0,1
2019-01-04,11.83,11.939,11.83,11.939,531,9.883185735441755,9.974248055404829,9.883185735441755,9.974248055404829,531,0,1
2019-01-07,12.05,12.129,12.05,12.129,1547,10.066981243624104,10.132980539744128,10.066981243624104,10.132980539744128,1547,0,1
2019-01-08,12.21,12.267,12.2,12.267,1620,10.200650704120358,10.248270449422147,10.192296362839341,10.248270449422147,1620,0,1
2019-01-09,12.41,12.42,12.331,12.41,4654,10.367737529740674,10.376091871021691,10.301738233620648,10.367737529740674,4654,0,1
2019-01-10,12.305,12.46,12.305,12.46,3224,10.280016946290008,10.409509236145755,10.280016946290008,10.409509236145755,3224,0,1
2019-01-11,12.42,12.492,12.4,12.492,2905,10.376091871021691,10.436243128245005,10.35938318845966,10.436243128245005,2905,0,1
2019-01-14,12.435,12.45,12.397,12.397,3347,10.388623382943214,10.401154894864737,10.356876886075353,10.356876886075353,3347,0,1
2019-01-15,12.428,12.435,12.428,12.435,211,10.382775344046504,10.388623382943214,10.382775344046504,10.388623382943214,211,0,1
2019-01-16,12.55,12.55,12.509,12.53,1100,10.484698307674897,10.484698307674897,10.450445508422732,10.467989625112864,1100,0,1
2019-01-17,12.48,12.671,12.45,12.615,2539,10.426217918707787,10.585785837175187,10.401154894864737,10.539001526001499,2539,0,1
2019-01-18,12.76,12.82,12.76,12.78,2778,10.66013947457623,10.710265522262326,10.66013947457623,10.676848157138261,2778,0,1
2019-01-22,12.58,12.58,12.3954,12.3954,7696,10.509761331517945,10.509761331517945,10.355540191470391,10.355540191470391,7696,0,1
2019-01-23,12.4,12.415,12.25,12.337,17832,10.35938318845966,10.371914700381181,10.23406806924442,10.306750838389258,17832,0,1
2019-01-24,12.31,12.31,12.295,12.305,1920,10.284194116930516,10.284194116930516,10.271662605008991,10.280016946290008,1920,0,1
2019-01-25,12.55,12.56,12.5,12.532,5387,10.484698307674897,10.493052648955913,10.442926601269818,10.469660493369068,5387,0,1
2019-01-28,12.4,12.43,12.324,12.413,3617,10.35938318845966,10.384446212302706,10.295890194723938,10.370243832124979,3617,0,1
2019-01-29,12.43,12.43,12.327,12.344,1852,10.384446212302706,10.384446212302706,10.298396497108243,10.31259887728597,1852,0,1
2019-01-30,12.54,12.642,12.488,12.642,2154,10.47634396639388,10.561558247460242,10.432901391732598,10.561558247460242,2154,0,1
2019-01-31,12.78,12.78,12.741,12.742,485,10.676848157138261,10.676848157138261,10.6442662261423,10.645101660270402,485,0,1
2019-02-01,12.68,12.71,12.68,12.708,630,10.593304744328103,10.61836776817115,10.593304744328103,10.616696899914947,630,0,1
2019-02-04,12.721,12.76,12.69,12.76,5333,10.627557543580268,10.66013947457623,10.601659085609118,10.66013947457623,5333,0,1
2019-02-05,12.775,12.82,12.741,12.78,3376,10.672670986497753,10.710265522262326,10.6442662261423,10.676848157138261,3376,0,1
2019-02-06,12.82,12.82,12.79,12.79,2148,10.710265522262326,10.710265522262326,10.685202498419276,10.685202498419276,2148,0,1
2019-02-07,12.69,12.69,12.561,12.565,1426,10.601659085609118,10.601659085609118,10.493888083084014,10.49722981959642,1426,0,1
2019-02-08,12.4,12.5,12.351,12.424,2406,10.35938318845966,10.442926601269818,10.318446916182682,10.379433607534096,2406,0,1
2019-02-11,12.44,12.469,12.419,12.419,1122,10.392800553583722,10.417028143298667,10.37525643689359,10.37525643689359,1122,0,1
2019-02-12,12.4,12.413,12.4,12.413,1384,10.35938318845966,10.370243832124979,10.35938318845966,10.370243832124979,1384,0,1
2019-02-13,12.5,12.51,12.41,12.41,630,10.442926601269818,10.451280942550833,10.367737529740674,10.367737529740674,630,0,1
2019-02-14,12.32,12.4,12.31,12.366,2621,10.292548458211533,10.35938318845966,10.284194116930516,10.330978428104205,2621,0,1
2019-02-15,12.47,12.47,12.47,12.47,1008,10.41786357742677,10.41786357742677,10.41786357742677,10.41786357742677,1008,0,1
2019-02-19,12.49,12.68,12.49,12.6371,9256,10.434572259988801,10.593304744328103,10.434572259988801,10.557464620232544,9256,0,1
2019-02-20,12.81,13,12.81,12.985,3329,10.701911180981309,10.86064366532061,10.701911180981309,10.848112153399086,3329,0,1
2019-02-21,12.98,12.9899,12.89,12.9345,6485,10.84393498275858,10.852205780626784,10.768745911229436,10.805922729929955,6485,0,1
2019-02-22,13.08,13.19,13.08,13.1454,3374,10.927478395568738,11.01937614965991,10.927478395568738,10.982115787546581,3374,0,1
2019-02-25,13.39,13.4905,13.39,13.4633,3792,11.186462975280229,11.270424105154438,11.186462975280229,11.247700296870075,3792,0,1
2019-02-26,13.48,13.547,13.48,13.519,1757,11.26165204680937,11.317626133392178,11.26165204680937,11.294233977805332,1757,0,1
2019-02-27,13.45,13.45,13.316,13.345,3901,11.236589022966323,11.236589022966323,11.124640849800711,11.148868439515658,3901,0,1
2019-02-28,13.39,13.39,13.216,13.216,2346,11.186462975280229,11.186462975280229,11.041097436990551,11.041097436990551,2346,0,1
2019-03-01,13.32,13.336,13.2,13.239,2756,11.127982586313117,11.141349532362742,11.027730490940927,11.060312421936889,2756,0,1
2019-03-04,13.28,13.28,13.05,13.111,1503,11.094565221189054,11.094565221189054,10.90241537172569,10.953376853539886,1503,0,1
2019-03-05,13.05,13.065,12.983,13.065,766,10.90241537172569,10.914946883647213,10.846441285142884,10.914946883647213,766,0,1
2019-03-06,13.21,13.21,13.038,13.065,2358,11.036084832221944,11.036084832221944,10.89239016218847,10.914946883647213,2358,0,1
2019-03-07,13.03,13.03,12.794,12.794,4541,10.885706689163657,10.885706689163657,10.688544234931683,10.688544234931683,4541,0,1
2019-03-08,12.43,12.515,12.42,12.515,1163,10.384446212302706,10.45545811319134,10.376091871021691,10.45545811319134,1163,0,1
2019-03-11,12.627,12.745,12.612,12.745,750,10.54902673553872,10.647607962654705,10.536495223617194,10.647607962654705,750,0,1
2019-03-12,12.7,12.72,12.63,12.633,9293,10.610013426890134,10.626722109452167,10.551533037923024,10.554039340307327,9293,0,1
2019-03-13,12.8,12.82,12.753,12.82,6366,10.693556839700294,10.710265522262326,10.654291435679518,10.710265522262326,6366,0,1
2019-03-14,12.83,12.83,12.77,12.8,1276,10.71861986354334,10.71861986354334,10.668493815857245,10.693556839700294,1276,0,1
2019-03-15,12.8485,12.88,12.8485,12.88,1324,10.73407539491322,10.76039156994842,10.73407539491322,10.76039156994842,1324,0,1
2019-03-18,12.95,12.95,12.85,12.88,11910,10.81887195891553,10.81887195891553,10.735328546105372,10.76039156994842,11910,0,1
2019-03-19,12.9,12.93,12.8832,12.8832,1242,10.777100252510452,10.802163276353498,10.763064959158346,10.763064959158346,1242,0,1
2019-03-20,12.715,12.918,12.715,12.844,4827,10.622544938811657,10.79213806681628,10.622544938811657,10.730315941336762,4827,0,1
2019-03-21,12.864,12.895,12.85,12.895,687,10.747024623898795,10.772923081869942,10.735328546105372,10.772923081869942,687,0,1
2019-03-22,12.79,12.79,12.56,12.56,1447,10.685202498419276,10.685202498419276,10.493052648955913,10.493052648955913,1447,0,1
2019-03-25,12.43,12.43,12.32,12.39,7923,10.384446212302706,10.384446212302706,10.292548458211533,10.351028847178643,7923,0,1
2019-03-26,12.53,12.53,12.43,12.47,1039,10.467989625112864,10.467989625112864,10.384446212302706,10.41786357742677,1039,0,1
2019-03-27,12.37,12.37,12.37,12.37,265,10.33432016461661,10.33432016461661,10.33432016461661,10.33432016461661,265,0,1
2019-03-28,12.39,12.406,12.35,12.406,2459,10.351028847178643,10.364395793228269,10.317611482054579,10.364395793228269,2459,0,1
2019-03-29,12.526,12.56,12.526,12.56,470,10.464647888600458,10.493052648955913,10.464647888600458,10.493052648955913,470,0,1
2019-04-01,12.82,12.888,12.82,12.88,8598,10.710265522262326,10.767075042973232,10.710265522262326,10.76039156994842,8598,0,1
2019-04-02,12.95,12.95,12.82,12.871,1040,10.81887195891553,10.81887195891553,10.710265522262326,10.752872662795506,1040,0,1
2019-04-03,13.025,13.025,13.02,13.02,348,10.88152951852315,10.88152951852315,10.877352347882642,10.877352347882642,348,0,1
2019-04-04,13.06,13.06,13.06,13.06,284,10.910769713006705,10.910769713006705,10.910769713006705,10.910769713006705,284,0,1
2019-04-05,13.086,13.161,13.086,13.161,1296,10.932491000337347,10.995148559944965,10.932491000337347,10.995148559944965,1296,0,1
2019-04-08,13.16,13.22,13.16,13.22,1150,10.994313125816864,11.044439173502958,10.994313125816864,11.044439173502958,1150,0,1
2019-04-09,13.15,13.15,13.1,13.11,2873,10.985958784535848,10.985958784535848,10.944187078130769,10.952541419411784,2873,0,1
2019-04-10,13.01,13.04,12.98,13.035,2075,10.868998006601625,10.894061030444673,10.84393498275858,10.889883859804165,2075,0,1
2019-04-11,12.922,12.922,12.871,12.881,1533,10.795479803328687,10.795479803328687,10.752872662795506,10.761227004076522,1533,0,1
2019-04-12,13,13.03,12.995,12.995,327,10.86064366532061,10.885706689163657,10.8564664946801,10.8564664946801,327,0,1
2019-04-15,13,13.02,13,13.005,2818,10.86064366532061,10.877352347882642,10.86064366532061,10.864820835961119,2818,0,1
2019-04-16,13.19,13.19,13.12,13.12,9597,11.01937614965991,11.01937614965991,10.9608957606928,10.9608957606928,9597,0,1
2019-04-17,13.29,13.29,13.18,13.19,1571,11.102919562470069,11.102919562470069,11.011021808378896,11.01937614965991,1571,0,1
2019-04-18,13.021,13.021,12.99,12.995,1645,10.878187782010745,10.878187782010745,10.852289324039594,10.8564664946801,1645,0,1
2019-04-22,12.89,12.89,12.83,12.84,3285,10.768745911229436,10.768745911229436,10.71861986354334,10.726974204824357,3285,0,1
2019-04-23,12.66,12.68,12.66,12.68,832,10.576596061766072,10.593304744328103,10.576596061766072,10.593304744328103,832,0,1
2019-04-24,12.52,12.52,12.4,12.4,6805,10.45963528383185,10.45963528383185,10.35938318845966,10.35938318845966,6805,0,1
2019-04-25,12.32,12.32,12.2,12.2,4366,10.292548458211533,10.292548458211533,10.192296362839341,10.192296362839341,4366,0,1
2019-04-26,12.16,12.1912,12.16,12.1912,1067,10.158878997715279,10.184944542512048,10.158878997715279,10.184944542512048,1067,0,1
2019-04-29,12.06,12.06,12,12,4502,10.07533558490512,10.07533558490512,10.025209537219025,10.025209537219025,4502,0,1
2019-04-30,11.847,11.894,11.847,11.894,1560,9.897388115619481,9.936653519640256,9.897388115619481,9.936653519640256,1560,0,1
2019-05-01,11.86,11.891,11.735,11.735,4030,9.908248759284803,9.934147217255951,9.803819493272103,9.803819493272103,4030,0,1
2019-05-02,11.82,11.85,11.803,11.85,3088,9.87483139416074,9.899894418003786,9.860629013983013,9.899894418003786,3088,0,1
2019-05-03,11.95,12.09,11.95,12.078,7610,9.983437830813944,10.100398608748167,9.983437830813944,10.090373399210948,7610,0,1
2019-05-06,11.7,11.833,11.7,11.8,1726,9.774579298788549,9.88569203782606,9.774579298788549,9.858122711598709,1726,0,1
2019-05-07,11.68,11.718,11.54,11.589,3398,9.757870616226517,9.789617113094378,9.640909838292295,9.681846110569273,3398,0,1
2019-05-08,11.517,11.523,11.47,11.505,6252,9.621694853345959,9.626707458114568,9.582429449325184,9.61166964380874,6252,0,1
2019-05-09,11.318,11.41,11.284,11.4,1239,9.455443461853744,9.532303401639089,9.42703870149829,9.523949060358074,1239,0,1
2019-05-10,11.39,11.48,11.34,11.48,1335,9.515594719077058,9.590783790606201,9.473823012671978,9.590783790606201,1335,0,1
2019-05-13,11.23,11.23,11.09,11.125,2197,9.381925258580804,9.381925258580804,9.264964480646581,9.294204675130137,2197,0,1
2019-05-14,11.22,11.3,11.165,11.269,1568,9.373570917299789,9.440405647547916,9.3276220402542,9.414507189576765,1568,0,1
2019-05-15,11.24,11.26,11.24,11.256,1001,9.39027959986182,9.406988282423852,9.39027959986182,9.403646545911446,1001,0,1
2019-05-16,11.282,11.348,11.28,11.28,700,9.425367833242086,9.480506485696791,9.423696964985883,9.423696964985883,700,0,1
2019-05-17,11.15,11.164,11.13,11.13,2942,9.315090528332677,9.326786606126099,9.298381845770646,9.298381845770646,2942,0,1
2019-05-20,11,11,10.398,10.963,2650,9.18977540911744,9.18977540911744,8.686844064000285,9.15886434637768,2650,0,1
2019-05-21,11.235,11.25,11.23,11.23,455,9.386102429221312,9.398633941142835,9.381925258580804,9.381925258580804,455,0,1
2019-05-22,11.2,11.248,11.167,11.175,1223,9.356862234737756,9.396963072886631,9.329292908510403,9.335976381535216,1223,0,1
2019-05-23,10.9,10.9,10.795,10.844,744,9.106231996307281,9.106231996307281,9.018511412856615,9.059447685133591,744,0,1
2019-05-24,10.827,10.88,10.827,10.865,735,9.045245304955865,9.08952331374525,9.045245304955865,9.076991801823725,735,0,1
2019-05-28,10.95,10.95,10.85,10.85,1600,9.148003702712359,9.148003702712359,9.0644602899022,9.0644602899022,1600,0,1
2019-05-29,10.86,10.92,10.85,10.897,6172,9.072814631183217,9.122940678869313,9.0644602899022,9.103725693922977,6172,0,1
2019-05-30,10.91,11.012,10.91,10.966,2787,9.114586337588296,9.199800618654658,9.114586337588296,9.161370648761984,2787,0,1
2019-05-31,10.871,10.895,10.871,10.895,559,9.082004406592334,9.102054825666773,9.082004406592334,9.102054825666773,559,0,1
2019-06-03,10.86,10.884,10.86,10.884,477,9.072814631183217,9.092865050257656,9.072814631183217,9.092865050257656,477,0,1
2019-06-04,11,11.0462,11,11.0462,854,9.18977540911744,9.228372465835733,9.18977540911744,9.228372465835733,854,0,1
2019-06-05,10.92,10.92,10.84,10.885,3419,9.122940678869313,9.122940678869313,9.056105948621186,9.093700484385757,3419,0,1
2019-06-06,10.834,10.864,10.834,10.845,722,9.051093343852576,9.076156367695624,9.051093343852576,9.060283119261694,722,0,1
2019-06-07,10.9001,10.9716,10.9001,10.935,2136,9.106315539720091,9.166049079879354,9.106315539720091,9.135472190790836,2136,0,1
2019-06-10,11,11.0241,10.98,11.015,1652,9.18977540911744,9.209909371604688,9.173066726555408,9.202306921038963,1652,0,1
2019-06-11,11.157,11.172,11.157,11.172,620,9.320938567229389,9.333470079150912,9.320938567229389,9.333470079150912,620,0,1
2019-06-12,11.112,11.116,11.112,11.116,334,9.283344031464816,9.286685767977223,9.283344031464816,9.286685767977223,334,0,1
2019-06-13,11.09,11.122,11.09,11.104,1032,9.264964480646581,9.291698372745833,9.264964480646581,9.276660558440003,1032,0,1
2019-06-14,11.07,11.07,10.992,10.992,687,9.24825579808455,9.24825579808455,9.183091936092627,9.183091936092627,687,0,1
2019-06-17,10.88,10.9,10.87,10.87,4985,9.08952331374525,9.106231996307281,9.081168972464232,9.081168972464232,4985,0,1
2019-06-18,10.9,11.02,10.9,10.997,3307,9.106231996307281,9.20648409167947,9.106231996307281,9.187269106733135,3307,0,1
2019-06-19,10.9636,11.015,10.9636,11.0149,666,9.159365606854541,9.202306921038963,9.159365606854541,9.202223377626153,666,0,1
2019-06-20,11.17,11.195,11.16,11.16,771,9.331799210894708,9.352685064097248,9.323444869613693,9.323444869613693,771,0,1
2019-06-21,11.222,11.273,11.222,11.252,1876,9.37524178555599,9.417848926089171,9.37524178555599,9.400304809399039,1876,0,1
2019-06-24,11.31,11.31,11.27,11.27,946,9.44875998882893,9.44875998882893,9.415342623704866,9.415342623704866,946,0,1
2019-06-25,11.295,11.295,11.25,11.25,1212,9.436228476907406,9.436228476907406,9.398633941142835,9.398633941142835,1212,0,1
2019-06-26,11.29,11.299,11.28,11.299,619,9.432051306266898,9.439570213419813,9.423696964985883,9.439570213419813,619,0,1
2019-06-27,11.37,11.37,11.3,11.3,1940,9.498886036515025,9.498886036515025,9.440405647547916,9.440405647547916,1940,0,1
2019-06-28,11.35,11.35,11.32,11.336,1007,9.482177353952993,9.482177353952993,9.457114330109947,9.470481276159573,1007,0,1
2019-07-01,11.456,11.456,11.44,11.44,1708,9.570733371531762,9.570733371531762,9.557366425482137,9.557366425482137,1708,0,1
2019-07-02,11.44,11.446,11.44,11.446,1290,9.557366425482137,9.562379030250746,9.557366425482137,9.562379030250746,1290,0,1
2019-07-03,11.38,11.39,11.38,11.39,722,9.507240377796043,9.515594719077058,9.507240377796043,9.515594719077058,722,0,1
2019-07-05,11.24,11.285,11.218,11.254,2891,9.39027959986182,9.427874135626391,9.371900049043585,9.40197567765524,2891,0,1
2019-07-08,11.21,11.21,11.17,11.17,968,9.365216576018772,9.365216576018772,9.331799210894708,9.331799210894708,968,0,1
2019-07-09,11.092,11.12,11.08,11.12,2457,9.266635348902785,9.290027504489629,9.256610139365566,9.290027504489629,2457,0,1
2019-07-10,11.18,11.25,11.17,11.205,2846,9.340153552175725,9.398633941142835,9.331799210894708,9.361039405378264,2846,0,1
2019-07-11,11.2,11.24,11.2,11.24,374,9.356862234737756,9.39027959986182,9.356862234737756,9.39027959986182,374,0,1
2019-07-12,11.2,11.215,11.2,11.215,300,9.356862234737756,9.36939374665928,9.356862234737756,9.36939374665928,300,0,1
2019-07-15,11.43,11.43,11.355,11.37,1198,9.54901208420112,9.54901208420112,9.486354524593501,9.498886036515025,1198,0,1
2019-07-16,11.42,11.42,11.38,11.399,3963,9.540657742920105,9.540657742920105,9.507240377796043,9.523113626229971,3963,0,1
2019-07-17,11.36,11.36,11.35,11.35,1393,9.49053169523401,9.49053169523401,9.482177353952993,9.482177353952993,1393,0,1
2019-07-18,11.39,11.44,11.37,11.44,4159,9.515594719077058,9.557366425482137,9.498886036515025,9.557366425482137,4159,0,1
2019-07-19,11.5,11.55,11.495,11.53,5325,9.607492473168232,9.649264179573311,9.603315302527724,9.632555497011278,5325,0,1
2019-07-22,11.51,11.51,11.5,11.5,1116,9.615846814449247,9.615846814449247,9.607492473168232,9.607492473168232,1116,0,1
2019-07-23,11.55,11.634,11.55,11.6,1499,9.649264179573311,9.719440646333844,9.649264179573311,9.69103588597839,1499,0,1
2019-07-24,11.604,11.604,11.57,11.57,2527,9.694377622490796,9.694377622490796,9.665972862135343,9.665972862135343,2527,0,1
2019-07-25,11.48,11.48,11.28,11.313,297,9.590783790606201,9.590783790606201,9.423696964985883,9.451266291213235,297,0,1
2019-07-26,11.34,11.34,11.29,11.29,1135,9.473823012671978,9.473823012671978,9.432051306266898,9.432051306266898,1135,0,1
2019-07-29,11.27,11.27,11.27,11.27,267,9.415342623704866,9.415342623704866,9.415342623704866,9.415342623704866,267,0,1
2019-07-30,11.17,11.17,11.091,11.155,3202,9.331799210894708,9.331799210894708,9.265799914774682,9.319267698973185,3202,0,1
2019-07-31,11.15,11.171,11.046,11.046,1290,9.315090528332677,9.332634645022809,9.228205379010111,9.228205379010111,1290,0,1
2019-08-01,10.96,11.01,10.775,10.775,2316,9.156358043993377,9.198129750398454,9.001802730294584,9.001802730294584,2316,0,1
2019-08-02,10.6,10.609,10.6,10.6,5138,8.855601757876805,8.863120665029719,8.855601757876805,8.855601757876805,5138,0,1
2019-08-05,10.4,10.4,10.06,10.13,27772,8.688514932256489,8.688514932256489,8.40446732870195,8.46294771766906,27772,0,1
2019-08-06,10.24,10.26,10.157,10.26,1643,8.554845471760235,8.571554154322266,8.485504439127803,8.571554154322266,1643,0,1
2019-08-07,10.29,10.473,10.29,10.473,4545,8.596617178165312,8.749501623607904,8.596617178165312,8.749501623607904,4545,0,1
2019-08-08,10.68,10.86,10.68,10.83,2789,8.922436488124932,9.072814631183217,8.922436488124932,9.04775160734017,2789,0,1
2019-08-09,10.85,10.89,10.837,10.837,990,9.0644602899022,9.097877655026265,9.053599646236881,9.053599646236881,990,0,1
2019-08-12,10.67,10.67,10.6,10.604,4200,8.914082146843915,8.914082146843915,8.855601757876805,8.85894349438921,4200,0,1
2019-08-13,10.57,10.76,10.57,10.7,1814,8.830538734033757,8.989271218373059,8.830538734033757,8.939145170686963,1814,0,1
2019-08-14,10.5,10.507,10.37,10.387,4579,8.772058345066647,8.777906383963357,8.663451908413439,8.677654288591167,4579,0,1
2019-08-15,10.33,10.33,10.277,10.29,1282,8.630034543289376,8.630034543289376,8.585756534499993,8.596617178165312,1282,0,1
2019-08-16,10.38,10.405,10.38,10.405,7693,8.671806249694457,8.692692102896995,8.671806249694457,8.692692102896995,7693,0,1
2019-08-19,10.489,10.489,10.46,10.46,106,8.76286856965753,8.76286856965753,8.738640979942584,8.738640979942584,106,0,1
2019-08-20,10.43,10.43,10.428,10.428,272,8.713577956099535,8.713577956099535,8.711907087843333,8.711907087843333,272,0,1
2019-08-21,10.445,10.445,10.43,10.434,781,8.72610946802106,8.72610946802106,8.713577956099535,8.716919692611942,781,0,1
2019-08-22,10.41,10.41,10.245,10.29,13865,8.696869273537503,8.696869273537503,8.559022642400741,8.596617178165312,13865,0,1
2019-08-23,10.09,10.09,9.951,9.955,1723,8.429530352544996,8.429530352544996,8.313405008738876,8.316746745251283,1723,0,1
2019-08-26,9.957,9.96,9.957,9.96,669,8.318417613507487,8.320923915891791,8.318417613507487,8.320923915891791,669,0,1
2019-08-27,9.988,9.988,9.94,9.94,5881,8.344316071478634,8.344316071478634,8.304215233329758,8.304215233329758,5881,0,1
2019-08-28,10.027,10.06,10.027,10.035,202,8.376898002474595,8.40446732870195,8.376898002474595,8.38358147549941,202,0,1
2019-08-29,10.11,10.15,10.1,10.1,379,8.446239035107027,8.479656400231091,8.437884693826012,8.437884693826012,379,0,1
2019-08-30,10.235,10.235,10.2,10.212,400,8.550668301119726,8.550668301119726,8.52142810663617,8.531453316173389,400,0,1
2019-09-03,10.43,10.45,10.39,10.43,3587,8.713577956099535,8.730286638661566,8.680160590975472,8.713577956099535,3587,0,1
2019-09-04,10.5,10.58,10.5,10.58,2859,8.772058345066647,8.838893075314774,8.772058345066647,8.838893075314774,2859,0,1
2019-09-05,10.68,10.698,10.64,10.68,3788,8.922436488124932,8.937474302430761,8.88901912300087,8.922436488124932,3788,0,1
2019-09-06,10.664,10.74,10.662,10.685,5027,8.909069542075306,8.972562535811027,8.907398673819104,8.92661365876544,5027,0,1
2019-09-09,10.83,10.867,10.83,10.867,488,9.04775160734017,9.078662670079929,9.04775160734017,9.078662670079929,488,0,1
2019-09-10,10.89,10.995,10.89,10.995,613,9.097877655026265,9.185598238476931,9.097877655026265,9.185598238476931,613,0,1
2019-09-11,11.103,11.16,11.103,11.142,2625,9.275825124311902,9.323444869613693,9.275825124311902,9.308407055307864,2625,0,1
2019-09-12,11.191,11.255,11.191,11.255,1107,9.349343327584842,9.402811111783343,9.349343327584842,9.402811111783343,1107,0,1
2019-09-13,11.4,11.4,11.4,11.4,26,9.523949060358074,9.523949060358074,9.523949060358074,9.523949060358074,26,0,1
2019-09-16,11.384,11.384,11.341,11.341,1366,9.510582114308448,9.510582114308448,9.47465844680008,9.47465844680008,1366,0,1
2019-09-17,11.14,11.19,11.14,11.18,3186,9.306736187051662,9.34850789345674,9.306736187051662,9.340153552175725,3186,0,1
2019-09-18,11.158,11.158,11.021,11.115,1271,9.32177400135749,9.32177400135749,9.207319525807574,9.28585033384912,1271,0,1
2019-09-19,11.106,11.106,11.106,11.106,58,9.278331426696207,9.278331426696207,9.278331426696207,9.278331426696207,58,0,1
2019-09-20,11.12,11.165,11.09,11.09,3536,9.290027504489629,9.3276220402542,9.264964480646581,9.264964480646581,3536,0,1
2019-09-23,10.99,11.06,10.99,11.015,1937,9.181421067836423,9.239901456803535,9.181421067836423,9.202306921038963,1937,0,1
2019-09-24,11.015,11.015,10.895,10.895,662,9.202306921038963,9.202306921038963,9.102054825666773,9.102054825666773,662,0,1
2019-09-25,10.861,10.924,10.84,10.924,394,9.07365006531132,9.126282415381718,9.056105948621186,9.126282415381718,394,0,1
2019-09-26,10.95,10.95,10.79,10.79,919,9.148003702712359,9.148003702712359,9.014334242216105,9.014334242216105,919,0,1
2019-09-27,10.73,10.731,10.7,10.731,1402,8.964208194530011,8.965043628658112,8.939145170686963,8.965043628658112,1402,0,1
2019-09-30,10.69,10.715,10.69,10.693,283,8.930790829405947,8.951676682608488,8.930790829405947,8.933297131790251,283,0,1
2019-10-01,10.6,10.6,10.472,10.5,487,8.855601757876805,8.855601757876805,8.7486661894798,8.772058345066647,487,0,1
2019-10-02,10.36,10.36,10.285,10.295,1355,8.655097567132424,8.655097567132424,8.592440007524806,8.600794348805822,1355,0,1
2019-10-03,10.36,10.383,10.36,10.383,609,8.655097567132424,8.67431255207876,8.655097567132424,8.67431255207876,609,0,1
2019-10-04,10.439,10.439,10.41,10.415,1460,8.72109686325245,8.72109686325245,8.696869273537503,8.701046444178012,1460,0,1
2019-10-07,10.429,10.429,10.429,10.429,99,8.712742521971434,8.712742521971434,8.712742521971434,8.712742521971434,99,0,1
2019-10-08,10.38,10.38,10.327,10.328,230,8.671806249694457,8.671806249694457,8.627528240905072,8.628363675033173,230,0,1
2019-10-09,10.377,10.406,10.371,10.397,891,8.669299947310153,8.693527537025098,8.664287342541542,8.686008629872184,891,0,1
2019-10-10,10.36,10.55,10.36,10.536,1702,8.655097567132424,8.813830051471726,8.655097567132424,8.802133973678304,1702,0,1
2019-10-11,10.61,10.765,10.61,10.73,859,8.86395609915782,8.993448389013567,8.86395609915782,8.964208194530011,859,0,1
2019-10-14,10.7,10.7,10.665,10.665,1660,8.939145170686963,8.939145170686963,8.909904976203407,8.909904976203407,1660,0,1
2019-10-15,10.59,10.59,10.531,10.543,1815,8.847247416595788,8.847247416595788,8.797956803037795,8.807982012575014,1815,0,1
2019-10-16,10.45,10.48,10.45,10.48,372,8.730286638661566,8.755349662504615,8.730286638661566,8.755349662504615,372,0,1
2019-10-17,10.4652,10.4652,10.4652,10.4652,248,8.74298523740871,8.74298523740871,8.74298523740871,8.74298523740871,248,0,1
2019-10-18,10.435,10.435,10.435,10.435,58,8.717755126740045,8.717755126740045,8.717755126740045,8.717755126740045,58,0,1
2019-10-21,10.49,10.49,10.49,10.49,62,8.76370400378563,8.76370400378563,8.76370400378563,8.76370400378563,62,0,1
2019-10-22,10.518,10.53,10.504,10.52,2289,8.787096159372476,8.797121368909693,8.775400081579052,8.788767027628678,2289,0,1
2019-10-23,10.524,10.59,10.515,10.565,2174,8.792108764141084,8.847247416595788,8.784589856988172,8.826361563393249,2174,0,1
2019-10-24,10.61,10.62,10.6,10.62,9946,8.86395609915782,8.872310440438836,8.855601757876805,8.872310440438836,9946,0,1
2019-10-25,10.585,10.62,10.58,10.6,1089,8.843070245955282,8.872310440438836,8.838893075314774,8.855601757876805,1089,0,1
2019-10-28,10.73,10.77,10.73,10.75,1418,8.964208194530011,8.997625559654074,8.964208194530011,8.980916877092042,1418,0,1
2019-10-29,10.741,10.76,10.741,10.75,1562,8.973397969939128,8.989271218373059,8.973397969939128,8.980916877092042,1562,0,1
2019-10-30,10.7,10.745,10.7,10.745,1601,8.939145170686963,8.976739706451534,8.939145170686963,8.976739706451534,1601,0,1
2019-10-31,10.567,10.59,10.567,10.59,319,8.828032431649453,8.847247416595788,8.828032431649453,8.847247416595788,319,0,1
2019-11-01,10.74,10.8,10.74,10.8,548,8.972562535811027,9.022688583497123,8.972562535811027,9.022688583497123,548,0,1
2019-11-04,11.08,11.179,11.08,11.155,6853,9.256610139365566,9.339318118047624,9.256610139365566,9.319267698973185,6853,0,1
2019-11-05,11.22,11.23,11.22,11.22,2124,9.373570917299789,9.381925258580804,9.373570917299789,9.373570917299789,2124,0,1
2019-11-06,11.241,11.247,11.195,11.195,1854,9.391115033989921,9.39612763875853,9.352685064097248,9.352685064097248,1854,0,1
2019-11-07,11.219,11.24,11.161,11.161,3957,9.372735483171686,9.39027959986182,9.324280303741794,9.324280303741794,3957,0,1
2019-11-08,11.1,11.11,11.065,11.08,930,9.273318821927598,9.281673163208612,9.244078627444042,9.256610139365566,930,0,1
2019-11-11,10.82,10.91,10.82,10.91,3662,9.039397266059154,9.114586337588296,9.039397266059154,9.114586337588296,3662,0,1
2019-11-12,10.8,10.8,10.68,10.68,1641,9.022688583497123,9.022688583497123,8.922436488124932,8.922436488124932,1641,0,1
2019-11-13,10.53,10.64,10.52,10.52,2194,8.797121368909693,8.88901912300087,8.788767027628678,8.788767027628678,2194,0,1
2019-11-14,10.473,10.473,10.41,10.451,2475,8.749501623607904,8.749501623607904,8.696869273537503,8.731122072789669,2475,0,1
2019-11-15,10.51,10.598,10.51,10.55,1660,8.780412686347661,8.853930889620603,8.780412686347661,8.813830051471726,1660,0,1
2019-11-18,10.53,10.53,10.415,10.415,1132,8.797121368909693,8.797121368909693,8.701046444178012,8.701046444178012,1132,0,1
2019-11-19,10.55,10.55,10.43,10.446,2141,8.813830051471726,8.813830051471726,8.713577956099535,8.72694490214916,2141,0,1
2019-11-20,10.395,10.395,10.39,10.39,1203,8.68433776161598,8.68433776161598,8.680160590975472,8.680160590975472,1203,0,1
2019-11-21,10.35,10.37,10.3,10.3,844,8.646743225851408,8.663451908413439,8.60497151944633,8.60497151944633,844,0,1
2019-11-22,10.35,10.35,10.3,10.324,2120,8.646743225851408,8.646743225851408,8.60497151944633,8.625021938520767,2120,0,1
2019-11-25,10.32,10.484,10.32,10.462,4154,8.621680202008362,8.758691399017021,8.621680202008362,8.740311848198786,4154,0,1
2019-11-26,10.5,10.5,10.46,10.47,1582,8.772058345066647,8.772058345066647,8.738640979942584,8.746995321223599,1582,0,1
2019-11-27,10.564,10.564,10.56,10.56,691,8.825526129265148,8.825526129265148,8.822184392752742,8.822184392752742,691,0,1
2019-11-29,10.41,10.43,10.41,10.41,10384,8.696869273537503,8.713577956099535,8.696869273537503,8.696869273537503,10384,0,1
2019-12-02,10.39,10.393,10.316,10.339,3299,8.680160590975472,8.682666893359777,8.618338465495956,8.637553450442292,3299,0,1
2019-12-03,10.25,10.25,10.193,10.195,2383,8.56319981304125,8.56319981304125,8.51558006773946,8.517250935995664,2383,0,1
2019-12-04,10.345,10.345,10.33,10.33,448,8.642566055210901,8.642566055210901,8.630034543289376,8.630034543289376,448,0,1
2019-12-05,10.338,10.338,10.32,10.32,830,8.63671801631419,8.63671801631419,8.621680202008362,8.621680202008362,830,0,1
2019-12-06,10.39,10.458,10.39,10.453,1361,8.680160590975472,8.73697011168638,8.680160590975472,8.732792941045872,1361,0,1
2019-12-09,10.45,10.45,10.43,10.442,320,8.730286638661566,8.730286638661566,8.713577956099535,8.723603165636755,320,0,1
2019-12-10,10.444,10.49,10.444,10.49,988,8.725274033892958,8.76370400378563,8.725274033892958,8.76370400378563,988,0,1
2019-12-11,10.48,10.54,10.48,10.54,782,8.755349662504615,8.80547571019071,8.755349662504615,8.80547571019071,782,0,1
2019-12-12,10.73,10.735,10.656,10.735,2236,8.964208194530011,8.96838536517052,8.902386069050495,8.96838536517052,2236,0,1
2019-12-13,10.83,10.85,10.82,10.825,2802,9.04775160734017,9.0644602899022,9.039397266059154,9.04357443669966,2802,0,1
2019-12-16,11.01,11.01,10.882,10.882,1322,9.198129750398454,9.198129750398454,9.091194182001452,9.091194182001452,1322,0,1
2019-12-17,10.99,11.037,10.99,11.03,1572,9.181421067836423,9.2206864718572,9.181421067836423,9.214838432960486,1572,0,1
2019-12-18,10.97,10.97,10.921,10.925,569,9.164712385274392,9.164712385274392,9.123776112997414,9.12711784950982,569,0,1
2019-12-19,10.965,10.99,10.965,10.983,1441,9.160535214633883,9.181421067836423,9.160535214633883,9.175573028939713,1441,0,1
2019-12-20,11,11.01,10.964,10.964,2116,9.18977540911744,9.198129750398454,9.159699780505782,9.159699780505782,2116,0,1
2019-12-23,11,11.005,10.9,10.92,5257,9.18977540911744,9.193952579757948,9.106231996307281,9.122940678869313,5257,0,1
2019-12-24,11.02,11.062,11,11.02,7281,9.20648409167947,9.241572325059737,9.18977540911744,9.20648409167947,7281,0,1
2019-12-26,11.1,11.1,11.05,11.081,5903,9.273318821927598,9.273318821927598,9.231547115522519,9.257445573493667,5903,0,1
2019-12-27,11.131,11.15,11.115,11.115,2717,9.299217279898746,9.315090528332677,9.28585033384912,9.28585033384912,2717,0,1
2019-12-30,10.93,10.96,10.89,10.89,12619,9.427286493255293,9.45316193651217,9.392785902246125,9.392785902246125,12619,0.353,1
2019-12-31,10.98,10.98,10.95,10.97,11222,9.470412232016754,9.470412232016754,9.444536788759876,9.461787084264461,11222,0,1
2020-01-02,11.14,11.242,11.14,11.2,11024,9.608414596053429,9.696391103126809,9.608414596053429,9.66016548256718,11024,0,1
2020-01-03,11.19,11.21,11.173,11.2,5053,9.651540334814888,9.668790630319473,9.636877583635991,9.66016548256718,5053,0,1
2020-01-06,11.14,11.22,11.11,11.21,6797,9.608414596053429,9.677415778071765,9.582539152796551,9.668790630319473,6797,0,1
2020-01-07,11.21,11.27,11.21,11.265,5834,9.668790630319473,9.720541516833224,9.668790630319473,9.71622894295708,5834,0,1
2020-01-08,11.21,11.257,11.178,11.2,3972,9.668790630319473,9.709328824755245,9.641190157512138,9.66016548256718,3972,0,1
2020-01-09,11.28,11.31,11.234,11.27,20749,9.729166664585517,9.755042107842394,9.689490984924973,9.720541516833224,20749,0,1
2020-01-10,11.31,11.363,11.3,11.3,4469,9.755042107842394,9.800755390929542,9.746416960090102,9.746416960090102,4469,0,1
2020-01-13,11.47,11.641,11.47,11.641,7152,9.893044471879069,10.040534498443263,9.893044471879069,10.040534498443263,7152,0,1
2020-01-14,11.87,12,11.86,11.95,22263,10.238050381970751,10.35017730275055,10.22942523421846,10.30705156398909,22263,0,1
2020-01-15,11.8,11.8,11.71,11.72,16481,10.17767434770471,10.17767434770471,10.10004801793408,10.10867316568637,16481,0,1
2020-01-16,11.76,11.78,11.7,11.71,7723,10.143173756695539,10.160424052200122,10.091422870181786,10.10004801793408,7723,0,1
2020-01-17,11.74,11.771,11.74,11.75,13856,10.125923461190956,10.152661419223062,10.125923461190956,10.134548608943247,13856,0,1
2020-01-21,11.55,11.561,11.46,11.46,14341,9.962045653897405,9.971533316424926,9.884419324126776,9.884419324126776,14341,0,1
2020-01-22,11.53,11.589,11.53,11.54,8758,9.94479535839282,9.995683730131343,9.94479535839282,9.953420506145111,8758,0,1
2020-01-23,11.37,11.375,11.275,11.35,8845,9.806792994356146,9.811105568232293,9.724854090709371,9.789542698851562,8845,0,1
2020-01-24,11.347,11.347,11.195,11.195,7448,9.786955154525874,9.786955154525874,9.655852908691035,9.655852908691035,7448,0,1
2020-01-27,10.9,10.94,10.89,10.92,13117,9.401411049998417,9.435911641007584,9.392785902246125,9.418661345503,13117,0,1
2020-01-28,10.77,10.93,10.77,10.89,7565,9.289284129218618,9.427286493255293,9.289284129218618,9.392785902246125,7565,0,1
2020-01-29,10.976,10.98,10.82,10.82,4513,9.466962172915837,9.470412232016754,9.332409867980079,9.332409867980079,4513,0,1
2020-01-30,10.59,10.59,10.5,10.55,8521,9.13403146967736,9.13403146967736,9.056405139906731,9.099530878668192,8521,0,1
2020-01-31,10.505,10.505,10.401,10.42,6891,9.060717713782878,9.060717713782878,8.97101617715904,8.987403957888395,6891,0,1
2020-02-03,10.32,10.35,10.3,10.32,6198,8.901152480365473,8.927027923622349,8.88390218486089,8.901152480365473,6198,0,1
2020-02-04,10.64,10.95,10.64,10.88,120033,9.177157208438821,9.444536788759876,9.177157208438821,9.384160754493832,120033,0,1
2020-02-05,11.17,11.17,10.99,11.01,131271,9.634290039310304,9.634290039310304,9.479037379769046,9.49628767527363,131271,0,1
2020-02-06,11.01,11.01,10.852,10.947,12946,9.49628767527363,9.49628767527363,9.360010340787415,9.44194924443419,12946,0,1
2020-02-07,10.727,10.727,10.591,10.591,2651,9.252195993883763,9.252195993883763,9.134893984452589,9.134893984452589,2651,0,1
2020-02-10,10.66,10.826,10.64,10.81,19762,9.194407503943406,9.337584956631455,9.177157208438821,9.323784720227788,19762,0,1
2020-02-11,10.89,11.01,10.89,10.95,3490,9.392785902246125,9.49628767527363,9.392785902246125,9.444536788759876,3490,0,1
2020-02-12,11.39,11.58,11.39,11.575,52355,9.82404328986073,9.987921097154281,9.82404328986073,9.983608523278134,52355,0,1
2020-02-13,11.45,11.45,11.295,11.41,12366,9.875794176374482,9.875794176374482,9.742104386213956,9.841293585365316,12366,0,1
2020-02-14,11.49,11.49,11.348,11.405,7597,9.910294767383652,9.910294767383652,9.787817669301104,9.836981011489168,7597,0,1
2020-02-18,11.37,11.38,11.3,11.3,8679,9.806792994356146,9.81541814210844,9.746416960090102,9.746416960090102,8679,0,1
2020-02-19,11.17,11.22,11.155,11.18,9095,9.634290039310304,9.677415778071765,9.621352317681865,9.642915187062595,9095,0,1
2020-02-20,11.02,11.26,11.02,11.14,60066,9.504912823025922,9.711916369080933,9.504912823025922,9.608414596053429,60066,0,1
2020-02-21,11.02,11.02,10.9,10.92,28828,9.504912823025922,9.504912823025922,9.401411049998417,9.418661345503,28828,0,1
2020-02-24,10.26,10.34,10.24,10.27,17056,8.84940159385172,8.918402775870057,8.832151298347137,8.858026741604013,17056,0,1
2020-02-25,10.51,10.51,10.29,10.29,8551,9.065030287659024,9.065030287659024,8.875277037108596,8.875277037108596,8551,0,1
2020-02-26,10.16,10.27,10.16,10.2,9875,8.763150116328799,8.858026741604013,8.763150116328799,8.797650707337967,9875,0,1
2020-02-27,9.99,9.99,9.63,9.72,37898,8.616522604539833,8.616522604539833,8.306017285457317,8.383643615227946,37898,0,1
2020-02-28,9.29,9.43,9.232,9.43,7211,8.012762261879384,8.133514330411474,7.96273640491609,8.133514330411474,7211,0,1
2020-03-02,9.51,9.654,9.38,9.654,3248,8.20251551242981,8.326717640062817,8.090388591650013,8.326717640062817,3248,0,1
2020-03-03,9.683,9.746,9.532,9.583,4082,8.351730568544465,8.406068999383905,8.221490837484854,8.265479091021543,4082,0,1
2020-03-04,9.69,9.803,9.69,9.803,936,8.357768171971069,8.455232341571971,8.357768171971069,8.455232341571971,936,0,1
2020-03-05,9.5,9.63,9.455,9.456,15172,8.19389036467752,8.306017285457317,8.155077199792204,8.155939714567433,15172,0,1
2020-03-06,9.3,9.336,9.27,9.335,6239,8.021387409631677,8.052437941539928,7.9955119663748,8.0515754267647,6239,0,1
2020-03-09,9.57,9.57,8.317,8.82,4603,8.254266398943564,8.254266398943564,7.173535385581361,7.607380317521654,4603,0,1
2020-03-10,8.84,8.94,8.745,8.899,18999,7.6246306130262385,7.71088209054916,7.542691709379463,7.675518984764762,18999,0,1
2020-03-11,8.5,8.508,8.227,8.258,8284,7.331375589448307,7.33827570765014,7.095909055810732,7.122647013842836,8284,0,1
2020-03-12,7.432,7.8,7,7.21,13825,6.410209809503508,6.727615246787858,6.037603426604488,6.218731529402622,13825,0,1
2020-03-13,8.43,8.43,7.282,7.53,11088,7.270999555182262,7.270999555182262,6.280832593219126,6.494736257475971,11088,0,1
2020-03-16,6.55,6.9,6.5,6.802,7260,5.649471777751342,5.951351949081567,5.606346038989882,5.866825501109103,7260,0,1
2020-03-17,6.83,7.146,6.83,7.095,3230,5.890975914815522,6.163530583787953,5.890975914815522,6.119542330251263,3230,0,1
2020-03-18,6.5,6.626,6.27,6.47,54436,5.606346038989882,5.715022900668763,5.407967640687162,5.580470595733005,54436,0,1
2020-03-19,6.29,6.525,6.29,6.468,8594,5.425217936191747,5.627908908370612,5.425217936191747,5.578745566182547,8594,0,1
2020-03-20,6.58,6.58,6.125,6.13,7481,5.675347221008218,5.675347221008218,5.282902998278927,5.287215572155072,7481,0,1
2020-03-23,6.03,6.03,5.91,5.98,3692,5.200964094632152,5.200964094632152,5.097462321604646,5.157838355870691,3692,0,1
2020-03-24,6.41,6.6,6.38,6.6,7538,5.528719709219253,5.692597516512802,5.502844265962376,5.692597516512802,7538,0,1
2020-03-25,6.66,6.93,6.51,6.8,14084,5.744348403026556,5.977227392338443,5.614971186742173,5.8651004715586454,14084,0,1
2020-03-26,6.87,7.02,6.86,7.01,4816,5.92547650582469,6.054853722109072,5.916851358072398,6.04622857435678,4816,0,1
2020-03-27,6.75,6.75,6.46,6.56,10971,5.821974732797185,5.821974732797185,5.571845447980713,5.658096925503634,10971,0,1
2020-03-30,6.65,6.65,6.51,6.63,4230,5.735723255274263,5.735723255274263,5.614971186742173,5.718472959769679,4230,0,1
2020-03-31,6.69,6.76,6.63,6.68,15363,5.770223846283432,5.830599880549476,5.718472959769679,5.76159869853114,15363,0,1
2020-04-01,6.636,6.7,6.51,6.51,3276,5.723648048421055,5.778848994035724,5.614971186742173,5.614971186742173,3276,0,1
2020-04-02,6.66,6.87,6.66,6.808,2661,5.744348403026556,5.92547650582469,5.744348403026556,5.872000589760479,2661,0,1
2020-04-03,6.73,6.73,6.63,6.698,4287,5.804724437292601,5.804724437292601,5.718472959769679,5.777123964485265,4287,0,1
2020-04-06,7,7.11,7,7.08,1877,6.037603426604488,6.132480051879702,6.037603426604488,6.106604608622825,1877,0,1
2020-04-07,7.29,7.37,7.16,7.16,24091,6.28773271142096,6.356733893439296,6.175605790641161,6.175605790641161,24091,0,1
2020-04-08,7.31,7.38,7.22,7.38,2068,6.304983006925544,6.365359041191589,6.227356677154914,6.365359041191589,2068,0,1
2020-04-09,7.515,7.555,7.515,7.555,1145,6.481798535847532,6.5162991268567,6.481798535847532,6.5162991268567,1145,0,1
2020-04-13,7.55,7.55,7.42,7.445,3307,6.511986552980554,6.511986552980554,6.399859632200757,6.421422501581487,3307,0,1
2020-04-14,7.66,7.77,7.66,7.72,29379,6.606863178255768,6.701739803530981,6.606863178255768,6.6586140647695204,29379,0,1
2020-04-15,7.4,7.497,7.4,7.45,5566,6.382609336696173,6.4662732698934065,6.382609336696173,6.4257350754576334,5566,0,1
2020-04-16,7.37,7.38,7.31,7.345,2384,6.356733893439296,6.365359041191589,6.304983006925544,6.335171024058566,2384,0,1
2020-04-17,7.6,7.6,7.501,7.577,615,6.555112291742015,6.555112291742015,6.4697233289943235,6.535274451911743,615,0,1
2020-04-20,7.54,7.589,7.46,7.46,4840,6.5033614052282624,6.545624629214494,6.434360223209925,6.434360223209925,4840,0,1
2020-04-21,7.17,7.27,7.12,7.16,31184,6.184230938393454,6.270482415916375,6.141105199631993,6.175605790641161,31184,0,1
2020-04-22,7.31,7.31,7.26,7.31,3860,6.304983006925544,6.304983006925544,6.261857268164083,6.304983006925544,3860,0,1
2020-04-23,7.36,7.449,7.36,7.365,1529,6.3481087456870045,6.424872560682404,6.3481087456870045,6.352421319563151,1529,0,1
2020-04-24,7.371,7.44,7.371,7.44,827,6.357596408214526,6.417109927705342,6.357596408214526,6.417109927705342,827,0,1
2020-04-27,7.54,7.65,7.54,7.62,2804,6.5033614052282624,6.5982380305034765,6.5033614052282624,6.5723625872466,2804,0,1
2020-04-28,7.73,7.75,7.62,7.645,13055,6.667239212521813,6.684489508026397,6.5723625872466,6.593925456627329,13055,0,1
2020-04-29,7.85,7.96,7.85,7.87,6684,6.770740985549318,6.865617610824532,6.770740985549318,6.787991281053903,6684,0,1
2020-04-30,7.9,7.927,7.79,7.79,9659,6.813866724310779,6.837154623241967,6.718990099035565,6.718990099035565,9659,0,1
2020-05-01,7.579,7.579,7.51,7.51,2459,6.5369994814622014,6.5369994814622014,6.477485961971386,6.477485961971386,2459,0,1
2020-05-04,7.48,7.505,7.44,7.47,2354,6.45161051871451,6.47317338809524,6.417109927705342,6.442985370962218,2354,0,1
2020-05-05,7.52,7.632,7.52,7.53,3837,6.486111109723677,6.58271276454935,6.486111109723677,6.494736257475971,3837,0,1
2020-05-06,7.73,7.73,7.63,7.64,1754,6.667239212521813,6.667239212521813,6.5809877349988914,6.589612882751183,1754,0,1
2020-05-07,7.81,7.825,7.742,7.76,2772,6.7362403945401494,6.749178116168588,6.677589389824563,6.693114655778689,2772,0,1
2020-05-08,7.9,7.99,7.9,7.95,1567,6.813866724310779,6.891493054081408,6.813866724310779,6.85699246307224,1567,0,1
2020-05-11,7.95,7.97,7.89,7.94,4791,6.85699246307224,6.874242758576823,6.805241576558487,6.848367315319948,4791,0,1
2020-05-12,7.94,7.94,7.758,7.758,1612,6.848367315319948,6.848367315319948,6.691389626228231,6.691389626228231,1612,0,1
2020-05-13,7.9,7.9,7.71,7.71,2789,6.813866724310779,6.813866724310779,6.649988917017229,6.649988917017229,2789,0,1
2020-05-14,7.6,7.69,7.595,7.67,2160,6.555112291742015,6.632738621512645,6.550799717865869,6.61548832600806,2160,0,1
2020-05-15,7.755,7.76,7.692,7.73,2582,6.688802081902543,6.693114655778689,6.634463651063103,6.667239212521813,2582,0,1
2020-05-18,7.975,8.09,7.931,8.04,3143,6.87855533245297,6.977744531604329,6.840604682342884,6.934618792842868,3143,0,1
2020-05-19,8.005,8.08,7.96,7.96,9817,6.904430775709847,6.969119383852037,6.865617610824532,6.865617610824532,9817,0,1
2020-05-20,8.242,8.305,8.22,8.24,5976,7.108846777439171,7.16318520827861,7.089871452384128,7.107121747888711,5976,0,1
2020-05-21,8.16,8.24,8.14,8.145,3345,7.038120565870375,7.107121747888711,7.020870270365791,7.025182844241936,3345,0,1
2020-05-22,8.09,8.09,8.03,8.04,5373,6.977744531604329,6.977744531604329,6.925993645090576,6.934618792842868,5373,0,1
2020-05-26,8.28,8.332,8.24,8.24,19744,7.1416223388978795,7.1864731072098,7.107121747888711,7.107121747888711,19744,0,1
2020-05-27,8.33,8.4,8.23,8.39,38409,7.18474807765934,7.245124111925386,7.09849660013642,7.2364989641730935,38409,0,1
2020-05-28,8.37,8.49,8.37,8.45,9275,7.2192486686685085,7.322750441696015,7.2192486686685085,7.288249850686845,9275,0,1
2020-05-29,8.39,8.47,8.325,8.42,22709,7.2364989641730935,7.305500146191431,7.180435503783194,7.262374407429969,22709,0,1
2020-06-01,8.5,8.73,8.5,8.721,7340,7.331375589448307,7.529753987751025,7.331375589448307,7.521991354773963,7340,0,1
2020-06-02,8.83,8.9,8.807,8.889,3933,7.616005465273947,7.676381499539992,7.596167625443675,7.66689383701247,3933,0,1
2020-06-03,9.02,9.12,9.02,9.112,7207,7.7798832725674965,7.866134750090418,7.7798832725674965,7.859234631888585,7207,0,1
2020-06-04,9.16,9.21,9.12,9.2,8965,7.900635341099587,7.943761079861048,7.866134750090418,7.9351359321087545,8965,0,1
2020-06-05,9.52,9.57,9.5,9.5,11778,8.211140660182103,8.254266398943564,8.19389036467752,8.19389036467752,11778,0,1
2020-06-08,9.67,9.681,9.525,9.681,9578,8.340517876466485,8.350005538994006,8.21545323405825,8.350005538994006,9578,0,1
2020-06-09,9.53,9.53,9.45,9.5,7187,8.219765807934396,8.219765807934396,8.150764625916057,8.19389036467752,7187,0,1
2020-06-10,9.5,9.5,9.37,9.43,9981,8.19389036467752,8.19389036467752,8.08176344389772,8.133514330411474,9981,0,1
2020-06-11,9.08,9.08,8.758,8.758,11371,7.83163415908125,7.83163415908125,7.553904401457443,7.553904401457443,11371,0,1
2020-06-12,9.03,9.03,8.82,8.917,4576,7.788508420319789,7.788508420319789,7.607380317521654,7.691044250718888,4576,0,1
2020-06-15,8.67,8.825,8.63,8.78,4826,7.478003101237273,7.6116928913978,7.443502510228105,7.572879726512485,4826,0,1
2020-06-16,9.21,9.24,9.1,9.118,7071,7.943761079861048,7.969636523117924,7.848884454585834,7.86440972053996,7071,0,1
2020-06-17,9.2,9.2,9.09,9.11,3017,7.9351359321087545,7.9351359321087545,7.840259306833542,7.8575096023381255,3017,0,1
2020-06-18,9,9.115,9,9.05,4031,7.762632977062912,7.861822176214273,7.762632977062912,7.805758715824374,4031,0,1
2020-06-19,9.16,9.18,9.01,9.01,5021,7.900635341099587,7.917885636604171,7.771258124815205,7.771258124815205,5021,0,1
2020-06-22,9.046,9.07,9.02,9.066,3889,7.802308656723456,7.823009011328958,7.7798832725674965,7.819558952228041,3889,0,1
2020-06-23,9.215,9.269,9.199,9.199,9000,7.948073653737193,7.994649451599571,7.934273417333526,7.934273417333526,9000,0,1
2020-06-24,9.06,9.06,8.9,8.95,6424,7.814383863576666,7.814383863576666,7.676381499539992,7.719507238301452,6424,0,1
2020-06-25,8.96,9.01,8.91,9.01,14801,7.728132386053745,7.771258124815205,7.685006647292283,7.771258124815205,14801,0,1
2020-06-26,8.98,9.01,8.84,8.885,32588,7.745382681558329,7.771258124815205,7.6246306130262385,7.663443777911553,32588,0,1
2020-06-29,8.95,8.9987,8.86,8.9605,6946,7.719507238301452,7.761511707855115,7.641880908530823,7.728563643441358,6946,0,1
2020-06-30,8.95,9.063,8.937,9.063,6921,7.719507238301452,7.816971407902353,7.708294546223472,7.816971407902353,6921,0,1
2020-07-01,9.12,9.16,9.12,9.12,6600,7.866134750090418,7.900635341099587,7.866134750090418,7.866134750090418,6600,0,1
2020-07-02,9.274,9.274,9.196,9.23,3534,7.998962025475716,7.998962025475716,7.931685873007838,7.961011375365632,3534,0,1
2020-07-06,9.65,9.77,9.62,9.77,19186,8.3232675809619,8.426769353989407,8.297392137705025,8.426769353989407,19186,0,1
2020-07-07,9.75,9.78,9.67,9.67,20239,8.409519058484822,8.435394501741698,8.340517876466485,8.340517876466485,20239,0,1
2020-07-08,9.65,9.84,9.65,9.825,18700,8.3232675809619,8.48714538825545,8.3232675809619,8.474207666627013,18700,0,1
2020-07-09,9.86,9.86,9.7,9.73,7451,8.504395683760036,8.504395683760036,8.366393319723361,8.392268762980239,7451,0,1
2020-07-10,9.73,9.79,9.72,9.78,5200,8.392268762980239,8.44401964949399,8.383643615227946,8.435394501741698,5200,0,1
2020-07-13,10.13,10.28,10.09,10.11,52089,8.737274673071923,8.866651889356305,8.702774082062755,8.720024377567338,52089,0,1
2020-07-14,9.94,10.01,9.87,10.01,7049,8.573396865778372,8.633772900044418,8.513020831512327,8.633772900044418,7049,0,1
2020-07-15,10.09,10.09,10,10.04,7047,8.702774082062755,8.702774082062755,8.625147752292126,8.659648343301294,7047,0,1
2020-07-16,9.91,9.924,9.81,9.85,21857,8.547521422521497,8.559596629374704,8.461269944998575,8.495770536007743,21857,0,1
2020-07-17,9.95,9.97,9.915,9.945,4543,8.582022013530665,8.59927230903525,8.551833996397642,8.57770943965452,4543,0,1
2020-07-20,10.09,10.169,10.031,10.165,10908,8.702774082062755,8.770912749305863,8.651885710324231,8.767462690204944,10908,0,1
2020-07-21,10.29,10.29,10.24,10.24,22627,8.875277037108596,8.875277037108596,8.832151298347137,8.832151298347137,22627,0,1
2020-07-22,10.24,10.24,10.06,10.12,13358,8.832151298347137,8.832151298347137,8.676898638805879,8.72864952531963,13358,0,1
2020-07-23,10.2,10.28,10.11,10.15,28801,8.797650707337967,8.866651889356305,8.720024377567338,8.754524968576508,28801,0,1
2020-07-24,10.09,10.09,9.98,10.04,22458,8.702774082062755,8.702774082062755,8.60789745678754,8.659648343301294,22458,0,1
2020-07-27,10.2,10.39,10.2,10.3749,19185,8.797650707337967,8.96152851463152,8.797650707337967,8.948504541525557,19185,0,1
2020-07-28,10.42,10.5,10.4,10.4,30251,8.987403957888395,9.056405139906731,8.97015366238381,8.97015366238381,30251,0,1
2020-07-29,10.42,10.42,10.4,10.4,7699,8.987403957888395,8.987403957888395,8.97015366238381,8.97015366238381,7699,0,1
2020-07-30,10.28,10.28,10.09,10.2483,25115,8.866651889356305,8.866651889356305,8.702774082062755,8.83931017098154,25115,0,1
2020-07-31,10.09,10.09,9.9307,10.01,24261,8.702774082062755,8.702774082062755,8.565375478368741,8.633772900044418,24261,0,1
2020-08-03,10.09,10.178,10.09,10.15,4645,8.702774082062755,8.778675382282925,8.702774082062755,8.754524968576508,4645,0,1
2020-08-04,10.27,10.425,10.23,10.419,13195,8.858026741604013,8.991716531764542,8.823526150594844,8.986541443113166,13195,0,1
2020-08-05,10.71,10.85,10.71,10.78,25114,9.237533242704867,9.358285311236955,9.237533242704867,9.29790927697091,25114,0,1
2020-08-06,10.89,10.97,10.88,10.94,17423,9.392785902246125,9.461787084264461,9.384160754493832,9.435911641007584,17423,0,1
2020-08-07,10.81,10.81,10.7288,10.74,10168,9.323784720227788,9.323784720227788,9.253748520479174,9.263408685961743,10168,0,1
2020-08-10,10.74,10.755,10.72,10.73,21045,9.263408685961743,9.276346407590182,9.24615839045716,9.25478353820945,21045,0,1
2020-08-11,10.75,10.8199,10.71,10.71,16665,9.272033833714035,9.332323616502556,9.237533242704867,9.237533242704867,16665,0,1
2020-08-12,10.69,10.7389,10.63,10.63,10162,9.220282947200282,9.26245991970899,9.16853206068653,9.16853206068653,10162,0,1
2020-08-13,10.6,10.6,10.52,10.54,13041,9.142656617429653,9.142656617429653,9.073655435411315,9.0909057309159,13041,0,1
2020-08-14,10.5,10.565,10.47,10.555,9160,9.056405139906731,9.11246860029663,9.030529696649856,9.103843452544337,9160,0,1
2020-08-17,10.58,10.8,10.58,10.772,22491,9.125406321925068,9.315159572475496,9.125406321925068,9.291009158769077,22491,0,1
2020-08-18,10.89,10.91,10.7,10.7,16537,9.392785902246125,9.410036197750708,9.228908094952573,9.228908094952573,16537,0,1
2020-08-19,10.73,10.7537,10.73,10.74,9945,9.25478353820945,9.275225138382384,9.25478353820945,9.263408685961743,9945,0,1
2020-08-20,10.65,10.65,10.56,10.57,9999,9.185782356191114,9.185782356191114,9.108156026420485,9.116781174172777,9999,0,1
2020-08-21,10.54,10.54,10.4601,10.48,7350,9.0909057309159,9.0909057309159,9.021990800375086,9.039154844402148,7350,0,1
2020-08-24,10.58,10.5879,10.505,10.55,7518,9.125406321925068,9.132220188649379,9.060717713782878,9.099530878668192,7518,0,1
2020-08-25,10.51,10.55,10.29,10.36,27994,9.065030287659024,9.099530878668192,8.875277037108596,8.935653071374642,27994,0,1
2020-08-26,10.3,10.381,10.25,10.35,10406,8.88390218486089,8.953765881654455,8.840776446099428,8.927027923622349,10406,0,1
2020-08-27,10.52,10.52,10.31,10.4,12112,9.073655435411315,9.073655435411315,8.89252733261318,8.97015366238381,12112,0,1
2020-08-28,10.51,10.64,10.494,10.625,15627,9.065030287659024,9.177157208438821,9.051230051255356,9.164219486810383,15627,0,1
2020-08-31,10.66,10.7,10.63,10.63,15263,9.194407503943406,9.228908094952573,9.16853206068653,9.16853206068653,15263,0,1
2020-09-01,10.67,10.8083,10.67,10.8,22283,9.203032651695697,9.322318445109897,9.203032651695697,9.315159572475496,22283,0,1
2020-09-02,10.9,10.9,10.7901,10.89,13771,9.401411049998417,9.401411049998417,9.306620676200726,9.392785902246125,13771,0,1
2020-09-03,10.83,10.83,10.47,10.52,36046,9.341035015732372,9.341035015732372,9.030529696649856,9.073655435411315,36046,0,1
2020-09-04,10.5,10.62,10.3205,10.555,12189,9.056405139906731,9.159906912934236,8.901583737753088,9.103843452544337,12189,0,1
2020-09-08,10.46,10.47,10.34,10.39,8129,9.021904548897563,9.030529696649856,8.918402775870057,8.96152851463152,8129,0,1
2020-09-09,10.4899,10.52,10.44,10.46,10259,9.047693740676918,9.073655435411315,9.004654253392978,9.021904548897563,10259,0,1
2020-09-10,10.465,10.5,10.28,10.28,9634,9.026217122773708,9.056405139906731,8.866651889356305,8.866651889356305,9634,0,1
2020-09-11,10.44,10.4627,10.375,10.4,5111,9.004654253392978,9.024233338790681,8.94859079300308,8.97015366238381,5111,0,1
2020-09-14,10.6,10.74,10.57,10.7,23579,9.142656617429653,9.263408685961743,9.116781174172777,9.228908094952573,23579,0,1
2020-09-15,10.8,10.98,10.8,10.875,11582,9.315159572475496,9.470412232016754,9.315159572475496,9.379848180617687,11582,0,1
2020-09-16,10.99,11.07,10.975,11,16711,9.479037379769046,9.548038561787383,9.466099658140607,9.487662527521337,16711,0,1
2020-09-17,10.85,11.07,10.8291,11.06,13671,9.358285311236955,9.548038561787383,9.340258752434666,9.53941341403509,13671,0,1
2020-09-18,11.17,11.2499,11.105,11.18,19409,9.634290039310304,9.703204969851118,9.578226578920406,9.642915187062595,19409,0,1
2020-09-21,10.94,10.94,10.63,10.72,33862,9.435911641007584,9.435911641007584,9.16853206068653,9.24615839045716,33862,0,1
2020-09-22,10.69,10.735,10.475,10.58,11826,9.220282947200282,9.259096112085595,9.034842270526001,9.125406321925068,11826,0,1
2020-09-23,10.36,10.36,9.85,9.85,60817,8.935653071374642,8.935653071374642,8.495770536007743,8.495770536007743,60817,0,1
2020-09-24,9.67,9.75,9.55,9.7164,17026,8.340517876466485,8.409519058484822,8.23701610343898,8.38053856203712,17026,0,1
2020-09-25,9.63,9.87,9.63,9.84,7195,8.306017285457317,8.513020831512327,8.306017285457317,8.48714538825545,7195,0,1
2020-09-28,9.97,10.0999,9.97,10.075,8732,8.59927230903525,8.711312978337524,8.59927230903525,8.689836360434315,8732,0,1
2020-09-29,10.14,10.19,10.02,10.17,10705,8.745899820824215,8.789025559585676,8.642398047796709,8.771775264081091,10705,0,1
2020-09-30,10.22,10.43,10.1942,10.33,12775,8.814901002842552,8.996029105640686,8.792648121641639,8.909777628117766,12775,0,1
2020-10-01,10.39,10.5,10.39,10.42,11129,8.96152851463152,9.056405139906731,8.96152851463152,8.987403957888395,11129,0,1
2020-10-02,10.21,10.6799,10.1,10.58,25595,8.806275855090261,9.211571547970467,8.711399229815047,9.125406321925068,25595,0,1
2020-10-05,10.76,11,10.76,10.9968,38218,9.280658981466326,9.487662527521337,9.280658981466326,9.484902480240605,38218,0,1
2020-10-06,11.18,11.18,10.78,10.78,33746,9.642915187062595,9.642915187062595,9.29790927697091,9.29790927697091,33746,0,1
2020-10-07,10.93,11.1075,10.9101,11.04,16534,9.427286493255293,9.580382865858478,9.410122449228231,9.522163118530505,16534,0,1
2020-10-08,11.11,11.18,11.08,11.12,19437,9.582539152796551,9.642915187062595,9.556663709539675,9.591164300548842,19437,0,1
2020-10-09,11.25,11.26,11.16,11.22,9672,9.70329122132864,9.711916369080933,9.625664891558012,9.677415778071765,9672,0,1
2020-10-12,11.35,11.35,11.13,11.1309,99998,9.789542698851562,9.789542698851562,9.599789448301136,9.600565711598842,99998,0,1
2020-10-13,11.08,11.08,10.94,10.9847,14882,9.556663709539675,9.556663709539675,9.435911641007584,9.47446605146033,14882,0,1
2020-10-14,11.14,11.1604,11.07,11.0874,6738,9.608414596053429,9.626009897468103,9.548038561787383,9.563046318876372,6738,0,1
2020-10-15,11,11.07,11,11.045,9292,9.487662527521337,9.548038561787383,9.487662527521337,9.526475692406652,9292,0,1
2020-10-16,11.04,11.04,10.9,10.9,13060,9.522163118530505,9.522163118530505,9.401411049998417,9.401411049998417,13060,0,1
2020-10-19,10.89,10.959,10.78,10.78,14825,9.392785902246125,9.45229942173694,9.29790927697091,9.29790927697091,14825,0,1
2020-10-20,10.9901,11.11,10.9901,11.035,8750,9.47912363124657,9.582539152796551,9.47912363124657,9.51785054465436,8750,0,1
2020-10-21,11.04,11.12,10.96,10.96,13111,9.522163118530505,9.591164300548842,9.45316193651217,9.45316193651217,13111,0,1
2020-10-22,11.05,11.0702,10.97,11.03,13523,9.5307882662828,9.548211064742429,9.461787084264461,9.513537970778213,13523,0,1
2020-10-23,11,11,10.86,10.9442,8282,9.487662527521337,9.487662527521337,9.366910458989247,9.439534203063548,8282,0,1
2020-10-26,10.91,10.96,10.8,10.8545,15444,9.410036197750708,9.45316193651217,9.315159572475496,9.362166627725488,15444,0,1
2020-10-27,10.95,10.99,10.91,10.95,8553,9.444536788759876,9.479037379769046,9.410036197750708,9.444536788759876,8553,0,1
2020-10-28,10.76,10.7999,10.7,10.7288,13489,9.280658981466326,9.315073320997971,9.228908094952573,9.253748520479174,13489,0,1
2020-10-29,10.83,11.0102,10.83,10.98,7566,9.341035015732372,9.496460178228675,9.341035015732372,9.470412232016754,7566,0,1
2020-10-30,10.99,11,10.8301,10.8826,6282,9.479037379769046,9.487662527521337,9.341121267209894,9.386403292909428,6282,0,1
2020-11-02,11.16,11.3193,11.1559,11.26,22071,9.625664891558012,9.763063495252025,9.622128580979572,9.711916369080933,22071,0,1
2020-11-03,11.36,11.5,11.35,11.48,17763,9.798167846603853,9.918919915135945,9.789542698851562,9.90166961963136,17763,0,1
2020-11-04,11.65,11.75,11.555,11.71,29076,10.048297131420327,10.134548608943247,9.96635822777355,10.10004801793408,29076,0,1
2020-11-05,12.11,12.3,12.11,12.2989,29202,10.445053928025763,10.608931735319315,10.445053928025763,10.607982969066562,29202,0,1
2020-11-06,12.2,12.4,12.2,12.37,29281,10.522680257796392,10.695183212842236,10.522680257796392,10.669307769585359,29281,0,1
2020-11-09,12.93,12.93,12.66,12.71,131848,11.152316043713718,11.152316043713718,10.91943705440183,10.962562793163292,131848,0,1
2020-11-10,12.56,12.56,12.31,12.34,69422,10.83318557687891,10.83318557687891,10.617556883071607,10.643432326328483,69422,0,1
2020-11-11,12.06,12.18,11.92,12.18,53207,10.401928189264304,10.505429962291808,10.281176120732214,10.505429962291808,53207,0,1
2020-11-12,12.29,12.4499,12.2093,12.42,48428,10.60030658756702,10.738222700126173,10.530701645206026,10.71243350834682,48428,0,1
2020-11-13,12.62,12.72,12.51,12.53,44267,10.88493646339266,10.971187940915584,10.790059838117449,10.807310133622032,44267,0,1
2020-11-16,12.71,12.7688,12.6075,12.76,84592,10.962562793163292,11.013278661946769,10.874155028702297,11.005688531924752,84592,0,1
2020-11-17,12.82,12.888,12.72,12.88,53550,11.057439418438506,11.116090423154091,10.971187940915584,11.109190304952259,53550,0,1
2020-11-18,12.81,12.92,12.72,12.8,43336,11.048814270686213,11.143690895961425,10.971187940915584,11.04018912293392,43336,0,1
2020-11-19,12.87,13.02,12.8,13.0069,50310,11.100565157199965,11.229942373484347,11.04018912293392,11.218643429928845,50310,0,1
2020-11-20,13.11,13.31,13.11,13.2628,79958,11.307568703254976,11.480071658300819,11.307568703254976,11.439360960910001,79958,0,1
2020-11-23,13.62,13.93,13.6141,13.92,127136,11.747451238621874,12.014830818942931,11.742362401448023,12.006205671190639,127136,0,1
2020-11-24,14.24,14.31,13.9601,14.24,212070,12.282210399263986,12.342586433530032,12.04079251367733,12.282210399263986,212070,0,1
2020-11-25,13.75,14,13.75,13.96,79924,11.859578159401673,12.075206853208975,11.859578159401673,12.040706262199807,79924,0,1
2020-11-27,14.05,14.21,14.05,14.0577,87370,12.118332591970436,12.25633495600711,12.118332591970436,12.124973955739701,87370,0,1
2020-11-30,14.1,14.1,13.63,13.7,133441,12.161458330731897,12.161458330731897,11.756076386374167,11.81645242064021,133441,0,1
2020-12-01,14.2,14.2,13.8,13.8,226211,12.247709808254818,12.247709808254818,11.902703898163134,11.902703898163134,226211,0,1
2020-12-02,13.8,13.81,13.5,13.77,107637,11.902703898163134,11.911329045915425,11.64394946559437,11.876828454906256,107637,0,1
2020-12-03,13.88,13.92,13.85,13.89,93169,11.97170508018147,12.006205671190639,11.945829636924593,11.980330227933763,93169,0,1
2020-12-04,13.92,14.03,13.92,14,78055,12.006205671190639,12.10108229646585,12.006205671190639,12.075206853208975,78055,0,1
2020-12-07,14.11,14.19,14.02,14.19,126228,12.17008347848419,12.239084660502526,12.09245714871356,12.239084660502526,126228,0,1
2020-12-08,14.39,14.399,14.23,14.3795,104436,12.411587615548369,12.419350248525431,12.273585251511694,12.402531210408462,104436,0,1
2020-12-09,14.54,14.54,14.12,14.15,143339,12.54096483183275,12.54096483183275,12.17870862623648,12.204584069493357,143339,0,1
2020-12-10,14.05,14.26,14,14.23,93728,12.118332591970436,12.29946069476857,12.075206853208975,12.273585251511694,93728,0,1
2020-12-11,14.19,14.1994,14.1,14.14,51400,12.239084660502526,12.247192299389681,12.161458330731897,12.195958921741065,51400,0,1
2020-12-14,14.43,14.43,14.25,14.265,42367,12.446088206557537,12.446088206557537,12.290835547016279,12.303773268644717,42367,0,1
2020-12-15,14.39,14.54,14.375,14.53,86799,12.411587615548369,12.54096483183275,12.39864989391993,12.532339684080458,86799,0,1
2020-12-16,14.69,14.73,14.6,14.7,54140,12.670342048117131,12.704842639126301,12.592715718346502,12.678967195869424,54140,0,1
2020-12-17,14.81,14.905,14.8,14.905,124018,12.773843821144638,12.855782724791412,12.765218673392345,12.855782724791412,124018,0,1
2020-12-18,14.98,15.0451,14.93,15.02,87597,12.920471332933603,12.976621044801025,12.877345594172143,12.954971923942772,87597,0,1
2020-12-21,15,15.2899,15,15.26,145288,12.937721628438188,13.187764661777136,12.937721628438188,13.161975469997783,145288,0,1
2020-12-22,15.11,15.25,14.995,15.125,206364,13.0325982537134,13.15335032224549,12.933409054562041,13.04553597534184,206364,0,1
2020-12-23,15.26,15.285,15.1343,15.2409,123356,13.161975469997783,13.183538339378513,13.053557362751471,13.145501437790905,123356,0,1
2020-12-24,15.23,15.32,15.23,15.275,59307,13.136100026740907,13.213726356511536,13.136100026740907,13.174913191626223,59307,0,1
2020-12-28,15.61,15.648,15.4018,15.48,173751,13.463855641328006,13.496631202786718,13.284280065125285,13.351728720548211,173751,0,1
2020-12-29,15.39,15.39,15.18,15.32,135967,13.30317198184877,13.30317198184877,13.121647217963893,13.242663727220478,135967,0.03355,1
2020-12-30,15.6,15.78,15.6,15.78,137159,13.484696745733645,13.64028940049211,13.484696745733645,13.64028940049211,137159,0,1
2020-12-31,15.92,15.93,15.79,15.81,165914,13.761305909748694,13.769949946124164,13.64893343686758,13.666221509618522,165914,0,1
2021-01-04,16.77,16.85,16.6,16.71,360761,14.496049001663668,14.565201292667432,14.349100383280675,14.444184783410847,360761,0,1
2021-01-05,16.85,17.905,16.85,17.76,704969,14.565201292667432,15.477147130279546,14.565201292667432,15.351808602835227,704969,0,1
2021-01-06,17.54,17.9699,17.25,17.49,452673,15.161639802574879,15.533246926356346,14.910962747686241,15.118419620697527,452673,0,1
2021-01-07,18.04,18.399,17.87,18.36,345688,15.593841621348394,15.90416252722778,15.4468930029654,15.870450785363444,345688,0,1
2021-01-08,18.61,18.68,17.861,18.14,423025,16.0865516947502,16.14705994937849,15.439113370227476,15.680281985103099,423025,0,1
2021-01-11,17.82,17.8685,17.62,17.77,290012,15.403672821088048,15.44559639750908,15.230792093578643,15.360452639210695,290012,0,1
2021-01-12,17.94,18.21,17.91,18.21,309681,15.507401257593692,15.74079023973139,15.48146914846728,15.74079023973139,309681,0,1
2021-01-13,18.26,18.26,18.041,18.08,176351,15.784010421608741,15.784010421608741,15.59470602498594,15.628417766850275,176351,0,1
2021-01-14,18.13,18.14,17.998,18.07,291818,15.671637948727627,15.680281985103099,15.55753666857142,15.619773730474805,291818,0,1
2021-01-15,17.98,18,17.53,17.58,228282,15.541977403095572,15.559265475846512,15.15299576619941,15.196215948076759,228282,0,1
2021-01-19,17.82,17.82,17.62,17.71,154579,15.403672821088048,15.403672821088048,15.230792093578643,15.308588420957875,154579,0,1
2021-01-20,18.25,18.3,18.08,18.17,183295,15.775366385233271,15.818586567110623,15.628417766850275,15.706214094229509,183295,0,1
2021-01-21,18.42,18.43,18.25,18.38,427845,15.922315003616268,15.930959039991736,15.775366385233271,15.887738858114384,427845,0,1
2021-01-22,18.41,18.49,18.3001,18.49,184229,15.913670967240796,15.982823258244556,15.818673007474377,15.982823258244556,184229,0,1
2021-01-25,18.8,18.8,18.3,18.59,399976,16.250788385884135,16.250788385884135,15.818586567110623,16.06926362199926,399976,0,1
2021-01-26,18.53,18.6699,18.47,18.62,165756,16.01739940374644,16.138329472639267,15.965535185493616,16.09519573112567,165756,0,1
2021-01-27,18,18.3099,17.89,17.92,312904,15.559265475846512,15.827144163122336,15.46418107571634,15.490113184842752,312904,0,1
2021-01-28,17.8,17.8799,17.5,17.77,318182,15.386384748337107,15.455450598977114,15.127063657072998,15.360452639210695,318182,0,1
2021-01-29,17.5,17.58,16.9601,17.07,277269,15.127063657072998,15.196215948076759,14.660372133161358,14.755370092927777,277269,0,1
2021-02-01,17.47,17.53,17.26,17.53,217529,15.101131547946586,15.15299576619941,14.919606784061713,15.15299576619941,217529,0,1
2021-02-02,17.94,17.97,17.75,17.9,228000,15.507401257593692,15.533333366720102,15.343164566459755,15.47282511209181,228000,0,1
2021-02-03,18.08,18.09,17.85,17.96,223067,15.628417766850275,15.637061803225746,15.42960493021446,15.524689330344632,223067,0,1
2021-02-04,17.87,17.9,17.68,17.86,201407,15.4468930029654,15.47282511209181,15.282656311831463,15.438248966589928,201407,0,1
2021-02-05,17.73,17.76,17.6,17.75,205919,15.325876493708815,15.351808602835227,15.213504020827703,15.343164566459755,205919,0,1
2021-02-08,18.02,18.15,17.95,18.11,412305,15.576553548597454,15.688926021478567,15.516045293969162,15.654349875976687,412305,0,1
2021-02-09,18.27,18.5499,18.235,18.5,437106,15.792654457984211,16.034601036133626,15.762400330670065,15.991467294620028,437106,0,1
2021-02-10,18.75,18.76,18.1645,18.3,406877,16.207568204006783,16.216212240382255,15.701459874223,15.818586567110623,406877,0,1
2021-02-11,18.53,18.56,18.3,18.48,315522,16.01739940374644,16.043331512872847,15.818586567110623,15.974179221869088,315522,0,1
2021-02-12,18.45,18.6,18.32,18.59,352048,15.948247112742676,16.07790765837473,15.835874639861563,16.06926362199926,352048,0,1
2021-02-16,19.03,19.61,18.9112,19.15,1489754,16.449601222519952,16.95095533229723,16.346910070379366,16.553329659025596,1489754,0,1
2021-02-17,19.26,19.484,18.8,19.02,616163,16.64841405915577,16.842040473966303,16.250788385884135,16.44095718614448,616163,0,1
2021-02-18,18.3,18.35,17.9527,18.14,625347,15.818586567110623,15.861806748987975,15.51837918379054,15.680281985103099,625347,0,1
2021-02-19,18.21,18.45,18.21,18.35,344916,15.74079023973139,15.948247112742676,15.74079023973139,15.861806748987975,344916,0,1
2021-02-22,18.14,18.14,17.71,17.75,452252,15.680281985103099,15.680281985103099,15.308588420957875,15.343164566459755,452252,0,1
2021-02-23,17.31,17.35,16.05,17.33,1261209,14.962826965939062,14.997403111440946,13.873678382629809,14.980115038690002,1261209,0,1
2021-02-24,17.43,17.74,17.12,17.74,441300,15.066555402444706,15.334520530084285,14.798590274805129,15.334520530084285,441300,0,1
2021-02-25,17.5,17.52,16.42,16.54,675364,15.127063657072998,15.144351729823939,14.19350772852221,14.29723616502785,675364,0,1
2021-02-26,16.51,16.59,16,16.4,428506,14.271304055901442,14.340456346905203,13.830458200752457,14.176219655771266,428506,0,1
2021-03-01,16.94,17.218,16.84,17.2,519356,14.642997620046664,14.883301831284736,14.55655725629196,14.86774256580889,519356,0,1
2021-03-02,17.1,17.125,16.855,16.87,236604,14.781302202054189,14.802912292992863,14.569523310855166,14.582489365418372,236604,0,1
2021-03-03,16.86,17,16.35,16.35,268234,14.5738453290429,14.694861838299484,14.132999473893918,14.132999473893918,268234,0,1
2021-03-04,16.15,16.17,15.08,15.4,495287,13.96011874638451,13.977406819135453,13.03520685420919,13.31181601822424,495287,0,1
2021-03-05,15.62,15.839,14.55,15.44,482058,13.501984818484585,13.691289215107386,12.577072926309265,13.34639216372612,482058,0,1
2021-03-08,15.5,15.5,14.86,14.94,299387,13.398256381978943,13.398256381978943,12.845038053948842,12.914190344952605,299387,0,1
2021-03-09,15.23,15.86,15.15,15.78,434849,13.164867399841244,13.709441691495872,13.095715108837481,13.64028940049211,434849,0,1
2021-03-10,15.79,15.969,15.514,15.6,253770,13.64893343686758,13.803661687988498,13.4103580329046,13.484696745733645,253770,0,1
2021-03-11,16.22,16.55,16.11,16.55,310850,14.020627001012802,14.305880201403323,13.925542600882629,14.305880201403323,310850,0,1
2021-03-12,16.2,16.4,16.07,16.39,234096,14.003338928261861,14.176219655771266,13.890966455380749,14.167575619395798,234096,0,1
2021-03-15,16.35,16.35,16.1306,16.3,240031,14.132999473893918,14.132999473893918,13.9433493158161,14.089779292016566,240031,0,1
2021-03-16,16.25,16.29,15.9,15.9,529450,14.046559110139214,14.081135255641094,13.744017836997754,13.744017836997754,529450,0,1
2021-03-17,15.89,16.18,15.61,16.18,151021,13.735373800622284,13.986050855510921,13.493340782109115,13.986050855510921,151021,0,1
2021-03-18,16.06,16.07,15.65,15.71,156690,13.882322419005277,13.890966455380749,13.527916927610997,13.57978114586382,156690,0,1
2021-03-19,15.71,15.82,15.501,15.8,96901,13.57978114586382,13.674865545993992,13.39912078561649,13.657577473243052,96901,0,1
2021-03-22,15.87,15.94,15.7227,15.85,132846,13.718085727871342,13.778593982499634,13.590759072060665,13.700797655120402,132846,0,1
2021-03-23,15.59,15.59,15.0605,15.15,189007,13.476052709358175,13.476052709358175,13.018350983277022,13.095715108837481,189007,0,1
2021-03-24,15.01,15.08,14.53,14.59,256158,12.974698599580897,13.03520685420919,12.559784853558323,12.611649071811145,256158,0,1
2021-03-25,14.44,14.78,14.28,14.76,304332,12.48198852617909,12.77588576294508,12.343683944171566,12.75859769019414,304332,0,1
2021-03-26,15.02,15.18,14.875,15.13,155739,12.983342635956367,13.121647217963893,12.858004108512048,13.078427036086541,155739,0,1
2021-03-29,15.07,15.13,14.88,14.93,167409,13.02656281783372,13.078427036086541,12.862326126699784,12.905546308577135,167409,0,1
2021-03-30,14.85,15.27,14.7801,15.19,842470,12.836394017573372,13.199443545343126,12.775972203308836,13.130291254339364,842470,0,1
2021-03-31,15.34,15.5,15.245,15.32,200792,13.259951799971418,13.398256381978943,13.17783345440445,13.242663727220478,200792,0,1
2021-04-01,15.77,15.8497,15.61,15.63,180786,13.63164536411664,13.700538334029138,13.493340782109115,13.510628854860057,180786,0,1
2021-04-05,16.1,16.1579,15.75,15.8,320264,13.91689856450716,13.966947535121133,13.6143572913657,13.657577473243052,320264,0,1
2021-04-06,15.84,15.84,15.63,15.74,156055,13.692153618744932,13.692153618744932,13.510628854860057,13.60571325499023,156055,0,1
2021-04-07,15.73,15.75,15.42,15.48,196563,13.59706921861476,13.6143572913657,13.32910409097518,13.380968309228003,196563,0,1
2021-04-08,15.51,15.685,15.51,15.64,113628,13.406900418354413,13.558171054925143,13.406900418354413,13.519272891235527,113628,0,1
2021-04-09,15.54,15.57,15.4,15.48,151808,13.432832527480823,13.458764636607235,13.31181601822424,13.380968309228003,151808,0,1
2021-04-12,15.44,15.51,15.2003,15.24,271315,13.34639216372612,13.406900418354413,13.139194611806097,13.173511436216714,271315,0,1
2021-04-13,15.44,15.61,15.4,15.61,137944,13.34639216372612,13.493340782109115,13.31181601822424,13.493340782109115,137944,0,1
2021-04-14,15.98,16,15.75,15.79,184844,13.813170128001516,13.830458200752457,13.6143572913657,13.64893343686758,184844,0,1
2021-04-15,15.89,16,15.59,15.73,127391,13.735373800622284,13.830458200752457,13.476052709358175,13.59706921861476,127391,0,1
2021-04-16,15.63,15.77,15.58,15.71,110358,13.510628854860057,13.63164536411664,13.467408672982705,13.57978114586382,110358,0,1
2021-04-19,15.93,15.9927,15.66,15.82,197086,13.769949946124164,13.824148054198362,13.536560963986467,13.674865545993992,197086,0,1
2021-04-20,15.76,15.8141,15.42,15.51,158631,13.62300132774117,13.669765564532463,13.32910409097518,13.406900418354413,158631,0,1
2021-04-21,15.43,15.86,15.4,15.86,139846,13.33774812735065,13.709441691495872,13.31181601822424,13.709441691495872,139846,0,1
2021-04-22,15.93,15.96,15.7115,15.8,163229,13.769949946124164,13.795882055250576,13.581077751320137,13.657577473243052,163229,0,1
2021-04-23,15.99,16.15,15.93,16.14,150803,13.821814164376987,13.96011874638451,13.769949946124164,13.951474710009041,150803,0,1
2021-04-26,16.17,16.29,16.13,16.27,215497,13.977406819135453,14.081135255641094,13.94283067363357,14.063847182890154,215497,0,1
2021-04-27,16.27,16.28,16.07,16.12,251319,14.063847182890154,14.072491219265626,13.890966455380749,13.934186637258101,251319,0,1
2021-04-28,16.25,16.3,16.12,16.25,122588,14.046559110139214,14.089779292016566,13.934186637258101,14.046559110139214,122588,0,1
2021-04-29,16.35,16.37,15.95,16.12,289102,14.132999473893918,14.150287546644858,13.787238018875104,13.934186637258101,289102,0,1
2021-04-30,15.95,16.11,15.95,16,101059,13.787238018875104,13.925542600882629,13.787238018875104,13.830458200752457,101059,0,1
2021-05-03,15.92,15.96,15.7524,15.85,264939,13.761305909748694,13.795882055250576,13.616431860095812,13.700797655120402,264939,0,1
2021-05-04,15.74,15.78,15.5,15.68,129998,13.60571325499023,13.64028940049211,13.398256381978943,13.553849036737407,129998,0,1
2021-05-05,15.82,16.0099,15.82,15.87,48421,13.674865545993992,13.839015796764171,13.674865545993992,13.718085727871342,48421,0,1
2021-05-06,15.89,15.95,15.6501,15.8,340697,13.735373800622284,13.787238018875104,13.528003367974751,13.657577473243052,340697,0,1
2021-05-07,15.77,15.9999,15.7,15.89,94717,13.63164536411664,13.8303717603887,13.571137109488348,13.735373800622284,94717,0,1
2021-05-10,15.96,16.1,15.7001,15.74,111380,13.795882055250576,13.91689856450716,13.571223549852103,13.60571325499023,111380,0,1
2021-05-11,15.4,15.6399,15.0101,15.6,272521,13.31181601822424,13.519186450871771,12.974785039944653,13.484696745733645,272521,0,1
2021-05-12,15.33,15.4999,15.1,15.11,139958,13.251307763595948,13.398169941615187,13.05249492696013,13.0611389633356,139958,0,1
2021-05-13,15.11,15.2,14.7,14.86,195210,13.0611389633356,13.138935290714834,12.706733471941318,12.845038053948842,195210,0,1
2021-05-14,15,15.33,14.99,15.31,127906,12.966054563205427,13.251307763595948,12.957410526829957,13.234019690845006,127906,0,1
2021-05-17,15.33,15.43,15.17,15.42,114040,13.251307763595948,13.33774812735065,13.113003181588422,13.32910409097518,114040,0,1
2021-05-18,15.46,15.719,15.45,15.61,81681,13.363680236477062,13.587560778601741,13.35503620010159,13.493340782109115,81681,0,1
2021-05-19,15.37,15.53,15.23,15.43,108532,13.285883909097828,13.424188491105353,13.164867399841244,13.33774812735065,108532,0,1
2021-05-20,15.57,15.7,15.54,15.7,71019,13.458764636607235,13.571137109488348,13.432832527480823,13.571137109488348,71019,0,1
2021-05-21,15.72,15.72,15.54,15.59,61148,13.58842518223929,13.58842518223929,13.432832527480823,13.476052709358175,61148,0,1
2021-05-24,15.65,15.83,15.57,15.79,88856,13.527916927610997,13.683509582369462,13.458764636607235,13.64893343686758,88856,0,1
2021-05-25,15.92,15.9392,15.74,15.79,115307,13.761305909748694,13.777902459589596,13.60571325499023,13.64893343686758,115307,0,1
2021-05-26,15.75,15.9899,15.75,15.97,129405,13.6143572913657,13.82172772401323,13.6143572913657,13.804526091626046,129405,0,1
2021-05-27,16.07,16.24,15.98,16.23,125348,13.890966455380749,14.037915073763742,13.813170128001516,14.029271037388273,125348,0,1
2021-05-28,16.48,16.56,16.39,16.44,186402,14.24537194677503,14.314524237778791,14.167575619395798,14.21079580127315,186402,0,1
2021-06-01,16.81,16.87,16.7258,16.82,303660,14.530625147165548,14.582489365418372,14.457842360884088,14.53926918354102,303660,0,1
2021-06-02,16.91,16.95,16.78,16.93,174752,14.617065510920252,14.651641656422132,14.50469303803914,14.634353583671192,174752,0,1
2021-06-03,16.84,16.85,16.58,16.68,202465,14.55655725629196,14.565201292667432,14.331812310529731,14.418252674284435,202465,0,1
2021-06-04,16.85,17,16.7872,16.98,139458,14.565201292667432,14.694861838299484,14.510916744229476,14.677573765548544,139458,0,1
2021-06-07,16.91,16.99,16.7501,16.99,156819,14.617065510920252,14.686217801924013,14.478847369276481,14.686217801924013,156819,0,1
2021-06-08,17.02,17.1,16.79,16.99,193954,14.712149911050425,14.781302202054189,14.513337074414608,14.686217801924013,193954,0,1
2021-06-09,17.12,17.15,16.835,16.87,84691,14.798590274805129,14.824522383931537,14.552235238104226,14.582489365418372,84691,0,1
2021-06-10,16.99,17.13,16.95,17,113467,14.686217801924013,14.807234311180597,14.651641656422132,14.694861838299484,113467,0,1
2021-06-11,17.14,17.32,17.12,17.31,157980,14.815878347556069,14.971471002314534,14.798590274805129,14.962826965939062,157980,0,1
2021-06-14,17.45,17.49,17.2561,17.3,137198,15.083843475195646,15.118419620697527,14.91623560987528,14.954182929563594,137198,0,1
2021-06-15,17.29,17.33,16.93,17.05,143961,14.945538893188122,14.980115038690002,14.634353583671192,14.738082020176837,143961,0,1
2021-06-16,16.96,16.96,16.53,16.67,200761,14.660285692797604,14.660285692797604,14.288592128652382,14.409608637908967,200761,0,1
2021-06-17,16.7,16.9892,16.7,16.89,131418,14.435540747035375,14.685526279013978,14.435540747035375,14.599777438169312,131418,0,1
2021-06-18,16.85,16.946,16.7517,16.8,71668,14.565201292667432,14.648184041871946,14.480230415096557,14.52198111079008,71668,0,1
2021-06-21,16.83,16.9,16.65,16.87,99157,14.547913219916488,14.60842147454478,14.392320565158023,14.582489365418372,99157,0,1
2021-06-22,16.78,16.86,16.66,16.8,53437,14.50469303803914,14.5738453290429,14.400964601533495,14.52198111079008,53437,0,1
2021-06-23,16.93,17.3,16.875,17.28,109640,14.634353583671192,14.954182929563594,14.586811383606106,14.936894856812653,109640,0,1
2021-06-24,17.3,17.37,17.19,17.28,116329,14.954182929563594,15.014691184191886,14.859098529433421,14.936894856812653,116329,0,1
2021-06-25,17.41,17.569,17.405,17.45,91965,15.049267329693766,15.186707508063742,15.044945311506032,15.083843475195646,91965,0,1
2021-06-28,17.56,17.84,17.56,17.8,205447,15.178927875325819,15.420960893838988,15.178927875325819,15.386384748337107,205447,0,1
2021-06-29,17.83,17.89,17.7028,17.86,124910,15.412316857463518,15.46418107571634,15.302364714767537,15.438248966589928,124910,0,1
2021-06-30,17.8,17.9799,17.74,17.97,162658,15.386384748337107,15.541890962731818,15.334520530084285,15.533333366720102,162658,0,1
2021-07-01,17.97,17.99,17.6031,17.67,107089,15.533333366720102,15.550621439471042,15.2161836721041,15.274012275455995,107089,0,1
2021-07-02,17.7,17.745,17.43,17.66,192897,15.299944384582403,15.338842548272021,15.066555402444706,15.265368239080523,192897,0,1
2021-07-06,17.7,17.78,17.5,17.64,136719,15.299944384582403,15.369096675586167,15.127063657072998,15.248080166329583,136719,0,1
2021-07-07,17.84,18,17.6841,17.71,235148,15.420960893838988,15.559265475846512,15.286200366745408,15.308588420957875,235148,0,1
2021-07-08,17.35,17.6201,17.17,17.53,166900,14.997403111440946,15.230878533942398,14.841810456682481,15.15299576619941,166900,0,1
2021-07-09,17.78,18,17.76,17.98,218703,15.369096675586167,15.559265475846512,15.351808602835227,15.541977403095572,218703,0,1
2021-07-12,18.2,18.42,18.14,18.42,221124,15.732146203355919,15.922315003616268,15.680281985103099,15.922315003616268,221124,0,1
2021-07-13,18.45,18.4502,18.14,18.14,120139,15.948247112742676,15.948419993470184,15.680281985103099,15.680281985103099,120139,0,1
2021-07-14,18.26,18.26,17.71,17.77,165539,15.784010421608741,15.784010421608741,15.308588420957875,15.360452639210695,165539,0,1
2021-07-15,17.8,18.1,17.8,17.91,99380,15.386384748337107,15.645705839601217,15.386384748337107,15.48146914846728,99380,0,1
2021-07-16,17.9,17.9,17.41,17.42,154005,15.47282511209181,15.47282511209181,15.049267329693766,15.057911366069238,154005,0,1
2021-07-19,17.01,17.2,16.8,17.1,180785,14.703505874674956,14.86774256580889,14.52198111079008,14.781302202054189,180785,0,1
2021-07-20,17.15,17.4561,17.11,17.44,88463,14.824522383931537,15.089116337384684,14.789946238429657,15.075199438820178,88463,0,1
2021-07-21,17.72,18.2,17.72,18.2,222988,15.317232457333343,15.732146203355919,15.317232457333343,15.732146203355919,222988,0,1
2021-07-22,18.3,18.39,18.02,18.14,125660,15.818586567110623,15.896382894489856,15.576553548597454,15.680281985103099,125660,0,1
2021-07-23,18.17,18.17,17.75,17.86,125152,15.706214094229509,15.706214094229509,15.343164566459755,15.438248966589928,125152,0,1
2021-07-26,17.75,18,17.65,17.87,103134,15.343164566459755,15.559265475846512,15.256724202705051,15.4468930029654,103134,0,1
2021-07-27,17.56,17.585,17.05,17.29,204744,15.178927875325819,15.200537966264497,14.738082020176837,14.945538893188122,204744,0,1
2021-07-28,17.48,17.99,17.47,17.94,198414,15.109775584322058,15.550621439471042,15.101131547946586,15.507401257593692,198414,0,1
2021-07-29,18.19,18.38,18.1473,18.3,200074,15.723502166980449,15.887738858114384,15.686592131657191,15.818586567110623,200074,0,1
2021-07-30,18.13,18.45,18.02,18.38,80795,15.671637948727627,15.948247112742676,15.576553548597454,15.887738858114384,80795,0,1
2021-08-02,18.5,18.72,18.48,18.52,145245,15.991467294620028,16.18163609488037,15.974179221869088,16.008755367370966,145245,0,1
2021-08-03,18.5,18.53,18.2,18.38,145796,15.991467294620028,16.01739940374644,15.732146203355919,15.887738858114384,145796,0,1
2021-08-04,18.73,18.89,18.7,18.76,145732,16.190280131255843,16.328584713263368,16.16434802212943,16.216212240382255,145732,0,1
2021-08-05,18.77,18.8,18.65,18.71,180406,16.224856276757723,16.250788385884135,16.12112784025208,16.172992058504903,180406,0,1
2021-08-06,18.71,18.75,18.511,18.58,68419,16.172992058504903,16.207568204006783,16.000975734633045,16.060619585623787,68419,0,1
2021-08-09,18.5,18.67,18.3501,18.62,67201,15.991467294620028,16.138415913003023,15.86189318935173,16.09519573112567,67201,0,1
2021-08-10,18.71,18.72,18.541,18.68,103691,16.172992058504903,16.18163609488037,16.026907843759457,16.14705994937849,103691,0,1
2021-08-11,18.84,18.88,18.4707,18.68,90151,16.285364531386016,16.319940676887896,15.9661402680399,16.14705994937849,90151,0,1
2021-08-12,18.64,18.66,18.4101,18.61,72308,16.11248380387661,16.12977187662755,15.91375740760455,16.0865516947502,72308,0,1
2021-08-13,18.59,18.61,18.35,18.36,292501,16.06926362199926,16.0865516947502,15.861806748987975,15.870450785363444,292501,0,1
2021-08-16,18.01,18.01,17.67,17.8,222115,15.567909512221984,15.567909512221984,15.274012275455995,15.386384748337107,222115,0,1
2021-08-17,17.35,17.45,17.05,17.22,208863,14.997403111440946,15.083843475195646,14.738082020176837,14.88503063855983,208863,0,1
2021-08-18,17.23,17.46,17.21,17.31,229892,14.893674674935301,15.092487511571118,14.876386602184361,14.962826965939062,229892,0,1
2021-08-19,17.09,17.1522,16.8708,16.94,199136,14.772658165678717,14.826424071934143,14.583180888328409,14.642997620046664,199136,0,1
2021-08-20,16.85,16.99,16.61,16.98,125313,14.565201292667432,14.686217801924013,14.357744419656143,14.677573765548544,125313,0,1
2021-08-23,17.17,17.5299,17.17,17.49,70850,14.841810456682481,15.152909325835656,14.841810456682481,15.118419620697527,70850,0,1
2021-08-24,17.66,17.75,17.56,17.67,60026,15.265368239080523,15.343164566459755,15.178927875325819,15.274012275455995,60026,0,1
2021-08-25,17.69,17.7999,17.61,17.75,54295,15.291300348206935,15.386298307973354,15.22214805720317,15.343164566459755,54295,0,1
2021-08-26,17.57,17.68,17.33,17.42,117009,15.18757191170129,15.282656311831463,14.980115038690002,15.057911366069238,117009,0,1
2021-08-27,17.48,17.699,17.4501,17.62,234538,15.109775584322058,15.299079980944859,15.083929915559402,15.230792093578643,234538,0,1
2021-08-30,17.76,17.85,17.6504,17.8,114643,15.351808602835227,15.42960493021446,15.257069964160072,15.386384748337107,114643,0,1
2021-08-31,17.75,17.81,17.66,17.77,162434,15.343164566459755,15.395028784712578,15.265368239080523,15.360452639210695,162434,0,1
2021-09-01,17.58,17.739,17.51,17.69,110801,15.196215948076759,15.333656126446739,15.13570769344847,15.291300348206935,110801,0,1
2021-09-02,17.62,17.82,17.58,17.69,115446,15.230792093578643,15.403672821088048,15.196215948076759,15.291300348206935,115446,0,1
2021-09-03,17.65,17.84,17.642,17.74,98910,15.256724202705051,15.420960893838988,15.249808973604676,15.334520530084285,98910,0,1
2021-09-07,17.87,18.08,17.82,17.97,94433,15.4468930029654,15.628417766850275,15.403672821088048,15.533333366720102,94433,0,1
2021-09-08,17.88,17.94,17.52,17.58,132891,15.45553703934087,15.507401257593692,15.144351729823939,15.196215948076759,132891,0,1
2021-09-09,17.62,17.8188,17.56,17.73,80988,15.230792093578643,15.402635536722991,15.178927875325819,15.325876493708815,80988,0,1
2021-09-10,17.87,17.9987,17.65,17.66,59939,15.4468930029654,15.558141751117702,15.256724202705051,15.265368239080523,59939,0,1
2021-09-13,17.78,17.87,17.53,17.75,106122,15.369096675586167,15.4468930029654,15.15299576619941,15.343164566459755,106122,0,1
2021-09-14,17.88,18,17.75,17.83,88018,15.45553703934087,15.559265475846512,15.343164566459755,15.412316857463518,88018,0,1
2021-09-15,17.84,17.95,17.7214,17.93,62069,15.420960893838988,15.516045293969162,15.318442622425911,15.49875722121822,62069,0,1
2021-09-16,17.53,17.5685,17.32,17.5,69393,15.15299576619941,15.186275306244971,14.971471002314534,15.127063657072998,69393,0,1
2021-09-17,17.53,17.53,17.3001,17.49,56177,15.15299576619941,15.15299576619941,14.95426936992735,15.118419620697527,56177,0,1
2021-09-20,16.87,16.92,16.5041,16.71,168275,14.582489365418372,14.625709547295724,14.266204074439914,14.444184783410847,168275,0,1
2021-09-21,16.97,16.99,16.8001,16.97,69702,14.668929729173072,14.686217801924013,14.522067551153834,14.668929729173072,69702,0,1
2021-09-22,17.07,17.35,17.07,17.27,71722,14.755370092927777,14.997403111440946,14.755370092927777,14.928250820437182,71722,0,1
2021-09-23,17.37,17.525,17.37,17.49,66886,15.014691184191886,15.148673748011673,15.014691184191886,15.118419620697527,66886,0,1
2021-09-24,17.4,17.45,17.29,17.32,87352,15.040623293318294,15.083843475195646,14.945538893188122,14.971471002314534,87352,0,1
2021-09-27,17.3,17.655,17.26,17.6,133032,14.954182929563594,15.261046220892789,14.919606784061713,15.213504020827703,133032,0,1
2021-09-28,17.43,17.45,17,17.07,159978,15.066555402444706,15.083843475195646,14.694861838299484,14.755370092927777,159978,0,1
2021-09-29,17.06,17.17,16.88,16.92,52432,14.746726056552305,14.841810456682481,14.59113340179384,14.625709547295724,52432,0,1
2021-09-30,17.18,17.3584,17.1117,17.22,68284,14.85045449305795,15.004664101996338,14.791415724613486,14.88503063855983,68284,0,1
2021-10-01,17.29,17.3501,16.91,17.11,46898,14.945538893188122,14.9974895518047,14.617065510920252,14.789946238429657,46898,0,1
2021-10-04,17.11,17.1249,16.72,16.77,81835,14.789946238429657,14.802825852629109,14.452828819786316,14.496049001663668,81835,0,1
2021-10-05,16.91,17.1,16.8133,17.01,76244,14.617065510920252,14.781302202054189,14.533477679169456,14.703505874674956,76244,0,1
2021-10-06,16.69,16.826,16.58,16.82,69020,14.426896710659907,14.544455605366302,14.331812310529731,14.53926918354102,69020,0,1
2021-10-07,17.07,17.2409,17.04,17.14,63355,14.755370092927777,14.903096674584564,14.729437983801365,14.815878347556069,63355,0,1
2021-10-08,17.18,17.2254,17.1001,17.13,51660,14.85045449305795,14.889698418202585,14.781388642417943,14.807234311180597,51660,0,1
2021-10-11,17.15,17.43,17.14,17.25,47279,14.824522383931537,15.066555402444706,14.815878347556069,14.910962747686241,47279,0,1
2021-10-12,17.32,17.45,17.32,17.43,92279,14.971471002314534,15.083843475195646,14.971471002314534,15.066555402444706,92279,0,1
2021-10-13,17.63,17.9,17.6,17.86,174383,15.239436129954111,15.47282511209181,15.213504020827703,15.438248966589928,174383,0,1
2021-10-14,18,18.2,17.99,18.15,169218,15.559265475846512,15.732146203355919,15.550621439471042,15.688926021478567,169218,0,1
2021-10-15,18.27,18.57,18.27,18.52,130702,15.792654457984211,16.05197554924832,15.792654457984211,16.008755367370966,130702,0,1
2021-10-18,18.55,18.88,18.53,18.85,144225,16.03468747649738,16.319940676887896,16.01739940374644,16.294008567761487,144225,0,1
2021-10-19,18.9,19.1,18.82,19.02,167125,16.337228749638836,16.510109477148244,16.268076458635075,16.44095718614448,167125,0,1
2021-10-20,19.04,19.05,18.8416,18.96,109392,16.45824525889542,16.466889295270892,16.286747577206093,16.38909296789166,109392,0,1
2021-10-21,18.8,18.869,18.72,18.83,117541,16.250788385884135,16.31043223687488,16.18163609488037,16.276720495010544,117541,0,1
2021-10-22,18.85,18.957,18.69,18.77,62201,16.294008567761487,16.38649975697902,16.155703985753963,16.224856276757723,62201,0,1
2021-10-25,19.05,19.57,19.02,19.55,203735,16.466889295270892,16.91637918679535,16.44095718614448,16.89909111404441,203735,0,1
2021-10-26,19.65,19.75,19.2883,19.31,334953,16.98553147779911,17.071971841553815,16.672876682098348,16.69163424103312,334953,0,1
2021-10-27,19.42,19.59,19.06,19.06,1935283,16.786718641163294,16.93366725954629,16.47553333164636,16.47553333164636,1935283,0,1
2021-10-28,19.18,19.6896,19.1,19.65,820579,16.579261768152005,17.01976186184597,16.510109477148244,16.98553147779911,820579,0,1
2021-10-29,19.58,19.72,19.5,19.67,505188,16.925023223170818,17.046039732427403,16.855870932167058,17.00281955055005,505188,0,1
2021-11-01,19.79,20.06,19.751,20.06,204189,17.106547987055695,17.339936969193392,17.07283624519136,17.339936969193392,204189,0,1
2021-11-02,19.86,19.94,19.63,19.77,251434,17.167056241683987,17.23620853268775,16.96824340504817,17.089259914304755,251434,0,1
2021-11-03,19.64,19.88,19.59,19.87,142704,16.976887441423642,17.184344314434927,16.93366725954629,17.17570027805946,142704,0,1
2021-11-04,20.04,20.2427,20.02,20.17,203749,17.322648896442452,17.497863513773233,17.30536082369151,17.435021369323568,203749,0,1
2021-11-05,20.21,20.21,19.8,19.97,168214,17.46959751482545,17.46959751482545,17.115192023431167,17.26214064181416,168214,0,1
2021-11-08,20.26,20.72,20.12,20.56,681619,17.5128176967028,17.91044336997443,17.391801187446216,17.772138787966906,681619,0,1
2021-11-09,20.71,20.78,19.93,20.05,464681,17.901799333598962,17.962307588227254,17.22756449631228,17.331292932817924,464681,0,1
2021-11-10,19.77,19.93,19.34,19.52,338395,17.089259914304755,17.22756449631228,16.71756635015953,16.873159004917998,338395,0,1
2021-11-11,20.03,20.43,19.7897,20.3,424708,17.314004860066984,17.659766315085793,17.10628866596443,17.54739384220468,424708,0,1
2021-11-12,20.28,20.33,20.1461,20.25,243802,17.53010576945374,17.57332595133109,17.41436212238619,17.50417366032733,243802,0,1
2021-11-15,20.12,20.12,19.72,19.95,174574,17.391801187446216,17.391801187446216,17.046039732427403,17.24485256906322,174574,0,1
2021-11-16,19.84,20.01,19.74,20.01,203636,17.149768168933047,17.296716787316043,17.063327805178343,17.296716787316043,203636,0,1
2021-11-17,20.12,20.2,19.93,19.96,288672,17.391801187446216,17.460953478449976,17.22756449631228,17.25349660543869,288672,0,1
2021-11-18,20.05,20.05,19.53,19.7,210232,17.331292932817924,17.331292932817924,16.881803041293466,17.028751659676463,210232,0,1
2021-11-19,19.75,19.995,19.7495,19.96,193345,17.071971841553815,17.283750732752836,17.07153963973504,17.25349660543869,193345,0,1
2021-11-22,20.31,20.5195,20.01,20.12,249885,17.55603787858015,17.73713044064625,17.296716787316043,17.391801187446216,249885,0,1
2021-11-23,20.17,20.3286,19.78,19.99,169907,17.435021369323568,17.572115786238527,17.097903950680227,17.2794287145651,169907,0,1
2021-11-24,19.92,20.0357,19.72,20.03,87597,17.21892045993681,17.318931960801,17.046039732427403,17.314004860066984,87597,0,1
2021-11-26,19.55,19.56,19.28,19.47,567674,16.89909111404441,16.907735150419878,16.66570213190671,16.829938823040646,567674,0,1
2021-11-29,19.75,19.94,19.61,19.9,138795,17.071971841553815,17.23620853268775,16.95095533229723,17.201632387185867,138795,0,1
2021-11-30,19.91,20.06,19.4504,19.74,137975,17.21027642356134,17.339936969193392,16.81299651174472,17.063327805178343,137975,0,1
2021-12-01,20.06,20.06,19.26,19.31,281969,17.339936969193392,17.339936969193392,16.64841405915577,16.69163424103312,281969,0,1
2021-12-02,19.45,19.56,19.13,19.39,135880,16.812650750289706,16.907735150419878,16.536041586274653,16.76078653203688,135880,0,1
2021-12-03,19.45,19.47,18.52,18.63,262982,16.812650750289706,16.829938823040646,16.008755367370966,16.10383976750114,262982,0,1
2021-12-06,18.63,18.7408,18.15,18.7,154133,16.10383976750114,16.199615690541354,15.688926021478567,16.16434802212943,154133,0,1
2021-12-07,19.03,19.07,18.9001,18.96,173981,16.449601222519952,16.484177368021832,16.33731519000259,16.38909296789166,173981,0,1
2021-12-08,19.15,19.42,19.0388,19.41,217177,16.553329659025596,16.786718641163294,16.457207974530366,16.77807460478782,217177,0,1
2021-12-09,19.28,19.28,18.85,18.85,107108,16.66570213190671,16.66570213190671,16.294008567761487,16.294008567761487,107108,0,1
2021-12-10,18.91,19.075,18.84,18.94,86054,16.345872786014308,16.48849938620957,16.285364531386016,16.37180489514072,86054,0,1
2021-12-13,18.97,18.97,18.52,18.62,104037,16.397737004267128,16.397737004267128,16.008755367370966,16.09519573112567,104037,0,1
2021-12-14,18.44,18.4831,18.21,18.36,166738,15.939603076367208,15.976858873145483,15.74079023973139,15.870450785363444,166738,0,1
2021-12-15,18.38,18.51,17.92,18.46,141682,15.887738858114384,16.000111330995498,15.490113184842752,15.956891149118148,141682,0,1
2021-12-16,18.68,18.76,18.195,18.26,122086,16.14705994937849,16.216212240382255,15.727824185168185,15.784010421608741,122086,0,1
2021-12-17,18.1,18.3253,17.8801,18.22,101515,15.645705839601217,15.840455979140561,15.455623479704624,15.749434276106859,101515,0,1
2021-12-20,17.7,17.7,17.335,17.44,181312,15.299944384582403,15.299944384582403,14.98443705687774,15.075199438820178,181312,0,1
2021-12-21,17.6,17.8787,17.55,17.87,79204,15.213504020827703,15.454413314612058,15.17028383895035,15.4468930029654,79204,0,1
2021-12-22,17.98,18.18,17.89,18.16,101440,15.541977403095572,15.714858130604979,15.46418107571634,15.697570057854039,101440,0,1
2021-12-23,18.19,18.4531,18.07,18.41,64747,15.723502166980449,15.950926764019071,15.619773730474805,15.913670967240796,64747,0,1
2021-12-27,18.32,18.35,18.1722,18.28,103820,15.835874639861563,15.861806748987975,15.708115782232111,15.801298494359683,103820,0,1
2021-12-28,18.45,18.45,18.18,18.23,159722,15.948247112742676,15.948247112742676,15.714858130604979,15.758078312482331,159722,0,1
2021-12-29,17.9,17.9,17.64,17.72,93289,15.837422501893942,15.837422501893942,15.607381728123418,15.678163504668193,93289,0.4175492,1
2021-12-30,17.84,18.1784,17.795,18.08,139707,15.78433616948536,16.08374308426977,15.744521420178923,15.99668149911969,139707,0,1
2021-12-31,18.06,18.18,17.993,18,174056,15.978986054983496,16.085158719800663,15.919706317127245,15.925899722574915,174056,0,1
2022-01-03,18.2,18.34,18.0501,18.3,224438,16.102854163936858,16.226722272890218,15.970226810136083,16.19133138461783,224438,0,1
2022-01-04,18.3,18.3,17.9699,18.16,169331,16.19133138461783,16.19133138461783,15.899268079149941,16.06746327566447,169331,0,1
2022-01-05,17.94,18.02,17.5,17.51,184128,15.872813390166334,15.943595166711109,15.483513619170056,15.492361341238155,184128,0,1
2022-01-06,17.5,17.58,17.14,17.41,206529,15.483513619170056,15.554295395714831,15.164995624718559,15.403884120557182,206529,0,1
2022-01-07,17.43,17.58,17.2501,17.46,98459,15.421579564693376,15.554295395714831,15.262409044688308,15.448122730897667,98459,0,1
2022-01-10,17.34,17.34,16.935,17.18,219869,15.341950066080502,15.341950066080502,14.983617322322564,15.200386512990946,219869,0,1
2022-01-11,17.26,17.68,17.21,17.68,261523,15.271168289535725,15.642772616395805,15.226929679195239,15.642772616395805,261523,0,1
2022-01-12,18.2,18.33,18.04,18.28,189146,16.102854163936858,16.21787455082212,15.961290610847303,16.17363594048164,189146,0,1
2022-01-13,18.36,18.38,17.915,17.94,159862,16.244417717026412,16.262113161162606,15.850694084996087,15.872813390166334,159862,0,1
2022-01-14,17.82,18.0788,17.77,18.05,77829,15.766640725349166,15.995619772471521,15.722402115008679,15.9701383329154,77829,0,1
2022-01-18,17.9,17.9599,17.68,17.71,136674,15.837422501893942,15.890420357081846,15.642772616395805,15.669315782600098,136674,0,1
2022-01-19,17.72,17.82,17.43,17.43,121543,15.678163504668193,15.766640725349166,15.421579564693376,15.421579564693376,121543,0,1
2022-01-20,17.76,17.9799,17.4581,17.49,108210,15.713554392940583,15.90811580121804,15.44644166370473,15.474665897101957,108210,0,1
2022-01-21,17.37,17.45,16.95,16.98,154069,15.368493232284793,15.43927500882957,14.996888905424711,15.023432071629003,154069,0,1
2022-01-24,16.65,16.71,15.9,16.67,422658,14.731457243381795,14.78454357579038,14.067878088274508,14.749152687517991,422658,0,1
2022-01-25,16.44,16.6788,16.3,16.5,113397,14.545655079951757,14.756938682937916,14.421786970998395,14.598741412360338,113397,0,1
2022-01-26,16.8,16.969,16.41,16.45,122455,14.864173074403254,15.013699577354098,14.519111913747464,14.554502802019853,122455,0,1
2022-01-27,16.46,16.4891,15.84,15.89,174267,14.563350524087951,14.589097395306114,14.014791755865925,14.059030366206411,174267,0,1
2022-01-28,15.82,15.82,15.43,15.79,145297,13.997096311729731,13.997096311729731,13.65203515107394,13.970553145525438,145297,0,1
2022-01-31,15.98,16.5,15.8801,16.5,130261,14.138659864819285,14.598741412360338,14.050271121358994,14.598741412360338,130261,0,1
2022-02-01,16.59,16.81,16.47,16.8,167185,14.678370910973213,14.87302079647135,14.572198246156047,14.864173074403254,167185,0,1
2022-02-02,16.89,16.91,16.52,16.61,248373,14.943802573016129,14.961498017152323,14.616436856496533,14.696066355109407,248373,0,1
2022-02-03,16.47,16.58,16.32,16.33,59931,14.572198246156047,14.669523188905114,14.43948241513459,14.448330137202685,59931,0,1
2022-02-04,16.31,16.7,16.3,16.65,64779,14.43063469306649,14.775695853722281,14.421786970998395,14.731457243381795,64779,0,1
2022-02-07,16.61,16.7,16.5156,16.6,52727,14.696066355109407,14.775695853722281,14.61254385878657,14.687218633041311,52727,0,1
2022-02-08,16.42,16.645,16.25,16.64,100463,14.527959635815563,14.727033382347747,14.37754836065791,14.7226095213137,100463,0,1
2022-02-09,16.75,17.08,16.75,17.08,157161,14.819934464062769,15.111909292309972,14.819934464062769,15.111909292309972,157161,0,1
2022-02-10,16.76,17.1859,16.76,16.8,78438,14.828782186130866,15.205606669011123,14.828782186130866,14.864173074403254,78438,0,1
2022-02-11,16.74,16.7905,16.0799,16.33,109755,14.81108674199467,14.855767738438562,14.227048608279574,14.448330137202685,109755,0,1
2022-02-14,16.14,16.48,16.14,16.2792,81267,14.280223417908841,14.581045968224144,14.280223417908841,14.403383709096753,81267,0,1
2022-02-15,16.59,16.98,16.59,16.97,115329,14.678370910973213,15.023432071629003,14.678370910973213,15.014584349560906,115329,0,1
2022-02-16,16.94,17.139,16.86,17.1,66804,14.988041183356616,15.164110852511747,14.917259406811837,15.12960473644617,66804,0,1
2022-02-17,17.09,17.09,16.71,16.73,63637,15.120757014378071,15.120757014378071,14.78454357579038,14.802239019926574,63637,0,1
2022-02-18,16.77,16.8299,16.4026,16.5,364893,14.837629908198961,14.890627763386863,14.512564599417072,14.598741412360338,364893,0,1
2022-02-22,16.25,16.43,15.9,16.04,167247,14.37754836065791,14.536807357883658,14.067878088274508,14.191746197227868,167247,0,1
2022-02-23,16.32,16.43,15.895,15.9299,135794,14.43948241513459,14.536807357883658,14.06345422724046,14.094332777258119,135794,0,1
2022-02-24,15.21,15.98,15.01,15.98,220985,13.457385265575804,14.138659864819285,13.280430824213859,14.138659864819285,220985,0,1
2022-02-25,16.26,16.59,16.11,16.59,177831,14.386396082726009,14.678370910973213,14.253680251704548,14.678370910973213,177831,0,1
2022-02-28,16.37,16.9499,16.281,16.86,120192,14.483721025475075,14.99680042820403,14.40497629906901,14.917259406811837,120192,0,1
2022-03-01,16.77,16.77,16.26,16.38,109668,14.837629908198961,14.837629908198961,14.386396082726009,14.49256874754317,109668,0,1
2022-03-02,16.49,16.6785,16.23,16.46,101629,14.58989369029224,14.756673251275872,14.359852916521715,14.563350524087951,101629,0,1
2022-03-03,16.55,16.63,16.06,16.15,360575,14.642980022700826,14.713761799245601,14.209441641364062,14.289071139976937,360575,0,1
2022-03-04,15.84,16.1399,15.5873,15.74,86827,14.014791755865925,14.28013494068816,13.79120981920511,13.926314535184954,86827,0,1
2022-03-07,15.52,15.709,15.31,15.35,98829,13.731664649686815,13.898886596773853,13.545862486256775,13.581253374529163,98829,0,1
2022-03-08,15.22,15.649,15.1,15.43,148137,13.4662329876439,13.845800264365268,13.360060322826733,13.65203515107394,148137,0,1
2022-03-09,15.67,15.91,15.5496,15.83,110928,13.864380480708274,14.076725810342605,13.757853907008384,14.005944033797828,110928,0,1
2022-03-10,15.8,15.9032,15.6421,15.85,68878,13.979400867593537,14.070709359336298,13.83969533613828,14.023639477934022,68878,0,1
2022-03-11,15.98,15.98,15.35,15.39,98706,14.138659864819285,14.138659864819285,13.581253374529163,13.616644262801552,98706,0,1
2022-03-14,15.19,15.19,14.56,14.63,205115,13.439689821439607,13.439689821439607,12.882283331149488,12.944217385626168,205115,0,1
2022-03-15,14.55,14.78,14.4,14.75,196365,12.87343560908139,13.076933216647625,12.740719778059931,13.050390050443333,196365,0,1
2022-03-16,15.31,15.92,15.31,15.89,80704,13.545862486256775,14.085573532410702,13.545862486256775,14.059030366206411,80704,0,1
2022-03-17,15.8,16.1,15.762,16.1,61299,13.979400867593537,14.244832529636453,13.945779523734767,14.244832529636453,61299,0,1
2022-03-18,16.08,16.53,16.0708,16.48,118205,14.227137085500257,14.625284578564631,14.218997181197606,14.581045968224144,118205,0,1
2022-03-21,16.56,16.6799,16.35,16.5,86114,14.651827744768921,14.757911932365406,14.466025581338883,14.598741412360338,86114,0,1
2022-03-22,16.67,16.8449,16.57,16.8,78324,14.749152687517991,14.903899346489009,14.660675466837018,14.864173074403254,78324,0,1
2022-03-23,16.81,17.0416,16.7183,16.82,95156,14.87302079647135,15.07793403956848,14.7918871851069,14.881868518539449,95156,0,1
2022-03-24,16.85,17.1,16.77,17.07,127022,14.908411684743742,15.12960473644617,14.837629908198961,15.103061570241877,127022,0,1
2022-03-25,17.1,17.1,16.76,16.89,107978,15.12960473644617,15.12960473644617,14.828782186130866,14.943802573016129,107978,0,1
2022-03-28,16.81,16.89,16.59,16.8,100904,14.87302079647135,14.943802573016129,14.678370910973213,14.864173074403254,100904,0,1
2022-03-29,16.93,17.16,16.8216,17.13,111070,14.979193461288517,15.182691068854753,14.883284154070344,15.15614790265046,111070,0,1
2022-03-30,17.27,17.605,17.27,17.34,235482,15.28001601160382,15.576414700885076,15.28001601160382,15.341950066080502,235482,0,1
2022-03-31,17.41,17.4499,17.19,17.19,112374,15.403884120557182,15.43918653160889,15.209234235059045,15.209234235059045,112374,0,1
2022-04-01,17.52,17.5899,17.3167,17.44,110244,15.50120906330625,15.56305464056225,15.321334873661836,15.430427286761475,110244,0,1
2022-04-04,17.62,18,17.62,18,137812,15.589686283987223,15.925899722574915,15.589686283987223,15.925899722574915,137812,0,1
2022-04-05,17.95,17.95,17.34,17.35,146931,15.88166111223443,15.88166111223443,15.341950066080502,15.350797788148599,146931,0,1
2022-04-06,17.07,17.15,16.76,16.92,193537,15.103061570241877,15.173843346786654,14.828782186130866,14.970345739220422,193537,0,1
2022-04-07,16.85,16.8959,16.51,16.77,124957,14.908411684743742,14.949022729036306,14.607589134428437,14.837629908198961,124957,0,1
2022-04-08,16.78,16.88,16.64,16.6909,45511,14.84647763026706,14.93495485094803,14.7226095213137,14.767644426640313,45511,0,1
2022-04-11,16.28,16.34,16.08,16.14,108342,14.404091526862201,14.457177859270784,14.227137085500257,14.280223417908841,108342,0,1
2022-04-12,16.31,16.48,16.1095,16.15,105091,14.43063469306649,14.581045968224144,14.253237865601145,14.289071139976937,105091,0,1
2022-04-13,16.21,16.6299,16.21,16.62,45491,14.342157472385521,14.71367332202492,14.342157472385521,14.704914077177506,45491,0,1
2022-04-14,16.59,16.6155,16.39,16.41,39265,14.678370910973213,14.700932602246862,14.50141646961127,14.519111913747464,39265,0,1
2022-04-18,16.41,16.425,16.16,16.27,69939,14.519111913747464,14.53238349684961,14.297918862045035,14.395243804794104,69939,0,1
2022-04-19,16.2,16.53,16.1163,16.53,87041,14.333309750317422,14.625284578564631,14.25925431660745,14.625284578564631,87041,0,1
2022-04-20,16.34,16.34,16.02,16.03,205849,14.457177859270784,14.457177859270784,14.174050753091674,14.182898475159773,205849,0,1
2022-04-21,16.16,16.21,15.37,15.44,236272,14.297918862045035,14.342157472385521,13.598948818665358,13.660882873142038,236272,0,1
2022-04-22,15.44,15.4865,15.0801,15.11,258503,13.660882873142038,13.70202478075869,13.342453355911221,13.36890804489483,258503,0,1
2022-04-25,14.68,14.8068,14.5038,14.75,159009,12.988455995966653,13.100645111790126,12.83255913312678,13.050390050443333,159009,0,1
2022-04-26,14.58,14.59,14.081,14.1,175490,12.899978775285682,12.908826497353779,12.458477444087631,12.475288116017015,175490,0,1
2022-04-27,14.52,14.75,14.455,14.54,62783,12.846892442877097,13.050390050443333,12.789382249434466,12.864587887013291,62783,0,1
2022-04-28,14.69,14.6919,14.24,14.63,133095,12.99730371803475,12.99898478522769,12.599156224970377,12.944217385626168,133095,0,1
2022-04-29,14.88,15.075,14.5296,14.56,79364,13.165410437328598,13.33794101765649,12.855386256062472,12.882283331149488,79364,0,1
2022-05-02,14.5,14.665,14.3559,14.65,237611,12.829196998740903,12.975184412864506,12.701701323739623,12.961912829762362,237611,0,1
2022-05-03,14.64,14.86,14.64,14.83,224286,12.953065107694265,13.147714993192402,12.953065107694265,13.12117182698811,224286,0,1
2022-05-04,14.77,15.29,14.65,15.25,91701,13.068085494579528,13.528167042120579,12.961912829762362,13.492776153848192,91701,0,1
2022-05-05,15.11,15.11,14.4,14.54,162032,13.36890804489483,13.36890804489483,12.740719778059931,12.864587887013291,162032,0,1
2022-05-06,14.49,14.4978,14.16,14.3,300912,12.820349276672806,12.827250499885922,12.5283744484256,12.65224255737896,300912,0,1
2022-05-09,13.89,13.895,13.3,13.35,231125,12.289485952586977,12.293909813621024,11.767470350569242,11.811708960909728,231125,0,1
2022-05-10,13.68,13.73,13.23,13.48,351126,12.103683789156936,12.147922399497421,11.705536296092562,11.926729347794993,351126,0,1
2022-05-11,13.57,13.9199,13.3,13.32,101783,12.006358846407867,12.315940641570586,11.767470350569242,11.785165794705437,101783,0,1
2022-05-12,13.05,13.55,12.9001,13.24,142248,11.546277298866814,11.988663402271673,11.413649945066037,11.71438401816066,142248,0,1
2022-05-13,13.64,14.04,13.61,13.95,86913,12.068292900884547,12.422201783608433,12.041749734680254,12.342572284995558,86913,0,1
2022-05-16,13.96,14.0499,13.8,13.83,96486,12.351420007063657,12.43096102845585,12.209856453974101,12.236399620178393,96486,0,1
2022-05-17,14.42,14.58,14.2916,14.58,82006,12.758415222196126,12.899978775285682,12.64481047084176,12.899978775285682,82006,0,1
2022-05-18,14.5,14.66,14.21,14.26,154557,12.829196998740903,12.970760551830459,12.572613058766086,12.616851669106572,154557,0,1
2022-05-19,14.33,14.859,14.33,14.71,113590,12.678785723583252,13.146830220985592,12.678785723583252,13.014999162170945,113590,0,1
2022-05-20,14.9,15,14.36,14.65,72355,13.18310588146479,13.271583102145762,12.705328889787543,12.961912829762362,72355,0,1
2022-05-23,14.82,14.85,14.5801,14.84,36701,13.112324104920013,13.138867271124305,12.900067252506362,13.130019549056207,36701,0,1
2022-05-24,14.56,14.56,14.31,14.43,50185,12.882283331149488,12.882283331149488,12.661090279447057,12.767262944264223,50185,0,1
2022-05-25,14.34,14.5,14.241,14.43,59757,12.687633445651349,12.829196998740903,12.600040997177187,12.767262944264223,59757,0,1
2022-05-26,14.42,14.91,14.3801,14.85,169015,12.758415222196126,13.191953603532887,12.72311281114442,13.138867271124305,169015,0,1
2022-05-27,14.97,15.24,14.97,15.24,56275,13.245039935941472,13.483928431780095,13.245039935941472,13.483928431780095,56275,0,1
2022-05-31,15.44,15.49,15.21,15.3,55943,13.660882873142038,13.705121483482523,13.457385265575804,13.537014764188678,55943,0,1
2022-06-01,15.42,15.4573,14.9495,15.04,111879,13.643187429005843,13.676189432319847,13.226902105701871,13.30697399041815,111879,0,1
2022-06-02,15.14,15.78,15.14,15.77,98988,13.395451211099124,13.961705423457342,13.395451211099124,13.952857701389245,98988,0,1
2022-06-03,15.55,15.62,15.352,15.44,240829,13.758207815891108,13.820141870367786,13.583022918942783,13.660882873142038,240829,0,1
2022-06-06,15.91,15.988,15.66,15.74,115962,14.076725810342605,14.145738042473763,13.855532758640177,13.926314535184954,115962,0,1
2022-06-07,15.58,15.8,15.5,15.75,47169,13.784750982095398,13.979400867593537,13.71396920555062,13.935162257253051,47169,0,1
2022-06-08,15.79,15.86,15.6,15.69,95596,13.970553145525438,14.03248720000212,13.802446426231592,13.882075924844466,95596,0,1
2022-06-09,15.5,15.5033,15.15,15.15,41641,13.71396920555062,13.716888953833093,13.40429893316722,13.40429893316722,41641,0,1
2022-06-10,15,15.1987,14.9001,14.98,96563,13.271583102145762,13.447387339638853,13.183194358685471,13.25388765800957,96563,0,1
2022-06-13,14.51,14.63,14.2,14.27,145361,12.838044720809,12.944217385626168,12.563765336697987,12.625699391174669,145361,0,1
2022-06-14,14.43,14.5201,14.261,14.41,42397,12.767262944264223,12.846980920097778,12.617736441313381,12.749567500128029,42397,0,1
2022-06-15,14.5,14.85,14.4071,14.73,108498,12.829196998740903,13.138867271124305,12.74700166072828,13.032694606307139,108498,0,1
2022-06-16,14.31,14.505,14.11,14.19,229834,12.661090279447057,12.833620859774953,12.484135838085113,12.554917614629892,229834,0,1
2022-06-17,14.47,14.6599,14.37,14.58,78148,12.802653832536613,12.970672074609778,12.71417661185564,12.899978775285682,78148,0,1
2022-06-21,14.85,15.15,14.85,15.04,39469,13.138867271124305,13.40429893316722,13.138867271124305,13.30697399041815,39469,0,1
2022-06-22,14.67,14.99,14.67,14.81,96518,12.979608273898556,13.262735380077665,12.979608273898556,13.103476382851916,96518,0,1
2022-06-23,14.89,14.98,14.726,14.94,46040,13.174258159396693,13.25388765800957,13.0291555174799,13.218496769737179,46040,0,1
2022-06-24,15.12,15.36,15.12,15.36,55920,13.377755766962927,13.59010109659726,13.377755766962927,13.59010109659726,55920,0,1
2022-06-27,15.43,15.44,15.28,15.335,66521,13.65203515107394,13.660882873142038,13.519319320052483,13.567981791427018,66521,0,1
2022-06-28,15.4,15.56,15.0842,15.12,54795,13.62549198486965,13.767055537959205,13.346080921959139,13.377755766962927,54795,0,1
2022-06-29,14.91,14.91,14.64,14.72,136146,13.191953603532887,13.191953603532887,12.953065107694265,13.023846884239042,136146,0,1
2022-06-30,14.52,14.706,14.371,14.63,19818,12.846892442877097,13.011460073343706,12.71506138406245,12.944217385626168,19818,0,1
2022-07-01,14.46,14.5,14.3,14.43,36843,12.793806110468516,12.829196998740903,12.65224255737896,12.767262944264223,36843,0,1
2022-07-05,14.15,14.3499,13.9201,14.33,196962,12.519526726357503,12.696392690498765,12.316117596011948,12.678785723583252,196962,0,1
2022-07-06,14.34,14.34,14.09,14.25,45415,12.687633445651349,12.687633445651349,12.46644039394892,12.608003947038474,45415,0,1
2022-07-07,14.55,14.9699,14.55,14.92,134017,12.87343560908139,13.244951458720791,12.87343560908139,13.200801325600985,134017,0,1
2022-07-08,14.77,14.9765,14.6772,14.88,27269,13.068085494579528,13.250790955285733,12.985978633787585,13.165410437328598,27269,0,1
2022-07-11,14.45,14.55,14.1,14.12,58586,12.784958388400417,12.87343560908139,12.475288116017015,12.49298356015321,58586,0,1
2022-07-12,13.92,13.98,13.7,13.83,76675,12.316029118791267,12.369115451199852,12.12137923329313,12.236399620178393,76675,0,1
2022-07-13,13.71,14.1499,13.71,14.05,51038,12.130226955361227,12.519438249136822,12.130226955361227,12.431049505676532,51038,0,1
2022-07-14,13.9,14.12,13.8553,14.08,30868,12.298333674655073,12.49298356015321,12.25878435701068,12.457592671880823,30868,0,1
2022-07-15,14.04,14.079,13.81,14.05,74203,12.422201783608433,12.456707899674013,12.218704176042198,12.431049505676532,74203,0,1
2022-07-18,14.25,14.47,14.2,14.2,64413,12.608003947038474,12.802653832536613,12.563765336697987,12.563765336697987,64413,0,1
2022-07-19,14.34,14.41,14.24,14.37,33217,12.687633445651349,12.749567500128029,12.599156224970377,12.71417661185564,33217,0,1
2022-07-20,14.36,14.49,14.32,14.44,23694,12.705328889787543,12.820349276672806,12.669938001515154,12.77611066633232,23694,0,1
2022-07-21,14.49,14.7,14.44,14.69,38959,12.820349276672806,13.006151440102846,12.77611066633232,12.99730371803475,38959,0,1
2022-07-22,14.78,14.78,14.37,14.41,40541,13.076933216647625,13.076933216647625,12.71417661185564,12.749567500128029,40541,0,1
2022-07-25,14.5,14.5089,14.39,14.49,16668,12.829196998740903,12.837071471381512,12.731872055991834,12.820349276672806,16668,0,1
2022-07-26,14.48,14.5399,14.32,14.35,16551,12.81150155460471,12.86449940979261,12.669938001515154,12.696481167719446,16551,0,1
2022-07-27,14.43,14.74,14.35,14.7,36727,12.767262944264223,13.041542328375236,12.696481167719446,13.006151440102846,36727,0,1
2022-07-28,14.81,14.97,14.6088,14.9,44970,13.103476382851916,13.245039935941472,12.9254602148418,13.18310588146479,44970,0,1
2022-07-29,14.78,15.0609,14.77,15.05,66527,13.076933216647625,13.325465729540474,13.068085494579528,13.31582171248625,66527,0,1
2022-08-01,15.12,15.305,15.0804,15.19,74837,13.377755766962927,13.541438625222726,13.342718787573263,13.439689821439607,74837,0,1
2022-08-02,15.03,15.36,15,15.15,155145,13.298126268350053,13.59010109659726,13.271583102145762,13.40429893316722,155145,0,1
2022-08-03,15.16,15.185,15,15.16,80766,13.413146655235318,13.43526596040556,13.271583102145762,13.413146655235318,80766,0,1
2022-08-04,15.17,15.34,15.17,15.3,46498,13.421994377303415,13.572405652461066,13.421994377303415,13.537014764188678,46498,0,1
2022-08-05,15.25,15.44,15.19,15.32,36190,13.492776153848192,13.660882873142038,13.439689821439607,13.554710208324872,36190,0,1
2022-08-08,15.45,15.7,15.45,15.49,77960,13.669730595210135,13.890923646912563,13.669730595210135,13.705121483482523,77960,0,1
2022-08-09,15.54,15.56,15.309,15.36,69205,13.74936009382301,13.767055537959205,13.544977714049965,13.59010109659726,69205,0,1
2022-08-10,15.57,15.78,15.44,15.78,111326,13.775903260027302,13.961705423457342,13.660882873142038,13.961705423457342,111326,0,1
2022-08-11,15.96,16.075,15.8038,15.84,73148,14.120964420683093,14.222713224466208,13.982763001979414,14.014791755865925,73148,0,1
2022-08-12,15.87,16.13,15.725,16.12,95717,14.041334922070217,14.271375695840742,13.913042952082808,14.262527973772647,95717,0,1
2022-08-15,16.03,16.1706,15.94,16.11,145932,14.182898475159773,14.307297447437218,14.103268976546897,14.253680251704548,145932,0,1
2022-08-16,16.12,16.15,15.9265,16.03,81507,14.262527973772647,14.289071139976937,14.091324551754965,14.182898475159773,81507,0,1
2022-08-17,15.95,15.96,15.69,15.82,104511,14.112116698614994,14.120964420683093,13.882075924844466,13.997096311729731,104511,0,1
2022-08-18,15.74,15.81,15.6801,15.71,46955,13.926314535184954,13.988248589661634,13.873316679997052,13.899771368980662,46955,0,1
2022-08-19,15.48,15.48,15.1369,15.18,48120,13.696273761414426,13.696273761414426,13.392708417258014,13.430842099371512,48120,0,1
2022-08-22,15.11,15.2299,15.1,15.2,94760,13.36890804489483,13.474992232491317,13.360060322826733,13.448537543507705,94760,0,1
2022-08-23,15.23,15.48,15.23,15.44,49376,13.475080709711998,13.696273761414426,13.475080709711998,13.660882873142038,49376,0,1
2022-08-24,15.23,15.425,15.2,15.36,39377,13.475080709711998,13.647611290039894,13.448537543507705,13.59010109659726,39377,0,1
2022-08-25,15.5,15.55,15.37,15.55,44780,13.71396920555062,13.758207815891108,13.598948818665358,13.758207815891108,44780,0,1
2022-08-26,15.55,15.61,15.1201,15.15,76888,13.758207815891108,13.81129414829969,13.37784424418361,13.40429893316722,76888,0,1
2022-08-29,15.01,15.17,14.91,14.99,103402,13.280430824213859,13.421994377303415,13.191953603532887,13.262735380077665,103402,0,1
2022-08-30,15.03,15.06,14.6,14.65,88465,13.298126268350053,13.324669434554346,12.917674219421874,12.961912829762362,88465,0,1
2022-08-31,14.66,14.76,14.57,14.6262,24793,12.970760551830459,13.05923777251143,12.891131053217585,12.94085525124029,24793,0,1
2022-09-01,14.41,14.43,14.065,14.21,72992,12.749567500128029,12.767262944264223,12.444321088778675,12.572613058766086,72992,0,1
2022-09-02,14.2,14.2889,14.0001,14.07,37192,12.563765336697987,12.642421585883373,12.386899372556726,12.448744949812726,37192,0,1
2022-09-06,14.11,14.21,14,14.07,461909,12.484135838085113,12.572613058766086,12.386810895336044,12.448744949812726,461909,0,1
2022-09-07,14.05,14.415,14.05,14.38,53601,12.431049505676532,12.753991361162077,12.431049505676532,12.723024333923739,53601,0,1
2022-09-08,14.29,14.479,14.26,14.46,33268,12.643394835310863,12.810616782397899,12.616851669106572,12.793806110468516,33268,0,1
2022-09-09,14.69,14.97,14.69,14.94,51514,12.99730371803475,13.245039935941472,12.99730371803475,13.218496769737179,51514,0,1
2022-09-12,15.07,15.139,15.02,15.1,139869,13.333517156622444,13.394566438892312,13.289278546281956,13.360060322826733,139869,0,1
2022-09-13,14.83,15,14.69,14.74,63082,13.12117182698811,13.271583102145762,12.99730371803475,13.041542328375236,63082,0,1
2022-09-14,14.82,14.95,14.67,14.92,46695,13.112324104920013,13.227344491805276,12.979608273898556,13.200801325600985,46695,0,1
2022-09-15,14.7,14.84,14.54,14.61,45863,13.006151440102846,13.130019549056207,12.864587887013291,12.926521941489971,45863,0,1
2022-09-16,14.23,14.335,14.16,14.25,74017,12.59030850290228,12.683209584617302,12.5283744484256,12.608003947038474,74017,0,1
2022-09-19,14.15,14.52,14.1,14.46,61135,12.519526726357503,12.846892442877097,12.475288116017015,12.793806110468516,61135,0,1
2022-09-20,14.36,14.42,14.2,14.25,41962,12.705328889787543,12.758415222196126,12.563765336697987,12.608003947038474,41962,0,1
2022-09-21,14.32,14.39,14.03,14.08,23430,12.669938001515154,12.731872055991834,12.413354061540335,12.457592671880823,23430,0,1
2022-09-22,14.09,14.17,13.82,13.87,50455,12.46644039394892,12.537222170493697,12.227551898110296,12.271790508450781,50455,0,1
2022-09-23,13.5001,13.5382,13.11,13.25,86428,11.944513269151868,11.978223090231317,11.599363631275395,11.723231740228757,86428,0,1
2022-09-26,13.17,13.41,13.045,13.12,58591,11.65244996368398,11.864795293318311,11.541853437832765,11.608211353343492,58591,0,1
2022-09-27,13.31,13.43,13.1,13.2,83891,11.77631807263734,11.882490737454505,11.5905159092073,11.678993129888271,83891,0,1
2022-09-28,13.02,13.41,12.95,13.4,63869,11.51973413266252,11.864795293318311,11.45780007818584,11.855947571250216,63869,0,1
2022-09-29,13.21,13.21,12.83,12.94,43514,11.687840851956368,11.687840851956368,11.351627413368675,11.448952356117744,43514,0,1
2022-09-30,12.87,12.98,12.75,12.79,62919,11.387018301641064,11.484343244390134,11.280845636823898,11.316236525096286,62919,0,1
2022-10-03,12.79,13,12.651,12.91,48253,11.316236525096286,11.502038688526328,11.193253188349736,11.422409189913452,48253,0,1
2022-10-04,13.26,13.59,13.26,13.51,75929,11.732079462296854,12.024054290544061,11.732079462296854,11.953272513999282,75929,0,1
2022-10-05,13.39,13.39,13.07,13.34,181695,11.847099849182118,11.847099849182118,11.563972743003008,11.802861238841631,181695,0,1
2022-10-06,13.32,13.4114,13.09,13.12,32845,11.785165794705437,11.866033974407845,11.581668187139202,11.608211353343492,32845,0,1
2022-10-07,12.92,12.985,12.67,12.68,39023,11.43125691198155,11.48876710542418,11.21006386027912,11.218911582347218,39023,0,1
2022-10-10,12.65,12.65,12.32,12.43,88393,11.192368416142926,11.192368416142926,10.900393587895719,10.997718530644788,88393,0,1
2022-10-11,12.5,12.66,12.35,12.44,67856,11.05965258512147,11.201216138211024,10.92693675410001,11.006566252712885,67856,0,1
2022-10-12,12.5,12.57,12.351,12.39,41360,11.05965258512147,11.12158663959815,10.927821526306822,10.9623276423724,41360,0,1
2022-10-13,12.04,12.58,11.9201,12.54,57759,10.652657369988997,11.130434361666246,10.546573182392514,11.095043473393856,57759,0,1
2022-10-14,12.6,12.62,12.075,12.1,74167,11.14812980580244,11.165825249938633,10.683624397227337,10.705743702397582,74167,0,1
2022-10-17,12.43,12.62,12.43,12.53,44709,10.997718530644788,11.165825249938633,10.997718530644788,11.086195751325759,44709,0,1
2022-10-18,12.76,12.8399,12.45,12.54,46369,11.289693358891995,11.360386658216092,11.015413974780982,11.095043473393856,46369,0,1
2022-10-19,12.42,12.515,12.37,12.47,27700,10.98887080857669,11.072924168223615,10.944632198236205,11.033109418917178,27700,0,1
2022-10-20,12.45,12.6,12.28,12.33,66213,11.015413974780982,11.14812980580244,10.86500269962333,10.909241309963816,66213,0,1
2022-10-21,12.31,12.73,12.27,12.73,37216,10.891545865827624,11.263150192687704,10.856154977555233,11.263150192687704,37216,0,1
2022-10-24,12.51,12.51,12.1274,12.36,116176,11.068500307189566,11.068500307189566,10.729986460864168,10.935784476168108,116176,0,1
2022-10-25,12.36,12.72,12.36,12.69,44376,10.935784476168108,11.254302470619606,10.935784476168108,11.227759304415315,44376,0,1
2022-10-26,12.68,13.08,12.68,12.95,68414,11.218911582347218,11.572820465071105,11.218911582347218,11.45780007818584,68414,0,1
2022-10-27,12.89,12.9316,12.715,12.73,45162,11.40471374577726,11.441520269580542,11.249878609585558,11.263150192687704,45162,0,1
2022-10-28,12.54,12.5477,12.3649,12.54,57523,11.095043473393856,11.101856219386292,10.940119859981476,11.095043473393856,57523,0,1
2022-10-31,12.49,12.629,12.49,12.57,24572,11.050804863053372,11.173788199799922,11.050804863053372,11.12158663959815,24572,0,1
2022-11-01,12.98,13.0937,12.83,12.87,44721,11.484343244390134,11.584941844304398,11.351627413368675,11.387018301641064,44721,0,1
2022-11-02,12.84,13.03,12.57,12.58,26901,11.360475135436772,11.528581854730618,11.12158663959815,11.130434361666246,26901,0,1
2022-11-03,12.48,12.81,12.3438,12.71,31888,11.041957140985275,11.33393196923248,10.921451166417791,11.24545474855151,31888,0,1
2022-11-04,13.26,13.45,13.12,13.32,62825,11.732079462296854,11.9001861815907,11.608211353343492,11.785165794705437,62825,0,1
2022-11-07,13.4,13.42,13.23,13.28,40376,11.855947571250216,11.873643015386408,11.705536296092562,11.749774906433048,40376,0,1
2022-11-08,13.35,13.5699,13.285,13.45,54127,11.811708960909728,12.006270369187186,11.754198767467097,11.9001861815907,54127,0,1
2022-11-09,13.31,13.31,12.86,12.86,31088,11.77631807263734,11.77631807263734,11.378170579572966,11.378170579572966,31088,0,1
2022-11-10,13.5,13.61,13.3352,13.6,36706,11.944424791931187,12.041749734680254,11.798614332248945,12.032902012612158,36706,0,1
2022-11-11,13.81,14.14,13.81,14.03,53409,12.218704176042198,12.510679004289406,12.218704176042198,12.413354061540335,53409,0,1
2022-11-14,13.9,14.06,13.755,13.93,52259,12.298333674655073,12.439897227744629,12.170041704667664,12.324876840859364,52259,0,1
2022-11-15,14.09,14.1295,13.9102,13.95,27176,12.46644039394892,12.501388896117904,12.307358351164533,12.342572284995558,27176,0,1
2022-11-16,13.72,13.77,13.47,13.53,59856,12.139074677429324,12.18331328776981,11.917881625726896,11.970967958135477,59856,0,1
2022-11-17,13.15,13.32,13.1,13.3,41390,11.634754519547785,11.785165794705437,11.5905159092073,11.767470350569242,41390,0,1
2022-11-18,13.3,13.43,13.1483,13.22,44093,11.767470350569242,11.882490737454505,11.63325040679621,11.696688574024465,44093,0,1
2022-11-21,13.02,13.04,12.9188,12.98,39761,11.51973413266252,11.537429576798715,11.430195185333378,11.484343244390134,39761,0,1
2022-11-22,12.98,13.04,12.9,13.02,46590,11.484343244390134,11.537429576798715,11.413561467845357,11.51973413266252,46590,0,1
2022-11-23,13.1,13.3345,13.04,13.33,27367,11.5905159092073,11.797994991704178,11.537429576798715,11.794013516773534,27367,0,1
2022-11-25,13.18,13.2059,13.0601,13.16,7258,11.661297685752077,11.684213285908449,11.555213498155592,11.643602241615882,7258,0,1
2022-11-28,13.08,13.1138,12.89,12.89,42517,11.572820465071105,11.602725765661273,11.40471374577726,11.40471374577726,42517,0,1
2022-11-29,13.14,13.27,13.05,13.15,44351,11.625906797479688,11.740927184364951,11.546277298866814,11.634754519547785,44351,0,1
2022-11-30,13.49,13.88,13.38,13.84,48034,11.93557706986309,12.28063823051888,11.838252127114021,12.24524734224649,48034,0,1
2022-12-01,13.93,13.95,13.67,13.83,44692,12.324876840859364,12.342572284995558,12.094836067088838,12.236399620178393,44692,0,1
2022-12-02,13.62,14,13.62,14,64008,12.050597456748351,12.386810895336044,12.050597456748351,12.386810895336044,64008,0,1
2022-12-05,13.97,13.98,13.5,13.53,91725,12.360267729131754,12.369115451199852,11.944424791931187,11.970967958135477,91725,0,1
2022-12-06,13.7,13.71,13.39,13.44,71832,12.12137923329313,12.130226955361227,11.847099849182118,11.891338459522602,71832,0,1
2022-12-07,13.49,13.66,13.43,13.52,102028,11.93557706986309,12.085988345020741,11.882490737454505,11.96212023606738,102028,0,1
2022-12-08,13.67,13.745,13.5401,13.64,28902,12.094836067088838,12.161193982599567,11.979904157424256,12.068292900884547,28902,0,1
2022-12-09,13.63,13.63,13.43,13.43,16939,12.05944517881645,12.05944517881645,11.882490737454505,11.882490737454505,16939,0,1
2022-12-12,13.39,13.445,13.285,13.32,36782,11.847099849182118,11.895762320556653,11.754198767467097,11.785165794705437,36782,0,1
2022-12-13,13.69,13.75,13.27,13.3163,48185,12.112531511225033,12.165617843633616,11.740927184364951,11.781892137540241,48185,0,1
2022-12-14,13.32,13.35,13.1584,13.2859,38546,11.785165794705437,11.811708960909728,11.642186606084987,11.754995062453226,38546,0,1
2022-12-15,13.15,13.2369,12.95,13.04,71734,11.634754519547785,11.71164122431955,11.45780007818584,11.537429576798715,71734,0,1
2022-12-16,13.02,13.02,12.8,12.93,65787,11.51973413266252,11.51973413266252,11.325084247164385,11.440104634049646,65787,0,1
2022-12-19,12.98,12.98,12.6301,12.7,96060,11.484343244390134,11.484343244390134,11.174761449227413,11.236607026483412,96060,0,1
2022-12-20,12.61,12.78,12.6001,12.62,46658,11.156977527870538,11.30738880302819,11.148218283023121,11.165825249938633,46658,0,1
2022-12-21,12.72,12.74,12.59,12.675,66807,11.254302470619606,11.2719979147558,11.139282083734344,11.21448772131317,66807,0,1
2022-12-22,12.53,12.54,12.15,12.26,103887,11.086195751325759,11.095043473393856,10.749982312738068,10.847307255487136,103887,0,1
2022-12-23,12.27,12.3129,12.14,12.2,41346,10.856154977555233,10.89411170522737,10.74113459066997,10.794220923078553,41346,0,1
2022-12-27,12.29,12.3399,12.171,12.19,158938,10.873850421691428,10.918000554811233,10.768562529081072,10.785373201010456,158938,0,1
2022-12-28,11.63,11.7699,11.461,11.48,187531,10.724539038709697,10.85354703626047,10.568696639952867,10.586217383008368,187531,0.48490724,1
2022-12-29,11.63,11.8,11.61,11.8,94830,10.724539038709697,10.88130358183787,10.706096151282852,10.88130358183787,94830,0,1
2022-12-30,11.64,11.74,11.62,11.71,159275,10.733760482423119,10.825974919557337,10.715317594996273,10.798310588417072,159275,0,1
2023-01-03,11.87,11.9101,11.5504,11.59,113426,10.945853687831821,10.982831677122643,10.651136346750857,10.687653263856008,113426,0,1
2023-01-04,11.62,11.81,11.62,11.81,26034,10.715317594996273,10.890525025551291,10.715317594996273,10.890525025551291,26034,0,1
2023-01-05,11.78,11.8574,11.7273,11.8,29390,10.862860694411024,10.93423466875291,10.814263686041292,10.88130358183787,29390,0,1
2023-01-06,11.94,12.21,11.88,12.21,54949,11.010403793825775,11.259382774088168,10.955075131545245,11.259382774088168,54949,0,1
2023-01-09,12.39,12.5,12.355,12.38,43075,11.425368760929763,11.526804641777403,11.393093707932787,11.41614731721634,43075,0,1
2023-01-10,12.46,12.56,12.37,12.56,35496,11.489918866923716,11.582133304057935,11.406925873502917,11.582133304057935,35496,0,1
2023-01-11,12.68,12.8,12.63,12.8,25756,11.692790628618997,11.803447953180061,11.646683410051889,11.803447953180061,25756,0,1
2023-01-12,12.95,13.17,12.825,13.17,48182,11.941769608881389,12.144641370576672,11.826501562463616,12.144641370576672,48182,0,1
2023-01-13,13,13.16,12.9532,13.11,53283,11.987876827448499,12.13541992686325,11.944720470869685,12.08931270829614,53283,0,1
2023-01-17,13.04,13.0965,12.9825,13.08,32956,12.024762602302186,12.076863759283022,11.971739300950011,12.061648377155874,32956,0,1
2023-01-18,13.23,13.2999,12.9958,13,39631,12.199970032857204,12.264427924414022,11.984003821088862,11.987876827448499,39631,0,1
2023-01-19,12.97,13.01,12.8236,12.91,28771,11.960212496308234,11.99709827116192,11.825210560343738,11.904883834027702,28771,0,1
2023-01-20,12.99,13.26,12.95,13.26,28611,11.978655383735077,12.227634363997469,11.941769608881389,12.227634363997469,28611,0,1
2023-01-23,13.31,13.56,13.3,13.54,26507,12.273741582564579,12.504277675400127,12.264520138851157,12.485834787973282,26507,0,1
2023-01-24,13.5,13.6099,13.4103,13.58,38831,12.448949013119595,12.550292679530102,12.3662326630102,12.52272056282697,38831,0,1
2023-01-25,13.47,13.68,13.4054,13.68,25081,12.42128468197933,12.61493499996119,12.361714155590624,12.61493499996119,25081,0,1
2023-01-26,13.92,14,13.75,13.94,71646,12.836249649083317,12.910021198790693,12.679485105955143,12.85469253651016,71646,0,1
2023-01-27,13.9,14.25,13.84,14.23,181924,12.817806761656472,13.14055729162624,12.76247809937594,13.122114404199397,181924,0,1
2023-01-30,14,14.08,13.88,13.88,63939,12.910021198790693,12.983792748498068,12.799363874229629,12.799363874229629,63939,0,1
2023-01-31,13.83,14.02,13.7464,14.02,91346,12.753256655662518,12.928464086217536,12.676165386218312,12.928464086217536,91346,0,1
2023-02-01,14.11,14.44,14.035,14.32,69748,13.011457079638333,13.315764722181257,12.942296251787669,13.205107397620194,69748,0,1
2023-02-02,14.43,14.44,14.2,14.31,140044,13.306543278467835,13.315764722181257,13.09445007305913,13.195885953906773,140044,0,1
2023-02-03,14.08,14.27,13.9601,14,167148,12.983792748498068,13.159000179053084,12.87322763837414,12.910021198790693,167148,0,1
2023-02-06,13.83,13.83,13.6401,13.75,73689,12.753256655662518,12.753256655662518,12.578141439544638,12.679485105955143,73689,0,1
2023-02-07,13.79,13.9,13.63,13.9,53999,12.716370880808832,12.817806761656472,12.56882778139408,12.817806761656472,53999,0,1
2023-02-08,13.89,13.89,13.74,13.8,33980,12.80858531794305,12.80858531794305,12.670263662241721,12.725592324522253,33980,0,1
2023-02-09,14,14.09,13.76,13.82,220897,12.910021198790693,12.99301419221149,12.688706549668565,12.744035211949097,220897,0,1
2023-02-10,13.6,13.71,13.41,13.5,55017,12.541163450253814,12.642599331101456,12.365956019698798,12.448949013119595,55017,0,1
2023-02-13,13.51,13.6501,13.4101,13.61,48535,12.458170456833017,12.58736288325806,12.366048234135933,12.550384893967236,48535,0,1
2023-02-14,13.44,13.71,13.353,13.68,52223,12.393620350839063,12.642599331101456,12.313393790532293,12.61493499996119,52223,0,1
2023-02-15,13.43,13.709,13.41,13.68,31715,12.384398907125641,12.641677186730114,12.365956019698798,12.61493499996119,31715,0,1
2023-02-16,13.54,13.72,13.45,13.5256,51762,12.485834787973282,12.651820774814878,12.402841794552485,12.472555909025957,51762,0,1
2023-02-17,13.27,13.27,13.1001,13.22,64518,12.23685580771089,12.23685580771089,12.080183479019853,12.190748589143782,64518,0,1
2023-02-21,13.18,13.236,12.96,13.01,43004,12.153862814290093,12.205502899085257,11.950991052594812,11.99709827116192,43004,0,1
2023-02-22,12.96,12.96,12.8,12.88,46087,11.950991052594812,11.950991052594812,11.803447953180061,11.877219502887437,46087,0,1
2023-02-23,12.98,12.98,12.7,12.93,54923,11.969433940021656,11.969433940021656,11.71123351604584,11.923326721454545,54923,0,1
2023-02-24,12.63,12.63,12.49,12.57,81110,11.646683410051889,11.646683410051889,11.517583198063981,11.591354747771357,81110,0,1
2023-02-27,12.62,12.76,12.62,12.73,26976,11.637461966338465,11.766562178326373,11.637461966338465,11.738897847186108,26976,0,1
2023-02-28,12.74,12.8899,12.74,12.82,33903,11.74811929089953,11.886348732163725,11.74811929089953,11.821890840606905,33903,0,1
2023-03-01,13.03,13.03,12.91,12.98,46391,12.015541158588764,12.015541158588764,11.904883834027702,11.969433940021656,46391,0,1
2023-03-02,12.82,12.92,12.69,12.92,25802,11.821890840606905,11.914105277741124,11.702012072332419,11.914105277741124,25802,0,1
2023-03-03,13.04,13.25,12.9801,13.25,30962,12.024762602302186,12.218412920284047,11.96952615445879,12.218412920284047,30962,0,1
2023-03-06,13.24,13.25,13.0236,13.08,42437,12.209191476570625,12.218412920284047,12.009639434612176,12.061648377155874,42437,0,1
2023-03-07,13,13,12.62,12.62,42199,11.987876827448499,11.987876827448499,11.637461966338465,11.637461966338465,42199,0,1
2023-03-08,12.6,12.74,12.585,12.61,20597,11.619019078911622,11.74811929089953,11.605186913341491,11.628240522625044,20597,0,1
2023-03-09,12.55,12.6532,12.28,12.28,39342,11.572911860344513,11.668077159467027,11.32393288008212,11.32393288008212,39342,0,1
2023-03-10,12.25,12.35,12.01,12.16,179118,11.296268548941855,11.388482986076074,11.074953899819729,11.213275555521058,179118,0,1
2023-03-13,12,12.2,11.8398,12.07,52209,11.065732456106307,11.250161330374745,10.918004927817288,11.13028256210026,52209,0,1
2023-03-14,12.13,12.16,12.0101,12.13,34904,11.185611224380793,11.213275555521058,11.075046114256864,11.185611224380793,34904,0,1
2023-03-15,11.84,11.84,11.58,11.74,53533,10.918189356691556,10.918189356691556,10.678431820142587,10.825974919557337,53533,0,1
2023-03-16,11.71,11.89,11.6,11.89,35075,10.798310588417072,10.964296575258667,10.69687470756943,10.964296575258667,35075,0,1
2023-03-17,11.84,11.84,11.64,11.72,52337,10.918189356691556,10.918189356691556,10.733760482423119,10.807532032130494,52337,0,1
2023-03-20,11.71,11.9,11.71,11.82,30998,10.798310588417072,10.973518018972088,10.798310588417072,10.899746469264713,30998,0,1
2023-03-21,12.05,12.18,12.0001,12.11,94063,11.111839674673417,11.231718442947901,11.065824670543442,11.167168336953948,94063,0,1
2023-03-22,12.2,12.3199,12.08,12.08,59939,11.250161330374745,11.360726440498675,11.139504005813682,11.139504005813682,59939,0,1
2023-03-23,12.25,12.37,12.0505,12.12,32112,11.296268548941855,11.406925873502917,11.112300746859088,11.17638978066737,32112,0,1
2023-03-24,12.04,12.09,11.92,12.09,29713,11.102618230959994,11.148725449527104,10.991960906398932,11.148725449527104,29713,0,1
2023-03-27,12.17,12.17,12.03,12.12,34007,11.22249699923448,11.22249699923448,11.093396787246572,11.17638978066737,34007,0,1
2023-03-28,12.22,12.35,12.21,12.24,26458,11.26860421780159,11.388482986076074,11.259382774088168,11.287047105228433,26458,0,1
2023-03-29,12.44,12.56,12.41,12.56,41804,11.471475979496871,11.582133304057935,11.443811648356606,11.582133304057935,41804,0,1
2023-03-30,12.67,12.7699,12.67,12.72,31162,11.683569184905576,11.775691407602661,11.683569184905576,11.729676403472686,31162,0,1
2023-03-31,12.79,12.93,12.76,12.87,47106,11.794226509466638,11.923326721454545,11.766562178326373,11.867998059174013,47106,0,1
2023-04-03,12.87,12.92,12.7264,12.8,38267,11.867998059174013,11.914105277741124,11.735578127449276,11.803447953180061,38267,0,1
2023-04-04,12.69,12.73,12.47,12.57,87136,11.702012072332419,11.738897847186108,11.499140310637138,11.591354747771357,87136,0,1
2023-04-05,12.56,12.56,12.32,12.4,23463,11.582133304057935,11.582133304057935,11.360818654935809,11.434590204643184,23463,0,1
2023-04-06,12.38,12.44,12.25,12.41,31704,11.41614731721634,11.471475979496871,11.296268548941855,11.443811648356606,31704,0,1
2023-04-10,12.44,12.55,12.3964,12.55,91390,11.471475979496871,11.572911860344513,11.431270484906353,11.572911860344513,91390,0,1
2023-04-11,12.7,12.78,12.7,12.75,30317,11.71123351604584,11.785005065753216,11.71123351604584,11.757340734612951,30317,0,1
2023-04-12,12.75,12.8,12.5,12.5,38174,11.757340734612951,11.803447953180061,11.526804641777403,11.526804641777403,38174,0,1
2023-04-13,12.64,12.78,12.6,12.75,44130,11.65590485376531,11.785005065753216,11.619019078911622,11.757340734612951,44130,0,1
2023-04-14,12.82,12.92,12.7,12.77,21881,11.821890840606905,11.914105277741124,11.71123351604584,11.775783622039794,21881,0,1
2023-04-17,12.89,12.99,12.87,12.93,48700,11.886440946600858,11.978655383735077,11.867998059174013,11.923326721454545,48700,0,1
2023-04-18,13.04,13.0905,12.952,13,37606,12.024762602302186,12.071330893054968,11.943613897624074,11.987876827448499,37606,0,1
2023-04-19,12.88,12.99,12.84,12.9,25586,11.877219502887437,11.978655383735077,11.840333728033748,11.89566239031428,25586,0,1
2023-04-20,12.65,12.74,12.5001,12.62,49061,11.665126297478732,11.74811929089953,11.526896856214538,11.637461966338465,49061,0,1
2023-04-21,12.38,12.49,12.22,12.33,67484,11.41614731721634,11.517583198063981,11.26860421780159,11.37004009864923,67484,0,1
2023-04-24,12.28,12.3,12.22,12.26,36163,11.32393288008212,11.342375767508965,11.26860421780159,11.305489992655277,36163,0,1
2023-04-25,12.05,12.05,11.83,11.86,136630,11.111839674673417,11.111839674673417,10.908967912978135,10.9366322441184,136630,0,1
2023-04-26,12,12.15,11.935,11.96,41159,11.065732456106307,11.204054111807636,11.005793071969066,11.02884668125262,41159,0,1
2023-04-27,12.07,12.28,12.05,12.28,85248,11.13028256210026,11.32393288008212,11.111839674673417,11.32393288008212,85248,0,1
2023-04-28,12.18,12.3,12.15,12.3,32083,11.231718442947901,11.342375767508965,11.204054111807636,11.342375767508965,32083,0,1
2023-05-01,12.3,12.31,12.13,12.15,26023,11.342375767508965,11.351597211222387,11.185611224380793,11.204054111807636,26023,0,1
2023-05-02,12.1,12.12,11.97,12.03,24628,11.157946893240526,11.17638978066737,11.038068124966042,11.093396787246572,24628,0,1
2023-05-03,12.05,12.17,11.99,12.03,788972,11.111839674673417,11.22249699923448,11.056511012392885,11.093396787246572,788972,0,1
2023-05-04,12.15,12.2,12.0501,12.09,49818,11.204054111807636,11.250161330374745,11.11193188911055,11.148725449527104,49818,0,1
2023-05-05,12.25,12.48,12.25,12.48,25501,11.296268548941855,11.50836175435056,11.296268548941855,11.50836175435056,25501,0,1
2023-05-08,12.46,12.55,12.46,12.5,26347,11.489918866923716,11.572911860344513,11.489918866923716,11.526804641777403,26347,0,1
2023-05-09,12.33,12.43,12.33,12.41,54443,11.37004009864923,11.46225453578345,11.37004009864923,11.443811648356606,54443,0,1
2023-05-10,12.55,12.5883,12.4282,12.5,33280,11.572911860344513,11.608229989766919,11.460594675915035,11.526804641777403,33280,0,1
2023-05-11,12.51,12.52,12.4,12.46,22097,11.536026085490825,11.545247529204246,11.434590204643184,11.489918866923716,22097,0,1
2023-05-12,12.42,12.49,12.25,12.3,30078,11.453033092070028,11.517583198063981,11.296268548941855,11.342375767508965,30078,0,1
2023-05-15,12.42,12.6,12.42,12.53,24914,11.453033092070028,11.619019078911622,11.453033092070028,11.554468972917668,24914,0,1
2023-05-16,12.43,12.454,12.35,12.35,29869,11.46225453578345,11.484386000695663,11.388482986076074,11.388482986076074,29869,0,1
2023-05-17,12.4,12.551,12.37,12.53,15683,11.434590204643184,11.573834004715856,11.406925873502917,11.554468972917668,15683,0,1
2023-05-18,12.48,12.48,12.35,12.46,18135,11.50836175435056,11.50836175435056,11.388482986076074,11.489918866923716,18135,0,1
2023-05-19,12.53,12.53,12.39,12.42,27646,11.554468972917668,11.554468972917668,11.425368760929763,11.453033092070028,27646,0,1
2023-05-22,12.44,12.6299,12.44,12.59,34388,11.471475979496871,11.646591195614754,11.471475979496871,11.6097976351982,34388,0,1
2023-05-23,12.52,12.57,12.37,12.42,29587,11.545247529204246,11.591354747771357,11.406925873502917,11.453033092070028,29587,0,1
2023-05-24,12.32,12.33,12.1297,12.19,52090,11.360818654935809,11.37004009864923,11.18533458106939,11.240939886661323,52090,0,1
2023-05-25,12.23,12.23,12,12.06,22768,11.277825661515012,11.277825661515012,11.065732456106307,11.121061118386839,22768,0,1
2023-05-26,12.13,12.2099,12.06,12.15,44620,11.185611224380793,11.259290559651033,11.121061118386839,11.204054111807636,44620,0,1
2023-05-30,12.25,12.3133,12.1,12.1716,40434,11.296268548941855,11.354640287647817,11.157946893240526,11.223972430228628,40434,0,1
2023-05-31,12.16,12.16,11.9,12.06,27546,11.213275555521058,11.213275555521058,10.973518018972088,11.121061118386839,27546,0,1
2023-06-01,12.03,12.24,12.02,12.2,28984,11.093396787246572,11.287047105228433,11.08417534353315,11.250161330374745,28984,0,1
2023-06-02,12.5,12.65,12.5,12.62,79154,11.526804641777403,11.665126297478732,11.526804641777403,11.637461966338465,79154,0,1
2023-06-05,12.57,12.63,12.45,12.52,24400,11.591354747771357,11.646683410051889,11.480697423210293,11.545247529204246,24400,0,1
2023-06-06,12.5,12.78,12.5,12.72,34183,11.526804641777403,11.785005065753216,11.526804641777403,11.729676403472686,34183,0,1
2023-06-07,12.73,12.79,12.61,12.65,30568,11.738897847186108,11.794226509466638,11.628240522625044,11.665126297478732,30568,0,1
2023-06-08,12.68,12.82,12.62,12.77,46851,11.692790628618997,11.821890840606905,11.637461966338465,11.775783622039794,46851,0,1
2023-06-09,12.9,12.9,12.72,12.8,39566,11.89566239031428,11.89566239031428,11.729676403472686,11.803447953180061,39566,0,1
2023-06-12,12.86,12.94,12.81,12.94,36242,11.858776615460592,11.932548165167967,11.812669396893483,11.932548165167967,36242,0,1
2023-06-13,13.02,13.23,13.02,13.2047,47873,12.006319714875342,12.199970032857204,12.006319714875342,12.176639780262247,47873,0,1
2023-06-14,13.3,13.38,13.2,13.24,31464,12.264520138851157,12.338291688558533,12.172305701716937,12.209191476570625,31464,0,1
2023-06-15,13.26,13.59,13.2402,13.54,77030,12.227634363997469,12.531942006540392,12.209375905444894,12.485834787973282,77030,0,1
2023-06-16,13.65,13.7,13.48,13.57,60552,12.587270668820924,12.633377887388033,12.430506125692752,12.513499119113549,60552,0,1
2023-06-20,13.23,13.35,13.1,13.22,47717,12.199970032857204,12.310627357418266,12.080091264582718,12.190748589143782,47717,0,1
2023-06-21,13.2,13.31,13.0772,13.16,64980,12.172305701716937,12.273741582564579,12.059066372916117,12.13541992686325,64980,0,1
2023-06-22,13.03,13.1,12.72,12.98,57916,12.015541158588764,12.080091264582718,11.729676403472686,11.969433940021656,57916,0,1
2023-06-23,12.76,12.85,12.51,12.62,62541,11.766562178326373,11.84955517174717,11.536026085490825,11.637461966338465,62541,0,1
2023-06-26,12.68,12.789,12.62,12.62,46174,11.692790628618997,11.793304365095297,11.637461966338465,11.637461966338465,46174,0,1
2023-06-27,12.76,12.85,12.62,12.85,24931,11.766562178326373,11.84955517174717,11.637461966338465,11.84955517174717,24931,0,1
2023-06-28,12.76,12.79,12.63,12.78,40583,11.766562178326373,11.794226509466638,11.646683410051889,11.785005065753216,40583,0,1
2023-06-29,12.72,12.82,12.72,12.8,24056,11.729676403472686,11.821890840606905,11.729676403472686,11.803447953180061,24056,0,1
2023-06-30,13.05,13.13,13,13.1,321218,12.03398404601561,12.107755595722985,11.987876827448499,12.080091264582718,321218,0,1
2023-07-03,13.3,13.49,13.3,13.405,34971,12.264520138851157,12.439727569406173,12.264520138851157,12.361345297842087,34971,0,1
2023-07-05,13.46,13.47,13.35,13.42,28020,12.412063238265908,12.42128468197933,12.310627357418266,12.37517746341222,28020,0,1
2023-07-06,13.17,13.1756,12.9848,13.14,34577,12.144641370576672,12.149805379056188,11.973860233004098,12.116977039436406,34577,0,1
2023-07-07,13.11,13.38,13.11,13.29,41594,12.08931270829614,12.338291688558533,12.08931270829614,12.255298695137734,41594,0,1
2023-07-10,13.35,13.42,13.2501,13.42,28368,12.310627357418266,12.37517746341222,12.218505134721182,12.37517746341222,28368,0,1
2023-07-11,13.47,13.55,13.45,13.54,44735,12.42128468197933,12.495056231686705,12.402841794552485,12.485834787973282,44735,0,1
2023-07-12,13.7,13.8,13.66,13.73,47692,12.633377887388033,12.725592324522253,12.596492112534346,12.6610422185283,47692,0,1
2023-07-13,13.85,13.99,13.81,13.99,48947,12.771699543089364,12.900799755077271,12.734813768235675,12.900799755077271,48947,0,1
2023-07-14,13.93,13.99,13.7301,13.77,37672,12.845471092796739,12.900799755077271,12.661134432965435,12.697927993381986,37672,0,1
2023-07-17,13.67,13.8,13.6517,13.8,31909,12.605713556247768,12.725592324522253,12.588838314252206,12.725592324522253,31909,0,1
2023-07-18,13.82,13.97,13.75,13.88,38574,12.744035211949097,12.882356867650426,12.679485105955143,12.799363874229629,38574,0,1
2023-07-19,13.9,13.99,13.81,13.85,22790,12.817806761656472,12.900799755077271,12.734813768235675,12.771699543089364,22790,0,1
2023-07-20,13.81,13.8402,13.6118,13.68,37439,12.734813768235675,12.762662528250209,12.552044753835654,12.61493499996119,37439,0,1
2023-07-21,13.67,13.67,13.44,13.54,191600,12.605713556247768,12.605713556247768,12.393620350839063,12.485834787973282,191600,0,1
2023-07-24,13.48,13.6599,13.411,13.62,56658,12.430506125692752,12.596399898097212,12.36687816407014,12.559606337680657,56658,0,1
2023-07-25,13.83,13.9706,13.8,13.8,22558,12.753256655662518,12.882910154273231,12.725592324522253,12.725592324522253,22558,0,1
2023-07-26,13.7,13.93,13.7,13.85,39769,12.633377887388033,12.845471092796739,12.633377887388033,12.771699543089364,39769,0,1
2023-07-27,13.78,13.85,13.47,13.54,30045,12.70714943709541,12.771699543089364,12.42128468197933,12.485834787973282,30045,0,1
2023-07-28,13.66,13.9,13.63,13.84,41704,12.596492112534346,12.817806761656472,12.56882778139408,12.76247809937594,41704,0,1
2023-07-31,13.88,14.05,13.87,14.01,30709,12.799363874229629,12.956128417357801,12.790142430516207,12.919242642504114,30709,0,1
2023-08-01,13.89,13.99,13.79,13.83,24573,12.80858531794305,12.900799755077271,12.716370880808832,12.753256655662518,24573,0,1
2023-08-02,13.58,13.58,13.38,13.42,28029,12.52272056282697,12.52272056282697,12.338291688558533,12.37517746341222,28029,0,1
2023-08-03,13.49,13.65,13.4801,13.62,59424,12.439727569406173,12.587270668820924,12.430598340129887,12.559606337680657,59424,0,1
2023-08-04,13.54,13.62,13.4,13.4,20273,12.485834787973282,12.559606337680657,12.356734575985376,12.356734575985376,20273,0,1
2023-08-07,13.38,13.4,13.181,13.28,38410,12.338291688558533,12.356734575985376,12.154784958661436,12.246077251424312,38410,0,1
2023-08-08,13,13.0639,12.9006,13.02,36453,11.987876827448499,12.046801852777266,11.896215676937086,12.006319714875342,36453,0,1
2023-08-09,13.1,13.1,12.91,12.92,29050,12.080091264582718,12.080091264582718,11.904883834027702,11.914105277741124,29050,0,1
2023-08-10,13.01,13.1212,12.85,12.9,28581,11.99709827116192,12.099640725255174,11.84955517174717,11.89566239031428,28581,0,1
2023-08-11,12.75,12.82,12.6001,12.69,21541,11.757340734612951,11.821890840606905,11.619111293348757,11.702012072332419,21541,0,1
2023-08-14,12.41,12.4817,12.31,12.44,65758,11.443811648356606,11.509929399781841,11.351597211222387,11.471475979496871,65758,0,1
2023-08-15,12.32,12.34,12.13,12.14,53704,11.360818654935809,11.379261542362652,11.185611224380793,11.194832668094215,53704,0,1
2023-08-16,12.09,12.09,11.93,11.95,43204,11.148725449527104,11.148725449527104,11.001182350112353,11.019625237539197,43204,0,1
2023-08-17,12.09,12.1,11.951,11.965,32388,11.148725449527104,11.157946893240526,11.020547381910541,11.033457403109331,32388,0,1
2023-08-18,11.77,11.86,11.71,11.8,30484,10.853639250697602,10.9366322441184,10.798310588417072,10.88130358183787,30484,0,1
2023-08-21,11.88,11.9512,11.83,11.9,26046,10.955075131545245,11.020731810784808,10.908967912978135,10.973518018972088,26046,0,1
2023-08-22,12,12.0455,11.81,11.88,20034,11.065732456106307,11.107690025002377,10.890525025551291,10.955075131545245,20034,0,1
2023-08-23,11.83,12,11.83,11.9551,28193,10.908967912978135,11.065732456106307,10.908967912978135,11.024328173833043,28193,0,1
2023-08-24,11.95,11.95,11.78,11.78,24625,11.019625237539197,11.019625237539197,10.862860694411024,10.862860694411024,24625,0,1
2023-08-25,11.86,11.94,11.75,11.94,24899,10.9366322441184,11.010403793825775,10.835196363270759,11.010403793825775,24899,0,1
2023-08-28,11.98,12,11.955,11.97,19517,11.047289568679464,11.065732456106307,11.02423595939591,11.038068124966042,19517,0,1
2023-08-29,11.99,12.376,11.99,12.36,59740,11.056511012392885,11.41245873973097,11.056511012392885,11.397704429789496,59740,0,1
2023-08-30,12.36,12.3899,12.26,12.31,25307,11.397704429789496,11.42527654649263,11.305489992655277,11.351597211222387,25307,0,1
2023-08-31,12.28,12.32,12.23,12.27,26375,11.32393288008212,11.360818654935809,11.277825661515012,11.314711436368698,26375,0,1
2023-09-01,12.36,12.4216,12.26,12.27,55890,11.397704429789496,11.454508523064176,11.305489992655277,11.314711436368698,55890,0,1
2023-09-05,12.32,12.37,12.26,12.31,37734,11.360818654935809,11.406925873502917,11.305489992655277,11.351597211222387,37734,0,1
2023-09-06,12.24,12.27,12.07,12.14,22416,11.287047105228433,11.314711436368698,11.13028256210026,11.194832668094215,22416,0,1
2023-09-07,11.91,11.91,11.7977,11.89,28976,10.98273946268551,10.98273946268551,10.879182649783782,10.964296575258667,28976,0,1
2023-09-08,11.85,11.8799,11.76,11.77,69080,10.927410800404978,10.95498291710811,10.84441780698418,10.853639250697602,69080,0,1
2023-09-11,11.96,12.0489,11.93,12.03,27560,11.02884668125262,11.11082531586494,11.001182350112353,11.093396787246572,27560,0,1
2023-09-12,11.92,12.0721,11.92,11.95,19540,10.991960906398932,11.13221906528008,10.991960906398932,11.019625237539197,19540,0,1
2023-09-13,11.94,11.94,11.88,11.89,13174,11.010403793825775,11.010403793825775,10.955075131545245,10.964296575258667,13174,0,1
2023-09-14,11.99,12.12,11.99,12.09,35916,11.056511012392885,11.17638978066737,11.056511012392885,11.148725449527104,35916,0,1
2023-09-15,12.09,12.1083,12.01,12.014,20379,11.148725449527104,11.165600691522666,11.074953899819729,11.078642477305097,20379,0,1
2023-09-18,12.02,12.07,11.9,11.95,36217,11.08417534353315,11.13028256210026,10.973518018972088,11.019625237539197,36217,0,1
2023-09-19,11.89,11.92,11.75,11.78,21115,10.964296575258667,10.991960906398932,10.835196363270759,10.862860694411024,21115,0,1
2023-09-20,11.83,11.9,11.68,11.74,55969,10.908967912978135,10.973518018972088,10.770646257276805,10.825974919557337,55969,0,1
2023-09-21,11.56,11.56,11.33,11.42,42313,10.659988932715743,10.659988932715743,10.447895727307039,10.530888720727836,42313,0,1
2023-09-22,11.55,11.5988,11.41,11.49,56806,10.650767489002321,10.69576813432382,10.521667277014414,10.59543882672179,56806,0,1
2023-09-25,11.29,11.3411,11.2101,11.3,19778,10.41100995245335,10.458131529828938,10.33733061718311,10.420231396166773,19778,0,1
2023-09-26,11.15,11.29,11.11,11.14,39941,10.281909740465444,10.41100995245335,10.245023965611756,10.272688296752023,39941,0,1
2023-09-27,11.19,11.2,11.0101,11.15,26536,10.318795515319131,10.328016959032553,10.15290174291467,10.281909740465444,26536,0,1
2023-09-28,11.11,11.35,11.11,11.35,15352,10.245023965611756,10.466338614733882,10.245023965611756,10.466338614733882,15352,0,1
2023-09-29,11.45,11.56,11.23,11.278,33254,10.5585530518681,10.659988932715743,10.35568129017282,10.399944219997245,33254,0,1
2023-10-02,11.25,11.35,11.02,11.14,34219,10.374124177599663,10.466338614733882,10.162030972190959,10.272688296752023,34219,0,1
2023-10-03,11.01,11.0238,10.82,10.9,46106,10.152809528477537,10.165535120802058,9.97760209792252,10.051373647629896,46106,0,1
2023-10-04,10.95,10.95,10.63,10.89,40317,10.097480866197005,10.097480866197005,9.802394667367505,10.042152203916475,40317,0,1
2023-10-05,10.84,10.97,10.71,10.82,38001,9.996044985349364,10.11592375362385,9.87616621707488,9.97760209792252,38001,0,1
2023-10-06,10.75,11,10.6489,10.95,31746,9.913051991928567,10.143588084764115,9.81982319598587,10.097480866197005,31746,0,1
2023-10-09,10.84,10.9342,10.75,10.92,36144,9.996044985349364,10.0829109851298,9.913051991928567,10.06981653505674,36144,0,1
2023-10-10,10.95,11.17,10.95,11.12,45487,10.097480866197005,10.300352627892288,10.097480866197005,10.254245409325177,45487,0,1
2023-10-11,11.22,11.35,11.09,11.19,24145,10.346459846459398,10.466338614733882,10.226581078184912,10.318795515319131,24145,0,1
2023-10-12,11.32,11.34,11.05,11.11,31649,10.438674283593617,10.45711717102046,10.189695303331225,10.245023965611756,31649,0,1
2023-10-13,11.07,11.07,10.91,10.92,25897,10.208138190758069,10.208138190758069,10.060595091343318,10.06981653505674,25897,0,1
2023-10-16,10.84,10.9893,10.84,10.95,25578,9.996044985349364,10.133721139990755,9.996044985349364,10.097480866197005,25578,0,1
2023-10-17,10.86,11.06,10.86,11.03,21772,10.014487872776208,10.198916747044647,10.014487872776208,10.17125241590438,21772,0,1
2023-10-18,10.93,10.9436,10.69,10.77,22031,10.079037978770161,10.091579142220416,9.857723329648035,9.93149487935541,22031,0,1
2023-10-19,10.6,10.6,10.36,10.4,34844,9.774730336227238,9.774730336227238,9.553415687105112,9.5903014619588,34844,0,1
2023-10-20,10.3,10.31,10.12,10.12,21990,9.498087024824581,9.507308468538003,9.332101037982985,9.332101037982985,21990,0,1
2023-10-23,10.03,10.1805,9.91,10.05,30275,9.249108044562188,9.38789077244919,9.138450720001126,9.267550931989033,30275,0,1
2023-10-24,10.19,10.41,10.1801,10.33,24551,9.39665114397694,9.599522905672222,9.38752191470065,9.525751355964847,24551,0,1
2023-10-25,10.23,10.23,10.08,10.11,58418,9.433536918830628,9.433536918830628,9.295215263129299,9.322879594269564,58418,0,1
2023-10-26,10.04,10.0876,9.952,9.98,52170,9.25832948827561,9.302223560351498,9.177180783597498,9.20300082599508,52170,0,1
2023-10-27,10.2,10.25,10.02,10.08,184113,9.40587258769036,9.451979806257471,9.239886600848767,9.295215263129299,184113,0,1
2023-10-30,10.18,10.18,9.99,10.05,39181,9.387429700263517,9.387429700263517,9.212222269708501,9.267550931989033,39181,0,1
2023-10-31,9.81,9.895,9.78,9.895,46778,9.046236282866907,9.124618554430992,9.01857195172664,9.124618554430992,46778,0,1
2023-11-01,9.79,9.9,9.76,9.84,26094,9.027793395440062,9.129229276287704,9.000129064299797,9.073900614007172,26094,0,1
2023-11-02,10.01,10.19,9.8,10.19,103657,9.230665157135345,9.39665114397694,9.037014839153485,9.39665114397694,103657,0,1
2023-11-03,10.33,10.5,10.33,10.41,24745,9.525751355964847,9.68251589909302,9.525751355964847,9.599522905672222,24745,0,1
2023-11-06,10.52,10.92,10.42,10.57,32327,9.700958786519863,10.06981653505674,9.608744349385644,9.747066005086973,32327,0,1
2023-11-07,10.38,10.47,10.29,10.34,44861,9.571858574531957,9.654851567952754,9.488865581111158,9.534972799678268,44861,0,1
2023-11-08,10.31,10.33,10.21,10.24,18755,9.507308468538003,9.525751355964847,9.415094031403784,9.44275836254405,18755,0,1
2023-11-09,10.28,10.28,9.92,9.96,50570,9.479644137397736,9.479644137397736,9.147672163714548,9.184557938568236,50570,0,1
2023-11-10,9.91,9.95,9.81,9.9,43099,9.138450720001126,9.175336494854813,9.046236282866907,9.129229276287704,43099,0,1
2023-11-13,9.88,10.05,9.81,10.05,48245,9.110786388860861,9.267550931989033,9.046236282866907,9.267550931989033,48245,0,1
2023-11-14,10.3,10.48,10.28,10.48,87002,9.498087024824581,9.664073011666176,9.479644137397736,9.664073011666176,87002,0,1
2023-11-15,10.5,10.71,10.485,10.52,77876,9.68251589909302,9.87616621707488,9.668683733522885,9.700958786519863,77876,0,1
2023-11-16,10.39,10.5,10.25,10.27,39572,9.581080018245379,9.68251589909302,9.451979806257471,9.470422693684315,39572,0,1
2023-11-17,10.31,10.4,10.26,10.4,43506,9.507308468538003,9.5903014619588,9.461201249970893,9.5903014619588,43506,0,1
2023-11-20,10.49,10.63,10.36,10.56,65548,9.673294455379597,9.802394667367505,9.553415687105112,9.737844561373551,65548,0,1
2023-11-21,10.46,10.5499,10.34,10.38,40478,9.645630124239332,9.728530903222994,9.534972799678268,9.571858574531957,40478,0,1
2023-11-22,10.35,10.43,10.2,10.27,86452,9.54419424339169,9.617965793099065,9.40587258769036,9.470422693684315,86452,0,1
2023-11-24,10.24,10.3821,10.21,10.32,15236,9.44275836254405,9.573795077711774,9.415094031403784,9.516529912251425,15236,0,1
2023-11-27,10.2,10.26,10.11,10.12,97767,9.40587258769036,9.461201249970893,9.322879594269564,9.332101037982985,97767,0,1
2023-11-28,10.14,10.29,10.1001,10.29,60193,9.35054392540983,9.488865581111158,9.313750364993275,9.488865581111158,60193,0,1
2023-11-29,10.32,10.38,10.21,10.23,34470,9.516529912251425,9.571858574531957,9.415094031403784,9.433536918830628,34470,0,1
2023-11-30,10.26,10.26,10.17,10.2,44218,9.461201249970893,9.461201249970893,9.378208256550096,9.40587258769036,44218,0,1
2023-12-01,10.2,10.35,10.15,10.35,57003,9.40587258769036,9.54419424339169,9.359765369123252,9.54419424339169,57003,0,1
2023-12-04,10.21,10.3,10.14,10.19,73381,9.415094031403784,9.498087024824581,9.35054392540983,9.39665114397694,73381,0,1
2023-12-05,10.1,10.13,10.01,10.057,61821,9.313658150556142,9.341322481696409,9.230665157135345,9.274005942588428,61821,0,1
2023-12-06,10.2,10.34,10.13,10.2,139494,9.40587258769036,9.534972799678268,9.341322481696409,9.40587258769036,139494,0,1
2023-12-07,10.23,10.28,10.17,10.21,58397,9.433536918830628,9.479644137397736,9.378208256550096,9.415094031403784,58397,0,1
2023-12-08,10.2,10.35,10.19,10.27,25941,9.40587258769036,9.54419424339169,9.39665114397694,9.470422693684315,25941,0,1
2023-12-11,10.17,10.2,10.1205,10.155,155304,9.378208256550096,9.40587258769036,9.332562110168658,9.364376090979961,155304,0,1
2023-12-12,10.08,10.09,9.9631,10.02,82157,9.295215263129299,9.30443670684272,9.187416586119397,9.239886600848767,82157,0,1
2023-12-13,9.94,10.2,9.85,10.2,113693,9.166115051141391,9.40587258769036,9.083122057720594,9.40587258769036,113693,0,1
2023-12-14,10.35,10.6591,10.35,10.56,94971,9.54419424339169,9.829229068573563,9.54419424339169,9.737844561373551,94971,0,1
2023-12-15,10.67,10.69,10.54,10.58,77724,9.839280442221192,9.857723329648035,9.719401673946706,9.756287448800395,77724,0,1
2023-12-18,10.58,10.6995,10.48,10.52,64173,9.756287448800395,9.866483701175786,9.664073011666176,9.700958786519863,64173,0,1
2023-12-19,10.57,10.74,10.57,10.69,59932,9.747066005086973,9.903830548215145,9.747066005086973,9.857723329648035,59932,0,1
2023-12-20,10.61,10.7499,10.43,10.43,51075,9.78395177994066,9.912959777491434,9.617965793099065,9.617965793099065,51075,0,1
2023-12-21,10.69,10.69,10.57,10.69,54205,9.857723329648035,9.857723329648035,9.747066005086973,9.857723329648035,54205,0,1
2023-12-22,10.61,10.74,10.61,10.68,96780,9.78395177994066,9.903830548215145,9.78395177994066,9.848501885934613,96780,0,1
2023-12-26,10.75,10.83,10.71,10.8,63835,9.913051991928567,9.986823541635943,9.87616621707488,9.959159210495677,63835,0,1
2023-12-27,10.51,10.573,10.48,10.5229,72492,10.005137738697607,10.065111447312066,9.976578829833581,10.017418069509139,72492,0.34027759,1
2023-12-28,10.63,10.7139,10.59,10.63,67401,10.119373374153717,10.199243122610115,10.081294829001681,10.119373374153717,67401,0,1
2023-12-29,10.63,10.63,10.51,10.5412,151367,10.119373374153717,10.119373374153717,10.005137738697607,10.034839003916195,151367,0,1
2024-01-02,10.39,10.5,10.3,10.33,104475,9.890902103241498,9.9956181024096,9.805225376649416,9.833784285513444,104475,0,1
2024-01-03,10.24,10.24,10.035,10.15,75472,9.748107558921362,9.748107558921362,9.552955015017174,9.662430832329278,75472,0,1
2024-01-04,10.18,10.18,10.08,10.14,35122,9.690989741193306,9.690989741193306,9.595793378313214,9.65291119604127,35122,0,1
2024-01-05,10.12,10.2146,10.0558,10.06,54620,9.63387192346525,9.72392768274982,9.572755858496231,9.576754105737196,54620,0,1
2024-01-08,9.97,10.14,9.93,10.14,58813,9.491077379145114,9.65291119604127,9.452998833993076,9.65291119604127,58813,0,1
2024-01-09,9.94,9.99,9.86,9.88,44563,9.462518470281086,9.510116651721132,9.386361379977012,9.405400652553032,44563,0,1
2024-01-10,9.83,9.8694,9.76,9.76,44640,9.357802471112986,9.395309838087742,9.291165017096922,9.291165017096922,44640,0,1
2024-01-11,9.81,9.84,9.68,9.74,57746,9.338763198536968,9.367322107400994,9.215007926792849,9.272125744520904,57746,0,1
2024-01-12,9.76,9.84,9.65,9.65,62431,9.291165017096922,9.367322107400994,9.186449017928823,9.186449017928823,62431,0,1
2024-01-16,9.5,9.5,9.34,9.37,169556,9.043654473608685,9.043654473608685,8.891340293000537,8.919899201864565,169556,0,1
2024-01-17,9.16,9.3,9.07,9.14,43927,8.719986839816373,8.853261747848503,8.634310113224291,8.700947567240355,43927,0,1
2024-01-18,9.2,9.25,9.08,9.14,300884,8.75806538496841,8.805663566408455,8.643829749512301,8.700947567240355,300884,0,1
2024-01-19,9.1,9.12,8.96,9.08,395888,8.662869022088318,8.681908294664336,8.529594114056192,8.643829749512301,395888,0,1
2024-01-22,9.01,9.05,8.93,9,80111,8.577192295496236,8.615270840648273,8.501035205192164,8.567672659208228,80111,0,1
2024-01-23,9.06,9.16,9.03,9.1,108167,8.624790476936283,8.719986839816373,8.596231568072254,8.662869022088318,108167,0,1
2024-01-24,9.28,9.33,9.12,9.13,35407,8.834222475272483,8.881820656712529,8.681908294664336,8.691427930952347,35407,0,1
2024-01-25,9.06,9.0829,8.92,8.98,54403,8.624790476936283,8.646590444035823,8.491515568904154,8.54863338663221,54403,0,1
2024-01-26,9,9.079,8.96,9.02,72361,8.567672659208228,8.6428777858835,8.529594114056192,8.586711931784246,72361,0,1
2024-01-29,8.95,9.06,8.8587,9.06,73154,8.520074477768182,8.624790476936283,8.433160198458658,8.624790476936283,73154,0,1
2024-01-30,8.96,8.984,8.87,8.9,55252,8.529594114056192,8.552441241147413,8.443917387464108,8.472476296328136,55252,0,1
2024-01-31,8.91,9.0399,8.85,8.85,37732,8.481995932616146,8.605656007997384,8.42487811488809,8.42487811488809,37732,0,1
2024-02-01,8.89,8.948,8.82,8.91,60673,8.462956660040128,8.51817055051058,8.396319206024064,8.481995932616146,60673,0,1
2024-02-02,8.8,8.83,8.71,8.76,37748,8.377279933448046,8.405838842312072,8.291603206855964,8.339201388296008,37748,0,1
2024-02-05,8.7,8.71,8.56,8.59,38345,8.282083570567952,8.291603206855964,8.148808662535826,8.177367571399852,38345,0,1
2024-02-06,8.65,8.79,8.65,8.78,48341,8.234485389127908,8.367760297160034,8.234485389127908,8.358240660872026,48341,0,1
2024-02-07,8.83,8.88,8.74,8.82,55267,8.405838842312072,8.453437023752118,8.32016211571999,8.396319206024064,55267,0,1
2024-02-08,8.84,8.89,8.78,8.87,50459,8.415358478600082,8.462956660040128,8.358240660872026,8.443917387464108,50459,0,1
2024-02-09,8.86,8.92,8.81,8.92,61049,8.434397751176098,8.491515568904154,8.386799569736054,8.491515568904154,61049,0,1
2024-02-12,8.93,9.1099,8.91,9.02,45260,8.501035205192164,8.672293462013448,8.481995932616146,8.586711931784246,45260,0,1
2024-02-13,8.86,8.8987,8.71,8.79,39251,8.434397751176098,8.471238743610694,8.291603206855964,8.367760297160034,39251,0,1
2024-02-14,8.86,8.89,8.81,8.89,48379,8.434397751176098,8.462956660040128,8.386799569736054,8.462956660040128,48379,0,1
2024-02-15,8.89,9.04,8.89,9.01,52392,8.462956660040128,8.605751204360264,8.462956660040128,8.577192295496236,52392,0,1
2024-02-16,9.11,9.19,9.11,9.19,55533,8.672388658376327,8.748545748680401,8.672388658376327,8.748545748680401,55533,0,1
2024-02-20,9.09,9.11,8.9,8.98,75195,8.65334938580031,8.672388658376327,8.472476296328136,8.54863338663221,75195,0,1
2024-02-21,8.96,9.0599,8.92,8.94,70551,8.529594114056192,8.624695280573404,8.491515568904154,8.510554841480172,70551,0,1
2024-02-22,8.97,8.985,8.86,8.92,91350,8.5391137503442,8.553393204776214,8.434397751176098,8.491515568904154,91350,0,1
2024-02-23,8.9,8.93,8.84,8.86,31065,8.472476296328136,8.501035205192164,8.415358478600082,8.434397751176098,31065,0,1
2024-02-26,8.89,8.98,8.89,8.97,49719,8.462956660040128,8.54863338663221,8.462956660040128,8.5391137503442,49719,0,1
2024-02-27,9.11,9.1499,9.06,9.12,44982,8.672388658376327,8.710372007165486,8.624790476936283,8.681908294664336,44982,0,1
2024-02-28,9.03,9.0999,8.99,9.05,72987,8.596231568072254,8.662773825725438,8.558153022920218,8.615270840648273,72987,0,1
2024-02-29,9.2,9.3,9.15,9.29,38745,8.75806538496841,8.853261747848503,8.710467203528365,8.843742111560491,38745,0,1
2024-03-01,9.3,9.43,9.2401,9.3959,43950,8.853261747848503,8.97701701959262,8.796239126483327,8.944555059850508,43950,0,1
2024-03-04,9.31,9.31,9.05,9.19,61243,8.862781384136511,8.862781384136511,8.615270840648273,8.748545748680401,61243,0,1
2024-03-05,9.05,9.08,8.97,8.97,41091,8.615270840648273,8.643829749512301,8.5391137503442,8.5391137503442,41091,0,1
2024-03-06,9.09,9.205,9.06,9.12,35711,8.65334938580031,8.762825203112415,8.624790476936283,8.681908294664336,35711,0,1
2024-03-07,9.18,9.29,9.17,9.22,69037,8.739026112392391,8.843742111560491,8.729506476104383,8.77710465754443,69037,0,1
2024-03-08,9.24,9.34,9.1405,9.15,31670,8.796143930120447,8.891340293000537,8.701423549054756,8.710467203528365,31670,0,1
2024-03-11,9.21,9.34,9.21,9.31,59079,8.76758502125642,8.891340293000537,8.76758502125642,8.862781384136511,59079,0,1
2024-03-12,9.44,9.5,9.39,9.44,36958,8.986536655880629,9.043654473608685,8.938938474440585,8.986536655880629,36958,0,1
2024-03-13,9.44,9.59,9.44,9.46,39597,8.986536655880629,9.129331200200767,8.986536655880629,9.005575928456649,39597,0,1
2024-03-14,9.44,9.505,9.25,9.3,26339,8.986536655880629,9.048414291752689,8.805663566408455,8.853261747848503,26339,0,1
2024-03-15,9.28,9.35,9.25,9.31,25527,8.834222475272483,8.900859929288547,8.805663566408455,8.862781384136511,25527,0,1
2024-03-18,9.49,9.49,9.36,9.4,33279,9.034134837320675,9.034134837320675,8.910379565576555,8.948458110728593,33279,0,1
2024-03-19,9.3,9.37,9.23,9.3,31165,8.853261747848503,8.919899201864565,8.786624293832437,8.853261747848503,31165,0,1
2024-03-20,9.31,9.55,9.3,9.49,43099,8.862781384136511,9.09125265504873,8.853261747848503,9.034134837320675,43099,0,1
2024-03-21,9.47,9.54,9.45,9.45,29612,9.015095564744657,9.08173301876072,8.996056292168637,8.996056292168637,29612,0,1
2024-03-22,9.35,9.39,9.32,9.32,44777,8.900859929288547,8.938938474440585,8.872301020424521,8.872301020424521,44777,0,1
2024-03-25,9.33,9.43,9.33,9.37,23202,8.881820656712529,8.97701701959262,8.881820656712529,8.919899201864565,23202,0,1
2024-03-26,9.35,9.43,9.28,9.28,30838,8.900859929288547,8.97701701959262,8.834222475272483,8.834222475272483,30838,0,1
2024-03-27,9.38,9.41,9.2783,9.41,63922,8.929418838152575,8.957977747016603,8.832604137103521,8.957977747016603,63922,0,1
2024-03-28,9.37,9.46,9.36,9.45,18995,8.919899201864565,9.005575928456649,8.910379565576555,8.996056292168637,18995,0,1
2024-04-01,9.42,9.47,9.38,9.43,38204,8.967497383304611,9.015095564744657,8.929418838152575,8.97701701959262,38204,0,1
2024-04-02,9.35,9.4007,9.33,9.38,57331,8.900859929288547,8.949124485268754,8.881820656712529,8.929418838152575,57331,0,1
2024-04-03,9.3,9.44,9.3,9.42,36110,8.853261747848503,8.986536655880629,8.853261747848503,8.967497383304611,36110,0,1
2024-04-04,9.5,9.5998,9.36,9.36,92489,9.043654473608685,9.138660443763015,8.910379565576555,8.910379565576555,92489,0,1
2024-04-05,9.35,9.4,9.29,9.31,31666,8.900859929288547,8.948458110728593,8.843742111560491,8.862781384136511,31666,0,1
2024-04-08,9.48,9.5,9.4226,9.49,32855,9.024615201032667,9.043654473608685,8.969972488739494,9.034134837320675,32855,0,1
2024-04-09,9.52,9.615,9.52,9.61,35011,9.062693746184703,9.15313029092079,9.062693746184703,9.148370472776785,35011,0,1
2024-04-10,9.39,9.47,9.36,9.41,24161,8.938938474440585,9.015095564744657,8.910379565576555,8.957977747016603,24161,0,1
2024-04-11,9.45,9.4999,9.3501,9.44,28408,8.996056292168637,9.043559277245805,8.900955125651427,8.986536655880629,28408,0,1
2024-04-12,9.35,9.355,9.19,9.25,29343,8.900859929288547,8.905619747432553,8.748545748680401,8.805663566408455,29343,0,1
2024-04-15,9.36,9.36,9.12,9.19,14210,8.910379565576555,8.910379565576555,8.681908294664336,8.748545748680401,14210,0,1
2024-04-16,9,9.054,8.95,8.99,34003,8.567672659208228,8.619078695163477,8.520074477768182,8.558153022920218,34003,0,1
2024-04-17,8.98,9.09,8.98,8.98,24160,8.54863338663221,8.65334938580031,8.54863338663221,8.54863338663221,24160,0,1
2024-04-18,8.99,9.1,8.94,8.97,67904,8.558153022920218,8.662869022088318,8.510554841480172,8.5391137503442,67904,0,1
2024-04-19,8.88,8.9485,8.85,8.8623,27086,8.453437023752118,8.51864653232498,8.42487811488809,8.436587267522341,27086,0,1
2024-04-22,8.81,8.905,8.8,8.86,27804,8.386799569736054,8.47723611447214,8.377279933448046,8.434397751176098,27804,0,1
2024-04-23,8.76,8.9198,8.76,8.85,44539,8.339201388296008,8.491325176178394,8.339201388296008,8.42487811488809,44539,0,1
2024-04-24,8.92,8.9645,8.85,8.9,25493,8.491515568904154,8.533877950385794,8.42487811488809,8.472476296328136,25493,0,1
2024-04-25,8.81,8.9299,8.79,8.92,21707,8.386799569736054,8.500940008829284,8.367760297160034,8.491515568904154,21707,0,1
2024-04-26,8.98,9.1,8.98,9.05,38870,8.54863338663221,8.662869022088318,8.54863338663221,8.615270840648273,38870,0,1
2024-04-29,9.22,9.4,9.22,9.4,33377,8.77710465754443,8.948458110728593,8.77710465754443,8.948458110728593,33377,0,1
2024-04-30,9.25,9.37,9.17,9.2,19515,8.805663566408455,8.919899201864565,8.729506476104383,8.75806538496841,19515,0,1
2024-05-01,9.16,9.3,9.14,9.17,26344,8.719986839816373,8.853261747848503,8.700947567240355,8.729506476104383,26344,0,1
2024-05-02,9.33,9.46,9.25,9.45,39378,8.881820656712529,9.005575928456649,8.805663566408455,8.996056292168637,39378,0,1
2024-05-03,9.47,9.5419,9.44,9.49,31893,9.015095564744657,9.083541749655442,8.986536655880629,9.034134837320675,31893,0,1
2024-05-06,9.56,9.65,9.54,9.6104,29195,9.100772291336739,9.186449017928823,9.08173301876072,9.148751258228305,29195,0,1
2024-05-07,9.54,9.6093,9.51,9.53,29212,9.08173301876072,9.147704098236623,9.053174109896693,9.072213382472711,29212,0,1
2024-05-08,9.4,9.45,9.36,9.41,39058,8.948458110728593,8.996056292168637,8.910379565576555,8.957977747016603,39058,0,1
2024-05-09,9.37,9.5,9.35,9.46,40656,8.919899201864565,9.043654473608685,8.900859929288547,9.005575928456649,40656,0,1
2024-05-10,9.5,9.5,9.31,9.34,19237,9.043654473608685,9.043654473608685,8.862781384136511,8.891340293000537,19237,0,1
2024-05-13,9.43,9.45,9.35,9.42,37191,8.97701701959262,8.996056292168637,8.900859929288547,8.967497383304611,37191,0,1
2024-05-14,9.5,9.68,9.5,9.63,45634,9.043654473608685,9.215007926792849,9.043654473608685,9.167409745352805,45634,0,1
2024-05-15,9.67,9.74,9.54,9.58,27109,9.20548829050484,9.272125744520904,9.08173301876072,9.119811563912757,27109,0,1
2024-05-16,9.57,9.63,9.54,9.56,60709,9.110291927624749,9.167409745352805,9.08173301876072,9.100772291336739,60709,0,1
2024-05-17,9.57,9.75,9.57,9.72,47947,9.110291927624749,9.281645380808913,9.110291927624749,9.253086471944886,47947,0,1
2024-05-20,9.71,9.72,9.65,9.69,35649,9.243566835656877,9.253086471944886,9.186449017928823,9.224527563080857,35649,0,1
2024-05-21,9.65,9.6556,9.6,9.62,22634,9.186449017928823,9.191780014250106,9.138850836488775,9.157890109064793,22634,0,1
2024-05-22,9.57,9.6425,9.52,9.52,22974,9.110291927624749,9.179309290712816,9.062693746184703,9.062693746184703,22974,0,1
2024-05-23,9.52,9.5206,9.3004,9.33,29852,9.062693746184703,9.063264924361983,8.853642533300022,8.881820656712529,29852,0,1
2024-05-24,9.33,9.49,9.33,9.48,19550,8.881820656712529,9.034134837320675,8.881820656712529,9.024615201032667,19550,0,1
2024-05-28,9.48,9.58,9.48,9.49,29834,9.024615201032667,9.119811563912757,9.024615201032667,9.034134837320675,29834,0,1
2024-05-29,9.42,9.42,9.34,9.34,23320,8.967497383304611,8.967497383304611,8.891340293000537,8.891340293000537,23320,0,1
2024-05-30,9.35,9.47,9.35,9.47,27565,8.900859929288547,9.015095564744657,8.900859929288547,9.015095564744657,27565,0,1
2024-05-31,9.43,9.54,9.27,9.37,23197,8.97701701959262,9.08173301876072,8.824702838984473,8.919899201864565,23197,0,1
2024-06-03,9.5,9.5,9.39,9.45,10433,9.043654473608685,9.043654473608685,8.938938474440585,8.996056292168637,10433,0,1
2024-06-04,9.34,9.3517,9.27,9.33,24313,8.891340293000537,8.902478267457509,8.824702838984473,8.881820656712529,24313,0,1
2024-06-05,9.3,9.38,9.281,9.36,37161,8.853261747848503,8.929418838152575,8.835174438901285,8.910379565576555,37161,0,1
2024-06-06,9.31,9.39,9.28,9.35,47031,8.862781384136511,8.938938474440585,8.834222475272483,8.900859929288547,47031,0,1
2024-06-07,9.24,9.32,9.1601,9.17,19095,8.796143930120447,8.872301020424521,8.720082036179253,8.729506476104383,19095,0,1
2024-06-10,9.17,9.28,9.17,9.25,24761,8.729506476104383,8.834222475272483,8.729506476104383,8.805663566408455,24761,0,1
2024-06-11,9.18,9.24,9.09,9.19,33517,8.739026112392391,8.796143930120447,8.65334938580031,8.748545748680401,33517,0,1
2024-06-12,9.26,9.41,9.23,9.23,44673,8.815183202696465,8.957977747016603,8.786624293832437,8.786624293832437,44673,0,1
2024-06-13,9.21,9.2595,9.08,9.1098,44683,8.76758502125642,8.814707220882063,8.643829749512301,8.672198265650568,44683,0,1
2024-06-14,9.01,9.0254,8.91,8.95,36257,8.577192295496236,8.59185253537977,8.481995932616146,8.520074477768182,36257,0,1
2024-06-17,8.87,8.977,8.85,8.92,28423,8.443917387464108,8.545777495745806,8.42487811488809,8.491515568904154,28423,0,1
2024-06-18,8.93,9.005,8.93,8.98,80994,8.501035205192164,8.572432477352233,8.501035205192164,8.54863338663221,80994,0,1
2024-06-20,8.88,9.05,8.84,8.89,63883,8.453437023752118,8.615270840648273,8.415358478600082,8.462956660040128,63883,0,1
2024-06-21,8.79,8.819,8.75,8.77,43591,8.367760297160034,8.395367242395263,8.329681752007998,8.348721024584016,43591,0,1
2024-06-24,8.82,8.8499,8.78,8.84,51001,8.396319206024064,8.42478291852521,8.358240660872026,8.415358478600082,51001,0,1
2024-06-25,8.83,8.83,8.7403,8.79,38982,8.405838842312072,8.405838842312072,8.320447704808629,8.367760297160034,38982,0,1
2024-06-26,8.8,8.9399,8.8,8.9003,32314,8.377279933448046,8.510459645117292,8.377279933448046,8.472761885416777,32314,0,1
2024-06-27,8.85,8.88,8.8,8.88,30633,8.42487811488809,8.453437023752118,8.377279933448046,8.453437023752118,30633,0,1
2024-06-28,8.84,8.87,8.7119,8.79,28671,8.415358478600082,8.443917387464108,8.293411937750683,8.367760297160034,28671,0,1
2024-07-01,8.82,8.9,8.82,8.84,19726,8.396319206024064,8.472476296328136,8.396319206024064,8.415358478600082,19726,0,1
2024-07-02,8.8,8.87,8.8,8.85,29368,8.377279933448046,8.443917387464108,8.377279933448046,8.42487811488809,29368,0,1
2024-07-03,8.92,9.233,8.92,9.17,34765,8.491515568904154,8.78948018471884,8.491515568904154,8.729506476104383,34765,0,1
2024-07-05,9.18,9.28,9.111,9.23,64959,8.739026112392391,8.834222475272483,8.67334062200513,8.786624293832437,64959,0,1
2024-07-08,9.21,9.265,9.17,9.19,35496,8.76758502125642,8.81994302084047,8.729506476104383,8.748545748680401,35496,0,1
2024-07-09,9.2,9.2395,9.16,9.19,23145,8.75806538496841,8.795667948306045,8.719986839816373,8.748545748680401,23145,0,1
2024-07-10,9.21,9.33,9.2,9.29,32912,8.76758502125642,8.881820656712529,8.75806538496841,8.843742111560491,32912,0,1
2024-07-11,9.39,9.5,9.33,9.37,22897,8.938938474440585,9.043654473608685,8.881820656712529,8.919899201864565,22897,0,1
2024-07-12,9.43,9.62,9.43,9.61,49931,8.97701701959262,9.157890109064793,8.97701701959262,9.148370472776785,49931,0,1
2024-07-15,9.47,9.48,9.3801,9.44,32662,9.015095564744657,9.024615201032667,8.929514034515455,8.986536655880629,32662,0,1
2024-07-16,9.4,9.54,9.3504,9.51,37191,8.948458110728593,9.08173301876072,8.901240714740068,9.053174109896693,37191,0,1
2024-07-17,9.38,9.48,9.27,9.3094,36371,8.929418838152575,9.024615201032667,8.824702838984473,8.86221020595923,36371,0,1
2024-07-18,9.35,9.39,9.14,9.19,38610,8.900859929288547,8.938938474440585,8.700947567240355,8.748545748680401,38610,0,1
2024-07-19,9.15,9.15,9.08,9.13,25023,8.710467203528365,8.710467203528365,8.643829749512301,8.691427930952347,25023,0,1
2024-07-22,9.06,9.0601,9.01,9.04,18057,8.624790476936283,8.624885673299163,8.577192295496236,8.605751204360264,18057,0,1
2024-07-23,9,9,8.91,8.96,33650,8.567672659208228,8.567672659208228,8.481995932616146,8.529594114056192,33650,0,1
2024-07-24,8.88,8.88,8.67,8.7,25634,8.453437023752118,8.453437023752118,8.253524661703926,8.282083570567952,25634,0,1
2024-07-25,8.7,8.82,8.6102,8.69,39505,8.282083570567952,8.396319206024064,8.196597236701631,8.272563934279944,39505,0,1
2024-07-26,8.77,8.8022,8.7204,8.8,16037,8.348721024584016,8.379374253431406,8.30150362859549,8.377279933448046,16037,0,1
2024-07-29,8.8,8.8,8.65,8.72,46428,8.377279933448046,8.377279933448046,8.234485389127908,8.301122843143972,46428,0,1
2024-07-30,8.68,8.7073,8.61,8.6567,21205,8.263044297991934,8.2890329050582,8.19640684397587,8.240863545440874,21205,0,1
2024-07-31,8.78,8.938,8.78,8.8301,23315,8.358240660872026,8.50865091422257,8.358240660872026,8.405934038674951,23315,0,1
2024-08-01,8.79,8.83,8.49,8.5131,64285,8.367760297160034,8.405838842312072,8.082171208519762,8.104161568345061,64285,0,1
2024-08-02,8.36,8.36,8.2729,8.36,27824,7.9584159367756415,7.9584159367756415,7.875499904707082,7.9584159367756415,27824,0,1
2024-08-05,7.74,8.06,7.72,8,160341,7.368198486919075,7.672826848135369,7.349159214343057,7.615709030407313,160341,0,1
2024-08-06,8,8.08,7.93,8.03,56385,7.615709030407313,7.691866120711387,7.549071576391249,7.64426793927134,56385,0,1
2024-08-07,8.03,8.1,7.865,7.89,41398,7.64426793927134,7.710905393287404,7.48719394051919,7.510993031239212,41398,0,1
2024-08-08,7.88,8.07,7.88,8.06,39991,7.501473394951203,7.682346484423378,7.501473394951203,7.672826848135369,39991,0,1
2024-08-09,8.05,8.0999,8,8.07,22133,7.66330721184736,7.710810196924524,7.615709030407313,7.682346484423378,22133,0,1
2024-08-12,8.03,8.07,7.99,7.99,40483,7.64426793927134,7.682346484423378,7.606189394119304,7.606189394119304,40483,0,1
2024-08-13,8.05,8.2,8.05,8.19,15934,7.66330721184736,7.806101756167496,7.66330721184736,7.796582119879487,15934,0,1
2024-08-14,8.14,8.14,8.05,8.09,56379,7.748983938439442,7.748983938439442,7.66330721184736,7.701385756999395,56379,0,1
2024-08-15,8.14,8.3,8.14,8.2827,16605,7.748983938439442,7.901298119047588,7.748983938439442,7.884829148269332,16605,0,1
2024-08-16,8.23,8.4,8.23,8.33,24611,7.834660665031524,7.996494481927679,7.834660665031524,7.9298570279116145,24611,0,1
2024-08-19,8.35,8.45,8.31,8.43,11691,7.9488963004876325,8.044092663367724,7.910817755335597,8.025053390791706,11691,0,1
2024-08-20,8.45,8.45,8.3,8.36,18576,8.044092663367724,8.044092663367724,7.901298119047588,7.9584159367756415,18576,0,1
2024-08-21,8.39,8.5699,8.39,8.55,29466,7.98697484563967,8.158233102460954,7.98697484563967,8.139289026247816,29466,0,1
2024-08-22,8.51,8.545,8.395,8.4051,21129,8.101210481095778,8.134529208103812,7.9917346637836735,8.001349496434562,21129,0,1
2024-08-23,8.44,8.6276,8.44,8.605,24384,8.034573027079714,8.213161403842767,8.034573027079714,8.191647025831866,24384,0,1
2024-08-26,8.59,8.69,8.55,8.61,49546,8.177367571399852,8.272563934279944,8.139289026247816,8.19640684397587,49546,0,1
2024-08-27,8.58,8.629,8.53,8.58,412911,8.167847935111844,8.214494152923088,8.120249753671796,8.167847935111844,412911,0,1
2024-08-28,8.51,8.51,8.303,8.3441,51450,8.101210481095778,8.101210481095778,7.904154009933991,7.943279715077707,51450,0,1
2024-08-29,8.44,8.5501,8.44,8.501,31098,8.034573027079714,8.139384222610696,8.034573027079714,8.09264280843657,31098,0,1
2024-08-30,8.54,8.56,8.47,8.51,23896,8.129769389959806,8.148808662535826,8.063131935943744,8.101210481095778,23896,0,1
2024-09-03,8.41,8.44,8.22,8.22,30321,8.006014118215688,8.034573027079714,7.825141028743515,7.825141028743515,30321,0,1
2024-09-04,8.18,8.3,8.18,8.232,15041,7.787062483591478,7.901298119047588,7.787062483591478,7.8365645922891245,15041,0,1
2024-09-05,8.31,8.33,8.25,8.31,40464,7.910817755335597,7.9298570279116145,7.853699937607542,7.910817755335597,40464,0,1
2024-09-06,8.17,8.25,7.95,7.95,25823,7.777542847303469,7.853699937607542,7.568110848967268,7.568110848967268,25823,0,1
2024-09-09,8.08,8.1,8.012,8.07,45475,7.691866120711387,7.710905393287404,7.627132593952925,7.682346484423378,45475,0,1
2024-09-10,8.01,8.01,7.91,8,37998,7.625228666695322,7.625228666695322,7.530032303815231,7.615709030407313,37998,0,1
2024-09-11,8.21,8.38,8.15,8.38,42391,7.815621392455506,7.977455209351661,7.758503574727451,7.977455209351661,42391,0,1
2024-09-12,8.37,8.43,8.31,8.4,47164,7.9679355730636505,8.025053390791706,7.910817755335597,7.996494481927679,47164,0,1
2024-09-13,8.39,8.45,8.39,8.4355,19608,7.98697484563967,8.044092663367724,7.98697484563967,8.03028919075011,19608,0,1
2024-09-16,8.46,8.5138,8.39,8.4752,18443,8.053612299655734,8.104827942885223,7.98697484563967,8.068082146813508,18443,0,1
2024-09-17,8.51,8.6,8.47,8.499,28096,8.101210481095778,8.186887207687862,8.063131935943744,8.09073888117897,28096,0,1
2024-09-18,8.48,8.6,8.41,8.42,45194,8.072651572231752,8.186887207687862,8.006014118215688,8.015533754503696,45194,0,1
2024-09-19,8.63,8.68,8.5801,8.6364,14868,8.21544611655189,8.263044297991934,8.167943131474724,8.221538683776215,14868,0,1
2024-09-20,8.64,8.64,8.462,8.5094,15178,8.224965752839898,8.224965752839898,8.055516226913335,8.100639302918498,15178,0,1
2024-09-23,8.56,8.6487,8.56,8.6,16909,8.148808662535826,8.233247836410467,8.148808662535826,8.186887207687862,16909,0,1
2024-09-24,8.88,9.06,8.88,9.06,42138,8.453437023752118,8.624790476936283,8.453437023752118,8.624790476936283,42138,0,1
2024-09-25,9.05,9.05,8.94,8.95,74394,8.615270840648273,8.615270840648273,8.510554841480172,8.520074477768182,74394,0,1
2024-09-26,9.24,9.39,9.24,9.37,44231,8.796143930120447,8.938938474440585,8.796143930120447,8.919899201864565,44231,0,1
2024-09-27,9.48,9.66,9.48,9.6,45004,9.024615201032667,9.19596865421683,9.024615201032667,9.138850836488775,45004,0,1
2024-09-30,9.73,9.83,9.58,9.65,81979,9.262606108232895,9.357802471112986,9.119811563912757,9.186449017928823,81979,0,1
2024-10-01,9.67,9.73,9.53,9.7,122866,9.20548829050484,9.262606108232895,9.072213382472711,9.234047199368867,122866,0,1
2024-10-02,9.8,9.88,9.74,9.88,32620,9.329243562248958,9.405400652553032,9.272125744520904,9.405400652553032,32620,0,1
2024-10-03,9.69,9.7596,9.64,9.7083,63717,9.224527563080857,9.290784231645402,9.176929381640813,9.241948497487915,63717,0,1
2024-10-04,9.79,9.87,9.7869,9.8683,28288,9.319723925960949,9.395881016265022,9.316772838711666,9.39426267809606,28288,0,1
2024-10-07,10,10.197,10,10.14,68905,9.519636288009142,9.70717312288292,9.519636288009142,9.65291119604127,68905,0,1
2024-10-08,10.03,10.03,9.8,9.8254,69569,9.548195196873168,9.548195196873168,9.329243562248958,9.353423438420503,69569,0,1
2024-10-09,9.66,9.76,9.6,9.75,37187,9.19596865421683,9.291165017096922,9.138850836488775,9.281645380808913,37187,0,1
2024-10-10,9.76,9.76,9.6001,9.61,22961,9.291165017096922,9.291165017096922,9.138946032851655,9.148370472776785,22961,0,1
2024-10-11,9.5,9.65,9.46,9.6182,12753,9.043654473608685,9.186449017928823,9.005575928456649,9.156176574532953,12753,0,1
2024-10-14,9.48,9.55,9.47,9.49,27363,9.024615201032667,9.09125265504873,9.015095564744657,9.034134837320675,27363,0,1
2024-10-15,9.4,9.4,9.2,9.2,23272,8.948458110728593,8.948458110728593,8.75806538496841,8.75806538496841,23272,0,1
2024-10-16,9.32,9.34,9.27,9.34,23491,8.872301020424521,8.891340293000537,8.824702838984473,8.891340293000537,23491,0,1
2024-10-17,9.26,9.26,9.11,9.13,69801,8.815183202696465,8.815183202696465,8.672388658376327,8.691427930952347,69801,0,1
2024-10-18,9.29,9.3324,9.28,9.31,27713,8.843742111560491,8.88410536942165,8.834222475272483,8.862781384136511,27713,0,1
2024-10-21,9.23,9.3,9.1701,9.22,24708,8.786624293832437,8.853261747848503,8.729601672467263,8.77710465754443,24708,0,1
2024-10-22,9.2,9.28,9.17,9.24,16630,8.75806538496841,8.834222475272483,8.729506476104383,8.796143930120447,16630,0,1
2024-10-23,9.19,9.2326,9.102499,9.12,27620,8.748545748680401,8.78909939926732,8.665247979196693,8.681908294664336,27620,0,1
2024-10-24,9.2,9.34,9.2,9.34,30305,8.75806538496841,8.891340293000537,8.75806538496841,8.891340293000537,30305,0,1
2024-10-25,9.38,9.5,9.38,9.43,32156,8.929418838152575,9.043654473608685,8.929418838152575,8.97701701959262,32156,0,1
2024-10-28,9.1,9.6895,9.1,9.64,40718,8.662869022088318,9.224051581266458,8.662869022088318,9.176929381640813,40718,0,1
2024-10-29,9.61,9.61,9.49,9.5,41407,9.148370472776785,9.148370472776785,9.034134837320675,9.043654473608685,41407,0,1
2024-10-30,9.4,9.48,9.38,9.38,19186,8.948458110728593,9.024615201032667,8.929418838152575,8.929418838152575,19186,0,1
2024-10-31,9.31,9.3499,9.1545,9.2,18119,8.862781384136511,8.900764732925667,8.714751039857969,8.75806538496841,18119,0,1
2024-11-01,9.26,9.362,9.24,9.31,21585,8.815183202696465,8.912283492834158,8.796143930120447,8.862781384136511,21585,0,1
2024-11-04,9.31,9.4281,9.3,9.3,27071,8.862781384136511,8.9752082886979,8.853261747848503,8.853261747848503,27071,0,1
2024-11-05,9.41,9.5051,9.41,9.48,40654,8.957977747016603,9.04850948811557,8.957977747016603,9.024615201032667,40654,0,1
2024-11-06,9.2,9.2487,9.11,9.2249,77477,8.75806538496841,8.804426013691014,8.672388658376327,8.781769279325554,77477,0,1
2024-11-07,9.38,9.5501,9.38,9.5235,36449,8.929418838152575,9.09134785141161,8.929418838152575,9.066025618885506,36449,0,1
2024-11-08,9.31,9.3624,9.22,9.34,42606,8.862781384136511,8.912664278285678,8.77710465754443,8.891340293000537,42606,0,1
2024-11-11,9.47,9.55,9.4516,9.531,46435,9.015095564744657,9.09125265504873,8.99757943397472,9.073165346101513,46435,0,1
2024-11-12,9.5,9.5,9.27,9.35,27145,9.043654473608685,9.043654473608685,8.824702838984473,8.900859929288547,27145,0,1
2024-11-13,9.42,9.4949,9.33,9.36,26829,8.967497383304611,9.0387994591018,8.881820656712529,8.910379565576555,26829,0,1
2024-11-14,9.25,9.3,9.11,9.11,22615,8.805663566408455,8.853261747848503,8.672388658376327,8.672388658376327,22615,0,1
2024-11-15,9,9.0742,8.995,9.03,54283,8.567672659208228,8.638308360465254,8.562912841064222,8.596231568072254,54283,0,1
2024-11-18,9.1,9.245,9.1,9.19,24291,8.662869022088318,8.800903748264451,8.662869022088318,8.748545748680401,24291,0,1
2024-11-19,9.14,9.3,9.14,9.28,51750,8.700947567240355,8.853261747848503,8.700947567240355,8.834222475272483,51750,0,1
2024-11-20,9.21,9.2499,9.17,9.23,28667,8.76758502125642,8.805568370045576,8.729506476104383,8.786624293832437,28667,0,1
2024-11-21,9.22,9.325,9.22,9.27,33609,8.77710465754443,8.877060838568523,8.77710465754443,8.824702838984473,33609,0,1
2024-11-22,9.23,9.35,9.2231,9.35,57436,8.786624293832437,8.900859929288547,8.780055744793712,8.900859929288547,57436,0,1
2024-11-25,9.43,9.485,9.39,9.47,38831,8.97701701959262,9.02937501917667,8.938938474440585,9.015095564744657,38831,0,1
2024-11-26,9.35,9.35,9.22,9.26,42550,8.900859929288547,8.900859929288547,8.77710465754443,8.815183202696465,42550,0,1
2024-11-27,9.25,9.395,9.236,9.28,22774,8.805663566408455,8.943698292584587,8.792336075605244,8.834222475272483,22774,0,1
2024-11-29,9.28,9.44,9.28,9.44,16671,8.834222475272483,8.986536655880629,8.834222475272483,8.986536655880629,16671,0,1
2024-12-02,9.41,9.47,9.4,9.43,28768,8.957977747016603,9.015095564744657,8.948458110728593,8.97701701959262,28768,0,1
2024-12-03,9.36,9.3876,9.2583,9.3602,23722,8.910379565576555,8.936653761731462,8.813564864527503,8.910569958302318,23722,0,1
2024-12-04,9.36,9.3795,9.3,9.31,60347,8.910379565576555,8.928942856338175,8.853261747848503,8.862781384136511,60347,0,1
2024-12-05,9.28,9.3699,9.28,9.31,63636,8.834222475272483,8.919804005501685,8.834222475272483,8.862781384136511,63636,0,1
2024-12-06,9.39,9.4259,9.34,9.38,25780,8.938938474440585,8.973113968714538,8.891340293000537,8.929418838152575,25780,0,1
2024-12-09,9.57,9.8469,9.57,9.73,83244,9.110291927624749,9.373890656439722,9.110291927624749,9.262606108232895,83244,0,1
2024-12-10,9.6,9.6,9.43,9.4785,28015,9.138850836488775,9.138850836488775,8.97701701959262,9.023187255589464,28015,0,1
2024-12-11,9.51,9.51,9.36,9.42,38956,9.053174109896693,9.053174109896693,8.910379565576555,8.967497383304611,38956,0,1
2024-12-12,9.42,9.4899,9.4,9.4,20808,8.967497383304611,9.034039640957795,8.948458110728593,8.948458110728593,20808,0,1
2024-12-13,9.37,9.37,9.261,9.35,38740,8.919899201864565,8.919899201864565,8.816135166325266,8.900859929288547,38740,0,1
2024-12-16,9.26,9.37,9.25,9.32,56571,8.815183202696465,8.919899201864565,8.805663566408455,8.872301020424521,56571,0,1
2024-12-17,9.24,9.37,9.24,9.37,57458,8.796143930120447,8.919899201864565,8.796143930120447,8.919899201864565,57458,0,1
2024-12-18,9.34,9.4,8.95,9.02,53760,8.891340293000537,8.948458110728593,8.520074477768182,8.586711931784246,53760,0,1
2024-12-19,9.14,9.15,8.97,8.99,51719,8.700947567240355,8.710467203528365,8.5391137503442,8.558153022920218,51719,0,1
2024-12-20,8.91,9.24,8.91,9.11,89327,8.481995932616146,8.796143930120447,8.481995932616146,8.672388658376327,89327,0,1
2024-12-23,9.11,9.26,9.11,9.26,53551,8.672388658376327,8.815183202696465,8.672388658376327,8.815183202696465,53551,0,1
2024-12-24,9.21,9.2869,9.2002,9.28,18665,8.76758502125642,8.840791024311208,8.75825577769417,8.834222475272483,18665,0,1
2024-12-26,9.21,9.3899,9.21,9.3666,41525,8.76758502125642,8.938843278077705,8.76758502125642,8.916662525526643,41525,0,1
2024-12-27,9.3,9.3517,9.22,9.27,16581,8.853261747848503,8.902478267457509,8.77710465754443,8.824702838984473,16581,0,1
2024-12-30,8.86,8.9897,8.8,8.86,109675,8.699838948476797,8.827194378681925,8.640923560563863,8.699838948476797,109675,0.27883544,1
2024-12-31,8.87,8.95,8.741,8.8,110416,8.70965817979562,8.7882120303462,8.582990095782808,8.640923560563863,110416,0,1
2025-01-02,8.74,8.9,8.74,8.79,87770,8.582008172650927,8.73911587375209,8.582008172650927,8.631104329245039,87770,0,1
2025-01-03,8.85,9.06,8.85,9.04,70308,8.690019717157975,8.89622357485325,8.690019717157975,8.876585112215603,70308,0,1
2025-01-06,9.24,9.2867,9.15,9.2,70967,9.072969738592056,9.118825548850957,8.984596656722653,9.033692813316765,70967,0,1
2025-01-07,9.24,9.3254,9.08,9.09,38756,9.072969738592056,9.1568259740548,8.915862037490895,8.925681268809717,38756,0,1
2025-01-08,9,9.08,8.86,8.94,54930,8.837308186940314,8.915862037490895,8.699838948476797,8.778392799027378,54930,0,1
2025-01-10,8.6,8.8714,8.6,8.75,104081,8.444538934187412,8.711032872180255,8.444538934187412,8.59182740396975,104081,0,1
2025-01-13,8.69,8.75,8.64,8.75,27834,8.532912016056814,8.59182740396975,8.483815859462702,8.59182740396975,27834,0,1
2025-01-14,8.92,8.98,8.81,8.84,12388,8.758754336389734,8.81766972430267,8.650742791882685,8.680200485839153,12388,0,1
2025-01-15,9,9.09,8.971,9.09,41678,8.837308186940314,8.925681268809717,8.80883241611573,8.925681268809717,41678,0,1
2025-01-16,9.09,9.09,9.035,9.06,20050,8.925681268809717,8.925681268809717,8.871675496556193,8.89622357485325,20050,0,1
2025-01-17,9.1,9.2395,9.1,9.11,44287,8.935500500128539,9.072478777026115,8.935500500128539,8.945319731447361,44287,0,1
2025-01-21,9.24,9.24,9.08,9.21,25993,9.072969738592056,9.072969738592056,8.915862037490895,9.04351204463559,25993,0,1
2025-01-22,9.23,9.23,9.07,9.07,36325,9.063150507273233,9.063150507273233,8.906042806172072,8.906042806172072,36325,0,1
2025-01-23,9.01,9.09,8.98,9.09,50147,8.847127418259136,8.925681268809717,8.81766972430267,8.925681268809717,50147,0,1
2025-01-24,9.12,9.2293,9.12,9.14,31668,8.955138962766183,9.062463161080915,8.955138962766183,8.97477742540383,31668,0,1
2025-01-27,8.93,9.0332,8.9,8.93,29838,8.768573567708556,8.869908034918806,8.73911587375209,8.768573567708556,29838,0,1
2025-01-28,8.88,8.88,8.73,8.83,33838,8.719477411114443,8.719477411114443,8.572188941332104,8.670381254520331,33838,0,1
2025-01-29,8.86,8.91,8.761,8.79,46704,8.699838948476797,8.748935105070911,8.602628558420454,8.631104329245039,46704,0,1
2025-01-30,8.91,9.015419,8.91,8.975,35368,8.748935105070911,8.852448459710805,8.748935105070911,8.812760108643257,35368,0,1
2025-01-31,8.94,9.0399,8.81,8.81,16887,8.778392799027378,8.876486919902415,8.650742791882685,8.650742791882685,16887,0,1
2025-02-03,8.53,8.7245,8.5,8.63,46342,8.375804314955653,8.566788364106753,8.346346620999185,8.47399662814388,46342,0,1
2025-02-04,8.7,8.85,8.7,8.81,33243,8.542731247375636,8.690019717157975,8.542731247375636,8.650742791882685,33243,0,1
2025-02-05,8.81,8.8647,8.76,8.82,24474,8.650742791882685,8.704453987196644,8.601646635288573,8.660562023201507,24474,0,1
2025-02-06,8.86,8.95,8.8456,8.88,19805,8.699838948476797,8.7882120303462,8.685699255377692,8.719477411114443,19805,0,1
2025-02-07,8.99,9.0799,8.8907,8.93,21240,8.827488955621492,8.915763845177706,8.729983988625584,8.768573567708556,21240,0,1
2025-02-10,8.97,9.0074,8.9375,8.98,21122,8.807850492983846,8.844574418116244,8.775937991197672,8.81766972430267,21122,0,1
2025-02-11,8.75,8.8,8.7,8.7,41381,8.59182740396975,8.640923560563863,8.542731247375636,8.542731247375636,41381,0,1
2025-02-12,8.66,8.8791,8.66,8.8,22157,8.503454322100346,8.718593680295749,8.503454322100346,8.640923560563863,22157,0,1
2025-02-13,8.83,9.01,8.83,9,28443,8.670381254520331,8.847127418259136,8.670381254520331,8.837308186940314,28443,0,1
2025-02-14,9.09,9.1206,9.02,9.08,18383,8.925681268809717,8.955728116645314,8.856946649577958,8.915862037490895,18383,0,1
2025-02-18,9.03,9.0884,9.01,9.03,21127,8.86676588089678,8.924110191798706,8.847127418259136,8.86676588089678,21127,0,1
2025-02-19,9.02,9.0344,8.99,8.99,17542,8.856946649577958,8.871086342677064,8.827488955621492,8.827488955621492,17542,0,1
2025-02-20,9.1,9.125,9.05,9.1083,30098,8.935500500128539,8.960048578425596,8.886404343534428,8.943650462123163,30098,0,1
2025-02-21,9.15,9.1659,8.96,8.97,19964,8.984596656722653,9.00020923451958,8.798031261665024,8.807850492983846,19964,0,1
2025-02-24,8.95,8.95,8.83,8.87,31998,8.7882120303462,8.7882120303462,8.670381254520331,8.70965817979562,31998,0,1
2025-02-25,8.87,8.8999,8.74,8.82,32023,8.70965817979562,8.7390176814389,8.582008172650927,8.660562023201507,32023,0,1
2025-02-26,8.88,8.9835,8.83,8.85,19100,8.719477411114443,8.821106455264257,8.670381254520331,8.690019717157975,19100,0,1
2025-02-27,8.88,8.885,8.75,8.75,14873,8.719477411114443,8.724387026773854,8.59182740396975,8.59182740396975,14873,0,1
2025-02-28,8.54,8.5885,8.5,8.57,23939,8.385623546274475,8.433246818170765,8.346346620999185,8.415081240230943,23939,0,1
2025-03-03,8.68,8.74,8.39,8.41,46579,8.523092784737992,8.582008172650927,8.238335076492138,8.257973539129782,46579,0,1
2025-03-04,8.25,8.42,8.1803,8.33,21175,8.100865838028621,8.267792770448605,8.032425795736428,8.179419688579202,21175,0,1
2025-03-05,8.47,8.65,8.47,8.65,26838,8.316888927042719,8.493635090781524,8.316888927042719,8.493635090781524,26838,0,1
2025-03-06,8.66,8.7365,8.61,8.62,29428,8.503454322100346,8.578571441689338,8.454358165506234,8.464177396825056,29428,0,1
2025-03-07,8.62,8.71,8.59,8.69,16045,8.464177396825056,8.55255047869446,8.434719702868588,8.532912016056814,16045,0,1
2025-03-10,8.52,8.56,8.34,8.39,21490,8.36598508363683,8.405262008912121,8.189238919898024,8.238335076492138,21490,0,1
2025-03-11,8.45,8.55,8.41,8.55,52067,8.29725046440507,8.3954427775933,8.257973539129782,8.3954427775933,52067,0,1
2025-03-12,8.6,8.6261,8.52,8.6,16014,8.444538934187412,8.470167127929537,8.36598508363683,8.444538934187412,16014,0,1
2025-03-13,8.57,8.6459,8.5305,8.64,14757,8.415081240230943,8.489609205940805,8.376295276521594,8.483815859462702,14757,0,1
2025-03-14,8.73,8.8,8.7293,8.8,21946,8.572188941332104,8.640923560563863,8.571501595139788,8.640923560563863,21946,0,1
2025-03-17,8.82,8.95,8.82,8.93,11349,8.660562023201507,8.7882120303462,8.660562023201507,8.768573567708556,11349,0,1
2025-03-18,8.95,8.95,8.85,8.95,25850,8.7882120303462,8.7882120303462,8.690019717157975,8.7882120303462,25850,0,1
2025-03-19,8.96,9.02,8.932,9.02,11563,8.798031261665024,8.856946649577958,8.77053741397232,8.856946649577958,11563,0,1
2025-03-20,8.95,8.975,8.9,8.96,9173,8.7882120303462,8.812760108643257,8.73911587375209,8.798031261665024,9173,0,1
2025-03-21,8.73,8.76,8.67,8.76,24606,8.572188941332104,8.601646635288573,8.513273553419168,8.601646635288573,24606,0,1
2025-03-24,8.87,8.925,8.84,8.86,14434,8.70965817979562,8.763663952049145,8.680200485839153,8.699838948476797,14434,0,1
2025-03-25,8.87,8.94,8.87,8.93,12382,8.70965817979562,8.778392799027378,8.70965817979562,8.768573567708556,12382,0,1
2025-03-26,8.93,8.93,8.75,8.79,13277,8.768573567708556,8.768573567708556,8.59182740396975,8.631104329245039,13277,0,1
2025-03-27,8.74,8.7995,8.67,8.73,18547,8.582008172650927,8.640432598997922,8.513273553419168,8.572188941332104,18547,0,1
2025-03-28,8.65,8.6649,8.5,8.54,10662,8.493635090781524,8.508265745446568,8.346346620999185,8.385623546274475,10662,0,1
2025-03-31,8.35,8.38,8.27,8.35,21497,8.199058151216846,8.228515845173316,8.120504300666266,8.199058151216846,21497,0,1
2025-04-01,8.32,8.4232,8.32,8.4021,5503,8.16960045726038,8.270934924470627,8.16960045726038,8.250216346387914,5503,0,1
2025-04-02,8.28,8.39,8.28,8.36,19516,8.130323531985088,8.238335076492138,8.130323531985088,8.208877382535668,19516,0,1
2025-04-03,8.07,8.11,7.97,7.97,29073,7.924119674289815,7.963396599565105,7.825927361101589,7.825927361101589,29073,0,1
2025-04-04,7.62,7.66,7.202,7.35,26078,7.482254264942799,7.52153119021809,7.071810395816016,7.217135019334589,26078,0,1
2025-04-07,6.95,7.36,6.9,7.0929,53258,6.824365766581687,7.226954250653413,6.775269609987574,6.9646825821276614,53258,0,1
2025-04-08,7.35,7.35,6.7812,6.89,20807,7.217135019334589,7.217135019334589,6.658617141919962,6.765450378668751,20807,0,1
2025-04-09,6.94,7.66,6.88,7.51,22497,6.814546535262864,7.52153119021809,6.755631147349929,7.374242720435751,22497,0,1
2025-04-10,7.41,7.53,7.22,7.3738,23996,7.276050407247525,7.393881183073396,7.089485012189896,7.240504789873388,23996,0,1
2025-04-11,7.47,7.6982,7.47,7.6848,7543,7.3349657951604605,7.559040653855991,7.3349657951604605,7.545882883888769,7543,0,1
2025-04-14,7.78,7.9389,7.78,7.86,11858,7.6393619660439605,7.795389551700051,7.6393619660439605,7.717915816594541,11858,0,1
2025-04-15,7.9,7.9135,7.77,7.84,39904,7.757192741869831,7.770448704150241,7.629542734725137,7.698277353956896,39904,0,1
2025-04-16,7.73,7.8385,7.62,7.66,13901,7.590265809449848,7.696804469259072,7.482254264942799,7.52153119021809,13901,0,1
2025-04-17,7.76,7.795,7.735,7.75,10094,7.619723503406314,7.654090813022194,7.595175425109259,7.609904272087492,10094,0,1
2025-04-21,7.76,7.8344,7.5992,7.6688,14368,7.619723503406314,7.692778584418354,7.461830263799648,7.5301721137786535,14368,0,1
2025-04-22,7.82,7.9436,7.8101,7.86,17759,7.678638891319251,7.800004590419897,7.668917852313617,7.717915816594541,17759,0,1
2025-04-23,8.08,8.24,8.03,8.07,34809,7.933938905608637,8.0910466067098,7.884842749014524,7.924119674289815,34809,0,1
2025-04-24,8.11,8.2899,8.09,8.25,18705,7.963396599565105,8.140044570990723,7.9437581369274595,8.100865838028621,18705,0,1
2025-04-25,8.21,8.29,8.21,8.29,12159,8.061588912753331,8.14014276330391,8.061588912753331,8.14014276330391,12159,0,1
2025-04-28,8.24,8.29,8.17,8.23,32110,8.0910466067098,8.14014276330391,8.02231198747804,8.081227375390977,32110,0,1
2025-04-29,8.24,8.29,8.22,8.29,9692,8.0910466067098,8.14014276330391,8.071408144072153,8.14014276330391,9692,0,1
2025-04-30,8.08,8.195,8.033747,8.16,10232,7.933938905608637,8.046860065775098,7.888522014989687,8.012492756159219,10232,0,1
2025-05-01,8.2,8.3499,8.18,8.2015,15228,8.051769681434507,8.198959958903659,8.032131218796863,8.053242566132331,15228,0,1
2025-05-02,8.39,8.4899,8.2996,8.37,20048,8.238335076492138,8.336429197367176,8.14956922536998,8.21869661385449,20048,0,1
2025-05-05,8.39,8.44,8.35,8.35,21689,8.238335076492138,8.287431233086249,8.199058151216846,8.199058151216846,21689,0,1
2025-05-06,8.32,8.47,8.32,8.47,10956,8.16960045726038,8.316888927042719,8.16960045726038,8.316888927042719,10956,0,1
2025-05-07,8.39,8.4,8.273,8.33,7116,8.238335076492138,8.24815430781096,8.123450070061912,8.179419688579202,7116,0,1
2025-05-08,8.37,8.41,8.33,8.36,22350,8.21869661385449,8.257973539129782,8.179419688579202,8.208877382535668,22350,0,1
2025-05-09,8.43,8.465,8.4,8.46,12365,8.277612001767427,8.311979311383306,8.24815430781096,8.307069695723897,12365,0,1
2025-05-12,8.8,8.861,8.68,8.72,40421,8.640923560563863,8.70082087160868,8.523092784737992,8.562369710013282,40421,0,1
2025-05-13,8.71,8.84,8.71,8.83,18534,8.55255047869446,8.680200485839153,8.55255047869446,8.670381254520331,18534,0,1
2025-05-14,8.88,8.94,8.81,8.8229,13231,8.719477411114443,8.778392799027378,8.650742791882685,8.663409600283966,13231,0,1
2025-05-15,8.81,8.81,8.69,8.7845,8235,8.650742791882685,8.650742791882685,8.532912016056814,8.625703752019687,8235,0,1
2025-05-16,8.74,8.765,8.64,8.7251,13684,8.582008172650927,8.606556250947984,8.483815859462702,8.56737751798588,13684,0,1
2025-05-19,8.64,8.73,8.64,8.7152,16528,8.483815859462702,8.572188941332104,8.483815859462702,8.557656478980247,16528,0,1
2025-05-20,8.68,8.8099,8.65,8.7301,20469,8.523092784737992,8.650644599569498,8.493635090781524,8.572287133645293,20469,0,1
2025-05-21,8.76,8.873,8.74,8.77,21420,8.601646635288573,8.712603949191266,8.582008172650927,8.611465866607395,21420,0,1
2025-05-22,8.69,8.735,8.62,8.68,80910,8.532912016056814,8.577098556991515,8.464177396825056,8.523092784737992,80910,0,1
2025-05-23,8.63,8.8499,8.63,8.775,17291,8.47399662814388,8.689921524844786,8.47399662814388,8.616375482266806,17291,0,1
2025-05-27,8.79,8.8,8.74,8.79,16659,8.631104329245039,8.640923560563863,8.582008172650927,8.631104329245039,16659,0,1
2025-05-28,8.79,8.79,8.71,8.76,9853,8.631104329245039,8.631104329245039,8.55255047869446,8.601646635288573,9853,0,1
2025-05-29,8.82,8.87,8.72,8.77,15213,8.660562023201507,8.70965817979562,8.562369710013282,8.611465866607395,15213,0,1
2025-05-30,8.68,8.695,8.55,8.607,21772,8.523092784737992,8.537821631716225,8.3954427775933,8.451412396110586,21772,0,1
2025-06-02,8.6,8.6284,8.56,8.625,20824,8.444538934187412,8.472425551132867,8.405262008912121,8.469087012484467,20824,0,1
2025-06-03,8.64,8.73,8.64,8.71,16407,8.483815859462702,8.572188941332104,8.483815859462702,8.55255047869446,16407,0,1
2025-06-04,8.81,8.8714,8.8005,8.8714,11881,8.650742791882685,8.711032872180255,8.641414522129804,8.711032872180255,11881,0,1
2025-06-05,8.96,9.0001,8.84,8.88,147998,8.798031261665024,8.837406379253501,8.680200485839153,8.719477411114443,147998,0,1
2025-06-06,8.93,9.03,8.89,8.9654,103012,8.768573567708556,8.86676588089678,8.729296642433265,8.803333646577189,103012,0,1
2025-06-09,9,9.06,8.9548,9.04,27348,8.837308186940314,8.89622357485325,8.792925261379237,8.876585112215603,27348,0,1
2025-06-10,9.04,9.1,9.02,9.07,23435,8.876585112215603,8.935500500128539,8.856946649577958,8.906042806172072,23435,0,1
2025-06-11,9.14,9.21,9.11,9.1796,21915,8.97477742540383,9.04351204463559,8.945319731447361,9.013661581426367,21915,0,1
2025-06-12,9.02,9.115,9.02,9.0637,15157,8.856946649577958,8.950229347106774,8.856946649577958,8.899856690441215,15157,0,1
2025-06-13,8.88,9.0399,8.85,8.93,19341,8.719477411114443,8.876486919902415,8.690019717157975,8.768573567708556,19341,0,1
2025-06-16,9.03,9.12,8.96,9.0506,161025,8.86676588089678,8.955138962766183,8.798031261665024,8.886993497413556,161025,0,1
2025-06-17,9,9.03,8.86,8.905,15333,8.837308186940314,8.86676588089678,8.699838948476797,8.744025489411499,15333,0,1
2025-06-18,8.89,9.04,8.89,8.93,45462,8.729296642433265,8.876585112215603,8.729296642433265,8.768573567708556,45462,0,1
2025-06-20,8.91,8.9616,8.75,8.75,20375,8.748935105070911,8.799602338676037,8.59182740396975,8.59182740396975,20375,0,1
2025-06-23,8.71,8.89,8.71,8.88,27105,8.55255047869446,8.729296642433265,8.55255047869446,8.719477411114443,27105,0,1
2025-06-24,9,9.1099,9,9.09,19344,8.837308186940314,8.945221539134174,8.837308186940314,8.925681268809717,19344,0,1
2025-06-25,9.1,9.1,9.025,9.09,10791,8.935500500128539,8.935500500128539,8.861856265237371,8.925681268809717,10791,0,1
2025-06-26,9.16,9.3738,9.16,9.3569,27421,8.994415888041475,9.2043510536379,8.994415888041475,9.187756552709091,27421,0,1
2025-06-27,9.44,9.48,9.2757,9.36,20462,9.269354364968507,9.308631290243797,9.108024394400253,9.190800514417926,20462,0,1
2025-06-30,9.28,9.37,9.27,9.34,13836,9.112246663867346,9.200619745736748,9.102427432548524,9.17116205178028,13836,0,1
2025-07-01,9.34,9.37,9.27,9.31,14315,9.17116205178028,9.200619745736748,9.102427432548524,9.141704357823814,14315,0,1
2025-07-02,9.42,9.5351,9.42,9.51,109644,9.249715902330863,9.36273525481051,9.249715902330863,9.338088984200265,109644,0,1
2025-07-03,9.6,9.6818,9.6,9.6315,12385,9.426462066069668,9.506783378257637,9.426462066069668,9.45739264472396,12385,0,1
2025-07-07,9.55,9.55,9.37,9.44,28657,9.377365909475555,9.377365909475555,9.200619745736748,9.269354364968507,28657,0,1
2025-07-08,9.53,9.645,9.5,9.55,32029,9.35772744683791,9.47064860700437,9.328269752881443,9.377365909475555,32029,0,1
2025-07-09,9.58,9.6659,9.5181,9.5447,17276,9.406823603432024,9.49117080046071,9.346042561568511,9.37216171687658,17276,0,1
2025-07-10,9.62,9.75,9.59,9.75,33041,9.446100528707312,9.573750535852007,9.416642834750846,9.573750535852007,33041,0,1
2025-07-11,9.73,9.7995,9.6,9.78,19550,9.554112073214363,9.622355730880178,9.426462066069668,9.603208229808473,19550,0,1
2025-07-14,9.73,9.82,9.73,9.82,15479,9.554112073214363,9.642485155083765,9.554112073214363,9.642485155083765,15479,0,1
2025-07-15,9.87,9.8961,9.8,9.83,30030,9.691581311677878,9.717209505420005,9.622846692446121,9.652304386402587,30030,0,1
2025-07-16,9.83,9.85,9.73,9.85,12547,9.652304386402587,9.671942849040231,9.554112073214363,9.671942849040231,12547,0,1
2025-07-17,9.84,10.09,9.84,10.07,68444,9.66212361772141,9.907604400691975,9.66212361772141,9.887965938054329,68444,0,1
2025-07-18,10.13,10.24,10.1,10.22,16830,9.946881325967265,10.054892870474314,9.917423632010797,10.035254407836668,16830,0,1
2025-07-21,10.39,10.4,10.26,10.3,32331,10.202181340256653,10.212000571575475,10.074531333111958,10.113808258387248,32331,0,1
2025-07-22,10.36,10.56,10.26,10.56,36140,10.172723646300183,10.369108272676636,10.074531333111958,10.369108272676636,36140,0,1
2025-07-23,10.59,10.596,10.43,10.5,26687,10.398565966633102,10.404457505424396,10.241458265531941,10.3101928847637,26687,0,1
2025-07-24,10.5,10.6,10.4606,10.56,22155,10.3101928847637,10.408385197951924,10.271505113367539,10.369108272676636,22155,0,1
2025-07-25,10.59,10.6,10.4701,10.49,63373,10.398565966633102,10.408385197951924,10.28083338312042,10.300373653444877,63373,0,1
2025-07-28,10.45,10.45,10.3,10.35,70418,10.261096728169585,10.261096728169585,10.113808258387248,10.16290441498136,70418,0,1
2025-07-29,10.35,10.3551,10.17,10.22,221959,10.16290441498136,10.16791222295396,9.986158251242555,10.035254407836668,221959,0,1
2025-07-30,10.2,10.21,9.93,9.97,33903,10.015615945199022,10.025435176517846,9.750496699590812,9.789773624866104,33903,0,1
2025-07-31,9.79,9.91,9.79,9.81,21552,9.613027461127295,9.730858236953168,9.613027461127295,9.632665923764943,21552,0,1
2025-08-01,9.71,9.8,9.67,9.7689,33426,9.534473610576716,9.622846692446121,9.495196685301426,9.592308883044582,33426,0,1
2025-08-04,9.89,10.0289,9.8616,9.9,23996,9.711219774315524,9.847608897333968,9.683333157370067,9.721039005634346,23996,0,1
2025-08-05,9.99,10.05,9.98,10.01,10002,9.809412087503748,9.868327475416685,9.799592856184926,9.829050550141393,10002,0,1
2025-08-06,10.02,10.0936,10.02,10.04,13306,9.838869781460216,9.91113932396675,9.838869781460216,9.85850824409786,13306,0,1
2025-08-07,10.15,10.3164,10.1389,10.235,23883,9.96651978860491,10.129911797750117,9.955620441841017,10.0499832548149,23883,0,1
2025-08-08,10.4,10.4,10.35,10.4,35770,10.212000571575475,10.212000571575475,10.16290441498136,10.212000571575475,35770,0,1
2025-08-11,10.59,10.6613,10.54,10.59,62614,10.398565966633102,10.468577085936309,10.34946981003899,10.398565966633102,62614,0,1
2025-08-12,10.6,10.67,10.58,10.67,51244,10.408385197951924,10.477119817183683,10.38874673531428,10.477119817183683,51244,0,1
2025-08-13,10.76,10.83,10.76,10.81,32529,10.565492899053087,10.634227518284844,10.565492899053087,10.6145890556472,32529,0,1
2025-08-14,10.79,10.7955,10.61,10.74,24248,10.594950593009553,10.600351170234907,10.418204429270746,10.545854436415441,24248,0,1
2025-08-15,10.78,10.85,10.73,10.73,37478,10.585131361690731,10.65386598092249,10.536035205096619,10.536035205096619,37478,0,1
2025-08-18,10.8,10.8,10.73,10.73,11071,10.604769824328377,10.604769824328377,10.536035205096619,10.536035205096619,11071,0,1
2025-08-19,10.74,10.7406,10.58,10.5948,33952,10.545854436415441,10.54644359029457,10.38874673531428,10.403279197666137,33952,0,1
2025-08-20,10.54,10.5762,10.48,10.5471,26969,10.34946981003899,10.385015427413128,10.290554422126055,10.356441464275354,26969,0,1
2025-08-21,10.5,10.61,10.5,10.58,18531,10.3101928847637,10.418204429270746,10.3101928847637,10.38874673531428,18531,0,1
2025-08-22,10.67,10.97,10.67,10.95,32924,10.477119817183683,10.77169675674836,10.477119817183683,10.752058294110714,32924,0,1
2025-08-25,10.98,10.989,10.916933,10.96,23775,10.781515988067182,10.790353296254123,10.719589041908765,10.761877525429538,23775,0,1
2025-08-26,10.96,11.08,10.94,11.0738,37607,10.761877525429538,10.879708301255409,10.742239062791892,10.873620377837739,37607,0,1
2025-08-27,10.92,11.07,10.8801,11.01,19039,10.722600600154248,10.869889069936587,10.683421867192147,10.81097368202365,19039,0,1
2025-08-28,10.99,11.14,10.98,11.0551,19956,10.791335219386006,10.938623689168345,10.781515988067182,10.855258415271539,19956,0,1
2025-08-29,11.15,11.15,10.86,11.1,32728,10.948442920487167,10.948442920487167,10.663685212241312,10.899346763893053,32728,0,1
2025-09-02,10.94,11.02,10.8137,10.93,71068,10.742239062791892,10.820792913342473,10.618222171235164,10.73241983147307,71068,0,1
2025-09-03,11.12,11.1246,10.98,11.11,42701,10.918985226530697,10.923502072937357,10.781515988067182,10.909165995211875,42701,0,1
2025-09-04,10.99,11.015,10.8301,10.92,38538,10.791335219386006,10.815883297683062,10.634325710598032,10.722600600154248,38538,0,1
2025-09-05,11.15,11.24,11.14,11.217,37769,10.948442920487167,11.03681600235657,10.938623689168345,11.014231770323278,37769,0,1
2025-09-08,11.43,11.43,11.26,11.4,32455,11.2233813974142,11.2233813974142,11.056454464994214,11.193923703457731,32455,0,1
2025-09-09,11.37,11.4475,11.22,11.23,17628,11.164466009501263,11.240565052222138,11.017177539718926,11.026996771037748,17628,0,1
2025-09-10,11.24,11.25,11.15,11.2001,27215,11.03681600235657,11.046635233675392,10.948442920487167,10.997637269394469,27215,0,1
2025-09-11,11.33,11.49,11.309,11.49,20766,11.125189084225973,11.282296785327134,11.104568698456445,11.282296785327134,20766,0,1
2025-09-12,11.49,11.65,11.44,11.63,21946,11.282296785327134,11.439404486428295,11.233200628733021,11.41976602379065,21946,0,1
2025-09-15,11.76,11.9897,11.76,11.95,76881,11.547416030935343,11.772963774328698,11.547416030935343,11.73398142599297,76881,0,1
2025-09-16,11.95,11.98,11.76,11.91,40625,11.73398142599297,11.76343911994944,11.547416030935343,11.694704500717682,40625,0,1
2025-09-17,11.99,12.1786,11.91,12.07,76406,11.773258351268263,11.958449053941255,11.694704500717682,11.851812201818843,76406,0,1
2025-09-18,12.08,12.1496,11.9549,12.09,49261,11.861631433137665,11.92997328311667,11.738792849339196,11.871450664456487,49261,0,1
2025-09-19,12.14,12.22,11.9814,12.22,34887,11.920546821050602,11.999100671601182,11.764813812334076,11.999100671601182,34887,0,1
2025-09-22,12.03,12.34,12.03,12.33,32951,11.812535276543553,12.116931447427053,11.812535276543553,12.10711221610823,32951,0,1
2025-09-23,12.29,12.35,12.1401,12.24,62416,12.067835290832939,12.126750678745875,11.92064501336379,12.018739134238826,62416,0,1
2025-09-24,12.25,12.34,12.13,12.32,41982,12.02855836555765,12.116931447427053,11.91072758973178,12.097292984789407,41982,0,1
2025-09-25,12.32,12.48,12.26,12.45,40191,12.097292984789407,12.25440068589057,12.038377596876472,12.2249429919341,40191,0,1
2025-09-26,12.4,12.46,12.29,12.45,88295,12.17584683533999,12.234762223252924,12.067835290832939,12.2249429919341,88295,0,1
2025-09-29,12.64,12.82,12.62,12.73,98914,12.41150838699173,12.588254550730536,12.391869924354083,12.499881468861133,98914,0,1
2025-09-30,12.85,13,12.7225,12.99,95249,12.617712244687004,12.765000714469343,12.492517045372017,12.755181483150519,95249,0,1
2025-10-01,12.86,13.191,12.86,13.13,172063,12.627531476005826,12.952548032658854,12.627531476005826,12.892650721614036,172063,0,1
2025-10-02,13.24,13.4099,13.16,13.285,85926,13.000662266121084,13.16749100622788,12.922108415570504,13.044848807055786,85926,0,1
2025-10-03,13.33,13.48,13.1613,13.35,459019,13.089035347990487,13.236323817772826,12.92338491564195,13.108673810628131,459019,0,1
2025-10-06,13.5,13.5,13.31,13.32,254887,13.25596228041047,13.25596228041047,13.069396885352843,13.079216116671665,254887,0,1
2025-10-07,13.33,13.3772,13.05,13.05,125142,13.089035347990487,13.135382119815329,12.814096871063455,12.814096871063455,125142,0,1
2025-10-08,13.21,13.55,13.15,13.42,175247,12.971204572164616,13.305058437004584,12.912289184251682,13.17740842985989,175247,0,1
2025-10-09,13.56,13.599,13.3335,13.37,88925,13.314877668323406,13.353172670466815,13.092472078952076,13.128312273265777,88925,0,1
2025-10-10,13.21,13.242,12.6,12.62,189640,12.971204572164616,13.00262611238485,12.372231461716439,12.391869924354083,189640,0,1
2025-10-13,13.23,13.5,13.1092,13.45,125860,12.990843034802262,13.25596228041047,12.872226720470884,13.206866123816358,125860,0,1
2025-10-14,13.17,13.31,12.85,13.22,80000,12.931927646889326,13.069396885352843,12.617712244687004,12.98102380348344,80000,0,1
2025-10-15,13.39,13.49,13.2309,13.33,83585,13.147950735903423,13.246143049091648,12.991726765620955,13.089035347990487,83585,0,1
2025-10-16,13.37,13.57,13.16,13.26,123201,13.128312273265777,13.324696899642229,12.922108415570504,13.020300728758729,123201,0,1
2025-10-17,13.04,13.26,13,13.1,68298,12.804277639744631,13.020300728758729,12.765000714469343,12.863193027657568,68298,0,1
2025-10-20,13.22,13.38,13.1901,13.32,99938,12.98102380348344,13.138131504584601,12.95166430184016,13.079216116671665,99938,0,1
2025-10-21,13.22,13.263,13.02,13.08,78859,12.98102380348344,13.023246498154375,12.784639177106987,12.843554565019923,78859,0,1
2025-10-22,13.01,13.0797,12.7,12.83,78450,12.774819945788165,12.843259988080359,12.470423774904665,12.598073782049358,78450,0,1
2025-10-23,12.93,13.17,12.8765,13.12,37472,12.696266095237585,12.931927646889326,12.643733207681883,12.882831490295212,37472,0,1
2025-10-24,13.38,13.55,13.3,13.42,98556,13.138131504584601,13.305058437004584,13.05957765403402,13.17740842985989,98556,0,1
2025-10-27,13.58,13.6299,13.4501,13.5,75255,13.33451613096105,13.383514095241976,13.206964316129547,13.25596228041047,75255,0,1
2025-10-28,13.48,13.6,13.3201,13.57,61111,13.236323817772826,13.354154593598697,13.079314308984852,13.324696899642229,61111,0,1
2025-10-29,13.71,14.14,13.71,13.92,186802,13.462166138105745,13.884393084815116,13.462166138105745,13.668369995801019,186802,0,1
2025-10-30,13.84,13.94,13.5608,13.81,147540,13.589816145250438,13.688008458438663,13.315663206828912,13.56035845129397,147540,0,1
2025-10-31,13.71,13.82,13.5101,13.74,59883,13.462166138105745,13.570177682612794,13.265879704042481,13.491623832062213,59883,0,1
2025-11-03,13.65,13.65,13.4,13.58,76491,13.403250750192809,13.403250750192809,13.157769967222245,13.33451613096105,76491,0,1
2025-11-04,13.14,13.3,13.01,13.04,132423,12.902469952932858,13.05957765403402,12.774819945788165,12.804277639744631,132423,0,1
2025-11-05,13.17,13.48,13.15,13.47,40181,12.931927646889326,13.236323817772826,12.912289184251682,13.226504586454004,40181,0,1
2025-11-06,13.45,13.62,13.29,13.39,35069,13.206866123816358,13.373793056236341,13.049758422715195,13.147950735903423,35069,0,1
2025-11-07,13.22,13.44,13.12,13.43,63418,12.98102380348344,13.197046892497536,12.882831490295212,13.187227661178712,63418,0,1
2025-11-10,13.73,13.9,13.69,13.85,129856,13.48180460074339,13.648731533163375,13.4425276754681,13.59963537656926,129856,0,1
2025-11-11,13.83,13.83,13.59,13.68,33574,13.579996913931616,13.579996913931616,13.344335362279875,13.432708444149277,33574,0,1
2025-11-12,13.75,13.85,13.7,13.8,100296,13.501443063381036,13.59963537656926,13.452346906786921,13.550539219975148,100296,0,1
2025-11-13,13.92,13.98,13.52,13.62,73854,13.668369995801019,13.727285383713955,13.275600743048116,13.373793056236341,73854,0,1
2025-11-14,13.34,13.6098,13.12,13.49,40715,13.09885457930931,13.363777440291143,12.882831490295212,13.246143049091648,40715,0,1
2025-11-17,13.38,13.51,13.16,13.24,52829,13.138131504584601,13.265781511729292,12.922108415570504,13.000662266121084,52829,0,1
2025-11-18,13.01,13.1099,12.85,12.98,154379,12.774819945788165,12.872914066663203,12.617712244687004,12.745362251831697,154379,0,1
2025-11-19,13,13.26,13,13.1,39662,12.765000714469343,13.020300728758729,12.765000714469343,12.863193027657568,39662,0,1
2025-11-20,13.16,13.33,12.56,12.63,54920,12.922108415570504,13.089035347990487,12.33295453644115,12.401689155672909,54920,0,1
2025-11-21,12.5,12.6,12.25,12.55,43819,12.274039148528214,12.372231461716439,12.02855836555765,12.323135305122328,43819,0,1
2025-11-24,12.55,12.74,12.5493,12.74,33016,12.323135305122328,12.509700700179955,12.32244795893001,12.509700700179955,33016,0,1
2025-11-25,12.88,12.91,12.67,12.89,99623,12.647169938643472,12.676627632599939,12.440966080948197,12.656989169962294,99623,0,1
2025-11-26,13.01,13.16,13,13.14,36204,12.774819945788165,12.922108415570504,12.765000714469343,12.902469952932858,36204,0,1
2025-11-28,13.3,13.39,13.19,13.39,61242,13.05957765403402,13.147950735903423,12.95156610952697,13.147950735903423,61242,0,1
2025-12-01,13.43,13.49,13.28,13.43,80500,13.187227661178712,13.246143049091648,13.039939191396373,13.187227661178712,80500,0,1
2025-12-02,13.37,13.49,13.2501,13.4,53832,13.128312273265777,13.246143049091648,13.010579689753094,13.157769967222245,53832,0,1
2025-12-03,13.43,13.7399,13.4101,13.68,135685,13.187227661178712,13.491525639749025,13.167687390854256,13.432708444149277,135685,0,1
2025-12-04,13.6,13.78,13.6,13.75,53949,13.354154593598697,13.530900757337502,13.354154593598697,13.501443063381036,53949,0,1
2025-12-05,13.87,14.05,13.83,13.83,68031,13.619273839206905,13.796020002945713,13.579996913931616,13.579996913931616,68031,0,1
2025-12-08,13.97,13.97,13.77,13.86,46656,13.717466152395133,13.717466152395133,13.52108152601868,13.609454607888082,46656,0,1
2025-12-09,13.65,13.88,13.6195,13.77,31250,13.403250750192809,13.629093070525728,13.3733020946704,13.52108152601868,31250,0,1
2025-12-10,13.88,14.02,13.77,13.99,37615,13.629093070525728,13.766562308989243,13.52108152601868,13.737104615032777,37615,0,1
2025-12-11,13.91,14.05,13.78,14.04,53923,13.658550764482197,13.796020002945713,13.530900757337502,13.78620077162689,53923,0,1
2025-12-12,14.03,14.03,13.702,13.78,29688,13.776381540308066,13.776381540308066,13.454310753050686,13.530900757337502,29688,0,1
2025-12-15,13.94,13.9646,13.71,13.71,36363,13.688008458438663,13.712163767482968,13.462166138105745,13.462166138105745,36363,0,1
2025-12-16,13.72,13.72,13.4633,13.52,188065,13.471985369424567,13.471985369424567,13.219925701470393,13.275600743048116,188065,0,1
2025-12-17,13.81,13.94,13.58,13.59,159306,13.56035845129397,13.688008458438663,13.33451613096105,13.344335362279875,159306,0,1
2025-12-18,13.62,13.79,13.61,13.7,21110,13.373793056236341,13.540719988656324,13.363973824917519,13.452346906786921,21110,0,1
2025-12-19,13.8,13.95,13.8,13.86,98689,13.550539219975148,13.697827689757485,13.550539219975148,13.609454607888082,98689,0,1
2025-12-22,13.94,14.11,13.94,14.11,92996,13.688008458438663,13.854935390858648,13.688008458438663,13.854935390858648,92996,0,1
2025-12-23,14.15,14.24,14.14,14.2,41696,13.894212316133938,13.98258539800334,13.884393084815116,13.94330847272805,41696,0,1
2025-12-24,14.27,14.29,14.09,14.27,49309,14.012043091959809,14.031681554597453,13.835296928221002,14.012043091959809,49309,0,1
2025-12-26,14.45,14.6,14.3318,14.58,159973,14.188789255698614,14.336077725480953,14.072725941510132,14.316439262843309,159973,0,1
2025-12-29,14.3,14.3,14.01,14.14,77538,14.041500785916277,14.041500785916277,13.756743077670421,13.884393084815116,77538,0,1
2025-12-30,14.08,14.08,13.88,13.88,51375,14.08,14.08,13.88,13.88,51375,0.25552604,1
2025-12-31,13.82,13.98,13.8,13.8,84768,13.82,13.98,13.8,13.8,84768,0,1
2026-01-02,14.11,14.16,13.84,14.1,150637,14.11,14.16,13.84,14.1,150637,0,1
2026-01-05,14.31,14.53,14.22,14.51,137100,14.31,14.53,14.22,14.51,137100,0,1
2026-01-06,14.65,14.835,14.63,14.76,156466,14.65,14.835,14.63,14.76,156466,0,1
2026-01-07,14.67,14.7,14.21,14.56,114154,14.67,14.7,14.21,14.56,114154,0,1
2026-01-08,14.38,14.47,14.27,14.45,32222,14.38,14.47,14.27,14.45,32222,0,1
2026-01-09,14.52,14.69,14.4,14.62,24934,14.52,14.69,14.4,14.62,24934,0,1
2026-01-12,14.76,15.03,14.76,15.01,92507,14.76,15.03,14.76,15.01,92507,0,1
2026-01-13,15.11,15.1793,14.9397,14.96,63096,15.11,15.1793,14.9397,14.96,63096,0,1
2026-01-14,15.06,15.21,14.924,15.17,99907,15.06,15.21,14.924,15.17,99907,0,1
2026-01-15,15.27,15.3499,15.2,15.24,71606,15.27,15.3499,15.2,15.24,71606,0,1
2026-01-16,15.1,15.1,14.9001,15.01,81685,15.1,15.1,14.9001,15.01,81685,0,1
2026-01-20,14.93,15.1207,14.88,15.02,95949,14.93,15.1207,14.88,15.02,95949,0,1
2026-01-21,15.36,15.49,15.21,15.45,145963,15.36,15.49,15.21,15.45,145963,0,1
2026-01-22,15.44,15.58,15.257,15.51,88485,15.44,15.58,15.257,15.51,88485,0,1
2026-01-23,15.64,15.7493,15.5301,15.71,82251,15.64,15.7493,15.5301,15.71,82251,0,1
2026-01-26,16.01,16.1198,15.79,15.82,196725,16.01,16.1198,15.79,15.82,196725,0,1
2026-01-27,16,16.0616,15.79,16,118478,16,16.0616,15.79,16,118478,0,1
2026-01-28,16.18,16.27,16,16.15,82901,16.18,16.27,16,16.15,82901,0,1
2026-01-29,16.67,16.68,15.8501,16.26,138934,16.67,16.68,15.8501,16.26,138934,0,1
2026-01-30,15.8,15.8,15.01,15.17,174256,15.8,15.8,15.01,15.17,174256,0,1
2026-02-02,15.11,15.17,14.77,15.07,70584,15.11,15.17,14.77,15.07,70584,0,1
2026-02-03,15.43,15.69,15.36,15.69,88911,15.43,15.69,15.36,15.69,88911,0,1
2026-02-04,15.88,15.91,15.05,15.21,59760,15.88,15.91,15.05,15.21,59760,0,1
2026-02-05,14.94,15,14.52,14.52,128245,14.94,15,14.52,14.52,128245,0,1
2026-02-06,14.89,15.21,14.7401,15.17,61107,14.89,15.21,14.7401,15.17,61107,0,1
2026-02-09,15.21,15.55,15.1834,15.55,45362,15.21,15.55,15.1834,15.55,45362,0,1
2026-02-10,15.5,15.6,15.32,15.44,51270,15.5,15.6,15.32,15.44,51270,0,1
2026-02-11,15.68,15.83,15.45,15.8,68484,15.68,15.83,15.45,15.8,68484,0,1
2026-02-12,15.9,15.9,15.296,15.31,41028,15.9,15.9,15.296,15.31,41028,0,1
2026-02-13,15.27,15.46,15.0101,15.44,31589,15.27,15.46,15.0101,15.44,31589,0,1
2026-02-17,15.28,15.389,14.98,15.29,54039,15.28,15.389,14.98,15.29,54039,0,1
2026-02-18,15.41,15.6,15.38,15.53,46407,15.41,15.6,15.38,15.53,46407,0,1
2026-02-19,15.53,15.53,15.0863,15.5,26308,15.53,15.53,15.0863,15.5,26308,0,1
2026-02-20,15.38,15.64,15.38,15.64,48800,15.38,15.64,15.38,15.64,48800,0,1
2026-02-23,15.66,15.91,15.6501,15.83,42693,15.66,15.91,15.6501,15.83,42693,0,1
2026-02-24,15.84,16.26,15.7414,16.24,63934,15.84,16.26,15.7414,16.24,63934,0,1
2026-02-25,16.42,16.63,16.41,16.56,43263,16.42,16.63,16.41,16.56,43263,0,1
2026-02-26,16.38,16.38,15.97,16.21,46351,16.38,16.38,15.97,16.21,46351,0,1
2026-02-27,16.29,16.3799,16.21,16.26,81383,16.29,16.3799,16.21,16.26,81383,0,1
2026-03-02,15.93,16.22,15.84,16.2,67297,15.93,16.22,15.84,16.2,67297,0,1
2026-03-03,15.33,15.33,14.69,15.14,128136,15.33,15.33,14.69,15.14,128136,0,1
2026-03-04,15.33,15.52,15.16,15.49,39966,15.33,15.52,15.16,15.49,39966,0,1
2026-03-05,15.15,15.23,14.75,14.85,87005,15.15,15.23,14.75,14.85,87005,0,1
2026-03-06,14.63,14.8001,14.45,14.6,94336,14.63,14.8001,14.45,14.6,94336,0,1
2026-03-09,14.37,15.12,14.2912,15.12,113350,14.37,15.12,14.2912,15.12,113350,0,1
2026-03-10,15.01,15.4953,15.01,15.25,35601,15.01,15.4953,15.01,15.25,35601,0,1
2026-03-11,15.24,15.45,15.2301,15.35,64043,15.24,15.45,15.2301,15.35,64043,0,1
2026-03-12,15.2,15.22,14.95,14.96,26286,15.2,15.22,14.95,14.96,26286,0,1
2026-03-13,14.98,15.06,14.6298,14.64,69944,14.98,15.06,14.6298,14.64,69944,0,1
2026-03-16,14.85,15,14.79,14.94,108917,14.85,15,14.79,14.94,108917,0,1
2026-03-17,14.94,15.1099,14.878,14.99,29696,14.94,15.1099,14.878,14.99,29696,0,1
2026-03-18,14.75,14.858,14.41,14.41,39907,14.75,14.858,14.41,14.41,39907,0,1
2026-03-19,14.13,14.36,13.8301,14.21,86257,14.13,14.36,13.8301,14.21,86257,0,1
2026-03-20,14.19,14.195,13.68,13.74,57970,14.19,14.195,13.68,13.74,57970,0,1
2026-03-23,14.09,14.6,14.01,14.43,81036,14.09,14.6,14.01,14.43,81036,0,1
2026-03-24,14.16,14.51,14.16,14.51,18794,14.16,14.51,14.16,14.51,18794,0,1
2026-03-25,14.83,14.9199,14.66,14.77,23924,14.83,14.9199,14.66,14.77,23924,0,1
2026-03-26,14.56,14.6612,14.2,14.2,51127,14.56,14.6612,14.2,14.2,51127,0,1
2026-03-27,14.39,14.6,14.2511,14.36,26078,14.39,14.6,14.2511,14.36,26078,0,1
2026-03-30,14.6,14.6499,14.08,14.29,179193,14.6,14.6499,14.08,14.29,179193,0,1
2026-03-31,14.49,14.945,14.42692,14.89,34925,14.49,14.945,14.42692,14.89,34925,0,1
2026-04-01,14.99,15.24,14.93,15.04,50060,14.99,15.24,14.93,15.04,50060,0,1
2026-04-02,14.68,15.01,14.63,14.98,24859,14.68,15.01,14.63,14.98,24859,0,1
2026-04-06,14.99,15.161,14.8401,14.97,44914,14.99,15.161,14.8401,14.97,44914,0,1
2026-04-07,14.85,14.91,14.67,14.85,17924,14.85,14.91,14.67,14.85,17924,0,1
2026-04-08,15.66,15.89,15.5,15.65,63039,15.66,15.89,15.5,15.65,63039,0,1
2026-04-09,15.53,15.67,15.415,15.56,26031,15.53,15.67,15.415,15.56,26031,0,1
2026-04-10,15.8,16.06,15.7894,15.93,55844,15.8,16.06,15.7894,15.93,55844,0,1
2026-04-13,15.91,16.37,15.89,16.33,77399,15.91,16.37,15.89,16.33,77399,0,1
2026-04-14,16.45,16.69,16.385,16.63,60679,16.45,16.69,16.385,16.63,60679,0,1
2026-04-15,16.39,16.57,16.3106,16.5,296019,16.39,16.57,16.3106,16.5,296019,0,1
2026-04-16,16.75,16.88,16.655,16.88,58024,16.75,16.88,16.655,16.88,58024,0,1
2026-04-17,17.07,17.2,16.99,17.11,72194,17.07,17.2,16.99,17.11,72194,0,1
2026-04-20,16.94,17,16.77,16.93,49067,16.94,17,16.77,16.93,49067,0,1
2026-04-21,17.03,17.13,16.62,16.67,73280,17.03,17.13,16.62,16.67,73280,0,1
2026-04-22,16.95,17.17,16.86,17.01,53972,16.95,17.17,16.86,17.01,53972,0,1
2026-04-23,16.68,16.77,16.27,16.53,76566,16.68,16.77,16.27,16.53,76566,0,1
2026-04-24,16.63,16.73,16.5,16.53,65279,16.63,16.73,16.5,16.53,65279,0,1
2026-04-27,16.59,16.6837,16.48,16.64,255846,16.59,16.6837,16.48,16.64,255846,0,1
2026-04-28,16.53,16.55,16.16,16.35,105471,16.53,16.55,16.16,16.35,105471,0,1
2026-04-29,16.76,16.83,16.4,16.64,49771,16.76,16.83,16.4,16.64,49771,0,1
2026-04-30,16.87,16.99,16.65,16.96,72843,16.87,16.99,16.65,16.96,72843,0,1
2026-05-01,16.86,17.0097,16.86,16.92,69459,16.86,17.0097,16.86,16.92,69459,0,1
2026-05-04,16.9,16.9,16.6,16.66,64797,16.9,16.9,16.6,16.66,64797,0,1
2026-05-05,16.8,16.97,16.8,16.89,38474,16.8,16.97,16.8,16.89,38474,0,1
2026-05-06,17.23,17.52,17.225,17.5,353619,17.23,17.52,17.225,17.5,353619,0,1
2026-05-07,17.67,17.72,17.31,17.33,95869,17.67,17.72,17.31,17.33,95869,0,1
2026-05-08,17.45,17.5599,17.29,17.4,53380,17.45,17.5599,17.29,17.4,53380,0,1
2026-05-11,17.67,17.975,17.46,17.87,133343,17.67,17.975,17.46,17.87,133343,0,1
2026-05-12,17.63,17.98,17.27,17.69,208241,17.63,17.98,17.27,17.69,208241,0,1
2026-05-13,17.7,18.0799,17.6657,18.03,163665,17.7,18.0799,17.6657,18.03,163665,0,1
2026-05-14,17.81,17.82,17.43,17.6,94723,17.81,17.82,17.43,17.6,94723,0,1
2026-05-15,16.98,16.98,16.61,16.61,113692,16.98,16.98,16.61,16.61,113692,0,1
2026-05-18,16.63,16.63,16.18,16.26,164155,16.63,16.63,16.18,16.26,164155,0,1
2026-05-19,16,16.1,15.675,15.97,208752,16,16.1,15.675,15.97,208752,0,1
2026-05-20,16.12,16.43,16,16.38,52216,16.12,16.43,16,16.38,52216,0,1
2026-05-21,16.35,16.75,16.3,16.67,59341,16.35,16.75,16.3,16.67,59341,0,1
2026-05-22,16.69,16.94,16.6098,16.71,44044,16.69,16.94,16.6098,16.71,44044,0,1
2026-05-26,17.09,17.2699,16.9719,17.2,152861,17.09,17.2699,16.9719,17.2,152861,0,1
2026-05-27,17.05,17.19,16.95,17.18,119471,17.05,17.19,16.95,17.18,119471,0,1
2026-05-28,17.13,17.4,16.9206,17.3,147514,17.13,17.4,16.9206,17.3,147514,0,1
2026-05-29,17.38,17.38,17.02,17.3,56822,17.38,17.38,17.02,17.3,56822,0,1
2026-06-01,17.19,17.3629,17.07,17.27,80338,17.19,17.3629,17.07,17.27,80338,0,1
2026-06-02,17.37,17.88,17.37,17.7,212477,17.37,17.88,17.37,17.7,212477,0,1
2026-06-03,17.58,17.6599,17.287,17.41,68825,17.58,17.6599,17.287,17.41,68825,0,1
2026-06-04,17.1,17.25,17,17.08,52176,17.1,17.25,17,17.08,52176,0,1
2026-06-05,16.72,16.72,15.75,15.86,234659,16.72,16.72,15.75,15.86,234659,0,1
2026-06-08,16.01,16.246,15.71,15.81,98624,16.01,16.246,15.71,15.81,98624,0,1
2026-06-09,16.18,16.3112,15.46,15.74,71316,16.18,16.3112,15.46,15.74,71316,0,1
2026-06-10,15.55,15.74,15.21,15.24,58680,15.55,15.74,15.21,15.24,58680,0,1
2026-06-11,15.55,16.0899,15.4119,15.98,49755,15.55,16.0899,15.4119,15.98,49755,0,1
2026-06-12,16.28,16.539,16.21,16.49,96476,16.28,16.539,16.21,16.49,96476,0,1
2026-06-15,16.95,17.05,16.9,16.95,84033,16.95,17.05,16.9,16.95,84033,0,1
2026-06-16,16.83,16.9999,16.7518,16.77,53959,16.83,16.9999,16.7518,16.77,53959,0,1
2026-06-17,16.76,17,16.53,16.6,52628,16.76,17,16.53,16.6,52628,0,1
2026-06-18,16.58,16.6701,16.48,16.57,32617,16.58,16.6701,16.48,16.57,32617,0,1
2026-06-22,16.64,16.85,16.3355,16.61,78627,16.64,16.85,16.3355,16.61,78627,0,1
2026-06-23,15.82,15.99,15.5976,15.78,59079,15.82,15.99,15.5976,15.78,59079,0,1
2026-06-24,15.65,15.71,15.2701,15.44,55546,15.65,15.71,15.2701,15.44,55546,0,1
2026-06-25,15.58,15.58,15.251,15.37,30254,15.58,15.58,15.251,15.37,30254,0,1
2026-06-26,15.04,15.15,14.81,15.01,65999,15.04,15.15,14.81,15.01,65999,0,1
2026-06-29,15.04,15.22,14.9,15.22,48829,15.04,15.22,14.9,15.22,48829,0,1
2026-06-30,15.28,15.45,15.25,15.37,31272,15.28,15.45,15.25,15.37,31272,0,1
2026-07-01,15.26,15.54,15.26,15.33,34151,15.26,15.54,15.26,15.33,34151,0,1
2026-07-02,15.41,15.71,14.96,15.13,58800,15.41,15.71,14.96,15.13,58800,0,1
2026-07-06,15.29,15.3966,15.25,15.37,35222,15.29,15.3966,15.25,15.37,35222,0,1
2026-07-07,15.04,15.29,14.690999999999999,14.75,57235,15.04,15.29,14.690999999999999,14.75,57235,0,1
2026-07-08,14.39,14.55,14.11,14.41,64864,14.39,14.55,14.11,14.41,64864,0,1
2026-07-09,14.54,14.64,14.525,14.6,26956,14.54,14.64,14.525,14.6,26956,0,1
2026-07-10,14.6,14.8,14.54,14.68,39788,14.6,14.8,14.54,14.68,39788,0,1
2026-07-13,14.42,14.6134,14.225,14.29,58117,14.42,14.6134,14.225,14.29,58117,0,1
2026-07-14,14.61,14.96,14.61,14.72,50870,14.61,14.96,14.61,14.72,50870,0,1
2026-07-15,14.77,14.83,14.475,14.7,52147,14.77,14.83,14.475,14.7,52147,0,1
2026-07-16,14.5,14.525,14.13,14.2,57427,14.5,14.525,14.13,14.2,57427,0,1
2026-07-17,13.99,14.1,13.82,14.015,67762,13.99,14.1,13.82,14.015,67762,0,1
2026-07-20,14.01,14.13,13.85,13.88,169107,14.01,14.13,13.85,13.88,169107,0,1
2026-07-21,14.22,14.4599,14.21,14.43,32966,14.22,14.4599,14.21,14.43,32966,0,1
2026-07-22,14.39,14.59,14.37,14.49,41397,14.39,14.59,14.37,14.49,41397,0,1
2026-07-23,14.51,14.649000000000001,14.31,14.315999999999999,15979,14.51,14.649000000000001,14.31,14.315999999999999,15979,0,1
2026-07-24,14.29,14.325,14.05,14.07,37926,14.29,14.325,14.05,14.07,37926,0,1
2026-07-27,14.23,14.409,14.005999999999998,14.19,42131,14.23,14.409,14.005999999999998,14.19,42131,0,1
2026-07-28,13.97,14.06,13.78,13.95,28833,13.97,14.06,13.78,13.95,28833,0,1
2026-07-29,14,14.2,13.76,13.88,36650,14,14.2,13.76,13.88,36650,0,1
2026-07-30,14.2,14.59,14.08,14.43,38756,14.2,14.59,14.08,14.43,38756,0,1
2026-07-31,14.35,14.6041,14.17,14.34,36108,14.35,14.6041,14.17,14.34,36108,0,1
2026-08-03,14.19,14.48,14.11,14.45,134034,14.19,14.48,14.11,14.45,134034,0,1
2026-08-04,14.82,14.99,14.71,14.95,44323,14.82,14.99,14.71,14.95,44323,0,1
2026-08-05,15.14,15.37,15.14,15.21,57308,15.14,15.37,15.14,15.21,57308,0,1
2026-08-06,15.02,15.25,15.01,15.07,26063,15.02,15.25,15.01,15.07,26063,0,1
2026-08-07,15.4,15.475,15.237,15.42,21279,15.4,15.475,15.237,15.42,21279,0,1
2026-08-10,15.5,15.75,15.43,15.6105,41674,15.5,15.75,15.43,15.6105,41674,0,1
2026-08-11,15.53,15.59,15.32,15.33,25638,15.53,15.59,15.32,15.33,25638,0,1
2026-08-12,15.62,15.7118,15.5501,15.56,38012,15.62,15.7118,15.5501,15.56,38012,0,1
2026-08-13,15.46,15.55,15.3,15.39,43259,15.46,15.55,15.3,15.39,43259,0,1
2026-08-14,15.35,15.5583,15.31,15.4373,12607,15.35,15.5583,15.31,15.4373,12607,0,1
2026-08-17,15.53,15.75,15.44,15.56,37447,15.53,15.75,15.44,15.56,37447,0,1
2026-08-18,15.37,15.46,15.1401,15.21,24485,15.37,15.46,15.1401,15.21,24485,0,1
2026-08-19,15.26,15.44,15.1365,15.4,45781,15.26,15.44,15.1365,15.4,45781,0,1
2026-08-20,15.26,15.5138,15.26,15.43,24525,15.26,15.5138,15.26,15.43,24525,0,1
2026-08-21,15.74,16,15.74,15.98,40375,15.74,16,15.74,15.98,40375,0,1
2026-08-24,16.08,16.0899,15.985,16.0426,24608,16.08,16.0899,15.985,16.0426,24608,0,1
2026-08-25,15.97,16.07,15.9,16.07,28000,15.97,16.07,15.9,16.07,28000,0,1
2026-08-26,15.98,16.1399,15.9,15.97,23636,15.98,16.1399,15.9,15.97,23636,0,1
2026-08-27,16,16.1899,16,16.09,24573,16,16.1899,16,16.09,24573,0,1
2026-08-28,16.14,16.16,15.85,15.89,19888,16.14,16.16,15.85,15.89,19888,0,1
2026-08-31,15.89,16.02,15.71,15.8,16487,15.89,16.02,15.71,15.8,16487,0,1
2026-09-01,15.53,15.665,15.42,15.46,107624,15.53,15.665,15.42,15.46,107624,0,1
2026-09-02,15.33,15.5799,15.32,15.42,22871,15.33,15.5799,15.32,15.42,22871,0,1
2026-09-03,15.73,15.73,15.4101,15.7,32331,15.73,15.73,15.4101,15.7,32331,0,1
2026-09-04,15.46,15.57,15.42,15.5355,33063,15.46,15.57,15.42,15.5355,33063,0,1
2026-09-08,15.72,15.83,15.65,15.67,37845,15.72,15.83,15.65,15.67,37845,0,1
2026-09-09,15.77,15.8499,15.7,15.77,30805,15.77,15.8499,15.7,15.77,30805,0,1
2026-09-10,15.24,15.34,15.06,15.13,43015,15.24,15.34,15.06,15.13,43015,0,1
