Date,Open,High,Low,Close,Volume,AdjOpen,AdjHigh,AdjLow,AdjClose,AdjVolume,Dividend,SplitFactor
2004-11-18,44.43,44.49,44.07,44.38,5992000,44.43,44.49,44.07,44.38,5992000,0,1
2004-11-19,44.49,44.92,44.47,44.78,11655300,44.49,44.92,44.47,44.78,11655300,0,1
2004-11-22,44.75,44.97,44.74,44.95,11996000,44.75,44.97,44.74,44.95,11996000,0,1
2004-11-23,44.88,44.92,44.72,44.75,3169200,44.88,44.92,44.72,44.75,3169200,0,1
2004-11-24,44.93,45.05,44.79,45.05,6105100,44.93,45.05,44.79,45.05,6105100,0,1
2004-11-26,45.25,45.6,45.06,45.29,3097700,45.25,45.6,45.06,45.29,3097700,0,1
2004-11-29,45.1,45.5,45.08,45.4,3759000,45.1,45.5,45.08,45.4,3759000,0,1
2004-11-30,45.37,45.41,44.82,45.12,3857200,45.37,45.41,44.82,45.12,3857200,0,1
2004-12-01,45.28,45.59,45.26,45.38,2037500,45.28,45.59,45.26,45.38,2037500,0,1
2004-12-02,45.55,45.57,44.68,44.95,6457800,45.55,45.57,44.68,44.95,6457800,0,1
2004-12-03,45.04,46,44.8,45.6,4218300,45.04,46,44.8,45.6,4218300,0,1
2004-12-06,45.39,45.47,45.11,45.17,3102400,45.39,45.47,45.11,45.17,3102400,0,1
2004-12-07,45.3,45.32,45.07,45.11,3797300,45.3,45.32,45.07,45.11,3797300,0,1
2004-12-08,43.8,44.02,43.36,44.01,6148600,43.8,44.02,43.36,44.01,6148600,0,1
2004-12-09,43.75,43.9,43.2,43.78,3553400,43.75,43.9,43.2,43.78,3553400,0,1
2004-12-10,43.37,43.6,43.31,43.44,2464300,43.37,43.6,43.31,43.44,2464300,0,1
2004-12-13,43.61,44.014,43.51,43.91,1445100,43.61,44.014,43.51,43.91,1445100,0,1
2004-12-14,43.76,43.8,43.51,43.55,2240600,43.76,43.8,43.51,43.55,2240600,0,1
2004-12-15,44.1,44.17,43.92,43.99,2641400,44.1,44.17,43.92,43.99,2641400,0,1
2004-12-16,43.99,44.05,43.58,43.68,3269800,43.99,44.05,43.58,43.68,3269800,0,1
2004-12-17,43.93,44.22,43.78,44.19,1889300,43.93,44.22,43.78,44.19,1889300,0,1
2004-12-20,44.33,44.37,44.13,44.34,1942100,44.33,44.37,44.13,44.34,1942100,0,1
2004-12-21,44.13,44.24,44.05,44.22,1373400,44.13,44.24,44.05,44.22,1373400,0,1
2004-12-22,44.2,44.23,43.89,44.02,2705800,44.2,44.23,43.89,44.02,2705800,0,1
2004-12-23,44.17,44.35,44.05,44.27,639800,44.17,44.35,44.05,44.27,639800,0,1
2004-12-27,44.29,44.56,44.27,44.48,2643500,44.29,44.56,44.27,44.48,2643500,0,1
2004-12-28,44.42,44.47,44.29,44.37,773200,44.42,44.47,44.29,44.37,773200,0,1
2004-12-29,43.92,44.02,43.35,43.66,5632200,43.92,44.02,43.35,43.66,5632200,0,1
2004-12-30,43.5,43.88,43.49,43.83,1289600,43.5,43.88,43.49,43.83,1289600,0,1
2004-12-31,43.85,43.94,43.73,43.8,531600,43.85,43.94,43.73,43.8,531600,0,1
2005-01-03,42.98,43.17,42.74,43.02,4750400,42.98,43.17,42.74,43.02,4750400,0,1
2005-01-04,42.8,42.91,42.46,42.74,3456800,42.8,42.91,42.46,42.74,3456800,0,1
2005-01-05,42.75,42.88,42.6,42.67,2033600,42.75,42.88,42.6,42.67,2033600,0,1
2005-01-06,42.48,42.56,42.07,42.15,2556400,42.48,42.56,42.07,42.15,2556400,0,1
2005-01-07,42.09,42.39,41.7,41.84,4492700,42.09,42.39,41.7,41.84,4492700,0,1
2005-01-10,41.99,42.07,41.89,41.95,1025800,41.99,42.07,41.89,41.95,1025800,0,1
2005-01-11,42.21,42.28,42.12,42.21,1507300,42.21,42.28,42.12,42.21,1507300,0,1
2005-01-12,42.52,42.79,42.48,42.6,1738000,42.52,42.79,42.48,42.6,1738000,0,1
2005-01-13,42.39,42.6,42.34,42.6,718300,42.39,42.6,42.34,42.6,718300,0,1
2005-01-14,42.19,42.32,42.13,42.32,1262300,42.19,42.32,42.13,42.32,1262300,0,1
2005-01-18,42.22,42.38,42.15,42.32,666800,42.22,42.38,42.15,42.32,666800,0,1
2005-01-19,42.65,42.65,42.2,42.26,1578900,42.65,42.65,42.2,42.26,1578900,0,1
2005-01-20,42.12,42.32,42.11,42.25,1276200,42.12,42.32,42.11,42.25,1276200,0,1
2005-01-21,42.32,42.82,42.29,42.74,889800,42.32,42.82,42.29,42.74,889800,0,1
2005-01-24,42.74,42.82,42.67,42.77,2294900,42.74,42.82,42.67,42.77,2294900,0,1
2005-01-25,42.53,42.56,42.1,42.24,1332500,42.53,42.56,42.1,42.24,1332500,0,1
2005-01-26,42.59,42.78,42.56,42.69,541800,42.59,42.78,42.56,42.69,541800,0,1
2005-01-27,42.48,42.65,42.4,42.62,571200,42.48,42.65,42.4,42.62,571200,0,1
2005-01-28,42.71,42.73,42.43,42.69,1149100,42.71,42.73,42.43,42.69,1149100,0,1
2005-01-31,42.21,42.3,41.96,42.22,1692400,42.21,42.3,41.96,42.22,1692400,0,1
2005-02-01,42.09,42.14,41.95,42.1,1088900,42.09,42.14,41.95,42.1,1088900,0,1
2005-02-02,42.22,42.23,42.02,42.16,956500,42.22,42.23,42.02,42.16,956500,0,1
2005-02-03,41.56,41.74,41.5,41.68,2446400,41.56,41.74,41.5,41.68,2446400,0,1
2005-02-04,41.59,41.65,41.39,41.47,1819400,41.59,41.65,41.39,41.47,1819400,0,1
2005-02-07,41.55,41.55,41.21,41.27,1754000,41.55,41.55,41.21,41.27,1754000,0,1
2005-02-08,41.19,41.4,41.05,41.26,1296800,41.19,41.4,41.05,41.26,1296800,0,1
2005-02-09,41.03,41.36,41.02,41.31,3477900,41.03,41.36,41.02,41.31,3477900,0,1
2005-02-10,41.53,41.84,41.45,41.75,7774500,41.53,41.84,41.45,41.75,7774500,0,1
2005-02-11,41.89,42.16,41.83,42.08,1896500,41.89,42.16,41.83,42.08,1896500,0,1
2005-02-14,42.37,42.63,42.32,42.55,2351800,42.37,42.63,42.32,42.55,2351800,0,1
2005-02-15,42.4,42.6,42.34,42.58,1559900,42.4,42.6,42.34,42.58,1559900,0,1
2005-02-16,42.32,42.6,42.2,42.52,1820400,42.32,42.6,42.2,42.52,1820400,0,1
2005-02-17,42.52,42.81,42.51,42.73,3054200,42.52,42.81,42.51,42.73,3054200,0,1
2005-02-18,42.71,42.82,42.64,42.75,863200,42.71,42.82,42.64,42.75,863200,0,1
2005-02-22,43.39,43.63,43.2,43.57,3378400,43.39,43.63,43.2,43.57,3378400,0,1
2005-02-23,43.29,43.55,43.15,43.42,1534900,43.29,43.55,43.15,43.42,1534900,0,1
2005-02-24,43.48,43.48,43.2,43.33,1219300,43.48,43.48,43.2,43.33,1219300,0,1
2005-02-25,43.41,43.55,43.22,43.5,1100100,43.41,43.55,43.22,43.5,1100100,0,1
2005-02-28,43.68,43.74,43.52,43.52,755300,43.68,43.74,43.52,43.52,755300,0,1
2005-03-01,43.3,43.37,43.1,43.22,3245600,43.3,43.37,43.1,43.22,3245600,0,1
2005-03-02,43.16,43.35,43.08,43.25,1188000,43.16,43.35,43.08,43.25,1188000,0,1
2005-03-03,43.06,43.13,42.9,42.97,1924600,43.06,43.13,42.9,42.97,1924600,0,1
2005-03-04,43.33,43.52,43.31,43.38,915000,43.33,43.52,43.31,43.38,915000,0,1
2005-03-07,43.32,43.51,43.26,43.47,1290100,43.32,43.51,43.26,43.47,1290100,0,1
2005-03-08,43.71,44.08,43.59,44.03,2674900,43.71,44.08,43.59,44.03,2674900,0,1
2005-03-09,43.95,44.2,43.92,44.02,3025000,43.95,44.2,43.92,44.02,3025000,0,1
2005-03-10,44.16,44.25,44,44.2,2065000,44.16,44.25,44,44.2,2065000,0,1
2005-03-11,44.31,44.67,44.28,44.43,2659600,44.31,44.67,44.28,44.43,2659600,0,1
2005-03-14,44.26,44.26,43.95,44.03,866600,44.26,44.26,43.95,44.03,866600,0,1
2005-03-15,44.23,44.23,43.93,44.06,1254900,44.23,44.23,43.93,44.06,1254900,0,1
2005-03-16,44.29,44.35,44.2,44.31,2223300,44.29,44.35,44.2,44.31,2223300,0,1
2005-03-17,43.97,43.97,43.674,43.82,1525200,43.97,43.97,43.674,43.82,1525200,0,1
2005-03-18,43.61,43.95,43.6,43.892,1207500,43.61,43.95,43.6,43.892,1207500,0,1
2005-03-21,43.24,43.25,42.87,43.09,3814400,43.24,43.25,42.87,43.09,3814400,0,1
2005-03-22,43.21,43.22,42.55,42.65,2609400,43.21,43.22,42.55,42.65,2609400,0,1
2005-03-23,42.6,42.67,42.35,42.42,2618600,42.6,42.67,42.35,42.42,2618600,0,1
2005-03-24,42.51,42.54,42.37,42.39,1466300,42.51,42.54,42.37,42.39,1466300,0,1
2005-03-28,42.45,42.58,42.41,42.54,581100,42.45,42.58,42.41,42.54,581100,0,1
2005-03-29,42.61,42.63,42.54,42.56,1197800,42.61,42.63,42.54,42.56,1197800,0,1
2005-03-30,42.65,42.81,42.56,42.61,1324300,42.65,42.81,42.56,42.61,1324300,0,1
2005-03-31,42.87,42.87,42.7,42.82,1363200,42.87,42.87,42.7,42.82,1363200,0,1
2005-04-01,42.6,42.62,42.45,42.62,2448500,42.6,42.62,42.45,42.62,2448500,0,1
2005-04-04,42.43,42.43,42.23,42.4,1893100,42.43,42.43,42.23,42.4,1893100,0,1
2005-04-05,42.49,42.54,42.38,42.45,888000,42.49,42.54,42.38,42.45,888000,0,1
2005-04-06,42.49,42.72,42.49,42.63,1637500,42.49,42.72,42.49,42.63,1637500,0,1
2005-04-07,42.77,42.81,42.53,42.57,2853000,42.77,42.81,42.53,42.57,2853000,0,1
2005-04-08,42.48,42.71,42.459,42.69,1002100,42.48,42.71,42.459,42.69,1002100,0,1
2005-04-11,42.84,42.96,42.74,42.78,514100,42.84,42.96,42.74,42.78,514100,0,1
2005-04-12,42.7,42.84,42.61,42.84,2098700,42.7,42.84,42.61,42.84,2098700,0,1
2005-04-13,42.76,42.95,42.68,42.9,384000,42.76,42.95,42.68,42.9,384000,0,1
2005-04-14,42.45,42.48,42.16,42.31,3679800,42.45,42.48,42.16,42.31,3679800,0,1
2005-04-15,42.38,42.56,42.36,42.4,1811100,42.38,42.56,42.36,42.4,1811100,0,1
2005-04-18,42.55,42.78,42.52,42.69,909800,42.55,42.78,42.52,42.69,909800,0,1
2005-04-19,42.79,43.36,42.72,43.28,3145400,42.79,43.36,42.72,43.28,3145400,0,1
2005-04-20,43.21,43.52,43.19,43.4,1248100,43.21,43.52,43.19,43.4,1248100,0,1
2005-04-21,43.42,43.42,43.15,43.23,1550600,43.42,43.42,43.15,43.23,1550600,0,1
2005-04-22,43.46,43.5,43.306,43.39,1169000,43.46,43.5,43.306,43.39,1169000,0,1
2005-04-25,43.35,43.45,43.22,43.44,906300,43.35,43.45,43.22,43.44,906300,0,1
2005-04-26,43.69,43.7,43.5,43.64,1531400,43.69,43.7,43.5,43.64,1531400,0,1
2005-04-27,43.53,43.54,43.12,43.2,2762500,43.53,43.54,43.12,43.2,2762500,0,1
2005-04-28,43.16,43.27,42.99,43,2260300,43.16,43.27,42.99,43,2260300,0,1
2005-04-29,43.18,43.61,43.18,43.35,3736700,43.18,43.61,43.18,43.35,3736700,0,1
2005-05-02,43.13,43.17,42.81,42.88,1707400,43.13,43.17,42.81,42.88,1707400,0,1
2005-05-03,42.75,42.8,42.58,42.76,1268700,42.75,42.8,42.58,42.76,1268700,0,1
2005-05-04,42.87,42.92,42.73,42.9,607600,42.87,42.92,42.73,42.9,607600,0,1
2005-05-05,42.96,42.96,42.71,42.91,319300,42.96,42.96,42.71,42.91,319300,0,1
2005-05-06,42.43,42.63,42.34,42.52,3722700,42.43,42.63,42.34,42.52,3722700,0,1
2005-05-09,42.54,42.61,42.48,42.55,600000,42.54,42.61,42.48,42.55,600000,0,1
2005-05-10,42.71,42.79,42.58,42.64,461000,42.71,42.79,42.58,42.64,461000,0,1
2005-05-11,42.55,42.83,42.51,42.69,764600,42.55,42.83,42.51,42.69,764600,0,1
2005-05-12,42.42,42.48,41.97,42.16,1878700,42.42,42.48,41.97,42.16,1878700,0,1
2005-05-13,42.12,42.12,41.83,41.95,802600,42.12,42.12,41.83,41.95,802600,0,1
2005-05-16,41.77,41.9,41.77,41.88,874500,41.77,41.9,41.77,41.88,874500,0,1
2005-05-17,41.95,42.05,41.83,41.86,880800,41.95,42.05,41.83,41.86,880800,0,1
2005-05-18,41.99,42.11,41.83,42.05,2207100,41.99,42.11,41.83,42.05,2207100,0,1
2005-05-19,42,42.05,41.87,41.98,610200,42,42.05,41.87,41.98,610200,0,1
2005-05-20,41.76,41.83,41.61,41.65,932800,41.76,41.83,41.61,41.65,932800,0,1
2005-05-23,41.69,41.75,41.55,41.62,5001900,41.69,41.75,41.55,41.62,5001900,0,1
2005-05-24,41.83,41.83,41.65,41.73,1684600,41.83,41.83,41.65,41.73,1684600,0,1
2005-05-25,41.78,41.9,41.69,41.87,1535100,41.78,41.9,41.69,41.87,1535100,0,1
2005-05-26,41.73,41.81,41.65,41.69,341500,41.73,41.81,41.65,41.69,341500,0,1
2005-05-27,41.81,41.96,41.74,41.88,2453600,41.81,41.96,41.74,41.88,2453600,0,1
2005-05-31,41.45,41.69,41.33,41.65,3198900,41.45,41.69,41.33,41.65,3198900,0,1
2005-06-01,41.41,41.65,41.4,41.53,1787900,41.41,41.65,41.4,41.53,1787900,0,1
2005-06-02,41.94,42.28,41.91,42.1,5752600,41.94,42.28,41.91,42.1,5752600,0,1
2005-06-03,42.33,42.39,42.17,42.17,3350700,42.33,42.39,42.17,42.17,3350700,0,1
2005-06-06,42.56,42.65,42.45,42.48,2470800,42.56,42.65,42.45,42.48,2470800,0,1
2005-06-07,42.48,42.48,42.31,42.38,611000,42.48,42.48,42.31,42.38,611000,0,1
2005-06-08,42.45,42.56,42.24,42.34,691500,42.45,42.56,42.24,42.34,691500,0,1
2005-06-09,42.24,42.4,42.03,42.27,694700,42.24,42.4,42.03,42.27,694700,0,1
2005-06-10,42.25,42.72,42.12,42.62,1678000,42.25,42.72,42.12,42.62,1678000,0,1
2005-06-13,42.81,43.01,42.7,42.78,2331600,42.81,43.01,42.7,42.78,2331600,0,1
2005-06-14,42.66,42.7,42.58,42.6,825500,42.66,42.7,42.58,42.6,825500,0,1
2005-06-15,42.69,42.89,42.67,42.74,2311400,42.69,42.89,42.67,42.74,2311400,0,1
2005-06-16,43.3,43.55,43.17,43.46,1809200,43.3,43.55,43.17,43.46,1809200,0,1
2005-06-17,43.78,43.85,43.61,43.63,1816500,43.78,43.85,43.61,43.63,1816500,0,1
2005-06-20,43.94,43.94,43.66,43.66,1433700,43.94,43.94,43.66,43.66,1433700,0,1
2005-06-21,43.58,43.82,43.42,43.81,672600,43.58,43.82,43.42,43.81,672600,0,1
2005-06-22,43.66,43.76,43.53,43.72,1258500,43.66,43.76,43.53,43.72,1258500,0,1
2005-06-23,43.84,44.13,43.78,44.02,1576600,43.84,44.13,43.78,44.02,1576600,0,1
2005-06-24,43.96,44.06,43.68,43.9,473500,43.96,44.06,43.68,43.9,473500,0,1
2005-06-27,43.9,43.93,43.73,43.91,1016600,43.9,43.93,43.73,43.91,1016600,0,1
2005-06-28,43.64,43.64,43.37,43.45,1295600,43.64,43.64,43.37,43.45,1295600,0,1
2005-06-29,43.49,43.7,43.46,43.63,1199800,43.49,43.7,43.46,43.63,1199800,0,1
2005-06-30,43.63,43.77,43.36,43.44,1087500,43.63,43.77,43.36,43.44,1087500,0,1
2005-07-01,43.4,43.4,42.59,42.7,1755100,43.4,43.4,42.59,42.7,1755100,0,1
2005-07-05,42.33,42.34,42.06,42.28,2582700,42.33,42.34,42.06,42.28,2582700,0,1
2005-07-06,42.36,42.38,42.24,42.25,1254600,42.36,42.38,42.24,42.25,1254600,0,1
2005-07-07,42.47,42.56,42.05,42.36,4345200,42.47,42.56,42.05,42.36,4345200,0,1
2005-07-08,42.32,42.4,42.12,42.26,824200,42.32,42.4,42.12,42.26,824200,0,1
2005-07-11,42.33,42.57,42.28,42.54,2252900,42.33,42.57,42.28,42.54,2252900,0,1
2005-07-12,42.61,42.64,42.4,42.64,1274200,42.61,42.64,42.4,42.64,1274200,0,1
2005-07-13,42.35,42.38,42.25,42.35,981300,42.35,42.38,42.25,42.35,981300,0,1
2005-07-14,42.33,42.36,41.8,41.9,1642600,42.33,42.36,41.8,41.9,1642600,0,1
2005-07-15,41.76,42.07,41.7,42.05,1104800,41.76,42.07,41.7,42.05,1104800,0,1
2005-07-18,41.96,42.17,41.94,42.01,956400,41.96,42.17,41.94,42.01,956400,0,1
2005-07-19,41.88,42,41.81,41.89,1132600,41.88,42,41.81,41.89,1132600,0,1
2005-07-20,42.16,42.25,42.05,42.2,2266800,42.16,42.25,42.05,42.2,2266800,0,1
2005-07-21,42.43,42.51,42.33,42.46,1777300,42.43,42.51,42.33,42.46,1777300,0,1
2005-07-22,42.45,42.48,42.34,42.45,633300,42.45,42.48,42.34,42.45,633300,0,1
2005-07-25,42.46,42.56,42.43,42.51,2122100,42.46,42.56,42.43,42.51,2122100,0,1
2005-07-26,42.28,42.37,42.14,42.25,637000,42.28,42.37,42.14,42.25,637000,0,1
2005-07-27,42.3,42.5,42.3,42.44,1560600,42.3,42.5,42.3,42.44,1560600,0,1
2005-07-28,42.46,42.79,42.46,42.75,3673300,42.46,42.79,42.46,42.75,3673300,0,1
2005-07-29,42.83,42.96,42.79,42.82,1185100,42.83,42.96,42.79,42.82,1185100,0,1
2005-08-01,43.08,43.17,42.99,43.13,1493900,43.08,43.17,42.99,43.13,1493900,0,1
2005-08-02,43.07,43.15,42.99,43.14,699600,43.07,43.15,42.99,43.14,699600,0,1
2005-08-03,43.38,43.62,43.35,43.53,1545900,43.38,43.62,43.35,43.53,1545900,0,1
2005-08-04,43.68,43.82,43.63,43.68,867600,43.68,43.82,43.63,43.68,867600,0,1
2005-08-05,43.71,43.75,43.56,43.6,1100600,43.71,43.75,43.56,43.6,1100600,0,1
2005-08-08,43.52,43.55,43.27,43.35,1108500,43.52,43.55,43.27,43.35,1108500,0,1
2005-08-09,43.27,43.35,43.166,43.34,1305800,43.27,43.35,43.166,43.34,1305800,0,1
2005-08-10,43.5,43.66,43.45,43.65,695500,43.5,43.66,43.45,43.65,695500,0,1
2005-08-11,43.9,44.62,43.86,44.45,2186100,43.9,44.62,43.86,44.45,2186100,0,1
2005-08-12,44.49,44.72,44.43,44.49,2428500,44.49,44.72,44.43,44.49,2428500,0,1
2005-08-15,44.19,44.27,43.98,44.13,1524500,44.19,44.27,43.98,44.13,1524500,0,1
2005-08-16,44.06,44.57,44.05,44.55,1882600,44.06,44.57,44.05,44.55,1882600,0,1
2005-08-17,44.26,44.3,43.72,43.91,1990300,44.26,44.3,43.72,43.91,1990300,0,1
2005-08-18,43.94,44.14,43.82,43.83,1093500,43.94,44.14,43.82,43.83,1093500,0,1
2005-08-19,43.77,43.88,43.49,43.6,811800,43.77,43.88,43.49,43.6,811800,0,1
2005-08-22,43.84,43.95,43.66,43.7,877200,43.84,43.95,43.66,43.7,877200,0,1
2005-08-23,43.84,43.9,43.71,43.76,607700,43.84,43.9,43.71,43.76,607700,0,1
2005-08-24,43.94,43.96,43.41,43.59,894300,43.94,43.96,43.41,43.59,894300,0,1
2005-08-25,43.76,43.81,43.6,43.73,1652600,43.76,43.81,43.6,43.73,1652600,0,1
2005-08-26,43.78,43.9,43.51,43.61,1301700,43.78,43.9,43.51,43.61,1301700,0,1
2005-08-29,43.81,43.96,43.56,43.57,1585500,43.81,43.96,43.56,43.57,1585500,0,1
2005-08-30,42.96,43.07,42.81,43.01,2200400,42.96,43.07,42.81,43.01,2200400,0,1
2005-08-31,43.1,43.4,43.03,43.4,2416500,43.1,43.4,43.03,43.4,2416500,0,1
2005-09-01,43.93,44.4,43.85,44.22,2502900,43.93,44.4,43.85,44.22,2502900,0,1
2005-09-02,44.24,44.36,44.09,44.25,1414900,44.24,44.36,44.09,44.25,1414900,0,1
2005-09-06,44.42,44.42,44.19,44.27,819700,44.42,44.42,44.19,44.27,819700,0,1
2005-09-07,44.41,44.49,44.29,44.33,1300700,44.41,44.49,44.29,44.33,1300700,0,1
2005-09-08,44.72,44.78,44.47,44.6,1061200,44.72,44.78,44.47,44.6,1061200,0,1
2005-09-09,44.67,44.87,44.66,44.84,1393900,44.67,44.87,44.66,44.84,1393900,0,1
2005-09-12,44.68,44.89,44.62,44.89,752500,44.68,44.89,44.62,44.89,752500,0,1
2005-09-13,44.62,44.62,44.36,44.56,952700,44.62,44.62,44.36,44.56,952700,0,1
2005-09-14,44.82,44.96,44.66,44.96,1733800,44.82,44.96,44.66,44.96,1733800,0,1
2005-09-15,45.24,45.47,45.13,45.42,2150300,45.24,45.47,45.13,45.42,2150300,0,1
2005-09-16,45.8,45.88,45.55,45.82,2878900,45.8,45.88,45.55,45.82,2878900,0,1
2005-09-19,46.27,46.73,46.22,46.25,6072100,46.27,46.73,46.22,46.25,6072100,0,1
2005-09-20,46.52,46.52,46.22,46.23,1898900,46.52,46.52,46.22,46.23,1898900,0,1
2005-09-21,46.58,47.13,46.55,47.06,3681900,46.58,47.13,46.55,47.06,3681900,0,1
2005-09-22,46.84,46.84,46.224,46.36,2347300,46.84,46.84,46.224,46.36,2347300,0,1
2005-09-23,46.2,46.3,45.92,46.28,2352800,46.2,46.3,45.92,46.28,2352800,0,1
2005-09-26,45.84,46.61,45.84,46.57,1361200,45.84,46.61,45.84,46.57,1361200,0,1
2005-09-27,46.14,46.33,45.66,46.25,2341300,46.14,46.33,45.66,46.25,2341300,0,1
2005-09-28,46.3,46.89,46.16,46.8,3448000,46.3,46.89,46.16,46.8,3448000,0,1
2005-09-29,46.86,47.23,46.83,47.1,2947200,46.86,47.23,46.83,47.1,2947200,0,1
2005-09-30,47.09,47.2,46.65,46.7,1194400,47.09,47.2,46.65,46.7,1194400,0,1
2005-10-03,46.62,46.63,46.38,46.42,2194900,46.62,46.63,46.38,46.42,2194900,0,1
2005-10-04,46.67,46.73,46.3,46.45,1764500,46.67,46.73,46.3,46.45,1764500,0,1
2005-10-05,46.38,46.53,46.14,46.36,1692300,46.38,46.53,46.14,46.36,1692300,0,1
2005-10-06,46.62,47.26,46.62,47.21,2009500,46.62,47.26,46.62,47.21,2009500,0,1
2005-10-07,46.99,47.48,46.94,47.36,1820500,46.99,47.48,46.94,47.36,1820500,0,1
2005-10-10,47.31,47.44,47.09,47.37,1285500,47.31,47.44,47.09,47.37,1285500,0,1
2005-10-11,47.4,47.72,47.36,47.39,2826900,47.4,47.72,47.36,47.39,2826900,0,1
2005-10-12,47.53,47.64,46.82,46.85,3930500,47.53,47.64,46.82,46.85,3930500,0,1
2005-10-13,46.89,47.06,46.6,47.02,2632300,46.89,47.06,46.6,47.02,2632300,0,1
2005-10-14,46.49,46.83,46.41,46.8,2442300,46.49,46.83,46.41,46.8,2442300,0,1
2005-10-17,47.26,47.37,47.19,47.26,1784300,47.26,47.37,47.19,47.26,1784300,0,1
2005-10-18,47.09,47.18,46.93,47,1243200,47.09,47.18,46.93,47,1243200,0,1
2005-10-19,46.51,46.51,46.04,46.34,2958200,46.51,46.51,46.04,46.34,2958200,0,1
2005-10-20,46.33,46.34,45.83,45.98,1680300,46.33,46.34,45.83,45.98,1680300,0,1
2005-10-21,46.12,46.56,45.91,46.52,1409400,46.12,46.56,45.91,46.52,1409400,0,1
2005-10-24,46.39,46.73,46.31,46.39,2051300,46.39,46.73,46.31,46.39,2051300,0,1
2005-10-25,46.93,47.19,46.9,47.06,3290500,46.93,47.19,46.9,47.06,3290500,0,1
2005-10-26,47.09,47.21,46.89,46.93,2248400,47.09,47.21,46.89,46.93,2248400,0,1
2005-10-27,47.4,47.42,47.1,47.18,2464500,47.4,47.42,47.1,47.18,2464500,0,1
2005-10-28,46.87,47.26,46.82,47.22,1435000,46.87,47.26,46.82,47.22,1435000,0,1
2005-10-31,47.02,47.04,46.33,46.4,2327500,47.02,47.04,46.33,46.4,2327500,0,1
2005-11-01,46.07,46.07,45.65,45.73,3483400,46.07,46.07,45.65,45.73,3483400,0,1
2005-11-02,45.99,46.23,45.9,46.13,1008600,45.99,46.23,45.9,46.13,1008600,0,1
2005-11-03,46.06,46.08,45.75,45.96,1703300,46.06,46.08,45.75,45.96,1703300,0,1
2005-11-04,45.93,46.07,45.32,45.51,1813200,45.93,46.07,45.32,45.51,1813200,0,1
2005-11-07,45.67,45.82,45.46,45.77,816600,45.67,45.82,45.46,45.77,816600,0,1
2005-11-08,45.83,46.1,45.82,45.91,583600,45.83,46.1,45.82,45.91,583600,0,1
2005-11-09,46.12,46.65,46.03,46.56,1382700,46.12,46.65,46.03,46.56,1382700,0,1
2005-11-10,46.78,46.82,46.36,46.48,810900,46.78,46.82,46.36,46.48,810900,0,1
2005-11-11,46.55,46.8,46.439,46.8,1467300,46.55,46.8,46.439,46.8,1467300,0,1
2005-11-14,46.56,46.81,46.51,46.62,706500,46.56,46.81,46.51,46.62,706500,0,1
2005-11-15,46.8,46.83,46.53,46.66,1325400,46.8,46.83,46.53,46.66,1325400,0,1
2005-11-16,47.29,47.78,47.22,47.78,2355200,47.29,47.78,47.22,47.78,2355200,0,1
2005-11-17,48.23,48.58,48.17,48.48,4172400,48.23,48.58,48.17,48.48,4172400,0,1
2005-11-18,48.5,48.61,48.2,48.46,1453800,48.5,48.61,48.2,48.46,1453800,0,1
2005-11-21,48.69,49.02,48.5,48.99,2384900,48.69,49.02,48.5,48.99,2384900,0,1
2005-11-22,49.02,49.34,48.8501,49.32,2799500,49.02,49.34,48.8501,49.32,2799500,0,1
2005-11-23,48.8,49.25,47.92,49.15,1731700,48.8,49.25,47.92,49.15,1731700,0,1
2005-11-25,49.45,49.99,49.3,49.42,775000,49.45,49.99,49.3,49.42,775000,0,1
2005-11-28,49.3,49.75,49.26,49.74,2192000,49.3,49.75,49.26,49.74,2192000,0,1
2005-11-29,49.57,49.98,49.38,49.8,2283600,49.57,49.98,49.38,49.8,2283600,0,1
2005-11-30,49.36,49.5,49.06,49.1,1833400,49.36,49.5,49.06,49.1,1833400,0,1
2005-12-01,49.63,50.29,49.58,50.17,2557900,49.63,50.29,49.58,50.17,2557900,0,1
2005-12-02,49.93,50.34,49.89,50.32,1651900,49.93,50.34,49.89,50.32,1651900,0,1
2005-12-05,50.43,50.8,50.29,50.78,1847500,50.43,50.8,50.29,50.78,1847500,0,1
2005-12-06,50.38,50.95,50.21,50.89,2493600,50.38,50.95,50.21,50.89,2493600,0,1
2005-12-07,51.22,51.5,51.1,51.32,2279800,51.22,51.5,51.1,51.32,2279800,0,1
2005-12-08,51.34,51.95,51.26,51.9,3046000,51.34,51.95,51.26,51.9,3046000,0,1
2005-12-09,52.31,52.9,52.03,52.4,5882400,52.31,52.9,52.03,52.4,5882400,0,1
2005-12-12,53.09,53.76,52.25,52.56,7504600,53.09,53.76,52.25,52.56,7504600,0,1
2005-12-13,52.2,53.23,51.56,51.65,6162100,52.2,53.23,51.56,51.65,6162100,0,1
2005-12-14,50.95,51.2,50.25,50.35,6994000,50.95,51.2,50.25,50.35,6994000,0,1
2005-12-15,50.48,50.79,50.11,50.24,4728500,50.48,50.79,50.11,50.24,4728500,0,1
2005-12-16,50.32,50.59,49.93,50.09,2688000,50.32,50.59,49.93,50.09,2688000,0,1
2005-12-19,50.58,50.75,50.12,50.22,2077100,50.58,50.75,50.12,50.22,2077100,0,1
2005-12-20,50.35,50.4,49,49.04,4317900,50.35,50.4,49,49.04,4317900,0,1
2005-12-21,49.12,49.45,48.8,49.37,3956400,49.12,49.45,48.8,49.37,3956400,0,1
2005-12-22,49.51,50.3,49.47,50.14,2965300,49.51,50.3,49.47,50.14,2965300,0,1
2005-12-23,50.1,50.46,50.08,50.12,2877600,50.1,50.46,50.08,50.12,2877600,0,1
2005-12-27,50.65,50.7,50.5,50.64,4403700,50.65,50.7,50.5,50.64,4403700,0,1
2005-12-28,51.51,51.61,51.18,51.47,5060900,51.51,51.61,51.18,51.47,5060900,0,1
2005-12-29,51.48,51.58,50.92,51.47,3280200,51.48,51.58,50.92,51.47,3280200,0,1
2005-12-30,51.19,51.72,51.17,51.58,2635900,51.19,51.72,51.17,51.58,2635900,0,1
2006-01-03,52.29,53.18,52.23,53.12,4606500,52.29,53.18,52.23,53.12,4606500,0,1
2006-01-04,52.87,53.34,52.62,53.3,5287900,52.87,53.34,52.62,53.3,5287900,0,1
2006-01-05,52.56,52.72,52.1,52.34,7661800,52.56,52.72,52.1,52.34,7661800,0,1
2006-01-06,53.14,53.87,53.04,53.72,4629800,53.14,53.87,53.04,53.72,4629800,0,1
2006-01-09,53.46,54.99,53.31,54.6,5394200,53.46,54.99,53.31,54.6,5394200,0,1
2006-01-10,53.96,54.38,53.76,54.06,5700600,53.96,54.38,53.76,54.06,5700600,0,1
2006-01-11,54.24,54.77,54.07,54.53,4209500,54.24,54.77,54.07,54.53,4209500,0,1
2006-01-12,54.21,54.6399,54.01,54.43,3603000,54.21,54.6399,54.01,54.43,3603000,0,1
2006-01-13,54.55,55.56,54.51,55.44,4346200,54.55,55.56,54.51,55.44,4346200,0,1
2006-01-17,55.25,55.87,55.03,55.26,5130400,55.25,55.87,55.03,55.26,5130400,0,1
2006-01-18,54.64,54.73,54.01,54.51,4565200,54.64,54.73,54.01,54.51,4565200,0,1
2006-01-19,54.96,55.71,54.95,55.59,5290700,54.96,55.71,54.95,55.59,5290700,0,1
2006-01-20,56.12,56.6,55.02,55.2,7270600,56.12,56.6,55.02,55.2,7270600,0,1
2006-01-23,55.59,55.9,55.26,55.77,4968500,55.59,55.9,55.26,55.77,4968500,0,1
2006-01-24,55.5,55.73,55.27,55.73,3419100,55.5,55.73,55.27,55.73,3419100,0,1
2006-01-25,56.22,56.53,55.74,56.14,10005200,56.22,56.53,55.74,56.14,10005200,0,1
2006-01-26,55.53,55.91,55.27,55.88,4306500,55.53,55.91,55.27,55.88,4306500,0,1
2006-01-27,55.97,56.23,55.47,55.63,4285400,55.97,56.23,55.47,55.63,4285400,0,1
2006-01-30,55.97,56.7,55.9501,56.68,3969200,55.97,56.7,55.9501,56.68,3969200,0,1
2006-01-31,56.57,57.05,56.53,56.7,5011700,56.57,57.05,56.53,56.7,5011700,0,1
2006-02-01,56.83,56.9,56.08,56.7,4700900,56.83,56.9,56.08,56.7,4700900,0,1
2006-02-02,57.04,57.3,56.67,56.98,5114300,57.04,57.3,56.67,56.98,5114300,0,1
2006-02-03,57.07,57.2,56.25,56.5,5054000,57.07,57.2,56.25,56.5,5054000,0,1
2006-02-06,56.76,57.1499,56.65,56.72,3455200,56.76,57.1499,56.65,56.72,3455200,0,1
2006-02-07,55.9,55.92,54.33,54.6,10197200,55.9,55.92,54.33,54.6,10197200,0,1
2006-02-08,54.7,55.08,54.41,54.83,5375900,54.7,55.08,54.41,54.83,5375900,0,1
2006-02-09,55.72,56.45,55.55,56.18,5299300,55.72,56.45,55.55,56.18,5299300,0,1
2006-02-10,55.74,55.74,54.42,54.79,4328600,55.74,55.74,54.42,54.79,4328600,0,1
2006-02-13,54.64,54.9,53.55,53.72,5122900,54.64,54.9,53.55,53.72,5122900,0,1
2006-02-14,53.94,54.53,53.68,54.49,3611000,53.94,54.53,53.68,54.49,3611000,0,1
2006-02-15,54.3,54.3,53.33,53.76,4813900,54.3,54.3,53.33,53.76,4813900,0,1
2006-02-16,53.42,54.54,53.42,54.52,5589300,53.42,54.54,53.42,54.52,5589300,0,1
2006-02-17,54.67,55.2,54.6,54.96,3927200,54.67,55.2,54.6,54.96,3927200,0,1
2006-02-21,55.12,55.34,55,55.12,3352600,55.12,55.34,55,55.12,3352600,0,1
2006-02-22,54.97,55.35,54.86,55.34,3835700,54.97,55.35,54.86,55.34,3835700,0,1
2006-02-23,55.08,55.11,54.55,54.64,2428700,55.08,55.11,54.55,54.64,2428700,0,1
2006-02-24,55.21,55.71,55.03,55.64,4927100,55.21,55.71,55.03,55.64,4927100,0,1
2006-02-27,55.26,55.32,55.01,55.22,2291600,55.26,55.32,55.01,55.22,2291600,0,1
2006-02-28,55.43,56.07,55.3,56.07,3425900,55.43,56.07,55.3,56.07,3425900,0,1
2006-03-01,56.02,56.42,55.92,56.1,4266500,56.02,56.42,55.92,56.1,4266500,0,1
2006-03-02,56.25,56.82,55.99,56.74,3862000,56.25,56.82,55.99,56.74,3862000,0,1
2006-03-03,56.48,56.54,56.2,56.28,3102800,56.48,56.54,56.2,56.28,3102800,0,1
2006-03-06,56.3,56.45,54.96,55.23,5432000,56.3,56.45,54.96,55.23,5432000,0,1
2006-03-07,55.33,55.33,54.55,54.95,4385400,55.33,55.33,54.55,54.95,4385400,0,1
2006-03-08,54.18,54.27,53.56,53.97,6712100,54.18,54.27,53.56,53.97,6712100,0,1
2006-03-09,54.6,54.78,54.13,54.24,3799200,54.6,54.78,54.13,54.24,3799200,0,1
2006-03-10,53.22,53.97,53.15,53.83,6489200,53.22,53.97,53.15,53.83,6489200,0,1
2006-03-13,54.09,54.46,53.92,54.31,2425700,54.09,54.46,53.92,54.31,2425700,0,1
2006-03-14,54.23,55,54.2,54.87,2671700,54.23,55,54.2,54.87,2671700,0,1
2006-03-15,55.41,55.44,54.98,55.12,4706800,55.41,55.44,54.98,55.12,4706800,0,1
2006-03-16,55.15,55.34,54.49,55.34,3342200,55.15,55.34,54.49,55.34,3342200,0,1
2006-03-17,55.28,55.33,54.93,55.12,2236000,55.28,55.33,54.93,55.12,2236000,0,1
2006-03-20,55.01,55.4,54.98,55.17,1884000,55.01,55.4,54.98,55.17,1884000,0,1
2006-03-21,54.71,55.28,54.4,54.83,4518900,54.71,55.28,54.4,54.83,4518900,0,1
2006-03-22,54.75,54.93,54.6,54.75,1077300,54.75,54.93,54.6,54.75,1077300,0,1
2006-03-23,54.36,54.85,54.24,54.7,4000800,54.36,54.85,54.24,54.7,4000800,0,1
2006-03-24,55.15,55.83,55.1,55.71,3785000,55.15,55.83,55.1,55.71,3785000,0,1
2006-03-27,56.21,56.55,56.18,56.39,4081900,56.21,56.55,56.18,56.39,4081900,0,1
2006-03-28,56.6,56.63,55.92,56.06,3419700,56.6,56.63,55.92,56.06,3419700,0,1
2006-03-29,56.34,57.15,56.25,57.07,5536700,56.34,57.15,56.25,57.07,5536700,0,1
2006-03-30,57.98,58.7,57.81,58.6,5875300,57.98,58.7,57.81,58.6,5875300,0,1
2006-03-31,58.07,58.31,57.56,58.1,5076400,58.07,58.31,57.56,58.1,5076400,0,1
2006-04-03,58.63,58.93,58.4,58.47,4894500,58.63,58.93,58.4,58.47,4894500,0,1
2006-04-04,58.44,58.76,58.18,58.33,5094500,58.44,58.76,58.18,58.33,5094500,0,1
2006-04-05,58.64,58.71,58,58.66,6660300,58.64,58.71,58,58.66,6660300,0,1
2006-04-06,58.97,59.34,58.85,59.28,5644000,58.97,59.34,58.85,59.28,5644000,0,1
2006-04-07,58.67,58.82,58.22,58.59,3427000,58.67,58.82,58.22,58.59,3427000,0,1
2006-04-10,59.38,59.65,58.95,59.6,3682000,59.38,59.65,58.95,59.6,3682000,0,1
2006-04-11,59.52,59.85,59,59.01,5023400,59.52,59.85,59,59.01,5023400,0,1
2006-04-12,59.45,59.71,59.15,59.43,3709300,59.45,59.71,59.15,59.43,3709300,0,1
2006-04-13,59.13,59.6,58.87,59.5,2812500,59.13,59.6,58.87,59.5,2812500,0,1
2006-04-17,60.38,61.3,60.2,61.09,6072600,60.38,61.3,60.2,61.09,6072600,0,1
2006-04-18,61.25,61.93,61.0601,61.85,5130700,61.25,61.93,61.0601,61.85,5130700,0,1
2006-04-19,62.23,63.95,61.9,63.75,11285100,62.23,63.95,61.9,63.75,11285100,0,1
2006-04-20,63.45,63.45,60.44,60.96,12977900,63.45,63.45,60.44,60.96,12977900,0,1
2006-04-21,62.15,63.28,61.78,63.2,7528100,62.15,63.28,61.78,63.2,7528100,0,1
2006-04-24,62.34,62.53,61.6,61.65,7385300,62.34,62.53,61.6,61.65,7385300,0,1
2006-04-25,62.93,63.1799,62.18,62.78,5611200,62.93,63.1799,62.18,62.78,5611200,0,1
2006-04-26,63.06,63.79,63.04,63.65,5795200,63.06,63.79,63.04,63.65,5795200,0,1
2006-04-27,62.89,64,62.77,62.96,6421200,62.89,64,62.77,62.96,6421200,0,1
2006-04-28,63.93,65.27,63.83,65.09,8378000,63.93,65.27,63.83,65.09,8378000,0,1
2006-05-01,65.72,65.83,64.98,65.16,7556200,65.72,65.83,64.98,65.16,7556200,0,1
2006-05-02,65.61,66.57,65.56,66.55,6194800,65.61,66.57,65.56,66.55,6194800,0,1
2006-05-03,67.14,67.14,65.33,66.46,11554600,67.14,67.14,65.33,66.46,11554600,0,1
2006-05-04,66.85,67.67,66.22,67.48,14123500,66.85,67.67,66.22,67.48,14123500,0,1
2006-05-05,67.56,68.01,67.06,67.99,9270900,67.56,68.01,67.06,67.99,9270900,0,1
2006-05-08,67.28,67.61,66.75,67.56,6528700,67.28,67.61,66.75,67.56,6528700,0,1
2006-05-09,68.55,69.72,68.45,69.68,12056900,68.55,69.72,68.45,69.68,12056900,0,1
2006-05-10,69.32,70.49,69.27,70.38,10312100,69.32,70.49,69.27,70.38,10312100,0,1
2006-05-11,72.05,72.15,71,71.03,17781400,72.05,72.15,71,71.03,17781400,0,1
2006-05-12,71.89,72.26,70.2,71.12,20635500,71.89,72.26,70.2,71.12,20635500,0,1
2006-05-15,68.7,69.3,67.32,67.41,18383800,68.7,69.3,67.32,67.41,18383800,0,1
2006-05-16,68.32,70.8,67.87,68.61,12221900,68.32,70.8,67.87,68.61,12221900,0,1
2006-05-17,69.51,70.17,68,68.15,16414700,69.51,70.17,68,68.15,16414700,0,1
2006-05-18,68.65,69.1,67.36,67.46,12720700,68.65,69.1,67.36,67.46,12720700,0,1
2006-05-19,65.7,66.05,63.55,65.58,18687500,65.7,66.05,63.55,65.58,18687500,0,1
2006-05-22,64.42,65.81,63.8,65.3,11977700,64.42,65.81,63.8,65.3,11977700,0,1
2006-05-23,66.08,67.16,65.91,66.38,10509700,66.08,67.16,65.91,66.38,10509700,0,1
2006-05-24,64.91,65.16,63.22,64.06,11065600,64.91,65.16,63.22,64.06,11065600,0,1
2006-05-25,63.93,64.76,63.76,64.7,6505400,63.93,64.76,63.76,64.7,6505400,0,1
2006-05-26,64.66,65.35,63.75,65.1,5265900,64.66,65.35,63.75,65.1,5265900,0,1
2006-05-30,65.2,66.24,65,65.11,8240200,65.2,66.24,65,65.11,8240200,0,1
2006-05-31,65.53,65.59,62.65,64.23,7573300,65.53,65.59,62.65,64.23,7573300,0,1
2006-06-01,62.42,62.97,61.8,62.56,11751400,62.42,62.97,61.8,62.56,11751400,0,1
2006-06-02,63.13,65.56,62.53,63.5,6958900,63.13,65.56,62.53,63.5,6958900,0,1
2006-06-05,64.05,64.19,63.08,63.29,6018600,64.05,64.19,63.08,63.29,6018600,0,1
2006-06-06,62.58,62.67,62.16,62.55,7175100,62.58,62.67,62.16,62.55,7175100,0,1
2006-06-07,61.57,62.85,61.35,62.28,10172700,61.57,62.85,61.35,62.28,10172700,0,1
2006-06-08,61.47,61.53,60.43,60.91,14228500,61.47,61.53,60.43,60.91,14228500,0,1
2006-06-09,61.12,61.38,59.76,59.76,7414800,61.12,61.38,59.76,59.76,7414800,0,1
2006-06-12,60.78,60.84,58.44,60.03,4122500,60.78,60.84,58.44,60.03,4122500,0,1
2006-06-13,58.1,58.65,55.81,55.92,26220600,58.1,58.65,55.81,55.92,26220600,0,1
2006-06-14,56.7,56.91,55.05,55.62,12655100,56.7,56.91,55.05,55.62,12655100,0,1
2006-06-15,57.12,58,56.33,57.32,11907900,57.12,58,56.33,57.32,11907900,0,1
2006-06-16,57.35,57.93,56.43,57.68,7319400,57.35,57.93,56.43,57.68,7319400,0,1
2006-06-19,56.85,57.25,56.15,56.36,5737400,56.85,57.25,56.15,56.36,5737400,0,1
2006-06-20,56.52,57.48,56.16,57.3,11072400,56.52,57.48,56.16,57.3,11072400,0,1
2006-06-21,56.97,58.77,56.62,58.33,6162100,56.97,58.77,56.62,58.33,6162100,0,1
2006-06-22,58.25,58.61,57.46,57.73,5374800,58.25,58.61,57.46,57.73,5374800,0,1
2006-06-23,57.27,58.3,57.27,57.99,6106700,57.27,58.3,57.27,57.99,6106700,0,1
2006-06-26,58.31,58.33,57.42,58.28,3423700,58.31,58.33,57.42,58.28,3423700,0,1
2006-06-27,58.71,59.26,57.61,57.68,6515900,58.71,59.26,57.61,57.68,6515900,0,1
2006-06-28,58.15,58.19,57.35,57.54,2898900,58.15,58.19,57.35,57.54,2898900,0,1
2006-06-29,58,59.78,58,59.52,10748500,58,59.78,58,59.52,10748500,0,1
2006-06-30,60.87,61.35,60.68,61.23,7773800,60.87,61.35,60.68,61.23,7773800,0,1
2006-07-03,61.99,62.7,61.88,62.18,3078500,61.99,62.7,61.88,62.18,3078500,0,1
2006-07-05,62.4,62.63,61.44,62.5,8178400,62.4,62.63,61.44,62.5,8178400,0,1
2006-07-06,62.45,63.2,62.05,63.02,5686600,62.45,63.2,62.05,63.02,5686600,0,1
2006-07-07,62.98,63.05,62.25,62.63,5328700,62.98,63.05,62.25,62.63,5328700,0,1
2006-07-10,62.01,62.5,61.99,62.02,3512000,62.01,62.5,61.99,62.02,3512000,0,1
2006-07-11,62.83,64.17,62.7,63.81,5787000,62.83,64.17,62.7,63.81,5787000,0,1
2006-07-12,64.61,65.19,63.01,64.92,9450300,64.61,65.19,63.01,64.92,9450300,0,1
2006-07-13,64.75,66.38,64.11,65.55,12226800,64.75,66.38,64.11,65.55,12226800,0,1
2006-07-14,65.9,66.42,65.7,65.85,10035800,65.9,66.42,65.7,65.85,10035800,0,1
2006-07-17,64.71,65.22,63.67,63.95,9905000,64.71,65.22,63.67,63.95,9905000,0,1
2006-07-18,64.75,64.75,62.34,62.9,7639300,64.75,64.75,62.34,62.9,7639300,0,1
2006-07-19,62.57,64.24,62.48,64.03,7261300,62.57,64.24,62.48,64.03,7261300,0,1
2006-07-20,63.32,63.97,62.4,62.54,6402700,63.32,63.97,62.4,62.54,6402700,0,1
2006-07-21,63.19,63.25,61.21,61.71,6949300,63.19,63.25,61.21,61.71,6949300,0,1
2006-07-24,60.63,61.23,59.83,61.14,7281000,60.63,61.23,59.83,61.14,7281000,0,1
2006-07-25,61.34,61.6,60.5608,61.55,4737081,61.34,61.6,60.5608,61.55,4737081,0,1
2006-07-26,61.35,62.36,60.9301,62,3376000,61.35,62.36,60.9301,62,3376000,0,1
2006-07-27,63.53,63.61,62.55,62.9,4697300,63.53,63.61,62.55,62.9,4697300,0,1
2006-07-28,62.78,63.34,62.75,63.11,3156400,62.78,63.34,62.75,63.11,3156400,0,1
2006-07-31,63.12,63.35,62.44,63.16,3420200,63.12,63.35,62.44,63.16,3420200,0,1
2006-08-01,62.92,64.46,62.92,64.32,4669800,62.92,64.46,62.92,64.32,4669800,0,1
2006-08-02,65.05,65.22,64.4,64.75,5052000,65.05,65.22,64.4,64.75,5052000,0,1
2006-08-03,64,64.33,63.5452,64.12,3840600,64,64.33,63.5452,64.12,3840600,0,1
2006-08-04,64.87,64.98,64,64.28,4811100,64.87,64.98,64,64.28,4811100,0,1
2006-08-07,64.47,64.81,64.25,64.5,2493800,64.47,64.81,64.25,64.5,2493800,0,1
2006-08-08,63.98,64.57,63.85,63.97,5574200,63.98,64.57,63.85,63.97,5574200,0,1
2006-08-09,64.56,65.13,64.39,64.63,4369600,64.56,65.13,64.39,64.63,4369600,0,1
2006-08-10,64.02,64.38,62.97,63.25,6869900,64.02,64.38,62.97,63.25,6869900,0,1
2006-08-11,64.02,64.1,62.24,62.71,6962800,64.02,64.1,62.24,62.71,6962800,0,1
2006-08-14,62.39,62.9,62.02,62.25,3526100,62.39,62.9,62.02,62.25,3526100,0,1
2006-08-15,61.95,62.27,61.68,62.01,4833600,61.95,62.27,61.68,62.01,4833600,0,1
2006-08-16,62.63,62.89,62.24,62.49,3332900,62.63,62.89,62.24,62.49,3332900,0,1
2006-08-17,62.32,62.35,60.96,61.03,4215900,62.32,62.35,60.96,61.03,4215900,0,1
2006-08-18,61.49,61.5,60.3,61.04,6418400,61.49,61.5,60.3,61.04,6418400,0,1
2006-08-21,62.09,62.48,61.8,62.44,3595900,62.09,62.48,61.8,62.44,3595900,0,1
2006-08-22,62.05,62.2,61.61,62.05,4067700,62.05,62.2,61.61,62.05,4067700,0,1
2006-08-23,62.56,62.68,61.75,61.83,3573700,62.56,62.68,61.75,61.83,3573700,0,1
2006-08-24,61.98,62.06,61.45,61.75,2198000,61.98,62.06,61.45,61.75,2198000,0,1
2006-08-25,61.88,62,61.58,61.77,2127000,61.88,62,61.58,61.77,2127000,0,1
2006-08-28,61.8,61.8,60.83,61,3584600,61.8,61.8,60.83,61,3584600,0,1
2006-08-29,61,61.09,60.32,60.94,3609800,61,61.09,60.32,60.94,3609800,0,1
2006-08-30,61.49,61.66,61.0901,61.42,2901600,61.49,61.66,61.0901,61.42,2901600,0,1
2006-08-31,62,62.3,61.7274,62.29,4842300,62,62.3,61.7274,62.29,4842300,0,1
2006-09-01,61.95,62.29,61.48,62.14,3210200,61.95,62.29,61.48,62.14,3210200,0,1
2006-09-05,63.24,63.63,63.06,63.36,4219400,63.24,63.63,63.06,63.36,4219400,0,1
2006-09-06,63.22,63.52,62.83,62.86,3210900,63.22,63.52,62.83,62.86,3210900,0,1
2006-09-07,61.87,61.92,60.99,61.25,5402300,61.87,61.92,60.99,61.25,5402300,0,1
2006-09-08,60.52,60.77,60.28,60.64,3693400,60.52,60.77,60.28,60.64,3693400,0,1
2006-09-11,58.85,59.25,57.91,58.5,10580700,58.85,59.25,57.91,58.5,10580700,0,1
2006-09-12,58.65,59.09,58.18,58.31,5836200,58.65,59.09,58.18,58.31,5836200,0,1
2006-09-13,58.6,58.93,57.97,58.62,3539100,58.6,58.93,57.97,58.62,3539100,0,1
2006-09-14,58.59,58.72,57.08,57.19,7637700,58.59,58.72,57.08,57.19,7637700,0,1
2006-09-15,57.2,57.79,56.66,57.4,6454800,57.2,57.79,56.66,57.4,6454800,0,1
2006-09-18,57.47,58.39,57.42,58.23,4438700,57.47,58.39,57.42,58.23,4438700,0,1
2006-09-19,57.97,58.11,56.84,56.92,5287000,57.97,58.11,56.84,56.92,5287000,0,1
2006-09-20,57.81,58.24,57.2,57.26,5385200,57.81,58.24,57.2,57.26,5385200,0,1
2006-09-21,57.35,58.09,57.22,57.95,3870800,57.35,58.09,57.22,57.95,3870800,0,1
2006-09-22,58.7,58.75,57.99,58.5,3320300,58.7,58.75,57.99,58.5,3320300,0,1
2006-09-25,58.15,58.76,57.78,58.5,3797300,58.15,58.76,57.78,58.5,3797300,0,1
2006-09-26,58.5,58.97,58.25,58.74,2763400,58.5,58.97,58.25,58.74,2763400,0,1
2006-09-27,59.22,59.86,58.73,59.81,4656900,59.22,59.86,58.73,59.81,4656900,0,1
2006-09-28,59.88,60.27,59.57,59.79,3930900,59.88,60.27,59.57,59.79,3930900,0,1
2006-09-29,59.52,59.63,58.975,59.47,3201000,59.52,59.63,58.975,59.47,3201000,0,1
2006-10-02,59.8,59.88,59.03,59.15,2018800,59.8,59.88,59.03,59.15,2018800,0,1
2006-10-03,57.93,58.14,56.91,57.11,5233800,57.93,58.14,56.91,57.11,5233800,0,1
2006-10-04,57.47,57.52,55.55,56.37,8153900,57.47,57.52,55.55,56.37,8153900,0,1
2006-10-05,56.94,57.02,56.32,56.92,3890700,56.94,57.02,56.32,56.92,3890700,0,1
2006-10-06,56.28,57.02,55.63,56.99,4282700,56.28,57.02,55.63,56.99,4282700,0,1
2006-10-09,57.46,57.5,56.72,57.2,2689800,57.46,57.5,56.72,57.2,2689800,0,1
2006-10-10,56.55,57.28,56.48,57,3422100,56.55,57.28,56.48,57,3422100,0,1
2006-10-11,57.3,57.52,56.7,56.88,2944200,57.3,57.52,56.7,56.88,2944200,0,1
2006-10-12,56.74,57.49,56.65,57.49,2777500,56.74,57.49,56.65,57.49,2777500,0,1
2006-10-13,58.25,58.6,57.94,58.57,3078400,58.25,58.6,57.94,58.57,3078400,0,1
2006-10-16,58.93,59.18,58.72,59.17,1986300,58.93,59.18,58.72,59.17,1986300,0,1
2006-10-17,59,59.1,58.12,58.65,2657100,59,59.1,58.12,58.65,2657100,0,1
2006-10-18,58.82,59.03,58.26,58.59,3679000,58.82,59.03,58.26,58.59,3679000,0,1
2006-10-19,59.05,59.65,59.02,59.41,2952900,59.05,59.65,59.02,59.41,2952900,0,1
2006-10-20,59.45,59.48,58.65,58.78,3190500,59.45,59.48,58.65,58.78,3190500,0,1
2006-10-23,57.88,58.19,57.52,57.76,3521800,57.88,58.19,57.52,57.76,3521800,0,1
2006-10-24,57.2,58.26,56.87,58.17,3558200,57.2,58.26,56.87,58.17,3558200,0,1
2006-10-25,57.83,58.78,57.55,58.76,4384200,57.83,58.78,57.55,58.76,4384200,0,1
2006-10-26,59.03,59.45,58.98,59.29,5241100,59.03,59.45,58.98,59.29,5241100,0,1
2006-10-27,59.43,59.57,59.04,59.4,3080700,59.43,59.57,59.04,59.4,3080700,0,1
2006-10-30,60.05,60.65,59.88,59.9,4675700,60.05,60.65,59.88,59.9,4675700,0,1
2006-10-31,60.06,60.36,59.57,60.24,4603000,60.06,60.36,59.57,60.24,4603000,0,1
2006-11-01,61.03,61.55,60.68,61.36,8172300,61.03,61.55,60.68,61.36,8172300,0,1
2006-11-02,61.47,62.19,61.47,61.92,6680500,61.47,62.19,61.47,61.92,6680500,0,1
2006-11-03,61.81,62.5,61.65,62.3,7359200,61.81,62.5,61.65,62.3,7359200,0,1
2006-11-06,62.17,62.34,61.85,61.89,4078400,62.17,62.34,61.85,61.89,4078400,0,1
2006-11-07,62.35,62.48,61.97,62.04,5332400,62.35,62.48,61.97,62.04,5332400,0,1
2006-11-08,61.94,62.08,60.87,61.11,5319300,61.94,62.08,60.87,61.11,5319300,0,1
2006-11-09,62,63.13,61.94,62.95,6634800,62,63.13,61.94,62.95,6634800,0,1
2006-11-10,62.7,62.82,62.06,62.49,4437000,62.7,62.82,62.06,62.49,4437000,0,1
2006-11-13,61.93,62.25,61.77,62.19,3408800,61.93,62.25,61.77,62.19,3408800,0,1
2006-11-14,62.31,62.52,61.46,61.63,5706200,62.31,62.52,61.46,61.63,5706200,0,1
2006-11-15,61.34,62.07,61.25,61.84,3760500,61.34,62.07,61.25,61.84,3760500,0,1
2006-11-16,62.16,62.2988,61.27,61.31,4347500,62.16,62.2988,61.27,61.31,4347500,0,1
2006-11-17,61.4,61.78,61.34,61.78,3390900,61.4,61.78,61.34,61.78,3390900,0,1
2006-11-20,62.06,62.25,61.56,61.77,2947200,62.06,62.25,61.56,61.77,2947200,0,1
2006-11-21,62.25,62.52,62.03,62.27,2930400,62.25,62.52,62.03,62.27,2930400,0,1
2006-11-22,62.64,63.07,62.25,62.5,4863600,62.64,63.07,62.25,62.5,4863600,0,1
2006-11-24,63.48,63.68,63.31,63.5,6886100,63.48,63.68,63.31,63.5,6886100,0,1
2006-11-27,63.46,63.74,63.32,63.7,5249800,63.46,63.74,63.32,63.7,5249800,0,1
2006-11-28,63.58,63.71,62.82,63.57,6057400,63.58,63.71,62.82,63.57,6057400,0,1
2006-11-29,63.35,63.39,63.08,63.16,4006500,63.35,63.39,63.08,63.16,4006500,0,1
2006-11-30,64.07,64.43,63.9,64.39,6362700,64.07,64.43,63.9,64.39,6362700,0,1
2006-12-01,64.21,64.55,63.99,64.12,6363800,64.21,64.55,63.99,64.12,6363800,0,1
2006-12-04,64.03,64.14,63.56,64.12,3469100,64.03,64.14,63.56,64.12,3469100,0,1
2006-12-05,64.25,64.42,63.36,63.81,5254600,64.25,64.42,63.36,63.81,5254600,0,1
2006-12-06,63.08,63.45,62.29,62.69,6386500,63.08,63.45,62.29,62.69,6386500,0,1
2006-12-07,62.64,62.78,61.99,62.73,5384600,62.64,62.78,61.99,62.73,5384600,0,1
2006-12-08,63.08,63.34,61.87,62.05,6080900,63.08,63.34,61.87,62.05,6080900,0,1
2006-12-11,62.18,62.6,62.07,62.57,3163800,62.18,62.6,62.07,62.57,3163800,0,1
2006-12-12,62.41,62.56,62.17,62.52,3017900,62.41,62.56,62.17,62.52,3017900,0,1
2006-12-13,62.1,62.57,61.88,62.48,3595400,62.1,62.57,61.88,62.48,3595400,0,1
2006-12-14,62.29,62.47,62.04,62.12,2237300,62.29,62.47,62.04,62.12,2237300,0,1
2006-12-15,62.21,62.22,60.93,61,7427800,62.21,62.22,60.93,61,7427800,0,1
2006-12-18,60.85,61.11,60.65,61.04,3880800,60.85,61.11,60.65,61.04,3880800,0,1
2006-12-19,61.2,61.83,61.18,61.8,4254900,61.2,61.83,61.18,61.8,4254900,0,1
2006-12-20,61.64,61.8,61.45,61.62,2979300,61.64,61.8,61.45,61.62,2979300,0,1
2006-12-21,61.58,61.7,61.27,61.38,2483300,61.58,61.7,61.27,61.38,2483300,0,1
2006-12-22,61.45,61.8,61.32,61.65,1367400,61.45,61.8,61.32,61.65,1367400,0,1
2006-12-26,62.24,62.45,61.87,61.98,1975200,62.24,62.45,61.87,61.98,1975200,0,1
2006-12-27,62.31,62.46,62.17,62.22,3063500,62.31,62.46,62.17,62.22,3063500,0,1
2006-12-28,62.97,63.05,62.69,62.9,2538900,62.97,63.05,62.69,62.9,2538900,0,1
2006-12-29,62.91,63.25,62.88,63.21,2117200,62.91,63.25,62.88,63.21,2117200,0,1
2007-01-03,63.58,64.02,62,62.28,8061900,63.58,64.02,62,62.28,8061900,0,1
2007-01-04,62.07,62.5,61.52,61.65,4858600,62.07,62.5,61.52,61.65,4858600,0,1
2007-01-05,60.75,60.78,59.66,60.17,12500100,60.75,60.78,59.66,60.17,12500100,0,1
2007-01-08,60.38,60.54,59.851,60.48,3478700,60.38,60.54,59.851,60.48,3478700,0,1
2007-01-09,60.14,61.09,60.06,60.85,4170400,60.14,61.09,60.06,60.85,4170400,0,1
2007-01-10,60.46,60.82,60.06,60.59,3766000,60.46,60.82,60.06,60.59,3766000,0,1
2007-01-11,60.7,61.07,60.53,60.63,4640000,60.7,61.07,60.53,60.63,4640000,0,1
2007-01-12,61,62.28,60.9,62.17,5840200,61,62.28,60.9,62.17,5840200,0,1
2007-01-16,62.2,62.3,61.74,61.97,3201000,62.2,62.3,61.74,61.97,3201000,0,1
2007-01-17,61.97,62.9,61.97,62.64,4516200,61.97,62.9,61.97,62.64,4516200,0,1
2007-01-18,62.99,63.16,62.15,62.26,4460100,62.99,63.16,62.15,62.26,4460100,0,1
2007-01-19,62.52,63.13,62.27,63,3258400,62.52,63.13,62.27,63,3258400,0,1
2007-01-22,63.01,63.48,62.65,62.72,3941200,63.01,63.48,62.65,62.72,3941200,0,1
2007-01-23,63.68,64.29,63.67,64.23,6322000,63.68,64.29,63.67,64.23,6322000,0,1
2007-01-24,63.71,64.41,63.37,64.33,5241200,63.71,64.41,63.37,64.33,5241200,0,1
2007-01-25,64.8,64.88,63.98,64.06,5985700,64.8,64.88,63.98,64.06,5985700,0,1
2007-01-26,64.16,64.31,63.76,64.1,3493900,64.16,64.31,63.76,64.1,3493900,0,1
2007-01-29,63.85,64.29,63.66,63.77,3487300,63.85,64.29,63.66,63.77,3487300,0,1
2007-01-30,63.92,64.23,63.83,64.22,3094200,63.92,64.23,63.83,64.22,3094200,0,1
2007-01-31,63.98,64.9811,63.95,64.83,5900900,63.98,64.9811,63.95,64.83,5900900,0,1
2007-02-01,65.45,65.63,65.06,65.22,6284700,65.45,65.63,65.06,65.22,6284700,0,1
2007-02-02,64.76,64.8,63.8,64.28,9078500,64.76,64.8,63.8,64.28,9078500,0,1
2007-02-05,64.68,64.69,64.24,64.31,2553500,64.68,64.69,64.24,64.31,2553500,0,1
2007-02-06,65.05,65.1,64.53,64.79,2928800,65.05,65.1,64.53,64.79,2928800,0,1
2007-02-07,64.78,65.15,64.48,64.63,3075300,64.78,65.15,64.48,64.63,3075300,0,1
2007-02-08,64.92,65.61,64.8301,65.52,4769900,64.92,65.61,64.8301,65.52,4769900,0,1
2007-02-09,65.83,66.38,65.22,66.12,6816500,65.83,66.38,65.22,66.12,6816500,0,1
2007-02-12,66.08,66.11,65.41,65.67,4113500,66.08,66.11,65.41,65.67,4113500,0,1
2007-02-13,66.23,66.34,65.55,65.84,4143300,66.23,66.34,65.55,65.84,4143300,0,1
2007-02-14,66.27,66.66,65.97,66.37,4174600,66.27,66.66,65.97,66.37,4174600,0,1
2007-02-15,66.24,66.53,65.71,66.41,7673400,66.24,66.53,65.71,66.41,7673400,0,1
2007-02-16,66.01,66.39,65.76,66.36,3200400,66.01,66.39,65.76,66.36,3200400,0,1
2007-02-20,65.6944,66.1,65,65.31,4810700,65.6944,66.1,65,65.31,4810700,0,1
2007-02-21,65.6,67.71,65.2,67.28,11076700,65.6,67.71,65.2,67.28,11076700,0,1
2007-02-22,67.38,67.56,66.97,67.15,6562800,67.38,67.56,66.97,67.15,6562800,0,1
2007-02-23,67.9385,68.29,67.35,67.72,8126200,67.9385,68.29,67.35,67.72,8126200,0,1
2007-02-26,67.88,68.23,67.63,68.1,5254200,67.88,68.23,67.63,68.1,5254200,0,1
2007-02-27,67.0732,68.33,65.07,65.41,15208600,67.0732,68.33,65.07,65.41,15208600,0,1
2007-02-28,66.5,66.93,65.54,66.48,8924200,66.5,66.93,65.54,66.48,8924200,0,1
2007-03-01,66.1,66.75,65.58,65.82,7108000,66.1,66.75,65.58,65.82,7108000,0,1
2007-03-02,64.62,65,63.34,63.72,13732200,64.62,65,63.34,63.72,13732200,0,1
2007-03-05,63.015,63.78,62.62,62.93,9829800,63.015,63.78,62.62,62.93,9829800,0,1
2007-03-06,63.8248,64.37,63.46,64.15,6992700,63.8248,64.37,63.46,64.15,6992700,0,1
2007-03-07,64.07,64.64,63.55,64.3,6131800,64.07,64.64,63.55,64.3,6131800,0,1
2007-03-08,64.7,65.04,64.43,64.48,4285000,64.7,65.04,64.43,64.48,4285000,0,1
2007-03-09,64.71,65.22,64.15,64.25,9025500,64.71,65.22,64.15,64.25,9025500,0,1
2007-03-12,64.47,64.74,63.96,64.37,4558800,64.47,64.74,63.96,64.37,4558800,0,1
2007-03-13,64.42,64.69,63.57,63.72,4332100,64.42,64.69,63.57,63.72,4332100,0,1
2007-03-14,63.682,64.06,63.09,63.94,7417000,63.682,64.06,63.09,63.94,7417000,0,1
2007-03-15,63.9899,64.46,63.88,63.98,7037700,63.9899,64.46,63.88,63.98,7037700,0,1
2007-03-16,64.53,64.99,64.38,64.62,5040100,64.53,64.99,64.38,64.62,5040100,0,1
2007-03-19,64.79,64.94,64.63,64.74,2990500,64.79,64.94,64.63,64.74,2990500,0,1
2007-03-20,65.3366,65.54,64.93,65.27,4416300,65.3366,65.54,64.93,65.27,4416300,0,1
2007-03-21,65.38,65.9,65.12,65.82,5059000,65.38,65.9,65.12,65.82,5059000,0,1
2007-03-22,65.8,66.13,65.6,65.76,4719700,65.8,66.13,65.6,65.76,4719700,0,1
2007-03-23,65.85,65.9,64.9,65.15,5593000,65.85,65.9,64.9,65.15,5593000,0,1
2007-03-26,65.5,65.97,65.36,65.84,3928800,65.5,65.97,65.36,65.84,3928800,0,1
2007-03-27,65.75,65.97,65.5,65.7,3261700,65.75,65.97,65.5,65.7,3261700,0,1
2007-03-28,66.25,66.48,65.77,66.05,6310000,66.25,66.48,65.77,66.05,6310000,0,1
2007-03-29,65.525,66,64.93,65.65,5448300,65.525,66,64.93,65.65,5448300,0,1
2007-03-30,65.7826,66.21,65.49,65.74,4290200,65.7826,66.21,65.49,65.74,4290200,0,1
2007-04-02,65.34,66.14,65.03,65.85,5378100,65.34,66.14,65.03,65.85,5378100,0,1
2007-04-03,65.76,66.22,65.65,65.83,4141700,65.76,66.22,65.65,65.83,4141700,0,1
2007-04-04,66.56,66.98,66,66.81,7126100,66.56,66.98,66,66.81,7126100,0,1
2007-04-05,66.6,66.96,66.59,66.86,3592700,66.6,66.96,66.59,66.86,3592700,0,1
2007-04-09,66.88,67.2,66.46,66.53,3297300,66.88,67.2,66.46,66.53,3297300,0,1
2007-04-10,67.32,67.55,66.98,67.16,2741900,67.32,67.55,66.98,67.16,2741900,0,1
2007-04-11,67.2823,67.5,66.81,67.08,4357100,67.2823,67.5,66.81,67.08,4357100,0,1
2007-04-12,67.1001,67.25,66.48,66.99,6021900,67.1001,67.25,66.48,66.99,6021900,0,1
2007-04-13,67.51,67.97,67.19,67.84,5062700,67.51,67.97,67.19,67.84,5062700,0,1
2007-04-16,68.12,68.5,67.68,68.4,7912300,68.12,68.5,67.68,68.4,7912300,0,1
2007-04-17,68.33,68.48,67.98,68,4159000,68.33,68.48,67.98,68,4159000,0,1
2007-04-18,68.1,68.45,67.95,68.38,4933500,68.1,68.45,67.95,68.38,4933500,0,1
2007-04-19,68.01,68.04,67.25,67.53,5344600,68.01,68.04,67.25,67.53,5344600,0,1
2007-04-20,68.43,68.73,68.35,68.7,3358100,68.43,68.73,68.35,68.7,3358100,0,1
2007-04-23,68.4399,68.65,68.04,68.26,2487500,68.4399,68.65,68.04,68.26,2487500,0,1
2007-04-24,68.41,68.5,67.43,67.73,5073700,68.41,68.5,67.43,67.73,5073700,0,1
2007-04-25,67.96,68.06,67.66,67.89,2614100,67.96,68.06,67.66,67.89,2614100,0,1
2007-04-26,66.8401,67.43,66.5,66.87,4668000,66.8401,67.43,66.5,66.87,4668000,0,1
2007-04-27,67.1799,67.57,66.84,67.56,5231700,67.1799,67.57,66.84,67.56,5231700,0,1
2007-04-30,67.26,67.52,67.04,67.09,2605400,67.26,67.52,67.04,67.09,2605400,0,1
2007-05-01,66.7722,67,66.54,66.69,3946300,66.7722,67,66.54,66.69,3946300,0,1
2007-05-02,66.17,66.75,66.11,66.66,4499300,66.17,66.75,66.11,66.66,4499300,0,1
2007-05-03,66.84,67.62,66.68,67.49,3936200,66.84,67.62,66.68,67.49,3936200,0,1
2007-05-04,67.85,68.43,67.74,68.19,3313800,67.85,68.43,67.74,68.19,3313800,0,1
2007-05-07,68.39,68.46,68.022,68.25,1995100,68.39,68.46,68.022,68.25,1995100,0,1
2007-05-08,67.78,68.02,67.53,67.88,2475300,67.78,68.02,67.53,67.88,2475300,0,1
2007-05-09,67.71,67.84,66.922,67.45,4647500,67.71,67.84,66.922,67.45,4647500,0,1
2007-05-10,66.7101,67.11,65.8,66,5536000,66.7101,67.11,65.8,66,5536000,0,1
2007-05-11,66.33,66.66,66.13,66.45,2937300,66.33,66.66,66.13,66.45,2937300,0,1
2007-05-14,66.55,66.65,66,66.28,3597600,66.55,66.65,66,66.28,3597600,0,1
2007-05-15,66.34,66.73,65.88,66.54,2566600,66.34,66.73,65.88,66.54,2566600,0,1
2007-05-16,66.13,66.37,65.32,65.6,7268500,66.13,66.37,65.32,65.6,7268500,0,1
2007-05-17,65.2,65.6,64.72,65.06,8707000,65.2,65.6,64.72,65.06,8707000,0,1
2007-05-18,65.1,65.67,64.85,65.52,3158200,65.1,65.67,64.85,65.52,3158200,0,1
2007-05-21,65.19,65.76,65.06,65.67,10954300,65.19,65.76,65.06,65.67,10954300,0,1
2007-05-22,65.7,65.82,65.16,65.22,5886700,65.7,65.82,65.16,65.22,5886700,0,1
2007-05-23,65.6,65.89,65.45,65.54,6441800,65.6,65.89,65.45,65.54,6441800,0,1
2007-05-24,65.39,65.46,64.52,64.75,6228000,65.39,65.46,64.52,64.75,6228000,0,1
2007-05-25,65.03,65.08,64.73,64.94,4217600,65.03,65.08,64.73,64.94,4217600,0,1
2007-05-29,65.5,65.57,64.94,65.07,3343100,65.5,65.57,64.94,65.07,3343100,0,1
2007-05-30,64.68,64.86,64.6,64.72,2742800,64.68,64.86,64.6,64.72,2742800,0,1
2007-05-31,65.34,65.58,65.07,65.54,7530700,65.34,65.58,65.07,65.54,7530700,0,1
2007-06-01,66.19,66.54,65.7,66.44,5634800,66.19,66.54,65.7,66.44,5634800,0,1
2007-06-04,66.61,66.76,66.3,66.54,2626300,66.61,66.76,66.3,66.54,2626300,0,1
2007-06-05,66.56,66.7,66.23,66.37,3728100,66.56,66.7,66.23,66.37,3728100,0,1
2007-06-06,66.2,66.55,65.88,66.41,3596600,66.2,66.55,65.88,66.41,3596600,0,1
2007-06-07,66,66.4,65.16,65.26,6394300,66,66.4,65.16,65.26,6394300,0,1
2007-06-08,64.75,65.02,63.74,64.22,7313100,64.75,65.02,63.74,64.22,7313100,0,1
2007-06-11,64.5,64.87,64.34,64.7,4606600,64.5,64.87,64.34,64.7,4606600,0,1
2007-06-12,64.4,64.53,63.91,64.1,4073200,64.4,64.53,63.91,64.1,4073200,0,1
2007-06-13,63.95,64.65,63.9,64.53,2803300,63.95,64.65,63.9,64.53,2803300,0,1
2007-06-14,64.3601,64.8,63.95,64.6,2765400,64.3601,64.8,63.95,64.6,2765400,0,1
2007-06-15,64.43,64.94,64.4,64.85,3032900,64.43,64.94,64.4,64.85,3032900,0,1
2007-06-18,65.19,65.25,64.82,64.95,1791000,65.19,65.25,64.82,64.95,1791000,0,1
2007-06-19,64.79,65.56,64.75,65.48,2700900,64.79,65.56,64.75,65.48,2700900,0,1
2007-06-20,65.42,65.51,64.6,65.04,2591600,65.42,65.51,64.6,65.04,2591600,0,1
2007-06-21,64.73,65.02,64.13,64.56,2709200,64.73,65.02,64.13,64.56,2709200,0,1
2007-06-22,64.9,64.98,64.43,64.78,1890800,64.9,64.98,64.43,64.78,1890800,0,1
2007-06-25,64.48,64.74,64.22,64.43,3424900,64.48,64.74,64.22,64.43,3424900,0,1
2007-06-26,64.2,64.25,63.39,63.62,8276400,64.2,64.25,63.39,63.62,8276400,0,1
2007-06-27,63.54,63.89,63.43,63.67,4689400,63.54,63.89,63.43,63.67,4689400,0,1
2007-06-28,63.98,64.38,63.91,64.26,4231700,63.98,64.38,63.91,64.26,4231700,0,1
2007-06-29,64.29,64.64,64.15,64.27,2756400,64.29,64.64,64.15,64.27,2756400,0,1
2007-07-02,64.51,65.23,64.51,65.02,2706200,64.51,65.23,64.51,65.02,2706200,0,1
2007-07-03,65.06,65.06,64.58,64.74,1835300,65.06,65.06,64.58,64.74,1835300,0,1
2007-07-05,64.99,65,63.92,64.42,4333200,64.99,65,63.92,64.42,4333200,0,1
2007-07-06,64.18,64.97,63.88,64.96,8080700,64.18,64.97,63.88,64.96,8080700,0,1
2007-07-09,65,65.68,64.99,65.38,5280800,65,65.68,64.99,65.38,5280800,0,1
2007-07-10,65.7,65.86,65.36,65.61,4016200,65.7,65.86,65.36,65.61,4016200,0,1
2007-07-11,65.82,65.82,65.34,65.44,3647000,65.82,65.82,65.34,65.44,3647000,0,1
2007-07-12,65.89,66.29,65.45,66.02,5870600,65.89,66.29,65.45,66.02,5870600,0,1
2007-07-13,66.08,66.23,65.67,66.03,3817800,66.08,66.23,65.67,66.03,3817800,0,1
2007-07-16,66.19,66.19,65.67,65.82,4579600,66.19,66.19,65.67,65.82,4579600,0,1
2007-07-17,65.66,66.08,65.65,65.75,1878600,65.66,66.08,65.65,65.75,1878600,0,1
2007-07-18,66.11,66.8,65.9,66.62,5238700,66.11,66.8,65.9,66.62,5238700,0,1
2007-07-19,66.7,67.12,66.61,67.01,4607900,66.7,67.12,66.61,67.01,4607900,0,1
2007-07-20,67.13,68,67.12,67.58,5408600,67.13,68,67.12,67.58,5408600,0,1
2007-07-23,67.8,67.8,67.31,67.47,3892400,67.8,67.8,67.31,67.47,3892400,0,1
2007-07-24,67.72,68,67.3,67.47,3763000,67.72,68,67.3,67.47,3763000,0,1
2007-07-25,67.19,67.22,66.35,66.9,7530500,67.19,67.22,66.35,66.9,7530500,0,1
2007-07-26,66.46,66.8,64.73,65.65,10704100,66.46,66.8,64.73,65.65,10704100,0,1
2007-07-27,65.28,65.61,64.97,65.41,5341900,65.28,65.61,64.97,65.41,5341900,0,1
2007-07-30,65.37,65.92,65.07,65.77,3046800,65.37,65.92,65.07,65.77,3046800,0,1
2007-07-31,66.18,66.39,65.12,65.79,4006500,66.18,66.39,65.12,65.79,4006500,0,1
2007-08-01,65.5,66.06,65.38,65.93,6364400,65.5,66.06,65.38,65.93,6364400,0,1
2007-08-02,65.96,66.01,65.55,65.89,5331500,65.96,66.01,65.55,65.89,5331500,0,1
2007-08-03,65.85,66.92,65.85,66.69,10736000,65.85,66.92,65.85,66.69,10736000,0,1
2007-08-06,66.66,66.67,66.21,66.52,2973200,66.66,66.67,66.21,66.52,2973200,0,1
2007-08-07,66.09,66.58,65.91,66.48,4147200,66.09,66.58,65.91,66.48,4147200,0,1
2007-08-08,66.73,67.54,66.18,66.77,4252100,66.73,67.54,66.18,66.77,4252100,0,1
2007-08-09,65.95,65.95,65.24,65.46,9407200,65.95,65.95,65.24,65.46,9407200,0,1
2007-08-10,65.44,66.96,65.44,66.57,8831700,65.44,66.96,65.44,66.57,8831700,0,1
2007-08-13,66.45,66.52,66.18,66.26,3644000,66.45,66.52,66.18,66.26,3644000,0,1
2007-08-14,66.25,66.5,65.95,66.29,4749600,66.25,66.5,65.95,66.29,4749600,0,1
2007-08-15,65.78,66.43,65.57,66.13,5886400,65.78,66.43,65.57,66.13,5886400,0,1
2007-08-16,65.49,65.81,63.47,64.68,18367500,65.49,65.81,63.47,64.68,18367500,0,1
2007-08-17,64.56,65.73,64.56,65.11,6374300,64.56,65.73,64.56,65.11,6374300,0,1
2007-08-20,65.06,65.4,64.78,65.12,4475200,65.06,65.4,64.78,65.12,4475200,0,1
2007-08-21,65.18,65.3,64.73,65.07,4478600,65.18,65.3,64.73,65.07,4478600,0,1
2007-08-22,65.22,65.53,65.17,65.4,4251100,65.22,65.53,65.17,65.4,4251100,0,1
2007-08-23,65.64,65.8,65.13,65.31,3027400,65.64,65.8,65.13,65.31,3027400,0,1
2007-08-24,65.42,66.21,65.3144,66.11,3648300,65.42,66.21,65.3144,66.11,3648300,0,1
2007-08-27,66.01,66.05,65.86,65.98,1865700,66.01,66.05,65.86,65.98,1865700,0,1
2007-08-28,65.95,66.1,65.48,65.59,3473100,65.95,66.1,65.48,65.59,3473100,0,1
2007-08-29,65.89,66.2,65.73,66.07,4469800,65.89,66.2,65.73,66.07,4469800,0,1
2007-08-30,65.87,66.1,65.63,65.8,3027700,65.87,66.1,65.63,65.8,3027700,0,1
2007-08-31,66.61,66.77,66.46,66.52,4089900,66.61,66.77,66.46,66.52,4089900,0,1
2007-09-04,66.74,67.66,66.59,67.44,6640300,66.74,67.66,66.59,67.44,6640300,0,1
2007-09-05,67.44,67.62,67.18,67.56,6268300,67.44,67.62,67.18,67.56,6268300,0,1
2007-09-06,67.92,69.08,67.89,68.86,15880800,67.92,69.08,67.89,68.86,15880800,0,1
2007-09-07,69.26,70,69,69.39,14960000,69.26,70,69,69.39,14960000,0,1
2007-09-10,69.96,69.96,68.73,69.62,7598500,69.96,69.96,68.73,69.62,7598500,0,1
2007-09-11,69.86,70.7,69.52,70.52,11182400,69.86,70.7,69.52,70.52,11182400,0,1
2007-09-12,70.5,70.63,69.83,70.46,8032800,70.5,70.63,69.83,70.46,8032800,0,1
2007-09-13,70.07,70.2622,69.61,70.08,4612400,70.07,70.2622,69.61,70.08,4612400,0,1
2007-09-14,69.9,70.97,69.86,69.99,7733200,69.9,70.97,69.86,69.99,7733200,0,1
2007-09-17,70.4,71.24,70.35,70.97,7457800,70.4,71.24,70.35,70.97,7457800,0,1
2007-09-18,71.2,72,70.4,71.7,14253100,71.2,72,70.4,71.7,14253100,0,1
2007-09-19,71.74,71.8,71.25,71.43,10937800,71.74,71.8,71.25,71.43,10937800,0,1
2007-09-20,72.15,73.1,71.95,72.72,11945000,72.15,73.1,71.95,72.72,11945000,0,1
2007-09-21,72.65,73,71.47,72.34,9937400,72.65,73,71.47,72.34,9937400,0,1
2007-09-24,72.57,72.63,71.82,72.28,6475100,72.57,72.63,71.82,72.28,6475100,0,1
2007-09-25,71.82,72.59,71.64,72.33,5503500,71.82,72.59,71.64,72.33,5503500,0,1
2007-09-26,72.25,72.93,71.85,72,9418300,72.25,72.93,71.85,72,9418300,0,1
2007-09-27,72.65,72.8,72.17,72.7,5728200,72.65,72.8,72.17,72.7,5728200,0,1
2007-09-28,73.19,73.8,72.74,73.51,8837600,73.19,73.8,72.74,73.51,8837600,0,1
2007-10-01,73.49,73.98,73.29,73.9,4823700,73.49,73.98,73.29,73.9,4823700,0,1
2007-10-02,72.45,72.68,71.63,72.35,10720000,72.45,72.68,71.63,72.35,10720000,0,1
2007-10-03,72.25,72.65,71.35,71.9,8186000,72.25,72.65,71.35,71.9,8186000,0,1
2007-10-04,71.8,73.06,71.24,72.87,9178500,71.8,73.06,71.24,72.87,9178500,0,1
2007-10-05,72.8,73.64,71.88,73.4,10597200,72.8,73.64,71.88,73.4,10597200,0,1
2007-10-08,72.66,72.89,72.28,72.53,3447600,72.66,72.89,72.28,72.53,3447600,0,1
2007-10-09,72.29,73.3,71.98,73.09,7416100,72.29,73.3,71.98,73.09,7416100,0,1
2007-10-10,73.6,73.82,72.63,73.36,4615000,73.6,73.82,72.63,73.36,4615000,0,1
2007-10-11,73.98,74.59,73.28,73.91,10291400,73.98,74.59,73.28,73.91,10291400,0,1
2007-10-12,73.93,74.59,73.75,74.59,3604200,73.93,74.59,73.75,74.59,3604200,0,1
2007-10-15,74.99,75.2,74.49,75.14,6705300,74.99,75.2,74.49,75.14,6705300,0,1
2007-10-16,74.87,75.45,73.78,75.12,6622900,74.87,75.45,73.78,75.12,6622900,0,1
2007-10-17,75.31,75.66,74.31,74.5,9355300,75.31,75.66,74.31,74.5,9355300,0,1
2007-10-18,75.38,76,75.33,76,5646900,75.38,76,75.33,76,5646900,0,1
2007-10-19,76.09,76.29,74.51,75.7,9507800,76.09,76.29,74.51,75.7,9507800,0,1
2007-10-22,74.09,74.7701,73.84,74.6,8636500,74.09,74.7701,73.84,74.6,8636500,0,1
2007-10-23,75.11,75.26,74.63,75.23,3096400,75.11,75.26,74.63,75.23,3096400,0,1
2007-10-24,74.84,75.59,74.79,75.52,5660600,74.84,75.59,74.79,75.52,5660600,0,1
2007-10-25,75.94,76.62,75.06,76.03,6487800,75.94,76.62,75.06,76.03,6487800,0,1
2007-10-26,76.87,77.7395,76.67,77.69,8544200,76.87,77.7395,76.67,77.69,8544200,0,1
2007-10-29,78.27,78.32,77.65,78.12,6881000,78.27,78.32,77.65,78.12,6881000,0,1
2007-10-30,77.66,77.66,77.01,77.35,5608600,77.66,77.66,77.01,77.35,5608600,0,1
2007-10-31,77.78,78.95,76.89,78.62,8872900,77.78,78.95,76.89,78.62,8872900,0,1
2007-11-01,78.4,78.9,77.5,77.93,7545500,78.4,78.9,77.5,77.93,7545500,0,1
2007-11-02,78.55,79.9,77.48,79.83,9911400,78.55,79.9,77.48,79.83,9911400,0,1
2007-11-05,79.55,80.24,79.11,79.75,5025300,79.55,80.24,79.11,79.75,5025300,0,1
2007-11-06,81.25,81.52,80.7,81.43,7692500,81.25,81.52,80.7,81.43,7692500,0,1
2007-11-07,82.41,83.24,81.33,82.24,16512900,82.41,83.24,81.33,82.24,16512900,0,1
2007-11-08,82.98,83.63,81.73,82.23,17356200,82.98,83.63,81.73,82.23,17356200,0,1
2007-11-09,82.42,82.63,81.22,82.18,6947800,82.42,82.63,81.22,82.18,6947800,0,1
2007-11-12,79.48,80.44,78.25,78.3,17297000,79.48,80.44,78.25,78.3,17297000,0,1
2007-11-13,79.65,79.93,77.86,79.12,11438200,79.65,79.93,77.86,79.12,11438200,0,1
2007-11-14,80.6,80.68,79.9101,80.28,5703700,80.6,80.68,79.9101,80.28,5703700,0,1
2007-11-15,78.37,79.5,77.3,77.95,10908200,78.37,79.5,77.3,77.95,10908200,0,1
2007-11-16,78.71,78.85,77.17,77.75,8078000,78.71,78.85,77.17,77.75,8078000,0,1
2007-11-19,77.89,78,76.11,77.24,6088600,77.89,78,76.11,77.24,6088600,0,1
2007-11-20,78.45,80.04,77.3,79.47,12081600,78.45,80.04,77.3,79.47,12081600,0,1
2007-11-21,79.41,79.55,78.56,79.36,7264100,79.41,79.55,78.56,79.36,7264100,0,1
2007-11-23,80.39,81.61,80.02,81.25,5259700,80.39,81.61,80.02,81.25,5259700,0,1
2007-11-26,81.8,82.25,81.1301,81.3,7440200,81.8,82.25,81.1301,81.3,7440200,0,1
2007-11-27,80.38,80.89,79.81,80.1,7229900,80.38,80.89,79.81,80.1,7229900,0,1
2007-11-28,79.59,79.87,78.76,79.57,9706700,79.59,79.87,78.76,79.57,9706700,0,1
2007-11-29,78.65,79.33,78.28,78.28,9306700,78.65,79.33,78.28,78.28,9306700,0,1
2007-11-30,77.7601,78.6,76.98,77.32,9509100,77.7601,78.6,76.98,77.32,9509100,0,1
2007-12-03,77.5299,78.3,77.3,78.28,6265700,77.5299,78.3,77.3,78.28,6265700,0,1
2007-12-04,78.92,79.62,78.57,79.4,7721900,78.92,79.62,78.57,79.4,7721900,0,1
2007-12-05,78.69,79.25,78.19,78.63,7685300,78.69,79.25,78.19,78.63,7685300,0,1
2007-12-06,78.73,79.65,77.8,79.37,6840200,78.73,79.65,77.8,79.37,6840200,0,1
2007-12-07,78.9,79.6,78.19,78.6,8328500,78.9,79.6,78.19,78.6,8328500,0,1
2007-12-10,79.5301,80.3,79.13,80,4850900,79.5301,80.3,79.13,80,4850900,0,1
2007-12-11,79.83,80.46,78.68,78.84,9579200,79.83,80.46,78.68,78.84,9579200,0,1
2007-12-12,80.92,80.92,79.94,80.49,9702500,80.92,80.92,79.94,80.49,9702500,0,1
2007-12-13,79.59,79.62,78.3,78.5,9552200,79.59,79.62,78.3,78.5,9552200,0,1
2007-12-14,78.4,78.57,77.82,78.52,6827000,78.4,78.57,77.82,78.52,6827000,0,1
2007-12-17,78.13,78.79,77.81,78.13,6495900,78.13,78.79,77.81,78.13,6495900,0,1
2007-12-18,79.55,79.59,78.82,79.25,6757700,79.55,79.59,78.82,79.25,6757700,0,1
2007-12-19,79.19,79.57,78.98,79.24,5638500,79.19,79.57,78.98,79.24,5638500,0,1
2007-12-20,78.9,79.11,78.36,78.67,6345600,78.9,79.11,78.36,78.67,6345600,0,1
2007-12-21,80.19,80.32,79.92,80.1,4603300,80.19,80.32,79.92,80.1,4603300,0,1
2007-12-24,80.26,80.63,80.14,80.14,2863500,80.26,80.63,80.14,80.14,2863500,0,1
2007-12-26,81.1,81.67,81,81.52,5896700,81.1,81.67,81,81.52,5896700,0,1
2007-12-27,81.88,82.17,81.37,81.56,5050300,81.88,82.17,81.37,81.56,5050300,0,1
2007-12-28,82.38,83.02,82.35,83,5134700,82.38,83.02,82.35,83,5134700,0,1
2007-12-31,82.74,82.83,81.98,82.46,3815600,82.74,82.83,81.98,82.46,3815600,0,1
2008-01-02,83.56,85.14,83.44,84.86,12291100,83.56,85.14,83.44,84.86,12291100,0,1
2008-01-03,84.87,85.94,84.6,85.57,9553900,84.87,85.94,84.6,85.57,9553900,0,1
2008-01-04,85.38,85.55,84.43,85.13,8402200,85.38,85.55,84.43,85.13,8402200,0,1
2008-01-07,85.24,85.26,84.57,84.77,6944300,85.24,85.26,84.57,84.77,6944300,0,1
2008-01-08,86.28,87.13,86.16,86.78,9567900,86.28,87.13,86.16,86.78,9567900,0,1
2008-01-09,86.54,87.2,86.3,86.5499,10080200,86.54,87.2,86.3,86.5499,10080200,0,1
2008-01-10,86.42,88.46,86.41,88.25,12916300,86.42,88.46,86.41,88.25,12916300,0,1
2008-01-11,88.016,88.76,87.85,88.58,6978800,88.016,88.76,87.85,88.58,6978800,0,1
2008-01-14,89.41,89.94,89,89.5399,10085000,89.41,89.94,89,89.5399,10085000,0,1
2008-01-15,89.57,90.35,87.91,87.99,23853900,89.57,90.35,87.91,87.99,23853900,0,1
2008-01-16,88.17,88.66,86.32,86.7,26919000,88.17,88.66,86.32,86.7,26919000,0,1
2008-01-17,87.48,87.98,86.47,86.5001,13592300,87.48,87.98,86.47,86.5001,13592300,0,1
2008-01-18,87.165,87.46,86.51,87.42,9094500,87.165,87.46,86.51,87.42,9094500,0,1
2008-01-22,86.14,88.44,85.77,88.1699,20679600,86.14,88.44,85.77,88.1699,20679600,0,1
2008-01-23,87.16,88.67,86.73,87.89,14282000,87.16,88.67,86.73,87.89,14282000,0,1
2008-01-24,89.72,90.25,89.13,90.08,10627200,89.72,90.25,89.13,90.08,10627200,0,1
2008-01-25,90.8885,91.08,89.5,90.3,9703900,90.8885,91.08,89.5,90.3,9703900,0,1
2008-01-28,90.96,91.89,90.75,91.75,8533200,90.96,91.89,90.75,91.75,8533200,0,1
2008-01-29,91.312,91.72,90.81,91.15,9091600,91.312,91.72,90.81,91.15,9091600,0,1
2008-01-30,90.721,92.58,90.45,92.0601,14378100,90.721,92.58,90.45,92.0601,14378100,0,1
2008-01-31,90.92,91.66,90.74,91.4,7791500,90.92,91.66,90.74,91.4,7791500,0,1
2008-02-01,91.71,91.87,89.22,89.3499,19635600,91.71,91.87,89.22,89.3499,19635600,0,1
2008-02-04,88.51,89.52,88.05,89.1,10285000,88.51,89.52,88.05,89.1,10285000,0,1
2008-02-05,87.9,88.69,87.3,87.68,11170100,87.9,88.69,87.3,87.68,11170100,0,1
2008-02-06,88.98,89.65,88.75,88.9499,8787200,88.98,89.65,88.75,88.9499,8787200,0,1
2008-02-07,88.94,89.94,88.81,89.85,8971300,88.94,89.94,88.81,89.85,8971300,0,1
2008-02-08,90.02,91,89.99,91,9128200,90.02,91,89.99,91,9128200,0,1
2008-02-11,91.03,91.46,90.44,91.33,6832200,91.03,91.46,90.44,91.33,6832200,0,1
2008-02-12,90.8285,91.4,89.1,89.33,10225900,90.8285,91.4,89.1,89.33,10225900,0,1
2008-02-13,88.8801,89.99,88.67,89.44,10038800,88.8801,89.99,88.67,89.44,10038800,0,1
2008-02-14,89.39,90.11,89.35,89.71,6882500,89.39,90.11,89.35,89.71,6882500,0,1
2008-02-15,90.28,90.32,88.63,89.15,5586100,90.28,90.32,88.63,89.15,5586100,0,1
2008-02-19,91.25,91.94,90.98,91.58,8371600,91.25,91.94,90.98,91.58,8371600,0,1
2008-02-20,90.82,93.31,90.75,93.24,10632400,90.82,93.31,90.75,93.24,10632400,0,1
2008-02-21,93.37,94.22,93.02,93.25,12952200,93.37,94.22,93.02,93.25,12952200,0,1
2008-02-22,93.58,93.72,92.35,93.39,7576900,93.58,93.72,92.35,93.39,7576900,0,1
2008-02-25,93.67,93.71,92.11,92.74,11954500,93.67,93.71,92.11,92.74,11954500,0,1
2008-02-26,92.43,93.97,92.18,93.71,8452200,92.43,93.97,92.18,93.71,8452200,0,1
2008-02-27,94.56,94.94,93.97,94.78,9926500,94.56,94.94,93.97,94.78,9926500,0,1
2008-02-28,94.88,96.08,94.47,95.99,11211200,94.88,96.08,94.47,95.99,11211200,0,1
2008-02-29,95.82,96.24,95.22,96.18,9347800,95.82,96.24,95.22,96.18,9347800,0,1
2008-03-03,97.63,97.74,96.6801,97.24,11479000,97.63,97.74,96.6801,97.24,11479000,0,1
2008-03-04,97.28,97.45,94.39,95.18,21356500,97.28,97.45,94.39,95.18,21356500,0,1
2008-03-05,96.1,98.15,95.93,97.72,15354300,96.1,98.15,95.93,97.72,15354300,0,1
2008-03-06,96.98,97.29,95.26,96.5,18543500,96.98,97.29,95.26,96.5,18543500,0,1
2008-03-07,96.56,96.68,95.72,96.09,10066900,96.56,96.68,95.72,96.09,10066900,0,1
2008-03-10,95,96.34,94.88,95.87,10868400,95,96.34,94.88,95.87,10868400,0,1
2008-03-11,96.52,96.98,95.19,95.99,14343300,96.52,96.98,95.19,95.99,14343300,0,1
2008-03-12,96.58,97.38,96.24,97.01,8178200,96.58,97.38,96.24,97.01,8178200,0,1
2008-03-13,98.5,98.73,97.73,98.34,14681500,98.5,98.73,97.73,98.34,14681500,0,1
2008-03-14,98.03,99.53,98.01,98.71,17565100,98.03,99.53,98.01,98.71,17565100,0,1
2008-03-17,99.32,100.44,98,99.17,26505900,99.32,100.44,98,99.17,26505900,0,1
2008-03-18,99.35,99.51,96.35,96.5,20966100,99.35,99.51,96.35,96.5,20966100,0,1
2008-03-19,95.65,96,92.5,93.0399,37594300,95.65,96,92.5,93.0399,37594300,0,1
2008-03-20,90.73,91.65,89.8,89.9128,28830000,90.73,91.65,89.8,89.9128,28830000,0,1
2008-03-24,90.65,91.51,89.78,90.1001,14325700,90.65,91.51,89.78,90.1001,14325700,0,1
2008-03-25,91.91,92.79,91.28,92.73,15839900,91.91,92.79,91.28,92.73,15839900,0,1
2008-03-26,93.11,94,93.06,93.8,12389000,93.11,94,93.06,93.8,12389000,0,1
2008-03-27,93.51,94.09,92.95,93.46,7560500,93.51,94.09,92.95,93.46,7560500,0,1
2008-03-28,91.96,92.45,91.11,91.88,8786600,91.96,92.45,91.11,91.88,8786600,0,1
2008-03-31,92.56,92.65,89.96,90.41,11165000,92.56,92.65,89.96,90.41,11165000,0,1
2008-04-01,87.86,88.31,86.05,86.8599,23673200,87.86,88.31,86.05,86.8599,23673200,0,1
2008-04-02,87.28,89.76,87.22,89.27,13537500,87.28,89.76,87.22,89.27,13537500,0,1
2008-04-03,88.59,89.75,87.64,89.42,9324800,88.59,89.75,87.64,89.42,9324800,0,1
2008-04-04,89.48,90.34,89.31,90.25,7228200,89.48,90.34,89.31,90.25,7228200,0,1
2008-04-07,90.76,91.75,90.6,91.17,8196200,90.76,91.75,90.6,91.17,8196200,0,1
2008-04-08,90.01,90.49,89.72,90.35,5773000,90.01,90.49,89.72,90.35,5773000,0,1
2008-04-09,90.3,92.37,90.24,92.29,10572400,90.3,92.37,90.24,92.29,10572400,0,1
2008-04-10,92.32,92.56,90.97,91.77,7758500,92.32,92.56,90.97,91.77,7758500,0,1
2008-04-11,91.41,91.83,90.55,91.3,6545700,91.41,91.83,90.55,91.3,6545700,0,1
2008-04-14,91.32,91.98,91.06,91.11,4697000,91.32,91.98,91.06,91.11,4697000,0,1
2008-04-15,91.73,91.91,91.38,91.66,6635400,91.73,91.91,91.38,91.66,6635400,0,1
2008-04-16,93.19,93.71,93.01,93.27,8469200,93.19,93.71,93.01,93.27,8469200,0,1
2008-04-17,93.37,93.51,92.48,92.56,6875300,93.37,93.51,92.48,92.56,6875300,0,1
2008-04-18,89.45,90.7,88.96,90.62,11390700,89.45,90.7,88.96,90.62,11390700,0,1
2008-04-21,90.79,90.8699,89.89,90.25,11927500,90.79,90.8699,89.89,90.25,11927500,0,1
2008-04-22,90.63,91.35,90.12,90.27,14043600,90.63,91.35,90.12,90.27,14043600,0,1
2008-04-23,88.81,89.55,88.44,89.22,18170500,88.81,89.55,88.44,89.22,18170500,0,1
2008-04-24,88.26,89.91,87.1,87.22,22846600,88.26,89.91,87.1,87.22,22846600,0,1
2008-04-25,88.33,88.42,87.19,87.27,11179900,88.33,88.42,87.19,87.27,11179900,0,1
2008-04-28,87.69,88.4,87.67,87.69,8071700,87.69,88.4,87.67,87.69,8071700,0,1
2008-04-29,86.8,86.9,85.54,85.81,14689000,86.8,86.9,85.54,85.81,14689000,0,1
2008-04-30,86.14,86.79,85.11,86.65,17701500,86.14,86.79,85.11,86.65,17701500,0,1
2008-05-01,84.24,84.56,83.57,83.99,17664500,84.24,84.56,83.57,83.99,17664500,0,1
2008-05-02,83.96,84.79,83.96,84.58,8744400,83.96,84.79,83.96,84.58,8744400,0,1
2008-05-05,85.55,86.29,85.2899,86.27,7381300,85.55,86.29,85.2899,86.27,7381300,0,1
2008-05-06,86.58,87.15,86.33,86.63,10760400,86.58,87.15,86.33,86.63,10760400,0,1
2008-05-07,85.49,86.1,85.2,85.82,7218400,85.49,86.1,85.2,85.82,7218400,0,1
2008-05-08,86.76,87.4,86.42,87.24,8628600,86.76,87.4,86.42,87.24,8628600,0,1
2008-05-09,87.41,87.59,85.84,87.42,9926600,87.41,87.59,85.84,87.42,9926600,0,1
2008-05-12,86.92,87.64,86.79,86.99,5010000,86.92,87.64,86.79,86.99,5010000,0,1
2008-05-13,85.12,86.14,84.92,85.3901,7359800,85.12,86.14,84.92,85.3901,7359800,0,1
2008-05-14,85.72,85.81,85.1,85.2,8650600,85.72,85.81,85.1,85.2,8650600,0,1
2008-05-15,87.17,87.6,86.23,87,9437900,87.17,87.6,86.23,87,9437900,0,1
2008-05-16,88.52,89.3,88.02,89.1001,12075300,88.52,89.3,88.02,89.1001,12075300,0,1
2008-05-19,89.61,89.6999,88.869,89.39,5931200,89.61,89.6999,88.869,89.39,5931200,0,1
2008-05-20,89.56,91.17,89.56,90.9,10683000,89.56,91.17,89.56,90.9,10683000,0,1
2008-05-21,90.67,92.11,90.61,91.96,11346200,90.67,92.11,90.61,91.96,11346200,0,1
2008-05-22,91.23,91.63,90.5,90.98,8864400,91.23,91.63,90.5,90.98,8864400,0,1
2008-05-23,91.33,92,90.96,91.23,6062800,91.33,92,90.96,91.23,6062800,0,1
2008-05-27,89.84,89.87,89.161,89.36,7601700,89.84,89.87,89.161,89.36,7601700,0,1
2008-05-28,88.47,89.19,88.35,89.14,8104100,88.47,89.19,88.35,89.14,8104100,0,1
2008-05-29,86.95,87.6,86.1,86.51,12696700,86.95,87.6,86.1,86.51,12696700,0,1
2008-05-30,87.45,87.69,86.96,87.45,4944200,87.45,87.69,86.96,87.45,4944200,0,1
2008-06-02,87.44,88.55,87.44,87.96,5277100,87.44,88.55,87.44,87.96,5277100,0,1
2008-06-03,86.58,87.35,86.52,86.88,8396000,86.58,87.35,86.52,86.88,8396000,0,1
2008-06-04,87.09,87.415,86.56,86.65,7157500,87.09,87.415,86.56,86.65,7157500,0,1
2008-06-05,86,86.81,85.66,86.45,14130900,86,86.81,85.66,86.45,14130900,0,1
2008-06-06,88.19,89.06,87.69,89.06,17431700,88.19,89.06,87.69,89.06,17431700,0,1
2008-06-09,88.45,89.24,87.84,87.987,9172100,88.45,89.24,87.84,87.987,9172100,0,1
2008-06-10,86.32,86.76,85.11,85.55,13903800,86.32,86.76,85.11,85.55,13903800,0,1
2008-06-11,86.35,87.1,86.35,87.02,10153600,86.35,87.1,86.35,87.02,10153600,0,1
2008-06-12,85.2,86.07,84.83,85.6,9826200,85.2,86.07,84.83,85.6,9826200,0,1
2008-06-13,85.34,86.02,85.04,85.83,8429000,85.34,86.02,85.04,85.83,8429000,0,1
2008-06-16,88.15,88.2,86.97,87.01,6993700,88.15,88.2,86.97,87.01,6993700,0,1
2008-06-17,87.09,87.52,86.7,87.25,5285800,87.09,87.52,86.7,87.25,5285800,0,1
2008-06-18,87.67,88.41,87.13,88.28,7818800,87.67,88.41,87.13,88.28,7818800,0,1
2008-06-19,89.05,89.5,88.39,88.42,10520500,89.05,89.5,88.39,88.42,10520500,0,1
2008-06-20,88.95,89.61,88.77,88.95,10057800,88.95,89.61,88.77,88.95,10057800,0,1
2008-06-23,87.24,87.4,86.74,87.09,12784300,87.24,87.4,86.74,87.09,12784300,0,1
2008-06-24,87.31,88.24,87.24,87.47,7398500,87.31,88.24,87.24,87.47,7398500,0,1
2008-06-25,87.1,87.58,86.13,87.42,10897700,87.1,87.58,86.13,87.42,10897700,0,1
2008-06-26,89.63,90.86,89.5,90.61,18407600,89.63,90.86,89.5,90.61,18407600,0,1
2008-06-27,91.12,91.82,90.65,91.47,14490300,91.12,91.82,90.65,91.47,14490300,0,1
2008-06-30,91.75,91.9,90.53,91.4,7289000,91.75,91.9,90.53,91.4,7289000,0,1
2008-07-01,92.52,93.35,92.34,92.66,15479800,92.52,93.35,92.34,92.66,15479800,0,1
2008-07-02,92.36,93.33,92.13,93.17,11460400,92.36,93.33,92.13,93.17,11460400,0,1
2008-07-03,92.17,92.68,91.68,92.06,9609500,92.17,92.68,91.68,92.06,9609500,0,1
2008-07-07,90.57,91.65,90.16,91.23,12300200,90.57,91.65,90.16,91.23,12300200,0,1
2008-07-08,90.55,91.15,89.93,90.86,11215600,90.55,91.15,89.93,90.86,11215600,0,1
2008-07-09,90.88,91.64,90.86,91.5,11362800,90.88,91.64,90.86,91.5,11362800,0,1
2008-07-10,92.4,93.6,92.35,93.53,16817000,92.4,93.6,92.35,93.53,16817000,0,1
2008-07-11,95.03,95.5,94.2552,95.16,25994600,95.03,95.5,94.2552,95.16,25994600,0,1
2008-07-14,95.03,96.2,94.92,95.91,21242900,95.03,96.2,94.92,95.91,21242900,0,1
2008-07-15,96.55,97.5,95.43,96.17,30347100,96.55,97.5,95.43,96.17,30347100,0,1
2008-07-16,96.27,96.5,94.34,94.44,19897400,96.27,96.5,94.34,94.44,19897400,0,1
2008-07-17,94.7,96.51,94.07,94.22,25185100,94.7,96.51,94.07,94.22,25185100,0,1
2008-07-18,94.22,94.93,94.02,94.17,8585100,94.22,94.93,94.02,94.17,8585100,0,1
2008-07-21,94.75,95.15,94.45,95.12,7323800,94.75,95.15,94.45,95.12,7323800,0,1
2008-07-22,95.73,95.86,92.94,93.06,17553700,95.73,95.86,92.94,93.06,17553700,0,1
2008-07-23,92.64,92.79,90.44,90.57,25791800,92.64,92.79,90.44,90.57,25791800,0,1
2008-07-24,91.08,91.62,90.25,91.33,13072100,91.08,91.62,90.25,91.33,13072100,0,1
2008-07-25,91.03,91.73,90.53,91.69,7599500,91.03,91.73,90.53,91.69,7599500,0,1
2008-07-28,91.39,92,90.94,91.73,8809600,91.39,92,90.94,91.73,8809600,0,1
2008-07-29,91.23,91.27,90.09,90.59,12992200,91.23,91.27,90.09,90.59,12992200,0,1
2008-07-30,88.86,89.72,88.08,89.52,17379900,88.86,89.72,88.08,89.52,17379900,0,1
2008-07-31,91.05,91.14,89.87,90.08,10976400,91.05,91.14,89.87,90.08,10976400,0,1
2008-08-01,89.5,90.45,89.37,89.57,10893500,89.5,90.45,89.37,89.57,10893500,0,1
2008-08-04,89.08,89.68,88.04,88.14,14979800,89.08,89.68,88.04,88.14,14979800,0,1
2008-08-05,87.28,87.41,85.94,86.08,20185400,87.28,87.41,85.94,86.08,20185400,0,1
2008-08-06,86.08,87,86.01,86.64,12404200,86.08,87,86.01,86.64,12404200,0,1
2008-08-07,86.64,86.78,85.51,86.09,9961700,86.64,86.78,85.51,86.09,9961700,0,1
2008-08-08,84.35,84.68,83.83,84.43,13513900,84.35,84.68,83.83,84.43,13513900,0,1
2008-08-11,84.46,84.49,80.6,81.13,23567000,84.46,84.49,80.6,81.13,23567000,0,1
2008-08-12,80.74,81.01,79.55,80.52,20131800,80.74,81.01,79.55,80.52,20131800,0,1
2008-08-13,80.59,81.85,80.39,81.56,17007500,80.59,81.85,80.39,81.56,17007500,0,1
2008-08-14,80.71,81.0996,79.28,79.35,15542600,80.71,81.0996,79.28,79.35,15542600,0,1
2008-08-15,78,78.32,76.61,77.63,29754000,78,78.32,76.61,77.63,29754000,0,1
2008-08-18,78.53,79.17,77.81,78.8,14071900,78.53,79.17,77.81,78.8,14071900,0,1
2008-08-19,77.92,80.52,77.7,80.433,16757100,77.92,80.52,77.7,80.433,16757100,0,1
2008-08-20,80.15,80.66,78.81,80.06,14714000,80.15,80.66,78.81,80.06,14714000,0,1
2008-08-21,82.01,84.54,81.75,82.3,17031100,82.01,84.54,81.75,82.3,17031100,0,1
2008-08-22,81.49,81.96,80.94,81.08,7854700,81.49,81.96,80.94,81.08,7854700,0,1
2008-08-25,81.1,81.34,80.56,80.93,6512800,81.1,81.34,80.56,80.93,6512800,0,1
2008-08-26,80.61,81.85,80.6,81.23,8578700,80.61,81.85,80.6,81.23,8578700,0,1
2008-08-27,81.89,82.05,81,81.36,7097500,81.89,82.05,81,81.36,7097500,0,1
2008-08-28,83.06,83.13,81.27,82.18,9351600,83.06,83.13,81.27,82.18,9351600,0,1
2008-08-29,82.31,82.47,81.58,81.71,5124800,82.31,82.47,81.58,81.71,5124800,0,1
2008-09-02,78.16,79.79,77.98,79.2,12680900,78.16,79.79,77.98,79.2,12680900,0,1
2008-09-03,79.19,79.69,78.34,78.89,10707700,79.19,79.69,78.34,78.89,10707700,0,1
2008-09-04,79.7,79.777,78.14,78.39,10869900,79.7,79.777,78.14,78.39,10869900,0,1
2008-09-05,80.08,80.27,78.17,78.98,10738700,80.08,80.27,78.17,78.98,10738700,0,1
2008-09-08,80.1,80.35,78.47,78.86,10016900,80.1,80.35,78.47,78.86,10016900,0,1
2008-09-09,77.39,77.82,76.24,76.49,20197500,77.39,77.82,76.24,76.49,20197500,0,1
2008-09-10,76.88,76.9272,74.1,74.22,29365500,76.88,76.9272,74.1,74.22,29365500,0,1
2008-09-11,73.61,73.93,72.51,73.08,23774700,73.61,73.93,72.51,73.08,23774700,0,1
2008-09-12,74.26,75.58,73.48,75.55,17595400,74.26,75.58,73.48,75.55,17595400,0,1
2008-09-15,76.64,77.73,76,77.56,17004100,76.64,77.73,76,77.56,17004100,0,1
2008-09-16,76.69,77.29,76.3,76.79,17192100,76.69,77.29,76.3,76.79,17192100,0,1
2008-09-17,77.11,85.6,77.09,85.46,65774700,77.11,85.6,77.09,85.46,65774700,0,1
2008-09-18,85.49,90.78,81.9,82.8,60589200,85.49,90.78,81.9,82.8,60589200,0,1
2008-09-19,85.58,86.44,84,85.98,25484700,85.58,86.44,84,85.98,25484700,0,1
2008-09-22,86.85,89.54,86.81,89.18,35324400,86.85,89.54,86.81,89.18,35324400,0,1
2008-09-23,88.87,89.1,86.72,88.32,22342900,88.87,89.1,86.72,88.32,22342900,0,1
2008-09-24,88.68,88.76,86.7,86.71,17238600,88.68,88.76,86.7,86.71,17238600,0,1
2008-09-25,87.12,87.8,85.01,86.45,20692000,87.12,87.8,85.01,86.45,20692000,0,1
2008-09-26,87.03,90.17,86.59,86.64,21980100,87.03,90.17,86.59,86.64,21980100,0,1
2008-09-29,87.06,92,86.97,89.57,40569700,87.06,92,86.97,89.57,40569700,0,1
2008-09-30,87.31,87.36,84.21,85.07,20437900,87.31,87.36,84.21,85.07,20437900,0,1
2008-10-01,86.23,88.05,85.18,85.97,16785400,86.23,88.05,85.18,85.97,16785400,0,1
2008-10-02,84.56,84.66,81.62,82.33,22651000,84.56,84.66,81.62,82.33,22651000,0,1
2008-10-03,81.23,83.44,81.05,82.59,24055400,81.23,83.44,81.05,82.59,24055400,0,1
2008-10-06,85.84,86.45,84.25,84.28,21675700,85.84,86.45,84.25,84.28,21675700,0,1
2008-10-07,87.18,87.7,85.53,87.27,20282100,87.18,87.7,85.53,87.27,20282100,0,1
2008-10-08,90.69,90.8397,88.05,89.42,31204900,90.69,90.8397,88.05,89.42,31204900,0,1
2008-10-09,87.29,90.58,86.54,89.9,19981800,87.29,90.58,86.54,89.9,19981800,0,1
2008-10-10,89.59,90.72,81.38,83.22,45067300,89.59,90.72,81.38,83.22,45067300,0,1
2008-10-13,83.61,83.9,80.92,81.99,17028700,83.61,83.9,80.92,81.99,17028700,0,1
2008-10-14,82.4,83.31,81.61,82.2,12383200,82.4,83.31,81.61,82.2,12383200,0,1
2008-10-15,82.2,84.39,82.08,83.31,16906100,82.2,84.39,82.08,83.31,16906100,0,1
2008-10-16,82.4,82.5,77.22,79.29,30645600,82.4,82.5,77.22,79.29,30645600,0,1
2008-10-17,77.12,80.78,75,77.21,15336700,77.12,80.78,75,77.21,15336700,0,1
2008-10-20,77.77,78.56,77.27,78.5,9331900,77.77,78.56,77.27,78.5,9331900,0,1
2008-10-21,75.9,76.94,74.89,76.027,10859600,75.9,76.94,74.89,76.027,10859600,0,1
2008-10-22,74.44,74.45,66,71.71,23283700,74.44,74.45,66,71.71,23283700,0,1
2008-10-23,69.64,72.19,69.5,70.65,16651600,69.64,72.19,69.5,70.65,16651600,0,1
2008-10-24,69.3,73.93,69.07,72.21,22471800,69.3,73.93,69.07,72.21,22471800,0,1
2008-10-27,71.13,73.61,70.72,72.18,12150600,71.13,73.61,70.72,72.18,12150600,0,1
2008-10-28,73.03,73.8,71.7,73.79,8468100,73.03,73.8,71.7,73.79,8468100,0,1
2008-10-29,75.05,76.36,73.61,74,16121400,75.05,76.36,73.61,74,16121400,0,1
2008-10-30,74.89,75.25,72.13,72.71,10891900,74.89,75.25,72.13,72.71,10891900,0,1
2008-10-31,72.62,72.87,70.6,71.34,9517800,72.62,72.87,70.6,71.34,9517800,0,1
2008-11-03,71.34,72.17,71.06,71.1,6799400,71.34,72.17,71.06,71.1,6799400,0,1
2008-11-04,73.15,75.69,72.85,75.4786,11434600,73.15,75.69,72.85,75.4786,11434600,0,1
2008-11-05,74.32,75.18,72.38,72.8,10316500,74.32,75.18,72.38,72.8,10316500,0,1
2008-11-06,74.36,74.98,71.67,72.22,10687500,74.36,74.98,71.67,72.22,10687500,0,1
2008-11-07,72.59,73.09,72.05,72.5,6052700,72.59,73.09,72.05,72.5,6052700,0,1
2008-11-10,74.8,74.92,72.96,73.58,6092700,74.8,74.92,72.96,73.58,6092700,0,1
2008-11-11,72.56,72.66,71.55,72.05,8354800,72.56,72.66,71.55,72.05,8354800,0,1
2008-11-12,71.45,71.89,69.77,70,10033400,71.45,71.89,69.77,70,10033400,0,1
2008-11-13,70.49,72.36,68.81,72.15,16826600,70.49,72.36,68.81,72.15,16826600,0,1
2008-11-14,73.39,74.26,72.76,73.3,12808600,73.39,74.26,72.76,73.3,12808600,0,1
2008-11-17,72.43,73.8,72.15,72.65,7708600,72.43,73.8,72.15,72.65,7708600,0,1
2008-11-18,72.38,73.46,72.13,72.51,8134900,72.38,73.46,72.13,72.51,8134900,0,1
2008-11-19,73.42,75.19,72,72.26,13963100,73.42,75.19,72,72.26,13963100,0,1
2008-11-20,73.15,74.2,72.43,73.45,13584200,73.15,74.2,72.43,73.45,13584200,0,1
2008-11-21,76,79,75.45,78.85,30467400,76,79,75.45,78.85,30467400,0,1
2008-11-24,80.45,81.72,80.38,80.91,19885200,80.45,81.72,80.38,80.91,19885200,0,1
2008-11-25,81.34,81.38,79.28,80.87,17522100,81.34,81.38,79.28,80.87,17522100,0,1
2008-11-26,80.52,80.7678,79.3333,80.38,9141600,80.52,80.7678,79.3333,80.38,9141600,0,1
2008-11-28,80.04,80.75,79.8,80.31,3658700,80.04,80.75,79.8,80.31,3658700,0,1
2008-12-01,77.15,77.34,75.57,75.65,13134700,77.15,77.34,75.57,75.65,13134700,0,1
2008-12-02,76.9,77.32,76.26,76.95,6944000,76.9,77.32,76.26,76.95,6944000,0,1
2008-12-03,76,77.14,75.14,76.18,10685000,76,77.14,75.14,76.18,10685000,0,1
2008-12-04,75.59,77.63,75.07,75.5,11827500,75.59,77.63,75.07,75.5,11827500,0,1
2008-12-05,74.3,74.81,72.91,74.52,13392300,74.3,74.81,72.91,74.52,13392300,0,1
2008-12-08,76.48,76.62,75.4,76.195,7267700,76.48,76.62,75.4,76.195,7267700,0,1
2008-12-09,75.56,76.85,75.3,76.33,9618300,75.56,76.85,75.3,76.33,9618300,0,1
2008-12-10,79.2,80.1099,78.56,79.75,16050600,79.2,80.1099,78.56,79.75,16050600,0,1
2008-12-11,81.58,81.94,80.49,80.65,13980200,81.58,81.94,80.49,80.65,13980200,0,1
2008-12-12,80.55,81.63,80.005,80.81,12538500,80.55,81.63,80.005,80.81,12538500,0,1
2008-12-15,81.33,83.03,81.23,82.6,15008800,81.33,83.03,81.23,82.6,15008800,0,1
2008-12-16,82.38,84.64,81.93,84.46,18666400,82.38,84.64,81.93,84.46,18666400,0,1
2008-12-17,85.26,86.91,84.8026,85.43,21988500,85.26,86.91,84.8026,85.43,21988500,0,1
2008-12-18,84.85,85.12,83.46,83.87,17234500,84.85,85.12,83.46,83.87,17234500,0,1
2008-12-19,82.3608,82.87,82.01,82.63,9139500,82.3608,82.87,82.01,82.63,9139500,0,1
2008-12-22,83.57,83.81,82.79,83.46,6690500,83.57,83.81,82.79,83.46,6690500,0,1
2008-12-23,82.93,83.39,81.59,82.63,6322200,82.93,83.39,81.59,82.63,6322200,0,1
2008-12-24,82.47,83.57,82.47,83.46,2069600,82.47,83.57,82.47,83.46,2069600,0,1
2008-12-26,83.52,85.97,83.12,85.6,5080800,83.52,85.97,83.12,85.6,5080800,0,1
2008-12-29,86.5,87,85.95,86.35,9073100,86.5,87,85.95,86.35,9073100,0,1
2008-12-30,85.94,86.15,85.28,85.9,7123000,85.94,86.15,85.28,85.9,7123000,0,1
2008-12-31,84.98,87.1,84.28,86.52,7837100,84.98,87.1,84.28,86.52,7837100,0,1
2009-01-02,85.93,86.6072,85.84,86.23,6411600,85.93,86.6072,85.84,86.23,6411600,0,1
2009-01-05,83.62,84.68,83.24,84.48,9534700,83.62,84.68,83.24,84.48,9534700,0,1
2009-01-06,83.37,85.7,83,85.13,12864600,83.37,85.7,83,85.13,12864600,0,1
2009-01-07,84.56,84.58,82.21,82.75,13360000,84.56,84.58,82.21,82.75,13360000,0,1
2009-01-08,84.4,84.89,83.75,84.46,10715700,84.4,84.89,83.75,84.46,10715700,0,1
2009-01-09,83.34,85.5,83.09,83.92,8861900,83.34,85.5,83.09,83.92,8861900,0,1
2009-01-12,81.72,82.04,80.26,80.76,14755500,81.72,82.04,80.26,80.76,14755500,0,1
2009-01-13,80.94,81.82,80.6216,80.88,10019100,80.94,81.82,80.6216,80.88,10019100,0,1
2009-01-14,80.57,81.09,79.36,79.79,15600000,80.57,81.09,79.36,79.79,15600000,0,1
2009-01-15,79.97,80.7,78.87,80.39,16714700,79.97,80.7,78.87,80.39,16714700,0,1
2009-01-16,82.2,83,81.74,82.71,16470300,82.2,83,81.74,82.71,16470300,0,1
2009-01-20,84.17,85.285,83.57,84.52,16743000,84.17,85.285,83.57,84.52,16743000,0,1
2009-01-21,84.05,84.39,82.98,84.15,12272100,84.05,84.39,82.98,84.15,12272100,0,1
2009-01-22,84.03,84.97,83.83,84.58,18569600,84.03,84.97,83.83,84.58,18569600,0,1
2009-01-23,86.57,88.94,86.07,88.53,34010700,86.57,88.94,86.07,88.53,34010700,0,1
2009-01-26,89.24,90.19,88.68,88.95,19129500,89.24,90.19,88.68,88.95,19129500,0,1
2009-01-27,88.43,88.844,88.01,88.38,11787400,88.43,88.844,88.01,88.38,11787400,0,1
2009-01-28,88.27,88.38,86.84,87.415,18449600,88.27,88.38,86.84,87.415,18449600,0,1
2009-01-29,86.68,89.55,86.28,89.5,21175600,86.68,89.55,86.28,89.5,21175600,0,1
2009-01-30,90.72,91.49,89.65,91.31,21279300,90.72,91.49,89.65,91.31,21279300,0,1
2009-02-02,89.88,92.5786,88.62,88.84,16983300,89.88,92.5786,88.62,88.84,16983300,0,1
2009-02-03,89.43,89.73,86,88.47,17521400,89.43,89.73,86,88.47,17521400,0,1
2009-02-04,88.89,89.5,88.52,89.18,14271100,88.89,89.5,88.52,89.18,14271100,0,1
2009-02-05,90.75,90.82,89.3,90.12,17196300,90.75,90.82,89.3,90.12,17196300,0,1
2009-02-06,89.15,90.14,89.15,89.59,12554300,89.15,90.14,89.15,89.59,12554300,0,1
2009-02-09,88.34,88.65,87.6,88.32,21263800,88.34,88.65,87.6,88.32,21263800,0,1
2009-02-10,89.66,90.37,89.18,90.21,25445100,89.66,90.37,89.18,90.21,25445100,0,1
2009-02-11,90.93,93.25,90.8,92.29,55582400,90.93,93.25,90.8,92.29,55582400,0,1
2009-02-12,93.04,93.74,92.52,93.17,38786800,93.04,93.74,92.52,93.17,38786800,0,1
2009-02-13,92.5,92.77,91.69,92.55,14715500,92.5,92.77,91.69,92.55,14715500,0,1
2009-02-17,95.24,95.85,94.89,95.45,27085200,95.24,95.85,94.89,95.45,27085200,0,1
2009-02-18,95.23,97.15,94.67,96.91,29346300,95.23,97.15,94.67,96.91,29346300,0,1
2009-02-19,95.91,96.57,95.425,95.77,21305400,95.91,96.57,95.425,95.77,21305400,0,1
2009-02-20,98,98.99,97.14,97.8,43854800,98,98.99,97.14,97.8,43854800,0,1
2009-02-23,96.59,98.22,95.89,97.73,24542700,96.59,98.22,95.89,97.73,24542700,0,1
2009-02-24,97.59,97.59,94.27,94.73,37460500,97.59,97.59,94.27,94.73,37460500,0,1
2009-02-25,94.71,96.41,92.81,93.15,26142800,94.71,96.41,92.81,93.15,26142800,0,1
2009-02-26,92.71,93.14,91.57,93.057,28789800,92.71,93.14,91.57,93.057,28789800,0,1
2009-02-27,94.31,94.53,91.03,92.63,30588700,94.31,94.53,91.03,92.63,30588700,0,1
2009-03-02,93.42,93.61,90.62,90.93,24269300,93.42,93.61,90.62,90.93,24269300,0,1
2009-03-03,90.85,91.04,88.94,90.04,28082900,90.85,91.04,88.94,90.04,28082900,0,1
2009-03-04,90.25,90.35,88.45,88.99,19875100,90.25,90.35,88.45,88.99,19875100,0,1
2009-03-05,89.91,92.17,89.23,91.987,23995500,89.91,92.17,89.23,91.987,23995500,0,1
2009-03-06,91.81,92.95,91.2,92.29,22395300,91.81,92.95,91.2,92.29,22395300,0,1
2009-03-09,92.29,92.33,89.57,90.57,18311100,92.29,92.33,89.57,90.57,18311100,0,1
2009-03-10,89.54,89.61,87.4733,88.14,25924900,89.54,89.61,87.4733,88.14,25924900,0,1
2009-03-11,88.48,89.83,87.78,89.22,16680500,88.48,89.83,87.78,89.22,16680500,0,1
2009-03-12,90.37,91.57,90.14,91.1,20128600,90.37,91.57,90.14,91.1,20128600,0,1
2009-03-13,91.87,91.89,90.5,91.3,11693100,91.87,91.89,90.5,91.3,11693100,0,1
2009-03-16,90.32,90.96,90.03,90.8,11782500,90.32,90.96,90.03,90.8,11782500,0,1
2009-03-17,90.26,90.59,89.75,90.04,10052400,90.26,90.59,89.75,90.04,10052400,0,1
2009-03-18,88.75,93.39,86.83,93.09,59424700,88.75,93.39,86.83,93.09,59424700,0,1
2009-03-19,93.43,94.77,92.91,94.35,35006600,93.43,94.77,92.91,94.35,35006600,0,1
2009-03-20,93.48,94.37,93.1262,93.59,18072300,93.48,94.37,93.1262,93.59,18072300,0,1
2009-03-23,93.44,93.91,91.95,92.08,17652600,93.44,93.91,91.95,92.08,17652600,0,1
2009-03-24,90.76,91.66,90.25,91,16979800,90.76,91.66,90.25,91,16979800,0,1
2009-03-25,90.87,92.63,90.34,91.98,24788700,90.87,92.63,90.34,91.98,24788700,0,1
2009-03-26,92.72,92.72,91.84,91.93,12365300,92.72,92.72,91.84,91.93,12365300,0,1
2009-03-27,90.83,91.26,90.41,90.69,11596000,90.83,91.26,90.41,90.69,11596000,0,1
2009-03-30,89.97,91.81,89.75,89.98,16425900,89.97,91.81,89.75,89.98,16425900,0,1
2009-03-31,90.38,90.85,89.58,90.28,14400500,90.38,90.85,89.58,90.28,14400500,0,1
2009-04-01,91.34,91.38,90.21,91.03,12298700,91.34,91.38,90.21,91.03,12298700,0,1
2009-04-02,88.75,89.36,87.92,88.8,24829000,88.75,89.36,87.92,88.8,24829000,0,1
2009-04-03,88.96,89.44,87.52,87.59,16343600,88.96,89.44,87.52,87.59,16343600,0,1
2009-04-06,86.4,86.44,84.97,85.27,22909600,86.4,86.44,84.97,85.27,22909600,0,1
2009-04-07,86.27,88.26,86.17,86.74,11004600,86.27,88.26,86.17,86.74,11004600,0,1
2009-04-08,87.18,87.52,86.264,86.61,12226200,87.18,87.52,86.264,86.61,12226200,0,1
2009-04-09,86.33,86.88,86.1,86.31,9607100,86.33,86.88,86.1,86.31,9607100,0,1
2009-04-13,88.03,88.45,87.6,87.88,7283700,88.03,88.45,87.6,87.88,7283700,0,1
2009-04-14,87.78,87.81,87.04,87.37,7167400,87.78,87.81,87.04,87.37,7167400,0,1
2009-04-15,87.42,87.94,87.23,87.5,6857000,87.42,87.94,87.23,87.5,6857000,0,1
2009-04-16,87.38,87.4518,85.68,85.81,21033600,87.38,87.4518,85.68,85.81,21033600,0,1
2009-04-17,85.75,86.37,84.92,85.22,22332700,85.75,86.37,84.92,85.22,22332700,0,1
2009-04-20,86.03,87.34,86,86.95,12674400,86.03,87.34,86,86.95,12674400,0,1
2009-04-21,87.85,87.884,86.33,86.89,10655900,87.85,87.884,86.33,86.89,10655900,0,1
2009-04-22,87.03,87.82,86.8,87.38,10085900,87.03,87.82,86.8,87.38,10085900,0,1
2009-04-23,87.71,89.37,87.6236,88.8,16621000,87.71,89.37,87.6236,88.8,16621000,0,1
2009-04-24,89.1,89.84,88.83,89.72,11425800,89.1,89.84,88.83,89.72,11425800,0,1
2009-04-27,89.33,89.79,88.94,89.01,7147600,89.33,89.79,88.94,89.01,7147600,0,1
2009-04-28,87.33,87.95,87.11,87.75,8570100,87.33,87.95,87.11,87.75,8570100,0,1
2009-04-29,88.31,88.78,87.67,88.33,8098300,88.31,88.78,87.67,88.33,8098300,0,1
2009-04-30,86.83,87.78,86.5409,87.27,9713800,86.83,87.78,86.5409,87.27,9713800,0,1
2009-05-01,86.75,87.49,86.692,86.95,6122400,86.75,87.49,86.692,86.95,6122400,0,1
2009-05-04,87.55,89.18,87.55,88.6401,10813100,87.55,89.18,87.55,88.6401,10813100,0,1
2009-05-05,89.71,89.73,87.88,88.25,9953800,89.71,89.73,87.88,88.25,9953800,0,1
2009-05-06,89.46,89.69,88.84,89.54,11334900,89.46,89.69,88.84,89.54,11334900,0,1
2009-05-07,90.13,90.3,89.24,89.44,14808900,90.13,90.3,89.24,89.44,14808900,0,1
2009-05-08,89.71,90.09,88.91,89.98,10939800,89.71,90.09,88.91,89.98,10939800,0,1
2009-05-11,89.64,90.01,89.5,89.69,12211600,89.64,90.01,89.5,89.69,12211600,0,1
2009-05-12,90.4,90.84,89.95,90.7,15764900,90.4,90.84,89.95,90.7,15764900,0,1
2009-05-13,90.44,91.5,90.31,91.09,17445900,90.44,91.5,90.31,91.09,17445900,0,1
2009-05-14,90.9,91.26,90.7,91.03,8023400,90.9,91.26,90.7,91.03,8023400,0,1
2009-05-15,91.15,91.81,91.1,91.55,11705800,91.15,91.81,91.1,91.55,11705800,0,1
2009-05-18,91.53,91.57,90.14,90.36,17353900,91.53,91.57,90.14,90.36,17353900,0,1
2009-05-19,90.64,91.35,90.57,90.96,9630300,90.64,91.35,90.57,90.96,9630300,0,1
2009-05-20,91.54,92.44,91.52,92.25,18272500,91.54,92.44,91.52,92.25,18272500,0,1
2009-05-21,92.35,93.86,91.93,93.85,21830200,92.35,93.86,91.93,93.85,21830200,0,1
2009-05-22,94.25,94.42,93.8,94.15,15407200,94.25,94.42,93.8,94.15,15407200,0,1
2009-05-26,92.95,93.84,92.85,93.76,12356100,92.95,93.84,92.85,93.76,12356100,0,1
2009-05-27,93.73,94.28,93.1,93.45,13688100,93.73,94.28,93.1,93.45,13688100,0,1
2009-05-28,94.14,94.83,93.8,94.24,14973200,94.14,94.83,93.8,94.24,14973200,0,1
2009-05-29,95.7,96.35,95.58,96.2,18137800,95.7,96.35,95.58,96.2,18137800,0,1
2009-06-01,96.47,96.76,95.63,95.73,17921200,96.47,96.76,95.63,95.73,17921200,0,1
2009-06-02,96.19,96.9699,96.1,96.36,14532700,96.19,96.9699,96.1,96.36,14532700,0,1
2009-06-03,95.9,96.21,94.31,94.41,18204700,95.9,96.21,94.31,94.41,18204700,0,1
2009-06-04,95.24,96.49,95.2,96.23,13629500,95.24,96.49,95.2,96.23,13629500,0,1
2009-06-05,94.24,94.788,93.57,93.71,18600800,94.24,94.788,93.57,93.71,18600800,0,1
2009-06-08,93.26,93.7,92.58,93.56,11551100,93.26,93.7,92.58,93.56,11551100,0,1
2009-06-09,94.27,94.39,93.44,93.83,9477700,94.27,94.39,93.44,93.83,9477700,0,1
2009-06-10,94.5,94.53,92.9,93.86,14441800,94.5,94.53,92.9,93.86,14441800,0,1
2009-06-11,93.13,94.53,93,93.7,14777600,93.13,94.53,93,93.7,14777600,0,1
2009-06-12,92.41,92.76,92,92.17,13809400,92.41,92.76,92,92.17,13809400,0,1
2009-06-15,91.9,91.9,90.9,91.1,13116700,91.9,91.9,90.9,91.1,13116700,0,1
2009-06-16,91.87,92.12,91.35,91.93,9834200,91.87,92.12,91.35,91.93,9834200,0,1
2009-06-17,91.61,92.39,90.1457,92.35,12130100,91.61,92.39,90.1457,92.35,12130100,0,1
2009-06-18,92.24,92.5,91.3,91.61,16239200,92.24,92.5,91.3,91.61,16239200,0,1
2009-06-19,91.81,92.23,91.58,91.9,11812300,91.81,92.23,91.58,91.9,11812300,0,1
2009-06-22,90.41,90.64,90.13,90.54,12956300,90.41,90.64,90.13,90.54,12956300,0,1
2009-06-23,90.66,91.03,89.95,90.92,11958500,90.66,91.03,89.95,90.92,11958500,0,1
2009-06-24,92.09,92.33,91.04,91.45,12113800,92.09,92.33,91.04,91.45,12113800,0,1
2009-06-25,92.12,92.33,91.72,92.31,11444800,92.12,92.33,91.72,92.31,11444800,0,1
2009-06-26,92.81,92.93,91.93,92.29,10418500,92.81,92.93,91.93,92.29,10418500,0,1
2009-06-29,92.32,92.4,91.71,92.04,6528700,92.32,92.4,91.71,92.04,6528700,0,1
2009-06-30,91.85,91.96,90.53,91.18,24189500,91.85,91.96,90.53,91.18,24189500,0,1
2009-07-01,92.31,93,92,92.39,10743200,92.31,93,92,92.39,10743200,0,1
2009-07-02,91.47,91.58,91.08,91.25,7365200,91.47,91.58,91.08,91.25,7365200,0,1
2009-07-06,90.48,90.93,90.36,90.76,6286200,90.48,90.93,90.36,90.76,6286200,0,1
2009-07-07,90.89,91.38,90.5,90.71,7690200,90.89,91.38,90.5,90.71,7690200,0,1
2009-07-08,90.11,97.8,88.82,89.27,21958200,90.11,97.8,88.82,89.27,21958200,0,1
2009-07-09,89.63,90.2599,89.33,89.51,13688100,89.63,90.2599,89.33,89.51,13688100,0,1
2009-07-10,89.3,89.77,89.1601,89.58,5040100,89.3,89.77,89.1601,89.58,5040100,0,1
2009-07-13,89.45,90.69,89.1,90.19,8809500,89.45,90.69,89.1,90.19,8809500,0,1
2009-07-14,90.86,91.11,90.59,90.81,5720900,90.86,91.11,90.59,90.81,5720900,0,1
2009-07-15,92.17,92.52,92.03,92.24,9863800,92.17,92.52,92.03,92.24,9863800,0,1
2009-07-16,92,92.12,91.55,91.98,4604600,92,92.12,91.55,91.98,4604600,0,1
2009-07-17,92.15,92.3,91.84,91.93,8748400,92.15,92.3,91.84,91.93,8748400,0,1
2009-07-20,93.61,93.8,92.91,93.28,13172100,93.61,93.8,92.91,93.28,13172100,0,1
2009-07-21,93.52,93.53,92.69,93.13,9343800,93.52,93.53,92.69,93.13,9343800,0,1
2009-07-22,92.82,93.82,92.73,93.44,10241300,92.82,93.82,92.73,93.44,10241300,0,1
2009-07-23,93.2,94.005,93.11,93.26,9763900,93.2,94.005,93.11,93.26,9763900,0,1
2009-07-24,93.48,93.71,93.33,93.41,4734000,93.48,93.71,93.33,93.41,4734000,0,1
2009-07-27,93.9,93.95,93.36,93.71,5167300,93.9,93.95,93.36,93.71,5167300,0,1
2009-07-28,92.74,92.82,91.65,92.11,10881200,92.74,92.82,91.65,92.11,10881200,0,1
2009-07-29,91.67,91.75,90.81,91.2,9676100,91.67,91.75,90.81,91.2,9676100,0,1
2009-07-30,91.55,92,91.44,91.62,6246700,91.55,92,91.44,91.62,6246700,0,1
2009-07-31,91.86,94.03,91.83,93.35,14385900,91.86,94.03,91.83,93.35,14385900,0,1
2009-08-03,94.14,94.49,93.65,93.87,10007600,94.14,94.49,93.65,93.87,10007600,0,1
2009-08-04,94.18,95.25,93.99,94.68,11548600,94.18,95.25,93.99,94.68,11548600,0,1
2009-08-05,94.88,95.05,94.01,94.78,8987000,94.88,95.05,94.01,94.78,8987000,0,1
2009-08-06,95.01,95.19,93.76,94.6,13661000,95.01,95.19,93.76,94.6,13661000,0,1
2009-08-07,94.32,94.64,93.6,93.75,8042000,94.32,94.64,93.6,93.75,8042000,0,1
2009-08-10,92.91,93.14,92.6,92.927,6420500,92.91,93.14,92.6,92.927,6420500,0,1
2009-08-11,92.68,92.97,92.41,92.79,5029900,92.68,92.97,92.41,92.79,5029900,0,1
2009-08-12,92.6,93.49,92.47,92.95,7906400,92.6,93.49,92.47,92.95,7906400,0,1
2009-08-13,93.85,94.05,93.45,93.72,6756000,93.85,94.05,93.45,93.72,6756000,0,1
2009-08-14,93.84,93.91,92.4,93,6189400,93.84,93.91,92.4,93,6189400,0,1
2009-08-17,91.49,91.8574,91.28,91.61,6830800,91.49,91.8574,91.28,91.61,6830800,0,1
2009-08-18,91.81,92.2,91.7601,92.06,4354600,91.81,92.2,91.7601,92.06,4354600,0,1
2009-08-19,91.68,92.78,91.66,92.532,7119800,91.68,92.78,91.66,92.532,7119800,0,1
2009-08-20,92.31,92.55,92.12,92.27,3973000,92.31,92.55,92.12,92.27,3973000,0,1
2009-08-21,93.63,93.8,93.4,93.65,7285300,93.63,93.8,93.4,93.65,7285300,0,1
2009-08-24,93.64,93.7,91.64,92.34,8548000,93.64,93.7,91.64,92.34,8548000,0,1
2009-08-25,93.4,93.46,92.488,92.76,8280500,93.4,93.46,92.488,92.76,8280500,0,1
2009-08-26,92.67,92.85,92.21,92.79,5224300,92.67,92.85,92.21,92.79,5224300,0,1
2009-08-27,92.8,93.31,92.379,93.19,6870300,92.8,93.31,92.379,93.19,6870300,0,1
2009-08-28,94.07,94.15,93.63,93.87,6757700,94.07,94.15,93.63,93.87,6757700,0,1
2009-08-31,93.14,93.5,92.92,93.4,4952900,93.14,93.5,92.92,93.4,4952900,0,1
2009-09-01,93.41,93.96,93.06,93.9,8002400,93.41,93.96,93.06,93.9,8002400,0,1
2009-09-02,94.7,96.26,94.57,96.19,27673700,94.7,96.26,94.57,96.19,27673700,0,1
2009-09-03,96.52,97.94,96.2,97.46,26443600,96.52,97.94,96.2,97.46,26443600,0,1
2009-09-04,97.14,97.83,96,97.529,14911000,97.14,97.83,96,97.529,14911000,0,1
2009-09-08,98.57,98.64,97.39,97.43,22938800,98.57,98.64,97.39,97.43,22938800,0,1
2009-09-09,97.98,98.36,96.85,97.08,20439900,97.98,98.36,96.85,97.08,20439900,0,1
2009-09-10,97.03,98.03,96.88,97.7,12249000,97.03,98.03,96.88,97.7,12249000,0,1
2009-09-11,98.96,99.33,98.27,98.78,19499400,98.96,99.33,98.27,98.78,19499400,0,1
2009-09-14,98.16,98.4326,97.73,97.96,9631500,98.16,98.4326,97.73,97.96,9631500,0,1
2009-09-15,97.75,99.1,97.56,98.9,16247000,97.75,99.1,97.56,98.9,16247000,0,1
2009-09-16,100.01,100.02,99.5,99.91,16588200,100.01,100.02,99.5,99.91,16588200,0,1
2009-09-17,99.66,100.08,99.04,99.34,12493600,99.66,100.08,99.04,99.34,12493600,0,1
2009-09-18,99.73,99.87,98.67,98.67,13937800,99.73,99.87,98.67,98.67,13937800,0,1
2009-09-21,97.95,98.62,97.73,98.36,11113200,97.95,98.62,97.73,98.36,11113200,0,1
2009-09-22,99.84,99.84,99.37,99.67,10879500,99.84,99.84,99.37,99.67,10879500,0,1
2009-09-23,99.16,99.89,98.68,98.83,14688000,99.16,99.89,98.68,98.83,14688000,0,1
2009-09-24,99.36,99.44,97.14,97.55,23350200,99.36,99.44,97.14,97.55,23350200,0,1
2009-09-25,97.07,97.5,96.77,97,10724500,97.07,97.5,96.77,97,10724500,0,1
2009-09-28,97.21,97.81,97,97.05,7791200,97.21,97.81,97,97.05,7791200,0,1
2009-09-29,97.19,97.73,96.95,97.43,9262100,97.19,97.73,96.95,97.43,9262100,0,1
2009-09-30,98.31,99.06,97.56,98.85,18664200,98.31,99.06,97.56,98.85,18664200,0,1
2009-10-01,98.84,98.86,97.88,97.89,11049400,98.84,98.86,97.88,97.89,11049400,0,1
2009-10-02,97.84,98.86,97.74,98.37,10475800,97.84,98.86,97.74,98.37,10475800,0,1
2009-10-05,98.48,99.84,98.36,99.82,11709400,98.48,99.84,98.36,99.82,11709400,0,1
2009-10-06,101.33,102.42,100.5425,102.28,33537500,101.33,102.42,100.5425,102.28,33537500,0,1
2009-10-07,102.29,102.52,101.83,102.361,16194200,102.29,102.52,101.83,102.361,16194200,0,1
2009-10-08,102.62,104.1501,102.3,103.64,24250200,102.62,104.1501,102.3,103.64,24250200,0,1
2009-10-09,103.06,103.25,102.37,102.84,15177500,103.06,103.25,102.37,102.84,15177500,0,1
2009-10-12,103.39,103.915,103.225,103.56,9179000,103.39,103.915,103.225,103.56,9179000,0,1
2009-10-13,103.56,104.5,103.46,104.26,17358800,103.56,104.5,103.46,104.26,17358800,0,1
2009-10-14,104.29,104.7,103.76,104.18,17871100,104.29,104.7,103.76,104.18,17871100,0,1
2009-10-15,103.27,103.95,102.6,102.86,15781300,103.27,103.95,102.6,102.86,15781300,0,1
2009-10-16,102.7,103.68,102.53,103.18,14320600,102.7,103.68,102.53,103.18,14320600,0,1
2009-10-19,103.16,104.26,102.75,104.23,13936600,103.16,104.26,102.75,104.23,13936600,0,1
2009-10-20,104.34,104.35,102.7925,103.42,18250000,104.34,104.35,102.7925,103.42,18250000,0,1
2009-10-21,103.38,104.46,103.24,103.745,16004800,103.38,104.46,103.24,103.745,16004800,0,1
2009-10-22,103.46,104.09,103.1,103.92,11575600,103.46,104.09,103.1,103.92,11575600,0,1
2009-10-23,104.5,104.58,102.96,103.49,11423000,104.5,104.58,102.96,103.49,11423000,0,1
2009-10-26,103.41,103.97,101.74,101.86,21519400,103.41,103.97,101.74,101.86,21519400,0,1
2009-10-27,101.89,102.0598,101.22,101.85,18398400,101.89,102.0598,101.22,101.85,18398400,0,1
2009-10-28,101.5,102.03,100.65,100.73,19344900,101.5,102.03,100.65,100.73,19344900,0,1
2009-10-29,101.72,102.76,101.5,102.688,15322600,101.72,102.76,101.5,102.688,15322600,0,1
2009-10-30,102.33,102.66,101.48,102.53,15244500,102.33,102.66,101.48,102.53,15244500,0,1
2009-11-02,103.5,104.25,103.25,103.95,15440900,103.5,104.25,103.25,103.95,15440900,0,1
2009-11-03,103.74,106.7,103.72,106.46,33610400,103.74,106.7,103.72,106.46,33610400,0,1
2009-11-04,107.11,107.68,106.43,107.1,27197500,107.11,107.68,106.43,107.1,27197500,0,1
2009-11-05,106.81,107.2,106.6,106.98,10189000,106.81,107.2,106.6,106.98,10189000,0,1
2009-11-06,107.38,108.04,107.06,107.43,14789000,107.38,108.04,107.06,107.43,14789000,0,1
2009-11-09,108.69,108.75,107.91,108.19,18444800,108.69,108.75,107.91,108.19,18444800,0,1
2009-11-10,108.03,108.78,107.7,108.39,15973300,108.03,108.78,107.7,108.39,15973300,0,1
2009-11-11,109.49,109.71,109,109.6,17670800,109.49,109.71,109,109.6,17670800,0,1
2009-11-12,109.16,109.56,108.12,108.21,17859900,109.16,109.56,108.12,108.21,17859900,0,1
2009-11-13,108.32,109.8,108.14,109.74,17246000,108.32,109.8,108.14,109.74,17246000,0,1
2009-11-16,110.7,112.16,110.65,111.63,25002300,110.7,112.16,110.65,111.63,25002300,0,1
2009-11-17,111.09,111.99,110.9,111.97,19831100,111.09,111.99,110.9,111.97,19831100,0,1
2009-11-18,112.69,113.09,111.8,112.25,22336900,112.69,113.09,111.8,112.25,22336900,0,1
2009-11-19,111.85,112.4,110.76,112.3,21249900,111.85,112.4,110.76,112.3,21249900,0,1
2009-11-20,111.74,112.94,111.54,112.94,17302500,111.74,112.94,111.54,112.94,17302500,0,1
2009-11-23,114.67,115.1199,113.99,114.29,24457700,114.67,115.1199,113.99,114.29,24457700,0,1
2009-11-24,114.73,114.81,113.97,114.73,22618000,114.73,114.81,113.97,114.73,22618000,0,1
2009-11-25,115.69,116.88,115.53,116.62,24569900,115.69,116.88,115.53,116.62,24569900,0,1
2009-11-27,113.08,115.81,113.02,115.06,21234400,113.08,115.81,113.02,115.06,21234400,0,1
2009-11-30,114.48,115.89,114.27,115.64,16421000,114.48,115.89,114.27,115.64,16421000,0,1
2009-12-01,117.3,117.93,116.78,117.38,27721300,117.3,117.93,116.78,117.38,27721300,0,1
2009-12-02,118.8,119.27,118.3,119.18,31109300,118.8,119.27,118.3,119.18,31109300,0,1
2009-12-03,118.57,119.54,118.03,118.7,28864000,118.57,119.54,118.03,118.7,28864000,0,1
2009-12-04,117.15,117.26,112.41,113.753,79182600,117.15,117.26,112.41,113.753,79182600,0,1
2009-12-07,111.51,114.22,111.44,113.11,42538700,111.51,114.22,111.44,113.11,42538700,0,1
2009-12-08,112.76,113.06,110.21,110.95,37655000,112.76,113.06,110.21,110.95,37655000,0,1
2009-12-09,110.95,112.48,109.38,110.84,37125900,110.95,112.48,109.38,110.84,37125900,0,1
2009-12-10,110.66,111.03,110.04,110.82,20531800,110.66,111.03,110.04,110.82,20531800,0,1
2009-12-11,110.6,110.82,108.7174,109.32,28983100,110.6,110.82,108.7174,109.32,28983100,0,1
2009-12-14,110.01,110.7,109.5,110.24,16339100,110.01,110.7,109.5,110.24,16339100,0,1
2009-12-15,110.24,110.57,109.39,110.21,20059500,110.24,110.57,109.39,110.21,20059500,0,1
2009-12-16,110.83,111.91,110.63,111.59,22850300,110.83,111.91,110.63,111.59,22850300,0,1
2009-12-17,109.47,109.98,107.28,107.34,35016800,109.47,109.98,107.28,107.34,35016800,0,1
2009-12-18,108,109.5,107.04,108.95,25591700,108,109.5,107.04,108.95,25591700,0,1
2009-12-21,109.17,109.3,106.82,106.95,23314200,109.17,109.3,106.82,106.95,23314200,0,1
2009-12-22,106.79,107.09,105.312,106.17,28702900,106.79,107.09,105.312,106.17,28702900,0,1
2009-12-23,106.65,107.45,106.3,106.55,16941900,106.65,107.45,106.3,106.55,16941900,0,1
2009-12-24,107.9,108.37,107.77,108.36,7991600,107.9,108.37,107.77,108.36,7991600,0,1
2009-12-28,108.64,108.78,107.91,108.55,9637500,108.64,108.78,107.91,108.55,9637500,0,1
2009-12-29,108.5,108.5,107.45,107.47,11043700,108.5,108.5,107.45,107.47,11043700,0,1
2009-12-30,106.64,107.44,106.4,106.93,9399600,106.64,107.44,106.4,106.93,9399600,0,1
2009-12-31,107.98,108.11,107.24,107.31,9124700,107.98,108.11,107.24,107.31,9124700,0,1
2010-01-04,109.82,110.14,109.31,109.8,16224100,109.82,110.14,109.31,109.8,16224100,0,1
2010-01-05,109.88,110.39,109.26,109.7,14213100,109.88,110.39,109.26,109.7,14213100,0,1
2010-01-06,110.71,111.77,110.4086,111.51,24981900,110.71,111.77,110.4086,111.51,24981900,0,1
2010-01-07,111.07,111.29,110.62,110.82,13609800,111.07,111.29,110.62,110.82,13609800,0,1
2010-01-08,111.52,111.58,110.26,111.37,15894600,111.52,111.58,110.26,111.37,15894600,0,1
2010-01-11,113.34,113.59,112.52,112.85,17253000,113.34,113.59,112.52,112.85,17253000,0,1
2010-01-12,112.38,113.05,110.14,110.49,29182600,112.38,113.05,110.14,110.49,29182600,0,1
2010-01-13,110.92,111.57,109.57,111.54,20014000,110.92,111.57,109.57,111.54,20014000,0,1
2010-01-14,111.51,112.37,110.79,112.03,18305300,111.51,112.37,110.79,112.03,18305300,0,1
2010-01-15,111.35,112.01,110.38,110.86,18002700,111.35,112.01,110.38,110.86,18002700,0,1
2010-01-19,110.95,111.75,110.83,111.52,10468200,110.95,111.75,110.83,111.52,10468200,0,1
2010-01-20,109.97,110.05,108.46,108.94,17535000,109.97,110.05,108.46,108.94,17535000,0,1
2010-01-21,108.48,108.78,106.61,107.37,25748400,108.48,108.78,106.61,107.37,25748400,0,1
2010-01-22,106.93,107.68,106.01,107.17,24210100,106.93,107.68,106.01,107.17,24210100,0,1
2010-01-25,107.44,107.72,107.07,107.48,13200500,107.44,107.72,107.07,107.48,13200500,0,1
2010-01-26,106.87,107.99,106.75,107.56,12297100,106.87,107.99,106.75,107.56,12297100,0,1
2010-01-27,107.53,108.8,106.16,106.528,19005100,107.53,108.8,106.16,106.528,19005100,0,1
2010-01-28,107.18,107.23,105.18,106.48,16793900,107.18,107.23,105.18,106.48,16793900,0,1
2010-01-29,105.88,106.3,105.27,105.96,20278800,105.88,106.3,105.27,105.96,20278800,0,1
2010-02-01,106.64,108.48,106.37,108.35,14901900,106.64,108.48,106.37,108.35,14901900,0,1
2010-02-02,109.16,109.6,108.61,109.13,14292200,109.16,109.6,108.61,109.13,14292200,0,1
2010-02-03,109.1,109.54,108.4305,108.7,13393200,109.1,109.54,108.4305,108.7,13393200,0,1
2010-02-04,106.79,106.8,103.75,104.37,39991900,106.79,106.8,103.75,104.37,39991900,0,1
2010-02-05,103.76,104.68,102.28,104.68,32656700,103.76,104.68,102.28,104.68,32656700,0,1
2010-02-08,104.41,105.14,104,104.04,17176600,104.41,105.14,104,104.04,17176600,0,1
2010-02-09,105.18,106.15,104.87,105.41,25959200,105.18,106.15,104.87,105.41,25959200,0,1
2010-02-10,105.13,105.5,104.11,105.12,16215200,105.13,105.5,104.11,105.12,16215200,0,1
2010-02-11,105.58,107.56,105.27,107.13,19350100,105.58,107.56,105.27,107.13,19350100,0,1
2010-02-12,106.08,107.1,105.57,107.04,14464200,106.08,107.1,105.57,107.04,14464200,0,1
2010-02-16,109.45,109.87,109.1,109.62,20895700,109.45,109.87,109.1,109.62,20895700,0,1
2010-02-17,109.66,110.01,108.87,109.25,19593400,109.66,110.01,108.87,109.25,19593400,0,1
2010-02-18,109.61,110.11,109.19,109.98,19177400,109.61,110.11,109.19,109.98,19177400,0,1
2010-02-19,109.3,110.39,108.81,109.47,21928700,109.3,110.39,108.81,109.47,21928700,0,1
2010-02-22,109.86,109.97,108.66,109.07,10742800,109.86,109.97,108.66,109.07,10742800,0,1
2010-02-23,108.84,108.91,107.65,107.89,13629600,108.84,108.91,107.65,107.89,13629600,0,1
2010-02-24,107.33,108.16,107.1,107.36,17207400,107.33,108.16,107.1,107.36,17207400,0,1
2010-02-25,106.7,108.7,106.6,108.31,23400400,106.7,108.7,106.6,108.31,23400400,0,1
2010-02-26,108.89,109.6,108.41,109.43,13033900,108.89,109.6,108.41,109.43,13033900,0,1
2010-03-01,109.48,109.9,108.97,109.43,12830900,109.48,109.9,108.97,109.43,12830900,0,1
2010-03-02,109.86,111.45,109.86,111.02,20102200,109.86,111.45,109.86,111.02,20102200,0,1
2010-03-03,111.46,112.18,111.1763,111.63,16222100,111.46,112.18,111.1763,111.63,16222100,0,1
2010-03-04,111.25,111.37,110.22,110.83,12944800,111.25,111.37,110.22,110.83,12944800,0,1
2010-03-05,111.13,111.75,110.8,110.81,11091400,111.13,111.75,110.8,110.81,11091400,0,1
2010-03-08,111.22,111.3,109.52,109.88,12753800,111.22,111.3,109.52,109.88,12753800,0,1
2010-03-09,109.16,110.16,109.04,109.718,12650800,109.16,110.16,109.04,109.718,12650800,0,1
2010-03-10,109.94,110.5,108.02,108.47,21982100,109.94,110.5,108.02,108.47,21982100,0,1
2010-03-11,108.28,108.65,107.86,108.6,9513300,108.28,108.65,107.86,108.6,9513300,0,1
2010-03-12,108.56,108.77,107.45,107.95,11849000,108.56,108.77,107.45,107.95,11849000,0,1
2010-03-15,108.16,108.56,107.82,108.36,7698600,108.16,108.56,107.82,108.36,7698600,0,1
2010-03-16,110.02,110.57,109.7,110.4,17749300,110.02,110.57,109.7,110.4,17749300,0,1
2010-03-17,110.18,110.46,109.55,109.59,13784300,110.18,110.46,109.55,109.59,13784300,0,1
2010-03-18,110.1,110.61,109.5,110.34,13848400,110.1,110.61,109.5,110.34,13848400,0,1
2010-03-19,110.26,110.29,107.85,108.28,24329100,110.26,110.29,107.85,108.28,24329100,0,1
2010-03-22,107.31,108,106.95,107.75,11579400,107.31,108,106.95,107.75,11579400,0,1
2010-03-23,107.5,108.5,107.34,108.32,11274400,107.5,108.5,107.34,108.32,11274400,0,1
2010-03-24,106.94,107.07,106.24,106.3,14236700,106.94,107.07,106.24,106.3,14236700,0,1
2010-03-25,107,107.25,106.48,106.78,16866700,107,107.25,106.48,106.78,16866700,0,1
2010-03-26,107.16,108.7,106.82,108.59,17433600,107.16,108.7,106.82,108.59,17433600,0,1
2010-03-29,108.87,109.17,108.4,108.75,11527000,108.87,109.17,108.4,108.75,11527000,0,1
2010-03-30,108.57,108.6615,107.87,107.97,9817700,108.57,108.6615,107.87,107.97,9817700,0,1
2010-03-31,109.44,109.5,108.85,108.95,14006800,109.44,109.5,108.85,108.95,14006800,0,1
2010-04-01,109.97,110.47,109.92,110.26,11370500,109.97,110.47,109.92,110.26,11370500,0,1
2010-04-05,110.56,110.9837,110.27,110.89,8207900,110.56,110.9837,110.27,110.89,8207900,0,1
2010-04-06,110.89,111.51,110.83,111.03,10322300,110.89,111.51,110.83,111.03,10322300,0,1
2010-04-07,111.85,112.93,111.77,112.49,19139500,111.85,112.93,111.77,112.49,19139500,0,1
2010-04-08,112.47,112.98,112.13,112.65,12445400,112.47,112.98,112.13,112.65,12445400,0,1
2010-04-09,113.09,114.07,112.74,113.64,16427800,113.09,114.07,112.74,113.64,16427800,0,1
2010-04-12,113.64,114.13,112.98,113.01,11118900,113.64,114.13,112.98,113.01,11118900,0,1
2010-04-13,113.12,113.16,112.06,112.69,11261100,113.12,113.16,112.06,112.69,11261100,0,1
2010-04-14,113.23,113.66,112.78,113.03,10572100,113.23,113.66,112.78,113.03,10572100,0,1
2010-04-15,112.9,113.71,112.85,113.65,10952100,112.9,113.71,112.85,113.65,10952100,0,1
2010-04-16,112.5,113.07,110.54,111.24,24572600,112.5,113.07,110.54,111.24,24572600,0,1
2010-04-19,110.8801,111.36,110.67,111.15,7993700,110.8801,111.36,110.67,111.15,7993700,0,1
2010-04-20,111.73,112.21,111.33,111.46,7019800,111.73,112.21,111.33,111.46,7019800,0,1
2010-04-21,111.82,112.64,111.48,112.31,6842900,111.82,112.64,111.48,112.31,6842900,0,1
2010-04-22,111.79,112.01,110.76,111.84,9598900,111.79,112.01,110.76,111.84,9598900,0,1
2010-04-23,111.26,113.3,111.09,113.19,12505800,111.26,113.3,111.09,113.19,12505800,0,1
2010-04-26,112.88,113.2,112.63,112.75,8335400,112.88,113.2,112.63,112.75,8335400,0,1
2010-04-27,112.43,114.82,112.34,114.63,25057100,112.43,114.82,112.34,114.63,25057100,0,1
2010-04-28,114.63,114.99,113.63,114.31,26891900,114.63,114.99,113.63,114.31,26891900,0,1
2010-04-29,113.85,114.52,113.84,114.28,10374300,113.85,114.52,113.84,114.28,10374300,0,1
2010-04-30,115.26,115.7,115.21,115.36,13403100,115.26,115.7,115.21,115.36,13403100,0,1
2010-05-03,115.91,116.28,115.53,115.73,13570800,115.91,116.28,115.53,115.73,13570800,0,1
2010-05-04,116.39,116.43,114.17,114.87,21512100,116.39,116.43,114.17,114.87,21512100,0,1
2010-05-05,113.58,115.24,113.312,115.09,21616700,113.58,115.24,113.312,115.09,21616700,0,1
2010-05-06,115.62,118.62,115.57,118.486,50546300,115.62,118.62,115.57,118.486,50546300,0,1
2010-05-07,117.64,118.88,116.74,118.27,34272700,117.64,118.88,116.74,118.27,34272700,0,1
2010-05-10,117.5,117.9,116.8101,117.57,28433800,117.5,117.9,116.8101,117.57,28433800,0,1
2010-05-11,119.46,120.87,118.97,120.656,36731800,119.46,120.87,118.97,120.656,36731800,0,1
2010-05-12,121.28,122.235,120.7685,121.4,32703600,121.28,122.235,120.7685,121.4,32703600,0,1
2010-05-13,121.29,121.71,120.1,120.56,22340400,121.29,121.71,120.1,120.56,22340400,0,1
2010-05-14,121.88,122.02,119.12,120.37,34643200,121.88,122.02,119.12,120.37,34643200,0,1
2010-05-17,120.55,121.12,119.29,119.36,27898000,120.55,121.12,119.29,119.36,27898000,0,1
2010-05-18,118.86,120.32,118.5,119.49,26595300,118.86,120.32,118.5,119.49,26595300,0,1
2010-05-19,118.19,118.43,116.08,116.63,34412400,118.19,118.43,116.08,116.63,34412400,0,1
2010-05-20,116.14,116.95,115.18,115.84,28908200,116.14,116.95,115.18,115.84,28908200,0,1
2010-05-21,115.05,116.24,114.51,115.22,20098300,115.05,116.24,114.51,115.22,20098300,0,1
2010-05-24,116.34,117.17,116.04,116.84,14300500,116.34,117.17,116.04,116.84,14300500,0,1
2010-05-25,117.16,117.52,116.82,117.36,21232700,117.16,117.52,116.82,117.36,21232700,0,1
2010-05-26,118.58,119.08,118.32,118.47,13153500,118.58,119.08,118.32,118.47,13153500,0,1
2010-05-27,118.16,119.038,118.14,118.69,10418500,118.16,119.038,118.14,118.69,10418500,0,1
2010-05-28,118.48,118.9,117.63,118.881,11579400,118.48,118.9,117.63,118.881,11579400,0,1
2010-06-01,119.88,120.25,119.63,119.91,12207800,119.88,120.25,119.63,119.91,12207800,0,1
2010-06-02,119.35,119.88,118.72,119.78,10339300,119.35,119.88,118.72,119.78,10339300,0,1
2010-06-03,119.16,119.39,117.48,117.96,13855200,119.16,119.39,117.48,117.96,13855200,0,1
2010-06-04,117.96,119.39,117.05,119.19,16532500,117.96,119.39,117.05,119.19,16532500,0,1
2010-06-07,118.73,121.8,118.62,121.49,20238600,118.73,121.8,118.62,121.49,20238600,0,1
2010-06-08,121.61,122.45,120.66,121.0025,23404800,121.61,122.45,120.66,121.0025,23404800,0,1
2010-06-09,120.48,120.99,119.51,120.56,12884600,120.48,120.99,119.51,120.56,12884600,0,1
2010-06-10,119.36,120.04,118.83,118.975,13687900,119.36,120.04,118.83,118.975,13687900,0,1
2010-06-11,119.88,120.41,119.33,120.01,7829400,119.88,120.41,119.33,120.01,7829400,0,1
2010-06-14,119.63,120.26,118.96,119.6,11002800,119.63,120.26,118.96,119.6,11002800,0,1
2010-06-15,119.71,121.03,119.48,120.99,15073000,119.71,121.03,119.48,120.99,15073000,0,1
2010-06-16,120.68,120.89,120.04,120.33,10500500,120.68,120.89,120.04,120.33,10500500,0,1
2010-06-17,121.6398,122.41,121.49,121.9,19792200,121.6398,122.41,121.49,121.9,19792200,0,1
2010-06-18,123.04,123.5,122.81,122.83,19429900,123.04,123.5,122.81,122.83,19429900,0,1
2010-06-21,123.09,123.11,120.36,120.39,20041700,123.09,123.11,120.36,120.39,20041700,0,1
2010-06-22,121.16,121.59,120.87,121.45,12940900,121.16,121.59,120.87,121.45,12940900,0,1
2010-06-23,120.89,121.02,119.77,120.95,14120400,120.89,121.02,119.77,120.95,14120400,0,1
2010-06-24,120.76,122.1601,120.67,121.3,13137700,120.76,122.1601,120.67,121.3,13137700,0,1
2010-06-25,122.75,123.13,122.49,122.76,9986700,122.75,123.13,122.49,122.76,9986700,0,1
2010-06-28,122.79,123.56,120.81,121.09,19650700,122.79,123.56,120.81,121.09,19650700,0,1
2010-06-29,121.05,121.82,119.03,121.27,17334700,121.05,121.82,119.03,121.27,17334700,0,1
2010-06-30,121.07,122.09,120.88,121.68,12016300,121.07,122.09,120.88,121.68,12016300,0,1
2010-07-01,120.91,121.03,116.98,117.04,33248900,120.91,121.03,116.98,117.04,33248900,0,1
2010-07-02,118.21,118.5,117.41,118.49,14732800,118.21,118.5,117.41,118.49,14732800,0,1
2010-07-06,117.6698,117.72,116.3,116.51,16846900,117.6698,117.72,116.3,116.51,16846900,0,1
2010-07-07,116.57,117.78,116.5,117.73,10930100,116.57,117.78,116.5,117.73,10930100,0,1
2010-07-08,117.39,117.41,116.1,117.21,11315100,117.39,117.41,116.1,117.21,11315100,0,1
2010-07-09,118.14,118.73,118,118.36,9596800,118.14,118.73,118,118.36,9596800,0,1
2010-07-12,117.83,118.2,116.97,117.34,7506700,117.83,118.2,116.97,117.34,7506700,0,1
2010-07-13,118.98,119.1,118.36,118.36,8423700,118.98,119.1,118.36,118.36,8423700,0,1
2010-07-14,118.26,119.13,117.59,118.3,9574800,118.26,119.13,117.59,118.3,9574800,0,1
2010-07-15,118.59,118.7,117.73,118.23,8586900,118.59,118.7,117.73,118.23,8586900,0,1
2010-07-16,116.69,116.79,115.95,116.67,17494400,116.69,116.79,115.95,116.67,17494400,0,1
2010-07-19,115.57,115.8041,115.11,115.73,15723900,115.57,115.8041,115.11,115.73,15723900,0,1
2010-07-20,115.75,116.74,115.48,116.65,9263100,115.75,116.74,115.48,116.65,9263100,0,1
2010-07-21,116.8,117,115.71,115.85,9396200,116.8,117,115.71,115.85,9396200,0,1
2010-07-22,115.95,117.5,115.91,116.863,8161000,115.95,117.5,115.91,116.863,8161000,0,1
2010-07-23,117.12,117.47,115.79,116.09,8337000,117.12,117.47,115.79,116.09,8337000,0,1
2010-07-26,116.38,116.47,115.3,115.52,11219000,116.38,116.47,115.3,115.52,11219000,0,1
2010-07-27,114.95,114.99,113.21,113.51,29524800,114.95,114.99,113.21,113.51,29524800,0,1
2010-07-28,113.48,113.93,113.08,113.78,16071500,113.48,113.93,113.08,113.78,16071500,0,1
2010-07-29,113.54,114.35,113.34,114.288,9476300,113.54,114.35,113.34,114.288,9476300,0,1
2010-07-30,114.36,115.73,114.08,115.49,10093200,114.36,115.73,114.08,115.49,10093200,0,1
2010-08-02,116.12,116.39,115.2,115.54,8473400,116.12,116.39,115.2,115.54,8473400,0,1
2010-08-03,115.88,116.44,115.81,115.99,5579400,115.88,116.44,115.81,115.99,5579400,0,1
2010-08-04,117.41,117.65,116.65,116.72,10323200,117.41,117.65,116.65,116.72,10323200,0,1
2010-08-05,117.01,117.1,116.35,116.98,7023000,117.01,117.1,116.35,116.98,7023000,0,1
2010-08-06,117.99,118.42,117.49,117.84,10001700,117.99,118.42,117.49,117.84,10001700,0,1
2010-08-09,117.76,117.85,117.23,117.4,6751400,117.76,117.85,117.23,117.4,6751400,0,1
2010-08-10,116.59,118.09,116.4,117.73,10444900,116.59,118.09,116.4,117.73,10444900,0,1
2010-08-11,117.74,118.14,116.58,117.34,12436900,117.74,118.14,116.58,117.34,12436900,0,1
2010-08-12,118.56,118.86,118.46,118.77,12327000,118.56,118.86,118.46,118.77,12327000,0,1
2010-08-13,118.82,118.89,118.36,118.74,10213200,118.82,118.89,118.36,118.74,10213200,0,1
2010-08-16,119.7,119.825,119.46,119.73,8948300,119.7,119.825,119.46,119.73,8948300,0,1
2010-08-17,119.75,119.97,119.6,119.75,9145400,119.75,119.97,119.6,119.75,9145400,0,1
2010-08-18,119.23,120.51,119,120.22,12102500,119.23,120.51,119,120.22,12102500,0,1
2010-08-19,120.65,120.99,120.11,120.39,10014500,120.65,120.99,120.11,120.39,10014500,0,1
2010-08-20,119.97,120.07,119.45,119.97,10682100,119.97,120.07,119.45,119.97,10682100,0,1
2010-08-23,119.91,120.07,119.42,119.78,4857800,119.91,120.07,119.42,119.78,4857800,0,1
2010-08-24,118.77,120.8,118.71,120.36,14811400,118.77,120.8,118.71,120.36,14811400,0,1
2010-08-25,121.1199,121.38,120.67,121.36,13987100,121.1199,121.38,120.67,121.36,13987100,0,1
2010-08-26,121.09,122.95,120.5,120.96,8886600,121.09,122.95,120.5,120.96,8886600,0,1
2010-08-27,121.2,121.45,120.42,121.01,11155400,121.2,121.45,120.42,121.01,11155400,0,1
2010-08-30,120.85,121.0598,120.58,120.91,4390900,120.85,121.0598,120.58,120.91,4390900,0,1
2010-08-31,121.77,122.19,121.46,122.08,12249700,121.77,122.19,121.46,122.08,12249700,0,1
2010-09-01,122.15,122.21,121.43,121.69,11873500,122.15,122.21,121.43,121.69,11873500,0,1
2010-09-02,122.38,122.48,121.89,122.29,7002100,122.38,122.48,121.89,122.29,7002100,0,1
2010-09-03,121.39,122.385,121.15,121.86,9074500,121.39,122.385,121.15,121.86,9074500,0,1
2010-09-07,122.91,123.06,122.63,122.7,8777500,122.91,123.06,122.63,122.7,8777500,0,1
2010-09-08,122.82,123.42,122.6,122.71,9788900,122.82,123.42,122.6,122.71,9788900,0,1
2010-09-09,122.44,122.88,121.38,121.56,13745000,122.44,122.88,121.38,121.56,13745000,0,1
2010-09-10,121.4,122.3,121.39,121.73,12510000,121.4,122.3,121.39,121.73,12510000,0,1
2010-09-13,121.63,122.11,121.39,121.62,9693300,121.63,122.11,121.39,121.62,9693300,0,1
2010-09-14,122.92,124.59,121.5489,124.024,26588900,122.92,124.59,121.5489,124.024,26588900,0,1
2010-09-15,123.97,124.29,123.435,123.94,11689100,123.97,124.29,123.435,123.94,11689100,0,1
2010-09-16,124.5,124.77,124.19,124.63,12672800,124.5,124.77,124.19,124.63,12672800,0,1
2010-09-17,125.03,125.03,124.27,124.5425,13819200,125.03,125.03,124.27,124.5425,13819200,0,1
2010-09-20,125.09,125.45,124.778,124.87,8475800,125.09,125.45,124.778,124.87,8475800,0,1
2010-09-21,124.77,126.17,124.16,126.01,20408400,124.77,126.17,124.16,126.01,20408400,0,1
2010-09-22,126.58,126.63,125.7,126.2,11046900,126.58,126.63,125.7,126.2,11046900,0,1
2010-09-23,126.2,126.66,125.81,126.3,9325200,126.2,126.66,125.81,126.3,9325200,0,1
2010-09-24,126.91,127.0001,126.3,126.69,14945000,126.91,127.0001,126.3,126.69,14945000,0,1
2010-09-27,126.9,126.91,126.48,126.72,6679700,126.9,126.91,126.48,126.72,6679700,0,1
2010-09-28,126.42,128.03,126.11,127.85,19857200,126.42,128.03,126.11,127.85,19857200,0,1
2010-09-29,127.93,128.2399,127.52,127.95,12328900,127.93,128.2399,127.52,127.95,12328900,0,1
2010-09-30,128.15,128.28,126.61,127.91,19213400,128.15,128.28,126.61,127.91,19213400,0,1
2010-10-01,128.72,129.07,127.91,128.91,17211900,128.72,129.07,127.91,128.91,17211900,0,1
2010-10-04,128.52,128.62,128.22,128.46,8368000,128.52,128.62,128.22,128.46,8368000,0,1
2010-10-05,130.11,131.12,129.87,130.99,17489600,130.11,131.12,129.87,130.99,17489600,0,1
2010-10-06,131.45,131.86,131.34,131.81,16142200,131.45,131.86,131.34,131.81,16142200,0,1
2010-10-07,132.6,132.67,129.51,130.37,38676800,132.6,132.67,129.51,130.37,38676800,0,1
2010-10-08,130.78,131.88,130.47,131.66,18693300,130.78,131.88,130.47,131.66,18693300,0,1
2010-10-11,131.28,132.33,130.98,132.292,10621300,131.28,132.33,130.98,132.292,10621300,0,1
2010-10-12,132.06,132.21,131.36,131.96,13289200,132.06,132.21,131.36,131.96,13289200,0,1
2010-10-13,132.73,134.31,132.63,134.07,18398500,132.73,134.31,132.63,134.07,18398500,0,1
2010-10-14,134.06,134.85,133.9,134.75,26890500,134.06,134.85,133.9,134.75,26890500,0,1
2010-10-15,134.24,134.46,133.07,133.68,26168600,134.24,134.46,133.07,133.68,26168600,0,1
2010-10-18,133.46,134.34,133.16,134.28,12289500,133.46,134.34,133.16,134.28,12289500,0,1
2010-10-19,130.46,131.59,129.75,130.11,25327200,130.46,131.59,129.75,130.11,25327200,0,1
2010-10-20,130.36,131.65,130.32,131.32,12556600,130.36,131.65,130.32,131.32,12556600,0,1
2010-10-21,131.08,131.59,128.72,129.47,21804200,131.08,131.59,128.72,129.47,21804200,0,1
2010-10-22,129.47,129.75,128.97,129.73,11885300,129.47,129.75,128.97,129.73,11885300,0,1
2010-10-25,131.16,131.38,130.21,130.85,12154900,131.16,131.38,130.21,130.85,12154900,0,1
2010-10-26,129.99,131.14,129.73,130.88,10710900,129.99,131.14,129.73,130.88,10710900,0,1
2010-10-27,129.93,130,128.79,129.52,16132100,129.93,130,128.79,129.52,16132100,0,1
2010-10-28,130.36,131.5,129.84,131.24,15889600,130.36,131.5,129.84,131.24,15889600,0,1
2010-10-29,131.48,132.82,131.06,132.62,14334900,131.48,132.82,131.06,132.62,14334900,0,1
2010-11-01,132.85,133.07,131.76,131.92,12403600,132.85,133.07,131.76,131.92,12403600,0,1
2010-11-02,132.44,132.59,131.88,132.49,9396900,132.44,132.59,131.88,132.49,9396900,0,1
2010-11-03,132.28,132.52,129.48,131.57,31702100,132.28,132.52,129.48,131.57,31702100,0,1
2010-11-04,134.64,136.13,134.24,136.03,23464700,134.64,136.13,134.24,136.03,23464700,0,1
2010-11-05,135.14,136.61,134.95,136.38,20342500,135.14,136.61,134.95,136.38,20342500,0,1
2010-11-08,135.92,137.79,135.53,137.78,17367400,135.92,137.79,135.53,137.78,17367400,0,1
2010-11-09,138.7,139.15,135.05,135.59,39445200,138.7,139.15,135.05,135.59,39445200,0,1
2010-11-10,137.03,137.28,135.15,137.24,28484700,137.03,137.28,135.15,137.24,28484700,0,1
2010-11-11,137.62,137.75,136.45,137.66,15447500,137.62,137.75,136.45,137.66,15447500,0,1
2010-11-12,135.89,136.3062,132.821,133.69,35885900,135.89,136.3062,132.821,133.69,35885900,0,1
2010-11-15,133.86,134.49,132.39,132.42,15096800,133.86,134.49,132.39,132.42,15096800,0,1
2010-11-16,132.24,132.38,129.83,130.968,32478100,132.24,132.38,129.83,130.968,32478100,0,1
2010-11-17,130.77,131.37,130.13,130.38,16432100,130.77,131.37,130.13,130.38,16432100,0,1
2010-11-18,131.82,132.78,131.55,132.088,16009400,131.82,132.78,131.55,132.088,16009400,0,1
2010-11-19,131.48,132.35,131.01,132.2,14146400,131.48,132.35,131.01,132.2,14146400,0,1
2010-11-22,132.13,133.6,131.69,133.48,13093400,132.13,133.6,131.69,133.48,13093400,0,1
2010-11-23,133.6,135.07,133.46,134.41,18215200,133.6,135.07,133.46,134.41,18215200,0,1
2010-11-24,134.36,134.7,133.74,134.18,8858100,134.36,134.7,133.74,134.18,8858100,0,1
2010-11-26,132.38,133.16,131.93,133.11,7822400,132.38,133.16,131.93,133.11,7822400,0,1
2010-11-29,133.19,133.75,132.33,133.508,13983800,133.19,133.75,132.33,133.508,13983800,0,1
2010-11-30,135.21,135.75,134.78,135.42,17473100,135.21,135.75,134.78,135.42,17473100,0,1
2010-12-01,135.71,136.14,134.96,135.38,16831100,135.71,136.14,134.96,135.38,16831100,0,1
2010-12-02,135.62,136.59,135.15,135.2,17583800,135.62,136.59,135.15,135.2,17583800,0,1
2010-12-03,136.62,138.11,136.48,138.07,16517200,136.62,138.11,136.48,138.07,16517200,0,1
2010-12-06,138.14,139.46,137.73,139.11,15640800,138.14,139.46,137.73,139.11,15640800,0,1
2010-12-07,139.455,139.54,136.46,136.5,26490400,139.455,139.54,136.46,136.5,26490400,0,1
2010-12-08,135.91,136.29,133.88,134.79,23483300,135.91,136.29,133.88,134.79,23483300,0,1
2010-12-09,135.69,136.16,134.88,135.37,14157600,135.69,136.16,134.88,135.37,14157600,0,1
2010-12-10,134.94,135.48,133.95,135.408,11937900,134.94,135.48,133.95,135.408,11937900,0,1
2010-12-13,136.26,136.64,135.86,136.05,13352400,136.26,136.64,135.86,136.05,13352400,0,1
2010-12-14,136.27,137.21,135.86,136.18,17430800,136.27,137.21,135.86,136.18,17430800,0,1
2010-12-15,135.34,135.93,134.68,134.7,15089500,135.34,135.93,134.68,134.7,15089500,0,1
2010-12-16,134.21,134.23,132.86,133.81,23463000,134.21,134.23,132.86,133.81,23463000,0,1
2010-12-17,133.97,134.63,133.22,134.2,17213000,133.97,134.63,133.22,134.2,17213000,0,1
2010-12-20,135.13,135.44,134.33,135.11,13142300,135.13,135.44,134.33,135.11,13142300,0,1
2010-12-21,135.17,135.7775,134.79,135.32,10235600,135.17,135.7775,134.79,135.32,10235600,0,1
2010-12-22,135.6,135.7,134.97,135.05,7300600,135.6,135.7,134.97,135.05,7300600,0,1
2010-12-23,134.26,134.9,133.93,134.66,8700800,134.26,134.9,133.93,134.66,8700800,0,1
2010-12-27,134.96,135.06,134.49,135.02,3436400,134.96,135.06,134.49,135.02,3436400,0,1
2010-12-28,136.85,137.34,136.62,137.22,10111800,136.85,137.34,136.62,137.22,10111800,0,1
2010-12-29,137.38,138.05,137.19,137.71,8442300,137.38,138.05,137.19,137.71,8442300,0,1
2010-12-30,137.58,137.71,136.94,137.03,5749400,137.58,137.71,136.94,137.03,5749400,0,1
2010-12-31,137.78,138.77,137.72,138.72,9219800,137.78,138.77,137.72,138.72,9219800,0,1
2011-01-03,138.67,139,137.88,138,11510200,138.67,139,137.88,138,11510200,0,1
2011-01-04,136.24,136.28,134.16,134.75,26154300,136.24,136.28,134.16,134.75,26154300,0,1
2011-01-05,133.5,134.68,133.1,134.37,16700900,133.5,134.68,133.1,134.37,16700900,0,1
2011-01-06,134.05,134.38,133.14,133.83,15965300,134.05,134.38,133.14,133.83,15965300,0,1
2011-01-07,133.38,134.61,133.18,133.58,16761400,133.38,134.61,133.18,133.58,16761400,0,1
2011-01-10,133.85,134.2,133.24,134.12,8429900,133.85,134.2,133.24,134.12,8429900,0,1
2011-01-11,134.79,135.16,133.96,134.91,10268400,134.79,135.16,133.96,134.91,10268400,0,1
2011-01-12,134.79,135.58,134.35,135.46,10785100,134.79,135.58,134.35,135.46,10785100,0,1
2011-01-13,135.66,135.68,133.63,134.05,14294600,135.66,135.68,133.63,134.05,14294600,0,1
2011-01-14,133.17,133.6,132.22,132.69,21224900,133.17,133.6,132.22,132.69,21224900,0,1
2011-01-18,133.625,134,133.17,133.43,11592900,133.625,134,133.17,133.43,11592900,0,1
2011-01-19,134.34,134.4,133.4,133.72,11788100,134.34,134.4,133.4,133.72,11788100,0,1
2011-01-20,131.76,132.1,131.04,131.2,24362900,131.76,132.1,131.04,131.2,24362900,0,1
2011-01-21,130.76,131.43,130.53,131.03,19488400,130.76,131.43,130.53,131.03,19488400,0,1
2011-01-24,131.01,131.63,130.14,130.36,15127200,131.01,131.63,130.14,130.36,15127200,0,1
2011-01-25,129.65,130.27,129.07,130.1,22219700,129.65,130.27,129.07,130.1,22219700,0,1
2011-01-26,129.83,131.17,129.28,131.16,20543000,129.83,131.17,129.28,131.16,20543000,0,1
2011-01-27,130.29,130.49,127.8,127.925,33047000,130.29,130.49,127.8,127.925,33047000,0,1
2011-01-28,127.97,131.4762,127.95,130.28,28091500,127.97,131.4762,127.95,130.28,28091500,0,1
2011-01-31,129.27,130.51,129.25,129.87,14664100,129.27,130.51,129.25,129.87,14664100,0,1
2011-02-01,130.52,131.08,129.33,130.8,15363700,130.52,131.08,129.33,130.8,15363700,0,1
2011-02-02,130.37,130.6,129.4536,130.45,10082000,130.37,130.6,129.4536,130.45,10082000,0,1
2011-02-03,130.07,132.32,129.28,132.2,17374700,130.07,132.32,129.28,132.2,17374700,0,1
2011-02-04,131.84,132.7,131.23,131.66,15214300,131.84,132.7,131.23,131.66,15214300,0,1
2011-02-07,131.67,131.95,131.23,131.68,7176300,131.67,131.95,131.23,131.68,7176300,0,1
2011-02-08,132.96,133.5,132.8,133.14,16220900,132.96,133.5,132.8,133.14,16220900,0,1
2011-02-09,133.19,133.39,132.489,133.07,10178400,133.19,133.39,132.489,133.07,10178400,0,1
2011-02-10,132.11,133.31,132,132.85,8105200,132.11,133.31,132,132.85,8105200,0,1
2011-02-11,133.01,133.44,132.09,132.3225,9888600,133.01,133.44,132.09,132.3225,9888600,0,1
2011-02-14,132.95,133.38,132.7,132.95,8694200,132.95,133.38,132.7,132.95,8694200,0,1
2011-02-15,133.8599,134.17,133.63,133.97,10111200,133.8599,134.17,133.63,133.97,10111200,0,1
2011-02-16,134.23,134.86,133.45,134.1,12822800,134.23,134.86,133.45,134.1,12822800,0,1
2011-02-17,134.74,135.16,134.47,135.04,11322200,134.74,135.16,134.47,135.04,11322200,0,1
2011-02-18,135.17,135.8,134.882,135.41,15890100,135.17,135.8,134.882,135.41,15890100,0,1
2011-02-22,136.92,137.22,136.19,136.29,16676100,136.92,137.22,136.19,136.29,16676100,0,1
2011-02-23,136.97,138.2,136.92,137.51,15685700,136.97,138.2,136.92,137.51,15685700,0,1
2011-02-24,138.04,138.14,135.73,136.48,18781700,138.04,138.14,135.73,136.48,18781700,0,1
2011-02-25,137.22,137.74,136.77,137.384,10351400,137.22,137.74,136.77,137.384,10351400,0,1
2011-02-28,137.65,138.14,137.03,137.661,8847000,137.65,138.14,137.03,137.661,8847000,0,1
2011-03-01,138.57,140.03,138.49,140.03,17438100,138.57,140.03,138.49,140.03,17438100,0,1
2011-03-02,140.24,140.55,139.48,139.917,15719800,140.24,140.55,139.48,139.917,15719800,0,1
2011-03-03,138.81,139.13,137.57,138.09,16485000,138.81,139.13,137.57,138.09,16485000,0,1
2011-03-04,138.63,139.75,138.61,139.35,17454600,138.63,139.75,138.61,139.35,17454600,0,1
2011-03-07,140.29,140.61,139.28,139.721,14068900,140.29,140.61,139.28,139.721,14068900,0,1
2011-03-08,139.65,139.66,138.83,139.36,10730500,139.65,139.66,138.83,139.36,10730500,0,1
2011-03-09,139.92,139.95,138.94,139.41,8736400,139.92,139.95,138.94,139.41,8736400,0,1
2011-03-10,138.5,138.5,136.845,137.77,15559100,138.5,138.5,136.845,137.77,15559100,0,1
2011-03-11,137.285,138.93,137.18,138.22,10416900,137.285,138.93,137.18,138.22,10416900,0,1
2011-03-14,139.33,139.55,138.61,138.86,10239300,139.33,139.55,138.61,138.86,10239300,0,1
2011-03-15,135.35,136.94,135.23,136.27,23465100,135.35,136.94,135.23,136.27,23465100,0,1
2011-03-16,136.52,137.2,135.8,136.24,13392500,136.52,137.2,135.8,136.24,13392500,0,1
2011-03-17,136.56,137.08,136.25,136.97,9117400,136.56,137.08,136.25,136.97,9117400,0,1
2011-03-18,138.14,138.83,137.76,138.37,18602000,138.14,138.83,137.76,138.37,18602000,0,1
2011-03-21,139.5,139.91,138.97,139.14,13742500,139.5,139.91,138.97,139.14,13742500,0,1
2011-03-22,138.88,139.36,138.67,139.05,9553700,138.88,139.36,138.67,139.05,9553700,0,1
2011-03-23,139.61,140.55,139.55,140.34,11541000,139.61,140.55,139.55,140.34,11541000,0,1
2011-03-24,140.2742,141.28,138.83,139.22,17016600,140.2742,141.28,138.83,139.22,17016600,0,1
2011-03-25,140,140.24,138.66,139.26,13191100,140,140.24,138.66,139.26,13191100,0,1
2011-03-28,137.8199,138.83,137.78,138.54,7656000,137.8199,138.83,137.78,138.54,7656000,0,1
2011-03-29,138.21,138.82,137.94,138.21,6345200,138.21,138.82,137.94,138.21,6345200,0,1
2011-03-30,139.07,139.18,137.68,138.67,10749400,139.07,139.18,137.68,138.67,10749400,0,1
2011-03-31,140.08,140.4,139.78,139.86,15227300,140.08,140.4,139.78,139.86,15227300,0,1
2011-04-01,138.65,139.55,137.72,139.2,15738300,138.65,139.55,137.72,139.2,15738300,0,1
2011-04-04,140.13,140.26,139.45,139.84,9685100,140.13,140.26,139.45,139.84,9685100,0,1
2011-04-05,139.58,142.09,139.52,142.05,18295300,139.58,142.09,139.52,142.05,18295300,0,1
2011-04-06,142.4,142.62,141.77,142.38,10710300,142.4,142.62,141.77,142.38,10710300,0,1
2011-04-07,142.23,142.89,141.8,142.51,9486800,142.23,142.89,141.8,142.51,9486800,0,1
2011-04-08,143.34,143.84,142.97,143.66,13128200,143.34,143.84,142.97,143.66,13128200,0,1
2011-04-11,143.28,143.49,142.28,142.64,10105600,143.28,143.49,142.28,142.64,10105600,0,1
2011-04-12,142.74,142.82,140.75,141.61,14948100,142.74,142.82,140.75,141.61,14948100,0,1
2011-04-13,142.3894,142.53,141.48,141.9,13884200,142.3894,142.53,141.48,141.9,13884200,0,1
2011-04-14,142.35,143.83,142.23,143.81,14174100,142.35,143.83,142.23,143.81,14174100,0,1
2011-04-15,143.85,145.12,143.57,145.05,19121600,143.85,145.12,143.57,145.05,19121600,0,1
2011-04-18,145.21,146.07,144.63,145.93,17340100,145.21,146.07,144.63,145.93,17340100,0,1
2011-04-19,145.73,146.24,145.18,145.93,10950100,145.73,146.24,145.18,145.93,10950100,0,1
2011-04-20,146.37,146.84,145.74,146.5,13716800,146.37,146.84,145.74,146.5,13716800,0,1
2011-04-21,146.57,147.06,146.32,146.74,10109400,146.57,147.06,146.32,146.74,10109400,0,1
2011-04-25,147.57,147.58,146.42,146.87,15596400,147.57,147.58,146.42,146.87,15596400,0,1
2011-04-26,146.47,146.62,145.48,146.38,16200000,146.47,146.62,145.48,146.38,16200000,0,1
2011-04-27,147.38,149.21,146.52,149.2,21945900,147.38,149.21,146.52,149.2,21945900,0,1
2011-04-28,149.3,150,148.6,149.82,20754000,149.3,150,148.6,149.82,20754000,0,1
2011-04-29,149.9,153.03,149.75,152.37,27600000,149.9,153.03,149.75,152.37,27600000,0,1
2011-05-02,151.46,153.61,150.36,150.414,24094100,151.46,153.61,150.36,150.414,24094100,0,1
2011-05-03,150.43,150.97,148.85,149.88,24215600,150.43,150.97,148.85,149.88,24215600,0,1
2011-05-04,149.86,150.34,146.76,147.73,35107000,149.86,150.34,146.76,147.73,35107000,0,1
2011-05-05,146.82,147.58,142.55,143.47,51284000,146.82,147.58,142.55,143.47,51284000,0,1
2011-05-06,145.24,146.09,144.4,145.3,24182200,145.24,146.09,144.4,145.3,24182200,0,1
2011-05-09,146.67,147.58,146.34,147.38,13854800,146.67,147.58,146.34,147.38,13854800,0,1
2011-05-10,147.19,148.19,146.93,147.9,11285200,147.19,148.19,146.93,147.9,11285200,0,1
2011-05-11,147.24,147.35,145.77,146.54,21378300,147.24,147.35,145.77,146.54,21378300,0,1
2011-05-12,145.88,147.12,144.96,146.59,18730400,145.88,147.12,144.96,146.59,18730400,0,1
2011-05-13,146.72,147.28,144.49,145.63,17268700,146.72,147.28,144.49,145.63,17268700,0,1
2011-05-16,145.88,146.67,145.19,145.37,10066800,145.88,146.67,145.19,145.37,10066800,0,1
2011-05-17,144.23,144.78,143.42,144.74,17192100,144.23,144.78,143.42,144.74,17192100,0,1
2011-05-18,145.55,146.22,145.14,145.6,10502900,145.55,146.22,145.14,145.6,10502900,0,1
2011-05-19,145.12,145.85,144.86,145.65,8098100,145.12,145.85,144.86,145.65,8098100,0,1
2011-05-20,145.82,147.78,144.9,147.49,23187900,145.82,147.78,144.9,147.49,23187900,0,1
2011-05-23,147.04,147.95,146.97,147.83,15937600,147.04,147.95,146.97,147.83,15937600,0,1
2011-05-24,148.48,149.05,148.18,148.59,14948000,148.48,149.05,148.18,148.59,14948000,0,1
2011-05-25,148.72,149.37,148.52,148.58,10973800,148.72,149.37,148.52,148.58,10973800,0,1
2011-05-26,148.45,148.61,147.59,148.22,9785500,148.45,148.61,147.59,148.22,9785500,0,1
2011-05-27,149.02,149.92,148.96,149.7,10186200,149.02,149.92,148.96,149.7,10186200,0,1
2011-05-31,149.88,150.165,149.41,149.64,10499300,149.88,150.165,149.41,149.64,10499300,0,1
2011-06-01,149.66,151.13,149.43,149.91,18365400,149.66,151.13,149.43,149.91,18365400,0,1
2011-06-02,150.15,150.38,148.07,149.5,13552700,150.15,150.38,148.07,149.5,13552700,0,1
2011-06-03,150.28,150.66,149.62,150.22,12606400,150.28,150.66,149.62,150.22,12606400,0,1
2011-06-06,150.82,151.45,150.21,150.48,11472600,150.82,151.45,150.21,150.48,11472600,0,1
2011-06-07,150.67,150.85,149.68,150.42,10140500,150.67,150.85,149.68,150.42,10140500,0,1
2011-06-08,150.02,150.38,149.3,149.81,9612500,150.02,150.38,149.3,149.81,9612500,0,1
2011-06-09,150.01,151.02,149.75,150.56,7643200,150.01,151.02,149.75,150.56,7643200,0,1
2011-06-10,149.04,149.78,148.69,149.24,12344900,149.04,149.78,148.69,149.24,12344900,0,1
2011-06-13,148.6601,149.04,147.19,147.77,12989300,148.6601,149.04,147.19,147.77,12989300,0,1
2011-06-14,147.7,148.73,147.478,148.67,10938500,147.7,148.73,147.478,148.67,10938500,0,1
2011-06-15,148.16,149.55,147.92,149.12,14550700,148.16,149.55,147.92,149.12,14550700,0,1
2011-06-16,148.83,149.49,148.22,148.97,11035000,148.83,149.49,148.22,148.97,11035000,0,1
2011-06-17,148.87,150.29,148.83,149.94,19205100,148.87,150.29,148.83,149.94,19205100,0,1
2011-06-20,150.0799,150.79,149.582,150.03,10463400,150.0799,150.79,149.582,150.03,10463400,0,1
2011-06-21,150.26,150.87,150.18,150.76,12439200,150.26,150.87,150.18,150.76,12439200,0,1
2011-06-22,151.01,151.86,150.56,150.99,14109700,151.01,151.86,150.56,150.99,14109700,0,1
2011-06-23,148.6701,148.84,147.26,148.339,24869600,148.6701,148.84,147.26,148.339,24869600,0,1
2011-06-24,147.86,148.025,145.97,146.26,19301400,147.86,148.025,145.97,146.26,19301400,0,1
2011-06-27,145.93,146.4,145.2,145.73,11602500,145.93,146.4,145.2,145.73,11602500,0,1
2011-06-28,146.16,146.77,145.67,146.24,8813800,146.16,146.77,145.67,146.24,8813800,0,1
2011-06-29,146.77,147.42,146.44,147.18,12624600,146.77,147.42,146.44,147.18,12624600,0,1
2011-06-30,147.18,147.41,145.98,146.001,12657100,147.18,147.41,145.98,146.001,12657100,0,1
2011-07-01,144.76,145.07,143.97,144.93,16366500,144.76,145.07,143.97,144.93,16366500,0,1
2011-07-05,146.96,147.82,146.85,147.63,11278200,146.96,147.82,146.85,147.63,11278200,0,1
2011-07-06,148.7,149.44,148.58,148.91,14502500,148.7,149.44,148.58,148.91,14502500,0,1
2011-07-07,148.97,149.35,148.29,149.15,9520900,148.97,149.35,148.29,149.15,9520900,0,1
2011-07-08,150.32,150.5,149.99,150.25,13662300,150.32,150.5,149.99,150.25,13662300,0,1
2011-07-11,151.33,151.69,150.2,151.59,20447200,151.33,151.69,150.2,151.59,20447200,0,1
2011-07-12,151.24,153.32,150.77,152.77,24033700,151.24,153.32,150.77,152.77,24033700,0,1
2011-07-13,153.7599,154.71,153.58,154.14,26351000,153.7599,154.71,153.58,154.14,26351000,0,1
2011-07-14,154.81,155.24,153.95,154.54,17613600,154.81,155.24,153.95,154.54,17613600,0,1
2011-07-15,154.34,155.29,154.22,155.2,18448400,154.34,155.29,154.22,155.2,18448400,0,1
2011-07-18,155.76,156.58,155.67,156.57,17133400,155.76,156.58,155.67,156.57,17133400,0,1
2011-07-19,156.32,156.32,154.1,154.66,22871500,156.32,156.32,154.1,154.66,22871500,0,1
2011-07-20,154.22,156.02,154.111,156.02,14559300,154.22,156.02,154.111,156.02,14559300,0,1
2011-07-21,155.91,156.04,154.33,154.83,18422800,155.91,156.04,154.33,154.83,18422800,0,1
2011-07-22,156,156.56,155.68,156.12,11378700,156,156.56,155.68,156.12,11378700,0,1
2011-07-25,157.6,157.8,156.72,157.34,13036200,157.6,157.8,156.72,157.34,13036200,0,1
2011-07-26,156.97,157.79,156.6,157.77,11735500,156.97,157.79,156.6,157.77,11735500,0,1
2011-07-27,158.47,158.6369,156.69,157.19,18296600,158.47,158.6369,156.69,157.19,18296600,0,1
2011-07-28,157.54,157.6,156.11,157.32,11369100,157.54,157.6,156.11,157.32,11369100,0,1
2011-07-29,158.43,159.25,157.68,158.29,17122800,158.43,159.25,157.68,158.29,17122800,0,1
2011-08-01,157.4701,158.97,156.78,157.72,14825700,157.4701,158.97,156.78,157.72,14825700,0,1
2011-08-02,159.3299,161.62,158.969,161.52,24284500,159.3299,161.62,158.969,161.52,24284500,0,1
2011-08-03,162.36,162.86,161.34,161.49,27823700,162.36,162.86,161.34,161.49,27823700,0,1
2011-08-04,163.61,163.87,159.68,160.64,40380300,163.61,163.87,159.68,160.64,40380300,0,1
2011-08-05,161.64,162.37,160.48,161.75,24554700,161.64,162.37,160.48,161.75,24554700,0,1
2011-08-08,165.48,167.61,164.76,167.119,43002400,165.48,167.61,164.76,167.119,43002400,0,1
2011-08-09,169.93,173.15,167.48,168.61,55765800,169.93,173.15,167.48,168.61,55765800,0,1
2011-08-10,172.46,175.13,171.62,174.58,44797200,172.46,175.13,171.62,174.58,44797200,0,1
2011-08-11,172.28,172.34,168.65,170.75,49888300,172.28,172.34,168.65,170.75,49888300,0,1
2011-08-12,169.57,170.06,167.77,169.97,29220000,169.57,170.06,167.77,169.97,29220000,0,1
2011-08-15,169.32,171.91,168.95,171.8,17798000,169.32,171.91,168.95,171.8,17798000,0,1
2011-08-16,172.6,174.07,172.5,173.92,19658000,172.6,174.07,172.5,173.92,19658000,0,1
2011-08-17,173.87,174.68,173.25,174.42,16482000,173.87,174.68,173.25,174.42,16482000,0,1
2011-08-18,177.15,178.1,176.41,177.72,25512800,177.15,178.1,176.41,177.72,25512800,0,1
2011-08-19,181.64,181.67,178.91,179.95,34398100,181.64,181.67,178.91,179.95,34398100,0,1
2011-08-22,181.9499,184.82,181.6,184.59,27482600,181.9499,184.82,181.6,184.59,27482600,0,1
2011-08-23,182.245,183.82,177.5,177.67,55265400,182.245,183.82,177.5,177.67,55265400,0,1
2011-08-24,177.9,178.31,170.31,171.646,70700300,177.9,178.31,170.31,171.646,70700300,0,1
2011-08-25,167,172.81,165.88,172.36,43273700,167,172.81,165.88,172.36,43273700,0,1
2011-08-26,173.57,177.55,171.75,177.47,38673000,173.57,177.55,171.75,177.47,38673000,0,1
2011-08-29,175.945,176.01,172.88,173.89,25265500,175.945,176.01,172.88,173.89,25265500,0,1
2011-08-30,177.7,179.31,176.66,179.1,23441000,177.7,179.31,176.66,179.1,23441000,0,1
2011-08-31,177.73,179.16,176.33,177.72,16054400,177.73,179.16,176.33,177.72,16054400,0,1
2011-09-01,177.44,178.26,176.55,177.87,13895500,177.44,178.26,176.55,177.87,13895500,0,1
2011-09-02,182.8199,183.51,182.1,183.238,19911200,182.8199,183.51,182.1,183.238,19911200,0,1
2011-09-06,184.58,185.85,181.31,182.9,30254500,184.58,185.85,181.31,182.9,30254500,0,1
2011-09-07,176.19,178.09,174.45,177.08,30760000,176.19,178.09,174.45,177.08,30760000,0,1
2011-09-08,181.39,182.12,179.77,181.81,20741300,181.39,182.12,179.77,181.81,20741300,0,1
2011-09-09,179.76,181.95,179.17,180.7,25429600,179.76,181.95,179.17,180.7,25429600,0,1
2011-09-12,178.49,178.99,175.33,176.67,21812800,178.49,178.99,175.33,176.67,21812800,0,1
2011-09-13,177.52,179.54,176.29,178.54,17246400,177.52,179.54,176.29,178.54,17246400,0,1
2011-09-14,177.55,177.78,176.05,177.21,18122800,177.55,177.78,176.05,177.21,18122800,0,1
2011-09-15,174.61,174.85,172.56,174.4,20897000,174.61,174.85,172.56,174.4,20897000,0,1
2011-09-16,173.72,177.4,173.71,176.03,20693700,173.72,177.4,173.71,176.03,20693700,0,1
2011-09-19,176.83,176.86,172.2,173.31,18301100,176.83,176.86,172.2,173.31,18301100,0,1
2011-09-20,173.18,176.37,172.84,175.78,12667600,173.18,176.37,172.84,175.78,12667600,0,1
2011-09-21,174.79,176.73,173.14,173.59,16431300,174.79,176.73,173.14,173.59,16431300,0,1
2011-09-22,169.3,170.32,167.48,169.05,32476300,169.3,170.32,167.48,169.05,32476300,0,1
2011-09-23,164.51,165.72,158.55,159.8,52981400,164.51,165.72,158.55,159.8,52981400,0,1
2011-09-26,157.12,158.8,154.19,157.58,42373800,157.12,158.8,154.19,157.58,42373800,0,1
2011-09-27,161.61,162.29,159.91,160.63,25124200,161.61,162.29,159.91,160.63,25124200,0,1
2011-09-28,160.73,161.29,155.56,156.22,21776000,160.73,161.29,155.56,156.22,21776000,0,1
2011-09-29,158.12,158.2,156.14,157.7,17340800,158.12,158.2,156.14,157.7,17340800,0,1
2011-09-30,157.3,160,156.33,158.06,16770300,157.3,160,156.33,158.06,16770300,0,1
2011-10-03,161.09,161.56,159.93,160.96,14200400,161.09,161.56,159.93,160.96,14200400,0,1
2011-10-04,160.95,161.03,155.27,157.644,24000000,160.95,161.03,155.27,157.644,24000000,0,1
2011-10-05,158.01,160.32,156.4355,159.46,15132300,158.01,160.32,156.4355,159.46,15132300,0,1
2011-10-06,160.02,161.11,158.77,160.49,12389500,160.02,161.11,158.77,160.49,12389500,0,1
2011-10-07,161.02,161.58,158.23,159.18,12977400,161.02,161.58,158.23,159.18,12977400,0,1
2011-10-10,162.05,163.32,161.14,163.266,8984500,162.05,163.32,161.14,163.266,8984500,0,1
2011-10-11,162.21,162.51,161.2133,162.1,8256900,162.21,162.51,161.2133,162.1,8256900,0,1
2011-10-12,163.7,164,162.5,163.26,10867900,163.7,164,162.5,163.26,10867900,0,1
2011-10-13,162.3,162.48,160.82,162.3,8327900,162.3,162.48,160.82,162.3,8327900,0,1
2011-10-14,163.33,163.82,162.25,163.4,9737900,163.33,163.82,162.25,163.4,9737900,0,1
2011-10-17,164,164.16,161.95,162.62,8765700,164,164.16,161.95,162.62,8765700,0,1
2011-10-18,159.96,162.03,158.303,161.84,15390800,159.96,162.03,158.303,161.84,15390800,0,1
2011-10-19,161.09,161.43,159.55,159.87,8528700,161.09,161.43,159.55,159.87,8528700,0,1
2011-10-20,157.62,158.42,156.05,157.77,17367500,157.62,158.42,156.05,157.77,17367500,0,1
2011-10-21,159.99,160.45,158.94,159.52,13334500,159.99,160.45,158.94,159.52,13334500,0,1
2011-10-24,160.55,161.33,160.22,161.02,10199800,160.55,161.33,160.22,161.02,10199800,0,1
2011-10-25,161.24,166.34,160.4088,165.59,22130800,161.24,166.34,160.4088,165.59,22130800,0,1
2011-10-26,167.03,168.05,166.42,167.4,17116300,167.03,168.05,166.42,167.4,17116300,0,1
2011-10-27,167.59,170.29,166.65,169.94,15876900,167.59,170.29,166.65,169.94,15876900,0,1
2011-10-28,169.64,169.94,168.75,169.62,9362900,169.64,169.94,168.75,169.62,9362900,0,1
2011-10-31,167.76,168.16,166.91,167.34,8437200,167.76,168.16,166.91,167.34,8437200,0,1
2011-11-01,164.03,167.41,163.61,167.38,15335400,164.03,167.41,163.61,167.38,15335400,0,1
2011-11-02,168.59,169.7386,167.3,169.06,14530500,168.59,169.7386,167.3,169.06,14530500,0,1
2011-11-03,171.17,172.04,169.9,171.72,17610400,171.17,172.04,169.9,171.72,17610400,0,1
2011-11-04,171.03,171.34,170.16,170.85,11060400,171.03,171.34,170.16,170.85,11060400,0,1
2011-11-07,172.85,175,172.71,174.98,20131900,172.85,175,172.71,174.98,20131900,0,1
2011-11-08,174.35,175.46,172.9,173.53,16054200,174.35,175.46,172.9,173.53,16054200,0,1
2011-11-09,174.28,174.81,171.61,172.07,12313900,174.28,174.81,171.61,172.07,12313900,0,1
2011-11-10,172.4299,172.59,168.83,171.14,11848700,172.4299,172.59,168.83,171.14,11848700,0,1
2011-11-11,172.1,174.05,172.07,173.96,8727100,172.1,174.05,172.07,173.96,8727100,0,1
2011-11-14,173.74,173.86,172.59,173.2,5886400,173.74,173.86,172.59,173.2,5886400,0,1
2011-11-15,173.35,173.81,171.9,173.36,9167900,173.35,173.81,171.9,173.36,9167900,0,1
2011-11-16,171.63,172.96,170.57,171.51,15093300,171.63,172.96,170.57,171.51,15093300,0,1
2011-11-17,170.04,170.3,166.39,167.1,28468900,170.04,170.3,166.39,167.1,28468900,0,1
2011-11-18,167.23,168.69,166.6,167.62,14172900,167.23,168.69,166.6,167.62,14172900,0,1
2011-11-21,166.6099,166.71,162.07,163.5,22030700,166.6099,166.71,162.07,163.5,22030700,0,1
2011-11-22,164.74,165.92,164.61,165.31,12094400,164.74,165.92,164.61,165.31,12094400,0,1
2011-11-23,164.55,165.37,163.12,164.83,11483300,164.55,165.37,163.12,164.83,11483300,0,1
2011-11-25,163.33,165.2,163.29,163.4,6098000,163.33,165.2,163.29,163.4,6098000,0,1
2011-11-28,166.93,167.14,165.98,166.63,12004000,166.93,167.14,165.98,166.63,12004000,0,1
2011-11-29,166.4,167.33,166.08,166.88,9198900,166.4,167.33,166.08,166.88,9198900,0,1
2011-11-30,169.7,170.3,169.06,170.13,11821600,169.7,170.3,169.06,170.13,11821600,0,1
2011-12-01,169.8499,170.57,168.59,169.63,11610300,169.8499,170.57,168.59,169.63,11610300,0,1
2011-12-02,170.65,170.8,169.36,169.82,8433200,170.65,170.8,169.36,169.82,8433200,0,1
2011-12-05,169.06,169.95,167.06,167.32,10246700,169.06,169.95,167.06,167.32,10246700,0,1
2011-12-06,166.31,168.57,165.53,168.18,10381900,166.31,168.57,165.53,168.18,10381900,0,1
2011-12-07,168.79,169.52,167.76,169.4,10361300,168.79,169.52,167.76,169.4,10361300,0,1
2011-12-08,166.96,167.63,165.73,165.976,11734500,166.96,167.63,165.73,165.976,11734500,0,1
2011-12-09,166.43,167.34,166.12,166.4,8354000,166.43,167.34,166.12,166.4,8354000,0,1
2011-12-12,162.35,162.41,161.14,161.99,15339400,162.35,162.41,161.14,161.99,15339400,0,1
2011-12-13,161.86,163.19,157.76,158.45,25040400,161.86,163.19,157.76,158.45,25040400,0,1
2011-12-14,156.785,157.34,152.05,152.89,42334400,156.785,157.34,152.05,152.89,42334400,0,1
2011-12-15,154.74,154.95,151.71,152.33,21521900,154.74,154.95,151.71,152.33,21521900,0,1
2011-12-16,154.31,155.37,153.9,155.23,18124300,154.31,155.37,153.9,155.23,18124300,0,1
2011-12-19,155.48,155.86,154.36,154.87,12547200,155.48,155.86,154.36,154.87,12547200,0,1
2011-12-20,156.82,157.43,156.58,156.98,9136300,156.82,157.43,156.58,156.98,9136300,0,1
2011-12-21,156.98,157.53,156.13,157.16,11996100,156.98,157.53,156.13,157.16,11996100,0,1
2011-12-22,156.35,156.8,155.33,156.04,9888400,156.35,156.8,155.33,156.04,9888400,0,1
2011-12-23,156.35,156.49,155.82,156.31,3565100,156.35,156.49,155.82,156.31,3565100,0,1
2011-12-27,155.08,155.55,154.54,154.91,4918600,155.08,155.55,154.54,154.91,4918600,0,1
2011-12-28,154.05,154.26,150.66,151.03,16436100,154.05,154.26,150.66,151.03,16436100,0,1
2011-12-29,149.09,150.72,148.27,150.34,19812200,149.09,150.72,148.27,150.34,19812200,0,1
2011-12-30,152.1401,153.75,151.79,151.99,10852700,152.1401,153.75,151.79,151.99,10852700,0,1
2012-01-03,154.76,156.3,154.55,155.92,13385800,154.76,156.3,154.55,155.92,13385800,0,1
2012-01-04,155.43,157.38,155.34,156.71,11549700,155.43,157.38,155.34,156.71,11549700,0,1
2012-01-05,155.37,158.03,155.25,157.78,11621600,155.37,158.03,155.25,157.78,11621600,0,1
2012-01-06,158.5901,158.63,156.38,157.2,9790500,158.5901,158.63,156.38,157.2,9790500,0,1
2012-01-09,157.36,157.59,156.19,156.5,8771900,157.36,157.59,156.19,156.5,8771900,0,1
2012-01-10,158.97,159.47,158.47,158.64,8371400,158.97,159.47,158.47,158.64,8371400,0,1
2012-01-11,159.34,160.05,158.91,159.67,7968500,159.34,160.05,158.91,159.67,7968500,0,1
2012-01-12,161.02,161.615,159.83,160.38,8602500,161.02,161.615,159.83,160.38,8602500,0,1
2012-01-13,159.32,159.59,158.01,159.26,8910300,159.32,159.59,158.01,159.26,8910300,0,1
2012-01-17,161.17,161.65,160.42,160.5,8313300,161.17,161.65,160.42,160.5,8313300,0,1
2012-01-18,159.94,161.64,159.68,161.6,9341200,159.94,161.64,159.68,161.6,9341200,0,1
2012-01-19,160.96,161.45,160.33,161.22,8114200,160.96,161.45,160.33,161.22,8114200,0,1
2012-01-20,160.5,162.09,160,162.07,11616700,160.5,162.09,160,162.07,11616700,0,1
2012-01-23,162.325,163.47,162.325,163.16,8832100,162.325,163.47,162.325,163.16,8832100,0,1
2012-01-24,161.81,162.37,161.53,162.01,7502100,161.81,162.37,161.53,162.01,7502100,0,1
2012-01-25,161.07,166.55,160.29,166.42,28957700,161.07,166.55,160.29,166.42,28957700,0,1
2012-01-26,168.05,168.31,167.05,167.27,19143800,168.05,168.31,167.05,167.27,19143800,0,1
2012-01-27,167.44,169,167.41,168.97,13030100,167.44,169,167.41,168.97,13030100,0,1
2012-01-30,168.19,168.54,167.74,168.03,8438000,168.19,168.54,167.74,168.03,8438000,0,1
2012-01-31,169.77,169.86,167.72,169.31,11192500,169.77,169.86,167.72,169.31,11192500,0,1
2012-02-01,169.75,170.18,169.08,169.56,7734200,169.75,170.18,169.08,169.56,7734200,0,1
2012-02-02,169.96,171.2299,169.68,171.05,11509600,169.96,171.2299,169.68,171.05,11509600,0,1
2012-02-03,169.88,170.14,167.51,167.64,23355300,169.88,170.14,167.51,167.64,23355300,0,1
2012-02-06,166.96,167.68,166.61,167.18,8807400,166.96,167.68,166.61,167.18,8807400,0,1
2012-02-07,167.38,170.09,167.15,169.7,11614300,167.38,170.09,167.15,169.7,11614300,0,1
2012-02-08,169.26,169.96,167.5,168.5,10655500,169.26,169.96,167.5,168.5,10655500,0,1
2012-02-09,170.01,170.37,167.67,168.02,16085200,170.01,170.37,167.67,168.02,16085200,0,1
2012-02-10,166.49,167.64,166.33,167.14,10326800,166.49,167.64,166.33,167.14,10326800,0,1
2012-02-13,167.33,167.94,166.74,167.51,7088900,167.33,167.94,166.74,167.51,7088900,0,1
2012-02-14,167.65,167.93,166.42,167.12,7862500,167.65,167.93,166.42,167.12,7862500,0,1
2012-02-15,168.63,168.75,167.19,168.108,11638500,168.63,168.75,167.19,168.108,11638500,0,1
2012-02-16,166.33,168.14,166.17,168,10734000,166.33,168.14,166.17,168,10734000,0,1
2012-02-17,168.29,168.33,166.872,167.35,7286900,168.29,168.33,166.872,167.35,7286900,0,1
2012-02-21,169.65,171.07,169.59,171.02,13611200,169.65,171.07,169.59,171.02,13611200,0,1
2012-02-22,170.4,173.17,170.19,172.94,16676500,170.4,173.17,170.19,172.94,16676500,0,1
2012-02-23,172.69,173.77,172.28,173.02,11654200,172.69,173.77,172.28,173.02,11654200,0,1
2012-02-24,172.63,173.04,172,172.231,9293700,172.63,173.04,172,172.231,9293700,0,1
2012-02-27,172.14,172.92,171.58,171.7,7340900,172.14,172.92,171.58,171.7,7340900,0,1
2012-02-28,172.84,174,172.6,173.49,12413000,172.84,174,172.6,173.49,12413000,0,1
2012-02-29,173.19,173.59,164,164.286,44149000,173.19,173.59,164,164.286,44149000,0,1
2012-03-01,166.1,167.72,165.75,166.61,19200700,166.1,167.72,165.75,166.61,19200700,0,1
2012-03-02,166.23,166.83,165.63,166.34,9298100,166.23,166.83,165.63,166.34,9298100,0,1
2012-03-05,165.77,165.91,164.55,165.65,12071400,165.77,165.91,164.55,165.65,12071400,0,1
2012-03-06,162.15,162.81,161.78,162.7,15533200,162.15,162.81,161.78,162.7,15533200,0,1
2012-03-07,162.76,164.02,162.51,163.63,9553300,162.76,164.02,162.51,163.63,9553300,0,1
2012-03-08,164.74,165.55,164.05,165.28,8858200,164.74,165.55,164.05,165.28,8858200,0,1
2012-03-09,163.64,166.57,163.25,166.3799,13698200,163.64,166.57,163.25,166.3799,13698200,0,1
2012-03-12,165.33,165.58,164.4,165.07,6523800,165.33,165.58,164.4,165.07,6523800,0,1
2012-03-13,163.94,165.41,161.43,162.3,20047000,163.94,165.41,161.43,162.3,20047000,0,1
2012-03-14,159.61,160.5758,158.8,159.57,28822100,159.61,160.5758,158.8,159.57,28822100,0,1
2012-03-15,159.73,161.98,159.28,161.08,12689300,159.73,161.98,159.28,161.08,12689300,0,1
2012-03-16,160.08,161.54,159.9201,161.3,12549200,160.08,161.54,159.9201,161.3,12549200,0,1
2012-03-19,160.85,162.3,160.722,161.59,9920800,160.85,162.3,160.722,161.59,9920800,0,1
2012-03-20,160.1976,161.08,159.77,160.13,11643700,160.1976,161.08,159.77,160.13,11643700,0,1
2012-03-21,160.63,161.48,160.15,160.21,6672700,160.63,161.48,160.15,160.21,6672700,0,1
2012-03-22,158.2,159.71,158.13,159.57,11107700,158.2,159.71,158.13,159.57,11107700,0,1
2012-03-23,160.88,161.88,160.52,161.5329,10689000,160.88,161.88,160.52,161.5329,10689000,0,1
2012-03-26,163.17,164.54,162.95,164.4,13226700,163.17,164.54,162.95,164.4,13226700,0,1
2012-03-27,164.52,164.89,163.13,163.24,10908700,164.52,164.89,163.13,163.24,10908700,0,1
2012-03-28,162.71,162.98,160.66,161.51,11008200,162.71,162.98,160.66,161.51,11008200,0,1
2012-03-29,161.14,161.46,159.81,161.28,11026900,161.14,161.46,159.81,161.28,11026900,0,1
2012-03-30,161.67,162.33,161.22,162.12,7534000,161.67,162.33,161.22,162.12,7534000,0,1
2012-04-02,161.96,163.56,161.81,162.94,7541700,161.96,163.56,161.81,162.94,7541700,0,1
2012-04-03,163.23,163.23,159.17,159.89,16822300,163.23,163.23,159.17,159.89,16822300,0,1
2012-04-04,157.7,158.03,156.58,157.21,15975600,157.7,158.03,156.58,157.21,15975600,0,1
2012-04-05,157.87,158.68,157.78,158.31,8967700,157.87,158.68,157.78,158.31,8967700,0,1
2012-04-09,159.72,160.01,158.91,159.37,8245800,159.72,160.01,158.91,159.37,8245800,0,1
2012-04-10,159.66,161.58,158.47,161.1,14288500,159.66,161.58,158.47,161.1,14288500,0,1
2012-04-11,161.2,161.54,160.74,161.065,10005400,161.2,161.54,160.74,161.065,10005400,0,1
2012-04-12,160.74,163.2,160.455,162.7,9229900,160.74,163.2,160.455,162.7,9229900,0,1
2012-04-13,162.4509,162.46,160.17,160.85,10041000,162.4509,162.46,160.17,160.85,10041000,0,1
2012-04-16,160.51,161.18,159.53,160.46,6670500,160.51,161.18,159.53,160.46,6670500,0,1
2012-04-17,160.54,160.96,158.75,160.27,7587100,160.54,160.96,158.75,160.27,7587100,0,1
2012-04-18,159.49,160.12,159.07,159.31,7463000,159.49,160.12,159.07,159.31,7463000,0,1
2012-04-19,160,160.64,159.02,159.43,9914400,160,160.64,159.02,159.43,9914400,0,1
2012-04-20,159.25,159.91,159.2,159.54,9148800,159.25,159.91,159.2,159.54,9148800,0,1
2012-04-23,158.2,159.18,157.88,159.07,8876800,158.2,159.18,157.88,159.07,8876800,0,1
2012-04-24,159.63,160.18,159.29,159.3,5200600,159.63,160.18,159.29,159.3,5200600,0,1
2012-04-25,159.48,159.96,157.76,159.62,15093700,159.48,159.96,157.76,159.62,15093700,0,1
2012-04-26,160.46,161.38,160.1,161.03,10918700,160.46,161.38,160.1,161.03,10918700,0,1
2012-04-27,161.78,161.97,161.15,161.38,8906600,161.78,161.97,161.15,161.38,8906600,0,1
2012-04-30,160.49,161.88,160.31,161.88,8007300,160.49,161.88,160.31,161.88,8007300,0,1
2012-05-01,162.09,162.18,160.89,161.32,7414800,162.09,162.18,160.89,161.32,7414800,0,1
2012-05-02,160.74,160.78,159.76,160.59,5632300,160.74,160.78,159.76,160.59,5632300,0,1
2012-05-03,159.16,159.48,158.37,158.97,13172000,159.16,159.48,158.37,158.97,13172000,0,1
2012-05-04,158.82,159.98,158.57,159.47,11389600,158.82,159.98,158.57,159.47,11389600,0,1
2012-05-07,159.31,159.34,158.45,159.08,4927800,159.31,159.34,158.45,159.08,4927800,0,1
2012-05-08,156.61,156.73,154.92,156,17852300,156.61,156.73,154.92,156,17852300,0,1
2012-05-09,154.1,154.98,153.6,154.47,13864000,154.1,154.98,153.6,154.47,13864000,0,1
2012-05-10,155.16,155.57,154.64,154.77,7460100,155.16,155.57,154.64,154.77,7460100,0,1
2012-05-11,153.44,154.47,153.24,153.56,8285600,153.44,154.47,153.24,153.56,8285600,0,1
2012-05-14,151.58,152.03,151,151.33,13388200,151.58,152.03,151,151.33,13388200,0,1
2012-05-15,151.16,151.44,149.63,149.74,13354500,151.16,151.44,149.63,149.74,13354500,0,1
2012-05-16,149.48,150.7,148.6,149.46,16750700,149.48,150.7,148.6,149.46,16750700,0,1
2012-05-17,150.83,153.4,150.38,152.8,18080700,150.83,153.4,150.38,152.8,18080700,0,1
2012-05-18,154.46,155.13,153.97,154.55,12994200,154.46,155.13,153.97,154.55,12994200,0,1
2012-05-21,154.11,154.95,153.86,154.65,7542400,154.11,154.95,153.86,154.65,7542400,0,1
2012-05-22,153.59,154.42,151.55,152.08,11302700,153.59,154.42,151.55,152.08,11302700,0,1
2012-05-23,151.5,151.8401,148.84,151.62,18854500,151.5,151.8401,148.84,151.62,18854500,0,1
2012-05-24,152.71,152.91,150.62,151.41,9697100,152.71,152.91,150.62,151.41,9697100,0,1
2012-05-25,151.89,152.85,151.63,152.68,6212900,151.89,152.85,151.63,152.68,6212900,0,1
2012-05-29,153.47,153.62,150.25,151.02,11243100,153.47,153.62,150.25,151.02,11243100,0,1
2012-05-30,149.74,152.38,148.53,151.91,16764800,149.74,152.38,148.53,151.91,16764800,0,1
2012-05-31,152.0284,152.71,150.62,151.62,10114300,152.0284,152.71,150.62,151.62,10114300,0,1
2012-06-01,155.41,158.31,154.87,157.5,27399400,155.41,158.31,154.87,157.5,27399400,0,1
2012-06-04,157.26,157.44,156.16,157.32,11462100,157.26,157.44,156.16,157.32,11462100,0,1
2012-06-05,156.92,157.27,156.42,157.14,8095300,156.92,157.27,156.42,157.14,8095300,0,1
2012-06-06,158.9,159.2,156.59,157.21,15771600,158.9,159.2,156.59,157.21,15771600,0,1
2012-06-07,157.82,157.84,153.19,154.5,18921600,157.82,157.84,153.19,154.5,18921600,0,1
2012-06-08,153.02,154.83,153,154.73,11074800,153.02,154.83,153,154.73,11074800,0,1
2012-06-11,154.83,155.4,153.55,155.36,9166600,154.83,155.4,153.55,155.36,9166600,0,1
2012-06-12,155.49,157.04,155.45,156.4594,13241100,155.49,157.04,155.45,156.4594,13241100,0,1
2012-06-13,157.61,157.65,156.42,157.12,10109800,157.61,157.65,156.42,157.12,10109800,0,1
2012-06-14,157.64,157.94,156.24,157.75,11502400,157.64,157.94,156.24,157.75,11502400,0,1
2012-06-15,157.75,158.46,157.42,157.84,13099300,157.75,158.46,157.42,157.84,13099300,0,1
2012-06-18,157.46,158.21,156.54,157.93,6733000,157.46,158.21,156.54,157.93,6733000,0,1
2012-06-19,158,158.14,156.97,157.16,6945900,158,158.14,156.97,157.16,6945900,0,1
2012-06-20,156,157.37,154.26,155.97,16970200,156,157.37,154.26,155.97,16970200,0,1
2012-06-21,153.73,154.2299,151.8,152.015,14447500,153.73,154.2299,151.8,152.015,14447500,0,1
2012-06-22,152.04,152.7,151.21,152.64,6755200,152.04,152.7,151.21,152.64,6755200,0,1
2012-06-25,152.58,154.16,152.25,153.76,6183600,152.58,154.16,152.25,153.76,6183600,0,1
2012-06-26,153.03,153.3,152.13,152.62,6123400,153.03,153.3,152.13,152.62,6123400,0,1
2012-06-27,153.3,153.45,152.15,152.83,4840700,153.3,153.45,152.15,152.83,4840700,0,1
2012-06-28,151.9,152.16,150.15,151.05,8755600,151.9,152.16,150.15,151.05,8755600,0,1
2012-06-29,155.13,155.95,154.52,155.19,10378200,155.13,155.95,154.52,155.19,10378200,0,1
2012-07-02,154.67,155.55,154.341,155.09,3654200,154.67,155.55,154.341,155.09,3654200,0,1
2012-07-03,156.97,157.72,156.77,157.46,5037700,156.97,157.72,156.77,157.46,5037700,0,1
2012-07-05,155.44,156.4,154.45,155.68,5359900,155.44,156.4,154.45,155.68,5359900,0,1
2012-07-06,154.23,154.49,152.95,153.71,7045700,154.23,154.49,152.95,153.71,7045700,0,1
2012-07-09,153.61,154.58,153.43,154.04,4468500,153.61,154.58,153.43,154.04,4468500,0,1
2012-07-10,155.13,155.1799,151.78,152.15,9747900,155.13,155.1799,151.78,152.15,9747900,0,1
2012-07-11,152.58,153.45,152.02,152.99,6838500,152.58,153.45,152.02,152.99,6838500,0,1
2012-07-12,151.26,153.07,150.85,152.59,11394800,151.26,153.07,150.85,152.59,11394800,0,1
2012-07-13,153.45,154.94,153.44,154.14,5080300,153.45,154.94,153.44,154.14,5080300,0,1
2012-07-16,154.43,154.75,153.98,154.21,5710900,154.43,154.75,153.98,154.21,5710900,0,1
2012-07-17,154.01,154.5,152.45,153.47,13021800,154.01,154.5,152.45,153.47,13021800,0,1
2012-07-18,152.67,153.6,152.4,153.05,6807600,152.67,153.6,152.4,153.05,6807600,0,1
2012-07-19,153.73,154.32,152.93,153.38,6070000,153.73,154.32,152.93,153.38,6070000,0,1
2012-07-20,152.97,154,152.75,153.67,8583800,152.97,154,152.75,153.67,8583800,0,1
2012-07-23,152.5,153.33,152.29,153.03,5256700,152.5,153.33,152.29,153.03,5256700,0,1
2012-07-24,153.63,153.8,152.2,153.52,6538900,153.63,153.8,152.2,153.52,6538900,0,1
2012-07-25,155.33,156.29,155.05,155.67,9355900,155.33,156.29,155.05,155.67,9355900,0,1
2012-07-26,156.7,157.26,156.05,156.77,7343500,156.7,157.26,156.05,156.77,7343500,0,1
2012-07-27,157.64,157.96,156.66,157.54,9772600,157.64,157.96,156.66,157.54,9772600,0,1
2012-07-30,156.84,157.66,154.81,157.43,7212100,156.84,157.66,154.81,157.43,7212100,0,1
2012-07-31,157.6,157.72,156.26,156.49,10919700,157.6,157.72,156.26,156.49,10919700,0,1
2012-08-01,155.18,155.79,154.41,155.14,12714500,155.18,155.79,154.41,155.14,12714500,0,1
2012-08-02,154.66,155.14,153.61,154.13,11538800,154.66,155.14,153.61,154.13,11538800,0,1
2012-08-03,154.65,155.89,154.42,155.55,10670700,154.65,155.89,154.42,155.55,10670700,0,1
2012-08-06,155.92,156.73,155.74,156.3,4610800,155.92,156.73,155.74,156.3,4610800,0,1
2012-08-07,156.37,156.63,156.01,156.28,5923300,156.37,156.63,156.01,156.28,5923300,0,1
2012-08-08,156.49,156.86,156.26,156.48,3620500,156.49,156.86,156.26,156.48,3620500,0,1
2012-08-09,156.36,157,156.28,156.99,3177800,156.36,157,156.28,156.99,3177800,0,1
2012-08-10,156.9,157.82,156.6523,157.18,4608000,156.9,157.82,156.6523,157.18,4608000,0,1
2012-08-13,157.05,157.45,155.9,155.99,4573300,157.05,157.45,155.9,155.99,4573300,0,1
2012-08-14,155.06,155.58,154.83,155.13,5075200,155.06,155.58,154.83,155.13,5075200,0,1
2012-08-15,155.32,155.82,155.271,155.63,4993900,155.32,155.82,155.271,155.63,4993900,0,1
2012-08-16,155.85,157.09,155.5,156.56,8838300,155.85,157.09,155.5,156.56,8838300,0,1
2012-08-17,157.06,157.07,156.22,156.72,7812100,157.06,157.07,156.22,156.72,7812100,0,1
2012-08-20,156.52,157.395,156.47,157.26,7846200,156.52,157.395,156.47,157.26,7846200,0,1
2012-08-21,158.81,159.2,158.69,158.83,11833100,158.81,159.2,158.69,158.83,11833100,0,1
2012-08-22,159.19,160.63,158.51,160.54,13605900,159.19,160.63,158.51,160.54,13605900,0,1
2012-08-23,161.41,162.451,161.23,161.89,17237600,161.41,162.451,161.23,161.89,17237600,0,1
2012-08-24,161.87,162.35,161.33,161.97,8497200,161.87,162.35,161.33,161.97,8497200,0,1
2012-08-27,161.77,162.294,161.34,161.36,5380200,161.77,162.294,161.34,161.36,5380200,0,1
2012-08-28,161.63,162.19,161.3,161.64,5074200,161.63,162.19,161.3,161.64,5074200,0,1
2012-08-29,161.6,161.68,160.18,160.59,9287700,161.6,161.68,160.18,160.59,9287700,0,1
2012-08-30,161.26,161.31,160.01,160.52,5813700,161.26,161.31,160.01,160.52,5813700,0,1
2012-08-31,161.14,164.22,159.56,164.22,18024200,161.14,164.22,159.56,164.22,18024200,0,1
2012-09-04,164.11,164.77,163.66,164.48,12034800,164.11,164.77,163.66,164.48,12034800,0,1
2012-09-05,164.12,164.39,163.81,164.31,8401900,164.12,164.39,163.81,164.31,8401900,0,1
2012-09-06,165.16,165.78,164.8,164.89,12961100,165.16,165.78,164.8,164.89,12961100,0,1
2012-09-07,167.77,169,167.37,168.44,19138600,167.77,169,167.37,168.44,19138600,0,1
2012-09-10,167.84,168.14,167.225,167.29,7760600,167.84,168.14,167.225,167.29,7760600,0,1
2012-09-11,168.22,168.53,167.79,167.9,7522900,168.22,168.53,167.79,167.9,7522900,0,1
2012-09-12,168.84,168.87,167.25,167.92,9945400,168.84,168.87,167.25,167.92,9945400,0,1
2012-09-13,167.87,171.91,166.3,171.31,28336900,167.87,171.91,166.3,171.31,28336900,0,1
2012-09-14,171.89,172.23,171.31,171.8,16847500,171.89,172.23,171.31,171.8,16847500,0,1
2012-09-17,171.77,171.96,170.06,170.4,11281600,171.77,171.96,170.06,170.4,11281600,0,1
2012-09-18,170.81,171.95,170.67,171.72,12486600,170.81,171.95,170.67,171.72,12486600,0,1
2012-09-19,171.88,172.03,171.19,171.74,9125800,171.88,172.03,171.19,171.74,9125800,0,1
2012-09-20,171.03,171.69,170.226,171.47,8703000,171.03,171.69,170.226,171.47,8703000,0,1
2012-09-21,172.93,173.185,171.54,171.96,13361300,172.93,173.185,171.54,171.96,13361300,0,1
2012-09-24,170.63,171.39,170.57,171.05,9177900,170.63,171.39,170.57,171.05,9177900,0,1
2012-09-25,171.76,172.11,170.5,170.77,10365300,171.76,172.11,170.5,170.77,10365300,0,1
2012-09-26,169.47,170.05,168.34,169.81,12064800,169.47,170.05,168.34,169.81,12064800,0,1
2012-09-27,171.02,172.6,170.76,172.34,10539500,171.02,172.6,170.76,172.34,10539500,0,1
2012-09-28,172.03,172.48,171.34,171.89,9681200,172.03,172.48,171.34,171.89,9681200,0,1
2012-10-01,172.83,173.62,171.77,172.295,10676400,172.83,173.62,171.77,172.295,10676400,0,1
2012-10-02,172.47,172.7,171.59,172.1,7053900,172.47,172.7,171.59,172.1,7053900,0,1
2012-10-03,172.51,172.61,171.89,172.41,5647600,172.51,172.61,171.89,172.41,5647600,0,1
2012-10-04,173.2,174.07,172.916,173.61,10376800,173.2,174.07,172.916,173.61,10376800,0,1
2012-10-05,172.87,173.37,172.01,172.62,8871000,172.87,173.37,172.01,172.62,8871000,0,1
2012-10-08,171.75,172.28,171.68,172.05,3749300,171.75,172.28,171.68,172.05,3749300,0,1
2012-10-09,171.86,172.17,170.56,170.99,7750700,171.86,172.17,170.56,170.99,7750700,0,1
2012-10-10,170.54,171.34,170.3,170.84,7361300,170.54,171.34,170.3,170.84,7361300,0,1
2012-10-11,171.3,171.95,171.13,171.32,5714900,171.3,171.95,171.13,171.32,5714900,0,1
2012-10-12,171.15,171.41,169.81,170.06,8266000,171.15,171.41,169.81,170.06,8266000,0,1
2012-10-15,169.01,169.1,167.53,168.35,10704900,169.01,169.1,167.53,168.35,10704900,0,1
2012-10-16,168.87,169.45,168.67,169.42,6204000,168.87,169.45,168.67,169.42,6204000,0,1
2012-10-17,169.23,169.95,168.92,169.54,5203400,169.23,169.95,168.92,169.54,5203400,0,1
2012-10-18,168.8,169.31,168.59,168.7891,6607100,168.8,169.31,168.59,168.7891,6607100,0,1
2012-10-19,168.42,168.45,166.23,166.97,13860400,168.42,168.45,166.23,166.97,13860400,0,1
2012-10-22,167.08,167.63,167.0301,167.58,6366200,167.08,167.63,167.0301,167.58,6366200,0,1
2012-10-23,166.04,166.06,165.12,165.4258,11892500,166.04,166.06,165.12,165.4258,11892500,0,1
2012-10-24,165.78,165.83,164.6,164.8603,10794600,165.78,165.83,164.6,164.8603,10794600,0,1
2012-10-25,166.29,166.53,165.77,166.02,7013800,166.29,166.53,165.77,166.02,7013800,0,1
2012-10-26,166.23,166.6,165.77,165.93,6441300,166.23,166.6,165.77,165.93,6441300,0,1
2012-10-31,166.47,167.28,166.38,166.83,4681500,166.47,167.28,166.38,166.83,4681500,0,1
2012-11-01,167.02,167.04,166.04,166.07,6018000,167.02,167.04,166.04,166.07,6018000,0,1
2012-11-02,164.45,164.47,162.3,162.6,14763100,164.45,164.47,162.3,162.6,14763100,0,1
2012-11-05,163.12,163.42,162.81,163.23,6156200,163.12,163.42,162.81,163.23,6156200,0,1
2012-11-06,163.91,166.77,163.61,166.3,16051800,163.91,166.77,163.61,166.3,16051800,0,1
2012-11-07,166.87,167.13,165.04,166.49,13195200,166.87,167.13,165.04,166.49,13195200,0,1
2012-11-08,166.14,168.16,166.12,167.99,8829000,166.14,168.16,166.12,167.99,8829000,0,1
2012-11-09,168.21,168.54,167.55,167.82,7361000,168.21,168.54,167.55,167.82,7361000,0,1
2012-11-12,168.1,168.28,167.21,167.45,5647600,168.1,168.28,167.21,167.45,5647600,0,1
2012-11-13,166.66,167.9399,166.63,167.1,6463300,166.66,167.9399,166.63,167.1,6463300,0,1
2012-11-14,167.46,168.04,166.78,167.14,8510500,167.46,168.04,166.78,167.14,8510500,0,1
2012-11-15,167,167.055,165.18,166.09,10023200,167,167.055,165.18,166.09,10023200,0,1
2012-11-16,165.74,166.36,165.47,165.88,6944000,165.74,166.36,165.47,165.88,6944000,0,1
2012-11-19,167.75,168.16,167.38,167.87,6764500,167.75,168.16,167.38,167.87,6764500,0,1
2012-11-20,167.75,168.02,166.8401,167.39,5496100,167.75,168.02,166.8401,167.39,5496100,0,1
2012-11-21,167.19,167.8199,166.97,167.56,3810700,167.19,167.8199,166.97,167.56,3810700,0,1
2012-11-23,167.97,170.01,167.8,169.61,6110100,167.97,170.01,167.8,169.61,6110100,0,1
2012-11-26,169.56,169.73,169.25,169.43,5377700,169.56,169.73,169.25,169.43,5377700,0,1
2012-11-27,169.14,169.4,168.62,168.71,7314400,169.14,169.4,168.62,168.71,7314400,0,1
2012-11-28,165.43,166.84,165.385,166.55,12880100,165.43,166.84,165.385,166.55,12880100,0,1
2012-11-29,167.14,167.5,166.85,167.1817,7446800,167.14,167.5,166.85,167.1817,7446800,0,1
2012-11-30,166.94,167.22,165.53,166.05,8412300,166.94,167.22,165.53,166.05,8412300,0,1
2012-12-03,166.11,166.92,166.04,166.1267,6363400,166.11,166.92,166.04,166.1267,6363400,0,1
2012-12-04,164.06,164.83,163.87,164.42,10208900,164.06,164.83,163.87,164.42,10208900,0,1
2012-12-05,164.22,164.5,163.2,164.12,10646800,164.22,164.5,163.2,164.12,10646800,0,1
2012-12-06,163.72,165,163.53,164.5,7301600,163.72,165,163.53,164.5,7301600,0,1
2012-12-07,164.88,165.22,164.6,165.165,7289500,164.88,165.22,164.6,165.165,7289500,0,1
2012-12-10,166.11,166.16,165.715,165.8,4646600,166.11,166.16,165.715,165.8,4646600,0,1
2012-12-11,165.45,165.66,165.12,165.65,4724000,165.45,165.66,165.12,165.65,4724000,0,1
2012-12-12,166.2,166.94,165.36,165.77,14164700,166.2,166.94,165.36,165.77,14164700,0,1
2012-12-13,163.865,164.895,163.78,164.37,9332800,163.865,164.895,163.78,164.37,9332800,0,1
2012-12-14,164.17,164.48,164.02,164.13,5351700,164.17,164.48,164.02,164.13,5351700,0,1
2012-12-17,164.16,164.62,164.13,164.44,8173300,164.16,164.62,164.13,164.44,8173300,0,1
2012-12-18,164.35,164.43,160.9,162.08,23995000,164.35,164.43,160.9,162.08,23995000,0,1
2012-12-19,161.31,162.22,161.11,161.69,12991600,161.31,162.22,161.11,161.69,12991600,0,1
2012-12-20,159.87,160.12,158.39,159.73,25148400,159.87,160.12,158.39,159.73,25148400,0,1
2012-12-21,159.82,160.76,159.78,160.33,13445400,159.82,160.76,159.78,160.33,13445400,0,1
2012-12-24,160.88,160.96,160.47,160.62,3699400,160.88,160.96,160.47,160.62,3699400,0,1
2012-12-26,161.36,161.485,160.64,160.78,4961800,161.36,161.485,160.64,160.78,4961800,0,1
2012-12-27,160.23,161.31,160.05,161.16,8937700,160.23,161.31,160.05,161.16,8937700,0,1
2012-12-28,160.94,160.97,160.15,160.54,6852900,160.94,160.97,160.15,160.54,6852900,0,1
2012-12-31,160.9,162.75,160.77,162.0204,11786200,160.9,162.75,160.77,162.0204,11786200,0,1
2013-01-02,163.49,164.14,163.14,163.17,10431800,163.49,164.14,163.14,163.17,10431800,0,1
2013-01-03,162.48,162.881,160.83,161.2,16117500,162.48,162.881,160.83,161.2,16117500,0,1
2013-01-04,159.52,160.635,158.89,160.44,19179800,159.52,160.635,158.89,160.44,19179800,0,1
2013-01-07,159.36,159.96,159.15,159.43,9361800,159.36,159.96,159.15,159.43,9361800,0,1
2013-01-08,160.46,160.99,160.01,160.56,7694800,160.46,160.99,160.01,160.56,7694800,0,1
2013-01-09,160.77,160.83,159.905,160.49,8334200,160.77,160.83,159.905,160.49,8334200,0,1
2013-01-10,161.61,162.56,161.61,161.98,11432600,161.61,162.56,161.61,161.98,11432600,0,1
2013-01-11,161.86,161.9,160.1084,161.06,13675600,161.86,161.9,160.1084,161.06,13675600,0,1
2013-01-14,161.88,161.97,161.13,161.54,7289000,161.88,161.97,161.13,161.54,7289000,0,1
2013-01-15,162.8,163.17,162.355,162.558,10077800,162.8,163.17,162.355,162.558,10077800,0,1
2013-01-16,162.42,163.03,162.15,162.65,9214700,162.42,163.03,162.15,162.65,9214700,0,1
2013-01-17,161.94,164.4,161.83,163.35,14911400,161.94,164.4,161.83,163.35,14911400,0,1
2013-01-18,163.95,163.97,163.019,163.09,10038100,163.95,163.97,163.019,163.09,10038100,0,1
2013-01-22,163.48,164.22,163.37,163.67,8587900,163.48,164.22,163.37,163.67,8587900,0,1
2013-01-23,163.92,163.95,163,163.21,6697000,163.92,163.95,163,163.21,6697000,0,1
2013-01-24,161.98,162.27,161.18,161.42,13188300,161.98,162.27,161.18,161.42,13188300,0,1
2013-01-25,160.56,161.04,160.31,160.65,9037400,160.56,161.04,160.31,160.65,9037400,0,1
2013-01-28,160.24,160.73,160.02,160.29,8491600,160.24,160.73,160.02,160.29,8491600,0,1
2013-01-29,161.01,161.31,160.69,160.99,7364900,161.01,161.31,160.69,160.99,7364900,0,1
2013-01-30,162.68,163.04,162.0301,162.19,12010000,162.68,163.04,162.0301,162.19,12010000,0,1
2013-01-31,161.62,161.81,160.47,161.2,9334000,161.62,161.81,160.47,161.2,9334000,0,1
2013-02-01,162.66,162.77,160.87,161.45,12904300,162.66,162.77,160.87,161.45,12904300,0,1
2013-02-04,161.19,162.42,161.15,162,7354900,161.19,162.42,161.15,162,7354900,0,1
2013-02-05,162.75,162.795,161.33,161.96,8979400,162.75,162.795,161.33,161.96,8979400,0,1
2013-02-06,162.13,162.63,161.99,162.39,6138700,162.13,162.63,161.99,162.39,6138700,0,1
2013-02-07,161.24,162.96,161.13,161.84,12827200,161.24,162.96,161.13,161.84,12827200,0,1
2013-02-08,161.46,162.02,161.2,161.57,6085900,161.46,162.02,161.2,161.57,6085900,0,1
2013-02-11,159.78,159.98,159.2499,159.7,12083500,159.78,159.98,159.2499,159.7,12083500,0,1
2013-02-12,159.35,160.05,158.88,159.89,7632300,159.35,160.05,158.88,159.89,7632300,0,1
2013-02-13,159.6,159.64,158.77,159.05,8961300,159.6,159.64,158.77,159.05,8961300,0,1
2013-02-14,159.31,159.6499,158.04,158.348,12410200,159.31,159.6499,158.04,158.348,12410200,0,1
2013-02-15,156.42,156.58,154.56,155.76,23374100,156.42,156.58,154.56,155.76,23374100,0,1
2013-02-19,155.8,155.84,154.93,155.33,11803900,155.8,155.84,154.93,155.33,11803900,0,1
2013-02-20,153.9,153.93,150.841,151.44,30924000,153.9,153.93,150.841,151.44,30924000,0,1
2013-02-21,152,153.41,151.899,152.62,17964800,152,153.41,151.899,152.62,17964800,0,1
2013-02-22,152.26,152.99,151.93,152.97,10093200,152.26,152.99,151.93,152.97,10093200,0,1
2013-02-25,153.52,154.56,153.31,154.34,9488200,153.52,154.56,153.31,154.34,9488200,0,1
2013-02-26,154.39,156.8,153.32,156.22,18182300,154.39,156.8,153.32,156.22,18182300,0,1
2013-02-27,155.46,155.6,154.08,154.57,9596100,155.46,155.6,154.08,154.57,9596100,0,1
2013-02-28,154.09,154.16,152.39,153,14864400,154.09,154.16,152.39,153,14864400,0,1
2013-03-01,153.1599,153.61,152.14,152.44,11178800,153.1599,153.61,152.14,152.44,11178800,0,1
2013-03-04,152.45,152.74,151.87,152.3,6643800,152.45,152.74,151.87,152.3,6643800,0,1
2013-03-05,153.1,153.39,152.11,152.38,10804200,153.1,153.39,152.11,152.38,10804200,0,1
2013-03-06,152.17,153.38,151.65,153.23,10856000,152.17,153.38,151.65,153.23,10856000,0,1
2013-03-07,153.02,153.21,152.4,152.69,6586700,153.02,153.21,152.4,152.69,6586700,0,1
2013-03-08,151.61,153.29,151.403,152.71,11859500,151.61,153.29,151.403,152.71,11859500,0,1
2013-03-11,152.82,153.06,152.65,152.99,4810700,152.82,153.06,152.65,152.99,4810700,0,1
2013-03-12,154.07,154.69,153.9,154.19,7265700,154.07,154.69,153.9,154.19,7265700,0,1
2013-03-13,154.26,154.604,153.423,153.66,7436400,154.26,154.604,153.423,153.66,7436400,0,1
2013-03-14,153.02,154.17,153.01,153.68,11410400,153.02,154.17,153.01,153.68,11410400,0,1
2013-03-15,154.12,154.72,153.97,154.001,5701300,154.12,154.72,153.97,154.001,5701300,0,1
2013-03-18,155.7,155.93,155,155.38,9302400,155.7,155.93,155,155.38,9302400,0,1
2013-03-19,155.22,156.34,155.1,156.08,11023400,155.22,156.34,155.1,156.08,11023400,0,1
2013-03-20,155.53,155.83,154.88,155.37,8221500,155.53,155.83,154.88,155.37,8221500,0,1
2013-03-21,156.17,156.43,155.879,156.246,4992000,156.17,156.43,155.879,156.246,4992000,0,1
2013-03-22,155.451,155.99,155.42,155.55,4746300,155.451,155.99,155.42,155.55,4746300,0,1
2013-03-25,154.71,155.57,154.36,155.24,6819100,154.71,155.57,154.36,155.24,6819100,0,1
2013-03-26,154.47,154.91,154.28,154.72,7388700,154.47,154.91,154.28,154.72,7388700,0,1
2013-03-27,154.67,155.62,154.509,155.36,6717000,154.67,155.62,154.509,155.36,6717000,0,1
2013-03-28,154.5,154.8,154.22,154.47,6851200,154.5,154.8,154.22,154.47,6851200,0,1
2013-04-01,154.57,154.93,154.3,154.67,4288100,154.57,154.93,154.3,154.67,4288100,0,1
2013-04-02,153.09,153.31,152.26,152.43,9398300,153.09,153.31,152.26,152.43,9398300,0,1
2013-04-03,152.02,152.53,149.92,150.73,15740800,152.02,152.53,149.92,150.73,15740800,0,1
2013-04-04,149.65,150.6,149.44,150.29,12429000,149.65,150.6,149.44,150.29,12429000,0,1
2013-04-05,151.54,152.9599,151.07,152.81,14491800,151.54,152.9599,151.07,152.81,14491800,0,1
2013-04-08,152.39,152.59,151.6,152.16,6246000,152.39,152.59,151.6,152.16,6246000,0,1
2013-04-09,152.32,153.85,152.28,153.34,7042200,152.32,153.85,152.28,153.34,7042200,0,1
2013-04-10,152.67,152.71,150.5799,150.75,18507400,152.67,152.71,150.5799,150.75,18507400,0,1
2013-04-11,150.76,151.71,150.629,151.05,8063200,150.76,151.71,150.629,151.05,8063200,0,1
2013-04-12,148.65,148.8499,143.426,143.95,55601800,148.65,148.8499,143.426,143.95,55601800,0,1
2013-04-15,136,136.75,130.51,131.31,93804200,136,136.75,130.51,131.31,93804200,0,1
2013-04-16,134.9,135.11,131.76,132.8,45650800,134.9,135.11,131.76,132.8,45650800,0,1
2013-04-17,133.81,134.95,132.32,132.87,25444100,133.81,134.95,132.32,132.87,25444100,0,1
2013-04-18,134.12,135.31,133.62,134.3,20040500,134.12,135.31,133.62,134.3,20040500,0,1
2013-04-19,136,136.02,134.6,135.47,15659300,136,136.02,134.6,135.47,15659300,0,1
2013-04-22,138.15,138.269,137.22,137.9,16568500,138.15,138.269,137.22,137.9,16568500,0,1
2013-04-23,137.22,137.24,135.85,136.88,14644900,137.22,137.24,135.85,136.88,14644900,0,1
2013-04-24,138.09,138.55,137.45,138.3699,10369300,138.09,138.55,137.45,138.3699,10369300,0,1
2013-04-25,140,142.08,139.785,141.63,18886900,140,142.08,139.785,141.63,18886900,0,1
2013-04-26,142.3,143.43,140.04,140.91,19307800,142.3,143.43,140.04,140.91,19307800,0,1
2013-04-29,142.1353,142.66,141.485,142.3,11004500,142.1353,142.66,141.485,142.3,11004500,0,1
2013-04-30,142.27,142.83,141.55,142.77,11284400,142.27,142.83,141.55,142.77,11284400,0,1
2013-05-01,140.59,141.55,139.3001,141.11,13931100,140.59,141.55,139.3001,141.11,13931100,0,1
2013-05-02,142,142.47,141.642,141.92,11502200,142,142.47,141.642,141.92,11502200,0,1
2013-05-03,141.7,142.71,141.4,142.09,11667100,141.7,142.71,141.4,142.09,11667100,0,1
2013-05-06,142.33,142.465,141.63,142.15,7730300,142.33,142.465,141.63,142.15,7730300,0,1
2013-05-07,140.38,140.64,139.37,140.38,13627400,140.38,140.64,139.37,140.38,13627400,0,1
2013-05-08,141.78,142.81,141.49,142.46,11161100,141.78,142.81,141.49,142.46,11161100,0,1
2013-05-09,141.33,142.36,140.51,140.81,8263000,141.33,142.36,140.51,140.81,8263000,0,1
2013-05-10,138.22,139.75,137.26,139.6,14650600,138.22,139.75,137.26,139.6,14650600,0,1
2013-05-13,138.46,138.966,138.16,138.43,6714100,138.46,138.966,138.16,138.43,6714100,0,1
2013-05-14,137.95,139.16,137.64,137.81,9895700,137.95,139.16,137.64,137.81,9895700,0,1
2013-05-15,136.59,136.98,134.23,134.63,19062400,136.59,136.98,134.23,134.63,19062400,0,1
2013-05-16,133.18,134.48,133,134.09,12759200,133.18,134.48,133,134.09,12759200,0,1
2013-05-17,133.17,133.48,131.02,131.07,20346500,133.17,133.48,131.02,131.07,20346500,0,1
2013-05-20,130.88,135.32,130.85,135.12,21594000,130.88,135.32,130.85,135.12,21594000,0,1
2013-05-21,132.17,133.65,131.452,132.88,14542500,132.17,133.65,131.452,132.88,14542500,0,1
2013-05-22,134.18,136.77,130.95,131.94,25975200,134.18,136.77,130.95,131.94,25975200,0,1
2013-05-23,134.51,134.84,133.12,134.61,10267600,134.51,134.84,133.12,134.61,10267600,0,1
2013-05-24,134.11,134.51,133.64,133.76,5522600,134.11,134.51,133.64,133.76,5522600,0,1
2013-05-28,133.68,135.57,132.8,133.49,12466400,133.68,135.57,132.8,133.49,12466400,0,1
2013-05-29,134.09,134.91,133.64,134.83,8762200,134.09,134.91,133.64,134.83,8762200,0,1
2013-05-30,136.67,137.11,136.26,136.7,8611700,136.67,137.11,136.26,136.7,8611700,0,1
2013-05-31,135.71,136.05,133.89,133.92,9726600,135.71,136.05,133.89,133.92,9726600,0,1
2013-06-03,134.77,136.98,134.43,136.51,9173000,134.77,136.98,134.43,136.51,9173000,0,1
2013-06-04,135.21,135.4399,134.27,135.23,5505200,135.21,135.4399,134.27,135.23,5505200,0,1
2013-06-05,135.47,136.37,135.01,135.52,7444900,135.47,136.37,135.01,135.52,7444900,0,1
2013-06-06,135.39,137.62,134.98,136.53,9847700,135.39,137.62,134.98,136.53,9847700,0,1
2013-06-07,134.11,134.62,133.18,133.28,11054400,134.11,134.62,133.18,133.28,11054400,0,1
2013-06-10,133.3,134.28,132.99,133.94,6142800,133.3,134.28,132.99,133.94,6142800,0,1
2013-06-11,132.31,133.51,132.245,133.25,7199300,132.31,133.51,132.245,133.25,7199300,0,1
2013-06-12,132.95,134.83,132.83,134.25,6550600,132.95,134.83,132.83,134.25,6550600,0,1
2013-06-13,133.31,134.2,132.82,133.74,7161800,133.31,134.2,132.82,133.74,7161800,0,1
2013-06-14,134,134.6,133.88,134.43,4278700,134,134.6,133.88,134.43,4278700,0,1
2013-06-17,133.89,134.0599,133.5201,133.77,4072300,133.89,134.0599,133.5201,133.77,4072300,0,1
2013-06-18,132.72,132.9601,131.5303,132.13,7379300,132.72,132.9601,131.5303,132.13,7379300,0,1
2013-06-19,132.58,133.15,130.38,130.59,13017800,132.58,133.15,130.38,130.59,13017800,0,1
2013-06-20,125.2178,126.38,123.33,123.6,28872100,125.2178,126.38,123.33,123.6,28872100,0,1
2013-06-21,125.16,125.57,124.46,125.05,16600000,125.16,125.57,124.46,125.05,16600000,0,1
2013-06-24,124.31,124.7,123.31,123.93,12749300,124.31,124.7,123.31,123.93,12749300,0,1
2013-06-25,123.65,123.9,122.88,123.47,9369200,123.65,123.9,122.88,123.47,9369200,0,1
2013-06-26,119.88,119.9,118.06,118.28,24748800,119.88,119.9,118.06,118.28,24748800,0,1
2013-06-27,119.1,119.51,115.65,115.94,30001900,119.1,119.51,115.65,115.94,30001900,0,1
2013-06-28,115.22,119.33,114.68,119.11,32981900,115.22,119.33,114.68,119.11,32981900,0,1
2013-07-01,119.94,121.95,119.38,121.13,15945200,119.94,121.95,119.38,121.13,15945200,0,1
2013-07-02,121.34,121.47,119.78,120.05,10550300,121.34,121.47,119.78,120.05,10550300,0,1
2013-07-03,120.7,121.77,120.54,120.74,6750300,120.7,121.77,120.54,120.74,6750300,0,1
2013-07-05,118.08,118.18,116.74,118.09,11592500,118.08,118.18,116.74,118.09,11592500,0,1
2013-07-08,119.09,119.66,118.93,119.51,8652200,119.09,119.66,118.93,119.51,8652200,0,1
2013-07-09,120.84,121.51,120.05,120.62,8201400,120.84,121.51,120.05,120.62,8201400,0,1
2013-07-10,121.15,122.35,120.59,120.95,14697100,121.15,122.35,120.59,120.95,14697100,0,1
2013-07-11,124.26,124.365,123.47,124.24,11279400,124.26,124.365,123.47,124.24,11279400,0,1
2013-07-12,123.52,124.3,123.32,124.13,6583800,123.52,124.3,123.32,124.13,6583800,0,1
2013-07-15,124.08,124.39,123.84,124.18,4133200,124.08,124.39,123.84,124.18,4133200,0,1
2013-07-16,124.76,125.21,124.33,124.89,5577300,124.76,125.21,124.33,124.89,5577300,0,1
2013-07-17,125.04,125.7,122.73,123.32,10882400,125.04,125.7,122.73,123.32,10882400,0,1
2013-07-18,124.11,124.52,123.78,124.01,6150900,124.11,124.52,123.78,124.01,6150900,0,1
2013-07-19,124.89,125.42,124.65,125.11,5767800,124.89,125.42,124.65,125.11,5767800,0,1
2013-07-22,127.65,129.46,127.59,128.84,10851900,127.65,129.46,127.59,128.84,10851900,0,1
2013-07-23,128.7,130.1399,128.35,129.71,8820100,128.7,130.1399,128.35,129.71,8820100,0,1
2013-07-24,129.17,129.3999,126.873,127.48,9979100,129.17,129.3999,126.873,127.48,9979100,0,1
2013-07-25,127.7,128.87,127.64,128.67,4702400,127.7,128.87,127.64,128.67,4702400,0,1
2013-07-26,128.11,128.97,126.78,128.78,6148500,128.11,128.97,126.78,128.78,6148500,0,1
2013-07-29,128.45,128.78,128.25,128.47,3554100,128.45,128.78,128.25,128.47,3554100,0,1
2013-07-30,127.95,128.31,127.22,128.12,4487700,127.95,128.31,127.22,128.12,4487700,0,1
2013-07-31,127.76,128.92,126.13,127.96,16015300,127.76,128.92,126.13,127.96,16015300,0,1
2013-08-01,127.84,127.89,126.33,126.61,10564300,127.84,127.89,126.33,126.61,10564300,0,1
2013-08-02,126.74,127.25,126.32,126.36,6466300,126.74,127.25,126.32,126.36,6466300,0,1
2013-08-05,126.51,126.64,125.34,125.7,4003900,126.51,126.64,125.34,125.7,4003900,0,1
2013-08-06,124.33,124.55,123.55,123.97,6016200,124.33,124.55,123.55,123.97,6016200,0,1
2013-08-07,124,124.6,123.85,124.15,5304700,124,124.6,123.85,124.15,5304700,0,1
2013-08-08,124.78,126.99,124.77,126.86,8653600,124.78,126.99,124.77,126.86,8653600,0,1
2013-08-09,126.51,127.27,126.3,126.86,6192000,126.51,127.27,126.3,126.86,6192000,0,1
2013-08-12,129.57,129.71,128.88,129.13,7414300,129.57,129.71,128.88,129.13,7414300,0,1
2013-08-13,128.49,128.6499,127.38,127.74,7336100,128.49,128.6499,127.38,127.74,7336100,0,1
2013-08-14,127.66,129.07,127.57,129,8713200,127.66,129.07,127.57,129,8713200,0,1
2013-08-15,128.06,132.36,127.98,131.69,17226300,128.06,132.36,127.98,131.69,17226300,0,1
2013-08-16,132.56,133.27,131.39,132.58,14447100,132.56,133.27,131.39,132.58,14447100,0,1
2013-08-19,132.33,132.5,131.59,132.01,8118400,132.33,132.5,131.59,132.01,8118400,0,1
2013-08-20,132.0345,133.13,132.02,132.45,7809100,132.0345,133.13,132.02,132.45,7809100,0,1
2013-08-21,131.74,133.23,131.51,132.07,10720200,131.74,133.23,131.51,132.07,10720200,0,1
2013-08-22,132.56,133.46,132.27,132.81,5741800,132.56,133.46,132.27,132.81,5741800,0,1
2013-08-23,132.58,135.24,132.5,134.9,11623400,132.58,135.24,132.5,134.9,11623400,0,1
2013-08-26,134.88,135.6,134.15,135.45,7692100,134.88,135.6,134.15,135.45,7692100,0,1
2013-08-27,136.94,137.55,136.52,136.75,11283300,136.94,137.55,136.52,136.75,11283300,0,1
2013-08-28,137.21,137.46,136.66,136.71,13650400,137.21,137.46,136.66,136.71,13650400,0,1
2013-08-29,136.12,136.55,135.42,135.87,7939400,136.12,136.55,135.42,135.87,7939400,0,1
2013-08-30,134.65,135.71,134.44,134.62,7680000,134.65,135.71,134.44,134.62,7680000,0,1
2013-09-03,135.46,136.789,135.025,136.42,8100700,135.46,136.789,135.025,136.42,8100700,0,1
2013-09-04,134.61,134.84,133.72,134.66,7785400,134.61,134.84,133.72,134.66,7785400,0,1
2013-09-05,134.13,134.35,131.8,132.2,11118600,134.13,134.35,131.8,132.2,11118600,0,1
2013-09-06,133.42,134.4,133.33,134.15,8448700,133.42,134.4,133.33,134.15,8448700,0,1
2013-09-09,134.13,134.32,133.67,133.91,5090500,134.13,134.32,133.67,133.91,5090500,0,1
2013-09-10,131.82,132,131.11,131.74,8433100,131.82,132,131.11,131.74,8433100,0,1
2013-09-11,131.58,131.81,131.26,131.7,5046600,131.58,131.81,131.26,131.7,5046600,0,1
2013-09-12,128.62,128.78,127.61,127.67,12944000,128.62,128.78,127.61,127.67,12944000,0,1
2013-09-13,127.16,127.96,126.21,127.82,12060400,127.16,127.96,126.21,127.82,12060400,0,1
2013-09-16,127.48,128.02,126.335,126.45,9829100,127.48,128.02,126.335,126.45,9829100,0,1
2013-09-17,126.81,126.99,126.11,126.5,8135500,126.81,126.99,126.11,126.5,8135500,0,1
2013-09-18,125.32,132.16,125.15,132.01,24780000,125.32,132.16,125.15,132.01,24780000,0,1
2013-09-19,132,132.78,131.22,131.75,14353900,132,132.78,131.22,131.75,14353900,0,1
2013-09-20,130.6,130.91,127.9,127.96,19558200,130.6,130.91,127.9,127.96,19558200,0,1
2013-09-23,127.52,128.44,127.33,127.55,7421800,127.52,128.44,127.33,127.55,7421800,0,1
2013-09-24,126.4,128.21,126.34,127.66,7349700,126.4,128.21,126.34,127.66,7349700,0,1
2013-09-25,127.57,129.21,127.52,128.79,7519100,127.57,129.21,127.52,128.79,7519100,0,1
2013-09-26,128.6097,128.99,127.32,127.79,9491300,128.6097,128.99,127.32,127.79,9491300,0,1
2013-09-27,128.86,129.58,128.84,128.97,7430200,128.86,129.58,128.84,128.97,7430200,0,1
2013-09-30,127.95,129.14,127.7,128.18,8979000,127.95,129.14,127.7,128.18,8979000,0,1
2013-10-01,125.25,125.26,123.81,124.59,16721100,125.25,125.26,123.81,124.59,16721100,0,1
2013-10-02,125.37,127.81,125.34,127.06,11994200,125.37,127.81,125.34,127.06,11994200,0,1
2013-10-03,126.77,127.69,126.22,127.18,11632900,126.77,127.69,126.22,127.18,11632900,0,1
2013-10-04,127.05,127.15,126,126.53,6923700,127.05,127.15,126,126.53,6923700,0,1
2013-10-07,127.25,128.33,127.12,127.64,6732800,127.25,128.33,127.12,127.64,6732800,0,1
2013-10-08,127.79,128.45,127.21,127.4,6999700,127.79,128.45,127.21,127.4,6999700,0,1
2013-10-09,126.21,126.89,124.97,126.11,10705100,126.21,126.89,124.97,126.11,10705100,0,1
2013-10-10,125.34,125.83,124.1,124.27,10523600,125.34,125.83,124.1,124.27,10523600,0,1
2013-10-11,122.37,122.81,121.85,122.6,15972600,122.37,122.81,121.85,122.6,15972600,0,1
2013-10-14,123.9,124.24,122.81,122.83,6118200,123.9,124.24,122.81,122.83,6118200,0,1
2013-10-15,122.28,124.36,122.22,123.73,8384200,122.28,124.36,122.22,123.73,8384200,0,1
2013-10-16,123.52,123.89,122.51,123.54,8523400,123.52,123.89,122.51,123.54,8523400,0,1
2013-10-17,127.01,127.86,126.81,127.42,11785100,127.01,127.86,126.81,127.42,11785100,0,1
2013-10-18,126.87,127.33,126.6,126.85,5350500,126.87,127.33,126.6,126.85,5350500,0,1
2013-10-21,127.13,127.3356,126.79,126.98,3395200,127.13,127.3356,126.79,126.98,3395200,0,1
2013-10-22,128.25,129.81,128.22,129.34,8849000,128.25,129.81,128.22,129.34,8849000,0,1
2013-10-23,128.55,129.09,128.35,128.69,5092200,128.55,129.09,128.35,128.69,5092200,0,1
2013-10-24,129.41,130.53,129.41,129.9,10221400,129.41,130.53,129.41,129.9,10221400,0,1
2013-10-25,129.53,130.92,129.46,130.46,8767900,129.53,130.92,129.46,130.46,8767900,0,1
2013-10-28,130.41,131.44,130.1,130.56,6807800,130.41,131.44,130.1,130.56,6807800,0,1
2013-10-29,130.1642,130.59,129.57,129.77,5328500,130.1642,130.59,129.57,129.77,5328500,0,1
2013-10-30,130.83,131.22,128.81,129.6,8896000,130.83,131.22,128.81,129.6,8896000,0,1
2013-10-31,128.04,128.49,127.3,127.74,7753300,128.04,128.49,127.3,127.74,7753300,0,1
2013-11-01,126.86,127.17,126.05,126.95,9566200,126.86,127.17,126.05,126.95,9566200,0,1
2013-11-04,127.18,127.52,126.74,126.81,3819300,127.18,127.52,126.74,126.81,3819300,0,1
2013-11-05,126.71,126.86,126,126.56,4941200,126.71,126.86,126,126.56,4941200,0,1
2013-11-06,127.11,127.36,126.92,127.2,3544900,127.11,127.36,126.92,127.2,3544900,0,1
2013-11-07,126.14,126.85,125.86,126.16,7700100,126.14,126.85,125.86,126.16,7700100,0,1
2013-11-08,124.46,124.46,123.62,124.279,8427300,124.46,124.46,123.62,124.279,8427300,0,1
2013-11-11,123.92,123.97,123.66,123.87,3277700,123.92,123.97,123.66,123.87,3277700,0,1
2013-11-12,123.51,123.87,121.7256,122.45,7705600,123.51,123.87,121.7256,122.45,7705600,0,1
2013-11-13,122.97,123.24,122.39,122.85,5967000,122.97,123.24,122.39,122.85,5967000,0,1
2013-11-14,123.92,124.91,123.88,124.27,7669700,123.92,124.91,123.88,124.27,7669700,0,1
2013-11-15,124.16,124.52,124.07,124.32,4660700,124.16,124.52,124.07,124.32,4660700,0,1
2013-11-18,123.7,123.96,122.55,122.9,6241300,123.7,123.96,122.55,122.9,6241300,0,1
2013-11-19,122.97,123.4,122.83,122.95,3666500,122.97,123.4,122.83,122.95,3666500,0,1
2013-11-20,121.67,122.44,119.76,120.12,14281000,121.67,122.44,119.76,120.12,14281000,0,1
2013-11-21,119.81,120.35,119.31,119.94,7557500,119.81,120.35,119.31,119.94,7557500,0,1
2013-11-22,120.24,120.4,119.82,119.92,6774400,120.24,120.4,119.82,119.92,6774400,0,1
2013-11-25,119.23,121,119.13,120.46,7266300,119.23,121,119.13,120.46,7266300,0,1
2013-11-26,119.84,120.4,119.59,119.82,9053300,119.84,120.4,119.59,119.82,9053300,0,1
2013-11-27,120.49,120.69,119.25,119.46,6144600,120.49,120.69,119.25,119.46,6144600,0,1
2013-11-29,120.67,121.05,120.62,120.7,2364700,120.67,121.05,120.62,120.7,2364700,0,1
2013-12-02,119.2,119.29,117.5,117.58,10297100,119.2,119.29,117.5,117.58,10297100,0,1
2013-12-03,117.58,118.31,117.23,117.96,7004800,117.58,118.31,117.23,117.96,7004800,0,1
2013-12-04,118.33,120.76,118.16,119.96,9110700,118.33,120.76,118.16,119.96,9110700,0,1
2013-12-05,118.2,119.24,117.41,118.3,10254700,118.2,119.24,117.41,118.3,10254700,0,1
2013-12-06,118.86,119.26,118.01,118.55,7909500,118.86,119.26,118.01,118.55,7909500,0,1
2013-12-09,118.99,119.92,118.9496,119.72,5510400,118.99,119.92,118.9496,119.72,5510400,0,1
2013-12-10,122.14,122.32,121.47,121.82,9155600,122.14,122.32,121.47,121.82,9155600,0,1
2013-12-11,121.49,121.81,120.76,120.86,9934900,121.49,121.81,120.76,120.86,9934900,0,1
2013-12-12,118.61,118.82,118.03,118.29,8810800,118.61,118.82,118.03,118.29,8810800,0,1
2013-12-13,118.89,119.49,118.761,119.38,6482100,118.89,119.49,118.761,119.38,6482100,0,1
2013-12-16,119.26,120.77,118.97,119.69,8189500,119.26,120.77,118.97,119.69,8189500,0,1
2013-12-17,118.96,119.9001,118.37,118.65,8589100,118.96,119.9001,118.37,118.65,8589100,0,1
2013-12-18,119,120.05,117.29,117.61,16265000,119,120.05,117.29,117.61,16265000,0,1
2013-12-19,115.97,116.06,114.5,114.82,15955400,115.97,116.06,114.5,114.82,15955400,0,1
2013-12-20,115.37,116.469,115.06,115.94,14693700,115.37,116.469,115.06,115.94,14693700,0,1
2013-12-23,115.61,116.12,115.43,115.57,6237300,115.61,116.12,115.43,115.57,6237300,0,1
2013-12-24,115.79,116.29,115.71,116.1,3353900,115.79,116.29,115.71,116.1,3353900,0,1
2013-12-26,117.23,117.23,116.65,116.74,3868400,117.23,117.23,116.65,116.74,3868400,0,1
2013-12-27,117.31,117.38,116.85,117.12,4206200,117.31,117.38,116.85,117.12,4206200,0,1
2013-12-30,116.37,116.4,115.18,115.39,6703200,116.37,116.4,115.18,115.39,6703200,0,1
2013-12-31,114.61,117.13,114.46,116.12,12835900,114.61,117.13,114.46,116.12,12835900,0,1
2014-01-02,117.93,118.73,117.75,118,7551000,117.93,118.73,117.75,118,7551000,0,1
2014-01-03,118.64,119.62,118.59,119.29,5874400,118.64,119.62,118.59,119.29,5874400,0,1
2014-01-06,119.76,120.39,117.11,119.5,10106500,119.76,120.39,117.11,119.5,10106500,0,1
2014-01-07,118.46,118.92,118.1301,118.82,6433700,118.46,118.92,118.1301,118.82,6433700,0,1
2014-01-08,117.99,118.52,117.5,118.12,7428500,117.99,118.52,117.5,118.12,7428500,0,1
2014-01-09,118.11,118.69,117.99,118.46,3972800,118.11,118.69,117.99,118.46,3972800,0,1
2014-01-10,119.72,120.43,119.58,120.26,7993200,119.72,120.43,119.58,120.26,7993200,0,1
2014-01-13,120.27,121.04,120.2,121.02,5872700,120.27,121.04,120.2,121.02,5872700,0,1
2014-01-14,120.54,121.06,119.72,119.89,7505400,120.54,121.06,119.72,119.89,7505400,0,1
2014-01-15,119.19,119.8099,119.1126,119.66,5474300,119.19,119.8099,119.1126,119.66,5474300,0,1
2014-01-16,119.84,119.96,119.57,119.79,3949500,119.84,119.96,119.57,119.79,3949500,0,1
2014-01-17,120.35,121.02,120.2,120.93,7923400,120.35,121.02,120.2,120.93,7923400,0,1
2014-01-21,119.23,119.97,119.23,119.7,6763500,119.23,119.97,119.23,119.7,6763500,0,1
2014-01-22,119.65,119.768,119.17,119.19,4891800,119.65,119.768,119.17,119.19,4891800,0,1
2014-01-23,120.97,122.02,120.97,121.79,11028200,120.97,122.02,120.97,121.79,11028200,0,1
2014-01-24,122.06,122.5,121.55,122.29,8515700,122.06,122.5,121.55,122.29,8515700,0,1
2014-01-27,121.65,122.06,120.72,120.96,7528600,121.65,122.06,120.72,120.96,7528600,0,1
2014-01-28,121.32,121.4,120.41,120.95,5149500,121.32,121.4,120.41,120.95,5149500,0,1
2014-01-29,122.19,122.51,121.13,122.47,12257500,122.19,122.51,121.13,122.47,12257500,0,1
2014-01-30,119.67,120.22,119.6001,119.77,8746500,119.67,120.22,119.6001,119.77,8746500,0,1
2014-01-31,120.65,120.86,119.46,120.09,7983100,120.65,120.86,119.46,120.09,7983100,0,1
2014-02-03,120.47,122.11,120.32,121.32,9267300,120.47,122.11,120.32,121.32,9267300,0,1
2014-02-04,120.41,121.09,120.3888,120.99,7027400,120.41,121.09,120.3888,120.99,7027400,0,1
2014-02-05,121.76,121.88,120.73,121.29,6800000,121.76,121.88,120.73,121.29,6800000,0,1
2014-02-06,121.38,121.51,120.78,121.24,4745800,121.38,121.51,120.78,121.24,4745800,0,1
2014-02-07,121.24,122.24,121.23,122.17,6674700,121.24,122.24,121.23,122.17,6674700,0,1
2014-02-10,122.8,123.16,122.72,122.92,7931200,122.8,123.16,122.72,122.92,7931200,0,1
2014-02-11,123.38,124.75,123.36,124.36,11546000,123.38,124.75,123.36,124.36,11546000,0,1
2014-02-12,124.4,124.98,124.13,124.43,6651900,124.4,124.98,124.13,124.43,6651900,0,1
2014-02-13,124.7,125.6,124.66,125.49,9167900,124.7,125.6,124.66,125.49,9167900,0,1
2014-02-14,126.99,127.38,126.75,127.15,11147900,126.99,127.38,126.75,127.15,11147900,0,1
2014-02-18,127.42,127.75,127.09,127.4,7685800,127.42,127.75,127.09,127.4,7685800,0,1
2014-02-19,127.26,127.45,126.16,126.27,9384100,127.26,127.45,126.16,126.27,9384100,0,1
2014-02-20,126.75,127.75,126.4,127.6,10572900,126.75,127.75,126.4,127.6,10572900,0,1
2014-02-21,127.57,128.07,127.15,127.58,7298200,127.57,128.07,127.15,127.58,7298200,0,1
2014-02-24,128.51,129.07,128.34,128.99,12114200,128.51,129.07,128.34,128.99,12114200,0,1
2014-02-25,128.62,129.53,128.57,129.21,5786000,128.62,129.53,128.57,129.21,5786000,0,1
2014-02-26,128.49,128.76,127.42,128.11,7052900,128.49,128.76,127.42,128.11,7052900,0,1
2014-02-27,128.4,128.8,127.89,128.2,5066500,128.4,128.8,127.89,128.2,5066500,0,1
2014-02-28,128.27,128.35,127.15,127.62,10584100,128.27,128.35,127.15,127.62,10584100,0,1
2014-03-03,130,130.5856,129.81,130.29,11741100,130,130.5856,129.81,130.29,11741100,0,1
2014-03-04,128.54,129.24,128.3236,128.68,6341700,128.54,129.24,128.3236,128.68,6341700,0,1
2014-03-05,128.71,129.34,128.58,128.89,4878500,128.71,129.34,128.58,128.89,4878500,0,1
2014-03-06,129.71,130.47,129.47,130.17,5408900,129.71,130.47,129.47,130.17,5408900,0,1
2014-03-07,128.25,129.23,128.21,129.09,7575000,128.25,129.23,128.21,129.09,7575000,0,1
2014-03-10,128.88,129.61,128.7804,129.13,4169900,128.88,129.61,128.7804,129.13,4169900,0,1
2014-03-11,130.01,130.15,128.9301,129.86,7289800,130.01,130.15,128.9301,129.86,7289800,0,1
2014-03-12,131.56,132.12,131.39,131.76,11094200,131.56,132.12,131.39,131.76,11094200,0,1
2014-03-13,131.69,132.54,131.56,132.21,8007700,131.69,132.54,131.56,132.21,8007700,0,1
2014-03-14,133.68,133.69,132.35,133.1,11939600,133.68,133.69,132.35,133.1,11939600,0,1
2014-03-17,132.73,133.22,131.22,131.64,14626800,132.73,133.22,131.22,131.64,14626800,0,1
2014-03-18,130.39,131.27,130.33,130.62,6424400,130.39,131.27,130.33,130.62,6424400,0,1
2014-03-19,129.55,129.68,127.94,128.09,12932900,129.55,129.68,127.94,128.09,12932900,0,1
2014-03-20,127.78,128.41,127.58,127.86,7690800,127.78,128.41,127.58,127.86,7690800,0,1
2014-03-21,129.04,129.09,128.41,128.47,7237300,129.04,129.09,128.41,128.47,7237300,0,1
2014-03-24,126.87,127.14,126.03,126.18,13076500,126.87,127.14,126.03,126.18,13076500,0,1
2014-03-25,126.44,126.82,126.24,126.41,6566900,126.44,126.82,126.24,126.41,6566900,0,1
2014-03-26,126.27,126.38,125.13,125.41,8575400,126.27,126.38,125.13,125.41,8575400,0,1
2014-03-27,125.06,125.29,124.21,124.59,7312300,125.06,125.29,124.21,124.59,7312300,0,1
2014-03-28,124.23,124.96,123.88,124.56,7253700,124.23,124.96,123.88,124.56,7253700,0,1
2014-03-31,124.52,124.79,123.57,123.61,12379200,124.52,124.79,123.57,123.61,12379200,0,1
2014-04-01,123.71,123.85,123.1099,123.39,5992000,123.71,123.85,123.1099,123.39,5992000,0,1
2014-04-02,124.41,124.75,124.19,124.32,4907800,124.41,124.75,124.19,124.32,4907800,0,1
2014-04-03,123.75,124.26,123.59,123.92,3658800,123.75,124.26,123.59,123.92,3658800,0,1
2014-04-04,125.2,125.96,124.86,125.57,7278400,125.2,125.96,124.86,125.57,7278400,0,1
2014-04-07,125.07,125.4725,124.84,124.91,3967200,125.07,125.4725,124.84,124.91,3967200,0,1
2014-04-08,126.34,126.34,125.9,126.09,6939100,126.34,126.34,125.9,126.09,6939100,0,1
2014-04-09,125.46,126.72,125.33,126.32,5305600,125.46,126.72,125.33,126.32,5305600,0,1
2014-04-10,126.95,127.37,126.82,127.01,5003200,126.95,127.37,126.82,127.01,5003200,0,1
2014-04-11,127.04,127.31,126.73,126.93,4697200,127.04,127.31,126.73,126.93,4697200,0,1
2014-04-14,127.8,128.25,127.62,127.85,6677400,127.8,128.25,127.62,127.85,6677400,0,1
2014-04-15,124.79,125.7,124.6,125.49,9967600,124.79,125.7,124.6,125.49,9967600,0,1
2014-04-16,125.37,125.57,125.03,125.54,4071300,125.37,125.57,125.03,125.54,4071300,0,1
2014-04-17,125.38,125.53,124.57,124.75,5901900,125.38,125.53,124.57,124.75,5901900,0,1
2014-04-21,124.07,124.33,123.76,124.24,6579200,124.07,124.33,123.76,124.24,6579200,0,1
2014-04-22,124.15,124.16,122.92,123.78,6898100,124.15,124.16,122.92,123.78,6898100,0,1
2014-04-23,123.7,123.942,123.38,123.76,3736600,123.7,123.942,123.38,123.76,3736600,0,1
2014-04-24,122.87,125.12,122.8404,124.56,8754200,122.87,125.12,122.8404,124.56,8754200,0,1
2014-04-25,125.18,125.71,125.07,125.43,7023700,125.18,125.71,125.07,125.43,7023700,0,1
2014-04-28,125.3,125.34,124.45,124.88,4897900,125.3,125.34,124.45,124.88,4897900,0,1
2014-04-29,124.95,125.38,124.65,124.86,5241600,124.95,125.38,124.65,124.86,5241600,0,1
2014-04-30,124.19,125.05,123.82,124.22,10352900,124.19,125.05,123.82,124.22,10352900,0,1
2014-05-01,123.17,123.83,123.06,123.8,6687300,123.17,123.83,123.06,123.8,6687300,0,1
2014-05-02,123.69,125.67,123.33,125.06,9912900,123.69,125.67,123.33,125.06,9912900,0,1
2014-05-05,126.47,126.63,126,126.22,5196500,126.47,126.63,126,126.22,5196500,0,1
2014-05-06,126.02,126.11,125.63,125.98,3488000,126.02,126.11,125.63,125.98,3488000,0,1
2014-05-07,125.52,125.57,123.92,124.17,8469900,125.52,125.57,123.92,124.17,8469900,0,1
2014-05-08,124.19,124.47,123.891,124.17,3695500,124.19,124.47,123.891,124.17,3695500,0,1
2014-05-09,124.39,124.47,123.82,124.1,3120000,124.39,124.47,123.82,124.1,3120000,0,1
2014-05-12,125.4,125.42,124.69,124.94,4025500,125.4,125.42,124.69,124.94,4025500,0,1
2014-05-13,124.79,125.1,124.5,124.6,2643500,124.79,125.1,124.5,124.6,2643500,0,1
2014-05-14,125.8,125.96,125.44,125.81,4015900,125.8,125.96,125.44,125.81,4015900,0,1
2014-05-15,124.77,125.51,124.54,124.77,5861100,124.77,125.51,124.54,124.77,5861100,0,1
2014-05-16,124.35,124.77,124.29,124.5,4052100,124.35,124.77,124.29,124.5,4052100,0,1
2014-05-19,125.28,125.47,124.48,124.58,3902600,125.28,125.47,124.48,124.58,3902600,0,1
2014-05-20,124.12,124.91,124.09,124.69,3770800,124.12,124.91,124.09,124.69,3770800,0,1
2014-05-21,124.25,124.55,123.53,124.39,6846500,124.25,124.55,123.53,124.39,6846500,0,1
2014-05-22,125.14,125.24,124.535,124.67,3458800,125.14,125.24,124.535,124.67,3458800,0,1
2014-05-23,124.6,124.661,124.19,124.51,2205900,124.6,124.661,124.19,124.51,2205900,0,1
2014-05-27,122.98,123.07,121.75,121.85,10895800,122.98,123.07,121.75,121.85,10895800,0,1
2014-05-28,121.47,121.7,120.92,121.2,6736800,121.47,121.7,120.92,121.2,6736800,0,1
2014-05-29,120.78,121.46,120.77,120.94,5551900,120.78,121.46,120.77,120.94,5551900,0,1
2014-05-30,120.76,120.81,119.62,120.43,8749600,120.76,120.81,119.62,120.43,8749600,0,1
2014-06-02,119.93,120.4599,119.61,119.7,5916100,119.93,120.4599,119.61,119.7,5916100,0,1
2014-06-03,119.73,120.09,119.42,120.01,5008300,119.73,120.09,119.42,120.01,5008300,0,1
2014-06-04,120.1,120.16,119.68,119.76,3859500,120.1,120.16,119.68,119.76,3859500,0,1
2014-06-05,120.55,120.88,120.43,120.66,4180400,120.55,120.88,120.43,120.66,4180400,0,1
2014-06-06,120.68,120.77,119.94,120.61,4807700,120.68,120.77,119.94,120.61,4807700,0,1
2014-06-09,120.79,120.85,120.57,120.65,2788000,120.79,120.85,120.57,120.65,2788000,0,1
2014-06-10,121.29,121.47,121.21,121.39,3556600,121.29,121.47,121.21,121.39,3556600,0,1
2014-06-11,121.51,121.61,121.18,121.41,3572300,121.51,121.61,121.18,121.41,3572300,0,1
2014-06-12,121.92,122.75,121.83,122.64,7388500,121.92,122.75,121.83,122.64,7388500,0,1
2014-06-13,122.57,123.036,122.51,122.96,4026600,122.57,123.036,122.51,122.96,4026600,0,1
2014-06-16,122.88,123.01,122.302,122.42,5832800,122.88,123.01,122.302,122.42,5832800,0,1
2014-06-17,121.85,122.5,121.82,122.28,4032800,121.85,122.5,121.82,122.28,4032800,0,1
2014-06-18,122.22,122.8,122.09,122.67,4601700,122.22,122.8,122.09,122.67,4601700,0,1
2014-06-19,124.33,127.23,124.32,126.94,24336700,124.33,127.23,124.32,126.94,24336700,0,1
2014-06-20,126.32,127.07,126.21,126.5,9954700,126.32,127.07,126.21,126.5,9954700,0,1
2014-06-23,126.65,126.935,126.37,126.85,5127200,126.65,126.935,126.37,126.85,5127200,0,1
2014-06-24,127.22,127.32,126.73,126.98,6350200,127.22,127.32,126.73,126.98,6350200,0,1
2014-06-25,126.78,127.55,126.66,126.99,6692300,126.78,127.55,126.66,126.99,6692300,0,1
2014-06-26,126.53,126.92,126.2,126.73,5529800,126.53,126.92,126.2,126.73,5529800,0,1
2014-06-27,126.88,127.17,126.65,126.66,4200300,126.88,127.17,126.65,126.66,4200300,0,1
2014-06-30,126.53,128.04,126.37,128.04,18123400,126.53,128.04,126.37,128.04,18123400,0,1
2014-07-01,127.99,128.12,127.49,127.7,8145900,127.99,128.12,127.49,127.7,8145900,0,1
2014-07-02,127.76,128.24,127.64,127.7,5738900,127.76,128.24,127.64,127.7,5738900,0,1
2014-07-03,126.79,127.29,126.61,127.16,4922500,126.79,127.29,126.61,127.16,4922500,0,1
2014-07-07,126.63,127.03,126.23,127.02,4630200,126.63,127.03,126.23,127.02,4630200,0,1
2014-07-08,127.29,127.53,126.43,127.07,6216600,127.29,127.53,126.43,127.07,6216600,0,1
2014-07-09,127.54,128.26,127.18,127.84,8362700,127.54,128.26,127.18,127.84,8362700,0,1
2014-07-10,129.11,129.21,128.49,128.54,6313300,129.11,129.21,128.49,128.54,6313300,0,1
2014-07-11,128.41,128.83,128.38,128.78,4322100,128.41,128.83,128.38,128.78,4322100,0,1
2014-07-14,125.5,126.1,125.45,125.72,11465500,125.5,126.1,125.45,125.72,11465500,0,1
2014-07-15,125.89,126.32,124.36,124.53,10541700,125.89,126.32,124.36,124.53,10541700,0,1
2014-07-16,125.02,125.47,124.78,124.97,4099800,125.02,125.47,124.78,124.97,4099800,0,1
2014-07-17,125.52,127.55,125.11,127.0899,11423900,125.52,127.55,125.11,127.0899,11423900,0,1
2014-07-18,125.79,126.21,125.6701,126.13,6460900,125.79,126.21,125.6701,126.13,6460900,0,1
2014-07-21,126.53,126.55,126.11,126.34,3296300,126.53,126.55,126.11,126.34,3296300,0,1
2014-07-22,126.33,126.4299,125.47,125.74,3882000,126.33,126.4299,125.47,125.74,3882000,0,1
2014-07-23,125.72,126.04,125.4,125.62,3041400,125.72,126.04,125.4,125.62,3041400,0,1
2014-07-24,124.85,124.87,123.9,124.35,8111600,124.85,124.87,123.9,124.35,8111600,0,1
2014-07-25,124.48,125.93,124.43,125.791,5638800,124.48,125.93,124.43,125.791,5638800,0,1
2014-07-28,125.44,125.67,125.3,125.58,3212900,125.44,125.67,125.3,125.58,3212900,0,1
2014-07-29,125.79,125.88,124.72,125.2,5267700,125.79,125.88,124.72,125.2,5267700,0,1
2014-07-30,124.89,124.93,124.41,124.83,5614800,124.89,124.93,124.41,124.83,5614800,0,1
2014-07-31,123.85,124.07,123.23,123.39,9896500,123.85,124.07,123.23,123.39,9896500,0,1
2014-08-01,124.54,124.81,124.23,124.38,7397000,124.54,124.81,124.23,124.38,7397000,0,1
2014-08-04,124.36,124.47,123.73,123.99,6499400,124.36,124.47,123.73,123.99,6499400,0,1
2014-08-05,123.74,124.52,123.4,123.87,8306800,123.74,124.52,123.4,123.87,8306800,0,1
2014-08-06,125.71,126,125.52,125.67,9316500,125.71,126,125.52,125.67,9316500,0,1
2014-08-07,125.47,126.51,125.37,126.18,7276400,125.47,126.51,125.37,126.18,7276400,0,1
2014-08-08,126.08,126.41,125.89,126.19,5728200,126.08,126.41,125.89,126.19,5728200,0,1
2014-08-11,125.84,126.04,125.64,125.96,3163500,125.84,126.04,125.64,125.96,3163500,0,1
2014-08-12,126.42,126.81,125.87,125.99,4609700,126.42,126.81,125.87,125.99,4609700,0,1
2014-08-13,126.35,126.53,125.9,126.2,3967500,126.35,126.53,125.9,126.2,3967500,0,1
2014-08-14,126.24,126.53,126.13,126.31,3345900,126.24,126.53,126.13,126.31,3345900,0,1
2014-08-15,124.52,126.07,124.41,125.483,13070500,124.52,126.07,124.41,125.483,13070500,0,1
2014-08-18,124.78,125.08,124.65,124.96,4952500,124.78,125.08,124.65,124.96,4952500,0,1
2014-08-19,125,125,124.48,124.68,4878400,125,125,124.48,124.68,4878400,0,1
2014-08-20,124.82,124.82,123.88,124.22,4395600,124.82,124.82,123.88,124.22,4395600,0,1
2014-08-21,122.72,123.24,122.45,122.88,8008800,122.72,123.24,122.45,122.88,8008800,0,1
2014-08-22,123.09,123.33,122.57,123.19,4739200,123.09,123.33,122.57,123.19,4739200,0,1
2014-08-25,122.92,123.04,122.72,122.74,5012400,122.92,123.04,122.72,122.74,5012400,0,1
2014-08-26,123.92,123.97,123.28,123.35,3882300,123.92,123.97,123.28,123.35,3882300,0,1
2014-08-27,123.6,123.71,123.25,123.3199,2576800,123.6,123.71,123.25,123.3199,2576800,0,1
2014-08-28,124.15,124.33,123.81,124,3296700,124.15,124.33,123.81,124,3296700,0,1
2014-08-29,123.75,124.22,123.62,123.86,3683500,123.75,124.22,123.62,123.86,3683500,0,1
2014-09-02,121.97,122.08,121.43,121.65,10117700,121.97,122.08,121.43,121.65,10117700,0,1
2014-09-03,121.7,122.2,121.66,122.15,3414600,121.7,122.2,121.66,122.15,3414600,0,1
2014-09-04,122.48,122.66,121.25,121.48,7287800,122.48,122.66,121.25,121.48,7287800,0,1
2014-09-05,121.83,122.06,121.63,122.06,3490100,121.83,122.06,121.63,122.06,3490100,0,1
2014-09-08,121.58,121.61,120.37,120.73,7506500,121.58,121.61,120.37,120.73,7506500,0,1
2014-09-09,120.57,120.94,120,120.87,6145400,120.57,120.94,120,120.87,6145400,0,1
2014-09-10,120.13,120.54,119.64,120.26,7021500,120.13,120.54,119.64,120.26,7021500,0,1
2014-09-11,119.61,119.7,118.77,119.472,7612000,119.61,119.7,118.77,119.472,7612000,0,1
2014-09-12,118.63,118.9,118.07,118.38,8126500,118.63,118.9,118.07,118.38,8126500,0,1
2014-09-15,118.79,118.86,118.46,118.64,4775400,118.79,118.86,118.46,118.64,4775400,0,1
2014-09-16,118.85,119.43,118.44,118.83,6544500,118.85,119.43,118.44,118.83,6544500,0,1
2014-09-17,118.95,119.24,117.5,117.54,8268500,118.95,119.24,117.5,117.54,8268500,0,1
2014-09-18,117.41,118.09,117.19,117.78,5368700,117.41,118.09,117.19,117.78,5368700,0,1
2014-09-19,117.51,117.57,116.72,117.09,10930200,117.51,117.57,116.72,117.09,10930200,0,1
2014-09-22,116.72,117.37,116.58,116.85,7599143,116.72,117.37,116.58,116.85,7599143,0,1
2014-09-23,117.99,117.99,117.31,117.6,4628089,117.99,117.99,117.31,117.6,4628089,0,1
2014-09-24,117.12,117.719,116.9,117.05,5471684,117.12,117.719,116.9,117.05,5471684,0,1
2014-09-25,116.3,117.76,116.2,117.39,7623194,116.3,117.76,116.2,117.39,7623194,0,1
2014-09-26,117.02,117.1,116.58,117.06,4185425,117.02,117.1,116.58,117.06,4185425,0,1
2014-09-29,117.27,117.4,116.8999,117.03,4049821,117.27,117.4,116.8999,117.03,4049821,0,1
2014-09-30,116.54,117.35,115.85,116.21,10170840,116.54,117.35,115.85,116.21,10170840,0,1
2014-10-01,116.61,117.26,116.59,116.77,7022894,116.61,117.26,116.59,116.77,7022894,0,1
2014-10-02,116.86,117.21,116.33,116.74,6352009,116.86,117.21,116.33,116.74,6352009,0,1
2014-10-03,115.17,115.51,114.42,114.61,11301378,115.17,115.51,114.42,114.61,11301378,0,1
2014-10-06,115.16,116.31,114.94,116.03,7647060,115.16,116.31,114.94,116.03,7647060,0,1
2014-10-07,116.31,116.63,116.09,116.36,5278476,116.31,116.63,116.09,116.36,5278476,0,1
2014-10-08,117.03,117.71,115.85,117.4701,10673043,117.03,117.71,115.85,117.4701,10673043,0,1
2014-10-09,117.86,118.26,117.49,117.64,6610528,117.86,118.26,117.49,117.64,6610528,0,1
2014-10-10,117.7,117.74,117.19,117.59,4652837,117.7,117.74,117.19,117.59,4652837,0,1
2014-10-13,118.14,118.665,117.93,118.52,5397633,118.14,118.665,117.93,118.52,5397633,0,1
2014-10-14,118.58,118.82,118.351,118.59,5180665,118.58,118.82,118.351,118.59,5180665,0,1
2014-10-15,119.23,120.18,118.59,118.99,9460425,119.23,120.18,118.59,118.99,9460425,0,1
2014-10-16,119.02,119.65,118.8799,119.22,6547215,119.02,119.65,118.8799,119.22,6547215,0,1
2014-10-17,119.06,119.23,118.42,118.99,8060834,119.06,119.23,118.42,118.99,8060834,0,1
2014-10-20,119.68,119.86,119.54,119.8,3034564,119.68,119.86,119.54,119.8,3034564,0,1
2014-10-21,120.27,120.5,119.905,120.02,4567749,120.27,120.5,119.905,120.02,4567749,0,1
2014-10-22,119.69,119.79,119.25,119.34,3740210,119.69,119.79,119.25,119.34,3740210,0,1
2014-10-23,118.71,118.82,117.88,118.52,6418055,118.71,118.82,117.88,118.52,6418055,0,1
2014-10-24,118.62,118.63,118.12,118.35,3611011,118.62,118.63,118.12,118.35,3611011,0,1
2014-10-27,118.18,118.37,118.01,118.06,2443576,118.18,118.37,118.01,118.06,2443576,0,1
2014-10-28,118.48,118.48,118.01,118.1,3262626,118.48,118.48,118.01,118.1,3262626,0,1
2014-10-29,117.65,117.91,116.14,116.41,7900772,117.65,117.91,116.14,116.41,7900772,0,1
2014-10-30,115.8,115.83,114.94,115.19,7851179,115.8,115.83,114.94,115.19,7851179,0,1
2014-10-31,111.83,112.88,111.655,112.66,18209615,111.83,112.88,111.655,112.66,18209615,0,1
2014-11-03,112.39,112.68,112,112.15,6593842,112.39,112.68,112,112.15,6593842,0,1
2014-11-04,112.12,112.71,112.08,112.22,6428717,112.12,112.71,112.08,112.22,6428717,0,1
2014-11-05,109.92,110.84,109.67,109.79,13556144,109.92,110.84,109.67,109.79,13556144,0,1
2014-11-06,109.92,110.49,109.75,109.88,7017171,109.92,110.49,109.75,109.88,7017171,0,1
2014-11-07,110.78,113.15,110.73,112.97,10916540,110.78,113.15,110.73,112.97,10916540,0,1
2014-11-10,112.24,112.24,110.28,110.46,8540472,112.24,112.24,110.28,110.46,8540472,0,1
2014-11-11,111.08,112.76,110.87,112.04,8603165,111.08,112.76,110.87,112.04,8603165,0,1
2014-11-12,112.05,112.17,111.23,111.5,5130752,112.05,112.17,111.23,111.5,5130752,0,1
2014-11-13,111.89,112.26,111.22,111.67,4874598,111.89,112.26,111.22,111.67,4874598,0,1
2014-11-14,110.76,114.72,110.6501,114.47,14172426,110.76,114.72,110.6501,114.47,14172426,0,1
2014-11-17,113.97,114.27,113.56,114.05,5440471,113.97,114.27,113.56,114.05,5440471,0,1
2014-11-18,114.86,115.17,114.55,115.05,5586694,114.86,115.17,114.55,115.05,5586694,0,1
2014-11-19,114.93,115.35,112.88,113.68,11994596,114.93,115.35,112.88,113.68,11994596,0,1
2014-11-20,114.57,115.0156,114.09,114.86,5605199,114.57,115.0156,114.09,114.86,5605199,0,1
2014-11-21,115.58,115.96,114.47,115.39,6561317,115.58,115.96,114.47,115.39,6561317,0,1
2014-11-24,115.15,115.3699,114.79,115.11,4694017,115.15,115.3699,114.79,115.11,4694017,0,1
2014-11-25,115.1,115.47,114.9,115.38,9051813,115.1,115.47,114.9,115.38,9051813,0,1
2014-11-26,115.25,115.34,114.98,115.16,3184017,115.25,115.34,114.98,115.16,3184017,0,1
2014-11-28,113.53,113.83,111.95,112.11,9616332,113.53,113.83,111.95,112.11,9616332,0,1
2014-12-01,113.8,117.36,113.74,116.58,15643964,113.8,117.36,113.74,116.58,15643964,0,1
2014-12-02,115.13,115.7095,114.72,115.14,6378105,115.13,115.7095,114.72,115.14,6378105,0,1
2014-12-03,115.68,116.76,115.56,116.33,5758821,115.68,116.76,115.56,116.33,5758821,0,1
2014-12-04,116.01,116.3399,115.61,115.88,3622125,116.01,116.3399,115.61,115.88,3622125,0,1
2014-12-05,115.16,115.18,114.24,114.43,6330980,115.16,115.18,114.24,114.43,6330980,0,1
2014-12-08,114.97,116.16,114.46,115.78,5221038,114.97,116.16,114.46,115.78,5221038,0,1
2014-12-09,117.04,118.99,116.98,118.19,10464724,117.04,118.99,116.98,118.19,10464724,0,1
2014-12-10,118.15,118.47,117.81,117.96,4273042,118.15,118.47,117.81,117.96,4273042,0,1
2014-12-11,116.98,118.38,116.82,117.69,5210272,116.98,118.38,116.82,117.69,5210272,0,1
2014-12-12,117.39,117.8,116.68,117.41,4735935,117.39,117.8,116.68,117.41,4735935,0,1
2014-12-15,116.22,116.9698,114.36,114.39,8795987,116.22,116.9698,114.36,114.39,8795987,0,1
2014-12-16,116.28,116.5,114.07,114.95,9170229,116.28,116.5,114.07,114.95,9170229,0,1
2014-12-17,115.1,115.48,113.58,114.27,9097329,115.1,115.48,113.58,114.27,9097329,0,1
2014-12-18,115.59,115.81,114.58,115.15,5256853,115.59,115.81,114.58,115.15,5256853,0,1
2014-12-19,115.06,115.22,114.77,114.77,4652333,115.06,115.22,114.77,114.77,4652333,0,1
2014-12-22,114.81,114.97,112.41,112.55,7481390,114.81,114.97,112.41,112.55,7481390,0,1
2014-12-23,112.88,113.32,112.61,112.74,7761827,112.88,113.32,112.61,112.74,7761827,0,1
2014-12-24,112.83,112.92,112.66,112.77,1501552,112.83,112.92,112.66,112.77,1501552,0,1
2014-12-26,114.82,114.98,114.53,114.83,3764281,114.82,114.98,114.53,114.83,3764281,0,1
2014-12-29,114.61,114.64,113.23,113.67,12963725,114.61,114.64,113.23,113.67,12963725,0,1
2014-12-30,114.99,116.26,114.9,115.2,7987311,114.99,116.26,114.9,115.2,7987311,0,1
2014-12-31,114.89,115,113.28,113.58,7624198,114.89,115,113.28,113.58,7624198,0,1
2015-01-02,112.49,114.8,112.32,114.08,7108194,112.49,114.8,112.32,114.08,7108194,0,1
2015-01-05,114.78,116,114.73,115.8,8177350,114.78,116,114.73,115.8,8177350,0,1
2015-01-06,116.22,117.5,115.8,117.12,11237135,116.22,117.5,115.8,117.12,11237135,0,1
2015-01-07,116.47,116.88,116.17,116.43,6433057,116.47,116.88,116.17,116.43,6433057,0,1
2015-01-08,116.45,116.87,115.85,115.94,7032639,116.45,116.87,115.85,115.94,7032639,0,1
2015-01-09,116.51,117.34,116.5,117.26,7943976,116.51,117.34,116.5,117.26,7943976,0,1
2015-01-12,117.46,118.71,117.32,118.56,8316438,117.46,118.71,117.32,118.56,8316438,0,1
2015-01-13,118.96,119.19,117.87,118.16,7693065,118.96,119.19,117.87,118.16,7693065,0,1
2015-01-14,119.08,119.32,117.9,117.97,7726078,119.08,119.32,117.9,117.97,7726078,0,1
2015-01-15,120.41,121.695,120.34,120.94,17681671,120.41,121.695,120.34,120.94,17681671,0,1
2015-01-16,121.73,123.15,121.705,122.52,14428223,121.73,123.15,121.705,122.52,14428223,0,1
2015-01-20,123.63,124.6,123.49,124.2,14965781,123.63,124.6,123.49,124.2,14965781,0,1
2015-01-21,125.18,125.34,123.37,124.23,11082179,125.18,125.34,123.37,124.23,11082179,0,1
2015-01-22,125.07,125.58,124.145,125.23,10514766,125.07,125.58,124.145,125.23,10514766,0,1
2015-01-23,124.43,124.5,123.35,124.23,6270361,124.43,124.5,123.35,124.23,6270361,0,1
2015-01-26,123.33,123.3447,122.52,122.99,6761230,123.33,123.3447,122.52,122.99,6761230,0,1
2015-01-27,123.56,124.64,123.51,124.4,9584838,123.56,124.64,123.51,124.4,9584838,0,1
2015-01-28,123.52,123.89,122.94,123.42,8467381,123.52,123.89,122.94,123.42,8467381,0,1
2015-01-29,121.99,122.29,120.26,120.76,11997314,121.99,122.29,120.26,120.76,11997314,0,1
2015-01-30,121.3,123.55,120.915,123.45,14553027,121.3,123.55,120.915,123.45,14553027,0,1
2015-02-02,121.84,123.155,121.82,122.42,8883060,121.84,123.155,121.82,122.42,8883060,0,1
2015-02-03,121.74,121.76,120.5648,121.05,8255863,121.74,121.76,120.5648,121.05,8255863,0,1
2015-02-04,121.63,122.22,120.92,121.58,5386217,121.63,122.22,120.92,121.58,5386217,0,1
2015-02-05,120.98,121.83,120.61,121.79,6878808,120.98,121.83,120.61,121.79,6878808,0,1
2015-02-06,119.15,119.52,117.95,118.64,13205867,119.15,119.52,117.95,118.64,13205867,0,1
2015-02-09,118.83,119.4,118.77,119.17,5236471,118.83,119.4,118.77,119.17,5236471,0,1
2015-02-10,118.63,119.06,118.21,118.47,4086321,118.63,119.06,118.21,118.47,4086321,0,1
2015-02-11,118.49,118.57,117,117.07,6778727,118.49,118.57,117,117.07,6778727,0,1
2015-02-12,117.68,117.82,117.09,117.34,4344444,117.68,117.82,117.09,117.34,4344444,0,1
2015-02-13,118.05,118.58,117.79,117.98,4108870,118.05,118.58,117.79,117.98,4108870,0,1
2015-02-17,116.4,116.54,115.58,116.01,7221273,116.4,116.54,115.58,116.01,7221273,0,1
2015-02-18,115.99,116.53,114.99,116.34,8335304,115.99,116.53,114.99,116.34,8335304,0,1
2015-02-19,116.4,116.54,115.74,115.94,6528210,116.4,116.54,115.74,115.94,6528210,0,1
2015-02-20,116.1,116.455,115.05,115.28,6680823,116.1,116.455,115.05,115.28,6680823,0,1
2015-02-23,115.11,116.22,115.07,115.43,4805243,115.11,116.22,115.07,115.43,4805243,0,1
2015-02-24,115,115.55,114.29,115.26,7612919,115,115.55,114.29,115.26,7612919,0,1
2015-02-25,115.83,115.89,115.33,115.7,5032535,115.83,115.89,115.33,115.7,5032535,0,1
2015-02-26,116.54,116.55,115.83,116.07,4025085,116.54,116.55,115.83,116.07,4025085,0,1
2015-02-27,116.74,117.07,116.16,116.16,8255487,116.74,117.07,116.16,116.16,8255487,0,1
2015-03-02,116.5,116.64,115.62,115.68,7991859,116.5,116.64,115.62,115.68,7991859,0,1
2015-03-03,116.04,116.61,115.35,115.47,4737119,116.04,116.61,115.35,115.47,4737119,0,1
2015-03-04,115.7,115.79,115.02,115.11,4762303,115.7,115.79,115.02,115.11,4762303,0,1
2015-03-05,115.43,116.12,114.84,115,5872197,115.43,116.12,114.84,115,5872197,0,1
2015-03-06,113.17,113.26,111.7,111.86,11190846,113.17,113.26,111.7,111.86,11190846,0,1
2015-03-09,112.42,112.62,111.95,111.97,5534011,112.42,112.62,111.95,111.97,5534011,0,1
2015-03-10,112.09,112.35,111.22,111.42,7019781,112.09,112.35,111.22,111.42,7019781,0,1
2015-03-11,111.23,111.25,110.16,110.75,6536194,111.23,111.25,110.16,110.75,6536194,0,1
2015-03-12,111.15,111.2,110.25,110.72,6631459,111.15,111.2,110.25,110.72,6631459,0,1
2015-03-13,111.1,111.28,110.51,110.88,4557438,111.1,111.28,110.51,110.88,4557438,0,1
2015-03-16,111.09,111.205,110.42,110.81,3263855,111.09,111.205,110.42,110.81,3263855,0,1
2015-03-17,109.92,111.35,109.77,110.21,8917560,109.92,111.35,109.77,110.21,8917560,0,1
2015-03-18,110.33,112.87,110.09,112.37,12432140,110.33,112.87,110.09,112.37,12432140,0,1
2015-03-19,111.85,112.58,111.58,112.29,6537743,111.85,112.58,111.58,112.29,6537743,0,1
2015-03-20,112.71,114,112.67,113.57,8033444,112.71,114,112.67,113.57,8033444,0,1
2015-03-23,113.7,114.3701,113.4899,114.29,4238848,113.7,114.3701,113.4899,114.29,4238848,0,1
2015-03-24,114.35,114.6499,113.82,114.57,2978635,114.35,114.6499,113.82,114.57,2978635,0,1
2015-03-25,115.11,115.14,114.65,114.73,3020582,115.11,115.14,114.65,114.73,3020582,0,1
2015-03-26,115.73,115.84,115.34,115.48,5493661,115.73,115.84,115.34,115.48,5493661,0,1
2015-03-27,115.14,115.36,114.45,115.06,4921741,115.14,115.36,114.45,115.06,4921741,0,1
2015-03-30,113.9,114.01,113.54,113.75,4381458,113.9,114.01,113.54,113.75,4381458,0,1
2015-03-31,113.84,114.28,113.4065,113.66,4382286,113.84,114.28,113.4065,113.66,4382286,0,1
2015-04-01,114.56,115.99,114.54,115.6,7324008,114.56,115.99,114.54,115.6,7324008,0,1
2015-04-02,115.47,115.72,114.68,115.28,3884072,115.47,115.72,114.68,115.28,3884072,0,1
2015-04-06,117.32,117.47,116.52,116.69,5914138,117.32,117.47,116.52,116.69,5914138,0,1
2015-04-07,116.27,116.51,115.94,116.11,2467494,116.27,116.51,115.94,116.11,2467494,0,1
2015-04-08,115.98,116.03,114.9,115.47,5568527,115.98,116.03,114.9,115.47,5568527,0,1
2015-04-09,114.8,114.85,114.48,114.67,4707044,114.8,114.85,114.48,114.67,4707044,0,1
2015-04-10,116,116.19,115.5,115.966,3932254,116,116.19,115.5,115.966,3932254,0,1
2015-04-13,115.35,115.3899,114.8,115.14,3190149,115.35,115.3899,114.8,115.14,3190149,0,1
2015-04-14,114.69,115.07,114.39,114.44,3651459,114.69,115.07,114.39,114.44,3651459,0,1
2015-04-15,114.8,115.6,114.47,115.43,3655950,114.8,115.6,114.47,115.43,3655950,0,1
2015-04-16,115.55,115.66,114.64,115.03,3132336,115.55,115.66,114.64,115.03,3132336,0,1
2015-04-17,115.38,115.79,115.23,115.6,3496313,115.38,115.79,115.23,115.6,3496313,0,1
2015-04-20,114.82,114.95,114.3162,114.72,3932756,114.82,114.95,114.3162,114.72,3932756,0,1
2015-04-21,114.72,115.56,114.65,115.38,3317715,114.72,115.56,114.65,115.38,3317715,0,1
2015-04-22,114.83,114.96,113.77,113.83,5695660,114.83,114.96,113.77,113.83,5695660,0,1
2015-04-23,113.9,114.96,113.81,114.66,3459120,113.9,114.96,113.81,114.66,3459120,0,1
2015-04-24,113.96,114.07,112.77,113.05,7152913,113.96,114.07,112.77,113.05,7152913,0,1
2015-04-27,113.87,115.82,113.67,115.33,7470127,113.87,115.82,113.67,115.33,7470127,0,1
2015-04-28,115.36,116.62,115.34,116.33,8054003,115.36,116.62,115.34,116.33,8054003,0,1
2015-04-29,116.06,116.39,115.28,115.51,7170477,116.06,116.39,115.28,115.51,7170477,0,1
2015-04-30,113.88,113.88,112.96,113.47,9439403,113.88,113.88,112.96,113.47,9439403,0,1
2015-05-01,112.42,113.3089,112.28,113.08,7597006,112.42,113.3089,112.28,113.08,7597006,0,1
2015-05-04,114.18,114.44,113.88,114.1,3647352,114.18,114.44,113.88,114.1,3647352,0,1
2015-05-05,114.89,115.11,114.39,114.42,3856520,114.89,115.11,114.39,114.42,3856520,0,1
2015-05-06,114.59,114.75,114.02,114.36,3278985,114.59,114.75,114.02,114.36,3278985,0,1
2015-05-07,113.84,114.01,113.32,113.42,5454590,113.84,114.01,113.32,113.42,5454590,0,1
2015-05-08,114.34,114.43,113.59,113.97,9963722,114.34,114.43,113.59,113.97,9963722,0,1
2015-05-11,114.09,114.31,113.08,113.53,2916510,114.09,114.31,113.08,113.53,2916510,0,1
2015-05-12,114.1,114.67,114.0648,114.5,3256495,114.1,114.67,114.0648,114.5,3256495,0,1
2015-05-13,115.74,116.93,115.68,116.55,11768224,115.74,116.93,115.68,116.55,11768224,0,1
2015-05-14,117.28,117.75,117.03,117.18,6922917,117.28,117.75,117.03,117.18,6922917,0,1
2015-05-15,116.8,117.63,116.68,117.53,4446903,116.8,117.63,116.68,117.53,4446903,0,1
2015-05-18,117.78,117.88,117.27,117.52,5079792,117.78,117.88,117.27,117.52,5079792,0,1
2015-05-19,116.55,116.73,115.65,115.89,5052147,116.55,116.73,115.65,115.89,5052147,0,1
2015-05-20,116.03,116.38,115.76,116.08,4432146,116.03,116.38,115.76,116.08,4432146,0,1
2015-05-21,115.53,116,115.47,115.69,2514218,115.53,116,115.47,115.69,2514218,0,1
2015-05-22,115.51,115.93,115.32,115.6,1780191,115.51,115.93,115.32,115.6,1780191,0,1
2015-05-26,113.84,114.23,113.7,113.91,5760895,113.84,114.23,113.7,113.91,5760895,0,1
2015-05-27,113.78,114.0149,113.63,113.89,2680461,113.78,114.0149,113.63,113.89,2680461,0,1
2015-05-28,113.85,114.16,113.21,114.02,5266016,113.85,114.16,113.21,114.02,5266016,0,1
2015-05-29,114.14,114.48,114,114.1,3407391,114.14,114.48,114,114.1,3407391,0,1
2015-06-01,115.02,115.5,113.9,114,8254034,115.02,115.5,113.9,114,8254034,0,1
2015-06-02,114.36,114.645,114.17,114.46,3988309,114.36,114.645,114.17,114.46,3988309,0,1
2015-06-03,114.13,114.37,113.08,113.64,4886054,114.13,114.37,113.08,113.64,4886054,0,1
2015-06-04,112.98,113.1497,112.48,112.84,5566618,112.98,113.1497,112.48,112.84,5566618,0,1
2015-06-05,111.6,112.39,111.5668,112.24,5561283,111.6,112.39,111.5668,112.24,5561283,0,1
2015-06-08,112.39,112.6599,112.13,112.57,3122078,112.39,112.6599,112.13,112.57,3122078,0,1
2015-06-09,113.15,113.23,112.71,112.82,3529924,113.15,113.23,112.71,112.82,3529924,0,1
2015-06-10,114.14,114.14,113.69,113.78,5452863,114.14,114.14,113.69,113.78,5452863,0,1
2015-06-11,113.27,113.41,112.92,113.26,4434731,113.27,113.41,112.92,113.26,4434731,0,1
2015-06-12,113.06,113.499,112.96,113.23,2998483,113.06,113.499,112.96,113.23,2998483,0,1
2015-06-15,113.28,114.15,113.21,113.73,5055086,113.28,114.15,113.21,113.73,5055086,0,1
2015-06-16,113.08,113.45,112.789,113.32,4033268,113.08,113.45,112.789,113.32,4033268,0,1
2015-06-17,113.07,114.04,112.63,113.85,6455983,113.07,114.04,112.63,113.85,6455983,0,1
2015-06-18,115.19,115.61,114.89,115.32,8039115,115.19,115.61,114.89,115.32,8039115,0,1
2015-06-19,115.34,115.46,114.95,115.12,4606617,115.34,115.46,114.95,115.12,4606617,0,1
2015-06-22,113.79,113.94,113.34,113.64,5763562,113.79,113.94,113.34,113.64,5763562,0,1
2015-06-23,112.96,113.17,112.79,112.89,4522797,112.96,113.17,112.79,112.89,4522797,0,1
2015-06-24,112.48,112.74,112.31,112.59,2975359,112.48,112.74,112.31,112.59,2975359,0,1
2015-06-25,112.43,112.71,112.32,112.44,2900178,112.43,112.71,112.32,112.44,2900178,0,1
2015-06-26,112.2,112.68,112.13,112.56,4392489,112.2,112.68,112.13,112.56,4392489,0,1
2015-06-29,112.81,113.23,112.53,113.07,5819337,112.81,113.23,112.53,113.07,5819337,0,1
2015-06-30,112.24,113.05,111.84,112.37,7897042,112.24,113.05,111.84,112.37,7897042,0,1
2015-07-01,112.12,112.51,111.94,111.98,4409026,112.12,112.51,111.94,111.98,4409026,0,1
2015-07-02,111.66,111.839,111.41,111.76,3838553,111.66,111.839,111.41,111.76,3838553,0,1
2015-07-06,111.71,112.58,111.63,112.06,4259575,111.71,112.58,111.63,112.06,4259575,0,1
2015-07-07,111.08,111.14,110.05,110.76,9072790,111.08,111.14,110.05,110.76,9072790,0,1
2015-07-08,111.38,111.65,111.08,111.09,5694941,111.38,111.65,111.08,111.09,5694941,0,1
2015-07-09,111.8,111.93,111.15,111.36,3802857,111.8,111.93,111.15,111.36,3802857,0,1
2015-07-10,111.18,111.71,111.03,111.49,3594918,111.18,111.71,111.03,111.49,3594918,0,1
2015-07-13,110.43,111.14,110.36,110.99,4279310,110.43,111.14,110.36,110.99,4279310,0,1
2015-07-14,111,111.075,110.63,110.74,2599290,111,111.075,110.63,110.74,2599290,0,1
2015-07-15,110,110.1914,109.58,110.16,9286201,110,110.1914,109.58,110.16,9286201,0,1
2015-07-16,109.67,110.01,109.6,109.76,4629683,109.67,110.01,109.6,109.76,4629683,0,1
2015-07-17,109.11,109.16,108.4,108.65,14856949,109.11,109.16,108.4,108.65,14856949,0,1
2015-07-20,106.6,106.65,105.62,105.7,15743669,106.6,106.65,105.62,105.7,15743669,0,1
2015-07-21,105.81,106.32,105.25,105.37,10516934,105.81,106.32,105.25,105.37,10516934,0,1
2015-07-22,104.39,105.09,104.18,104.8,8346252,104.39,105.09,104.18,104.8,8346252,0,1
2015-07-23,104.98,105.3,104.2,104.33,5779289,104.98,105.3,104.2,104.33,5779289,0,1
2015-07-24,103.61,105.59,103.431,105.35,11571852,103.61,105.59,103.431,105.35,11571852,0,1
2015-07-27,104.94,105.68,104.66,104.86,10690142,104.94,105.68,104.66,104.86,10690142,0,1
2015-07-28,105.09,105.33,104.83,105.02,5547801,105.09,105.33,104.83,105.02,5547801,0,1
2015-07-29,104.93,105.63,104.49,105.17,5616909,104.93,105.63,104.49,105.17,5616909,0,1
2015-07-30,104.03,104.97,103.86,104.27,6651035,104.03,104.97,103.86,104.27,6651035,0,1
2015-07-31,105.41,105.75,104.69,104.93,6689175,105.41,105.75,104.69,104.93,6689175,0,1
2015-08-03,104.59,104.82,104.05,104.1,3526943,104.59,104.82,104.05,104.1,3526943,0,1
2015-08-04,104.56,104.75,103.95,104.31,3241016,104.56,104.75,103.95,104.31,3241016,0,1
2015-08-05,104.42,104.5038,103.78,103.93,5032977,104.42,104.5038,103.78,103.93,5032977,0,1
2015-08-06,104.15,104.86,104.14,104.39,3897589,104.15,104.86,104.14,104.39,3897589,0,1
2015-08-07,104.56,105.38,104.55,104.65,4400915,104.56,105.38,104.55,104.65,4400915,0,1
2015-08-10,105.03,106.27,104.9172,105.72,5892375,105.03,106.27,104.9172,105.72,5892375,0,1
2015-08-11,106.49,106.63,105.77,106.26,4060892,106.49,106.63,105.77,106.26,4060892,0,1
2015-08-12,106.99,107.91,106.93,107.75,10022547,106.99,107.91,106.93,107.75,10022547,0,1
2015-08-13,106.95,107.18,106.71,106.86,4761449,106.95,107.18,106.71,106.86,4761449,0,1
2015-08-14,107.07,107.41,106.543,106.85,3509238,107.07,107.41,106.543,106.85,3509238,0,1
2015-08-17,107.37,107.51,107,107.13,5769080,107.37,107.51,107,107.13,5769080,0,1
2015-08-18,106.67,107.33,106.31,107.11,4121839,106.67,107.33,106.31,107.11,4121839,0,1
2015-08-19,107.63,108.67,107.63,108.55,7034568,107.63,108.67,107.63,108.55,7034568,0,1
2015-08-20,109.81,110.61,109.7,110.44,12549017,109.81,110.61,109.7,110.44,12549017,0,1
2015-08-21,110.93,111.33,110.12,111.13,13916908,110.93,111.33,110.12,111.13,13916908,0,1
2015-08-24,111.54,112.12,109.77,110.53,18383309,111.54,112.12,109.77,110.53,18383309,0,1
2015-08-25,110.01,110.05,108.72,109.16,9971741,110.01,110.05,108.72,109.16,9971741,0,1
2015-08-26,107.72,108.06,107.08,107.67,10845014,107.72,108.06,107.08,107.67,10845014,0,1
2015-08-27,107.39,108.04,107.11,107.73,8100882,107.39,108.04,107.11,107.73,8100882,0,1
2015-08-28,108.17,109.3,108.12,108.7,7558898,108.17,109.3,108.12,108.7,7558898,0,1
2015-08-31,108.19,108.92,108.03,108.82,4531422,108.19,108.92,108.03,108.82,4531422,0,1
2015-09-01,109.63,109.77,108.94,109.2,7077213,109.63,109.77,108.94,109.2,7077213,0,1
2015-09-02,109.01,109.34,108.46,108.62,4111167,109.01,109.34,108.46,108.62,4111167,0,1
2015-09-03,107.77,108.32,107.56,107.84,3913100,107.77,108.32,107.56,107.84,3913100,0,1
2015-09-04,107.14,107.56,107.07,107.49,4025022,107.14,107.56,107.07,107.49,4025022,0,1
2015-09-08,107.6,107.94,107.31,107.52,5981920,107.6,107.94,107.31,107.52,5981920,0,1
2015-09-09,106.64,106.71,105.48,106.13,8855138,106.64,106.71,105.48,106.13,8855138,0,1
2015-09-10,106.61,106.698,106.18,106.38,6203685,106.61,106.698,106.18,106.38,6203685,0,1
2015-09-11,105.65,106.2,105.27,106.16,4023874,105.65,106.2,105.27,106.16,4023874,0,1
2015-09-14,105.86,106.39,105.78,106.22,2350848,105.86,106.39,105.78,106.22,2350848,0,1
2015-09-15,105.83,106.06,105.68,105.9,2904958,105.83,106.06,105.68,105.9,2904958,0,1
2015-09-16,106.6,107.709,106.56,107.31,5313461,106.6,107.709,106.56,107.31,5313461,0,1
2015-09-17,107.07,108.58,106.96,108.41,8403849,107.07,108.58,106.96,108.41,8403849,0,1
2015-09-18,109.1,109.38,108.82,109.21,6794284,109.1,109.38,108.82,109.21,6794284,0,1
2015-09-21,108.49,108.66,108.328,108.53,4104702,108.49,108.66,108.328,108.53,4104702,0,1
2015-09-22,107.58,107.96,107.44,107.79,5482162,107.58,107.96,107.44,107.79,5482162,0,1
2015-09-23,108.54,108.64,108.2,108.22,2744177,108.54,108.64,108.2,108.22,2744177,0,1
2015-09-24,109.67,110.82,109.63,110.49,11024020,109.67,110.82,109.63,110.49,11024020,0,1
2015-09-25,109.87,110.03,109.55,109.81,5209473,109.87,110.03,109.55,109.81,5209473,0,1
2015-09-28,108.37,108.91,108.27,108.42,3795990,108.37,108.91,108.27,108.42,3795990,0,1
2015-09-29,108.24,108.69,107.88,107.98,4037667,108.24,108.69,107.88,107.98,4037667,0,1
2015-09-30,106.78,107.075,106.47,106.86,7247837,106.78,107.075,106.47,106.86,7247837,0,1
2015-10-01,106.98,107.21,106.63,106.73,4278442,106.98,107.21,106.63,106.73,4278442,0,1
2015-10-02,108.54,109.3199,108.54,108.99,7730647,108.54,109.3199,108.54,108.99,7730647,0,1
2015-10-05,109.14,109.38,108.46,108.77,5490027,109.14,109.38,108.46,108.77,5490027,0,1
2015-10-06,109.8,110.26,109.63,109.86,7513568,109.8,110.26,109.63,109.86,7513568,0,1
2015-10-07,109.75,110.14,109.34,109.7,5355339,109.75,110.14,109.34,109.7,5355339,0,1
2015-10-08,109.16,110.27,109.06,109.14,5038194,109.16,110.27,109.06,109.14,5038194,0,1
2015-10-09,110.54,111.05,110.23,110.87,7907263,110.54,111.05,110.23,110.87,7907263,0,1
2015-10-12,111.67,111.7324,111.01,111.31,6257945,111.67,111.7324,111.01,111.31,6257945,0,1
2015-10-13,111.36,111.87,111.28,111.86,5149627,111.36,111.87,111.28,111.86,5149627,0,1
2015-10-14,112.63,113.95,112.3,113.81,10207465,112.63,113.95,112.3,113.81,10207465,0,1
2015-10-15,113.2,113.99,112.94,113.29,14083929,113.2,113.99,112.94,113.29,14083929,0,1
2015-10-16,113.24,113.44,112.43,112.49,7328038,113.24,113.44,112.43,112.49,7328038,0,1
2015-10-19,112.64,112.69,111.89,112.02,3959383,112.64,112.69,111.89,112.02,3959383,0,1
2015-10-20,112.38,113.09,112.38,112.73,4903225,112.38,113.09,112.38,112.73,4903225,0,1
2015-10-21,112.37,112.37,111.41,111.73,3908787,112.37,112.37,111.41,111.73,3908787,0,1
2015-10-22,111.52,112.21,111.43,111.69,3434125,111.52,112.21,111.43,111.69,3434125,0,1
2015-10-23,111.81,111.84,110.9601,111.5,4868351,111.81,111.84,110.9601,111.5,4868351,0,1
2015-10-26,111.73,111.98,111.33,111.43,2573512,111.73,111.98,111.33,111.43,2573512,0,1
2015-10-27,111.31,111.81,111.29,111.68,2644152,111.31,111.81,111.29,111.68,2644152,0,1
2015-10-28,112.68,113.25,110.31,110.78,8198733,112.68,113.25,110.31,110.78,8198733,0,1
2015-10-29,110.23,110.6,109.66,109.72,5150785,110.23,110.6,109.66,109.72,5150785,0,1
2015-10-30,109.5,109.58,109.06,109.3,5543162,109.5,109.58,109.06,109.3,5543162,0,1
2015-11-02,108.64,108.84,108.46,108.59,5837311,108.64,108.84,108.46,108.59,5837311,0,1
2015-11-03,107.79,107.8094,106.68,106.98,7142214,107.79,107.8094,106.68,106.98,7142214,0,1
2015-11-04,107.02,107.09,105.92,105.97,7608841,107.02,107.09,105.92,105.97,7608841,0,1
2015-11-05,106.01,106.1,105.58,105.64,5927452,106.01,106.1,105.58,105.64,5927452,0,1
2015-11-06,104.17,104.42,104.02,104.1,8829989,104.17,104.42,104.02,104.1,8829989,0,1
2015-11-09,104.29,104.58,104.19,104.4,4128241,104.29,104.58,104.19,104.4,4128241,0,1
2015-11-10,104.09,104.65,103.87,104.18,4445275,104.09,104.65,103.87,104.18,4445275,0,1
2015-11-11,104.09,104.23,103.78,103.83,3527590,104.09,104.23,103.78,103.83,3527590,0,1
2015-11-12,103.09,104.32,103.04,103.85,6300446,103.09,104.32,103.04,103.85,6300446,0,1
2015-11-13,103.54,103.74,103.45,103.56,3216928,103.54,103.74,103.45,103.56,3216928,0,1
2015-11-16,103.98,104.03,103.515,103.71,2951109,103.98,104.03,103.515,103.71,2951109,0,1
2015-11-17,103.38,103.3999,101.98,102.34,8592195,103.38,103.3999,101.98,102.34,8592195,0,1
2015-11-18,102.39,102.95,102.04,102.43,5041792,102.39,102.95,102.04,102.43,5041792,0,1
2015-11-19,103.07,104.09,103.07,103.56,5084569,103.07,104.09,103.07,103.56,5084569,0,1
2015-11-20,103.58,103.66,102.97,103.09,5971543,103.58,103.66,102.97,103.09,5971543,0,1
2015-11-23,102.48,102.75,102.16,102.26,4042267,102.48,102.75,102.16,102.26,4042267,0,1
2015-11-24,103.12,103.25,102.69,102.94,3479355,103.12,103.25,102.69,102.94,3479355,0,1
2015-11-25,102.47,102.69,102.21,102.46,2930586,102.47,102.69,102.21,102.46,2930586,0,1
2015-11-27,101.01,101.62,100.99,101.25,4993553,101.01,101.62,100.99,101.25,4993553,0,1
2015-11-30,101.53,102.38,101.52,101.92,6772392,101.53,102.38,101.52,101.92,6772392,0,1
2015-12-01,102.3,102.43,101.81,102.28,4644386,102.3,102.43,101.81,102.28,4644386,0,1
2015-12-02,101.35,101.35,100.53,100.69,10219794,101.35,101.35,100.53,100.69,10219794,0,1
2015-12-03,101.23,101.97,100.845,101.76,6499685,101.23,101.97,100.845,101.76,6499685,0,1
2015-12-04,102.74,104.21,102.65,104.02,10669844,102.74,104.21,102.65,104.02,10669844,0,1
2015-12-07,103.32,103.37,102.5,102.67,4385323,103.32,103.37,102.5,102.67,4385323,0,1
2015-12-08,103.13,103.26,102.53,102.84,3411932,103.13,103.26,102.53,102.84,3411932,0,1
2015-12-09,103.63,103.66,102.32,102.64,6026283,103.63,103.66,102.32,102.64,6026283,0,1
2015-12-10,102.51,102.825,102.34,102.55,3852053,102.51,102.825,102.34,102.55,3852053,0,1
2015-12-11,101.91,103.32,101.85,103.11,6798161,101.91,103.32,101.85,103.11,6798161,0,1
2015-12-14,102.58,102.72,101.74,101.79,5562483,102.58,102.72,101.74,101.79,5562483,0,1
2015-12-15,101.71,102.06,101.41,101.52,6831064,101.71,102.06,101.41,101.52,6831064,0,1
2015-12-16,102.59,103.2,101.66,102.75,8292064,102.59,103.2,101.66,102.75,8292064,0,1
2015-12-17,100.92,100.99,100.2326,100.5,10156223,100.92,100.99,100.2326,100.5,10156223,0,1
2015-12-18,101.35,102.53,101.3,102.04,8345839,101.35,102.53,101.3,102.04,8345839,0,1
2015-12-21,102.95,103.52,102.83,103.15,6378467,102.95,103.52,102.83,103.15,6378467,0,1
2015-12-22,103.09,103.2,102.5599,102.61,4123242,103.09,103.2,102.5599,102.61,4123242,0,1
2015-12-23,102.4,102.59,102.21,102.31,2821365,102.4,102.59,102.21,102.31,2821365,0,1
2015-12-24,102.82,103.05,102.77,103.05,1710153,102.82,103.05,102.77,103.05,1710153,0,1
2015-12-28,102.48,102.5962,102.03,102.27,3356159,102.48,102.5962,102.03,102.27,3356159,0,1
2015-12-29,102.52,102.58,102.11,102.2,2832098,102.52,102.58,102.11,102.2,2832098,0,1
2015-12-30,101.47,101.6,101.345,101.42,3744459,101.47,101.6,101.345,101.42,3744459,0,1
2015-12-31,101.48,101.72,101.31,101.46,3823414,101.48,101.72,101.31,101.46,3823414,0,1
2016-01-04,103.13,103.67,102.485,102.89,6439703,103.13,103.67,102.485,102.89,6439703,0,1
2016-01-05,103.13,103.46,102.93,103.18,3500272,103.13,103.46,102.93,103.18,3500272,0,1
2016-01-06,104.37,104.8,103.93,104.67,9314091,104.37,104.8,103.93,104.67,9314091,0,1
2016-01-07,105.83,106.237,105.19,106.15,11721110,105.83,106.237,105.19,106.15,11721110,0,1
2016-01-08,105.48,105.8,105.04,105.68,7677764,105.48,105.8,105.04,105.68,7677764,0,1
2016-01-11,105.47,105.566,104.71,104.74,6272184,105.47,105.566,104.71,104.74,6272184,0,1
2016-01-12,104.09,104.59,103.65,104.21,5538301,104.09,104.59,103.65,104.21,5538301,0,1
2016-01-13,103.89,104.8199,103.78,104.72,7324203,103.89,104.8199,103.78,104.72,7324203,0,1
2016-01-14,103.75,104.18,102.4985,103.02,9988965,103.75,104.18,102.4985,103.02,9988965,0,1
2016-01-15,104.92,104.96,103.965,104.08,10052190,104.92,104.96,103.965,104.08,10052190,0,1
2016-01-19,104.06,104.45,103.65,103.98,4588302,104.06,104.45,103.65,103.98,4588302,0,1
2016-01-20,105.17,106.16,104.94,105.37,10119235,105.17,106.16,104.94,105.37,10119235,0,1
2016-01-21,104.99,105.49,104.515,105.49,5424432,104.99,105.49,104.515,105.49,5424432,0,1
2016-01-22,104.93,105.51,104.76,105,4185146,104.93,105.51,104.76,105,4185146,0,1
2016-01-25,105.76,106.09,105.6,106.08,6818003,105.76,106.09,105.6,106.08,6818003,0,1
2016-01-26,106.32,107.43,106.255,107.29,8441727,106.32,107.43,106.255,107.29,8441727,0,1
2016-01-27,106.86,107.93,106.65,107.69,8271123,106.86,107.93,106.65,107.69,8271123,0,1
2016-01-28,106.55,106.86,106.48,106.54,5913862,106.55,106.86,106.48,106.54,5913862,0,1
2016-01-29,106.61,107,106.26,106.9492,8098632,106.61,107,106.26,106.9492,8098632,0,1
2016-02-01,107.54,108.15,107.53,108.05,10471814,107.54,108.15,107.53,108.05,10471814,0,1
2016-02-02,107.92,108.18,107.35,108.09,6654849,107.92,108.18,107.35,108.09,6654849,0,1
2016-02-03,107.91,109.58,107.9,109.25,15783508,107.91,109.58,107.9,109.25,15783508,0,1
2016-02-04,110.45,110.7,109.92,110.57,13211831,110.45,110.7,109.92,110.57,13211831,0,1
2016-02-05,109.79,112.35,109.58,112.32,14775477,109.79,112.35,109.58,112.32,14775477,0,1
2016-02-08,113.67,114.8692,113.39,113.83,28337183,113.67,114.8692,113.39,113.83,28337183,0,1
2016-02-09,114.43,114.69,113.55,113.58,18155048,114.43,114.69,113.55,113.58,18155048,0,1
2016-02-10,113.92,114.52,112.98,114.46,13285472,113.92,114.52,112.98,114.46,13285472,0,1
2016-02-11,118.59,120.84,117.77,119.0592,49094407,118.59,120.84,117.77,119.0592,49094407,0,1
2016-02-12,118.12,118.74,117.88,118.36,16980013,118.12,118.74,117.88,118.36,16980013,0,1
2016-02-16,116,116.31,114.74,114.77,14596598,116,116.31,114.74,114.77,14596598,0,1
2016-02-17,115.47,116.07,114.89,115.48,10580900,115.47,116.07,114.89,115.48,10580900,0,1
2016-02-18,115.3,118.595,115.29,118.29,13583823,115.3,118.595,115.29,118.29,13583823,0,1
2016-02-19,117.26,117.965,117.1,117.58,15191950,117.26,117.965,117.1,117.58,15191950,0,1
2016-02-22,115.44,116.19,115.41,115.49,10675821,115.44,116.19,115.41,115.49,10675821,0,1
2016-02-23,116.68,117.42,116.52,117.22,9029419,116.68,117.42,116.52,117.22,9029419,0,1
2016-02-24,119,119.86,117.35,117.61,17936967,119,119.86,117.35,117.61,17936967,0,1
2016-02-25,117.62,118.91,117.5401,117.92,12500101,117.62,118.91,117.5401,117.92,12500101,0,1
2016-02-26,117.43,117.72,115.8637,117.11,12505061,117.43,117.72,115.8637,117.11,12505061,0,1
2016-02-29,117.59,118.7,117.53,118.64,11515855,117.59,118.7,117.53,118.64,11515855,0,1
2016-03-01,118.74,119.11,117.34,117.77,14138917,118.74,119.11,117.34,117.77,14138917,0,1
2016-03-02,118.34,118.97,118.07,118.68,8898734,118.34,118.97,118.07,118.68,8898734,0,1
2016-03-03,118.86,121.3,118.81,120.73,18718691,118.86,121.3,118.81,120.73,18718691,0,1
2016-03-04,121.13,122.37,120.22,120.54,16260534,121.13,122.37,120.22,120.54,16260534,0,1
2016-03-07,121.18,121.5801,120.41,121.14,9350661,121.18,121.5801,120.41,121.14,9350661,0,1
2016-03-08,121.79,121.88,120.47,120.58,11515340,121.79,121.88,120.47,120.58,11515340,0,1
2016-03-09,119.2,120.39,118.84,119.58,8671099,119.2,120.39,118.84,119.58,8671099,0,1
2016-03-10,120.5,121.76,120.42,121.5,18102133,120.5,121.76,120.42,121.5,18102133,0,1
2016-03-11,121.19,121.385,119.36,119.41,10811922,121.19,121.385,119.36,119.41,10811922,0,1
2016-03-14,120.27,120.31,117.5,117.87,14231377,120.27,120.31,117.5,117.87,14231377,0,1
2016-03-15,117.78,118.04,117.36,117.96,9941816,117.78,118.04,117.36,117.96,9941816,0,1
2016-03-16,117.42,120.76,117.34,120.59,17333961,117.42,120.76,117.34,120.59,17333961,0,1
2016-03-17,121.16,121.18,120.03,120.13,9912732,121.16,121.18,120.03,120.13,9912732,0,1
2016-03-18,119.59,120.34,119.51,119.8,16965602,119.59,120.34,119.51,119.8,16965602,0,1
2016-03-21,119,119.33,118.73,118.96,7239410,119,119.33,118.73,118.96,7239410,0,1
2016-03-22,119.73,120.16,118.96,119.31,6786417,119.73,120.16,118.96,119.31,6786417,0,1
2016-03-23,116.74,117.12,116.16,116.61,15991242,116.74,117.12,116.16,116.61,15991242,0,1
2016-03-24,116.77,116.94,116.3,116.33,6280027,116.77,116.94,116.3,116.33,6280027,0,1
2016-03-28,116.73,116.91,116.27,116.6,3877576,116.73,116.91,116.27,116.6,3877576,0,1
2016-03-29,117.36,118.81,116.8,118.76,14472350,117.36,118.81,116.8,118.76,14472350,0,1
2016-03-30,117.88,118.2,116.91,117.1,10767153,117.88,118.2,116.91,117.1,10767153,0,1
2016-03-31,118.161,118.39,117.6,117.64,9340534,118.161,118.39,117.6,117.64,9340534,0,1
2016-04-01,116.08,116.98,115.55,116.93,10404084,116.08,116.98,115.55,116.93,10404084,0,1
2016-04-04,116.67,116.73,116.07,116.15,7641073,116.67,116.73,116.07,116.15,7641073,0,1
2016-04-05,117.76,117.93,117.15,117.66,8864975,117.76,117.93,117.15,117.66,8864975,0,1
2016-04-06,116.7,117.385,116.26,116.94,7548784,116.7,117.385,116.26,116.94,7548784,0,1
2016-04-07,118.65,118.85,115,118.61,11899711,118.65,118.85,115,118.61,11899711,0,1
2016-04-08,118.07,118.77,117.98,118.43,9078318,118.07,118.77,117.98,118.43,9078318,0,1
2016-04-11,119.47,120.3,119.42,120.03,9834431,119.47,120.3,119.42,120.03,9834431,0,1
2016-04-12,120.23,120.345,119.55,120.05,9688214,120.23,120.345,119.55,120.05,9688214,0,1
2016-04-13,119.37,119.43,118.56,118.77,8839592,119.37,119.43,118.56,118.77,8839592,0,1
2016-04-14,118.09,118.1869,116.95,117.11,13157614,118.09,118.1869,116.95,117.11,13157614,0,1
2016-04-15,117.33,118.12,117.19,117.92,7837796,117.33,118.12,117.19,117.92,7837796,0,1
2016-04-18,118.53,118.56,117.63,117.74,5807999,118.53,118.56,117.63,117.74,5807999,0,1
2016-04-19,119.87,120.09,119.37,119.58,21023784,119.87,120.09,119.37,119.58,21023784,0,1
2016-04-20,119.67,120.08,118.721,118.97,10231859,119.67,120.08,118.721,118.97,10231859,0,1
2016-04-21,120.42,120.55,119.13,119.42,14611235,120.42,120.55,119.13,119.42,14611235,0,1
2016-04-22,118.71,119.02,117.28,117.89,10046747,118.71,119.02,117.28,117.89,10046747,0,1
2016-04-25,118.14,118.7122,118.11,118.23,4369353,118.14,118.7122,118.11,118.23,4369353,0,1
2016-04-26,118.79,118.89,118.45,118.7,9904406,118.79,118.89,118.45,118.7,9904406,0,1
2016-04-27,118.97,119.7,118.43,119.04,7976311,118.97,119.7,118.43,119.04,7976311,0,1
2016-04-28,119.92,121.42,119.7301,121.29,15125640,119.92,121.42,119.7301,121.29,15125640,0,1
2016-04-29,122.43,123.93,122.34,123.65,19040370,122.43,123.93,122.34,123.65,19040370,0,1
2016-05-02,123.78,123.96,123.045,123.24,12137459,123.78,123.96,123.045,123.24,12137459,0,1
2016-05-03,123.73,123.82,122.51,122.96,9063588,123.73,123.82,122.51,122.96,9063588,0,1
2016-05-04,122.85,123.23,121.51,122.21,9393320,122.85,123.23,121.51,122.21,9393320,0,1
2016-05-05,122.63,122.7325,121.25,122.07,8846402,122.63,122.7325,121.25,122.07,8846402,0,1
2016-05-06,122.83,123.805,122.5876,123.18,11365923,122.83,123.805,122.5876,123.18,11365923,0,1
2016-05-09,121.2,121.285,120.59,120.65,9233612,121.2,121.285,120.59,120.65,9233612,0,1
2016-05-10,120.74,121.38,120.08,120.98,9842110,120.74,121.38,120.08,120.98,9842110,0,1
2016-05-11,121.85,122.16,121.38,122.12,7583821,121.85,122.16,121.38,122.12,7583821,0,1
2016-05-12,122.02,122.39,121,121.16,7446948,122.02,122.39,121,121.16,7446948,0,1
2016-05-13,121.09,121.86,120.66,121.71,7672625,121.09,121.86,120.66,121.71,7672625,0,1
2016-05-16,122.93,122.97,121.38,121.8,7103042,122.93,122.97,121.38,121.8,7103042,0,1
2016-05-17,121.58,122.52,121.48,122.22,8618098,121.58,122.52,121.48,122.22,8618098,0,1
2016-05-18,121.22,121.92,119.88,120.1,13381728,121.22,121.92,119.88,120.1,13381728,0,1
2016-05-19,119,119.975,118.9201,119.87,14339652,119,119.975,118.9201,119.87,14339652,0,1
2016-05-20,120.19,120.32,119.31,119.71,10378669,120.19,120.32,119.31,119.71,10378669,0,1
2016-05-23,118.86,119.6,118.75,119.37,8628164,118.86,119.6,118.75,119.37,8628164,0,1
2016-05-24,118.17,118.23,117.25,117.3,12767625,118.17,118.23,117.25,117.3,12767625,0,1
2016-05-25,116.59,117.0599,116.32,116.98,10499963,116.59,117.0599,116.32,116.98,10499963,0,1
2016-05-26,117.57,117.63,116.39,116.58,5890612,117.57,117.63,116.39,116.58,5890612,0,1
2016-05-27,116.27,116.36,115.29,115.62,8686489,116.27,116.36,115.29,115.62,8686489,0,1
2016-05-31,115.76,116.4,115.5,116.06,8187175,115.76,116.4,115.5,116.06,8187175,0,1
2016-06-01,115.97,116.135,115.2,115.94,8392768,115.97,116.135,115.2,115.94,8392768,0,1
2016-06-02,115.78,115.97,115.58,115.67,4591562,115.78,115.97,115.58,115.67,4591562,0,1
2016-06-03,118.25,118.89,118.23,118.88,14600677,118.25,118.89,118.23,118.88,14600677,0,1
2016-06-06,118.89,119.17,118.455,118.92,9881643,118.89,119.17,118.455,118.92,9881643,0,1
2016-06-07,118.5,119.02,118.41,118.82,4602865,118.5,119.02,118.41,118.82,4602865,0,1
2016-06-08,120.3,120.78,120.23,120.58,11661736,120.3,120.78,120.23,120.58,11661736,0,1
2016-06-09,120.61,121.4829,120.55,121.25,12168009,120.61,121.4829,120.55,121.25,12168009,0,1
2016-06-10,121.55,122.1,121.175,121.74,13939966,121.55,122.1,121.175,121.74,13939966,0,1
2016-06-13,122.8,122.83,122.03,122.64,12589784,122.8,122.83,122.03,122.64,12589784,0,1
2016-06-14,123,123.06,122.3,122.77,11651144,123,123.06,122.3,122.77,11651144,0,1
2016-06-15,122.52,123.87,122.38,123.68,15046476,122.52,123.87,122.38,123.68,15046476,0,1
2016-06-16,125.17,125.67,122.23,122.38,26628961,125.17,125.67,122.23,122.38,26628961,0,1
2016-06-17,123.26,124.1,122.69,123.95,15573825,123.26,124.1,122.69,123.95,15573825,0,1
2016-06-20,122.26,123.33,122.13,123.21,11866200,122.26,123.33,122.13,123.21,11866200,0,1
2016-06-21,121.65,121.86,120.77,120.84,14584547,121.65,121.86,120.77,120.84,14584547,0,1
2016-06-22,120.83,121.25,120.68,120.9,7859288,120.83,121.25,120.68,120.9,7859288,0,1
2016-06-23,120.48,121.03,120.06,120.11,10696514,120.48,121.03,120.06,120.11,10696514,0,1
2016-06-24,126.62,126.82,125,126.01,35775839,126.62,126.82,125,126.01,35775839,0,1
2016-06-27,126.44,127.05,125.83,126.68,21400484,126.44,127.05,125.83,126.68,21400484,0,1
2016-06-28,125.56,126.02,125.06,125.32,15997623,125.56,126.02,125.06,125.32,15997623,0,1
2016-06-29,125.91,126.81,125.7,125.84,12218444,125.91,126.81,125.7,125.84,12218444,0,1
2016-06-30,125.95,126.52,125.5,126.47,15981577,125.95,126.52,125.5,126.47,15981577,0,1
2016-07-01,127.66,128.42,127.44,128.41,14939696,127.66,128.42,127.44,128.41,14939696,0,1
2016-07-05,128.8,129.59,128.17,129.47,18952822,128.8,129.59,128.17,129.47,18952822,0,1
2016-07-06,130.5,131.15,129.82,130.23,17375144,130.5,131.15,129.82,130.23,17375144,0,1
2016-07-07,129.82,130.12,128.98,129.74,16508526,129.82,130.12,128.98,129.74,16508526,0,1
2016-07-08,129.85,130.52,128.97,130.52,17634218,129.85,130.52,128.97,130.52,17634218,0,1
2016-07-11,129.49,129.895,129.16,129.29,10855190,129.49,129.895,129.16,129.29,10855190,0,1
2016-07-12,128.52,128.54,126.99,127.15,26448490,128.52,128.54,126.99,127.15,26448490,0,1
2016-07-13,128,128.43,127.61,128.32,7377063,128,128.43,127.61,128.32,7377063,0,1
2016-07-14,126.31,127.37,126.03,127.33,12129335,126.31,127.37,126.03,127.33,12129335,0,1
2016-07-15,126.38,127.19,126.33,126.84,13871480,126.38,127.19,126.33,126.84,13871480,0,1
2016-07-18,127.02,127.5,126.63,127.04,8481528,127.02,127.5,126.63,127.04,8481528,0,1
2016-07-19,126.95,127.35,126.82,127.21,5168375,126.95,127.35,126.82,127.21,5168375,0,1
2016-07-20,125.5,126.12,125.31,125.39,11775559,125.5,126.12,125.31,125.39,11775559,0,1
2016-07-21,125.66,127.37,125.6,127.3,9396518,125.66,127.37,125.6,127.3,9396518,0,1
2016-07-22,126.43,126.52,126.01,126.35,7716032,126.43,126.52,126.01,126.35,7716032,0,1
2016-07-25,125.53,126.21,125.11,125.47,13138608,125.53,126.21,125.11,125.47,13138608,0,1
2016-07-26,126.09,126.14,125.745,126,7612250,126.09,126.14,125.745,126,7612250,0,1
2016-07-27,126.79,128.12,126.04,128.03,17064353,126.79,128.12,126.04,128.03,17064353,0,1
2016-07-28,128.09,128.2,127.205,127.66,9261756,128.09,128.2,127.205,127.66,9261756,0,1
2016-07-29,128.42,129.41,127.88,128.98,13707749,128.42,129.41,127.88,128.98,13707749,0,1
2016-08-01,128.57,129.34,128.56,129.22,7109684,128.57,129.34,128.56,129.22,7109684,0,1
2016-08-02,130.04,130.55,129.9449,130.27,7652767,130.04,130.55,129.9449,130.27,7652767,0,1
2016-08-03,129.95,129.96,129.27,129.65,5008003,129.95,129.96,129.27,129.65,5008003,0,1
2016-08-04,130.01,130.28,129.82,129.87,4902811,130.01,130.28,129.82,129.87,4902811,0,1
2016-08-05,128.46,128.5466,127.39,127.55,16205122,128.46,128.5466,127.39,127.55,16205122,0,1
2016-08-08,127.29,127.7,127.274,127.44,6773604,127.29,127.7,127.274,127.44,6773604,0,1
2016-08-09,127.94,128.14,127.75,127.96,7500421,127.94,128.14,127.75,127.96,7500421,0,1
2016-08-10,129.12,129.2006,128.15,128.56,6196202,129.12,129.2006,128.15,128.56,6196202,0,1
2016-08-11,128.61,129.19,127.475,127.67,9763821,128.61,129.19,127.475,127.67,9763821,0,1
2016-08-12,129.12,129.26,127.2,127.4,15395846,129.12,129.26,127.2,127.4,15395846,0,1
2016-08-15,127.62,128.25,127.6,127.84,4530841,127.62,128.25,127.6,127.84,4530841,0,1
2016-08-16,128.12,129.04,128,128.47,8678143,128.12,129.04,128,128.47,8678143,0,1
2016-08-17,128.17,128.99,127.46,128.5,12032227,128.17,128.99,127.46,128.5,12032227,0,1
2016-08-18,128.89,129.17,128.58,129.11,9500636,128.89,129.17,128.58,129.11,9500636,0,1
2016-08-19,128.08,128.67,127.855,127.97,10659284,128.08,128.67,127.855,127.97,10659284,0,1
2016-08-22,127.63,127.92,127.45,127.78,8627222,127.63,127.92,127.45,127.78,8627222,0,1
2016-08-23,128.14,128.22,127.61,127.76,9037232,128.14,128.22,127.61,127.76,9037232,0,1
2016-08-24,126.92,126.9663,126.295,126.34,13513647,126.92,126.9663,126.295,126.34,13513647,0,1
2016-08-25,125.98,126.31,125.96,126.23,5925129,125.98,126.31,125.96,126.23,5925129,0,1
2016-08-26,126.88,128.11,125.82,126.05,17965338,126.88,128.11,125.82,126.05,17965338,0,1
2016-08-29,126,126.48,125.93,126.3,5558266,126,126.48,125.93,126.3,5558266,0,1
2016-08-30,125.73,125.95,124.88,125.03,9875119,125.73,125.95,124.88,125.03,9875119,0,1
2016-08-31,124.73,125.11,124.64,124.78,13324105,124.73,125.11,124.64,124.78,13324105,0,1
2016-09-01,124.67,125.51,124.55,125.29,12877745,124.67,125.51,124.55,125.29,12877745,0,1
2016-09-02,126.29,126.57,125.58,126.57,11317872,126.29,126.57,125.58,126.57,11317872,0,1
2016-09-06,127.4,129.08,127.27,128.71,15114289,127.4,129.08,127.27,128.71,15114289,0,1
2016-09-07,128.79,128.86,128.12,128.27,8858247,128.79,128.86,128.12,128.27,8858247,0,1
2016-09-08,128.16,128.52,127.4,127.59,10561791,128.16,128.52,127.4,127.59,10561791,0,1
2016-09-09,127.24,127.51,126.7,126.75,12485597,127.24,127.51,126.7,126.75,12485597,0,1
2016-09-12,126.31,126.92,125.97,126.59,11140336,126.31,126.92,125.97,126.59,11140336,0,1
2016-09-13,126.47,126.6,125.53,125.75,8866372,126.47,126.6,125.53,125.75,8866372,0,1
2016-09-14,126.1,126.54,126.03,126.18,5820194,126.1,126.54,126.03,126.18,5820194,0,1
2016-09-15,125.73,126.1,124.91,125.37,12975525,125.73,126.1,124.91,125.37,12975525,0,1
2016-09-16,124.81,125.245,124.67,125.06,18984655,124.81,125.245,124.67,125.06,18984655,0,1
2016-09-19,125.61,125.62,125.25,125.32,4959433,125.61,125.62,125.25,125.32,4959433,0,1
2016-09-20,125.31,125.59,125.17,125.44,5670781,125.31,125.59,125.17,125.44,5670781,0,1
2016-09-21,126.33,127.42,125.96,127.27,13646448,126.33,127.42,125.96,127.27,13646448,0,1
2016-09-22,127.57,128.2,127.5,127.57,15187987,127.57,128.2,127.5,127.57,15187987,0,1
2016-09-23,127.6,127.86,127.43,127.65,7702291,127.6,127.86,127.43,127.65,7702291,0,1
2016-09-26,127.96,128.035,127.42,127.55,5839300,127.96,128.035,127.42,127.55,5839300,0,1
2016-09-27,126.86,126.9,126.341,126.62,6220662,126.86,126.9,126.341,126.62,6220662,0,1
2016-09-28,126.25,126.4,125.73,126.22,6752098,126.25,126.4,125.73,126.22,6752098,0,1
2016-09-29,125.84,126.34,125.54,126.07,7447897,125.84,126.34,125.54,126.07,7447897,0,1
2016-09-30,126.52,126.55,125.235,125.64,11203942,126.52,126.55,125.235,125.64,11203942,0,1
2016-10-03,125.32,125.46,124.9,125.32,9042605,125.32,125.46,124.9,125.32,9042605,0,1
2016-10-04,123.16,123.18,120.86,120.97,24372722,123.16,123.18,120.86,120.97,24372722,0,1
2016-10-05,121.33,121.59,120.4,120.78,14718120,121.33,121.59,120.4,120.78,14718120,0,1
2016-10-06,119.69,119.98,119.24,119.66,17907605,119.69,119.98,119.24,119.66,17907605,0,1
2016-10-07,120.49,120.58,118.42,119.74,17907070,120.49,120.58,118.42,119.74,17907070,0,1
2016-10-10,120.16,120.42,119.92,120.16,4514368,120.16,120.42,119.92,120.16,4514368,0,1
2016-10-11,119.92,120.16,119.53,119.55,6063305,119.92,120.16,119.53,119.55,6063305,0,1
2016-10-12,119.72,120.07,119.289,119.74,4848456,119.72,120.07,119.289,119.74,4848456,0,1
2016-10-13,120,120.42,119.8,120.03,7184647,120,120.42,119.8,120.03,7184647,0,1
2016-10-14,119.37,120.16,119.29,119.36,6574009,119.37,120.16,119.29,119.36,6574009,0,1
2016-10-17,119.7,119.92,119.58,119.68,4777878,119.7,119.92,119.58,119.68,4777878,0,1
2016-10-18,120.08,120.64,119.82,120.42,4919730,120.08,120.64,119.82,120.42,4919730,0,1
2016-10-19,121.13,121.4565,120.89,121.11,6019772,121.13,121.4565,120.89,121.11,6019772,0,1
2016-10-20,121.39,121.59,120.63,120.74,6495923,121.39,121.59,120.63,120.74,6495923,0,1
2016-10-21,120.9,120.925,120.55,120.83,6707158,120.9,120.925,120.55,120.83,6707158,0,1
2016-10-24,121.28,121.3,120.16,120.56,5475936,121.28,121.3,120.16,120.56,5475936,0,1
2016-10-25,120.89,121.76,120.855,121.47,6138642,120.89,121.76,120.855,121.47,6138642,0,1
2016-10-26,121.37,121.53,120.61,120.79,3905199,121.37,121.53,120.61,120.79,3905199,0,1
2016-10-27,121.11,121.18,120.75,121.01,4335994,121.11,121.18,120.75,121.01,4335994,0,1
2016-10-28,121.2,122.48,120.81,121.58,11639162,121.2,122.48,120.81,121.58,11639162,0,1
2016-10-31,121.51,122,121.23,121.94,7719455,121.51,122,121.23,121.94,7719455,0,1
2016-11-01,122.8,123.21,122.57,122.73,13382157,122.8,123.21,122.57,122.73,13382157,0,1
2016-11-02,123.76,124.76,123.56,123.64,15689748,123.76,124.76,123.56,123.64,15689748,0,1
2016-11-03,123.36,124.33,123.35,124.3,10092247,123.36,124.33,123.35,124.3,10092247,0,1
2016-11-04,124.4,124.54,124.04,124.39,8594506,124.4,124.54,124.04,124.39,8594506,0,1
2016-11-07,122.66,122.71,121.88,122.15,10014986,122.66,122.71,121.88,122.15,10014986,0,1
2016-11-08,122.12,123.09,121.36,121.64,9462119,122.12,123.09,121.36,121.64,9462119,0,1
2016-11-09,124.3,124.35,121.105,121.56,18233135,124.3,124.35,121.105,121.56,18233135,0,1
2016-11-10,121.52,121.54,119.38,119.75,22263916,121.52,121.54,119.38,119.75,22263916,0,1
2016-11-11,119.65,119.69,116.23,117.1,20381828,119.65,119.69,116.23,117.1,20381828,0,1
2016-11-14,116.12,117.14,115.49,116.11,20707043,116.12,117.14,115.49,116.11,20707043,0,1
2016-11-15,116.46,117.24,116.29,117.12,9347567,116.46,117.24,116.29,117.12,9347567,0,1
2016-11-16,117.27,117.27,116.58,116.77,5479195,117.27,117.27,116.58,116.77,5479195,0,1
2016-11-17,116.91,117.22,115.44,116.17,10340274,116.91,117.22,115.44,116.17,10340274,0,1
2016-11-18,115.52,115.77,114.96,115.15,10444285,115.52,115.77,114.96,115.15,10444285,0,1
2016-11-21,115.72,115.94,115.29,115.58,6654155,115.72,115.94,115.29,115.58,6654155,0,1
2016-11-22,115.72,115.79,114.98,115.54,6391180,115.72,115.79,114.98,115.54,6391180,0,1
2016-11-23,113.87,113.88,112.65,113.25,20973016,113.87,113.88,112.65,113.25,20973016,0,1
2016-11-25,113.42,113.51,112.35,112.61,5345889,113.42,113.51,112.35,112.61,5345889,0,1
2016-11-28,113.23,113.84,112.77,113.8,5655402,113.23,113.84,112.77,113.8,5655402,0,1
2016-11-29,112.76,113.48,112.6901,113.27,7431852,112.76,113.48,112.6901,113.27,7431852,0,1
2016-11-30,112.69,112.79,111.5,111.75,10920700,112.69,112.79,111.5,111.75,10920700,0,1
2016-12-01,111.11,111.99,110.63,111.54,10235420,111.11,111.99,110.63,111.54,10235420,0,1
2016-12-02,111.89,112.32,111.78,112.14,7414341,111.89,112.32,111.78,112.14,7414341,0,1
2016-12-05,111.15,112.11,110.31,111.54,10187891,111.15,112.11,110.31,111.54,10187891,0,1
2016-12-06,111.69,112.03,111.19,111.43,5533595,111.69,112.03,111.19,111.43,5533595,0,1
2016-12-07,112.13,112.5,111.77,111.83,4901840,112.13,112.5,111.77,111.83,4901840,0,1
2016-12-08,111.72,111.8711,111.46,111.57,5976631,111.72,111.8711,111.46,111.57,5976631,0,1
2016-12-09,111.18,111.25,110.19,110.4,10507697,111.18,111.25,110.19,110.4,10507697,0,1
2016-12-12,110.59,111.11,110.2659,110.82,6156469,110.59,111.11,110.2659,110.82,6156469,0,1
2016-12-13,110.57,110.79,110.06,110.45,7961600,110.57,110.79,110.06,110.45,7961600,0,1
2016-12-14,110.95,110.98,108.52,108.83,12915778,110.95,110.98,108.52,108.83,12915778,0,1
2016-12-15,107.85,107.99,107,107.34,14427539,107.85,107.99,107,107.34,14427539,0,1
2016-12-16,107.95,108.78,107.475,108.05,10602482,107.95,108.78,107.475,108.05,10602482,0,1
2016-12-19,108.6,108.88,108.34,108.59,5337681,108.6,108.88,108.34,108.59,5337681,0,1
2016-12-20,107.47,107.997,107.2942,107.79,7321100,107.47,107.997,107.2942,107.79,7321100,0,1
2016-12-21,108.25,108.3125,107.68,107.85,5187557,108.25,108.3125,107.68,107.85,5187557,0,1
2016-12-22,107.68,108.1,107.49,107.59,4942759,107.68,108.1,107.49,107.59,4942759,0,1
2016-12-23,107.84,108.25,107.8,107.93,5012192,107.84,108.25,107.8,107.93,5012192,0,1
2016-12-27,108.61,108.67,108.24,108.56,3685114,108.61,108.67,108.24,108.56,3685114,0,1
2016-12-28,108.4,108.91,108.29,108.86,5088726,108.4,108.91,108.29,108.86,5088726,0,1
2016-12-29,109.23,110.53,109.16,110.29,7563896,109.23,110.53,109.16,110.29,7563896,0,1
2016-12-30,110.38,110.62,109.53,109.61,8857555,110.38,110.62,109.53,109.61,8857555,0,1
2017-01-03,109.62,111,109.37,110.47,7527353,109.62,111,109.37,110.47,7527353,0,1
2017-01-04,111.06,111.22,110.61,110.86,4882993,111.06,111.22,110.61,110.86,4882993,0,1
2017-01-05,112.16,112.94,112.07,112.58,9605760,112.16,112.94,112.07,112.58,9605760,0,1
2017-01-06,111.81,112.38,111.57,111.75,7686070,111.81,112.38,111.57,111.75,7686070,0,1
2017-01-09,112.39,113.0399,112.18,112.67,5673986,112.39,113.0399,112.18,112.67,5673986,0,1
2017-01-10,112.94,113.45,112.635,113.15,6093404,112.94,113.45,112.635,113.15,6093404,0,1
2017-01-11,112.87,114.19,112.17,113.5,9918689,112.87,114.19,112.17,113.5,9918689,0,1
2017-01-12,114.52,114.93,113.805,113.91,8456127,114.52,114.93,113.805,113.91,8456127,0,1
2017-01-13,113.65,114.31,113.19,114.21,7259914,113.65,114.31,113.19,114.21,7259914,0,1
2017-01-17,115.89,115.96,115.495,115.85,9142370,115.89,115.96,115.495,115.85,9142370,0,1
2017-01-18,115.74,115.92,114.56,114.87,6493616,115.74,115.92,114.56,114.87,6493616,0,1
2017-01-19,114.32,114.96,113.935,114.77,6437008,114.32,114.96,113.935,114.77,6437008,0,1
2017-01-20,114.65,115.76,114.32,115.05,12261059,114.65,115.76,114.32,115.05,12261059,0,1
2017-01-23,115.51,116.17,115.2,115.79,6370742,115.51,116.17,115.2,115.79,6370742,0,1
2017-01-24,115.69,116.02,114.94,115.27,5798840,115.69,116.02,114.94,115.27,5798840,0,1
2017-01-25,114.14,114.44,113.68,114.32,6697523,114.14,114.44,113.68,114.32,6697523,0,1
2017-01-26,113.24,113.505,112.83,113.26,5389663,113.24,113.505,112.83,113.26,5389663,0,1
2017-01-27,112.93,113.545,112.81,113.49,6706135,112.93,113.545,112.81,113.49,6706135,0,1
2017-01-30,113.61,114.3,113.535,113.97,7687422,113.61,114.3,113.535,113.97,7687422,0,1
2017-01-31,115.27,115.8173,115.18,115.55,10408331,115.27,115.8173,115.18,115.55,10408331,0,1
2017-02-01,114.66,115.45,114.14,115.2,6931619,114.66,115.45,114.14,115.2,6931619,0,1
2017-02-02,116.26,116.57,115.625,115.84,7189461,116.26,116.57,115.625,115.84,7189461,0,1
2017-02-03,115.73,116.365,115.71,116.13,9455417,115.73,116.365,115.71,116.13,9455417,0,1
2017-02-06,117.07,117.74,116.74,117.7,8537775,117.07,117.74,116.74,117.7,8537775,0,1
2017-02-07,117.31,117.74,117.2,117.46,8616794,117.31,117.74,117.2,117.46,8616794,0,1
2017-02-08,118.09,118.59,117.81,118.19,9631001,118.09,118.59,117.81,118.19,9631001,0,1
2017-02-09,118.32,118.58,117.2,117.29,8177210,118.32,118.58,117.2,117.29,8177210,0,1
2017-02-10,116.68,117.86,116.67,117.6,9072146,116.68,117.86,116.67,117.6,9072146,0,1
2017-02-13,116.73,116.95,116.15,116.8,7354924,116.73,116.95,116.15,116.8,7354924,0,1
2017-02-14,117.51,117.56,116.38,116.93,6925842,117.51,117.56,116.38,116.93,6925842,0,1
2017-02-15,116.33,117.48,116.2466,117.45,7088419,116.33,117.48,116.2466,117.45,7088419,0,1
2017-02-16,117.93,118.35,117.83,118.08,6378650,117.93,118.35,117.83,118.08,6378650,0,1
2017-02-17,118.19,118.4,117.6201,117.68,7337206,118.19,118.4,117.6201,117.68,7337206,0,1
2017-02-21,117.04,118,116.77,117.75,6165337,117.04,118,116.77,117.75,6165337,0,1
2017-02-22,117.86,118.02,117.24,117.91,6057179,117.86,118.02,117.24,117.91,6057179,0,1
2017-02-23,118.76,119.155,118.675,118.94,7523304,118.76,119.155,118.675,118.94,7523304,0,1
2017-02-24,119.74,119.88,119.25,119.7,9808022,119.74,119.88,119.25,119.7,9808022,0,1
2017-02-27,119.73,120.4,119.12,119.12,9257571,119.73,120.4,119.12,119.12,9257571,0,1
2017-02-28,119.71,119.84,118.82,119.23,8697047,119.71,119.84,118.82,119.23,8697047,0,1
2017-03-01,117.98,119.12,117.95,119.06,8679637,117.98,119.12,117.95,119.06,8679637,0,1
2017-03-02,117.76,118.34,117.225,117.58,10983192,117.76,118.34,117.225,117.58,10983192,0,1
2017-03-03,116.95,117.73,116.44,117.51,10665818,116.95,117.73,116.44,117.51,10665818,0,1
2017-03-06,117.35,117.35,116.63,116.72,4883547,117.35,117.35,116.63,116.72,4883547,0,1
2017-03-07,116.13,116.25,115.615,115.78,6845757,116.13,116.25,115.615,115.78,6845757,0,1
2017-03-08,114.99,115.36,114.945,115.06,7620924,114.99,115.36,114.945,115.06,7620924,0,1
2017-03-09,114.78,115.025,114.405,114.47,6410916,114.78,115.025,114.405,114.47,6410916,0,1
2017-03-10,114.45,114.73,114.13,114.72,7929035,114.45,114.73,114.13,114.72,7929035,0,1
2017-03-13,114.63,114.91,114.505,114.74,5807391,114.63,114.91,114.505,114.74,5807391,0,1
2017-03-14,114.54,115.01,114.025,114.12,5301810,114.54,115.01,114.025,114.12,5301810,0,1
2017-03-15,114.29,116.25,114.02,116.25,13524082,114.29,116.25,114.02,116.25,13524082,0,1
2017-03-16,117.27,117.29,116.69,116.73,9322018,117.27,117.29,116.69,116.73,9322018,0,1
2017-03-17,117.04,117.27,116.91,116.99,4683039,117.04,117.27,116.91,116.99,4683039,0,1
2017-03-20,117.31,117.595,117.205,117.5645,4000202,117.31,117.595,117.205,117.5645,4000202,0,1
2017-03-21,117.77,118.8,117.76,118.54,9567932,117.77,118.8,117.76,118.54,9567932,0,1
2017-03-22,118.87,119.15,118.68,118.83,7287350,118.87,119.15,118.68,118.83,7287350,0,1
2017-03-23,119.15,119.25,118.32,118.67,6201129,119.15,119.25,118.32,118.67,6201129,0,1
2017-03-24,118.5,119.21,118.39,118.86,6879134,118.5,119.21,118.39,118.86,6879134,0,1
2017-03-27,119.93,120.08,119.27,119.53,8519573,119.93,120.08,119.27,119.53,8519573,0,1
2017-03-28,119.74,119.83,118.78,119.04,7112103,119.74,119.83,118.78,119.04,7112103,0,1
2017-03-29,119.22,119.45,119.047,119.33,4911042,119.22,119.45,119.047,119.33,4911042,0,1
2017-03-30,118.77,119.12,118.32,118.47,6894572,118.77,119.12,118.32,118.47,6894572,0,1
2017-03-31,118.61,119.08,118.46,118.72,8520847,118.61,119.08,118.46,118.72,8520847,0,1
2017-04-03,118.69,119.37,118.67,119.35,6094054,118.69,119.37,118.67,119.35,6094054,0,1
2017-04-04,119.59,119.77,119.38,119.62,4686906,119.59,119.77,119.38,119.62,4686906,0,1
2017-04-05,118.62,119.63,118.4,119.62,8105952,118.62,119.63,118.4,119.62,8105952,0,1
2017-04-06,119.22,119.42,118.975,119.18,4633470,119.22,119.42,118.975,119.18,4633470,0,1
2017-04-07,120.3,120.67,119.14,119.46,12350093,120.3,120.67,119.14,119.46,12350093,0,1
2017-04-10,119.04,119.69,118.85,119.46,4623673,119.04,119.69,118.85,119.46,4623673,0,1
2017-04-11,120.33,121.4,120.29,121.19,12451756,120.33,121.4,120.29,121.19,12451756,0,1
2017-04-12,121.38,122.22,121.14,122.02,9502540,121.38,122.22,121.14,122.02,9502540,0,1
2017-04-13,122.54,122.65,122.03,122.6,9892641,122.54,122.65,122.03,122.6,9892641,0,1
2017-04-17,122.55,123.07,121.99,122.24,8469580,122.55,123.07,121.99,122.24,8469580,0,1
2017-04-18,122.43,123.0292,121.73,122.82,10903701,122.43,123.0292,121.73,122.82,10903701,0,1
2017-04-19,122.25,122.26,121.28,121.73,8472702,122.25,122.26,121.28,121.73,8472702,0,1
2017-04-20,121.82,122.17,121.5,121.96,11785334,121.82,122.17,121.5,121.96,11785334,0,1
2017-04-21,122.14,122.61,121.73,122.31,15608031,122.14,122.61,121.73,122.31,15608031,0,1
2017-04-24,120.77,121.51,120.6601,121.48,11053559,120.77,121.51,120.6601,121.48,11053559,0,1
2017-04-25,120.53,120.87,120.05,120.25,10344784,120.53,120.87,120.05,120.25,10344784,0,1
2017-04-26,120.21,120.96,119.87,120.84,9758844,120.21,120.96,119.87,120.84,9758844,0,1
2017-04-27,120.42,120.5975,119.97,120.39,8266954,120.42,120.5975,119.97,120.39,8266954,0,1
2017-04-28,120.34,120.77,120.27,120.77,9134246,120.34,120.77,120.27,120.77,9134246,0,1
2017-05-01,120.21,120.75,119.35,119.67,9331809,120.21,120.75,119.35,119.67,9331809,0,1
2017-05-02,119.3,119.65,119.24,119.65,4900784,119.3,119.65,119.24,119.65,4900784,0,1
2017-05-03,119.18,119.34,117.92,117.98,10808731,119.18,119.34,117.92,117.98,10808731,0,1
2017-05-04,116.81,117.28,116.63,116.79,12405323,116.81,117.28,116.63,116.79,12405323,0,1
2017-05-05,116.86,117.07,116.68,117.01,7127199,116.86,117.07,116.68,117.01,7127199,0,1
2017-05-08,117.03,117.14,116.68,116.75,5438375,117.03,117.14,116.68,116.75,5438375,0,1
2017-05-09,116.18,116.24,115.56,116.05,6801280,116.18,116.24,115.56,116.05,6801280,0,1
2017-05-10,116.42,116.4999,115.86,116.04,4290459,116.42,116.4999,115.86,116.04,4290459,0,1
2017-05-11,116.21,116.845,116.185,116.5,6274368,116.21,116.845,116.185,116.5,6274368,0,1
2017-05-12,117.07,117.16,116.73,116.83,5434477,117.07,117.16,116.73,116.83,5434477,0,1
2017-05-15,117.52,117.54,116.99,117.14,5019489,117.52,117.54,116.99,117.14,5019489,0,1
2017-05-16,117.45,117.91,117.4,117.65,4942822,117.45,117.91,117.4,117.65,4942822,0,1
2017-05-17,119.36,120.02,119.27,119.79,13936876,119.36,120.02,119.27,119.79,13936876,0,1
2017-05-18,119.77,119.84,118.56,118.81,10341141,119.77,119.84,118.56,118.81,10341141,0,1
2017-05-19,119.39,119.545,118.88,119.4,6787254,119.39,119.545,118.88,119.4,6787254,0,1
2017-05-22,119.63,120.14,119.58,119.9,5120736,119.63,120.14,119.58,119.9,5120736,0,1
2017-05-23,120.13,120.19,118.9841,119.14,8305434,120.13,120.19,118.9841,119.14,8305434,0,1
2017-05-24,119.07,119.7425,118.915,119.61,7064211,119.07,119.7425,118.915,119.61,7064211,0,1
2017-05-25,119.52,119.695,119.29,119.48,4098779,119.52,119.695,119.29,119.48,4098779,0,1
2017-05-26,120.49,120.79,120.33,120.54,6791648,120.49,120.79,120.33,120.54,6791648,0,1
2017-05-30,120.24,120.33,119.95,120.14,4507493,120.24,120.33,119.95,120.14,4507493,0,1
2017-05-31,120.31,121.23,120.26,120.62,10360724,120.31,121.23,120.26,120.62,10360724,0,1
2017-06-01,120.17,120.74,120.06,120.72,8699978,120.17,120.74,120.06,120.72,8699978,0,1
2017-06-02,121.31,121.71,121.19,121.61,7267739,121.31,121.71,121.19,121.61,7267739,0,1
2017-06-05,121.91,121.94,121.58,121.73,3979162,121.91,121.94,121.58,121.73,3979162,0,1
2017-06-06,123.09,123.31,122.77,123.1,10798527,123.09,123.31,122.77,123.1,10798527,0,1
2017-06-07,122.79,123.16,122.015,122.45,9037348,122.79,123.16,122.015,122.45,9037348,0,1
2017-06-08,122.07,122.08,120.95,121.65,8169807,122.07,122.08,120.95,121.65,8169807,0,1
2017-06-09,120.46,120.91,120.4,120.54,7054664,120.46,120.91,120.4,120.54,7054664,0,1
2017-06-12,120.33,120.685,120.265,120.36,4927275,120.33,120.685,120.265,120.36,4927275,0,1
2017-06-13,119.95,120.71,119.92,120.48,3786628,119.95,120.71,119.92,120.48,3786628,0,1
2017-06-14,121.51,121.88,119.57,119.82,21122951,121.51,121.88,119.57,119.82,21122951,0,1
2017-06-15,119.22,119.5,119.1275,119.32,6796668,119.22,119.5,119.1275,119.32,6796668,0,1
2017-06-16,119.35,119.5,119.24,119.34,6435674,119.35,119.5,119.24,119.34,6435674,0,1
2017-06-19,118.74,118.84,118.33,118.43,6786878,118.74,118.84,118.33,118.43,6786878,0,1
2017-06-20,118.42,118.46,118.07,118.18,4617387,118.42,118.46,118.07,118.18,4617387,0,1
2017-06-21,118.15,118.66,118.15,118.52,4723749,118.15,118.66,118.15,118.52,4723749,0,1
2017-06-22,119.13,119.1978,118.6,118.92,5808487,119.13,119.1978,118.6,118.92,5808487,0,1
2017-06-23,119.65,119.66,119.31,119.43,9099974,119.65,119.66,119.31,119.43,9099974,0,1
2017-06-26,118.29,118.535,118.17,118.36,6284759,118.29,118.535,118.17,118.36,6284759,0,1
2017-06-27,118.87,119.05,118.481,118.81,5477327,118.87,119.05,118.481,118.81,5477327,0,1
2017-06-28,119.06,119.06,118.685,118.9,4219220,119.06,119.06,118.685,118.9,4219220,0,1
2017-06-29,117.97,118.64,117.91,118.32,7705165,117.97,118.64,117.91,118.32,7705165,0,1
2017-06-30,118.08,118.41,117.95,118.02,7272112,118.08,118.41,117.95,118.02,7272112,0,1
2017-07-03,116.54,116.85,115.94,116.09,12144249,116.54,116.85,115.94,116.09,12144249,0,1
2017-07-05,115.91,116.67,115.87,116.52,7223256,115.91,116.67,115.87,116.52,7223256,0,1
2017-07-06,116.58,116.61,116.24,116.47,4414897,116.58,116.61,116.24,116.47,4414897,0,1
2017-07-07,115.78,115.79,114.8,115.28,11099595,115.78,115.79,114.8,115.28,11099595,0,1
2017-07-10,115.02,115.57,114.83,115.47,4847814,115.02,115.57,114.83,115.47,4847814,0,1
2017-07-11,115.26,115.77,114.88,115.62,6621874,115.26,115.77,114.88,115.62,6621874,0,1
2017-07-12,116.21,116.33,115.87,116.03,4551435,116.21,116.33,115.87,116.03,4551435,0,1
2017-07-13,116.04,116.04,115.67,115.82,4148935,116.04,116.04,115.67,115.82,4148935,0,1
2017-07-14,117.04,117.25,116.64,116.77,5444797,117.04,117.25,116.64,116.77,5444797,0,1
2017-07-17,117.42,117.53,117.23,117.29,5170849,117.42,117.53,117.23,117.29,5170849,0,1
2017-07-18,117.99,118.33,117.88,118.11,7158573,117.99,118.33,117.88,118.11,7158573,0,1
2017-07-19,118.18,118.27,117.8363,118.08,3205142,118.18,118.27,117.8363,118.08,3205142,0,1
2017-07-20,117.92,118.62,117.66,118.24,5571238,117.92,118.62,117.66,118.24,5571238,0,1
2017-07-21,119,119.39,118.751,119.26,10135919,119,119.39,118.751,119.26,10135919,0,1
2017-07-24,119.52,119.5762,119.18,119.31,3630139,119.52,119.5762,119.18,119.31,3630139,0,1
2017-07-25,118.99,119.32,118.79,118.92,6202988,118.99,119.32,118.79,118.92,6202988,0,1
2017-07-26,118.57,120.15,118.55,119.88,8527944,118.57,120.15,118.55,119.88,8527944,0,1
2017-07-27,120.1,120.14,119.28,119.79,6359189,120.1,120.14,119.28,119.79,6359189,0,1
2017-07-28,120.15,120.8558,120.14,120.69,7393606,120.15,120.8558,120.14,120.69,7393606,0,1
2017-07-31,120.5,120.81,120.45,120.75,3944561,120.5,120.81,120.45,120.75,3944561,0,1
2017-08-01,120.44,121.14,120.44,120.65,7365056,120.44,121.14,120.44,120.65,7365056,0,1
2017-08-02,120.51,121.02,120.34,120.4,5945279,120.51,121.02,120.34,120.4,5945279,0,1
2017-08-03,120.31,120.83,120.31,120.59,4272172,120.31,120.83,120.31,120.59,4272172,0,1
2017-08-04,119.97,120.039,119.2201,119.65,8644781,119.97,120.039,119.2201,119.65,8644781,0,1
2017-08-07,119.43,119.79,119.43,119.51,3010138,119.43,119.79,119.43,119.51,3010138,0,1
2017-08-08,120.02,120.12,118.97,119.86,7227220,120.02,120.12,118.97,119.86,7227220,0,1
2017-08-09,121.02,121.55,120.76,121.31,9183024,121.02,121.55,120.76,121.31,9183024,0,1
2017-08-10,122.08,122.44,122.03,122.21,9799808,122.08,122.44,122.03,122.21,9799808,0,1
2017-08-11,122.24,122.83,122.03,122.79,7890091,122.24,122.83,122.03,122.79,7890091,0,1
2017-08-14,121.98,122.24,121.6845,121.92,6035297,121.98,122.24,121.6845,121.92,6035297,0,1
2017-08-15,120.6,121.2299,120.5828,120.98,6731340,120.6,121.2299,120.5828,120.98,6731340,0,1
2017-08-16,120.66,122.06,120.66,121.87,8262911,120.66,122.06,120.66,121.87,8262911,0,1
2017-08-17,122.29,122.6099,121.76,122.49,8183805,122.29,122.6099,121.76,122.49,8183805,0,1
2017-08-18,123.37,123.54,122,122.3,13654124,123.37,123.54,122,122.3,13654124,0,1
2017-08-21,122.54,122.981,122.5,122.76,5549391,122.54,122.981,122.5,122.76,5549391,0,1
2017-08-22,122.56,122.56,121.85,122.21,6492604,122.56,122.56,121.85,122.21,6492604,0,1
2017-08-23,122.58,122.69,122.31,122.67,5038391,122.58,122.69,122.31,122.67,5038391,0,1
2017-08-24,122.39,122.64,122.13,122.29,4193071,122.39,122.64,122.13,122.29,4193071,0,1
2017-08-25,122.77,123.02,121.29,122.74,12398247,122.77,123.02,121.29,122.74,12398247,0,1
2017-08-28,123.33,124.73,123.33,124.69,11560718,123.33,124.73,123.33,124.69,11560718,0,1
2017-08-29,125.81,125.87,124.0545,124.42,9854296,125.81,125.87,124.0545,124.42,9854296,0,1
2017-08-30,124.33,124.62,124.16,124.36,6328422,124.33,124.62,124.16,124.36,6328422,0,1
2017-08-31,124.58,125.84,124.55,125.82,11775530,124.58,125.84,124.55,125.82,11775530,0,1
2017-09-01,126.01,126.17,125.12,126.06,11567404,126.01,126.17,125.12,126.06,11567404,0,1
2017-09-05,126.65,127.78,126.57,127.46,11703242,126.65,127.78,126.57,127.46,11703242,0,1
2017-09-06,127.34,127.44,126.55,126.81,10059273,127.34,127.44,126.55,126.81,10059273,0,1
2017-09-07,127.56,128.32,127.39,128.13,10217402,127.56,128.32,127.39,128.13,10217402,0,1
2017-09-08,128.21,128.3,127.59,127.97,8903683,128.21,128.3,127.59,127.97,8903683,0,1
2017-09-11,126.74,126.94,126.05,126.19,8737510,126.74,126.94,126.05,126.19,8737510,0,1
2017-09-12,126.03,126.59,125.94,126.56,8348676,126.03,126.59,125.94,126.56,8348676,0,1
2017-09-13,126.4,126.45,125.5,125.61,8490963,126.4,126.45,125.5,125.61,8490963,0,1
2017-09-14,125.66,126.44,125.62,126.16,5318038,125.66,126.44,125.62,126.16,5318038,0,1
2017-09-15,125.99,125.99,125.41,125.53,7124727,125.99,125.99,125.41,125.53,7124727,0,1
2017-09-18,124.71,124.76,123.965,124.36,8859807,124.71,124.76,123.965,124.36,8859807,0,1
2017-09-19,124.49,124.65,124.03,124.62,5824258,124.49,124.65,124.03,124.62,5824258,0,1
2017-09-20,124.68,125.0599,123.15,123.62,11415229,124.68,125.0599,123.15,123.62,11415229,0,1
2017-09-21,122.56,123.07,122.49,122.68,7755572,122.56,123.07,122.49,122.68,7755572,0,1
2017-09-22,123.03,123.39,122.9348,123.24,6011740,123.03,123.39,122.9348,123.24,6011740,0,1
2017-09-25,122.78,124.66,122.71,124.53,10255569,122.78,124.66,122.71,124.53,10255569,0,1
2017-09-26,123.57,123.81,122.9,123.14,8671795,123.57,123.81,122.9,123.14,8671795,0,1
2017-09-27,122.04,122.51,121.88,121.98,6903714,122.04,122.51,121.88,121.98,6903714,0,1
2017-09-28,122.04,122.475,121.83,122.21,5968213,122.04,122.475,121.83,122.21,5968213,0,1
2017-09-29,122.29,122.3,121.55,121.58,10207343,122.29,122.3,121.55,121.58,10207343,0,1
2017-10-02,121.17,121.34,120.74,120.77,11755378,121.17,121.34,120.74,120.77,11755378,0,1
2017-10-03,120.72,121.1,120.7041,120.83,3722557,120.72,121.1,120.7041,120.83,3722557,0,1
2017-10-04,121.21,121.27,120.7101,121.17,6465844,121.21,121.27,120.7101,121.17,6465844,0,1
2017-10-05,121.15,121.24,120.395,120.52,6205423,121.15,121.24,120.395,120.52,6205423,0,1
2017-10-06,120.26,121.21,119.7835,121.09,10013282,120.26,121.21,119.7835,121.09,10013282,0,1
2017-10-09,121.64,122.11,121.551,122.08,5263706,121.64,122.11,121.551,122.08,5263706,0,1
2017-10-10,122.62,122.97,122.36,122.4,9315475,122.62,122.97,122.36,122.4,9315475,0,1
2017-10-11,122.57,122.88,122.03,122.79,5647326,122.57,122.88,122.03,122.79,5647326,0,1
2017-10-12,122.84,123.035,122.5,122.89,3037576,122.84,123.035,122.5,122.89,3037576,0,1
2017-10-13,123.66,123.86,123.34,123.82,6820055,123.66,123.86,123.34,123.82,6820055,0,1
2017-10-16,123.82,123.97,122.57,122.97,8201979,123.82,123.97,122.57,122.97,8201979,0,1
2017-10-17,122.03,122.32,121.73,122.13,7041240,122.03,122.32,121.73,122.13,7041240,0,1
2017-10-18,121.71,121.94,121.55,121.67,3666407,121.71,121.94,121.55,121.67,3666407,0,1
2017-10-19,122.2,122.55,122.111,122.39,5564004,122.2,122.55,122.111,122.39,5564004,0,1
2017-10-20,121.68,121.98,121.39,121.61,8481102,121.68,121.98,121.39,121.61,8481102,0,1
2017-10-23,120.98,121.9,120.96,121.8,5069100,120.98,121.9,120.96,121.8,5069100,0,1
2017-10-24,121.26,121.71,120.98,121.33,5114077,121.26,121.71,120.98,121.33,5114077,0,1
2017-10-25,121.31,121.5899,120.84,121.35,4282369,121.31,121.5899,120.84,121.35,4282369,0,1
2017-10-26,121.16,121.16,120.22,120.33,6438256,121.16,121.16,120.22,120.33,6438256,0,1
2017-10-27,120.38,120.99,120.21,120.9,6664180,120.38,120.99,120.21,120.9,6664180,0,1
2017-10-30,120.93,121.47,120.8,121.13,5117133,120.93,121.47,120.8,121.13,5117133,0,1
2017-10-31,120.82,120.84,120.38,120.67,3910495,120.82,120.84,120.38,120.67,3910495,0,1
2017-11-01,120.98,121.55,120.835,121.11,4647787,120.98,121.55,120.835,121.11,4647787,0,1
2017-11-02,121.29,121.96,121.05,121.19,5368199,121.29,121.96,121.05,121.19,5368199,0,1
2017-11-03,121.36,121.43,120.1844,120.62,6329542,121.36,121.43,120.1844,120.62,6329542,0,1
2017-11-06,120.72,121.85,120.68,121.65,6953412,120.72,121.85,120.68,121.65,6953412,0,1
2017-11-07,121.51,121.56,120.78,121.21,4165933,121.51,121.56,120.78,121.21,4165933,0,1
2017-11-08,121.95,122.25,121.59,121.63,5554510,121.95,122.25,121.59,121.63,5554510,0,1
2017-11-09,121.85,122.41,121.73,122.13,6072394,121.85,122.41,121.73,122.13,6072394,0,1
2017-11-10,121.99,122.11,120.935,121.13,7116200,121.99,122.11,120.935,121.13,7116200,0,1
2017-11-13,121.43,121.55,121.27,121.31,6249206,121.43,121.55,121.27,121.31,6249206,0,1
2017-11-14,120.9,121.91,120.77,121.56,6188992,120.9,121.91,120.77,121.56,6188992,0,1
2017-11-15,122.13,122.36,121.25,121.41,4984812,122.13,122.36,121.25,121.41,4984812,0,1
2017-11-16,121.45,121.71,121.29,121.4,2796045,121.45,121.71,121.29,121.4,2796045,0,1
2017-11-17,122.15,123.17,121.95,122.86,10613583,122.15,123.17,121.95,122.86,10613583,0,1
2017-11-20,122.3,122.41,121.04,121.31,8356673,122.3,122.41,121.04,121.31,8356673,0,1
2017-11-21,121.67,122,121.5,121.51,4954856,121.67,122,121.5,121.51,4954856,0,1
2017-11-22,122.26,122.95,122.17,122.63,5211804,122.26,122.95,122.17,122.63,5211804,0,1
2017-11-24,122.36,122.61,122.22,122.32,1779705,122.36,122.61,122.22,122.32,1779705,0,1
2017-11-27,123.26,123.33,122.67,122.83,4957683,123.26,123.33,122.67,122.83,4957683,0,1
2017-11-28,123.05,123.17,122.53,122.81,5442895,123.05,123.17,122.53,122.81,5442895,0,1
2017-11-29,122.24,122.33,121.74,122.04,6138941,122.24,122.33,121.74,122.04,6138941,0,1
2017-11-30,121.44,121.7,120.64,121.1,7936260,121.44,121.7,120.64,121.1,7936260,0,1
2017-12-01,120.94,122.43,120.74,121.59,13080101,120.94,122.43,120.74,121.59,13080101,0,1
2017-12-04,121.15,121.2,120.84,121.18,6943614,121.15,121.2,120.84,121.18,6943614,0,1
2017-12-05,120.44,120.505,119.72,120.32,10040681,120.44,120.505,119.72,120.32,10040681,0,1
2017-12-06,120.03,120.44,119.87,120.07,6640764,120.03,120.44,119.87,120.07,6640764,0,1
2017-12-07,119.01,119.24,118.1,118.49,12899373,119.01,119.24,118.1,118.49,12899373,0,1
2017-12-08,118.49,118.92,118.33,118.48,5231287,118.49,118.92,118.33,118.48,5231287,0,1
2017-12-11,118.37,118.54,117.8,118.01,4522244,118.37,118.54,117.8,118.01,4522244,0,1
2017-12-12,117.65,118.17,117.4,118.15,8020109,117.65,118.17,117.4,118.15,8020109,0,1
2017-12-13,118.19,119.35,118.01,119.17,10086657,118.19,119.35,118.01,119.17,10086657,0,1
2017-12-14,119.1,119.29,118.71,118.93,6993592,119.1,119.29,118.71,118.93,6993592,0,1
2017-12-15,119.41,119.5,118.97,119.18,7531964,119.41,119.5,118.97,119.18,7531964,0,1
2017-12-18,119.63,119.99,119.6,119.73,5452212,119.63,119.99,119.6,119.73,5452212,0,1
2017-12-19,119.67,119.9,119.53,119.82,4018885,119.67,119.9,119.53,119.82,4018885,0,1
2017-12-20,119.98,120.36,119.81,120.14,5734625,119.98,120.36,119.81,120.14,5734625,0,1
2017-12-21,120.07,120.45,120,120.31,4823709,120.07,120.45,120,120.31,4823709,0,1
2017-12-22,120.67,121.14,120.57,120.94,5791312,120.67,121.14,120.57,120.94,5791312,0,1
2017-12-26,121.55,121.87,121.51,121.77,8224411,121.55,121.87,121.51,121.77,8224411,0,1
2017-12-27,122,122.34,121.88,122.23,6232678,122,122.34,121.88,122.23,6232678,0,1
2017-12-28,122.82,122.92,122.56,122.85,5732725,122.82,122.92,122.56,122.85,5732725,0,1
2017-12-29,123.7,124.09,123.46,123.65,7852109,123.7,124.09,123.46,123.65,7852109,0,1
2018-01-02,124.66,125.18,124.39,125.15,11762515,124.66,125.18,124.39,125.15,11762515,0,1
2018-01-03,125.05,125.09,124.1,124.82,7904326,125.05,125.09,124.1,124.82,7904326,0,1
2018-01-04,124.89,125.85,124.74,125.46,7329718,124.89,125.85,124.74,125.46,7329718,0,1
2018-01-05,124.93,125.48,124.83,125.33,5739904,124.93,125.48,124.83,125.33,5739904,0,1
2018-01-08,125.2,125.32,124.9,125.31,3566707,125.2,125.32,124.9,125.31,3566707,0,1
2018-01-09,124.49,124.86,124.23,124.73,9153584,124.49,124.86,124.23,124.73,9153584,0,1
2018-01-10,125.17,125.31,124.72,125.03,14809303,125.17,125.31,124.72,125.03,14809303,0,1
2018-01-11,125.37,125.66,125.25,125.44,5994730,125.37,125.66,125.25,125.44,5994730,0,1
2018-01-12,126.01,127.13,125.81,126.96,9258570,126.01,127.13,125.81,126.96,9258570,0,1
2018-01-16,126.6,127.18,126.4,127.17,8083895,126.6,127.18,126.4,127.17,8083895,0,1
2018-01-17,126.77,127.22,125.9,126.14,10130509,126.77,127.22,125.9,126.14,10130509,0,1
2018-01-18,126.13,126.52,125.8,125.86,6289271,126.13,126.52,125.8,125.86,6289271,0,1
2018-01-19,126.57,126.73,126.41,126.42,8773753,126.57,126.73,126.41,126.42,8773753,0,1
2018-01-22,126.51,126.75,126.28,126.65,4893546,126.51,126.75,126.28,126.65,4893546,0,1
2018-01-23,126.53,127.35,126.34,127.28,6190410,126.53,127.35,126.34,127.28,6190410,0,1
2018-01-24,128.39,129.26,128.23,128.83,11827554,128.39,129.26,128.23,128.83,11827554,0,1
2018-01-25,128.69,129.51,127.36,127.97,15219664,128.69,129.51,127.36,127.97,15219664,0,1
2018-01-26,128.24,128.52,127.97,128.07,7828744,128.24,128.52,127.97,128.07,7828744,0,1
2018-01-29,127.58,127.63,126.92,127.35,6956392,127.58,127.63,126.92,127.35,6956392,0,1
2018-01-30,127.91,127.92,126.74,126.8,9736105,127.91,127.92,126.74,126.8,9736105,0,1
2018-01-31,127.45,127.85,126.4,127.65,13418904,127.45,127.85,126.4,127.65,13418904,0,1
2018-02-01,127.18,128.15,127.08,128.07,10854639,127.18,128.15,127.08,128.07,10854639,0,1
2018-02-02,126.81,126.85,125.96,126.39,16789214,126.81,126.85,125.96,126.39,16789214,0,1
2018-02-05,126.82,127.31,126.44,126.71,13596327,126.82,127.31,126.44,126.71,13596327,0,1
2018-02-06,126.54,126.55,125.22,125.38,17672450,126.54,126.55,125.22,125.38,17672450,0,1
2018-02-07,125.48,125.77,124.41,124.79,8558460,125.48,125.77,124.41,124.79,8558460,0,1
2018-02-08,124.92,125.44,124.51,124.98,7343637,124.92,125.44,124.51,124.98,7343637,0,1
2018-02-09,124.65,125.14,124.39,124.77,14140696,124.65,125.14,124.39,124.77,14140696,0,1
2018-02-12,125.19,125.82,125.11,125.37,6984852,125.19,125.82,125.11,125.37,6984852,0,1
2018-02-13,125.67,126.18,125.52,126.08,5321327,125.67,126.18,125.52,126.08,5321327,0,1
2018-02-14,126.47,128.59,126.29,128.23,16416413,126.47,128.59,126.29,128.23,16416413,0,1
2018-02-15,128.43,128.57,127.94,128.38,7276495,128.43,128.57,127.94,128.38,7276495,0,1
2018-02-16,128.3,128.7,127.57,127.96,7956921,128.3,128.7,127.57,127.96,7956921,0,1
2018-02-20,127.28,127.4,126.04,126.24,11148745,127.28,127.4,126.04,126.24,11148745,0,1
2018-02-21,126.36,126.76,125.44,125.66,7908753,126.36,126.76,125.44,125.66,7908753,0,1
2018-02-22,125.92,126.37,125.88,126.3,5346347,125.92,126.37,125.88,126.3,5346347,0,1
2018-02-23,126.06,126.3,125.85,126.14,4239709,126.06,126.3,125.85,126.14,4239709,0,1
2018-02-26,126.45,126.62,126.18,126.45,3194743,126.45,126.62,126.18,126.45,3194743,0,1
2018-02-27,126.06,126.15,124.59,125.13,7082301,126.06,126.15,124.59,125.13,7082301,0,1
2018-02-28,125.09,125.46,124.81,125,4534884,125.09,125.46,124.81,125,4534884,0,1
2018-03-01,124.15,125.31,123.58,124.72,12910071,124.15,125.31,123.58,124.72,12910071,0,1
2018-03-02,125.67,125.69,124.97,125.39,9994341,125.67,125.69,124.97,125.39,9994341,0,1
2018-03-05,125.35,125.48,124.96,125.18,5778343,125.35,125.48,124.96,125.18,5778343,0,1
2018-03-06,126.2,126.96,126.13,126.53,8676781,126.2,126.96,126.13,126.53,8676781,0,1
2018-03-07,126.22,126.29,125.42,125.72,5158674,126.22,126.29,125.42,125.72,5158674,0,1
2018-03-08,125.69,125.7,125.13,125.42,3474944,125.69,125.7,125.13,125.42,3474944,0,1
2018-03-09,124.94,125.69,124.78,125.54,5066833,124.94,125.69,124.78,125.54,5066833,0,1
2018-03-12,125.04,125.57,124.84,125.54,2884269,125.04,125.57,124.84,125.54,2884269,0,1
2018-03-13,125.67,125.99,125.05,125.78,4798303,125.67,125.99,125.05,125.78,4798303,0,1
2018-03-14,125.49,125.76,125.34,125.7,3777021,125.49,125.76,125.34,125.7,3777021,0,1
2018-03-15,125.12,125.21,124.72,124.9,6130124,125.12,125.21,124.72,124.9,6130124,0,1
2018-03-16,124.84,124.87,124.21,124.6,7402188,124.84,124.87,124.21,124.6,7402188,0,1
2018-03-19,124.57,125.16,124.42,124.87,4335420,124.57,125.16,124.42,124.87,4335420,0,1
2018-03-20,124.41,124.55,123.96,124.31,3399440,124.41,124.55,123.96,124.31,3399440,0,1
2018-03-21,125.4,126.76,125.03,126.48,12532035,125.4,126.76,125.03,126.48,12532035,0,1
2018-03-22,126.09,126.34,125.64,125.98,5298709,126.09,126.34,125.64,125.98,5298709,0,1
2018-03-23,127.82,128.06,127.61,127.61,12025882,127.82,128.06,127.61,127.61,12025882,0,1
2018-03-26,128.05,128.58,128.01,128.28,6169843,128.05,128.58,128.01,128.28,6169843,0,1
2018-03-27,127.23,127.62,127.05,127.49,6180707,127.23,127.62,127.05,127.49,6180707,0,1
2018-03-28,126.48,126.61,125.51,125.73,10254883,126.48,126.61,125.51,125.73,10254883,0,1
2018-03-29,125.42,125.81,125.31,125.79,7117156,125.42,125.81,125.31,125.79,7117156,0,1
2018-04-02,126.65,127.54,126.38,127.26,11421144,126.65,127.54,126.38,127.26,11421144,0,1
2018-04-03,126.54,126.59,126.01,126.3,6083717,126.54,126.59,126.01,126.3,6083717,0,1
2018-04-04,127.5,127.53,126.32,126.45,7488254,127.5,127.53,126.32,126.45,7488254,0,1
2018-04-05,125.45,126.08,125.43,125.8,5332957,125.45,126.08,125.43,125.8,5332957,0,1
2018-04-06,126.57,126.6,126.13,126.39,6121225,126.57,126.6,126.13,126.39,6121225,0,1
2018-04-09,126.45,126.86,126.23,126.82,4189864,126.45,126.86,126.23,126.82,4189864,0,1
2018-04-10,127.02,127.31,126.67,127.12,5403992,127.02,127.31,126.67,127.12,5403992,0,1
2018-04-11,128.09,129.47,127.78,128.11,12348564,128.09,129.47,127.78,128.11,12348564,0,1
2018-04-12,127.25,127.34,126.47,126.62,8141339,127.25,127.34,126.47,126.62,8141339,0,1
2018-04-13,127.07,127.75,127.03,127.45,6821338,127.07,127.75,127.03,127.45,6821338,0,1
2018-04-16,127.74,128.05,127.57,127.63,4600039,127.74,128.05,127.57,127.63,4600039,0,1
2018-04-17,127.02,127.78,127,127.75,4184077,127.02,127.78,127,127.75,4184077,0,1
2018-04-18,128.32,128.54,127.75,127.85,6755575,128.32,128.54,127.75,127.85,6755575,0,1
2018-04-19,127.81,127.88,127.13,127.6,8736103,127.81,127.88,127.13,127.6,8736103,0,1
2018-04-20,126.69,126.97,126.55,126.63,10403128,126.69,126.97,126.55,126.63,10403128,0,1
2018-04-23,125.62,125.76,125.34,125.62,6921519,125.62,125.76,125.34,125.62,6921519,0,1
2018-04-24,125.78,126.34,125.67,126.23,4733107,125.78,126.34,125.67,126.23,4733107,0,1
2018-04-25,125.23,125.51,125.06,125.41,5981944,125.23,125.51,125.06,125.41,5981944,0,1
2018-04-26,125.54,125.57,124.69,124.97,7517135,125.54,125.57,124.69,124.97,7517135,0,1
2018-04-27,125.2,125.62,125.17,125.5,5653996,125.2,125.62,125.17,125.5,5653996,0,1
2018-04-30,124.41,125.2,124.19,124.59,9830612,124.41,125.2,124.19,124.59,9830612,0,1
2018-05-01,123.9,123.98,123.39,123.71,7551577,123.9,123.98,123.39,123.71,7551577,0,1
2018-05-02,123.9,124.54,123.58,123.65,7614019,123.9,124.54,123.58,123.65,7614019,0,1
2018-05-03,124.66,124.76,124.24,124.28,4857387,124.66,124.76,124.24,124.28,4857387,0,1
2018-05-04,124.1,124.65,124,124.54,5883574,124.1,124.65,124,124.54,5883574,0,1
2018-05-07,124.5,124.7,124.3,124.57,3397508,124.5,124.7,124.3,124.57,3397508,0,1
2018-05-08,124.14,124.95,123.79,124.59,5551078,124.14,124.95,123.79,124.59,5551078,0,1
2018-05-09,124.45,124.87,124.24,124.33,4405593,124.45,124.87,124.24,124.33,4405593,0,1
2018-05-10,125.22,125.37,124.75,125.18,5218356,125.22,125.37,124.75,125.18,5218356,0,1
2018-05-11,125.57,125.59,124.94,125,4299164,125.57,125.59,124.94,125,4299164,0,1
2018-05-14,125.16,125.21,124.44,124.49,3753223,125.16,125.21,124.44,124.49,3753223,0,1
2018-05-15,122.82,122.82,122.13,122.48,10911900,122.82,122.82,122.13,122.48,10911900,0,1
2018-05-16,122.38,122.61,122.03,122.29,4943275,122.38,122.61,122.03,122.29,4943275,0,1
2018-05-17,122.23,122.43,122.04,122.36,7781336,122.23,122.43,122.04,122.36,7781336,0,1
2018-05-18,122.05,122.65,122.01,122.41,6837125,122.05,122.65,122.01,122.41,6837125,0,1
2018-05-21,122.16,122.53,121.97,122.48,4126673,122.16,122.53,121.97,122.48,4126673,0,1
2018-05-22,122.7,122.74,122.34,122.41,4579602,122.7,122.74,122.34,122.41,4579602,0,1
2018-05-23,122.14,122.74,122.11,122.54,7007256,122.14,122.74,122.11,122.54,7007256,0,1
2018-05-24,123.1,123.82,123.08,123.59,8850085,123.1,123.82,123.08,123.59,8850085,0,1
2018-05-25,123.66,123.7,123.21,123.21,7920650,123.66,123.7,123.21,123.21,7920650,0,1
2018-05-29,122.84,123.64,122.66,123.19,9013170,122.84,123.64,122.66,123.19,9013170,0,1
2018-05-30,123.17,123.61,123.17,123.37,4573697,123.17,123.61,123.17,123.37,4573697,0,1
2018-05-31,123.26,123.78,123.1,123.1,7862495,123.26,123.78,123.1,123.1,7862495,0,1
2018-06-01,122.58,123.09,122.44,122.49,8059121,122.58,123.09,122.44,122.49,8059121,0,1
2018-06-04,122.85,122.93,122.37,122.37,4345370,122.85,122.93,122.37,122.37,4345370,0,1
2018-06-05,122.55,123.23,122.28,122.85,6864209,122.55,123.23,122.28,122.85,6864209,0,1
2018-06-06,123.08,123.35,122.63,122.92,4083702,123.08,123.35,122.63,122.92,4083702,0,1
2018-06-07,122.96,123.15,122.69,122.86,3700745,122.96,123.15,122.69,122.86,3700745,0,1
2018-06-08,123.08,123.12,122.91,123.01,3865667,123.08,123.12,122.91,123.01,3865667,0,1
2018-06-11,123.1,123.42,123.02,123.23,3201179,123.1,123.42,123.02,123.23,3201179,0,1
2018-06-12,122.95,123.18,122.64,122.82,7279620,122.95,123.18,122.64,122.82,7279620,0,1
2018-06-13,122.84,123.34,122.47,123.19,5867744,122.84,123.34,122.47,123.19,5867744,0,1
2018-06-14,123.63,123.86,123.32,123.38,8015447,123.63,123.86,123.32,123.38,8015447,0,1
2018-06-15,122.18,122.2,120.83,121.34,14536993,122.18,122.2,120.83,121.34,14536993,0,1
2018-06-18,121.35,121.44,120.99,121.11,3845950,121.35,121.44,120.99,121.11,3845950,0,1
2018-06-19,120.81,121.03,120.58,120.8,4925832,120.81,121.03,120.58,120.8,4925832,0,1
2018-06-20,120.79,120.81,120.16,120.26,4548491,120.79,120.81,120.16,120.26,4548491,0,1
2018-06-21,119.92,120.32,119.82,120.05,5681906,119.92,120.32,119.82,120.05,5681906,0,1
2018-06-22,120.21,120.4,120.1,120.34,4518408,120.21,120.4,120.1,120.34,4518408,0,1
2018-06-25,120,120.23,119.83,119.89,9300195,120,120.23,119.83,119.89,9300195,0,1
2018-06-26,119.28,119.59,119.09,119.26,8675447,119.28,119.59,119.09,119.26,8675447,0,1
2018-06-27,118.96,119.05,118.48,118.58,6480064,118.96,119.05,118.48,118.58,6480064,0,1
2018-06-28,118.59,118.67,118.01,118.22,7760936,118.59,118.67,118.01,118.22,7760936,0,1
2018-06-29,118.43,118.94,118.26,118.65,8002828,118.43,118.94,118.26,118.65,8002828,0,1
2018-07-02,118.18,118.21,117.4,117.46,12021957,118.18,118.21,117.4,117.46,12021957,0,1
2018-07-03,118.41,119.08,118.38,118.65,8900973,118.41,119.08,118.38,118.65,8900973,0,1
2018-07-05,118.92,119.33,118.77,119.05,4951873,118.92,119.33,118.77,119.05,4951873,0,1
2018-07-06,118.97,119.03,118.73,118.86,2947058,118.97,119.03,118.73,118.86,2947058,0,1
2018-07-09,119.65,119.73,119.14,119.15,4075297,119.65,119.73,119.14,119.15,4075297,0,1
2018-07-10,118.89,119,118.61,118.93,3754770,118.89,119,118.61,118.93,3754770,0,1
2018-07-11,118.45,118.53,117.62,117.64,6974791,118.45,118.53,117.62,117.64,6974791,0,1
2018-07-12,118,118.26,117.94,118.13,4585460,118,118.26,117.94,118.13,4585460,0,1
2018-07-13,117.62,117.75,117.45,117.61,5444284,117.62,117.75,117.45,117.61,5444284,0,1
2018-07-16,117.51,117.63,117.28,117.55,3670943,117.51,117.63,117.28,117.55,3670943,0,1
2018-07-17,116.72,116.93,116.12,116.28,7939635,116.72,116.93,116.12,116.28,7939635,0,1
2018-07-18,116.03,116.35,115.83,116.31,5391963,116.03,116.35,115.83,116.31,5391963,0,1
2018-07-19,115.13,116.47,115.12,115.81,14227628,115.13,116.47,115.12,115.81,14227628,0,1
2018-07-20,116.4,116.71,116.24,116.56,7892317,116.4,116.71,116.24,116.56,7892317,0,1
2018-07-23,116.25,116.31,115.76,116,6247368,116.25,116.31,115.76,116,6247368,0,1
2018-07-24,116.22,116.43,115.91,116.04,4801046,116.22,116.43,115.91,116.04,4801046,0,1
2018-07-25,116.79,116.84,116.27,116.68,5480914,116.79,116.84,116.27,116.68,5480914,0,1
2018-07-26,116.24,116.51,115.77,115.77,6382946,116.24,116.51,115.77,115.77,6382946,0,1
2018-07-27,115.92,116.24,115.77,115.83,5242099,115.92,116.24,115.77,115.83,5242099,0,1
2018-07-30,115.8,116.02,115.64,115.65,4157371,115.8,116.02,115.64,115.65,4157371,0,1
2018-07-31,115.47,116.35,115.39,115.99,5508456,115.47,116.35,115.39,115.99,5508456,0,1
2018-08-01,115.63,115.7,115.13,115.14,7941660,115.63,115.7,115.13,115.14,7941660,0,1
2018-08-02,115.17,115.23,114.42,114.52,6204210,115.17,115.23,114.42,114.52,6204210,0,1
2018-08-03,115.09,115.53,114.86,114.92,5953227,115.09,115.53,114.86,114.92,5953227,0,1
2018-08-06,114.56,114.72,114.31,114.33,5811614,114.56,114.72,114.31,114.33,5811614,0,1
2018-08-07,114.85,114.94,114.42,114.59,5188447,114.85,114.94,114.42,114.59,5188447,0,1
2018-08-08,114.75,114.95,114.41,114.91,3809872,114.75,114.95,114.41,114.91,3809872,0,1
2018-08-09,115.02,115.12,114.69,114.74,4252956,115.02,115.12,114.69,114.74,4252956,0,1
2018-08-10,114.81,115.23,114.61,114.69,6757857,114.81,115.23,114.61,114.69,6757857,0,1
2018-08-13,113.81,113.81,112.83,112.96,9150873,113.81,113.81,112.83,112.96,9150873,0,1
2018-08-14,113.25,113.48,112.84,113.07,7086193,113.25,113.48,112.84,113.07,7086193,0,1
2018-08-15,112.17,112.18,111.06,111.19,12398366,112.17,112.18,111.06,111.19,12398366,0,1
2018-08-16,111.46,111.88,111.1,111.1,7484637,111.46,111.88,111.1,111.1,7484637,0,1
2018-08-17,111.69,112.15,111.38,112.13,8470951,111.69,112.15,111.38,112.13,8470951,0,1
2018-08-20,112.38,112.74,112.16,112.69,5313403,112.38,112.74,112.16,112.69,5313403,0,1
2018-08-21,112.77,113.1,112.44,113.02,5042443,112.77,113.1,112.44,113.02,5042443,0,1
2018-08-22,113.39,113.49,113.07,113.27,6215910,113.39,113.49,113.07,113.27,6215910,0,1
2018-08-23,112.68,112.88,112.06,112.2,5500102,112.68,112.88,112.06,112.2,5500102,0,1
2018-08-24,113.25,114.42,113.21,114.16,9214703,113.25,114.42,113.21,114.16,9214703,0,1
2018-08-27,114.12,114.78,114.12,114.59,4364167,114.12,114.78,114.12,114.59,4364167,0,1
2018-08-28,114.76,114.87,113.55,113.68,6101386,114.76,114.87,113.55,113.68,6101386,0,1
2018-08-29,114.16,114.21,113.85,114.2,5616329,114.16,114.21,113.85,114.2,5616329,0,1
2018-08-30,113.92,113.93,113.24,113.64,5431600,113.92,113.93,113.24,113.64,5431600,0,1
2018-08-31,113.72,114.06,113.44,113.51,5048673,113.72,114.06,113.44,113.51,5048673,0,1
2018-09-04,112.75,113.07,112.61,112.93,6617486,112.75,113.07,112.61,112.93,6617486,0,1
2018-09-05,113.36,113.44,113.12,113.32,4459202,113.36,113.44,113.12,113.32,4459202,0,1
2018-09-06,113.89,114.26,113.28,113.54,4784729,113.89,114.26,113.28,113.54,4784729,0,1
2018-09-07,113.26,113.6,112.97,113.23,3714023,113.26,113.6,112.97,113.23,3714023,0,1
2018-09-10,113.26,113.43,113,113.15,2316693,113.26,113.43,113,113.15,2316693,0,1
2018-09-11,112.65,113.37,112.42,113.22,3791338,112.65,113.37,112.42,113.22,3791338,0,1
2018-09-12,113.12,114.39,113.06,114.17,6315934,113.12,114.39,113.06,114.17,6315934,0,1
2018-09-13,114.72,114.78,113.58,113.76,5636023,114.72,114.78,113.58,113.76,5636023,0,1
2018-09-14,113.79,113.9,112.91,113.02,5375645,113.79,113.9,112.91,113.02,5375645,0,1
2018-09-17,113.6,114.03,113.55,113.61,4727254,113.6,114.03,113.55,113.61,4727254,0,1
2018-09-18,113.79,113.91,113.28,113.44,4737849,113.79,113.91,113.28,113.44,4737849,0,1
2018-09-19,113.94,114.15,113.68,113.88,4223199,113.94,114.15,113.68,113.88,4223199,0,1
2018-09-20,114.21,114.37,113.86,114.27,4384523,114.21,114.37,113.86,114.27,4384523,0,1
2018-09-21,112.87,113.68,112.79,113.49,6831550,112.87,113.68,112.79,113.49,6831550,0,1
2018-09-24,113.68,113.96,113.43,113.47,4435578,113.68,113.96,113.43,113.47,4435578,0,1
2018-09-25,113.75,113.89,113.57,113.65,3004824,113.75,113.89,113.57,113.65,3004824,0,1
2018-09-26,113.11,113.6,112.66,113.05,8297429,113.11,113.6,112.66,113.05,8297429,0,1
2018-09-27,112.1,112.42,111.85,112.05,7683739,112.1,112.42,111.85,112.05,7683739,0,1
2018-09-28,112.16,113,112.07,112.76,6020579,112.16,113,112.07,112.76,6020579,0,1
2018-10-01,112.4,112.62,112.15,112.57,3893012,112.4,112.62,112.15,112.57,3893012,0,1
2018-10-02,113.7,114.33,113.61,113.87,10776912,113.7,114.33,113.61,113.87,10776912,0,1
2018-10-03,113.87,114.05,113.26,113.42,6674517,113.87,114.05,113.26,113.42,6674517,0,1
2018-10-04,113.83,114.19,113.26,113.48,6616212,113.83,114.19,113.26,113.48,6616212,0,1
2018-10-05,113.81,114.1,113.57,113.8,7994440,113.81,114.1,113.57,113.8,7994440,0,1
2018-10-08,112.25,112.59,111.9,112.54,12111577,112.25,112.59,111.9,112.54,12111577,0,1
2018-10-09,112.37,112.67,111.97,112.6,8352697,112.37,112.67,111.97,112.6,8352697,0,1
2018-10-10,112.47,112.96,112.25,112.88,10571316,112.47,112.96,112.25,112.88,10571316,0,1
2018-10-11,114.2,116.04,114.09,115.78,26810920,114.2,116.04,114.09,115.78,26810920,0,1
2018-10-12,115.58,115.71,115.08,115.23,12939315,115.58,115.71,115.08,115.23,12939315,0,1
2018-10-15,116.12,116.53,115.89,116,11828366,116.12,116.53,115.89,116,11828366,0,1
2018-10-16,116.49,116.6,115.8,115.8,9531769,116.49,116.6,115.8,115.8,9531769,0,1
2018-10-17,115.89,116.33,115.68,115.79,7078639,115.89,116.33,115.68,115.79,7078639,0,1
2018-10-18,115.83,116.41,115.63,115.92,7964106,115.83,116.41,115.63,115.92,7964106,0,1
2018-10-19,116.23,116.24,115.96,116.01,7453947,116.23,116.24,115.96,116.01,7453947,0,1
2018-10-22,115.57,115.78,115.43,115.71,5200759,115.57,115.78,115.43,115.71,5200759,0,1
2018-10-23,117.16,117.25,116.33,116.39,12704177,117.16,117.25,116.33,116.39,12704177,0,1
2018-10-24,116.38,116.72,116.11,116.66,8563293,116.38,116.72,116.11,116.66,8563293,0,1
2018-10-25,116.58,116.73,116.19,116.4,8303495,116.58,116.73,116.19,116.4,8303495,0,1
2018-10-26,116.83,117.65,116.46,116.77,15733170,116.83,117.65,116.46,116.77,15733170,0,1
2018-10-29,116.41,116.54,115.84,116.31,8732486,116.41,116.54,115.84,116.31,8732486,0,1
2018-10-30,115.85,116.04,115.64,115.8,7233614,115.85,116.04,115.64,115.8,7233614,0,1
2018-10-31,114.89,115.17,114.66,115.15,11409346,114.89,115.17,114.66,115.15,11409346,0,1
2018-11-01,116.33,117.07,116.18,116.63,13662915,116.33,117.07,116.18,116.63,13662915,0,1
2018-11-02,116.61,116.98,116.39,116.65,8796962,116.61,116.98,116.39,116.65,8796962,0,1
2018-11-05,116.28,116.67,116.23,116.37,6291450,116.28,116.67,116.23,116.37,6291450,0,1
2018-11-06,116.44,116.53,115.74,116.04,7270793,116.44,116.53,115.74,116.04,7270793,0,1
2018-11-07,116.26,116.35,115.9,116.03,8392112,116.26,116.35,115.9,116.03,8392112,0,1
2018-11-08,115.77,116.15,115.5,115.78,7638817,115.77,116.15,115.5,115.78,7638817,0,1
2018-11-09,114.6,114.75,114.14,114.48,14159472,114.6,114.75,114.14,114.48,14159472,0,1
2018-11-12,114.01,114.05,113.58,113.66,7499046,114.01,114.05,113.58,113.66,7499046,0,1
2018-11-13,113.72,113.93,113.42,113.7,9309074,113.72,113.93,113.42,113.7,9309074,0,1
2018-11-14,113.53,115.06,113.46,114.64,13950218,113.53,115.06,113.46,114.64,13950218,0,1
2018-11-15,114.83,114.99,114.56,114.77,8910585,114.83,114.99,114.56,114.77,8910585,0,1
2018-11-16,115.83,115.88,115.37,115.62,8576955,115.83,115.88,115.37,115.62,8576955,0,1
2018-11-19,115.45,115.92,115.37,115.67,8508445,115.45,115.92,115.37,115.67,8508445,0,1
2018-11-20,115.94,115.95,115.37,115.67,9075193,115.94,115.95,115.37,115.67,9075193,0,1
2018-11-21,115.94,116.35,115.86,115.86,8834206,115.94,116.35,115.86,115.86,8834206,0,1
2018-11-23,115.76,115.88,115.585,115.77,3726611,115.76,115.88,115.585,115.77,3726611,0,1
2018-11-26,115.84,115.87,115.53,115.64,4018622,115.84,115.87,115.53,115.64,4018622,0,1
2018-11-27,115.55,115.63,114.6,114.95,9671170,115.55,115.63,114.6,114.95,9671170,0,1
2018-11-28,114.76,116.07,114.59,115.38,13789016,114.76,116.07,114.59,115.38,13789016,0,1
2018-11-29,115.97,116.24,115.56,115.74,6479502,115.97,116.24,115.56,115.74,6479502,0,1
2018-11-30,115.42,115.66,115.04,115.54,8169579,115.42,115.66,115.04,115.54,8169579,0,1
2018-12-03,116.6,116.77,116.3,116.41,8463378,116.6,116.77,116.3,116.41,8463378,0,1
2018-12-04,117.37,117.39,116.93,117.12,7186437,117.37,117.39,116.93,117.12,7186437,0,1
2018-12-06,117.38,117.685,116.92,117.14,9267628,117.38,117.685,116.92,117.14,9267628,0,1
2018-12-07,117.62,118.23,117.54,118.09,10402903,117.62,118.23,117.54,118.09,10402903,0,1
2018-12-10,117.7,117.94,117.42,117.68,8118110,117.7,117.94,117.42,117.68,8118110,0,1
2018-12-11,117.67,117.89,117.35,117.54,6395391,117.67,117.89,117.35,117.54,6395391,0,1
2018-12-12,117.7,117.95,117.61,117.79,4136781,117.7,117.95,117.61,117.79,4136781,0,1
2018-12-13,117.54,117.62,117.26,117.53,4131770,117.54,117.62,117.26,117.53,4131770,0,1
2018-12-14,116.63,117.3,116.58,117.06,7501660,116.63,117.3,116.58,117.06,7501660,0,1
2018-12-17,117.37,118.03,117.35,117.87,8455007,117.37,118.03,117.35,117.87,8455007,0,1
2018-12-18,117.85,118.2,117.81,118.15,7542875,117.85,118.2,117.81,118.15,7542875,0,1
2018-12-19,118.24,118.96,117.4,117.43,13827509,118.24,118.96,117.4,117.43,13827509,0,1
2018-12-20,119.11,119.74,118.68,119.24,18615143,119.11,119.74,118.68,119.24,18615143,0,1
2018-12-21,119.19,119.25,118.57,118.72,13629830,119.19,119.25,118.57,118.72,13629830,0,1
2018-12-24,119.57,120.14,119.57,120.02,9736359,119.57,120.14,119.57,120.02,9736359,0,1
2018-12-26,120.62,121,119.57,119.66,14293459,120.62,121,119.57,119.66,14293459,0,1
2018-12-27,120.57,120.9,120.14,120.57,11874408,120.57,120.9,120.14,120.57,11874408,0,1
2018-12-28,120.8,121.08,120.72,121.06,6864842,120.8,121.08,120.72,121.06,6864842,0,1
2018-12-31,120.98,121.26,120.83,121.25,8449441,120.98,121.26,120.83,121.25,8449441,0,1
2019-01-02,121.35,121.75,120.88,121.33,12776155,121.35,121.75,120.88,121.33,12776155,0,1
2019-01-03,121.78,122.46,121.73,122.43,15440840,121.78,122.46,121.73,122.43,15440840,0,1
2019-01-04,121.32,121.6,120.69,121.44,13334368,121.32,121.6,120.69,121.44,13334368,0,1
2019-01-07,122.16,122.22,121.57,121.86,7473641,122.16,122.22,121.57,121.86,7473641,0,1
2019-01-08,121.15,121.71,121.06,121.53,7643363,121.15,121.71,121.06,121.53,7643363,0,1
2019-01-09,121.45,122.34,121.44,122.31,10555933,121.45,122.34,121.44,122.31,10555933,0,1
2019-01-10,121.98,122.18,121.57,121.59,6672058,121.98,122.18,121.57,121.59,6672058,0,1
2019-01-11,121.74,122.05,121.66,121.8,8622666,121.74,122.05,121.66,121.8,8622666,0,1
2019-01-14,122.15,122.24,121.87,122.09,6477072,122.15,122.24,121.87,122.09,6477072,0,1
2019-01-15,122.28,122.38,121.62,121.88,7512779,122.28,122.38,121.62,121.88,7512779,0,1
2019-01-16,122.04,122.44,122.02,122.27,6878137,122.04,122.44,122.02,122.27,6878137,0,1
2019-01-17,122.03,122.26,121.81,122.11,8558523,122.03,122.26,121.81,122.11,8558523,0,1
2019-01-18,121.23,121.52,121.02,121.02,10896307,121.23,121.52,121.02,121.02,10896307,0,1
2019-01-22,121.18,121.5,120.9,121.45,7896668,121.18,121.5,120.9,121.45,7896668,0,1
2019-01-23,120.96,121.54,120.86,121.28,5224918,120.96,121.54,120.86,121.28,5224918,0,1
2019-01-24,121.16,121.36,120.92,121.09,5662490,121.16,121.36,120.92,121.09,5662490,0,1
2019-01-25,122.02,122.91,122.02,122.86,11103309,122.02,122.91,122.02,122.86,11103309,0,1
2019-01-28,122.75,123.29,122.72,123.29,8522178,122.75,123.29,122.72,123.29,8522178,0,1
2019-01-29,123.71,124,123.46,123.98,11610204,123.71,124,123.46,123.98,11610204,0,1
2019-01-30,123.91,125.07,123.7,124.69,12103963,123.91,125.07,123.7,124.69,12103963,0,1
2019-01-31,125.18,125.23,124.62,124.75,10209516,125.18,125.23,124.62,124.75,10209516,0,1
2019-02-01,124.89,125.05,124.37,124.5,12485496,124.89,125.05,124.37,124.5,12485496,0,1
2019-02-04,123.99,124.29,123.82,123.96,6879187,123.99,124.29,123.82,123.96,6879187,0,1
2019-02-05,124.29,124.42,124.05,124.28,6291367,124.29,124.42,124.05,124.28,6291367,0,1
2019-02-06,124.16,124.19,123.4,123.44,6595100,124.16,124.19,123.4,123.44,6595100,0,1
2019-02-07,123.8,123.95,123.44,123.74,5935456,123.8,123.95,123.44,123.74,5935456,0,1
2019-02-08,124.05,124.33,123.98,124.21,4235221,124.05,124.33,123.98,124.21,4235221,0,1
2019-02-11,123.19,123.82,123.19,123.6,4821904,123.19,123.82,123.19,123.6,4821904,0,1
2019-02-12,123.96,124.03,123.61,123.86,4271869,123.96,124.03,123.61,123.86,4271869,0,1
2019-02-13,123.84,124.55,123.31,123.37,7640509,123.84,124.55,123.31,123.37,7640509,0,1
2019-02-14,123.84,124.2,123.53,124.06,6276529,123.84,124.2,123.53,124.06,6276529,0,1
2019-02-15,124.59,125,124.18,124.8,12190104,124.59,125,124.18,124.8,12190104,0,1
2019-02-19,125.98,126.79,125.93,126.7,15614028,125.98,126.79,125.93,126.7,15614028,0,1
2019-02-20,127,127.21,126.31,126.48,8889665,127,127.21,126.31,126.48,8889665,0,1
2019-02-21,126.15,126.22,125.05,125.05,8634596,126.15,126.22,125.05,125.05,8634596,0,1
2019-02-22,125.53,125.95,125.39,125.5,5439375,125.53,125.95,125.39,125.5,5439375,0,1
2019-02-25,125.78,125.9,125.23,125.37,4882615,125.78,125.9,125.23,125.37,4882615,0,1
2019-02-26,125.33,125.62,125.05,125.58,5153511,125.33,125.62,125.05,125.58,5153511,0,1
2019-02-27,125.17,125.23,124.4,124.69,7935647,125.17,125.23,124.4,124.69,7935647,0,1
2019-02-28,124.71,124.71,123.98,123.99,7811731,124.71,124.71,123.98,123.99,7811731,0,1
2019-03-01,123.48,123.96,121.87,121.88,16411743,123.48,123.96,121.87,121.88,16411743,0,1
2019-03-04,121.56,121.85,121.18,121.56,10272586,121.56,121.85,121.18,121.56,10272586,0,1
2019-03-05,121.38,121.73,121.03,121.72,7120090,121.38,121.73,121.03,121.72,7120090,0,1
2019-03-06,121.43,121.64,121.26,121.61,4820443,121.43,121.64,121.26,121.61,4820443,0,1
2019-03-07,121.27,121.71,121.18,121.51,6088768,121.27,121.71,121.18,121.51,6088768,0,1
2019-03-08,122.7,122.89,122.37,122.84,10427747,122.7,122.89,122.37,122.84,10427747,0,1
2019-03-11,122.52,122.54,121.92,122.24,6708655,122.52,122.54,121.92,122.24,6708655,0,1
2019-03-12,122.54,123.03,122.4,122.98,6289860,122.54,123.03,122.4,122.98,6289860,0,1
2019-03-13,123.56,123.88,123.43,123.84,7377297,123.56,123.88,123.43,123.84,7377297,0,1
2019-03-14,122.33,122.55,122.12,122.41,6778443,122.33,122.55,122.12,122.41,6778443,0,1
2019-03-15,123.06,123.4,122.9132,122.97,9412061,123.06,123.4,122.9132,122.97,9412061,0,1
2019-03-18,123.3,123.4,122.89,123.04,7783205,123.3,123.4,122.89,123.04,7783205,0,1
2019-03-19,123.72,123.79,123.34,123.38,6558693,123.72,123.79,123.34,123.38,6558693,0,1
2019-03-20,123.66,124.42,122.65,124.18,11304912,123.66,124.42,122.65,124.18,11304912,0,1
2019-03-21,124.36,124.37,123.11,123.68,7739775,124.36,124.37,123.11,123.68,7739775,0,1
2019-03-22,123.93,124.22,123.73,123.97,5874016,123.93,124.22,123.73,123.97,5874016,0,1
2019-03-25,124.56,125.11,124.48,124.92,7288343,124.56,125.11,124.48,124.92,7288343,0,1
2019-03-26,124.48,124.51,124.07,124.3,5056224,124.48,124.51,124.07,124.3,5056224,0,1
2019-03-27,124.35,124.38,123.56,123.65,6595016,124.35,124.38,123.56,123.65,6595016,0,1
2019-03-28,122.28,122.36,121.71,121.9,11878328,122.28,122.36,121.71,121.9,11878328,0,1
2019-03-29,122.64,122.75,122.01,122.01,7094201,122.64,122.75,122.01,122.01,7094201,0,1
2019-04-01,122.4,122.43,121.46,121.53,13559963,122.4,122.43,121.46,121.53,13559963,0,1
2019-04-02,121.72,122.01,121.68,121.98,4474953,121.72,122.01,121.68,121.98,4474953,0,1
2019-04-03,121.73,122.01,121.68,121.8,6152734,121.73,122.01,121.68,121.8,6152734,0,1
2019-04-04,121.1,122.24,120.96,122.11,7508760,121.1,122.24,120.96,122.11,7508760,0,1
2019-04-05,121.88,122.13,121.66,121.98,5114493,121.88,122.13,121.66,121.98,5114493,0,1
2019-04-08,122.97,123.02,122.4,122.51,4271034,122.97,123.02,122.4,122.51,4271034,0,1
2019-04-09,123.26,123.35,123.03,123.15,4648392,123.26,123.35,123.03,123.15,4648392,0,1
2019-04-10,123.22,123.77,123.19,123.53,6344767,123.22,123.77,123.19,123.53,6344767,0,1
2019-04-11,122.54,122.75,121.79,121.95,11694503,122.54,122.75,121.79,121.95,11694503,0,1
2019-04-12,121.96,122.31,121.8,121.83,5272844,121.96,122.31,121.8,121.83,5272844,0,1
2019-04-15,121.2,121.82,121.1,121.6,4252774,121.2,121.82,121.1,121.6,4252774,0,1
2019-04-16,120.38,120.63,120.19,120.51,10097802,120.38,120.63,120.19,120.51,10097802,0,1
2019-04-17,120.46,120.51,120.2,120.28,4693864,120.46,120.51,120.2,120.28,4693864,0,1
2019-04-18,120.24,120.54,120.15,120.37,4090401,120.24,120.54,120.15,120.37,4090401,0,1
2019-04-22,120.46,120.5,120.27,120.37,2251185,120.46,120.5,120.27,120.37,2251185,0,1
2019-04-23,119.67,120.2,119.55,120.12,5574897,119.67,120.2,119.55,120.12,5574897,0,1
2019-04-24,120.06,120.72,120.04,120.47,4173034,120.06,120.72,120.04,120.47,4173034,0,1
2019-04-25,120.72,121.1,120.5,120.57,4836857,120.72,121.1,120.5,120.57,4836857,0,1
2019-04-26,121.26,121.67,121.2199,121.37,6022715,121.26,121.67,121.2199,121.37,6022715,0,1
2019-04-29,120.88,120.91,120.67,120.83,4469721,120.88,120.91,120.67,120.83,4469721,0,1
2019-04-30,120.89,121.36,120.85,121.2,4758567,120.89,121.36,120.85,121.2,4758567,0,1
2019-05-01,121.03,121.55,120.18,120.4,12331836,121.03,121.55,120.18,120.4,12331836,0,1
2019-05-02,119.69,120.11,119.54,119.94,6759844,119.69,120.11,119.54,119.94,6759844,0,1
2019-05-03,120.56,121.08,120.48,120.65,8414504,120.56,121.08,120.48,120.65,8414504,0,1
2019-05-06,120.61,121.12,120.54,120.81,3479563,120.61,121.12,120.54,120.81,3479563,0,1
2019-05-07,121.02,121.42,120.91,121.21,4010654,121.02,121.42,120.91,121.21,4010654,0,1
2019-05-08,121.54,121.54,120.77,120.91,4178965,121.54,121.54,120.77,120.91,4178965,0,1
2019-05-09,120.96,121.62,120.86,121.2,5015785,120.96,121.62,120.86,121.2,5015785,0,1
2019-05-10,121.41,121.73,121.3,121.43,4586301,121.41,121.73,121.3,121.43,4586301,0,1
2019-05-13,122.63,122.85,122.33,122.67,11130908,122.63,122.85,122.33,122.67,11130908,0,1
2019-05-14,122.6,122.66,122.12,122.46,5556105,122.6,122.66,122.12,122.46,5556105,0,1
2019-05-15,122.71,122.77,122.22,122.39,10298968,122.71,122.77,122.22,122.39,10298968,0,1
2019-05-16,122.03,122.07,121.19,121.51,6349454,122.03,122.07,121.19,121.51,6349454,0,1
2019-05-17,121.03,121.06,120.33,120.65,6589382,121.03,121.06,120.33,120.65,6589382,0,1
2019-05-20,120.51,120.74,120.42,120.64,4345803,120.51,120.74,120.42,120.64,4345803,0,1
2019-05-21,120.08,120.36,119.83,120.36,3845702,120.08,120.36,119.83,120.36,3845702,0,1
2019-05-22,120.35,120.5,120.19,120.24,3741805,120.35,120.5,120.19,120.24,3741805,0,1
2019-05-23,120.82,121.52,120.77,121.17,6054721,120.82,121.52,120.77,121.17,6054721,0,1
2019-05-24,121.13,121.31,120.89,121.3,2324653,121.13,121.31,120.89,121.3,2324653,0,1
2019-05-28,120.8,120.84,120.46,120.83,4303495,120.8,120.84,120.46,120.83,4303495,0,1
2019-05-29,121.11,121.26,120.75,120.87,4133202,121.11,121.26,120.75,120.87,4133202,0,1
2019-05-30,120.96,121.69,120.8,121.69,7757033,120.96,121.69,120.8,121.69,7757033,0,1
2019-05-31,122.55,123.4,122.32,123.33,15367001,122.55,123.4,122.32,123.33,15367001,0,1
2019-06-03,124.09,125.34,123.9,125.11,14173636,124.09,125.34,123.9,125.11,14173636,0,1
2019-06-04,124.88,125.42,124.61,125.15,7997062,124.88,125.42,124.61,125.15,7997062,0,1
2019-06-05,126.18,126.37,125.24,125.47,7637880,126.18,126.37,125.24,125.47,7637880,0,1
2019-06-06,125.93,126.45,125.8,125.88,5551778,125.93,126.45,125.8,125.88,5551778,0,1
2019-06-07,126.79,127.25,126.32,126.59,8145853,126.79,127.25,126.32,126.59,8145853,0,1
2019-06-10,125.46,125.53,125.07,125.33,5409983,125.46,125.53,125.07,125.33,5409983,0,1
2019-06-11,124.94,125.4,124.88,125.18,4757841,124.94,125.4,124.88,125.18,4757841,0,1
2019-06-12,125.6,126.2,125.56,125.83,5756153,125.6,126.2,125.56,125.83,5756153,0,1
2019-06-13,126.03,126.77,125.96,126.6,5374818,126.03,126.77,125.96,126.6,5374818,0,1
2019-06-14,127.21,127.63,126.26,126.56,9226446,127.21,127.63,126.26,126.56,9226446,0,1
2019-06-17,126.7,126.77,126.17,126.48,4763345,126.7,126.77,126.17,126.48,4763345,0,1
2019-06-18,127.58,127.75,126.39,127.12,10309646,127.58,127.75,126.39,127.12,10309646,0,1
2019-06-19,126.77,127.99,126.7,127.89,11660649,126.77,127.99,126.7,127.89,11660649,0,1
2019-06-20,130.41,131.49,130.19,131.11,18636339,130.41,131.49,130.19,131.11,18636339,0,1
2019-06-21,131.77,132.17,131.07,131.98,15068037,131.77,132.17,131.07,131.98,15068037,0,1
2019-06-24,132.77,134.04,132.58,133.94,17851801,132.77,134.04,132.58,133.94,17851801,0,1
2019-06-25,134.9,135.55,133.21,134.2,24772241,134.9,135.55,133.21,134.2,24772241,0,1
2019-06-26,132.99,133.55,132.41,132.97,12016402,132.99,133.55,132.41,132.97,12016402,0,1
2019-06-27,132.38,132.97,132.26,132.84,8412764,132.38,132.97,132.26,132.84,8412764,0,1
2019-06-28,133.05,133.34,132.61,133.2,8076966,133.05,133.34,132.61,133.2,8076966,0,1
2019-07-01,131.56,131.76,130.55,130.62,13369815,131.56,131.76,130.55,130.62,13369815,0,1
2019-07-02,131.27,133.63,131.16,133.41,13282139,131.27,133.63,131.16,133.41,13282139,0,1
2019-07-03,133.61,134.1,133.23,133.63,6351547,133.61,134.1,133.23,133.63,6351547,0,1
2019-07-05,131.46,132.32,130.81,132.14,11536581,131.46,132.32,130.81,132.14,11536581,0,1
2019-07-08,132.18,132.34,131.28,131.29,8028884,132.18,132.34,131.28,131.29,8028884,0,1
2019-07-09,131.43,132.1,131.16,131.75,6633439,131.43,132.1,131.16,131.75,6633439,0,1
2019-07-10,132.94,133.87,132.35,133.83,13920593,132.94,133.87,132.35,133.83,13920593,0,1
2019-07-11,133.58,133.7,132.41,132.7,7535133,133.58,133.7,132.41,132.7,7535133,0,1
2019-07-12,132.89,133.69,132.53,133.53,6309451,132.89,133.69,132.53,133.53,6309451,0,1
2019-07-15,133.18,133.53,132.81,133.53,4026583,133.18,133.53,132.81,133.53,4026583,0,1
2019-07-16,133.18,133.3,132.13,132.4,7965981,133.18,133.3,132.13,132.4,7965981,0,1
2019-07-17,133,134.6,132.89,134.58,11288279,133,134.6,132.89,134.58,11288279,0,1
2019-07-18,133.83,136.63,133.61,136.48,18466488,133.83,136.63,133.61,136.48,18466488,0,1
2019-07-19,135.45,136.03,133.97,134.47,18079195,135.45,136.03,133.97,134.47,18079195,0,1
2019-07-22,134.56,134.82,134.32,134.45,7570898,134.56,134.82,134.32,134.45,7570898,0,1
2019-07-23,134.43,134.95,133.56,133.69,9981379,134.43,134.95,133.56,133.69,9981379,0,1
2019-07-24,134.59,134.84,133.98,134.37,6715167,134.59,134.84,133.98,134.37,6715167,0,1
2019-07-25,134.24,134.28,133.09,133.42,11708241,134.24,134.28,133.09,133.42,11708241,0,1
2019-07-26,134.24,134.29,133.59,133.64,6249928,134.24,134.29,133.59,133.64,6249928,0,1
2019-07-29,134.06,134.73,133.44,134.53,9162417,134.06,134.73,133.44,134.53,9162417,0,1
2019-07-30,134.76,135.18,134.41,134.98,9458733,134.76,135.18,134.41,134.98,9458733,0,1
2019-07-31,135.03,135.42,133.02,133.21,18797199,135.03,135.42,133.02,133.21,18797199,0,1
2019-08-01,132.42,136.43,132.31,136.41,27719822,132.42,136.43,132.31,136.41,27719822,0,1
2019-08-02,135.39,136.6,135.37,135.89,13753222,135.39,136.6,135.37,135.89,13753222,0,1
2019-08-05,137.93,138.64,137.05,137.79,17519817,137.93,138.64,137.05,137.79,17519817,0,1
2019-08-06,138.33,139.03,138.01,138.91,9471209,138.33,139.03,138.01,138.91,9471209,0,1
2019-08-07,141.28,142.47,140.88,141.02,26671092,141.28,142.47,140.88,141.02,26671092,0,1
2019-08-08,140.9,142.37,140.71,141.73,13108554,140.9,142.37,140.71,141.73,13108554,0,1
2019-08-09,141.28,142.03,140.96,141.26,9485912,141.28,142.03,140.96,141.26,9485912,0,1
2019-08-12,141.67,143.38,141.64,142.63,22574074,141.67,143.38,141.64,142.63,22574074,0,1
2019-08-13,143.17,143.29,139.35,141.78,29930394,143.17,143.29,139.35,141.78,29930394,0,1
2019-08-14,142.9,143.75,142.05,142.75,20672858,142.9,143.75,142.05,142.75,20672858,0,1
2019-08-15,142.96,144.02,142.61,143.7,13501099,142.96,144.02,142.61,143.7,13501099,0,1
2019-08-16,142.75,143.13,141.8,142.78,12184492,142.75,143.13,141.8,142.78,12184492,0,1
2019-08-19,141.33,141.79,140.85,141.11,10558366,141.33,141.79,140.85,141.11,10558366,0,1
2019-08-20,141.77,142.26,141.6,142.21,7479375,141.77,142.26,141.6,142.21,7479375,0,1
2019-08-21,141.62,142.17,141.46,141.76,8118733,141.62,142.17,141.46,141.76,8118733,0,1
2019-08-22,141.39,141.9,141.17,141.4,6847647,141.39,141.9,141.17,141.4,6847647,0,1
2019-08-23,141.84,144.33,141.64,144.17,20290539,141.84,144.33,141.64,144.17,20290539,0,1
2019-08-26,144.35,144.97,143.91,144.19,12200810,144.35,144.97,143.91,144.19,12200810,0,1
2019-08-27,144.3,145.68,144.27,145.57,12857588,144.3,145.68,144.27,145.57,12857588,0,1
2019-08-28,145.39,145.68,144.64,145.16,11452157,145.39,145.68,144.64,145.16,11452157,0,1
2019-08-29,145.4,145.49,143.28,144.12,14764572,145.4,145.49,143.28,144.12,14764572,0,1
2019-08-30,143.84,144.88,143.02,143.75,9641918,143.84,144.88,143.02,143.75,9641918,0,1
2019-09-03,144.96,146.13,144.74,145.75,15613445,144.96,146.13,144.74,145.75,15613445,0,1
2019-09-04,145.54,146.82,145.5,146.66,11284999,145.54,146.82,145.5,146.66,11284999,0,1
2019-09-05,144.98,145.01,142,143.14,20292448,144.98,145.01,142,143.14,20292448,0,1
2019-09-06,143.64,144.06,141.86,141.92,14174625,143.64,144.06,141.86,141.92,14174625,0,1
2019-09-09,142.37,142.46,141.18,141.39,11317417,142.37,142.46,141.18,141.39,11317417,0,1
2019-09-10,141.23,141.53,140.16,140.18,12606324,141.23,141.53,140.16,140.18,12606324,0,1
2019-09-11,140.34,141.26,140.28,141.03,7435539,140.34,141.26,140.28,141.03,7435539,0,1
2019-09-12,142.68,143.1,141.11,141.32,12661188,142.68,143.1,141.11,141.32,12661188,0,1
2019-09-13,141.73,141.99,140.06,140.15,13450924,141.73,141.99,140.06,140.15,13450924,0,1
2019-09-16,141.6,142.05,141.02,141.32,8078398,141.6,142.05,141.02,141.32,8078398,0,1
2019-09-17,141.82,142.11,141.22,141.6,7045262,141.82,142.11,141.22,141.6,7045262,0,1
2019-09-18,141.93,142.53,139.81,140.71,15066645,141.93,142.53,139.81,140.71,15066645,0,1
2019-09-19,141.57,141.74,141.09,141.28,8062414,141.57,141.74,141.09,141.28,8062414,0,1
2019-09-20,141.61,143.03,141.46,142.95,12143073,141.61,143.03,141.46,142.95,12143073,0,1
2019-09-23,143.22,143.94,143.07,143.75,9033969,143.22,143.94,143.07,143.75,9033969,0,1
2019-09-24,143.21,144.77,142.88,144.51,10619888,143.21,144.77,142.88,144.51,10619888,0,1
2019-09-25,144.08,144.29,141.44,141.83,11993328,144.08,144.29,141.44,141.83,11993328,0,1
2019-09-26,142.19,142.57,141.56,141.79,8781994,142.19,142.57,141.56,141.79,8781994,0,1
2019-09-27,140.35,141.68,140.16,141.06,9663779,140.35,141.68,140.16,141.06,9663779,0,1
2019-09-30,139.77,140.21,138.03,138.87,15501664,139.77,140.21,138.03,138.87,15501664,0,1
2019-10-01,138.07,140.19,137.8,139.63,12500459,138.07,140.19,137.8,139.63,12500459,0,1
2019-10-02,140.79,141.88,140.46,141.26,11942729,140.79,141.88,140.46,141.26,11942729,0,1
2019-10-03,141.36,143.25,141.29,141.9,12406393,141.36,143.25,141.29,141.9,12406393,0,1
2019-10-04,141.48,142.31,141.14,141.9,9689748,141.48,142.31,141.14,141.9,9689748,0,1
2019-10-07,141.16,141.77,140.24,140.69,6155985,141.16,141.77,140.24,140.69,6155985,0,1
2019-10-08,142.03,142.29,141.17,141.92,10478330,142.03,142.29,141.17,141.92,10478330,0,1
2019-10-09,142.16,142.58,141.62,142.05,6928809,142.16,142.58,141.62,142.05,6928809,0,1
2019-10-10,141.59,141.66,140.58,140.81,9274648,141.59,141.66,140.58,140.81,9274648,0,1
2019-10-11,139.97,140.19,138.91,140.03,11423274,139.97,140.19,138.91,140.03,11423274,0,1
2019-10-14,140.45,140.82,140.34,140.59,4008722,140.45,140.82,140.34,140.59,4008722,0,1
2019-10-15,140.27,140.3,139.21,139.61,9130388,140.27,140.3,139.21,139.61,9130388,0,1
2019-10-16,140.14,140.53,139.7,140.41,10363294,140.14,140.53,139.7,140.41,10363294,0,1
2019-10-17,140.5,141.12,140.42,140.61,6216147,140.5,141.12,140.42,140.61,6216147,0,1
2019-10-18,140.5,140.71,140.32,140.46,6416080,140.5,140.71,140.32,140.46,6416080,0,1
2019-10-21,140.72,140.76,139.6,139.79,8312737,140.72,140.76,139.6,139.79,8312737,0,1
2019-10-22,140.13,140.3,139.72,140.2,3880815,140.13,140.3,139.72,140.2,3880815,0,1
2019-10-23,140.59,141,140.5,140.53,4159671,140.59,141,140.5,140.53,4159671,0,1
2019-10-24,141.02,141.74,140.93,141.53,6263966,141.02,141.74,140.93,141.53,6263966,0,1
2019-10-25,142.79,142.83,141.4,141.86,6008671,142.79,142.83,141.4,141.86,6008671,0,1
2019-10-28,141.25,141.25,140.4,140.64,5402458,141.25,141.25,140.4,140.64,5402458,0,1
2019-10-29,140,140.63,139.78,140.25,3835104,140,140.63,139.78,140.25,3835104,0,1
2019-10-30,140.54,141.04,139.55,141.02,6992123,140.54,141.04,139.55,141.02,6992123,0,1
2019-10-31,141.98,142.69,141.89,142.43,7043202,141.98,142.69,141.89,142.43,7043202,0,1
2019-11-01,142.21,142.9,142.01,142.56,8089314,142.21,142.9,142.01,142.56,8089314,0,1
2019-11-04,142.26,142.45,141.74,142.15,4737087,142.26,142.45,141.74,142.15,4737087,0,1
2019-11-05,140.65,140.89,139.38,139.85,11769429,140.65,140.89,139.38,139.85,11769429,0,1
2019-11-06,140.12,140.79,140,140.45,6404884,140.12,140.79,140,140.45,6404884,0,1
2019-11-07,140.11,140.2,137.6,138.27,15176983,140.11,140.2,137.6,138.27,15176983,0,1
2019-11-08,137.73,138.33,137.39,137.39,10377412,137.73,138.33,137.39,137.39,10377412,0,1
2019-11-11,137.61,137.79,136.44,137.06,7037251,137.61,137.79,136.44,137.06,7037251,0,1
2019-11-12,137.03,137.59,136.19,137.43,6448394,137.03,137.59,136.19,137.43,6448394,0,1
2019-11-13,137.8,138.22,137.64,137.98,8809170,137.8,138.22,137.64,137.98,8809170,0,1
2019-11-14,138.39,138.94,137.87,138.56,5220259,138.39,138.94,137.87,138.56,5220259,0,1
2019-11-15,138.03,138.42,137.97,138.21,10106690,138.03,138.42,137.97,138.21,10106690,0,1
2019-11-18,138.44,138.85,138.3,138.62,5717762,138.44,138.85,138.3,138.62,5717762,0,1
2019-11-19,138.13,138.97,138.13,138.69,4819651,138.13,138.97,138.13,138.69,4819651,0,1
2019-11-20,138.53,139,138.1,138.76,6864781,138.53,139,138.1,138.76,6864781,0,1
2019-11-21,138.39,138.56,137.77,138,4196464,138.39,138.56,137.77,138,4196464,0,1
2019-11-22,138.37,138.46,137.66,137.74,3620266,138.37,138.46,137.66,137.74,3620266,0,1
2019-11-25,137.32,137.62,136.99,137.08,6468727,137.32,137.62,136.99,137.08,6468727,0,1
2019-11-26,136.98,137.8,136.58,137.74,4724383,136.98,137.8,136.58,137.74,4724383,0,1
2019-11-27,137.03,137.21,136.83,137.01,4106004,137.03,137.21,136.83,137.01,4106004,0,1
2019-11-29,137.1,138.13,137.08,137.86,4516421,137.1,138.13,137.08,137.86,4516421,0,1
2019-12-02,137.32,138.09,137.3,137.79,8274464,137.32,138.09,137.3,137.79,8274464,0,1
2019-12-03,139.04,139.57,138.97,139.11,8500626,139.04,139.57,138.97,139.11,8500626,0,1
2019-12-04,139.16,139.17,138.59,138.92,6322253,139.16,139.17,138.59,138.92,6322253,0,1
2019-12-05,138.8,139.45,138.79,139,5661533,138.8,139.45,138.79,139,5661533,0,1
2019-12-06,137.76,137.83,137.4,137.62,8714531,137.76,137.83,137.4,137.62,8714531,0,1
2019-12-09,137.8,137.81,137.45,137.58,2711506,137.8,137.81,137.45,137.58,2711506,0,1
2019-12-10,138.25,138.33,137.74,137.97,3240667,138.25,138.33,137.74,137.97,3240667,0,1
2019-12-11,138.2,139.3,138.12,138.92,6051297,138.2,139.3,138.12,138.92,6051297,0,1
2019-12-12,139.78,139.85,137.88,138.43,8809561,139.78,139.85,137.88,138.43,8809561,0,1
2019-12-13,138.52,139.21,137.98,139.05,6964255,138.52,139.21,137.98,139.05,6964255,0,1
2019-12-16,139.2,139.39,138.8,139.04,4645603,139.2,139.39,138.8,139.04,4645603,0,1
2019-12-17,139.02,139.3,138.85,139.01,4287398,139.02,139.3,138.85,139.01,4287398,0,1
2019-12-18,138.86,139.25,138.81,139.02,3607526,138.86,139.25,138.81,139.02,3607526,0,1
2019-12-19,139.04,139.55,138.87,139.38,4974681,139.04,139.55,138.87,139.38,4974681,0,1
2019-12-20,139.37,139.52,138.98,139.52,4446611,139.37,139.52,138.98,139.52,4446611,0,1
2019-12-23,139.53,139.96,139.53,139.95,5180814,139.53,139.96,139.53,139.95,5180814,0,1
2019-12-24,140.44,141.33,140.43,141.27,5303698,140.44,141.33,140.43,141.27,5303698,0,1
2019-12-26,142.06,142.47,141.91,142.38,8338329,142.06,142.47,141.91,142.38,8338329,0,1
2019-12-27,142.26,142.73,142.17,142.33,5119883,142.26,142.73,142.17,142.33,5119883,0,1
2019-12-30,142.56,142.8,142.46,142.63,4810215,142.56,142.8,142.46,142.63,4810215,0,1
2019-12-31,143.31,143.6,142.8,142.9,5312671,143.31,143.6,142.8,142.9,5312671,0,1
2020-01-02,143.86,144.21,143.4,143.95,7732710,143.86,144.21,143.4,143.95,7732710,0,1
2020-01-03,145.75,146.32,145.4,145.86,12272707,145.75,146.32,145.4,145.86,12272707,0,1
2020-01-06,148.44,148.48,146.95,147.39,14397138,148.44,148.48,146.95,147.39,14397138,0,1
2020-01-07,147.57,148.14,147.43,147.97,7996704,147.57,148.14,147.43,147.97,7996704,0,1
2020-01-08,148.49,148.61,146.14,146.86,22247107,148.49,148.61,146.14,146.86,22247107,0,1
2020-01-09,146.07,146.41,145.44,146.03,10292147,146.07,146.41,145.44,146.03,10292147,0,1
2020-01-10,146.22,146.99,146.17,146.91,6183208,146.22,146.99,146.17,146.91,6183208,0,1
2020-01-13,146.35,146.38,145.78,145.82,7593771,146.35,146.38,145.78,145.82,7593771,0,1
2020-01-14,145.42,145.81,145.08,145.69,6589676,145.42,145.81,145.08,145.69,6589676,0,1
2020-01-15,146.21,146.73,145.82,146.54,6498475,146.21,146.73,145.82,146.54,6498475,0,1
2020-01-16,146.27,146.47,145.76,146.31,6051756,146.27,146.47,145.76,146.31,6051756,0,1
2020-01-17,146.51,146.99,146.31,146.58,11119151,146.51,146.99,146.31,146.58,11119151,0,1
2020-01-21,145.77,146.86,145.55,146.74,6076269,145.77,146.86,145.55,146.74,6076269,0,1
2020-01-22,146.68,146.81,146.38,146.79,4772215,146.68,146.81,146.38,146.79,4772215,0,1
2020-01-23,147,147.62,146.62,147.12,8411937,147,147.62,146.62,147.12,8411937,0,1
2020-01-24,146.9,148.38,146.89,147.98,9913786,146.9,148.38,146.89,147.98,9913786,0,1
2020-01-27,149.24,149.32,148.46,148.99,9963178,149.24,149.32,148.46,148.99,9963178,0,1
2020-01-28,148.36,148.56,147.53,147.66,7507154,148.36,148.56,147.53,147.66,7507154,0,1
2020-01-29,147.7,148.56,147.61,148.46,5004617,147.7,148.56,147.61,148.46,5004617,0,1
2020-01-30,148.69,149.31,148.01,148.47,9117215,148.69,149.31,148.01,148.47,9117215,0,1
2020-01-31,148.88,149.68,148.81,149.33,14781354,148.88,149.68,148.81,149.33,14781354,0,1
2020-02-03,148.66,148.78,147.68,148.36,9103481,148.66,148.78,147.68,148.36,9103481,0,1
2020-02-04,146.97,147.03,145.8,146.43,10501897,146.97,147.03,145.8,146.43,10501897,0,1
2020-02-05,146.38,146.81,146.16,146.61,6156860,146.38,146.81,146.16,146.61,6156860,0,1
2020-02-06,147.28,147.63,147,147.4,4807047,147.28,147.63,147,147.4,4807047,0,1
2020-02-07,147.83,148.18,147.34,147.79,6367355,147.83,148.18,147.34,147.79,6367355,0,1
2020-02-10,148.21,148.45,147.91,148.17,5788476,148.21,148.45,147.91,148.17,5788476,0,1
2020-02-11,148.03,148.16,147.01,147.66,5173393,148.03,148.16,147.01,147.66,5173393,0,1
2020-02-12,147.42,147.81,147.16,147.54,5008759,147.42,147.81,147.16,147.54,5008759,0,1
2020-02-13,148.24,148.58,147.95,148.38,7080088,148.24,148.58,147.95,148.38,7080088,0,1
2020-02-14,148.74,149.13,148.63,149,5344151,148.74,149.13,148.63,149,5344151,0,1
2020-02-18,149.88,151.09,149.47,150.91,11523582,149.88,151.09,149.47,150.91,11523582,0,1
2020-02-19,151,151.82,150.82,151.79,9240505,151,151.82,150.82,151.79,9240505,0,1
2020-02-20,152,152.83,151.95,152.41,8427774,152,152.83,151.95,152.41,8427774,0,1
2020-02-21,154.43,155.22,154.18,154.7,16344191,154.43,155.22,154.18,154.7,16344191,0,1
2020-02-24,158.5,158.53,155.36,156.09,27077119,158.5,158.53,155.36,156.09,27077119,0,1
2020-02-25,155.12,156.08,152.91,153.3,28034251,155.12,156.08,152.91,153.3,28034251,0,1
2020-02-26,153.82,155.28,152.9,153.97,17902830,153.82,155.28,152.9,153.97,17902830,0,1
2020-02-27,155.58,156.27,153.9,154,27842425,155.58,156.27,153.9,154,27842425,0,1
2020-02-28,152.71,152.77,147.05,148.38,42698920,152.71,152.77,147.05,148.38,42698920,0,1
2020-03-02,150,150.73,149.04,149.2,16264343,150,150.73,149.04,149.2,16264343,0,1
2020-03-03,150.84,155.24,150.74,153.89,28473121,150.84,155.24,150.74,153.89,28473121,0,1
2020-03-04,154.4,154.96,153.7,154.16,12271488,154.4,154.96,153.7,154.16,12271488,0,1
2020-03-05,156.06,157.62,155.72,157.49,17937637,156.06,157.62,155.72,157.49,17937637,0,1
2020-03-06,158.33,159.25,154.54,157.55,26934835,158.33,159.25,154.54,157.55,26934835,0,1
2020-03-09,158.6,159.37,156.33,157.81,24773134,158.6,159.37,156.33,157.81,24773134,0,1
2020-03-10,156.18,156.41,154.39,154.48,18687110,156.18,156.41,154.39,154.48,18687110,0,1
2020-03-11,156.25,156.5,153.61,153.93,17763825,156.25,156.5,153.61,153.93,17763825,0,1
2020-03-12,151.53,151.55,146.85,147.79,32836122,151.53,151.55,146.85,147.79,32836122,0,1
2020-03-13,149.42,149.6,141.58,143.28,35132872,149.42,149.6,141.58,143.28,35132872,0,1
2020-03-16,137.56,142.96,136.12,141.64,24368528,137.56,142.96,136.12,141.64,24368528,0,1
2020-03-17,140.18,146.2,139.93,143.56,24390448,140.18,146.2,139.93,143.56,24390448,0,1
2020-03-18,141.75,142.88,138.5,140.7,21891367,141.75,142.88,138.5,140.7,21891367,0,1
2020-03-19,139.08,140.5,137.85,138.04,20771230,139.08,140.5,137.85,138.04,20771230,0,1
2020-03-20,140.71,141.17,139.14,140.11,19896161,140.71,141.17,139.14,140.11,19896161,0,1
2020-03-23,142.68,146.93,142.28,146.3,28205580,142.68,146.93,142.28,146.3,28205580,0,1
2020-03-24,153.5,155.66,152.05,153.4,20601136,153.5,155.66,152.05,153.4,20601136,0,1
2020-03-25,152.58,152.88,151.01,151.3,16408181,152.58,152.88,151.01,151.3,16408181,0,1
2020-03-26,153.31,154.81,152.08,153.24,12744195,153.31,154.81,152.08,153.24,12744195,0,1
2020-03-27,153,153.55,152,152.25,9818063,153,153.55,152,152.25,9818063,0,1
2020-03-30,152.41,153.08,151.57,152.92,12064244,152.41,153.08,151.57,152.92,12064244,0,1
2020-03-31,151.36,151.8,147.97,148.05,13282011,151.36,151.8,147.97,148.05,13282011,0,1
2020-04-01,148.2,150.08,147.85,149.45,11789096,148.2,150.08,147.85,149.45,11789096,0,1
2020-04-02,151.2,152.5,150.7,151.9,9171702,151.2,152.5,150.7,151.9,9171702,0,1
2020-04-03,152.23,153.09,151.66,152.65,8466802,152.23,153.09,151.66,152.65,8466802,0,1
2020-04-06,154.16,157.22,153.96,156.88,14636349,154.16,157.22,153.96,156.88,14636349,0,1
2020-04-07,155.33,156.14,154.38,156.04,9167837,155.33,156.14,154.38,156.04,9167837,0,1
2020-04-08,155.91,155.94,154.59,154.65,7589797,155.91,155.94,154.59,154.65,7589797,0,1
2020-04-09,158.08,159.08,157.21,158.69,18039666,158.08,159.08,157.21,158.69,18039666,0,1
2020-04-13,159.17,162.38,158.63,161.41,20520700,159.17,162.38,158.63,161.41,20520700,0,1
2020-04-14,162.73,164.42,161.78,162.68,17085552,162.73,164.42,161.78,162.68,17085552,0,1
2020-04-15,161.8,162.54,160.81,161.85,12112985,161.8,162.54,160.81,161.85,12112985,0,1
2020-04-16,161.88,163.15,160.65,161.71,9164551,161.88,163.15,160.65,161.71,9164551,0,1
2020-04-17,159.72,160.07,158.12,158.57,14646944,159.72,160.07,158.12,158.57,14646944,0,1
2020-04-20,158.62,160.22,158.46,159.7,10680239,158.62,160.22,158.46,159.7,10680239,0,1
2020-04-21,157.6,159.21,157.04,158.61,12457516,157.6,159.21,157.04,158.61,12457516,0,1
2020-04-22,160.5,161.74,160.42,161.73,12891829,160.5,161.74,160.42,161.73,12891829,0,1
2020-04-23,162.39,163.6,161.84,163.34,14920793,162.39,163.6,161.84,163.34,14920793,0,1
2020-04-24,163.13,163.31,160.89,162.64,11198404,163.13,163.31,160.89,162.64,11198404,0,1
2020-04-27,161.88,162,160.41,161.56,9024335,161.88,162,160.41,161.56,9024335,0,1
2020-04-28,160.89,160.98,159.16,160.84,10378909,160.89,160.98,159.16,160.84,10378909,0,1
2020-04-29,160.1,161.85,159.76,161.73,12221655,160.1,161.85,159.76,161.73,12221655,0,1
2020-04-30,160.22,160.82,158.13,158.8,13626783,160.22,160.82,158.13,158.8,13626783,0,1
2020-05-01,158,160.45,157.8,159.78,10881552,158,160.45,157.8,159.78,10881552,0,1
2020-05-04,160.33,160.95,159.91,160.34,7982737,160.33,160.95,159.91,160.34,7982737,0,1
2020-05-05,160.16,161.1,159.33,161.02,10550702,160.16,161.1,159.33,161.02,10550702,0,1
2020-05-06,158.99,159.81,158.1,158.95,13342862,158.99,159.81,158.1,158.95,13342862,0,1
2020-05-07,159.5,161.96,159.36,161.39,13689766,159.5,161.96,159.36,161.39,13689766,0,1
2020-05-08,161.08,162,160,160.42,12240280,161.08,162,160,160.42,12240280,0,1
2020-05-11,160.34,160.71,158.89,159.42,11191579,160.34,160.71,158.89,159.42,11191579,0,1
2020-05-12,160.3,160.95,159.72,160.04,10384042,160.3,160.95,159.72,160.04,10384042,0,1
2020-05-13,160.94,161.62,160.54,161.58,10936634,160.94,161.62,160.54,161.58,10936634,0,1
2020-05-14,161.53,163.34,161.51,163.01,17074770,161.53,163.34,161.51,163.01,17074770,0,1
2020-05-15,164.02,164.8,163.08,163.93,13915777,164.02,164.8,163.08,163.93,13915777,0,1
2020-05-18,164.33,164.5,162.41,162.69,14132780,164.33,164.5,162.41,162.69,14132780,0,1
2020-05-19,163.6,164.43,163.04,164.26,8536322,163.6,164.43,163.04,164.26,8536322,0,1
2020-05-20,164.54,164.96,163.89,164.65,10658300,164.54,164.96,163.89,164.65,10658300,0,1
2020-05-21,163.46,163.58,161.37,162.25,11786413,163.46,163.58,161.37,162.25,11786413,0,1
2020-05-22,162.88,163.47,162.74,163.21,8537849,162.88,163.47,162.74,163.21,8537849,0,1
2020-05-26,162.58,162.58,160.69,160.89,13929709,162.58,162.58,160.69,160.89,13929709,0,1
2020-05-27,159.42,161.34,159.2,161.18,13060837,159.42,161.34,159.2,161.18,13060837,0,1
2020-05-28,162.12,162.46,160.9,161.72,9757164,162.12,162.46,160.9,161.72,9757164,0,1
2020-05-29,162.58,163.4,162.32,162.91,12581762,162.58,163.4,162.32,162.91,12581762,0,1
2020-06-01,162.92,163.74,162.39,163.66,8139420,162.92,163.74,162.39,163.66,8139420,0,1
2020-06-02,163.89,164.08,161.86,162.6,10385420,163.89,164.08,161.86,162.6,10385420,0,1
2020-06-03,160.34,160.9,158.82,159.6,16981986,160.34,160.9,158.82,159.6,16981986,0,1
2020-06-04,161.14,161.87,159.84,161.28,10089713,161.14,161.87,159.84,161.28,10089713,0,1
2020-06-05,158.72,158.72,157.04,158.01,16017821,158.72,158.72,157.04,158.01,16017821,0,1
2020-06-08,158.9,159.86,158.47,159.72,9235800,158.9,159.86,158.47,159.72,9235800,0,1
2020-06-09,161.1,161.78,160.87,161.26,9028378,161.1,161.78,160.87,161.26,9028378,0,1
2020-06-10,162.1,163.63,160.52,163.57,12988548,162.1,163.63,160.52,163.57,12988548,0,1
2020-06-11,163.35,164.06,161.97,162.39,11669004,163.35,164.06,161.97,162.39,11669004,0,1
2020-06-12,163.41,163.88,162.56,162.62,6891670,163.41,163.88,162.56,162.62,6891670,0,1
2020-06-15,160.52,162.56,160.16,162.33,8520875,160.52,162.56,160.16,162.33,8520875,0,1
2020-06-16,161.85,162.69,161.36,162.25,7962903,161.85,162.69,161.36,162.25,7962903,0,1
2020-06-17,162,162.62,161.77,162.56,4752277,162,162.62,161.77,162.56,4752277,0,1
2020-06-18,162.2,162.32,161.44,162.24,5393023,162.2,162.32,161.44,162.24,5393023,0,1
2020-06-19,162.87,164.09,162.78,164.03,12181570,162.87,164.09,162.78,164.03,12181570,0,1
2020-06-22,165.06,165.73,164.41,165.09,12357344,165.06,165.73,164.41,165.09,12357344,0,1
2020-06-23,165.63,166.52,165.52,166.48,12130759,165.63,166.52,165.52,166.48,12130759,0,1
2020-06-24,166.01,166.99,165.45,165.9,10850683,166.01,166.99,165.45,165.9,10850683,0,1
2020-06-25,165.89,165.91,165.16,165.8,7080571,165.89,165.91,165.16,165.8,7080571,0,1
2020-06-26,164.87,166.56,164.22,166.54,9742380,164.87,166.56,164.22,166.54,9742380,0,1
2020-06-29,166.56,166.8,166.18,166.63,6735695,166.56,166.8,166.18,166.63,6735695,0,1
2020-06-30,166.31,167.99,166.19,167.37,12746655,166.31,167.99,166.19,167.37,12746655,0,1
2020-07-01,167.05,167.06,165.34,166.62,13183934,167.05,167.06,165.34,166.62,13183934,0,1
2020-07-02,166.2,167.24,166.02,166.98,8750017,166.2,167.24,166.02,166.98,8750017,0,1
2020-07-06,167.75,168,167.19,167.98,7259154,167.75,168,167.19,167.98,7259154,0,1
2020-07-07,167.41,169.04,167.38,169.04,11589391,167.41,169.04,167.38,169.04,11589391,0,1
2020-07-08,170.32,170.86,169.78,170.09,11686924,170.32,170.86,169.78,170.09,11686924,0,1
2020-07-09,170.48,170.64,168.78,169.63,13317747,170.48,170.64,168.78,169.63,13317747,0,1
2020-07-10,169.95,170.15,168.57,169.19,8213071,169.95,170.15,168.57,169.19,8213071,0,1
2020-07-13,170.29,170.42,169.16,169.4,11089698,170.29,170.42,169.16,169.4,11089698,0,1
2020-07-14,168.97,170.2,168.81,170.19,9803313,168.97,170.2,168.81,170.19,9803313,0,1
2020-07-15,169.62,170.43,169.39,170.34,8728537,169.62,170.43,169.39,170.34,8728537,0,1
2020-07-16,169.8,170,168.65,168.73,10283038,169.8,170,168.65,168.73,10283038,0,1
2020-07-17,169.94,170.27,169.61,170.12,10291745,169.94,170.27,169.61,170.12,10291745,0,1
2020-07-20,170.76,171.07,170.27,170.94,10017165,170.76,171.07,170.27,170.94,10017165,0,1
2020-07-21,172.53,173.25,172.31,173,12824492,172.53,173.25,172.31,173,12824492,0,1
2020-07-22,174.05,175.77,173.76,175.63,18712467,174.05,175.77,173.76,175.63,18712467,0,1
2020-07-23,176.17,178.41,175.65,177.18,23006824,176.17,178.41,175.65,177.18,23006824,0,1
2020-07-24,179.14,179.16,178.2,178.7,15601327,179.14,179.16,178.2,178.7,15601327,0,1
2020-07-27,181.85,182.83,181.53,182.23,21115604,181.85,182.83,181.53,182.23,21115604,0,1
2020-07-28,182.02,184.26,181.42,183.75,21164633,182.02,184.26,181.42,183.75,21164633,0,1
2020-07-29,184.0089,186.14,182.39,185.13,25640100,184.0089,186.14,182.39,185.13,25640100,0,1
2020-07-30,183.44,184.33,182.13,183.76,18061227,183.44,184.33,182.13,183.76,18061227,0,1
2020-07-31,184.51,185.7501,184.165,185.43,15885010,184.51,185.7501,184.165,185.43,15885010,0,1
2020-08-03,185.05,185.82,184.2,185.64,12896999,185.05,185.82,184.2,185.64,12896999,0,1
2020-08-04,185.61,189.6,185.21,189.59,20773210,185.61,189.6,185.21,189.59,20773210,0,1
2020-08-05,191.65,193.13,190.62,191.35,27193718,191.65,193.13,190.62,191.35,27193718,0,1
2020-08-06,193.74,194.4499,192.5207,193.89,20640119,193.74,194.4499,192.5207,193.89,20640119,0,1
2020-08-07,192.705,192.96,189.33,190.81,24570160,192.705,192.96,189.33,190.81,24570160,0,1
2020-08-10,191.2,192.61,189.66,190.15,19047223,191.2,192.61,189.66,190.15,19047223,0,1
2020-08-11,183.57,183.98,179.43,179.94,45354997,183.57,183.98,179.43,179.94,45354997,0,1
2020-08-12,182.61,183.1,179.04,179.1,28779419,182.61,183.1,179.04,179.1,28779419,0,1
2020-08-13,181.56,184.7,181.36,183.33,18596773,181.56,184.7,181.36,183.33,18596773,0,1
2020-08-14,183.44,183.72,181.49,182.54,11791981,183.44,183.72,181.49,182.54,11791981,0,1
2020-08-17,184.69,187.01,184.66,186.5,15340780,184.69,187.01,184.66,186.5,15340780,0,1
2020-08-18,189.18,189.4,185.63,188.18,16291627,189.18,189.4,185.63,188.18,16291627,0,1
2020-08-19,187.21,187.46,181.71,182.24,24646942,187.21,187.46,181.71,182.24,24646942,0,1
2020-08-20,181.19,183.71,180.93,183.5,16692201,181.19,183.71,180.93,183.5,16692201,0,1
2020-08-21,182.14,182.81,180.47,182.03,12713741,182.14,182.81,180.47,182.03,12713741,0,1
2020-08-24,182.91,182.925,180.685,181,11605788,182.91,182.925,180.685,181,11605788,0,1
2020-08-25,181.06,181.25,179.731,181.22,10056066,181.06,181.25,179.731,181.22,10056066,0,1
2020-08-26,180.26,183.58,180.2,183.36,12715762,180.26,183.58,180.2,183.36,12715762,0,1
2020-08-27,185,185.17,179.37,181.24,16299207,185,185.17,179.37,181.24,16299207,0,1
2020-08-28,183.98,185.4,183.4046,184.39,13200826,183.98,185.4,183.4046,184.39,13200826,0,1
2020-08-31,184.79,185.53,184.28,184.83,10251152,184.79,185.53,184.28,184.83,10251152,0,1
2020-09-01,186.99,186.99,184.33,185.05,10689058,186.99,186.99,184.33,185.05,10689058,0,1
2020-09-02,183.75,183.86,181.5,182.62,11536946,183.75,183.86,181.5,182.62,11536946,0,1
2020-09-03,182.3,182.82,180.49,181.14,12176904,182.3,182.82,180.49,181.14,12176904,0,1
2020-09-04,180.95,182.1,180.05,181.64,11567864,180.95,182.1,180.05,181.64,11567864,0,1
2020-09-08,179.5,182.27,179.02,181.29,13229196,179.5,182.27,179.02,181.29,13229196,0,1
2020-09-09,182.5,183.22,182.19,183.05,8424118,182.5,183.22,182.19,183.05,8424118,0,1
2020-09-10,184.23,184.68,182.28,182.46,9143612,184.23,184.68,182.28,182.46,9143612,0,1
2020-09-11,183.14,183.5499,182.005,182.45,7662287,183.14,183.5499,182.005,182.45,7662287,0,1
2020-09-14,183.57,184.3,183.39,183.89,9709501,183.57,184.3,183.39,183.89,9709501,0,1
2020-09-15,184.46,184.67,182.92,183.45,7993693,184.46,184.67,182.92,183.45,7993693,0,1
2020-09-16,184.98,185.01,183.33,183.97,12717630,184.98,185.01,183.33,183.97,12717630,0,1
2020-09-17,181.92,183.09,181.48,182.96,8836188,181.92,183.09,181.48,182.96,8836188,0,1
2020-09-18,183.07,184.09,182.64,183.2,9959667,183.07,184.09,182.64,183.2,9959667,0,1
2020-09-21,179.84,180.29,176.75,179.52,17436121,179.84,180.29,176.75,179.52,17436121,0,1
2020-09-22,179.63,180.02,178.11,178.65,7977916,179.63,180.02,178.11,178.65,7977916,0,1
2020-09-23,176.98,177.26,174.1,174.79,18134030,176.98,177.26,174.1,174.79,18134030,0,1
2020-09-24,174.36,176.235,173.77,175.44,11759192,174.36,176.235,173.77,175.44,11759192,0,1
2020-09-25,174.41,175.3,173.89,174.94,6779192,174.41,175.3,173.89,174.94,6779192,0,1
2020-09-28,175.83,176.805,175.09,176.7,7109746,175.83,176.805,175.09,176.7,7109746,0,1
2020-09-29,177.19,178.33,176.95,178.19,8762004,177.19,178.33,176.95,178.19,8762004,0,1
2020-09-30,177.71,178.61,176.66,177.12,8371844,177.71,178.61,176.66,177.12,8371844,0,1
2020-10-01,178.71,179.5,178.0375,178.7,10402833,178.71,179.5,178.0375,178.7,10402833,0,1
2020-10-02,178.69,179.29,178.16,178.54,7488503,178.69,179.29,178.16,178.54,7488503,0,1
2020-10-05,179.02,180.14,178.9,179.41,6969605,179.02,180.14,178.9,179.41,6969605,0,1
2020-10-06,180.16,180.37,177.0513,177.3,8632761,180.16,180.37,177.0513,177.3,8632761,0,1
2020-10-07,177.09,177.42,176.43,177.22,6410899,177.09,177.42,176.43,177.22,6410899,0,1
2020-10-08,178.18,178.45,176.67,177.85,6530845,178.18,178.45,176.67,177.85,6530845,0,1
2020-10-09,180.13,181.17,179.93,181.08,15979775,180.13,181.17,179.93,181.08,15979775,0,1
2020-10-12,180.57,180.83,180.19,180.56,4842997,180.57,180.83,180.19,180.56,4842997,0,1
2020-10-13,178.5633,178.6,177.1,177.72,8384295,178.5633,178.6,177.1,177.72,8384295,0,1
2020-10-14,179.09,179.59,178.27,178.27,9100896,179.09,179.59,178.27,178.27,9100896,0,1
2020-10-15,177.71,179.15,177.59,178.92,6821291,177.71,179.15,177.59,178.92,6821291,0,1
2020-10-16,179.22,179.32,178.13,178.3,7262158,179.22,179.32,178.13,178.3,7262158,0,1
2020-10-19,179.41,179.475,178.37,178.39,6084398,179.41,179.475,178.37,178.39,6084398,0,1
2020-10-20,178.54,179.67,178.08,179.25,7124678,178.54,179.67,178.08,179.25,7124678,0,1
2020-10-21,180.47,181.31,180.23,180.6,7548086,180.47,181.31,180.23,180.6,7548086,0,1
2020-10-22,178.8767,179.02700000000002,177.72,178.83,8376974,178.8767,179.02700000000002,177.72,178.83,8376974,0,1
2020-10-23,179.09,179.2,177.76,178.64,5919276,179.09,179.2,177.76,178.64,5919276,0,1
2020-10-26,178.75,179.14,178.22,178.55,5105103,178.75,179.14,178.22,178.55,5105103,0,1
2020-10-27,178.71,179.43,178.51,179.02,5826871,178.71,179.43,178.51,179.02,5826871,0,1
2020-10-28,176.45,176.85,175.44,176.13,11734083,176.45,176.85,175.44,176.13,11734083,0,1
2020-10-29,175.02,176.14,174.83,175.4,8474453,175.02,176.14,174.83,175.4,8474453,0,1
2020-10-30,177.18,177.36,175.95,176.2,7304589,177.18,177.36,175.95,176.2,7304589,0,1
2020-11-02,177.4499,177.925,177.1301,177.91,6498368,177.4499,177.925,177.1301,177.91,6498368,0,1
2020-11-03,178.95,179.39,178.3,178.92,7577196,178.95,179.39,178.3,178.92,7577196,0,1
2020-11-04,178.93,179.19,177.66,178.82,11117259,178.93,179.19,177.66,178.82,11117259,0,1
2020-11-05,181,183.285,180.97,182.93,16102775,181,183.285,180.97,182.93,16102775,0,1
2020-11-06,183.4,183.53,182.19,183.19,10378266,183.4,183.53,182.19,183.19,10378266,0,1
2020-11-09,176.42,176.45,173.64,175.08,29800706,176.42,176.45,173.64,175.08,29800706,0,1
2020-11-10,176.75,176.91,175.66,175.66,11728459,176.75,176.91,175.66,175.66,11728459,0,1
2020-11-11,174.695,175.28,174.435,174.9,9008471,174.695,175.28,174.435,174.9,9008471,0,1
2020-11-12,176.04,176.765,175.84,175.96,7182263,176.04,176.765,175.84,175.96,7182263,0,1
2020-11-13,177.65,177.8,176.84,177.16,6470910,177.65,177.8,176.84,177.16,6470910,0,1
2020-11-16,177.23,177.91,176.87,177.15,8358474,177.23,177.91,176.87,177.15,8358474,0,1
2020-11-17,177.25,177.44,176.0903,176.5,8229142,177.25,177.44,176.0903,176.5,8229142,0,1
2020-11-18,176.26,176.86,175.35,175.49,7384661,176.26,176.86,175.35,175.49,7384661,0,1
2020-11-19,174.3,175.22,174.17,175.16,6965056,174.3,175.22,174.17,175.16,6965056,0,1
2020-11-20,176.12,176.38,175.58,175.69,6380936,176.12,176.38,175.58,175.69,6380936,0,1
2020-11-23,175.1,175.24,171.78,172.23,15510552,175.1,175.24,171.78,172.23,15510552,0,1
2020-11-24,169.3,169.69,168.86,169.59,18823230,169.3,169.69,168.86,169.59,18823230,0,1
2020-11-25,169.975,170.52,169.24,169.51,10286575,169.975,170.52,169.24,169.51,10286575,0,1
2020-11-27,166.9,167.8298,166.78,167.79,10569141,166.9,167.8298,166.78,167.79,10569141,0,1
2020-11-30,166.68,167.43,166.03,166.67,13209977,166.68,167.43,166.03,166.67,13209977,0,1
2020-12-01,169.76,170.48,169.3,170.18,13457085,169.76,170.48,169.3,170.18,13457085,0,1
2020-12-02,170.57,171.76,170.15,171.46,9199741,170.57,171.76,170.15,171.46,9199741,0,1
2020-12-03,172.64,172.85,171.08,172.81,10457274,172.64,172.85,171.08,172.81,10457274,0,1
2020-12-04,172.78,173.32,171.59,172.32,10098639,172.78,173.32,171.59,172.32,10098639,0,1
2020-12-07,172.56,175.29,172.51,174.89,10555101,172.56,175.29,172.51,174.89,10555101,0,1
2020-12-08,175.51,175.93,174.72,175.5,6348418,175.51,175.93,174.72,175.5,6348418,0,1
2020-12-09,173.92,174.0399,171.24,172.5,10743185,173.92,174.0399,171.24,172.5,10743185,0,1
2020-12-10,172.9,173.58,171.7,172.17,6564030,172.9,173.58,171.7,172.17,6564030,0,1
2020-12-11,172.25,173.32,172.11,172.49,6084848,172.25,173.32,172.11,172.49,6084848,0,1
2020-12-14,171.91,172.52,170.91,171.54,7644419,171.91,172.52,170.91,171.54,7644419,0,1
2020-12-15,173.43,173.9799,173.055,173.94,6848629,173.43,173.9799,173.055,173.94,6848629,0,1
2020-12-16,174.13,175.015,173.02,174.9,8174737,174.13,175.015,173.02,174.9,8174737,0,1
2020-12-17,177.15,177.87,176.575,176.74,9475790,177.15,177.87,176.575,176.74,9475790,0,1
2020-12-18,176.65,176.98,176.1,176.44,6789888,176.65,176.98,176.1,176.44,6789888,0,1
2020-12-21,176.29,176.94,175.76,175.88,8168924,176.29,176.94,175.76,175.88,8168924,0,1
2020-12-22,176.2,176.34,174.34,174.49,9447403,176.2,176.34,174.34,174.49,9447403,0,1
2020-12-23,175.1,176.21,175.06,175.65,6542767,175.1,176.21,175.06,175.65,6542767,0,1
2020-12-24,175.55,176.37,175.5145,176.35,3695443,175.55,176.37,175.5145,176.35,3695443,0,1
2020-12-28,177.26,177.91,175.625,175.71,7750613,177.26,177.91,175.625,175.71,7750613,0,1
2020-12-29,176.25,176.97,175.57,176.35,5983741,176.25,176.97,175.57,176.35,5983741,0,1
2020-12-30,176.44,177.72,176.44,177.7,5914039,176.44,177.72,176.44,177.7,5914039,0,1
2020-12-31,178.07,178.4,177.32,178.36,7540757,178.07,178.4,177.32,178.36,7540757,0,1
2021-01-04,181.97,182.4,180.955,182.33,14331436,181.97,182.4,180.955,182.33,14331436,0,1
2021-01-05,182.87,183.21,181.8239,182.87,12718753,182.87,183.21,181.8239,182.87,12718753,0,1
2021-01-06,181.49,181.58,178.24,179.9,18453495,181.49,181.58,178.24,179.9,18453495,0,1
2021-01-07,179.69,179.92,178.84,179.48,7110214,179.69,179.92,178.84,179.48,7110214,0,1
2021-01-08,176.83,176.9899,171.48,173.34,24399895,176.83,176.9899,171.48,173.34,24399895,0,1
2021-01-11,172.14,173.68,172.03,173,8579195,172.14,173.68,172.03,173,8579195,0,1
2021-01-12,173.13,174.18,172.32,174.12,9699545,173.13,174.18,172.32,174.12,9699545,0,1
2021-01-13,173.68,174.46,173.05,173.37,14110299,173.68,174.46,173.05,173.37,14110299,0,1
2021-01-14,173.44,174.22,172.655,173.28,13522670,173.44,174.22,172.655,173.28,13522670,0,1
2021-01-15,172.8437,173.07,170.975,171.13,16172494,172.8437,173.07,170.975,171.13,16172494,0,1
2021-01-19,172.71,172.85,171.92,172.58,7485700,172.71,172.85,171.92,172.58,7485700,0,1
2021-01-20,174.37,175.467,173.82,175.39,9456038,174.37,175.467,173.82,175.39,9456038,0,1
2021-01-21,175.11,175.51,174.51,175.28,7250164,175.11,175.51,174.51,175.28,7250164,0,1
2021-01-22,172.89,174.29,172.35,173.9,7269592,172.89,174.29,172.35,173.9,7269592,0,1
2021-01-25,174.8199,174.96,173.19,174.05,5936770,174.8199,174.96,173.19,174.05,5936770,0,1
2021-01-26,173.98,174.26,173.4202,173.62,4685568,173.98,174.26,173.4202,173.62,4685568,0,1
2021-01-27,172.93,173.52,171.66,172.52,9036528,172.93,173.52,171.66,172.52,9036528,0,1
2021-01-28,174.28,174.73,172.04,172.68,9392363,174.28,174.73,172.04,172.68,9392363,0,1
2021-01-29,174.87,175.1633,172.61,172.61,11252816,174.87,175.1633,172.61,172.61,11252816,0,1
2021-02-01,175.02,175.26,174.06,174.23,9079082,175.02,175.26,174.06,174.23,9079082,0,1
2021-02-02,172.49,172.53,171.51,172.11,7163267,172.49,172.53,171.51,172.11,7163267,0,1
2021-02-03,172.36,172.5901,171.5,171.85,4658060,172.36,172.5901,171.5,171.85,4658060,0,1
2021-02-04,168.29,168.395,167.34,168.15,13736624,168.29,168.395,167.34,168.15,13736624,0,1
2021-02-05,168.99,170.18,168.67,169.81,6538458,168.99,170.18,168.67,169.81,6538458,0,1
2021-02-08,171.9799,172.4,171.49,171.52,6887535,171.9799,172.4,171.49,171.52,6887535,0,1
2021-02-09,172.57,173.03,171.75,172.08,5020659,172.57,173.03,171.75,172.08,5020659,0,1
2021-02-10,173.15,173.22,172.01,172.71,6064966,173.15,173.22,172.01,172.71,6064966,0,1
2021-02-11,172.7,172.87099999999998,170.71,171.21,5994522,172.7,172.87099999999998,170.71,171.21,5994522,0,1
2021-02-12,170.29,171.65,169.88,170.69,6018930,170.29,171.65,169.88,170.69,6018930,0,1
2021-02-16,168.14,170.065,167.73,168.24,14761087,168.14,170.065,167.73,168.24,14761087,0,1
2021-02-17,166.92,167.34,165.85,166.33,11252788,166.92,167.34,165.85,166.33,11252788,0,1
2021-02-18,166.98,167.3,165.73,166.32,7498157,166.98,167.3,165.73,166.32,7498157,0,1
2021-02-19,166.76,167.94,166.6,167.01,8273502,166.76,167.94,166.6,167.01,8273502,0,1
2021-02-22,168.54,169.89,168.3,169.51,9981965,168.54,169.89,168.3,169.51,9981965,0,1
2021-02-23,169.48,169.74,168.28,169.12,8616789,169.48,169.74,168.28,169.12,8616789,0,1
2021-02-24,167.65,169.14,167.15,169,8890612,167.65,169.14,167.15,169,8890612,0,1
2021-02-25,166.92,167.66,165.45,165.82,16233818,166.92,167.66,165.45,165.82,16233818,0,1
2021-02-26,165,165.1,160.95,161.81,22706300,165,165.1,160.95,161.81,22706300,0,1
2021-03-01,163.03,163.35,161.16,161.53,13828347,163.03,163.35,161.16,161.53,13828347,0,1
2021-03-02,161.93,162.925,161.22,162.41,11424608,161.93,162.925,161.22,162.41,11424608,0,1
2021-03-03,160.61,161.69,159.485,160.62,13059936,160.61,161.69,159.485,160.62,13059936,0,1
2021-03-04,160.6,161.455,158.43,159.04,13870077,160.6,161.455,158.43,159.04,13870077,0,1
2021-03-05,159.66,159.82,158.55,159.14,12068139,159.66,159.82,158.55,159.14,12068139,0,1
2021-03-08,158.58,158.74,157.1297,157.49,12134854,158.58,158.74,157.1297,157.49,12134854,0,1
2021-03-09,160.75,161.2521,160.415,160.84,10382555,160.75,161.2521,160.415,160.84,10382555,0,1
2021-03-10,161.06,161.78,160.66,161.66,7962003,161.06,161.78,160.66,161.66,7962003,0,1
2021-03-11,161.47,161.98,161.12,161.52,6749209,161.47,161.98,161.12,161.52,6749209,0,1
2021-03-12,159.54,161.69,159.35,161.49,8608514,159.54,161.69,159.35,161.49,8608514,0,1
2021-03-15,162.305,162.55,161.43,162.2,8110140,162.305,162.55,161.43,162.2,8110140,0,1
2021-03-16,162.36,163.2,161.81,162.35,7547417,162.36,163.2,161.81,162.35,7547417,0,1
2021-03-17,162.268,164.15,161.48,163.51,12626689,162.268,164.15,161.48,163.51,12626689,0,1
2021-03-18,161.15,162.82,161.11,162.56,8731762,161.15,162.82,161.11,162.56,8731762,0,1
2021-03-19,162.56,163.43,162.4299,163.24,6868892,162.56,163.43,162.4299,163.24,6868892,0,1
2021-03-22,162.27,163.13,162.16,163,5239970,162.27,163.13,162.16,163,5239970,0,1
2021-03-23,162.45,162.49,161.592,161.81,6048301,162.45,162.49,161.592,161.81,6048301,0,1
2021-03-24,162.21,162.89,161.94,162.37,6183666,162.21,162.89,161.94,162.37,6183666,0,1
2021-03-25,163.0599,163.5799,161.32,161.78,8398596,163.0599,163.5799,161.32,161.78,8398596,0,1
2021-03-26,161.71,162.73,161.6499,162.24,6153894,161.71,162.73,161.6499,162.24,6153894,0,1
2021-03-29,161.46,161.52,159.83,160.31,8409316,161.46,161.52,159.83,160.31,8409316,0,1
2021-03-30,157.94,158.2,157.55,157.57,8353246,157.94,158.2,157.55,157.57,8353246,0,1
2021-03-31,158.06,160.68,158.05,159.96,10623771,158.06,160.68,158.05,159.96,10623771,0,1
2021-04-01,161.56,162.11,161.28,161.98,7105228,161.56,162.11,161.28,161.98,7105228,0,1
2021-04-05,161.52,162.4047,161.36,161.92,6163799,161.52,162.4047,161.36,161.92,6163799,0,1
2021-04-06,162.79,163.53,162.75,163.22,6761166,162.79,163.53,162.75,163.22,6761166,0,1
2021-04-07,162.82,163.31,162.5,162.76,5436014,162.82,163.31,162.5,162.76,5436014,0,1
2021-04-08,164.1679,164.77,164.14,164.51,6574524,164.1679,164.77,164.14,164.51,6574524,0,1
2021-04-09,162.75,163.66,162.48,163.27,6657898,162.75,163.66,162.48,163.27,6657898,0,1
2021-04-12,162.73,162.8,161.81,162.28,4896669,162.73,162.8,161.81,162.28,4896669,0,1
2021-04-13,163.18,163.85,163.03,163.43,6995903,163.18,163.85,163.03,163.43,6995903,0,1
2021-04-14,162.77,163.05,162.3,162.72,6312296,162.77,163.05,162.3,162.72,6312296,0,1
2021-04-15,164.07,165.79,164.03,165.35,8250646,164.07,165.79,164.03,165.35,8250646,0,1
2021-04-16,166.24,166.81099999999998,165.94,166.35,10057602,166.24,166.81099999999998,165.94,166.35,10057602,0,1
2021-04-19,165.91,166.44,165.72,165.89,5721727,165.91,166.44,165.72,165.89,5721727,0,1
2021-04-20,165.65,166.81,165.62,166.48,6531979,165.65,166.81,165.62,166.48,6531979,0,1
2021-04-21,167.18,168.39,167.15,168.13,8380178,167.18,168.39,167.15,168.13,8380178,0,1
2021-04-22,167.11,167.53,166.4901,167.04,7680140,167.11,167.53,166.4901,167.04,7680140,0,1
2021-04-23,167.37,167.53,165.78,166.4,7107484,167.37,167.53,165.78,166.4,7107484,0,1
2021-04-26,166.63,166.865,166.05,166.84,4786613,166.63,166.865,166.05,166.84,4786613,0,1
2021-04-27,166.92,167.15,166.28,166.42,5363499,166.92,167.15,166.28,166.42,5363499,0,1
2021-04-28,165.75,166.96,165.49,166.91,6932217,165.75,166.96,165.49,166.91,6932217,0,1
2021-04-29,165.58,166.26,164.47,166.22,9067627,165.58,166.26,164.47,166.22,9067627,0,1
2021-04-30,165.86,166,165.24,165.66,6248711,165.86,166,165.24,165.66,6248711,0,1
2021-05-03,167.61,168.43,167.41,167.81,9014708,167.61,168.43,167.41,167.81,9014708,0,1
2021-05-04,167.69,168.55,165.5,166.58,10267411,167.69,168.55,165.5,166.58,10267411,0,1
2021-05-05,166.63,167.31,166.61,167.27,5950000,166.63,167.31,166.61,167.27,5950000,0,1
2021-05-06,167.95,170.29,167.92,170.06,13574072,167.95,170.29,167.92,170.06,13574072,0,1
2021-05-07,171.53,172.5501,171,171.59,14748628,171.53,172.5501,171,171.59,14748628,0,1
2021-05-10,172.74,172.84,171.78,172.11,8276584,172.74,172.84,171.78,172.11,8276584,0,1
2021-05-11,170.5582,172.17,170.27,172.14,8348213,170.5582,172.17,170.27,172.14,8348213,0,1
2021-05-12,171.4321,171.835,170.345,170.43,12666262,171.4321,171.835,170.345,170.43,12666262,0,1
2021-05-13,170.35,171.27,170.225,171.13,8078266,170.35,171.27,170.225,171.13,8078266,0,1
2021-05-14,172.05,172.7,171.82,172.69,9686777,172.05,172.7,171.82,172.69,9686777,0,1
2021-05-17,173.3,175,173.28,174.7,11956831,173.3,175,173.28,174.7,11956831,0,1
2021-05-18,175.18,175.21,174.46,175.04,7294010,175.18,175.21,174.46,175.04,7294010,0,1
2021-05-19,175.14,177,174.345,175.16,20741106,175.14,177,174.345,175.16,20741106,0,1
2021-05-20,175.32,176.46,175.11,175.96,9802799,175.32,176.46,175.11,175.96,9802799,0,1
2021-05-21,176.58,176.8602,175.145,176.04,7677190,176.58,176.8602,175.145,176.04,7677190,0,1
2021-05-24,176.15,176.59,175.87,176.35,5557339,176.15,176.59,175.87,176.35,5557339,0,1
2021-05-25,176.15,177.95,176.04,177.95,8986945,176.15,177.95,176.04,177.95,8986945,0,1
2021-05-26,178.368,178.61,177.04,177.64,8495383,178.368,178.61,177.04,177.64,8495383,0,1
2021-05-27,177.39,177.82,176.81,177.71,7992951,177.39,177.82,176.81,177.71,7992951,0,1
2021-05-28,177.46,178.43,177.2411,178.38,9968324,177.46,178.43,177.2411,178.38,9968324,0,1
2021-06-01,178.76,178.85,177.19,177.9,9143250,178.76,178.85,177.19,177.9,9143250,0,1
2021-06-02,178.34,178.78,177.97,178.77,6613106,178.34,178.78,177.97,178.77,6613106,0,1
2021-06-03,175.83,175.83,174.66,175.27,10153899,175.83,175.83,174.66,175.27,10153899,0,1
2021-06-04,176.65,177.57,176.61,177.16,8375264,176.65,177.57,176.61,177.16,8375264,0,1
2021-06-07,176.96,177.9,176.63,177.87,7709094,176.96,177.9,176.63,177.87,7709094,0,1
2021-06-08,177.23,177.54,176.37,177.32,5905832,177.23,177.54,176.37,177.32,5905832,0,1
2021-06-09,177.38,177.8,176.78,176.98,6346094,177.38,177.8,176.78,176.98,6346094,0,1
2021-06-10,176.7,177.85,176.48,177.74,9896612,176.7,177.85,176.48,177.74,9896612,0,1
2021-06-11,176.33,176.57,175.48,175.74,7836860,176.33,176.57,175.48,175.74,7836860,0,1
2021-06-14,173.16,175.06,172.95,174.71,7733645,173.16,175.06,172.95,174.71,7733645,0,1
2021-06-15,174.78,174.915,173.34,174.05,7550154,174.78,174.915,173.34,174.05,7550154,0,1
2021-06-16,173.91,174.465,171.03,171.11,16039864,173.91,174.465,171.03,171.11,16039864,0,1
2021-06-17,167.02,167.615,165.44,165.85,27232236,167.02,167.615,165.44,165.85,27232236,0,1
2021-06-18,166.14,166.72,164.87,164.93,15744310,166.14,166.72,164.87,164.93,15744310,0,1
2021-06-21,166.52,167.2218,166,166.95,8370991,166.52,167.2218,166,166.95,8370991,0,1
2021-06-22,166.35,166.915,166.01,166.25,7223919,166.35,166.915,166.01,166.25,7223919,0,1
2021-06-23,166.97,168.03,165.97,166.14,8474276,166.97,168.03,165.97,166.14,8474276,0,1
2021-06-24,167,167.23,166.01,166.04,6903352,167,167.23,166.01,166.04,6903352,0,1
2021-06-25,167.45,167.525,166.29,166.59,7473679,167.45,167.525,166.29,166.59,7473679,0,1
2021-06-28,166.68,166.91,166.3575,166.58,6508902,166.68,166.91,166.3575,166.58,6508902,0,1
2021-06-29,164.34,165.2782,164.01,164.83,7451415,164.34,165.2782,164.01,164.83,7451415,0,1
2021-06-30,164.57,166.1,164.29,165.63,7955839,164.57,166.1,164.29,165.63,7955839,0,1
2021-07-01,166.65,166.88,165.5,166.2,7430497,166.65,166.88,165.5,166.2,7430497,0,1
2021-07-02,167.35,167.715,166.4,167.29,7873574,167.35,167.715,166.4,167.29,7873574,0,1
2021-07-06,169.27,169.65,167.54,168.12,7932050,169.27,169.65,167.54,168.12,7932050,0,1
2021-07-07,168.72,169.23,168.19,168.76,7108909,168.72,169.23,168.19,168.76,7108909,0,1
2021-07-08,169.82,169.855,167.91,168.65,7244275,169.82,169.855,167.91,168.65,7244275,0,1
2021-07-09,168.84,169.62,168.66,169.21,4997398,168.84,169.62,168.66,169.21,4997398,0,1
2021-07-12,168.7,169.16,167.64,169,7315422,168.7,169.16,167.64,169,7315422,0,1
2021-07-13,169.51,169.9,168.93,169.22,7040277,169.51,169.9,168.93,169.22,7040277,0,1
2021-07-14,170.91,171.04,170.28,171.04,8830335,170.91,171.04,170.28,171.04,8830335,0,1
2021-07-15,170.89,171.3,170.34,171.07,6520126,170.89,171.3,170.34,171.07,6520126,0,1
2021-07-16,170.65,170.95,169.28,169.41,9460348,170.65,170.95,169.28,169.41,9460348,0,1
2021-07-19,169.51,169.91,168.89,169.61,6707365,169.51,169.91,168.89,169.61,6707365,0,1
2021-07-20,170.51,170.8,168.92,169.39,6540058,170.51,170.8,168.92,169.39,6540058,0,1
2021-07-21,168.33,169,168.14,168.76,4622581,168.33,169,168.14,168.76,4622581,0,1
2021-07-22,168.49,169.19099999999997,168.06,169.09,4793605,168.49,169.19099999999997,168.06,169.09,4793605,0,1
2021-07-23,168.5,168.88,167.95,168.56,5831463,168.5,168.88,167.95,168.56,5831463,0,1
2021-07-26,168.58,168.86,168.08,168.16,5229817,168.58,168.86,168.08,168.16,5229817,0,1
2021-07-27,168.73,168.905,167.93,168.44,6300183,168.73,168.905,167.93,168.44,6300183,0,1
2021-07-28,168.26,169.38,167.72,169.29,7905846,168.26,169.38,167.72,169.29,7905846,0,1
2021-07-29,170.7,171.52,170.67,171.17,8092385,170.7,171.52,170.67,171.17,8092385,0,1
2021-07-30,170.72,170.99,169.38,169.82,7391706,170.72,170.99,169.38,169.82,7391706,0,1
2021-08-02,169.3,170.245,169.1,169.61,10783240,169.3,170.245,169.1,169.61,10783240,0,1
2021-08-03,169.42,169.83,169.21,169.49,5402340,169.42,169.83,169.21,169.49,5402340,0,1
2021-08-04,171.28,171.4,168.99,169.53,9796349,171.28,171.4,168.99,169.53,9796349,0,1
2021-08-05,169.37,169.4371,168.203,168.86,7893245,169.37,169.4371,168.203,168.86,7893245,0,1
2021-08-06,165.84,165.93,164.55,164.64,13547643,165.84,165.93,164.55,164.64,13547643,0,1
2021-08-09,163.01,163.295,161.26,161.72,11546973,163.01,163.295,161.26,161.72,11546973,0,1
2021-08-10,161.39,162.11,160.68,161.77,6870766,161.39,162.11,160.68,161.77,6870766,0,1
2021-08-11,163.15,164.17,162.68,164,7382417,163.15,164.17,162.68,164,7382417,0,1
2021-08-12,163.65,164.1,162.9335,164.04,5222080,163.65,164.1,162.9335,164.04,5222080,0,1
2021-08-13,165.02,166.46,164.89,166.39,7388246,165.02,166.46,164.89,166.39,7388246,0,1
2021-08-16,166.73,167.39,166.59,167.22,7781796,166.73,167.39,166.59,167.22,7781796,0,1
2021-08-17,167.29,167.73,166.56,166.97,7106992,167.29,167.73,166.56,166.97,7106992,0,1
2021-08-18,167.24,167.51,166.26,167.1,7697931,167.24,167.51,166.26,167.1,7697931,0,1
2021-08-19,167.24,167.29,166.16,166.61,6934268,167.24,167.29,166.16,166.61,6934268,0,1
2021-08-20,166.8,167.14,166.36,166.7,7154348,166.8,167.14,166.36,166.7,7154348,0,1
2021-08-23,168.82,168.91,167.96,168.73,8190548,168.82,168.91,167.96,168.73,8190548,0,1
2021-08-24,169.04,169.27,168.52,168.65,4519173,169.04,169.27,168.52,168.65,4519173,0,1
2021-08-25,167.88,167.92,166.74,167.48,5588751,167.88,167.92,166.74,167.48,5588751,0,1
2021-08-26,167.21,168.21,166.83,167.67,4371866,167.21,168.21,166.83,167.67,4371866,0,1
2021-08-27,167.58,170.19,166.87,170.19,10036431,167.58,170.19,166.87,170.19,10036431,0,1
2021-08-30,169.66,169.835,169.09,169.35,3768628,169.66,169.835,169.09,169.35,3768628,0,1
2021-08-31,169.23,169.92,168.75,169.69,6336002,169.23,169.92,168.75,169.69,6336002,0,1
2021-09-01,169.94,170,169.16,169.7,4764866,169.94,170,169.16,169.7,4764866,0,1
2021-09-02,169.5,169.63,168.82,169.25,4601128,169.5,169.63,168.82,169.25,4601128,0,1
2021-09-03,170.59,171.55,170.15,171.06,8353646,170.59,171.55,170.15,171.06,8353646,0,1
2021-09-07,169.56,169.78,167.63,167.71,10007697,169.56,169.78,167.63,167.71,10007697,0,1
2021-09-08,168.02,168.08,166.7,167.29,6575990,168.02,168.08,166.7,167.29,6575990,0,1
2021-09-09,168.17,168.28,166.83,168.03,6641424,168.17,168.28,166.83,168.03,6641424,0,1
2021-09-10,167.81,168.08,167.145,167.18,7426272,167.81,168.08,167.145,167.18,7426272,0,1
2021-09-13,167.45,168.22,167.395,167.74,5474323,167.45,168.22,167.395,167.74,5474323,0,1
2021-09-14,168.22,169.16,167.48,168.82,7922917,168.22,169.16,167.48,168.82,7922917,0,1
2021-09-15,168.1332,168.36,167.45,167.83,5624883,168.1332,168.36,167.45,167.83,5624883,0,1
2021-09-16,164.38,164.44,163.233,164.03,11780399,164.38,164.44,163.233,164.03,11780399,0,1
2021-09-17,163.86,164.32,163.4,163.77,8369679,163.86,164.32,163.4,163.77,8369679,0,1
2021-09-20,164.29,165.28,164.07,164.94,7566577,164.29,165.28,164.07,164.94,7566577,0,1
2021-09-21,165.81,166.63,165.49,166.04,7181458,165.81,166.63,165.49,166.04,7181458,0,1
2021-09-22,165.89,167.15,165.03,165.42,9777794,165.89,167.15,165.03,165.42,9777794,0,1
2021-09-23,164.1,164.2,163.27,163.51,8451899,164.1,164.2,163.27,163.51,8451899,0,1
2021-09-24,163,164,162.74,163.3,6937521,163,164,162.74,163.3,6937521,0,1
2021-09-27,163.85,164.3608,163.51,163.64,4942989,163.85,164.3608,163.51,163.64,4942989,0,1
2021-09-28,162.73,162.82,161.73,162.05,9282755,162.73,162.82,161.73,162.05,9282755,0,1
2021-09-29,162.35,162.74,160.97,161.32,8360656,162.35,162.74,160.97,161.32,8360656,0,1
2021-09-30,162.66,164.95,162.34,164.22,10574824,162.66,164.95,162.34,164.22,10574824,0,1
2021-10-01,164.27,164.96,163.885,164.59,6654686,164.27,164.96,163.885,164.59,6654686,0,1
2021-10-04,163.69,165.54,163.47,165.36,7651658,163.69,165.54,163.47,165.36,7651658,0,1
2021-10-05,163.94,164.85,163.49,164.59,5617283,163.94,164.85,163.49,164.59,5617283,0,1
2021-10-06,164.23,165.06,164.1531,165.03,6067156,164.23,165.06,164.1531,165.03,6067156,0,1
2021-10-07,164.02,164.8507,163.96,164.16,4791505,164.02,164.8507,163.96,164.16,4791505,0,1
2021-10-08,166.32,166.42,164.135,164.23,8536109,166.32,166.42,164.135,164.23,8536109,0,1
2021-10-11,164.04,164.58,163.91,163.92,3820087,164.04,164.58,163.91,163.92,3820087,0,1
2021-10-12,164.5701,165.44,164.31,164.66,5453049,164.5701,165.44,164.31,164.66,5453049,0,1
2021-10-13,165.28,167.92,165.28,167.59,11118291,165.28,167.92,165.28,167.59,11118291,0,1
2021-10-14,168.19,168.22,167.71,168,5083847,168.19,168.22,167.71,168,5083847,0,1
2021-10-15,165.39,166.09,165.1,165.33,8699223,165.39,166.09,165.1,165.33,8699223,0,1
2021-10-18,165.42,165.59,164.81,164.92,4029594,165.42,165.59,164.81,164.92,4029594,0,1
2021-10-19,166.5,166.5,165.2001,165.45,6588473,166.5,166.5,165.2001,165.45,6588473,0,1
2021-10-20,166.21,167.11,165.9258,166.9,5022036,166.21,167.11,165.9258,166.9,5022036,0,1
2021-10-21,166.7,166.94,166.24,166.75,4412389,166.7,166.94,166.24,166.75,4412389,0,1
2021-10-22,168.67,169.54,166.67,167.77,10703927,168.67,169.54,166.67,167.77,10703927,0,1
2021-10-25,168.66,169.21,168.53,168.93,4881346,168.66,169.21,168.53,168.93,4881346,0,1
2021-10-26,167.88,167.91,166.63,167.68,6658890,167.88,167.91,166.63,167.68,6658890,0,1
2021-10-27,167.73,168.2,166.86,168.12,5823080,167.73,168.2,166.86,168.12,5823080,0,1
2021-10-28,168.98,169.25,167.53,168.08,7000717,168.98,169.25,167.53,168.08,7000717,0,1
2021-10-29,166.29,166.73,165.64,166.65,7531872,166.29,166.73,165.64,166.65,7531872,0,1
2021-11-01,167.38,167.84,166.91,167.52,4963736,167.38,167.84,166.91,167.52,4963736,0,1
2021-11-02,167.43,167.63,166.963,167.16,3603983,167.43,167.63,166.963,167.16,3603983,0,1
2021-11-03,165.34,165.95,164.38,165.77,9055208,165.34,165.95,164.38,165.77,9055208,0,1
2021-11-04,167.51,168.14,167.37,167.65,6656097,167.51,168.14,167.37,167.65,6656097,0,1
2021-11-05,168.42,169.94,167.85,169.84,9368948,168.42,169.94,167.85,169.84,9368948,0,1
2021-11-08,170.43,170.7,170.06,170.45,4966135,170.43,170.7,170.06,170.45,4966135,0,1
2021-11-09,170.73,171.31,170.12,171.29,5686157,170.73,171.31,170.12,171.29,5686157,0,1
2021-11-10,173.67,174.65,172.11,173.15,11461779,173.67,174.65,172.11,173.15,11461779,0,1
2021-11-11,173.98,174.27,173.74,174.12,5959640,173.98,174.27,173.74,174.12,5959640,0,1
2021-11-12,173.51,174.67,173.4,174.45,7638200,173.51,174.67,173.4,174.45,7638200,0,1
2021-11-15,174.1,174.59,173.69,174.18,5630808,174.1,174.59,173.69,174.18,5630808,0,1
2021-11-16,173.97,174.48,172.86,172.92,8667323,173.97,174.48,172.86,172.92,8667323,0,1
2021-11-17,174.24,174.605,173.89,174.5,6523061,174.24,174.605,173.89,174.5,6523061,0,1
2021-11-18,173.96,174.36,173.53,173.94,6253445,173.96,174.36,173.53,173.94,6253445,0,1
2021-11-19,173.69,174.1,172.235,172.61,8787253,173.69,174.1,172.235,172.61,8787253,0,1
2021-11-22,169.9,170.44,168.42,168.74,13100511,169.9,170.44,168.42,168.74,13100511,0,1
2021-11-23,167.28,167.6,166.53,167.28,8053370,167.28,167.6,166.53,167.28,8053370,0,1
2021-11-24,166.5825,167.44,166.32,167.12,5359457,166.5825,167.44,166.32,167.12,5359457,0,1
2021-11-26,168.6,168.64,166.37,166.85,9605192,168.6,168.64,166.37,166.85,9605192,0,1
2021-11-29,166.84,167.255,166.38,166.62,7394940,166.84,167.255,166.38,166.62,7394940,0,1
2021-11-30,167.77,169.01,165.37,165.5,12925270,167.77,169.01,165.37,165.5,12925270,0,1
2021-12-01,166.84,167.47,166.06,166.16,7825484,166.84,167.47,166.06,166.16,7825484,0,1
2021-12-02,165.89,165.9405,164.63,165.24,9604118,165.89,165.9405,164.63,165.24,9604118,0,1
2021-12-03,165.49,166.93,165,166.63,9507938,165.49,166.93,165,166.63,9507938,0,1
2021-12-06,166.14,166.8,165.93,166.22,4813624,166.14,166.8,165.93,166.22,4813624,0,1
2021-12-07,166.2,167.08,166.18,166.81,4900713,166.2,167.08,166.18,166.81,4900713,0,1
2021-12-08,166.51,166.96,166.28,166.9,4288935,166.51,166.96,166.28,166.9,4288935,0,1
2021-12-09,166.54,166.58,165.65,165.88,4913771,166.54,166.58,165.65,165.88,4913771,0,1
2021-12-10,166.72,166.915,166.18,166.58,6450614,166.72,166.915,166.18,166.58,6450614,0,1
2021-12-13,166.9,167.255,166.67,167,6610673,166.9,167.255,166.67,167,6610673,0,1
2021-12-14,165.34,166.14,165.16,165.44,8637879,165.34,166.14,165.16,165.44,8637879,0,1
2021-12-15,165.27,166.4,163.8,166.15,14231184,165.27,166.4,163.8,166.15,14231184,0,1
2021-12-16,167.01,168.18,166.94,168.16,11186197,167.01,168.18,166.94,168.16,11186197,0,1
2021-12-17,168.73,169.125,167.78,167.8,9867792,168.73,169.125,167.78,167.8,9867792,0,1
2021-12-20,167.88,168,167.06,167.09,6972959,167.88,168,167.06,167.09,6972959,0,1
2021-12-21,167.69,167.7754,166.74,167.02,4548504,167.69,167.7754,166.74,167.02,4548504,0,1
2021-12-22,167.58,168.64,167.11,168.59,4672941,167.58,168.64,167.11,168.59,4672941,0,1
2021-12-23,168.69,169.16,168.01,168.97,4551124,168.69,169.16,168.01,168.97,4551124,0,1
2021-12-27,168.96,169.42,168.78,169.37,4763297,168.96,169.42,168.78,169.37,4763297,0,1
2021-12-28,169.33,169.65,168.62,168.64,4545714,169.33,169.65,168.62,168.64,4545714,0,1
2021-12-29,167.36,168.69,167.28,168.59,5889714,167.36,168.69,167.28,168.59,5889714,0,1
2021-12-30,168.43,169.81,168.37,169.8,5426311,168.43,169.81,168.37,169.8,5426311,0,1
2021-12-31,170.53,171.04,170.04,170.96,6911001,170.53,171.04,170.04,170.96,6911001,0,1
2022-01-03,168.86,169.01,168,168.33,9014423,168.86,169.01,168,168.33,9014423,0,1
2022-01-04,168.9,169.72,168.73,169.57,6965598,168.9,169.72,168.73,169.57,6965598,0,1
2022-01-05,170.62,170.93,168.9,169.06,8715585,170.62,170.93,168.9,169.06,8715585,0,1
2022-01-06,167.16,167.75,166.86,166.99,10902661,167.16,167.75,166.86,166.99,10902661,0,1
2022-01-07,167.37,168.01,166.86,167.75,8191936,167.37,168.01,166.86,167.75,8191936,0,1
2022-01-10,167.36,168.3,167.31,168.26,7026475,167.36,168.3,167.31,168.26,7026475,0,1
2022-01-11,168.44,170.31,168.37,170.29,8313121,168.44,170.31,168.37,170.29,8313121,0,1
2022-01-12,170.19,170.75,170.01,170.74,6280745,170.19,170.75,170.01,170.74,6280745,0,1
2022-01-13,170.09,170.22,169.27,170.16,7034202,170.09,170.22,169.27,170.16,7034202,0,1
2022-01-14,170.22,170.56,169.4796,169.67,7865900,170.22,170.56,169.4796,169.67,7865900,0,1
2022-01-18,169.6401,170.005,169.09,169.39,9095749,169.6401,170.005,169.09,169.39,9095749,0,1
2022-01-19,170.3919,172.1895,170.2,172.08,15712388,170.3919,172.1895,170.2,172.08,15712388,0,1
2022-01-20,172.31,172.5999,171.585,171.65,9570477,172.31,172.5999,171.585,171.65,9570477,0,1
2022-01-21,172.04,172.12,170.74,171.09,10982517,172.04,172.12,170.74,171.09,10982517,0,1
2022-01-24,171.78,172.14,170.85,172.03,15735970,171.78,172.14,170.85,172.03,15735970,0,1
2022-01-25,171.95,173.1499,171.775,172.58,17382097,171.95,173.1499,171.775,172.58,17382097,0,1
2022-01-26,171.39,171.725,169.48,169.79,17799403,171.39,171.725,169.48,169.79,17799403,0,1
2022-01-27,168.02,169.09,167.325,167.6,15875306,168.02,169.09,167.325,167.6,15875306,0,1
2022-01-28,166.56,167.46,166.365,167.1,9782484,166.56,167.46,166.365,167.1,9782484,0,1
2022-01-31,167.79,168.14,167.46,168.09,8539265,167.79,168.14,167.46,168.09,8539265,0,1
2022-02-01,168.57,168.85,167.87,168.23,9763909,168.57,168.85,167.87,168.23,9763909,0,1
2022-02-02,168.34,169.12,168.155,168.84,9085285,168.34,169.12,168.155,168.84,9085285,0,1
2022-02-03,168.31,168.82,167.03,168.6,10650800,168.31,168.82,167.03,168.6,10650800,0,1
2022-02-04,168.04,169.1,167.99,168.86,9619611,168.04,169.1,167.99,168.86,9619611,0,1
2022-02-07,169.45,170.3,169.19,170.11,7796866,169.45,170.3,169.19,170.11,7796866,0,1
2022-02-08,170.1,170.78,169.95,170.63,5801993,170.1,170.78,169.95,170.63,5801993,0,1
2022-02-09,170.68,171.42,170.55,171.21,8002766,170.68,171.42,170.55,171.21,8002766,0,1
2022-02-10,170.5201,171.99,170.46,170.56,10693524,170.5201,171.99,170.46,170.56,10693524,0,1
2022-02-11,170.75,174.2,170.71,173.81,25741494,170.75,174.2,170.71,173.81,25741494,0,1
2022-02-14,173.78,175,173.68,174.74,13650704,173.78,175,173.68,174.74,13650704,0,1
2022-02-15,173.1,173.34,172.39,173.08,12607006,173.1,173.34,172.39,173.08,12607006,0,1
2022-02-16,173.49,174.86,173.48,174.86,12772069,173.49,174.86,173.48,174.86,12772069,0,1
2022-02-17,176.7,177.53,176.39,177.25,18612546,176.7,177.53,176.39,177.25,18612546,0,1
2022-02-18,177.07,177.25,176.51,177.12,12760663,177.07,177.25,176.51,177.12,12760663,0,1
2022-02-22,177.67,178.07,176.8175,177.49,14803961,177.67,178.07,176.8175,177.49,14803961,0,1
2022-02-23,177.39,178.39,177.36,178.29,11772201,177.39,178.39,177.36,178.29,11772201,0,1
2022-02-24,182.59,182.6,175.27,177.14,32725999,182.59,182.6,175.27,177.14,32725999,0,1
2022-02-25,176.42,176.79,175.79,176.55,11530929,176.42,176.79,175.79,176.55,11530929,0,1
2022-02-28,178.86,178.99,176.5,178.38,16055844,178.86,178.99,176.5,178.38,16055844,0,1
2022-03-01,179.0456,181.76,179.03,181.62,21942127,179.0456,181.76,179.03,181.62,21942127,0,1
2022-03-02,180.13,180.71,178.78799999999998,179.73,19727192,180.13,180.71,178.78799999999998,179.73,19727192,0,1
2022-03-03,179.96,181.3,179.5,180.8,14826051,179.96,181.3,179.5,180.8,14826051,0,1
2022-03-04,182.1137,183.98,181.36,183.68,22412092,182.1137,183.98,181.36,183.68,22412092,0,1
2022-03-07,184.45,186.64,184.22,186.41,27951785,184.45,186.64,184.22,186.41,27951785,0,1
2022-03-08,188.35,193.3,188.26,191.51,47347678,188.35,193.3,188.26,191.51,47347678,0,1
2022-03-09,186.04,187.225,184.76,185.82,26839671,186.04,187.225,184.76,185.82,26839671,0,1
2022-03-10,186.8799,187.38,184.99,186.4,18455213,186.8799,187.38,184.99,186.4,18455213,0,1
2022-03-11,183.7399,185.78,183.44,185.09,14824715,183.7399,185.78,183.44,185.09,14824715,0,1
2022-03-14,183.03,183.29,181.95,182.3,13186389,183.03,183.29,181.95,182.3,13186389,0,1
2022-03-15,179.1,180.27,178.01,178.89,16962273,179.1,180.27,178.01,178.89,16962273,0,1
2022-03-16,179.13,180.115,176.87,180.01,17548090,179.13,180.115,176.87,180.01,17548090,0,1
2022-03-17,181.16,182.03,180.65,180.89,10954139,181.16,182.03,180.65,180.89,10954139,0,1
2022-03-18,179.93,180.93,179.035,179.3,13935386,179.93,180.93,179.035,179.3,13935386,0,1
2022-03-21,179.33,181.29,179.32,180.67,10533070,179.33,181.29,179.32,180.67,10533070,0,1
2022-03-22,179.6,179.71,178.3231,179.36,9613616,179.6,179.71,178.3231,179.36,9613616,0,1
2022-03-23,180.29,181.89,179.76,181.81,12557272,180.29,181.89,179.76,181.81,12557272,0,1
2022-03-24,182.35,183.51,181.77,183.13,10970070,182.35,183.51,181.77,183.13,10970070,0,1
2022-03-25,181.81,183.13,181.35,182.38,7653887,181.81,183.13,181.35,182.38,7653887,0,1
2022-03-28,180.38,181.325,178.85,179.06,9489725,180.38,181.325,178.85,179.06,9489725,0,1
2022-03-29,177.02,179.33,176.69,179.14,10458927,177.02,179.33,176.69,179.14,10458927,0,1
2022-03-30,179.76,180.92,179.6801,180.58,8361286,179.76,180.92,179.6801,180.58,8361286,0,1
2022-03-31,180.91,181.96,180.56,180.65,9844398,180.91,181.96,180.56,180.65,9844398,0,1
2022-04-01,179.5501,180.4599,178.98,179.5,13034395,179.5501,180.4599,178.98,179.5,13034395,0,1
2022-04-04,180.2439,180.81,179.58,180.37,7063124,180.2439,180.81,179.58,180.37,7063124,0,1
2022-04-05,180.91,181.49,178.93,179.24,10786302,180.91,181.49,178.93,179.24,10786302,0,1
2022-04-06,179.78,180.31,178.7,179.66,8942121,179.78,180.31,178.7,179.66,8942121,0,1
2022-04-07,179.87,180.88,179.8,180.34,10140585,179.87,180.88,179.8,180.34,10140585,0,1
2022-04-08,180.52,181.82,180.52,181.47,10655681,180.52,181.82,180.52,181.47,10655681,0,1
2022-04-11,183.17,183.33,181.11,182.37,10071319,183.17,183.33,181.11,182.37,10071319,0,1
2022-04-12,184.04,184.64,182.96,183.77,12024560,184.04,184.64,182.96,183.77,12024560,0,1
2022-04-13,184.5,184.94,184.13,184.65,8651635,184.5,184.94,184.13,184.65,8651635,0,1
2022-04-14,184.28,184.41,182.88,184.04,11567178,184.28,184.41,182.88,184.04,11567178,0,1
2022-04-18,185.95,186.1,184.39,184.61,8886690,185.95,186.1,184.39,184.61,8886690,0,1
2022-04-19,183.19,183.6506,181.33,181.82,12585622,183.19,183.6506,181.33,181.82,12585622,0,1
2022-04-20,181.59,182.72,181.35,182.71,6881433,181.59,182.72,181.35,182.71,6881433,0,1
2022-04-21,181.77,182.32,180.775,182.06,9639834,181.77,182.32,180.775,182.06,9639834,0,1
2022-04-22,180.7235,181.605,179.74,180.29,9146973,180.7235,181.605,179.74,180.29,9146973,0,1
2022-04-25,177.17,177.51,176.48,177.05,13073688,177.17,177.51,176.48,177.05,13073688,0,1
2022-04-26,177.95,178.3,176.915,177.32,8874511,177.95,178.3,176.915,177.32,8874511,0,1
2022-04-27,176.4561,176.64,175.5,175.98,8854721,176.4561,176.64,175.5,175.98,8854721,0,1
2022-04-28,175.92,176.965,175.69,176.93,6384762,175.92,176.965,175.69,176.93,6384762,0,1
2022-04-29,178.0667,178.615,176.71,176.91,7719702,178.0667,178.615,176.71,176.91,7719702,0,1
2022-05-02,173.6121,174.65,172.98,173.63,14318600,173.6121,174.65,172.98,173.63,14318600,0,1
2022-05-03,173.89,175.205,173.85,174.09,7214348,173.89,175.205,173.85,174.09,7214348,0,1
2022-05-04,174.32,176.35,173.67,175.8,10465954,174.32,176.35,173.67,175.8,10465954,0,1
2022-05-05,177.56,177.61,174.66,175.13,12794160,177.56,177.61,174.66,175.13,12794160,0,1
2022-05-06,175.39,176.56,174.86,175.42,7643269,175.39,176.56,174.86,175.42,7643269,0,1
2022-05-09,174.27,174.27,172.79,172.88,10742410,174.27,174.27,172.79,172.88,10742410,0,1
2022-05-10,173.8039,173.96,171.2,171.42,11010440,173.8039,173.96,171.2,171.42,11010440,0,1
2022-05-11,172.51,173.32,172.2,172.82,9179592,172.51,173.32,172.2,172.82,9179592,0,1
2022-05-12,172.072,172.4,169.9,170.17,11626799,172.072,172.4,169.9,170.17,11626799,0,1
2022-05-13,168.312,169.62,168.01,168.79,13031057,168.312,169.62,168.01,168.79,13031057,0,1
2022-05-16,168.43,170.43,168.34,170.4,7319277,168.43,170.43,168.34,170.4,7319277,0,1
2022-05-17,170.44,170.53,169.1409,169.33,6441110,170.44,170.53,169.1409,169.33,6441110,0,1
2022-05-18,169.01,170.21,168.81,169.42,7472850,169.01,170.21,168.81,169.42,7472850,0,1
2022-05-19,171.5489,172.5197,170.89,171.91,10580267,171.5489,172.5197,170.89,171.91,10580267,0,1
2022-05-20,171.71,172.24,170.89,172.03,6578056,171.71,172.24,170.89,172.03,6578056,0,1
2022-05-23,173.13,173.38,172.28,172.83,5518503,173.13,173.38,172.28,172.83,5518503,0,1
2022-05-24,173.47,174.41,173.35,174.13,6793991,173.47,174.41,173.35,174.13,6793991,0,1
2022-05-25,172.79,173.16,171.73,173.08,4595917,172.79,173.16,171.73,173.08,4595917,0,1
2022-05-26,172.13,172.93,171.76,172.76,6466982,172.13,172.93,171.76,172.76,6466982,0,1
2022-05-27,173.4901,173.52,172.64,172.85,3847871,173.4901,173.52,172.64,172.85,3847871,0,1
2022-05-31,172.71,173.07,171.08,171.14,6243967,172.71,173.07,171.08,171.14,6243967,0,1
2022-06-01,172.2099,172.53,171.39,172.23,6946516,172.2099,172.53,171.39,172.23,6946516,0,1
2022-06-02,173.66,174.45,173.49,174.35,5623129,173.66,174.45,173.49,174.35,5623129,0,1
2022-06-03,173.5285,173.965,172.25,172.58,5519407,173.5285,173.965,172.25,172.58,5519407,0,1
2022-06-06,172.81,172.89,171.65,171.82,3766042,172.81,172.89,171.65,171.82,3766042,0,1
2022-06-07,172.11,173.05,171.985,172.94,3860035,172.11,173.05,171.985,172.94,3860035,0,1
2022-06-08,172.89,173.45,172.67,172.78,5140816,172.89,173.45,172.67,172.78,5140816,0,1
2022-06-09,172.45,172.59,171.58,172.23,4701143,172.45,172.59,171.58,172.23,4701143,0,1
2022-06-10,170.89,174.94,170.46,174.54,16856138,170.89,174.94,170.46,174.54,16856138,0,1
2022-06-13,171.18,171.335,169.61,169.93,13265243,171.18,171.335,169.61,169.93,13265243,0,1
2022-06-14,169.61,169.7309,168.3,168.57,7347935,169.61,169.7309,168.3,168.57,7347935,0,1
2022-06-15,170.4,171.84,169.08,170.77,9000294,170.4,171.84,169.08,170.77,9000294,0,1
2022-06-16,170.56,172.77,170.17,172.69,8823558,170.56,172.77,170.17,172.69,8823558,0,1
2022-06-17,172.15,172.3,170.97,171.27,7407223,172.15,172.3,170.97,171.27,7407223,0,1
2022-06-21,171.06,171.91,170.47,170.63,5608485,171.06,171.91,170.47,170.63,5608485,0,1
2022-06-22,171.61,172.3,171.1,171.31,6558656,171.61,172.3,171.1,171.31,6558656,0,1
2022-06-23,171.39,172.13,169.9,170.26,6535261,171.39,172.13,169.9,170.26,6535261,0,1
2022-06-24,170.24,170.7401,169.85,170.09,6143081,170.24,170.7401,169.85,170.09,6143081,0,1
2022-06-27,170.595,170.67,169.75,169.9,5719684,170.595,170.67,169.75,169.9,5719684,0,1
2022-06-28,170.0699,170.21,169.51,169.62,2984450,170.0699,170.21,169.51,169.62,2984450,0,1
2022-06-29,170.58,170.7,169.17,169.49,4785576,170.58,170.7,169.17,169.49,4785576,0,1
2022-06-30,169.51,169.96,168.24,168.46,9144391,169.51,169.96,168.24,168.46,9144391,0,1
2022-07-01,167.135,168.68,166.96,168.32,11380332,167.135,168.68,166.96,168.32,11380332,0,1
2022-07-05,167.18,167.33,164.41,164.75,14035426,167.18,167.33,164.41,164.75,14035426,0,1
2022-07-06,164.32,164.57,161.47,162.14,11861144,164.32,164.57,161.47,162.14,11861144,0,1
2022-07-07,162.43,163.04,162.06,162.23,4588418,162.43,163.04,162.06,162.23,4588418,0,1
2022-07-08,162.35,163.38,161.84,162.3,4584112,162.35,163.38,161.84,162.3,4584112,0,1
2022-07-11,161.93,162.435,161.3757,161.43,4321663,161.93,162.435,161.3757,161.43,4321663,0,1
2022-07-12,161.22,161.62,160.72,160.83,5375081,161.22,161.62,160.72,160.83,5375081,0,1
2022-07-13,160.1,162.705,160.06,161.6,8456636,160.1,162.705,160.06,161.6,8456636,0,1
2022-07-14,159.02,159.83,158.22,159.33,12213614,159.02,159.83,158.22,159.33,12213614,0,1
2022-07-15,159.01,159.25,158.35,159.01,6783785,159.01,159.25,158.35,159.01,6783785,0,1
2022-07-18,160.08,160.43,159.05,159.16,5791779,160.08,160.43,159.05,159.16,5791779,0,1
2022-07-19,159.47,159.87,159.33,159.54,3796198,159.47,159.87,159.33,159.54,3796198,0,1
2022-07-20,159.71,159.815,158.025,158.04,4795846,159.71,159.815,158.025,158.04,4795846,0,1
2022-07-21,158.31,160.31,158.2699,160.27,5863333,158.31,160.31,158.2699,160.27,5863333,0,1
2022-07-22,160.55,162.13,160.35,160.67,5733753,160.55,162.13,160.35,160.67,5733753,0,1
2022-07-25,160.64,160.7,159.81,160.23,3713368,160.64,160.7,159.81,160.23,3713368,0,1
2022-07-26,160.23,160.5,159.79,160.04,2672764,160.23,160.5,159.79,160.04,2672764,0,1
2022-07-27,160.02,162.21,159.51,161.67,5709082,160.02,162.21,159.51,161.67,5709082,0,1
2022-07-28,163.31,163.76,162.88,163.64,5606353,163.31,163.76,162.88,163.64,5606353,0,1
2022-07-29,163.89,164.69,163.28,164.1,7537307,163.89,164.69,163.28,164.1,7537307,0,1
2022-08-01,164.98,165.41,164.41,165.03,4666912,164.98,165.41,164.41,165.03,4666912,0,1
2022-08-02,165.66,166.46,164.02,164.05,5725388,165.66,166.46,164.02,164.05,5725388,0,1
2022-08-03,164.77,164.91,163.475,164.45,4417759,164.77,164.91,163.475,164.45,4417759,0,1
2022-08-04,165.53,167.31,165.34,167.17,5502000,165.53,167.31,165.34,167.17,5502000,0,1
2022-08-05,164.99,165.84,164.87,165.29,6023291,164.99,165.84,164.87,165.29,6023291,0,1
2022-08-08,166.03,166.8103,165.93,166.69,3457314,166.03,166.8103,165.93,166.69,3457314,0,1
2022-08-09,167.48,167.8,166.82,167.2,3205505,167.48,167.8,166.82,167.2,3205505,0,1
2022-08-10,167.3925,167.98,166.6201,166.78,4077274,167.3925,167.98,166.6201,166.78,4077274,0,1
2022-08-11,167.16,167.66,166.31,166.34,4445977,167.16,167.66,166.31,166.34,4445977,0,1
2022-08-12,167.17,167.94,166.83,167.87,5151653,167.17,167.94,166.83,167.87,5151653,0,1
2022-08-15,165.99,166.25,165.44,165.71,5236292,165.99,166.25,165.44,165.71,5236292,0,1
2022-08-16,165.31,165.72,165.18,165.42,4291529,165.31,165.72,165.18,165.42,4291529,0,1
2022-08-17,165.21,165.22799999999998,163.95,164.35,5569071,165.21,165.22799999999998,163.95,164.35,5569071,0,1
2022-08-18,164.6,164.9125,163.545,163.92,3646087,164.6,164.9125,163.545,163.92,3646087,0,1
2022-08-19,163.65,163.74,162.615,162.72,8172954,163.65,163.74,162.615,162.72,8172954,0,1
2022-08-22,161.66,162.12,161.36,161.64,4458113,161.66,162.12,161.36,161.64,4458113,0,1
2022-08-23,161.96,163.43,161.91,162.77,4425075,161.96,163.43,161.91,162.77,4425075,0,1
2022-08-24,162.44,163.61,162.37,163.25,3202411,162.44,163.61,162.37,163.25,3202411,0,1
2022-08-25,163.97,163.985,163.24,163.75,2857488,163.97,163.985,163.24,163.75,2857488,0,1
2022-08-26,163.12,163.61,161.55,161.76,6689259,163.12,163.61,161.55,161.76,6689259,0,1
2022-08-29,161.88,162.62,161.7,161.86,4583683,161.88,162.62,161.7,161.86,4583683,0,1
2022-08-30,161.27,161.43,160.34,160.51,4856576,161.27,161.43,160.34,160.51,4856576,0,1
2022-08-31,159.5,160.575,159.255,159.27,5438641,159.5,160.575,159.255,159.27,5438641,0,1
2022-09-01,158.17,158.39,157.32,157.87,7390755,158.17,158.39,157.32,157.87,7390755,0,1
2022-09-02,159.3499,160.06,159.14,159.26,5196908,159.3499,160.06,159.14,159.26,5196908,0,1
2022-09-06,159.17,159.46,158.32,158.33,4385797,159.17,159.46,158.32,158.33,4385797,0,1
2022-09-07,158.15,160.15,158.08,159.94,3981410,158.15,160.15,158.08,159.94,3981410,0,1
2022-09-08,159.54,159.86,158.7115,158.98,4607118,159.54,159.86,158.7115,158.98,4607118,0,1
2022-09-09,159.72,160.24,159.41,159.82,3927788,159.72,160.24,159.41,159.82,3927788,0,1
2022-09-12,161.04,161.62,160.55,160.63,4537530,161.04,161.62,160.55,160.63,4537530,0,1
2022-09-13,158.47,159.2675,158.39,158.54,6526388,158.47,159.2675,158.39,158.54,6526388,0,1
2022-09-14,158.68,158.98,157.73,157.93,6091085,158.68,158.98,157.73,157.93,6091085,0,1
2022-09-15,156.76,157.485,154.62,154.98,13181203,156.76,157.485,154.62,154.98,13181203,0,1
2022-09-16,154.66,156.56,154.34,155.84,7141210,154.66,156.56,154.34,155.84,7141210,0,1
2022-09-19,154.87,156.04,154.815,155.96,5582767,154.87,156.04,154.815,155.96,5582767,0,1
2022-09-20,155.03,155.23,154.59,155.07,5943724,155.03,155.23,154.59,155.07,5943724,0,1
2022-09-21,155.97,157.25,154.01,155.79,7816071,155.97,157.25,154.01,155.79,7816071,0,1
2022-09-22,156.26,156.48,155.31,155.7,5961773,156.26,156.48,155.31,155.7,5961773,0,1
2022-09-23,153.9,154,152.64,153.01,9597991,153.9,154,152.64,153.01,9597991,0,1
2022-09-26,153.22,153.51,151.0301,151.23,8240501,153.22,153.51,151.0301,151.23,8240501,0,1
2022-09-27,152.25,152.73,151.5,151.54,7151310,152.25,152.73,151.5,151.54,7151310,0,1
2022-09-28,153.2,154.88,152.93,154.69,8977243,153.2,154.88,152.93,154.69,8977243,0,1
2022-09-29,154.14,155.03,153.16,154.66,6317021,154.14,155.03,153.16,154.66,6317021,0,1
2022-09-30,154.94,156.045,154.57,154.67,6832430,154.94,156.045,154.57,154.67,6832430,0,1
2022-10-03,155.438,158.48,155.23,158.43,10362232,155.438,158.48,155.23,158.43,10362232,0,1
2022-10-04,159.18,161.08,158.92,160.7,8024496,159.18,161.08,158.92,160.7,8024496,0,1
2022-10-05,159.32,160.08,158.38,159.81,5296309,159.32,160.08,158.38,159.81,5296309,0,1
2022-10-06,159.41,159.94,158.9511,159.63,5712627,159.41,159.94,158.9511,159.63,5712627,0,1
2022-10-07,158.46,158.98,157.68,157.88,5030041,158.46,158.98,157.68,157.88,5030041,0,1
2022-10-10,155.94,156.35,155.12,155.48,6110794,155.94,156.35,155.12,155.48,6110794,0,1
2022-10-11,155.49,156.81,154.92,155.16,5306673,155.49,156.81,154.92,155.16,5306673,0,1
2022-10-12,155.51,156.29,155.26,155.99,3998472,155.51,156.29,155.26,155.99,3998472,0,1
2022-10-13,153.48,155.73,152.92,154.91,7083767,153.48,155.73,152.92,154.91,7083767,0,1
2022-10-14,154.02,154.1996,152.72,152.98,5474648,154.02,154.1996,152.72,152.98,5474648,0,1
2022-10-17,154.92,155.33,153.325,153.42,4348044,154.92,155.33,153.325,153.42,4348044,0,1
2022-10-18,154.08,154.2393,153.24,153.75,4528441,154.08,154.2393,153.24,153.75,4528441,0,1
2022-10-19,152.09,152.49,151.54,151.69,8257060,152.09,152.49,151.54,151.69,8257060,0,1
2022-10-20,151.92,153.23,151.27,151.45,5019849,151.92,153.23,151.27,151.45,5019849,0,1
2022-10-21,151.98,154.31,151.83,154.15,6898351,151.98,154.31,151.83,154.15,6898351,0,1
2022-10-24,153.45,154.06,153.06,153.65,4673274,153.45,154.06,153.06,153.65,4673274,0,1
2022-10-25,153.9599,154.79,153.83,154,3434053,153.9599,154.79,153.83,154,3434053,0,1
2022-10-26,154.78,155.73,154.78,154.98,4451056,154.78,155.73,154.78,154.98,4451056,0,1
2022-10-27,154.7148,155.09,154.22,154.74,3654871,154.7148,155.09,154.22,154.74,3654871,0,1
2022-10-28,152.96,153.54,152.5,153.16,4645440,152.96,153.54,152.5,153.16,4645440,0,1
2022-10-31,152.16,152.8721,151.89,151.91,6097760,152.16,152.8721,151.89,151.91,6097760,0,1
2022-11-01,153.82,153.98,152.87,153.46,4603597,153.82,153.98,152.87,153.46,4603597,0,1
2022-11-02,154.16,155.42,152.26,152.39,7220403,154.16,155.42,152.26,152.39,7220403,0,1
2022-11-03,150.69899999999998,151.955,150.5703,151.81,5378810,150.69899999999998,151.955,150.5703,151.81,5378810,0,1
2022-11-04,154.95,156.6,154.66,156.47,7691954,154.95,156.6,154.66,156.47,7691954,0,1
2022-11-07,156.22,156.569,155.81,155.85,4425710,156.22,156.569,155.81,155.85,4425710,0,1
2022-11-08,155.99,159.87,155.975,159.45,11299635,155.99,159.87,155.975,159.45,11299635,0,1
2022-11-09,159.359,160.35,158.45,158.65,6040627,159.359,160.35,158.45,158.65,6040627,0,1
2022-11-10,162.01,163.51,161.655,163.48,9939858,162.01,163.51,161.655,163.48,9939858,0,1
2022-11-11,163.91400000000002,164.58,163.42,164.56,4622422,163.91400000000002,164.58,163.42,164.56,4622422,0,1
2022-11-14,164.2,165.24,164.15,164.92,6187552,164.2,165.24,164.15,164.92,6187552,0,1
2022-11-15,165.27,166.23,164.56,165.5,9903495,165.27,166.23,164.56,165.5,9903495,0,1
2022-11-16,165.41,165.71,164.8301,165.12,3645845,165.41,165.71,164.8301,165.12,3645845,0,1
2022-11-17,163.79,164.1099,163.4,163.92,4578129,163.79,164.1099,163.4,163.92,4578129,0,1
2022-11-18,163.38,163.69,162.68,162.79,4321075,163.38,163.69,162.68,162.79,4321075,0,1
2022-11-21,162.44,162.5,161.28,161.88,4766512,162.44,162.5,161.28,161.88,4766512,0,1
2022-11-22,162.3,162.6,161.72,162.07,3203837,162.3,162.6,161.72,162.07,3203837,0,1
2022-11-23,161.69,163.24,161.56,163.08,4167005,161.69,163.24,161.56,163.08,4167005,0,1
2022-11-25,162.85,163.43,162.765,163.22,1436508,162.85,163.43,162.765,163.22,1436508,0,1
2022-11-28,162.93,163.06,161.91,161.93,4053918,162.93,163.06,161.91,161.93,4053918,0,1
2022-11-29,162.7,163.6299,162.6,162.73,2620637,162.7,163.6299,162.6,162.73,2620637,0,1
2022-11-30,163.69,164.81,162.4,164.81,4874746,163.69,164.81,162.4,164.81,4874746,0,1
2022-12-01,167.48,167.95,166.975,167.84,8625780,167.48,167.95,166.975,167.84,8625780,0,1
2022-12-02,166.18,167.47,165.76,167.26,5185941,166.18,167.47,165.76,167.26,5185941,0,1
2022-12-05,166.55,166.72,164.3201,164.39,5436175,166.55,166.72,164.3201,164.39,5436175,0,1
2022-12-06,165.2,165.54,164.45,164.84,3597758,165.2,165.54,164.45,164.84,3597758,0,1
2022-12-07,165.4699,166.64,165.31799999999998,166.33,4610697,165.4699,166.64,165.31799999999998,166.33,4610697,0,1
2022-12-08,166.58,167.045,166.07,166.47,3217874,166.58,167.045,166.07,166.47,3217874,0,1
2022-12-09,167.26,168.085,166.6,167.06,5431272,167.26,168.085,166.6,167.06,5431272,0,1
2022-12-12,166.438,166.6,165.43,165.68,3504409,166.438,166.6,165.43,165.68,3504409,0,1
2022-12-13,169.21,169.79,168.02,168.51,6750199,169.21,169.79,168.02,168.51,6750199,0,1
2022-12-14,168.43,168.81,167.14,168.1,5642965,168.43,168.81,167.14,168.1,5642965,0,1
2022-12-15,165.73,166.21,165.1,165.35,8370909,165.73,166.21,165.1,165.35,8370909,0,1
2022-12-16,166.02,166.98,165.84,166.79,5371967,166.02,166.98,165.84,166.79,5371967,0,1
2022-12-19,166.71,167.11,165.99,166.32,3940525,166.71,167.11,165.99,166.32,3940525,0,1
2022-12-20,168.1,169.53,168.03,169.08,7803118,168.1,169.53,168.03,169.08,7803118,0,1
2022-12-21,169.04,169.71,168.675,168.8,3990060,169.04,169.71,168.675,168.8,3990060,0,1
2022-12-22,167.76,167.7632,166.06,166.76,5672656,167.76,167.7632,166.06,166.76,5672656,0,1
2022-12-23,166.8801,167.795,166.66,167.26,2912300,166.8801,167.795,166.66,167.26,2912300,0,1
2022-12-27,167.89,170.61,167.8,168.67,6885715,167.89,170.61,167.8,168.67,6885715,0,1
2022-12-28,168.05,168.34,167.1,167.91,3662456,168.05,168.34,167.1,167.91,3662456,0,1
2022-12-29,168.54,169.35,168.52,168.85,3345874,168.54,169.35,168.52,168.85,3345874,0,1
2022-12-30,169.26,169.8999,168.795,169.64,2864455,169.26,169.8999,168.795,169.64,2864455,0,1
2023-01-03,171.32,172.09,170.02,171.06,7992927,171.32,172.09,170.02,171.06,7992927,0,1
2023-01-04,172.86,173.09,171.845,172.67,7574633,172.86,173.09,171.845,172.67,7574633,0,1
2023-01-05,170.824,171,169.79,170.52,4692610,170.824,171,169.79,170.52,4692610,0,1
2023-01-06,171.76,173.96,171.23,173.71,7888954,171.76,173.96,171.23,173.71,7888954,0,1
2023-01-09,174.51,175.035,173.88099999999997,174.1,5134503,174.51,175.035,173.88099999999997,174.1,5134503,0,1
2023-01-10,174.61,174.98,174.06,174.74,4398411,174.61,174.98,174.06,174.74,4398411,0,1
2023-01-11,174.76,174.79,173.72,174.62,3374201,174.76,174.79,173.72,174.62,3374201,0,1
2023-01-12,176.01,176.71,174.88,176.64,6936919,176.01,176.71,174.88,176.64,6936919,0,1
2023-01-13,176.96,178.825,176.8934,178.76,7468768,176.96,178.825,176.8934,178.76,7468768,0,1
2023-01-17,178.21,178.24,177.09,177.59,6610834,178.21,178.24,177.09,177.59,6610834,0,1
2023-01-18,178.92,179.18,176.9,177.08,5384664,178.92,179.18,176.9,177.08,5384664,0,1
2023-01-19,178.37,180.03,178.09,179.89,6678687,178.37,180.03,178.09,179.89,6678687,0,1
2023-01-20,179.06,179.66,178.645,179.29,5754818,179.06,179.66,178.645,179.29,5754818,0,1
2023-01-23,178.35,179.69,177.78,179.63,5265507,178.35,179.69,177.78,179.63,5265507,0,1
2023-01-24,179.56,180.32,178.35,180.28,4604628,179.56,180.32,178.35,180.28,4604628,0,1
2023-01-25,179.35,181.22,179.2925,181.11,6925348,179.35,181.22,179.2925,181.11,6925348,0,1
2023-01-26,180.146,180.265,178.46,179.47,5860129,180.146,180.265,178.46,179.47,5860129,0,1
2023-01-27,179.27,179.72,178.262,179.22,6052728,179.27,179.72,178.262,179.22,6052728,0,1
2023-01-30,179.28599999999997,179.43,178.65,178.76,4210726,179.28599999999997,179.43,178.65,178.76,4210726,0,1
2023-01-31,178.82,179.699,178.54,179.41,5976888,178.82,179.699,178.54,179.41,5976888,0,1
2023-02-01,179.75,181.73,178.63,181.67,7996005,179.75,181.73,178.63,181.67,7996005,0,1
2023-02-02,181.08,181.11,177.74,177.9,8842396,181.08,181.11,177.74,177.9,8842396,0,1
2023-02-03,174.92,175.43,173.12,173.46,13674441,174.92,175.43,173.12,173.46,13674441,0,1
2023-02-06,174.11,174.455,173.28,173.82,8956963,174.11,174.455,173.28,173.82,8956963,0,1
2023-02-07,173.72,175.27,173.47,173.98,6794153,173.72,175.27,173.47,173.98,6794153,0,1
2023-02-08,174.942,174.99,173.83,174.41,4075638,174.942,174.99,173.83,174.41,4075638,0,1
2023-02-09,175.49,175.52,172.87,173.03,5361340,175.49,175.52,172.87,173.03,5361340,0,1
2023-02-10,173.63,173.68,172.63,173.36,2971125,173.63,173.68,172.63,173.36,2971125,0,1
2023-02-13,172.7,172.9014,172.07,172.48,3970786,172.7,172.9014,172.07,172.48,3970786,0,1
2023-02-14,171.97,173.51,171.41,172.61,5403099,171.97,173.51,171.41,172.61,5403099,0,1
2023-02-15,170.6,170.99,170.16,170.89,5435337,170.6,170.99,170.16,170.89,5435337,0,1
2023-02-16,170.34,171.6,169.96,170.75,4540398,170.34,171.6,169.96,170.75,4540398,0,1
2023-02-17,169.87,171.47,169.52,171.26,4809799,169.87,171.47,169.52,171.26,4809799,0,1
2023-02-21,171.2,171.5,170.34,170.62,4035933,171.2,171.5,170.34,170.62,4035933,0,1
2023-02-22,170.81,170.96,169.56,169.66,4105675,170.81,170.96,169.56,169.66,4105675,0,1
2023-02-23,169.84,170.125,169.08,169.57,5073479,169.84,170.125,169.08,169.57,5073479,0,1
2023-02-24,168.42,168.84,168.19,168.35,6496496,168.42,168.84,168.19,168.35,6496496,0,1
2023-02-27,168.88,169.23,168.55,169.01,4509151,168.88,169.23,168.55,169.01,4509151,0,1
2023-02-28,168.78099999999998,170.25,168.59,169.78,6761585,168.78099999999998,170.25,168.59,169.78,6761585,0,1
2023-03-01,170.95,171.49,170.47,170.76,6590468,170.95,171.49,170.47,170.76,6590468,0,1
2023-03-02,170.52,170.975,170.36,170.66,3952266,170.52,170.975,170.36,170.66,3952266,0,1
2023-03-03,171.45,172.595,170.98,172.49,6894466,171.45,172.595,170.98,172.49,6894466,0,1
2023-03-06,172.32,172.37,171.54,171.62,4264124,172.32,172.37,171.54,171.62,4264124,0,1
2023-03-07,170.42,170.47,168.52,168.62,8713268,170.42,170.47,168.52,168.62,8713268,0,1
2023-03-08,168.61,169.59,168.52,168.54,5718595,168.61,169.59,168.52,168.54,5718595,0,1
2023-03-09,169.75099999999998,170.65,169.71,170.2,5582980,169.75099999999998,170.65,169.71,170.2,5582980,0,1
2023-03-10,171.93,173.88,171.92,173.87,13803437,171.93,173.88,171.92,173.87,13803437,0,1
2023-03-13,176.66,178.02,176.3,177.86,20554417,176.66,178.02,176.3,177.86,20554417,0,1
2023-03-14,177.35,177.59,176.21,176.83,10019032,177.35,177.59,176.21,176.83,10019032,0,1
2023-03-15,178.86,180.13,177.49,178.21,14546095,178.86,180.13,177.49,178.21,14546095,0,1
2023-03-16,179.51,179.65400000000002,177.87,178.57,10764872,179.51,179.65400000000002,177.87,178.57,10764872,0,1
2023-03-17,181.02,184.81,180.77,183.77,24156266,181.02,184.81,180.77,183.77,24156266,0,1
2023-03-20,184.19,184.54,182.74,183.84,11845678,184.19,184.54,182.74,183.84,11845678,0,1
2023-03-21,182.65,182.73,179.9,180.37,10734493,182.65,182.73,179.9,180.37,10734493,0,1
2023-03-22,180.4,183.94,180.28,183.44,11969561,180.4,183.94,180.28,183.44,11969561,0,1
2023-03-23,183.91,186.24,183.5996,185.74,11347149,183.91,186.24,183.5996,185.74,11347149,0,1
2023-03-24,185.606,185.99,183.62,183.65,9253075,185.606,185.99,183.62,183.65,9253075,0,1
2023-03-27,181.15,182.15,180.69,181.95,6925046,181.15,182.15,180.69,181.95,6925046,0,1
2023-03-28,182.31,183.62,182.12,183.44,6202597,182.31,183.62,182.12,183.44,6202597,0,1
2023-03-29,182.49,183.27,182.24,182.53,4996493,182.49,183.27,182.24,182.53,4996493,0,1
2023-03-30,182.75,184.4401,182.55,184.18,6360296,182.75,184.4401,182.55,184.18,6360296,0,1
2023-03-31,184.11,184.42,182.8,183.22,8003334,184.11,184.42,182.8,183.22,8003334,0,1
2023-04-03,183.85,185.035,183.32,184.54,9206635,183.85,185.035,183.32,184.54,9206635,0,1
2023-04-04,184.7224,188.23,184.66,187.98,13765361,184.7224,188.23,184.66,187.98,13765361,0,1
2023-04-05,188.34,188.86,186.78,187.83,11440827,188.34,188.86,186.78,187.83,11440827,0,1
2023-04-06,186.8901,187.26,185.95,186.49,6648428,186.8901,187.26,185.95,186.49,6648428,0,1
2023-04-10,185.18,185.36,184.19,185.11,6408114,185.18,185.36,184.19,185.11,6408114,0,1
2023-04-11,185.905,186.51,185.635,186.28,6031494,185.905,186.51,185.635,186.28,6031494,0,1
2023-04-12,187.54,187.66,185.97,187.19,10000948,187.54,187.66,185.97,187.19,10000948,0,1
2023-04-13,189.76,190.41,188.99,189.72,14060106,189.76,190.41,188.99,189.72,14060106,0,1
2023-04-14,188.08,188.4869,185.17,186.36,13272541,188.08,188.4869,185.17,186.36,13272541,0,1
2023-04-17,185.89,185.93,184.1,185.53,7453033,185.89,185.93,184.1,185.53,7453033,0,1
2023-04-18,185.24,186.99,185.04,186.25,8056928,185.24,186.99,185.04,186.25,8056928,0,1
2023-04-19,184.3499,185.58,184.28,185.36,7373518,184.3499,185.58,184.28,185.36,7373518,0,1
2023-04-20,186.14,187.03,185.78,186.09,5789908,186.14,187.03,185.78,186.09,5789908,0,1
2023-04-21,184.98,185.68,183.22,184.25,10698705,184.98,185.68,183.22,184.25,10698705,0,1
2023-04-24,184.07,185.025,183.46,184.81,8303396,184.07,185.025,183.46,184.81,8303396,0,1
2023-04-25,184.84,186.2204,184.3,185.75,8451933,184.84,186.2204,184.3,185.75,8451933,0,1
2023-04-26,186.63,186.65,184.3,184.74,7922583,186.63,186.65,184.3,184.74,7922583,0,1
2023-04-27,183.9,184.989,183.38,184.75,9107425,183.9,184.989,183.38,184.75,9107425,0,1
2023-04-28,184.79,185.38,184.17,184.8,6700418,184.79,185.38,184.17,184.8,6700418,0,1
2023-05-01,186.05,186.22,183.91,183.97,7997658,186.05,186.22,183.91,183.97,7997658,0,1
2023-05-02,184.65,187.64,184.515,187.52,13554921,184.65,187.64,184.515,187.52,13554921,0,1
2023-05-03,187.61,189.205,186.93,189.11,11133826,187.61,189.205,186.93,189.11,11133826,0,1
2023-05-04,188.86,191.36,188.81,190.44,14146787,188.86,191.36,188.81,190.44,14146787,0,1
2023-05-05,186.56,187.58,185.77,187.46,12508113,186.56,187.58,185.77,187.46,12508113,0,1
2023-05-08,187.82,188.67,187.49,187.69,6075441,187.82,188.67,187.49,187.69,6075441,0,1
2023-05-09,188.12,189.33,188.07,189.02,7098810,188.12,189.33,188.07,189.02,7098810,0,1
2023-05-10,188.975,189.64,187.82,188.75,9392097,188.975,189.64,187.82,188.75,9392097,0,1
2023-05-11,188.44,188.81,186.86,187.13,8245523,188.44,188.81,186.86,187.13,8245523,0,1
2023-05-12,187.43,187.92,186.58,186.81,7087462,187.43,187.92,186.58,186.81,7087462,0,1
2023-05-15,187.3,187.88,187.032,187.21,5518086,187.3,187.88,187.032,187.21,5518086,0,1
2023-05-16,186.58,186.82,184.4601,184.87,9527806,186.58,186.82,184.4601,184.87,9527806,0,1
2023-05-17,184.305,184.45,183.48,184.23,7474277,184.305,184.45,183.48,184.23,7474277,0,1
2023-05-18,182.1,182.28,181.335,181.84,8812591,182.1,182.28,181.335,181.84,8812591,0,1
2023-05-19,182.25,184.34,181.81,183.64,8434976,182.25,184.34,181.81,183.64,8434976,0,1
2023-05-22,183.22,183.84,182.91,183.21,4834298,183.22,183.84,182.91,183.21,4834298,0,1
2023-05-23,182.78,183.76,182.48,183.43,6345012,182.78,183.76,182.48,183.43,6345012,0,1
2023-05-24,183.54,183.54,181.77,181.95,6732940,183.54,183.54,181.77,181.95,6732940,0,1
2023-05-25,181.18,181.31,180.1,180.2,6919174,181.18,181.31,180.1,180.2,6919174,0,1
2023-05-26,181.01,181.3,180.09,180.92,5823674,181.01,181.3,180.09,180.92,5823674,0,1
2023-05-30,181.72,182.4,181.17,182.04,4906066,181.72,182.4,181.17,182.04,4906066,0,1
2023-05-31,182.39,183.445,182.1,182.32,8435540,182.39,183.445,182.1,182.32,8435540,0,1
2023-06-01,182.81,184.21,182.72,183.76,7300542,182.81,184.21,182.72,183.76,7300542,0,1
2023-06-02,183.53,183.56,180.96,181.05,8726111,183.53,183.56,180.96,181.05,8726111,0,1
2023-06-05,180.79,182.44,180.665,182.14,5748800,180.79,182.44,180.665,182.14,5748800,0,1
2023-06-06,182.36,182.65,181.52,182.34,4967156,182.36,182.65,181.52,182.34,4967156,0,1
2023-06-07,181.94,183,180.15,180.15,9066528,181.94,183,180.15,180.15,9066528,0,1
2023-06-08,182,183.04,181.96,182.53,6394890,182,183.04,181.96,182.53,6394890,0,1
2023-06-09,182.36,182.79,181.72,182.04,4380811,182.36,182.79,181.72,182.04,4380811,0,1
2023-06-12,181.8,181.94,181.04,181.88,4875450,181.8,181.94,181.04,181.88,4875450,0,1
2023-06-13,182.1,182.43,180.165,180.54,5126686,182.1,182.43,180.165,180.54,5126686,0,1
2023-06-14,181.69,181.96,180.14,180.64,6807003,181.69,181.96,180.14,180.64,6807003,0,1
2023-06-15,180.28,182.05,180.18,181.91,6739009,180.28,182.05,180.18,181.91,6739009,0,1
2023-06-16,181.925,182.618,181.41,181.63,8779096,181.925,182.618,181.41,181.63,8779096,0,1
2023-06-20,180.06,180.09,179.22,179.75,7586229,180.06,180.09,179.22,179.75,7586229,0,1
2023-06-21,179.15,179.95,178.19,179.49,6702339,179.15,179.95,178.19,179.49,6702339,0,1
2023-06-22,178.36,178.99,177.63,177.71,7948565,178.36,178.99,177.63,177.71,7948565,0,1
2023-06-23,179.6,179.95,178.09,178.2,5419784,179.6,179.95,178.09,178.2,5419784,0,1
2023-06-26,179.05,179.075,178.42,178.51,3222050,179.05,179.075,178.42,178.51,3222050,0,1
2023-06-27,179.07,179.29,177.43,177.69,5036916,179.07,179.29,177.43,177.69,5036916,0,1
2023-06-28,177.23,177.685,176.7,177.28,5866741,177.23,177.685,176.7,177.28,5866741,0,1
2023-06-29,175.83,177.63,175.79,177.09,6862511,175.83,177.63,175.79,177.09,6862511,0,1
2023-06-30,177.69,178.53,177.32,178.27,6420904,177.69,178.53,177.32,178.27,6420904,0,1
2023-07-03,178.61,179.34,178.46,178.47,4085711,178.61,179.34,178.46,178.47,4085711,0,1
2023-07-05,179.41,179.42,177.825,177.84,5652091,179.41,179.42,177.825,177.84,5652091,0,1
2023-07-06,177.51,177.8,176.66,177.31,5132954,177.51,177.8,176.66,177.31,5132954,0,1
2023-07-07,178.38,179.65,178.35,178.64,5201148,178.38,179.65,178.35,178.64,5201148,0,1
2023-07-10,178.37,178.92,178.2601,178.78,3320497,178.37,178.92,178.2601,178.78,3320497,0,1
2023-07-11,179.43,179.71,179.13,179.45,2819610,179.43,179.71,179.13,179.45,2819610,0,1
2023-07-12,181.18,181.95,181.1,181.88,7062010,181.18,181.95,181.1,181.88,7062010,0,1
2023-07-13,181.96,182.15,181.49,182.01,4527900,181.96,182.15,181.49,182.01,4527900,0,1
2023-07-14,181.59,182.17,181.1101,181.43,5389968,181.59,182.17,181.1101,181.43,5389968,0,1
2023-07-17,180.99,181.6307,180.64,181.56,4152919,180.99,181.6307,180.64,181.56,4152919,0,1
2023-07-18,182.79,184.23,182.32,183.64,8242597,182.79,184.23,182.32,183.64,8242597,0,1
2023-07-19,183.45,183.835,182.87,183.67,3911565,183.45,183.835,182.87,183.67,3911565,0,1
2023-07-20,183.73,183.77,182.47,182.74,4972856,183.73,183.77,182.47,182.74,4972856,0,1
2023-07-21,182.06,182.46,181.68,182.18,3845361,182.06,182.46,181.68,182.18,3845361,0,1
2023-07-24,182.22,182.54,181.34,181.4,4370026,182.22,182.54,181.34,181.4,4370026,0,1
2023-07-25,181.72,182.47,181.1,182.41,4090149,181.72,182.47,181.1,182.41,4090149,0,1
2023-07-26,182.66,183.64,182.31,183.3,6158432,182.66,183.64,182.31,183.3,6158432,0,1
2023-07-27,181.64,181.64,180.32,180.42,7592752,181.64,181.64,180.32,180.42,7592752,0,1
2023-07-28,181.48,182.27,181.25,181.86,3829197,181.48,182.27,181.25,181.86,3829197,0,1
2023-07-31,182.43,183.09,182.31,182.35,5496890,182.43,183.09,182.31,182.35,5496890,0,1
2023-08-01,180.85,181.375,180.19,180.46,6289869,180.85,181.375,180.19,180.46,6289869,0,1
2023-08-02,180.57,180.79,179.41,179.6,6348266,180.57,180.79,179.41,179.6,6348266,0,1
2023-08-03,179.44,179.95,179.28,179.54,4638874,179.44,179.95,179.28,179.54,4638874,0,1
2023-08-04,180.25,180.77,179.85,180.19,5326191,180.25,180.77,179.85,180.19,5326191,0,1
2023-08-07,180.15,180.15,179.27,179.78,4510408,180.15,180.15,179.27,179.78,4510408,0,1
2023-08-08,178.64,179.33,178.46,178.64,6162879,178.64,179.33,178.46,178.64,6162879,0,1
2023-08-09,178.68,178.92,177.78,177.79,4643998,178.68,178.92,177.78,177.79,4643998,0,1
2023-08-10,178.22,178.7,177.54,177.6,5934598,178.22,178.7,177.54,177.6,5934598,0,1
2023-08-11,177.7,178.36,177.49,177.6,5289694,177.7,178.36,177.49,177.6,5289694,0,1
2023-08-14,176.86,177.58,176.5787,177.06,9554477,176.86,177.58,176.5787,177.06,9554477,0,1
2023-08-15,176.75,177.43,176.33,176.59,7582703,176.75,177.43,176.33,176.59,7582703,0,1
2023-08-16,176.62,176.945,175.56,175.57,6559418,176.62,176.945,175.56,175.57,6559418,0,1
2023-08-17,176.53,176.56,174.93,175.3,7937672,176.53,176.56,174.93,175.3,7937672,0,1
2023-08-18,175.83,176.055,175.1,175.33,6253027,175.83,176.055,175.1,175.33,6253027,0,1
2023-08-21,175.9,175.94,174.96,175.81,4206360,175.9,175.94,174.96,175.81,4206360,0,1
2023-08-22,175.83,176.25,175.31,176.1,5892540,175.83,176.25,175.31,176.1,5892540,0,1
2023-08-23,177.32,178.22,177.07,177.89,7949056,177.32,178.22,177.07,177.89,7949056,0,1
2023-08-24,177.66,178.49,177.41,177.85,5526428,177.66,178.49,177.41,177.85,5526428,0,1
2023-08-25,177.58,178.38,176.63,177.62,6132927,177.58,178.38,176.63,177.62,6132927,0,1
2023-08-28,177.65,178.73,177.51,178.13,4740683,177.65,178.73,177.51,178.13,4740683,0,1
2023-08-29,178.03,179.88,177.9,179.87,7576640,178.03,179.88,177.9,179.87,7576640,0,1
2023-08-30,180.58,180.88,180.29,180.32,6593692,180.58,180.88,180.29,180.32,6593692,0,1
2023-08-31,180.37,180.49,179.94,180.02,4795626,180.37,180.49,179.94,180.02,4795626,0,1
2023-09-01,180.8,181.12,179.51,180.11,4970732,180.8,181.12,179.51,180.11,4970732,0,1
2023-09-05,179.33,179.4438,178.64,178.64,7056834,179.33,179.4438,178.64,178.64,7056834,0,1
2023-09-06,178.33,179.01,177.7,177.83,6427224,178.33,179.01,177.7,177.83,6427224,0,1
2023-09-07,178.31,178.3701,177.9,178.02,3257213,178.31,178.3701,177.9,178.02,3257213,0,1
2023-09-08,178.36,179.045,177.9,178.08,3293699,178.36,179.045,177.9,178.08,3293699,0,1
2023-09-11,178.97,179.07,178.261,178.41,3689085,178.97,179.07,178.261,178.41,3689085,0,1
2023-09-12,177.11,177.7,177.05,177.49,4445435,177.11,177.7,177.05,177.49,4445435,0,1
2023-09-13,177.53,177.75,177.035,177.08,3874788,177.53,177.75,177.035,177.08,3874788,0,1
2023-09-14,176.5,177.39,176.36,177.17,6184382,176.5,177.39,176.36,177.17,6184382,0,1
2023-09-15,178.55,179.105,178.34,178.34,5620888,178.55,179.105,178.34,178.34,5620888,0,1
2023-09-18,178.82,179.41,178.38,179.39,5049308,178.82,179.41,178.38,179.39,5049308,0,1
2023-09-19,179.54,179.65,179.03,179.22,4225102,179.54,179.65,179.03,179.22,4225102,0,1
2023-09-20,179.34,180.66,179.32,179.35,9330262,179.34,180.66,179.32,179.35,9330262,0,1
2023-09-21,177.86,178.485,177.69,178.05,7573300,177.86,178.485,177.69,178.05,7573300,0,1
2023-09-22,178.65,178.95,178.51,178.62,3637075,178.65,178.95,178.51,178.62,3637075,0,1
2023-09-25,178.41,178.71,177.64,177.7,5582074,178.41,178.71,177.64,177.7,5582074,0,1
2023-09-26,176.825,177.14,176.16,176.28,7181080,176.825,177.14,176.16,176.28,7181080,0,1
2023-09-27,175.27,175.32,173.7,174.1,10919579,175.27,175.32,173.7,174.1,10919579,0,1
2023-09-28,173.91,174.135,172.32,173.23,10061917,173.91,174.135,172.32,173.23,10061917,0,1
2023-09-29,173.92,174.03,171.265,171.45,10427383,173.92,174.03,171.265,171.45,10427383,0,1
2023-10-02,170.23,170.46,169.5,169.65,12706027,170.23,170.46,169.5,169.65,12706027,0,1
2023-10-03,169.14,170.08,168.745,169.16,11459840,169.14,170.08,168.745,169.16,11459840,0,1
2023-10-04,169.21,169.41,168.5,169.14,10034600,169.21,169.41,168.5,169.14,10034600,0,1
2023-10-05,168.74,169,168.3,168.83,6970219,168.74,169,168.3,168.83,6970219,0,1
2023-10-06,169.17,170.23,168.5,169.7,9948433,169.17,170.23,168.5,169.7,9948433,0,1
2023-10-09,171.18,172.86,171.075,172.82,10201547,171.18,172.86,171.075,172.82,10201547,0,1
2023-10-10,172.08,172.795,171.9,172.53,5843995,172.08,172.795,171.9,172.53,5843995,0,1
2023-10-11,173.6,174.125,173.26,173.79,7128002,173.6,174.125,173.26,173.79,7128002,0,1
2023-10-12,174.06,174.23,173.24,173.26,5912663,174.06,174.23,173.24,173.26,5912663,0,1
2023-10-13,176.8921,179.095,176.72,178.83,18802885,176.8921,179.095,176.72,178.83,18802885,0,1
2023-10-16,177.84,178.33,177.535,177.96,8385428,177.84,178.33,177.535,177.96,8385428,0,1
2023-10-17,178.37,179.13,177.98,178.29,8231866,178.37,179.13,177.98,178.29,8231866,0,1
2023-10-18,180.894,182.02,179.75,180.87,13920793,180.894,182.02,179.75,180.87,13920793,0,1
2023-10-19,181.04,183.43,180.82,183.09,13406560,181.04,183.43,180.82,183.09,13406560,0,1
2023-10-20,183.43,185.23,183.09,183.59,12785667,183.43,185.23,183.09,183.59,12785667,0,1
2023-10-23,183.5099,183.56,182.705,182.97,9479805,183.5099,183.56,182.705,182.97,9479805,0,1
2023-10-24,182.07,183.4,181.68,182.95,6593963,182.07,183.4,181.68,182.95,6593963,0,1
2023-10-25,183.42,184.2993,182.04,183.72,10087016,183.42,184.2993,182.04,183.72,10087016,0,1
2023-10-26,183.4,184.49,182.87,184.01,7671406,183.4,184.49,182.87,184.01,7671406,0,1
2023-10-27,183.76,186.36,183.47,186.15,14102828,183.76,186.36,183.47,186.15,14102828,0,1
2023-10-30,185.54,185.7,184.73,185.1,8756405,185.54,185.7,184.73,185.1,8756405,0,1
2023-10-31,185.08,186.21,183.495,184.09,10104569,185.08,186.21,183.495,184.09,10104569,0,1
2023-11-01,183.91,185,182.67,183.51,9048562,183.91,185,182.67,183.51,9048562,0,1
2023-11-02,184.13,184.28,183.5,184.12,7343699,184.13,184.28,183.5,184.12,7343699,0,1
2023-11-03,184.48,185.47,184.35,184.79,8530399,184.48,185.47,184.35,184.79,8530399,0,1
2023-11-06,184.14,184.23,183.34,183.35,8274666,184.14,184.23,183.34,183.35,8274666,0,1
2023-11-07,182.25,182.65,181.75,182.59,6795795,182.25,182.65,181.75,182.59,6795795,0,1
2023-11-08,182.01,182.065,180.5699,180.77,6738304,182.01,182.065,180.5699,180.77,6738304,0,1
2023-11-09,180.98,182.28,180.89,181.49,6486286,180.98,182.28,180.89,181.49,6486286,0,1
2023-11-10,180.51,180.585,179.245,179.51,7611618,180.51,180.585,179.245,179.51,7611618,0,1
2023-11-13,179.4,180.73,179.11,180.51,5385908,179.4,180.73,179.11,180.51,5385908,0,1
2023-11-14,181.7,182.75,181.62,182.12,6831639,181.7,182.75,181.62,182.12,6831639,0,1
2023-11-15,182.03,182.18,181.31,181.64,4909399,182.03,182.18,181.31,181.64,4909399,0,1
2023-11-16,182.8457,184.32,182.8,183.69,8253348,182.8457,184.32,182.8,183.69,8253348,0,1
2023-11-17,183.96,184.125,183.45,183.67,4871297,183.96,184.125,183.45,183.67,4871297,0,1
2023-11-20,182.32,183.48,182.225,183.37,5393464,182.32,183.48,182.225,183.37,5393464,0,1
2023-11-21,185.57,186.115,185.065,185.35,7322379,185.57,186.115,185.065,185.35,7322379,0,1
2023-11-22,185.47,185.72,184.2715,184.56,4338209,185.47,185.72,184.2715,184.56,4338209,0,1
2023-11-24,185.47,185.75,185.16,185.52,2445058,185.47,185.75,185.16,185.52,2445058,0,1
2023-11-27,186.56,186.8,185.93,186.77,6320420,186.56,186.8,185.93,186.77,6320420,0,1
2023-11-28,187.9,189.4,187.52,189.26,10901890,187.9,189.4,187.52,189.26,10901890,0,1
2023-11-29,189.16,189.99,189.02,189.54,8407253,189.16,189.99,189.02,189.54,8407253,0,1
2023-11-30,188.89,189.24,188.28,188.75,7558123,188.89,189.24,188.28,188.75,7558123,0,1
2023-12-01,188.805,192.395,188.685,192.01,16727571,188.805,192.395,188.685,192.01,16727571,0,1
2023-12-04,189.59900000000002,190.38,187.26,187.86,18460544,189.59900000000002,190.38,187.26,187.86,18460544,0,1
2023-12-05,187.5501,187.88,186.3,187.15,7027722,187.5501,187.88,186.3,187.15,7027722,0,1
2023-12-06,188.32,188.46,187.5,187.84,5729710,188.32,188.46,187.5,187.84,5729710,0,1
2023-12-07,188.45,188.59,187.26,188.15,5802025,188.45,188.59,187.26,188.15,5802025,0,1
2023-12-08,185.93,186.78,184.9,185.64,7883204,185.93,186.78,184.9,185.64,7883204,0,1
2023-12-11,184.5,184.53,183.1513,183.59,8519527,184.5,184.53,183.1513,183.59,8519527,0,1
2023-12-12,183.84400000000002,183.98,183.26,183.49,5056911,183.84400000000002,183.98,183.26,183.49,5056911,0,1
2023-12-13,183.82,187.66,183.38,187.63,10635500,183.82,187.66,183.38,187.63,10635500,0,1
2023-12-14,188.8649,189.82,188.08,188.73,9107157,188.8649,189.82,188.08,188.73,9107157,0,1
2023-12-15,188.52,188.96,186.82,187,8324824,188.52,188.96,186.82,187,8324824,0,1
2023-12-18,187.5,188.49,187.24,187.85,5357987,187.5,188.49,187.24,187.85,5357987,0,1
2023-12-19,188.23,189.7239,188.13,189.13,6003955,188.23,189.7239,188.13,189.13,6003955,0,1
2023-12-20,188.69,188.96,188.085,188.1,6002395,188.69,188.96,188.085,188.1,6002395,0,1
2023-12-21,189.21,189.62,188.75,189.43,4619995,189.21,189.62,188.75,189.43,4619995,0,1
2023-12-22,191.6,191.88,190.07,190.27,7176292,191.6,191.88,190.07,190.27,7176292,0,1
2023-12-26,190.97,191.74,190.4,191.72,4502664,190.97,191.74,190.4,191.72,4502664,0,1
2023-12-27,191.77,193.1823,191.54,192.59,5726866,191.77,193.1823,191.54,192.59,5726866,0,1
2023-12-28,192.34,192.89,191.44,191.47,6171506,192.34,192.89,191.44,191.47,6171506,0,1
2023-12-29,190.99,191.64,190.74,191.17,4612349,190.99,191.64,190.74,191.17,4612349,0,1
2024-01-02,191.44,191.89,190.5,190.72,6025646,191.44,191.89,190.5,190.72,6025646,0,1
2024-01-03,188.77,189.86,188.16,189.13,8661568,188.77,189.86,188.16,189.13,8661568,0,1
2024-01-04,189.08,189.75,188.69,189.32,4416743,189.08,189.75,188.69,189.32,4416743,0,1
2024-01-05,189.68,191.26,189.08,189.35,7421774,189.68,191.26,189.08,189.35,7421774,0,1
2024-01-08,187.21,188.74,187.11,187.87,6214968,187.21,188.74,187.11,187.87,6214968,0,1
2024-01-09,188.68,188.78,187.73,187.93,4437269,188.68,188.78,187.73,187.93,4437269,0,1
2024-01-10,188.14,188.44,187.205,187.5,4504726,188.14,188.44,187.205,187.5,4504726,0,1
2024-01-11,188.02,188.55,186.56,187.87,6831086,188.02,188.55,186.56,187.87,6831086,0,1
2024-01-12,190.67,191.08,189.16,189.71,6833678,190.67,191.08,189.16,189.71,6833678,0,1
2024-01-16,189.15,189.26,187.54,187.91,6548068,189.15,189.26,187.54,187.91,6548068,0,1
2024-01-17,187.31,187.42,185.45,185.84,8643163,187.31,187.42,185.45,185.84,8643163,0,1
2024-01-18,186.36,187.4,186.3,187.37,4685239,186.36,187.4,186.3,187.37,4685239,0,1
2024-01-19,188.26,188.3,187.44,187.93,5719650,188.26,188.3,187.44,187.93,5719650,0,1
2024-01-22,187.23,187.7601,186.85,187.22,4397522,187.23,187.7601,186.85,187.22,4397522,0,1
2024-01-23,187.45,188.15,187.28,187.95,5040771,187.45,188.15,187.28,187.95,5040771,0,1
2024-01-24,188.33,188.37,186.32,186.4,5935310,188.33,188.37,186.32,186.4,5935310,0,1
2024-01-25,187.34,187.64,186.46,187.14,4651026,187.34,187.64,186.46,187.14,4651026,0,1
2024-01-26,187.27,187.38,186.76,187.01,5064774,187.27,187.38,186.76,187.01,5064774,0,1
2024-01-29,188.31,188.54,187.1899,188.33,5629695,188.31,188.54,187.1899,188.33,5629695,0,1
2024-01-30,189.7,189.83,187.975,188.59,4976467,189.7,189.83,187.975,188.59,4976467,0,1
2024-01-31,189.37,190.46,188.13,188.45,7886115,189.37,190.46,188.13,188.45,7886115,0,1
2024-02-01,189.71,191.36,188.99,190.41,10278129,189.71,191.36,188.99,190.41,10278129,0,1
2024-02-02,188.07,188.87,187.85,188.61,7337573,188.07,188.87,187.85,188.61,7337573,0,1
2024-02-05,186.875,187.82,186.7,187.57,5436062,186.875,187.82,186.7,187.57,5436062,0,1
2024-02-06,187.94,188.854,187.74200000000002,188.55,4866122,187.94,188.854,187.74200000000002,188.55,4866122,0,1
2024-02-07,188.45,189.39,188.28,188.5,6276879,188.45,189.39,188.28,188.5,6276879,0,1
2024-02-08,187.91,188.5298,187.8199,188.33,3873445,187.91,188.5298,187.8199,188.33,3873445,0,1
2024-02-09,187.56,187.77,187.14,187.6,4412654,187.56,187.77,187.14,187.6,4412654,0,1
2024-02-12,186.6,187.27,186.36,187.11,4706253,186.6,187.27,186.36,187.11,4706253,0,1
2024-02-13,185.35,185.38,184.33,184.53,9525794,185.35,185.38,184.33,184.53,9525794,0,1
2024-02-14,184.27,184.88,183.78,184.42,7031562,184.27,184.88,183.78,184.42,7031562,0,1
2024-02-15,185.6,186.02,185.095,185.66,6228859,185.6,186.02,185.095,185.66,6228859,0,1
2024-02-16,185.076,186.67,184.835,186.34,6518526,185.076,186.67,184.835,186.34,6518526,0,1
2024-02-20,187.96,188.03,187.4,187.47,5531152,187.96,188.03,187.4,187.47,5531152,0,1
2024-02-21,187.88,188.04,187.1,187.48,5789951,187.88,188.04,187.1,187.48,5789951,0,1
2024-02-22,187.56,187.64,187.05,187.56,4550823,187.56,187.64,187.05,187.56,4550823,0,1
2024-02-23,187.56,189.18,187.46,188.62,6827271,187.56,189.18,187.46,188.62,6827271,0,1
2024-02-26,187.79,188.36,187.53,188.2,4491937,187.79,188.36,187.53,188.2,4491937,0,1
2024-02-27,188.58,188.72,187.88,188,5165376,188.58,188.72,187.88,188,5165376,0,1
2024-02-28,188.34,188.52,188.0301,188.34,2824131,188.34,188.52,188.0301,188.34,2824131,0,1
2024-02-29,189.64,189.918,189.23,189.31,6848639,189.64,189.918,189.23,189.31,6848639,0,1
2024-03-01,190.27,193.4,189.44,192.89,13410997,190.27,193.4,189.44,192.89,13410997,0,1
2024-03-04,194.15,196.3299,193.88,196.01,12216341,194.15,196.3299,193.88,196.01,12216341,0,1
2024-03-05,197.44,198.14,196.65,197.19,9672210,197.44,198.14,196.65,197.19,9672210,0,1
2024-03-06,198.08,199.3,197.44,198.81,10459292,198.08,199.3,197.44,198.81,10459292,0,1
2024-03-07,199.54,200.11,198.91,199.94,8403737,199.54,200.11,198.91,199.94,8403737,0,1
2024-03-08,200.89,203.3,200.4459,201.63,13540110,200.89,203.3,200.4459,201.63,13540110,0,1
2024-03-11,201.71,202.41,201.46,202,7136184,201.71,202.41,201.46,202,7136184,0,1
2024-03-12,200.42,200.6277,199.16,199.79,9362953,200.42,200.6277,199.16,199.79,9362953,0,1
2024-03-13,200.44,201.86,200.35,201.19,5625501,200.44,201.86,200.35,201.19,5625501,0,1
2024-03-14,200.37,200.47,199.34,200.35,6845201,200.37,200.47,199.34,200.35,6845201,0,1
2024-03-15,199.94,200.63400000000001,199.57,199.71,4556710,199.94,200.63400000000001,199.57,199.71,4556710,0,1
2024-03-18,199.66,200.145,199.51,200.03,7206823,199.66,200.145,199.51,200.03,7206823,0,1
2024-03-19,199.62,199.81,198.935,199.8,4657527,199.62,199.81,198.935,199.8,4657527,0,1
2024-03-20,199.16,202.66,199.12,202.18,9593754,199.16,202.66,199.12,202.18,9593754,0,1
2024-03-21,203.88,203.92,200.6,201.97,7396540,203.88,203.92,200.6,201.97,7396540,0,1
2024-03-22,201.32,201.86,199.715,200.35,6918508,201.32,201.86,199.715,200.35,6918508,0,1
2024-03-25,201.19,201.95,200.965,200.99,4034750,201.19,201.95,200.965,200.99,4034750,0,1
2024-03-26,202.65,202.76,201.07,201.64,5752677,202.65,202.76,201.07,201.64,5752677,0,1
2024-03-27,202.32,203.22,202.32,203.1,6040980,202.32,203.22,202.32,203.1,6040980,0,1
2024-03-28,204.54,206.05,203.87,205.72,9194473,204.54,206.05,203.87,205.72,9194473,0,1
2024-04-01,208.68,208.73,206.29,207.82,13455629,208.68,208.73,206.29,207.82,13455629,0,1
2024-04-02,209.07,211.03,208.36,210.89,13312934,209.07,211.03,208.36,210.89,13312934,0,1
2024-04-03,210.57,212.83,210.3,212.74,10537858,210.57,212.83,210.3,212.74,10537858,0,1
2024-04-04,212,213.45,211.02,211.52,12212708,212,213.45,211.02,211.52,12212708,0,1
2024-04-05,212.49,215.74,212.22,215.14,13257073,212.49,215.74,212.22,215.14,13257073,0,1
2024-04-08,215.98,216.81,214.61,216.48,10271169,215.98,216.81,214.61,216.48,10271169,0,1
2024-04-09,217.81,218.86,216.45,217.67,13007514,217.81,218.86,216.45,217.67,13007514,0,1
2024-04-10,215.37,217.78,214.68,215.61,13317492,215.37,217.78,214.68,215.61,13317492,0,1
2024-04-11,216.85,219.84,215.89,219.8,11415224,216.85,219.84,215.89,219.8,11415224,0,1
2024-04-12,221.87,225.09,216.02,216.89,30898775,221.87,225.09,216.02,216.89,30898775,0,1
2024-04-15,217.94,221.03,215.16,220.95,13238952,217.94,221.03,215.16,220.95,13238952,0,1
2024-04-16,220.18,221.99,218.78,221.22,10746123,220.18,221.99,218.78,221.22,10746123,0,1
2024-04-17,221.05,221.76,218.52,219.59,11521054,221.05,221.76,218.52,219.59,11521054,0,1
2024-04-18,221.31,221.4599,219.312,220.34,6496885,221.31,221.4599,219.312,220.34,6496885,0,1
2024-04-19,220.49,222.36,220.08,221.03,8688967,220.49,222.36,220.08,221.03,8688967,0,1
2024-04-22,216.35,216.9578,215.14,215.57,13404253,216.35,216.9578,215.14,215.57,13404253,0,1
2024-04-23,213.96,215.86,213.87,215.04,10730332,213.96,215.86,213.87,215.04,10730332,0,1
2024-04-24,214.76,216.35,214.36,214.64,5741072,214.76,216.35,214.36,214.64,5741072,0,1
2024-04-25,214.47,217.05,214.3357,215.92,6606512,214.47,217.05,214.3357,215.92,6606512,0,1
2024-04-26,216.77,217.0676,215.53,216.62,6268504,216.77,217.0676,215.53,216.62,6268504,0,1
2024-04-29,216.02,217.215,215.25,216.18,6409870,216.02,217.215,215.25,216.18,6409870,0,1
2024-04-30,213.38,214.1271,211.8,211.87,11248615,213.38,214.1271,211.8,211.87,11248615,0,1
2024-05-01,212.96,215.5,212.41,213.79,10373880,212.96,215.5,212.41,213.79,10373880,0,1
2024-05-02,211.9,213.705,211.49,213.13,6286967,211.9,213.705,211.49,213.13,6286967,0,1
2024-05-03,212.89,213.225,210.71,212.96,8679910,212.89,213.225,210.71,212.96,8679910,0,1
2024-05-06,215.14,215.91,214.47,215.2,6840477,215.14,215.91,214.47,215.2,6840477,0,1
2024-05-07,214.52,214.93,213.88,214.21,5660735,214.52,214.93,213.88,214.21,5660735,0,1
2024-05-08,213.62,214.8,213.5,213.58,4462736,213.62,214.8,213.5,213.58,4462736,0,1
2024-05-09,214.48,216.95,214.44,216.95,7732469,214.48,216.95,214.44,216.95,7732469,0,1
2024-05-10,219.22,219.6,218.08,218.71,8700917,219.22,219.6,218.08,218.71,8700917,0,1
2024-05-13,217.06,217.31,215.8,216.26,4896343,217.06,217.31,215.8,216.26,4896343,0,1
2024-05-14,217.31,218.3795,216.98,218.09,4662679,217.31,218.3795,216.98,218.09,4662679,0,1
2024-05-15,219.06,221.19,217.65,220.89,9297715,219.06,221.19,217.65,220.89,9297715,0,1
2024-05-16,220.14,220.585,219.41,220.03,4301652,220.14,220.585,219.41,220.03,4301652,0,1
2024-05-17,222.18,223.8501,221.67,223.66,10481937,222.18,223.8501,221.67,223.66,10481937,0,1
2024-05-20,223.79,225.66,223.02,224.56,5990860,223.79,225.66,223.02,224.56,5990860,0,1
2024-05-21,224.77,225.21,223.7,224.23,4002615,224.77,225.21,223.7,224.23,4002615,0,1
2024-05-22,223.09,223.24,219.7407,220.11,8903115,223.09,223.24,219.7407,220.11,8903115,0,1
2024-05-23,218.78,219.23,215.66,215.72,9537911,218.78,219.23,215.66,215.72,9537911,0,1
2024-05-24,216.96,217.21,215.74,215.92,4212379,216.96,217.21,215.74,215.92,4212379,0,1
2024-05-28,218.43,218.59,217.21,218.19,3809677,218.43,218.59,217.21,218.19,3809677,0,1
2024-05-29,216.92,217.16,216.12,216.16,4184972,216.92,217.16,216.12,216.16,4184972,0,1
2024-05-30,216.69,217.51,216.41,216.57,3071290,216.69,217.51,216.41,216.57,3071290,0,1
2024-05-31,217.77,217.96,214.65,215.3,5617183,217.77,217.96,214.65,215.3,5617183,0,1
2024-06-03,215.92,217.82,215.54,217.22,6172606,215.92,217.82,215.54,217.22,6172606,0,1
2024-06-04,216.24,216.24,214.2,215.27,5509361,216.24,216.24,214.2,215.27,5509361,0,1
2024-06-05,216.69,218.0795,215.93,217.82,5479226,216.69,218.0795,215.93,217.82,5479226,0,1
2024-06-06,218.36,219.97,218.1,219.43,5283914,218.36,219.97,218.1,219.43,5283914,0,1
2024-06-07,215.07,215.19,211.54,211.6,12195073,215.07,215.19,211.54,211.6,12195073,0,1
2024-06-10,213.13,214.02,212.76,213.54,4219641,213.13,214.02,212.76,213.54,4219641,0,1
2024-06-11,213.95,214.38,213.24,214.15,4004085,213.95,214.38,213.24,214.15,4004085,0,1
2024-06-12,216.47,216.55,214.2,214.72,5911883,216.47,216.55,214.2,214.72,5911883,0,1
2024-06-13,214.44,214.96,212.26,212.97,5861099,214.44,214.96,212.26,212.97,5861099,0,1
2024-06-14,215.34,216.04,214.98,215.73,7076496,215.34,216.04,214.98,215.73,7076496,0,1
2024-06-17,214.9,215.24,213.6,214.61,3877671,214.9,215.24,213.6,214.61,3877671,0,1
2024-06-18,214.38,215.83,214.04,215.47,4921415,214.38,215.83,214.04,215.47,4921415,0,1
2024-06-20,216.32,218.7413,216.15,218.16,7290516,216.32,218.7413,216.15,218.16,7290516,0,1
2024-06-21,217.83,217.9,214.255,214.78,8935399,217.83,217.9,214.255,214.78,8935399,0,1
2024-06-24,215.55,215.94,215.2,215.63,4626923,215.55,215.94,215.2,215.63,4626923,0,1
2024-06-25,214.96,215.31,214.12,214.56,3847694,214.96,215.31,214.12,214.56,3847694,0,1
2024-06-26,212.39,213.11,212.1204,212.58,4690348,212.39,213.11,212.1204,212.58,4690348,0,1
2024-06-27,214.71,215.5,214.45,214.99,4977837,214.71,215.5,214.45,214.99,4977837,0,1
2024-06-28,215.64,215.8148,214.82,215.01,3955080,215.64,215.8148,214.82,215.01,3955080,0,1
2024-07-01,215.25,216,214.485,215.57,3797921,215.25,216,214.485,215.57,3797921,0,1
2024-07-02,215.33,216.08,214.6204,215.56,4921672,215.33,216.08,214.6204,215.56,4921672,0,1
2024-07-03,217.34,218.7397,217.33,217.99,5055313,217.34,218.7397,217.33,217.99,5055313,0,1
2024-07-05,219.58,221.28,219.58,220.93,5950550,219.58,221.28,219.58,220.93,5950550,0,1
2024-07-08,219.64,220.04,217.41,218.19,5790811,219.64,220.04,217.41,218.19,5790811,0,1
2024-07-09,218.57,219.29,217.265,218.56,3904495,218.57,219.29,217.265,218.56,3904495,0,1
2024-07-10,220.14,220.71,219.16,219.36,5556185,220.14,220.71,219.16,219.36,5556185,0,1
2024-07-11,222.65,224.1489,221.48,223.25,9323981,222.65,224.1489,221.48,223.25,9323981,0,1
2024-07-12,222.03,223.62,221.86,223.11,5179297,222.03,223.62,221.86,223.11,5179297,0,1
2024-07-15,223.39,225.59,223.02,223.83,5719339,223.39,225.59,223.02,223.83,5719339,0,1
2024-07-16,225.45,228.29,225.3,228.29,11070663,225.45,228.29,225.3,228.29,11070663,0,1
2024-07-17,228.79,229.65,226.67,227.23,8620511,228.79,229.65,226.67,227.23,8620511,0,1
2024-07-18,227.71,228.32,225.57,225.78,5485459,227.71,228.32,225.57,225.78,5485459,0,1
2024-07-19,221.52,222.68,221.41,221.73,8665956,221.52,222.68,221.41,221.73,8665956,0,1
2024-07-22,221.58,221.92,220.4,221.8,5334060,221.58,221.92,220.4,221.8,5334060,0,1
2024-07-23,222.34,222.75,221.86,222.58,4435700,222.34,222.75,221.86,222.58,4435700,0,1
2024-07-24,223.47,224.88,221.74,221.8,6838783,223.47,224.88,221.74,221.8,6838783,0,1
2024-07-25,219.02,219.2607,217.52,218.33,9777054,219.02,219.2607,217.52,218.33,9777054,0,1
2024-07-26,219.96,221.04,219.7,220.63,6328784,219.96,221.04,219.7,220.63,6328784,0,1
2024-07-29,221.26,221.55,219.045,220.32,4665057,221.26,221.55,219.045,220.32,4665057,0,1
2024-07-30,221.41,222.92,220.355,222.52,4939531,221.41,222.92,220.355,222.52,4939531,0,1
2024-07-31,223.73,226.6,223.64,226.55,7316552,223.73,226.6,223.64,226.55,7316552,0,1
2024-08-01,226.74,227.57,225.05,225.77,7217224,226.74,227.57,225.05,225.77,7217224,0,1
2024-08-02,227.95,228.76,222.865,225.34,11109387,227.95,228.76,222.865,225.34,11109387,0,1
2024-08-05,220.56,223.1,220.24099999999999,222.48,8939011,220.56,223.1,220.24099999999999,222.48,8939011,0,1
2024-08-06,221.5,222.14,220.11,220.7,14362267,221.5,222.14,220.11,220.7,14362267,0,1
2024-08-07,221.94,222.31,220.35,220.55,5287817,221.94,222.31,220.35,220.55,5287817,0,1
2024-08-08,222.73,224.25,222.515,224.01,6327054,222.73,224.25,222.515,224.01,6327054,0,1
2024-08-09,224.82,225.28,223.82,224.56,4441017,224.82,225.28,223.82,224.56,4441017,0,1
2024-08-12,226.14,228.535,225.965,228.41,5561259,226.14,228.535,225.965,228.41,5561259,0,1
2024-08-13,228.07,228.87,227.59,228.06,6740238,228.07,228.87,227.59,228.06,6740238,0,1
2024-08-14,226.55,227.48,225.35,226.2,5462495,226.55,227.48,225.35,226.2,5462495,0,1
2024-08-15,226.51,227.5,225.12,226.91,5273310,226.51,227.5,225.12,226.91,5273310,0,1
2024-08-16,229.99,232.02,229.005,231.99,11924536,229.99,232.02,229.005,231.99,11924536,0,1
2024-08-19,230.15,231.78,229.74,231.61,5164817,230.15,231.78,229.74,231.61,5164817,0,1
2024-08-20,233.71,234.01,231.13,232.46,9073611,233.71,234.01,231.13,232.46,9073611,0,1
2024-08-21,231.69,232.87,230.48,232.15,5337388,231.69,232.87,230.48,232.15,5337388,0,1
2024-08-22,230.35,230.38,228.26,229.37,5765369,230.35,230.38,228.26,229.37,5765369,0,1
2024-08-23,231.04,232.73,230.5199,232.02,5418171,231.04,232.73,230.5199,232.02,5418171,0,1
2024-08-26,233.45,233.5,232.06,232.76,3151384,233.45,233.5,232.06,232.76,3151384,0,1
2024-08-27,231.69,233.47,231.5701,233.39,4435606,231.69,233.47,231.5701,233.39,4435606,0,1
2024-08-28,232,232.02,230.73,231.75,4961482,232,232.02,230.73,231.75,4961482,0,1
2024-08-29,231.95,233.61,231.92,232.95,5524161,231.95,233.61,231.92,232.95,5524161,0,1
2024-08-30,232.53,232.86,230.5501,231.29,5742963,232.53,232.86,230.5501,231.29,5742963,0,1
2024-09-03,230.38,230.54,228.52,230.29,6417918,230.38,230.54,228.52,230.29,6417918,0,1
2024-09-04,229.79,231.06,229.375,230.43,4628694,229.79,231.06,229.375,230.43,4628694,0,1
2024-09-05,232.72,232.89,231.33,232.35,4838112,232.72,232.89,231.33,232.35,4838112,0,1
2024-09-06,231.83,232.76,229.62,230.63,6315824,231.83,232.76,229.62,230.63,6315824,0,1
2024-09-09,231.26,231.62,230.39,231.6,3548806,231.26,231.62,230.39,231.6,3548806,0,1
2024-09-10,232.39,232.74,231.12,232.62,4378349,232.39,232.74,231.12,232.62,4378349,0,1
2024-09-11,231.72,232.87,231.09,232.25,4637312,231.72,232.87,231.09,232.25,4637312,0,1
2024-09-12,234.63,236.45,234.42,236.33,9944986,234.63,236.45,234.42,236.33,9944986,0,1
2024-09-13,238.13,238.98,237.7575,238.68,7455078,238.13,238.98,237.7575,238.68,7455078,0,1
2024-09-16,238.73,239.278,238.05,238.66,4713541,238.73,239.278,238.05,238.66,4713541,0,1
2024-09-17,238.08,238.6,236.61,237.34,5257119,238.08,238.6,236.61,237.34,5257119,0,1
2024-09-18,238.19,240.2896,235.3,235.51,11081114,238.19,240.2896,235.3,235.51,11081114,0,1
2024-09-19,238.24,239.515,237.39,239.17,6108226,238.24,239.515,237.39,239.17,6108226,0,1
2024-09-20,241.11,242.625,240.47,242.21,7737416,241.11,242.625,240.47,242.21,7737416,0,1
2024-09-23,242.97,243.46,242.585,242.68,5426166,242.97,243.46,242.585,242.68,5426166,0,1
2024-09-24,243.39,246.19,243.15,246.07,8386348,243.39,246.19,243.15,246.07,8386348,0,1
2024-09-25,246.19,246.47,244.79,245.73,7393448,246.19,246.47,244.79,245.73,7393448,0,1
2024-09-26,246.44,247.37,245.19,246.98,7041063,246.44,247.37,245.19,246.98,7041063,0,1
2024-09-27,246.31,246.75,244.19,245.02,8329633,246.31,246.75,244.19,245.02,8329633,0,1
2024-09-30,243.97,244.08,242.5,243.06,6919352,243.97,244.08,242.5,243.06,6919352,0,1
2024-10-01,245.2,246.98,245.06,245.61,10605494,245.2,246.98,245.06,245.61,10605494,0,1
2024-10-02,245.61,246.07,243.99,245.66,6798783,245.61,246.07,243.99,245.66,6798783,0,1
2024-10-03,244.72,245.91,243.69,245.49,5674503,244.72,245.91,243.69,245.49,5674503,0,1
2024-10-04,245,246.69,244.045,245,5951628,245,246.69,244.045,245,5951628,0,1
2024-10-07,244.58,244.82,243.81,244.17,3849026,244.58,244.82,243.81,244.17,3849026,0,1
2024-10-08,243.79,244.04,240.63,242.37,7669807,243.79,244.04,240.63,242.37,7669807,0,1
2024-10-09,241.16,241.84,240.64,241.05,4120486,241.16,241.84,240.64,241.05,4120486,0,1
2024-10-10,241.77,243.02,241.5101,242.82,4792690,241.77,243.02,241.5101,242.82,4792690,0,1
2024-10-11,244.5,245.92,244.47,245.47,5789546,244.5,245.92,244.47,245.47,5789546,0,1
2024-10-14,245.16,245.86,244.26,245.07,3922892,245.16,245.86,244.26,245.07,3922892,0,1
2024-10-15,244.99,246.55,244.53,245.92,5640831,244.99,246.55,244.53,245.92,5640831,0,1
2024-10-16,247.62,248.09,246.36,247.15,5431939,247.62,248.09,246.36,247.15,5431939,0,1
2024-10-17,247.75,249.06,247.62,248.63,5176170,247.75,249.06,247.62,248.63,5176170,0,1
2024-10-18,250,251.37,249.9,251.27,7833614,250,251.37,249.9,251.27,7833614,0,1
2024-10-21,252.74,253.14,250.73,251.22,9258590,252.74,253.14,250.73,251.22,9258590,0,1
2024-10-22,253.06,253.94,252.52,253.93,5756321,253.06,253.94,252.52,253.93,5756321,0,1
2024-10-23,253.08,253.18,250.2,250.87,8080958,253.08,253.18,250.2,250.87,8080958,0,1
2024-10-24,253.27,253.32,251.4,252.8,5962188,253.27,253.32,251.4,252.8,5962188,0,1
2024-10-25,252,253.5499,251.77,253.32,4424475,252,253.5499,251.77,253.32,4424475,0,1
2024-10-28,253.01,253.63,252.95,253.33,4029110,253.01,253.63,252.95,253.33,4029110,0,1
2024-10-29,254.49,256.29,254.23,256.09,8875470,254.49,256.29,254.23,256.09,8875470,0,1
2024-10-30,256.76,257.71,255.9101,257.5,6386196,256.76,257.71,255.9101,257.5,6386196,0,1
2024-10-31,255.52,255.6,252.2,253.51,9930827,255.52,255.6,252.2,253.51,9930827,0,1
2024-11-01,254.33,254.86,252.435,252.47,6473012,254.33,254.86,252.435,252.47,6473012,0,1
2024-11-04,253.32,253.58,252.27,252.83,4581435,253.32,253.58,252.27,252.83,4581435,0,1
2024-11-05,253.78,253.9893,252.41,253.4,6029884,253.78,253.9893,252.41,253.4,6029884,0,1
2024-11-06,245.635,247.35,244.9506,245.7,14600217,245.635,247.35,244.9506,245.7,14600217,0,1
2024-11-07,248.29,250.24,248.12,249.65,8821445,248.29,250.24,248.12,249.65,8821445,0,1
2024-11-08,249.07,249.35,247.78,247.96,6267916,249.07,249.35,247.78,247.96,6267916,0,1
2024-11-11,242.73,242.73,241.06,242.14,11653848,242.73,242.73,241.06,242.14,11653848,0,1
2024-11-12,241.29,241.66,239.39,240.05,10145510,241.29,241.66,239.39,240.05,10145510,0,1
2024-11-13,241.31,241.47,237.59,237.63,8431694,241.31,241.47,237.59,237.63,8431694,0,1
2024-11-14,236.57,237.9886,236.1326,237.01,8262426,236.57,237.9886,236.1326,237.01,8262426,0,1
2024-11-15,237.57,237.88,236.33,236.59,7299482,237.57,237.88,236.33,236.59,7299482,0,1
2024-11-18,240.46,241.495,240.45,241.09,6512986,240.46,241.495,240.45,241.09,6512986,0,1
2024-11-19,242.75,243.31,242.03,243.25,6579103,242.75,243.31,242.03,243.25,6579103,0,1
2024-11-20,243.74,245.21,243.51,244.62,6630737,243.74,245.21,243.51,244.62,6630737,0,1
2024-11-21,246.23,246.81,245.69,246.66,7646429,246.23,246.81,245.69,246.66,7646429,0,1
2024-11-22,248.2,250.39,247.86,249.84,7502963,248.2,250.39,247.86,249.84,7502963,0,1
2024-11-25,244.27,244.3999,241.48,242.48,10733109,244.27,244.3999,241.48,242.48,10733109,0,1
2024-11-26,242.71,243.09,241.58,242.95,4945897,242.71,243.09,241.58,242.95,4945897,0,1
2024-11-27,244.85,245.1835,243.2,243.49,6930587,244.85,245.1835,243.2,243.49,6930587,0,1
2024-11-29,245.25,245.81,244.73,245.59,2700669,245.25,245.81,244.73,245.59,2700669,0,1
2024-12-02,244.46,244.5805,243.14,243.44,4765001,244.46,244.5805,243.14,243.44,4765001,0,1
2024-12-03,244.96,245.18,243.3,243.93,3557819,244.96,245.18,243.3,243.93,3557819,0,1
2024-12-04,244.93,245.34,244.365,244.67,4608584,244.93,245.34,244.365,244.67,4608584,0,1
2024-12-05,244.16,244.38,242.15,242.86,4806206,244.16,244.38,242.15,242.86,4806206,0,1
2024-12-06,242.79,243.86,242.435,242.95,3540698,242.79,243.86,242.435,242.95,3540698,0,1
2024-12-09,246.28,247.11,245.2595,245.36,4711536,246.28,247.11,245.2595,245.36,4711536,0,1
2024-12-10,247.86,248.86,247.83,248.59,4641963,247.86,248.86,247.83,248.59,4641963,0,1
2024-12-11,249.35,251.26,248.97,250.96,11033776,249.35,251.26,248.97,250.96,11033776,0,1
2024-12-12,247.81,248.24,246.87,247.28,10149585,247.81,248.24,246.87,247.28,10149585,0,1
2024-12-13,245.67,245.94,244.27,244.29,6602591,245.67,245.94,244.27,244.29,6602591,0,1
2024-12-16,245.41,245.54,244.29,244.88,3310036,245.41,245.54,244.29,244.88,3310036,0,1
2024-12-17,243.8,244.55,243.23,243.94,4421339,243.8,244.55,243.23,243.94,4421339,0,1
2024-12-18,243.57,243.7095,238.82,239.26,8015848,243.57,243.7095,238.82,239.26,8015848,0,1
2024-12-19,239.67,240.05,238.73,239.6,8113568,239.67,240.05,238.73,239.6,8113568,0,1
2024-12-20,241.41,242.955,241.17,242.1,9527805,241.41,242.955,241.17,242.1,9527805,0,1
2024-12-23,241.6,241.67,240.65,240.96,5835498,241.6,241.67,240.65,240.96,5835498,0,1
2024-12-24,241.49,241.66,240.82,241.44,2421008,241.49,241.66,240.82,241.44,2421008,0,1
2024-12-26,242.39,243.56,242.195,243.07,4651778,242.39,243.56,242.195,243.07,4651778,0,1
2024-12-27,241.2,241.95,241.05,241.4,4728440,241.2,241.95,241.05,241.4,4728440,0,1
2024-12-30,241.08,241.08,239.58,240.63,3522539,241.08,241.08,239.58,240.63,3522539,0,1
2024-12-31,241.05,242.52,241.05,242.13,2522102,241.05,242.52,241.05,242.13,2522102,0,1
2025-01-02,244.22,245.53,244.08,245.42,6241899,244.22,245.53,244.08,245.42,6241899,0,1
2025-01-03,244.56,244.82,243.36,243.49,4875546,244.56,244.82,243.36,243.49,4875546,0,1
2025-01-06,242.33,243.79,242.05,243.19,3758903,242.33,243.79,242.05,243.19,3758903,0,1
2025-01-07,245.52,245.77,243.81,244.56,5090333,245.52,245.77,243.81,244.56,5090333,0,1
2025-01-08,245.72,246.45,244.51,245.86,6303334,245.72,246.45,244.51,245.86,6303334,0,1
2025-01-10,248.01,249.04,247.55,248.21,12380131,248.01,249.04,247.55,248.21,12380131,0,1
2025-01-13,246.34,246.79,245.15099999999998,245.74,8448595,246.34,246.79,245.15099999999998,245.74,8448595,0,1
2025-01-14,245.62,247.04,245.52,247.03,4914837,245.62,247.04,245.52,247.03,4914837,0,1
2025-01-15,248.21,248.9,247.0102,248.88,6344973,248.21,248.9,247.0102,248.88,6344973,0,1
2025-01-16,250.56,251.39,250.27,250.6,9235998,250.56,251.39,250.27,250.6,9235998,0,1
2025-01-17,249.7,250.81,249.15,249.27,8312858,249.7,250.81,249.15,249.27,8312858,0,1
2025-01-21,251.95,253.3598,251.83,253.13,7668119,251.95,253.3598,251.83,253.13,7668119,0,1
2025-01-22,254.29,254.68,253.7801,254.43,5213777,254.29,254.68,253.7801,254.43,5213777,0,1
2025-01-23,253.19,254.54,252.82,254.07,6511526,253.19,254.54,252.82,254.07,6511526,0,1
2025-01-24,255.96,257.07,255.61,255.65,7341337,255.96,257.07,255.61,255.65,7341337,0,1
2025-01-27,253.86,254.26,251.92,252.99,5799780,253.86,254.26,251.92,252.99,5799780,0,1
2025-01-28,254.225,255.25,253.891,255.18,5332005,254.225,255.25,253.891,255.18,5332005,0,1
2025-01-29,254.55,254.82,253.3,254.2,5671753,254.55,254.82,253.3,254.2,5671753,0,1
2025-01-30,257.2,258.29,256.45,258.05,12981164,257.2,258.29,256.45,258.05,12981164,0,1
2025-01-31,259.08,259.99,257.86,258.56,8965576,259.08,259.99,257.86,258.56,8965576,0,1
2025-02-03,259.75,261.3897,259.5236,259.94,11521093,259.75,261.3897,259.5236,259.94,11521093,0,1
2025-02-04,261.83,262.54,261.35,262.5,9850412,261.83,262.54,261.35,262.5,9850412,0,1
2025-02-05,264.45,265.99,263.89,264.13,12681127,264.45,265.99,263.89,264.13,12681127,0,1
2025-02-06,263.66,263.72,261.49,263.43,8731433,263.66,263.72,261.49,263.43,8731433,0,1
2025-02-07,265.22,266.345,263.26,263.9,9154042,265.22,266.345,263.26,263.9,9154042,0,1
2025-02-10,268,268.66,267.24,268.37,13250312,268,268.66,267.24,268.37,13250312,0,1
2025-02-11,267.7,268.36,266.711,267.39,7169450,267.7,268.36,266.711,267.39,7169450,0,1
2025-02-12,267.15,268.43,266.3451,267.67,9328598,267.15,268.43,266.3451,267.67,9328598,0,1
2025-02-13,268.4,270.39,268.22,270.31,8347547,268.4,270.39,268.22,270.31,8347547,0,1
2025-02-14,270.07,270.21,265.45,266.29,11546721,270.07,270.21,265.45,266.29,11546721,0,1
2025-02-18,269.68,271.0099,269.6,270.7,8185949,269.68,271.0099,269.6,270.7,8185949,0,1
2025-02-19,270.68,271.33,269.24,270.85,9342452,270.68,271.33,269.24,270.85,9342452,0,1
2025-02-20,270.23,271.84,270.17,270.99,7356900,270.23,271.84,270.17,270.99,7356900,0,1
2025-02-21,270.795,271.51,269.51,270.74,8917431,270.795,271.51,269.51,270.74,8917431,0,1
2025-02-24,271.45,272.32,270.375,272.21,5374360,271.45,272.32,270.375,272.21,5374360,0,1
2025-02-25,271.46,271.6796,266.45,268.62,10079777,271.46,271.6796,266.45,268.62,10079777,0,1
2025-02-26,267.08,269.08,266.6612,269.03,7276033,267.08,269.08,266.6612,269.03,7276033,0,1
2025-02-27,266.49,266.67,264.4475,264.93,9374626,266.49,266.67,264.4475,264.93,9374626,0,1
2025-02-28,262.555,263.4,261.25,263.27,11504491,262.555,263.4,261.25,263.27,11504491,0,1
2025-03-03,265.07,266.88,265.07,266.74,7725647,265.07,266.88,265.07,266.74,7725647,0,1
2025-03-04,269.01,269.4,267.52,269.06,8481343,269.01,269.4,267.52,269.06,8481343,0,1
2025-03-05,267.97,270.26,267.96,269.62,6990354,267.97,270.26,267.96,269.62,6990354,0,1
2025-03-06,268.25,269.51,268.16,268.25,6136447,268.25,269.51,268.16,268.25,6136447,0,1
2025-03-07,269.09,270.34,267.64,268.39,10431236,269.09,270.34,267.64,268.39,10431236,0,1
2025-03-10,267.62,268.44,265.64,266.04,7334888,267.62,268.44,265.64,266.04,7334888,0,1
2025-03-11,268.47,269.73,268.4401,269.16,8436562,268.47,269.73,268.4401,269.16,8436562,0,1
2025-03-12,268.47,271.23,268.36,270.33,7236239,268.47,271.23,268.36,270.33,7236239,0,1
2025-03-13,271.57,275.345,271.55,275.13,13741460,271.57,275.345,271.55,275.13,13741460,0,1
2025-03-14,276.27,276.3,274.66,275.24,13364965,276.27,276.3,274.66,275.24,13364965,0,1
2025-03-17,275.54,276.79,275.39,276.73,8583359,275.54,276.79,275.39,276.73,8583359,0,1
2025-03-18,279.9,280.215,278.97,279.96,9596547,279.9,280.215,278.97,279.96,9596547,0,1
2025-03-19,279.85,281.47900000000004,279.06,281.11,8822197,279.85,281.47900000000004,279.06,281.11,8822197,0,1
2025-03-20,279.49,280.9,279.43,280.75,5863288,279.49,280.9,279.43,280.75,5863288,0,1
2025-03-21,279.46,279.46,276.59,278.49,9359340,279.46,279.46,276.59,278.49,9359340,0,1
2025-03-24,278.91,279.089,276.86,277.25,7870109,278.91,279.089,276.86,277.25,7870109,0,1
2025-03-25,278.78,279.96,278.27,278.47,5090179,278.78,279.96,278.27,278.47,5090179,0,1
2025-03-26,278.93,279.02,277.78,278.24,3741843,278.93,279.02,277.78,278.24,3741843,0,1
2025-03-27,280.55,282.065,279.5868,281.97,8476335,280.55,282.065,279.5868,281.97,8476335,0,1
2025-03-28,283.82,284.64,282.86,284.06,9563660,283.82,284.64,282.86,284.06,9563660,0,1
2025-03-31,287.53,288.39,285.85,288.14,13925100,287.53,288.39,285.85,288.14,13925100,0,1
2025-04-01,288.54,289.13,285.91,287.57,15923553,288.54,289.13,285.91,287.57,15923553,0,1
2025-04-02,288.28,289.03,287.36,288.16,11074787,288.28,289.03,287.36,288.16,11074787,0,1
2025-04-03,282.78,289.09,282.45,286.42,20524385,282.78,289.09,282.45,286.42,20524385,0,1
2025-04-04,283.64,284.03,278.02,279.72,21517158,283.64,284.03,278.02,279.72,21517158,0,1
2025-04-07,278.855,280.14,272.58,273.71,19806990,278.855,280.14,272.58,273.71,19806990,0,1
2025-04-08,277.8665,278.32,274.24,275.2,12639534,277.8665,278.32,274.24,275.2,12639534,0,1
2025-04-09,282.22,285.87,281.04,285.38,25342180,282.22,285.87,281.04,285.38,25342180,0,1
2025-04-10,288.805,292.86,287.231,292.35,19837799,288.805,292.86,287.231,292.35,19837799,0,1
2025-04-11,297.96,299.275,296.81,297.93,21080132,297.96,299.275,296.81,297.93,21080132,0,1
2025-04-14,295.54,296.58,294.53,296.23,12427590,295.54,296.58,294.53,296.23,12427590,0,1
2025-04-15,296.93,298.02,296.09,297.78,7924134,296.93,298.02,296.09,297.78,7924134,0,1
2025-04-16,304.65,308.0599,303.8,307.47,20778079,304.65,308.0599,303.8,307.47,20778079,0,1
2025-04-17,306.31,307.13,302.73,306.12,18287825,306.31,307.13,302.73,306.12,18287825,0,1
2025-04-21,315.015,316.41,313.945,315.59,20372259,315.015,316.41,313.945,315.59,20372259,0,1
2025-04-22,317.49,317.63,310.36,311.11,35242287,317.49,317.63,310.36,311.11,35242287,0,1
2025-04-23,304.18,304.74,300.59,303.65,25421464,304.18,304.74,300.59,303.65,25421464,0,1
2025-04-24,306.98,308.495,304.71,308.07,10844971,306.98,308.495,304.71,308.07,10844971,0,1
2025-04-25,301.78,305.37,301.01,304.73,10691590,301.78,305.37,301.01,304.73,10691590,0,1
2025-04-28,304.15,309.11,302.97,309.07,9375484,304.15,309.11,302.97,309.07,9375484,0,1
2025-04-29,305.81,306.95,304,306.06,6852106,305.81,306.95,304,306.06,6852106,0,1
2025-04-30,304.605,306.065,303.44,303.77,8331894,304.605,306.065,303.44,303.77,8331894,0,1
2025-05-01,297.41,297.94,295.32,297.46,14969062,297.41,297.94,295.32,297.46,14969062,0,1
2025-05-02,300.17,300.85,297.03,297.98,8678366,300.17,300.85,297.03,297.98,8678366,0,1
2025-05-05,305.92,307.65,304.675,306.88,8924009,305.92,307.65,304.675,306.88,8924009,0,1
2025-05-06,313.12,315.62,311.4,315.48,11445270,313.12,315.62,311.4,315.48,11445270,0,1
2025-05-07,312.1,313.26,310.08,310.75,7909976,312.1,313.26,310.08,310.75,7909976,0,1
2025-05-08,309.76,310.48,303.05,304.63,11927583,309.76,310.48,303.05,304.63,11927583,0,1
2025-05-09,307.79,308.57,306.0101,306.84,6913131,307.79,308.57,306.0101,306.84,6913131,0,1
2025-05-12,298.33,299.47,296.82,298.19,14375881,298.33,299.47,296.82,298.19,14375881,0,1
2025-05-13,299.02,300.3,297.24,299.46,10233603,299.02,300.3,297.24,299.46,10233603,0,1
2025-05-14,293.67,294.8,291.96,293.16,14800596,293.67,294.8,291.96,293.16,14800596,0,1
2025-05-15,294.1,297.9,293.75,297.84,13497735,294.1,297.9,293.75,297.84,13497735,0,1
2025-05-16,292.62,294.575,291.78,294.24,14173039,292.62,294.575,291.78,294.24,14173039,0,1
2025-05-19,297.845,298.58,296.482,298.03,11656261,297.845,298.58,296.482,298.03,11656261,0,1
2025-05-20,298.35,303.6825,298.3,303.58,12850980,298.35,303.6825,298.3,303.58,12850980,0,1
2025-05-21,304.55,306.46,303.67,305.82,12414518,304.55,306.46,303.67,305.82,12414518,0,1
2025-05-22,305.09,305.28,302.1,303.11,9704165,305.09,305.28,302.1,303.11,9704165,0,1
2025-05-23,308.86,310.25,307.47,309.75,13339473,308.86,310.25,307.47,309.75,13339473,0,1
2025-05-27,303.81,304.875,302.74,304.5,9578486,303.81,304.875,302.74,304.5,9578486,0,1
2025-05-28,304.64,304.99,303.06,303.81,8803333,304.64,304.99,303.06,303.81,8803333,0,1
2025-05-29,305.74,306.89,304.46,305.61,9502412,305.74,306.89,304.46,305.61,9502412,0,1
2025-05-30,303.64,304.02,301.5,303.6,9553260,303.64,304.02,301.5,303.6,9553260,0,1
2025-06-02,309.21,311.72,308.72,311.67,13593232,309.21,311.72,308.72,311.67,13593232,0,1
2025-06-03,309.56,309.56,307.15,308.91,9315081,309.56,309.56,307.15,308.91,9315081,0,1
2025-06-04,309.41,311.88,308.74,310.9,7462529,309.41,311.88,308.74,310.9,7462529,0,1
2025-06-05,311.24,312.2,307.6501,309.33,10856012,311.24,312.2,307.6501,309.33,10856012,0,1
2025-06-06,309.09,309.2,305.1,305.18,7787508,309.09,309.2,305.1,305.18,7787508,0,1
2025-06-09,305.39,307.61,305.06,306.62,7159036,305.39,307.61,305.06,306.62,7159036,0,1
2025-06-10,308.31,308.6,305.87,306.71,7071702,308.31,308.6,305.87,306.71,7071702,0,1
2025-06-11,307.5,308.615,305.85,308.37,9248766,307.5,308.615,305.85,308.37,9248766,0,1
2025-06-12,311.74,313.1,311.15,312.2,11531407,311.74,313.1,311.15,312.2,11531407,0,1
2025-06-13,317.26,317.6,315.0375,316.29,16592949,317.26,317.6,315.0375,316.29,16592949,0,1
2025-06-16,314.8,314.87,311.65,311.78,12848440,314.8,314.87,311.65,311.78,12848440,0,1
2025-06-17,312.66,313,310.12,311.94,8234115,312.66,313,310.12,311.94,8234115,0,1
2025-06-18,312.89,312.98,309.86,310.26,9370785,312.89,312.98,309.86,310.26,9370785,0,1
2025-06-20,309.33,310.89,309.25,310.13,8794711,309.33,310.89,309.25,310.13,8794711,0,1
2025-06-23,310.34,312.67,310.31,311.08,12687916,310.34,312.67,310.31,311.08,12687916,0,1
2025-06-24,305.07,306.34,303.54,306.19,12035177,305.07,306.34,303.54,306.19,12035177,0,1
2025-06-25,305.31,307.36,305.12,307.12,6733155,305.31,307.36,305.12,307.12,6733155,0,1
2025-06-26,305.77,307.28,304.855,306.78,6787517,305.77,307.28,304.855,306.78,6787517,0,1
2025-06-27,300.03,302.36,299.89,301.22,13301308,300.03,302.36,299.89,301.22,13301308,0,1
2025-06-30,302.385,304.92,301.95,304.83,8192086,302.385,304.92,301.95,304.83,8192086,0,1
2025-07-01,308.555,309,307.36,307.55,9335647,308.555,309,307.36,307.55,9335647,0,1
2025-07-02,308.035,309.395,306.96,309.25,8316377,308.035,309.395,306.96,309.25,8316377,0,1
2025-07-03,307.05,307.57,306.15,307.14,5275838,307.05,307.57,306.15,307.14,5275838,0,1
2025-07-07,305.07,307.705,304.53,307.37,7351641,305.07,307.705,304.53,307.37,7351641,0,1
2025-07-08,306.3,306.445,302.77,304.16,11840545,306.3,306.445,302.77,304.16,11840545,0,1
2025-07-09,303.58,305.54,303.23,305.52,10644077,303.58,305.54,303.23,305.52,10644077,0,1
2025-07-10,306.11,306.51,304.82,306.2,7059561,306.11,306.51,304.82,306.2,7059561,0,1
2025-07-11,308.855,310.28,308.5153,309.14,9187302,308.855,310.28,308.5153,309.14,9187302,0,1
2025-07-14,309.07,309.38,307.73,308.01,5772879,309.07,309.38,307.73,308.01,5772879,0,1
2025-07-15,307.73,308.74,305.79,306.73,8149008,307.73,308.74,305.79,306.73,8149008,0,1
2025-07-16,307.11,311.09,305.73,308.26,17693100,307.11,311.09,305.73,308.26,17693100,0,1
2025-07-17,305.5,307.665,305.12,307.59,6642258,305.5,307.665,305.12,307.59,6642258,0,1
2025-07-18,309.24,309.37,308.32,308.39,5574281,309.24,309.37,308.32,308.39,5574281,0,1
2025-07-21,311.88,313.31,311.61,313.13,10995756,311.88,313.31,311.61,313.13,10995756,0,1
2025-07-22,314.48,316.24,313.62,316.1,13691849,314.48,316.24,313.62,316.1,13691849,0,1
2025-07-23,314,314.96,311.42,312.18,10547520,314,314.96,311.42,312.18,10547520,0,1
2025-07-24,309.29,310.99,309.06,310.27,7698763,309.29,310.99,309.06,310.27,7698763,0,1
2025-07-25,307.82,308.31,306.2,307.4,9376386,307.82,308.31,306.2,307.4,9376386,0,1
2025-07-28,306.44,306.58,304.05,305.41,9275440,306.44,306.58,304.05,305.41,9275440,0,1
2025-07-29,305.8,307.03,304.985,306.25,5741114,305.8,307.03,304.985,306.25,5741114,0,1
2025-07-30,304.42,304.65,300.955,300.96,13459595,304.42,304.65,300.955,300.96,13459595,0,1
2025-07-31,304.59,304.61,302.86,302.96,8980956,304.59,304.61,302.86,302.96,8980956,0,1
2025-08-01,308.61,309.55,307.45,309.11,12843364,308.61,309.55,307.45,309.11,12843364,0,1
2025-08-04,310.8,311.74,310.37,310.91,7639030,310.8,311.74,310.37,310.91,7639030,0,1
2025-08-05,310.37,312.24,310.22,311.16,6997693,310.37,312.24,310.22,311.16,6997693,0,1
2025-08-06,310.32,311.24,309.84,310.5,7418158,310.32,311.24,309.84,310.5,7418158,0,1
2025-08-07,311.72,313.135,310.7,313.12,10891459,311.72,313.135,310.7,313.12,10891459,0,1
2025-08-08,312.35,313.53,311,313.05,19886802,312.35,313.53,311,313.05,19886802,0,1
2025-08-11,308.62,309.66,307.63,308.55,10326704,308.62,309.66,307.63,308.55,10326704,0,1
2025-08-12,308.22,309.305,306.71,308.27,9701725,308.22,309.305,306.71,308.27,9701725,0,1
2025-08-13,309.1,310.39,308.45,309.21,4718586,309.1,310.39,308.45,309.21,4718586,0,1
2025-08-14,307.925,308.34,306.52,307.25,5817726,307.925,308.34,306.52,307.25,5817726,0,1
2025-08-15,307.34,308,306.87,307.43,5990110,307.34,308,306.87,307.43,5990110,0,1
2025-08-18,307.79,307.89,306.625,306.95,6150140,307.79,307.89,306.625,306.95,6150140,0,1
2025-08-19,306.76,307.4788,305.19,305.27,5029939,306.76,307.4788,305.19,305.27,5029939,0,1
2025-08-20,307.54,308.47,307.4,308.36,6515411,307.54,308.47,307.4,308.36,6515411,0,1
2025-08-21,307.86,308.15,307.0314,307.29,4808975,307.86,308.15,307.0314,307.29,4808975,0,1
2025-08-22,306.52,311.025,306.43,310.58,8526492,306.52,311.025,306.43,310.58,8526492,0,1
2025-08-25,309.67,310.84,309.67,309.83,4044429,309.67,310.84,309.67,309.83,4044429,0,1
2025-08-26,310.62,312.21,310.305,312.08,11698460,310.62,312.21,310.305,312.08,11698460,0,1
2025-08-27,311.39,312.91,310.77,312.71,4320071,311.39,312.91,310.77,312.71,4320071,0,1
2025-08-28,313.32,315.08,313.07,315.03,9610202,313.32,315.08,313.07,315.03,9610202,0,1
2025-08-29,314.72,318.09,314.64,318.07,15642641,314.72,318.09,314.64,318.07,15642641,0,1
2025-09-02,320.82,325.92,320.24,325.59,21247534,320.82,325.92,320.24,325.59,21247534,0,1
2025-09-03,327.76,329.45,326.7301,328.14,15781169,327.76,329.45,326.7301,328.14,15781169,0,1
2025-09-04,327.03,327.56,325.35,326.69,11703127,327.03,327.56,325.35,326.69,11703127,0,1
2025-09-05,329.53,331.44,328.93,331.05,16065150,329.53,331.44,328.93,331.05,16065150,0,1
2025-09-08,333.66,335.67,333.23,334.82,18617325,333.66,335.67,333.23,334.82,18617325,0,1
2025-09-09,337.03,338.31,333.85,334.06,21641935,337.03,338.31,333.85,334.06,21641935,0,1
2025-09-10,335.73,336.5,326.19,335.26,11945670,335.73,336.5,326.19,335.26,11945670,0,1
2025-09-11,333.37,335.1619,332.97,334.76,9082647,333.37,335.1619,332.97,334.76,9082647,0,1
2025-09-12,335.88,336.39,335.23,335.42,9619709,335.88,336.39,335.23,335.42,9619709,0,1
2025-09-15,336.31,339.28,336.23,338.91,10569881,336.31,339.28,336.23,338.91,10569881,0,1
2025-09-16,340.09,340.88,338.62,339.59,12161527,340.09,340.88,338.62,339.59,12161527,0,1
2025-09-17,338.53,341.24,335.52,336.97,16535307,338.53,341.24,335.52,336.97,16535307,0,1
2025-09-18,336.22,336.32,333.81,335.62,14913267,336.22,336.32,333.81,335.62,14913267,0,1
2025-09-19,336.51,339.23,336.3119,339.18,14982567,336.51,339.23,336.3119,339.18,14982567,0,1
2025-09-22,342.75,345.07,341.84,345.05,12386419,342.75,345.07,341.84,345.05,12386419,0,1
2025-09-23,348.23,348.75,345.32,346.46,18383982,348.23,348.75,345.32,346.46,18383982,0,1
2025-09-24,346.7,346.8299,342.14,343.32,12709068,346.7,346.8299,342.14,343.32,12709068,0,1
2025-09-25,344.39,345.83,342.47,344.75,12639583,344.39,345.83,342.47,344.75,12639583,0,1
2025-09-26,345.83,348.25,345.314,346.74,11698212,345.83,348.25,345.314,346.74,11698212,0,1
2025-09-29,351.79,352.8305,351.28,352.46,15719623,351.79,352.8305,351.28,352.46,15719623,0,1
2025-09-30,351.13,355.57,350.865,355.47,13312353,351.13,355.57,350.865,355.47,13312353,0,1
2025-10-01,356.17,356.9722,354.79,356.03,15573610,356.17,356.9722,354.79,356.03,15573610,0,1
2025-10-02,358.26,358.67,351.4,354.79,16162050,358.26,358.67,351.4,354.79,16162050,0,1
2025-10-03,357.12,358.14,355.8,357.64,14463960,357.12,358.14,355.8,357.64,14463960,0,1
2025-10-06,362.16,365.3,361.37,364.38,17093657,362.16,365.3,361.37,364.38,17093657,0,1
2025-10-07,366.50800000000004,367.27,364.55,366.26,16836765,366.50800000000004,367.27,364.55,366.26,16836765,0,1
2025-10-08,371.65,373.57,370.5,372.3,28052276,371.65,373.57,370.5,372.3,28052276,0,1
2025-10-09,373.135,373.22,362.83,365.43,33674823,373.135,373.22,362.83,365.43,33674823,0,1
2025-10-10,367.54,370.31,365.44,369.12,24192782,367.54,370.31,365.44,369.12,24192782,0,1
2025-10-13,376.5,378.86,375.5797,378.09,18514421,376.5,378.86,375.5797,378.09,18514421,0,1
2025-10-14,378.21,382.38,377.9,380.79,18409632,378.21,382.38,377.9,380.79,18409632,0,1
2025-10-15,385.93,387.755,384.59,387.39,20598324,385.93,387.755,384.59,387.39,20598324,0,1
2025-10-16,391.15,396.87,390.4,396.45,33621444,391.15,396.87,390.4,396.45,33621444,0,1
2025-10-17,397.14,397.28,385.22,388.99,62024965,397.14,397.28,385.22,388.99,62024965,0,1
2025-10-20,397.45,403.3,394.2,403.15,34523022,397.45,403.3,394.2,403.15,34523022,0,1
2025-10-21,386.54,388.89,375.65,377.24,54101416,386.54,388.89,375.65,377.24,54101416,0,1
2025-10-22,372.75,378.47,368.93,377.28,30524126,372.75,378.47,368.93,377.28,30524126,0,1
2025-10-23,381.46,382.25,378.65,378.79,13695495,381.46,382.25,378.65,378.79,13695495,0,1
2025-10-24,378.51,380.77,376.81,377.52,13263803,378.51,380.77,376.81,377.52,13263803,0,1
2025-10-27,371.13,371.59,365.34,367.01,23657603,371.13,371.59,365.34,367.01,23657603,0,1
2025-10-28,361.81,365.3,360.12,364.38,19257592,361.81,365.3,360.12,364.38,19257592,0,1
2025-10-29,369.65,370.08,361.3601,363,18891849,369.65,370.08,361.3601,363,18891849,0,1
2025-10-30,365.09,370.36,364.5,370.13,14812754,365.09,370.36,364.5,370.13,14812754,0,1
2025-10-31,370.47,370.6625,365.5,368.12,11077910,370.47,370.6625,365.5,368.12,11077910,0,1
2025-11-03,368.91,370.84,367.54,368.78,7254265,368.91,370.84,367.54,368.78,7254265,0,1
2025-11-04,363.48,365.74,361.39,362.32,11540059,363.48,365.74,361.39,362.32,11540059,0,1
2025-11-05,366.39,367.1,364.65,366.51,8225089,366.39,367.1,364.65,366.51,8225089,0,1
2025-11-06,367.16,368.18,364.7,366.07,6891096,367.16,368.18,364.7,366.07,6891096,0,1
2025-11-07,367.94,370.42,366.42,368.31,11060358,367.94,370.42,366.42,368.31,11060358,0,1
2025-11-10,375.93,378.66,374.7814,378.38,13456212,375.93,378.66,374.7814,378.38,13456212,0,1
2025-11-11,379.98,380.4,376.87,379.87,10753182,379.98,380.4,376.87,379.87,10753182,0,1
2025-11-12,380.07,387.46,379.44,385.99,16203718,380.07,387.46,379.44,385.99,16203718,0,1
2025-11-13,387.29,388.18,381.21,382.87,15867869,387.29,388.18,381.21,382.87,15867869,0,1
2025-11-14,372.87,378.2,370.89,375.96,15198027,372.87,378.2,370.89,375.96,15198027,0,1
2025-11-17,374.035,375.4553,368.52,371.65,13295248,374.035,375.4553,368.52,371.65,13295248,0,1
2025-11-18,374.832,375.54,371.62,374.35,7818783,374.832,375.54,371.62,374.35,7818783,0,1
2025-11-19,377.775,380.17,373.03,374.96,10980420,377.775,380.17,373.03,374.96,10980420,0,1
2025-11-20,375.29,377.6925,371.8514,374.85,10506548,375.29,377.6925,371.8514,374.85,10506548,0,1
2025-11-21,374.025,377.23,372.94,374.27,13194563,374.025,377.23,372.94,374.27,13194563,0,1
2025-11-24,374.88,380.28,374.19,380.2,10085318,374.88,380.28,374.19,380.2,10085318,0,1
2025-11-25,380.255,382.52,378.06,380.08,10462806,380.255,382.52,378.06,380.08,10462806,0,1
2025-11-26,381.055,383.775,380.46,383.12,9184071,381.055,383.775,380.46,383.12,9184071,0,1
2025-11-28,385.98,388,384.99,387.88,7175407,385.98,388,384.99,387.88,7175407,0,1
2025-12-01,390.61,390.7001,388.0605,389.75,11177072,390.61,390.7001,388.0605,389.75,11177072,0,1
2025-12-02,388.87,388.98,382.9103,387.24,8103923,388.87,388.98,382.9103,387.24,8103923,0,1
2025-12-03,388.46,390.1293,385.83,386.88,7886793,388.46,390.1293,385.83,386.88,7886793,0,1
2025-12-04,386.92,388,385.4,387.13,6754434,386.92,388,385.4,387.13,6754434,0,1
2025-12-05,389.12,391.735,386.175,386.44,9449808,389.12,391.735,386.175,386.44,9449808,0,1
2025-12-08,387.02,387.2418,384.01,385.42,6766623,387.02,387.2418,384.01,385.42,6766623,0,1
2025-12-09,385.62,388.21,385.27,387.4,6002824,385.62,388.21,385.27,387.4,6002824,0,1
2025-12-10,385.95,389.76,384.5,389.05,9120475,385.95,389.76,384.5,389.05,9120475,0,1
2025-12-11,389.02,394.09,388.5,393.24,11240629,389.02,394.09,388.5,393.24,11240629,0,1
2025-12-12,399.155,400.39,391.47,395.44,16792059,399.155,400.39,391.47,395.44,16792059,0,1
2025-12-15,397.76,398.71,394.0738,395.8,11345031,397.76,398.71,394.0738,395.8,11345031,0,1
2025-12-16,397.75,398.71,394.59,395.89,9201557,397.75,398.71,394.59,395.89,9201557,0,1
2025-12-17,398.08,399.98,397.25,399.29,10456889,398.08,399.98,397.25,399.29,10456889,0,1
2025-12-18,398.28,402.21,396.05,398.57,11837551,398.28,402.21,396.05,398.57,11837551,0,1
2025-12-19,397.92,400.63,397.17,399.02,9894767,397.92,400.63,397.17,399.02,9894767,0,1
2025-12-22,406.98,408.52,405.72,408.23,14202068,406.98,408.52,405.72,408.23,14202068,0,1
2025-12-23,410.3,413.76,407.1,413.64,13193258,410.3,413.76,407.1,413.64,13193258,0,1
2025-12-24,412.25,412.63,408.83,411.93,6718437,412.25,412.63,408.83,411.93,6718437,0,1
2025-12-26,416.48,418.45,414.75,416.74,10476234,416.48,418.45,414.75,416.74,10476234,0,1
2025-12-29,403.66,403.76,395.33,398.6,20679239,403.66,403.76,395.33,398.6,20679239,0,1
2025-12-30,403.6,403.8,398.56,398.89,10179028,403.6,403.8,398.56,398.89,10179028,0,1
2025-12-31,398.6,400.13,395.59,396.31,10194738,398.6,400.13,395.59,396.31,10194738,0,1
2026-01-02,401.62,401.82,396.25,398.28,10372572,401.62,401.82,396.25,398.28,10372572,0,1
2026-01-05,406.39,409.72,406.15,408.76,13410637,406.39,409.72,406.15,408.76,13410637,0,1
2026-01-06,410.67,413.48,410.31,413.18,11640912,410.67,413.48,410.31,413.18,11640912,0,1
2026-01-07,408.63,410.81,406.65,409.23,10589452,408.63,410.81,406.65,409.23,10589452,0,1
2026-01-08,406.965,411.64,406.4,411.49,8705926,406.965,411.64,406.4,411.49,8705926,0,1
2026-01-09,413.215,415.29,411.8,414.47,14011238,413.215,415.29,411.8,414.47,14011238,0,1
2026-01-12,421.52,425.74,421.52,422.23,20904133,421.52,425.74,421.52,422.23,20904133,0,1
2026-01-13,424.59,426.12,420.07,421.63,16681219,424.59,426.12,420.07,421.63,16681219,0,1
2026-01-14,426.03,426.86,422.84,425.94,18305538,426.03,426.86,422.84,425.94,18305538,0,1
2026-01-15,423.02,425.06,422.79,423.33,14253249,423.02,425.06,422.79,423.33,14253249,0,1
2026-01-16,422.8,424.8,417.04,421.29,20951571,422.8,424.8,417.04,421.29,20951571,0,1
2026-01-20,436.69,438.1399,434.1,437.23,21071562,436.69,438.1399,434.1,437.23,21071562,0,1
2026-01-21,446.87,447.9999,437.11,443.6,38830228,446.87,447.9999,437.11,443.6,38830228,0,1
2026-01-22,443.84,452.98,443.56,451.79,19251185,443.84,452.98,443.56,451.79,19251185,0,1
2026-01-23,454.11,458.75,453.45,458,21531873,454.11,458.75,453.45,458,21531873,0,1
2026-01-26,466.78,469.28,460.36,464.7,34155974,466.78,469.28,460.36,464.7,34155974,0,1
2026-01-27,465.07,476.49,463.95,476.1,27056993,465.07,476.49,463.95,476.1,27056993,0,1
2026-01-28,483.39,495.88,481.2501,494.56,44154580,483.39,495.88,481.2501,494.56,44154580,0,1
2026-01-29,509.51,509.7,468.51,495.9,69970856,509.51,509.7,468.51,495.9,69970856,0,1
2026-01-30,466.245,470.06,430.8,444.95,86593519,466.245,470.06,430.8,444.95,86593519,0,1
2026-02-02,434.01,440.78,422.55,427.13,41626234,434.01,440.78,422.55,427.13,41626234,0,1
2026-02-03,452.63,459,448.31,454.29,28255847,452.63,459,448.31,454.29,28255847,0,1
2026-02-04,462.47,463.1,445.71,453.97,24427923,462.47,463.1,445.71,453.97,24427923,0,1
2026-02-05,444.29,450.9,440.35,441.88,17718069,444.29,450.9,440.35,441.88,17718069,0,1
2026-02-06,450.73,456.93,450.03,455.46,12663907,450.73,456.93,450.03,455.46,12663907,0,1
2026-02-09,461.39,467.56,460.85,467.03,12330874,461.39,467.56,460.85,467.03,12330874,0,1
2026-02-10,465.96,466.75,459.52,462.4,7861589,465.96,466.75,459.52,462.4,7861589,0,1
2026-02-11,466,468.61,462.82,467.63,11209595,466,468.61,462.82,467.63,11209595,0,1
2026-02-12,464.9,466.38,448.06,451.39,20488829,464.9,466.38,448.06,451.39,20488829,0,1
2026-02-13,459.73,463.8399,456.25,462.62,12359348,459.73,463.8399,456.25,462.62,12359348,0,1
2026-02-17,450.26,451.37,445.53,448.2,10976087,450.26,451.37,445.53,448.2,10976087,0,1
2026-02-18,455.81,460.51,455.324,458.28,10226301,455.81,460.51,455.324,458.28,10226301,0,1
2026-02-19,457.34,461.505,456.03,459.56,8411438,457.34,461.505,456.03,459.56,8411438,0,1
2026-02-20,463.25,468.62,458.34,468.62,14316250,463.25,468.62,458.34,468.62,14316250,0,1
2026-02-23,474.65,481.46,474.61,481.28,17441572,474.65,481.46,474.61,481.28,17441572,0,1
2026-02-24,470.085,475.44,469.55,474.61,14147095,470.085,475.44,469.55,474.61,14147095,0,1
2026-02-25,475.74,479.53,472.9,473.42,12954283,475.74,479.53,472.9,473.42,12954283,0,1
2026-02-26,474.95,477.83,442.04,477.48,12375047,474.95,477.83,442.04,477.48,12375047,0,1
2026-02-27,480.75,483.9,479.11,483.75,16795079,480.75,483.9,479.11,483.75,16795079,0,1
2026-03-02,490.095,492.15,483.28,490,19916577,490.095,492.15,483.28,490,19916577,0,1
2026-03-03,472.83,473.2,458.93,468.14,22591538,472.83,473.2,458.93,468.14,22591538,0,1
2026-03-04,474.82,476.415,469.39,471.8,9985887,474.82,476.415,469.39,471.8,9985887,0,1
2026-03-05,470.45,470.67,463.91,466.13,11674826,470.45,470.67,463.91,466.13,11674826,0,1
2026-03-06,469.04,475.46,467.07,473.51,10489815,469.04,475.46,467.07,473.51,10489815,0,1
2026-03-09,468.09,472.68,464.79,472.53,8829848,468.09,472.68,464.79,472.53,8829848,0,1
2026-03-10,479.74,481.31,474.21,477.86,9616837,479.74,481.31,474.21,477.86,9616837,0,1
2026-03-11,476.13,477.45,473.13,476.24,7522851,476.13,477.45,473.13,476.24,7522851,0,1
2026-03-12,475.02,475.02,466.6,466.88,11900580,475.02,475.02,466.6,466.88,11900580,0,1
2026-03-13,469.31,470.102,460.22,460.84,11741579,469.31,470.102,460.22,460.84,11741579,0,1
2026-03-16,461.265,462.8,456.905,460.43,8964093,461.265,462.8,456.905,460.43,8964093,0,1
2026-03-17,460.51,462.21,456.87,459.27,7610091,460.51,462.21,456.87,459.27,7610091,0,1
2026-03-18,446.66,450.06,444.39,444.74,18375612,446.66,450.06,444.39,444.74,18375612,0,1
2026-03-19,420.36,428.2677,416.8,426.41,30205977,420.36,428.2677,416.8,426.41,30205977,0,1
2026-03-20,428.09,428.59,411.23,413.38,27204938,428.09,428.59,411.23,413.38,27204938,0,1
2026-03-23,405.12,414.54,399.6401,404.04,36796839,405.12,414.54,399.6401,404.04,36796839,0,1
2026-03-24,400.24,407.29,399.2,404.13,17478516,400.24,407.29,399.2,404.13,17478516,0,1
2026-03-25,419.705,420.66,412.25,416.29,15713158,419.705,420.66,412.25,416.29,15713158,0,1
2026-03-26,408.53,411.37,400.26,400.64,15756339,408.53,411.37,400.26,400.64,15756339,0,1
2026-03-27,406.2,418.4,405.41,414.7,16580719,406.2,418.4,405.41,414.7,16580719,0,1
2026-03-30,419.54,420.1,412.66,414.58,13172067,419.54,420.1,412.66,414.58,13172067,0,1
2026-03-31,420.075,430.57,419.59,430.29,14534303,420.075,430.57,419.59,430.29,14534303,0,1
2026-04-01,435,440.19,433.76,437.82,14133118,435,440.19,433.76,437.82,14133118,0,1
2026-04-02,422.29,431.67,421.17,429.41,10838639,422.29,431.67,421.17,429.41,10838639,0,1
2026-04-06,428.87,431.49,426.71,427.65,5417250,428.87,431.49,426.71,427.65,5417250,0,1
2026-04-07,427.895,433.43,423.1,431.81,7263495,427.895,433.43,423.1,431.81,7263495,0,1
2026-04-08,439.98,440.44,431.31,434.53,9689696,439.98,440.44,431.31,434.53,9689696,0,1
2026-04-09,436.47,440.905,435.87,437.91,6748462,436.47,440.905,435.87,437.91,6748462,0,1
2026-04-10,438.59,440.35,436,437.13,6193254,438.59,440.35,436,437.13,6193254,0,1
2026-04-13,434.775,436.22,431.63,435.36,5549419,434.775,436.22,431.63,435.36,5549419,0,1
2026-04-14,439.32,445.18,439.02,445.09,8731650,439.32,445.18,439.02,445.09,8731650,0,1
2026-04-15,442.88,443.74,439.6,440.46,6455885,442.88,443.74,439.6,440.46,6455885,0,1
2026-04-16,442.15,442.98,438.18,440.08,5350127,442.15,442.98,438.18,440.08,5350127,0,1
2026-04-17,445.65,448.7,445.32,445.93,9711965,445.65,448.7,445.32,445.93,9711965,0,1
2026-04-20,443.13,443.42,440.05,442.09,8473002,443.13,443.42,440.05,442.09,8473002,0,1
2026-04-21,438.55,440.245,428.71,429.57,9480023,438.55,440.245,428.71,429.57,9480023,0,1
2026-04-22,436.27,437.17,433.78,435.26,5178054,436.27,437.17,433.78,435.26,5178054,0,1
2026-04-23,433.96,435.2913,428.22,431.04,4976399,433.96,435.2913,428.22,431.04,4976399,0,1
2026-04-24,431.335,435.28,430.6501,433.25,5924116,431.335,435.28,430.6501,433.25,5924116,0,1
2026-04-27,431.66,431.8,428.52,429.89,6105233,431.66,431.8,428.52,429.89,6105233,0,1
2026-04-28,420.72,422.52,418.4,421.91,7723432,420.72,422.52,418.4,421.91,7723432,0,1
2026-04-29,416.74,419.1705,414.16,417.41,6452572,416.74,419.1705,414.16,417.41,6452572,0,1
2026-04-30,425.34,425.46,422.7394,423.66,6732811,425.34,425.46,422.7394,423.66,6732811,0,1
2026-05-01,421.412,427.93,421.08,423.18,5911487,421.412,427.93,421.08,423.18,5911487,0,1
2026-05-04,418.84,420.86,413.2801,414.71,7285730,418.84,420.86,413.2801,414.71,7285730,0,1
2026-05-05,420.15,421.16,417.905,418.27,4279931,420.15,421.16,417.905,418.27,4279931,0,1
2026-05-06,430.15,433.19,429.6,430.96,7013889,430.15,433.19,429.6,430.96,7013889,0,1
2026-05-07,435.61,437.42,430.25,431.68,6816211,435.61,437.42,430.25,431.68,6816211,0,1
2026-05-08,434.05,436.2,431.7,433.77,5380821,434.05,436.2,431.7,433.77,5380821,0,1
2026-05-11,434.18199999999996,436.04,432.21,434.65,5569059,434.18199999999996,436.04,432.21,434.65,5569059,0,1
2026-05-12,430.7,432.98,425.85,432.93,6660930,430.7,432.98,425.85,432.93,6660930,0,1
2026-05-13,430.52,432.49,428.75,430.5,4180266,430.52,432.49,428.75,430.5,4180266,0,1
2026-05-14,430.3,431.54,427.1,427.21,4021406,430.3,431.54,427.1,427.21,4021406,0,1
2026-05-15,417.64,419.2484,414.12,417.29,9360392,417.64,419.2484,414.12,417.29,9360392,0,1
2026-05-18,419.82,420.9299,416.06,418.43,5628254,419.82,420.9299,416.06,418.43,5628254,0,1
2026-05-19,412.45,414.47,409.8808,411.5,5419418,412.45,414.47,409.8808,411.5,5419418,0,1
2026-05-20,412.14,417.99,410.08,417.4,5935751,412.14,417.99,410.08,417.4,5935751,0,1
2026-05-21,413.14,418.42,411.95,416.99,4679936,413.14,418.42,411.95,416.99,4679936,0,1
2026-05-22,415.17,415.68,412,413.82,5528437,415.17,415.68,412,413.82,5528437,0,1
2026-05-26,415.16,415.98,411.5,414,5098408,415.16,415.98,411.5,414,5098408,0,1
2026-05-27,404.335,409.25,404.3,408.49,6624575,404.335,409.25,404.3,408.49,6624575,0,1
2026-05-28,406.48,414.51,405.4108,412.77,7184086,406.48,414.51,405.4108,412.77,7184086,0,1
2026-05-29,415.62,421.82,415.08,417.12,7705706,415.62,421.82,415.08,417.12,7705706,0,1
2026-06-01,409.86,412.61,408.24,411.26,6158855,409.86,412.61,408.24,411.26,6158855,0,1
2026-06-02,414.08,414.3999,411.1,411.95,3823879,414.08,414.3999,411.1,411.95,3823879,0,1
2026-06-03,408.38,409.38,406.225,407.87,5038037,408.38,409.38,406.225,407.87,5038037,0,1
2026-06-04,413.37,414.37,409.01,411.27,4646545,413.37,414.37,409.01,411.27,4646545,0,1
2026-06-05,404.38,404.719,395.92,396.24,11473872,404.38,404.719,395.92,396.24,11473872,0,1
2026-06-08,397.52,398.98,396.03,397.27,8057349,397.52,398.98,396.03,397.27,8057349,0,1
2026-06-09,397.57,400.48,388.75,390.78,9567301,397.57,400.48,388.75,390.78,9567301,0,1
2026-06-10,380.75,384.21,374.55,374.58,13956163,380.75,384.21,374.55,374.58,13956163,0,1
2026-06-11,373.96,387.21,371.88,386.32,12622475,373.96,387.21,371.88,386.32,12622475,0,1
2026-06-12,385.73,388.77,383.35,386.54,7532577,385.73,388.77,383.35,386.54,7532577,0,1
2026-06-15,399.49,401,396.15,396.55,10477124,399.49,401,396.15,396.55,10477124,0,1
2026-06-16,397.83,398.96,395.82,397.63,6003963,397.83,398.96,395.82,397.63,6003963,0,1
2026-06-17,397.82,402.04,387.08,388.6,13343023,397.82,402.04,387.08,388.6,13343023,0,1
2026-06-18,391.24,392.5,385.6,387.12,7627319,391.24,392.5,385.6,387.12,7627319,0,1
2026-06-22,384.25,386.41,382.64,384.59,7835120,384.25,386.41,382.64,384.59,7835120,0,1
2026-06-23,377.722,380.35,377.17,377.32,7389590,377.722,380.35,377.17,377.32,7389590,0,1
2026-06-24,364.81,370.9,363.32,365.92,12741716,364.81,370.9,363.32,365.92,12741716,0,1
2026-06-25,368.99,371.0398,366.8,369.46,9164674,368.99,371.0398,366.8,369.46,9164674,0,1
2026-06-26,372.27,375.85,371.18,373.63,5603324,372.27,375.85,371.18,373.63,5603324,0,1
2026-06-29,370.575,371.19,366.97,368.58,5006269,370.575,371.19,366.97,368.58,5006269,0,1
2026-06-30,369.22,372.83,368.255,368.38,5302053,369.22,372.83,368.255,368.38,5302053,0,1
2026-07-01,371.205,377.78,370.21,370.6,9058287,371.205,377.78,370.21,370.6,9058287,0,1
2026-07-02,377.435,380.27,376.2862,378.13,7607967,377.435,380.27,376.2862,378.13,7607967,0,1
2026-07-06,380.21,382.43,378.83,382.13,3906524,380.21,382.43,378.83,382.13,3906524,0,1
2026-07-07,382.39,383.5999,375.52,377.49,4815434,382.39,383.5999,375.52,377.49,4815434,0,1
2026-07-08,373.17,375.47,368.95,374.45,7728535,373.17,375.47,368.95,374.45,7728535,0,1
2026-07-09,378.505,379.65,377.41,378.18,4754582,378.505,379.65,377.41,378.18,4754582,0,1
2026-07-10,375,377.55,373.7,377.01,5455434,375,377.55,373.7,377.01,5455434,0,1
2026-07-13,372.77,372.8912,365.77,367.13,7161731,372.77,372.8912,365.77,367.13,7161731,0,1
2026-07-14,374.53,376.28,370.92,372.15,6303383,374.53,376.28,370.92,372.15,6303383,0,1
2026-07-15,372.11,374.49,369.5,372.35,7683667,372.11,374.49,369.5,372.35,7683667,0,1
2026-07-16,367.45,368.43,364.05,364.96,9048047,367.45,368.43,364.05,364.96,9048047,0,1
2026-07-17,364.11,369.21,363.6,368.41,6456632,364.11,369.21,363.6,368.41,6456632,0,1
2026-07-20,367.79,368.7893,366.8,367.6,3922524,367.79,368.7893,366.8,367.6,3922524,0,1
2026-07-21,371.7,375.01,371.07,374.81,6070621,371.7,375.01,371.07,374.81,6070621,0,1
2026-07-22,379.06800000000004,382.22,378.83,379.12,7115061,379.06800000000004,382.22,378.83,379.12,7115061,0,1
2026-07-23,372.36,373.0852,370.53,371.52,9820641,372.36,373.0852,370.53,371.52,9820641,0,1
2026-07-24,371.26,374.49,371.03,371.9,3852356,371.26,374.49,371.03,371.9,3852356,0,1
2026-07-27,373.89,375.53,372.91,374.63,3699961,373.89,375.53,372.91,374.63,3699961,0,1
2026-07-28,369.605,371.23,367.98,369.37,4819262,369.605,371.23,367.98,369.37,4819262,0,1
2026-07-29,368.29,377.62,366.526,371.08,11839935,368.29,377.62,366.526,371.08,11839935,0,1
2026-07-30,374.16,377.86,373.755,377.16,5968409,374.16,377.86,373.755,377.16,5968409,0,1
2026-07-31,370.84,372.01,368.815,371.54,6825924,370.84,372.01,368.815,371.54,6825924,0,1
2026-08-03,370.1,372.035,368.6428,371.71,4968937,370.1,372.035,368.6428,371.71,4968937,0,1
2026-08-04,374.14,376.69,373.71,374.16,5723063,374.14,376.69,373.71,374.16,5723063,0,1
2026-08-05,384.96,391.51,384.32,389.64,14758685,384.96,391.51,384.32,389.64,14758685,0,1
2026-08-06,389.5,392.12,387.27,389.67,10954325,389.5,392.12,387.27,389.67,10954325,0,1
2026-08-07,399.595,400.66,396.95,398.47,13324498,399.595,400.66,396.95,398.47,13324498,0,1
2026-08-10,397.714,403.24,395.93,402.54,11056999,397.714,403.24,395.93,402.54,11056999,0,1
2026-08-11,403.44,404.03,399.89,400.96,7439138,403.44,404.03,399.89,400.96,7439138,0,1
2026-08-12,405.31,407.36,403.22,404.92,10383089,405.31,407.36,403.22,404.92,10383089,0,1
2026-08-13,402.17,402.58,398.28,398.96,8695240,402.17,402.58,398.28,398.96,8695240,0,1
2026-08-14,402.18,403.33,400.935,401.48,6749803,402.18,403.33,400.935,401.48,6749803,0,1
2026-08-17,402.335,406.23,402.18,405.49,9604102,402.335,406.23,402.18,405.49,9604102,0,1
2026-08-18,402.55,404.32,397.87,398.55,10660892,402.55,404.32,397.87,398.55,10660892,0,1
2026-08-19,408.81,414,407.47,413.84,17480673,408.81,414,407.47,413.84,17480673,0,1
2026-08-20,410.08,416.45,409.82,415.26,13900940,410.08,416.45,409.82,415.26,13900940,0,1
2026-08-21,420.53,424.89,419.42,423.36,14528985,420.53,424.89,419.42,423.36,14528985,0,1
2026-08-24,428.55,429.42,424.2,426.69,18942968,428.55,429.42,424.2,426.69,18942968,0,1
2026-08-25,422.775,428.1399,422.33,428.07,12450559,422.775,428.1399,422.33,428.07,12450559,0,1
2026-08-26,423,424.95,420.31,421.32,9816476,423,424.95,420.31,421.32,9816476,0,1
2026-08-27,420.815,423.35,418.43,422.6,7088987,420.815,423.35,418.43,422.6,7088987,0,1
2026-08-28,422.24,424.79,407.62,408.89,25044424,422.24,424.79,407.62,408.89,25044424,0,1
2026-08-31,407.76,408.8,404.9,408.42,9490022,407.76,408.8,404.9,408.42,9490022,0,1
2026-09-01,398.285,401.25,396.45,396.75,13143009,398.285,401.25,396.45,396.75,13143009,0,1
2026-09-02,399.71,403.33,399.58,402.78,13714094,399.71,403.33,399.58,402.78,13714094,0,1
