Date,Open,High,Low,Close,Volume,AdjOpen,AdjHigh,AdjLow,AdjClose,AdjVolume,Dividend,SplitFactor
2021-04-22,9.9,9.9908,9.9,9.9,11800,9.9,9.9908,9.9,9.9,11800,0,1
2021-04-23,9.92,9.92,9.9,9.91,11618,9.92,9.92,9.9,9.91,11618,0,1
2021-04-26,9.91,9.91,9.91,9.91,15,9.91,9.91,9.91,9.91,15,0,1
2021-04-27,9.91,9.91,9.91,9.91,9,9.91,9.91,9.91,9.91,9,0,1
2021-04-28,9.91,9.91,9.9,9.91,12011,9.91,9.91,9.9,9.91,12011,0,1
2021-04-29,9.93,9.93,9.93,9.93,1057,9.93,9.93,9.93,9.93,1057,0,1
2021-04-30,9.91,9.93,9.9,9.93,2175,9.91,9.93,9.9,9.93,2175,0,1
2021-05-03,9.93,9.93,9.93,9.93,269,9.93,9.93,9.93,9.93,269,0,1
2021-05-04,9.95,9.95,9.9,9.9,14000,9.95,9.95,9.9,9.9,14000,0,1
2021-05-05,9.9,9.9,9.9,9.9,6257,9.9,9.9,9.9,9.9,6257,0,1
2021-05-06,9.91,9.91,9.9,9.9,20003,9.91,9.91,9.9,9.9,20003,0,1
2021-05-07,9.9,9.91,9.9,9.9,18102,9.9,9.91,9.9,9.9,18102,0,1
2021-05-10,9.93,9.93,9.9,9.9,6862,9.93,9.93,9.9,9.9,6862,0,1
2021-05-11,9.89,9.9,9.85,9.85,340011,9.89,9.9,9.85,9.85,340011,0,1
2021-05-12,9.85,9.85,9.85,9.85,30,9.85,9.85,9.85,9.85,30,0,1
2021-05-13,9.85,9.85,9.85,9.85,6,9.85,9.85,9.85,9.85,6,0,1
2021-05-14,9.89,9.89,9.8,9.8,7011,9.89,9.89,9.8,9.8,7011,0,1
2021-05-17,9.8,9.8,9.8,9.8,10,9.8,9.8,9.8,9.8,10,0,1
2021-05-18,9.8,9.8,9.8,9.8,0,9.8,9.8,9.8,9.8,0,0,1
2021-05-19,9.85,9.85,9.8,9.8,1160,9.85,9.85,9.8,9.8,1160,0,1
2021-05-20,9.85,9.85,9.78,9.78,1601,9.85,9.85,9.78,9.78,1601,0,1
2021-05-21,9.95,10.04,9.79,9.8,9460,9.95,10.04,9.79,9.8,9460,0,1
2021-05-24,9.8,9.8,9.8,9.8,0,9.8,9.8,9.8,9.8,0,0,1
2021-05-25,9.81,10.04,9.77,9.8,4650,9.81,10.04,9.77,9.8,4650,0,1
2021-05-26,10.39,10.39,9.79,9.79,9616,10.39,10.39,9.79,9.79,9616,0,1
2021-05-27,9.79,9.79,9.75,9.75,13317,9.79,9.79,9.75,9.75,13317,0,1
2021-05-28,9.76,9.76,9.75,9.76,3529,9.76,9.76,9.75,9.76,3529,0,1
2021-06-01,10.05,10.05,9.71,9.72,5383,10.05,10.05,9.71,9.72,5383,0,1
2021-06-02,9.78,9.78,9.7663,9.7663,680,9.78,9.78,9.7663,9.7663,680,0,1
2021-06-03,9.81,9.81,9.81,9.81,105,9.81,9.81,9.81,9.81,105,0,1
2021-06-04,9.8188,9.95,9.81,9.86,207805,9.8188,9.95,9.81,9.86,207805,0,1
2021-06-07,9.82,9.835,9.8,9.8,2610,9.82,9.835,9.8,9.8,2610,0,1
2021-06-08,9.75,9.79,9.75,9.775,5369,9.75,9.79,9.75,9.775,5369,0,1
2021-06-09,9.775,9.8,9.775,9.8,7625,9.775,9.8,9.775,9.8,7625,0,1
2021-06-10,9.78,9.84,9.74,9.81,43162,9.78,9.84,9.74,9.81,43162,0,1
2021-06-11,9.74,9.78,9.73,9.765,141147,9.74,9.78,9.73,9.765,141147,0,1
2021-06-14,9.8,9.8,9.75,9.77,14357,9.8,9.8,9.75,9.77,14357,0,1
2021-06-15,9.76,9.78,9.76,9.77,4372,9.76,9.78,9.76,9.77,4372,0,1
2021-06-16,9.77,9.8,9.77,9.79,2611,9.77,9.8,9.77,9.79,2611,0,1
2021-06-17,9.79,9.8,9.75,9.76,15203,9.79,9.8,9.75,9.76,15203,0,1
2021-06-18,9.77,9.77,9.75,9.75,5092,9.77,9.77,9.75,9.75,5092,0,1
2021-06-21,9.76,9.76,9.74,9.74,5438,9.76,9.76,9.74,9.74,5438,0,1
2021-06-22,9.77,9.77,9.73,9.73,5308,9.77,9.77,9.73,9.73,5308,0,1
2021-06-23,9.78,9.785,9.77,9.785,1633,9.78,9.785,9.77,9.785,1633,0,1
2021-06-24,9.76,9.78,9.76,9.76,940,9.76,9.78,9.76,9.76,940,0,1
2021-06-25,9.78,9.78,9.73,9.74,33476,9.78,9.78,9.73,9.74,33476,0,1
2021-06-28,9.72,9.73,9.72,9.73,188860,9.72,9.73,9.72,9.73,188860,0,1
2021-06-29,9.73,9.75,9.73,9.75,16681,9.73,9.75,9.73,9.75,16681,0,1
2021-06-30,9.74,9.74,9.7,9.71,12840,9.74,9.74,9.7,9.71,12840,0,1
2021-07-01,9.7,9.7125,9.7,9.7125,903,9.7,9.7125,9.7,9.7125,903,0,1
2021-07-02,9.7,9.71,9.7,9.7,7825,9.7,9.71,9.7,9.7,7825,0,1
2021-07-06,9.7,9.73,9.7,9.71,29436,9.7,9.73,9.7,9.71,29436,0,1
2021-07-07,9.7,9.72,9.7,9.71,1348,9.7,9.72,9.7,9.71,1348,0,1
2021-07-08,9.71,9.765,9.67,9.735,60964,9.71,9.765,9.67,9.735,60964,0,1
2021-07-09,9.7,9.74,9.7,9.73,3132,9.7,9.74,9.7,9.73,3132,0,1
2021-07-12,9.77,9.79,9.77,9.79,810,9.77,9.79,9.77,9.79,810,0,1
2021-07-13,9.79,9.79,9.79,9.79,100,9.79,9.79,9.79,9.79,100,0,1
2021-07-14,9.79,9.79,9.79,9.79,2,9.79,9.79,9.79,9.79,2,0,1
2021-07-15,9.78,9.84,9.76,9.8,9972,9.78,9.84,9.76,9.8,9972,0,1
2021-07-16,9.8,9.8,9.8,9.8,0,9.8,9.8,9.8,9.8,0,0,1
2021-07-19,9.78,9.85,9.72,9.765,247832,9.78,9.85,9.72,9.765,247832,0,1
2021-07-20,9.73,9.79,9.72,9.77,27233,9.73,9.79,9.72,9.77,27233,0,1
2021-07-21,9.85,9.86,9.785,9.85,3266,9.85,9.86,9.785,9.85,3266,0,1
2021-07-22,9.87,9.87,9.81,9.85,106540,9.87,9.87,9.81,9.85,106540,0,1
2021-07-23,9.91,9.91,9.76,9.79,153301,9.91,9.91,9.76,9.79,153301,0,1
2021-07-26,9.77,9.77,9.64,9.67,345400,9.77,9.77,9.64,9.67,345400,0,1
2021-07-27,9.67,9.74,9.67,9.739,78764,9.67,9.74,9.67,9.739,78764,0,1
2021-07-28,9.71,9.71,9.71,9.71,253,9.71,9.71,9.71,9.71,253,0,1
2021-07-29,9.71,9.7385,9.71,9.7385,520,9.71,9.7385,9.71,9.7385,520,0,1
2021-07-30,9.71,9.73,9.7,9.71,55366,9.71,9.73,9.7,9.71,55366,0,1
2021-08-02,9.74,9.74,9.71,9.72,12423,9.74,9.74,9.71,9.72,12423,0,1
2021-08-03,9.72,9.73,9.66,9.69,48491,9.72,9.73,9.66,9.69,48491,0,1
2021-08-04,9.685,9.69,9.685,9.69,7338,9.685,9.69,9.685,9.69,7338,0,1
2021-08-05,9.71,9.71,9.71,9.71,212,9.71,9.71,9.71,9.71,212,0,1
2021-08-06,9.71,9.71,9.71,9.71,5,9.71,9.71,9.71,9.71,5,0,1
2021-08-09,9.65,9.67,9.65,9.67,581,9.65,9.67,9.65,9.67,581,0,1
2021-08-10,9.67,9.7,9.67,9.68,5000,9.67,9.7,9.67,9.68,5000,0,1
2021-08-11,9.68,9.7,9.68,9.69,2046,9.68,9.7,9.68,9.69,2046,0,1
2021-08-12,9.67,9.73,9.67,9.73,8135,9.67,9.73,9.67,9.73,8135,0,1
2021-08-13,9.7,9.73,9.675,9.705,282214,9.7,9.73,9.675,9.705,282214,0,1
2021-08-16,9.66,9.73,9.66,9.7,70066,9.66,9.73,9.66,9.7,70066,0,1
2021-08-17,9.67,9.68,9.63,9.68,24889,9.67,9.68,9.63,9.68,24889,0,1
2021-08-18,9.63,9.71,9.63,9.69,3163,9.63,9.71,9.63,9.69,3163,0,1
2021-08-19,9.69,9.69,9.69,9.69,314,9.69,9.69,9.69,9.69,314,0,1
2021-08-20,9.69,9.69,9.69,9.69,0,9.69,9.69,9.69,9.69,0,0,1
2021-08-23,9.65,9.675,9.62,9.635,11281,9.65,9.675,9.62,9.635,11281,0,1
2021-08-24,9.62,9.7,9.62,9.7,43716,9.62,9.7,9.62,9.7,43716,0,1
2021-08-25,9.64,9.69,9.64,9.69,1060,9.64,9.69,9.64,9.69,1060,0,1
2021-08-26,9.65,9.68,9.65,9.68,303,9.65,9.68,9.65,9.68,303,0,1
2021-08-27,9.65,9.68,9.62,9.68,5971,9.65,9.68,9.62,9.68,5971,0,1
2021-08-30,9.65,9.7,9.65,9.7,506,9.65,9.7,9.65,9.7,506,0,1
2021-08-31,9.6989,9.6989,9.685,9.685,202,9.6989,9.6989,9.685,9.685,202,0,1
2021-09-01,9.685,9.685,9.685,9.685,122,9.685,9.685,9.685,9.685,122,0,1
2021-09-02,9.685,9.685,9.685,9.685,2004,9.685,9.685,9.685,9.685,2004,0,1
2021-09-03,9.69,9.73,9.69,9.73,63541,9.69,9.73,9.69,9.73,63541,0,1
2021-09-07,9.69,9.73,9.68,9.73,15588,9.69,9.73,9.68,9.73,15588,0,1
2021-09-08,9.63,9.63,9.63,9.63,214,9.63,9.63,9.63,9.63,214,0,1
2021-09-09,9.63,9.72,9.63,9.705,4999,9.63,9.72,9.63,9.705,4999,0,1
2021-09-10,9.71,9.74,9.71,9.74,113422,9.71,9.74,9.71,9.74,113422,0,1
2021-09-13,9.74,9.74,9.74,9.74,24,9.74,9.74,9.74,9.74,24,0,1
2021-09-14,9.74,9.8,9.74,9.8,39021,9.74,9.8,9.74,9.8,39021,0,1
2021-09-15,9.75,9.75,9.75,9.75,328,9.75,9.75,9.75,9.75,328,0,1
2021-09-16,9.73,9.77,9.73,9.77,653,9.73,9.77,9.73,9.77,653,0,1
2021-09-17,9.77,9.78,9.76,9.78,1202335,9.77,9.78,9.76,9.78,1202335,0,1
2021-09-20,9.79,9.79,9.7,9.7,3819,9.79,9.79,9.7,9.7,3819,0,1
2021-09-21,9.7373,9.75,9.71,9.71,2426,9.7373,9.75,9.71,9.71,2426,0,1
2021-09-22,9.79,9.79,9.75,9.76,126019,9.79,9.79,9.75,9.76,126019,0,1
2021-09-23,9.7,9.75,9.7,9.75,100402,9.7,9.75,9.7,9.75,100402,0,1
2021-09-24,9.71,9.77,9.71,9.77,62503,9.71,9.77,9.71,9.77,62503,0,1
2021-09-27,9.77,9.77,9.77,9.77,4,9.77,9.77,9.77,9.77,4,0,1
2021-09-28,9.77,9.77,9.77,9.77,46,9.77,9.77,9.77,9.77,46,0,1
2021-09-29,9.77,9.77,9.77,9.77,2,9.77,9.77,9.77,9.77,2,0,1
2021-09-30,9.77,9.77,9.77,9.77,71,9.77,9.77,9.77,9.77,71,0,1
2021-10-01,9.75,9.77,9.75,9.77,15080,9.75,9.77,9.75,9.77,15080,0,1
2021-10-04,9.72,9.78,9.72,9.75,1720,9.72,9.78,9.72,9.75,1720,0,1
2021-10-05,9.75,9.75,9.75,9.75,277,9.75,9.75,9.75,9.75,277,0,1
2021-10-06,9.89,9.925,9.86,9.86,9511267,9.89,9.925,9.86,9.86,9511267,0,1
2021-10-07,9.89,9.9,9.85,9.85,1231268,9.89,9.9,9.85,9.85,1231268,0,1
2021-10-08,9.88,9.9,9.85,9.85,1066227,9.88,9.9,9.85,9.85,1066227,0,1
2021-10-11,9.89,9.91,9.86,9.865,295436,9.89,9.91,9.86,9.865,295436,0,1
2021-10-12,9.9,9.9,9.86,9.8901,380480,9.9,9.9,9.86,9.8901,380480,0,1
2021-10-13,9.9,9.9,9.85,9.85,447931,9.9,9.9,9.85,9.85,447931,0,1
2021-10-14,9.89,9.89,9.85,9.87,604573,9.89,9.89,9.85,9.87,604573,0,1
2021-10-15,9.89,9.894,9.85,9.85,523685,9.89,9.894,9.85,9.85,523685,0,1
2021-10-18,9.87,9.9,9.8601,9.89,345742,9.87,9.9,9.8601,9.89,345742,0,1
2021-10-19,9.99,10.1,9.91,10.02,4377382,9.99,10.1,9.91,10.02,4377382,0,1
2021-10-20,10.08,10.08,9.98,10.02,1700868,10.08,10.08,9.98,10.02,1700868,0,1
2021-10-21,10.05,10.08,10.03,10.07,1675778,10.05,10.08,10.03,10.07,1675778,0,1
2021-10-22,10.1,10.1,10.05,10.075,613156,10.1,10.1,10.05,10.075,613156,0,1
2021-10-25,10.09,10.1,10.04,10.05,698908,10.09,10.1,10.04,10.05,698908,0,1
2021-10-26,10.08,10.1499,10.06,10.13,1320763,10.08,10.1499,10.06,10.13,1320763,0,1
2021-10-27,10.15,10.32,10.115,10.3,1601816,10.15,10.32,10.115,10.3,1601816,0,1
2021-10-28,10.34,10.49,10.2,10.3,804817,10.34,10.49,10.2,10.3,804817,0,1
2021-10-29,10.38,10.74,10.32,10.52,1579265,10.38,10.74,10.32,10.52,1579265,0,1
2021-11-01,10.67,10.7,10.41,10.52,1184338,10.67,10.7,10.41,10.52,1184338,0,1
2021-11-02,10.64,10.74,10.231,10.31,692065,10.64,10.74,10.231,10.31,692065,0,1
2021-11-03,10.33,10.4,10.22,10.38,470654,10.33,10.4,10.22,10.38,470654,0,1
2021-11-04,10.4,10.465,10.27,10.33,589481,10.4,10.465,10.27,10.33,589481,0,1
2021-11-05,10.46,10.83,10.35,10.75,2495506,10.46,10.83,10.35,10.75,2495506,0,1
2021-11-08,11.6,11.62,10.75,10.97,3292621,11.6,11.62,10.75,10.97,3292621,0,1
2021-11-09,11.1,11.19,10.64,10.84,1154132,11.1,11.19,10.64,10.84,1154132,0,1
2021-11-10,10.79,10.8,10.36,10.46,1247476,10.79,10.8,10.36,10.46,1247476,0,1
2021-11-11,10.59,10.59,10.34,10.41,558113,10.59,10.59,10.34,10.41,558113,0,1
2021-11-12,10.4,10.55,10.36,10.55,706865,10.4,10.55,10.36,10.55,706865,0,1
2021-11-15,10.64,10.69,10.44,10.44,968996,10.64,10.69,10.44,10.44,968996,0,1
2021-11-16,10.55,11.48,10.47,11.22,4087427,10.55,11.48,10.47,11.22,4087427,0,1
2021-11-17,11.22,12.19,10.82,11.88,5352449,11.22,12.19,10.82,11.88,5352449,0,1
2021-11-18,12.38,12.75,11.6,12.05,5507337,12.38,12.75,11.6,12.05,5507337,0,1
2021-11-19,12.05,12.09,11.61,11.88,1246569,12.05,12.09,11.61,11.88,1246569,0,1
2021-11-22,11.83,12,11.25,11.62,1220869,11.83,12,11.25,11.62,1220869,0,1
2021-11-23,11.45,11.5,10.65,11.06,2080896,11.45,11.5,10.65,11.06,2080896,0,1
2021-11-24,10.92,11.17,10.82,10.95,441227,10.92,11.17,10.82,10.95,441227,0,1
2021-11-26,10.75,10.89,10.47,10.49,821107,10.75,10.89,10.47,10.49,821107,0,1
2021-11-29,10.6,10.75,10.41,10.67,640326,10.6,10.75,10.41,10.67,640326,0,1
2021-11-30,10.6,10.8,10.55,10.8,529378,10.6,10.8,10.55,10.8,529378,0,1
2021-12-01,10.88,11.01,10.35,10.47,755722,10.88,11.01,10.35,10.47,755722,0,1
2021-12-02,10.47,10.56,10.3,10.39,867396,10.47,10.56,10.3,10.39,867396,0,1
2021-12-03,10.5,10.5,10.1835,10.31,999376,10.5,10.5,10.1835,10.31,999376,0,1
2021-12-06,10.39,10.47,10.245,10.39,399159,10.39,10.47,10.245,10.39,399159,0,1
2021-12-07,10.5,11.02,10.39,10.78,916125,10.5,11.02,10.39,10.78,916125,0,1
2021-12-08,10.86,11.02,10.72,11,862645,10.86,11.02,10.72,11,862645,0,1
2021-12-09,10.9,10.9896,10.5,10.61,277946,10.9,10.9896,10.5,10.61,277946,0,1
2021-12-10,10.7,10.78,10.51,10.73,317585,10.7,10.78,10.51,10.73,317585,0,1
2021-12-13,10.85,10.85,10.3,10.36,819569,10.85,10.85,10.3,10.36,819569,0,1
2021-12-14,10.41,10.63,10.25,10.46,431427,10.41,10.63,10.25,10.46,431427,0,1
2021-12-15,10.44,10.64,10.3,10.53,322175,10.44,10.64,10.3,10.53,322175,0,1
2021-12-16,10.68,10.7,10.35,10.37,296549,10.68,10.7,10.35,10.37,296549,0,1
2021-12-17,10.35,10.51,10.25,10.34,304330,10.35,10.51,10.25,10.34,304330,0,1
2021-12-20,10.25,10.56,10.21,10.23,1028809,10.25,10.56,10.21,10.23,1028809,0,1
2021-12-21,10.3,10.38,10.21,10.33,268668,10.3,10.38,10.21,10.33,268668,0,1
2021-12-22,10.32,10.46,10.26,10.31,750488,10.32,10.46,10.26,10.31,750488,0,1
2021-12-23,10.32,10.3893,10.2701,10.35,485340,10.32,10.3893,10.2701,10.35,485340,0,1
2021-12-27,10.35,10.47,10.2,10.31,563011,10.35,10.47,10.2,10.31,563011,0,1
2021-12-28,10.36,10.36,10.23,10.3,377919,10.36,10.36,10.23,10.3,377919,0,1
2021-12-29,10.35,10.49,10.27,10.27,479333,10.35,10.49,10.27,10.27,479333,0,1
2021-12-30,10.31,10.34,10.27,10.3,237974,10.31,10.34,10.27,10.3,237974,0,1
2021-12-31,10.31,10.31,10.16,10.29,588035,10.31,10.31,10.16,10.29,588035,0,1
2022-01-03,10.33,10.33,10.23,10.27,300043,10.33,10.33,10.23,10.27,300043,0,1
2022-01-04,10.32,10.32,10.25,10.26,431244,10.32,10.32,10.25,10.26,431244,0,1
2022-01-05,10.26,10.54,10.19,10.2,802183,10.26,10.54,10.19,10.2,802183,0,1
2022-01-06,10.14,10.24,10.14,10.22,407005,10.14,10.24,10.14,10.22,407005,0,1
2022-01-07,10.21,10.25,10.185,10.25,222048,10.21,10.25,10.185,10.25,222048,0,1
2022-01-10,10.2,10.2,10.06,10.16,437849,10.2,10.2,10.06,10.16,437849,0,1
2022-01-11,10.16,10.16,10.08,10.11,661117,10.16,10.16,10.08,10.11,661117,0,1
2022-01-12,10.1,10.11,10.06,10.1,428469,10.1,10.11,10.06,10.1,428469,0,1
2022-01-13,10.14,10.14,9.95,9.99,1064053,10.14,10.14,9.95,9.99,1064053,0,1
2022-01-14,10.02,10.03,9.98,9.98,259241,10.02,10.03,9.98,9.98,259241,0,1
2022-01-18,9.97,10,9.96,9.99,371233,9.97,10,9.96,9.99,371233,0,1
2022-01-19,9.99,9.99,9.96,9.97,283758,9.99,9.99,9.96,9.97,283758,0,1
2022-01-20,9.96,9.99,9.95,9.96,138119,9.96,9.99,9.95,9.96,138119,0,1
2022-01-21,9.95,9.97,9.9,9.9,300051,9.95,9.97,9.9,9.9,300051,0,1
2022-01-24,9.9,9.9,9.85,9.89,468410,9.9,9.9,9.85,9.89,468410,0,1
2022-01-25,9.84,9.95,9.84,9.92,378485,9.84,9.95,9.84,9.92,378485,0,1
2022-01-26,9.94,9.94,9.89,9.92,322418,9.94,9.94,9.89,9.92,322418,0,1
2022-01-27,9.96,9.96,9.9,9.91,317065,9.96,9.96,9.9,9.91,317065,0,1
2022-01-28,9.9,9.96,9.9,9.95,1534113,9.9,9.96,9.9,9.95,1534113,0,1
2022-01-31,9.9,9.965,9.9,9.95,191083,9.9,9.965,9.9,9.95,191083,0,1
2022-02-01,9.98,9.99,9.93,9.98,110189,9.98,9.99,9.93,9.98,110189,0,1
2022-02-02,9.98,9.99,9.93,9.95,240380,9.98,9.99,9.93,9.95,240380,0,1
2022-02-03,9.9,9.95,9.89,9.9,448846,9.9,9.95,9.89,9.9,448846,0,1
2022-02-04,9.91,9.98,9.91,9.93,126287,9.91,9.98,9.91,9.93,126287,0,1
2022-02-07,9.93,9.97,9.92,9.94,188602,9.93,9.97,9.92,9.94,188602,0,1
2022-02-08,9.96,9.97,9.91,9.95,313521,9.96,9.97,9.91,9.95,313521,0,1
2022-02-09,9.93,9.98,9.93,9.98,475274,9.93,9.98,9.93,9.98,475274,0,1
2022-02-10,9.98,9.99,9.96,9.97,1165838,9.98,9.99,9.96,9.97,1165838,0,1
2022-02-11,9.98,9.98,9.96,9.97,272251,9.98,9.98,9.96,9.97,272251,0,1
2022-02-14,9.96,9.98,9.96,9.98,394557,9.96,9.98,9.96,9.98,394557,0,1
2022-02-15,9.98,9.99,9.97,9.97,283699,9.98,9.99,9.97,9.97,283699,0,1
2022-02-16,9.97,9.98,9.96,9.98,425750,9.97,9.98,9.96,9.98,425750,0,1
2022-02-17,9.98,9.98,9.96,9.97,1646864,9.98,9.98,9.96,9.97,1646864,0,1
2022-02-18,9.97,9.98,9.96,9.97,1622702,9.97,9.98,9.96,9.97,1622702,0,1
2022-02-22,9.96,9.97,9.93,9.97,3327825,9.96,9.97,9.93,9.97,3327825,0,1
2022-02-23,9.88,9.9,8.3,8.4,2288015,9.88,9.9,8.3,8.4,2288015,0,1
2022-02-24,8,9.26,7.9,9.05,1387797,8,9.26,7.9,9.05,1387797,0,1
2022-02-25,9.14,9.9,9.11,9.31,590071,9.14,9.9,9.11,9.31,590071,0,1
2022-02-28,9.41,10.9,9.4,9.91,430720,9.41,10.9,9.4,9.91,430720,0,1
2022-03-01,10.02,10.27,9.91,10.24,637919,10.02,10.27,9.91,10.24,637919,0,1
2022-03-02,9.75,11.3679,8.84,9.43,373793,9.75,11.3679,8.84,9.43,373793,0,1
2022-03-03,10,10,8.245,8.27,571830,10,10,8.245,8.27,571830,0,1
2022-03-04,8.44,8.75,7.43,7.45,573675,8.44,8.75,7.43,7.45,573675,0,1
2022-03-07,7.5,7.5,6.69,6.87,496019,7.5,7.5,6.69,6.87,496019,0,1
2022-03-08,6.94,7.64,6.71,6.82,487804,6.94,7.64,6.71,6.82,487804,0,1
2022-03-09,7.6,7.8776,7.3,7.62,582569,7.6,7.8776,7.3,7.62,582569,0,1
2022-03-10,7.8,8.24,7.25,7.39,456122,7.8,8.24,7.25,7.39,456122,0,1
2022-03-11,7.56,7.75,6.53,6.94,541082,7.56,7.75,6.53,6.94,541082,0,1
2022-03-14,7,7.15,6.25,6.35,231182,7,7.15,6.25,6.35,231182,0,1
2022-03-15,6.46,6.6899,5.91,5.92,569636,6.46,6.6899,5.91,5.92,569636,0,1
2022-03-16,6,6.3138,6,6.28,398691,6,6.3138,6,6.28,398691,0,1
2022-03-17,6.24,6.72,6.13,6.63,296436,6.24,6.72,6.13,6.63,296436,0,1
2022-03-18,6.74,6.86,6.5,6.83,430466,6.74,6.86,6.5,6.83,430466,0,1
2022-03-21,7.07,7.1,6.12,6.37,429960,7.07,7.1,6.12,6.37,429960,0,1
2022-03-22,6.52,6.9,6.51,6.75,341966,6.52,6.9,6.51,6.75,341966,0,1
2022-03-23,6.68,7.8558,6.62,7.14,676101,6.68,7.8558,6.62,7.14,676101,0,1
2022-03-24,7.23,8.005,7.19,7.63,502560,7.23,8.005,7.19,7.63,502560,0,1
2022-03-25,7.77,7.8499,7.03,7.31,358043,7.77,7.8499,7.03,7.31,358043,0,1
2022-03-28,7.29,7.36,6.85,6.93,362351,7.29,7.36,6.85,6.93,362351,0,1
2022-03-29,7.06,7.06,6.57,6.79,287358,7.06,7.06,6.57,6.79,287358,0,1
2022-03-30,6.8,6.98,6.61,6.67,196023,6.8,6.98,6.61,6.67,196023,0,1
2022-03-31,6.83,6.86,6.25,6.3,234448,6.83,6.86,6.25,6.3,234448,0,1
2022-04-01,6.42,6.4427,6.15,6.22,285920,6.42,6.4427,6.15,6.22,285920,0,1
2022-04-04,6.3,6.53,6.22,6.52,187271,6.3,6.53,6.22,6.52,187271,0,1
2022-04-05,6.43,6.43,5.94,5.96,389305,6.43,6.43,5.94,5.96,389305,0,1
2022-04-06,5.9,5.99,5.61,5.83,415217,5.9,5.99,5.61,5.83,415217,0,1
2022-04-07,6,6.51,5.97,6.22,381150,6,6.51,5.97,6.22,381150,0,1
2022-04-08,6.16,6.23,5.92,6.15,221028,6.16,6.23,5.92,6.15,221028,0,1
2022-04-11,6.05,6.1,5.73,5.85,229489,6.05,6.1,5.73,5.85,229489,0,1
2022-04-12,6.02,6.16,5.9,6.15,198703,6.02,6.16,5.9,6.15,198703,0,1
2022-04-13,6.17,6.45,6.08,6.42,158701,6.17,6.45,6.08,6.42,158701,0,1
2022-04-14,6.42,6.42,6.1226,6.34,200294,6.42,6.42,6.1226,6.34,200294,0,1
2022-04-18,6.25,6.28,6.0036,6.17,153860,6.25,6.28,6.0036,6.17,153860,0,1
2022-04-19,6.11,6.18,5.78,5.83,225715,6.11,6.18,5.78,5.83,225715,0,1
2022-04-20,5.83,6.01,5.7606,5.9,277326,5.83,6.01,5.7606,5.9,277326,0,1
2022-04-21,5.97,6.18,5.7,5.78,286768,5.97,6.18,5.7,5.78,286768,0,1
2022-04-22,5.94,5.94,5.5461,5.63,120601,5.94,5.94,5.5461,5.63,120601,0,1
2022-04-25,5.58,5.93,5.4214,5.9,200712,5.58,5.93,5.4214,5.9,200712,0,1
2022-04-26,5.81,6.32,5.76,6,331009,5.81,6.32,5.76,6,331009,0,1
2022-04-27,6,6.7331,5.83,6.47,385774,6,6.7331,5.83,6.47,385774,0,1
2022-04-28,6.46,6.85,6.42,6.74,303609,6.46,6.85,6.42,6.74,303609,0,1
2022-04-29,6.65,7.1,6.32,6.95,326660,6.65,7.1,6.32,6.95,326660,0,1
2022-05-02,6.91,7.08,6.7201,7.04,226265,6.91,7.08,6.7201,7.04,226265,0,1
2022-05-03,7.04,7.19,6.78,7.15,263959,7.04,7.19,6.78,7.15,263959,0,1
2022-05-04,7.09,7.1,6.44,6.78,438112,7.09,7.1,6.44,6.78,438112,0,1
2022-05-05,6.8,7.15,6.55,6.99,305335,6.8,7.15,6.55,6.99,305335,0,1
2022-05-06,7.02,7.5,6.72,7.42,368901,7.02,7.5,6.72,7.42,368901,0,1
2022-05-09,7.37,7.61,6.375,6.42,597194,7.37,7.61,6.375,6.42,597194,0,1
2022-05-10,6.44,6.5,5.41,5.68,512388,6.44,6.5,5.41,5.68,512388,0,1
2022-05-11,5.82,6.8606,5.7,6.07,448903,5.82,6.8606,5.7,6.07,448903,0,1
2022-05-12,6.08,7.27,5.76,6.85,684232,6.08,7.27,5.76,6.85,684232,0,1
2022-05-13,6.86,8.53,6.86,7.76,790722,6.86,8.53,6.86,7.76,790722,0,1
2022-05-16,8.07,8.34,7.39,7.46,419661,8.07,8.34,7.39,7.46,419661,0,1
2022-05-17,7.24,7.7,7.02,7.68,439901,7.24,7.7,7.02,7.68,439901,0,1
2022-05-18,7.56,7.85,7.17,7.3,406048,7.56,7.85,7.17,7.3,406048,0,1
2022-05-19,7.18,8.12,7.15,7.98,375729,7.18,8.12,7.15,7.98,375729,0,1
2022-05-20,8.24,8.74,8.085,8.65,472887,8.24,8.74,8.085,8.65,472887,0,1
2022-05-23,8.74,9.52,8.73,8.87,560837,8.74,9.52,8.73,8.87,560837,0,1
2022-05-24,8.65,8.66,7.95,8.16,322534,8.65,8.66,7.95,8.16,322534,0,1
2022-05-25,8.04,8.52,8.04,8.51,291067,8.04,8.52,8.04,8.51,291067,0,1
2022-05-26,8.63,8.675,8.2,8.34,297525,8.63,8.675,8.2,8.34,297525,0,1
2022-05-27,8.49,9.2,8.47,8.81,512015,8.49,9.2,8.47,8.81,512015,0,1
2022-05-31,8.9,9.22,8.715,8.98,538874,8.9,9.22,8.715,8.98,538874,0,1
2022-06-01,8.97,9.25,8.97,9.16,653947,8.97,9.25,8.97,9.16,653947,0,1
2022-06-02,8.05,8.49,7.88,8.23,811139,8.05,8.49,7.88,8.23,811139,0,1
2022-06-03,8.03,8.33,8,8.22,568672,8.03,8.33,8,8.22,568672,0,1
2022-06-06,8.3,8.48,6.5,7.25,1177497,8.3,8.48,6.5,7.25,1177497,0,1
2022-06-07,7.1,7.18,6.5,6.73,1123465,7.1,7.18,6.5,6.73,1123465,0,1
2022-06-08,6.84,7.1,6.5501,6.57,576497,6.84,7.1,6.5501,6.57,576497,0,1
2022-06-09,6.59,6.78,5.86,5.86,631780,6.59,6.78,5.86,5.86,631780,0,1
2022-06-10,5.71,5.82,5.1,5.19,858008,5.71,5.82,5.1,5.19,858008,0,1
2022-06-13,5.15,5.16,4.6,4.62,816759,5.15,5.16,4.6,4.62,816759,0,1
2022-06-14,4.7,4.72,4.25,4.32,752734,4.7,4.72,4.25,4.32,752734,0,1
2022-06-15,4.36,4.62,4.23,4.5,1016914,4.36,4.62,4.23,4.5,1016914,0,1
2022-06-16,4.35,4.9,4.31,4.7,991582,4.35,4.9,4.31,4.7,991582,0,1
2022-06-17,4.63,4.96,4.51,4.96,5458533,4.63,4.96,4.51,4.96,5458533,0,1
2022-06-21,5.175,5.187,4.66,4.72,679700,5.175,5.187,4.66,4.72,679700,0,1
2022-06-22,4.59,4.67,4.245,4.33,615079,4.59,4.67,4.245,4.33,615079,0,1
2022-06-23,4.45,4.46,4.05,4.34,543028,4.45,4.46,4.05,4.34,543028,0,1
2022-06-24,4.34,4.34,3.98,3.99,3893752,4.34,4.34,3.98,3.99,3893752,0,1
2022-06-27,4.25,4.25,3.7,3.71,912882,4.25,4.25,3.7,3.71,912882,0,1
2022-06-28,3.75,3.95,3.55,3.6,786516,3.75,3.95,3.55,3.6,786516,0,1
2022-06-29,3.74,3.74,3.29,3.38,720759,3.74,3.74,3.29,3.38,720759,0,1
2022-06-30,3.39,3.67,3.25,3.67,1324655,3.39,3.67,3.25,3.67,1324655,0,1
2022-07-01,3.69,3.77,3.51,3.74,601655,3.69,3.77,3.51,3.74,601655,0,1
2022-07-05,3.73,4.27,3.66,4.27,691047,3.73,4.27,3.66,4.27,691047,0,1
2022-07-06,4.15,4.67,4.08,4.62,661243,4.15,4.67,4.08,4.62,661243,0,1
2022-07-07,4.68,5.18,4.68,5.18,683512,4.68,5.18,4.68,5.18,683512,0,1
2022-07-08,5.04,5.64,5.04,5.3,629584,5.04,5.64,5.04,5.3,629584,0,1
2022-07-11,5.3,5.3,4.66,4.665,491855,5.3,5.3,4.66,4.665,491855,0,1
2022-07-12,4.81,4.815,4.41,4.54,482564,4.81,4.815,4.41,4.54,482564,0,1
2022-07-13,4.54,4.61,4.33,4.47,436581,4.54,4.61,4.33,4.47,436581,0,1
2022-07-14,4.4,4.58,4.25,4.3,287398,4.4,4.58,4.25,4.3,287398,0,1
2022-07-15,4.39,4.43,4.21,4.4,288401,4.39,4.43,4.21,4.4,288401,0,1
2022-07-18,4.6,4.68,4.34,4.46,358601,4.6,4.68,4.34,4.46,358601,0,1
2022-07-19,4.47,4.69,4.47,4.52,438654,4.47,4.69,4.47,4.52,438654,0,1
2022-07-20,4.49,4.7499,4.45,4.53,526444,4.49,4.7499,4.45,4.53,526444,0,1
2022-07-21,4.55,4.55,4,4.24,676593,4.55,4.55,4,4.24,676593,0,1
2022-07-22,4.19,4.24,4,4.03,405844,4.19,4.24,4,4.03,405844,0,1
2022-07-25,4.1,4.2,3.9401,4.18,242253,4.1,4.2,3.9401,4.18,242253,0,1
2022-07-26,4.12,4.1735,3.82,3.9,252431,4.12,4.1735,3.82,3.9,252431,0,1
2022-07-27,4,4.2,3.9,4.19,321989,4,4.2,3.9,4.19,321989,0,1
2022-07-28,4.07,4.41,4.05,4.41,325390,4.07,4.41,4.05,4.41,325390,0,1
2022-07-29,4.41,4.57,4.26,4.43,312806,4.41,4.57,4.26,4.43,312806,0,1
2022-08-01,4.45,4.47,4.085,4.11,385928,4.45,4.47,4.085,4.11,385928,0,1
2022-08-02,4.01,4.2,3.95,4.06,500297,4.01,4.2,3.95,4.06,500297,0,1
2022-08-03,4.11,4.34,4.03,4.31,542188,4.11,4.34,4.03,4.31,542188,0,1
2022-08-04,4.33,4.59,4.11,4.27,325796,4.33,4.59,4.11,4.27,325796,0,1
2022-08-05,4.37,4.47,4.2,4.45,402931,4.37,4.47,4.2,4.45,402931,0,1
2022-08-08,4.55,4.62,4.39,4.55,337771,4.55,4.62,4.39,4.55,337771,0,1
2022-08-09,4.58,4.58,4.18,4.35,440539,4.58,4.58,4.18,4.35,440539,0,1
2022-08-10,4.5,4.6,4.43,4.47,330801,4.5,4.6,4.43,4.47,330801,0,1
2022-08-11,4.5,4.56,4.18,4.34,488432,4.5,4.56,4.18,4.34,488432,0,1
2022-08-12,4.33,4.95,4.06,4.84,775034,4.33,4.95,4.06,4.84,775034,0,1
2022-08-15,4.75,5,4.71,4.97,459839,4.75,5,4.71,4.97,459839,0,1
2022-08-16,4.98,5.47,4.87,5.39,778101,4.98,5.47,4.87,5.39,778101,0,1
2022-08-17,5.26,5.28,4.86,5.23,448787,5.26,5.28,4.86,5.23,448787,0,1
2022-08-18,5.16,5.9,5.1301,5.67,673759,5.16,5.9,5.1301,5.67,673759,0,1
2022-08-19,5.445,5.61,4.96,5.02,480586,5.445,5.61,4.96,5.02,480586,0,1
2022-08-22,4.81,4.83,4.5,4.58,454646,4.81,4.83,4.5,4.58,454646,0,1
2022-08-23,4.58,4.76,4.51,4.53,346532,4.58,4.76,4.51,4.53,346532,0,1
2022-08-24,4.5,4.74,4.41,4.44,380465,4.5,4.74,4.41,4.44,380465,0,1
2022-08-25,4.47,4.55,4.22,4.25,783479,4.47,4.55,4.22,4.25,783479,0,1
2022-08-26,4.32,4.32,3.8,3.99,929844,4.32,4.32,3.8,3.99,929844,0,1
2022-08-29,4,4.16,3.85,4.04,764063,4,4.16,3.85,4.04,764063,0,1
2022-08-30,4.05,4.11,3.935,3.95,562368,4.05,4.11,3.935,3.95,562368,0,1
2022-08-31,3.99,4.44,3.96,3.98,459317,3.99,4.44,3.96,3.98,459317,0,1
2022-09-01,3.96,4,3.415,3.51,736535,3.96,4,3.415,3.51,736535,0,1
2022-09-02,3.66,3.7,3.5,3.64,785469,3.66,3.7,3.5,3.64,785469,0,1
2022-09-06,3.53,3.56,2.235,2.29,7168290,3.53,3.56,2.235,2.29,7168290,0,1
2022-09-07,2.4,2.52,2.13,2.36,4837652,2.4,2.52,2.13,2.36,4837652,0,1
2022-09-08,2.44,2.5,2.26,2.4,2764140,2.44,2.5,2.26,2.4,2764140,0,1
2022-09-09,2.47,2.51,2.34,2.42,1914726,2.47,2.51,2.34,2.42,1914726,0,1
2022-09-12,2.45,2.5,2.39,2.45,1398028,2.45,2.5,2.39,2.45,1398028,0,1
2022-09-13,2.4,2.435,2.26,2.41,1366068,2.4,2.435,2.26,2.41,1366068,0,1
2022-09-14,2.41,2.46,2.2888,2.45,1297980,2.41,2.46,2.2888,2.45,1297980,0,1
2022-09-15,2.47,2.48,2.265,2.28,1226270,2.47,2.48,2.265,2.28,1226270,0,1
2022-09-16,2.25,2.41,2.09,2.29,1912003,2.25,2.41,2.09,2.29,1912003,0,1
2022-09-19,2.33,2.34,2.07,2.09,1136015,2.33,2.34,2.07,2.09,1136015,0,1
2022-09-20,2.06,2.11,1.97,2,1265135,2.06,2.11,1.97,2,1265135,0,1
2022-09-21,2,2.11,1.98,2,905993,2,2.11,1.98,2,905993,0,1
2022-09-22,2.03,2.06,1.89,1.92,1273391,2.03,2.06,1.89,1.92,1273391,0,1
2022-09-23,1.9,1.91,1.7601,1.83,1085301,1.9,1.91,1.7601,1.83,1085301,0,1
2022-09-26,1.85,1.89,1.725,1.77,1406664,1.85,1.89,1.725,1.77,1406664,0,1
2022-09-27,1.8,1.85,1.76,1.82,428662,1.8,1.85,1.76,1.82,428662,0,1
2022-09-28,1.81,1.8881,1.78,1.87,1001753,1.81,1.8881,1.78,1.87,1001753,0,1
2022-09-29,1.81,1.85,1.67,1.73,938452,1.81,1.85,1.67,1.73,938452,0,1
2022-09-30,1.73,1.95,1.72,1.88,1098650,1.73,1.95,1.72,1.88,1098650,0,1
2022-10-03,1.92,2.01,1.8,1.93,1182979,1.92,2.01,1.8,1.93,1182979,0,1
2022-10-04,1.97,2.09,1.97,2.08,809822,1.97,2.09,1.97,2.08,809822,0,1
2022-10-05,2.09,2.09,1.94,1.96,524723,2.09,2.09,1.94,1.96,524723,0,1
2022-10-06,1.94,2.025,1.92,1.96,420186,1.94,2.025,1.92,1.96,420186,0,1
2022-10-07,1.95,1.97,1.87,1.89,765592,1.95,1.97,1.87,1.89,765592,0,1
2022-10-10,1.89,1.98,1.82,1.94,791176,1.89,1.98,1.82,1.94,791176,0,1
2022-10-11,1.99,1.99,1.85,1.9,1296030,1.99,1.99,1.85,1.9,1296030,0,1
2022-10-12,1.88,1.9,1.84,1.89,852377,1.88,1.9,1.84,1.89,852377,0,1
2022-10-13,1.82,1.86,1.755,1.79,1199703,1.82,1.86,1.755,1.79,1199703,0,1
2022-10-14,1.79,1.805,1.6,1.61,722435,1.79,1.805,1.6,1.61,722435,0,1
2022-10-17,1.69,1.93,1.65,1.92,1171568,1.69,1.93,1.65,1.92,1171568,0,1
2022-10-18,1.95,2.02,1.8119,1.89,546288,1.95,2.02,1.8119,1.89,546288,0,1
2022-10-19,1.86,1.93,1.81,1.87,519700,1.86,1.93,1.81,1.87,519700,0,1
2022-10-20,1.88,2.07,1.8702,1.98,472832,1.88,2.07,1.8702,1.98,472832,0,1
2022-10-21,1.98,2.085,1.94,2.05,320600,1.98,2.085,1.94,2.05,320600,0,1
2022-10-24,2.04,2.11,1.97,2.09,486762,2.04,2.11,1.97,2.09,486762,0,1
2022-10-25,2.08,2.28,2.08,2.27,685216,2.08,2.28,2.08,2.27,685216,0,1
2022-10-26,2.19,2.25,2.04,2.1,735288,2.19,2.25,2.04,2.1,735288,0,1
2022-10-27,2.13,2.25,2.11,2.13,359554,2.13,2.25,2.11,2.13,359554,0,1
2022-10-28,2.12,2.14,2.02,2.09,421889,2.12,2.14,2.02,2.09,421889,0,1
2022-10-31,2.08,2.215,2.04,2.1,988445,2.08,2.215,2.04,2.1,988445,0,1
2022-11-01,2.08,2.1,1.86,1.88,864976,2.08,2.1,1.86,1.88,864976,0,1
2022-11-02,1.89,1.945,1.81,1.82,412169,1.89,1.945,1.81,1.82,412169,0,1
2022-11-03,1.84,1.86,1.76,1.8,458858,1.84,1.86,1.76,1.8,458858,0,1
2022-11-04,1.89,1.89,1.7,1.79,505179,1.89,1.89,1.7,1.79,505179,0,1
2022-11-07,1.82,1.83,1.645,1.69,741302,1.82,1.83,1.645,1.69,741302,0,1
2022-11-08,1.75,1.79,1.56,1.57,798852,1.75,1.79,1.56,1.57,798852,0,1
2022-11-09,1.54,1.6,0.9811,1.11,2934731,1.54,1.6,0.9811,1.11,2934731,0,1
2022-11-10,1.1,1.23,1.07,1.19,1168137,1.1,1.23,1.07,1.19,1168137,0,1
2022-11-11,1.2,1.25,1.15,1.18,865325,1.2,1.25,1.15,1.18,865325,0,1
2022-11-14,1.23,1.29,1.17,1.2,939590,1.23,1.29,1.17,1.2,939590,0,1
2022-11-15,1.27,1.32,1.16,1.25,980324,1.27,1.32,1.16,1.25,980324,0,1
2022-11-16,1.25,1.25,1.12,1.14,708742,1.25,1.25,1.12,1.14,708742,0,1
2022-11-17,1.11,1.23,1.11,1.22,608239,1.11,1.23,1.11,1.22,608239,0,1
2022-11-18,1.23,1.25,1.17,1.24,498702,1.23,1.25,1.17,1.24,498702,0,1
2022-11-21,1.32,1.52,1.27,1.39,1853660,1.32,1.52,1.27,1.39,1853660,0,1
2022-11-22,1.36,1.4099,1.3,1.32,576133,1.36,1.4099,1.3,1.32,576133,0,1
2022-11-23,1.38,1.45,1.33,1.44,396304,1.38,1.45,1.33,1.44,396304,0,1
2022-11-25,1.46,1.46,1.38,1.4,173149,1.46,1.46,1.38,1.4,173149,0,1
2022-11-28,1.42,1.55,1.26,1.28,755897,1.42,1.55,1.26,1.28,755897,0,1
2022-11-29,1.26,1.38,1.26,1.31,286357,1.26,1.38,1.26,1.31,286357,0,1
2022-11-30,1.34,1.3599,1.24,1.3,660411,1.34,1.3599,1.24,1.3,660411,0,1
2022-12-01,1.35,1.35,1.15,1.16,552395,1.35,1.35,1.15,1.16,552395,0,1
2022-12-02,1.17,1.22,1.15,1.18,816920,1.17,1.22,1.15,1.18,816920,0,1
2022-12-05,1.16,1.22,1.08,1.11,1226464,1.16,1.22,1.08,1.11,1226464,0,1
2022-12-06,1.12,1.15,1.04,1.05,861985,1.12,1.15,1.04,1.05,861985,0,1
2022-12-07,1.05,1.075,0.995,1,1124587,1.05,1.075,0.995,1,1124587,0,1
2022-12-08,1.07,1.08,1,1.02,815828,1.07,1.08,1,1.02,815828,0,1
2022-12-09,1.02,1.04,0.99,0.9908,669940,1.02,1.04,0.99,0.9908,669940,0,1
2022-12-12,1,1.01,0.95,0.9638,1228644,1,1.01,0.95,0.9638,1228644,0,1
2022-12-13,0.99,1.02,0.93,0.9693,1688734,0.99,1.02,0.93,0.9693,1688734,0,1
2022-12-14,0.9849,1.02,0.9301,0.9893,1357886,0.9849,1.02,0.9301,0.9893,1357886,0,1
2022-12-15,0.915,1.04,0.915,0.995,2108069,0.915,1.04,0.915,0.995,2108069,0,1
2022-12-16,0.97,1,0.8948,0.8948,6982955,0.97,1,0.8948,0.8948,6982955,0,1
2022-12-19,0.9101,0.9279,0.8,0.8001,1711496,0.9101,0.9279,0.8,0.8001,1711496,0,1
2022-12-20,0.8085,0.84,0.7701,0.786,1450351,0.8085,0.84,0.7701,0.786,1450351,0,1
2022-12-21,0.77,0.86,0.77,0.8102,984576,0.77,0.86,0.77,0.8102,984576,0,1
2022-12-22,0.8,0.8499,0.7741,0.7771,1104724,0.8,0.8499,0.7741,0.7771,1104724,0,1
2022-12-23,0.78,0.85,0.78,0.8266,903496,0.78,0.85,0.78,0.8266,903496,0,1
2022-12-27,0.84,0.845001,0.66695,0.6802,891746,0.84,0.845001,0.66695,0.6802,891746,0,1
2022-12-28,0.7,0.7282,0.68,0.6801,645550,0.7,0.7282,0.68,0.6801,645550,0,1
2022-12-29,0.69,0.72,0.6873,0.7183,771164,0.69,0.72,0.6873,0.7183,771164,0,1
2022-12-30,0.7183,0.745,0.71,0.7292,708513,0.7183,0.745,0.71,0.7292,708513,0,1
2023-01-03,0.75,0.8882,0.7,0.7276,893082,0.75,0.8882,0.7,0.7276,893082,0,1
2023-01-04,0.7494,0.843,0.73,0.8139,576387,0.7494,0.843,0.73,0.8139,576387,0,1
2023-01-05,0.8239,0.8347,0.751801,0.7631,539278,0.8239,0.8347,0.751801,0.7631,539278,0,1
2023-01-06,0.7791,0.794504,0.74,0.7497,555055,0.7791,0.794504,0.74,0.7497,555055,0,1
2023-01-09,0.7604,0.8098,0.75,0.76,567734,0.7604,0.8098,0.75,0.76,567734,0,1
2023-01-10,0.77,0.79,0.75,0.7754,412256,0.77,0.79,0.75,0.7754,412256,0,1
2023-01-11,0.8,0.81,0.77,0.7994,713610,0.8,0.81,0.77,0.7994,713610,0,1
2023-01-12,0.8148,0.849,0.81,0.848,811976,0.8148,0.849,0.81,0.848,811976,0,1
2023-01-13,0.8649,0.97,0.8649,0.9201,1213619,0.8649,0.97,0.8649,0.9201,1213619,0,1
2023-01-17,0.96,1.02,0.91,1,891491,0.96,1.02,0.91,1,891491,0,1
2023-01-18,1.01,1.05,0.94,0.9458,835442,1.01,1.05,0.94,0.9458,835442,0,1
2023-01-19,0.948,0.967599,0.8321,0.8711,634908,0.948,0.967599,0.8321,0.8711,634908,0,1
2023-01-20,0.9162,0.9162,0.858,0.8929,502877,0.9162,0.9162,0.858,0.8929,502877,0,1
2023-01-23,0.8952,0.9086,0.8604,0.8991,585403,0.8952,0.9086,0.8604,0.8991,585403,0,1
2023-01-24,0.9036,0.9199,0.86,0.8704,286260,0.9036,0.9199,0.86,0.8704,286260,0,1
2023-01-25,0.86,0.87,0.79,0.8499,887523,0.86,0.87,0.79,0.8499,887523,0,1
2023-01-26,0.888,0.8899,0.78,0.8087,502843,0.888,0.8899,0.78,0.8087,502843,0,1
2023-01-27,0.806,0.8128,0.781,0.8038,618769,0.806,0.8128,0.781,0.8038,618769,0,1
2023-01-30,0.8242,0.8242,0.77,0.7719,374790,0.8242,0.8242,0.77,0.7719,374790,0,1
2023-01-31,0.7876,0.81,0.77,0.7806,417935,0.7876,0.81,0.77,0.7806,417935,0,1
2023-02-01,0.79,0.87,0.7701,0.8,1442200,0.79,0.87,0.7701,0.8,1442200,0,1
2023-02-02,0.85,0.92,0.82,0.8619,1369838,0.85,0.92,0.82,0.8619,1369838,0,1
2023-02-03,0.87,1.1699,0.84,1.05,7254910,0.87,1.1699,0.84,1.05,7254910,0,1
2023-02-06,1.22,1.28,1.04,1.16,5784453,1.22,1.28,1.04,1.16,5784453,0,1
2023-02-07,1.2,1.21,1.03,1.12,2057679,1.2,1.21,1.03,1.12,2057679,0,1
2023-02-08,1.12,1.42,1.09,1.39,8534506,1.12,1.42,1.09,1.39,8534506,0,1
2023-02-09,1.37,1.55,1.04,1.06,6483005,1.37,1.55,1.04,1.06,6483005,0,1
2023-02-10,1.08,1.39,1.06,1.19,6771254,1.08,1.39,1.06,1.19,6771254,0,1
2023-02-13,1.2,1.23,1,1.03,2633853,1.2,1.23,1,1.03,2633853,0,1
2023-02-14,1.05,1.05,0.95,0.9767,1477813,1.05,1.05,0.95,0.9767,1477813,0,1
2023-02-15,0.9747,1.12,0.91,1.12,1760702,0.9747,1.12,0.91,1.12,1760702,0,1
2023-02-16,1.11,1.17,1.03,1.12,1561328,1.11,1.17,1.03,1.12,1561328,0,1
2023-02-17,1.11,1.12,1.06,1.07,563855,1.11,1.12,1.06,1.07,563855,0,1
2023-02-21,1.06,1.06,1,1.01,740276,1.06,1.06,1,1.01,740276,0,1
2023-02-22,1.02,1.04,0.9899,1,727555,1.02,1.04,0.9899,1,727555,0,1
2023-02-23,1,1.04,0.9441,1.01,949329,1,1.04,0.9441,1.01,949329,0,1
2023-02-24,0.9906,0.9999,0.8133,0.8369,2286596,0.9906,0.9999,0.8133,0.8369,2286596,0,1
2023-02-27,0.8369,0.8809,0.75,0.7655,1622472,0.8369,0.8809,0.75,0.7655,1622472,0,1
2023-02-28,0.78,0.7825,0.73365,0.7497,1127022,0.78,0.7825,0.73365,0.7497,1127022,0,1
2023-03-01,0.7554,0.798,0.74,0.76,797869,0.7554,0.798,0.74,0.76,797869,0,1
2023-03-02,0.76,0.768599,0.7301,0.7496,562269,0.76,0.768599,0.7301,0.7496,562269,0,1
2023-03-03,0.7597,0.805,0.7597,0.7989,736376,0.7597,0.805,0.7597,0.7989,736376,0,1
2023-03-06,0.82,0.85,0.7708,0.7958,624043,0.82,0.85,0.7708,0.7958,624043,0,1
2023-03-07,0.79,0.8169,0.751,0.756,377212,0.79,0.8169,0.751,0.756,377212,0,1
2023-03-08,0.77,0.7899,0.7267,0.7268,636657,0.77,0.7899,0.7267,0.7268,636657,0,1
2023-03-09,0.725,0.749,0.6815,0.6891,844997,0.725,0.749,0.6815,0.6891,844997,0,1
2023-03-10,0.69,0.6997,0.6,0.6093,1418667,0.69,0.6997,0.6,0.6093,1418667,0,1
2023-03-13,0.6008,0.61,0.58,0.5952,992330,0.6008,0.61,0.58,0.5952,992330,0,1
2023-03-14,0.59,0.6,0.5811,0.5977,937326,0.59,0.6,0.5811,0.5977,937326,0,1
2023-03-15,0.5953,0.61,0.5219,0.5342,1219687,0.5953,0.61,0.5219,0.5342,1219687,0,1
2023-03-16,0.5451,0.5598,0.5005,0.5047,1142290,0.5451,0.5598,0.5005,0.5047,1142290,0,1
2023-03-17,0.5043,0.5193,0.4641,0.4993,1393396,0.5043,0.5193,0.4641,0.4993,1393396,0,1
2023-03-20,0.5,0.53,0.4902,0.5139,866711,0.5,0.53,0.4902,0.5139,866711,0,1
2023-03-21,0.53,0.6451,0.5002,0.5844,2113547,0.53,0.6451,0.5002,0.5844,2113547,0,1
2023-03-22,0.6132,0.616602,0.56,0.5732,629225,0.6132,0.616602,0.56,0.5732,629225,0,1
2023-03-23,0.5741,0.61,0.566,0.5956,479054,0.5741,0.61,0.566,0.5956,479054,0,1
2023-03-24,0.5874,0.589639,0.55,0.56,613648,0.5874,0.589639,0.55,0.56,613648,0,1
2023-03-27,0.58,0.6396,0.53,0.5506,1459255,0.58,0.6396,0.53,0.5506,1459255,0,1
2023-03-28,0.6123,0.63,0.5403,0.55,965323,0.6123,0.63,0.5403,0.55,965323,0,1
2023-03-29,0.549,0.5735,0.5408,0.55,1045411,0.549,0.5735,0.5408,0.55,1045411,0,1
2023-03-30,0.56,0.6,0.544,0.6,603338,0.56,0.6,0.544,0.6,603338,0,1
2023-03-31,0.6049,0.74,0.585,0.7234,1914148,0.6049,0.74,0.585,0.7234,1914148,0,1
2023-04-03,0.71,0.71,0.635058,0.6713,945988,0.71,0.71,0.635058,0.6713,945988,0,1
2023-04-04,0.68,0.73,0.6511,0.6679,1189145,0.68,0.73,0.6511,0.6679,1189145,0,1
2023-04-05,0.69,0.7,0.55795,0.5873,1193833,0.69,0.7,0.55795,0.5873,1193833,0,1
2023-04-06,0.5999,0.6318,0.592401,0.6041,468591,0.5999,0.6318,0.592401,0.6041,468591,0,1
2023-04-10,0.6111,0.615,0.5405,0.5762,983582,0.6111,0.615,0.5405,0.5762,983582,0,1
2023-04-11,0.58,0.5978,0.5502,0.5502,546295,0.58,0.5978,0.5502,0.5502,546295,0,1
2023-04-12,0.57,0.57895,0.512,0.5238,674831,0.57,0.57895,0.512,0.5238,674831,0,1
2023-04-13,0.5298,0.5345,0.51,0.515,913224,0.5298,0.5345,0.51,0.515,913224,0,1
2023-04-14,0.514,0.5151,0.4911,0.4998,1168098,0.514,0.5151,0.4911,0.4998,1168098,0,1
2023-04-17,0.5,0.5,0.47,0.491,924588,0.5,0.5,0.47,0.491,924588,0,1
2023-04-18,0.52,0.5683,0.503,0.557,861896,0.52,0.5683,0.503,0.557,861896,0,1
2023-04-19,0.5499,0.57,0.514,0.5488,781127,0.5499,0.57,0.514,0.5488,781127,0,1
2023-04-20,0.5529,0.5529,0.5052,0.5119,409298,0.5529,0.5529,0.5052,0.5119,409298,0,1
2023-04-21,0.5119,0.5125,0.48,0.4949,494437,0.5119,0.5125,0.48,0.4949,494437,0,1
2023-04-24,0.5,0.50099,0.47,0.4772,498379,0.5,0.50099,0.47,0.4772,498379,0,1
2023-04-25,0.48,0.48,0.4675,0.4687,320666,0.48,0.48,0.4675,0.4687,320666,0,1
2023-04-26,0.4766,0.4774,0.45,0.4517,472004,0.4766,0.4774,0.45,0.4517,472004,0,1
2023-04-27,0.45,0.4649,0.4406,0.4481,457695,0.45,0.4649,0.4406,0.4481,457695,0,1
2023-04-28,0.4501,0.49,0.441,0.47,715763,0.4501,0.49,0.441,0.47,715763,0,1
2023-05-01,0.4977,0.4977,0.42,0.42,762433,0.4977,0.4977,0.42,0.42,762433,0,1
2023-05-02,0.418,0.419,0.4004,0.4034,644122,0.418,0.419,0.4004,0.4034,644122,0,1
2023-05-03,0.4,0.41,0.368,0.3751,1327067,0.4,0.41,0.368,0.3751,1327067,0,1
2023-05-04,0.3686,0.3949,0.3601,0.3892,632156,0.3686,0.3949,0.3601,0.3892,632156,0,1
2023-05-05,0.3829,0.4251,0.3829,0.4092,473265,0.3829,0.4251,0.3829,0.4092,473265,0,1
2023-05-08,0.4297,0.4716,0.42,0.4517,750615,0.4297,0.4716,0.42,0.4517,750615,0,1
2023-05-09,0.4524,0.4657,0.4019,0.4378,604569,0.4524,0.4657,0.4019,0.4378,604569,0,1
2023-05-10,0.45,0.519,0.4402,0.4874,1003525,0.45,0.519,0.4402,0.4874,1003525,0,1
2023-05-11,0.52,0.5288,0.47,0.5,974275,0.52,0.5288,0.47,0.5,974275,0,1
2023-05-12,0.49,0.49,0.4397,0.4612,659091,0.49,0.49,0.4397,0.4612,659091,0,1
2023-05-15,0.465,0.52,0.4649,0.5149,874752,0.465,0.52,0.4649,0.5149,874752,0,1
2023-05-16,0.5149,0.535,0.48,0.5135,757737,0.5149,0.535,0.48,0.5135,757737,0,1
2023-05-17,0.5212,0.57,0.5,0.5325,1451831,0.5212,0.57,0.5,0.5325,1451831,0,1
2023-05-18,0.54,0.6147,0.5265,0.5792,1491211,0.54,0.6147,0.5265,0.5792,1491211,0,1
2023-05-19,0.6,0.6,0.501,0.5068,1086201,0.6,0.6,0.501,0.5068,1086201,0,1
2023-05-22,0.5208,0.75,0.518,0.7342,8676102,0.5208,0.75,0.518,0.7342,8676102,0,1
2023-05-23,0.7799,0.8,0.6707,0.738,4386629,0.7799,0.8,0.6707,0.738,4386629,0,1
2023-05-24,0.7386,0.8383,0.6565,0.7701,5825822,0.7386,0.8383,0.6565,0.7701,5825822,0,1
2023-05-25,0.8746,0.885,0.76,0.797,3130662,0.8746,0.885,0.76,0.797,3130662,0,1
2023-05-26,0.81,1.11,0.76,1.07,5815659,0.81,1.11,0.76,1.07,5815659,0,1
2023-05-30,1.12,1.16,0.9,1.03,5661547,1.12,1.16,0.9,1.03,5661547,0,1
2023-05-31,0.9828,1.03,0.9,0.9388,2307247,0.9828,1.03,0.9,0.9388,2307247,0,1
2023-06-01,0.9061,1.08,0.85,0.9542,4862156,0.9061,1.08,0.85,0.9542,4862156,0,1
2023-06-02,1.01,1.01,0.83,0.878,3409169,1.01,1.01,0.83,0.878,3409169,0,1
2023-06-05,0.8758,0.9487,0.795,0.9123,2754863,0.8758,0.9487,0.795,0.9123,2754863,0,1
2023-06-06,0.9144,1.24,0.8741,1.1,7573479,0.9144,1.24,0.8741,1.1,7573479,0,1
2023-06-07,1.16,1.18,0.960901,1.035,5831907,1.16,1.18,0.960901,1.035,5831907,0,1
2023-06-08,1.04,1.49,1.04,1.38,15840870,1.04,1.49,1.04,1.38,15840870,0,1
2023-06-09,1.61,1.65,1.23,1.33,12006728,1.61,1.65,1.23,1.33,12006728,0,1
2023-06-12,1.46,1.46,1.22,1.25,6092814,1.46,1.46,1.22,1.25,6092814,0,1
2023-06-13,1.27,1.35,1.12,1.31,5988388,1.27,1.35,1.12,1.31,5988388,0,1
2023-06-14,1.29,1.33,1.15,1.215,3798590,1.29,1.33,1.15,1.215,3798590,0,1
2023-06-15,1.18,1.255,1.17,1.23,2528479,1.18,1.255,1.17,1.23,2528479,0,1
2023-06-16,1.24,1.24,1.091,1.11,2874561,1.24,1.24,1.091,1.11,2874561,0,1
2023-06-20,1.11,1.18,1.05,1.085,2597160,1.11,1.18,1.05,1.085,2597160,0,1
2023-06-21,1.09,1.09,0.9607,0.975,3886311,1.09,1.09,0.9607,0.975,3886311,0,1
2023-06-22,0.9942,0.999,0.8701,0.98,3212206,0.9942,0.999,0.8701,0.98,3212206,0,1
2023-06-23,0.961,1.04,0.91,0.913,9441536,0.961,1.04,0.91,0.913,9441536,0,1
2023-06-26,0.91,1.13,0.91,0.9952,4813388,0.91,1.13,0.91,0.9952,4813388,0,1
2023-06-27,1.04,1.13,0.9901,1.08,2649764,1.04,1.13,0.9901,1.08,2649764,0,1
2023-06-28,1.11,1.27,1.05,1.24,7154748,1.11,1.27,1.05,1.24,7154748,0,1
2023-06-29,1.3,1.36,1.09,1.16,5595920,1.3,1.36,1.09,1.16,5595920,0,1
2023-06-30,1.21,1.3199,1.1201,1.175,4672657,1.21,1.3199,1.1201,1.175,4672657,0,1
2023-07-03,1.23,1.38,1.21,1.34,3590300,1.23,1.38,1.21,1.34,3590300,0,1
2023-07-05,1.34,1.6675,1.31,1.59,9866804,1.34,1.6675,1.31,1.59,9866804,0,1
2023-07-06,1.58,1.68,1.41,1.47,7663634,1.58,1.68,1.41,1.47,7663634,0,1
2023-07-07,1.51,1.6,1.31,1.37,4993614,1.51,1.6,1.31,1.37,4993614,0,1
2023-07-10,1.4,1.49,1.3601,1.48,2783825,1.4,1.49,1.3601,1.48,2783825,0,1
2023-07-11,1.52,1.7727,1.46,1.53,6869088,1.52,1.7727,1.46,1.53,6869088,0,1
2023-07-12,1.64,1.75,1.55,1.74,5636307,1.64,1.75,1.55,1.74,5636307,0,1
2023-07-13,1.77,2.08,1.68,2,9014917,1.77,2.08,1.68,2,9014917,0,1
2023-07-14,2,2.04,1.75,1.76,6191107,2,2.04,1.75,1.76,6191107,0,1
2023-07-17,1.8,2.15,1.755,2.1,6671062,1.8,2.15,1.755,2.1,6671062,0,1
2023-07-18,2.1,2.4,1.945,2.21,11054086,2.1,2.4,1.945,2.21,11054086,0,1
2023-07-19,2.34,2.37,2.01,2.06,8016691,2.34,2.37,2.01,2.06,8016691,0,1
2023-07-20,1.995,2.045,1.86,1.89,5998768,1.995,2.045,1.86,1.89,5998768,0,1
2023-07-21,1.98,2.05,1.62,1.64,6328359,1.98,2.05,1.62,1.64,6328359,0,1
2023-07-24,1.67,1.77,1.58,1.72,3723602,1.67,1.77,1.58,1.72,3723602,0,1
2023-07-25,1.74,2.19,1.7301,2.11,10815737,1.74,2.19,1.7301,2.11,10815737,0,1
2023-07-26,2.08,2.12,1.92,1.97,7289669,2.08,2.12,1.92,1.97,7289669,0,1
2023-07-27,2.05,2.15,1.82,1.84,6908966,2.05,2.15,1.82,1.84,6908966,0,1
2023-07-28,1.93,2.29,1.88,2.2,9226042,1.93,2.29,1.88,2.2,9226042,0,1
2023-07-31,2.3,2.58,2.22,2.49,11693799,2.3,2.58,2.22,2.49,11693799,0,1
2023-08-01,2.87,3.43,2.42,3.25,27540929,2.87,3.43,2.42,3.25,27540929,0,1
2023-08-02,3.05,3.25,2.78,2.99,12437505,3.05,3.25,2.78,2.99,12437505,0,1
2023-08-03,2.85,3.25,2.68,2.73,10095432,2.85,3.25,2.68,2.73,10095432,0,1
2023-08-04,2.79,2.95,2.5,2.74,6998755,2.79,2.95,2.5,2.74,6998755,0,1
2023-08-07,2.77,2.845,2.19,2.32,8296982,2.77,2.845,2.19,2.32,8296982,0,1
2023-08-08,1.98,2.07,1.8,1.87,9890694,1.98,2.07,1.8,1.87,9890694,0,1
2023-08-09,1.91,1.91,1.6,1.65,6794476,1.91,1.91,1.6,1.65,6794476,0,1
2023-08-10,1.73,1.94,1.5901,1.64,7494778,1.73,1.94,1.5901,1.64,7494778,0,1
2023-08-11,1.91,2.75,1.87,2.28,79866385,1.91,2.75,1.87,2.28,79866385,0,1
2023-08-14,2.32,2.86,2.29,2.67,26596144,2.32,2.86,2.29,2.67,26596144,0,1
2023-08-15,2.6,2.6,2.12,2.24,16936608,2.6,2.6,2.12,2.24,16936608,0,1
2023-08-16,2.29,2.4998,2.02,2.09,11280259,2.29,2.4998,2.02,2.09,11280259,0,1
2023-08-17,2.05,2.09,1.8002,1.97,8882774,2.05,2.09,1.8002,1.97,8882774,0,1
2023-08-18,1.87,2.09,1.81,2.06,6842219,1.87,2.09,1.81,2.06,6842219,0,1
2023-08-21,2.04,2.075,1.88,2.02,6960203,2.04,2.075,1.88,2.02,6960203,0,1
2023-08-22,2.15,2.15,1.87,1.97,5751278,2.15,2.15,1.87,1.97,5751278,0,1
2023-08-23,1.91,2.04,1.89,1.97,5855565,1.91,2.04,1.89,1.97,5855565,0,1
2023-08-24,2.07,2.08,1.74,1.81,6979153,2.07,2.08,1.74,1.81,6979153,0,1
2023-08-25,1.81,1.83,1.68,1.74,4559671,1.81,1.83,1.68,1.74,4559671,0,1
2023-08-28,1.76,1.93,1.71,1.89,4775854,1.76,1.93,1.71,1.89,4775854,0,1
2023-08-29,1.86,1.96,1.77,1.86,6693782,1.86,1.96,1.77,1.86,6693782,0,1
2023-08-30,1.84,1.85,1.7512,1.76,4106617,1.84,1.85,1.7512,1.76,4106617,0,1
2023-08-31,1.75,1.83,1.75,1.8,3141769,1.75,1.83,1.75,1.8,3141769,0,1
2023-09-01,1.8,1.86,1.76,1.84,2565351,1.8,1.86,1.76,1.84,2565351,0,1
2023-09-05,1.82,2.13,1.78,2.03,8714743,1.82,2.13,1.78,2.03,8714743,0,1
2023-09-06,2.04,2.29,2.01,2.08,9094288,2.04,2.29,2.01,2.08,9094288,0,1
2023-09-07,2.01,2.01,1.77,1.93,5686349,2.01,2.01,1.77,1.93,5686349,0,1
2023-09-08,1.94,2.03,1.84,1.98,4629588,1.94,2.03,1.84,1.98,4629588,0,1
2023-09-11,1.98,2.1285,1.93,2.03,5617359,1.98,2.1285,1.93,2.03,5617359,0,1
2023-09-12,1.99,2.2,1.88,1.95,6762914,1.99,2.2,1.88,1.95,6762914,0,1
2023-09-13,2,2.11,1.945,2,3924996,2,2.11,1.945,2,3924996,0,1
2023-09-14,2.04,2.07,1.9,1.93,4078068,2.04,2.07,1.9,1.93,4078068,0,1
2023-09-15,1.93,1.96,1.83,1.86,4400683,1.93,1.96,1.83,1.86,4400683,0,1
2023-09-18,1.85,1.85,1.7,1.78,4928397,1.85,1.85,1.7,1.78,4928397,0,1
2023-09-19,1.86,1.88,1.77,1.79,3663463,1.86,1.88,1.77,1.79,3663463,0,1
2023-09-20,1.81,1.88,1.73,1.74,2286233,1.81,1.88,1.73,1.74,2286233,0,1
2023-09-21,1.64,1.67,1.55,1.6,3474724,1.64,1.67,1.55,1.6,3474724,0,1
2023-09-22,1.6,1.705,1.53,1.57,2410003,1.6,1.705,1.53,1.57,2410003,0,1
2023-09-25,1.5,1.53,1.39,1.46,3870211,1.5,1.53,1.39,1.46,3870211,0,1
2023-09-26,1.4,1.49,1.36,1.38,3198946,1.4,1.49,1.36,1.38,3198946,0,1
2023-09-27,1.39,1.47,1.38,1.42,4020807,1.39,1.47,1.38,1.42,4020807,0,1
2023-09-28,1.4,1.42,1.27,1.31,5114378,1.4,1.42,1.27,1.31,5114378,0,1
2023-09-29,1.32,1.38,1.29,1.33,2682371,1.32,1.38,1.29,1.33,2682371,0,1
2023-10-02,1.31,1.38,1.25,1.29,2383486,1.31,1.38,1.25,1.29,2383486,0,1
2023-10-03,1.28,1.28,1.17,1.19,3569980,1.28,1.28,1.17,1.19,3569980,0,1
2023-10-04,1.17,1.28,1.17,1.26,2970524,1.17,1.28,1.17,1.26,2970524,0,1
2023-10-05,1.25,1.265,1.2,1.21,1410798,1.25,1.265,1.2,1.21,1410798,0,1
2023-10-06,1.21,1.43,1.17,1.4,3478991,1.21,1.43,1.17,1.4,3478991,0,1
2023-10-09,1.35,1.38,1.295,1.36,1739321,1.35,1.38,1.295,1.36,1739321,0,1
2023-10-10,1.34,1.6,1.34,1.53,3955350,1.34,1.6,1.34,1.53,3955350,0,1
2023-10-11,1.64,1.655,1.48,1.51,3581707,1.64,1.655,1.48,1.51,3581707,0,1
2023-10-12,1.52,1.59,1.45,1.48,2632244,1.52,1.59,1.45,1.48,2632244,0,1
2023-10-13,1.51,1.51,1.37,1.4,2500923,1.51,1.51,1.37,1.4,2500923,0,1
2023-10-16,1.41,1.44,1.32,1.41,1510137,1.41,1.44,1.32,1.41,1510137,0,1
2023-10-17,1.34,1.46,1.31,1.43,1440463,1.34,1.46,1.31,1.43,1440463,0,1
2023-10-18,1.41,1.41,1.31,1.35,1586602,1.41,1.41,1.31,1.35,1586602,0,1
2023-10-19,1.36,1.3697,1.23,1.26,2184567,1.36,1.3697,1.23,1.26,2184567,0,1
2023-10-20,1.26,1.28,1.18,1.2,1330392,1.26,1.28,1.18,1.2,1330392,0,1
2023-10-23,1.18,1.2,1.09,1.16,1936560,1.18,1.2,1.09,1.16,1936560,0,1
2023-10-24,1.2,1.33,1.19,1.3,3026123,1.2,1.33,1.19,1.3,3026123,0,1
2023-10-25,1.31,1.31,1.16,1.19,1684533,1.31,1.31,1.16,1.19,1684533,0,1
2023-10-26,1.16,1.22,1.13,1.17,1500903,1.16,1.22,1.13,1.17,1500903,0,1
2023-10-27,1.19,1.2,1.1,1.12,1699619,1.19,1.2,1.1,1.12,1699619,0,1
2023-10-30,1.14,1.15,1.06,1.08,1616935,1.14,1.15,1.06,1.08,1616935,0,1
2023-10-31,1.06,1.09,1.04,1.06,1363489,1.06,1.09,1.04,1.06,1363489,0,1
2023-11-01,1.06,1.1,0.9901,1.05,2634308,1.06,1.1,0.9901,1.05,2634308,0,1
2023-11-02,1.08,1.17,1.05,1.14,3539393,1.08,1.17,1.05,1.14,3539393,0,1
2023-11-03,1.16,1.23,1.12,1.17,3067346,1.16,1.23,1.12,1.17,3067346,0,1
2023-11-06,1.17,1.19,1.02,1.04,3137644,1.17,1.19,1.02,1.04,3137644,0,1
2023-11-07,1.05,1.1,1.03,1.04,1228314,1.05,1.1,1.03,1.04,1228314,0,1
2023-11-08,1.07,1.07,1.0097,1.05,1496435,1.07,1.07,1.0097,1.05,1496435,0,1
2023-11-09,1.02,1.14,1.02,1.05,2902608,1.02,1.14,1.02,1.05,2902608,0,1
2023-11-10,0.9401,1.02,0.9076,0.97,2693374,0.9401,1.02,0.9076,0.97,2693374,0,1
2023-11-13,0.9755,1.06,0.9221,1.06,1416146,0.9755,1.06,0.9221,1.06,1416146,0,1
2023-11-14,1.15,1.2,1.06,1.19,3786301,1.15,1.2,1.06,1.19,3786301,0,1
2023-11-15,1.22,1.24,1.09,1.17,2803348,1.22,1.24,1.09,1.17,2803348,0,1
2023-11-16,1.16,1.16,1.05,1.08,2108860,1.16,1.16,1.05,1.08,2108860,0,1
2023-11-17,1.09,1.12,1.05,1.1,1050608,1.09,1.12,1.05,1.1,1050608,0,1
2023-11-20,1.11,1.17,1.03,1.05,2514389,1.11,1.17,1.03,1.05,2514389,0,1
2023-11-21,1.05,1.05,0.9801,1.02,1938715,1.05,1.05,0.9801,1.02,1938715,0,1
2023-11-22,1.03,1.1,1.03,1.05,1674729,1.03,1.1,1.03,1.05,1674729,0,1
2023-11-24,1.04,1.09,1.04,1.05,518461,1.04,1.09,1.04,1.05,518461,0,1
2023-11-27,1.07,1.16,1.015,1.05,4256876,1.07,1.16,1.015,1.05,4256876,0,1
2023-11-28,1.1,1.1,1.02,1.08,1615609,1.1,1.1,1.02,1.08,1615609,0,1
2023-11-29,1.09,1.1799,1.05,1.06,2690283,1.09,1.1799,1.05,1.06,2690283,0,1
2023-11-30,1.08,1.09,1.05,1.06,1285535,1.08,1.09,1.05,1.06,1285535,0,1
2023-12-01,1.08,1.2,1.035,1.2,4364165,1.08,1.2,1.035,1.2,4364165,0,1
2023-12-04,1.21,1.22,1.1,1.16,3436395,1.21,1.22,1.1,1.16,3436395,0,1
2023-12-05,1.15,1.17,1.04,1.06,2677842,1.15,1.17,1.04,1.06,2677842,0,1
2023-12-06,1.09,1.09,1.05,1.06,2328774,1.09,1.09,1.05,1.06,2328774,0,1
2023-12-07,1.09,1.1,1.03,1.05,1787569,1.09,1.1,1.03,1.05,1787569,0,1
2023-12-08,1.04,1.08,1.01,1.04,2255839,1.04,1.08,1.01,1.04,2255839,0,1
2023-12-11,1.06,1.09,1.01,1.02,2267462,1.06,1.09,1.01,1.02,2267462,0,1
2023-12-12,1.01,1.04,0.96,0.996,2635656,1.01,1.04,0.96,0.996,2635656,0,1
2023-12-13,1,1.02,0.92,0.9823,2757965,1,1.02,0.92,0.9823,2757965,0,1
2023-12-14,1.01,1.08,1,1.01,3346518,1.01,1.08,1,1.01,3346518,0,1
2023-12-15,1.03,1.07,1.025,1.07,2815653,1.03,1.07,1.025,1.07,2815653,0,1
2023-12-18,1.07,1.15,1.035,1.1,3363866,1.07,1.15,1.035,1.1,3363866,0,1
2023-12-19,1.13,1.15,1.05,1.06,2783634,1.13,1.15,1.05,1.06,2783634,0,1
2023-12-20,1.06,1.09,1,1.02,2372450,1.06,1.09,1,1.02,2372450,0,1
2023-12-21,1.03,1.04,0.9845,1.02,1913369,1.03,1.04,0.9845,1.02,1913369,0,1
2023-12-22,1.01,1.03,0.9919,0.994,1397741,1.01,1.03,0.9919,0.994,1397741,0,1
2023-12-26,1.05,1.09,1.01,1.05,2499412,1.05,1.09,1.01,1.05,2499412,0,1
2023-12-27,1.06,1.0889,1.01,1.02,1590654,1.06,1.0889,1.01,1.02,1590654,0,1
2023-12-28,1,1.05,1,1.02,1356156,1,1.05,1,1.02,1356156,0,1
2023-12-29,1.03,1.04,0.975,0.9849,2201084,1.03,1.04,0.975,0.9849,2201084,0,1
2024-01-02,1,1,0.913,0.9244,2911118,1,1,0.913,0.9244,2911118,0,1
2024-01-03,0.9373,0.9747,0.9043,0.9688,2895961,0.9373,0.9747,0.9043,0.9688,2895961,0,1
2024-01-04,0.99,1.05,0.97,1.02,2152838,0.99,1.05,0.97,1.02,2152838,0,1
2024-01-05,1.03,1.04,0.9911,1.01,1031631,1.03,1.04,0.9911,1.01,1031631,0,1
2024-01-08,1.03,1.2,1.02,1.14,4404038,1.03,1.2,1.02,1.14,4404038,0,1
2024-01-09,1.12,1.23,1.07,1.18,5220037,1.12,1.23,1.07,1.18,5220037,0,1
2024-01-10,1.18,1.18,1.1,1.13,1966951,1.18,1.18,1.1,1.13,1966951,0,1
2024-01-11,1.1,1.1492,1.05,1.07,2423955,1.1,1.1492,1.05,1.07,2423955,0,1
2024-01-12,1.06,1.12,1,1.02,2024263,1.06,1.12,1,1.02,2024263,0,1
2024-01-16,1.02,1.039,0.9853,1.01,1479707,1.02,1.039,0.9853,1.01,1479707,0,1
2024-01-17,0.9853,0.9985,0.9502,0.9661,1478825,0.9853,0.9985,0.9502,0.9661,1478825,0,1
2024-01-18,0.99,1.02,0.955,0.9673,1132507,0.99,1.02,0.955,0.9673,1132507,0,1
2024-01-19,0.98,1.04,0.9556,1.01,1367295,0.98,1.04,0.9556,1.01,1367295,0,1
2024-01-22,1.03,1.1,1.01,1.1,2507346,1.03,1.1,1.01,1.1,2507346,0,1
2024-01-23,1.1,1.14,1.08,1.11,1826713,1.1,1.14,1.08,1.11,1826713,0,1
2024-01-24,1.12,1.15,1.075,1.09,1662759,1.12,1.15,1.075,1.09,1662759,0,1
2024-01-25,1.09,1.15,1.023,1.04,2772809,1.09,1.15,1.023,1.04,2772809,0,1
2024-01-26,1.03,1.11,1.02,1.09,1939710,1.03,1.11,1.02,1.09,1939710,0,1
2024-01-29,1.1,1.14,1.04,1.11,2507271,1.1,1.14,1.04,1.11,2507271,0,1
2024-01-30,1.12,1.31,1.1,1.24,10066523,1.12,1.31,1.1,1.24,10066523,0,1
2024-01-31,1.19,1.4,1.19,1.24,8211098,1.19,1.4,1.19,1.24,8211098,0,1
2024-02-01,1.28,1.37,1.2,1.32,5762844,1.28,1.37,1.2,1.32,5762844,0,1
2024-02-02,1.32,1.33,1.22,1.27,3007643,1.32,1.33,1.22,1.27,3007643,0,1
2024-02-05,1.29,1.3,1.14,1.18,4145206,1.29,1.3,1.14,1.18,4145206,0,1
2024-02-06,1.21,1.25,1.19,1.24,2133618,1.21,1.25,1.19,1.24,2133618,0,1
2024-02-07,1.27,1.27,1.11,1.135,3464222,1.27,1.27,1.11,1.135,3464222,0,1
2024-02-08,1.15,1.18,1.13,1.16,2011953,1.15,1.18,1.13,1.16,2011953,0,1
2024-02-09,1.18,1.27,1.161,1.25,5831901,1.18,1.27,1.161,1.25,5831901,0,1
2024-02-12,1.3,1.53,1.265,1.39,14996362,1.3,1.53,1.265,1.39,14996362,0,1
2024-02-13,1.34,1.34,1.185,1.21,8930582,1.34,1.34,1.185,1.21,8930582,0,1
2024-02-14,1.28,1.4,1.24,1.3,14044617,1.28,1.4,1.24,1.3,14044617,0,1
2024-02-15,1.47,1.515,1.2,1.5,22036047,1.47,1.515,1.2,1.5,22036047,0,1
2024-02-16,1.55,1.74,1.48,1.69,19247618,1.55,1.74,1.48,1.69,19247618,0,1
2024-02-20,1.83,1.83,1.52,1.64,12448887,1.83,1.83,1.52,1.64,12448887,0,1
2024-02-21,1.54,1.57,1.45,1.52,6016846,1.54,1.57,1.45,1.52,6016846,0,1
2024-02-22,1.63,1.7,1.58,1.6,7239682,1.63,1.7,1.58,1.6,7239682,0,1
2024-02-23,1.62,1.63,1.47,1.58,6235017,1.62,1.63,1.47,1.58,6235017,0,1
2024-02-26,1.57,1.89,1.556,1.86,10862513,1.57,1.89,1.556,1.86,10862513,0,1
2024-02-27,1.89,1.97,1.75,1.83,6968682,1.89,1.97,1.75,1.83,6968682,0,1
2024-02-28,1.82,2.19,1.78,2.01,13669794,1.82,2.19,1.78,2.01,13669794,0,1
2024-02-29,2.07,2.21,1.825,1.88,10642263,2.07,2.21,1.825,1.88,10642263,0,1
2024-03-01,1.98,1.99,1.72,1.86,9230547,1.98,1.99,1.72,1.86,9230547,0,1
2024-03-04,1.92,1.98,1.66,1.69,9336866,1.92,1.98,1.66,1.69,9336866,0,1
2024-03-05,1.6,1.66,1.52,1.57,5677621,1.6,1.66,1.52,1.57,5677621,0,1
2024-03-06,1.64,1.84,1.63,1.78,6735936,1.64,1.84,1.63,1.78,6735936,0,1
2024-03-07,1.83,2.12,1.79,2.08,13329608,1.83,2.12,1.79,2.08,13329608,0,1
2024-03-08,2.08,2.36,1.91,1.98,16560149,2.08,2.36,1.91,1.98,16560149,0,1
2024-03-11,2.05,2.13,1.85,1.86,8153466,2.05,2.13,1.85,1.86,8153466,0,1
2024-03-12,1.96,2.22,1.86,2.21,15162907,1.96,2.22,1.86,2.21,15162907,0,1
2024-03-13,2.22,2.27,2,2.04,11579713,2.22,2.27,2,2.04,11579713,0,1
2024-03-14,2.1,2.13,1.94,1.98,10086198,2.1,2.13,1.94,1.98,10086198,0,1
2024-03-15,1.8,2.05,1.78,1.965,6923318,1.8,2.05,1.78,1.965,6923318,0,1
2024-03-18,2.04,2.06,1.94,2.03,6489901,2.04,2.06,1.94,2.03,6489901,0,1
2024-03-19,1.97,1.98,1.72,1.75,12160477,1.97,1.98,1.72,1.75,12160477,0,1
2024-03-20,1.79,1.8,1.64,1.71,8733631,1.79,1.8,1.64,1.71,8733631,0,1
2024-03-21,1.8,1.82,1.67,1.69,6144533,1.8,1.82,1.67,1.69,6144533,0,1
2024-03-22,1.7,1.73,1.61,1.63,5514772,1.7,1.73,1.61,1.63,5514772,0,1
2024-03-25,1.61,1.72,1.59,1.64,6336796,1.61,1.72,1.59,1.64,6336796,0,1
2024-03-26,1.67,1.68,1.51,1.51,7307089,1.67,1.68,1.51,1.51,7307089,0,1
2024-03-27,1.52,1.58,1.44,1.54,7469894,1.52,1.58,1.44,1.54,7469894,0,1
2024-03-28,1.52,1.575,1.49,1.53,4156515,1.52,1.575,1.49,1.53,4156515,0,1
2024-04-01,1.59,1.59,1.44,1.46,6030626,1.59,1.59,1.44,1.46,6030626,0,1
2024-04-02,1.39,1.5,1.33,1.37,6509264,1.39,1.5,1.33,1.37,6509264,0,1
2024-04-03,1.385,1.43,1.35,1.4,4635555,1.385,1.43,1.35,1.4,4635555,0,1
2024-04-04,1.45,1.49,1.36,1.39,5407177,1.45,1.49,1.36,1.39,5407177,0,1
2024-04-05,1.35,1.38,1.31,1.34,4227250,1.35,1.38,1.31,1.34,4227250,0,1
2024-04-08,1.36,1.42,1.3,1.36,4438975,1.36,1.42,1.3,1.36,4438975,0,1
2024-04-09,1.36,1.42,1.31,1.35,2450238,1.36,1.42,1.31,1.35,2450238,0,1
2024-04-10,1.3,1.335,1.25,1.26,4408969,1.3,1.335,1.25,1.26,4408969,0,1
2024-04-11,1.25,1.29,1.14,1.25,5766686,1.25,1.29,1.14,1.25,5766686,0,1
2024-04-12,1.25,1.25,1.16,1.18,3459942,1.25,1.25,1.16,1.18,3459942,0,1
2024-04-15,1.18,1.18,1.06,1.08,4825184,1.18,1.18,1.06,1.08,4825184,0,1
2024-04-16,1.1,1.29,1.09,1.21,7033882,1.1,1.29,1.09,1.21,7033882,0,1
2024-04-17,1.24,1.315,1.16,1.18,5570111,1.24,1.315,1.16,1.18,5570111,0,1
2024-04-18,1.19,1.255,1.16,1.17,2605586,1.19,1.255,1.16,1.17,2605586,0,1
2024-04-19,1.06,1.155,1.06,1.1,3651183,1.06,1.155,1.06,1.1,3651183,0,1
2024-04-22,1.2,1.2,1.08,1.13,5062000,1.2,1.2,1.08,1.13,5062000,0,1
2024-04-23,1.13,1.27,1.13,1.19,5933712,1.13,1.27,1.13,1.19,5933712,0,1
2024-04-24,1.22,1.26,1.125,1.15,3044687,1.22,1.26,1.125,1.15,3044687,0,1
2024-04-25,1.14,1.17,1.1,1.17,2653320,1.14,1.17,1.1,1.17,2653320,0,1
2024-04-26,1.18,1.275,1.18,1.27,3714862,1.18,1.275,1.18,1.27,3714862,0,1
2024-04-29,1.3,1.4,1.29,1.34,5159240,1.3,1.4,1.29,1.34,5159240,0,1
2024-04-30,1.32,1.36,1.26,1.28,2937280,1.32,1.36,1.26,1.28,2937280,0,1
2024-05-01,1.24,1.4,1.225,1.31,3823695,1.24,1.4,1.225,1.31,3823695,0,1
2024-05-02,1.35,1.37,1.28,1.31,1990760,1.35,1.37,1.28,1.31,1990760,0,1
2024-05-03,1.38,1.43,1.34,1.4,2991905,1.38,1.43,1.34,1.4,2991905,0,1
2024-05-06,1.42,1.45,1.32,1.39,4095540,1.42,1.45,1.32,1.39,4095540,0,1
2024-05-07,1.38,1.38,1.28,1.29,2497230,1.38,1.38,1.28,1.29,2497230,0,1
2024-05-08,1.31,1.32,1.24,1.25,2648797,1.31,1.32,1.24,1.25,2648797,0,1
2024-05-09,1.3,1.34,1.26,1.28,3050192,1.3,1.34,1.26,1.28,3050192,0,1
2024-05-10,1.22,1.255,1.15,1.16,3728966,1.22,1.255,1.15,1.16,3728966,0,1
2024-05-13,1.2,1.35,1.19,1.27,5054820,1.2,1.35,1.19,1.27,5054820,0,1
2024-05-14,1.27,1.35,1.25,1.32,3392160,1.27,1.35,1.25,1.32,3392160,0,1
2024-05-15,1.35,1.35,1.21,1.22,4197908,1.35,1.35,1.21,1.22,4197908,0,1
2024-05-16,1.22,1.23,1.14,1.15,4537466,1.22,1.23,1.14,1.15,4537466,0,1
2024-05-17,1.16,1.1796,1.11,1.15,3139860,1.16,1.1796,1.11,1.15,3139860,0,1
2024-05-20,1.15,1.17,1.1,1.13,2712826,1.15,1.17,1.1,1.13,2712826,0,1
2024-05-21,1.115,1.13,1.06,1.1,3586969,1.115,1.13,1.06,1.1,3586969,0,1
2024-05-22,1.13,1.13,1.06,1.07,2871145,1.13,1.13,1.06,1.07,2871145,0,1
2024-05-23,1.17,1.24,1.05,1.06,4459865,1.17,1.24,1.05,1.06,4459865,0,1
2024-05-24,1.08,1.1099,1.04,1.07,3143326,1.08,1.1099,1.04,1.07,3143326,0,1
2024-05-28,1.08,1.09,1.01,1.05,4305232,1.08,1.09,1.01,1.05,4305232,0,1
2024-05-29,1.07,1.12,1.04,1.06,6412701,1.07,1.12,1.04,1.06,6412701,0,1
2024-05-30,1.1,1.12,1.04,1.05,3543360,1.1,1.12,1.04,1.05,3543360,0,1
2024-05-31,1.06,1.11,1.03,1.05,4421634,1.06,1.11,1.03,1.05,4421634,0,1
2024-06-03,1.07,1.09,1.01,1.03,2940129,1.07,1.09,1.01,1.03,2940129,0,1
2024-06-04,1.03,1.04,1,1.02,3349275,1.03,1.04,1,1.02,3349275,0,1
2024-06-05,1.02,1.07,0.98,1.05,4473620,1.02,1.07,0.98,1.05,4473620,0,1
2024-06-06,1.03,1.06,1.02,1.05,1761169,1.03,1.06,1.02,1.05,1761169,0,1
2024-06-07,1.04,1.0699,1,1.02,2053373,1.04,1.0699,1,1.02,2053373,0,1
2024-06-10,1,1.06,1,1.03,2093373,1,1.06,1,1.03,2093373,0,1
2024-06-11,1.04,1.055,1.02,1.05,1507248,1.04,1.055,1.02,1.05,1507248,0,1
2024-06-12,1.06,1.08,1,1.02,3429748,1.06,1.08,1,1.02,3429748,0,1
2024-06-13,1.02,1.04,1,1.02,2058341,1.02,1.04,1,1.02,2058341,0,1
2024-06-14,1.01,1.02,0.98,0.9864,2537229,1.01,1.02,0.98,0.9864,2537229,0,1
2024-06-17,1,1.06,0.981,1.04,4237945,1,1.06,0.981,1.04,4237945,0,1
2024-06-18,1.02,1.04,0.98,0.98,2263926,1.02,1.04,0.98,0.98,2263926,0,1
2024-06-20,0.9658,0.9819,0.88,0.88,8832978,0.9658,0.9819,0.88,0.88,8832978,0,1
2024-06-21,0.8949,0.9749,0.889,0.9531,6613233,0.8949,0.9749,0.889,0.9531,6613233,0,1
2024-06-24,0.95,1.01,0.95,0.9644,3222778,0.95,1.01,0.95,0.9644,3222778,0,1
2024-06-25,0.9787,0.9787,0.8905,0.8967,4085474,0.9787,0.9787,0.8905,0.8967,4085474,0,1
2024-06-26,0.9027,0.9369,0.8905,0.9061,3979641,0.9027,0.9369,0.8905,0.9061,3979641,0,1
2024-06-27,0.9167,1.06,0.9065,1.05,7436668,0.9167,1.06,0.9065,1.05,7436668,0,1
2024-06-28,1.07,1.1,1.01,1.07,22248521,1.07,1.1,1.01,1.07,22248521,0,1
2024-07-01,1.08,1.08,0.9732,0.9987,4637478,1.08,1.08,0.9732,0.9987,4637478,0,1
2024-07-02,0.9869,1.02,0.923705,0.9491,3565595,0.9869,1.02,0.923705,0.9491,3565595,0,1
2024-07-03,0.95,0.9756,0.93,0.96,2026076,0.95,0.9756,0.93,0.96,2026076,0,1
2024-07-05,0.96,1.02,0.9455,0.992,3065785,0.96,1.02,0.9455,0.992,3065785,0,1
2024-07-08,1,1.06,1,1.04,4371310,1,1.06,1,1.04,4371310,0,1
2024-07-09,1.06,1.06,0.995,1.04,2941612,1.06,1.06,0.995,1.04,2941612,0,1
2024-07-10,1.04,1.4,1.01,1.08,34629512,1.04,1.4,1.01,1.08,34629512,0,1
2024-07-11,1.145,1.15,0.992,1.02,14938822,1.145,1.15,0.992,1.02,14938822,0,1
2024-07-12,1.03,1.11,1.03,1.08,8317708,1.03,1.11,1.03,1.08,8317708,0,1
2024-07-15,1.09,1.23,1.09,1.19,10114019,1.09,1.23,1.09,1.19,10114019,0,1
2024-07-16,1.19,1.29,1.13,1.28,7465830,1.19,1.29,1.13,1.28,7465830,0,1
2024-07-17,1.25,1.28,1.14,1.17,7611545,1.25,1.28,1.14,1.17,7611545,0,1
2024-07-18,1.2,1.21,1.07,1.09,4618866,1.2,1.21,1.07,1.09,4618866,0,1
2024-07-19,1.09,1.09,1.03,1.04,3794835,1.09,1.09,1.03,1.04,3794835,0,1
2024-07-22,1.07,1.08,1.01,1.05,3791547,1.07,1.08,1.01,1.05,3791547,0,1
2024-07-23,1.04,1.12,1.035,1.12,3220493,1.04,1.12,1.035,1.12,3220493,0,1
2024-07-24,1.1,1.125,1.02,1.02,3054038,1.1,1.125,1.02,1.02,3054038,0,1
2024-07-25,1.04,1.1,1.01,1.04,4099082,1.04,1.1,1.01,1.04,4099082,0,1
2024-07-26,1.06,1.07,1.01,1.07,3081766,1.06,1.07,1.01,1.07,3081766,0,1
2024-07-29,1.07,1.1,1.02,1.03,2232624,1.07,1.1,1.02,1.03,2232624,0,1
2024-07-30,1.02,1.05,0.9841,0.9904,6757737,1.02,1.05,0.9841,0.9904,6757737,0,1
2024-07-31,1,1.06,0.9953,1.03,2118940,1,1.06,0.9953,1.03,2118940,0,1
2024-08-01,1.03,1.04,0.9352,0.948,10585793,1.03,1.04,0.9352,0.948,10585793,0,1
2024-08-02,0.91,0.9262,0.89,0.8972,6838242,0.91,0.9262,0.89,0.8972,6838242,0,1
2024-08-05,0.7663,0.8374,0.75,0.7961,7642933,0.7663,0.8374,0.75,0.7961,7642933,0,1
2024-08-06,0.86,0.8959,0.8112,0.8462,3900426,0.86,0.8959,0.8112,0.8462,3900426,0,1
2024-08-07,0.87,0.9,0.7778,0.7778,3424666,0.87,0.9,0.7778,0.7778,3424666,0,1
2024-08-08,0.7978,0.842267,0.7778,0.8305,3394514,0.7978,0.842267,0.7778,0.8305,3394514,0,1
2024-08-09,0.82,0.82,0.756,0.7902,3497220,0.82,0.82,0.756,0.7902,3497220,0,1
2024-08-12,0.82,0.9166,0.8176,0.8537,4892603,0.82,0.9166,0.8176,0.8537,4892603,0,1
2024-08-13,0.88,0.9469,0.87,0.8966,3106931,0.88,0.9469,0.87,0.8966,3106931,0,1
2024-08-14,0.9129,0.92,0.83,0.8409,2713889,0.9129,0.92,0.83,0.8409,2713889,0,1
2024-08-15,0.8582,0.9164,0.8563,0.8856,2738401,0.8582,0.9164,0.8563,0.8856,2738401,0,1
2024-08-16,0.89,0.9158,0.88,0.8982,3117161,0.89,0.9158,0.88,0.8982,3117161,0,1
2024-08-19,0.9,0.916339,0.86,0.87,3309289,0.9,0.916339,0.86,0.87,3309289,0,1
2024-08-20,0.86,0.8728,0.835,0.836,2582180,0.86,0.8728,0.835,0.836,2582180,0,1
2024-08-21,0.845,0.9423,0.8415,0.9275,4491648,0.845,0.9423,0.8415,0.9275,4491648,0,1
2024-08-22,0.93,0.945,0.8916,0.9068,1960550,0.93,0.945,0.8916,0.9068,1960550,0,1
2024-08-23,0.9093,0.9833,0.908,0.9659,2763268,0.9093,0.9833,0.908,0.9659,2763268,0,1
2024-08-26,0.95,0.96,0.938118,0.9459,1432234,0.95,0.96,0.938118,0.9459,1432234,0,1
2024-08-27,0.935,0.94,0.899,0.91,1945452,0.935,0.94,0.899,0.91,1945452,0,1
2024-08-28,0.9,0.9133,0.843,0.8599,2836693,0.9,0.9133,0.843,0.8599,2836693,0,1
2024-08-29,0.871,0.9168,0.871,0.8807,2500439,0.871,0.9168,0.871,0.8807,2500439,0,1
2024-08-30,0.8919,0.9169,0.8622,0.9164,1854548,0.8919,0.9169,0.8622,0.9164,1854548,0,1
2024-09-03,0.92,0.92,0.8155,0.8312,2286562,0.92,0.92,0.8155,0.8312,2286562,0,1
2024-09-04,0.8243,0.874,0.82,0.835,1549575,0.8243,0.874,0.82,0.835,1549575,0,1
2024-09-05,0.86,0.86,0.7999,0.8,2351336,0.86,0.86,0.7999,0.8,2351336,0,1
2024-09-06,0.81,0.82,0.74,0.7536,3834845,0.81,0.82,0.74,0.7536,3834845,0,1
2024-09-09,0.7985,0.7985,0.66,0.6881,7880158,0.7985,0.7985,0.66,0.6881,7880158,0,1
2024-09-10,0.7115,0.7351,0.673,0.7336,4820297,0.7115,0.7351,0.673,0.7336,4820297,0,1
2024-09-11,0.72,0.81,0.72,0.8044,3269544,0.72,0.81,0.72,0.8044,3269544,0,1
2024-09-12,0.81,0.835,0.7724,0.8202,1935579,0.81,0.835,0.7724,0.8202,1935579,0,1
2024-09-13,0.8278,0.8617,0.8251,0.8526,2703405,0.8278,0.8617,0.8251,0.8526,2703405,0,1
2024-09-16,0.8347,0.8398,0.795,0.8216,3285925,0.8347,0.8398,0.795,0.8216,3285925,0,1
2024-09-17,0.83,0.86,0.811,0.8404,2036924,0.83,0.86,0.811,0.8404,2036924,0,1
2024-09-18,0.844,0.88,0.82,0.82,3923752,0.844,0.88,0.82,0.82,3923752,0,1
2024-09-19,0.8492,0.8556,0.8131,0.8151,2007884,0.8492,0.8556,0.8131,0.8151,2007884,0,1
2024-09-20,0.8109,0.8302,0.7939,0.7939,3690626,0.8109,0.8302,0.7939,0.7939,3690626,0,1
2024-09-23,0.79,0.8058,0.757,0.765,2741891,0.79,0.8058,0.757,0.765,2741891,0,1
2024-09-24,0.772,0.787,0.75,0.76,2465945,0.772,0.787,0.75,0.76,2465945,0,1
2024-09-25,0.7672,0.773101,0.71,0.7402,3637566,0.7672,0.773101,0.71,0.7402,3637566,0,1
2024-09-26,0.7471,0.79,0.735,0.7781,2518581,0.7471,0.79,0.735,0.7781,2518581,0,1
2024-09-27,0.7888,0.8465,0.75,0.8102,4479054,0.7888,0.8465,0.75,0.8102,4479054,0,1
2024-09-30,0.8041,0.83,0.78,0.7831,1958892,0.8041,0.83,0.78,0.7831,1958892,0,1
2024-10-01,0.7891,0.7955,0.745,0.753,1912576,0.7891,0.7955,0.745,0.753,1912576,0,1
2024-10-02,0.7598,0.7838,0.73245,0.7644,1559296,0.7598,0.7838,0.73245,0.7644,1559296,0,1
2024-10-03,0.75,0.7658,0.7425,0.748,1467009,0.75,0.7658,0.7425,0.748,1467009,0,1
2024-10-04,0.7664,0.81,0.74,0.7849,1985299,0.7664,0.81,0.74,0.7849,1985299,0,1
2024-10-07,0.78,0.81,0.7703,0.7847,1600440,0.78,0.81,0.7703,0.7847,1600440,0,1
2024-10-08,0.7853,0.799999,0.771001,0.7789,1798904,0.7853,0.799999,0.771001,0.7789,1798904,0,1
2024-10-09,0.79,0.7909,0.75,0.7659,2675211,0.79,0.7909,0.75,0.7659,2675211,0,1
2024-10-10,0.7572,0.7628,0.725,0.7555,2077880,0.7572,0.7628,0.725,0.7555,2077880,0,1
2024-10-11,0.74,0.8278,0.74,0.8164,3076428,0.74,0.8278,0.74,0.8164,3076428,0,1
2024-10-14,0.82,0.849,0.8026,0.8422,2723819,0.82,0.849,0.8026,0.8422,2723819,0,1
2024-10-15,0.8391,0.8391,0.7909,0.8105,1576893,0.8391,0.8391,0.7909,0.8105,1576893,0,1
2024-10-16,0.8187,0.96,0.8041,0.92,8326157,0.8187,0.96,0.8041,0.92,8326157,0,1
2024-10-17,0.94,0.9882,0.91,0.951,4990727,0.94,0.9882,0.91,0.951,4990727,0,1
2024-10-18,0.98,1.185,0.9764,1.11,11659806,0.98,1.185,0.9764,1.11,11659806,0,1
2024-10-21,1.17,1.3,1.09,1.28,13311291,1.17,1.3,1.09,1.28,13311291,0,1
2024-10-22,1.27,1.33,1.15,1.23,7908120,1.27,1.33,1.15,1.23,7908120,0,1
2024-10-23,1.19,1.38,1.15,1.21,10591547,1.19,1.38,1.15,1.21,10591547,0,1
2024-10-24,1.3,1.33,1.18,1.2,6136368,1.3,1.33,1.18,1.2,6136368,0,1
2024-10-25,1.23,1.31,1.2,1.22,7768827,1.23,1.31,1.2,1.22,7768827,0,1
2024-10-28,1.27,1.54,1.25,1.5,15633308,1.27,1.54,1.25,1.5,15633308,0,1
2024-10-29,1.6,1.73,1.4,1.46,18426187,1.6,1.73,1.4,1.46,18426187,0,1
2024-10-30,1.37,1.505,1.32,1.41,9146523,1.37,1.505,1.32,1.41,9146523,0,1
2024-10-31,1.41,1.43,1.24,1.32,5494611,1.41,1.43,1.24,1.32,5494611,0,1
2024-11-01,1.3,1.349,1.22,1.23,4703463,1.3,1.349,1.22,1.23,4703463,0,1
2024-11-04,1.21,1.22,1.12,1.13,5250096,1.21,1.22,1.12,1.13,5250096,0,1
2024-11-05,1.11,1.16,1.06,1.12,4917372,1.11,1.16,1.06,1.12,4917372,0,1
2024-11-06,1.18,1.25,1.13,1.2,6098182,1.18,1.25,1.13,1.2,6098182,0,1
2024-11-07,1.22,1.47,1.21,1.43,12541039,1.22,1.47,1.21,1.43,12541039,0,1
2024-11-08,1.4,1.62,1.4,1.51,16527405,1.4,1.62,1.4,1.51,16527405,0,1
2024-11-11,1.665,1.69,1.4,1.52,17031276,1.665,1.69,1.4,1.52,17031276,0,1
2024-11-12,1.31,1.5,1.25,1.49,11405606,1.31,1.5,1.25,1.49,11405606,0,1
2024-11-13,1.51,1.89,1.48,1.7,23091465,1.51,1.89,1.48,1.7,23091465,0,1
2024-11-14,1.84,1.85,1.53,1.55,32824288,1.84,1.85,1.53,1.55,32824288,0,1
2024-11-15,1.6,1.605,1.38,1.41,15605162,1.6,1.605,1.38,1.41,15605162,0,1
2024-11-18,1.49,1.49,1.28,1.3,12759553,1.49,1.49,1.28,1.3,12759553,0,1
2024-11-19,1.33,1.375,1.29,1.31,11740252,1.33,1.375,1.29,1.31,11740252,0,1
2024-11-20,1.38,1.49,1.32,1.35,15851362,1.38,1.49,1.32,1.35,15851362,0,1
2024-11-21,1.48,1.55,1.37,1.48,34339116,1.48,1.55,1.37,1.48,34339116,0,1
2024-11-22,1.69,1.8498,1.54,1.74,96688138,1.69,1.8498,1.54,1.74,96688138,0,1
2024-11-25,2.63,3.37,2.37,2.75,274215753,2.63,3.37,2.37,2.75,274215753,0,1
2024-11-26,2.38,2.68,2.1,2.2,126719193,2.38,2.68,2.1,2.2,126719193,0,1
2024-11-27,2.45,2.52,2.3,2.4,62233555,2.45,2.52,2.3,2.4,62233555,0,1
2024-11-29,2.52,3.11,2.42,3.05,116979782,2.52,3.11,2.42,3.05,116979782,0,1
2024-12-02,3.52,3.66,2.84,3.02,134814876,3.52,3.66,2.84,3.02,134814876,0,1
2024-12-03,2.93,3.25,2.76,3.14,78645717,2.93,3.25,2.76,3.14,78645717,0,1
2024-12-04,3.03,3.29,2.9501,3.11,52145971,3.03,3.29,2.9501,3.11,52145971,0,1
2024-12-05,3.08,3.55,2.88,3.18,91533002,3.08,3.55,2.88,3.18,91533002,0,1
2024-12-06,3.33,4.39,3.31,4.38,133405374,3.33,4.39,3.31,4.38,133405374,0,1
2024-12-09,5.06,5.09,4.28,4.47,132073335,5.06,5.09,4.28,4.47,132073335,0,1
2024-12-10,4.33,6.89,4.28,6.49,248708844,4.33,6.89,4.28,6.49,248708844,0,1
2024-12-11,7.95,7.96,5.78,7.38,313253243,7.95,7.96,5.78,7.38,313253243,0,1
2024-12-12,6.65,7.89,5.85,5.97,158723654,6.65,7.89,5.85,5.97,158723654,0,1
2024-12-13,6.34,7.2,6.05,7.16,124453914,6.34,7.2,6.05,7.16,124453914,0,1
2024-12-16,7.17,9.8498,6.71,8.43,229180885,7.17,9.8498,6.71,8.43,229180885,0,1
2024-12-17,9.25,11.2,8.405,11.13,222464199,9.25,11.2,8.405,11.13,222464199,0,1
2024-12-18,11.13,12.75,9.9101,10.69,280366579,11.13,12.75,9.9101,10.69,280366579,0,1
2024-12-19,10.105,10.18,6.75,7.47,176118532,10.105,10.18,6.75,7.47,176118532,0,1
2024-12-20,7.26,10.08,6.93,9.37,216130081,7.26,10.08,6.93,9.37,216130081,0,1
2024-12-23,12.14,12.3,10.44,10.96,229354184,12.14,12.3,10.44,10.96,229354184,0,1
2024-12-24,11.05,12.2799,10.34,11.35,108378077,11.05,12.2799,10.34,11.35,108378077,0,1
2024-12-26,11.2,15.5,10.76,15.44,204294769,11.2,15.5,10.76,15.44,204294769,0,1
2024-12-27,16.86,19.35,15.44,17.08,305772987,16.86,19.35,15.44,17.08,305772987,0,1
2024-12-30,15.69,18.2395,14.4,17,161110610,15.69,18.2395,14.4,17,161110610,0,1
2024-12-31,17.47,18,15.02,15.26,141937390,17.47,18,15.02,15.26,141937390,0,1
2025-01-02,16.14,20,15.3,20,187558212,16.14,20,15.3,20,187558212,0,1
2025-01-03,18.95,20.37,17.7,19.02,162779163,18.95,20.37,17.7,19.02,162779163,0,1
2025-01-06,18.54,21.42,18.53,19.51,132015722,18.54,21.42,18.53,19.51,132015722,0,1
2025-01-07,19.8,20.1,17.55,18.39,98000789,19.8,20.1,17.55,18.39,98000789,0,1
2025-01-08,12.65,12.92,9,10.04,305157017,12.65,12.92,9,10.04,305157017,0,1
2025-01-10,9.875,10.74,8.43,8.93,178876104,9.875,10.74,8.43,8.93,178876104,0,1
2025-01-13,7.33,8.37,5.95,6.05,192206697,7.33,8.37,5.95,6.05,192206697,0,1
2025-01-14,6.57,8.97,6.56,8.95,354957200,6.57,8.97,6.56,8.95,354957200,0,1
2025-01-15,10.36,11.56,9.73,10.94,390256080,10.36,11.56,9.73,10.94,390256080,0,1
2025-01-16,10.35,11.74,10.01,11.24,256646608,10.35,11.74,10.01,11.24,256646608,0,1
2025-01-17,10.53,11.16,9.77,9.83,155069687,10.53,11.16,9.77,9.83,155069687,0,1
2025-01-21,10.38,14.07,10.38,13.98,228136676,10.38,14.07,10.38,13.98,228136676,0,1
2025-01-22,14.07,14.46,12.755,13.91,168713482,14.07,14.46,12.755,13.91,168713482,0,1
2025-01-23,13.11,14.63,12.99,13.47,133393906,13.11,14.63,12.99,13.47,133393906,0,1
2025-01-24,13.94,16.2,13.15,13.2,213843673,13.94,16.2,13.15,13.2,213843673,0,1
2025-01-27,12.03,13.57,11.8,12.45,125456170,12.03,13.57,11.8,12.45,125456170,0,1
2025-01-28,13.445,13.5,12.1,13.08,103472551,13.445,13.5,12.1,13.08,103472551,0,1
2025-01-29,12.82,13.935,12.37,12.66,107512475,12.82,13.935,12.37,12.66,107512475,0,1
2025-01-30,13.13,13.37,12.12,12.3,95255269,13.13,13.37,12.12,12.3,95255269,0,1
2025-01-31,12.3,14.58,12.27,13.17,200813639,12.3,14.58,12.27,13.17,200813639,0,1
2025-02-03,12.44,13.83,11.87,13.47,133071314,12.44,13.83,11.87,13.47,133071314,0,1
2025-02-04,14.095,15.15,13.28,13.72,159643035,14.095,15.15,13.28,13.72,159643035,0,1
2025-02-05,14.01,14.39,13.33,13.83,118319221,14.01,14.39,13.33,13.83,118319221,0,1
2025-02-06,13.97,14.49,13.07,13.29,78500886,13.97,14.49,13.07,13.29,78500886,0,1
2025-02-07,13.68,13.85,12.436649,12.85,96825250,13.68,13.85,12.436649,12.85,96825250,0,1
2025-02-10,12.71,12.99,12.22,12.35,64329262,12.71,12.99,12.22,12.35,64329262,0,1
2025-02-11,12.49,12.5,11,11.02,71971974,12.49,12.5,11,11.02,71971974,0,1
2025-02-12,10.935,12.23,10.85,11.75,77186737,10.935,12.23,10.85,11.75,77186737,0,1
2025-02-13,12.05,12.25,11.37,12.25,64527523,12.05,12.25,11.37,12.25,64527523,0,1
2025-02-14,12.19,12.23,11.43,11.81,48241800,12.19,12.23,11.43,11.81,48241800,0,1
2025-02-18,11.37,11.43,10.345,10.52,60244182,11.37,11.43,10.345,10.52,60244182,0,1
2025-02-19,10.69,11.56,10.24,11.03,102200448,10.69,11.56,10.24,11.03,102200448,0,1
2025-02-20,12.08,12.15,10.95,11.47,97801468,12.08,12.15,10.95,11.47,97801468,0,1
2025-02-21,11.585,12.34,10.47,10.75,84942074,11.585,12.34,10.47,10.75,84942074,0,1
2025-02-24,10.595,10.71,9.99,10.12,63186730,10.595,10.71,9.99,10.12,63186730,0,1
2025-02-25,9.915,10.08,8.91,9.03,58449071,9.915,10.08,8.91,9.03,58449071,0,1
2025-02-26,9.435,9.87,9.13,9.28,51326428,9.435,9.87,9.13,9.28,51326428,0,1
2025-02-27,9.2,9.42,8.03,8.03,44607907,9.2,9.42,8.03,8.03,44607907,0,1
2025-02-28,7.97,8.75,7.7712,8.46,59214787,7.97,8.75,7.7712,8.46,59214787,0,1
2025-03-03,8.54,8.74,7.52,7.7,45174227,8.54,8.74,7.52,7.7,45174227,0,1
2025-03-04,7.065,8.24,7.025,7.86,50542790,7.065,8.24,7.025,7.86,50542790,0,1
2025-03-05,7.83,8.24,7.61,8.18,45733091,7.83,8.24,7.61,8.18,45733091,0,1
2025-03-06,7.32,9.12,7.2,8.51,88578237,7.32,9.12,7.2,8.51,88578237,0,1
2025-03-07,8.551,9.5,8.26,9.35,74601751,8.551,9.5,8.26,9.35,74601751,0,1
2025-03-10,9.03,9.12,7.53,7.91,61604224,9.03,9.12,7.53,7.91,61604224,0,1
2025-03-11,7.835,8.27,7.57,8.05,46694162,7.835,8.27,7.57,8.05,46694162,0,1
2025-03-12,8.3701,9.1,8.04,8.95,71053981,8.3701,9.1,8.04,8.95,71053981,0,1
2025-03-13,8.88,9.4,8.36,8.75,67308386,8.88,9.4,8.36,8.75,67308386,0,1
2025-03-14,9.04,11.3,9.02,11.22,125741584,9.04,11.3,9.02,11.22,125741584,0,1
2025-03-17,11.29,11.4,10.65,11.16,92212062,11.29,11.4,10.65,11.16,92212062,0,1
2025-03-18,10.37,11.18,9.9,10.26,67930954,10.37,11.18,9.9,10.26,67930954,0,1
2025-03-19,10.625,10.82,9.65,9.905,49111954,10.625,10.82,9.65,9.905,49111954,0,1
2025-03-20,9.72,9.835,8.68,8.99,65312188,9.72,9.835,8.68,8.99,65312188,0,1
2025-03-21,8.5,9.14,8.45,9.07,58440004,8.5,9.14,8.45,9.07,58440004,0,1
2025-03-24,9.43,9.83,9.28,9.78,46779834,9.43,9.83,9.28,9.78,46779834,0,1
2025-03-25,9.56,10.02,9.47,9.82,36323097,9.56,10.02,9.47,9.82,36323097,0,1
2025-03-26,9.89,10.31,9.09,9.18,42065784,9.89,10.31,9.09,9.18,42065784,0,1
2025-03-27,9.02,9.19,8.41,8.47,28869360,9.02,9.19,8.41,8.47,28869360,0,1
2025-03-28,8.4,8.4189,7.7816,8.15,28049044,8.4,8.4189,7.7816,8.15,28049044,0,1
2025-03-31,7.77,8.295,7.68,7.92,34826588,7.77,8.295,7.68,7.92,34826588,0,1
2025-04-01,8.105,8.1268,7.51,7.81,31043987,8.105,8.1268,7.51,7.81,31043987,0,1
2025-04-02,7.59,8.92,7.55,8.49,44091180,7.59,8.92,7.55,8.49,44091180,0,1
2025-04-03,7.98,8.31,7.91,8.15,29717544,7.98,8.31,7.91,8.15,29717544,0,1
2025-04-04,7.77,7.7829,6.98,7.5,36000027,7.77,7.7829,6.98,7.5,36000027,0,1
2025-04-07,6.92,8.78,6.86,8.33,49612465,6.92,8.78,6.86,8.33,49612465,0,1
2025-04-08,8.94,8.96,7.52,7.72,42356617,8.94,8.96,7.52,7.72,42356617,0,1
2025-04-09,7.98,9.46,7.7,9.39,56004089,7.98,9.46,7.7,9.39,56004089,0,1
2025-04-10,9.065,9.74,8.85,9.42,41070571,9.065,9.74,8.85,9.42,41070571,0,1
2025-04-11,9.45,9.54,8.6901,9.1,27496027,9.45,9.54,8.6901,9.1,27496027,0,1
2025-04-14,9.4,9.7,8.78,8.86,23235645,9.4,9.7,8.78,8.86,23235645,0,1
2025-04-15,8.87,8.96,8.45,8.62,15826767,8.87,8.96,8.45,8.62,15826767,0,1
2025-04-16,8.28,8.42,7.98,8.25,15132529,8.28,8.42,7.98,8.25,15132529,0,1
2025-04-17,8.29,8.475,8.075,8.32,11981055,8.29,8.475,8.075,8.32,11981055,0,1
2025-04-21,8.17,8.2051,7.8101,8.11,12028763,8.17,8.2051,7.8101,8.11,12028763,0,1
2025-04-22,8.23,8.58,8.125,8.57,14606359,8.23,8.58,8.125,8.57,14606359,0,1
2025-04-23,9.06,9.35,8.87,9.11,25910616,9.06,9.35,8.87,9.11,25910616,0,1
2025-04-24,9.228,9.73,9.14,9.3,27748043,9.228,9.73,9.14,9.3,27748043,0,1
2025-04-25,9.23,9.8,8.97,9.37,36524370,9.23,9.8,8.97,9.37,36524370,0,1
2025-04-28,9.49,10.05,9.01,9.22,31008373,9.49,10.05,9.01,9.22,31008373,0,1
2025-04-29,9.33,9.44,8.83,8.86,19429094,9.33,9.44,8.83,8.86,19429094,0,1
2025-04-30,8.59,8.89,8.35,8.87,13712550,8.59,8.89,8.35,8.87,13712550,0,1
2025-05-01,9.11,9.275,8.935,9.14,16256391,9.11,9.275,8.935,9.14,16256391,0,1
2025-05-02,9.221,10.92,9.221,10.63,69215631,9.221,10.92,9.221,10.63,69215631,0,1
2025-05-05,10.38,10.38,9.51,9.695,34754565,10.38,10.38,9.51,9.695,34754565,0,1
2025-05-06,9.47,9.84,9.2,9.785,16962458,9.47,9.84,9.2,9.785,16962458,0,1
2025-05-07,9.69,9.8,9.14,9.25,21896802,9.69,9.8,9.14,9.25,21896802,0,1
2025-05-08,9.935,10.43,9.3,10.31,71091643,9.935,10.43,9.3,10.31,71091643,0,1
2025-05-09,10.31,10.64,10.04,10.58,58545523,10.31,10.64,10.04,10.58,58545523,0,1
2025-05-12,11.78,11.98,11.08,11.55,87924808,11.78,11.98,11.08,11.55,87924808,0,1
2025-05-13,10.25,10.7951,9.85,9.865,74248683,10.25,10.7951,9.85,9.865,74248683,0,1
2025-05-14,10.22,12.39,10.18,11.64,132878296,10.22,12.39,10.18,11.64,132878296,0,1
2025-05-15,11.395,11.925,11.18,11.54,52940099,11.395,11.925,11.18,11.54,52940099,0,1
2025-05-16,12.05,12.52,11.52,11.85,67589802,12.05,12.52,11.52,11.85,67589802,0,1
2025-05-19,11.49,12.225,11.15,12.05,60550792,11.49,12.225,11.15,12.05,60550792,0,1
2025-05-20,12.53,12.69,11.51,11.92,92681122,12.53,12.69,11.51,11.92,92681122,0,1
2025-05-21,11.845,12.07,10.7748,10.96,66748620,11.845,12.07,10.7748,10.96,66748620,0,1
2025-05-22,11.032,14.44,10.94,13.86,165197066,11.032,14.44,10.94,13.86,165197066,0,1
2025-05-23,13.04,14.69,12.77,14.02,107968820,13.04,14.69,12.77,14.02,107968820,0,1
2025-05-27,14.97,15.3,13.75,14.19,77321614,14.97,15.3,13.75,14.19,77321614,0,1
2025-05-28,13.855,14.49,13.8,14.16,52811642,13.855,14.49,13.8,14.16,52811642,0,1
2025-05-29,14.41,14.75,13.05,13.15,47898902,14.41,14.75,13.05,13.15,47898902,0,1
2025-05-30,12.5,12.7499,11.752,12.11,53928497,12.5,12.7499,11.752,12.11,53928497,0,1
2025-06-02,12.265,12.5,11.8225,12.26,29878757,12.265,12.5,11.8225,12.26,29878757,0,1
2025-06-03,12.57,12.83,11.82,12.04,42259547,12.57,12.83,11.82,12.04,42259547,0,1
2025-06-04,12.12,12.175,11.65,11.82,29530647,12.12,12.175,11.65,11.82,29530647,0,1
2025-06-05,11.81,11.82,10.71,10.89,35533792,11.81,11.82,10.71,10.89,35533792,0,1
2025-06-06,11.22,11.755,10.98,11.28,38279580,11.22,11.755,10.98,11.28,38279580,0,1
2025-06-09,11.83,11.83,11.1,11.32,43412714,11.83,11.83,11.1,11.32,43412714,0,1
2025-06-10,11.53,12.12,11.08,11.24,61400166,11.53,12.12,11.08,11.24,61400166,0,1
2025-06-11,12.19,13.5599,11.86,12.52,178366978,12.19,13.5599,11.86,12.52,178366978,0,1
2025-06-12,12.61,13.385,12.1,12.1,93622234,12.61,13.385,12.1,12.1,93622234,0,1
2025-06-13,11.65,11.92,11.31,11.4,45368097,11.65,11.92,11.31,11.4,45368097,0,1
2025-06-16,11.64,12.28,11.5,12.16,47085399,11.64,12.28,11.5,12.16,47085399,0,1
2025-06-17,12.01,12.22,11.38,11.48,33958812,12.01,12.22,11.38,11.48,33958812,0,1
2025-06-18,11.62,11.77,11.14,11.35,30230036,11.62,11.77,11.14,11.35,30230036,0,1
2025-06-20,11.51,11.58,11.01,11.06,27759452,11.51,11.58,11.01,11.06,27759452,0,1
2025-06-23,10.8,11,10.3,10.79,33264892,10.8,11,10.3,10.79,33264892,0,1
2025-06-24,11.3,11.62,11.165,11.5,30462986,11.3,11.62,11.165,11.5,30462986,0,1
2025-06-25,11.79,12.03,11.03,11.09,29108707,11.79,12.03,11.03,11.09,29108707,0,1
2025-06-26,11.24,11.52,11.07,11.11,27523000,11.24,11.52,11.07,11.11,27523000,0,1
2025-06-27,11.32,11.41,10.8,11.07,52444709,11.32,11.41,10.8,11.07,52444709,0,1
2025-06-30,11.19,12.09,11.14,11.86,48094816,11.19,12.09,11.14,11.86,48094816,0,1
2025-07-01,11.635,11.75,11.23,11.33,28156599,11.635,11.75,11.23,11.33,28156599,0,1
2025-07-02,11.51,13.1,11.43,13.08,65581836,11.51,13.1,11.43,13.08,65581836,0,1
2025-07-03,12.915,13.4699,12.86,13.45,35342499,12.915,13.4699,12.86,13.45,35342499,0,1
2025-07-07,13.215,13.845,12.42,13.75,50496073,13.215,13.845,12.42,13.75,50496073,0,1
2025-07-08,13.84,14.24,13.25,13.38,37275362,13.84,14.24,13.25,13.38,37275362,0,1
2025-07-09,13.635,13.89,12.83,13.51,31627653,13.635,13.89,12.83,13.51,31627653,0,1
2025-07-10,13.49,13.685,13.03,13.03,25768147,13.49,13.685,13.03,13.03,25768147,0,1
2025-07-11,12.95,13.075,12.08,12.18,30496908,12.95,13.075,12.08,12.18,30496908,0,1
2025-07-14,12.3,12.9,12.165,12.77,26361146,12.3,12.9,12.165,12.77,26361146,0,1
2025-07-15,12.99,13.02,12.48,12.72,22620274,12.99,13.02,12.48,12.72,22620274,0,1
2025-07-16,13.8,16.84,13.78,16.56,193609369,13.8,16.84,13.78,16.56,193609369,0,1
2025-07-17,16.1,17.17,15.73,17.14,83132951,16.1,17.17,15.73,17.14,83132951,0,1
2025-07-18,16.71,17.39,15.96,17.16,56511318,16.71,17.39,15.96,17.16,56511318,0,1
2025-07-21,17.15,17.385,16.03,16.08,44336589,17.15,17.385,16.03,16.08,44336589,0,1
2025-07-22,16.1,16.1366,14.75,15.43,40588221,16.1,16.1366,14.75,15.43,40588221,0,1
2025-07-23,15.56,16.305,15.35,16.14,32975135,15.56,16.305,15.35,16.14,32975135,0,1
2025-07-24,16.15,16.37,15.87,15.95,34835444,16.15,16.37,15.87,15.95,34835444,0,1
2025-07-25,15.94,15.94,15.27,15.44,21368386,15.94,15.94,15.27,15.44,21368386,0,1
2025-07-28,15.86,16.3172,15.21,15.57,33355409,15.86,16.3172,15.21,15.57,33355409,0,1
2025-07-29,15.46,16.07,14.36,14.47,31378241,15.46,16.07,14.36,14.47,31378241,0,1
2025-07-30,14.65,14.93,14.02,14.17,24466249,14.65,14.93,14.02,14.17,24466249,0,1
2025-07-31,14.68,15.95,14.47,14.5,50653536,14.68,15.95,14.47,14.5,50653536,0,1
2025-08-01,14.04,14.37,13.61,14.12,31989458,14.04,14.37,13.61,14.12,31989458,0,1
2025-08-04,14.48,15.88,14.3,15.76,50062628,14.48,15.88,14.3,15.76,50062628,0,1
2025-08-05,15.74,16.855,15.59,16.47,45290391,15.74,16.855,15.59,16.47,45290391,0,1
2025-08-06,16.302,16.34,15.7,15.99,24349409,16.302,16.34,15.7,15.99,24349409,0,1
2025-08-07,15.64,16.055,15.255,15.66,27526384,15.64,16.055,15.255,15.66,27526384,0,1
2025-08-08,15.81,16.16,15.18,15.44,20793267,15.81,16.16,15.18,15.44,20793267,0,1
2025-08-11,15.42,16.17,15.215,15.98,28439055,15.42,16.17,15.215,15.98,28439055,0,1
2025-08-12,15.65,16.37,15.48,16.2,36172183,15.65,16.37,15.48,16.2,36172183,0,1
2025-08-13,16.22,18.155,15.66,17.24,92447788,16.22,18.155,15.66,17.24,92447788,0,1
2025-08-14,16.75,18.1,16.1,17.98,63512132,16.75,18.1,16.1,17.98,63512132,0,1
2025-08-15,17.795,17.83,16.16,16.65,48381497,17.795,17.83,16.16,16.65,48381497,0,1
2025-08-18,16.57,17.0399,16.11,16.63,26820356,16.57,17.0399,16.11,16.63,26820356,0,1
2025-08-19,16.465,16.905,14.95,15.16,37661158,16.465,16.905,14.95,15.16,37661158,0,1
2025-08-20,14.9,15.03,13.97,14.76,26581631,14.9,15.03,13.97,14.76,26581631,0,1
2025-08-21,14.64,14.85,14.175,14.27,22675582,14.64,14.85,14.175,14.27,22675582,0,1
2025-08-22,14.185,14.97,13.82,14.82,29793356,14.185,14.97,13.82,14.82,29793356,0,1
2025-08-25,14.82,14.9,14.12,14.47,23401607,14.82,14.9,14.12,14.47,23401607,0,1
2025-08-26,14.4,15.35,14.37,15.3,39223660,14.4,15.35,14.37,15.3,39223660,0,1
2025-08-27,15.29,16.09,15.0701,15.39,43923430,15.29,16.09,15.0701,15.39,43923430,0,1
2025-08-28,15.715,17.2679,15.68,16.58,75480521,15.715,17.2679,15.68,16.58,75480521,0,1
2025-08-29,16.6,16.79,16.12,16.23,42451133,16.6,16.79,16.12,16.23,42451133,0,1
2025-09-02,15.835,16.03,14.765,15.52,64148937,15.835,16.03,14.765,15.52,64148937,0,1
2025-09-03,15.595,15.81,14.935,15.04,27138035,15.595,15.81,14.935,15.04,27138035,0,1
2025-09-04,15.23,15.67,14.89,15.12,29216773,15.23,15.67,14.89,15.12,29216773,0,1
2025-09-05,15.39,15.655,14.47,15.1,33450087,15.39,15.655,14.47,15.1,33450087,0,1
2025-09-08,15.21,15.49,14.98,15.15,24957121,15.21,15.49,14.98,15.15,24957121,0,1
2025-09-09,15.25,16.69,15.09,16.5,45080746,15.25,16.69,15.09,16.5,45080746,0,1
2025-09-10,16.385,16.62,16.1,16.19,32877272,16.385,16.62,16.1,16.19,32877272,0,1
2025-09-11,16.15,17,16.04,16.69,38165237,16.15,17,16.04,16.69,38165237,0,1
2025-09-12,16.78,20.125,16.66,19.09,112179003,16.78,20.125,16.66,19.09,112179003,0,1
2025-09-15,19.075,19.7199,18.665,19.21,43217047,19.075,19.7199,18.665,19.21,43217047,0,1
2025-09-16,19.4,20.3,18.9201,20,43946764,19.4,20.3,18.9201,20,43946764,0,1
2025-09-17,20.07,22.13,19.82,21.99,77851253,20.07,22.13,19.82,21.99,77851253,0,1
2025-09-18,22.875,26.21,22.4,24.74,113907973,22.875,26.21,22.4,24.74,113907973,0,1
2025-09-19,24.78,29.09,24.725,28.52,127847874,24.78,29.09,24.725,28.52,127847874,0,1
2025-09-22,26.33,29.59,25.5,28.37,87217886,26.33,29.59,25.5,28.37,87217886,0,1
2025-09-23,29.39,32.4,28.8407,31.46,103564701,29.39,32.4,28.8407,31.46,103564701,0,1
2025-09-24,32.68,34.4,29.71,31.64,141839191,32.68,34.4,29.71,31.64,141839191,0,1
2025-09-25,29.815,32.83,28.78,32.1,129306929,29.815,32.83,28.78,32.1,129306929,0,1
2025-09-26,32.155,33.98,30.74,31.18,100109868,32.155,33.98,30.74,31.18,100109868,0,1
2025-09-29,31.83,32.535,28.45,29.65,95487599,31.83,32.535,28.45,29.65,95487599,0,1
2025-09-30,29.22,30.6239,28.97,29.79,72038339,29.22,30.6239,28.97,29.79,72038339,0,1
2025-10-01,29.1,31.39,28.65,29.85,84797288,29.1,31.39,28.65,29.85,84797288,0,1
2025-10-02,30.67,35.81,30.46,35.4,146006167,30.67,35.81,30.46,35.4,146006167,0,1
2025-10-03,36.99,40.63,35.75,40.06,155531229,36.99,40.63,35.75,40.06,155531229,0,1
2025-10-06,38.805,43.1099,38.367,41.71,110767863,38.805,43.1099,38.367,41.71,110767863,0,1
2025-10-07,43.65,46.18,40.71,43.91,174843706,43.65,46.18,40.71,43.91,174843706,0,1
2025-10-08,44.26,48.23,41.46,43.23,166627500,44.26,48.23,41.46,43.23,166627500,0,1
2025-10-09,43.34,48.22,42.89,47.11,155458447,43.34,48.22,42.89,47.11,155458447,0,1
2025-10-10,47.83,49.13,43.89,43.92,138979696,47.83,49.13,43.89,43.92,138979696,0,1
2025-10-13,46.46,55.23,46.37,54.91,181160717,46.46,55.23,46.37,54.91,181160717,0,1
2025-10-14,54.845,58.1501,50,56.12,148012813,54.845,58.1501,50,56.12,148012813,0,1
2025-10-15,57.88,57.97,50.5,56.34,136181843,57.88,57.97,50.5,56.34,136181843,0,1
2025-10-16,54.695,55.16,46.87,47.97,138635869,54.695,55.16,46.87,47.97,138635869,0,1
2025-10-17,44.66,48.25,43.65,46.38,112310532,44.66,48.25,43.65,46.38,112310532,0,1
2025-10-20,47.48,47.78,42.18,43.31,87195171,47.48,47.78,42.18,43.31,87195171,0,1
2025-10-21,42.52,43.6,39.05,40,82535104,42.52,43.6,39.05,40,82535104,0,1
2025-10-22,38.52,39.72,34.14,36.06,114958420,38.52,39.72,34.14,36.06,114958420,0,1
2025-10-23,40.38,41.96,37.66,39.595,164337658,40.38,41.96,37.66,39.595,164337658,0,1
2025-10-24,41.25,43.46,38.695,38.84,87712801,41.25,43.46,38.695,38.84,87712801,0,1
2025-10-27,39.565,42.61,39.14,40.24,71650761,39.565,42.61,39.14,40.24,71650761,0,1
2025-10-28,40.045,42.93,36.9911,37.07,93119766,40.045,42.93,36.9911,37.07,93119766,0,1
2025-10-29,37.69,40.075,36.9,39.41,64001333,37.69,40.075,36.9,39.41,64001333,0,1
2025-10-30,38.08,42.89,37.68,42.52,64904727,38.08,42.89,37.68,42.52,64904727,0,1
2025-10-31,42.23,44.52,41.68,44.27,67133153,42.23,44.52,41.68,44.27,67133153,0,1
2025-11-03,44.31,44.38,39,39.12,59342403,44.31,44.38,39,39.12,59342403,0,1
2025-11-04,37.03,38.62,34.645,35.18,55462836,37.03,38.62,34.645,35.18,55462836,0,1
2025-11-05,36.28,38,35,37.29,40681679,36.28,38,35,37.29,40681679,0,1
2025-11-06,37.11,37.14,34.2,34.36,46667049,37.11,37.14,34.2,34.36,46667049,0,1
2025-11-07,32.82,33.81,30.6203,33.77,57796474,32.82,33.81,30.6203,33.77,57796474,0,1
2025-11-10,34.1,34.71,32.6,33.08,38865972,34.1,34.71,32.6,33.08,38865972,0,1
2025-11-11,31.08,32.18,30.24,31.4,51004234,31.08,32.18,30.24,31.4,51004234,0,1
2025-11-12,31.12,31.65,28.05,28.3,50651572,31.12,31.65,28.05,28.3,50651572,0,1
2025-11-13,26.99,27.41,24.75,25.2,65493199,26.99,27.41,24.75,25.2,65493199,0,1
2025-11-14,23.6,26.83,23.37,25.48,68287540,23.6,26.83,23.37,25.48,68287540,0,1
2025-11-17,24.98,25.99,24.19,24.69,43085199,24.98,25.99,24.19,24.69,43085199,0,1
2025-11-18,24.35,25.91,24.24,25.71,43847109,24.35,25.91,24.24,25.71,43847109,0,1
2025-11-19,25.79,27.18,25.31,25.46,40792240,25.79,27.18,25.31,25.46,40792240,0,1
2025-11-20,26.32,26.88,22.65,22.8,54124746,26.32,26.88,22.65,22.8,54124746,0,1
2025-11-21,23.11,23.68,21,23.59,52393922,23.11,23.68,21,23.59,52393922,0,1
2025-11-24,23.72,26.76,23.635,26.57,42765912,23.72,26.76,23.635,26.57,42765912,0,1
2025-11-25,25.489,26.785,24.61,26.08,40036107,25.489,26.785,24.61,26.08,40036107,0,1
2025-11-26,26.365,26.525,25.29,25.57,28827644,26.365,26.525,25.29,25.57,28827644,0,1
2025-11-28,25.71,26.09,25.272,25.57,13998449,25.71,26.09,25.272,25.57,13998449,0,1
2025-12-01,24.915,24.98,23.4,23.45,29818023,24.915,24.98,23.4,23.45,29818023,0,1
2025-12-02,23.96,24.94,23.55,23.88,29149864,23.96,24.94,23.55,23.88,29149864,0,1
2025-12-03,23.9,26.25,23.53,26.04,34325291,23.9,26.25,23.53,26.04,34325291,0,1
2025-12-04,25.82,30.205,25.53,30.06,76980480,25.82,30.205,25.53,30.06,76980480,0,1
2025-12-05,29.545,29.6,27.33,28.11,51097788,29.545,29.6,27.33,28.11,51097788,0,1
2025-12-08,28.75,29.45,27.02,28.26,33126137,28.75,29.45,27.02,28.26,33126137,0,1
2025-12-09,27.76,28.46,26.78,28.22,31189930,27.76,28.46,26.78,28.22,31189930,0,1
2025-12-10,27.73,27.75,26.09,26.12,45187954,27.73,27.75,26.09,26.12,45187954,0,1
2025-12-11,25.98,27.085,24.73,26.88,38780343,25.98,27.085,24.73,26.88,38780343,0,1
2025-12-12,26.295,26.88,25.06,25.84,31266450,26.295,26.88,25.06,25.84,31266450,0,1
2025-12-15,26.07,26.085,23.505,23.53,33711170,26.07,26.085,23.505,23.53,33711170,0,1
2025-12-16,23.1,24.37,23.07,23.96,27084190,23.1,24.37,23.07,23.96,27084190,0,1
2025-12-17,24.19,25.22,22.41,22.47,33844434,24.19,25.22,22.41,22.47,33844434,0,1
2025-12-18,23.6,23.96,22.25,22.82,34275827,23.6,23.96,22.25,22.82,34275827,0,1
2025-12-19,22.945,24.03,22.82,23.76,32119993,22.945,24.03,22.82,23.76,32119993,0,1
2025-12-22,24.57,27.67,24.362,26.88,59955624,24.57,27.67,24.362,26.88,59955624,0,1
2025-12-23,25.9,26.73,24.91,25.11,34499837,25.9,26.73,24.91,25.11,34499837,0,1
2025-12-24,25.205,25.22,24.04,24.51,18157131,25.205,25.22,24.04,24.51,18157131,0,1
2025-12-26,24.36,24.37,22.33,22.38,28311070,24.36,24.37,22.33,22.38,28311070,0,1
2025-12-29,21.955,22.7687,21.53,22.27,33581356,21.955,22.7687,21.53,22.27,33581356,0,1
2025-12-30,22.57,22.9602,22.07,22.41,24875585,22.57,22.9602,22.07,22.41,24875585,0,1
2025-12-31,22.45,22.67,21.93,22.15,23242453,22.45,22.67,21.93,22.15,23242453,0,1
2026-01-02,22.56,24.005,21.62,23.6,37387165,22.56,24.005,21.62,23.6,37387165,0,1
2026-01-05,23.69,25.848,23.55,25.01,39538433,23.69,25.848,23.55,25.01,39538433,0,1
2026-01-06,24.91,25.655,23.83,25.38,30380231,24.91,25.655,23.83,25.38,30380231,0,1
2026-01-07,25.13,26.4399,24.835,25.21,30159568,25.13,26.4399,24.835,25.21,30159568,0,1
2026-01-08,24.8,26.38,24.51,25.25,32388982,24.8,26.38,24.51,25.25,32388982,0,1
2026-01-09,25.44,26.7,24.71,24.72,36676126,25.44,26.7,24.71,24.72,36676126,0,1
2026-01-12,24.4,25.635,23.93,25.53,25656776,24.4,25.635,23.93,25.53,25656776,0,1
2026-01-13,25.82,26.25,24.305,24.47,27646244,25.82,26.25,24.305,24.47,27646244,0,1
2026-01-14,24.194,25.73,23.76,25.72,29380664,24.194,25.73,23.76,25.72,29380664,0,1
2026-01-15,26.29,26.49,24.65,24.7,33388598,26.29,26.49,24.65,24.7,33388598,0,1
2026-01-16,25.115,26.18,24.56,25.62,33778172,25.115,26.18,24.56,25.62,33778172,0,1
2026-01-20,24.565,26.4999,23.71,24.99,45705671,24.565,26.4999,23.71,24.99,45705671,0,1
2026-01-21,25.485,26.2698,22.41,23.67,48217906,25.485,26.2698,22.41,23.67,48217906,0,1
2026-01-22,24.465,25.5,24.25,24.96,33981509,24.465,25.5,24.25,24.96,33981509,0,1
2026-01-23,24.955,25.21,23.255,23.45,30256984,24.955,25.21,23.255,23.45,30256984,0,1
2026-01-26,23.43,23.78,21.41,21.76,30100489,23.43,23.78,21.41,21.76,30100489,0,1
2026-01-27,22.145,22.58,21.4,22.31,27179149,22.145,22.58,21.4,22.31,27179149,0,1
2026-01-28,22.34,22.52,21.6646,22.01,25838340,22.34,22.52,21.6646,22.01,25838340,0,1
2026-01-29,21.49,21.58,19.27,19.85,33989261,21.49,21.58,19.27,19.85,33989261,0,1
2026-01-30,19.635,19.64,17.625,18.17,34008934,19.635,19.64,17.625,18.17,34008934,0,1
2026-02-02,18.37,18.38,17.23,17.71,25196707,18.37,18.38,17.23,17.71,25196707,0,1
2026-02-03,18.24,18.3,17.14,18.21,30507720,18.24,18.3,17.14,18.21,30507720,0,1
2026-02-04,17.94,18.085,16.235,17.19,35971725,17.94,18.085,16.235,17.19,35971725,0,1
2026-02-05,16.52,16.645,14.83,14.975,36616028,16.52,16.645,14.83,14.975,36616028,0,1
2026-02-06,15.48,17.74,15.34,17.71,37179227,15.48,17.74,15.34,17.71,37179227,0,1
2026-02-09,17.14,17.9699,16.79,17.59,24971401,17.14,17.9699,16.79,17.59,24971401,0,1
2026-02-10,17.22,17.75,16.79,16.97,23727959,17.22,17.75,16.79,16.97,23727959,0,1
2026-02-11,17.035,17.09,15.75,16.43,32726605,17.035,17.09,15.75,16.43,32726605,0,1
2026-02-12,16.065,16.09,14.785,14.99,35116456,16.065,16.09,14.785,14.99,35116456,0,1
2026-02-13,15.5,16.235,14.84,16.09,28503276,15.5,16.235,14.84,16.09,28503276,0,1
2026-02-17,15.535,16.365,15.155,15.59,29060104,15.535,16.365,15.155,15.59,29060104,0,1
2026-02-18,15.56,16.69,15.255,16.18,28856721,15.56,16.69,15.255,16.18,28856721,0,1
2026-02-19,15.88,16.74,15.64,16.6,28121870,15.88,16.74,15.64,16.6,28121870,0,1
2026-02-20,16.3,16.55,15.5,15.92,28409257,16.3,16.55,15.5,15.92,28409257,0,1
2026-02-23,15.49,16.32,15.33,16.02,21337284,15.49,16.32,15.33,16.02,21337284,0,1
2026-02-24,15.915,16.73,15.655,16.48,24675787,15.915,16.73,15.655,16.48,24675787,0,1
2026-02-25,16.79,17.79,16.4799,17.63,31507228,16.79,17.79,16.4799,17.63,31507228,0,1
2026-02-26,18.295,19.21,18.07,18.64,53658836,18.295,19.21,18.07,18.64,53658836,0,1
2026-02-27,18.115,18.17,16.625,17.42,26199879,18.115,18.17,16.625,17.42,26199879,0,1
2026-03-02,16.69,17.7761,16.66,17.69,19302307,16.69,17.7761,16.66,17.69,19302307,0,1
2026-03-03,16.94,17.61,16.24,16.96,29009900,16.94,17.61,16.24,16.96,29009900,0,1
2026-03-04,17.04,17.9574,16.88,17.76,27203823,17.04,17.9574,16.88,17.76,27203823,0,1
2026-03-05,16.99,17.03,15.9401,16.97,41786476,16.99,17.03,15.9401,16.97,41786476,0,1
2026-03-06,16.62,17.55,16.54,17.01,26839365,16.62,17.55,16.54,17.01,26839365,0,1
2026-03-09,16.565,17.69,16.12,17.6,26103326,16.565,17.69,16.12,17.6,26103326,0,1
2026-03-10,17.52,17.925,16.96,16.99,23912051,17.52,17.925,16.96,16.99,23912051,0,1
2026-03-11,16.99,17.48,16.575,16.94,23368585,16.99,17.48,16.575,16.94,23368585,0,1
2026-03-12,16.635,16.73,15.84,16.07,24804281,16.635,16.73,15.84,16.07,24804281,0,1
2026-03-13,16.43,17.2507,15.9,16.17,26888625,16.43,17.2507,15.9,16.17,26888625,0,1
2026-03-16,16.54,17,15.565,16.14,28842580,16.54,17,15.565,16.14,28842580,0,1
2026-03-17,16.165,16.48,15.75,16.22,21122562,16.165,16.48,15.75,16.22,21122562,0,1
2026-03-18,15.96,16.205,15.61,15.67,25721644,15.96,16.205,15.61,15.67,25721644,0,1
2026-03-19,15.19,15.595,14.7312,15.41,23808212,15.19,15.595,14.7312,15.41,23808212,0,1
2026-03-20,15.11,15.225,14.37,14.88,24794814,15.11,15.225,14.37,14.88,24794814,0,1
2026-03-23,15.07,15.89,14.96,15.88,25794421,15.07,15.89,14.96,15.88,25794421,0,1
2026-03-24,15.48,16.09,15.07,15.6,23549975,15.48,16.09,15.07,15.6,23549975,0,1
2026-03-25,16,16.3001,14.782,15.14,27814346,16,16.3001,14.782,15.14,27814346,0,1
2026-03-26,14.77,14.9,14.24,14.41,20765671,14.77,14.9,14.24,14.41,20765671,0,1
2026-03-27,14.25,14.34,13.21,13.32,26114652,14.25,14.34,13.21,13.32,26114652,0,1
2026-03-30,13.4,13.57,12.53,12.9,26504644,13.4,13.57,12.53,12.9,26504644,0,1
2026-03-31,13.23,14.15,13.06,14.04,26695977,13.23,14.15,13.06,14.04,26695977,0,1
2026-04-01,14.3,14.52,13.44,13.5,22742169,14.3,14.52,13.44,13.5,22742169,0,1
2026-04-02,12.89,14.245,12.81,14.19,25642875,12.89,14.245,12.81,14.19,25642875,0,1
2026-04-06,14.06,14.5551,13.86,14.2,16002435,14.06,14.5551,13.86,14.2,16002435,0,1
2026-04-07,14.1,14.13,13.285,13.84,20967016,14.1,14.13,13.285,13.84,20967016,0,1
2026-04-08,15.139,15.41,14.140044,14.53,24859081,15.139,15.41,14.140044,14.53,24859081,0,1
2026-04-09,14.33,14.69,14.03,14.31,20875938,14.33,14.69,14.03,14.31,20875938,0,1
2026-04-10,14.42,15.05,14.31,14.68,17339887,14.42,15.05,14.31,14.68,17339887,0,1
2026-04-13,14.42,15.24,14.17,15.13,16907480,14.42,15.24,14.17,15.13,16907480,0,1
2026-04-14,15.72,17.39,15.71,16.87,56976108,15.72,17.39,15.71,16.87,56976108,0,1
2026-04-15,17.875,19.51,17.181,19.11,77175299,17.875,19.51,17.181,19.11,77175299,0,1
2026-04-16,19.55,20.09,18.115,19.45,62582267,19.55,20.09,18.115,19.45,62582267,0,1
2026-04-17,19.91,20.17,19.15,19.81,40352814,19.91,20.17,19.15,19.81,40352814,0,1
2026-04-20,19.26,19.885,18.79,19.64,37783111,19.26,19.885,18.79,19.64,37783111,0,1
2026-04-21,19.66,19.88,18.1575,18.25,35941979,19.66,19.88,18.1575,18.25,35941979,0,1
2026-04-22,18.785,19.23,17.92,18.38,34076010,18.785,19.23,17.92,18.38,34076010,0,1
2026-04-23,18.01,18.2657,16.5,16.86,27598803,18.01,18.2657,16.5,16.86,27598803,0,1
2026-04-24,17.12,17.15,16.1,16.61,19593917,17.12,17.15,16.1,16.61,19593917,0,1
2026-04-27,16.25,16.9493,16.11,16.91,18203483,16.25,16.9493,16.11,16.91,18203483,0,1
2026-04-28,16.47,16.6299,16.0501,16.39,17554320,16.47,16.6299,16.0501,16.39,17554320,0,1
2026-04-29,16.23,16.245,15.3,16.08,21490045,16.23,16.245,15.3,16.08,21490045,0,1
2026-04-30,16.12,17.51,16.06,17.45,25523281,16.12,17.51,16.06,17.45,25523281,0,1
2026-05-01,17.16,17.635,16.805,17.5,16601527,17.16,17.635,16.805,17.5,16601527,0,1
2026-05-04,17.51,18.6486,17.329,17.7,27828806,17.51,18.6486,17.329,17.7,27828806,0,1
2026-05-05,17.89,18.47,17.08,18.27,24574724,17.89,18.47,17.08,18.27,24574724,0,1
2026-05-06,18.71,20.12,18.49,20.09,35257904,18.71,20.12,18.49,20.09,35257904,0,1
2026-05-07,19.275,19.64,18.065,18.34,25537322,19.275,19.64,18.065,18.34,25537322,0,1
2026-05-08,18.835,19,17.75,18.94,18261122,18.835,19,17.75,18.94,18261122,0,1
2026-05-11,18.665,20.85,18.332,20.51,44620327,18.665,20.85,18.332,20.51,44620327,0,1
2026-05-12,20.5,21.02,18.2301,19.07,49520600,20.5,21.02,18.2301,19.07,49520600,0,1
2026-05-13,19.15,19.17,17.89,18.415,27158551,19.15,19.17,17.89,18.415,27158551,0,1
2026-05-14,18.16,19.835,17.825,19.27,33827782,18.16,19.835,17.825,19.27,33827782,0,1
2026-05-15,18.44,18.47,17.55,17.85,27061945,18.44,18.47,17.55,17.85,27061945,0,1
2026-05-18,17.905,17.93,16.02,16.62,31095738,17.905,17.93,16.02,16.62,31095738,0,1
2026-05-19,16.275,16.76,15.46,15.96,20581364,16.275,16.76,15.46,15.96,20581364,0,1
2026-05-20,16.095,17.21,15.85,16.88,26952550,16.095,17.21,15.85,16.88,26952550,0,1
2026-05-21,18.685,22.1,18.4,22.04,148238517,18.685,22.1,18.4,22.04,148238517,0,1
2026-05-22,22.96,27.785,22.66,26.42,204233224,22.96,27.785,22.66,26.42,204233224,0,1
2026-05-26,26.01,26.57,23.72,25.065,89078693,26.01,26.57,23.72,25.065,89078693,0,1
2026-05-27,24.625,25.8523,23.6201,24.62,56481127,24.625,25.8523,23.6201,24.62,56481127,0,1
2026-05-28,24.89,27.58,24.15,27.03,86061246,24.89,27.58,24.15,27.03,86061246,0,1
2026-05-29,26.445,26.56,24.435,25.54,61186089,26.445,26.56,24.435,25.54,61186089,0,1
2026-06-01,24.74,26.48,24.05,25.63,70028390,24.74,26.48,24.05,25.63,70028390,0,1
2026-06-02,25.46,27.24,25.43,26.88,74159582,25.46,27.24,25.43,26.88,74159582,0,1
2026-06-03,26.56,28.06,23.78,24.095,78372493,26.56,28.06,23.78,24.095,78372493,0,1
2026-06-04,23.38,25.02,22.95,24.16,48003268,23.38,25.02,22.95,24.16,48003268,0,1
2026-06-05,23.165,23.19,20.1,20.68,50337928,23.165,23.19,20.1,20.68,50337928,0,1
2026-06-08,21.34,22.79,20.725,21.765,35468724,21.34,22.79,20.725,21.765,35468724,0,1
2026-06-09,21.675,22.63,18.4701,19.69,49060810,21.675,22.63,18.4701,19.69,49060810,0,1
2026-06-10,19.595,20.84,19.375,19.445,32632213,19.595,20.84,19.375,19.445,32632213,0,1
2026-06-11,19.27,21.2314,19.16,20.63,46720819,19.27,21.2314,19.16,20.63,46720819,0,1
2026-06-12,20.66,21.945,20.28,20.98,34741747,20.66,21.945,20.28,20.98,34741747,0,1
2026-06-15,22.47,23.565,22.14,22.7,44900854,22.47,23.565,22.14,22.7,44900854,0,1
2026-06-16,22.05,22.44,20.425,20.64,33373917,22.05,22.44,20.425,20.64,33373917,0,1
2026-06-17,20.95,21.42,20.17,20.245,25801819,20.95,21.42,20.17,20.245,25801819,0,1
2026-06-18,20.78,21.48,19.53,21.36,35772751,20.78,21.48,19.53,21.36,35772751,0,1
2026-06-22,20.87,22.475,20.405,21.38,38322326,20.87,22.475,20.405,21.38,38322326,0,1
2026-06-23,20.675,22.57,20.24,21.28,46627120,20.675,22.57,20.24,21.28,46627120,0,1
2026-06-24,20.81,20.965,19.015,19.53,35175119,20.81,20.965,19.015,19.53,35175119,0,1
2026-06-25,19.99,20.41,18.28,18.41,28023874,19.99,20.41,18.28,18.41,28023874,0,1
2026-06-26,17.93,18.9499,17.71,18.36,33347747,17.93,18.9499,17.71,18.36,33347747,0,1
2026-06-29,18.7,19.7991,18.23,19.44,29713277,18.7,19.7991,18.23,19.44,29713277,0,1
2026-06-30,19.025,19.705,18.78,19.32,20927187,19.025,19.705,18.78,19.32,20927187,0,1
2026-07-01,19.165,19.74,18.645,18.68,24517984,19.165,19.74,18.645,18.68,24517984,0,1
2026-07-02,18.73,19.675,17.55,17.94,25313968,18.73,19.675,17.55,17.94,25313968,0,1
2026-07-06,17.88,18.71,17.76,17.96,19619149,17.88,18.71,17.76,17.96,19619149,0,1
2026-07-07,17.48,17.545,16.24,16.55,26927424,17.48,17.545,16.24,16.55,26927424,0,1
2026-07-08,16.255,17.06,16.2,16.92,19333660,16.255,17.06,16.2,16.92,19333660,0,1
2026-07-09,16.98,17.3282,16.7,16.99,17339521,16.98,17.3282,16.7,16.99,17339521,0,1
2026-07-10,17.16,17.31,16.37,16.54,17719643,17.16,17.31,16.37,16.54,17719643,0,1
2026-07-13,16.17,16.3,15.15,15.36,26371124,16.17,16.3,15.15,15.36,26371124,0,1
2026-07-14,15.845,16.27,15.5784,16.11,20989780,15.845,16.27,15.5784,16.11,20989780,0,1
2026-07-15,16.16,16.38,14.91,15.25,22312999,16.16,16.38,14.91,15.25,22312999,0,1
2026-07-16,14.83,14.965,13.93,14.1,25689683,14.83,14.965,13.93,14.1,25689683,0,1
2026-07-17,13.68,14.58,13.4101,14.11,22517761,13.68,14.58,13.4101,14.11,22517761,0,1
2026-07-20,14.34,14.68,14.14,14.25,15847454,14.34,14.68,14.14,14.25,15847454,0,1
2026-07-21,14.74,15.395,14.6758,15.28,19092882,14.74,15.395,14.6758,15.28,19092882,0,1
2026-07-22,15.035,15.555,15,15.23,32631644,15.035,15.555,15,15.23,32631644,0,1
2026-07-23,14.795,15.6,14.665,14.85,18547620,14.795,15.6,14.665,14.85,18547620,0,1
2026-07-24,14.85,14.8999,14.14,14.15,16004313,14.85,14.8999,14.14,14.15,16004313,0,1
2026-07-27,15.09,16.12,14.88,15.64,30443362,15.09,16.12,14.88,15.64,30443362,0,1
2026-07-28,15.042,15.11,14.0501,14.52,18021986,15.042,15.11,14.0501,14.52,18021986,0,1
2026-07-29,14.32,14.43,13.13,13.22,20248930,14.32,14.43,13.13,13.22,20248930,0,1
2026-07-30,13.6,15,13.49,14.86,23909730,13.6,15,13.49,14.86,23909730,0,1
2026-07-31,15.195,15.625,14.765,14.95,16116300,15.195,15.625,14.765,14.95,16116300,0,1
2026-08-03,14.93,16.3,14.71,16.02,23184823,14.93,16.3,14.71,16.02,23184823,0,1
2026-08-04,16.505,17.72,16.48,17.45,24192993,16.505,17.72,16.48,17.45,24192993,0,1
2026-08-05,17.24,17.46,16.6898,16.78,19241393,17.24,17.46,16.6898,16.78,19241393,0,1
2026-08-06,16.15,17.14,16.06,16.53,22638391,16.15,17.14,16.06,16.53,22638391,0,1
2026-08-07,16.775,17.95,16.405,17.94,30022250,16.775,17.95,16.405,17.94,30022250,0,1
2026-08-10,17.91,18.285,17.485,17.65,18189011,17.91,18.285,17.485,17.65,18189011,0,1
2026-08-11,17.94,18.24,17.5,18.09,16414208,17.94,18.24,17.5,18.09,16414208,0,1
2026-08-12,18.57,18.67,17.7297,18.42,16914862,18.57,18.67,17.7297,18.42,16914862,0,1
2026-08-13,18.32,19.365,18.31,18.62,19326366,18.32,19.365,18.31,18.62,19326366,0,1
2026-08-14,18.435,19.25,18.4,18.82,16960652,18.435,19.25,18.4,18.82,16960652,0,1
2026-08-17,18.78,18.955,18.21,18.67,10477149,18.78,18.955,18.21,18.67,10477149,0,1
2026-08-18,17.61,18.6351,17.52,17.71,13748045,17.61,18.6351,17.52,17.71,13748045,0,1
2026-08-19,17.375,17.815,16.67,17,19255498,17.375,17.815,16.67,17,19255498,0,1
2026-08-20,16.9,16.97,15.665,16.065,20174489,16.9,16.97,15.665,16.065,20174489,0,1
2026-08-21,16.315,18.055,16.3,17.91,23134924,16.315,18.055,16.3,17.91,23134924,0,1
2026-08-24,17.495,17.5,16.31,16.37,21717569,17.495,17.5,16.31,16.37,21717569,0,1
2026-08-25,16.82,17.24,16.34,16.94,13573131,16.82,17.24,16.34,16.94,13573131,0,1
2026-08-26,16.7,16.94,15.9295,15.94,15413310,16.7,16.94,15.9295,15.94,15413310,0,1
2026-08-27,16.285,16.68,16.01,16.44,15148628,16.285,16.68,16.01,16.44,15148628,0,1
2026-08-28,16.25,16.36,15.44,15.59,14609711,16.25,16.36,15.44,15.59,14609711,0,1
2026-08-31,15.47,15.89,15.45,15.66,9813389,15.47,15.89,15.45,15.66,9813389,0,1
2026-09-01,15.017999999999999,15.29,14.81,14.99,13159859,15.017999999999999,15.29,14.81,14.99,13159859,0,1
2026-09-02,14.82,15.05,14.595,14.87,11959888,14.82,15.05,14.595,14.87,11959888,0,1
2026-09-03,14.84,15.32,14.83,15.18,14141354,14.84,15.32,14.83,15.18,14141354,0,1
2026-09-04,15.22,15.4601,15.01,15.2,10658501,15.22,15.4601,15.01,15.2,10658501,0,1
2026-09-08,16.385,17.05,15.37,15.81,42273473,16.385,17.05,15.37,15.81,42273473,0,1
2026-09-09,15.63,15.94,15.155,15.24,18622303,15.63,15.94,15.155,15.24,18622303,0,1
2026-09-10,14.89,15.43,14.84,15.16,14723982,14.89,15.43,14.84,15.16,14723982,0,1
2026-09-11,15.34,15.78,15.08,15.27,14392112,15.34,15.78,15.08,15.27,14392112,0,1
2026-09-14,14.55,15.595,14.522,15.27,13018115,14.55,15.595,14.522,15.27,13018115,0,1
2026-09-15,15.13,15.53,14.99,15.09,12305903,15.13,15.53,14.99,15.09,12305903,0,1
2026-09-16,15.2,15.32,14.41,14.79,13746473,15.2,15.32,14.41,14.79,13746473,0,1
2026-09-17,15.33,16.16,15.3,15.99,19529782,15.33,16.16,15.3,15.99,19529782,0,1
2026-09-18,16.25,16.32,15.09,15.76,19228984,16.25,16.32,15.09,15.76,19228984,0,1
2026-09-21,16.21,16.56,16.11,16.53,15875895,16.21,16.56,16.11,16.53,15875895,0,1
