Date,Open,High,Low,Close,Volume,AdjOpen,AdjHigh,AdjLow,AdjClose,AdjVolume,Dividend,SplitFactor
2006-03-15,23.95,24.69,23.45,24.1,7251200,8.796772055407352,9.06857211056399,8.613123369490706,8.851866661182347,7251200,0,1
2006-03-16,24.1,24.35,23.89,24.27,649100,8.851866661182347,8.94369100414067,8.774734213097355,8.914307214394006,649100,0,1
2006-03-17,24.25,25.12,24.15,25.01,287000,8.90696126695734,9.226509980452304,8.87023152977401,9.186107269550643,287000,0,1
2006-03-20,25.17,25.61,24.75,24.9,282800,9.24487484904397,9.406485692650618,9.090609952873987,9.14570455864898,282800,0,1
2006-03-21,24.89,24.89,24,24.2,274700,9.142031584930647,9.142031584930647,8.815136923999017,8.888596398365676,274700,0,1
2006-03-22,24.05,24.3,24,24.16,103000,8.833501792590683,8.925326135549005,8.815136923999017,8.873904503492344,103000,0,1
2006-03-23,24.09,24.2,23.99,24.1,106200,8.848193687464013,8.888596398365676,8.811463950280684,8.851866661182347,106200,0,1
2006-03-24,24.3,24.99,24.24,24.5,101300,8.925326135549005,9.178761322113976,8.903288293239006,8.998785609915663,101300,0,1
2006-03-27,24.65,25.75,24.45,24.75,111700,9.053880215690658,9.457907324707278,8.980420741323998,9.090609952873987,111700,0,1
2006-03-28,24.73,24.86,24.55,24.7,115400,9.083264005437321,9.131012663775648,9.017150478507329,9.072245084282322,115400,0,1
2006-03-29,24.95,25.05,24.75,24.9,81900,9.164069427240644,9.200799164423975,9.090609952873987,9.14570455864898,81900,0,1
2006-03-30,24.95,25.45,24.95,25.45,132400,9.164069427240644,9.34771811315729,9.164069427240644,9.34771811315729,132400,0,1
2006-03-31,25.5,25.96,25.5,25.75,100100,9.366082981748956,9.53503977279227,9.366082981748956,9.457907324707278,100100,0,1
2006-04-03,25.8,25.8,24.8,24.9,291800,9.476272193298945,9.476272193298945,9.108974821465651,9.14570455864898,291800,0,1
2006-04-04,24.89,24.9,24.7,24.8,220200,9.142031584930647,9.14570455864898,9.072245084282322,9.108974821465651,220200,0,1
2006-04-05,24.75,24.76,24.63,24.68,122200,9.090609952873987,9.09428292659232,9.04653426825399,9.064899136845655,122200,0,1
2006-04-06,24.5,24.68,24.05,24.25,130100,8.998785609915663,9.064899136845655,8.833501792590683,8.90696126695734,130100,0,1
2006-04-07,24.25,24.25,23.9,24.11,33700,8.90696126695734,8.90696126695734,8.778407186815688,8.85553963490068,33700,0,1
2006-04-10,24.05,24.35,24.01,24.31,43800,8.833501792590683,8.94369100414067,8.818809897717351,8.928999109267338,43800,0,1
2006-04-11,24.28,24.28,23.95,24.1,163800,8.91798018811234,8.91798018811234,8.796772055407352,8.851866661182347,163800,0,1
2006-04-12,25.35,25.35,24.07,24.1,664800,9.310988375973963,9.310988375973963,8.840847740027348,8.851866661182347,664800,0,1
2006-04-13,24.15,24.45,24.01,24.38,214700,8.87023152977401,8.980420741323998,8.818809897717351,8.954709925295669,214700,0,1
2006-04-17,24.39,24.7,24.39,24.6,203100,8.958382899014001,9.072245084282322,8.958382899014001,9.035515347098993,203100,0,1
2006-04-18,24.52,24.58,23.98,24.25,186400,9.00613155735233,9.028169399662326,8.807790976562352,8.90696126695734,186400,0,1
2006-04-19,24.25,25,24.25,24.75,241600,8.90696126695734,9.18243429583231,8.90696126695734,9.090609952873987,241600,0,1
2006-04-20,24.8,25.94,24.73,25.6,166400,9.108974821465651,9.527693825355605,9.083264005437321,9.402812718932285,166400,0,1
2006-04-21,25.7,26.1,25.21,25.45,401800,9.439542456115614,9.586461404848931,9.2595667439173,9.34771811315729,401800,0,1
2006-04-24,25.45,25.9,25.3,25.51,92400,9.34771811315729,9.513001930482272,9.292623507382297,9.369755955467289,92400,0,1
2006-04-25,25.48,26.2,25.48,25.8,232500,9.35873703431229,9.62319114203226,9.35873703431229,9.476272193298945,232500,0,1
2006-04-26,25.65,26,25.5,25.75,145000,9.42117758752395,9.549731667665602,9.366082981748956,9.457907324707278,145000,0,1
2006-04-27,25.76,25.85,25.26,25.39,52300,9.461580298425613,9.494637061890609,9.277931612508967,9.325680270847293,52300,0,1
2006-04-28,25.39,25.4,24.13,24.73,232200,9.325680270847293,9.329353244565626,8.862885582337345,9.083264005437321,232200,0,1
2006-05-01,24.73,25.17,24.73,25.14,151000,9.083264005437321,9.24487484904397,9.083264005437321,9.233855927888971,151000,0,1
2006-05-02,25.15,25.2,24.74,24.75,124000,9.237528901607304,9.255893770198968,9.086936979155652,9.090609952873987,124000,0,1
2006-05-03,24.75,24.76,24.56,24.62,110100,9.090609952873987,9.09428292659232,9.020823452225661,9.042861294535658,110100,0,1
2006-05-04,24.52,24.61,24.11,24.58,95500,9.00613155735233,9.039188320817326,8.85553963490068,9.028169399662326,95500,0,1
2006-05-05,24.5,24.64,24.22,24.55,104900,8.998785609915663,9.050207241972325,8.895942345802341,9.017150478507329,104900,0,1
2006-05-08,24.5,25,24.46,24.86,106200,8.998785609915663,9.18243429583231,8.984093715042333,9.131012663775648,106200,0,1
2006-05-09,24.88,25,24.65,24.92,85400,9.138358611212315,9.18243429583231,9.053880215690658,9.153050506085647,85400,0,1
2006-05-10,25.05,25.1,24.78,24.99,74200,9.200799164423975,9.21916403301564,9.101628874028986,9.178761322113976,74200,0,1
2006-05-11,25.09,25.8,25,25.8,57100,9.215491059297307,9.476272193298945,9.18243429583231,9.476272193298945,57100,0,1
2006-05-12,25.4,25.5,24.94,25.47,49300,9.329353244565626,9.366082981748956,9.160396453522313,9.355064060593957,49300,0,1
2006-05-15,25.39,25.4,25.14,25.28,72200,9.325680270847293,9.329353244565626,9.233855927888971,9.285277559945632,72200,0,1
2006-05-16,25.25,25.74,25.24,25.54,84600,9.274258638790633,9.454234350988946,9.2705856650723,9.380774876622286,84600,0,1
2006-05-17,25.45,25.45,25.25,25.4,98200,9.34771811315729,9.34771811315729,9.274258638790633,9.329353244565626,98200,0,1
2006-05-18,25.33,25.68,25.33,25.41,68800,9.303642428537296,9.432196508678949,9.303642428537296,9.33302621828396,68800,0,1
2006-05-19,25.31,25.4,25.05,25.4,165700,9.29629648110063,9.329353244565626,9.200799164423975,9.329353244565626,165700,0,1
2006-05-22,25.36,25.53,25.06,25.51,66100,9.314661349692294,9.377101902903956,9.204472138142307,9.369755955467289,66100,0,1
2006-05-23,25.35,25.45,25.22,25.25,47300,9.310988375973963,9.34771811315729,9.263239717635633,9.274258638790633,47300,0,1
2006-05-24,25.2,25.4,24.89,25.3,37600,9.255893770198968,9.329353244565626,9.142031584930647,9.292623507382297,37600,0,1
2006-05-25,25.25,25.31,24.91,25.08,50200,9.274258638790633,9.29629648110063,9.149377532367314,9.211818085578972,50200,0,1
2006-05-26,25,25.05,24.94,25,44200,9.18243429583231,9.200799164423975,9.160396453522313,9.18243429583231,44200,0,1
2006-05-30,24.98,25.08,24.78,24.98,68500,9.175088348395644,9.211818085578972,9.101628874028986,9.175088348395644,68500,0,1
2006-05-31,25,25.29,24.95,25.19,69000,9.18243429583231,9.288950533663964,9.164069427240644,9.252220796480636,69000,0,1
2006-06-01,25.09,26,25.02,26,40100,9.215491059297307,9.549731667665602,9.189780243268975,9.549731667665602,40100,0,1
2006-06-02,25.9,26.5,25.8,26.5,69500,9.513001930482272,9.733380353582248,9.476272193298945,9.733380353582248,69500,0,1
2006-06-05,26.4,26.53,26.19,26.48,67400,9.696650616398918,9.744399274737248,9.619518168313927,9.726034406145583,67400,0,1
2006-06-06,26.48,26.48,25.97,26.05,62300,9.726034406145583,9.726034406145583,9.538712746510603,9.568096536257267,62300,0,1
2006-06-07,26.05,26.15,25.65,25.87,52700,9.568096536257267,9.604826273440596,9.42117758752395,9.501983009327274,52700,0,1
2006-06-08,25.77,25.82,25.35,25.82,40600,9.465253272143945,9.48361814073561,9.310988375973963,9.48361814073561,40600,0,1
2006-06-09,25.85,25.91,24.8,24.8,145000,9.494637061890609,9.516674904200606,9.108974821465651,9.108974821465651,145000,0,1
2006-06-12,24.85,24.85,23.75,24.01,55300,9.127339690057317,9.127339690057317,8.723312581040695,8.818809897717351,55300,0,1
2006-06-13,23.89,24.01,23.02,23.04,301500,8.774734213097355,8.818809897717351,8.45518549960239,8.462531447039057,301500,0,1
2006-06-14,23,23,21.42,22.23,230800,8.447839552165725,8.447839552165725,7.867509704669123,8.16502057585409,230800,0,1
2006-06-15,22.33,22.59,22.18,22.45,185600,8.201750313037419,8.297247629714075,8.146655707262425,8.245825997657414,185600,0,1
2006-06-16,22.51,23.6,22.5,23.45,90600,8.267863839967411,8.668217975265701,8.264190866249079,8.613123369490706,90600,0,1
2006-06-19,23.65,23.9,21.85,22.9,105100,8.686582843857364,8.778407186815688,8.02544757455744,8.411109814982396,105100,0,1
2006-06-20,23.13,23.78,22.82,23.67,62300,8.495588210504053,8.734331502195694,8.381726025235732,8.69392879129403,62300,0,1
2006-06-21,23.62,24.6,23.45,24.44,49000,8.675563922702366,9.035515347098993,8.613123369490706,8.976747767605666,49000,0,1
2006-06-22,24.53,24.85,24.51,24.63,35900,9.009804531070662,9.127339690057317,9.002458583633997,9.04653426825399,35900,0,1
2006-06-23,24.7,25.89,24.62,25.38,86700,9.072245084282322,9.509328956763941,9.042861294535658,9.32200729712896,86700,0,1
2006-06-26,25.4,26.13,25.34,26.06,36400,9.329353244565626,9.59748032600393,9.307315402255629,9.5717695099756,36400,0,1
2006-06-27,25.83,26.73,25.83,26.11,118100,9.487291114453942,9.817858749103905,9.487291114453942,9.590134378567264,118100,0,1
2006-06-28,26.16,26.16,25.43,25.47,106100,9.608499247158928,9.608499247158928,9.340372165720625,9.355064060593957,106100,0,1
2006-06-29,25.47,26,25.47,25.88,91600,9.355064060593957,9.549731667665602,9.355064060593957,9.505655983045607,91600,0,1
2006-06-30,25.9,25.9,23.95,23.95,765000,9.513001930482272,9.513001930482272,8.796772055407352,8.796772055407352,765000,0,1
2006-07-03,24.2,24.4,23.3,23.53,173500,8.888596398365676,8.962055872732334,8.558028763715713,8.64250715923737,173500,0,1
2006-07-05,23.43,23.53,23.1,23.48,54900,8.605777422054041,8.64250715923737,8.484569289349055,8.624142290645706,54900,0,1
2006-07-06,23.48,23.5,22.93,23.04,83100,8.624142290645706,8.63148823808237,8.422128736137394,8.462531447039057,83100,0,1
2006-07-07,22.96,23.3,22.88,23,72800,8.433147657292393,8.558028763715713,8.40376386754573,8.447839552165725,72800,0,1
2006-07-10,23,23.24,22.97,23.16,42200,8.447839552165725,8.535990921405714,8.436820631010725,8.506607131659052,42200,0,1
2006-07-11,23.12,23.48,23.05,23.47,51200,8.49191523678572,8.624142290645706,8.46620442075739,8.620469316927371,51200,0,1
2006-07-12,23.46,23.67,23.1,23.55,60800,8.616796343209039,8.69392879129403,8.484569289349055,8.649853106674035,60800,0,1
2006-07-13,23.43,23.76,23.29,23.48,52400,8.605777422054041,8.726985554759027,8.554355789997379,8.624142290645706,52400,0,1
2006-07-14,23.22,23.34,22.74,23.11,42300,8.52864497396905,8.572720658589045,8.352342235489068,8.488242263067386,42300,0,1
2006-07-17,23.1,23.35,23.08,23.19,28900,8.484569289349055,8.576393632307378,8.477223341912389,8.517626052814052,28900,0,1
2006-07-18,23.2,23.65,23.19,23.65,21700,8.521299026532382,8.686582843857364,8.517626052814052,8.686582843857364,21700,0,1
2006-07-19,23.63,24.99,23.63,24.98,90400,8.679236896420699,9.178761322113976,8.679236896420699,9.175088348395644,90400,0,1
2006-07-20,24.94,25.3,24.88,25.01,45800,9.160396453522313,9.292623507382297,9.138358611212315,9.186107269550643,45800,0,1
2006-07-21,25.01,25.1,24.66,25.02,49900,9.186107269550643,9.21916403301564,9.05755318940899,9.189780243268975,49900,0,1
2006-07-24,25.2,25.59,25.14,25.58,64400,9.255893770198968,9.399139745213953,9.233855927888971,9.395466771495618,64400,0,1
2006-07-25,25.54,26.31,25.45,26.14,43300,9.380774876622286,9.663593852933923,9.34771811315729,9.601153299722263,43300,0,1
2006-07-26,26.04,26.1,25.1,25.11,40800,9.564423562538934,9.586461404848931,9.21916403301564,9.222837006733972,40800,0,1
2006-07-27,25.18,25.4,24.9,25,22000,9.248547822762303,9.329353244565626,9.14570455864898,9.18243429583231,22000,0,1
2006-07-28,25.1,25.54,25.1,25.5,12800,9.21916403301564,9.380774876622286,9.21916403301564,9.366082981748956,12800,0,1
2006-07-31,26.3,27.46,25.5,25.6,151200,9.65992087921559,10.08598583054221,9.366082981748956,9.402812718932285,151200,0,1
2006-08-01,25.45,25.45,24.96,25.1,105600,9.34771811315729,9.34771811315729,9.167742400958979,9.21916403301564,105600,0,1
2006-08-02,25.15,25.37,24.84,25.19,42600,9.237528901607304,9.318334323410628,9.123666716338983,9.252220796480636,42600,0,1
2006-08-03,25,25.6,24.97,25.53,32800,9.18243429583231,9.402812718932285,9.171415374677311,9.377101902903956,32800,0,1
2006-08-04,25.63,25.63,24.8,24.99,65400,9.413831640087283,9.413831640087283,9.108974821465651,9.178761322113976,65400,0,1
2006-08-07,24.9,24.9,24.55,24.77,43900,9.14570455864898,9.14570455864898,9.017150478507329,9.097955900310652,43900,0,1
2006-08-08,24.75,24.96,24.31,24.32,45200,9.090609952873987,9.167742400958979,8.928999109267338,8.932672082985672,45200,0,1
2006-08-09,24.36,24.4,23.16,23.18,20500,8.947363977859002,8.962055872732334,8.506607131659052,8.513953079095717,20500,0,1
2006-08-10,23.1,23.75,22.96,23.7,21200,8.484569289349055,8.723312581040695,8.433147657292393,8.70494771244903,21200,0,1
2006-08-11,23.65,23.65,23.16,23.56,15200,8.686582843857364,8.686582843857364,8.506607131659052,8.653526080392368,15200,0,1
2006-08-14,23.71,24.01,23.71,23.95,47500,8.708620686167363,8.818809897717351,8.708620686167363,8.796772055407352,47500,0,1
2006-08-15,24.05,24.3,23.9,24,16800,8.833501792590683,8.925326135549005,8.778407186815688,8.815136923999017,16800,0,1
2006-08-16,24,24.19,23.85,23.86,28600,8.815136923999017,8.884923424647344,8.760042318224023,8.763715291942356,28600,0,1
2006-08-17,23.93,24.17,23.82,23.82,18500,8.789426107970687,8.877577477210677,8.749023397069024,8.749023397069024,18500,0,1
2006-08-18,23.9,23.96,23.65,23.82,18300,8.778407186815688,8.800445029125687,8.686582843857364,8.749023397069024,18300,0,1
2006-08-21,23.65,23.65,23.4,23.46,13700,8.686582843857364,8.686582843857364,8.594758500899042,8.616796343209039,13700,0,1
2006-08-22,23.45,23.57,23.2,23.27,8800,8.613123369490706,8.657199054110702,8.521299026532382,8.547009842560714,8800,0,1
2006-08-23,23.2,23.32,22.55,22.6,59000,8.521299026532382,8.565374711152378,8.282555734840743,8.300920603432408,59000,0,1
2006-08-24,22.55,22.55,22.25,22.36,10500,8.282555734840743,8.282555734840743,8.172366523290755,8.212769234192418,10500,0,1
2006-08-25,22.33,22.65,22.31,22.61,17300,8.201750313037419,8.319285472024072,8.194404365600752,8.30459357715074,17300,0,1
2006-08-28,22.82,22.95,22.8,22.8,33400,8.381726025235732,8.42947468357406,8.374380077799067,8.374380077799067,33400,0,1
2006-08-29,22.76,22.76,22.39,22.48,23800,8.359688182925735,8.359688182925735,8.223788155347417,8.256844918812414,23800,0,1
2006-08-30,22.6,22.9,22.45,22.73,34900,8.300920603432408,8.411109814982396,8.245825997657414,8.348669261770736,34900,0,1
2006-08-31,22.83,23.01,22.63,22.63,28800,8.385398998954065,8.451512525884059,8.311939524587407,8.311939524587407,28800,0,1
2006-09-01,22.63,22.63,22.12,22.17,44000,8.311939524587407,8.311939524587407,8.124617864952429,8.142982733544093,44000,0,1
2006-09-05,22.13,23.18,22.13,23.06,40100,8.12829083867076,8.513953079095717,8.12829083867076,8.469877394475722,40100,0,1
2006-09-06,23.01,23.5,22.95,23.09,25700,8.451512525884059,8.63148823808237,8.42947468357406,8.480896315630721,25700,0,1
2006-09-07,23,24.53,22.9,24.06,54600,8.447839552165725,9.009804531070662,8.411109814982396,8.837174766309014,54600,0,1
2006-09-08,24.07,24.07,23.75,23.95,34600,8.840847740027348,8.840847740027348,8.723312581040695,8.796772055407352,34600,0,1
2006-09-11,23.92,24.28,23.85,24.06,30200,8.785753134252355,8.91798018811234,8.760042318224023,8.837174766309014,30200,0,1
2006-09-12,24,24.06,23.75,23.86,35900,8.815136923999017,8.837174766309014,8.723312581040695,8.763715291942356,35900,0,1
2006-09-13,23.96,23.99,23.61,23.81,29100,8.800445029125687,8.811463950280684,8.671890948984034,8.745350423350692,29100,0,1
2006-09-14,23.71,23.74,23.26,23.5,31400,8.708620686167363,8.71963960732236,8.543336868842381,8.63148823808237,31400,0,1
2006-09-15,23.6,23.69,23.46,23.56,76700,8.668217975265701,8.701274738730698,8.616796343209039,8.653526080392368,76700,0,1
2006-09-18,23.5,23.64,23.3,23.4,44600,8.63148823808237,8.682909870139031,8.558028763715713,8.594758500899042,44600,0,1
2006-09-19,23.4,23.41,23.15,23.39,39000,8.594758500899042,8.598431474617374,8.502934157940718,8.59108552718071,39000,0,1
2006-09-20,23.48,24.53,23.43,24.45,70000,8.624142290645706,9.009804531070662,8.605777422054041,8.980420741323998,70000,0,1
2006-09-21,24.5,24.64,24.19,24.32,18500,8.998785609915663,9.050207241972325,8.884923424647344,8.932672082985672,18500,0,1
2006-09-22,24.25,24.25,23.94,24.16,41600,8.90696126695734,8.90696126695734,8.79309908168902,8.873904503492344,41600,0,1
2006-09-25,24.18,24.18,23.8,23.83,46000,8.88125045092901,8.88125045092901,8.741677449632359,8.752696370787357,46000,0,1
2006-09-26,23.83,24,23.5,23.79,241500,8.752696370787357,8.815136923999017,8.63148823808237,8.738004475914025,241500,0,1
2006-09-27,23.75,24.23,23.75,24.23,122100,8.723312581040695,8.899615319520676,8.723312581040695,8.899615319520676,122100,0,1
2006-09-28,24.48,25.2,24.48,24.8,125400,8.991439662478998,9.255893770198968,8.991439662478998,9.108974821465651,125400,0,1
2006-09-29,24.78,24.85,24.35,24.42,89800,9.101628874028986,9.127339690057317,8.94369100414067,8.969401820169,89800,0,1
2006-10-02,24.28,24.28,23.24,23.69,62800,8.91798018811234,8.91798018811234,8.535990921405714,8.701274738730698,62800,0,1
2006-10-03,23.69,23.7,23.47,23.62,26100,8.701274738730698,8.70494771244903,8.620469316927371,8.675563922702366,26100,0,1
2006-10-04,23.63,24.03,23.51,24,141700,8.679236896420699,8.826155845154016,8.635161211800705,8.815136923999017,141700,0,1
2006-10-05,24,25.09,23.9,24.92,79400,8.815136923999017,9.215491059297307,8.778407186815688,9.153050506085647,79400,0,1
2006-10-06,24.89,24.93,24.55,24.58,67300,9.142031584930647,9.15672347980398,9.017150478507329,9.028169399662326,67300,0,1
2006-10-09,24.58,24.96,24.45,24.88,30800,9.028169399662326,9.167742400958979,8.980420741323998,9.138358611212315,30800,0,1
2006-10-10,24.9,24.9,24.65,24.8,51000,9.14570455864898,9.14570455864898,9.053880215690658,9.108974821465651,51000,0,1
2006-10-11,24.8,24.83,24.62,24.79,166500,9.108974821465651,9.119993742620649,9.042861294535658,9.105301847747318,166500,0,1
2006-10-12,24.79,24.98,24.5,24.97,153300,9.105301847747318,9.175088348395644,8.998785609915663,9.171415374677311,153300,0,1
2006-10-13,24.98,25.09,24.67,24.8,79100,9.175088348395644,9.215491059297307,9.061226163127325,9.108974821465651,79100,0,1
2006-10-16,24.8,24.98,24.47,24.55,36500,9.108974821465651,9.175088348395644,8.987766688760665,9.017150478507329,36500,0,1
2006-10-17,24.48,24.53,24.25,24.41,27000,8.991439662478998,9.009804531070662,8.90696126695734,8.965728846450666,27000,0,1
2006-10-18,24.49,24.55,24.25,24.42,34000,8.99511263619733,9.017150478507329,8.90696126695734,8.969401820169,34000,0,1
2006-10-19,24.35,24.65,24.32,24.48,44900,8.94369100414067,9.053880215690658,8.932672082985672,8.991439662478998,44900,0,1
2006-10-20,24.53,24.83,24.39,24.8,29300,9.009804531070662,9.119993742620649,8.958382899014001,9.108974821465651,29300,0,1
2006-10-23,24.62,24.8,24.18,24.25,21400,9.042861294535658,9.108974821465651,8.88125045092901,8.90696126695734,21400,0,1
2006-10-24,23.75,24.4,23.26,23.39,80000,8.723312581040695,8.962055872732334,8.543336868842381,8.59108552718071,80000,0,1
2006-10-25,23.4,23.8,23.4,23.5,56400,8.594758500899042,8.741677449632359,8.594758500899042,8.63148823808237,56400,0,1
2006-10-26,23.73,24.15,23.25,24.08,143600,8.715966633604028,8.87023152977401,8.539663895124049,8.84452071374568,143600,0,1
2006-10-27,24,24.49,23.75,23.82,38100,8.815136923999017,8.99511263619733,8.723312581040695,8.749023397069024,38100,0,1
2006-10-30,23.79,24.59,23.66,24.53,34000,8.738004475914025,9.031842373380659,8.690255817575698,9.009804531070662,34000,0,1
2006-10-31,24.53,24.53,23.87,24.02,42000,9.009804531070662,9.009804531070662,8.76738826566069,8.822482871435684,42000,0,1
2006-11-01,24.05,24.12,23.85,23.85,45000,8.833501792590683,8.859212608619012,8.760042318224023,8.760042318224023,45000,0,1
2006-11-02,23.65,24.2,23.5,24.01,20000,8.686582843857364,8.888596398365676,8.63148823808237,8.818809897717351,20000,0,1
2006-11-03,24.06,24.09,23.45,23.59,13000,8.837174766309014,8.848193687464013,8.613123369490706,8.664545001547367,13000,0,1
2006-11-06,23.7,23.99,23.64,23.99,13100,8.70494771244903,8.811463950280684,8.682909870139031,8.811463950280684,13100,0,1
2006-11-07,23.88,24.17,23.78,24.01,18200,8.771061239379021,8.877577477210677,8.734331502195694,8.818809897717351,18200,0,1
2006-11-08,23.85,24.18,23.75,24.11,21900,8.760042318224023,8.88125045092901,8.723312581040695,8.85553963490068,21900,0,1
2006-11-09,24.11,24.11,23.56,23.6,16600,8.85553963490068,8.85553963490068,8.653526080392368,8.668217975265701,16600,0,1
2006-11-10,23.56,24.18,23.56,24.17,24800,8.653526080392368,8.88125045092901,8.653526080392368,8.877577477210677,24800,0,1
2006-11-13,24.15,24.54,24.1,24.49,28600,8.87023152977401,9.013477504788995,8.851866661182347,8.99511263619733,28600,0,1
2006-11-14,24.45,25,24.39,25,42200,8.980420741323998,9.18243429583231,8.958382899014001,9.18243429583231,42200,0,1
2006-11-15,25,25.45,25,25.42,128200,9.18243429583231,9.34771811315729,9.18243429583231,9.336699192002293,128200,0,1
2006-11-16,25.42,25.53,25.07,25.1,29600,9.336699192002293,9.377101902903956,9.20814511186064,9.21916403301564,29600,0,1
2006-11-17,24.8,24.81,23.98,24.39,128300,9.108974821465651,9.112647795183983,8.807790976562352,8.958382899014001,128300,0,1
2006-11-20,24.35,24.43,24.18,24.25,32200,8.94369100414067,8.973074793887333,8.88125045092901,8.90696126695734,32200,0,1
2006-11-21,24.2,24.5,24.19,24.46,34800,8.888596398365676,8.998785609915663,8.884923424647344,8.984093715042333,34800,0,1
2006-11-22,24.46,24.49,24,24.01,49000,8.984093715042333,8.99511263619733,8.815136923999017,8.818809897717351,49000,0,1
2006-11-24,23.99,24.2,23.99,24.11,31400,8.811463950280684,8.888596398365676,8.811463950280684,8.85553963490068,31400,0,1
2006-11-27,24,24.18,23.75,24.17,45200,8.815136923999017,8.88125045092901,8.723312581040695,8.877577477210677,45200,0,1
2006-11-28,24.1,24.59,24.02,24.16,177700,8.851866661182347,9.031842373380659,8.822482871435684,8.873904503492344,177700,0,1
2006-11-29,24.25,24.69,24.07,24.69,71800,8.90696126695734,9.06857211056399,8.840847740027348,9.06857211056399,71800,0,1
2006-11-30,24.68,25.22,24.41,24.42,119900,9.064899136845655,9.263239717635633,8.965728846450666,8.969401820169,119900,0,1
2006-12-01,24.42,25.6,24.32,25.6,131200,8.969401820169,9.402812718932285,8.932672082985672,9.402812718932285,131200,0,1
2006-12-04,25.62,25.84,25.17,25.23,43700,9.410158666368952,9.490964088172275,9.24487484904397,9.266912691353967,43700,0,1
2006-12-05,25.3,25.95,25.24,25.78,20200,9.292623507382297,9.531366799073938,9.2705856650723,9.468926245862278,20200,0,1
2006-12-06,25.68,26.23,25.58,25.8,33400,9.432196508678949,9.63421006318726,9.395466771495618,9.476272193298945,33400,0,1
2006-12-07,25.75,25.97,25.69,25.86,7400,9.457907324707278,9.538712746510603,9.435869482397282,9.498310035608942,7400,0,1
2006-12-08,25.84,26.35,25.67,26.15,26900,9.490964088172275,9.678285747807255,9.428523534960616,9.604826273440596,26900,0,1
2006-12-11,26.1,26.17,25.65,26.15,64900,9.586461404848931,9.612172220877262,9.42117758752395,9.604826273440596,64900,0,1
2006-12-12,26.15,26.76,26.15,26.56,86900,9.604826273440596,9.828877670258905,9.604826273440596,9.755418195892245,86900,0,1
2006-12-13,26.36,27.13,26.27,27.13,41900,9.681958721525588,9.964777697837222,9.648901958060591,9.964777697837222,41900,0,1
2006-12-14,27.15,27.35,26.95,27.31,144900,9.972123645273888,10.045583119640547,9.89866417090723,10.030891224767215,144900,0,1
2006-12-15,27.31,27.57,27.25,27.53,45400,10.030891224767215,10.126388541443871,10.008853382457218,10.11169664657054,45400,0,1
2006-12-18,27.55,27.89,27.55,27.81,39000,10.119042594007206,10.243923700430525,10.119042594007206,10.214539910683861,39000,0,1
2006-12-19,27.73,27.74,27.17,27.52,71800,10.185156120937197,10.18882909465553,9.979469592710554,10.108023672852207,71800,0,1
2006-12-20,27.46,27.56,26.99,27.02,67000,10.08598583054221,10.122715567725537,9.913356065780562,9.92437498693556,67000,0,1
2006-12-21,27.01,27.2,26.86,26.86,26900,9.920702013217229,9.990488513865552,9.865607407442234,9.865607407442234,26900,0,1
2006-12-22,26.86,26.86,25.85,25.89,27600,9.865607407442234,9.865607407442234,9.494637061890609,9.509328956763941,27600,0,1
2006-12-26,26,26.86,26,26.71,30800,9.549731667665602,9.865607407442234,9.549731667665602,9.81051280166724,30800,0,1
2006-12-27,26.75,26.8,26.68,26.8,15400,9.825204696540572,9.843569565132237,9.799493880512241,9.843569565132237,15400,0,1
2006-12-28,26.8,26.8,26.71,26.8,25600,9.843569565132237,9.843569565132237,9.81051280166724,9.843569565132237,25600,0,1
2006-12-29,26.8,26.8,26.43,26.51,19200,9.843569565132237,9.843569565132237,9.707669537553917,9.737053327300583,19200,0,1
2007-01-03,26.6,26.75,25.27,25.41,61800,9.770110090765579,9.825204696540572,9.2816045862273,9.33302621828396,61800,0,1
2007-01-04,25.41,26.63,25.37,26.59,25200,9.33302621828396,9.781129011920576,9.318334323410628,9.766437117047245,25200,0,1
2007-01-05,26.49,26.49,25.42,25.81,39400,9.729707379863914,9.729707379863914,9.336699192002293,9.479945167017275,39400,0,1
2007-01-08,25.7,26.03,25.56,25.98,19400,9.439542456115614,9.560750588820602,9.388120824058953,9.542385720228937,19400,0,1
2007-01-09,25.9,25.93,25.43,25.65,28700,9.513001930482272,9.524020851637271,9.340372165720625,9.42117758752395,28700,0,1
2007-01-10,25.8,25.8,25.15,25.35,43400,9.476272193298945,9.476272193298945,9.237528901607304,9.310988375973963,43400,0,1
2007-01-11,25.34,26.69,25.34,26.42,75700,9.307315402255629,9.803166854230573,9.307315402255629,9.703996563835586,75700,0,1
2007-01-12,26.5,26.8,26.5,26.8,38000,9.733380353582248,9.843569565132237,9.733380353582248,9.843569565132237,38000,0,1
2007-01-16,26.85,26.88,26.57,26.8,59900,9.861934433723901,9.872953354878899,9.75909116961058,9.843569565132237,59900,0,1
2007-01-17,26.71,26.8,26.54,26.66,26000,9.81051280166724,9.843569565132237,9.74807224845558,9.792147933075576,26000,0,1
2007-01-18,26.6,26.74,26.47,26.72,21200,9.770110090765579,9.821531722822238,9.722361432427249,9.814185775385573,21200,0,1
2007-01-19,26.7,27.24,26.54,27,58000,9.806839827948906,10.005180408738884,9.74807224845558,9.917029039498894,58000,0,1
2007-01-22,26.75,26.79,26.55,26.55,46700,9.825204696540572,9.839896591413902,9.751745222173913,9.751745222173913,46700,0,1
2007-01-23,26.5,26.81,26.5,26.69,34300,9.733380353582248,9.847242538850569,9.733380353582248,9.803166854230573,34300,0,1
2007-01-24,28.24,30.4,28.24,30,338300,10.372477780572176,11.165840103732089,10.372477780572176,11.018921154998772,338300,0,1
2007-01-25,30,31.1,29.91,30.4,197800,11.018921154998772,11.422948264015394,10.985864391533775,11.165840103732089,197800,0,1
2007-01-26,30.02,30.35,29.88,30.3,96500,11.026267102435437,11.147475235140424,10.974845470378776,11.12911036654876,96500,0,1
2007-01-29,30.55,32.63,30.4,32.14,193400,11.220934709507082,11.984913242920332,11.165840103732089,11.804937530722018,193400,0,1
2007-01-30,32.14,32.3,31.86,32,87800,11.804937530722018,11.863705110215344,11.702094266608695,11.753515898665356,87800,0,1
2007-01-31,32.02,32.5,31.84,31.85,47500,11.760861846102024,11.937164584582003,11.69474831917203,11.698421292890362,47500,0,1
2007-02-01,31.86,31.98,31.03,31.48,46200,11.702094266608695,11.74616995122869,11.397237447987063,11.562521265312045,46200,0,1
2007-02-02,31.5,31.7,31.4,31.49,33700,11.56986721274871,11.643326687115369,11.53313747556538,11.566194239030377,33700,0,1
2007-02-05,31.55,31.7,31.35,31.49,78400,11.588232081340376,11.643326687115369,11.514772606973716,11.566194239030377,78400,0,1
2007-02-06,31.4,31.53,31.24,31.4,45700,11.53313747556538,11.580886133903709,11.474369896072053,11.53313747556538,45700,0,1
2007-02-07,31.33,31.51,31.04,31.27,64800,11.50742665953705,11.573540186467044,11.400910421705396,11.485388817227053,64800,0,1
2007-02-08,31.17,31.61,31.14,31.58,71800,11.448659080043724,11.610269923650373,11.437640158888724,11.599251002495373,71800,0,1
2007-02-09,31.6,32.15,31.5,31.95,45200,11.60659694993204,11.808610504440349,11.56986721274871,11.735151030073691,45200,0,1
2007-02-12,32.7,32.94,32.13,32.61,124000,12.010624058948663,12.09877542818865,11.801264557003686,11.977567295483665,124000,0,1
2007-02-13,32.75,33.9,32.75,33.72,67900,12.028988927540325,12.45138090514861,12.028988927540325,12.38526737821862,67900,0,1
2007-02-14,33.75,33.86,33.52,33.53,55600,12.396286299373617,12.43668901027528,12.311807903851962,12.315480877570295,55600,0,1
2007-02-15,33.43,33.78,33.25,33.26,40100,12.278751140386964,12.407305220528617,12.212637613456971,12.216310587175304,40100,0,1
2007-02-16,33.26,33.39,32.94,33.24,42900,12.216310587175304,12.264059245513634,12.09877542818865,12.208964639738639,42900,0,1
2007-02-20,33.29,33.56,33.14,33.27,39500,12.227329508330303,12.326499798725294,12.17223490255531,12.219983560893638,39500,0,1
2007-02-21,33.03,33.43,32.6,32.82,55200,12.131832191653649,12.278751140386964,11.973894321765332,12.054699743568657,55200,0,1
2007-02-22,32.8,32.8,32.03,32.45,87900,12.04735379613199,12.04735379613199,11.764534819820355,11.918799715990339,87900,0,1
2007-02-23,32.38,33.34,32.1,33.28,55700,11.893088899962008,12.24569437692197,11.790245635848686,12.22365653461197,55700,0,1
2007-02-26,33.5,34.15,33.5,33.88,79100,12.304461956415295,12.543205248106934,12.304461956415295,12.444034957711947,79100,0,1
2007-02-27,33.7,33.97,32.3,32.37,99900,12.377921430781955,12.477091721176942,11.863705110215344,11.889415926243673,99900,0,1
2007-02-28,32.37,32.5,31.79,31.9,120800,11.889415926243673,11.937164584582003,11.676383450580365,11.716786161482027,120800,0,1
2007-03-01,31.65,32.76,31.3,32.07,250900,11.624961818523703,12.032661901258658,11.496407738382052,11.779226714693687,250900,0,1
2007-03-02,32,32.83,31.83,32.39,74000,11.753515898665356,12.05837271728699,11.691075345453696,11.89676187368034,74000,0,1
2007-03-05,32.3,32.3,30.5,31.19,88700,11.863705110215344,11.863705110215344,11.202569840915418,11.45600502748039,88700,0,1
2007-03-06,31.41,31.62,31.1,31.32,136400,11.536810449283713,11.613942897368705,11.422948264015394,11.503753685818717,136400,0,1
2007-03-07,31.25,31.3,30.83,31.06,74900,11.478042869790388,11.496407738382052,11.323777973620404,11.40825636914206,74900,0,1
2007-03-08,31.17,31.51,30.92,31.4,39200,11.448659080043724,11.573540186467044,11.356834737085402,11.53313747556538,39200,0,1
2007-03-09,31.5,32.59,31.49,32.25,57300,11.56986721274871,11.970221348047,11.566194239030377,11.84534024162368,57300,0,1
2007-03-12,32.15,32.4,30.91,32,37400,11.808610504440349,11.900434847398673,11.353161763367067,11.753515898665356,37400,0,1
2007-03-13,31.9,32.5,31.73,32.06,66300,11.716786161482027,11.937164584582003,11.654345608270368,11.775553740975354,66300,0,1
2007-03-14,32.14,32.39,32,32.23,43200,11.804937530722018,11.89676187368034,11.753515898665356,11.837994294187013,43200,0,1
2007-03-15,32.19,32.5,32.07,32.5,62200,11.82330239931368,11.937164584582003,11.779226714693687,11.937164584582003,62200,0,1
2007-03-16,32.5,32.92,32.3,32.67,116900,11.937164584582003,12.091429480751986,11.863705110215344,11.999605137793663,116900,0,1
2007-03-19,32.76,33.78,32.61,33.61,43100,12.032661901258658,12.407305220528617,11.977567295483665,12.344864667316957,43100,0,1
2007-03-20,33.46,33.95,33.42,33.5,56000,12.289770061541963,12.469745773740277,12.275078166668631,12.304461956415295,56000,0,1
2007-03-21,33.55,34.46,33.38,34.46,40300,12.322826825006958,12.657067433375255,12.260386271795301,12.657067433375255,40300,0,1
2007-03-22,34.5,35.58,34.46,35.34,34700,12.671759328248587,13.068440489828543,12.657067433375255,12.980289120588555,34700,0,1
2007-03-23,35.34,36.68,35.22,36.5,69400,12.980289120588555,13.472467598845165,12.936213435968558,13.406354071915173,69400,0,1
2007-03-26,36.44,37.22,36.2,36.9,56100,13.384316229605174,13.670808179635141,13.296164860365186,13.553273020648488,56100,0,1
2007-03-27,37.1,37.15,35.55,36,95600,13.626732495015148,13.645097363606812,13.057421568673544,13.222705385998527,95600,0,1
2007-03-28,35.9,36.41,35.56,35.98,107300,13.185975648815196,13.373297308450175,13.061094542391878,13.215359438561858,107300,0,1
2007-03-29,36.15,36.15,35.12,35.85,57200,13.27779999177352,13.27779999177352,12.899483698785227,13.167610780223532,57200,0,1
2007-03-30,35.85,36.58,35.66,36.38,46500,13.167610780223532,13.435737861661835,13.097824279575205,13.362278387295177,46500,0,1
2007-04-02,36.4,37.56,36.36,37.17,53300,13.369624334731842,13.795689286058463,13.35493243985851,13.652443311043479,53300,0,1
2007-04-03,37.26,39.02,37.26,38.77,45600,13.685500074508473,14.33194344893507,13.685500074508473,14.240119105976747,45600,0,1
2007-04-04,38.87,38.87,37.69,37.91,59200,14.276848843160074,14.276848843160074,13.84343794439679,13.924243366200113,59200,0,1
2007-04-05,37.92,38.6,37.71,38.47,20300,13.927916339918449,14.177678552765087,13.850783891833457,14.129929894426757,20300,0,1
2007-04-09,38.58,38.7,37.69,38.2,110700,14.17033260532842,14.214408289948416,13.84343794439679,14.03075960403177,110700,0,1
2007-04-10,38.04,38.2,37.88,38.11,56300,13.971992024538443,14.03075960403177,13.913224445045117,13.997702840566772,56300,0,1
2007-04-11,38.61,38.66,37.65,38.38,51400,14.181351526483418,14.199716395075082,13.828746049523458,14.096873130961763,51400,0,1
2007-04-12,38.2,38.6,38.2,38.5,23500,14.03075960403177,14.177678552765087,14.03075960403177,14.140948815581757,23500,0,1
2007-04-13,38.59,38.96,38.45,38.94,18500,14.174005579046755,14.309905606625072,14.122583946990094,14.302559659188404,18500,0,1
2007-04-16,39.07,39.92,38.96,39.82,32400,14.350308317526734,14.662511083585033,14.309905606625072,14.625781346401704,32400,0,1
2007-04-17,39.81,39.82,39.11,39.2,19500,14.622108372683371,14.625781346401704,14.365000212400066,14.398056975865062,19500,0,1
2007-04-18,39.1,39.2,37.91,38.07,48200,14.361327238681733,14.398056975865062,13.924243366200113,13.983010945693442,48200,0,1
2007-04-19,38.07,38.2,37.83,38.05,39700,13.983010945693442,14.03075960403177,13.89485957645345,13.975664998256775,39700,0,1
2007-04-20,38.5,38.55,38.07,38.44,54100,14.140948815581757,14.159313684173421,13.983010945693442,14.118910973271758,54100,0,1
2007-04-23,38.1,38.66,37.36,37.91,102800,13.994029866848441,14.199716395075082,13.722229811691804,13.924243366200113,102800,0,1
2007-04-24,37.91,37.91,36.82,37.63,75400,13.924243366200113,13.924243366200113,13.523889230901826,13.821400102086793,75400,0,1
2007-04-25,37.67,37.84,36.7,37.65,72300,13.836091996960125,13.898532550171785,13.479813546281832,13.828746049523458,72300,0,1
2007-04-26,37.6,38.62,37.6,38.08,74700,13.810381180931794,14.18502450020175,13.810381180931794,13.986683919411773,74700,0,1
2007-04-27,38.15,38.74,37.75,38.74,55300,14.012394735440104,14.229100184821748,13.865475786706787,14.229100184821748,55300,0,1
2007-04-30,38.7,38.7,37.25,37.87,246000,14.214408289948416,14.214408289948416,13.68182710079014,13.909551471326782,246000,0,1
2007-05-01,37.87,37.87,36.83,37.66,110700,13.909551471326782,13.909551471326782,13.527562204620159,13.83241902324179,110700,0,1
2007-05-02,37.65,38.22,37.42,37.8,111100,13.828746049523458,14.038105551468435,13.744267654001801,13.883840655298451,111100,0,1
2007-05-03,37.85,37.92,36.76,36.79,66600,13.902205523890117,13.927916339918449,13.501851388591827,13.512870309746827,66600,0,1
2007-05-04,36.95,37.58,36.86,37.56,55200,13.571637889240154,13.803035233495127,13.538581125775158,13.795689286058463,55200,0,1
2007-05-07,37.54,37.73,36.98,37.38,33300,13.788343338621797,13.85812983927012,13.582656810395152,13.72957575912847,33300,0,1
2007-05-08,37.3,37.46,36.72,37.45,48700,13.700191969381805,13.758959548875133,13.487159493718496,13.7552865751568,48700,0,1
2007-05-09,37.35,37.42,36.96,37.4,38300,13.718556837973471,13.744267654001801,13.575310862958487,13.736921706565134,38300,0,1
2007-05-10,37.3,37.3,36.34,36.34,48000,13.700191969381805,13.700191969381805,13.347586492421847,13.347586492421847,48000,0,1
2007-05-11,36.5,36.78,36.26,36.55,25500,13.406354071915173,13.509197336028494,13.318202702675181,13.424718940506835,25500,0,1
2007-05-14,36.5,37.38,36.34,37.26,100000,13.406354071915173,13.72957575912847,13.347586492421847,13.685500074508473,100000,0,1
2007-05-15,37.3,37.97,37.19,37.7,73600,13.700191969381805,13.946281208510111,13.659789258480144,13.847110918115124,73600,0,1
2007-05-16,37.7,37.84,37.15,37.3,102100,13.847110918115124,13.898532550171785,13.645097363606812,13.700191969381805,102100,0,1
2007-05-17,37.18,37.18,35.78,35.9,112100,13.656116284761811,13.656116284761811,13.141899964195202,13.185975648815196,112100,0,1
2007-05-18,35.9,36.11,35.56,36.05,92000,13.185975648815196,13.263108096900188,13.061094542391878,13.24107025459019,92000,0,1
2007-05-21,35.8,35.8,35,35.5,289400,13.149245911631866,13.149245911631866,12.855408014165233,13.03905670008188,289400,0,1
2007-05-22,36.05,36.2,35.33,35.4,2507500,13.24107025459019,13.296164860365186,12.976616146870219,13.00232696289855,2507500,0,1
2007-05-23,35.5,35.72,35.39,35.6,758400,13.03905670008188,13.119862121885204,12.998653989180218,13.07578643726521,758400,0,1
2007-05-24,35.55,35.71,34.62,34.8,599500,13.057421568673544,13.116189148166871,12.715835012868581,12.781948539798574,599500,0,1
2007-05-25,34.95,35.23,34.26,35.04,329200,12.83704314557357,12.93988640968689,12.583607959008596,12.870099909038565,329200,0,1
2007-05-29,34.95,35.83,34.95,35.67,161600,12.83704314557357,13.160264832786865,12.83704314557357,13.101497253293541,161600,0,1
2007-05-30,35.5,35.94,35.12,35.88,276700,13.03905670008188,13.200667543688528,12.899483698785227,13.178629701378531,276700,0,1
2007-05-31,36.34,37.1,36.2,36.95,342800,13.347586492421847,13.626732495015148,13.296164860365186,13.571637889240154,342800,0,1
2007-06-01,37.15,37.6,37.05,37.6,210400,13.645097363606812,13.810381180931794,13.608367626423481,13.810381180931794,210400,0,1
2007-06-04,37.54,37.71,37.07,37.7,262800,13.788343338621797,13.850783891833457,13.615713573860148,13.847110918115124,262800,0,1
2007-06-05,37.59,38.8,37.46,38.63,295100,13.806708207213463,14.251138027131743,13.758959548875133,14.188697473920087,295100,0,1
2007-06-06,38.43,38.43,37.8,38.2,212000,14.115237999553427,14.115237999553427,13.883840655298451,14.03075960403177,212000,0,1
2007-06-07,38.1,38.1,37.35,37.94,176900,13.994029866848441,13.994029866848441,13.718556837973471,13.935262287355112,176900,0,1
2007-06-08,37.94,38.55,37.86,38.3,154100,13.935262287355112,14.159313684173421,13.90587849760845,14.067489341215097,154100,0,1
2007-06-11,38.17,38.18,37.9,38.15,115400,14.01974068287677,14.023413656595103,13.920570392481782,14.012394735440104,115400,0,1
2007-06-12,38.14,38.53,38.09,38.25,170400,14.008721761721771,14.151967736736756,13.990356893130109,14.049124472623435,170400,0,1
2007-06-13,38.31,39.83,38.31,39.47,168300,14.071162314933432,14.629454320120034,14.071162314933432,14.497227266260051,168300,0,1
2007-06-14,39.6,39.98,39.27,39.55,242200,14.54497592459838,14.684548925895028,14.423767791893393,14.526611056006713,242200,0,1
2007-06-15,40.1,40.75,40.1,40.56,281200,14.728624610515025,14.967367902206664,14.728624610515025,14.897581401558341,281200,0,1
2007-06-18,40.68,40.91,40.43,40.69,208900,14.941657086178335,15.02613548169999,14.849832743220011,14.945330059896666,208900,0,1
2007-06-19,40.7,42.43,40.69,42.41,282600,14.949003033615002,15.584427486886597,14.945330059896666,15.57708153944993,282600,0,1
2007-06-20,42.66,43.6,41.33,41.43,386200,15.668905882408252,16.01416541193155,15.180400377869974,15.217130115053303,386200,0,1
2007-06-21,41.43,42.38,41.42,41.74,206800,15.217130115053303,15.566062618294932,15.213457141334972,15.330992300321626,206800,0,1
2007-06-22,41.8,41.9,40.62,41.32,209000,15.35303014263162,15.389759879814951,14.919619243868336,15.176727404151642,209000,0,1
2007-06-25,41.1,41.23,40.09,40.3,105200,15.095921982348317,15.143670640686643,14.724951636796693,14.802084084881683,105200,0,1
2007-06-26,40.55,40.88,39.72,40.77,157800,14.893908427840005,15.015116560544994,14.589051609218373,14.974713849643331,157800,0,1
2007-06-27,40.67,40.88,40.2,40.8,342300,14.937984112460002,15.015116560544994,14.765354347698356,14.985732770798329,342300,0,1
2007-06-28,40.81,40.81,39.44,39.52,119900,14.989405744516663,14.989405744516663,14.486208345105052,14.515592134851717,119900,0,1
2007-06-29,39.52,40.68,39.4,40.46,87700,14.515592134851717,14.941657086178335,14.47151645023172,14.86085166437501,87700,0,1
2007-07-02,40.6,42.82,40.56,41.66,202000,14.912273296431671,15.72767346190158,14.897581401558341,15.30160851057496,202000,0,1
2007-07-03,41.69,42.34,40.98,41.4,89200,15.31262743172996,15.5513707234216,15.051846297728321,15.206111193898304,89200,0,1
2007-07-05,41.37,42.53,41.37,42.53,68000,15.195092272743306,15.621157224069925,15.195092272743306,15.621157224069925,68000,0,1
2007-07-06,42.7,43.1,42.14,43,130400,15.683597777281586,15.830516726014903,15.47791124905494,15.793786988831572,130400,0,1
2007-07-09,43.11,43.11,42.51,42.98,103500,15.834189699733235,15.834189699733235,15.613811276633259,15.786441041394905,103500,0,1
2007-07-10,42.95,43.15,42.05,42.58,149800,15.77542212023991,15.848881594606565,15.444854485589945,15.63952209266159,149800,0,1
2007-07-11,42.55,43.01,42.5,42.96,77200,15.62850317150659,15.797459962549905,15.610138302914926,15.779095093958242,77200,0,1
2007-07-12,43.05,43.2,42.85,43.09,100500,15.812151857423236,15.867246463198232,15.738692383056579,15.82684375229657,100500,0,1
2007-07-13,43,43.61,42.72,43.49,65600,15.793786988831572,16.01783838564988,15.69094372471825,15.973762701029887,65600,0,1
2007-07-16,43.39,43.51,42.33,43.49,127300,15.937032963846557,15.98110864846655,15.547697749703266,15.973762701029887,127300,0,1
2007-07-17,43.7,43.89,43.59,43.69,244900,16.05089514911488,16.120681649763203,16.010492438213216,16.047222175396545,244900,0,1
2007-07-18,43.61,43.66,42.75,42.99,123700,16.01783838564988,16.036203254241546,15.70196264587325,15.790114015113241,123700,0,1
2007-07-19,43.11,43.13,42.5,42.6,156200,15.834189699733235,15.841535647169902,15.610138302914926,15.646868040098257,156200,0,1
2007-07-20,42.51,42.6,42.07,42.26,125100,15.613811276633259,15.646868040098257,15.452200433026611,15.521986933674935,125100,0,1
2007-07-23,42.1,42.33,42.01,42.32,68600,15.46321935418161,15.547697749703266,15.430162590716613,15.544024775984933,68600,0,1
2007-07-24,42.32,42.72,40.84,40.91,76200,15.544024775984933,15.69094372471825,15.000424665671662,15.02613548169999,76200,0,1
2007-07-25,41.1,41.27,40.75,41.07,131100,15.095921982348317,15.158362535559977,14.967367902206664,15.084903061193318,131100,0,1
2007-07-26,40.5,40.77,39.87,40.49,123300,14.875543559248342,14.974713849643331,14.644146214993366,14.87187058553001,123300,0,1
2007-07-27,40.45,41.7,40.4,40.4,130500,14.857178690656678,15.316300405448294,14.838813822065012,14.838813822065012,130500,0,1
2007-07-30,40.4,41.38,40.22,41.27,98000,14.838813822065012,15.19876524646164,14.772700295135019,15.158362535559977,98000,0,1
2007-07-31,41.5,42.06,41.1,41.2,120700,15.242840931081634,15.448527459308279,15.095921982348317,15.132651719531648,120700,0,1
2007-08-01,41.31,42.5,40.92,41.69,256600,15.173054430433309,15.610138302914926,15.029808455418324,15.31262743172996,256600,0,1
2007-08-02,41.77,43.43,41.77,42.25,185600,15.342011221476625,15.951724858719889,15.342011221476625,15.518313959956604,185600,0,1
2007-08-03,42.3,42.7,40.83,41.1,230400,15.536678828548267,15.683597777281586,14.996751691953328,15.095921982348317,230400,0,1
2007-08-06,42.01,42.99,34.41,38.79,1251700,15.430162590716613,15.790114015113241,12.638702564783589,14.24746505341341,1251700,0,1
2007-08-07,38.79,39.61,38.5,38.76,229100,14.24746505341341,14.548648898316712,14.140948815581757,14.236446132258413,229100,0,1
2007-08-08,39.05,41.41,39,39.95,420400,14.342962370090067,15.209784167616636,14.324597501498403,14.673530004740032,420400,0,1
2007-08-09,39.1,39.4,38.27,38.46,491200,14.361327238681733,14.47151645023172,14.056470420060101,14.126256920708425,491200,0,1
2007-08-10,38.2,38.64,37.2,38,300900,14.03075960403177,14.192370447638417,13.663462232198478,13.95730012966511,300900,0,1
2007-08-13,38.6,38.85,38.29,38.5,253500,14.177678552765087,14.26950289572341,14.063816367496765,14.140948815581757,253500,0,1
2007-08-14,38.5,39.81,38.28,38.46,319700,14.140948815581757,14.622108372683371,14.060143393778434,14.126256920708425,319700,0,1
2007-08-15,38.38,38.48,36.94,37.43,208700,14.096873130961763,14.13360286814509,13.56796491552182,13.747940627720133,208700,0,1
2007-08-16,37.16,37.29,35.39,36.9,418400,13.648770337325145,13.696518995663473,12.998653989180218,13.553273020648488,418400,0,1
2007-08-17,38.4,39.5,37.63,37.83,223100,14.104219078398428,14.508246187415049,13.821400102086793,13.89485957645345,223100,0,1
2007-08-20,38.05,39.62,37.86,38.85,173000,13.975664998256775,14.552321872035044,13.90587849760845,14.26950289572341,173000,0,1
2007-08-21,38.95,39.35,37.4,38.41,50700,14.30623263290674,14.453151581640055,13.736921706565134,14.107892052116759,50700,0,1
2007-08-22,38.6,40,38.6,39.81,94500,14.177678552765087,14.691894873331696,14.177678552765087,14.622108372683371,94500,0,1
2007-08-23,39.95,39.99,39.23,39.29,47500,14.673530004740032,14.688221899613364,14.40907589702006,14.431113739330058,47500,0,1
2007-08-24,39.19,39.5,38.8,39.5,69300,14.394384002146728,14.508246187415049,14.251138027131743,14.508246187415049,69300,0,1
2007-08-27,39.45,39.75,39.21,39.53,88500,14.489881318823386,14.600070530373372,14.401729949583395,14.519265108570048,88500,0,1
2007-08-28,39.43,39.45,38.45,38.65,126300,14.482535371386719,14.489881318823386,14.122583946990094,14.19604342135675,126300,0,1
2007-08-29,38.65,39.05,38.42,39.05,171200,14.19604342135675,14.342962370090067,14.111565025835095,14.342962370090067,171200,0,1
2007-08-30,39.07,39.28,38.8,39.19,156900,14.350308317526734,14.427440765611726,14.251138027131743,14.394384002146728,156900,0,1
2007-08-31,39.69,40.75,39.56,40.65,149300,14.578032688063374,14.967367902206664,14.530284029725047,14.930638165023336,149300,0,1
2007-09-04,40.63,40.95,40.4,40.82,95600,14.92329221758667,15.040827376573324,14.838813822065012,14.993078718234996,95600,0,1
2007-09-05,40.64,41.35,40.54,41.06,104400,14.926965191305003,15.187746325306641,14.890235454121672,15.081230087474987,104400,0,1
2007-09-06,41.33,41.64,40.97,41.05,69300,15.180400377869974,15.294262563138295,15.048173324009989,15.07755711375665,69300,0,1
2007-09-07,40.65,40.65,39.06,39.39,70600,14.930638165023336,14.930638165023336,14.346635343808401,14.467843476513387,70600,0,1
2007-09-10,39.55,40,39.21,39.62,68200,14.526611056006713,14.691894873331696,14.401729949583395,14.552321872035044,68200,0,1
2007-09-11,39.69,40.1,39.57,40,77500,14.578032688063374,14.728624610515025,14.53395700344338,14.691894873331696,77500,0,1
2007-09-12,39.85,39.96,39.27,39.47,77800,14.636800267556703,14.677202978458364,14.423767791893393,14.497227266260051,77800,0,1
2007-09-13,39.55,39.73,38.71,39.21,92700,14.526611056006713,14.592724582936706,14.218081263666749,14.401729949583395,92700,0,1
2007-09-14,38.9,39.89,38.81,39.43,58100,14.287867764315074,14.651492162430033,14.25481100085008,14.482535371386719,58100,0,1
2007-09-17,39.35,39.42,38.68,38.87,93100,14.453151581640055,14.478862397668387,14.20706234251175,14.276848843160074,93100,0,1
2007-09-18,39.18,40.21,39.02,39.99,169500,14.390711028428395,14.769027321416687,14.33194344893507,14.688221899613364,169500,0,1
2007-09-19,40,41.84,39.81,40.87,197300,14.691894873331696,15.367722037504954,14.622108372683371,15.011443586826658,197300,0,1
2007-09-20,40.99,41.85,40.91,41.33,197100,15.055519271446656,15.371395011223287,15.02613548169999,15.180400377869974,197100,0,1
2007-09-21,41.65,42.24,40.87,41.89,289100,15.297935536856627,15.514640986238271,15.011443586826658,15.386086906096619,289100,0,1
2007-09-24,42.1,43.95,42.1,43.69,770200,15.46321935418161,16.1427194920732,15.46321935418161,16.047222175396545,770200,0,1
2007-09-25,43.8,46.78,43.72,45.9,791300,16.087624886298205,17.18217105436142,16.058241096551544,16.85894936714812,791300,0,1
2007-09-26,46.42,47.45,46.2,47,464900,17.049944000501434,17.428260293489725,16.96913857869811,17.26297647616474,464900,0,1
2007-09-27,47,47.29,46.31,46.9,325500,17.26297647616474,17.369492713996397,17.00954128959977,17.226246738981413,325500,0,1
2007-09-28,46.6,47.22,45.62,45.71,176900,17.116057527431426,17.343781897968068,16.7561061030348,16.789162866499794,176900,0,1
2007-10-01,46.05,46.61,45.3,46.17,313200,16.914043972923114,17.119730501149757,16.638570944048144,16.95811965754311,313200,0,1
2007-10-02,46.34,46.79,45.8,46.27,140200,17.02056021075477,17.18584402807975,16.822219629964792,16.99484939472644,140200,0,1
2007-10-03,46.02,46.22,45.33,45.52,138600,16.903025051768118,16.976484526134772,16.649589865203144,16.71937636585147,138600,0,1
2007-10-04,45.52,45.95,44.52,44.74,206400,16.71937636585147,16.877314235739785,16.35207899401818,16.4328844158215,206400,0,1
2007-10-05,45.25,46.66,45.13,46.2,391500,16.62020607545648,17.13809536974142,16.576130390836486,16.96913857869811,391500,0,1
2007-10-08,46.58,46.85,46,46.4,125700,17.108711579994758,17.20788187038975,16.89567910433145,17.042598053064765,125700,0,1
2007-10-09,46.6,47.16,46.07,46.27,118200,17.116057527431426,17.32174405565807,16.92138992035978,16.99484939472644,118200,0,1
2007-10-10,46.47,47.11,46,46.61,149500,17.068308869093098,17.303379187066405,16.89567910433145,17.119730501149757,149500,0,1
2007-10-11,47.14,48.25,43,44.59,640700,17.314398108221404,17.72209819095636,15.793786988831572,16.377789810046508,640700,0,1
2007-10-12,44.85,45.79,43.07,45.73,276000,16.473287126723164,16.818546656246458,15.819497804859903,16.79650881393646,276000,0,1
2007-10-15,45.5,45.7,44,44.88,132700,16.712030418414805,16.785489892781463,16.161084360664866,16.484306047878164,132700,0,1
2007-10-16,44.5,45.35,44.26,44.68,144200,16.34473304658151,16.65693581263981,16.25658167734152,16.410846573511503,144200,0,1
2007-10-17,45,45.57,44.76,45.25,185800,16.528381732498158,16.737741234443135,16.440230363258166,16.62020607545648,185800,0,1
2007-10-18,45.15,45.35,44.82,44.94,154500,16.58347633827315,16.65693581263981,16.462268205568165,16.50634389018816,154500,0,1
2007-10-19,44.8,45.08,42.91,43.1,241400,16.454922258131496,16.55776552224482,15.760730225366576,15.830516726014903,241400,0,1
2007-10-22,42.02,44.13,41.15,43.32,352800,15.433835564434947,16.208833019003194,15.114286850939981,15.911322147818227,352800,0,1
2007-10-23,44.2,44.2,42.43,42.91,245800,16.234543835031523,16.234543835031523,15.584427486886597,15.760730225366576,245800,0,1
2007-10-24,43.12,44.03,42.16,43.78,283000,15.837862673451566,16.172103281819865,15.485257196491606,16.08027893886154,283000,0,1
2007-10-25,44.2,44.4,42.65,43.03,142300,16.234543835031523,16.30800330939818,15.66523290868992,15.804805909986571,142300,0,1
2007-10-26,43.42,44.31,42.68,42.96,123900,15.948051885001556,16.274946545933187,15.676251829844919,15.779095093958242,123900,0,1
2007-10-29,43.3,46.1,43.3,46.01,241300,15.903976200381559,16.93240884151478,15.903976200381559,16.89935207804978,241300,0,1
2007-10-30,45.75,45.84,45.05,45.23,173500,16.803854761373128,16.836911524838126,16.546746601089822,16.612860128019815,173500,0,1
2007-10-31,45.35,45.67,44.71,45.52,88100,16.65693581263981,16.774470971626464,16.421865494666502,16.71937636585147,88100,0,1
2007-11-01,45.91,46.04,44.44,44.84,227800,16.86262234086645,16.91037099920478,16.32269520427151,16.469614153004834,227800,0,1
2007-11-02,45,45.15,43.73,44.91,120300,16.528381732498158,16.58347633827315,16.061914070269875,16.49532496903316,120300,0,1
2007-11-05,44.2,44.62,43.44,44.35,87700,16.234543835031523,16.388808731201504,15.955397832438221,16.289638440806517,87700,0,1
2007-11-06,44.35,46.01,44.25,45.68,181700,16.289638440806517,16.89935207804978,16.252908703623188,16.778143945344794,181700,0,1
2007-11-07,45.25,45.55,43.88,43.99,158800,16.62020607545648,16.730395287006466,16.117008676044872,16.15741138694653,158800,0,1
2007-11-08,44.17,44.95,43.81,44.7,194100,16.223524913876524,16.510016863906493,16.09129786001654,16.41819252094817,194100,0,1
2007-11-09,44,44.2,42.48,42.55,125000,16.161084360664866,16.234543835031523,15.60279235547826,15.62850317150659,125000,0,1
2007-11-12,42.55,45.47,42.21,44.53,347400,15.62850317150659,16.701011497259806,15.503622065083272,16.35575196773651,347400,0,1
2007-11-13,44.78,45.59,44.62,45.4,207000,16.447576310694835,16.7450871818798,16.388808731201504,16.675300681231473,207000,0,1
2007-11-14,45.48,46.28,44.82,45.3,223700,16.704684470978137,16.99852236844477,16.462268205568165,16.638570944048144,223700,0,1
2007-11-15,45.17,45.17,43.78,44.26,184100,16.59082228570982,16.59082228570982,16.08027893886154,16.25658167734152,184100,0,1
2007-11-16,44.08,47.14,44.08,46.29,476300,16.19046815041153,17.314398108221404,16.19046815041153,17.002195342163105,476300,0,1
2007-11-19,46.74,49.9,45.97,48.5,1200400,17.16747915948809,18.32813885448129,16.88466018317645,17.81392253391468,1200400,0,1
2007-11-20,47.53,47.97,46.11,46.9,323700,17.45764408323639,17.619254926843034,16.936081815233113,17.226246738981413,323700,0,1
2007-11-21,46.62,48.69,46.51,48.05,405200,17.12340347486809,17.883709034563005,17.083000763966428,17.648638716589698,405200,0,1
2007-11-23,49,49.54,48.35,49.54,117400,17.997571219831325,18.195911800621303,17.758827928139688,18.195911800621303,117400,0,1
2007-11-26,50.2,51.6,49.96,50.19,230500,18.43832806603128,18.95254438659789,18.350176696791287,18.434655092312944,230500,0,1
2007-11-27,50.24,50.24,47.19,48,438400,18.45301996090461,18.45301996090461,17.33276297681307,17.630273847998033,438400,0,1
2007-11-28,47.68,49.88,47.6,49.02,343500,17.512738689011382,18.320792907044627,17.483354899264718,18.004917167267994,343500,0,1
2007-11-29,48.81,49.81,48.81,49.15,173000,17.927784719183002,18.295082091016294,17.927784719183002,18.05266582560632,173000,0,1
2007-11-30,50.31,50.59,47.32,47.68,305300,18.47873077693294,18.581574041046263,17.380511635151397,17.512738689011382,305300,0,1
2007-12-03,47,48.81,44.85,48.34,624400,17.26297647616474,17.927784719183002,16.473287126723164,17.755154954421354,624400,0,1
2007-12-04,48.35,48.75,47.45,48.23,315200,17.758827928139688,17.905746876873003,17.428260293489725,17.71475224351969,315200,0,1
2007-12-05,48.73,48.73,47.56,48.12,266300,17.898400929436338,17.898400929436338,17.468663004391388,17.674349532618027,266300,0,1
2007-12-06,48,48.31,47.5,48.12,148900,17.630273847998033,17.744136033266358,17.44662516208139,17.674349532618027,148900,0,1
2007-12-07,48.25,48.25,47,47.42,213700,17.72209819095636,17.72209819095636,17.26297647616474,17.417241372334725,213700,0,1
2007-12-10,47.45,49.13,47.42,48.91,279100,17.428260293489725,18.045319878169657,17.417241372334725,17.96451445636633,279100,0,1
2007-12-11,48.97,48.97,46.72,47.34,880600,17.98655229867633,17.98655229867633,17.16013321205142,17.38785758258806,880600,0,1
2007-12-12,47.35,47.76,47.25,47.54,325900,17.391530556306396,17.542122478758042,17.354800819123064,17.46131705695472,325900,0,1
2007-12-13,46.6,47.27,46.07,46.92,240100,17.116057527431426,17.362146766559732,16.92138992035978,17.233592686418078,240100,0,1
2007-12-14,46.63,46.63,44.4,45.52,539800,17.127076448586426,17.127076448586426,16.30800330939818,16.71937636585147,539800,0,1
2007-12-17,44.53,45.85,43.32,45.15,498500,16.35575196773651,16.840584498556456,15.911322147818227,16.58347633827315,498500,0,1
2007-12-18,45.6,45.6,44.05,44.95,493600,16.748760155598134,16.748760155598134,16.17944922925653,16.510016863906493,493600,0,1
2007-12-19,44.79,45.06,44.17,44.85,176100,16.451249284413166,16.550419574808156,16.223524913876524,16.473287126723164,176100,0,1
2007-12-20,44.78,45.05,44.13,44.75,352300,16.447576310694835,16.546746601089822,16.208833019003194,16.436557389539836,352300,0,1
2007-12-21,45.37,46.4,44.96,45.55,445700,16.664281760076474,17.042598053064765,16.513689837624828,16.730395287006466,445700,0,1
2007-12-24,45.78,46.63,45.06,46.08,116800,16.814873682528127,17.127076448586426,16.550419574808156,16.925062894078113,116800,0,1
2007-12-26,45.58,46.18,45.58,45.88,115000,16.741414208161466,16.961792631261442,16.741414208161466,16.851603419711456,115000,0,1
2007-12-27,45.91,46.11,45.19,45.38,215300,16.86262234086645,16.936081815233113,16.59816823314648,16.667954733794808,215300,0,1
2007-12-28,45.5,45.72,44.57,45.25,280700,16.712030418414805,16.792835840218128,16.370443862609843,16.62020607545648,280700,0,1
2007-12-31,44.75,45.22,44.54,45.17,141100,16.436557389539836,16.60918715430148,16.359424941454844,16.59082228570982,141100,0,1
2008-01-02,45.15,45.31,44.41,45.14,281500,16.58347633827315,16.64224391776648,16.311676283116515,16.57980336455482,281500,0,1
2008-01-03,45,46.51,45,45.53,366900,16.528381732498158,17.083000763966428,16.528381732498158,16.7230493395698,366900,0,1
2008-01-04,45.01,46.3,44.81,45.56,332800,16.53205470621649,17.005868315881436,16.458595231849834,16.7340682607248,332800,0,1
2008-01-07,45.7,46,44.83,45.09,502100,16.785489892781463,16.89567910433145,16.465941179286496,16.561438495963156,502100,0,1
2008-01-08,45.18,45.18,42.52,42.63,710300,16.59449525942815,16.59449525942815,15.617484250351593,15.657886961253256,710300,0,1
2008-01-09,42.92,42.92,41.57,42.24,459100,15.76440319908491,15.76440319908491,15.268551747109965,15.514640986238271,459100,0,1
2008-01-10,42.12,42.83,41.18,42.24,405400,15.470565301618274,15.731346435619912,15.12530577209498,15.514640986238271,405400,0,1
2008-01-11,42.2,42.51,41.32,41.75,148700,15.49994909136494,15.613811276633259,15.176727404151642,15.334665274039958,148700,0,1
2008-01-14,41.46,41.94,40.65,41.77,330400,15.228149036208302,15.404451774688281,14.930638165023336,15.342011221476625,330400,0,1
2008-01-15,41.02,42.37,41.02,41.72,298900,15.066538192601655,15.562389644576598,15.066538192601655,15.323646352884959,298900,0,1
2008-01-16,41.31,42.05,41.3,41.64,440500,15.173054430433309,15.444854485589945,15.169381456714975,15.294262563138295,440500,0,1
2008-01-17,41.75,41.85,40.1,40.33,461400,15.334665274039958,15.371395011223287,14.728624610515025,14.813103006036682,461400,0,1
2008-01-18,40.72,41.2,38.88,39.87,392800,14.956348981051665,15.132651719531648,14.280521816878409,14.644146214993366,392800,0,1
2008-01-22,38.21,39.4,37.58,38.53,363300,14.034432577750103,14.47151645023172,13.803035233495127,14.151967736736756,363300,0,1
2008-01-23,37.65,40.06,37.33,39.94,519800,13.828746049523458,14.713932715641693,13.711210890536805,14.669857031021698,519800,0,1
2008-01-24,40.04,42.45,40.04,41.07,538300,14.706586768205026,15.591773434323263,14.706586768205026,15.084903061193318,538300,0,1
2008-01-25,41.25,41.25,39.7,39.83,547000,15.15101658812331,15.15101658812331,14.581705661781708,14.629454320120034,547000,0,1
2008-01-28,39.89,40.13,39.19,39.85,282800,14.651492162430033,14.739643531670025,14.394384002146728,14.636800267556703,282800,0,1
2008-01-29,41.65,41.65,40.15,41.07,469400,15.297935536856627,15.297935536856627,14.74698947910669,15.084903061193318,469400,0,1
2008-01-30,41.32,41.32,40.4,40.71,215200,15.176727404151642,15.176727404151642,14.838813822065012,14.952676007333334,215200,0,1
2008-01-31,40.7,41.72,40.44,41.38,317300,14.949003033615002,15.323646352884959,14.853505716938344,15.19876524646164,317300,0,1
2008-02-01,41.38,43.48,40.91,43.25,348000,15.19876524646164,15.970089727311551,15.02613548169999,15.885611331789896,348000,0,1
2008-02-04,43.5,44.35,43.2,44.33,295600,15.977435674748218,16.289638440806517,15.867246463198232,16.28229249336985,295600,0,1
2008-02-05,44.57,45.18,44.01,44.91,481000,16.370443862609843,16.59449525942815,16.164757334383197,16.49532496903316,481000,0,1
2008-02-06,45,45,43.5,44.07,378300,16.528381732498158,16.528381732498158,15.977435674748218,16.186795176693195,378300,0,1
2008-02-07,44.2,44.39,43.01,44.15,278200,16.234543835031523,16.30433033567985,15.797459962549905,16.21617896643986,278200,0,1
2008-02-08,43.2,43.31,38.53,40.1,1755300,15.867246463198232,15.907649174099895,14.151967736736756,14.728624610515025,1755300,0,1
2008-02-11,39.74,40.01,38.59,39.3,1081300,14.59639755665504,14.695567847050027,14.174005579046755,14.43478671304839,1081300,0,1
2008-02-12,38.77,40.38,38.77,40.03,402500,14.240119105976747,14.831467874628348,14.240119105976747,14.702913794486694,402500,0,1
2008-02-13,40.48,41.42,40.02,41.26,278900,14.868197611811675,15.213457141334972,14.699240820768363,15.154689561841643,278900,0,1
2008-02-14,41.01,41.75,39.8,39.86,271000,15.06286521888332,15.334665274039958,14.618435398965037,14.640473241275034,271000,0,1
2008-02-15,39.75,40,39.39,39.63,221200,14.600070530373372,14.691894873331696,14.467843476513387,14.555994845753379,221200,0,1
2008-02-19,40.03,40.03,39.01,39.39,503800,14.702913794486694,14.702913794486694,14.328270475216735,14.467843476513387,503800,0,1
2008-02-20,39.04,39.21,38.28,38.88,360900,14.339289396371734,14.401729949583395,14.060143393778434,14.280521816878409,360900,0,1
2008-02-21,38.86,39.25,38.15,38.65,665100,14.273175869441742,14.416421844456726,14.012394735440104,14.19604342135675,665100,0,1
2008-02-22,39.03,39.03,38.02,38.64,301600,14.335616422653402,14.335616422653402,13.964646077101778,14.192370447638417,301600,0,1
2008-02-25,38.6,39.61,38.6,39.5,154000,14.177678552765087,14.548648898316712,14.177678552765087,14.508246187415049,154000,0,1
2008-02-26,39.33,39.97,39.03,39.85,333600,14.445805634203388,14.680875952176697,14.335616422653402,14.636800267556703,333600,0,1
2008-02-27,39.99,40.6,39.69,40,227400,14.688221899613364,14.912273296431671,14.578032688063374,14.691894873331696,227400,0,1
2008-02-28,39.99,39.99,39.37,39.56,300500,14.688221899613364,14.688221899613364,14.46049752907672,14.530284029725047,300500,0,1
2008-02-29,39.1,39.35,38.75,38.86,651300,14.361327238681733,14.453151581640055,14.23277315854008,14.273175869441742,651300,0,1
2008-03-03,38.74,39.14,38.54,39.11,638700,14.229100184821748,14.376019133555065,14.155640710455089,14.365000212400066,638700,0,1
2008-03-04,38.9,39.22,38.35,38.75,249800,14.287867764315074,14.405402923301727,14.085854209806763,14.23277315854008,249800,0,1
2008-03-05,39.13,39.37,38.85,39.32,161000,14.372346159836733,14.46049752907672,14.26950289572341,14.442132660485056,161000,0,1
2008-03-06,39.02,39.79,39.02,39.16,191500,14.33194344893507,14.614762425246704,14.33194344893507,14.383365080991728,191500,0,1
2008-03-07,38.91,39.12,38.75,39.05,183500,14.291540738033406,14.368673186118397,14.23277315854008,14.342962370090067,183500,0,1
2008-03-10,39,39.25,37.44,37.9,434600,14.324597501498403,14.416421844456726,13.751613601438466,13.920570392481782,434600,0,1
2008-03-11,38.49,38.76,38.27,38.76,167200,14.137275841863424,14.236446132258413,14.056470420060101,14.236446132258413,167200,0,1
2008-03-12,38.81,38.81,37.79,38.05,310100,14.25481100085008,14.25481100085008,13.880167681580119,13.975664998256775,310100,0,1
2008-03-13,37.68,38.28,36.42,38.12,297200,13.839764970678457,14.060143393778434,13.376970282168509,14.001375814285105,297200,0,1
2008-03-14,38.45,38.45,36.73,37.61,290600,14.122583946990094,14.122583946990094,13.490832467436828,13.814054154650126,290600,0,1
2008-03-17,36.63,37.2,36.24,36.49,180700,13.454102730253501,13.663462232198478,13.310856755238516,13.40268109819684,180700,0,1
2008-03-18,37.09,37.73,36.11,37.52,349900,13.623059521296815,13.85812983927012,13.263108096900188,13.780997391185132,349900,0,1
2008-03-19,37.83,37.83,36.94,37.05,222900,13.89485957645345,13.89485957645345,13.56796491552182,13.608367626423481,222900,0,1
2008-03-20,37.1,37.1,34.73,35.62,712100,13.626732495015148,13.626732495015148,12.756237723770244,13.083132384701875,712100,0,1
2008-03-24,35.9,36.97,35.7,36.68,367700,13.185975648815196,13.57898383667682,13.112516174448539,13.472467598845165,367700,0,1
2008-03-25,36.2,37.91,36.06,37.78,324000,13.296164860365186,13.924243366200113,13.244743228308524,13.876494707861786,324000,0,1
2008-03-26,37.67,37.74,36.74,37.4,311800,13.836091996960125,13.861802812988456,13.494505441155162,13.736921706565134,311800,0,1
2008-03-27,37.6,37.93,37.39,37.58,124600,13.810381180931794,13.93158931363678,13.733248732846803,13.803035233495127,124600,0,1
2008-03-28,37.68,37.92,37.23,37.32,96800,13.839764970678457,13.927916339918449,13.674481153353474,13.707537916818472,96800,0,1
2008-03-31,37.12,37.22,36.05,37.05,137500,13.634078442451813,13.670808179635141,13.24107025459019,13.608367626423481,137500,0,1
2008-04-01,37.2,38.45,36.65,38.3,252200,13.663462232198478,14.122583946990094,13.461448677690166,14.067489341215097,252200,0,1
2008-04-02,38.29,38.65,38.07,38.5,156200,14.063816367496765,14.19604342135675,13.983010945693442,14.140948815581757,156200,0,1
2008-04-03,38.32,39,38.3,38.77,138900,14.074835288651764,14.324597501498403,14.067489341215097,14.240119105976747,138900,0,1
2008-04-04,38.75,39.97,38.75,39.63,158400,14.23277315854008,14.680875952176697,14.23277315854008,14.555994845753379,158400,0,1
2008-04-07,39.66,39.88,39.15,39.2,108700,14.567013766908374,14.6478191887117,14.379692107273396,14.398056975865062,108700,0,1
2008-04-08,38.97,39.49,38.73,39.4,105400,14.313578580343403,14.504573213696718,14.225427211103414,14.47151645023172,105400,0,1
2008-04-09,39.2,39.4,37.86,38.19,185000,14.398056975865062,14.47151645023172,13.90587849760845,14.027086630313436,185000,0,1
2008-04-10,38.01,38.36,37.83,38.27,173300,13.960973103383443,14.089527183525096,13.89485957645345,14.056470420060101,173300,0,1
2008-04-11,37.95,37.96,36.75,36.85,230900,13.938935261073448,13.942608234791779,13.498178414873495,13.534908152056826,230900,0,1
2008-04-14,36.85,36.88,35.11,35.76,574900,13.534908152056826,13.545927073211825,12.895810725066896,13.134554016758536,574900,0,1
2008-04-15,35.91,36.14,33.74,34.66,718400,13.189648622533529,13.274127018055188,12.392613325655287,12.730526907741913,718400,0,1
2008-04-16,34.77,35.33,34.77,35,465000,12.770929618643578,12.976616146870219,12.770929618643578,12.855408014165233,465000,0,1
2008-04-17,35.08,35.93,35.08,35.83,225100,12.884791803911897,13.196994569970196,12.884791803911897,13.160264832786865,225100,0,1
2008-04-18,36.34,36.34,35.7,36,372400,13.347586492421847,13.347586492421847,13.112516174448539,13.222705385998527,372400,0,1
2008-04-21,36.07,36.93,35.87,36.85,353600,13.248416202026856,13.564291941803488,13.174956727660197,13.534908152056826,353600,0,1
2008-04-22,36.74,36.76,35.38,36.37,351000,13.494505441155162,13.501851388591827,12.994981015461885,13.358605413576843,351000,0,1
2008-04-23,36.42,37.31,36.42,36.72,220500,13.376970282168509,13.70386494310014,13.376970282168509,13.487159493718496,220500,0,1
2008-04-24,36.89,37.79,36.55,37.55,218000,13.549600046930156,13.880167681580119,13.424718940506835,13.792016312340127,218000,0,1
2008-04-25,37.62,38.24,37.21,37.97,112700,13.817727128368459,14.045451498905102,13.66713520591681,13.946281208510111,112700,0,1
2008-04-28,37.86,38.34,37.53,38.05,146000,13.90587849760845,14.08218123608843,13.784670364903464,13.975664998256775,146000,0,1
2008-04-29,38.15,38.82,38.07,38.76,145100,14.012394735440104,14.25848397456841,13.983010945693442,14.236446132258413,145100,0,1
2008-04-30,38.73,39,37.85,37.97,208200,14.225427211103414,14.324597501498403,13.902205523890117,13.946281208510111,208200,0,1
2008-05-01,37.97,38.06,37.17,37.82,528500,13.946281208510111,13.97933797197511,13.652443311043479,13.891186602735118,528500,0,1
2008-05-02,38,39.07,38,38.76,504100,13.95730012966511,14.350308317526734,13.95730012966511,14.236446132258413,504100,0,1
2008-05-05,38.76,39.49,38.51,39.36,349300,14.236446132258413,14.504573213696718,14.14462178930009,14.456824555358388,349300,0,1
2008-05-06,42.86,43.87,41.43,42.39,1269700,15.742365356774911,16.113335702326538,15.217130115053303,15.569735592013265,1269700,0,1
2008-05-07,42.18,43.78,42.18,42.77,450200,15.492603143928273,16.08027893886154,15.492603143928273,15.709308593309917,450200,0,1
2008-05-08,43.11,43.58,42.67,43.03,558400,15.834189699733235,16.006819464494882,15.672578856126586,15.804805909986571,558400,0,1
2008-05-09,42.79,43.02,42.2,42.55,248300,15.716654540746582,15.801132936268239,15.49994909136494,15.62850317150659,248300,0,1
2008-05-12,42.52,43.74,41.62,43.74,329900,15.617484250351593,16.06558704398821,15.286916615701628,16.06558704398821,329900,0,1
2008-05-13,43.72,43.72,42,43.06,623800,16.058241096551544,16.058241096551544,15.42648961699828,15.81582483114157,623800,0,1
2008-05-14,43.05,43.05,41.51,41.83,555700,15.812151857423236,15.812151857423236,15.246513904799967,15.36404906378662,555700,0,1
2008-05-15,41.97,43.16,41.68,43.05,356300,15.41547069584328,15.852554568324898,15.308954458011627,15.812151857423236,356300,0,1
2008-05-16,43.09,43.09,41.95,42.4,440200,15.82684375229657,15.82684375229657,15.408124748406617,15.573408565731597,440200,0,1
2008-05-19,41.93,42.16,40.82,41.79,629500,15.400778800969949,15.485257196491606,14.993078718234996,15.349357168913288,629500,0,1
2008-05-20,41.16,42.7,41.16,42.61,407500,15.117959824658314,15.683597777281586,15.117959824658314,15.65054101381659,407500,0,1
2008-05-21,42.82,43.83,41.79,42.06,725200,15.72767346190158,16.098643807453204,15.349357168913288,15.448527459308279,725200,0,1
2008-05-22,41.87,42.64,41.61,42.04,446100,15.378740958659952,15.661559934971587,15.283243641983296,15.441181511871612,446100,0,1
2008-05-23,41.51,42.24,40.95,41.52,471200,15.246513904799967,15.514640986238271,15.040827376573324,15.250186878518301,471200,0,1
2008-05-27,41.19,42.33,41.19,41.7,438000,15.128978745813313,15.547697749703266,15.128978745813313,15.316300405448294,438000,0,1
2008-05-28,42.22,42.7,42.13,42.46,507300,15.507295038801605,15.683597777281586,15.47423827533661,15.595446408041596,507300,0,1
2008-05-29,42.38,42.77,42.22,42.49,390400,15.566062618294932,15.709308593309917,15.507295038801605,15.606465329196594,390400,0,1
2008-05-30,42.6,43.62,42.6,43.6,411800,15.646868040098257,16.021511359368212,15.646868040098257,16.01416541193155,411800,0,1
2008-06-02,43,44.54,42.76,43.72,656200,15.793786988831572,16.359424941454844,15.705635619591582,16.058241096551544,656200,0,1
2008-06-03,43.62,44.4,43,43.5,678000,16.021511359368212,16.30800330939818,15.793786988831572,15.977435674748218,678000,0,1
2008-06-04,43.45,43.62,42.78,43.04,771700,15.959070806156555,16.021511359368212,15.71298156702825,15.808478883704904,771700,0,1
2008-06-05,43.35,43.43,42.52,42.85,597100,15.922341068973225,15.951724858719889,15.617484250351593,15.738692383056579,597100,0,1
2008-06-06,42.75,42.79,36.37,37.23,2957200,15.70196264587325,15.716654540746582,13.358605413576843,13.674481153353474,2957200,0,1
2008-06-09,37.88,39.19,37.29,38.95,1564900,13.913224445045117,14.394384002146728,13.696518995663473,14.30623263290674,1564900,0,1
2008-06-10,38.49,39.19,38.31,38.65,506600,14.137275841863424,14.394384002146728,14.071162314933432,14.19604342135675,506600,0,1
2008-06-11,38.58,39,36.94,36.97,686900,14.17033260532842,14.324597501498403,13.56796491552182,13.57898383667682,686900,0,1
2008-06-12,37.19,37.83,36.47,36.56,1199900,13.659789258480144,13.89485957645345,13.395335150760173,13.42839191422517,1199900,0,1
2008-06-13,36.45,37.09,36.2,36.73,791300,13.387989203323508,13.623059521296815,13.296164860365186,13.490832467436828,791300,0,1
2008-06-16,36.8,36.8,35.99,36.1,705600,13.51654328346516,13.51654328346516,13.219032412280194,13.259435123181856,705600,0,1
2008-06-17,36.5,36.8,35.89,36.23,1283300,13.406354071915173,13.51654328346516,13.182302675096864,13.307183781520182,1283300,0,1
2008-06-18,36.13,36.47,35.94,36.17,604800,13.270454044336855,13.395335150760173,13.200667543688528,13.285145939210187,604800,0,1
2008-06-19,36.21,36.41,36,36.3,447800,13.299837834083517,13.373297308450175,13.222705385998527,13.332894597548513,447800,0,1
2008-06-20,36.2,36.27,35.61,36.04,478600,13.296164860365186,13.321875676393516,13.079459410983542,13.237397280871857,478600,0,1
2008-06-23,36.44,37,36.22,36.78,988600,13.384316229605174,13.590002757831819,13.30351080780185,13.509197336028494,988600,0,1
2008-06-24,36.33,36.49,35.74,35.98,878800,13.343913518703513,13.40268109819684,13.12720806932187,13.215359438561858,878800,0,1
2008-06-25,35.8,36.31,35.21,35.5,543900,13.149245911631866,13.336567571266848,12.932540462250225,13.03905670008188,543900,0,1
2008-06-26,35.51,35.51,34.67,34.74,579600,13.042729673800212,13.042729673800212,12.734199881460247,12.759910697488579,579600,0,1
2008-06-27,35.06,35.06,34.56,34.85,1929600,12.877445856475232,12.877445856475232,12.693797170558586,12.80031340839024,1929600,0,1
2008-06-30,35.19,35.19,33.56,33.59,947400,12.925194514813558,12.925194514813558,12.326499798725294,12.337518719880293,947400,0,1
2008-07-01,33.39,38,33.27,34.2,1134500,12.264059245513634,13.95730012966511,12.219983560893638,12.5615701166986,1134500,0,1
2008-07-02,34.23,34.25,32.7,33.2,1194200,12.572589037853596,12.579934985290265,12.010624058948663,12.194272744865309,1194200,0,1
2008-07-03,33.4,33.47,32.89,33.06,383300,12.267732219231965,12.293443035260296,12.080410559596986,12.142851112808648,383300,0,1
2008-07-07,33.61,33.68,32.23,32.25,965500,12.344864667316957,12.370575483345288,11.837994294187013,11.84534024162368,965500,0,1
2008-07-08,32.25,35.2,32.25,35.03,1041000,11.84534024162368,12.928867488531893,11.84534024162368,12.866426935320233,1041000,0,1
2008-07-09,35,35.09,33.9,34.16,550400,12.855408014165233,12.888464777630231,12.45138090514861,12.546878221825267,550400,0,1
2008-07-10,34.18,34.18,32.97,33.59,430500,12.554224169261934,12.554224169261934,12.10979434934365,12.337518719880293,430500,0,1
2008-07-11,33.23,33.83,31.76,32.15,808700,12.205291666020305,12.425670089120281,11.665364529425366,11.808610504440349,808700,0,1
2008-07-14,32.47,32.47,31.61,31.81,840200,11.926145663427004,11.926145663427004,11.610269923650373,11.68372939801703,840200,0,1
2008-07-15,31.44,32.47,31.15,31.98,565600,11.547829370438713,11.926145663427004,11.441313132607057,11.74616995122869,565600,0,1
2008-07-16,32.16,33.51,31.38,33.44,486100,11.812283478158681,12.308134930133628,11.525791528128714,12.282424114105297,486100,0,1
2008-07-17,33.86,34.29,33.07,34.04,533400,12.43668901027528,12.594626880163595,12.146524086526979,12.502802537205273,533400,0,1
2008-07-18,34.1,34.14,33.38,33.46,423800,12.52484037951527,12.539532274388602,12.260386271795301,12.289770061541963,423800,0,1
2008-07-21,33.53,33.53,32.99,33.45,363500,12.315480877570295,12.315480877570295,12.117140296780317,12.28609708782363,363500,0,1
2008-07-22,33.35,34.1,32.9,34.1,374200,12.249367350640302,12.52484037951527,12.084083533315319,12.52484037951527,374200,0,1
2008-07-23,34.12,35.99,34.12,35.56,898300,12.532186326951935,13.219032412280194,12.532186326951935,13.061094542391878,898300,0,1
2008-07-24,35.98,35.98,34.17,34.28,723500,13.215359438561858,13.215359438561858,12.550551195543601,12.590953906445263,723500,0,1
2008-07-25,34.6,35.53,34.6,35.38,680800,12.708489065431918,13.050075621236878,12.708489065431918,12.994981015461885,680800,0,1
2008-07-28,35.38,35.43,34.5,34.65,468100,12.994981015461885,13.01334588405355,12.671759328248587,12.72685393402358,468100,0,1
2008-07-29,34.87,36.32,34.66,36.32,745600,12.807659355826905,13.34024054498518,12.730526907741913,13.34024054498518,745600,0,1
2008-07-30,36.68,36.82,35.78,36.55,218100,13.472467598845165,13.523889230901826,13.141899964195202,13.424718940506835,218100,0,1
2008-07-31,36.7,37.13,35.25,36.81,668900,13.479813546281832,13.637751416170147,12.947232357123557,13.520216257183494,668900,0,1
2008-08-01,36.85,37.74,35.48,37.52,615600,13.534908152056826,13.861802812988456,13.031710752645212,13.780997391185132,615600,0,1
2008-08-04,37.45,38.19,36.96,37.88,929000,13.7552865751568,14.027086630313436,13.575310862958487,13.913224445045117,929000,0,1
2008-08-05,39.92,40,37.36,38.57,934900,14.662511083585033,14.691894873331696,13.722229811691804,14.166659631610088,934900,0,1
2008-08-06,38.17,38.17,35.94,35.99,653400,14.01974068287677,14.01974068287677,13.200667543688528,13.219032412280194,653400,0,1
2008-08-07,35.88,35.88,35,35.25,435200,13.178629701378531,13.178629701378531,12.855408014165233,12.947232357123557,435200,0,1
2008-08-08,35.44,37.1,35.1,37.06,396600,13.017018857771882,13.626732495015148,12.892137751348564,13.612040600141817,396600,0,1
2008-08-11,37.06,37.14,36.19,36.38,394400,13.612040600141817,13.64142438988848,13.29249188664685,13.362278387295177,394400,0,1
2008-08-12,36.14,36.72,35.53,36.66,288600,13.274127018055188,13.487159493718496,13.050075621236878,13.465121651408497,288600,0,1
2008-08-13,36.33,36.69,35.66,36.25,483200,13.343913518703513,13.476140572563496,13.097824279575205,13.314529728956849,483200,0,1
2008-08-14,36.01,36.99,35.85,36.57,260000,13.226378359716858,13.586329784113486,13.167610780223532,13.432064887943502,260000,0,1
2008-08-15,36.99,37.19,35.81,36.66,406000,13.586329784113486,13.659789258480144,13.152918885350202,13.465121651408497,406000,0,1
2008-08-18,36.63,37.08,35.88,36.21,217400,13.454102730253501,13.61938654757848,13.178629701378531,13.299837834083517,217400,0,1
2008-08-19,35.78,36.12,35.12,35.44,382900,13.141899964195202,13.26678107061852,12.899483698785227,13.017018857771882,382900,0,1
2008-08-20,35.5,35.76,34.93,35.29,778700,13.03905670008188,13.134554016758536,12.829697198136904,12.961924251996889,778700,0,1
2008-08-21,34.98,35.65,34.8,34.97,268300,12.848062066728566,13.094151305856872,12.781948539798574,12.844389093010234,268300,0,1
2008-08-22,35.05,35.93,34.85,35.28,166200,12.873772882756898,13.196994569970196,12.80031340839024,12.958251278278556,166200,0,1
2008-08-25,35.09,35.29,34.8,35.03,172800,12.888464777630231,12.961924251996889,12.781948539798574,12.866426935320233,172800,0,1
2008-08-26,35.03,36,35,35.77,317100,12.866426935320233,13.222705385998527,12.855408014165233,13.13822699047687,317100,0,1
2008-08-27,35.73,36.66,35.63,36.28,221200,13.123535095603536,13.465121651408497,13.086805358420209,13.325548650111848,221200,0,1
2008-08-28,36.37,38.02,36.37,37.87,241800,13.358605413576843,13.964646077101778,13.358605413576843,13.909551471326782,241800,0,1
2008-08-29,37.79,37.9,37.05,37.56,216800,13.880167681580119,13.920570392481782,13.608367626423481,13.795689286058463,216800,0,1
2008-09-02,37.72,38.66,36.83,37.2,270100,13.85445686555179,14.199716395075082,13.527562204620159,13.663462232198478,270100,0,1
2008-09-03,37.21,38.05,37.01,37.1,223700,13.66713520591681,13.975664998256775,13.593675731550151,13.626732495015148,223700,0,1
2008-09-04,36.75,36.8,35.49,35.5,338200,13.498178414873495,13.51654328346516,13.035383726363548,13.03905670008188,338200,0,1
2008-09-05,35.35,35.44,34.55,34.75,365800,12.983962094306886,13.017018857771882,12.690124196840252,12.763583671206911,365800,0,1
2008-09-08,35.57,35.57,34.28,35.21,453900,13.06476751611021,13.06476751611021,12.590953906445263,12.932540462250225,453900,0,1
2008-09-09,35.29,36.67,34.99,34.99,407800,12.961924251996889,13.468794625126833,12.8517350404469,12.8517350404469,407800,0,1
2008-09-10,34.94,35.37,34.25,34.45,549000,12.833370171855234,12.991308041743551,12.579934985290265,12.653394459656925,549000,0,1
2008-09-11,34.16,35.11,33.71,34,1301500,12.546878221825267,12.895810725066896,12.381594404500287,12.488110642331941,1301500,0,1
2008-09-12,33.72,34.6,33.6,34.6,502300,12.38526737821862,12.708489065431918,12.341191693598624,12.708489065431918,502300,0,1
2008-09-15,33.72,34.65,33.72,34,250500,12.38526737821862,12.72685393402358,12.38526737821862,12.488110642331941,250500,0,1
2008-09-16,33.85,35.86,32.46,35.79,662200,12.433016036556948,13.171283753941864,11.922472689708671,13.145572937913535,662200,0,1
2008-09-17,35.36,35.61,34.8,35.23,627400,12.987635068025218,13.079459410983542,12.781948539798574,12.93988640968689,627400,0,1
2008-09-18,35.76,38.07,35.41,37.98,1052100,13.134554016758536,13.983010945693442,13.005999936616883,13.949954182228444,1052100,0,1
2008-09-19,42.01,42.01,36.17,38.5,1179300,15.430162590716613,15.430162590716613,13.285145939210187,14.140948815581757,1179300,0,1
2008-09-22,38.42,39,36.42,36.62,279800,14.111565025835095,14.324597501498403,13.376970282168509,13.450429756535167,279800,0,1
2008-09-23,36.62,37.08,35.25,35.37,259700,13.450429756535167,13.61938654757848,12.947232357123557,12.991308041743551,259700,0,1
2008-09-24,35.33,35.46,34.03,34.17,432900,12.976616146870219,13.024364805208549,12.49912956348694,12.550551195543601,432900,0,1
2008-09-25,34.08,35.3,33.88,35.01,472800,12.517494432078603,12.96559722571522,12.444034957711947,12.859080987883566,472800,0,1
2008-09-26,34.75,35.3,34.22,34.86,290400,12.763583671206911,12.96559722571522,12.568916064135266,12.803986382108572,290400,0,1
2008-09-29,34.56,34.65,32.26,32.79,907000,12.693797170558586,12.72685393402358,11.849013215342012,12.043680822413657,907000,0,1
2008-09-30,33.28,34.38,32.79,34.23,384000,12.22365653461197,12.627683643628593,12.043680822413657,12.572589037853596,384000,0,1
2008-10-01,33.98,34.41,33.03,33.42,268300,12.480764694895274,12.638702564783589,12.131832191653649,12.275078166668631,268300,0,1
2008-10-02,33.09,33.54,31.63,31.92,593100,12.153870033963646,12.319153851288627,11.617615871087038,11.724132108918694,593100,0,1
2008-10-03,32.1,32.75,29.36,30.18,595600,11.790245635848686,12.028988927540325,10.783850837025465,11.085034681928764,595600,0,1
2008-10-06,30.12,30.12,28.2,29.01,581200,11.062996839618767,11.062996839618767,10.357785885698846,10.655296756883812,581200,0,1
2008-10-07,29.54,30.21,28.55,28.66,423000,10.849964363955458,11.096053603083764,10.486339965840498,10.52674267674216,423000,0,1
2008-10-08,27.9,29.82,27.55,28.72,620600,10.247596674148857,10.95280762806878,10.119042594007206,10.548780519052157,620600,0,1
2008-10-09,29.27,30.49,27.97,27.99,661600,10.750794073560469,11.198896867197085,10.273307490177187,10.280653437613854,661600,0,1
2008-10-10,27.01,29.69,26.5,29.58,1139700,9.920702013217229,10.905058969730451,9.733380353582248,10.864656258828788,1139700,0,1
2008-10-13,30.62,31.23,29.51,31.15,187800,11.246645525535413,11.47069692235372,10.838945442800458,11.441313132607057,187800,0,1
2008-10-14,31.75,32,29.55,30.11,531200,11.661691555707034,11.753515898665356,10.85363733767379,11.059323865900433,531200,0,1
2008-10-15,29.74,29.88,27.88,27.94,649700,10.923423838322115,10.974845470378776,10.240250726712192,10.26228856902219,649700,0,1
2008-10-16,28.17,30.02,27.21,29.97,720000,10.346766964543848,11.026267102435437,9.994161487583886,11.007902233843772,720000,0,1
2008-10-17,29.01,30.9,28.12,29.17,496500,10.655296756883812,11.349488789648735,10.328402095952182,10.71406433637714,496500,0,1
2008-10-20,29.32,30.6,29.1,30.5,214100,10.769158942152133,11.239299578098748,10.688353520348809,11.202569840915418,214100,0,1
2008-10-21,30.02,31.22,29.41,30.53,320900,11.026267102435437,11.467023948635388,10.80221570561713,11.213588762070417,320900,0,1
2008-10-22,29.99,30.33,28.25,28.96,453100,11.015248181280437,11.140129287703758,10.37615075429051,10.636931888292148,453100,0,1
2008-10-23,29.11,29.88,27.51,28.31,700100,10.692026494067141,10.974845470378776,10.104350699133875,10.398188596600507,700100,0,1
2008-10-24,26.96,28.8,26.92,27.59,424200,9.902337144625562,10.57816430879882,9.887645249752232,10.133734488880537,424200,0,1
2008-10-27,27.13,27.78,25.59,25.62,552900,9.964777697837222,10.203520989528863,9.399139745213953,9.410158666368952,552900,0,1
2008-10-28,26.31,28.09,25.79,28.05,583300,9.663593852933923,10.317383174797182,9.47259921958061,10.302691279923852,583300,0,1
2008-10-29,28.22,30.37,27.84,29.11,348300,10.36513183313551,11.15482118257709,10.22555883183886,10.692026494067141,348300,0,1
2008-10-30,29.82,30.17,29.33,29.61,441400,10.95280762806878,11.081361708210432,10.772831915870466,10.875675179983787,441400,0,1
2008-10-31,29.61,30.25,28.77,30.14,654200,10.875675179983787,11.110745497957094,10.567145387643821,11.070342787055433,654200,0,1
2008-11-03,30.05,30.82,29.68,29.84,948200,11.037286023590436,11.320104999902071,10.901385996012118,10.960153575505444,948200,0,1
2008-11-04,30.39,32.31,29.8,32.25,487600,11.162167130013756,11.867378083933678,10.945461680632114,11.84534024162368,487600,0,1
2008-11-05,33,33.86,31.68,31.82,696100,12.12081327049865,12.43668901027528,11.635980739678702,11.687402371735365,696100,0,1
2008-11-06,31.67,32.37,29.2,29.41,662700,11.63230776596037,11.889415926243673,10.725083257532138,10.80221570561713,662700,0,1
2008-11-07,29.63,29.94,28.32,29,333700,10.883021127420452,10.996883312688775,10.401861570318841,10.65162378316548,333700,0,1
2008-11-10,29.51,29.58,27.77,27.95,380300,10.838945442800458,10.864656258828788,10.19984801581053,10.265961542740522,380300,0,1
2008-11-11,27.59,29.09,27.25,27.87,384800,10.133734488880537,10.684680546630476,10.008853382457218,10.23657775299386,384800,0,1
2008-11-12,27.5,27.96,26.86,27.17,340400,10.10067772541554,10.269634516458856,9.865607407442234,9.979469592710554,340400,0,1
2008-11-13,27.3,29.2,25.93,29.1,462400,10.027218251048883,10.725083257532138,9.524020851637271,10.688353520348809,462400,0,1
2008-11-14,28.74,29.34,27.21,27.23,198500,10.556126466488823,10.776504889588798,9.994161487583886,10.001507435020551,198500,0,1
2008-11-17,27.09,28.16,26.64,27.08,436600,9.95008580296389,10.343093990825514,9.784801985638909,9.946412829245558,436600,0,1
2008-11-18,27.13,27.7,25.77,26.9,397400,9.964777697837222,10.1741371997822,9.465253272143945,9.880299302315565,397400,0,1
2008-11-19,26.89,27.49,24.82,24.87,344900,9.876626328597233,10.097004751697208,9.116320768902318,9.134685637493982,344900,0,1
2008-11-20,25.4,27.49,23.93,24.24,641800,9.329353244565626,10.097004751697208,8.789426107970687,8.903288293239006,641800,0,1
2008-11-21,23.88,27.86,23,27.69,781400,8.771061239379021,10.232904779275525,8.447839552165725,10.170464226063867,781400,0,1
2008-11-24,28.05,30.64,27.68,30.32,691200,10.302691279923852,11.253991472972078,10.166791252345533,11.136456313985425,691200,0,1
2008-11-25,30.55,31.46,29.81,30.59,577500,11.220934709507082,11.55517531787538,10.949134654350445,11.235626604380414,577500,0,1
2008-11-26,30.07,34.29,29.8,34.14,469000,11.044631971027103,12.594626880163595,10.945461680632114,12.539532274388602,469000,0,1
2008-11-28,33.86,35.6,33.61,35.5,251400,12.43668901027528,13.07578643726521,12.344864667316957,13.03905670008188,251400,0,1
2008-12-01,34.58,35.15,31.46,31.54,733700,12.701143117995251,12.910502619940226,11.55517531787538,11.584559107622042,733700,0,1
2008-12-02,32,33.38,31.64,33.25,697800,11.753515898665356,12.260386271795301,11.621288844805372,12.212637613456971,697800,0,1
2008-12-03,32.79,32.96,31.13,32.15,619400,12.043680822413657,12.106121375625317,11.433967185170392,11.808610504440349,619400,0,1
2008-12-04,31.98,32.45,30.31,30.99,499000,11.74616995122869,11.918799715990339,11.132783340267093,11.382545553113731,499000,0,1
2008-12-05,30.55,32.25,28.99,32.06,451700,11.220934709507082,11.84534024162368,10.647950809447146,11.775553740975354,451700,0,1
2008-12-08,32.57,34.53,32.46,33.88,690900,11.962875400610333,12.682778249403587,11.922472689708671,12.444034957711947,690900,0,1
2008-12-09,33.5,34.99,32.77,33.32,340800,12.304461956415295,12.8517350404469,12.036334874976992,12.238348429485303,340800,0,1
2008-12-10,33.52,34.19,32.74,33.58,347400,12.311807903851962,12.557897142980266,12.025315953821993,12.333845746161957,347400,0,1
2008-12-11,33.34,33.6,31.49,31.7,431200,12.24569437692197,12.341191693598624,11.566194239030377,11.643326687115369,431200,0,1
2008-12-12,31.01,32.18,30.17,31.92,749600,11.389891500550398,11.819629425595348,11.081361708210432,11.724132108918694,749600,0,1
2008-12-15,32.26,32.55,29.94,30.49,342100,11.849013215342012,11.955529453173666,10.996883312688775,11.198896867197085,342100,0,1
2008-12-16,30.94,33.01,30.73,32.8,408000,11.364180684522067,12.124486244216982,11.287048236437075,12.04735379613199,408000,0,1
2008-12-17,32.44,33.11,31.97,32.94,488100,11.915126742272005,12.16121598140031,11.742496977510358,12.09877542818865,488100,0,1
2008-12-18,32.82,34,32.18,32.71,424600,12.054699743568657,12.488110642331941,11.819629425595348,12.014297032666994,424600,0,1
2008-12-19,33.2,33.93,31.72,31.88,477000,12.194272744865309,12.46239982630361,11.650672634552034,11.709440214045362,477000,0,1
2008-12-22,32.02,32.16,30.63,31.34,377400,11.760861846102024,11.812283478158681,11.250318499253746,11.511099633255384,377400,0,1
2008-12-23,31.52,31.59,29.54,29.84,497900,11.577213160185376,11.602923976213706,10.849964363955458,10.960153575505444,497900,0,1
2008-12-24,29.8,30.6,29.63,30.38,100200,10.945461680632114,11.239299578098748,10.883021127420452,11.158494156295422,100200,0,1
2008-12-26,30.57,31.14,30.09,30.51,187800,11.228280656943749,11.437640158888724,11.051977918463768,11.206242814633752,187800,0,1
2008-12-29,30.52,30.73,29.51,29.83,324800,11.209915788352083,11.287048236437075,10.838945442800458,10.956480601787112,324800,0,1
2008-12-30,30.15,31.22,29.94,31.09,280100,11.074015760773765,11.467023948635388,10.996883312688775,11.41927529029706,280100,0,1
2008-12-31,31.42,33.84,31.22,33.57,406300,11.540483423002048,12.429343062838615,11.467023948635388,12.330172772443625,406300,0,1
2009-01-02,33.62,33.97,32.44,33.45,370400,12.34853764103529,12.477091721176942,11.915126742272005,12.28609708782363,370400,0,1
2009-01-05,33.59,35.07,33.39,35,534400,12.337518719880293,12.881118830193564,12.264059245513634,12.855408014165233,534400,0,1
2009-01-06,35.23,35.5,34.5,35.25,662300,12.93988640968689,13.03905670008188,12.671759328248587,12.947232357123557,662300,0,1
2009-01-07,34.62,35,33.75,34.14,320200,12.715835012868581,12.855408014165233,12.396286299373617,12.539532274388602,320200,0,1
2009-01-08,34.1,34.69,33.85,34.67,222700,12.52484037951527,12.741545828896912,12.433016036556948,12.734199881460247,222700,0,1
2009-01-09,34.57,34.57,32.89,33.04,279700,12.697470144276918,12.697470144276918,12.080410559596986,12.13550516537198,279700,0,1
2009-01-12,32.89,33.04,32.23,32.45,296100,12.080410559596986,12.13550516537198,11.837994294187013,11.918799715990339,296100,0,1
2009-01-13,32.21,33.84,31.89,33.52,420800,11.830648346750348,12.429343062838615,11.713113187763694,12.311807903851962,420800,0,1
2009-01-14,33.01,33.01,31.59,32.54,455100,12.124486244216982,12.124486244216982,11.602923976213706,11.951856479455333,455100,0,1
2009-01-15,32.45,32.99,30.95,32.42,336600,11.918799715990339,12.117140296780317,11.3678536582404,11.90778079483534,336600,0,1
2009-01-16,32.68,33.44,32,32.97,217800,12.003278111511996,12.282424114105297,11.753515898665356,12.10979434934365,217800,0,1
2009-01-20,32.61,32.76,30.76,30.78,385800,11.977567295483665,12.032661901258658,11.298067157592074,11.305413105028741,385800,0,1
2009-01-21,31.13,32.35,30.86,32.05,404800,11.433967185170392,11.88206997880701,11.334796894775403,11.77188076725702,404800,0,1
2009-01-22,31.35,32.84,31,32.28,404200,11.514772606973716,12.062045691005324,11.386218526832064,11.856359162778679,404200,0,1
2009-01-23,31.75,33.43,31.22,32.95,332900,11.661691555707034,12.278751140386964,11.467023948635388,12.102448401906985,332900,0,1
2009-01-26,32.95,34.37,32.76,33.68,559200,12.102448401906985,12.624010669910259,12.032661901258658,12.370575483345288,559200,0,1
2009-01-27,33.9,34.77,33.64,34.5,330300,12.45138090514861,12.770929618643578,12.355883588471956,12.671759328248587,330300,0,1
2009-01-28,35.5,35.5,34.6,35.08,420900,13.03905670008188,13.03905670008188,12.708489065431918,12.884791803911897,420900,0,1
2009-01-29,34.93,35.13,34.11,34.26,168700,12.829697198136904,12.903156672503563,12.528513353233603,12.583607959008596,168700,0,1
2009-01-30,34.69,34.75,34.02,34.08,295100,12.741545828896912,12.763583671206911,12.495456589768608,12.517494432078603,295100,0,1
2009-02-02,33.9,34.87,33.75,34.52,557000,12.45138090514861,12.807659355826905,12.396286299373617,12.679105275685254,557000,0,1
2009-02-03,36.33,40,36.25,36.78,2064000,13.343913518703513,14.691894873331696,13.314529728956849,13.509197336028494,2064000,0,1
2009-02-04,36.89,38.34,36.89,38,972000,13.549600046930156,14.08218123608843,13.549600046930156,13.95730012966511,972000,0,1
2009-02-05,37.5,38.53,37.19,38.28,687300,13.773651443748465,14.151967736736756,13.659789258480144,14.060143393778434,687300,0,1
2009-02-06,38.27,40,38.27,39.54,687000,14.056470420060101,14.691894873331696,14.056470420060101,14.52293808228838,687000,0,1
2009-02-09,39.5,40,39.24,39.37,644100,14.508246187415049,14.691894873331696,14.412748870738394,14.46049752907672,644100,0,1
2009-02-10,39.65,40.01,37.85,38.22,486100,14.563340793190042,14.695567847050027,13.902205523890117,14.038105551468435,486100,0,1
2009-02-11,38.54,38.9,37.77,38.41,342400,14.155640710455089,14.287867764315074,13.872821734143455,14.107892052116759,342400,0,1
2009-02-12,37.79,39.2,37.5,39.19,413100,13.880167681580119,14.398056975865062,13.773651443748465,14.394384002146728,413100,0,1
2009-02-13,39.35,40.56,39.03,39.75,664900,14.453151581640055,14.897581401558341,14.335616422653402,14.600070530373372,664900,0,1
2009-02-17,38.59,39.08,37.87,38.13,671300,14.174005579046755,14.353981291245066,13.909551471326782,14.005048788003439,671300,0,1
2009-02-18,38.42,38.61,37.35,38,509800,14.111565025835095,14.181351526483418,13.718556837973471,13.95730012966511,509800,0,1
2009-02-19,38.53,38.96,37.76,37.96,369800,14.151967736736756,14.309905606625072,13.86914876042512,13.942608234791779,369800,0,1
2009-02-20,35.31,37.07,35.2,36.18,1738900,12.969270199433556,13.615713573860148,12.928867488531893,13.288818912928518,1738900,0,1
2009-02-23,36.72,36.72,35.33,35.4,584300,13.487159493718496,13.487159493718496,12.976616146870219,13.00232696289855,584300,0,1
2009-02-24,35.9,36.73,35.22,36.42,652000,13.185975648815196,13.490832467436828,12.936213435968558,13.376970282168509,652000,0,1
2009-02-25,36.24,36.24,34.92,35.43,481100,13.310856755238516,13.310856755238516,12.826024224418571,13.01334588405355,481100,0,1
2009-02-26,35.85,36.14,34.7,34.86,423000,13.167610780223532,13.274127018055188,12.745218802615247,12.803986382108572,423000,0,1
2009-02-27,34.66,36.11,34.06,35.34,854900,12.730526907741913,13.263108096900188,12.51014848464194,12.980289120588555,854900,0,1
2009-03-02,34.86,35.57,33.42,33.51,667000,12.803986382108572,13.06476751611021,12.275078166668631,12.308134930133628,667000,0,1
2009-03-03,34,34.16,32.94,32.95,419600,12.488110642331941,12.546878221825267,12.09877542818865,12.102448401906985,419600,0,1
2009-03-04,33.16,34.99,33.16,34.59,499500,12.179580849991975,12.8517350404469,12.179580849991975,12.704816091713585,499500,0,1
2009-03-05,33.86,33.86,32.27,32.47,696800,12.43668901027528,12.43668901027528,11.852686189060346,11.926145663427004,696800,0,1
2009-03-06,32.59,32.76,30.51,30.94,1163500,11.970221348047,12.032661901258658,11.206242814633752,11.364180684522067,1163500,0,1
2009-03-09,30.52,31.82,30.39,30.63,620100,11.209915788352083,11.687402371735365,11.162167130013756,11.250318499253746,620100,0,1
2009-03-10,31.3,31.3,29.7,30.76,1233300,11.496407738382052,11.496407738382052,10.908731943448783,11.298067157592074,1233300,0,1
2009-03-11,30.87,31.78,30.87,31.31,468900,11.338469868493736,11.672710476862033,11.338469868493736,11.500080712100385,468900,0,1
2009-03-12,30.95,31.43,30.6,31.08,696200,11.3678536582404,11.54415639672038,11.239299578098748,11.415602316578727,696200,0,1
2009-03-13,31.35,32.74,31.22,32.12,459000,11.514772606973716,12.025315953821993,11.467023948635388,11.797591583285351,459000,0,1
2009-03-16,32.47,33.58,32.27,32.51,321500,11.926145663427004,12.333845746161957,11.852686189060346,11.940837558300334,321500,0,1
2009-03-17,32.59,33.37,32.11,33.3,250700,11.970221348047,12.256713298076965,11.793918609567019,12.231002482048636,250700,0,1
2009-03-18,33.3,34.31,33.09,33.85,853000,12.231002482048636,12.601972827600262,12.153870033963646,12.433016036556948,853000,0,1
2009-03-19,34.32,35.14,34.09,34.7,596700,12.605645801318595,12.906829646221894,12.52116740579694,12.745218802615247,596700,0,1
2009-03-20,34.99,34.99,33.12,33.42,602000,12.8517350404469,12.8517350404469,12.164888955118643,12.275078166668631,602000,0,1
2009-03-23,34.05,34.79,33.72,33.8,630700,12.506475510923606,12.778275566080241,12.38526737821862,12.414651167965282,630700,0,1
2009-03-24,33.23,33.85,33.03,33.06,563700,12.205291666020305,12.433016036556948,12.131832191653649,12.142851112808648,563700,0,1
2009-03-25,33.4,33.66,32.3,33,616900,12.267732219231965,12.363229535908621,11.863705110215344,12.12081327049865,616900,0,1
2009-03-26,33.1,34.34,33.1,34.23,850400,12.157543007681978,12.612991748755261,12.157543007681978,12.572589037853596,850400,0,1
2009-03-27,33.68,33.92,32.87,32.99,345100,12.370575483345288,12.45872685258528,12.07306461216032,12.117140296780317,345100,0,1
2009-03-30,32.19,32.68,31.87,32.39,447800,11.82330239931368,12.003278111511996,11.70576724032703,11.89676187368034,447800,0,1
2009-03-31,32.64,33.52,32.15,32.84,463700,11.988586216638664,12.311807903851962,11.808610504440349,12.062045691005324,463700,0,1
2009-04-01,32.37,33.49,31.82,33.33,624800,11.889415926243673,12.300788982696963,11.687402371735365,12.242021403203635,624800,0,1
2009-04-02,33.94,34.65,33,33.2,1050900,12.466072800021943,12.72685393402358,12.12081327049865,12.194272744865309,1050900,0,1
2009-04-03,33.08,33.64,32.71,33.64,479200,12.150197060245311,12.355883588471956,12.014297032666994,12.355883588471956,479200,0,1
2009-04-06,33.25,34.06,32.93,33.8,767100,12.212637613456971,12.51014848464194,12.095102454470318,12.414651167965282,767100,0,1
2009-04-07,33.41,33.57,32.01,32.22,577100,12.271405192950297,12.330172772443625,11.757188872383688,11.83432132046868,577100,0,1
2009-04-08,32.56,32.56,31.68,32.02,583300,11.959202426892,11.959202426892,11.635980739678702,11.760861846102024,583300,0,1
2009-04-09,32.65,33.75,32.34,33.55,642400,11.992259190356997,12.396286299373617,11.878397005088678,12.322826825006958,642400,0,1
2009-04-13,32.97,33.02,31.49,32.24,431700,12.10979434934365,12.128159217935316,11.566194239030377,11.841667267905347,431700,0,1
2009-04-14,31.82,32.64,31.71,32.5,490100,11.687402371735365,11.988586216638664,11.646999660833702,11.937164584582003,490100,0,1
2009-04-15,32.22,32.69,31.97,32.37,644200,11.83432132046868,12.006951085230327,11.742496977510358,11.889415926243673,644200,0,1
2009-04-16,32.5,34.28,32.08,34,637400,11.937164584582003,12.590953906445263,11.78289968841202,12.488110642331941,637400,0,1
2009-04-17,34.11,34.25,33.43,33.59,328600,12.528513353233603,12.579934985290265,12.278751140386964,12.337518719880293,328600,0,1
2009-04-20,33.01,33.14,32.35,32.68,402500,12.124486244216982,12.17223490255531,11.88206997880701,12.003278111511996,402500,0,1
2009-04-21,32.45,32.93,32.23,32.66,726300,11.918799715990339,12.095102454470318,11.837994294187013,11.995932164075327,726300,0,1
2009-04-22,32.45,35,32.45,34.62,1275100,11.918799715990339,12.855408014165233,11.918799715990339,12.715835012868581,1275100,0,1
2009-04-23,34.75,35.6,33.96,35.46,1030700,12.763583671206911,13.07578643726521,12.47341874745861,13.024364805208549,1030700,0,1
2009-04-24,35.84,36.12,35.34,36.06,571000,13.163937806505201,13.26678107061852,12.980289120588555,13.244743228308524,571000,0,1
2009-04-27,35.99,36.12,35.38,35.82,711500,13.219032412280194,13.26678107061852,12.994981015461885,13.156591859068534,711500,0,1
2009-04-28,35.57,35.57,34.52,35,524000,13.06476751611021,13.06476751611021,12.679105275685254,12.855408014165233,524000,0,1
2009-04-29,35.1,37,34.63,36.64,619200,12.892137751348564,13.590002757831819,12.719507986586917,13.457775703971834,619200,0,1
2009-04-30,36.81,37.04,34.53,35.14,645000,13.520216257183494,13.604694652705149,12.682778249403587,12.906829646221894,645000,0,1
2009-05-01,35.22,36.2,34.98,35.94,599000,12.936213435968558,13.296164860365186,12.848062066728566,13.200667543688528,599000,0,1
2009-05-04,35.95,36.83,35.65,36.83,726800,13.204340517406862,13.527562204620159,13.094151305856872,13.527562204620159,726800,0,1
2009-05-05,37.91,39.46,37.91,38.15,1063900,13.924243366200113,14.493554292541718,13.924243366200113,14.012394735440104,1063900,0,1
2009-05-06,38.69,39.14,37,38.18,446800,14.210735316230082,14.376019133555065,13.590002757831819,14.023413656595103,446800,0,1
2009-05-07,38.08,38.08,35.55,36.65,782600,13.986683919411773,13.986683919411773,13.057421568673544,13.461448677690166,782600,0,1
2009-05-08,36.65,37.96,36.43,37.86,328600,13.461448677690166,13.942608234791779,13.380643255886842,13.90587849760845,328600,0,1
2009-05-11,37.25,37.53,36.66,36.95,349300,13.68182710079014,13.784670364903464,13.465121651408497,13.571637889240154,349300,0,1
2009-05-12,36.77,36.82,35.46,36.47,492200,13.505524362310162,13.523889230901826,13.024364805208549,13.395335150760173,492200,0,1
2009-05-13,35.73,36.19,35.18,36.04,575500,13.123535095603536,13.29249188664685,12.921521541095226,13.237397280871857,575500,0,1
2009-05-14,36.1,36.56,35.9,36.26,382400,13.259435123181856,13.42839191422517,13.185975648815196,13.318202702675181,382400,0,1
2009-05-15,36.21,36.55,35.46,35.66,441600,13.299837834083517,13.424718940506835,13.024364805208549,13.097824279575205,441600,0,1
2009-05-18,35.99,36.69,35.77,36.55,397700,13.219032412280194,13.476140572563496,13.13822699047687,13.424718940506835,397700,0,1
2009-05-19,36.3,36.55,35.6,36.12,466900,13.332894597548513,13.424718940506835,13.07578643726521,13.26678107061852,466900,0,1
2009-05-20,36.5,36.94,35.91,36.05,269300,13.406354071915173,13.56796491552182,13.189648622533529,13.24107025459019,269300,0,1
2009-05-21,35.71,36.11,35.26,36.07,413500,13.116189148166871,13.263108096900188,12.95090533084189,13.248416202026856,413500,0,1
2009-05-22,36.3,36.53,35.7,35.73,236800,13.332894597548513,13.417372993070172,13.112516174448539,13.123535095603536,236800,0,1
2009-05-26,35.57,37.06,35.54,36.6,330200,13.06476751611021,13.612040600141817,13.053748594955211,13.443083809098502,330200,0,1
2009-05-27,36.47,38.33,36.38,37.4,520400,13.395335150760173,14.078508262370097,13.362278387295177,13.736921706565134,520400,0,1
2009-05-28,37.8,38.79,37.29,38.47,529500,13.883840655298451,14.24746505341341,13.696518995663473,14.129929894426757,529500,0,1
2009-05-29,38.69,39.22,38.31,39.22,709600,14.210735316230082,14.405402923301727,14.071162314933432,14.405402923301727,709600,0,1
2009-06-01,39.51,40.34,39.21,39.91,739000,14.511919161133381,14.816775979755016,14.401729949583395,14.658838109866698,739000,0,1
2009-06-02,39.6,40.63,39.34,40.49,559200,14.54497592459838,14.92329221758667,14.449478607921725,14.87187058553001,559200,0,1
2009-06-03,39.85,39.85,38.38,38.99,456700,14.636800267556703,14.636800267556703,14.096873130961763,14.32092452778007,456700,0,1
2009-06-04,38.57,39.89,38.57,39.46,418100,14.166659631610088,14.651492162430033,14.166659631610088,14.493554292541718,418100,0,1
2009-06-05,39.69,40.42,39.36,40.12,429000,14.578032688063374,14.846159769501678,14.456824555358388,14.73597055795169,429000,0,1
2009-06-08,39.56,40,39.01,39.73,425000,14.530284029725047,14.691894873331696,14.328270475216735,14.592724582936706,425000,0,1
2009-06-09,39.73,39.73,38.49,39.03,436600,14.592724582936706,14.592724582936706,14.137275841863424,14.335616422653402,436600,0,1
2009-06-10,39.3,39.67,38.98,39.58,354300,14.43478671304839,14.57068674062671,14.317251554061736,14.537629977161712,354300,0,1
2009-06-11,39.51,39.51,37.99,38.04,452800,14.511919161133381,14.511919161133381,13.953627155946778,13.971992024538443,452800,0,1
2009-06-12,37.66,37.83,37.2,37.75,472800,13.83241902324179,13.89485957645345,13.663462232198478,13.865475786706787,472800,0,1
2009-06-15,37.43,37.62,36.11,36.2,674800,13.747940627720133,13.817727128368459,13.263108096900188,13.296164860365186,674800,0,1
2009-06-16,36.3,36.46,35,35.32,598800,13.332894597548513,13.391662177041841,12.855408014165233,12.972943173151886,598800,0,1
2009-06-17,35.01,35.81,34.03,35.65,829700,12.859080987883566,13.152918885350202,12.49912956348694,13.094151305856872,829700,0,1
2009-06-18,35.97,36.25,33.67,36.02,849200,13.211686464843527,13.314529728956849,12.366902509626955,13.230051333435194,849200,0,1
2009-06-19,36.3,37,36.19,36.95,579600,13.332894597548513,13.590002757831819,13.29249188664685,13.571637889240154,579600,0,1
2009-06-22,36.58,36.7,35.99,36.39,378800,13.435737861661835,13.479813546281832,13.219032412280194,13.36595136101351,378800,0,1
2009-06-23,36.21,36.62,35.75,36.38,529100,13.299837834083517,13.450429756535167,13.130881043040203,13.362278387295177,529100,0,1
2009-06-24,36.48,37.36,36.4,36.99,639700,13.399008124478506,13.722229811691804,13.369624334731842,13.586329784113486,639700,0,1
2009-06-25,36.82,37.28,36.54,37.09,515700,13.523889230901826,13.69284602194514,13.421045966788503,13.623059521296815,515700,0,1
2009-06-26,36.94,36.94,35.39,35.39,3061900,13.56796491552182,13.56796491552182,12.998653989180218,12.998653989180218,3061900,0,1
2009-06-29,35.53,36.66,35.53,36.25,485400,13.050075621236878,13.465121651408497,13.050075621236878,13.314529728956849,485400,0,1
2009-06-30,36,36.38,35.67,36.2,406000,13.222705385998527,13.362278387295177,13.101497253293541,13.296164860365186,406000,0,1
2009-07-01,36.4,37.62,36.35,37.5,731300,13.369624334731842,13.817727128368459,13.35125946614018,13.773651443748465,731300,0,1
2009-07-02,37.02,37.58,36.88,37.45,625700,13.597348705268486,13.803035233495127,13.545927073211825,13.7552865751568,625700,0,1
2009-07-06,37.11,37.28,36.61,36.97,511700,13.63040546873348,13.69284602194514,13.446756782816834,13.57898383667682,511700,0,1
2009-07-07,36.74,36.93,36.02,36.2,456700,13.494505441155162,13.564291941803488,13.230051333435194,13.296164860365186,456700,0,1
2009-07-08,36.61,37.3,36.24,36.82,681900,13.446756782816834,13.700191969381805,13.310856755238516,13.523889230901826,681900,0,1
2009-07-09,36.86,37.25,36.59,36.82,288000,13.538581125775158,13.68182710079014,13.43941083538017,13.523889230901826,288000,0,1
2009-07-10,36.6,37.11,36.33,36.81,234100,13.443083809098502,13.63040546873348,13.343913518703513,13.520216257183494,234100,0,1
2009-07-13,36.62,37.31,36.19,37.2,346000,13.450429756535167,13.70386494310014,13.29249188664685,13.663462232198478,346000,0,1
2009-07-14,37.05,37.18,36.74,37.1,214500,13.608367626423481,13.656116284761811,13.494505441155162,13.626732495015148,214500,0,1
2009-07-15,37.3,37.56,37.06,37.41,346600,13.700191969381805,13.795689286058463,13.612040600141817,13.740594680283467,346600,0,1
2009-07-16,37.21,38.23,36.86,38.03,288100,13.66713520591681,14.041778525186768,13.538581125775158,13.96831905082011,288100,0,1
2009-07-17,37.8,37.87,37,37.57,377500,13.883840655298451,13.909551471326782,13.590002757831819,13.799362259776796,377500,0,1
2009-07-20,37.56,37.72,37.41,37.72,246800,13.795689286058463,13.85445686555179,13.740594680283467,13.85445686555179,246800,0,1
2009-07-21,37.69,38.49,37.29,38.36,494500,13.84343794439679,14.137275841863424,13.696518995663473,14.089527183525096,494500,0,1
2009-07-22,37.84,38.3,37.83,38.19,313000,13.898532550171785,14.067489341215097,13.89485957645345,14.027086630313436,313000,0,1
2009-07-23,38.32,38.68,37.96,38.42,345600,14.074835288651764,14.20706234251175,13.942608234791779,14.111565025835095,345600,0,1
2009-07-24,38.38,38.55,37.64,38.15,283400,14.096873130961763,14.159313684173421,13.825073075805125,14.012394735440104,283400,0,1
2009-07-27,37.94,38.03,37.39,37.91,156900,13.935262287355112,13.96831905082011,13.733248732846803,13.924243366200113,156900,0,1
2009-07-28,37.86,38.27,37.22,37.24,339900,13.90587849760845,14.056470420060101,13.670808179635141,13.67815412707181,339900,0,1
2009-07-29,37.31,37.86,37.1,37.71,175200,13.70386494310014,13.90587849760845,13.626732495015148,13.850783891833457,175200,0,1
2009-07-30,38,38.15,37.72,37.84,242800,13.95730012966511,14.012394735440104,13.85445686555179,13.898532550171785,242800,0,1
2009-07-31,37.79,38.52,37.64,38.29,487500,13.880167681580119,14.148294763018423,13.825073075805125,14.063816367496765,487500,0,1
2009-08-03,38.35,40.5,38.11,39.99,872000,14.085854209806763,14.875543559248342,13.997702840566772,14.688221899613364,872000,0,1
2009-08-04,41.15,45.64,40.29,44.8,2323000,15.114286850939981,16.763452050471464,14.79841111116335,16.454922258131496,2323000,0,1
2009-08-05,44.63,44.9,44.29,44.89,439200,16.39248170491984,16.49165199531483,16.267600598496518,16.487979021596495,439200,0,1
2009-08-06,44.79,45.06,44.22,44.61,488200,16.451249284413166,16.550419574808156,16.24188978246819,16.385135757483173,488200,0,1
2009-08-07,44.81,44.95,43.58,43.66,804800,16.458595231849834,16.510016863906493,16.006819464494882,16.036203254241546,804800,0,1
2009-08-10,43.8,44.43,41.73,43.44,448100,16.087624886298205,16.31902223055318,15.32731932660329,15.955397832438221,448100,0,1
2009-08-11,43.59,43.93,43.01,43.01,308100,16.010492438213216,16.135373544636536,15.797459962549905,15.797459962549905,308100,0,1
2009-08-12,42.95,43.6,42.04,43.22,624800,15.77542212023991,16.01416541193155,15.441181511871612,15.874592410634897,624800,0,1
2009-08-13,42.84,43.15,41.16,43.1,700200,15.735019409338246,15.848881594606565,15.117959824658314,15.830516726014903,700200,0,1
2009-08-14,43.31,43.34,42.27,43.31,329100,15.907649174099895,15.918668095254894,15.52565990739327,15.907649174099895,329100,0,1
2009-08-17,42.41,43,41.84,42.78,347100,15.57708153944993,15.793786988831572,15.367722037504954,15.71298156702825,347100,0,1
2009-08-18,42.65,43.41,42.65,43.2,250600,15.66523290868992,15.944378911283222,15.66523290868992,15.867246463198232,250600,0,1
2009-08-19,42.7,43.57,42.7,43.54,206300,15.683597777281586,16.00314649077655,15.683597777281586,15.99212756962155,206300,0,1
2009-08-20,43.77,44.96,43.44,44.35,606000,16.07660596514321,16.513689837624828,15.955397832438221,16.289638440806517,606000,0,1
2009-08-21,44.6,44.6,43.52,43.76,644000,16.381462783764842,16.381462783764842,15.984781622184887,16.072932991424874,644000,0,1
2009-08-24,43.2,44.31,43,44.29,382700,15.867246463198232,16.274946545933187,15.793786988831572,16.267600598496518,382700,0,1
2009-08-25,44.35,44.77,44.2,44.63,431000,16.289638440806517,16.4439033369765,16.234543835031523,16.39248170491984,431000,0,1
2009-08-26,44.33,45,44.09,44.26,233700,16.28229249336985,16.528381732498158,16.194141124129864,16.25658167734152,233700,0,1
2009-08-27,44.24,44.74,43.38,44.2,409200,16.249235729904857,16.4328844158215,15.933359990128224,16.234543835031523,409200,0,1
2009-08-28,44.95,44.95,43.64,44.27,264100,16.510016863906493,16.510016863906493,16.02885730680488,16.260254651059856,264100,0,1
2009-08-31,43.82,44.54,43.35,44.52,312700,16.094970833734873,16.359424941454844,15.922341068973225,16.35207899401818,312700,0,1
2009-09-01,44.46,45,43.66,43.7,385700,16.33004115170818,16.528381732498158,16.036203254241546,16.05089514911488,385700,0,1
2009-09-02,43.86,43.86,42.97,43,366700,16.109662728608203,16.109662728608203,15.782768067676573,15.793786988831572,366700,0,1
2009-09-03,43.25,43.25,41.96,42.82,447000,15.885611331789896,15.885611331789896,15.411797722124948,15.72767346190158,447000,0,1
2009-09-04,43,44.54,42.67,44.25,283300,15.793786988831572,16.359424941454844,15.672578856126586,16.252908703623188,283300,0,1
2009-09-08,44.42,44.68,43.85,44.59,297000,16.31534925683485,16.410846573511503,16.105989754889873,16.377789810046508,297000,0,1
2009-09-09,44.87,45.31,44.67,45.25,618600,16.48063307415983,16.64224391776648,16.407173599793172,16.62020607545648,618600,0,1
2009-09-10,45,45.68,44.84,45.66,366300,16.528381732498158,16.778143945344794,16.469614153004834,16.77079799790813,366300,0,1
2009-09-11,45.46,46.4,45.46,45.79,362100,16.69733852354147,17.042598053064765,16.69733852354147,16.818546656246458,362100,0,1
2009-09-14,45.42,46.3,45.27,46.07,242900,16.68264662866814,17.005868315881436,16.62755202289315,16.92138992035978,242900,0,1
2009-09-15,45.84,46.36,45.82,46.22,141600,16.836911524838126,17.027906158191435,16.829565577401457,16.976484526134772,141600,0,1
2009-09-16,46.07,47,45.46,46.98,260900,16.92138992035978,17.26297647616474,16.69733852354147,17.255630528728076,260900,0,1
2009-09-17,47,49.36,46.93,48,1121200,17.26297647616474,18.12979827369131,17.237265660136412,17.630273847998033,1121200,0,1
2009-09-18,47.77,48.34,47.45,48.25,626600,17.54579545247638,17.755154954421354,17.428260293489725,17.72209819095636,626600,0,1
2009-09-21,47.99,48.43,47.69,48.06,254900,17.626600874279703,17.78821171788635,17.516411662729713,17.652311690308032,254900,0,1
2009-09-22,48.04,48.64,48.03,48.51,314200,17.644965742871367,17.865344165971344,17.641292769153033,17.817595507633012,314200,0,1
2009-09-23,48.78,48.98,48.37,48.68,254800,17.916765798028003,17.99022527239466,17.766173875576353,17.880036060844674,254800,0,1
2009-09-24,48.56,48.78,48.29,48.4,549800,17.83596037622468,17.916765798028003,17.73679008582969,17.777192796731352,549800,0,1
2009-09-25,48.54,48.54,47.68,47.92,473500,17.82861442878801,17.82861442878801,17.512738689011382,17.600890058251373,473500,0,1
2009-09-28,48.25,48.78,48.09,48.4,204200,17.72209819095636,17.916765798028003,17.66333061146303,17.777192796731352,204200,0,1
2009-09-29,48.25,48.6,47.73,48.12,219100,17.72209819095636,17.85065227109801,17.531103557603046,17.674349532618027,219100,0,1
2009-09-30,48.45,50.93,48.3,49.81,1393000,17.795557665323017,18.70645514746958,17.74046305954802,18.295082091016294,1393000,0,1
2009-10-01,49.93,50.82,48.56,48.63,712900,18.339157775636288,18.66605243656792,17.83596037622468,17.86167119225301,712900,0,1
2009-10-02,47.39,47.87,46.15,47.63,649400,17.406222451179726,17.582525189659705,16.950773710106443,17.494373820419717,649400,0,1
2009-10-05,47.4,47.84,47.14,47.59,575100,17.40989542489806,17.57150626850471,17.314398108221404,17.479681925546387,575100,0,1
2009-10-06,48.29,48.39,47.07,47.74,1270000,17.73679008582969,17.773519823013018,17.288687292193075,17.53477653132138,1270000,0,1
2009-10-07,49.84,49.84,46.88,48.01,889100,18.306101012171293,18.306101012171293,17.218900791544748,17.633946821716368,889100,0,1
2009-10-08,48.44,49.72,47.83,49.55,844100,17.791884691604682,18.262025327551296,17.567833294786375,18.199584774339638,844100,0,1
2009-10-09,49.85,50.15,49.13,50.07,426400,18.309773985889628,18.419963197439614,18.045319878169657,18.39057940769295,426400,0,1
2009-10-12,50.61,50.94,49.34,49.9,582500,18.588919988482928,18.710128121187914,18.12245232625465,18.32813885448129,582500,0,1
2009-10-13,50.13,50.2,49.01,49.67,1788900,18.41261725000295,18.43832806603128,18.00124419354966,18.243660458959635,1788900,0,1
2009-10-14,42.6,44.5,42.05,44.45,1210000,18.339748591431253,19.157718599030297,18.10296779975784,19.136193072514533,1210000,7.65,1
2009-10-15,44.51,44.51,43.65,44.07,400400,19.16202370433345,19.16202370433345,18.7917846482623,18.972599070994725,400400,0,1
2009-10-16,43.9,44.05,43.36,43.42,293900,18.899412280841123,18.963988860388415,18.66693659447087,18.69276722628979,293900,0,1
2009-10-19,43.15,43.56,43.12,43.31,355100,18.57652938310466,18.753038700533928,18.5636140671952,18.645411067955106,355100,0,1
2009-10-20,43.33,43.48,41.94,42.08,436400,18.65402127856141,18.7185978581087,18.05561164142316,18.1158831156673,436400,0,1
2009-10-21,41.92,42.64,41.35,41.59,735900,18.047001430816856,18.356969012643862,17.801610428537142,17.90493295581281,735900,0,1
2009-10-22,41.35,42.45,40.96,42.31,640200,17.801610428537142,18.27517201188396,17.63371132171418,18.214900537639817,640200,0,1
2009-10-23,42.54,42.67,41.14,41.27,401100,18.313917959612333,18.369884328553322,17.711203217170933,17.76716958611192,401100,0,1
2009-10-26,40.99,41.4,40.28,40.35,462800,17.64662663762364,17.823135955052905,17.340964161099784,17.371099898221853,462800,0,1
2009-10-27,40.24,40.43,39.8,40.07,451000,17.323743739887174,17.405540740647076,17.134319106548446,17.250556949733575,451000,0,1
2009-10-28,39.85,40.03,39.13,39.21,541000,17.15584463306421,17.23333652852096,16.845877051237203,16.880317893662426,541000,0,1
2009-10-29,39.4,39.94,39.19,39.87,310900,16.96211489442233,17.194590580792585,16.87170768305612,17.164454843670516,310900,0,1
2009-10-30,39.45,39.86,38.92,39.18,325600,16.983640420938098,17.160149738367362,16.755469839870994,16.867402577752966,325600,0,1
2009-11-02,39.43,39.89,39.02,39.61,376000,16.975030210331788,17.173065054276822,16.798520892902523,17.05252210578854,376000,0,1
2009-11-03,39.55,39.84,39.25,39.71,289100,17.026691473969624,17.15153952776106,16.89753831487504,17.09557315882007,289100,0,1
2009-11-04,40,40.53,39.95,40.12,410300,17.2204212126115,17.448591793678606,17.19889568609574,17.272082476249338,410300,0,1
2009-11-05,40.24,41.36,40.14,41.29,218600,17.323743739887174,17.805915533840295,17.280692686855645,17.775779796718226,218600,0,1
2009-11-06,40.7,41.14,40.02,40.48,487500,17.521778583832205,17.711203217170933,17.229031423217812,17.42706626716284,487500,0,1
2009-11-09,40.43,40.84,40,40.81,255300,17.405540740647076,17.582050058076348,17.2204212126115,17.569134742166888,255300,0,1
2009-11-10,40.5,41,40.11,40.58,237500,17.435676477769146,17.65093174292679,17.267777370946185,17.47011732019437,237500,0,1
2009-11-11,40.65,40.82,39.67,40.13,515400,17.50025305731644,17.573439847470038,17.07835273760746,17.27638758155249,515400,0,1
2009-11-12,40.26,40.83,40.04,40.14,206100,17.332353950493477,17.57774495277319,17.237641633824115,17.280692686855645,206100,0,1
2009-11-13,40.14,40.68,39.84,40.68,334800,17.280692686855645,17.5131683732259,17.15153952776106,17.5131683732259,334800,0,1
2009-11-16,40.84,41.95,40.24,41.79,598800,17.582050058076348,18.059916746726316,17.323743739887174,17.991035061875866,598800,0,1
2009-11-17,41.94,42.08,41.47,41.9,482200,18.05561164142316,18.1158831156673,17.853271692174975,18.03839122021055,482200,0,1
2009-11-18,42.11,42.32,41.44,42.01,496700,18.128798431576758,18.21920564294297,17.840356376265515,18.085747378545232,496700,0,1
2009-11-19,41.97,42.06,40.4,41.78,771800,18.06852695733262,18.107272905060995,17.392625424737616,17.986729956572717,771800,0,1
2009-11-20,41.78,43.72,41.71,42.65,916800,17.986729956572717,18.821920385384374,17.956594219450647,18.361274117947016,916800,0,1
2009-11-23,42.87,43.55,42.8,43.25,326200,18.455986434616378,18.748733595230775,18.425850697494308,18.61958043613619,326200,0,1
2009-11-24,43.45,43.45,42.78,43.36,235500,18.705682542199245,18.705682542199245,18.417240486888,18.66693659447087,235500,0,1
2009-11-25,43.37,43.49,43.02,43.35,249500,18.671241699774022,18.72290296341186,18.520563014163674,18.66263148916772,249500,0,1
2009-11-27,42.39,43.39,42.17,43.06,97300,18.24934138006504,18.67985191038033,18.154629063395678,18.537783435376284,97300,0,1
2009-11-30,43.3,43.51,42.96,43.35,365600,18.641105962651952,18.73151317401816,18.494732382344754,18.66263148916772,365600,0,1
2009-12-01,43.64,44.37,43.58,44.01,485200,18.78747954295915,19.10175223008931,18.76164891114023,18.946768439175806,485200,0,1
2009-12-02,44.25,45.18,44.11,44.72,577400,19.050090966451474,19.450465759644693,18.989819492207335,19.25243091569966,577400,0,1
2009-12-03,44.49,45.55,44.49,45.15,383900,19.153413493727147,19.609754655861348,19.153413493727147,19.437550443735233,383900,0,1
2009-12-04,45.24,46.28,45.08,45.99,520700,19.47629639146361,19.92402734299151,19.407414706613164,19.799179289200076,520700,0,1
2009-12-07,46.14,46.57,45.81,46.31,496300,19.86375586874737,20.048875396782943,19.721687393743323,19.936942658900968,496300,0,1
2009-12-08,46.16,46.26,45.62,45.91,353700,19.87236607935367,19.9154171323852,19.639890392983418,19.764738446774853,353700,0,1
2009-12-09,45.97,46.08,45.17,45.98,297100,19.79056907859377,19.837925236928452,19.44616065434154,19.794874183896923,297100,0,1
2009-12-10,46.75,47,46.38,46.87,689300,20.126367292239696,20.233994924818518,19.967078396023037,20.17802855587753,689300,0,1
2009-12-11,47.08,47.69,46.69,47.18,262000,20.268435767243737,20.531047190736064,20.100536660420776,20.311486820275267,262000,0,1
2009-12-14,47.55,47.55,47.13,47.32,255000,20.47077571649192,20.47077571649192,20.289961293759504,20.37175829451941,255000,0,1
2009-12-15,47.48,47.93,47.28,47.45,348900,20.440639979369852,20.634369718011733,20.354537873306796,20.427724663460396,348900,0,1
2009-12-16,47.45,47.76,47.45,47.63,321100,20.427724663460396,20.561182927858134,20.427724663460396,20.505216558917148,321100,0,1
2009-12-17,45.78,47.25,45.78,47.22,212000,19.708772077833867,20.34162255739734,19.708772077833867,20.32870724148788,212000,0,1
2009-12-18,47.5,47.5,46.81,46.99,191500,20.44925018997616,20.44925018997616,20.152197924058612,20.229689819515364,191500,0,1
2009-12-21,46.99,47.5,46.99,47.37,111000,20.229689819515364,20.44925018997616,20.229689819515364,20.393283821035173,111000,0,1
2009-12-22,47.28,48.07,47.18,47.97,193800,20.354537873306796,20.694641192255872,20.311486820275267,20.651590139224346,193800,0,1
2009-12-23,48.17,48.39,47.74,47.89,139900,20.737692245287402,20.832404561956768,20.55257271725183,20.617149296799123,139900,0,1
2009-12-24,47.82,48.3,47.75,48.3,42400,20.587013559677054,20.793658614228388,20.55687782255498,20.793658614228388,42400,0,1
2009-12-28,48.3,48.3,47.86,47.99,126000,20.793658614228388,20.793658614228388,20.604233980889664,20.660200349830653,126000,0,1
2009-12-29,47.3,48.06,46.83,47.9,355600,20.363148083913103,20.690336086952723,20.160808134664915,20.621454402102273,355600,0,1
2009-12-30,47.98,48,47.62,47.74,220400,20.655895244527496,20.664505455133803,20.500911453613995,20.55257271725183,220400,0,1
2009-12-31,47.9,47.9,47.48,47.49,130400,20.621454402102273,20.621454402102273,20.440639979369852,20.44494508467301,130400,0,1
2010-01-04,48.16,49.4,48,49.4,791400,20.73338713998425,21.267220197575206,20.664505455133803,21.267220197575206,791400,0,1
2010-01-05,49.4,50.16,49.27,49.87,235700,21.267220197575206,21.594408200614822,21.21125382863422,21.46956014682339,235700,0,1
2010-01-06,49.66,50.42,49.66,50.22,337100,21.37915293545718,21.7063409384968,21.37915293545718,21.620238832433742,337100,0,1
2010-01-07,50.22,51.01,49.92,50.87,346100,21.620238832433742,21.960342151382818,21.491085673339157,21.90007067713868,346100,0,1
2010-01-08,51,51.88,50.82,51.45,238600,21.95603704607967,22.33488631275712,21.878545150622916,22.149766784721546,238600,0,1
2010-01-11,51.89,51.89,50.85,51.46,193400,22.339191418060274,22.339191418060274,21.891460466532376,22.1540718900247,193400,0,1
2010-01-12,51.2,51.2,50.11,50.28,270900,22.042139152142724,22.042139152142724,21.57288267409906,21.64606946425266,270900,0,1
2010-01-13,50.47,50.78,50.08,50.45,378500,21.727866465012564,21.861324729410303,21.559967358189603,21.71925625440626,378500,0,1
2010-01-14,50.15,50.83,50,50.76,340500,21.590103095311672,21.882850255926066,21.52552651576438,21.852714518803996,340500,0,1
2010-01-15,50.58,50.7,50.21,50.38,336000,21.775222623347243,21.826883886985083,21.61593372713059,21.689120517284188,336000,0,1
2010-01-19,50.59,50.7,50.29,50.42,325800,21.7795277286504,21.826883886985083,21.65037456955581,21.7063409384968,325800,0,1
2010-01-20,50.86,51.09,50.01,50.75,455000,21.895765571835526,21.994782993808045,21.52983162106753,21.848409413500846,455000,0,1
2010-01-21,50.83,51.13,49.61,50.07,355700,21.882850255926066,22.012003415020654,21.35762740894142,21.55566225288645,355700,0,1
2010-01-22,49.79,49.94,48.77,49.05,446000,21.435119304398167,21.49969588394546,20.995998563476576,21.116541511964854,446000,0,1
2010-01-25,49.4,49.72,48.65,48.75,345300,21.267220197575206,21.404983567276098,20.94433729983874,20.98738835287027,345300,0,1
2010-01-26,48.75,49.08,48.51,48.77,233000,20.98738835287027,21.129456827874314,20.8840658255946,20.995998563476576,233000,0,1
2010-01-27,48.85,49.01,48.05,48.99,338300,21.0304394059018,21.099321090752245,20.686030981649566,21.090710880145938,338300,0,1
2010-01-28,48.96,49.17,48.41,48.79,244200,21.07779556423648,21.16820277560269,20.84101477256307,21.004608774082882,244200,0,1
2010-01-29,49.02,49.17,48.24,48.27,317800,21.103626196055398,21.16820277560269,20.767827982409475,20.78074329831893,317800,0,1
2010-02-01,48.5,48.54,48,48.44,230900,20.879760720291447,20.89698114150406,20.664505455133803,20.85393008847253,230900,0,1
2010-02-02,48.39,49.54,48.25,49.51,285600,20.832404561956768,21.327491671819345,20.772133087712625,21.31457635590989,285600,0,1
2010-02-03,49.46,49.79,49.01,49.64,253200,21.293050829394126,21.435119304398167,21.099321090752245,21.370542724850875,253200,0,1
2010-02-04,49.42,49.55,47.69,47.7,177900,21.275830408181513,21.3317967771225,20.531047190736064,20.535352296039218,177900,0,1
2010-02-05,47.83,47.95,46.54,47.6,209700,20.591318664980204,20.64297992861804,20.035960080873483,20.492301243007688,209700,0,1
2010-02-08,47.77,48.06,47.35,47.5,201000,20.56548803316129,20.690336086952723,20.384673610428866,20.44925018997616,201000,0,1
2010-02-09,47.98,48.63,47.47,48.35,297400,20.655895244527496,20.935727089232437,20.436334874066702,20.815184140744154,297400,0,1
2010-02-10,47.5,48.26,47.35,47.92,333200,20.44925018997616,20.776438193015778,20.384673610428866,20.630064612708583,333200,0,1
2010-02-11,48.03,48.08,47.2,47.95,419300,20.677420771043263,20.698946297559026,20.320097030881573,20.64297992861804,419300,0,1
2010-02-12,47.29,48.05,47.2,48.03,317700,20.35884297860995,20.686030981649566,20.320097030881573,20.677420771043263,317700,0,1
2010-02-16,48.26,48.64,47.84,48.57,182500,20.776438193015778,20.94003219453559,20.59562377028336,20.909896457413517,182500,0,1
2010-02-17,48.57,48.65,48.11,48.36,192900,20.909896457413517,20.94433729983874,20.711861613468486,20.819489246047308,192900,0,1
2010-02-18,48.1,49.29,48.06,49.19,193900,20.707556508165332,21.219864039240523,20.690336086952723,21.176812986208994,193900,0,1
2010-02-19,49.19,49.59,49.04,49.3,194200,21.176812986208994,21.349017198335112,21.1122364066617,21.224169144543676,194200,0,1
2010-02-22,49.28,49.59,48.56,49.4,251000,21.215558933937373,21.349017198335112,20.905591352110367,21.267220197575206,251000,0,1
2010-02-23,49.43,49.68,48.94,49,208400,21.280135513484666,21.387763146063488,21.069185353630175,21.09501598544909,208400,0,1
2010-02-24,49.02,49.44,48.76,49.4,146200,21.103626196055398,21.284440618787816,20.991693458173422,21.267220197575206,146200,0,1
2010-02-25,48.81,49.64,48.5,49.59,270200,21.01321898468919,21.370542724850875,20.879760720291447,21.349017198335112,270200,0,1
2010-02-26,49.7,50.26,49.56,50.22,528300,21.396373356669795,21.63745925364635,21.336101882425652,21.620238832433742,528300,0,1
2010-03-01,50.81,52.7,50.66,52.6,397200,21.874240045319763,22.687904947615657,21.809663465772466,22.644853894584127,397200,0,1
2010-03-02,52.98,53.52,52.79,52.87,220500,22.808447896103935,23.040923582474193,22.72665089534403,22.761091737769252,220500,0,1
2010-03-03,52.8,53.21,52.65,52.71,167800,22.730956000647183,22.907465318076454,22.66637942109989,22.69221005291881,167800,0,1
2010-03-04,52.77,52.78,52.39,52.66,137800,22.718040684737726,22.72234579004088,22.55444668321792,22.670684526403043,137800,0,1
2010-03-05,52.77,53.17,52.68,52.85,390500,22.718040684737726,22.89024489686384,22.67929473700935,22.75248152716295,390500,0,1
2010-03-08,53.06,53.06,51.83,51.92,368700,22.84288873852916,22.84288873852916,22.313360786241354,22.35210673396973,368700,0,1
2010-03-09,51.99,52.99,51.92,52.51,263200,22.382242471091804,22.81275300140709,22.35210673396973,22.60610794685575,263200,0,1
2010-03-10,52.36,52.93,52.36,52.61,212200,22.54153136730846,22.786922369588172,22.54153136730846,22.64915899988728,212200,0,1
2010-03-11,52.38,53.01,52.3,52.84,280200,22.550141577914765,22.821363212013395,22.51570073548954,22.748176421859796,280200,0,1
2010-03-12,52.86,52.95,52.17,52.6,323200,22.756786632466103,22.79553258019448,22.459734366548552,22.644853894584127,323200,0,1
2010-03-15,52.36,52.5,51.66,52.44,188800,22.54153136730846,22.601802841552598,22.240173996087755,22.57597220973368,188800,0,1
2010-03-16,52.53,52.53,51.95,52.25,170500,22.614718157462057,22.614718157462057,22.36502204987919,22.494175208973775,170500,0,1
2010-03-17,52.25,52.57,52.16,52.36,70800,22.494175208973775,22.631938578674667,22.4554292612454,22.54153136730846,70800,0,1
2010-03-18,52.49,52.49,52,52.22,102400,22.597497736249444,22.597497736249444,22.386547576394953,22.481259893064315,102400,0,1
2010-03-19,52.41,52.54,52.22,52.41,191200,22.56305689382422,22.61902326276521,22.481259893064315,22.56305689382422,191200,0,1
2010-03-22,52.03,52.4,52,52.27,77500,22.399462892304413,22.558751788521068,22.386547576394953,22.502785419580082,77500,0,1
2010-03-23,52.17,52.5,51.94,52.14,181500,22.459734366548552,22.601802841552598,22.360716944576037,22.446819050639096,181500,0,1
2010-03-24,52.17,52.25,51.85,52.12,187200,22.459734366548552,22.494175208973775,22.32197099684766,22.438208840032786,187200,0,1
2010-03-25,52.25,52.64,52.03,52.21,259900,22.494175208973775,22.662074315796737,22.399462892304413,22.476954787761166,259900,0,1
2010-03-26,52.2,52.9,52.2,52.56,303900,22.472649682458012,22.774007053678712,22.472649682458012,22.627633473371517,303900,0,1
2010-03-29,52.57,53.82,52.49,53.45,403700,22.631938578674667,23.170076741568778,22.597497736249444,23.010787845352123,403700,0,1
2010-03-30,53.61,54.48,53.57,53.77,451100,23.079669530202565,23.454213691576864,23.062449108989956,23.148551215053015,451100,0,1
2010-03-31,53.75,53.75,52.66,53.04,352500,23.139941004446708,23.139941004446708,22.670684526403043,22.83427852792285,352500,0,1
2010-04-01,53.25,53.4,52.25,52.78,357600,22.924685739289064,22.989262318836357,22.494175208973775,22.72234579004088,357600,0,1
2010-04-05,54.57,55,54.17,54.6,675300,23.492959639305244,23.678079167340815,23.32075542717913,23.505874955214704,675300,0,1
2010-04-06,54.71,55.07,54.33,54.85,704600,23.553231113549383,23.70821490446289,23.389637112029572,23.613502587793523,704600,0,1
2010-04-07,54.45,54.97,53.95,54.41,272800,23.44129837566741,23.66516385143136,23.226043110509767,23.424077954454795,272800,0,1
2010-04-08,54.17,54.7,54.17,54.6,236500,23.32075542717913,23.54892600824623,23.32075542717913,23.505874955214704,236500,0,1
2010-04-09,54.97,54.97,54.42,54.7,201200,23.66516385143136,23.66516385143136,23.42838305975795,23.54892600824623,201200,0,1
2010-04-12,54.84,55.04,54.66,54.75,151400,23.609197482490373,23.69529958855343,23.531705587033617,23.570451534761997,151400,0,1
2010-04-13,54.77,54.8,53.65,54.2,218800,23.579061745368303,23.59197706127776,23.09688995141518,23.33367074308859,218800,0,1
2010-04-14,54.61,54.61,53.82,54.59,171200,23.510180060517854,23.510180060517854,23.170076741568778,23.50156984991155,171200,0,1
2010-04-15,54.59,54.73,54.15,54.47,155100,23.50156984991155,23.561841324155687,23.312145216572823,23.449908586273715,155100,0,1
2010-04-16,54.25,54.36,52.73,53.92,253700,23.355196269604352,23.402552427939032,22.700820263525113,23.213127794600307,253700,0,1
2010-04-19,53.54,53.79,53.16,53.56,147200,23.049533793080496,23.157161425659318,22.885939791560688,23.058144003686802,147200,0,1
2010-04-20,53.59,54.5,53.59,54.48,175500,23.071059319596262,23.462823902183175,23.071059319596262,23.454213691576864,175500,0,1
2010-04-21,54.29,55.29,54.29,54.84,150100,23.372416690816962,23.80292722113225,23.372416690816962,23.609197482490373,150100,0,1
2010-04-22,54.38,57.12,54.24,56.86,477500,23.41116263854534,24.590761491609225,23.3508911643012,24.478828753727253,477500,0,1
2010-04-23,56.74,56.87,55.87,56.71,192900,24.427167490089417,24.483133859030403,24.052623328715114,24.41425217417996,192900,0,1
2010-04-26,56.78,57.14,56.31,56.37,177000,24.44438791130203,24.59937170221553,24.242047962053846,24.26787859387276,177000,0,1
2010-04-27,55.97,56.51,54.94,55.05,189000,24.095674381746644,24.3281500681169,23.6522485355219,23.699604693856582,189000,0,1
2010-04-28,55.42,55.5,54.78,55.16,161100,23.85889359007324,23.89333443249846,23.583366850671453,23.74696085219126,161100,0,1
2010-04-29,55.24,55.57,54.94,55.57,318000,23.781401694616488,23.923470169620533,23.6522485355219,23.923470169620533,318000,0,1
2010-04-30,55.76,55.9,55.1,55.27,272900,24.005267170380435,24.065538644624574,23.721130220372345,23.794317010525948,272900,0,1
2010-05-03,55.39,56.65,55.27,56.59,221300,23.84597827416378,24.38842154236104,23.794317010525948,24.362590910542124,221300,0,1
2010-05-04,55.85,56.28,54.29,54.55,343300,24.04401311810881,24.229132646144386,23.372416690816962,23.484349428698938,343300,0,1
2010-05-05,53.77,54.19,52.83,53.24,506600,23.148551215053015,23.329365637785433,22.743871316556643,22.92038063398591,506600,0,1
2010-05-06,52.87,53.81,48.74,52.54,753300,22.761091737769252,23.165771636265625,20.983083247567116,22.61902326276521,753300,0,1
2010-05-07,52.54,52.54,50.01,50.85,612100,22.61902326276521,22.61902326276521,21.52983162106753,21.891460466532376,612100,0,1
2010-05-10,53.54,54.52,52.82,54.1,816700,23.049533793080496,23.47143411278948,22.73956621125349,23.29061969005706,816700,0,1
2010-05-11,53.96,56.16,53.82,54.81,950000,23.230348215812917,24.17747138250655,23.170076741568778,23.596282166580913,950000,0,1
2010-05-12,55.14,56.7,54.9,56.08,438000,23.738350641584958,24.409947068876807,23.63502811430929,24.143030540081327,438000,0,1
2010-05-13,55.87,57.31,55.87,56.54,390100,24.052623328715114,24.67255849236913,24.052623328715114,24.341065384026358,390100,0,1
2010-05-14,56.41,56.41,54.6,55.51,337700,24.285099015085372,24.285099015085372,23.505874955214704,23.897639537801613,337700,0,1
2010-05-17,55.94,56.15,54.53,55.25,407800,24.082759065837188,24.173166277203396,23.47573921809263,23.785706799919637,407800,0,1
2010-05-18,55.51,55.82,54.01,54.02,517200,23.897639537801613,24.03109780219935,23.25187374232868,23.256178847631837,517200,0,1
2010-05-19,53.96,53.96,52.79,53.55,614700,23.230348215812917,23.230348215812917,22.72665089534403,23.05383889838365,614700,0,1
2010-05-20,52.25,53.08,51.41,51.82,833800,22.494175208973775,22.851498949135465,22.132546363508933,22.309055680938204,833800,0,1
2010-05-21,51.3,53.11,51.15,52.87,303700,22.085190205174253,22.864414265044925,22.02061362562696,22.761091737769252,303700,0,1
2010-05-24,52.54,52.85,51.77,51.87,259700,22.61902326276521,22.75248152716295,22.287530154422438,22.330581207453967,259700,0,1
2010-05-25,50.55,51.9,49.54,51.73,591200,21.762307307437787,22.343496523363424,21.327491671819345,22.270309733209825,591200,0,1
2010-05-26,51.91,52.54,51.25,51.35,471900,22.347801628666577,22.61902326276521,22.063664678658487,22.106715731690016,471900,0,1
2010-05-27,52.29,53.11,52.08,53.11,355600,22.51139563018639,22.864414265044925,22.420988418820176,22.864414265044925,355600,0,1
2010-05-28,53.12,53.2,52.28,52.76,188000,22.868719370348074,22.9031602127733,22.507090524883235,22.713735579434573,188000,0,1
2010-06-01,49.18,52.88,49.18,50.9,512300,21.172507880905844,22.76539684307241,21.172507880905844,21.91298599304814,512300,0,1
2010-06-02,50.96,51.65,50.16,51.65,704300,21.938816624867055,22.2358688907846,21.594408200614822,22.2358688907846,704300,0,1
2010-06-03,52.12,52.43,51.32,51.86,293200,22.438208840032786,22.571667104430528,22.09380041578056,22.326276102150814,293200,0,1
2010-06-04,51.01,51.18,49.79,49.88,368200,21.960342151382818,22.033528941536417,21.435119304398167,21.473865252126547,368200,0,1
2010-06-07,49.87,49.93,48.72,48.85,460000,21.46956014682339,21.49539077864231,20.97447303696081,21.0304394059018,460000,0,1
2010-06-08,48.88,49.61,48.68,49.5,502200,21.04335472181126,21.35762740894142,20.9572526157482,21.310271250606736,502200,0,1
2010-06-09,49.9,51.74,49.9,50.42,754500,21.48247546273285,22.27461483851298,21.48247546273285,21.7063409384968,754500,0,1
2010-06-10,51.26,51.62,50.64,51.6,368700,22.06796978396164,22.222953574875145,21.801053255166163,22.21434336426884,368700,0,1
2010-06-11,51.05,51.88,51,51.72,366300,21.97756257259543,22.33488631275712,21.95603704607967,22.266004627906675,366300,0,1
2010-06-14,52.6,53.43,51.84,52.27,466500,22.644853894584127,23.002177634745816,22.31766589154451,22.502785419580082,466500,0,1
2010-06-15,52.51,53.35,52.43,53.31,354100,22.60610794685575,22.967736792320594,22.571667104430528,22.95051637110798,354100,0,1
2010-06-16,53.1,53.6,52.89,53.54,441400,22.86010915974177,23.075364424899416,22.76970194837556,23.049533793080496,441400,0,1
2010-06-17,53.46,53.64,52.6,53.15,233900,23.015092950655273,23.092584846112025,22.644853894584127,22.881634686257534,233900,0,1
2010-06-18,53.23,53.55,52.96,53.37,203000,22.916075528682757,23.05383889838365,22.799837685497632,22.976347002926897,203000,0,1
2010-06-21,53.9,53.91,53.01,53.24,170500,23.204517583994,23.20882268929715,22.821363212013395,22.92038063398591,170500,0,1
2010-06-22,53.27,53.74,52.18,52.2,264200,22.93329594989537,23.135635899143555,22.464039471851706,22.472649682458012,264200,0,1
2010-06-23,52.17,53.36,52.01,53.07,368100,22.459734366548552,22.972041897623747,22.390852681698107,22.84719384383231,368100,0,1
2010-06-24,52.77,53.69,52.61,52.8,356900,22.718040684737726,23.11411037262779,22.64915899988728,22.730956000647183,356900,0,1
2010-06-25,52.85,53.71,52.63,53.28,674000,22.75248152716295,23.122720583234095,22.657769210493587,22.937601055198524,674000,0,1
2010-06-28,53.54,54.27,53.21,53.6,343800,23.049533793080496,23.36380648021066,22.907465318076454,23.075364424899416,343800,0,1
2010-06-29,52.95,52.95,51.45,51.87,377400,22.79553258019448,22.79553258019448,22.149766784721546,22.330581207453967,377400,0,1
2010-06-30,51.62,52.42,50.94,51.03,368300,22.222953574875145,22.567361999127375,21.93020641426075,21.968952361989125,368300,0,1
2010-07-01,51.03,51.34,49.77,50.52,540800,21.968952361989125,22.102410626386867,21.426509093791864,21.74939199152833,540800,0,1
2010-07-02,50.7,50.97,49.89,50.25,203000,21.826883886985083,21.94312173017021,21.478170357429697,21.633154148343202,203000,0,1
2010-07-06,50.68,51.09,49.77,50.26,155600,21.818273676378773,21.994782993808045,21.426509093791864,21.63745925364635,155600,0,1
2010-07-07,50.47,51.45,49.73,51.25,450000,21.727866465012564,22.149766784721546,21.40928867257925,22.063664678658487,450000,0,1
2010-07-08,51.84,52.07,51.35,51.87,338300,22.31766589154451,22.416683313517023,22.106715731690016,22.330581207453967,338300,0,1
2010-07-09,51.95,52.31,51.6,52.25,187400,22.36502204987919,22.520005840792695,22.21434336426884,22.494175208973775,187400,0,1
2010-07-12,50.96,51.97,50.51,51.05,329200,21.938816624867055,22.373632260485493,21.745086886225174,21.97756257259543,329200,0,1
2010-07-13,51.4,51.8,51.14,51.64,340200,22.12824125820578,22.300445470331894,22.016308520323808,22.231563785481452,340200,0,1
2010-07-14,51.56,52.46,51.13,52.15,526400,22.19712294305623,22.584582420339988,22.012003415020654,22.451124155942246,526400,0,1
2010-07-15,52.22,52.44,51.34,52.2,379000,22.481259893064315,22.57597220973368,22.102410626386867,22.472649682458012,379000,0,1
2010-07-16,51.83,51.83,50,50.11,429100,22.313360786241354,22.313360786241354,21.52552651576438,21.57288267409906,429100,0,1
2010-07-19,50.32,50.52,49.68,50.07,208200,21.66328988546527,21.74939199152833,21.387763146063488,21.55566225288645,208200,0,1
2010-07-20,49.55,50.65,49.22,50.59,296800,21.3317967771225,21.805358360469317,21.189728302118453,21.7795277286504,296800,0,1
2010-07-21,51.01,51.01,50.03,50.38,303500,21.960342151382818,21.960342151382818,21.53844183167384,21.689120517284188,303500,0,1
2010-07-22,50.8,52.04,50.65,51.78,463800,21.86993494001661,22.403767997607567,21.805358360469317,22.29183525972559,463800,0,1
2010-07-23,51.75,53.12,51.65,53.11,268300,22.27891994381613,22.868719370348074,22.2358688907846,22.864414265044925,268300,0,1
2010-07-26,53.46,54.41,52.91,54.41,349700,23.015092950655273,23.424077954454795,22.778312158981866,23.424077954454795,349700,0,1
2010-07-27,54.65,54.7,54.12,54.31,322000,23.527400481730467,23.54892600824623,23.299229900663363,23.38102690142327,322000,0,1
2010-07-28,54.29,54.35,53.6,53.9,226400,23.372416690816962,23.398247322635882,23.075364424899416,23.204517583994,226400,0,1
2010-07-29,54.2,54.31,53.07,54.04,369700,23.33367074308859,23.38102690142327,22.84719384383231,23.26478905823814,369700,0,1
2010-07-30,53.4,54.23,53.36,54.17,450900,22.989262318836357,23.346586058998046,22.972041897623747,23.32075542717913,450900,0,1
2010-08-02,55,55.64,54.66,54.78,647000,23.678079167340815,23.953605906742602,23.531705587033617,23.583366850671453,647000,0,1
2010-08-03,54.55,55.75,54.55,55.26,330000,23.484349428698938,24.00096206507728,23.484349428698938,23.79001190522279,330000,0,1
2010-08-04,55.47,56.39,55.47,56.2,323300,23.880419116589003,24.276488804479065,23.880419116589003,24.194691803719163,323300,0,1
2010-08-05,55.9,56.21,55.38,55.46,191800,24.065538644624574,24.198996909022316,23.841673168860627,23.87611401128585,191800,0,1
2010-08-06,55.13,55.79,54.99,55.64,405600,23.734045536281805,24.018182486289895,23.673774062037666,23.953605906742602,405600,0,1
2010-08-09,55.63,56.79,55.63,56.65,519600,23.94930080143945,24.44869301660518,23.94930080143945,24.38842154236104,519600,0,1
2010-08-10,58.03,58.79,56.76,57.05,852900,24.982526074196137,25.309714077235757,24.435777700695724,24.560625754487155,852900,0,1
2010-08-11,56.12,56.98,55.79,56.25,438200,24.160250961293936,24.530490017365086,24.018182486289895,24.216217330234926,438200,0,1
2010-08-12,55.74,56.69,55.53,56.3,364400,23.996656959774132,24.40564196357365,23.90624974840792,24.23774285675069,364400,0,1
2010-08-13,56.13,56.61,55.98,56.03,356900,24.164556066597093,24.37120112114843,24.099979487049797,24.121505013565564,356900,0,1
2010-08-16,55.76,56.17,55.53,56,377500,24.005267170380435,24.181776487809703,23.90624974840792,24.108589697656104,377500,0,1
2010-08-17,56.55,57.59,56.3,56.84,481100,24.34537048932951,24.793101440857413,24.23774285675069,24.470218543120946,481100,0,1
2010-08-18,56.78,57.77,56.4,57.71,439300,24.44438791130203,24.870593336314165,24.28079390978222,24.844762704495245,439300,0,1
2010-08-19,57.52,58.07,57.39,57.67,596700,24.762965703735343,24.99974649540875,24.706999334794354,24.827542283282636,596700,0,1
2010-08-20,57.62,57.62,56.47,57.35,263600,24.80601675676687,24.80601675676687,24.310929646904288,24.689778913581744,263600,0,1
2010-08-23,57.66,57.66,56.17,56.33,462700,24.82323717797948,24.82323717797948,24.181776487809703,24.25065817266015,462700,0,1
2010-08-24,55.75,56.3,54.86,55.83,856100,24.00096206507728,24.23774285675069,23.617807693096676,24.035402907502505,856100,0,1
2010-08-25,55.43,55.85,54.9,55.4,1011900,23.86319869537639,24.04401311810881,23.63502811430929,23.85028337946693,1011900,0,1
2010-08-26,55.53,57.43,55.53,57.02,531200,23.90624974840792,24.724219756006967,23.90624974840792,24.5477104385777,531200,0,1
2010-08-27,57.2,58.53,56.82,58.42,323000,24.62520233403445,25.19778133935378,24.46160833251464,25.150425181019102,323000,0,1
2010-08-30,58.36,58.73,57.97,58.4,438100,25.124594549200182,25.283883445416837,24.95669544237722,25.141814970412796,438100,0,1
2010-08-31,58.24,58.91,57.68,57.89,781000,25.07293328556235,25.36137534087359,24.83184738858579,24.922254599951998,781000,0,1
2010-09-01,58.74,59.92,58.3,59.49,548600,25.288188550719994,25.79619097649203,25.098763917381266,25.61107144845646,548600,0,1
2010-09-02,59.5,61.25,59.41,61.25,669300,25.61537655375961,26.368769981811365,25.576630606031234,26.368769981811365,669300,0,1
2010-09-03,61.5,61.91,60.98,61.42,496600,26.476397614390187,26.65290693181945,26.252532138626236,26.441956771964964,496600,0,1
2010-09-07,61.09,61.14,60.33,60.34,361000,26.29988829696092,26.321413823476682,25.9727002939213,25.977005399224453,361000,0,1
2010-09-08,60.65,61.1,60.55,61.01,270300,26.11046366362219,26.304193402264072,26.06741261059066,26.265447454535696,270300,0,1
2010-09-09,61.82,62.06,60.77,60.94,267400,26.61416098409108,26.717483511366748,26.162124927260027,26.235311717413623,267400,0,1
2010-09-10,61.04,61.61,60.51,60.95,269200,26.278362770445153,26.523753772724866,26.050192189378052,26.23961682271678,269200,0,1
2010-09-13,61.5,62.13,61.35,62.1,285100,26.476397614390187,26.747619248488817,26.411821034842895,26.73470393257936,285100,0,1
2010-09-14,61.89,61.9,61.35,61.5,174900,26.64429672121315,26.648601826516302,26.411821034842895,26.476397614390187,174900,0,1
2010-09-15,61.41,61.94,60.99,61.9,255100,26.437651666661807,26.66582224772891,26.25683724392939,26.648601826516302,255100,0,1
2010-09-16,61.83,62.33,61.56,62,301600,26.618466089394232,26.833721354551873,26.502228246209103,26.69165287954783,301600,0,1
2010-09-17,62,63.39,61.87,63.15,454000,26.69165287954783,27.29006251668608,26.635686510606842,27.18673998941041,454000,0,1
2010-09-20,63.25,63.9,63,63.56,278500,27.22979104244194,27.509622887146875,27.122163409863116,27.36324930683968,278500,0,1
2010-09-21,63.51,63.62,62.22,62.47,362000,27.341723780323914,27.389079938658593,26.786365196217194,26.893992828796016,362000,0,1
2010-09-22,62.24,62.84,61.59,61.9,167400,26.7949754068235,27.053281725012674,26.515143562118563,26.648601826516302,167400,0,1
2010-09-23,61.65,61.74,61.01,61.11,204200,26.54097419393748,26.579720141665856,26.265447454535696,26.308498507567222,204200,0,1
2010-09-24,61.7,62.41,61.7,62.24,131900,26.562499720453246,26.868162196977096,26.562499720453246,26.7949754068235,131900,0,1
2010-09-27,62.52,64.67,61.67,61.68,677000,26.915518355311782,27.84111599548965,26.549584404543786,26.55388950984694,677000,0,1
2010-09-28,61.45,61.97,60.68,61.81,494700,26.454872087874424,26.67873756363837,26.12337897953165,26.609855878787926,494700,0,1
2010-09-29,61.57,63.15,61.57,63.06,355100,26.506533351512257,27.18673998941041,26.506533351512257,27.147994041682036,355100,0,1
2010-09-30,63.16,63.63,61.89,62.05,440200,27.191045094713562,27.39338504396175,26.64429672121315,26.713178406063594,440200,0,1
2010-10-01,62.01,62.74,61.59,61.99,252700,26.69595798485098,27.010230671981144,26.515143562118563,26.687347774244678,252700,0,1
2010-10-04,61.77,62.06,60.89,61,186100,26.592635457575316,26.717483511366748,26.21378619089786,26.261142349232543,186100,0,1
2010-10-05,61,62.81,60.97,62.21,453500,26.261142349232543,27.040366409103214,26.248227033323083,26.78206009091404,453500,0,1
2010-10-06,62.23,62.7,62.23,62.4,207200,26.790670301520343,26.99301025076853,26.790670301520343,26.863857091673946,207200,0,1
2010-10-07,62.7,62.85,62.06,62.38,112200,26.99301025076853,27.057586830315824,26.717483511366748,26.85524688106764,112200,0,1
2010-10-08,62.55,63.63,62.33,63.54,197100,26.92843367122124,27.39338504396175,26.833721354551873,27.354639096233374,197100,0,1
2010-10-11,63.51,63.73,63.18,63.39,136300,27.341723780323914,27.436436096993276,27.19965530531987,27.29006251668608,136300,0,1
2010-10-12,63.33,63.54,62.33,63.28,229700,27.26423188486716,27.354639096233374,26.833721354551873,27.2427063583514,229700,0,1
2010-10-13,63.36,64.98,62.52,63.87,250000,27.27714720077662,27.97457425988739,26.915518355311782,27.496707571237415,250000,0,1
2010-10-14,63.76,63.83,62.99,63.35,151400,27.449351412902736,27.479487150024806,27.117858304559967,27.272842095473468,151400,0,1
2010-10-15,63.84,64.2,62.92,63.32,173000,27.48379225532796,27.638776046241464,27.087722567437897,27.259926779564008,173000,0,1
2010-10-18,63.23,63.23,62.85,63,240200,27.221180831835632,27.221180831835632,27.057586830315824,27.122163409863116,240200,0,1
2010-10-19,62.45,62.8,61.72,62.4,273300,26.88538261818971,27.036061303800057,26.57110993105955,26.863857091673946,273300,0,1
2010-10-20,62.58,63.83,62.44,63.47,220500,26.941348987130695,27.479487150024806,26.881077512886556,27.3245033591113,220500,0,1
2010-10-21,63.65,65.45,63.65,64.99,447400,27.401995254568053,28.176914209135575,27.401995254568053,27.978879365190537,447400,0,1
2010-10-22,64.95,65.3,64.49,65.3,230300,27.96165894397793,28.11233762958828,27.763624100032892,28.11233762958828,230300,0,1
2010-10-25,65.37,66.03,65.06,65.44,181100,28.14247336671035,28.42661031671844,28.00901510231261,28.172609103832418,181100,0,1
2010-10-26,64.93,65.94,64.56,65.67,178100,27.953048733371627,28.387864368990062,27.79375983715497,28.271626525804937,178100,0,1
2010-10-27,65.43,65.78,64.76,65.76,175400,28.168303998529268,28.318982684139616,27.879861943218025,28.310372473533313,175400,0,1
2010-10-28,65.97,66.18,65.25,65.82,167900,28.400779684899522,28.491186896265734,28.090812103072516,28.336203105352226,167900,0,1
2010-10-29,65.62,66.39,65.62,66.27,148000,28.250100999289174,28.581594107631943,28.250100999289174,28.529932843994107,148000,0,1
2010-11-01,66.71,66.78,66.35,66.72,267800,28.71935747733283,28.749493214454905,28.56437368641933,28.72366258263599,267800,0,1
2010-11-02,67.01,67.76,67.01,67.76,220900,28.848510636427424,29.17139353416389,28.848510636427424,29.17139353416389,220900,0,1
2010-11-03,67.75,67.89,66.39,67.05,227300,29.167088428860733,29.227359903104873,28.581594107631943,28.86573105764003,227300,0,1
2010-11-04,67.63,68.03,67.11,67.4,261000,29.115427165222897,29.287631377349015,28.89156168945895,29.016409743250385,261000,0,1
2010-11-05,67.37,67.64,67.03,67.5,128500,29.003494427340925,29.119732270526054,28.857120847033727,29.05946079628191,128500,0,1
2010-11-08,67.32,67.41,66.45,66.81,211700,28.98196890082516,29.020714848553535,28.60742473945086,28.762408530364365,211700,0,1
2010-11-09,66.94,67.1,66.01,66.25,199200,28.81837489930535,28.887256584155793,28.418000106112135,28.5213226333878,199200,0,1
2010-11-10,66.28,66.28,65.42,66,232300,28.53423794929726,28.53423794929726,28.163998893226115,28.413695000808982,232300,0,1
2010-11-11,65.46,65.62,65,65.6,207000,28.18121931443872,28.250100999289174,27.983184470493693,28.241490788682864,207000,0,1
2010-11-12,65.25,65.65,64.96,65.41,366800,28.090812103072516,28.263016315198634,27.96596404928108,28.159693787922958,366800,0,1
2010-11-15,65.62,66.41,65.32,65.8,239300,28.250100999289174,28.590204318238246,28.12094784019458,28.327592894745923,239300,0,1
2010-11-16,68.1,69.14,66.67,67.28,698500,29.31776711447108,29.765498065998983,28.702137056120225,28.96474847961255,698500,0,1
2010-11-17,67.48,67.65,66.97,67.29,178500,29.050850585675608,29.124037375829207,28.83129021521481,28.969053584915706,178500,0,1
2010-11-18,67.72,68.83,67.7,68.26,230900,29.154173112951273,29.632039801601245,29.14556290234497,29.38664879932153,230900,0,1
2010-11-19,68.22,68.56,67.98,68.27,111300,29.369428378108918,29.515801958416116,29.266105850833252,29.39095390462468,111300,0,1
2010-11-22,68.15,68.72,67.98,68.32,344400,29.33929264098685,29.584683643266562,29.266105850833252,29.412479431140444,344400,0,1
2010-11-23,67.66,68.03,67.19,67.79,226100,29.128342481132357,29.287631377349015,28.926002531884173,29.184308850073347,226100,0,1
2010-11-24,68,69.21,68,69.05,165800,29.274716061439555,29.79563380312105,29.274716061439555,29.726752118270607,165800,0,1
2010-11-26,68.63,69.24,68.47,69.07,116300,29.545937695538186,29.80854911903051,29.47705601068774,29.73536232887691,116300,0,1
2010-11-29,68.56,69.25,67.98,68.88,181700,29.515801958416116,29.812854224333666,29.266105850833252,29.653565328117008,181700,0,1
2010-11-30,68.65,68.7,67.95,68.5,274100,29.554547906144496,29.57607343266026,29.253190534923792,29.4899713265972,274100,0,1
2010-12-01,68.67,70,68.67,69.18,336100,29.5631581167508,30.135737122070132,29.5631581167508,29.782718487211596,336100,0,1
2010-12-02,67.13,70,67.13,69.66,300800,28.900171900065253,30.135737122070132,28.900171900065253,29.98936354176293,300800,0,1
2010-12-03,69.51,69.63,68.97,69.5,234600,29.92478696221564,29.97644822585347,29.692311275845384,29.920481856912488,234600,0,1
2010-12-06,69.35,70,68.97,69.89,170300,29.855905277365192,30.135737122070132,29.692311275845384,30.08838096373545,170300,0,1
2010-12-07,70.34,70.49,69.81,70.18,247200,30.28211070237733,30.34668728192462,30.053940121310227,30.213229017526885,247200,0,1
2010-12-08,70.27,70.7,69.88,70.14,319600,30.251974965255258,30.437094493290832,30.084075858432293,30.19600859631427,319600,0,1
2010-12-09,70.51,70.95,70.14,70.46,290600,30.35529749253093,30.544722125869654,30.19600859631427,30.33377196601516,290600,0,1
2010-12-10,70.56,70.99,69.97,70.45,482400,30.376823019046693,30.561942547082264,30.122821806160673,30.32946686071201,482400,0,1
2010-12-13,71.09,72.93,70.05,70.66,474000,30.604993600113797,31.397132975893925,30.157262648585895,30.41987407207822,474000,0,1
2010-12-14,70.64,71.64,70.53,70.99,426700,30.411263861471916,30.8417743917872,30.363907703137233,30.561942547082264,426700,0,1
2010-12-15,70.83,71.7,70.67,71.23,405200,30.493060862231818,30.86760502360612,30.424179177381372,30.665265074357936,405200,0,1
2010-12-16,72.65,72.65,70.96,71.81,226500,31.276590027405646,31.276590027405646,30.549027231172804,30.914961181940804,226500,0,1
2010-12-17,71.81,71.81,71.14,71.62,223600,30.914961181940804,30.914961181940804,30.62651912662956,30.833164181180898,223600,0,1
2010-12-20,71.72,71.85,71.16,71.56,310500,30.876215234212424,30.93218160315341,30.635129337235863,30.80733354936198,310500,0,1
2010-12-21,71.71,72.4,71.68,72.28,201600,30.87191012890927,31.168962394826824,30.858994812999818,31.117301131188988,201600,0,1
2010-12-22,72.23,72.59,71.9,72.39,144200,31.095775604673225,31.250759395586726,30.95370712966918,31.164657289523667,144200,0,1
2010-12-23,72.44,72.58,72,72.07,107800,31.18618281603943,31.246454290283573,30.996758182700706,31.026893919822772,107800,0,1
2010-12-27,71.79,71.92,71.22,71.86,132400,30.906350971334497,30.962317340275483,30.66095996905478,30.936486708456567,132400,0,1
2010-12-28,71.93,71.93,71.45,71.64,156800,30.96662244557864,30.96662244557864,30.7599773910273,30.8417743917872,156800,0,1
2010-12-29,71.64,72.1,71.61,71.63,75300,30.8417743917872,31.039809235732232,30.828859075877745,30.837469286484048,75300,0,1
2010-12-30,71.69,72.1,71.59,71.59,104500,30.863299918302967,31.039809235732232,30.820248865271438,30.820248865271438,104500,0,1
2010-12-31,71.77,72.39,71.64,72.01,153600,30.897740760728187,31.164657289523667,30.8417743917872,31.00106328800386,153600,0,1
2011-01-03,72.46,73.89,72.46,73.75,272600,31.194793026645737,31.8104230849966,31.194793026645737,31.75015161075246,272600,0,1
2011-01-04,73.95,74.62,73.46,74.36,342600,31.836253716815516,32.12469577212676,31.625303556961022,32.012763034244784,342600,0,1
2011-01-05,74.36,75.73,74.15,75.66,445200,32.012763034244784,32.60256246077673,31.922355822878576,32.57242672365466,445200,0,1
2011-01-06,75.83,76.49,75.37,76.23,287000,32.64561351380826,32.92975046381635,32.447578669863226,32.817817725934376,287000,0,1
2011-01-07,76.18,77.4,76.01,77.4,387200,32.79629219941861,33.32151504640326,32.72310540926501,33.32151504640326,387200,0,1
2011-01-10,77.04,77.08,75.05,75.43,381100,33.16653125548976,33.183751676702364,32.309815300162334,32.473409301682146,381100,0,1
2011-01-11,76.01,77.03,75.76,76.37,448700,32.72310540926501,33.162226150186605,32.61547777668619,32.878089200178515,448700,0,1
2011-01-12,76.89,77.12,76.28,76.6,185700,33.101954675942466,33.20097209791498,32.839343252450135,32.97710662215103,185700,0,1
2011-01-13,77.05,77.05,76.24,76.44,216400,33.170836360792904,33.170836360792904,32.82212283123752,32.90822493730058,216400,0,1
2011-01-14,76.41,77.12,76.19,76.62,178400,32.89530962139112,33.20097209791498,32.80059730472176,32.98571683275733,178400,0,1
2011-01-18,76.68,77.5,76.68,77.35,271300,33.01154746457625,33.36456609943479,33.01154746457625,33.29998951988749,271300,0,1
2011-01-19,77.42,77.63,76.64,77.17,227000,33.33012525700956,33.420532468375775,32.99432704336364,33.222497624430744,227000,0,1
2011-01-20,76.8,76.91,75.96,76.52,301400,33.063208728214086,33.110564886548765,32.70157988274924,32.94266577972581,301400,0,1
2011-01-21,76.81,77.23,76.81,77.14,188400,33.06751383351724,33.248328256249664,33.06751383351724,33.209582308521284,188400,0,1
2011-01-24,76.96,77.32,76.5,76.8,246500,33.13209041306453,33.28707420397803,32.9340555691195,33.063208728214086,246500,0,1
2011-01-25,76.7,77.32,76.08,77.09,166100,33.02015767518256,33.28707420397803,32.753241146387076,33.18805678200552,166100,0,1
2011-01-26,77,78.34,77,77.88,344200,33.149310834277145,33.72619494489963,33.149310834277145,33.528160100954594,344200,0,1
2011-01-27,77.92,78.05,77.39,77.82,223500,33.54538052216721,33.60134689110819,33.3172099411001,33.502329469135674,223500,0,1
2011-01-28,77.74,78.36,76.55,76.7,266700,33.467888626710455,33.73480515550593,32.95558109563526,33.02015767518256,266700,0,1
2011-01-31,76.7,77.98,76.36,77.48,297000,33.02015767518256,33.57121115398613,32.87378409487536,33.35595588882848,297000,0,1
2011-02-01,77.88,78.63,77.69,78.13,278800,33.528160100954594,33.851042998691064,33.44636310019469,33.63578773353342,278800,0,1
2011-02-02,77.92,78.3,77.61,77.92,258400,33.54538052216721,33.70897452368702,33.41192225776947,33.54538052216721,258400,0,1
2011-02-03,77.99,78.65,77.36,78.59,134300,33.57551625928927,33.85965320929737,33.30429462519065,33.83382257747845,134300,0,1
2011-02-04,78.82,79.37,78.48,79.25,172700,33.93283999945096,34.16962079112438,33.78646641914377,34.11795952748654,172700,0,1
2011-02-07,82.31,85.38,80.27,80.98,746400,35.43532175025132,36.75698907831925,34.557080268408136,34.86274274493199,746400,0,1
2011-02-08,82.89,83.3,81.97,82.58,501200,35.68501785783419,35.861527175263454,35.28894816994412,35.55155959343645,501200,0,1
2011-02-09,82.6,82.79,81.09,82.18,451800,35.56016980404275,35.641966804802664,34.91009890326667,35.37935538131033,451800,0,1
2011-02-10,81.63,82,81.44,81.77,187600,35.14257458963692,35.30186348585358,35.060777588877016,35.20284606388106,187600,0,1
2011-02-11,81.49,81.61,81,81.53,167600,35.08230311539278,35.13396437903062,34.87135295553829,35.099523536605396,167600,0,1
2011-02-14,81.99,82.17,81.09,81.54,219700,35.29755838055043,35.37505027600718,34.91009890326667,35.10382864190855,219700,0,1
2011-02-15,81.25,81.9,81.25,81.57,260700,34.97898058811712,35.258812432822054,34.97898058811712,35.116743957818,260700,0,1
2011-02-16,81.78,81.99,80.93,81.81,261500,35.20715116918422,35.29755838055043,34.841217218416226,35.220066485093675,261500,0,1
2011-02-17,81.66,81.94,81.1,81.5,222800,35.15548990554638,35.27603285403466,34.91440400856982,35.086608220695936,222800,0,1
2011-02-18,81.65,82.22,81.14,81.5,204300,35.151184800243236,35.396575802522946,34.93162442978243,35.086608220695936,204300,0,1
2011-02-22,80.55,81.03,79.86,80.7,319900,34.677623216896414,34.88426827144775,34.380570950978864,34.74219979644371,319900,0,1
2011-02-23,80.64,81.38,78.62,79.32,335100,34.716369164624794,35.034946957058104,33.84673789338791,34.14809526460861,335100,0,1
2011-02-24,79.12,80,78.44,79.23,385800,34.061993158545555,34.440842425223,33.76924599793116,34.109349316880234,385800,0,1
2011-02-25,79.75,80.59,79.47,80.34,167800,34.333214792644185,34.69484363810903,34.212671844155906,34.58721600553021,167800,0,1
2011-02-28,80.78,81.44,79.88,80.38,178400,34.77664063886893,35.060777588877016,34.38918116158517,34.604436426742815,178400,0,1
2011-03-01,81,81.37,80.61,81.19,436500,34.87135295553829,35.03064185175495,34.703453848715334,34.9531499562982,436500,0,1
2011-03-02,81.03,81.91,81,81.47,310600,34.88426827144775,35.26311753812521,34.87135295553829,35.073692904786476,310600,0,1
2011-03-03,82.03,83.34,81.94,82.99,132600,35.31477880176304,35.87874759647607,35.27603285403466,35.728068910865716,132600,0,1
2011-03-04,83.07,83.29,81.55,82.67,140100,35.762509753290935,35.85722206996031,35.1081337472117,35.590305541164824,140100,0,1
2011-03-07,83.29,83.49,80.4,80.93,222300,35.85722206996031,35.94332417602336,34.61304663734912,34.841217218416226,222300,0,1
2011-03-08,81.2,82.1,80.56,81.59,217600,34.95745506160135,35.34491453888511,34.68192832219957,35.125354168424316,217600,0,1
2011-03-09,81.77,82.18,81.26,81.99,186900,35.20284606388106,35.37935538131033,34.98328569342027,35.29755838055043,186900,0,1
2011-03-10,81.24,81.32,79.33,80.31,281800,34.974675482813964,35.009116325239184,34.15240036991176,34.57430068962075,281800,0,1
2011-03-11,79.98,81.47,79.57,81.02,163000,34.432232214616704,35.073692904786476,34.25572289718743,34.8799631661446,163000,0,1
2011-03-14,80.27,82.25,78.8,82.04,434400,34.557080268408136,35.409491118432406,33.92422978884466,35.319083907066194,434400,0,1
2011-03-15,80.06,80.33,79.23,79.72,312700,34.46667305704192,34.58291090022705,34.109349316880234,34.320299476734725,312700,0,1
2011-03-16,80.16,80.16,77.25,77.48,238100,34.50972411007345,34.50972411007345,33.256938466855964,33.35595588882848,238100,0,1
2011-03-17,78.3,78.89,77.79,78.05,169300,33.70897452368702,33.962975736573036,33.48941415322622,33.60134689110819,169300,0,1
2011-03-18,78.82,79.36,78.32,78.81,124800,33.93283999945096,34.16531568582122,33.71758473429332,33.928534894147816,124800,0,1
2011-03-21,79.47,80.82,79.45,80.09,103100,34.212671844155906,34.79386106008154,34.2040616335496,34.47958837295138,103100,0,1
2011-03-22,80.09,80.88,80.03,80.68,129800,34.47958837295138,34.81969169190046,34.45375774113246,34.73358958583741,129800,0,1
2011-03-23,80.48,81.54,79.95,81.19,102900,34.64748747977435,35.10382864190855,34.419316898707244,34.9531499562982,102900,0,1
2011-03-24,81.52,81.85,80.91,81.84,64000,35.09521843130224,35.23728690630629,34.83260700780992,35.232981801003135,64000,0,1
2011-03-25,81.87,82.66,81.55,82.11,107100,35.245897116912595,35.58600043586167,35.1081337472117,35.34921964418826,107100,0,1
2011-03-28,82.1,82.59,81.84,82.17,166000,35.34491453888511,35.555864698739605,35.232981801003135,35.37505027600718,166000,0,1
2011-03-29,82.07,82.35,81.66,82.31,161400,35.33199922297565,35.45254217146393,35.15548990554638,35.43532175025132,161400,0,1
2011-03-30,82.58,83.24,82.46,82.49,231000,35.55155959343645,35.835696543444534,35.49989832979861,35.51281364570807,231000,0,1
2011-03-31,82.54,83.86,82.42,83.83,159700,35.53433917222384,36.10261307224002,35.482677908586005,36.08969775633056,159700,0,1
2011-04-01,83.99,85.26,83.77,84.18,270000,36.158579441181004,36.70532781468142,36.06386712451164,36.24037644194091,270000,0,1
2011-04-04,83.26,83.83,82.52,83.16,263500,35.84430675405085,36.08969775633056,35.52572896161753,35.801255701019315,263500,0,1
2011-04-05,82.78,83.37,82.29,83.04,124900,35.6376616994995,35.89166291238553,35.42671153964502,35.74959443738148,124900,0,1
2011-04-06,83.23,83.59,82.63,82.71,107100,35.83139143814139,35.98637522905489,35.57308511995221,35.60752596237743,107100,0,1
2011-04-07,82.7,82.89,81.64,81.94,210000,35.603220857074284,35.68501785783419,35.146879694940075,35.27603285403466,210000,0,1
2011-04-08,82.36,82.47,79.83,80.5,306500,35.456847276767085,35.504203435101765,34.367655635069404,34.65609769038065,306500,0,1
2011-04-11,80.5,80.6,80.05,80.23,245000,34.65609769038065,34.699148743412174,34.46236795173877,34.53985984719552,245000,0,1
2011-04-12,79.66,80.04,78.8,79.43,231600,34.294468844915805,34.458062846435624,33.92422978884466,34.19545142294329,231600,0,1
2011-04-13,79.87,79.87,78.84,79.18,207200,34.384876056282025,34.384876056282025,33.941450210057276,34.087823790364475,207200,0,1
2011-04-14,78.77,78.99,77.95,78.56,195300,33.9113144729352,34.00602678960456,33.55829583807667,33.82090726156899,195300,0,1
2011-04-15,78.67,79.29,78.32,78.82,113200,33.86826341990368,34.135179948699154,33.71758473429332,33.93283999945096,113200,0,1
2011-04-18,78.07,78.35,76.82,77.55,222900,33.6099571017145,33.73050005020278,33.07181893882039,33.38609162595055,222900,0,1
2011-04-19,77.48,78.11,77.17,77.6,268600,33.35595588882848,33.62717752292711,33.222497624430744,33.407617152466315,268600,0,1
2011-04-20,78.38,79.83,78.38,79.45,346700,33.74341536611224,34.367655635069404,33.74341536611224,34.2040616335496,346700,0,1
2011-04-21,79.91,80.16,79.41,80,145600,34.40209647749463,34.50972411007345,34.18684121233699,34.440842425223,145600,0,1
2011-04-25,80.21,80.21,78.72,79.37,110800,34.531249636589216,34.531249636589216,33.889788946419436,34.16962079112438,110800,0,1
2011-04-26,79.4,80.62,79.25,80.04,218300,34.18253610703383,34.70775895401849,34.11795952748654,34.458062846435624,218300,0,1
2011-04-27,80.07,80.84,79.83,80.8,138300,34.47097816234508,34.802471270687846,34.367655635069404,34.78525084947523,138300,0,1
2011-04-28,80.74,81.53,80.47,81.5,161700,34.75942021765632,35.099523536605396,34.64318237447119,35.086608220695936,161700,0,1
2011-04-29,81.73,83.3,81.73,83.3,211000,35.185625642668455,35.861527175263454,35.185625642668455,35.861527175263454,211000,0,1
2011-05-02,83.88,84.31,82.57,82.88,293000,36.11122328284632,36.296342810881896,35.54725448813329,35.68071275253103,293000,0,1
2011-05-03,82.7,83.11,81.96,82.31,218000,35.603220857074284,35.77973017450355,35.28464306464097,35.43532175025132,218000,0,1
2011-05-04,82.28,82.52,81.02,81.53,164000,35.422406434341866,35.52572896161753,34.8799631661446,35.099523536605396,164000,0,1
2011-05-05,81.03,82.93,80.81,81.82,268300,34.88426827144775,35.7022382790468,34.78955595477839,35.22437159039683,268300,0,1
2011-05-06,82.75,83.91,82.75,82.91,378600,35.62474638359005,36.12413859875578,35.62474638359005,35.69362806844049,378600,0,1
2011-05-09,82.7,83.56,82.26,83.48,313700,35.603220857074284,35.97345991314543,35.41379622373556,35.93901907072021,313700,0,1
2011-05-10,81.5,83.99,81.5,83.04,396400,35.086608220695936,36.158579441181004,35.086608220695936,35.74959443738148,396400,0,1
2011-05-11,82.94,83.55,82.55,82.96,409700,35.70654338434995,35.96915480784227,35.53864427752699,35.715153594956256,409700,0,1
2011-05-12,82.62,83.95,82.33,83.63,285000,35.568780014649064,36.14135901996839,35.443931960857626,36.0035956502675,285000,0,1
2011-05-13,83.75,83.98,82.39,82.68,124000,36.05525691390533,36.15427433587785,35.469762592676545,35.59461064646798,124000,0,1
2011-05-16,82.38,83.32,82.1,82.46,144500,35.46545748737339,35.87013738586976,35.34491453888511,35.49989832979861,144500,0,1
2011-05-17,82.5,82.79,81.22,82.22,246800,35.517118751011225,35.641966804802664,34.96606527220766,35.396575802522946,246800,0,1
2011-05-18,82.43,84,82.04,83.89,212000,35.48698301388916,36.16288454648416,35.319083907066194,36.11552838814948,212000,0,1
2011-05-19,84.18,84.87,83.26,83.45,332100,36.24037644194091,36.53742870785846,35.84430675405085,35.92610375481075,332100,0,1
2011-05-20,83.39,83.39,81.98,82.36,180000,35.900273122991834,35.900273122991834,35.29325327524728,35.456847276767085,180000,0,1
2011-05-23,81.36,81.36,80,80.49,202500,35.0263367464518,35.0263367464518,34.440842425223,34.651792585077494,202500,0,1
2011-05-24,80.54,80.95,79.6,80.1,153500,34.67331811159327,34.84982742902253,34.26863821309689,34.48389347825453,153500,0,1
2011-05-25,79.83,80.16,79.37,80.01,181600,34.367655635069404,34.50972411007345,34.16962079112438,34.445147530526164,181600,0,1
2011-05-26,79.83,79.86,79.32,79.6,300100,34.367655635069404,34.380570950978864,34.14809526460861,34.26863821309689,300100,0,1
2011-05-27,79.95,80.66,79.79,80.55,84700,34.419316898707244,34.724979375231094,34.3504352138568,34.677623216896414,84700,0,1
2011-05-31,80.96,82,79.9,82,384700,34.85413253432568,35.30186348585358,34.39779137219148,35.30186348585358,384700,0,1
2011-06-01,81.89,82.32,81.18,81.33,516400,35.2545073275189,35.43962685555447,34.94884485099505,35.01342143054234,516400,0,1
2011-06-02,81.49,81.91,80.73,81.22,307400,35.08230311539278,35.26311753812521,34.75511511235317,34.96606527220766,307400,0,1
2011-06-03,80.26,81.22,79.82,80.32,144700,34.55277516310498,34.96606527220766,34.36335052976625,34.578605794923895,144700,0,1
2011-06-06,80.58,81.19,79.66,80.51,147600,34.690538532805874,34.9531499562982,34.294468844915805,34.66040279568381,147600,0,1
2011-06-07,81.05,81.2,80.02,80.53,272500,34.89287848205406,34.95745506160135,34.44945263582931,34.66901300629011,272500,0,1
2011-06-08,80.36,80.54,79.8,80.07,282100,34.59582621613651,34.67331811159327,34.354740319159944,34.47097816234508,282100,0,1
2011-06-09,80.11,80.62,79.65,80.61,111600,34.48819858355769,34.70775895401849,34.29016373961266,34.703453848715334,111600,0,1
2011-06-10,80.16,80.5,79.2,80.05,284100,34.50972411007345,34.65609769038065,34.09643400097078,34.46236795173877,284100,0,1
2011-06-13,79.99,80.35,79.21,79.98,279500,34.43653731991985,34.591521110833355,34.10073910627393,34.432232214616704,279500,0,1
2011-06-14,81.31,82.53,80.68,82.48,299700,35.00481121993604,35.530034066920685,34.73358958583741,35.50850854040492,299700,0,1
2011-06-15,81.82,82.44,81.44,82.17,362400,35.22437159039683,35.491288119192305,35.060777588877016,35.37505027600718,362400,0,1
2011-06-16,82.03,82.49,81.6,82.41,428200,35.31477880176304,35.51281364570807,35.12965927372746,35.478372803282845,428200,0,1
2011-06-17,83.01,84.09,82.89,83.83,381700,35.73667912147202,36.20163049421254,35.68501785783419,36.08969775633056,381700,0,1
2011-06-20,83.53,85.96,83.33,85.32,330800,35.96054459723597,37.00668518590212,35.874442491172914,36.73115844650033,330800,0,1
2011-06-21,85.91,87.41,85.7,86.94,420000,36.985159659386355,37.63092545485929,36.89475244802015,37.4285855056111,420000,0,1
2011-06-22,86.99,88.59,86,86.89,700500,37.45011103212686,38.13892788063133,37.023905607114735,37.40705997909534,700500,0,1
2011-06-23,85.77,86.54,85.16,86.38,324700,36.924888185142215,37.25638129348499,36.66227676164989,37.18749960863454,324700,0,1
2011-06-24,86.24,86.68,85.55,85.8,295600,37.1272281343904,37.31665276772913,36.83017586847285,36.937803501051675,295600,0,1
2011-06-27,85.38,87.56,85.14,87.3,324000,36.75698907831925,37.69550203440658,36.653666551043585,37.5835692965246,324000,0,1
2011-06-28,87.69,89.22,87.36,88.92,363800,37.751468403347566,38.41014951472996,37.60939992834352,38.280996355635374,363800,0,1
2011-06-29,89.3,89.3,88.4,88.86,399900,38.44459035715518,38.44459035715518,38.05713087987142,38.255165723816454,399900,0,1
2011-06-30,89.31,91.31,89.21,91.19,480000,38.44889546245833,39.30991652308891,38.405844409426805,39.258255259451076,480000,0,1
2011-07-01,91.2,94.08,91.2,93.3,459900,39.26256036475423,40.502430692062255,39.26256036475423,40.16663247841633,459900,0,1
2011-07-05,93.39,94.18,92.83,93.37,358800,40.205378426144705,40.54548174509379,39.96429252916815,40.196768215538405,358800,0,1
2011-07-06,93.45,94.73,93.26,93.94,230400,40.231209057963625,40.78226253676719,40.14941205720372,40.442159217818116,230400,0,1
2011-07-07,95.03,95.04,93.55,93.75,203200,40.91141569586178,40.91572080116494,40.27426011099515,40.36036221705821,203200,0,1
2011-07-08,92.99,93.84,92.66,93.74,205500,40.03317421401859,40.39910816478659,39.89110573901455,40.35605711175506,205500,0,1
2011-07-11,92.8,93.67,92.21,92.54,172300,39.95137721325869,40.32592137463299,39.697376000372664,39.839444475376716,172300,0,1
2011-07-12,92.08,92.52,90.42,90.64,318100,39.64140963143168,39.8308342647704,38.926762151108306,39.021474467777665,318100,0,1
2011-07-13,91.33,92.74,91.09,91.95,192900,39.318526733695215,39.92554658143977,39.21520420641955,39.58544326249069,192900,0,1
2011-07-14,91.94,92.41,90.65,91.21,205300,39.58113815718754,39.78347810643572,39.02577957308082,39.266865470057375,205300,0,1
2011-07-15,91.5,91.9,89.72,90.58,183700,39.391713523848814,39.56391773597493,38.6254047798876,38.995643835958745,183700,0,1
2011-07-18,90.39,90.47,89.28,89.7,142400,38.91384683519885,38.948287677624066,38.43598014654888,38.616794569281296,142400,0,1
2011-07-19,90.06,91.48,90.06,91.39,76400,38.7717783601948,39.38310331324251,38.7717783601948,39.344357365514135,76400,0,1
2011-07-20,92.1,92.2,91.07,91.73,154900,39.650019842037985,39.69307089506952,39.206593995813236,39.49073094582133,154900,0,1
2011-07-21,92.4,93.57,92.39,93.5,148000,39.77917300113258,40.28287032160146,39.774867895829416,40.25273458447939,148000,0,1
2011-07-22,93.22,93.26,91.78,93.03,186100,40.132191635991106,40.14941205720372,39.51225647233709,40.05039463523121,186100,0,1
2011-07-25,92.37,93,91.66,92.61,119300,39.76625768522312,40.03747931932175,39.46059520869926,39.86958021249878,119300,0,1
2011-07-26,92.21,92.48,90.92,91.3,192300,39.697376000372664,39.813613843557796,39.14201741626595,39.305611417785755,192300,0,1
2011-07-27,90.99,90.99,89.01,89.89,275600,39.17215315338802,39.17215315338802,38.319742303363746,38.6985915700412,275600,0,1
2011-07-28,90.17,91.17,89.67,90.01,148200,38.81913451852948,39.24964504884477,38.60387925337184,38.750252833679035,148200,0,1
2011-07-29,89.04,90.92,88.71,90.07,224500,38.332657619273206,39.14201741626595,38.19058914426916,38.77608346549795,224500,0,1
2011-08-01,90.81,91.34,87.9,89.05,290600,39.094661257931264,39.32283183899837,37.84187561471378,38.33696272457636,290600,0,1
2011-08-02,88.76,89.72,86.64,86.73,204800,38.21211467078493,38.6254047798876,37.29943234651652,37.33817829424489,204800,0,1
2011-08-03,86.72,88.92,85.75,88.62,399900,37.33387318894174,38.280996355635374,36.91627797453591,38.15184319654079,399900,0,1
2011-08-04,87.36,87.57,80.7,81.05,456200,37.60939992834352,37.69980713970973,34.74219979644371,34.89287848205406,456200,0,1
2011-08-05,81.99,82.3,78.44,81.85,586400,35.29755838055043,35.431016644948166,33.76924599793116,35.23728690630629,586400,0,1
2011-08-08,79.57,80.4,73.76,73.83,769900,34.25572289718743,34.61304663734912,31.754456716055614,31.78459245317768,769900,0,1
2011-08-09,76.03,84.87,75.12,84.87,1391900,32.731715619871316,36.53742870785846,32.33995103728441,36.53742870785846,1391900,0,1
2011-08-10,83.9,84.08,78.66,78.97,581900,36.11983349345263,36.19732538890938,33.86395831460052,33.99741657899826,581900,0,1
2011-08-11,79.24,87.64,79.01,86.84,678900,34.11365442218339,37.72994287683181,34.014637000210875,37.38553445257958,678900,0,1
2011-08-12,87.69,88.07,85.57,87.72,317200,37.751468403347566,37.91506240486738,36.838786079079156,37.764383719257026,317200,0,1
2011-08-15,88.88,89.21,87.34,89.04,277000,38.26377593442276,38.405844409426805,37.60078971773722,38.332657619273206,277000,0,1
2011-08-16,88.28,90.78,87.72,89.79,806400,38.00546961623359,39.081745942021804,37.764383719257026,38.655540517009676,806400,0,1
2011-08-17,90.43,91.23,90.11,91.23,686800,38.93106725641146,39.27547568066369,38.79330388671056,39.27547568066369,686800,0,1
2011-08-18,90.5,90.61,84.81,85.63,515700,38.961202993533526,39.008559151868205,36.51159807603954,36.864616710898076,515700,0,1
2011-08-19,85.03,87.98,84.2,84.78,632300,36.606310392708906,37.876316457139005,36.24898665254722,36.49868276013008,632300,0,1
2011-08-22,87.01,87.8,85.49,85.83,503000,37.458721242733176,37.798824561682245,36.80434523665393,36.950718816961135,503000,0,1
2011-08-23,86.29,87.03,85.16,86.9,819700,37.148753660906166,37.467331453339476,36.66227676164989,37.41136508439849,819700,0,1
2011-08-24,86.96,87.24,85.15,86.92,851200,37.4371957162174,37.55773866470569,36.65797165634674,37.4199752950048,851200,0,1
2011-08-25,87.42,87.89,85.67,85.95,450000,37.63523056016244,37.837570509410625,36.88183713211069,37.00238008059897,450000,0,1
2011-08-26,85.17,88,83.99,87.8,363100,36.666581866953045,37.884926667745304,36.158579441181004,37.798824561682245,363100,0,1
2011-08-29,89.59,91.38,88.8,91.37,530300,38.56943841094662,39.340052260210975,38.229335091997534,39.33574715490783,530300,0,1
2011-08-30,91.23,91.46,89.85,89.9,632300,39.27547568066369,39.3744931026362,38.68137114882859,38.702896675344356,632300,0,1
2011-08-31,90.56,91.97,90.49,91.86,520800,38.987033625352446,39.594053473097,38.95689788823037,39.54669731476232,520800,0,1
2011-09-01,92.45,93.12,90.76,91.04,409200,39.800698527648336,40.08914058295958,39.073135731415505,39.19367867990378,409200,0,1
2011-09-02,90.01,91.09,88.97,89.41,434800,38.750252833679035,39.21520420641955,38.30252188215113,38.491946515489865,434800,0,1
2011-09-06,86.46,88.17,85.57,88.08,363000,37.22194045105976,37.958113457898904,36.838786079079156,37.91936751017053,363000,0,1
2011-09-07,89.76,91.52,89.68,90.94,328200,38.642625201100216,39.40032373445512,38.60818435867499,39.15062762687225,328200,0,1
2011-09-08,89.93,91.17,89.13,89.39,284700,38.715811991253815,39.24964504884477,38.37140356700158,38.48333630488356,284700,0,1
2011-09-09,88.07,89.41,86.15,86.65,347700,37.91506240486738,38.491946515489865,37.08848218666203,37.30373745181967,347700,0,1
2011-09-12,85.06,85.77,83.97,85.65,470400,36.619225708618366,36.924888185142215,36.1499692305747,36.87322692150438,470400,0,1
2011-09-13,86.02,88.02,85.11,87.62,361500,37.032515817721034,37.89353687835161,36.640751235134125,37.7213326662255,361500,0,1
2011-09-14,87.96,90.59,86.63,89.59,308900,37.86770624653269,38.999948941261906,37.295127241213365,38.56943841094662,308900,0,1
2011-09-15,89.95,90.75,88.65,89.45,368200,38.72442220186012,39.06883062611235,38.16475851245025,38.50916693670248,368200,0,1
2011-09-16,90.05,92.59,89.95,92.37,595900,38.76747325489165,39.860970001892476,38.72442220186012,39.76625768522312,595900,0,1
2011-09-19,90.5,93.29,89.86,92.12,647600,38.961202993533526,40.16232737311318,38.68567625413174,39.65863005264429,647600,0,1
2011-09-20,92.5,92.98,90.19,90.19,308400,39.8222240541641,40.02886910871544,38.82774472913579,38.82774472913579,308400,0,1
2011-09-21,89.83,90.4,86.18,86.18,225200,38.67276093822228,38.918151940502,37.10139750257149,37.10139750257149,225200,0,1
2011-09-22,81.82,84.56,81.8,82.47,524600,35.22437159039683,36.40397044346072,35.21576137979052,35.504203435101765,524600,0,1
2011-09-23,82.11,85.4,81.67,84.93,355800,35.34921964418826,36.765599288925564,35.159795010849535,36.56325933967738,355800,0,1
2011-09-26,85.76,86,84.23,85.24,457400,36.92058307983906,37.023905607114735,36.26190196845668,36.69671760407511,457400,0,1
2011-09-27,87.3,88.32,86.15,86.6,272300,37.5835692965246,38.022690037446196,37.08848218666203,37.282211925303905,272300,0,1
2011-09-28,86.37,86.8,82.39,82.94,458800,37.18319450333139,37.368314031366964,35.469762592676545,35.70654338434995,458800,0,1
2011-09-29,84.63,84.8,79.65,81.69,529100,36.43410618058279,36.50729297073639,34.29016373961266,35.16840522145584,529100,0,1
2011-09-30,80.65,82.21,79.97,81.67,685700,34.72067426992795,35.39227069721979,34.42792710931355,35.159795010849535,685700,0,1
2011-10-03,80.86,82.35,76.93,77.38,871000,34.81108148129415,35.45254217146393,33.11917509715508,33.31290483579695,871000,0,1
2011-10-04,76.23,77.74,74.3,77.74,1200000,32.817817725934376,33.467888626710455,31.986932402425865,33.467888626710455,1200000,0,1
2011-10-05,78.4,80.57,76.99,80.15,368600,33.75202557671855,34.68623342750272,33.14500572897399,34.5054190047703,368600,0,1
2011-10-06,79.81,81.99,79.44,81.91,285000,34.359045424463105,35.29755838055043,34.199756528246446,35.26311753812521,285000,0,1
2011-10-07,82.55,84.28,81.11,82.81,441600,35.53864427752699,36.283427494972436,34.91870911387298,35.65057701540896,441600,0,1
2011-10-10,83.87,85.21,83.56,84.75,205100,36.10691817754317,36.68380228816565,35.97345991314543,36.48576744422062,205100,0,1
2011-10-11,83.55,85.8,83.55,85.51,208700,35.96915480784227,36.937803501051675,35.96915480784227,36.812955447260244,208700,0,1
2011-10-12,85.74,86.39,85.36,85.93,288100,36.911972869232756,37.19180471393769,36.74837886771295,36.99376986999266,288100,0,1
2011-10-13,85.24,86.38,85.06,86.25,254800,36.69671760407511,37.18749960863454,36.619225708618366,37.13153323969355,254800,0,1
2011-10-14,87.77,87.9,86.5,87.21,171200,37.78590924577279,37.84187561471378,37.23916087227238,37.54482334879623,171200,0,1
2011-10-17,86.71,87.92,86.55,87.26,435600,37.329568083638584,37.850485825320085,37.26068639878814,37.566348875311995,435600,0,1
2011-10-18,87.52,88.44,86.6,87.85,200800,37.67828161319397,38.074351301084036,37.282211925303905,37.82035008819801,200800,0,1
2011-10-19,87.48,89.09,85.32,85.66,247000,37.66106119198136,38.35418314578897,36.73115844650033,36.877532026807536,247000,0,1
2011-10-20,84.99,86.09,84.17,85.27,446500,36.58908997149629,37.06265155484311,36.23607133663776,36.70963291998457,446500,0,1
2011-10-21,86.82,88.47,85.86,88.47,412100,37.37692424197326,38.08726661699349,36.96363413287059,38.08726661699349,412100,0,1
2011-10-24,88.76,92.25,88.55,92.23,446700,38.21211467078493,39.71459642158528,38.121707459418715,39.70598621097898,446700,0,1
2011-10-25,91.64,92.96,91.05,91.41,377700,39.451984998092954,40.020258898109134,39.19798378520694,39.352967576120435,377700,0,1
2011-10-26,92.5,93.48,89.63,89.92,329500,39.8222240541641,40.244124373873085,38.58665883215922,38.71150688595066,329500,0,1
2011-10-27,93,94.13,90.8,93.34,386700,40.03747931932175,40.52395621857802,39.09035615262811,40.183852899628945,386700,0,1
2011-10-28,92.5,93.62,92.15,93.35,443600,39.8222240541641,40.304395848117224,39.67154536855375,40.18815800493209,443600,0,1
2011-10-31,91.65,94.99,91.65,93.92,480900,39.45629010339611,40.894195274649164,39.45629010339611,40.43354900721181,480900,0,1
2011-11-01,90.5,92.26,89.34,90.15,275800,38.961202993533526,39.71890152688844,38.46181077836779,38.81052430792318,275800,0,1
2011-11-02,91.6,92.14,90.18,90.63,198700,39.43476457688034,39.6672402632506,38.823439623832634,39.01716936247451,198700,0,1
2011-11-03,91.55,94.81,90.94,94.52,323300,39.413239050364574,40.81670337919242,39.15062762687225,40.69185532540098,323300,0,1
2011-11-04,93.71,94.32,92.48,93.88,96600,40.3431417958456,40.60575321933792,39.813613843557796,40.416328585999196,96600,0,1
2011-11-07,93.96,94.46,93.35,94.33,322000,40.450769428424415,40.66602469358206,40.18815800493209,40.610058324641074,322000,0,1
2011-11-08,94.99,98.93,93.42,98.51,809100,40.894195274649164,42.590406764091405,40.218293742054165,42.40959234135898,809100,0,1
2011-11-09,96.5,98.69,95.09,96.77,832100,41.54426617542525,42.48708423681573,40.9372463276807,41.660504018610375,832100,0,1
2011-11-10,97.95,98.05,95.8,96.26,289800,42.16850644438242,42.21155749741395,41.242908804204546,41.440943648149585,289800,0,1
2011-11-11,97,98.53,96.95,97.93,180800,41.759521440582894,42.41820255196529,41.737995914067135,42.15989623377612,180800,0,1
2011-11-14,98,99.7,97.29,97.42,213300,42.19003197089818,42.921899872434174,41.88436949437433,41.94033586331532,213300,0,1
2011-11-15,97.66,98.82,97.44,98.4,438600,42.043658390590984,42.54305060575672,41.94894607392162,42.3622361830243,438600,0,1
2011-11-16,97.73,98.51,96.17,97.12,376900,42.07379412771306,42.40959234135898,41.402197700421205,41.811182704220734,376900,0,1
2011-11-17,97.61,102.73,91.78,93.57,1218100,42.02213286407522,44.22634677928949,39.51225647233709,40.28287032160146,1218100,0,1
2011-11-18,93.18,95.15,92.01,94.41,443400,40.1149712147785,40.96307695949962,39.61127389430961,40.6444991670663,443400,0,1
2011-11-21,92.56,93.61,91.47,92.44,393000,39.84805468598302,40.30009074281407,39.378798207939354,39.79639342234518,393000,0,1
2011-11-22,92.4,93.62,91.5,92.82,437200,39.77917300113258,40.304395848117224,39.391713523848814,39.95998742386499,437200,0,1
2011-11-23,91.98,92.35,90.4,90.83,264100,39.59835857840015,39.7576474746168,38.918151940502,39.10327146853757,264100,0,1
2011-11-25,91.13,92.41,90.52,91.17,163500,39.232424627632156,39.78347810643572,38.96981320413983,39.24964504884477,163500,0,1
2011-11-28,94.07,94.07,92.45,92.98,470700,40.4981255867591,40.4981255867591,39.800698527648336,40.02886910871544,470700,0,1
2011-11-29,92.77,93.79,92.46,92.57,306700,39.93846189734923,40.37758263827082,39.80500363295149,39.85235979128617,306700,0,1
2011-11-30,95.05,96.58,94.8,96.42,1515500,40.920025906468084,41.578707017850476,40.812398273889265,41.50982533300003,1515500,0,1
2011-12-01,96.07,98,96.07,97.68,322600,41.35914664738967,42.19003197089818,41.35914664738967,42.05226860119729,322600,0,1
2011-12-02,98.03,98.71,96.47,96.54,181400,42.20294728680764,42.49569444742203,41.53135085951579,41.56148659663786,181400,0,1
2011-12-05,97.9,98.34,96.58,96.82,268100,42.14698091786666,42.33640555120538,41.578707017850476,41.68202954512614,268100,0,1
2011-12-06,97.12,97.22,95.77,96.14,162300,41.811182704220734,41.85423375725226,41.22999348829509,41.389282384511745,162300,0,1
2011-12-07,95.31,96.21,93.63,95.02,224000,41.03195864435006,41.41941812163382,40.30870095342038,40.907110590558624,224000,0,1
2011-12-08,94.4,95.35,93.99,94.5,315300,40.64019406176315,41.04917906556267,40.463684744333875,40.68324511479468,315300,0,1
2011-12-09,94.99,97.71,94.81,97.35,210700,40.894195274649164,42.065183917106744,40.81670337919242,41.910200126193246,210700,0,1
2011-12-12,96.65,96.86,95.11,96,240500,41.60884275497255,41.699249966338755,40.945856538287,41.329010910267606,240500,0,1
2011-12-13,96.41,97.44,94.29,94.74,305900,41.50552022769688,41.94894607392162,40.59283790342847,40.786567642070345,305900,0,1
2011-12-14,94.04,95.08,93.68,94.64,453100,40.48521027084965,40.93294122237754,40.330226479936144,40.74351658903882,453100,0,1
2011-12-15,95.18,95.64,94.86,95.14,195400,40.97599227540908,41.17402711935411,40.83822890570818,40.95877185419646,195400,0,1
2011-12-16,95.35,96.12,92,95.98,331700,41.04917906556267,41.380672173905445,39.60696878900646,41.320400699661306,331700,0,1
2011-12-19,95.83,96.98,95.3,95.56,216300,41.255824120114006,41.750911229976595,41.0276535390469,41.13958627692888,216300,0,1
2011-12-20,97.28,97.64,96.22,96.92,187200,41.88006438907118,42.03504817998468,41.42372322693697,41.725080598157675,187200,0,1
2011-12-21,96.54,97.14,94.95,97.14,278500,41.56148659663786,41.81979291482703,40.87697485343656,41.81979291482703,278500,0,1
2011-12-22,97.06,97.92,96.6,97.25,154700,41.785352072401814,42.15559112847296,41.587317228456776,41.86714907316172,154700,0,1
2011-12-23,97.16,98.5,97.07,98.45,97900,41.82840312543334,42.40528723605583,41.78965717770496,42.38376170954006,97900,0,1
2011-12-27,98.21,98.91,97.96,98.26,78500,42.28043918226439,42.58179655348509,42.17281154968557,42.30196470878016,78500,0,1
2011-12-28,98,98.39,95.32,95.34,194900,42.19003197089818,42.35793107772115,41.03626374965321,41.04487396025952,194900,0,1
2011-12-29,95.27,96.65,95.27,96.49,172500,41.01473822313745,41.60884275497255,41.01473822313745,41.5399610701221,172500,0,1
2011-12-30,96.49,96.59,95.49,95.68,160800,41.5399610701221,41.58301212315363,41.10945053980681,41.19124754056672,160800,0,1
2012-01-03,98.89,98.91,93.9,94.08,795400,42.57318634287879,42.58179655348509,40.42493879660551,40.502430692062255,795400,0,1
2012-01-04,93.81,94.11,93.08,93.13,295100,40.38619284887713,40.515346007971715,40.07192016174697,40.09344568826273,295100,0,1
2012-01-05,92.74,95.49,91.97,95.19,417300,39.92554658143977,41.10945053980681,39.594053473097,40.98029738071222,417300,0,1
2012-01-06,95.5,98.3,95.34,96.74,411500,41.11375564510996,42.31918512999277,41.04487396025952,41.647588702700915,411500,0,1
2012-01-09,97.12,98.18,96.62,97.45,188900,41.811182704220734,42.267523866354935,41.59592743906309,41.95325117922478,188900,0,1
2012-01-10,98.72,99.43,98.17,98.7,195300,42.49999955272519,42.80566202924905,42.26321876105178,42.491389342118886,195300,0,1
2012-01-11,98.05,98.76,97.46,98.37,226600,42.21155749741395,42.517219973937806,41.957556284527925,42.34932086711484,226600,0,1
2012-01-12,98.61,98.86,97.91,98.03,208200,42.452643394390506,42.56027102696933,42.1512860231698,42.20294728680764,208200,0,1
2012-01-13,97.34,98.04,97.2,97.56,138400,41.90589502089009,42.207252392110796,41.84562354664595,42.00060733755946,138400,0,1
2012-01-17,98.94,98.94,97.5,97.97,177000,42.59471186939455,42.59471186939455,41.97477670574054,42.17711665498872,177000,0,1
2012-01-18,96.92,98.15,96.04,96.6,267300,41.725080598157675,42.254608550445475,41.34623133148022,41.587317228456776,267300,0,1
2012-01-19,97.08,98.32,96.77,97.41,321200,41.79396228300812,42.327795340599074,41.660504018610375,41.93603075801216,321200,0,1
2012-01-20,96.95,97.54,96.54,97.06,215200,41.737995914067135,41.99199712695315,41.56148659663786,41.785352072401814,215200,0,1
2012-01-23,97.03,102.66,97.03,101.11,853500,41.772436756492354,44.19621104216742,41.772436756492354,43.52891972017873,853500,0,1
2012-01-24,101.45,101.84,100.27,100.55,250300,43.675293300485926,43.84319240730889,43.167290874713885,43.28783382320216,250300,0,1
2012-01-25,100.84,102.48,99.9,102.2,313900,43.4126818769936,44.118719146710674,43.008001978497234,43.99817619822239,313900,0,1
2012-01-26,102.61,103.18,101.47,101.83,454900,44.17468551565166,44.42007651793138,43.68390351109223,43.83888730200573,454900,0,1
2012-01-27,101.56,101.71,100.81,101.36,185000,43.722649458820605,43.7872260383679,43.39976656108414,43.636547352757546,185000,0,1
2012-01-30,101.21,102.28,100.25,102.16,312600,43.57197077321025,44.032617040647615,43.15868066410758,43.980955777009775,312600,0,1
2012-01-31,102.45,105.1,102.19,104.53,729400,44.105803830801214,45.24665673613672,43.993871092919235,45.00126573385701,729400,0,1
2012-02-01,105.26,107.98,105.25,106.83,451500,45.315538420987174,46.486527063444754,45.31123331568402,45.99143995358217,451500,0,1
2012-02-02,106.87,107.62,105.88,106.06,238200,46.008660374794786,46.33154327253125,45.582454949782644,45.6599468452394,238200,0,1
2012-02-03,107.2,108.18,107.05,107.83,189400,46.15072884979883,46.57262916950781,46.08615227025153,46.42195048389746,189400,0,1
2012-02-06,107.45,109.02,106.71,107.42,531100,46.25835648237765,46.93425801497265,45.93977868994433,46.24544116646819,531100,0,1
2012-02-07,112.82,114.62,105.35,113.82,1090000,48.570198030170744,49.34511698473826,45.35428436871555,49.00070856048603,1090000,0,1
2012-02-08,114.97,116.88,113.39,116,798500,49.49579567034861,50.31807078325081,48.81558903245046,49.93922151657336,798500,0,1
2012-02-09,117.27,118.45,115.9,116.11,472800,50.485969890073775,50.99397231584582,49.896170463541836,49.98657767490804,472800,0,1
2012-02-10,115.33,116.4,114.25,116.19,371000,49.65077946126212,50.11142572869948,49.1858280885216,50.02101851733326,371000,0,1
2012-02-13,116.88,118.83,115.87,118.18,417700,50.31807078325081,51.15756631736562,49.883255147632376,50.87773447266069,417700,0,1
2012-02-14,118.2,118.27,115.71,116.47,441000,50.88634468326699,50.916480420389064,49.81437346278192,50.141561465821546,441000,0,1
2012-02-15,116.75,117.52,114.5,115,541100,50.262104414309825,50.593597522652594,49.29345572110043,49.50871098625807,541100,0,1
2012-02-16,115.02,117,114,116.35,394000,49.51732119686437,50.36973204688865,49.078200455942785,50.089900202183706,394000,0,1
2012-02-17,117.14,117.14,115.83,115.94,433700,50.43000352113279,50.43000352113279,49.86603472641976,49.91339088475444,433700,0,1
2012-02-21,116.55,116.83,115.44,116.24,304000,50.176002308246765,50.296545256735044,49.6981356195968,50.04254404384903,304000,0,1
2012-02-22,116.26,117.86,115,117.39,353900,50.051154254455334,50.73997110295979,49.50871098625807,50.53763115371161,353900,0,1
2012-02-23,117.01,117.39,116.33,117.07,308900,50.374037152191804,50.53763115371161,50.08128999157741,50.399867784010716,308900,0,1
2012-02-24,117.03,119.41,116.43,117.07,539000,50.3826473627981,51.40726242494849,50.12434104460893,50.399867784010716,539000,0,1
2012-02-27,116.79,121.48,115.32,117.52,293600,50.27932483552244,52.298419222701135,49.64647435595896,50.593597522652594,293600,0,1
2012-02-28,118.22,118.91,116,116.87,299900,50.8949548938733,51.19200715979085,49.93922151657336,50.313765677947664,299900,0,1
2012-02-29,117.35,120.88,117.35,118.79,514900,50.520410732498995,52.04011290451196,50.520410732498995,51.140345896153015,514900,0,1
2012-03-01,119,119.66,117.07,117.11,487400,51.23075310751922,51.51489005752731,50.399867784010716,50.41708820522333,487400,0,1
2012-03-02,116.29,117.64,113.35,114.99,669100,50.06406957036479,50.645258786290434,48.79836861123785,49.50440588095492,669100,0,1
2012-03-05,115.01,116.35,114.75,115.3,419500,49.51301609156123,50.089900202183706,49.40108335367925,49.63786414535266,419500,0,1
2012-03-06,113.63,113.88,111.03,111.9,601400,48.918911559726126,49.026539192304945,47.79958418090638,48.17412834228068,601400,0,1
2012-03-07,111.77,113.27,111.29,112.58,366000,48.11816197333969,48.76392776881262,47.91151691878836,48.46687550289508,366000,0,1
2012-03-08,113.31,114.87,112.92,113.94,382200,48.781148190025235,49.45274461731709,48.61324908320228,49.052369824123865,382200,0,1
2012-03-09,113.86,114.92,112.75,113.78,240000,49.017928981698645,49.47427014383285,48.54006229304868,48.98348813927342,240000,0,1
2012-03-12,114.02,115.1,113.38,113.84,295900,49.08681066654909,49.5517620392896,48.8112839271473,49.00931877109234,295900,0,1
2012-03-13,114.06,115.55,113.82,115.48,404100,49.104031087761705,49.74549177793148,49.00070856048603,49.71535604080941,404100,0,1
2012-03-14,115.69,115.97,114.47,115.03,231300,49.805763252175616,49.9263062006639,49.28054040519097,49.52162630216753,231300,0,1
2012-03-15,115.33,115.76,113.5,115.3,500400,49.65077946126212,49.83589898929769,48.86294519078514,49.63786414535266,500400,0,1
2012-03-16,115.1,115.57,114.24,115.32,410700,49.5517620392896,49.75410198853778,49.18152298321845,49.64647435595896,410700,0,1
2012-03-19,113.64,114.67,111.77,113.15,599900,48.92321666502928,49.36664251125403,48.11816197333969,48.71226650517479,599900,0,1
2012-03-20,112.23,113.55,110.6,113.25,432200,48.31619681728473,48.88447071730091,47.6144646528708,48.75531755820632,432200,0,1
2012-03-21,113.54,115.04,113.17,114.64,463200,48.880165611997754,49.52593140747069,48.720876715781095,49.35372719534457,463200,0,1
2012-03-22,113.78,115.7,113.7,115.46,372900,48.98348813927342,49.81006835747878,48.9490472968482,49.706745830203104,372900,0,1
2012-03-23,115.33,115.52,113.69,115.36,185500,49.65077946126212,49.73257646202202,48.944742191545046,49.66369477717158,185500,0,1
2012-03-26,116.67,118.21,116.1,117.09,382400,50.227663571884605,50.890649788570144,49.98227256960489,50.40847799461702,382400,0,1
2012-03-27,116.69,117.36,116.18,116.29,405400,50.236273782490905,50.52471583780215,50.016713412030114,50.06406957036479,405400,0,1
2012-03-28,116.55,116.77,114.88,116,514900,50.176002308246765,50.27071462491613,49.45704972262023,49.93922151657336,514900,0,1
2012-03-29,115.16,115.44,113.67,114.96,414200,49.57759267110852,49.6981356195968,48.93613198093874,49.49149056504546,414200,0,1
2012-03-30,115.24,116.86,115.07,115.76,322100,49.61203351353374,50.309460572644504,49.53884672338014,49.83589898929769,322100,0,1
2012-04-02,116.04,117.83,115.87,117,428100,49.956441937785975,50.72705578705033,49.883255147632376,50.36973204688865,428100,0,1
2012-04-03,117,117.7,115.98,117.28,275600,50.36973204688865,50.67108941810935,49.930611305967055,50.49027499537693,275600,0,1
2012-04-04,116.09,116.62,115.65,116.18,244900,49.977967464301734,50.20613804536884,49.78854283096301,50.016713412030114,244900,0,1
2012-04-05,116.04,116.72,115.33,116.3,658900,49.956441937785975,50.249189098400365,49.65077946126212,50.06837467566795,658900,0,1
2012-04-09,115,115.24,114.22,114.7,214500,49.50871098625807,49.61203351353374,49.17291277261215,49.37955782716349,214500,0,1
2012-04-10,114.79,116.26,111.56,111.93,673000,49.41830377489186,50.051154254455334,48.02775476197348,48.18704365819014,673000,0,1
2012-04-11,113.58,114.71,112.25,114.23,327900,48.89738603321036,49.383862932466634,48.32480702789103,49.177217877915304,327900,0,1
2012-04-12,114.23,118.76,114.23,117.06,381300,49.177217877915304,51.127430580243555,49.177217877915304,50.39556267870756,381300,0,1
2012-04-13,116.95,117.14,115.69,116.04,256600,50.348206520372884,50.43000352113279,49.805763252175616,49.956441937785975,256600,0,1
2012-04-16,116.49,117.73,115.18,117.03,340100,50.150171676427846,50.68400473401881,49.586202881714826,50.3826473627981,340100,0,1
2012-04-17,117.6,119.48,117.27,119.13,351800,50.62803836507782,51.437398162070565,50.485969890073775,51.286719476460206,351800,0,1
2012-04-18,118.91,121.45,118.81,120.2,447800,51.19200715979085,52.285503906791675,51.14895610675932,51.74736574389757,447800,0,1
2012-04-19,120.2,120.96,118.38,119.07,354700,51.74736574389757,52.074553746937184,50.96383657872374,51.260888844641286,354700,0,1
2012-04-20,123.39,123.39,121.09,122.25,719900,53.12069433560333,53.12069433560333,52.13052011587818,52.629912331043904,719900,0,1
2012-04-23,121.18,122.2,119.46,122,437300,52.16926606360655,52.608386804528145,51.42878795146425,52.522284698465086,437300,0,1
2012-04-24,121.97,122.1,120.37,121.73,277800,52.509369382555626,52.56533575149661,51.82055253405117,52.40604685527996,277800,0,1
2012-04-25,123.07,125,122.48,124.7,631100,52.98293096590244,53.813816289410944,52.72892975301642,53.684663130316366,631100,0,1
2012-04-26,124.94,126.4,124.71,125.41,468600,53.78798565759203,54.41653103185235,53.68896823561951,53.990325606840216,468600,0,1
2012-04-27,126.13,128.29,125.43,127.14,554300,54.30029318866722,55.23019593414824,53.99893581744652,54.73510882428566,554300,0,1
2012-04-30,128.21,128.29,125.51,126.12,528100,55.19575509172302,55.23019593414824,54.03337665987175,54.29598808336407,528100,0,1
2012-05-01,126.5,128,125.52,127.07,488700,54.45958208488388,55.10534788035681,54.037681765174895,54.70497308716359,488700,0,1
2012-05-02,126,128.2,124.26,127.83,687300,54.24432681972623,55.19144998641986,53.495238496977635,55.03216109020321,687300,0,1
2012-05-03,127.66,130.09,127.4,129.38,666000,54.95897430004961,56.00511488871576,54.84704156216764,55.6994524121919,666000,0,1
2012-05-04,128.13,128.21,126.78,127.56,562300,55.161314249297796,55.19575509172302,54.58012503337216,54.915923247018085,562300,0,1
2012-05-07,126.28,128.33,125.14,127.43,965000,54.36486976821452,55.24741635536086,53.87408776365509,54.8599568780771,965000,0,1
2012-05-08,132.65,132.69,125,128.51,1001000,57.1072218463229,57.12444226753551,53.813816289410944,55.3249082508176,1001000,0,1
2012-05-09,128.51,128.84,125.8,125.95,629700,55.3249082508176,55.46697672582165,54.158224713663174,54.22280129321047,629700,0,1
2012-05-10,125.32,127.46,125,126.68,523100,53.951579659111836,54.87287219398655,53.813816289410944,54.53707398034064,523100,0,1
2012-05-11,126.09,127.53,125.58,125.74,460900,54.28307276745461,54.903007931108625,54.063512396993815,54.13239408184426,460900,0,1
2012-05-14,124.82,125.92,122.9,124.93,502400,53.73632439395419,54.20988597730101,52.90974417574885,53.78368055228888,502400,0,1
2012-05-15,125.02,125.21,123.32,123.65,420500,53.82242650001725,53.90422350077716,53.09055859848126,53.23262707348531,420500,0,1
2012-05-16,124.58,125.9,123.74,124.01,561300,53.633001866678526,54.20127576669471,53.271373021213684,53.387610864398816,561300,0,1
2012-05-17,124.07,124.72,119.52,120.24,578200,53.41344149621773,53.693273340922666,51.45461858328317,51.764586165110174,578200,0,1
2012-05-18,120.99,121.14,118.43,118.82,462300,52.087469062846644,52.15204564239394,50.98536210523951,51.15326121206247,462300,0,1
2012-05-21,118.95,122.98,118.87,122.62,672000,51.20922758100346,52.94418501817407,51.174786738578234,52.78920122726056,672000,0,1
2012-05-22,123.15,125.95,122.69,125.34,594000,53.01737180832767,54.22280129321047,52.819336964382636,53.96018986971815,594000,0,1
2012-05-23,124.76,125.45,122.62,125.33,561000,53.71049376213528,54.00754602805283,52.78920122726056,53.95588476441499,561000,0,1
2012-05-24,125.93,126,123.19,124.95,448200,54.21419108260417,54.24432681972623,53.03459222954027,53.792290762895185,448200,0,1
2012-05-25,125.37,125.79,123.69,124.23,285700,53.9731051856276,54.15391960836003,53.24984749469792,53.482323181068175,285700,0,1
2012-05-29,125.94,126.34,123.62,126.34,731200,54.21849618790732,54.39070040003343,53.21971175757585,54.39070040003343,731200,0,1
2012-05-30,125.89,125.89,123.05,123.33,509300,54.19697066139155,54.19697066139155,52.974320755296134,53.09486370378442,509300,0,1
2012-05-31,123.59,123.59,120.74,123,1954300,53.20679644166639,53.20679644166639,51.97984143026782,52.952795228780374,1954300,0,1
2012-06-01,121.34,122.66,120.29,121.71,727400,52.238147748456996,52.806421648473176,51.78611169162595,52.39743664467365,727400,0,1
2012-06-04,122,122.36,120.51,121.73,576500,52.522284698465086,52.67726848937859,51.880824008295306,52.40604685527996,576500,0,1
2012-06-05,121.6,121.8,120.36,120.81,491800,52.35008048633897,52.43618259240203,51.816247428748014,52.00997716738989,491800,0,1
2012-06-06,122.19,126.74,122.19,126.74,552700,52.60408169922499,54.56290461215955,52.60408169922499,54.56290461215955,552700,0,1
2012-06-07,127.72,128,125.77,126.19,463200,54.98480493186853,55.10534788035681,54.14530939775372,54.32612382048614,463200,0,1
2012-06-08,125.96,127.14,124.95,127.14,305300,54.22710639851362,54.73510882428566,53.792290762895185,54.73510882428566,305300,0,1
2012-06-11,128.65,128.86,125.97,126.08,495500,55.38517972506175,55.475586936427966,54.23141150381677,54.27876766215146,495500,0,1
2012-06-12,126.25,127.02,125.37,126.84,417300,54.35195445230506,54.68344756064783,53.9731051856276,54.605955665191075,417300,0,1
2012-06-13,126.67,127.04,124.61,125.17,304900,54.532768875037476,54.692057771254134,53.645917182587986,53.88700307956455,304900,0,1
2012-06-14,125.41,127.07,124.12,124.49,721200,53.990325606840216,54.70497308716359,53.434967022733495,53.59425591895015,721200,0,1
2012-06-15,124.46,124.69,123.12,124.28,668300,53.58134060304069,53.680358025013206,53.00445649241821,53.50384870758394,668300,0,1
2012-06-18,123.94,127.51,123.94,127,452500,53.35747512727674,54.89439772050232,53.35747512727674,54.67483735004152,452500,0,1
2012-06-19,127.03,128.32,127.01,127.32,309000,54.68775266595098,55.2431112500577,54.679142455344675,54.81260071974241,309000,0,1
2012-06-20,127.36,130.31,126.93,129.81,490300,54.829821140955026,56.099827205385125,54.644701612919455,55.88457194022748,490300,0,1
2012-06-21,130.1,130.28,127.36,127.5,397400,56.00941999401891,56.086911889475665,54.829821140955026,54.890092615199165,397400,0,1
2012-06-22,127.87,128.13,125.53,127.14,341900,55.049381511415824,55.161314249297796,54.04198687047805,54.73510882428566,341900,0,1
2012-06-25,125.53,126.19,124.8,126.15,403600,54.04198687047805,54.32612382048614,53.72771418334789,54.30890339927353,403600,0,1
2012-06-26,126.09,127.5,125.78,127.45,474200,54.28307276745461,54.890092615199165,54.149614503056874,54.868567088683406,474200,0,1
2012-06-27,127.49,128.16,126.92,128,478700,54.88578750989601,55.174229565207256,54.6403965076163,55.10534788035681,478700,0,1
2012-06-28,126.6,129.46,126.29,127.57,573900,54.5026331379154,55.733893254617136,54.36917487351767,54.92022835232123,573900,0,1
2012-06-29,130.09,134.43,129.84,134.3,732600,56.00511488871576,57.87353059028411,55.89748725613694,57.817564221343126,732600,0,1
2012-07-02,134.93,136.34,130.91,131.95,715100,58.088785855441756,58.69580570318631,56.358133523574296,56.80586447510219,715100,0,1
2012-07-03,132,134.19,131.77,133,204700,56.827390001617964,57.77020806300844,56.72837257964545,57.257900531933245,204700,0,1
2012-07-05,133.23,134.89,132.63,133.68,281500,57.35691795390576,58.071565434229136,57.09861163571659,57.55064769254765,281500,0,1
2012-07-06,132.7,132.82,130.32,130.88,265600,57.12874737283866,57.18040863647649,56.10413231068827,56.345218207664836,265600,0,1
2012-07-09,131.01,132.06,130.6,130.96,173200,56.40118457660582,56.85322063343688,56.22467525917656,56.37965905009006,173200,0,1
2012-07-10,131.86,133.88,129.28,130.03,216600,56.767118527373825,57.6367497986107,55.65640135916038,55.97928425689685,216600,0,1
2012-07-11,130.17,130.48,126.74,127.73,205900,56.03955573114098,56.17301399553872,54.56290461215955,54.989110037171685,205900,0,1
2012-07-12,126.7,128.36,124.96,127.37,248100,54.545684190946936,55.26033167127032,53.79659586819833,54.83412624625818,248100,0,1
2012-07-13,127.51,131.22,127.51,130.83,239700,54.89439772050232,56.491591787972034,54.89439772050232,56.323692681149076,239700,0,1
2012-07-16,130.25,130.25,129.26,129.65,322300,56.073996573566205,56.073996573566205,55.64779114855407,55.815690255377035,322300,0,1
2012-07-17,130.34,130.34,128.37,129.87,296200,56.112742521294585,56.112742521294585,55.26463677657347,55.9104025720464,296200,0,1
2012-07-18,129.24,130.12,128.71,129.64,221900,55.63918093794777,56.01803020462522,55.41101035688067,55.811385150073875,221900,0,1
2012-07-19,130.06,130.5,129.54,129.97,428900,55.99219957280631,56.18162420614503,55.76833409704235,55.95345362507793,428900,0,1
2012-07-20,128.98,130.64,128.26,129.7,265800,55.527248200065785,56.24189568038916,55.21728061823878,55.837215781892795,265800,0,1
2012-07-23,127.73,129.1,126.57,128.73,229000,54.989110037171685,55.578909463703624,54.48971782200594,55.419620567486966,229000,0,1
2012-07-24,128.55,129.14,117.77,120.01,1874200,55.34212867203022,55.59612988491623,50.70122515523142,51.66556874313766,1874200,0,1
2012-07-25,120.1,120.99,118.5,120.25,542900,51.704314690866035,52.087469062846644,51.015497842361576,51.768891270413334,542900,0,1
2012-07-26,122.32,122.68,119.04,120.07,355100,52.66004806816598,52.81503185907948,51.24797352873183,51.691399374956575,355100,0,1
2012-07-27,121.06,122.11,119.95,121.63,259000,52.11760479996872,52.569640856799765,51.63973811131875,52.36299580224843,259000,0,1
2012-07-30,121.27,121.72,119.55,120.88,307200,52.20801201133492,52.40174174997681,51.46753389919263,52.04011290451196,307200,0,1
2012-07-31,121.01,123.94,121.01,123.36,488600,52.09607927345295,53.35747512727674,52.09607927345295,53.10777901969388,488600,0,1
2012-08-01,124.07,124.81,119.58,120.26,420600,53.41344149621773,53.732019288651045,51.48044921510209,51.77319637571649,420600,0,1
2012-08-02,119.3,121.42,118.96,121.23,490200,51.359906266613805,52.27258859088222,51.21353268630661,52.190791590122316,490200,0,1
2012-08-03,123.32,124.89,123.32,124.22,218500,53.09055859848126,53.766460131076265,53.09055859848126,53.47801807576502,218500,0,1
2012-08-06,125.31,125.94,122.76,122.98,477100,53.94727455380869,54.21849618790732,52.84947270150471,52.94418501817407,477100,0,1
2012-08-07,130.52,130.52,124.69,125.45,609300,56.19023441675134,56.19023441675134,53.680358025013206,54.00754602805283,609300,0,1
2012-08-08,124.74,125.83,122.54,125.13,579600,53.70188355152897,54.17114002957263,52.75476038483534,53.86978265835193,579600,0,1
2012-08-09,125.18,127.28,124.34,127,393200,53.891308184867704,54.79538029852981,53.52967933940286,54.67483735004152,393200,0,1
2012-08-10,126.12,128,125.91,127.5,356200,54.29598808336407,55.10534788035681,54.20558087199786,54.890092615199165,356200,0,1
2012-08-13,127.52,128.46,127.13,127.64,231800,54.89870282580547,55.30338272430185,54.73080371898251,54.950364089443305,231800,0,1
2012-08-14,128.43,128.95,127.43,127.85,132700,55.29046740839239,55.51433288415633,54.8599568780771,55.04077130080952,132700,0,1
2012-08-15,127.43,128.58,126.82,128.47,254900,54.8599568780771,55.35504398793968,54.59734545458477,55.307687829604994,254900,0,1
2012-08-16,128.08,132.52,128.08,132.33,455000,55.139788722782036,57.051255477381915,55.139788722782036,56.96945847662201,455000,0,1
2012-08-17,132.79,137.96,132.68,137.77,773300,57.16749332056703,59.39323276229708,57.12013716223236,59.311435761537176,773300,0,1
2012-08-20,138.5,139.37,137.09,138.53,423900,59.62570844866733,60.000252610041635,59.01868860092278,59.63862376457679,423900,0,1
2012-08-21,138.49,139.33,135.24,136.81,445300,59.62140334336418,59.98303218882902,58.222244119839495,58.89814565243449,445300,0,1
2012-08-22,136.16,137.06,135.37,136.27,240500,58.61831380772956,59.00577328501332,58.27821048878048,58.66566996606424,240500,0,1
2012-08-23,136.21,137.04,135.35,136.58,331800,58.63983933424532,58.997163074407005,58.269600278174174,58.79912823046198,331800,0,1
2012-08-24,136.29,139.24,135.79,138.56,278100,58.67428017667054,59.94428624110065,58.4590249115129,59.651539080486245,278100,0,1
2012-08-27,139.32,143.15,139,139.42,507500,59.97872708352586,61.62758241463342,59.840963713824976,60.02177813655739,507500,0,1
2012-08-28,139,139.31,137.93,137.98,445500,59.840963713824976,59.974421978222715,59.38031744638762,59.401842972903374,445500,0,1
2012-08-29,138.46,139.36,137.78,138.76,197600,59.60848802745472,59.99594750473848,59.31574086684032,59.737641186549304,197600,0,1
2012-08-30,137.83,138.9,137.76,138.18,226500,59.337266393356096,59.79791266079345,59.307130656234015,59.48794507896644,226500,0,1
2012-08-31,139.27,139.37,136.7,138.62,196500,59.95720155701011,60.000252610041635,58.85078949409981,59.677369712305165,196500,0,1
2012-09-04,139.02,139.02,136.79,138.67,283600,59.84957392443128,59.84957392443128,58.88953544182819,59.698895238820924,283600,0,1
2012-09-05,138.13,138.46,136.4,137.03,281200,59.466419552450674,59.60848802745472,58.72163633500523,58.99285796910386,281200,0,1
2012-09-06,138,141.47,137.99,140.41,365600,59.41045318350969,60.90432472370373,59.406148078206535,60.44798356156953,365600,0,1
2012-09-07,140.85,143.61,138.74,143.53,410900,60.637408194908254,61.825617258578454,59.729030975943004,61.79117641615323,410900,0,1
2012-09-10,143.01,144.21,140.86,141.47,216900,61.56731094038928,62.083923576767624,60.641713300211414,60.90432472370373,216900,0,1
2012-09-11,141.47,142.55,141.01,142.2,204000,60.90432472370373,61.36927609644425,60.7062898797587,61.21859741083389,204000,0,1
2012-09-12,142.4,143.55,141.56,142.95,157100,61.30469951689695,61.799786626759534,60.94307067143211,61.54148030857036,157100,0,1
2012-09-13,142.73,143.84,140.68,143.1,225800,61.44676799190099,61.924634680550966,60.56422140475466,61.60605688811765,225800,0,1
2012-09-14,143.74,146.21,143.08,145.61,324600,61.88158362751944,62.9449446373982,61.59744667751135,62.68663831920903,324600,0,1
2012-09-17,145.21,145.56,143.57,143.77,192500,62.51443410708291,62.665112792693265,61.808396837365834,61.8944989434289,192500,0,1
2012-09-18,143.1,143.54,141.58,142.67,240200,61.60605688811765,61.795481521456374,60.951680882038424,61.42093736008207,240200,0,1
2012-09-19,142.74,143.66,141.52,143.05,424100,61.45107309720415,61.84714278509421,60.925850250219504,61.58453136160189,424100,0,1
2012-09-20,142.84,143.58,141.5,142.07,188100,61.49412415023568,61.812701942668994,60.91724003961319,61.1626310418929,188100,0,1
2012-09-21,142.33,146.72,142.33,144.51,338200,61.27456377977489,63.16450500785899,61.27456377977489,62.2130767358622,338200,0,1
2012-09-24,144.13,144.95,142.94,143.37,226700,62.0494827343424,62.40250136920093,61.5371752032672,61.72229473130278,226700,0,1
2012-09-25,144,146.22,144,144.95,1162500,61.99351636540141,62.94924974270135,61.99351636540141,62.40250136920093,1162500,0,1
2012-09-26,143.98,145.58,140.14,141.04,889500,61.9849061547951,62.67372300329957,60.3317457183844,60.71920519566816,889500,0,1
2012-09-27,142.16,142.86,138.25,141.09,1010700,61.20137698962128,61.50273436084199,59.518080816088506,60.740730722183926,1010700,0,1
2012-09-28,140.29,142.36,138.88,141.87,694600,60.39632229793169,61.28747909568435,59.78930245018714,61.07652893582985,694600,0,1
2012-10-01,141.9,142.83,139.85,141.69,453300,61.08944425173931,61.48981904493253,60.206897664592965,60.999037040373096,453300,0,1
2012-10-02,142.87,143.37,141.23,142.08,363700,61.50703946614514,61.72229473130278,60.80100219642806,61.16693614719607,363700,0,1
2012-10-03,141.69,145.31,141.2,145.31,744600,60.999037040373096,62.55748516011444,60.7880868805186,62.55748516011444,744600,0,1
2012-10-04,146.15,149.27,145.54,148.97,738900,62.91911400557928,64.26230686016298,62.65650258208695,64.1331537010684,738900,0,1
2012-10-05,151.12,152.62,149.35,150.08,754400,65.05875134124626,65.70451713671919,64.29674770258819,64.61102038971836,754400,0,1
2012-10-08,149.58,150.29,146.62,146.84,485700,64.39576512456073,64.70142760108456,63.121453954827466,63.21616627149683,485700,0,1
2012-10-09,146.36,147.88,145.36,145.98,274400,63.009521216945494,63.663897223024726,62.579010686630205,62.845927215425675,274400,0,1
2012-10-10,145,145.74,143.52,145.06,298100,62.4240268957167,62.74260468815002,61.78687131085008,62.44985752753562,298100,0,1
2012-10-11,146.92,148,145.57,145.6,208100,63.250607113922044,63.71555848666256,62.66941789799641,62.68233321390587,208100,0,1
2012-10-12,146.03,150.14,146.03,149.17,390500,62.86745274194145,64.63685102153727,62.86745274194145,64.21925580713145,390500,0,1
2012-10-15,149.26,149.6,147.91,148.7,278300,64.25800175485982,64.40437533516702,63.676812538934186,64.01691585788326,278300,0,1
2012-10-16,148.4,151.34,148.4,150.9,1112200,63.88776269878868,65.15346365791562,63.88776269878868,64.9640390245769,1112200,0,1
2012-10-17,151.17,152.28,148.9,149,973500,65.08027686776202,65.55814355641199,64.10301796394633,64.14606901697785,973500,0,1
2012-10-18,150,150.65,147.64,148.75,672500,64.57657954729314,64.85641139199808,63.560574695749054,64.03844138439902,672500,0,1
2012-10-19,147.5,147.5,144.64,145.7,597400,63.50030322150492,63.50030322150492,62.26904310480319,62.7253842669374,597400,0,1
2012-10-22,146.69,147.91,145.15,147.39,644700,63.15158969194953,63.676812538934186,62.48860347526399,63.45294706317023,644700,0,1
2012-10-23,129.86,132.13,126.29,131.27,1008800,61.37873670227041,62.45165932905427,59.69136499406846,62.045177629039244,1008800,12.85,1
2012-10-24,131.24,133.56,131.08,131.42,351700,62.03099803485268,63.12755331861416,61.9553735325243,62.11607559997209,351700,0,1
2012-10-25,131.86,135.34,129.81,135.11,701300,62.32404298137514,63.96887590701738,61.35510404529279,63.86016568492034,701300,0,1
2012-10-26,135.09,137.68,134.87,135.44,576400,63.850712622129286,65.07488425356992,63.74672893142777,64.01614122097261,576400,0,1
2012-10-31,136.39,136.68,132.88,133.21,803400,64.46516170354735,64.60223111401756,62.80614918371855,62.96212471977084,803400,0,1
2012-11-01,132.67,137.71,132.67,136.57,374800,62.706892024412554,65.08906384775649,62.706892024412554,64.55023926866679,374800,0,1
2012-11-02,137.91,139,135.57,136.88,275100,65.18359447566696,65.69878639777905,64.07758612911442,64.69676174192801,275100,0,1
2012-11-05,136.3,137.66,135.94,136.82,487200,64.42262292098765,65.06543119077887,64.2524677907488,64.66840255355488,487200,0,1
2012-11-06,137.41,140.49,136.24,140.12,251400,64.94726790589077,66.40303957571207,64.39426373261452,66.2281579140777,251400,0,1
2012-11-07,137.71,139.17,136.25,138,311000,65.08906384775649,65.77913743150293,64.39899026401004,65.22613325822667,311000,0,1
2012-11-08,137.71,138.68,137.01,137.15,305400,65.08906384775649,65.54753739312228,64.75820665006982,64.82437808960717,305400,0,1
2012-11-09,137.01,138.21,135.85,137.32,242900,64.75820665006982,65.32539041753267,64.20992900818908,64.90472912333107,242900,0,1
2012-11-12,137.2,137.2,135.33,135.56,268600,64.84801074658478,64.84801074658478,63.96414937562186,64.0728595977189,268600,0,1
2012-11-13,135.94,136.58,134.23,136,340400,64.2524677907488,64.55496580006232,63.444230922114244,64.28082697912194,340400,0,1
2012-11-14,136.31,136.71,130.23,131.39,506800,64.42734945238317,64.61641070820413,61.553618363904775,62.10189600578552,506800,0,1
2012-11-15,122.5,128.89,120.65,125.65,2153900,57.90000959516498,60.9202631569046,57.02560128699311,59.38886698475494,2153900,0,1
2012-11-16,116.61,129.45,116.61,128.78,826200,55.11608260320154,61.18494891505393,55.11608260320154,60.86827131155385,826200,0,1
2012-11-19,129.44,131.36,128.55,130.09,494600,61.18022238365841,62.08771641159896,60.75956108945681,61.487446924367454,494600,0,1
2012-11-20,130.28,131.45,130,131.08,572500,61.5772510208824,62.130255194158664,61.44490814180774,61.9553735325243,572500,0,1
2012-11-21,130.77,132.23,130.3,131.52,347600,61.80885105926306,62.49892464300951,61.58670408367345,62.16334091392734,347600,0,1
2012-11-23,131.7,132.46,131.14,132.4,62600,62.248418479046755,62.60763486510656,61.98373272089743,62.57927567673342,62600,0,1
2012-11-26,131.45,133.16,131.41,133.01,199900,62.130255194158664,62.938492062793216,62.11134906857657,62.867594091860354,199900,0,1
2012-11-27,132.01,135.38,130.88,133.52,902500,62.39494095230799,63.98778203259947,61.86084290461382,63.10864719303208,902500,0,1
2012-11-28,131.28,134.55,131.28,133.39,760900,62.049904160434764,63.59547992677101,62.049904160434764,63.047202284890254,760900,0,1
2012-11-29,135.03,136.21,133.93,134.93,657600,63.82235343375614,64.38008413842795,63.30243498024854,63.77508811980091,657600,0,1
2012-11-30,135.29,136.09,134.23,136.02,630200,63.94524325003975,64.32336576168166,63.444230922114244,64.290280041913,630200,0,1
2012-12-03,136.42,136.47,132.73,133.18,662500,64.47934129773392,64.50297395471155,62.73525121278569,62.94794512558427,662500,0,1
2012-12-04,130.85,135.19,130.85,133.36,655300,61.846663310427246,63.89797793608452,61.846663310427246,63.033022690703696,655300,0,1
2012-12-05,133.27,135.08,131.9,134.29,1457600,62.99048390814398,63.84598609073377,62.342949106957235,63.47259011048739,1457600,0,1
2012-12-06,134.35,134.92,132.65,134.83,527800,63.50094929886053,63.77036158840538,62.697438961621515,63.727822805845676,527800,0,1
2012-12-07,133.91,134.5,128.53,129.72,1837700,63.29298191745749,63.57184726979339,60.75010802666576,61.312565262733074,1837700,0,1
2012-12-10,129.49,130.84,128.08,130.08,1028300,61.203855040636036,61.84193677903173,60.5374141138672,61.482720392971935,1028300,0,1
2012-12-11,130.61,132.32,128.96,130.86,772500,61.73322655693469,62.541463425569226,60.953348876673275,61.85138984182278,772500,0,1
2012-12-12,131.18,131.29,128.07,128.19,929400,62.002638846479535,62.05463069183028,60.53268758247167,60.58940595921795,929400,0,1
2012-12-13,127.79,128.59,125.99,126.18,1254900,60.40034470339701,60.7784672150389,59.54956905220274,59.639373148717695,1254900,0,1
2012-12-14,126.14,126.57,124.79,125.52,1389100,59.620467023135596,59.823707873143114,58.982385284739905,59.32742207661313,1389100,0,1
2012-12-17,126.44,128.48,125.99,128.22,743300,59.762262965001305,60.72647536968813,59.54956905220274,60.60358555340452,743300,0,1
2012-12-18,128.64,132.39,127.39,131.83,742600,60.80209987201651,62.57454914533789,60.21128344757606,62.30986338718857,742600,0,1
2012-12-19,131.44,134.55,130.98,133.89,690800,62.125528662763145,63.59547992677101,61.90810821856905,63.283528854666436,690800,0,1
2012-12-20,133.85,135.04,133.03,134.67,400900,63.264622729084344,63.82707996515166,62.87704715465141,63.65219830351729,400900,0,1
2012-12-21,133.5,135.64,132.96,135.11,447100,63.099194130241024,64.11067184888309,62.84396143488274,63.86016568492034,447100,0,1
2012-12-24,134.54,135.38,133.26,135.18,107800,63.59075339537548,63.98778203259947,62.98575737674845,63.893251404689,107800,0,1
2012-12-26,134.18,135.54,133.18,133.22,232400,63.42059826513663,64.06340653492785,62.94794512558427,62.96685125116636,232400,0,1
2012-12-27,133.11,134.91,132.65,134.58,190600,62.914859405815605,63.76563505700986,62.697438961621515,63.609659520957585,190600,0,1
2012-12-28,133.34,135.09,132.92,133.05,144800,63.02356962791264,63.850712622129286,62.825055309300645,62.88650021744246,144800,0,1
2012-12-31,132.45,136.82,132.41,136.36,214000,62.60290833371103,64.66840255355488,62.584002208128936,64.4509821093608,214000,0,1
2013-01-02,138.8,141.1,138.7,140,659100,65.60425576986857,66.69135799083901,65.55699045591332,66.17143953733141,659100,0,1
2013-01-03,140.06,141.28,139.09,139.61,375900,66.19979872570455,66.77643555595844,65.74132518033876,65.987104812906,375900,0,1
2013-01-04,139.55,140.3,138.8,140.29,305000,65.95874562453285,66.31323547919712,65.60425576986857,66.30850894780158,305000,0,1
2013-01-07,139.85,140.76,138.81,140.75,366700,66.10054156639855,66.53065592339121,65.60898230126409,66.52592939199569,366700,0,1
2013-01-08,140.36,141.23,136.66,137.5,792200,66.34159466757026,66.75280289898082,64.5927780512265,64.98980668845049,792200,0,1
2013-01-09,137.8,139.61,137.64,139.59,949300,65.13160263031621,65.987104812906,65.05597812798781,65.97765175011494,949300,0,1
2013-01-10,140.15,140.15,134.96,136.09,1125200,66.24233750826427,66.24233750826427,63.78926771398748,64.32336576168166,1125200,0,1
2013-01-11,136.56,138.23,136.21,137.53,717300,64.54551273727127,65.33484348032371,64.38008413842795,65.00398628263706,717300,0,1
2013-01-14,137.16,137.89,135.12,135.75,507000,64.82910462100268,65.17414141287591,63.86489221631586,64.16266369423384,507000,0,1
2013-01-15,134.83,136.89,134.68,135.48,768800,63.727822805845676,64.70148827332353,63.656924834912815,64.0350473465547,768800,0,1
2013-01-16,135.18,135.18,133,134.81,222800,63.893251404689,63.893251404689,62.862867560464835,63.71836974305462,222800,0,1
2013-01-17,135.24,136.98,134.71,136.69,296500,63.92161059306215,64.74402705588325,63.67110442909939,64.60695764541308,296500,0,1
2013-01-18,136.78,136.78,134.31,136.22,487200,64.64949642797279,64.64949642797279,63.48204317327844,64.38481066982347,487200,0,1
2013-01-22,136.08,137.13,135.5,137.02,240600,64.31863923028614,64.81492502681611,64.04450040934576,64.76293318146536,240600,0,1
2013-01-23,136.98,137.56,136.19,137.43,163800,64.74402705588325,65.01816587682363,64.3706310756369,64.95672096868182,163800,0,1
2013-01-24,137.14,139.37,137.02,138.21,261000,64.81965155821163,65.87366805941342,64.76293318146536,65.32539041753267,261000,0,1
2013-01-25,138.63,138.96,137.78,138.41,334200,65.52390473614466,65.67988027219695,65.12214956752516,65.41992104544315,334200,0,1
2013-01-28,139.19,139.19,135.96,136.87,290200,65.78859049429398,65.78859049429398,64.26192085353985,64.6920352105325,290200,0,1
2013-01-29,136.44,138.7,136.04,137.83,387100,64.48879436052498,65.55699045591332,64.29973310470403,65.14578222450278,387100,0,1
2013-01-30,137.2,138.54,137.14,137.82,608500,64.84801074658478,65.48136595358496,64.81965155821163,65.14105569310725,608500,0,1
2013-01-31,137.74,138.22,135.4,135.44,390600,65.10324344194306,65.3301169489282,63.99723509539052,64.01614122097261,390600,0,1
2013-02-01,136.45,137.51,135.97,136.42,587200,64.4935208919205,64.994533219846,64.26664738493537,64.47934129773392,587200,0,1
2013-02-04,135.99,143.94,134.46,137.72,1404100,64.27610044772642,68.03369290716773,63.552941144211296,65.09379037915201,1404100,0,1
2013-02-05,139.07,140.28,138,139.44,504400,65.73187211754771,66.30378241640607,65.22613325822667,65.90675377918208,504400,0,1
2013-02-06,139.12,140.05,138.25,139.74,587300,65.75550477452532,66.19507219430903,65.34429654311477,66.04854972104779,587300,0,1
2013-02-07,139.9,143.7,139.5,143.61,789900,66.12417422337617,67.92025615367515,65.93511296755523,67.87771737111547,789900,0,1
2013-02-08,143.6,144.85,142.74,143.05,541200,67.87299083971993,68.46380726416038,67.4665091397049,67.61303161296614,541200,0,1
2013-02-11,143.25,146.45,142.95,145.18,685100,67.7075622408766,69.22005228744418,67.56576629901089,68.61978280021268,685100,0,1
2013-02-12,145.55,146.31,143.41,144.91,282600,68.79466446184705,69.15388084790685,67.78318674320498,68.49216645253352,282600,0,1
2013-02-13,145,145.7,143.57,144.75,244300,68.53470523509324,68.8655624327799,67.85881124553336,68.41654195020516,244300,0,1
2013-02-14,144.28,144.78,142.67,143.44,242500,68.19439497461553,68.43072154439173,67.43342341993622,67.79736633739155,242500,0,1
2013-02-15,143.21,144.14,142.88,143.77,264200,67.6886561152945,68.1282235350782,67.53268057924222,67.95334187344383,264200,0,1
2013-02-19,143.73,144.23,142.4,143.05,562700,67.93443574786173,68.17076231763792,67.3058070722571,67.61303161296614,562700,0,1
2013-02-20,143.26,143.72,139.71,139.86,357000,67.71228877227212,67.92970921646621,66.03437012686122,66.10526809779408,357000,0,1
2013-02-21,139.47,141.21,138.92,141.16,374400,65.92093337336865,66.74334983618978,65.66097414661485,66.71971717921215,374400,0,1
2013-02-22,141.5,143,141.5,142.74,243400,66.88041924665995,67.58939895598851,66.88041924665995,67.4665091397049,243400,0,1
2013-02-25,143.19,143.23,138.83,138.83,280500,67.67920305250345,67.69810917808555,65.61843536405514,65.61843536405514,280500,0,1
2013-02-26,139.53,139.95,138.47,139.18,207800,65.9492925617418,66.14780688035378,65.44828023381629,65.78386396289847,207800,0,1
2013-02-27,139.28,143.53,139,142.6,358400,65.8311292768537,67.83990511995127,65.69878639777905,67.40033770016755,358400,0,1
2013-02-28,142.82,144.33,141.94,142.34,454800,67.50432139086908,68.21802763159316,67.088386628063,67.27744788388395,454800,0,1
2013-03-01,141.71,143.61,140.54,142.68,196900,66.97967640596596,67.87771737111547,66.42667223268968,67.43814995133175,196900,0,1
2013-03-04,142.09,143.08,141.01,141.75,295500,67.15928459899585,67.62721120715271,66.64881920827929,66.99858253154805,295500,0,1
2013-03-05,142.62,144.61,142.43,142.84,195500,67.40979076295861,68.35037051066783,67.31998666644367,67.51377445366013,195500,0,1
2013-03-06,143.65,144.14,142.85,143.51,141800,67.89662349669756,68.1282235350782,67.51850098505565,67.83045205716022,141800,0,1
2013-03-07,143.96,144.37,142.76,143.72,160700,68.04314596995879,68.23693375717525,67.47596220249594,67.92970921646621,160700,0,1
2013-03-08,144.36,144.66,143.36,143.85,329600,68.23220722577973,68.37400316764544,67.75955408622737,67.99115412460802,329600,0,1
2013-03-11,146.45,147.75,145.31,147.56,526200,69.22005228744418,69.83450136886225,68.68122770835448,69.74469727234731,526200,0,1
2013-03-12,147.67,148.17,146.18,146.9,272600,69.79668911769807,70.03301568747425,69.09243593976504,69.43274620024275,272600,0,1
2013-03-13,146.97,150.68,146.61,150.59,325300,69.46583192001141,71.21937506775069,69.29567678977256,71.17683628519097,325300,0,1
2013-03-14,150.97,151.03,149.51,150.91,245000,71.35644447822088,71.38480366659402,70.66637089447441,71.32808528984773,245000,0,1
2013-03-15,150.27,151.96,150.09,151.02,628400,71.02558728053422,71.82437108637772,70.94050971541479,71.3800771351985,628400,0,1
2013-03-18,149.48,151.38,149.43,150.1,264400,70.65219130028784,71.55023226543734,70.62855864331023,70.94523624681031,264400,0,1
2013-03-19,150.45,151,149,150.44,319300,71.11066484565364,71.37062407240745,70.42531779330271,71.10593831425813,319300,0,1
2013-03-20,150.96,152.17,149.95,151.71,216200,71.35171794682536,71.92362824568372,70.87433827587746,71.70620780148963,216200,0,1
2013-03-21,150.81,151.36,149,149.71,178300,71.2808199758925,71.5407792026463,70.42531779330271,70.7609015223849,178300,0,1
2013-03-22,150.2,150.47,148.84,149.35,145100,70.99250156076555,71.1201179084447,70.34969329097433,70.59074639214604,145100,0,1
2013-03-25,149.78,150.66,147.87,148.28,305600,70.79398724215356,71.20992200495964,69.89121974560854,70.085007532825,305600,0,1
2013-03-26,149.16,150.58,148.35,150.27,241600,70.50094229563109,71.17210975379545,70.11809325259367,71.02558728053422,241600,0,1
2013-03-27,149.46,151.5,148.63,150.96,179200,70.6427382374968,71.60695064218363,70.25043613166834,71.35171794682536,179200,0,1
2013-03-28,151.19,153.12,150.15,152.92,213300,71.46042816892239,72.37264872825847,70.96886890378794,72.27811810034798,213300,0,1
2013-04-01,153.19,153.74,150.67,151.09,269600,72.40573444802713,72.66569367478094,71.21464853635516,71.41316285496717,269600,0,1
2013-04-02,151.17,152.17,150.23,150.39,241700,71.45097510613134,71.92362824568372,71.00668115495212,71.0823056572805,241700,0,1
2013-04-03,150.81,151.47,148.84,149.53,243300,71.2808199758925,71.59277104799706,70.34969329097433,70.67582395726546,243300,0,1
2013-04-04,149.68,150.29,148.75,149.84,95000,70.74672192819833,71.03504034332526,70.30715450841463,70.82234643052671,95000,0,1
2013-04-05,148.17,148.55,146.2,147.88,293700,70.03301568747425,70.21262388050415,69.10188900255608,69.89594627700406,293700,0,1
2013-04-08,147.71,151,147.63,150.28,192400,69.81559524328016,71.37062407240745,69.77778299211597,71.03031381192974,192400,0,1
2013-04-09,150.4,151.76,150.33,151.21,266100,71.08703218867603,71.72984045846724,71.05394646890737,71.46988123171344,266100,0,1
2013-04-10,151.64,153.65,150.36,153.22,285500,71.67312208172096,72.62315489222122,71.06812606309394,72.4199140422137,285500,0,1
2013-04-11,153.63,155.17,151.99,153.01,308100,72.61370182943017,73.3415876643408,71.8385506805643,72.3206568829077,308100,0,1
2013-04-12,152.36,153.66,151.06,152.9,139700,72.01343234219867,72.62788142361674,71.3989832607806,72.26866503755694,139700,0,1
2013-04-15,152.9,153.44,148.5,148.88,233600,72.26866503755694,72.52389773291522,70.18899122352653,70.36859941655642,233600,0,1
2013-04-16,150.39,150.5,146.86,148.16,365800,71.0823056572805,71.13429750263127,69.41384007466065,70.02828915607873,365800,0,1
2013-04-17,146.76,147.43,143.82,145.49,351900,69.3665747607054,69.6832523642055,67.97697453042144,68.7663052734739,351900,0,1
2013-04-18,145.63,145.67,142.93,144.18,146600,68.83247671301123,68.85138283859332,67.55631323621985,68.14712966066031,146600,0,1
2013-04-19,144.71,145.45,144.05,145.37,128300,68.39763582462307,68.7473991478918,68.0856847525185,68.70958689672763,128300,0,1
2013-04-22,145.6,146.79,143.32,146.16,212300,68.81829711882466,69.38075435489198,67.74064796064526,69.08298287697399,212300,0,1
2013-04-23,147.14,147.2,145.01,146.88,139200,69.5461829537353,69.57454214210844,68.53943176648876,69.4232931374517,139200,0,1
2013-04-24,147.53,148.5,147.21,148.09,178100,69.73051767816074,70.18899122352653,69.57926867350398,69.99520343631006,178100,0,1
2013-04-25,148.2,148.41,147.11,147.35,141500,70.04719528166082,70.14645244096681,69.53200335954874,69.6454401130413,141500,0,1
2013-04-26,147.45,147.61,144.8,145.31,251200,69.69270542699654,69.76832992932493,68.44017460718278,68.68122770835448,251200,0,1
2013-04-29,145.6,145.93,144.05,144.87,320700,68.81829711882466,68.97427265487696,68.0856847525185,68.47326032695143,320700,0,1
2013-04-30,144.93,147.09,144.74,146.8,446500,68.50161951532458,69.5225502967577,68.41181541880964,69.38548088628751,446500,0,1
2013-05-01,146.73,148.15,146.05,147,325100,69.35239516651883,70.02356262468321,69.03099103162323,69.48001151419798,325100,0,1
2013-05-02,147.62,149.99,147.62,149.02,192400,69.77305646072045,70.89324440145955,69.77305646072045,70.43477085609376,192400,0,1
2013-05-03,150.89,150.99,149.43,149.5,236700,71.31863222705668,71.36589754101193,70.62855864331023,70.66164436307889,236700,0,1
2013-05-06,149.54,151,149.01,150.3,265200,70.68055048866098,71.37062407240745,70.43004432469823,71.0397668747208,265200,0,1
2013-05-07,151,151,146.25,150.13,453400,71.37062407240745,71.37062407240745,69.1255216595337,70.95941584099688,453400,0,1
2013-05-08,150.27,150.66,147.84,148.5,283800,71.02558728053422,71.20992200495964,69.87704015142197,70.18899122352653,283800,0,1
2013-05-09,149.04,150.97,147.99,149.87,253700,70.4442239188848,71.35644447822088,69.94793812235483,70.83652602471328,253700,0,1
2013-05-10,149.8,150.2,148.65,148.84,142200,70.80344030494462,70.99250156076555,70.25988919445939,70.34969329097433,142200,0,1
2013-05-13,148.85,148.85,147.29,148.11,265000,70.35441982236985,70.35441982236985,69.61708092466816,70.00465649910112,265000,0,1
2013-05-14,147.89,150.21,147.88,150.08,251200,69.90067280839958,70.99722809216108,69.89594627700406,70.93578318401927,251200,0,1
2013-05-15,150.08,155.97,149.9,154.69,556900,70.93578318401927,73.71971017598271,70.85070561889985,73.11471415735568,556900,0,1
2013-05-16,154.95,155.43,150.17,150.65,443200,73.2376039736393,73.46447748062444,70.97832196657897,71.20519547356412,443200,0,1
2013-05-17,150.69,152.28,148.81,149.83,447700,71.22410159914621,71.97562009103447,70.33551369678777,70.81761989913119,447700,0,1
2013-05-20,149.47,150.99,149.33,149.84,158400,70.64746476889232,71.36589754101193,70.581293329355,70.82234643052671,158400,0,1
2013-05-21,149.82,150.2,148.96,149.42,190800,70.81289336773565,70.99250156076555,70.40641166772062,70.6238321119147,190800,0,1
2013-05-22,149.29,152.16,149.1,150.01,399000,70.5623872037729,71.9189017142882,70.47258310725795,70.9026974642506,399000,0,1
2013-05-23,148.68,148.68,147.31,147.85,247400,70.27406878864596,70.27406878864596,69.62653398745921,69.88176668281749,247400,0,1
2013-05-24,147.62,148.17,146.33,147,264100,69.77305646072045,70.03301568747425,69.1633339106979,69.48001151419798,264100,0,1
2013-05-28,148.03,150.8,146.89,148.26,501300,69.96684424793692,71.27609344449698,69.42801966884721,70.07555447003395,501300,0,1
2013-05-29,148.09,148.14,145.94,146.92,214400,69.99520343631006,70.01883609328767,68.97899918627247,69.44219926303379,214400,0,1
2013-05-30,147.35,148.96,145.2,146.1,650700,69.6454401130413,70.40641166772062,68.62923586300371,69.05462368860084,650700,0,1
2013-05-31,145.62,147.16,145.13,146.1,262000,68.82775018161571,69.55563601652635,68.59615014323505,69.05462368860084,262000,0,1
2013-06-03,146.42,149.27,146.16,148.88,381000,69.2058726932576,70.55293414098186,69.08298287697399,70.36859941655642,381000,0,1
2013-06-04,148.5,149.51,147.55,147.76,312500,70.18899122352653,70.66637089447441,69.73997074095179,69.83922790025777,312500,0,1
2013-06-05,147.17,148.32,146.23,147.45,318400,69.56036254792187,70.1039136584071,69.11606859674265,69.69270542699654,318400,0,1
2013-06-06,147.68,150.73,146.71,150.72,430800,69.80141564909358,71.2430077247283,69.3429421037278,71.23828119333278,430800,0,1
2013-06-07,151.07,151.6,149.37,149.86,406700,71.40370979217612,71.65421595613887,70.6001994549371,70.83179949331776,406700,0,1
2013-06-10,149.85,150.88,149.38,149.99,298400,70.82707296192223,71.31390569566116,70.60492598633262,70.89324440145955,298400,0,1
2013-06-11,148.7,150.05,147.35,147.51,420600,70.283521851437,70.9216035898327,69.6454401130413,69.72106461536968,420600,0,1
2013-06-12,148.63,148.63,145.04,145.23,366700,70.25043613166834,70.25043613166834,68.55361136067533,68.64341545719029,366700,0,1
2013-06-13,142.92,146.58,142.92,145.68,751700,67.55158670482432,69.28149719558598,67.55158670482432,68.85610936998886,751700,0,1
2013-06-14,145.54,149.7,143.02,148.78,817700,68.78993793045152,70.75617499098936,67.59885201877957,70.3213341026012,817700,0,1
2013-06-17,149.93,153.44,149.48,152.24,361100,70.86488521308642,72.52389773291522,70.65219130028784,71.95671396545238,361100,0,1
2013-06-18,158.56,161.5,155.44,156.85,1492800,74.94388180742334,76.3334820377073,73.46920401201996,74.13564493878879,1492800,0,1
2013-06-19,157.1,158.3,155.9,156.84,914800,74.25380822367688,74.82099199113973,73.68662445621405,74.13091840739327,914800,0,1
2013-06-20,154.48,157.34,153.73,157.14,899800,73.01545699804969,74.36724497716946,72.6609671433854,74.27271434925898,899800,0,1
2013-06-21,155.19,163.83,155.19,162.48,1330500,73.35104072713186,77.43476385286432,73.35104072713186,76.79668211446862,1330500,0,1
2013-06-24,161.02,164.17,158.88,162.19,936400,76.10660853072217,77.59546592031212,75.0951308120801,76.65961270399843,936400,0,1
2013-06-25,162.58,164.62,154.79,156.81,1311500,76.84394742842386,77.8081598331107,73.16197947131091,74.11673881320671,1311500,0,1
2013-06-26,157.81,158.31,155.92,156.79,665400,74.58939195275907,74.82571852253525,73.69607751900509,74.10728575041566,665400,0,1
2013-06-27,158.35,159.68,156.88,158.04,769100,74.84462464811735,75.47325332372199,74.14982453297536,74.6981021748561,769100,0,1
2013-06-28,157.39,159.08,156.6,156.77,609600,74.39087763414707,75.18966143999059,74.0174816539007,74.09783268762462,609600,0,1
2013-07-01,156.57,158.08,154.35,154.96,988400,74.00330205971413,74.71700830043821,72.95401208990788,73.24233050503483,988400,0,1
2013-07-02,155.11,156.59,150.14,151.67,702000,73.31322847596768,74.01275512250518,70.9641423723924,71.68730167590753,702000,0,1
2013-07-03,151.63,153.96,150.69,153.7,342600,71.66839555032544,72.76967736548245,71.22410159914621,72.64678754919883,342600,0,1
2013-07-05,157.5,158.26,153.9,158,854700,74.44286947949783,74.80208586555763,72.74131817710932,74.67919604927401,854700,0,1
2013-07-08,158.28,160.68,158.25,160.11,1207700,74.81153892834868,75.94590646327437,74.79735933416211,75.67649417372952,1207700,0,1
2013-07-09,160.52,164.4,159.48,159.8,906900,75.87028196094599,77.70417614240917,75.37872269581152,75.52997170046828,906900,0,1
2013-07-10,160.08,162.23,159.06,160.8,1265700,75.66231457954295,76.67851882958053,75.18020837719953,76.00262484002066,1265700,0,1
2013-07-11,139.64,143.15,139.64,141.64,660900,76.25282533448619,78.16952124485606,76.25282533448619,77.34495975634935,660900,22,1
2013-07-12,141.6,142.94,140.07,142.36,422200,77.32311706791211,78.05484713056042,76.48763423518677,77.73812814822011,422200,0,1
2013-07-15,143,143.14,140.85,140.99,369200,78.08761116321632,78.16406057274673,76.91356665971341,76.99001606924385,369200,0,1
2013-07-16,140.94,140.94,138.92,139.16,494500,76.96271270869725,76.96271270869725,75.85965694261546,75.99071307323904,494500,0,1
2013-07-17,139.29,140.54,137.56,139.15,711200,76.06170181066014,76.74428582432462,75.11700553574852,75.98525240112973,711200,0,1
2013-07-18,139.04,139.64,138.09,138.75,418600,75.92518500792725,76.25282533448619,75.40642115754225,75.7668255167571,418600,0,1
2013-07-19,138.97,139.12,137.14,138.42,357200,75.88696030316204,75.96887038480179,74.88765730715724,75.58662333714966,357200,0,1
2013-07-22,138.04,140.19,138.04,140.02,273200,75.37911779699567,76.55316230049857,75.37911779699567,76.4603308746402,273200,0,1
2013-07-23,140.65,141.37,139.74,140.95,274100,76.80435321752711,77.19752160939784,76.30743205557937,76.96817338080658,274100,0,1
2013-07-24,141.35,142.19,141.1,141.81,327600,77.18660026517921,77.64529672236173,77.05008346244631,77.43779118220773,327600,0,1
2013-07-25,141.79,142.02,140.5,141.7,248200,77.4268698379891,77.55246529650337,76.72244313588736,77.37772378900526,248200,0,1
2013-07-26,141.43,142.82,141.02,142.64,259800,77.23028564205374,77.98931906524864,77.00639808557179,77.89102696728095,259800,0,1
2013-07-29,142.91,143.88,141.99,143.09,368800,78.03846511423248,78.56815030883611,77.53608328017543,78.13675721220017,368800,0,1
2013-07-30,143.73,145.11,143.19,143.92,302400,78.48624022719638,79.23981297828196,78.19136393329332,78.58999299727337,302400,0,1
2013-07-31,144.67,145.82,143.92,144.59,318600,78.99954340547205,79.62752069804338,78.58999299727337,78.95585802859753,318600,0,1
2013-08-01,145.7,149.83,145.27,148.92,453200,79.56199263273159,81.81725021387903,79.32718373203102,81.32032905193128,453200,0,1
2013-08-02,149.01,150.05,147.21,147.87,366900,81.36947510091512,81.93738500028398,80.38655412123829,80.74695848045313,366900,0,1
2013-08-05,147.26,148.52,145.82,148.12,617500,80.41385748178486,81.10190216755866,79.62752069804338,80.88347528318603,617500,0,1
2013-08-06,145.93,149.13,144.39,145.2,643800,79.68758809124586,81.43500316622692,78.84664458641122,79.28895902726579,643800,0,1
2013-08-07,144.71,144.71,141.57,143.03,488800,79.02138609390933,79.02138609390933,77.30673505158416,78.10399317954428,488800,0,1
2013-08-08,143.46,144.37,139.92,140.78,632900,78.33880208024485,78.83572324219259,76.40572415354704,76.87534195494821,632900,0,1
2013-08-09,140.48,141.55,140,140.68,260300,76.71152179166873,77.29581370736553,76.44940953042158,76.82073523385505,260300,0,1
2013-08-12,140.47,140.96,139.75,140.37,282400,76.70606111955942,76.9736340529159,76.31289272768868,76.65145439846626,282400,0,1
2013-08-13,140.33,140.93,139.4,139.62,163200,76.629611710029,76.95725203658795,76.12176920386263,76.24190399026757,163200,0,1
2013-08-14,139.48,139.99,138.04,138.95,181900,76.16545458073715,76.44394885831227,75.37911779699567,75.87603895894341,181900,0,1
2013-08-15,138.9,139.55,137.75,137.9,317400,75.84873559839683,76.20367928550236,75.22075830582551,75.30266838746525,317400,0,1
2013-08-16,137.45,138.2,135.83,137.06,339300,75.05693814254603,75.46648855074471,74.17230926083688,74.84397193028272,339300,0,1
2013-08-19,137,139.56,137,138.2,288100,74.81120789762683,76.20913995761168,74.81120789762683,75.46648855074471,288100,0,1
2013-08-20,138.2,139.28,137.86,138.51,196200,75.46648855074471,76.05624113855083,75.280825699028,75.6357693861335,196200,0,1
2013-08-21,137.63,139.06,137.4,138.24,235800,75.15523024051372,75.93610635214588,75.02963478199946,75.48833123918199,235800,0,1
2013-08-22,138.53,139.79,137.56,139.18,86300,75.64669073035215,76.33473541612594,75.11700553574852,76.00163441745768,86300,0,1
2013-08-23,139.21,140.4,139.09,139.93,114800,76.01801643378563,76.66783641479421,75.95248836847384,76.41118482565636,114800,0,1
2013-08-26,139.99,140.91,139.25,139.9,202400,76.44394885831227,76.94633069236932,76.03985912222288,76.39480280932841,202400,0,1
2013-08-27,138.76,139.9,136.52,137.67,169300,75.7722861888664,76.39480280932841,74.54909563637968,75.17707292895098,169300,0,1
2013-08-28,137.87,138.5,136.78,137.48,120000,75.28628637113731,75.6303087140242,74.69107311122188,75.07332015887398,120000,0,1
2013-08-29,136.79,139.67,136.76,137.9,188600,74.69653378333119,76.26920735081414,74.68015176700324,75.30266838746525,188600,0,1
2013-08-30,138.14,138.14,136.22,137,310500,75.43372451808882,75.43372451808882,74.3852754731002,74.81120789762683,310500,0,1
2013-09-03,137.83,140.58,137.83,138.73,312900,75.26444368270005,76.7661285127619,75.26444368270005,75.75590417253845,312900,0,1
2013-09-04,138.69,138.69,136.64,137.93,588800,75.7340614841012,75.7340614841012,74.61462370169144,75.3190504037932,588800,0,1
2013-09-05,137.83,139.02,137.72,138.02,268200,75.26444368270005,75.91426366370862,75.20437628949756,75.36819645277704,268200,0,1
2013-09-06,138.08,139.07,136.07,138.05,215000,75.40096048543295,75.94156702425519,74.30336539146045,75.384578469105,215000,0,1
2013-09-09,138.64,139.68,137.93,139.39,195600,75.70675812355461,76.27466802292346,75.3190504037932,76.1163085317533,195600,0,1
2013-09-10,139.64,141,139.01,140.87,222200,76.25282533448619,76.99547674135316,75.9088029915993,76.92448800393205,222200,0,1
2013-09-11,140.7,142.03,140.52,142.03,198000,76.83165657807368,77.5579259686127,76.733364480106,77.5579259686127,198000,0,1
2013-09-12,142.02,145.11,141.93,144.83,337900,77.55246529650337,79.23981297828196,77.50331924751953,79.08691415922112,337900,0,1
2013-09-13,145.13,145.39,142,143.07,285300,79.25073432250059,79.3927117973428,77.54154395228474,78.12583586798152,285300,0,1
2013-09-16,144.35,145.34,143.27,145.25,204700,78.82480189797396,79.36540843679623,78.23504931016785,79.31626238781239,204700,0,1
2013-09-17,145.25,146.08,144.63,145,200100,79.31626238781239,79.7694981728856,78.97770071703479,79.17974558507949,200100,0,1
2013-09-18,143.28,143.7,141.28,142.75,698900,78.24050998227716,78.46985821086842,77.148375560414,77.95109436048342,698900,0,1
2013-09-19,142.69,143.3,142.01,142.39,306000,77.91833032782753,78.2514313264958,77.54700462439405,77.75451016454805,306000,0,1
2013-09-20,141.97,142.08,139.43,139.7,335100,77.52516193595679,77.58522932915928,76.13815122019058,76.2855893671421,335100,0,1
2013-09-23,139.24,139.89,134.71,134.94,668400,76.03439845011357,76.38934213721909,73.5607139845935,73.68630944310776,668400,0,1
2013-09-24,134.48,137.58,134.48,136.52,876900,73.43511852607924,75.12792687996715,73.43511852607924,74.54909563637968,876900,0,1
2013-09-25,137.2,137.5,135.36,135.67,227100,74.92042133981313,75.08424150309261,73.91565767169904,74.08493850708781,227100,0,1
2013-09-26,135.88,137.32,135.68,137.22,952600,74.19961262138345,74.98594940512493,74.09039917919714,74.93134268403178,952600,0,1
2013-09-27,137.3,138.92,136.26,138.67,526900,74.97502806090631,75.85965694261546,74.40711816153745,75.72314013988256,526900,0,1
2013-09-30,138.51,140.07,136.9,138.7,669500,75.6357693861335,76.48763423518677,74.75660117653366,75.73952215621051,669500,0,1
2013-10-01,138.31,141.29,138.01,141.28,492900,75.5265559439472,77.1538362325233,75.36273578066772,77.148375560414,492900,0,1
2013-10-02,140.01,142.34,139.67,142.22,762000,76.45487020253088,77.72720680400148,76.26920735081414,77.66167873868969,762000,0,1
2013-10-03,141.57,142.43,140.1,141.05,656100,77.30673505158416,77.77635285298533,76.50401625151473,77.02278010189974,656100,0,1
2013-10-04,140.94,141.12,140.02,140.49,716200,76.96271270869725,77.06100480666495,76.4603308746402,76.71698246377805,716200,0,1
2013-10-07,139.13,140.92,138.16,139.76,248200,75.9743310569111,76.95179136447862,75.44464586230745,76.31835339979799,248200,0,1
2013-10-08,139.6,140.37,138.67,139.68,678800,76.23098264604894,76.65145439846626,75.72314013988256,76.27466802292346,678800,0,1
2013-10-09,139.69,140.47,136.86,137.86,725800,76.28012869503279,76.70606111955942,74.73475848809642,75.280825699028,725800,0,1
2013-10-10,139.48,141.02,138.77,140.69,466500,76.16545458073715,77.00639808557179,75.77774686097572,76.82619590596437,466500,0,1
2013-10-11,140.84,142.2,140.26,140.57,678000,76.9081059876041,77.65075739447104,76.59138700526378,76.76066784065257,678000,0,1
2013-10-14,139.63,141.03,139.35,140.5,242400,76.24736466237688,77.0118587576811,76.09446584331604,76.72244313588736,242400,0,1
2013-10-15,140.41,141.05,139.1,139.74,159400,76.67329708690352,77.02278010189974,75.95794904058315,76.30743205557937,159400,0,1
2013-10-16,140.88,141.41,139.6,140.17,411000,76.92994867604136,77.2193642978351,76.23098264604894,76.54224095627994,411000,0,1
2013-10-17,139.9,141.23,139.65,140.91,824100,76.39480280932841,77.12107219986741,76.25828600659553,76.94633069236932,824100,0,1
2013-10-18,141.42,141.84,139.35,140.13,1312400,77.22482496994441,77.45417319853568,76.09446584331604,76.52039826784268,1312400,0,1
2013-10-21,140.6,141.04,139.01,139.54,299000,76.77704985698053,77.01731942979042,75.9088029915993,76.19821861339304,299000,0,1
2013-10-22,139.58,140.48,139.08,139.46,429900,76.22006130183031,76.71152179166873,75.94702769636453,76.15453323651852,429900,0,1
2013-10-23,139.58,146.26,139.32,145.42,886200,76.22006130183031,79.86779027085328,76.07808382698809,79.40909381367075,886200,0,1
2013-10-24,145.65,147.05,144.78,146.46,609100,79.53468927218502,80.29918336748923,79.05961079867454,79.97700371303961,609100,0,1
2013-10-25,146.51,147.12,145.29,146.22,249300,80.00430707358618,80.33740807225445,79.33810507624965,79.84594758241602,249300,0,1
2013-10-28,146.27,146.68,144.78,145.2,749200,79.8732509429626,80.09713849944455,79.05961079867454,79.28895902726579,749200,0,1
2013-10-29,145.26,147.54,144.94,147.18,568200,79.3217230599217,80.5667563008457,79.1469815524236,80.37017210491034,568200,0,1
2013-10-30,147.6,148.6,145.87,147.18,203000,80.5995203335016,81.14558754443318,79.65482405858997,80.37017210491034,203000,0,1
2013-10-31,146.85,147.21,145.21,145.41,371800,80.1899699253029,80.38655412123829,79.29441969937513,79.40363314156143,371800,0,1
2013-11-01,145.41,147.57,145.41,147.35,373700,79.40363314156143,80.58313831717365,79.40363314156143,80.4630035307687,373700,0,1
2013-11-04,147.97,149.08,147.29,148.72,316800,80.80156520154628,81.40769980568035,80.43023949811281,81.21111560974498,316800,0,1
2013-11-05,148.45,148.45,146.56,147.72,286900,81.06367746279344,81.06367746279344,80.03161043413276,80.6650483988134,286900,0,1
2013-11-06,147.71,148.92,147.4,148.76,257000,80.65958772670407,81.32032905193128,80.49030689131529,81.23295829818223,257000,0,1
2013-11-07,149.28,149.84,145.71,146.12,351700,81.51691324786665,81.82271088598834,79.56745330484091,79.79134086132287,351700,0,1
2013-11-08,145.84,147.6,145.84,147.27,332200,79.63844204226201,80.5995203335016,79.63844204226201,80.41931815389418,332200,0,1
2013-11-11,147.74,148.65,146.94,147.23,300800,80.67596974303203,81.17289090497977,80.23911597428676,80.3974754654569,300800,0,1
2013-11-12,147.14,148.09,146.3,147.74,311900,80.34832941647306,80.86709326685808,79.88963295929055,80.67596974303203,311900,0,1
2013-11-13,147.39,149.59,146.62,149.15,320400,80.48484621920596,81.68619408325546,80.06437446678865,81.44592451044555,320400,0,1
2013-11-14,149.58,149.58,143.54,145.85,806900,81.68073341114614,81.68073341114614,78.38248745711937,79.64390271437132,806900,0,1
2013-11-15,146.75,149.83,146.75,148.45,642800,80.13536320420975,81.81725021387903,80.13536320420975,81.06367746279344,642800,0,1
2013-11-18,149.15,149.98,146.81,147.11,610900,81.44592451044555,81.89916029551877,80.16812723686566,80.33194740014514,610900,0,1
2013-11-19,147.29,147.35,144.56,145.1,266200,80.43023949811281,80.4630035307687,78.9394760122696,79.23435230617264,266200,0,1
2013-11-20,145.44,145.44,143.19,143.37,299400,79.42001515788938,79.42001515788938,78.19136393329332,78.289656031261,299400,0,1
2013-11-21,143.56,145.84,143.45,145.05,214900,78.39340880133801,79.63844204226201,78.33334140813552,79.20704894562607,214900,0,1
2013-11-22,145.29,149.1,145,148.5,635200,79.33810507624965,81.41862114989897,79.17974558507949,81.09098082334002,635200,0,1
2013-11-25,148.95,153.52,148.23,151.54,650100,81.33671106825923,83.83223822221657,80.94354267638849,82.75102514457203,650100,0,1
2013-11-26,151.7,156.99,151.49,156.06,712800,82.83839589832108,85.72709144414917,82.72372178402546,85.2192489379828,712800,0,1
2013-11-27,155.94,158.1,155.57,157.92,1039400,85.153720872671,86.33322604828322,84.95167600462631,86.23493395031552,1039400,0,1
2013-11-29,158.64,159.2,156.52,156.52,184400,86.62810234218627,86.93389998030796,85.47043985501132,85.47043985501132,184400,0,1
2013-12-02,156.84,157.77,154.08,154.96,481300,85.64518136250943,86.1530238686758,84.13803586033826,84.61857500595805,481300,0,1
2013-12-03,155.03,157.86,154.88,155.19,364900,84.65679971072326,86.20216991765965,84.57488962908351,84.74417046447232,364900,0,1
2013-12-04,154.69,156.29,153.24,154.17,595800,84.47113685900652,85.34484439649705,83.67933940315574,84.18718190932209,595800,0,1
2013-12-05,154.34,154.98,153.48,154.06,255900,84.28001333518047,84.62949635017668,83.8103955337793,84.12711451611963,255900,0,1
2013-12-06,154.76,156.2,153.87,156.08,315400,84.50936156377173,85.29569834751321,84.02336174604262,85.23017028220143,315400,0,1
2013-12-09,155.63,156.27,154.39,154.78,351300,84.98444003728221,85.33392305227842,84.30731669572704,84.52028290799036,351300,0,1
2013-12-10,154.27,156.11,154.08,155.51,354700,84.24178863041526,85.24655229852938,84.13803586033826,84.91891197197042,354700,0,1
2013-12-11,155.54,156.85,155.17,156.25,388900,84.93529398829837,85.65064203461874,84.73324912025367,85.32300170805979,388900,0,1
2013-12-12,155.86,157.32,154.3,156.63,293500,85.11003549579648,85.90729362375659,84.25817064674321,85.5305072482138,293500,0,1
2013-12-13,157.09,157.09,154.2,156.29,388700,85.78169816524232,85.78169816524232,84.20356392565004,85.34484439649705,388700,0,1
2013-12-16,156.6,156.76,155.51,156.26,317800,85.51412523188584,85.6014959856349,84.91891197197042,85.3284623801691,317800,0,1
2013-12-17,156.19,158.14,153.87,154.77,405400,85.2902376754039,86.35506873672047,84.02336174604262,84.51482223588106,405400,0,1
2013-12-18,155,155.67,153.1,154.57,524800,84.64041769439531,85.00628272571947,83.6028899936253,84.40560879369473,524800,0,1
2013-12-19,154.18,157.04,154.18,156.64,284500,84.19264258143141,85.75439480469574,84.19264258143141,85.5359679203231,284500,0,1
2013-12-20,156.59,160.28,156.02,160.11,457200,85.50866455977653,87.52365256811407,85.19740624954554,87.43082114225571,457200,0,1
2013-12-23,160.59,161.15,159.3,159.56,499800,87.69293340350286,87.99873104162455,86.98850670140112,87.13048417624333,499800,0,1
2013-12-24,159.49,160.14,159.11,159.97,88600,87.09225947147813,87.44720315858363,86.88475393132413,87.35437173272528,88600,0,1
2013-12-26,160.18,161.3,160.05,160.93,132900,87.46904584702091,88.08064112326429,87.3980571095998,87.8785962552196,132900,0,1
2013-12-27,162.89,162.95,159.13,160.12,120000,88.9488879886455,88.98165202130139,86.89567527554274,87.43628181436502,120000,0,1
2013-12-30,160.12,160.83,159.05,159.63,107000,87.43628181436502,87.82398953412644,86.85198989866822,87.16870888100854,107000,0,1
2013-12-31,159.55,161.2,159.45,161.02,125400,87.12502350413402,88.02603440217112,87.07041678304086,87.92774230420345,125400,0,1
2014-01-02,160.6,160.6,158.87,159.57,519900,87.69839407561217,87.69839407561217,86.75369780070054,87.13594484835264,519900,0,1
2014-01-03,159.65,162.07,159.4,160.91,192900,87.17963022522717,88.5011128756816,87.04311342249429,87.86767491100096,192900,0,1
2014-01-06,160.63,161.89,159.99,160.24,186900,87.71477609194012,88.40282077771391,87.36529307694391,87.50180987967681,186900,0,1
2014-01-07,160.3,161.95,160.02,161.03,174400,87.5345739123327,88.4355848103698,87.38167509327187,87.93320297631276,174400,0,1
2014-01-08,161.04,162.82,160.14,162.78,264200,87.93866364842206,88.91066328388028,87.44720315858363,88.88882059544302,264200,0,1
2014-01-09,163.66,165.11,162.66,164.79,377000,89.36935974106282,90.16115719691362,88.82329253013124,89.98641568941551,377000,0,1
2014-01-10,163.12,164.62,161.6,164.57,375900,89.07448344715976,89.89358426355714,88.24446128654375,89.86628090301056,375900,0,1
2014-01-13,165.47,170.24,163.93,167.42,766400,90.35774139284898,92.96248198899264,89.51679788801435,91.42257245416556,766400,0,1
2014-01-14,167.16,169.76,166.65,169.71,325000,91.28059497932335,92.70036972774547,91.00210070174825,92.6730663671989,325000,0,1
2014-01-15,169.5,173.18,169.08,172.25,565700,92.55839225290326,94.56791958913149,92.329044024312,94.06007708296511,565700,0,1
2014-01-16,172.25,172.63,171.31,172.54,315900,94.06007708296511,94.26758262311911,93.54677390468943,94.21843657413527,315900,0,1
2014-01-17,173.02,174.16,171.81,173.21,449100,94.48054883538244,95.10306545584443,93.81980751015521,94.58430160545944,449100,0,1
2014-01-21,174.21,174.94,173.02,173.81,179600,95.13036881639103,95.52899788037107,94.48054883538244,94.91194193201838,179600,0,1
2014-01-22,174.58,176.26,173.5,176.11,397800,95.3324136844357,96.24980659880076,94.74266109662959,96.16789651716103,397800,0,1
2014-01-23,175.05,175.05,173.2,173.76,489800,95.58906527357355,95.58906527357355,94.57884093335011,94.8846385714718,489800,0,1
2014-01-24,172.53,174.12,169.08,169.1,352600,94.21297590202596,95.08122276740717,92.329044024312,92.33996536853063,352600,0,1
2014-01-27,169.87,170.89,166.77,166.97,538000,92.76043712094796,93.31742567609815,91.06762876706004,91.17684220924636,538000,0,1
2014-01-28,167.8,170.82,166.34,170.23,529000,91.63007799431958,93.27920097133294,90.83281986635946,92.95702131688331,529000,0,1
2014-01-29,168.83,169.52,167.28,168.14,243100,92.19252722157911,92.5693135971219,91.34612304463515,91.8157408460363,243100,0,1
2014-01-30,170.17,170.36,166.98,167.93,235000,92.92425728422741,93.02801005430443,91.18230288135567,91.70106673174068,235000,0,1
2014-01-31,166.34,168.99,166.1,167.03,405800,90.83281986635946,92.27989797532815,90.70176373573588,91.20960624190225,405800,0,1
2014-02-03,167.55,170.63,164.82,165,498800,91.49356119158668,93.17544820125595,90.00279770574345,90.10108980371113,498800,0,1
2014-02-04,173.42,175.76,166.3,171.92,1659800,94.69897571975505,95.97677299333496,90.8109771779222,93.87987490335769,1659800,0,1
2014-02-05,172.8,173.99,170.14,173.45,968400,94.36041404897749,95.01023402998607,92.90787526789947,94.715357736083,968400,0,1
2014-02-06,173.49,176.08,171.76,172.22,798500,94.73720042452028,96.15151450083309,93.79250414960863,94.04369506663717,798500,0,1
2014-02-07,173.17,175.86,170.8,172.38,512500,94.56245891702217,96.03137971442814,93.26827962711432,94.13106582038621,512500,0,1
2014-02-10,172.76,174.32,172.19,173.89,435700,94.33857136054021,95.19043620959349,94.02731305030922,94.9556273088929,435700,0,1
2014-02-11,173.78,174.3,171.08,173.29,347100,94.89555991569044,95.17951486537487,93.42117844617516,94.62798698233395,347100,0,1
2014-02-12,173.7,175.18,173.21,175.06,382100,94.8518745388159,95.66005401099466,94.58430160545944,95.59452594568286,382100,0,1
2014-02-13,173.78,175.56,173.02,174.57,278800,94.89555991569044,95.86755955114866,94.48054883538244,95.32695301232638,278800,0,1
2014-02-14,174.45,175.97,172.57,175.77,212400,95.26142494701459,96.0914471076306,94.23481859046322,95.98223366544428,212400,0,1
2014-02-18,176.1,177.59,175.08,175.9,353800,96.1624358450517,96.97607598933976,95.6054472899015,96.05322240286539,353800,0,1
2014-02-19,175.81,178.38,174.99,176.58,267000,96.00407635388154,97.40746908597572,95.55630124091766,96.42454810629887,267000,0,1
2014-02-20,176.69,178.12,175.43,177.82,184400,96.48461549950134,97.26549161113351,95.79657081372756,97.10167144785403,184400,0,1
2014-02-21,178.02,179.25,177.2,178.49,151600,97.21088489004035,97.8825475594862,96.76310977707644,97.4675364791782,151600,0,1
2014-02-24,178.86,180.83,178.21,178.22,204400,97.66958134722289,98.7453337527581,97.31463766011736,97.32009833222666,204400,0,1
2014-02-25,178.34,179.91,176.07,176.37,194500,97.38562639753846,98.24295191870104,96.14605382872375,96.30987399200323,194500,0,1
2014-02-26,176.48,177.81,176.05,176.57,167700,96.3699413852057,97.09621077574471,96.13513248450514,96.41908743418955,167700,0,1
2014-02-27,176.5,177.95,175.43,177.27,117200,96.38086272942434,97.17266018527513,95.79657081372756,96.80133448184166,117200,0,1
2014-02-28,177.43,178.98,176.62,178.14,206500,96.88870523559072,97.73510941253465,96.44639079473613,97.27641295535213,206500,0,1
2014-03-03,177.69,179.15,176.6,178.98,177700,97.03068271043293,97.82794083839303,96.4354694505175,97.73510941253465,177700,0,1
2014-03-04,180,182.81,179.58,182.58,262900,98.29209796768488,99.82654683040263,98.06274973909362,99.70095137188837,262900,0,1
2014-03-05,182.55,184.21,180.97,181.15,147800,99.68456935556043,100.59104092570685,98.82178316228851,98.9200752602562,147800,0,1
2014-03-06,181.73,183.21,181.05,182.56,198200,99.23679424259652,100.04497371477527,98.86546853916305,99.69003002766974,198200,0,1
2014-03-07,182.56,184.2,179.52,180.63,500800,99.69003002766974,100.58558025359753,98.02998570643773,98.63612031057177,500800,0,1
2014-03-10,179.58,180.27,178.61,179.85,595800,98.06274973909362,98.43953611463641,97.53306454448999,98.21018788604513,595800,0,1
2014-03-11,179.77,181.42,179.36,179.64,459300,98.16650250917063,99.06751340720773,97.94261495268867,98.09551377174951,459300,0,1
2014-03-12,180.1,180.67,178.04,180.44,408200,98.34670468877803,98.65796299900903,97.22180623425898,98.53236754049477,408200,0,1
2014-03-13,180.38,181.5,179.75,181.11,416700,98.49960350783888,99.11119878408225,98.15558116495198,98.89823257181894,416700,0,1
2014-03-14,180.53,182.46,179.06,179.53,848700,98.58151358947862,99.63542330657658,97.77879478940919,98.03544637854704,848700,0,1
2014-03-17,179.94,181.97,178.87,181.5,222300,98.25933393502898,99.3678503732201,97.6750420193322,99.11119878408225,222300,0,1
2014-03-18,181.5,182.98,181.02,182.35,199300,99.11119878408225,99.91937825626098,98.8490865228351,99.5753559133741,199300,0,1
2014-03-19,182.69,183.33,180.33,181.3,238700,99.76101876509084,100.11050178008706,98.4723001472923,99.00198534189595,238700,0,1
2014-03-20,180.68,181.74,179.19,181.6,174800,98.66342367111837,99.24225491470584,97.8497835268303,99.16580550517541,174800,0,1
2014-03-21,182.69,183.56,181.4,183.08,653800,99.76101876509084,100.23609723860132,99.0565920629891,99.97398497735416,653800,0,1
2014-03-24,184.22,184.79,180.63,183,805600,100.59650159781616,100.90775990804715,98.63612031057177,99.93029960047963,805600,0,1
2014-03-25,183.37,186.2,182.26,185.21,798100,100.13234446852431,101.67771467546069,99.52620986439025,101.13710813663843,798100,0,1
2014-03-26,185.21,187.64,183.99,184.5,1158100,101.13710813663843,102.46405145920217,100.4709061393019,100.749400416877,1158100,0,1
2014-03-27,185.01,187.5,182.02,184.19,1797600,101.0278946944521,102.38760204967176,99.39515373376668,100.5801195814882,1797600,0,1
2014-03-28,185.06,186.5,183.22,183.86,734400,101.05519805499868,101.84153483874017,100.05043438688458,100.3999174018808,734400,0,1
2014-03-31,184.08,186.3,183.16,185.2,1115200,100.52005218828575,101.73232139655386,100.01767035422868,101.13164746452911,1115200,0,1
2014-04-01,185.95,187.06,184.33,186.67,580400,101.54119787272779,102.14733247686185,100.65656899101864,101.93436626459852,580400,0,1
2014-04-02,186.89,187.59,185.16,185.62,228100,102.05450105100347,102.4367480986556,101.10980477609185,101.36099569312037,228100,0,1
2014-04-03,186.02,186.02,184.72,184.93,370900,101.579422577493,101.579422577493,100.86953520328196,100.98420931757758,370900,0,1
2014-04-04,185.64,186.28,180.33,180.69,359000,101.371917037339,101.72140005233521,98.4723001472923,98.66888434322767,359000,0,1
2014-04-07,181,181.58,176.68,178.06,375900,98.83816517861646,99.15488416095678,96.47915482739202,97.23272757847761,375900,0,1
2014-04-08,177.69,178.1,174.65,176.19,355000,97.03068271043293,97.25457026691487,95.37063838920092,96.21158189403555,355000,0,1
2014-04-09,176.2,179.1,174.8,178.96,333500,96.21704256614485,97.80063747784645,95.45254847084065,97.72418806831604,333500,0,1
2014-04-10,179.07,179.98,174.95,175.08,240700,97.7842554615185,98.28117662346624,95.53445855248039,95.6054472899015,240700,0,1
2014-04-11,174.56,175.44,173.17,173.33,172900,95.32149234021708,95.80203148583686,94.56245891702217,94.64982967077123,172900,0,1
2014-04-14,172.74,174.68,172.11,173.58,368200,94.3276500163216,95.38702040552886,93.9836276734347,94.78634647350412,368200,0,1
2014-04-15,174.21,176.43,172.77,176.31,314900,95.13036881639103,96.34263802465914,94.34403203264954,96.27710995934734,314900,0,1
2014-04-16,176.62,178.99,176.03,178.02,267200,96.44639079473613,97.74057008464399,96.12421114028649,97.21088489004035,267200,0,1
2014-04-17,178.01,181.37,177.62,181,262800,97.20542421793103,99.04021004666114,96.99245800566771,98.83816517861646,262800,0,1
2014-04-21,181.41,181.62,179.91,181.31,213700,99.0620527350984,99.17672684939404,98.24295191870104,99.00744601400525,213700,0,1
2014-04-22,181.85,182.8,180.44,181.42,215700,99.3023223079083,99.82108615829331,98.53236754049477,99.06751340720773,215700,0,1
2014-04-23,181.78,182.95,180.71,180.95,185900,99.2640976031431,99.90299623993305,98.6798056874463,98.81086181806988,185900,0,1
2014-04-24,181.32,182.16,178.4,179.67,170800,99.01290668611456,99.4716031432971,97.41839043019435,98.11189578807745,170800,0,1
2014-04-25,179.32,179.54,175.21,175.33,254800,97.9207722642514,98.04090705065634,95.67643602732261,95.74196409263439,254800,0,1
2014-04-28,176.22,177.37,172.93,174.46,620600,96.2279639103635,96.85594120293482,94.43140278639859,95.26688561912391,620600,0,1
2014-04-29,175.28,176.11,174.15,174.73,384900,95.71466073208781,96.16789651716103,95.09760478373512,95.41432376607543,384900,0,1
2014-04-30,174.81,178.18,173.95,177.87,216800,95.45800914294996,97.2982556437894,94.98839134154879,97.12897480840061,216800,0,1
2014-05-01,177.6,180.06,176.85,178.79,242400,96.98153666144908,98.32486200034077,96.57198625325039,97.63135664245766,242400,0,1
2014-05-02,178.57,181.35,178.22,179.51,295900,97.51122185605271,99.02928870244251,97.32009833222666,98.0245250343284,295900,0,1
2014-05-05,179.52,184,178.33,183.22,417200,98.02998570643773,100.47636681141121,97.38016572542914,100.05043438688458,417200,0,1
2014-05-06,180.01,182.53,175.05,178.64,830500,98.29755863979419,99.67364801134178,95.58906527357355,97.54944656081791,830500,0,1
2014-05-07,179.33,179.4,177.47,178.96,479800,97.92623293636072,97.96445764112593,96.91054792402798,97.72418806831604,479800,0,1
2014-05-08,179.31,182.48,177.81,181.29,268600,97.91531159214209,99.6463446507952,97.09621077574471,98.99652466978662,268600,0,1
2014-05-09,180.99,182.05,179.2,180,194700,98.83270450650716,99.41153575009463,97.8552441989396,98.29209796768488,194700,0,1
2014-05-12,180.3,180.78,179.18,179.42,450900,98.45591813096436,98.71803039221152,97.84432285472099,97.97537898534455,450900,0,1
2014-05-13,180.74,186.48,180,183.73,1017400,98.69618770377426,101.83061349452153,98.29209796768488,100.32892866445968,1017400,0,1
2014-05-14,183.74,185.05,181.89,185,614800,100.334389336569,101.04973738288938,99.32416499634556,101.0224340223428,614800,0,1
2014-05-15,184.95,184.95,182.7,183.6,813400,100.99513066179621,100.99513066179621,99.76647943720015,100.25793992703858,813400,0,1
2014-05-16,182.85,183.85,181.48,183.65,617500,99.84838951883988,100.39445672977146,99.10027743986362,100.28524328758516,617500,0,1
2014-05-19,183.74,186.71,183.31,186.64,837400,100.334389336569,101.9562089530358,100.09958043586842,101.91798424827059,837400,0,1
2014-05-20,186.39,187.97,182.4,182.56,496500,101.78146744553769,102.64425363880959,99.60265927392068,99.69003002766974,496500,0,1
2014-05-21,182.62,185.26,182.57,185.08,306700,99.72279406032563,101.164411497185,99.69549069977904,101.06611939921733,306700,0,1
2014-05-22,185.12,188.23,183.96,187.53,394500,101.08796208765459,102.7862311136518,100.45452412297395,102.4039840659997,394500,0,1
2014-05-23,187.39,187.58,185.76,186.34,509600,102.32753465646927,102.43128742654628,101.43744510265078,101.75416408499112,509600,0,1
2014-05-27,186.78,187.41,185.43,187.34,263700,101.99443365780101,102.3384560006879,101.25724292304338,102.3002312959227,263700,0,1
2014-05-28,187.81,188.58,186.16,188.03,700000,102.55688288506055,102.97735463747786,101.65587198702343,102.67701767146549,700000,0,1
2014-05-29,188.03,188.53,186.17,188.28,295400,102.67701767146549,102.95005127693128,101.66133265913274,102.81353447419839,295400,0,1
2014-05-30,188.01,188.83,187.07,188.71,266000,102.66609632724685,103.11387144021076,102.15279314897117,103.04834337489896,266000,0,1
2014-06-02,189.08,189.98,188.34,189.9,154600,103.25038824294366,103.74184873278207,102.84629850685428,103.69816335590755,154600,0,1
2014-06-03,189.98,191.43,188.98,191.04,326000,103.74184873278207,104.53364618863287,103.19578152185049,104.32067997636955,326000,0,1
2014-06-04,190.45,191.7,190.04,191.16,414100,103.9985003219199,104.68108433558439,103.77461276543796,104.38620804168134,414100,0,1
2014-06-05,193.58,193.62,188.23,190.97,1177600,105.70769069213578,105.72953338057303,102.7862311136518,104.28245527160433,1177600,0,1
2014-06-06,191.54,196.93,191,195.58,1115800,104.59371358183535,107.53701584875658,104.29883728793229,106.79982511399895,1115800,0,1
2014-06-09,195.52,198.29,195.52,197,1136300,106.76706108134304,108.27966725562352,106.76706108134304,107.57524055352178,1136300,0,1
2014-06-10,196.3,196.87,193.11,195.42,858400,107.19299350586968,107.50425181610068,105.45103910299794,106.71245436024988,858400,0,1
2014-06-11,194.08,196.39,194.08,195.24,563600,105.98072429760157,107.24213955485351,105.98072429760157,106.6141622622822,563600,0,1
2014-06-12,169.61,170,162.2,167.7,895000,106.42562417295514,106.67033847887726,101.77605236043465,105.22715154651597,895000,25,1
2014-06-13,168.17,169.13,167.9,168.8,429600,105.52206365878111,106.12443733489712,105.35264606237348,105.91737138373225,429600,0,1
2014-06-16,168.87,170.3,168.68,170.02,560900,105.96129446428237,106.85858025266351,105.84207467421774,106.68288793046301,560900,0,1
2014-06-17,168.93,170.47,168.74,169.19,253900,105.99894281903963,106.9652505911424,105.879723028975,106.16208568965438,253900,0,1
2014-06-18,169.7,171.65,168.78,171.27,559000,106.482096705091,107.70566823470166,105.90482193214649,107.46722865457241,559000,0,1
2014-06-19,171.44,171.46,169.49,170.58,201100,107.57389899305127,107.58644844463703,106.35032746344064,107.03427257486402,201100,0,1
2014-06-20,171.01,172.42,169.82,172.42,806600,107.30408578395765,108.18882212075303,106.5573934146055,108.18882212075303,806600,0,1
2014-06-23,171.92,172.03,169.5,170.24,318300,107.87508583110927,107.94410781483091,106.3566021892335,106.82093189790626,318300,0,1
2014-06-24,170.24,170.52,167.79,167.81,442900,106.82093189790626,106.99662422010677,105.28362407865185,105.29617353023761,442900,0,1
2014-06-25,167.5,168.15,167,167.72,396300,105.10165703065847,105.50951420719537,104.78792074101472,105.23970099810172,396300,0,1
2014-06-26,167.79,168.74,166.87,167.75,360400,105.28362407865185,105.879723028975,104.70634930570735,105.25852517548036,360400,0,1
2014-06-27,167.51,168.05,166.3,167.37,440800,105.10793175645135,105.44676694926662,104.34868993551346,105.0200855953511,440800,0,1
2014-06-30,167.37,167.8,166.07,167.26,448100,105.0200855953511,105.28989880444473,104.20437124227733,104.95106361162946,448100,0,1
2014-07-01,167.2,168.78,166.09,168.37,401000,104.91341525687221,105.90482193214649,104.21692069386309,105.64755817463862,401000,0,1
2014-07-02,167.96,168.96,166.24,168.42,325900,105.39029441713073,106.01776699641825,104.31104158075621,105.67893180360298,325900,0,1
2014-07-03,168.48,169.1,166.83,168.2,306000,105.71658015836023,106.10561315751849,104.68125040253585,105.54088783615973,306000,0,1
2014-07-07,168.11,168.75,167,167.53,514500,105.48441530402387,105.88599775476787,104.78792074101472,105.1204812080371,514500,0,1
2014-07-08,167.77,168.44,165.05,165.33,911400,105.27107462706611,105.69148125518873,103.56434921140408,103.74004153360458,911400,0,1
2014-07-09,165.76,166.26,165.01,166.04,335500,104.0098547426982,104.32359103234195,103.53925030823257,104.1855470648987,335500,0,1
2014-07-10,165,166.44,164.74,165.61,280700,103.53297558243969,104.43653609661371,103.36983271182494,103.91573385580509,280700,0,1
2014-07-11,166.07,167.73,165.43,167.58,309900,104.20437124227733,105.2459757238946,103.80278879153333,105.15185483700148,309900,0,1
2014-07-14,168.55,169.92,168.01,169.73,527800,105.76050323891037,106.62014067253425,105.4216680460951,106.50092088246963,527800,0,1
2014-07-15,170,170.93,168.5,169.07,227700,106.67033847887726,107.25388797761465,105.72912960994599,106.08678898013987,227700,0,1
2014-07-16,169.49,170.49,168.31,168.67,260600,106.35032746344064,106.97780004272815,105.60990981988137,105.83579994842486,260600,0,1
2014-07-17,168.19,169.61,166.66,166.81,232000,105.53461311036686,106.42562417295514,104.57458006405696,104.6687009509501,232000,0,1
2014-07-18,167.13,169.75,167.13,169.53,234600,104.8694921763221,106.51347033405538,104.8694921763221,106.37542636661213,234600,0,1
2014-07-21,169.17,172.26,168.72,171.9,264700,106.14953623806862,108.08842650806703,105.86717357738924,107.86253637952353,264700,0,1
2014-07-22,172.78,175.06,172.21,173.99,447400,108.41471224929654,109.84534973007207,108.05705287910267,109.17395407023444,447400,0,1
2014-07-23,173.59,174.41,171.7,171.8,269600,108.92296503851944,109.4374925535352,107.73704186366602,107.79978912159478,269600,0,1
2014-07-24,171.74,173.01,170.25,170.71,409500,107.76214076683753,108.55903094253267,106.82720662369914,107.1158440101714,409500,0,1
2014-07-25,170.56,171.31,169.81,170.2,503500,107.02172312327826,107.4923275577439,106.55111868881264,106.79583299473475,503500,0,1
2014-07-28,170.6,171.3,169.68,171.15,536800,107.04682202644976,107.48605283195103,106.46954725350525,107.3919319450579,536800,0,1
2014-07-29,171.07,172.29,169.67,170,347300,107.3417341387149,108.10725068544566,106.46327252771238,106.67033847887726,347300,0,1
2014-07-30,171.04,171.23,169.38,170.85,296800,107.32290996133626,107.4421297514009,106.281305479719,107.20369017127165,296800,0,1
2014-07-31,170,170.11,167.52,167.92,278800,106.67033847887726,106.7393604625989,105.11420648224423,105.36519551395922,278800,0,1
2014-08-01,167.65,170.21,167.65,169.65,376100,105.19577791755161,106.80210772052764,105.19577791755161,106.45072307612664,376100,0,1
2014-08-04,170.15,170.25,168.53,169.93,283000,106.76445936577039,106.82720662369914,105.74795378732462,106.62641539832714,283000,0,1
2014-08-05,169.1,175.47,168.61,175.11,1307800,106.10561315751849,110.10261348757996,105.79815159366763,109.87672335903646,1307800,0,1
2014-08-06,174.01,174.45,171.4,172.5,826700,109.18650352182019,109.46259145670669,107.54880008987978,108.23901992709604,826700,0,1
2014-08-07,173,174.73,172.82,174.02,364000,108.5527562167398,109.6382837789072,108.43981115246804,109.19277824761306,364000,0,1
2014-08-08,174.39,174.86,172.96,173.46,481900,109.42494310194944,109.71985521421458,108.5276573135683,108.84139360321205,481900,0,1
2014-08-11,174.75,176,173.54,174.35,318900,109.65083323049295,110.43517395460233,108.89159140955505,109.39984419877794,318900,0,1
2014-08-12,174.61,175.03,173.42,173.71,347200,109.5629870693927,109.82652555269345,108.81629470004054,108.99826174803394,347200,0,1
2014-08-13,174.08,176.91,174.08,176.74,364300,109.23042660237031,111.00617400175398,109.23042660237031,110.8995036632751,364300,0,1
2014-08-14,176.93,177.88,175.81,177.32,231200,111.01872345333973,111.61482240366286,110.31595416453771,111.26343775926185,231200,0,1
2014-08-15,177.82,179.31,177,178.48,241900,111.5771740489056,112.51210819204401,111.06264653388985,111.99130595123536,241900,0,1
2014-08-18,179.69,180.42,179.2,180.17,234900,112.75054777217326,113.20860275505314,112.44308620832237,113.05173461023126,234900,0,1
2014-08-19,181,181.67,180.05,180.4,190100,113.5725368510399,113.99294347916253,112.97643790071677,113.1960533034674,190100,0,1
2014-08-20,180.5,184.24,180.5,183.55,325900,113.25880056139614,115.60554800793146,113.25880056139614,115.17259192822307,325900,0,1
2014-08-21,184.22,185.75,183.96,184.92,548400,115.59299855634569,116.5530316026556,115.42985568573096,116.03222936184694,548400,0,1
2014-08-22,185.03,186.18,184.11,184.94,280700,116.10125134556858,116.82284481174923,115.52397657262408,116.0447788134327,280700,0,1
2014-08-25,185.81,189.37,185.16,188.58,592100,116.59067995741285,118.8244823396764,116.18282278087595,118.32877900203927,592100,0,1
2014-08-26,188.39,189.13,187.49,187.91,325600,118.20955921197462,118.67388892064739,117.64483389061587,117.90837237391662,325600,0,1
2014-08-27,188.38,188.5,187.53,188.18,292700,118.20328448618174,118.27858119569626,117.66993279378737,118.07778997032426,292700,0,1
2014-08-28,186.69,188.44,186.12,187.97,202000,117.14285582718585,118.240932840939,116.78519645699198,117.94602072867387,202000,0,1
2014-08-29,189.98,189.98,187.66,187.99,297600,119.20724061304176,119.20724061304176,117.75150422909473,117.95857018025963,297600,0,1
2014-09-02,188,188.65,187.12,188.15,507700,117.9648449060525,118.37270208258938,117.4126690362795,118.05896579294563,507700,0,1
2014-09-03,188.4,189.33,187.97,188.67,307100,118.21583393776751,118.7993834365049,117.94602072867387,118.38525153417513,307100,0,1
2014-09-04,189.38,189.66,187.38,187.83,228400,118.83075706546926,119.00644938766978,117.57581190689423,117.85817456757363,228400,0,1
2014-09-05,188.98,189.95,186.89,188.57,326700,118.57976803375425,119.18841643566314,117.26835034304335,118.32250427624638,326700,0,1
2014-09-08,188.84,189.21,187.44,187.81,332700,118.49192187265402,118.7240867269904,117.61346026165148,117.84562511598787,332700,0,1
2014-09-09,187.96,188.84,187.39,187.84,272700,117.93974600288101,118.49192187265402,117.58208663268711,117.8644492933665,272700,0,1
2014-09-10,187.24,189.16,187.15,188.17,269700,117.487965745794,118.692713098026,117.43149321365811,118.07151524453137,269700,0,1
2014-09-11,187.75,188.9,186.52,188.51,188900,117.80797676123062,118.52957022741127,117.03618548870699,118.28485592148913,188900,0,1
2014-09-12,188.9,190.15,188.62,189.42,434500,118.52957022741127,119.31391095152065,118.35387790521077,118.85585596864075,434500,0,1
2014-09-15,188.23,190.34,187.87,189.99,305900,118.10916359928862,119.43313074158529,117.88327347074512,119.21351533883465,305900,0,1
2014-09-16,189.99,190.24,188.7,190.17,193100,119.21351533883465,119.37038348365654,118.40407571155374,119.3264604031064,193100,0,1
2014-09-17,190.17,191,189,189.7,154900,119.3264604031064,119.84726264391504,118.59231748534002,119.03154829084126,154900,0,1
2014-09-18,189.89,191.15,189.37,189.99,210800,119.15076808090589,119.94138353080817,118.8244823396764,119.21351533883465,210800,0,1
2014-09-19,190.76,192.25,188.19,188.2,481300,119.69666922488602,120.63160336802443,118.08406469611712,118.09033942190999,481300,0,1
2014-09-22,188.21,189.13,186.47,187.06,219318,118.09661414770288,118.67388892064739,117.0048118597426,117.37502068152224,219318,0,1
2014-09-23,187.48,187.82,184.92,185,274507,117.63855916482298,117.85189984178074,116.03222936184694,116.08242716818995,274507,0,1
2014-09-24,184.56,185.84,183.96,184.5,297223,115.80633923330345,116.60950413479148,115.42985568573096,115.7686908785462,297223,0,1
2014-09-25,184.5,184.5,181.705,182.62,344495,115.7686908785462,115.7686908785462,114.0149050194376,114.58904242948567,344495,0,1
2014-09-26,182.79,186.03,182.59,185.01,240515,114.69571276796455,116.7287239248561,114.57021825210705,116.08870189398283,240515,0,1
2014-09-29,183.15,184.91,182.18,184.89,317670,114.92160289650806,116.02595463605408,114.31295449459917,116.01340518446833,317670,0,1
2014-09-30,185.45,185.69,184.035,184.33,412600,116.36478982886933,116.51538324789834,115.47691612917751,115.66202054006733,412600,0,1
2014-10-01,183.99,184.5,181.606,182.38,413213,115.44867986310958,115.7686908785462,113.95278523408814,114.43844901045667,413213,0,1
2014-10-02,182.54,183.02,180.68,181.42,316839,114.53884462314267,114.8400314612007,113.3717456256679,113.83607533434065,316839,0,1
2014-10-03,182.78,186.25,182.77,185.24,296071,114.68943804217167,116.86676789229935,114.68316331637881,116.23302058721897,296071,0,1
2014-10-06,186.15,186.3801,183.25,183.81,189806,116.8040206343706,116.94840207486466,114.98435015443681,115.33573479883782,189806,0,1
2014-10-07,182.73,183.09,181.09,181.48,297479,114.6580644132073,114.88395454175081,113.62900938317578,113.8737236890979,297479,0,1
2014-10-08,181.49,184.17,181.01,183.93,247750,113.87999841489079,115.56162492738132,113.57881157683278,115.41103150835232,247750,0,1
2014-10-09,180.32,181.7,178.18,179.48,658272,113.14585549712439,114.01176765654115,111.80306417744912,112.61877853052287,658272,0,1
2014-10-10,179,179.86,176.29,176.5,465598,112.31759169246487,112.85721811065216,110.61714100259572,110.74891024424609,465598,0,1
2014-10-13,176.86,177.51,172.88,173.7,510251,110.9748003727896,111.38265754932648,108.47745950722529,108.99198702224105,510251,0,1
2014-10-14,174.47,177.2625,172.24,172.63,658698,109.47514090829245,111.22735808595282,108.07587705648129,108.32059136240342,658698,0,1
2014-10-15,171.38,172.65,166.61,171.82,755857,107.53625063829402,108.33314081398917,104.5432064350926,107.81233857318053,755857,0,1
2014-10-16,169.79,175.38,169.38,172.93,397591,106.53856923722688,110.04614095544407,106.281305479719,108.50883313618968,397591,0,1
2014-10-17,174.25,176.48,173.64,174.85,276877,109.3370969408492,110.73636079266034,108.9543386674838,109.7135804884217,276877,0,1
2014-10-20,173.91,175.93,173.14,174.96,247753,109.12375626389144,110.39125087405222,108.64060237784004,109.78260247214332,247753,0,1
2014-10-21,176.12,178.59,175.81,178.46,293839,110.51047066411684,112.060327934957,110.31595416453771,111.97875649964962,293839,0,1
2014-10-22,178.39,179.649,177,177.23,205414,111.93483341909949,112.72482139642247,111.06264653388985,111.20696522712598,205414,0,1
2014-10-23,178.93,182.67,178.88,181.23,285636,112.27366861191476,114.62041605845005,112.24229498295037,113.71685554427603,285636,0,1
2014-10-24,181.78,183.086,181.02,182.84,186214,114.06196546288416,114.88144465143367,113.58508630262567,114.72708639692893,186214,0,1
2014-10-27,183,183.6,181.06,182.65,532934,114.82748200961493,115.20396555718743,113.61018520579715,114.6078666068643,532934,0,1
2014-10-28,183.38,184.61,182.36,184.58,363769,115.06592158974418,115.83771286226784,114.42589955887094,115.81888868488922,363769,0,1
2014-10-29,185,185,182.93,184.32,302448,116.08242716818995,116.08242716818995,114.78355892906481,115.65574581427444,302448,0,1
2014-10-30,183.58,185.87,183.58,185.49,354288,115.1914161056017,116.6283283121701,115.1914161056017,116.38988873204084,354288,0,1
2014-10-31,188.5,188.5,185.21,187.03,411371,118.27858119569626,118.27858119569626,116.21419640984034,117.35619650414361,411371,0,1
2014-11-03,187.12,187.16,184.97,185.8,327316,117.4126690362795,117.43776793945098,116.06360299081133,116.58440523161998,327316,0,1
2014-11-04,185.73,186.49,184.6,185.95,234387,116.54048215106984,117.01736131132836,115.83143813647494,116.67852611851309,234387,0,1
2014-11-05,186.6,188.37,185.075,187,558122,117.08638329504997,118.19700976038888,116.12948761163652,117.33737232676498,558122,0,1
2014-11-06,186.95,188.58,186,187.76,263762,117.3059986978006,118.32877900203927,116.70989974747746,117.81425148702348,263762,0,1
2014-11-07,188.14,188.215,187.01,187.33,346083,118.05269106715274,118.09975151059932,117.34364705255786,117.54443827792987,346083,0,1
2014-11-10,187.39,188.628,185.48,188.13,294437,117.58208663268711,118.35889768584505,116.38361400624795,118.04641634135987,294437,0,1
2014-11-11,188.38,188.79,186.53,186.93,208232,118.20328448618174,118.46054824368963,117.04246021449985,117.29344924621486,208232,0,1
2014-11-12,185.99,187.6,185.39,186.34,400822,116.7036250216846,117.71385587433748,116.32714147411208,116.92324042443524,400822,0,1
2014-11-13,189,195.52,185.991,191.79,767460,118.59231748534002,122.68343870229461,116.7042524942639,120.34296598155217,767460,0,1
2014-11-14,191.89,192.75,190.32,192.45,429967,120.40571323948092,120.94533965766819,119.42058128999952,120.75709788388193,429967,0,1
2014-11-17,192.43,195.23,191.56,192.33,402949,120.74454843229618,122.50147165430121,120.19864728831605,120.68180117436744,402949,0,1
2014-11-18,192.77,194.59,191.76,192.29,518226,120.95788910925394,122.09988920355721,120.32414180417354,120.65670227119593,518226,0,1
2014-11-19,192.25,193.24,191.43,191.96,523499,120.63160336802443,121.25280122151908,120.11707585300867,120.44963632003106,523499,0,1
2014-11-20,191.37,192.83,191.37,192.13,473333,120.07942749825142,120.99553746401119,120.07942749825142,120.55630665850993,473333,0,1
2014-11-21,192.83,193.22,191.82,192.77,374612,120.99553746401119,121.24025176993332,120.3617901589308,120.95788910925394,374612,0,1
2014-11-24,194.03,195.3,193.92,194.84,275851,121.7485045591562,122.54539473485136,121.67948257543456,122.2567573483791,275851,0,1
2014-11-25,195.22,195.81,193.43,193.56,379196,122.49519692850835,122.86540575028798,121.3720210115837,121.45359244689108,379196,0,1
2014-11-26,194.01,195.07,193.28,193.82,268515,121.73595510757045,122.40107604161521,121.27790012469058,121.61673531750583,268515,0,1
2014-11-28,194.58,199.68,194.34,197.79,404074,122.09361447776435,125.29372463213066,121.94302105873534,124.10780145727725,404074,0,1
2014-12-01,196.67,198.21,195.26,196.52,384960,123.40503216847523,124.37133994057801,122.52029583167985,123.31091128158212,384960,0,1
2014-12-02,196.16,197.19,193.37,194.59,286529,123.08502115303861,123.73131790970474,121.33437265682645,122.09988920355721,286529,0,1
2014-12-03,195.15,196.02,194.02,195.35,249465,122.45127384795822,122.99717499193837,121.74222983336334,122.57676836381572,249465,0,1
2014-12-04,195.45,196.67,194,196.12,344283,122.63951562174447,123.40503216847523,121.72968038177758,123.05992224986711,344283,0,1
2014-12-05,196.85,197.69,194.91,195.98,231365,123.51797723274699,124.0450541993485,122.30068042892921,122.97207608876685,231365,0,1
2014-12-08,195.98,196.2,193.09,193.68,171587,122.97207608876685,123.1101200562101,121.15868033462594,121.52888915640558,171587,0,1
2014-12-09,191.21,195.09,190.5,195.01,225642,119.97903188556542,122.41362549320097,119.53352635427129,122.36342768685796,225642,0,1
2014-12-10,193.22,194.75,191.81,192.63,539307,121.24025176993332,122.20028481624321,120.35551543313792,120.87004294815368,539307,0,1
2014-12-11,193.76,195.23,192.63,193.14,252873,121.57908696274858,122.50147165430121,120.87004294815368,121.1900539635903,252873,0,1
2014-12-12,191.38,194.36,190.94,192.06,343728,120.0857022240443,121.9555705103211,119.80961428915779,120.51238357795981,343728,0,1
2014-12-15,192.52,193.5,190.51,192.93,374190,120.80102096443207,121.41594409213383,119.53980108006415,121.05828472193994,374190,0,1
2014-12-16,193.09,194.32,190.79,191.25,559363,121.15868033462594,121.93047160714958,119.71549340226466,120.00413078873692,559363,0,1
2014-12-17,191.44,195.27,190.06,194.69,610291,120.12335057880155,122.52657055747272,119.25743841938478,122.16263646148596,610291,0,1
2014-12-18,195.57,198.39,194.65,196.33,675145,122.71481233125897,124.48428500484975,122.13753755831446,123.19169149151749,675145,0,1
2014-12-19,196.17,197.91,195.56,197.8,348244,123.09129587883147,124.18309816679175,122.7085376054661,124.11407618307014,348244,0,1
2014-12-22,197.66,198.9999,197.04,197.66,154392,124.02623002196988,124.8669805309572,123.63719702281162,124.02623002196988,154392,0,1
2014-12-23,198,198.32,197.09,198.26,237310,124.23957069892764,124.44036192429964,123.668570651776,124.40271356954239,237310,0,1
2014-12-24,198.16,201.04,197.63,200.61,134878,124.33996631161364,126.14708733996167,124.00740584459125,125.87727413086805,134878,0,1
2014-12-26,200.79,200.9675,199.3545,200.1,171942,125.99021919513979,126.10159557796332,125.08948230757257,125.55726311543141,171942,0,1
2014-12-29,199.46,199.94,197.57,198.55,210092,125.15568066468741,125.45686750274541,123.969757489834,124.58468061753577,210092,0,1
2014-12-30,198.12,199.16,197.03,197.55,127916,124.31486740844214,124.96743889090115,123.63092229701874,123.95720803824825,127916,0,1
2014-12-31,197.5,198.73,196.18,196.35,173809,123.92583440928388,124.69762568180751,123.09757060462437,123.20424094310323,173809,0,1
2015-01-02,196.76,198.48,195.21,197.75,360852,123.46150470061112,124.54075753698564,122.48892220271547,124.08270255410575,360852,0,1
2015-01-05,197.25,198.88,194.445,196.45,508326,123.768966264462,124.79174656870065,122.00890567956051,123.26698820103198,508326,0,1
2015-01-06,196.41,197.77,194.3,196.95,448103,123.24188929786048,124.0952520056915,121.91792215556384,123.58072449067573,448103,0,1
2015-01-07,198.76,200.34,197.41,199.56,271055,124.71644985918614,125.70785653446042,123.869361877148,125.21842792261616,271055,0,1
2015-01-08,201,203,200.43,202.9,232372,126.12198843679018,127.3769335953652,125.76432906659629,127.31418633743645,232372,0,1
2015-01-09,203,203.46,200.47,201.32,406611,127.3769335953652,127.66557098183746,125.78942796976779,126.32277966216218,406611,0,1
2015-01-12,201.67,202.48,200,201.25,256617,126.5423950649128,127.05064785413569,125.49451585750266,126.27885658161205,256617,0,1
2015-01-13,203.26,205.38,201.79,204.03,287648,127.54007646597995,128.87031833406948,126.6176917744273,128.02323035203133,287648,0,1
2015-01-14,201.42,205.765,201.42,204.12,348664,126.38552692009092,129.11189527709516,126.38552692009092,128.0797028841672,348664,0,1
2015-01-15,205,205,202.68,203.74,211837,128.6318787539402,128.6318787539402,127.1761423699932,127.84126330403797,211837,0,1
2015-01-16,202.95,204.99,201.97,204,256620,127.34555996640081,128.62560402814736,126.73063683869906,128.0044061746527,256620,0,1
2015-01-20,204.89,204.89,202.37,203.75,401993,128.5628567702186,128.5628567702186,126.98162587041406,127.84753802983083,401993,0,1
2015-01-21,203.5,205.479,203.05,205,254009,127.69066988500896,128.93243811941895,127.40830722432958,128.6318787539402,254009,0,1
2015-01-22,205.42,206.65,203.694,206.04,384660,128.89541723724096,129.66720850976463,127.81239956539072,129.28445023639924,384660,0,1
2015-01-23,206.26,209.04,206.25,208.4,670280,129.4224942038425,131.16686797426178,129.4162194780496,130.76528552351778,670280,0,1
2015-01-26,208,208.75,205.81,208.57,636515,130.51429649180275,130.9849009262684,129.1401315431631,130.87195586199664,636515,0,1
2015-01-27,202.26,206.5,200,203.65,1032688,126.91260388669244,129.5730876228715,125.49451585750266,127.78479077190208,1032688,0,1
2015-01-28,205.64,208.68,202.43,203,460958,129.03346120468422,130.94097784571827,127.01927422517132,127.3769335953652,460958,0,1
2015-01-29,202.62,207.07,201.12,206.2,582022,127.13849401523595,129.93074699306538,126.19728514630468,129.38484584908522,582022,0,1
2015-01-30,205.26,206.61,203.1,205.53,420495,128.79502162455498,129.64210960659312,127.43968085329395,128.96443922096262,420495,0,1
2015-02-02,206.4,207.26,203.01,206.96,373660,129.51034036494275,130.04996678313,127.38320832115807,129.86172500934376,373660,0,1
2015-02-03,208.06,209.028,206.23,207.8,404102,130.55194484656002,131.15933830331034,129.40367002646386,130.38880197594526,404102,0,1
2015-02-04,207.48,211.69,206.52,209.68,292400,130.18801075057326,132.82967030937368,129.58563707445725,131.56845042500578,292400,0,1
2015-02-05,210.62,211.52,208.902,211.02,302568,132.15827464953605,132.72299997089482,131.08027675832008,132.40926368125105,302568,0,1
2015-02-06,210.11,212.33,210.11,212.11,362653,131.83826363409943,133.2312527601177,131.83826363409943,133.09320879267446,362653,0,1
2015-02-09,211.14,212.15,207.63,207.87,440859,132.48456039076555,133.11830769584594,130.2821316374664,130.4327250564954,440859,0,1
2015-02-10,208.52,210.13,207.1,207.9,383617,130.84058223303228,131.85081308568516,129.949571170444,130.451549233874,383617,0,1
2015-02-11,208.08,209.06,206.3,206.87,412135,130.56449429814577,131.17941742584753,129.447593107014,129.8052524772079,412135,0,1
2015-02-12,207.94,208.6,206.04,206.66,384460,130.47664813704552,130.89078003937527,129.28445023639924,129.67348323555748,384460,0,1
2015-02-13,206.31,208.86,206.31,208.62,285727,129.45386783280688,131.05392290999004,129.45386783280688,130.90332949096103,285727,0,1
2015-02-17,208.58,208.96,207.392,208.18,292480,130.87823058778952,131.11667016791878,130.13279316359595,130.62724155607452,292480,0,1
2015-02-18,208.25,209.58,207.73,209.12,276287,130.67116463662464,131.50570316707703,130.34487889539514,131.21706578060477,276287,0,1
2015-02-19,209.43,212.29,208.59,211.98,247936,131.41158228018392,133.2061538569462,130.8845053135824,133.01163735736705,247936,0,1
2015-02-20,212.02,213.77,210.848,213.73,272444,133.03673626053856,134.13481327429173,132.30133839761362,134.10971437112022,272444,0,1
2015-02-23,215.77,224.58,215.57,222.82,807476,135.38975843286676,140.91779185638975,135.26426391700923,139.8134401168437,807476,0,1
2015-02-24,222.32,225.82,222.32,225.27,731238,139.49970382719994,141.69585785470625,139.49970382719994,141.35074793609812,731238,0,1
2015-02-25,225.58,226.21,222.62,223.44,711274,141.54526443567727,141.9405721606284,139.6879456009862,140.20247311600195,711274,0,1
2015-02-26,223.44,223.44,220.95,221.58,455045,140.20247311600195,140.20247311600195,138.64006639357606,139.03537411852722,455045,0,1
2015-02-27,219.61,221.3,215.77,216.86,515474,137.7992531373308,138.8596817963267,135.38975843286676,136.07370354429014,515474,0,1
2015-03-02,217.46,219.99,215.84,218.11,529641,136.45018709186263,138.03769271746006,135.43368151341687,136.85804426839954,529641,0,1
2015-03-03,217.26,218.05,216.35,217.73,284261,136.32469257600513,136.82039591364227,135.7536925288535,136.61960468827027,284261,0,1
2015-03-04,217.49,217.935,215.16,215.33,285859,136.46901126924126,136.7482365670242,135.00700015950136,135.11367049798025,285859,0,1
2015-03-05,215.19,216.66,213.6801,215.34,256240,135.02582433688,135.94820902843261,134.07840348941377,135.1199452237731,256240,0,1
2015-03-06,214.89,215.92,212.2,213.12,308043,134.83758256309372,135.48387931975986,133.1496813248103,133.72695609775482,308043,0,1
2015-03-09,213.52,216.02,213.21,214.75,334000,133.97794512946984,135.5466265776886,133.78342862989072,134.7497364019935,334000,0,1
2015-03-10,213.03,214.29,212.93,213,218940,133.67048356561895,134.46109901552123,133.6077363076902,133.65165938824032,218940,0,1
2015-03-11,213.63,214.83,213.25,214.16,214632,134.04696711319147,134.79993420833648,133.8085275330622,134.37952758021385,214632,0,1
2015-03-12,214.94,216.54,214.1,216.28,285924,134.8689561920581,135.8729123189181,134.34187922545658,135.70976944830338,285924,0,1
2015-03-13,215.57,216.82,212.78,214.82,176159,135.26426391700923,136.04860464111863,133.51361542079707,134.7936594825436,176159,0,1
2015-03-16,214.85,217.28,214.24,217.14,385313,134.81248365992224,136.3372420275909,134.42972538655684,136.24939586649063,385313,0,1
2015-03-17,216.47,217.035,215.14,216.49,286400,135.828989238368,136.18351124566544,134.9944507079156,135.84153868995375,286400,0,1
2015-03-18,215.25,217.38,213.28,216.44,269656,135.06347269163723,136.39998928551964,133.82735171044084,135.81016506098936,269656,0,1
2015-03-19,216.74,217.58,213.51,214.79,202899,135.99840683477564,136.52548380137716,133.97167040367697,134.77483530516497,202899,0,1
2015-03-20,218.1,218.435,215.02,215.75,434388,136.85176954260663,137.06197285666798,134.9191539984011,135.377208981281,434388,0,1
2015-03-23,215.75,217.35,214.21,215.79,243580,135.377208981281,136.381165108141,134.41090120917823,135.40230788445248,243580,0,1
2015-03-24,215.28,216.85,214.39,215.15,181605,135.08229686901586,136.06742881849726,134.52384627344998,135.00072543370848,181605,0,1
2015-03-25,214.94,215.75,213.86,214,432150,134.8689561920581,135.377208981281,134.1912858064276,134.27913196752783,432150,0,1
2015-03-26,213.71,215.86,212.72,215.18,426682,134.09716491953446,135.44623096500263,133.47596706603983,135.01954961108711,426682,0,1
2015-03-27,215.18,218.88,215.18,217.87,206975,135.01954961108711,137.3411981544509,135.01954961108711,136.70745084937053,206975,0,1
2015-03-30,218.41,220.64,217.87,219.83,271150,137.04628604218578,138.4455498939969,136.70745084937053,137.93729710477405,271150,0,1
2015-03-31,220.03,220.03,218.08,218.72,313716,138.06279162063154,138.06279162063154,136.8392200910209,137.2408025417649,313716,0,1
2015-04-01,217.46,219.69,217.01,218.72,329781,136.45018709186263,137.8494509436738,136.16782443118325,137.2408025417649,329781,0,1
2015-04-02,218.99,220.822,218.37,220.25,209967,137.41022013817255,138.55974990342727,137.02118713901427,138.2008355880748,209967,0,1
2015-04-06,219.23,221.445,218.7501,219.74,186723,137.56081355720153,138.95066532032337,137.25968946640145,137.88082457263818,186723,0,1
2015-04-07,219.9,221.53,219.45,220.83,257691,137.98122018532416,139.00400048956283,137.69885752464478,138.56476968406156,257691,0,1
2015-04-08,221.31,222.34,219.26,220.61,303214,138.86595652211957,139.51225327878572,137.57963773458016,138.4267257166183,303214,0,1
2015-04-09,221.55,222.33,220.45,221.95,277611,139.01654994114858,139.50597855299284,138.3263301039323,139.26753897286358,277611,0,1
2015-04-10,222.77,224,221.8,223.2,203992,139.78206648787935,140.55385776040296,139.17341808597047,140.05187969697295,203992,0,1
2015-04-13,223.46,223.97,222.19,222.82,297299,140.21502256758774,140.53503358302436,139.41813239189258,139.8134401168437,297299,0,1
2015-04-14,222.94,222.98,221.04,222.3,171796,139.8887368263582,139.9138357295297,138.69653892571193,139.4871543756142,171796,0,1
2015-04-15,223.08,223.868,221.45,222.33,190972,139.97658298745847,140.47103137993702,138.9538026832198,139.50597855299284,190972,0,1
2015-04-16,221.83,222.58,221.01,222.08,172760,139.19224226334907,139.66284669781473,138.6777147483333,139.34911040817096,172760,0,1
2015-04-17,221.51,221.51,218.77,219.38,337133,138.99145103797707,138.99145103797707,137.2721761707293,137.65493444409466,337133,0,1
2015-04-20,220.78,222.62,220.78,222.48,153340,138.53339605509717,139.6879456009862,138.53339605509717,139.60009943988595,153340,0,1
2015-04-21,223.43,223.6,221.455,223.6,217290,140.1961983902091,140.30286872868797,138.95694004611627,140.30286872868797,217290,0,1
2015-04-22,223.5,223.54,220.79,221.81,225256,140.24012147075922,140.2652203739307,138.53967078089005,139.17969281176332,225256,0,1
2015-04-23,220.98,223.69,220.98,221.92,150786,138.65889057095467,140.35934126082384,138.65889057095467,139.24871479548494,150786,0,1
2015-04-24,223.15,223.5,221.3,223.03,242921,140.0205060680086,140.24012147075922,138.8596817963267,139.94520935849408,242921,0,1
2015-04-27,223.23,223.355,218.78,219.04,275269,140.07070387435158,140.14913794676252,137.27845089652214,137.4415937671369,275269,0,1
2015-04-28,218.05,219.82,216.56,217.87,343106,136.82039591364227,137.93102237898117,135.88546177050387,136.70745084937053,343106,0,1
2015-04-29,216.17,217.16,212.86,213.1,353563,135.64074746458175,136.26194531807639,133.5638132271401,133.71440664616907,353563,0,1
2015-04-30,212.26,213.96,211.33,212.13,275346,133.18732967956757,134.25403306435635,132.6037801808302,133.1057582442602,275346,0,1
2015-05-01,214.5,219.66,214.01,218.84,409805,134.5928682571716,137.83062676629515,134.2854066933207,137.3160992512794,409805,0,1
2015-05-04,219.98,220.73,219.045,220.28,505854,138.03141799166715,138.5020224261328,137.44473113003335,138.21965976545343,505854,0,1
2015-05-05,218.56,219.25,212.47,214.93,900200,137.1404069290789,137.57336300878728,133.31909892121794,134.86268146626523,900200,0,1
2015-05-06,216.08,220.304,214.522,220.12,609814,135.58427493244588,138.23471910735634,134.60667265391592,138.1192641527674,609814,0,1
2015-05-07,219.97,223.19,218.33,222.07,694487,138.0251432658743,140.0456049711801,136.9960882358428,139.34283568237808,694487,0,1
2015-05-08,224,224.99,221.4201,221.86,443739,140.55385776040296,141.17505561389763,138.93504125309912,139.2110664407277,443739,0,1
2015-05-11,222.18,224,221.766,222.45,345277,139.4118576660997,140.55385776040296,139.15208401827468,139.58127526250732,345277,0,1
2015-05-12,221.17,223.88,220.98,223.45,295599,138.77811036101932,140.47856105088846,138.65889057095467,140.20874784179483,295599,0,1
2015-05-13,224,224.92,222.77,224.53,198281,140.55385776040296,141.13113253334748,139.78206648787935,140.88641822742537,198281,0,1
2015-05-14,224.98,230.075,224.076,229.22,398636,141.16878088810472,144.36575367957462,140.60154567642883,143.8292646242838,398636,0,1
2015-05-15,229.73,230,226.64,227.55,384059,144.14927563972043,144.31869323612807,142.210385369722,142.78138541687366,384059,0,1
2015-05-18,226.63,228,226.136,226.74,292027,142.20411064392914,143.06374807755304,141.8941391897611,142.27313262765077,292027,0,1
2015-05-19,227.26,229.9,226.82,228.84,211118,142.59941836888027,144.25594597819932,142.32333043399376,143.59082504415454,211118,0,1
2015-05-20,229.4,230.365,227.44,228.19,184990,143.94220968855555,144.547720727568,142.71236343315203,143.18296786761766,184990,0,1
2015-05-21,228.36,229,227.645,228.91,144735,143.28963820609655,143.69122065684056,142.84099531190597,143.63474812470466,144735,0,1
2015-05-22,228.95,228.98,226.7,227.12,191825,143.65984702787617,143.67867120525477,142.24803372447926,142.51157220778003,191825,0,1
2015-05-26,227.9,229.36,225.92,226.89,303412,143.0010008196243,143.91711078538407,141.758605112635,142.36725351454388,303412,0,1
2015-05-27,227.12,229.2499,226.555,228.99,240975,142.51157220778003,143.8480260544045,142.1570502004826,143.68494593104768,240975,0,1
2015-05-28,229,229,226.681,227.49,166421,143.69122065684056,143.69122065684056,142.2361117454728,142.7437370621164,166421,0,1
2015-05-29,227.74,227.74,224.92,226.04,435532,142.90060520693828,142.90060520693828,141.13113253334748,141.8339018221495,435532,0,1
2015-06-01,227,229.05,225.39,228.25,273053,142.43627549826553,143.72259428580492,141.42604464561262,143.2206162223749,273053,0,1
2015-06-02,228.13,228.13,225.87,226.41,203301,143.1453195128604,143.1453195128604,141.72723148367064,142.0660666764859,203301,0,1
2015-06-03,226.85,228.79,225.3,227.31,205081,142.3421546113724,143.55945141519015,141.36957211347675,142.63079199784465,205081,0,1
2015-06-04,225.94,226.895,224.57,225.18,221270,141.77115456422075,142.37039087744034,140.91151713059685,141.29427540396225,221270,0,1
2015-06-05,224.95,226.33,224.15,226.12,150540,141.14995671072612,142.0158688701429,140.6479786472961,141.88409962849252,150540,0,1
2015-06-08,226.12,227.49,224.62,225.05,239237,141.88409962849252,142.7437370621164,140.94289075956124,141.21270396865486,239237,0,1
2015-06-09,225.39,226.24,224.3,225.82,232541,141.42604464561262,141.95939633800702,140.74209953418924,141.69585785470625,232541,0,1
2015-06-10,226.5,227.89,225.58,226.5,243269,142.12253920862176,142.9947260938314,141.54526443567727,142.12253920862176,243269,0,1
2015-06-11,226.94,228.67,226.38,227.84,183048,142.39862714350826,143.48415470567565,142.04724249910726,142.96335246486703,183048,0,1
2015-06-12,226.7,226.82,224.32,225.62,244752,142.24803372447926,142.32333043399376,140.75464898577496,141.57036333884875,244752,0,1
2015-06-15,225.87,225.87,224.11,225.13,320083,141.72723148367064,141.72723148367064,140.62287974412462,141.26290177499786,320083,0,1
2015-06-16,225.35,227.36,225.23,225.97,213054,141.4009457424411,142.66216562680904,141.3256490329266,141.78997874159938,213054,0,1
2015-06-17,226.23,228.15,225.73,227.47,146419,141.95312161221412,143.15786896444615,141.63938532257038,142.73118761053064,146419,0,1
2015-06-18,228.23,229.215,228.23,228.79,185837,143.20806677078915,143.82612726138737,143.20806677078915,143.55945141519015,185837,0,1
2015-06-19,228.84,232,228.32,231.09,379919,143.59082504415454,145.5736383947031,143.26453930292502,145.00263834755145,379919,0,1
2015-06-22,231.96,232.18,230.3,231.09,170699,145.54853949153159,145.68658345897484,144.50693500991432,145.00263834755145,170699,0,1
2015-06-23,231.15,231.99,229.55,229.82,120444,145.0402867023087,145.56736366891022,144.0363305754487,144.2057481718563,120444,0,1
2015-06-24,229.5,231.18,227.1,227.62,170321,144.0049569464843,145.05911087968732,142.49902275619425,142.82530849742378,170321,0,1
2015-06-25,228.73,229.0899,227.31,228.49,189347,143.52180306043292,143.74763044171848,142.63079199784465,143.3712096414039,189347,0,1
2015-06-26,229.06,229.71,227.31,229.17,280299,143.7288690115978,144.13672618813467,142.63079199784465,143.79789099531942,280299,0,1
2015-06-29,227.28,228.77,225.29,225.38,225281,142.61196782046602,143.54690196360443,141.36329738768387,141.41976991981974,225281,0,1
2015-06-30,227.03,227.91,224.47,224.67,368923,142.45509967564414,143.00727554541714,140.8487698726681,140.9742643885256,368923,0,1
2015-07-01,225.81,228.14,225.52,227.51,304545,141.68958312891337,143.15159423865327,141.50761608092,142.75628651370215,304545,0,1
2015-07-02,227.77,229,227.165,227.78,161625,142.9194293843169,143.69122065684056,142.53980847384796,142.9257041101098,161625,0,1
2015-07-06,226.33,228.42,225.02,227.33,353270,142.0158688701429,143.32728656085376,141.19387979127626,142.6433414494304,353270,0,1
2015-07-07,227.5,227.83,223.32,227.62,506675,142.75001178790927,142.95707773907415,140.12717640648745,142.82530849742378,506675,0,1
2015-07-08,226.08,226.24,221.5,222.33,421729,141.859000725321,141.95939633800702,138.9851763121842,139.50597855299284,421729,0,1
2015-07-09,224.33,226.64,223.53,223.64,473652,140.76092371156787,142.210385369722,140.25894564813785,140.32796763185945,473652,0,1
2015-07-10,225.12,227.07,222.9,223.52,285684,141.256627049205,142.48019857881565,139.86363792318673,140.25267092234498,285684,0,1
2015-07-13,225.56,226.42,224.02,225.26,234185,141.5327149840915,142.07234140227874,140.56640721198875,141.34447321030524,234185,0,1
2015-07-14,226.2,232.18,224.88,231.7,505585,141.93429743483549,145.68658345897484,141.10603363017597,145.38539662091682,505585,0,1
2015-07-15,232.44,234.26,228.37,228.59,437909,145.8497263295896,146.99172642389286,143.2959129318894,143.43395689933266,437909,0,1
2015-07-16,229.13,231.59,228.21,231.08,536880,143.7727920921479,145.3163746371952,143.19551731920342,144.99636362175858,536880,0,1
2015-07-17,230.81,233.85,230.2,233.6,191063,144.82694602535094,146.73446266638499,144.44418775198554,146.5775945215631,191063,0,1
2015-07-20,233.8,234.91,232.38,234.28,348016,146.70308903742063,147.39958360042974,145.81207797483233,147.0042758754786,348016,0,1
2015-07-21,233.05,233.05,227.84,229.22,566677,146.23248460295497,146.23248460295497,142.96335246486703,143.8292646242838,566677,0,1
2015-07-22,228,229.6,225.37,226.35,775527,143.06374807755304,144.06770420441305,141.41349519402686,142.02841832172862,775527,0,1
2015-07-23,225.92,230.84,225.59,225.78,338091,141.758605112635,144.84577020272957,141.55153916147012,141.67075895153476,338091,0,1
2015-07-24,225.58,227.06,223.2,224.61,412051,141.54526443567727,142.47392385302277,140.05187969697295,140.93661603376836,412051,0,1
2015-07-27,222.27,225.9297,216.11,216.93,1018317,139.46833019823558,141.7646915966541,135.6030991098245,136.11762662484026,1018317,0,1
2015-07-28,217.48,218.77,214.81,217.06,816690,136.4627365434484,137.2721761707293,134.78738475675073,136.19919806014764,816690,0,1
2015-07-29,219.26,223.91,218.99,221.02,679661,137.57963773458016,140.4973852282671,137.41022013817255,138.6839894741262,679661,0,1
2015-07-30,221,222.47,219.42,219.76,653934,138.67144002254042,139.59382471409307,137.68003334726615,137.8933740242239,653934,0,1
2015-07-31,220.54,226.96,220.54,226.3,515123,138.38280263606816,142.41117659509402,138.38280263606816,141.99704469276426,515123,0,1
2015-08-03,226.82,230.12,225.24,229.33,645952,142.32333043399376,144.39398994564257,141.3319237587195,143.89828660800544,645952,0,1
2015-08-04,216.35,231.91,216.32,228.35,815584,135.7536925288535,145.5171658625672,135.73486835147486,143.28336348030365,815584,0,1
2015-08-05,230.6,239.71,230.6,238.64,677999,144.69517678370056,150.4114519810098,144.69517678370056,149.74005632117218,677999,0,1
2015-08-06,240.31,240.81,235.83,238.18,547279,150.78793552858232,151.10167181822607,147.97685837337426,149.45141893469992,547279,0,1
2015-08-07,238.12,238.44,233.65,234.91,315606,149.41377057994268,149.61456180531468,146.6089681505275,147.39958360042974,315606,0,1
2015-08-10,237.28,239.18,235.75,237,341947,148.88669361334115,150.07889151398743,147.92666056703126,148.71100129114066,341947,0,1
2015-08-11,236.05,238.15,235,237.6,339245,148.1149023408175,149.43259475732128,147.45605613256564,149.08748483871315,339245,0,1
2015-08-12,235.8,237.13,230.67,234.35,686928,147.95803419599565,148.79257272644801,144.73909986425068,147.04819895602873,686928,0,1
2015-08-13,233.88,239.79,232.855,239.02,256724,146.75328684376362,150.4616497873528,146.1101274499939,149.97849590130144,256724,0,1
2015-08-14,238.28,244,237.03,243.08,500453,149.51416619262866,153.10330934615325,148.72982546851927,152.52603457320873,500453,0,1
2015-08-17,242.7,244.59,240.01,244.35,347268,152.28759499307947,153.47351816793287,150.59969375479605,153.32292474890386,347268,0,1
2015-08-18,242.72,244.9,242.205,242.56,222683,152.30014444466522,153.66803466751202,151.97699606633216,152.19974883197924,222683,0,1
2015-08-19,242,243.7,239.47,241.36,211416,151.84836418757823,152.91506757236698,150.2608585619808,151.44678173683423,211416,0,1
2015-08-20,240.21,240.21,232.6,232.79,408780,150.72518827065358,150.72518827065358,145.9501219422756,146.0693417323402,408780,0,1
2015-08-21,230.36,232.085,227.06,227.75,316362,144.54458336467158,145.62697356394253,142.47392385302277,142.90687993273116,316362,0,1
2015-08-24,215.09,228,214.74,221.56,587148,134.96307707895124,143.06374807755304,134.7434616762006,139.02282466694143,587148,0,1
2015-08-25,225.7,228.1,219.82,220.99,541082,141.62056114519174,143.12649533548176,137.93102237898117,138.66516529674757,541082,0,1
2015-08-26,224.77,229.28,220.01,227.48,712639,141.03701164645437,143.86691297904105,138.0502421690458,142.73746233632352,712639,0,1
2015-08-27,228.24,237.51,228.24,235.71,373905,143.21434149658205,149.03101230657728,143.21434149658205,147.90156166385975,373905,0,1
2015-08-28,235.49,239.05,234.44,237,358653,147.7635176964165,149.99732007868005,147.10467148816463,148.71100129114066,358653,0,1
2015-08-31,236.96,236.96,229.79,229.83,395697,148.68590238796915,148.68590238796915,144.18692399447767,144.21202289764918,395697,0,1
2015-09-01,225.67,227.18,221.34,222.52,479768,141.6017369678131,142.54922056253727,138.88478069949818,139.62519834305746,479768,0,1
2015-09-02,225.4,229.77,224.8,229.62,390611,141.4323193714055,144.17437454289194,141.055835823833,144.0802536559988,390611,0,1
2015-09-03,231.06,232.38,228.66,229.48,461217,144.98381417017282,145.81207797483233,143.4778799798828,143.99240749489854,461217,0,1
2015-09-04,226.26,228.61,225.2,226.39,260153,141.97194578959275,143.4465063509184,141.30682485554797,142.05351722490013,260153,0,1
2015-09-08,228.94,232.4,228.7932,231.93,256559,143.6535723020833,145.8246274264181,143.56145932744388,145.52971531415295,256559,0,1
2015-09-09,233.32,234.52,227.96,228.11,339767,146.4019021993626,147.15486929450762,143.03864917438153,143.13277006127467,339767,0,1
2015-09-10,227.73,230.25,226.272,227,298815,142.8943304811454,144.47556138094993,141.9794754605442,142.43627549826553,298815,0,1
2015-09-11,226.34,228.85,225.03,228.85,205711,142.02214359593577,143.59709976994742,141.2001545170691,143.59709976994742,205711,0,1
2015-09-14,229.35,229.51,227.15,228.53,273683,143.91083605959116,144.01123167227718,142.53039638515864,143.39630854457542,273683,0,1
2015-09-15,229.16,230.99,226.42,229.43,178383,143.79161626952654,144.9398910896227,142.07234140227874,143.96103386593418,178383,0,1
2015-09-16,229.6,231.11,228.27,230.17,182121,144.06770420441305,145.0151877991372,143.23316567396066,144.42536357460693,182121,0,1
2015-09-17,229.81,234.97,229.595,232.49,360644,144.19947344606342,147.437231955187,144.0645668415166,145.88109995855396,360644,0,1
2015-09-18,229.44,232.69,229.04,230.88,507379,143.96730859172706,146.00659447441146,143.71631956001204,144.87086910590108,507379,0,1
2015-09-21,231.7,234.3,229.62,230.69,231903,145.38539662091682,147.01682532706437,144.0802536559988,144.75164931583643,231903,0,1
2015-09-22,228.72,229.37,226.26,227.87,203626,143.51552833464004,143.92338551117692,141.97194578959275,142.98217664224566,203626,0,1
2015-09-23,228.72,229.22,225.58,226.3,170859,143.51552833464004,143.8292646242838,141.54526443567727,141.99704469276426,170859,0,1
2015-09-24,224.1,225.73,221,224.71,370216,140.6166050183317,141.63938532257038,138.67144002254042,140.9993632916971,370216,0,1
2015-09-25,227.38,227.38,222.34,223.91,244046,142.67471507839477,142.67471507839477,139.51225327878572,140.4973852282671,244046,0,1
2015-09-28,222.14,224.07,218.72,218.84,479959,139.3867587629282,140.5977808409531,137.2408025417649,137.3160992512794,479959,0,1
2015-09-29,218.31,219.05,208.35,212.22,958788,136.98353878425704,137.44786849292979,130.7339118945534,133.16223077639606,958788,0,1
2015-09-30,213.16,215.67,210.19,212.41,772424,133.75205500092633,135.32701117493798,131.88846144044243,133.2814505664607,772424,0,1
2015-10-01,211.62,216.75,210.26,215.62,515131,132.78574722882357,136.0046815605685,131.93238452099254,135.29563754597362,515131,0,1
2015-10-02,213.01,218.21,212.4128,217.62,352350,133.6579341140332,136.9207915263283,133.2832074896827,136.55058270454865,352350,0,1
2015-10-05,219.68,220.81,217.77,218.81,394238,137.8431762178809,138.5522202324758,136.64470359144178,137.29727507390078,394238,0,1
2015-10-06,219.54,219.54,211.71,213.25,803646,137.75533005678065,137.75533005678065,132.84221976095944,133.8085275330622,803646,0,1
2015-10-07,214.26,216.78,213.45,215.76,319183,134.4422748381426,136.02350573794712,133.9340220489197,135.38348370707385,319183,0,1
2015-10-08,215.37,220.31,215.26,219.62,277487,135.13876940115173,138.23848394283206,135.0697474174301,137.80552786312367,277487,0,1
2015-10-09,220.47,221.22,218.54,220.31,306448,138.33887955551805,138.80948398998368,137.12785747749314,138.23848394283206,306448,0,1
2015-10-12,220.06,223.6,218.79,221.72,334965,138.08161579801018,140.30286872868797,137.28472562231502,139.12322027962745,334965,0,1
2015-10-13,221.06,222.68,218.88,219.57,234685,138.7090883772977,139.72559395574348,137.3411981544509,137.77415423415928,234685,0,1
2015-10-14,219.26,220.69,210.22,211.77,988323,137.57963773458016,138.4769235229613,131.90728561782103,132.8798681157167,988323,0,1
2015-10-15,212.18,215.29,212.03,215.06,440697,133.13713187322458,135.08857159480874,133.04301098633144,134.9442529015726,440697,0,1
2015-10-16,215.91,216.89,213.39,216.25,264622,135.477604593967,136.09252772166874,133.89637369416246,135.69094527092474,264622,0,1
2015-10-19,214.71,217.14,214.71,216.67,287566,134.72463749882198,136.24939586649063,134.72463749882198,135.9544837542255,287566,0,1
2015-10-20,216.42,217.3,215.17,215.83,229340,135.7976156094036,136.34979147917664,135.01327488529424,135.427406787624,229340,0,1
2015-10-21,217.49,219,215.39,216.34,260504,136.46901126924126,137.4164948639654,135.1513188527375,135.7474178030606,260504,0,1
2015-10-22,217.04,222.42,216.31,218.97,482415,136.18664860856188,139.56245108512869,135.728593625682,137.3976706865868,482415,0,1
2015-10-23,221,221,216.42,217.62,320290,138.67144002254042,138.67144002254042,135.7976156094036,136.55058270454865,320290,0,1
2015-10-26,217.45,218.564,215.77,217.19,216616,136.44391236606975,137.14291681939605,135.38975843286676,136.28076949545502,216616,0,1
2015-10-27,216.75,217.81,216,216.97,459373,136.0046815605685,136.66980249461326,135.53407712610286,136.14272552801177,459373,0,1
2015-10-28,216,217.75,215.31,217.58,468531,135.53407712610286,136.63215413985603,135.1011210463945,136.52548380137716,468531,0,1
2015-10-29,216.37,222.92,216.37,222.72,400548,135.76624198043925,139.87618737477246,135.76624198043925,139.75069285891496,400548,0,1
2015-10-30,222.33,224.02,219.7,219.85,268781,139.50597855299284,140.56640721198875,137.85572566946666,137.9498465563598,268781,0,1
2015-11-02,219.67,227.35,219.67,227.27,632346,137.83690149208803,142.65589090101614,137.83690149208803,142.60569309467314,632346,0,1
2015-11-03,226.91,227.174,223,225,326590,142.37980296612963,142.54545572706155,139.92638518111545,141.1813303396905,326590,0,1
2015-11-04,225.68,228.39,225.3,228.05,327960,141.60801169360602,143.30846238347516,141.36957211347675,143.0951217065174,327960,0,1
2015-11-05,228.23,229.846,224.42,227.41,368249,143.20806677078915,144.22206245891778,140.8173962437037,142.6935392557734,368249,0,1
2015-11-06,226.5,227.782,224.55,226.34,354884,142.12253920862176,142.92695905526836,140.89896767901112,142.02214359593577,354884,0,1
2015-11-09,225.29,227.254,221.11,222.97,219865,141.36329738768387,142.59565353340454,138.74046200626208,139.90756100373684,219865,0,1
2015-11-10,222.2,223.96,221.02,223.32,230801,139.42440711768543,140.52875885723148,138.6839894741262,140.12717640648745,230801,0,1
2015-11-11,224.55,226.25,218.67,218.88,474247,140.89896767901112,141.96567106379987,137.20942891280052,137.3411981544509,474247,0,1
2015-11-12,225.92,234.75,225.6501,229.5,1258335,141.758605112635,147.29918798774375,141.5892502634853,144.0049569464843,1258335,0,1
2015-11-13,228.95,230.74,228.03,229.72,785955,143.65984702787617,144.78302294480082,143.08257225493165,144.14300091392755,785955,0,1
2015-11-16,229.78,231.7,226.76,231.24,818103,144.18064926868482,145.38539662091682,142.2856820792365,145.0967592344446,818103,0,1
2015-11-17,231.26,233,229.24,231.3,390605,145.10930868603032,146.2011109739906,143.84181407586956,145.13440758920183,390605,0,1
2015-11-18,231.35,233,230.4601,232.39,387324,145.1657812181662,146.2011109739906,144.60739336985824,145.8183527006252,387324,0,1
2015-11-19,231.67,236.2,231.67,235.9,473787,145.3665724435382,148.20902322771065,145.3665724435382,148.0207814539244,473787,0,1
2015-11-20,237.34,237.55,235.1403,236.25,486158,148.92434196809842,149.0561112097488,147.54409053543966,148.240396856675,486158,0,1
2015-11-23,236.72,237.5799,234.4901,236.16,457185,148.53530896894014,149.07487263986948,147.13610786438693,148.18392432453913,457185,0,1
2015-11-24,234.58,237.94,234.3,235.87,298506,147.1925176492649,149.3008255156709,147.01682532706437,148.00195727654577,298506,0,1
2015-11-25,235.71,236.88,235.3,236.34,252546,147.90156166385975,148.63570458162616,147.64429790635188,148.2968693888109,252546,0,1
2015-11-27,236.12,237.34,234.84,237.21,86606,148.15882542136765,148.92434196809842,147.35566051987962,148.84277053279104,86606,0,1
2015-11-30,236.93,237.35,234.19,234.63,433110,148.66707821059052,148.93061669389127,146.94780334334274,147.22389127822925,433110,0,1
2015-12-01,235.57,238.42,235.15,238.22,212693,147.8137155027595,149.60201235372892,147.55017701945874,149.47651783787143,212693,0,1
2015-12-02,237.7,238.51,235.71,236.4,302930,149.1502320966419,149.6584848858648,147.90156166385975,148.33451774356814,302930,0,1
2015-12-03,237.43,238.36,233.38,234.39,193746,148.9808145002343,149.5643639989717,146.43955055411985,147.07329785920024,193746,0,1
2015-12-04,234.98,238.04,233.51,238.01,191680,147.44350668097988,149.36357277359966,146.52112198942723,149.34474859622102,191680,0,1
2015-12-07,237.91,238.49,235.51,237.14,351313,149.28200133829228,149.64593543427904,147.77606714800226,148.7988474522409,351313,0,1
2015-12-08,234.7,237.04,231.2,232.67,384130,147.26781435877936,148.73610019431214,145.07166033127305,145.9940450228257,384130,0,1
2015-12-09,231.76,234.06,228.41,230.24,220715,145.4230449756741,146.86623190803536,143.32101183506092,144.46928665515708,220715,0,1
2015-12-10,231,231.97,228.92,230.72,242316,144.94616581541558,145.55481421732446,143.64102285049754,144.77047349321506,242316,0,1
2015-12-11,231.1,231.11,222.4,223.36,479197,145.00891307334433,145.0151877991372,139.54990163354296,140.152275309659,479197,0,1
2015-12-14,223.33,224.79,216.34,218.08,624244,140.13345113228036,141.0495610980401,135.7474178030606,136.8392200910209,624244,0,1
2015-12-15,219.38,219.99,216.57,217.68,924436,137.65493444409466,138.03769271746006,135.89173649629674,136.58823105930588,924436,0,1
2015-12-16,217.79,222.41,213.95,221.34,867024,136.6572530430275,139.55617635933584,134.24775833856347,138.88478069949818,867024,0,1
2015-12-17,221.63,223,218.83,219.68,517770,139.06674774749158,139.92638518111545,137.30982452548653,137.8431762178809,517770,0,1
2015-12-18,219.25,220.92,218,219.9,562721,137.57336300878728,138.62124221619743,136.78902228467788,137.98122018532416,562721,0,1
2015-12-21,221.4,226.64,220.3301,226.03,449034,138.92242905425545,142.210385369722,138.25109614167573,141.82762709635662,449034,0,1
2015-12-22,227.03,227.68,223.33,226.17,277804,142.45509967564414,142.86295685218104,140.13345113228036,141.91547325745688,277804,0,1
2015-12-23,226.95,228.16,226.13,227.53,268720,142.40490186930114,143.16414369023903,141.89037435428537,142.7688359652879,268720,0,1
2015-12-24,227.25,227.97,225.99,226.79,85534,142.5931436430874,143.0449239001744,141.80252819318514,142.30450625661513,85534,0,1
2015-12-28,226.37,226.37,223.46,225.22,227951,142.04096777331438,142.04096777331438,140.21502256758774,141.31937430713373,227951,0,1
2015-12-29,226.12,228.87,226.12,228.37,166028,141.88409962849252,143.60964922153318,141.88409962849252,143.2959129318894,166028,0,1
2015-12-30,228.36,229.29,227.14,227.88,179820,143.28963820609655,143.87318770483392,142.52412165936576,142.98845136803854,179820,0,1
2015-12-31,226.76,229.315,226.76,228.45,239498,142.2856820792365,143.88887451931612,142.2856820792365,143.3461107382324,239498,0,1
2016-01-04,228.2,230.87,224.12,229.86,838787,143.1892425934105,144.8645943801082,140.6291544699175,144.2308470750278,838787,0,1
2016-01-05,230.35,232.4199,226.3,227.59,641935,144.53830863887868,145.83711413074593,141.99704469276426,142.80648432004514,641935,0,1
2016-01-06,227.31,230.11,224.92,230.1,613594,142.63079199784465,144.3877152198497,141.13113253334748,144.38144049405682,613594,0,1
2016-01-07,226.48,229.51,226.48,227.28,862545,142.109989757036,144.01123167227718,142.109989757036,142.61196782046602,862545,0,1
2016-01-08,228.86,229.509,221.12,221.49,717303,143.6033744957403,144.01060419969787,138.74673673205493,138.97890158639132,717303,0,1
2016-01-11,223.89,230.64,222.83,228.55,778316,140.48483577668134,144.72027568687204,139.81971484263659,143.40885799616117,778316,0,1
2016-01-12,230.15,231.43,226.817,229.31,407685,144.41281412302118,145.2159790245092,142.3214480162559,143.88573715641968,407685,0,1
2016-01-13,230.1,230.5799,221,221.08,611032,144.38144049405682,144.6825645848569,138.67144002254042,138.72163782888344,611032,0,1
2016-01-14,221.26,227.57,218.26,226.55,813417,138.8345828931552,142.7939348684594,136.95216515529265,142.15391283758615,813417,0,1
2016-01-15,221.9,222.81,213.12,218.26,1019712,139.23616534389922,139.80716539105083,133.72695609775482,136.95216515529265,1019712,0,1
2016-01-19,219.96,222.58,217.87,220.82,824660,138.01886854008143,139.66284669781473,136.70745084937053,138.55849495826868,824660,0,1
2016-01-20,218.22,222.06,210.2,217.7,1276011,136.92706625212114,139.3365609565852,131.89473616623528,136.60078051089164,1276011,0,1
2016-01-21,218.26,219.99,215.0005,216.46,673998,136.95216515529265,138.03769271746006,134.906918283105,135.82271451257512,673998,0,1
2016-01-22,219.16,223.065,218.48,222.83,456343,137.5168904766514,139.96717089876915,137.0902091227359,139.81971484263659,456343,0,1
2016-01-25,223.09,223.24,219.85,220.13,386138,139.98285771325135,140.07697860014449,137.9498465563598,138.1255388785603,386138,0,1
2016-01-26,220.88,226.1,220.51,225.5,466570,138.59614331302592,141.87155017690674,138.36397845868956,141.49506662933425,466570,0,1
2016-01-27,223.82,223.82,219.29,221.14,696535,140.44091269613122,140.44091269613122,137.5984619119588,138.75928618364068,696535,0,1
2016-01-28,221.73,224.03,218.31,219.29,679810,139.12949500542032,140.5726819377816,136.98353878425704,137.5984619119588,679810,0,1
2016-01-29,220.97,224.73,219.315,224.73,715258,138.65261584516182,141.01191274328286,137.614148726441,141.01191274328286,715258,0,1
2016-02-01,223.48,230,221.745,228.69,446212,140.22757201917346,144.31869323612807,139.13890709410964,143.4967041572614,446212,0,1
2016-02-02,226.33,226.33,220.2,220.63,605955,142.0158688701429,142.0158688701429,138.1694619591104,138.43927516820406,605955,0,1
2016-02-03,221.9,223.98,217.73,223.49,518586,139.23616534389922,140.5413083088172,136.61960468827027,140.23384674496634,518586,0,1
2016-02-04,222.68,227.59,222.28,227.35,385219,139.72559395574348,142.80648432004514,139.47460492402845,142.65589090101614,385219,0,1
2016-02-05,227.09,227.35,220.06,221.47,561477,142.4927480304014,142.65589090101614,138.08161579801018,138.96635213480556,561477,0,1
2016-02-08,217.97,220.84,211.11,214.63,1482787,136.77019810729928,138.57104440985444,132.46573621338695,134.67443969247898,1482787,0,1
2016-02-09,197,206.56,180.76,187.29,4434150,123.61209811964012,129.61073597762874,113.42194343201089,117.51933937475836,4434150,0,1
2016-02-10,189.18,200.35,189.18,192.91,2041830,118.70526254961177,125.71413126025328,118.70526254961177,121.04573527035419,2041830,0,1
2016-02-11,188.44,190.72,184.7,190.2,2048221,118.240932840939,119.67157032171454,115.89418539440369,119.34528458048501,2048221,0,1
2016-02-12,192.54,196.16,190.55,195.1,1288633,120.81357041601781,123.08502115303861,119.56489998323566,122.41990021899385,1288633,0,1
2016-02-16,197.04,205.54,195.26,205.24,931336,123.63719702281162,128.97071394675547,122.52029583167985,128.78247217296922,931336,0,1
2016-02-17,207.89,211.38,206.54,207.43,1021786,130.44527450808113,132.63515380979456,129.59818652604298,130.1566371216089,1021786,0,1
2016-02-18,209.28,210.63,207.72,208.84,552814,131.31746139329078,132.16454937532893,130.33860416960226,131.04137345840428,552814,0,1
2016-02-19,208,209.75,205.19,207.41,550654,130.51429649180275,131.61237350555592,128.75109854400486,130.14408767002314,550654,0,1
2016-02-22,210.56,212.45,208.75,209.66,593120,132.1206262947788,133.3065494696322,130.9849009262684,131.55590097342002,593120,0,1
2016-02-23,209.22,212.68,208,211.53,392294,131.27981303853352,133.45086816286832,130.51429649180275,132.7292746966877,392294,0,1
2016-02-24,209.3,215.265,207.48,214.26,516441,131.33001084487654,135.07288478032655,130.18801075057326,134.4422748381426,516441,0,1
2016-02-25,215.11,218.6,213.12,215.25,428017,134.975626530537,137.1655058322504,133.72695609775482,135.06347269163723,428017,0,1
2016-02-26,215.05,218.48,214.71,217.25,324144,134.93797817577973,137.0902091227359,134.72463749882198,136.31841785021226,324144,0,1
2016-02-29,216.75,219.17,213.56,213.58,941784,136.0046815605685,137.5231652024443,134.00304403264133,134.01559348422708,941784,0,1
2016-03-01,215.16,217.6,212.69,216.31,641960,135.00700015950136,136.5380332529629,133.4571428886612,135.728593625682,641960,0,1
2016-03-02,216.33,218.47,213.29,218.31,637623,135.74114307726776,137.08393439694302,133.83362643623371,136.98353878425704,637623,0,1
2016-03-03,218.61,222.2,216.15,219.63,404243,137.17178055804328,139.42440711768543,135.628198012996,137.81180258891655,404243,0,1
2016-03-04,221.31,223.19,219.14,222.68,765955,138.86595652211957,140.0456049711801,137.50434102506566,139.72559395574348,765955,0,1
2016-03-07,220.18,222.44,220.08,222.16,702863,138.15691250752468,139.57500053671444,138.09416524959593,139.39930821451395,702863,0,1
2016-03-08,221.6,221.785,218.24,218.28,407555,139.04792357011294,139.16400599728112,136.9396157037069,136.9647146068784,407555,0,1
2016-03-09,219,221.585,218.29,219.96,327162,137.4164948639654,139.03851148142363,136.97098933267128,138.01886854008143,327162,0,1
2016-03-10,220.8,221.1,215.69,218.39,423778,138.54594550668295,138.73418728046917,135.33956062652373,137.03373659060003,423778,0,1
2016-03-11,219.42,221.43,218.52,221.17,457719,137.68003334726615,138.94125323163408,137.1153080259074,138.77811036101932,457719,0,1
2016-03-14,219.6,220.65,217.36,218.87,526170,137.79297841153792,138.45182461978982,136.3874398339339,137.33492342865804,526170,0,1
2016-03-15,217.35,219.79,216.575,219.09,344086,136.381165108141,137.91219820160254,135.89487385919318,137.4729673961013,344086,0,1
2016-03-16,218.76,221.77,218.15,220,221169,137.2659014449364,139.15459390859183,136.88314317157102,138.0439674432529,221169,0,1
2016-03-17,219.14,230,218.5,226.8,1250516,137.50434102506566,144.31869323612807,137.10275857432165,142.31078098240803,1250516,0,1
2016-03-18,227.51,228.56,224.92,225.07,832274,142.75628651370215,143.41513272195405,141.13113253334748,141.22525342024062,832274,0,1
2016-03-21,224.69,225.685,223.15,223.86,473160,140.98681384011135,141.61114905650243,140.0205060680086,140.46601159930273,473160,0,1
2016-03-22,222.99,224.97,220.8,223.58,310463,139.9201104553226,141.16250616231187,138.54594550668295,140.29031927710224,310463,0,1
2016-03-23,223.48,224.66,220.83,220.95,480772,140.22757201917346,140.96798966273272,138.56476968406156,138.64006639357606,480772,0,1
2016-03-24,219.71,220.375,215.87,219.68,355123,137.86200039525954,138.27926966048574,135.4525056907955,137.8431762178809,355123,0,1
2016-03-28,219.55,220.1963,217.2201,219.63,271548,137.76160478257356,138.16714031056708,136.29965642009157,137.81180258891655,271548,0,1
2016-03-29,218.82,224,217.95,223.49,608629,137.30354979969366,140.55385776040296,136.75764865571352,140.23384674496634,608629,0,1
2016-03-30,224.28,225.12,220.95,221.2,484458,140.72955008260348,141.256627049205,138.64006639357606,138.79693453839792,484458,0,1
2016-03-31,220.93,221.63,218.69,220.34,434261,138.6275169419903,139.06674774749158,137.22197836438627,138.25730812021067,434261,0,1
2016-04-01,218.41,221.84,217.04,221.42,415887,137.04628604218578,139.19851698914195,136.18664860856188,138.93497850584117,415887,0,1
2016-04-04,220.98,221.505,219.07,220.1,380259,138.65889057095467,138.98831367508063,137.46041794451554,138.10671470118166,380259,0,1
2016-04-05,219.65,220.635,218.74,219.3,483640,137.8243520405023,138.4424125311005,137.25335199335066,137.60473663775167,483640,0,1
2016-04-06,219.3,224.2,219,223.36,358987,137.60473663775167,140.67935227626046,137.4164948639654,140.152275309659,358987,0,1
2016-04-07,221.26,224.83,221.26,224.22,368326,138.8345828931552,141.0746600012116,138.8345828931552,140.69190172784621,368326,0,1
2016-04-08,226.44,227.5,223.38,224.14,379262,142.08489085386452,142.75001178790927,140.16482476124472,140.64170392150322,379262,0,1
2016-04-11,225.78,227.1,223.04,224.5,225814,141.67075895153476,142.49902275619425,139.95148408428696,140.86759405004673,225814,0,1
2016-04-12,223.97,226.63,222.1101,225.16,294473,140.53503358302436,142.20411064392914,139.3679973328075,141.2817259523765,294473,0,1
2016-04-13,222.69,226.9799,218.56,225.23,647351,139.73186868153633,142.42366329942183,137.1404069290789,141.3256490329266,647351,0,1
2016-04-14,225.23,226.154,223.15,225.14,325190,141.3256490329266,141.90543369618828,140.0205060680086,141.26917650079073,325190,0,1
2016-04-15,225.14,226.87,224.5649,226.39,233723,141.26917650079073,142.35470406295815,140.9083170204425,142.05351722490013,233723,0,1
2016-04-18,225.76,226.985,224.78,225.09,552291,141.65820949994898,142.4268634095762,141.04328637224725,141.23780287182637,552291,0,1
2016-04-19,226.42,227.14,224.53,227.05,468855,142.07234140227874,142.52412165936576,140.88641822742537,142.4676491272299,468855,0,1
2016-04-20,227.05,232.44,224.11,229.5,773487,142.4676491272299,145.8497263295896,140.62287974412462,144.0049569464843,773487,0,1
2016-04-21,229.88,230.53,228.09,228.46,434411,144.24339652661357,144.65125370315045,143.12022060968891,143.3523854640253,434411,0,1
2016-04-22,228.12,229.93,223.81,226.79,446062,143.13904478706755,144.27477015557793,140.43463797033834,142.30450625661513,446062,0,1
2016-04-25,226.83,227.32,223.57,224.43,498525,142.32960515978664,142.6370667236375,140.28404455130934,140.82367096949662,498525,0,1
2016-04-26,225.51,231.44,225.055,230.9,419785,141.50134135512712,145.2222537503021,141.2158413315513,144.88341855748683,419785,0,1
2016-04-27,230,233.77,229.31,232.64,549302,144.31869323612807,146.684264860042,143.88573715641968,145.97522084544707,549302,0,1
2016-04-28,231.46,233.18,229.65,229.91,361222,145.23480320188784,146.31405603826235,144.09907783337744,144.26222070399217,361222,0,1
2016-04-29,228.5,229.83,226.165,227.87,609366,143.3774843671968,144.21202289764918,141.91233589456044,142.98217664224566,609366,0,1
2016-05-02,228.11,230.01,225.41,225.5,439482,143.13277006127467,144.32496796192092,141.43859409719838,141.49506662933425,439482,0,1
2016-05-03,223.23,227.535,223.11,226.49,956090,140.07070387435158,142.77197332818434,139.9954071648371,142.11626448282888,956090,0,1
2016-05-04,225.3,227.24,224.94,226.55,358106,141.36957211347675,142.58686891729454,141.14368198493324,142.15391283758615,358106,0,1
2016-05-05,227.37,228.44,226.26,227.41,388913,142.6684403526019,143.33983601243955,141.97194578959275,142.6935392557734,388913,0,1
2016-05-06,226.01,227.91,223.66,224.06,839946,141.81507764477087,143.00727554541714,140.3405170834452,140.59150611516023,839946,0,1
2016-05-09,221.5,227.47,220.11,225.67,890642,138.9851763121842,142.73118761053064,138.11298942697456,141.6017369678131,890642,0,1
2016-05-10,236.5,250.77,236.5,249.5,2495675,148.3972650014969,157.35129870792971,148.3972650014969,156.55440853223456,2495675,0,1
2016-05-11,249.49,250.5,246.43,247.11,898288,156.54813380644168,157.18188111152207,154.6280677138219,155.05474906773742,898288,0,1
2016-05-12,248.8,249.97,244.49,247,754850,156.11517772673332,156.8493206444997,153.41077091000412,154.9857270840158,754850,0,1
2016-05-13,246.05,249.62,246.05,248.87,768968,154.38962813369264,156.62970524174906,154.38962813369264,156.15910080728344,768968,0,1
2016-05-16,248.51,250.99,247.57,249.59,877927,155.93321067873993,157.48934267537297,155.34338645420965,156.61088106437043,877927,0,1
2016-05-17,248.96,251.48,247.3701,248.9,528199,156.2155733394193,157.79680423922383,155.2179546856101,156.17792498466207,528199,0,1
2016-05-18,248.5,250.14,246.56,248.03,608140,155.92693595294705,156.95599098297856,154.7096391491293,155.6320238406819,608140,0,1
2016-05-19,247.55,248.64,244.36,247.73,363639,155.33083700262392,156.0147821140473,153.32919947469676,155.44378206689566,363639,0,1
2016-05-20,249.64,251.24,247.9494,249.89,277717,156.64225469333482,157.64621082019485,155.58144955079135,156.79912283815668,277717,0,1
2016-05-23,249.79,249.97,247.87,248.74,344708,156.73637558022793,156.8493206444997,155.53162822799592,156.07752937197606,344708,0,1
2016-05-24,250,255.57,244.93,254.65,700732,156.86814482187833,160.36316708850975,153.68685884489062,159.78589231556526,700732,0,1
2016-05-25,254.58,257.3,253.96,255.67,577255,159.74196923501515,161.44869465067717,159.35293623585687,160.4259143464385,577255,0,1
2016-05-26,256.25,256.25,253.35,254.78,533400,160.78984844242527,160.78984844242527,158.97017796249148,159.86746375087264,533400,0,1
2016-05-27,255.07,256.24,253.89,255.97,423015,160.049430798866,160.78357371663242,159.30901315530673,160.61415612022478,423015,0,1
2016-05-31,265.41,265.87,262.62,263.54,2665686,166.53749726869893,166.82613465517116,164.78684877248674,165.36412354543126,2665686,0,1
2016-06-01,261.74,267.39,261.16,266.09,1803916,164.23467290271373,167.77989297568817,163.870738806727,166.96417862261438,1803916,0,1
2016-06-02,266.37,267.31,263.31,265.84,9761017,167.13987094481493,167.72969516934518,165.21980485219513,166.80731047779253,9761017,0,1
2016-06-03,265.01,265.7,262.1,264.38,1120315,166.28650823698388,166.71946431669227,164.46056303125724,165.89120051203275,1120315,0,1
2016-06-06,265,266.36,262.8,265.3,631871,166.28023351119103,167.13359621902205,164.8997938367585,166.46847528497727,631871,0,1
2016-06-07,265.75,267.15,263.975,266.67,623421,166.75083794565666,167.62929955665916,165.63707411742132,167.32811271860118,623421,0,1
2016-06-08,266.31,268,264.55,264.98,646845,167.10222259005766,168.16265124905357,165.99787085051165,166.26768405960527,646845,0,1
2016-06-09,264.1,266.54,263.95,266.23,498510,165.71550818983226,167.2465412832938,165.62138730293913,167.05202478371467,498510,0,1
2016-06-10,267.17,267.17,260.3,261.1,599685,167.64184900824495,167.64184900824495,163.3311123885397,163.83309045196972,599685,0,1
2016-06-13,260.8,262.7099,256.28,258.83,452984,163.64484867818348,164.8432585573647,160.8086726198039,162.40872769698706,452984,0,1
2016-06-14,258.22,260.13,257.24,259.37,538688,162.0259694236217,163.22444205006082,161.41104629591993,162.74756288980234,538688,0,1
2016-06-15,260.37,261.12,258.5,259.65,401837,163.37503546908985,163.84563990355548,162.20166174582218,162.9232552120028,401837,0,1
2016-06-16,259.46,259.82,255.86,259.44,514147,162.80403542193818,163.0299255504817,160.54513413650315,162.79148597035245,514147,0,1
2016-06-17,259.7,259.73,256.74,259.46,774061,162.9546288409672,162.97345301834585,161.09731000627616,162.80403542193818,774061,0,1
2016-06-20,262.5,263.37,261.14,261.47,420127,164.71155206297223,165.2574532069524,163.8581893551412,164.0652553063061,420127,0,1
2016-06-21,260.99,263.66,259.81,262.74,535657,163.7640684682481,165.43942025494576,163.02365082468881,164.86214548200124,535657,0,1
2016-06-22,262.29,263.83,260.04,261.87,493253,164.57978282132188,165.54609059342462,163.16796951792497,164.3162443380211,493253,0,1
2016-06-23,263.06,265.58,261.865,265.35,543855,165.06293670737324,166.64416760717776,164.31310697512467,166.49984891394166,543855,0,1
2016-06-24,258.01,264.26,257.11,257.65,944750,161.89420018197129,165.81590380251825,161.32947486061255,161.66831005342777,944750,0,1
2016-06-27,255.67,256.185,249.54,251.86,634999,160.4259143464385,160.7490627247716,156.57950743540607,158.0352438193531,634999,0,1
2016-06-28,253.85,257.52,253.46,257.13,429630,159.28391425213525,161.58673861812042,159.03919994621313,161.34202431219828,429630,0,1
2016-06-29,260.82,261.77,258.87,260.9,327947,163.6573981297692,164.25349708009233,162.43382660015857,163.7075959361122,327947,0,1
2016-06-30,260.9,263.89,259.94,263.69,550069,163.7075959361122,165.58373894818186,163.1052222599962,165.4582444323244,550069,0,1
2016-07-01,263.6,266.38,261.42,262.72,480686,165.40177190018852,167.14614567060778,164.03388167734172,164.8495960304155,480686,0,1
2016-07-05,261.07,262,257.28,259.81,609567,163.8142662745911,164.3978157733285,161.4361451990914,163.02365082468881,609567,0,1
2016-07-06,258.5,262.71,258.24,262.32,277245,162.20166174582218,164.8433213046226,162.03851887520744,164.5986069987005,277245,0,1
2016-07-07,262.53,264.91,261.57,262.46,386393,164.73037624035084,166.22376097905516,164.12800256423483,164.68645315980072,386393,0,1
2016-07-08,264.91,270.08,264.23,269.81,610795,166.22376097905516,169.4677942139716,165.79707962513965,169.29837661756397,610795,0,1
2016-07-11,269.41,269.86,267.74,268.31,388622,169.04738758584898,169.32975024652833,167.9995083784388,168.3571677486327,388622,0,1
2016-07-12,270.56,272.32,268.56,269.51,301974,169.7689810520296,170.87333279157562,168.51403589345458,169.1101348437777,301974,0,1
2016-07-13,270,272.12,269.51,271.09,398289,169.4175964076286,170.74783827571812,169.1101348437777,170.10154151905195,398289,0,1
2016-07-14,273.6,273.6,270.665,272.74,335898,171.67649769306365,171.67649769306365,169.8348656728548,171.13687127487637,335898,0,1
2016-07-15,273.34,273.34,270.29,271.45,343236,171.51335482244886,171.51335482244886,169.599563455622,170.3274316475955,343236,0,1
2016-07-18,272.03,272.095,270.84,271.94,397595,170.69136574358222,170.73215146123596,169.9446733742301,170.63489321144635,397595,0,1
2016-07-19,271.12,276.14,271.12,274.22,486428,170.1203656964306,173.2702780444539,170.1203656964306,172.0655306922219,486428,0,1
2016-07-20,274.87,275.73,273.58,274.05,298192,172.47338786875878,173.01301428694606,171.66394824147787,171.95886035374303,298192,0,1
2016-07-21,273.96,274.385,269.895,270.91,433190,171.90238782160714,172.16906366780432,169.35171178680338,169.98859645478024,433190,0,1
2016-07-22,271.2,274.4699,269.64,274.16,268723,170.1705635027736,172.22233608978584,169.19170627908508,172.02788233746466,268723,0,1
2016-07-25,273.09,274.16,271.94,273.86,209913,171.35648667762698,172.02788233746466,170.63489321144635,171.8396405636784,209913,0,1
2016-07-26,274.22,277.52,274.15,277.3,343327,172.0655306922219,174.13619020387068,172.02160761167175,173.99814623642743,343327,0,1
2016-07-27,278.51,279.18,276.69,278.15,302574,174.75738805736532,175.17779468548795,173.61538796306206,174.5314979288218,302574,0,1
2016-07-28,278.01,279.52,276.75,278.99,422627,174.44365176772158,175.3911353624457,173.6530363178193,175.05857489542333,422627,0,1
2016-07-29,277,280.28,276.78,279.52,505671,173.80990446264119,175.86801452270421,173.6718604951979,175.3911353624457,505671,0,1
2016-08-01,278.53,280.19,277.78,279.02,520838,174.76993750895105,175.81154199056834,174.29933307448542,175.07739907280194,520838,0,1
2016-08-02,278.75,279.699,276.49,277.15,301268,174.90798147639433,175.5034529541382,173.48989344720457,173.9040253495343,301268,0,1
2016-08-03,277.02,278.69,276.12,277.95,384857,173.8224539142269,174.8703331216371,173.25772859286818,174.4060034129643,384857,0,1
2016-08-04,278.57,279.77,276.55,277.79,249742,174.79503641212258,175.5480035072676,173.5275418019618,174.30560780027832,249742,0,1
2016-08-05,278.35,280.75,278.1,280.61,303988,174.65699244467933,176.16292663496935,174.50012429985745,176.07508047386912,303988,0,1
2016-08-08,281.64,281.64,276.83,279.04,631183,176.72137723053524,176.72137723053524,173.7032341241623,175.08994852438772,631183,0,1
2016-08-09,280.06,287.16,277.37,287.04,605886,175.72997055526096,180.18502586820233,174.04206931697757,180.10972915868783,605886,0,1
2016-08-10,287.5,288.71,283.5,287.6,656829,180.39836654516006,181.15760836609795,177.88847622801,180.46111380308884,656829,0,1
2016-08-11,288.49,289.67,285.95,286.01,338483,181.01956439865472,181.75998204221398,179.42578404726441,179.46343240202168,338483,0,1
2016-08-12,284.47,284.49,282.56,283.1,337370,178.49712462991891,178.50967408150467,177.29865200347976,177.637487196295,337370,0,1
2016-08-15,284.29,285.73,283.17,285.25,488858,178.38417956564717,179.2877400798212,177.68141027684516,178.98655324176318,488858,0,1
2016-08-16,284.06,285.21,283.33,283.62,190983,178.23986087241101,178.96145433859166,177.78180588953114,177.9637729375245,190983,0,1
2016-08-17,284.17,284.44,282.38,283.93,215388,178.30888285613267,178.47830045254028,177.185706939208,178.15828943710366,215388,0,1
2016-08-18,284.31,286.21,283.67,285.16,236498,178.3967290172329,179.58892691787918,177.9951465664889,178.9300807096273,236498,0,1
2016-08-19,284.4,285.97,283.4,285.41,155197,178.45320154936877,179.4383334988502,177.82572897008126,179.0869488544492,155197,0,1
2016-08-22,285.17,287.45,284.64,285.87,176339,178.93635543542018,180.3669929161957,178.60379496839778,179.37558624092142,176339,0,1
2016-08-23,286.75,287.28,285.11,286.76,228210,179.92776211069443,180.2603225777168,178.89870708066292,179.9340368364873,228210,0,1
2016-08-24,285.63,286.9,283.69,284.29,193186,179.2249928218924,180.02188299758754,178.00769601807465,178.38417956564717,193186,0,1
2016-08-25,283.98,286.35,283.62,284.42,181244,178.18966306606802,179.67677307897944,177.9637729375245,178.46575100095453,181244,0,1
2016-08-26,285.2,286.82,282.04,284.72,131523,178.9551796127988,179.97168519124455,176.97236626225026,178.6539927747408,131523,0,1
2016-08-29,285.15,289.63,285.15,289.17,255849,178.9238059838344,181.73488313904247,178.9238059838344,181.44624575257023,255849,0,1
2016-08-30,289.23,289.96,285.41,287.22,251413,181.48389410732747,181.94194909020734,179.0869488544492,180.2226742229596,251413,0,1
2016-08-31,287.13,287.32,284.2,285.19,249657,180.1662016908237,180.28542148088832,178.32770703351127,178.9489048870059,249657,0,1
2016-09-01,285.44,287.85,284.1,287.41,270909,179.1057730318278,180.61798194791072,178.26495977558253,180.34189401302422,270909,0,1
2016-09-02,288.82,290.85,287.33,288.36,229687,181.22663034981957,182.50039968577326,180.2916962066812,180.93799296334734,229687,0,1
2016-09-06,288.52,290.82,287.98,290.08,259941,181.03838857603333,182.4815755083946,180.6995533832181,182.01724579972185,259941,0,1
2016-09-07,290.08,294.38,289.51,291.81,285582,182.01724579972185,184.71537789065815,181.65958642952796,183.10277336188926,285582,0,1
2016-09-08,290.15,291.33,287.54,288.49,471797,182.06116888027196,182.80158652383125,180.4234654483316,181.01956439865472,471797,0,1
2016-09-09,286.25,286.69,283.18,283.41,416812,179.6140258210507,179.8901137559372,177.687685002638,177.83200369587416,416812,0,1
2016-09-12,281.73,287.22,280.55,286.46,348028,176.77784976267114,180.2226742229596,176.03743211911186,179.74579506270103,348028,0,1
2016-09-13,284.52,285.3,280.6,281.74,264544,178.52849825888327,179.01792687072754,176.06880574807624,176.784124488464,264544,0,1
2016-09-14,281.88,285.07,280.41,281.35,216652,176.87197064956425,178.8736081774914,175.94958595801162,176.53941018254187,216652,0,1
2016-09-15,281.4,285.38,280.33,284.32,220888,176.57078381150623,179.06812467707053,175.8993881516686,178.40300374302578,220888,0,1
2016-09-16,283.23,286.17,281.04,281.97,767695,177.7190586316024,179.5638280147077,176.34489368296275,176.92844318170015,767695,0,1
2016-09-19,283.66,285.16,280.95,282.5,247722,177.98887184069605,178.9300807096273,176.28842115082685,177.2610036487225,247722,0,1
2016-09-20,283.81,283.81,278.52,279.71,286928,178.08299272758916,178.08299272758916,174.7636627831582,175.51035515251033,286928,0,1
2016-09-21,280,282.69,279,282.69,323116,175.69232220050372,177.38022343878714,175.0648496212162,177.38022343878714,323116,0,1
2016-09-22,286.3,288.69,285.64,286.85,279654,179.64539945001505,181.14505891451222,179.2312675476853,179.9905093686232,279654,0,1
2016-09-23,286.17,289.61,285.96,288.16,288741,179.5638280147077,181.72233368745674,179.4320587730573,180.81249844748984,288741,0,1
2016-09-26,287.4,291.8,287.12,290.18,458093,180.3356192872313,183.09649863609638,180.15992696503082,182.0799930576506,458093,0,1
2016-09-27,290.76,292.4,288.2,290.57,269767,182.44392715363736,183.47298218366888,180.83759735066133,182.32470736357274,269767,0,1
2016-09-28,291.02,292.57,288.35,291.34,202963,182.6070700242521,183.57965252214777,180.93171823755446,182.8078612496241,202963,0,1
2016-09-29,290.37,290.83,286.375,287.09,281040,182.19921284771524,182.48785023418748,179.69245989346163,180.1411027876522,281040,0,1
2016-09-30,289.04,290.27,286.91,289.12,263226,181.36467431726285,182.13646558978647,180.02815772338045,181.41487212360585,263226,0,1
2016-10-03,287.85,290.2,287.75,289.86,164843,180.61798194791072,182.09254250923635,180.55523468998194,181.8792018322786,164843,0,1
2016-10-04,292.24,293.185,282.41,283.13,733811,183.3725865709829,183.96554815840958,177.20453111658665,177.65631137367365,733811,0,1
2016-10-05,283.12,284.83,282.21,283.8,484961,177.65003664788077,178.7230147584624,177.07903660072913,178.07671800179628,484961,0,1
2016-10-06,283.8,286,282.33,285.5,381751,178.07671800179628,179.4571576762288,177.15433331024363,179.14342138658503,381751,0,1
2016-10-07,284.36,284.36,279.2801,280.9,1006949,178.4281026461973,178.4281026461973,175.24060469067464,176.25704752186246,1006949,0,1
2016-10-10,281.8,284.44,280.46,283.26,428262,176.82177284322125,178.47830045254028,175.98095958697596,177.737882808981,428262,0,1
2016-10-11,281.61,282.79,275.8701,276.7,355253,176.70255305315663,177.4429706967159,173.1009231953042,173.6216626888549,355253,0,1
2016-10-12,276.39,278.06,275,277.43,378447,173.4271461892758,174.47502539668594,172.55495930406616,174.0797176717348,378447,0,1
2016-10-13,275.68,279.48,275.14,278.67,453698,172.98164065798167,175.36603645927423,172.6428054651664,174.85778367005133,453698,0,1
2016-10-14,280.39,280.69,277.5,277.52,183949,175.93703650642584,176.12527828021211,174.12364075228493,174.13619020387068,183949,0,1
2016-10-17,279.26,280.5,278.03,280.03,385600,175.22799249183095,176.00605849014747,174.4562012193073,175.71114637788233,385600,0,1
2016-10-18,282.96,282.97,280.78,282.08,291901,177.54964103519475,177.55591576098766,176.18175081234796,176.99746516542174,291901,0,1
2016-10-19,281.51,282.96,280.23,281.66,441076,176.63980579522786,177.54964103519475,175.83664089373985,176.733926682121,441076,0,1
2016-10-20,256.56,260.31,256.13,260.19,666691,175.83360879691085,178.40367440724924,175.53890794025872,178.32143230771842,666691,24,1
2016-10-21,258.4,263.26,257.89,262.86,406145,177.0946543230502,180.42545935404877,176.7451254000442,180.15131902227935,406145,0,1
2016-10-24,265.01,267.21,264.29,266.95,451210,181.62482330554002,183.13259513027185,181.13137070835506,182.95440391462174,451210,0,1
2016-10-25,266.86,269.13,265.82,268.12,535077,182.89272233997363,184.4484687227651,182.1799574773731,183.75626438504733,535077,0,1
2016-10-26,267.71,271.27,267.57,271.08,406481,183.47527054498363,185.91511949773155,183.37932142886436,185.78490284014106,406481,0,1
2016-10-27,271.83,273.04,269.04,269.62,439168,186.29891596220875,187.1281904658113,184.386787148117,184.78429062918266,439168,0,1
2016-10-28,270.11,273.22,269.395,271.66,380706,185.12011253560024,187.25155361510753,184.63008669256234,186.18240632120677,380706,0,1
2016-10-31,272.9,273.99,270.94,272.46,341133,187.03224134969196,187.77927375376368,185.6889537240218,186.7306869847456,341133,0,1
2016-11-01,273.41,274.44,268.59,270.16,377855,187.38177027269802,188.08768162700426,184.07837927487637,185.1543800770714,377855,0,1
2016-11-02,270.12,271.5,265.755,265.82,456555,185.12696604389447,186.072750188499,182.13540967346057,182.1799574773731,456555,0,1
2016-11-03,266.63,267.1,264.43,266.47,309843,182.7350916492062,183.0572065390353,181.22731982447436,182.62543551649844,309843,0,1
2016-11-04,266.59,271.36,266.59,267.45,336571,182.70767761602923,185.9768010723797,182.70767761602923,183.2970793293335,336571,0,1
2016-11-07,271.57,271.57,266.01,270.45,544406,186.12072474655864,186.12072474655864,182.31017413496357,185.35313181760424,544406,0,1
2016-11-08,270.48,274.29,270.09,272.75,253064,185.37369234248695,187.98487900259076,185.10640551901173,186.92943872527843,253064,0,1
2016-11-09,270.55,273.3,269.8,272,1415801,185.4216669005466,187.3063816814614,184.90765377847893,186.41542560321076,1415801,0,1
2016-11-10,274.15,277.33,266.35,269.42,985062,187.88892988647143,190.06834552403836,182.54319341696763,184.64722046329797,985062,0,1
2016-11-11,268.28,272.95,266.98,272.29,763242,183.86592051775506,187.06650889116315,182.97496443950445,186.61417734374362,763242,0,1
2016-11-14,273.43,273.995,251.95,252.94,2229403,187.39547728928648,187.7827005079108,172.6741414732682,173.35263879439754,2229403,0,1
2016-11-15,251.89,262.47,251.89,258.92,1327881,172.63302042350278,179.88403219880416,172.63302042350278,177.4510367543505,1327881,0,1
2016-11-16,257.78,259.36,253.54,255.79,701121,176.66973680880758,177.75259111929685,173.76384929205167,175.3058886582547,701121,0,1
2016-11-17,255.86,259.155,255.86,258.82,473762,175.35386321631438,177.61209419926502,175.35386321631438,177.3825016714081,473762,0,1
2016-11-18,257.49,257.49,249.28,250.03,840589,176.47098506827479,176.47098506827479,170.84425475870728,171.35826788077495,840589,0,1
2016-11-21,250.67,252.2733,250.58,251.38,669824,171.79689241160602,172.89571539642085,171.73521083695792,172.28349150049678,669824,0,1
2016-11-22,251.52,252.76,251.07,252.5,697697,172.37944061661608,173.2292756451013,172.07103274337547,173.05108442945118,697697,0,1
2016-11-23,252.87,260.12,252.87,259.03,609484,173.30466423633789,178.27345774965877,173.30466423633789,177.52642534558706,609484,0,1
2016-11-25,260.47,261.06,257.73,260.03,227199,178.51333053995702,178.9176875293169,176.63546926733645,178.2117761750106,227199,0,1
2016-11-28,259.28,260.99,257.665,258.48,507246,177.69776305294295,178.8697129712573,176.5909214634239,177.1494823894041,507246,0,1
2016-11-29,259.25,261.83,257.98,258.67,520516,177.67720252806026,179.44540766797306,176.80680697469234,177.2796990469946,520516,0,1
2016-11-30,258.8,260.12,250.05,251.43,853692,177.36879465481965,178.27345774965877,171.37197489736343,172.31775904196795,853692,0,1
2016-12-01,251.12,251.3,244.72,244.98,1239023,172.10530028484663,172.2286634341429,167.7190549765358,167.89724619218592,1239023,0,1
2016-12-02,244.34,246.41,235.14,245.27,1154533,167.45862166135484,168.87729787826163,161.153394030658,168.09599793271877,1154533,0,1
2016-12-05,247.58,250.9,245.97,247.4,675845,169.67915834868722,171.95452310237346,168.57574351331527,169.55579519939099,675845,0,1
2016-12-06,247.29,250.84,246.42,250.81,414963,169.48040660815437,171.91340205260803,168.88415138655586,171.89284152772535,414963,0,1
2016-12-07,252.31,257.2199,249.81,256.09,818945,172.92086777186069,176.28587180924748,171.20749069830177,175.51149390708176,818945,0,1
2016-12-08,257.26,257.49,249.31,249.73,751169,176.31335437750735,176.47098506827479,170.86481528359,171.15266263194786,751169,0,1
2016-12-09,249.09,250.56,247.81,249.46,637830,170.7140381011168,171.72150382036943,169.83678903945463,170.96761790800352,637830,0,1
2016-12-12,248.53,248.81,244.36,246.99,772973,170.3302416366396,170.5221398688782,167.47232867794332,169.2748013593273,772973,0,1
2016-12-13,248.48,250.62,245.75,250.08,548195,170.29597409516842,171.76262487013486,168.42496633084207,171.39253542224614,548195,0,1
2016-12-14,250.18,253.73,250.0501,250.79,648383,171.4610705051885,173.89406594964214,171.37204343244636,171.87913451113687,648383,0,1
2016-12-15,250.95,256.56,250.19,253.98,623423,171.98879064384462,175.83360879691085,171.46792401348273,174.06540365699806,623423,0,1
2016-12-16,253.95,254.84,250.44,251.48,871170,174.04484313211535,174.6548053703023,171.63926172083862,172.3520265834391,871170,0,1
2016-12-19,250.8,253.02,250.315,251.09,492426,171.8859880194311,173.40746686075144,171.55359286716066,172.08473975996395,492426,0,1
2016-12-20,251.23,252.352,249.36,249.75,607968,172.18068887608322,172.94965250669648,170.89908282506119,171.16636964853635,607968,0,1
2016-12-21,250.41,251.15,247.58,248.96,493003,171.6187011959559,172.12586080972935,169.67915834868722,170.62494249329174,493003,0,1
2016-12-22,249.25,250.54,248.44,248.95,312848,170.82369423382457,171.70779680378098,170.26856006199148,170.61808898499748,312848,0,1
2016-12-23,249.62,250.44,248.25,250.1,210695,171.0772740407113,171.63926172083862,170.138343404401,171.4062424388346,210695,0,1
2016-12-27,251.21,251.47,249.58,250.9,214901,172.16698185949477,172.34517307514488,171.04986000753436,171.95452310237346,214901,0,1
2016-12-28,250.5,250.74,248.19,249.5,188979,171.68038277060404,171.8448669696657,170.0972223546356,170.99503194118046,188979,0,1
2016-12-29,249.71,251.48,249.11,249.82,186973,171.1389556153594,172.3520265834391,170.72774511770527,171.214344206596,186973,0,1
2016-12-30,250.35,250.35,247.5,248.96,253374,171.57758014619048,171.57758014619048,169.62433028233332,170.62494249329174,253374,0,1
2017-01-03,251.35,254.0699,248.66,250.54,750329,172.26293097561407,174.12701669656323,170.41933724446466,171.70779680378098,750329,0,1
2017-01-04,251.61,252.19,248.94,252.05,579424,172.4411221912642,172.83862567232987,170.61123547670326,172.74267655621057,579424,0,1
2017-01-05,252.22,252.69,249.79,251.73,676570,172.85918619721258,173.18130108704165,171.19378368171328,172.523364290795,676570,0,1
2017-01-06,251.99,257.38,251.11,256.11,427771,172.70155550644515,176.3955964770382,172.0984467765524,175.52520092367027,427771,0,1
2017-01-09,256.01,256.38,253.01,255.33,461718,175.45666584072788,175.7102456476146,173.40061335245719,174.9906272767199,461718,0,1
2017-01-10,255.42,256.155,253.27,253.27,458497,175.05230885136797,175.5560417109943,173.57880456810733,173.57880456810733,458497,0,1
2017-01-11,253.27,255.445,251.87,252.38,421724,173.57880456810733,175.06944262210357,172.61931340691433,172.96884232992034,421724,0,1
2017-01-12,252.53,255.27,250.23,253.61,469889,173.0716449543339,174.94950622695447,171.49533804665967,173.81182385011135,469889,0,1
2017-01-13,253.6,253.61,249.79,252.24,623906,173.8049703418171,173.81182385011135,171.19378368171328,172.87289321380104,623906,0,1
2017-01-17,251.49,251.72,247.32,249.7,774722,172.35888009173337,172.51651078250077,169.50096713303708,171.13210210706518,774722,0,1
2017-01-18,250.24,253.44,250.09,250.89,623075,171.5021915549539,173.6953142091093,171.39938893054037,171.9476695940792,623075,0,1
2017-01-19,250,252.55,248.18,251.76,506225,171.33770735589223,173.08535197092235,170.09036884634136,172.5439248156777,506225,0,1
2017-01-20,250,250.85,218.6,226.9,8692214,171.33770735589223,171.92025556090226,149.81769131199218,155.50610319620782,8692214,0,1
2017-01-23,230,230.36,217.35,223.8,3504962,157.63069076742087,157.87741706601335,148.9610027752127,153.38151562499473,3504962,0,1
2017-01-24,224.68,227.46,223.79,225.21,3051932,153.98462435488747,155.88989966068502,153.3746621167005,154.347860294482,3051932,0,1
2017-01-25,225.87,227,221.45,221.67,1256804,154.80019184190152,155.57463827915015,151.77094117584934,151.92171835832252,1256804,0,1
2017-01-26,222.15,223,218.94,219.9,1566307,152.25068675644584,152.83323496145587,150.0507105939962,150.70864739024282,1566307,0,1
2017-01-27,221.75,222.42,218.28,219,1287101,151.97654642467643,152.43573148039022,149.59837904657664,150.0918316437616,1287101,0,1
2017-01-30,219,219.25,214.65,216.61,1187312,150.0918316437616,150.2631693511175,147.1105555357691,148.4538431614393,1187312,0,1
2017-01-31,216.97,219.53,215.01,216.4,1673610,148.70056946003177,150.4550675833561,147.35728183436157,148.30991948726034,1673610,0,1
2017-02-01,217.13,220.04,216.31,219.68,2135363,148.81022559273953,150.80459650636212,148.2482379126122,150.55787020776964,2135363,0,1
2017-02-02,219.41,221.865,217.01,221.77,1631893,150.37282548382527,152.05536177006013,148.7279834932087,151.9902534412649,1631893,0,1
2017-02-03,222,226.28,222,225.16,966856,152.14788413203232,155.0811856819652,152.14788413203232,154.3135927530108,966856,0,1
2017-02-06,225.94,231.65,224.1,230.94,2076575,154.84816639996117,158.76151963596976,153.58712087382182,158.27492054707903,2076575,0,1
2017-02-07,238.98,246.16,238.2,245.88,3035139,163.7851412156445,168.70596017090574,163.25056756869412,168.51406193866714,3035139,0,1
2017-02-08,246.31,248.79,244.29,247.43,1505061,168.80876279531927,170.50843285228973,167.42435411988367,169.57635572427367,1505061,0,1
2017-02-09,248.38,253.47,247.47,251.61,968359,170.22743901222606,173.71587473399202,169.6037697574506,172.4411221912642,968359,0,1
2017-02-10,251.48,254.16,250.4,253.12,971193,172.3520265834391,174.1887668062943,171.61184768766168,173.47600194369377,971193,0,1
2017-02-13,253.73,254.7875,251.18,252.21,1140357,173.89406594964214,174.61882445175758,172.14642133461206,172.85233268891835,1140357,0,1
2017-02-14,251.05,252.72,249.3,250.2,1201849,172.057325726787,173.20186161192436,170.85796177529576,171.47477752177696,1201849,0,1
2017-02-15,249.64,251.805,249.56,251.01,779676,171.09098105729976,172.5747656030018,171.03615299094588,172.02991169361005,779676,0,1
2017-02-16,250.74,252.53,249.59,252.45,586927,171.8448669696657,173.0716449543339,171.0567135158286,173.01681688797999,586927,0,1
2017-02-17,251.57,251.57,249.07,249.74,907430,172.41370815808725,172.41370815808725,170.70033108452833,171.15951614024212,907430,0,1
2017-02-21,249.31,254.74,248.95,254.6,894650,170.86481528359,174.58627028735998,170.61808898499748,174.49032117124065,894650,0,1
2017-02-22,255.14,257.07,253.54,255.46,656920,174.86041061912937,176.18313771991689,173.76384929205167,175.07972288454494,656920,0,1
2017-02-23,255.47,256.43,252.18,254.62,757216,175.08657639283916,175.7445131890858,172.83177216403564,174.50402818782914,757216,0,1
2017-02-24,253.22,254.12,250.28,250.99,729878,173.54453702663614,174.16135277311736,171.52960558813083,172.0162046770216,729878,0,1
2017-02-27,250.37,255.07,248.63,253.29,909249,171.59128716277897,174.81243606106975,170.39877671958195,173.59251158469579,909249,0,1
2017-02-28,253.05,255.57,251.19,254.2,699563,173.42802738563415,175.15511147578152,172.15327484290628,174.21618083947124,699563,0,1
2017-03-01,254.36,259.57,253.561,253.67,924229,174.32583697217902,177.8965147934758,173.7782416594696,173.85294489987675,924229,0,1
2017-03-02,253.47,253.71,248.0199,248.61,593713,173.71587473399202,173.88035893305369,169.98064417855065,170.3850697029935,593713,0,1
2017-03-03,247.69,249.98,246.36,248.85,559476,169.7545469399238,171.32400033930378,168.84303033679046,170.54955390205515,559476,0,1
2017-03-06,247.62,248.44,245.13,247.19,597316,169.70657238186416,170.26856006199148,168.00004881659947,169.411871525212,597316,0,1
2017-03-07,247.61,248.34,233.75,242.56,2456321,169.69971887356994,170.20002497904912,160.20075637775926,166.2386971849809,2456321,0,1
2017-03-08,241.41,243.855,239.51,240.93,962369,165.4505437311438,167.1262265090844,164.148377155239,165.12157533302047,962369,0,1
2017-03-09,240.81,242.43,235.06,241.63,3042735,165.03933323348966,166.14960157715583,161.09856596430413,165.60132091361697,3042735,0,1
2017-03-10,239.53,240.829,229.77,231.37,3391310,164.16208417182747,165.0523548992487,157.47306007665344,158.56962140373116,3391310,0,1
2017-03-13,230.89,234.86,229.22,234.75,1841057,158.24065300560784,160.96149579841943,157.0961171204705,160.88610720718282,1841057,0,1
2017-03-14,235.73,235.73,230.2,231.72,1878971,161.55775102001792,161.55775102001792,157.76776093330557,158.8094941940294,1878971,0,1
2017-03-15,231.78,232.92,228.53,231.76,951651,158.85061524379483,159.6319151893377,156.62322504816822,158.83690822720635,951651,0,1
2017-03-16,238.86,241.05,235.45,237.16,1478286,163.70289911611368,165.20381743255132,161.36585278777932,162.53780270609363,1478286,0,1
2017-03-17,237.25,243.1,234.45,240.05,1494900,162.59948428074173,166.60878663286962,160.68050195835573,164.51846660312773,1494900,0,1
2017-03-20,240.5,241.01,237.79,237.94,868830,164.82687447636835,165.17640339937435,162.96957372863045,163.072376353044,868830,0,1
2017-03-21,238.97,239.45,214.99,224.79,4355484,163.77828770735027,164.1072561054736,147.3435748177731,154.06001294612406,4355484,0,1
2017-03-22,220.4,221.295,213.87,214.85,2528392,151.0513228049546,151.6647117972887,146.5759818888187,147.2476257016538,2528392,0,1
2017-03-23,214.85,216.88,211.33,211.53,2156658,147.2476257016538,148.63888788538364,144.83519078208283,144.97226094796756,2156658,0,1
2017-03-24,211.21,213.185,203.72,210.04,1976919,144.75294868255202,146.10651657066356,139.61967097016947,143.95108821212642,1976919,0,1
2017-03-27,207.44,214.68,207.44,214.54,1488699,142.16917605562514,147.1311160606518,142.16917605562514,147.03516694453248,1488699,0,1
2017-03-28,213.81,217.84,211.025,217.56,1365190,146.5348608390533,149.29682468163028,144.62615877910864,149.10492644939168,1365190,0,1
2017-03-29,216.51,219.18,214.93,218.93,1122443,148.3853080784969,150.21519479305786,147.3024537680077,150.04385708570197,1122443,0,1
2017-03-30,218.94,223.11,218.75,220.03,1199887,150.0507105939962,152.9086235526925,149.9204939364057,150.7977429980679,1199887,0,1
2017-03-31,220.81,221.47,219.34,220.16,927291,151.33231664501827,151.78464819243783,150.32485092576562,150.88683860589293,927291,0,1
2017-04-03,219.2,221.28,217.41,218.76,762706,150.22890180964632,151.65443153484733,149.00212382497813,149.92734744469993,762706,0,1
2017-04-04,219,224.715,219,223.42,911416,150.0918316437616,154.0086116339173,150.0918316437616,153.12108230981377,911416,0,1
2017-04-05,223.42,226.7699,223.42,224.44,1121714,153.12108230981377,155.4169390532998,153.12108230981377,153.8201401558258,1121714,0,1
2017-04-06,224.76,227.8999,224.38,226.46,832135,154.03945242124135,156.19138549054844,153.77901910606042,155.20454883126143,832135,0,1
2017-04-07,228,229.39,224.29,228.71,1156615,156.25998910857373,157.21262676147248,153.71733753141228,156.74658819746446,1156615,0,1
2017-04-10,228.13,233.81,228.13,233,830353,156.34908471639878,160.24187742752466,156.34908471639878,159.68674325569157,830353,0,1
2017-04-11,232.21,236.94,230.915,236.48,760596,159.14531610044696,162.38702552362042,158.25778677634344,162.07176414208558,760596,0,1
2017-04-12,237.05,237.12,233.78,235.65,1125797,162.46241411485704,162.5103886729167,160.22131690264195,161.50292295366404,1125797,0,1
2017-04-13,234.09,236.5699,233.01,233.76,769395,160.43377565976326,162.13337718165076,159.6935967639858,160.2076098860535,769395,0,1
2017-04-17,234.56,239.4073,234.12,239.23,574735,160.75589054959235,164.0779916250572,160.45433618464597,163.9564789230004,574735,0,1
2017-04-18,238.97,240.54,229.59,236.46,1866840,163.77828770735027,164.85428850954528,157.3496969273572,162.05805712549713,1866840,0,1
2017-04-19,236.45,238.67,235.92,237.41,487556,162.05120361720287,163.5726824585232,161.68796767760838,162.70914041344952,487556,0,1
2017-04-20,238.02,240.19,236.69,239.95,485900,163.12720441939788,164.61441571924703,162.21568781626453,164.44993152018537,485900,0,1
2017-04-21,240.47,241.95,239.7,240.21,553784,164.80631395148563,165.8206331790325,164.27859381282948,164.62812273583552,553784,0,1
2017-04-24,243.28,249.19,241.36,248.33,846655,166.73214978216586,170.78257318405915,165.41627618967263,170.1931714707549,846655,0,1
2017-04-25,248.41,249.91,245.99,248.17,412240,170.24799953710877,171.27602578124413,168.58945052990373,170.0835153380471,412240,0,1
2017-04-26,248.18,251.52,247.355,250.73,730253,170.09036884634136,172.37944061661608,169.5249544120669,171.83801346137145,730253,0,1
2017-04-27,250.78,252.12,249.0106,250.89,396332,171.87228100284264,172.79065111427022,170.65962124526058,171.9476695940792,396332,0,1
2017-04-28,250.74,250.74,246.6,246.73,999292,171.8448669696657,171.8448669696657,169.0075145358521,169.09661014367717,999292,0,1
2017-05-01,247.44,250.71,246.05,249.88,490138,169.5832092325679,171.824306444783,168.63057157966915,171.25546525636142,490138,0,1
2017-05-02,249.9,251.02,248.76,250.84,643293,171.2691722729499,172.0367652019043,170.48787232740702,171.91340205260803,643293,0,1
2017-05-03,250.33,250.33,245.8,247.62,1033824,171.56387312960203,171.56387312960203,168.45923387231326,169.70657238186416,1033824,0,1
2017-05-04,247.32,250.18,247.32,250.04,608347,169.50096713303708,171.4610705051885,169.50096713303708,171.36512138906917,608347,0,1
2017-05-05,250,255.53,249.64,254.98,664033,171.33770735589223,175.12769744260459,171.09098105729976,174.7507544864216,664033,0,1
2017-05-08,254.47,255.5499,250.74,255.03,1042423,174.4012255634156,175.1413359241101,171.8448669696657,174.7850220278928,1042423,0,1
2017-05-09,245.48,247.5,238.32,242.42,1720777,168.2399216068977,169.62433028233332,163.33280966822497,166.14274806886158,1720777,0,1
2017-05-10,242.43,245.41,239.73,244.94,873679,166.14960157715583,168.19194704883807,164.2991543377122,167.86983215900898,873679,0,1
2017-05-11,245.55,245.55,241.2,243.15,628036,168.28789616495737,168.28789616495737,165.30662005696485,166.6430541743408,628036,0,1
2017-05-12,242.84,243.635,240.24,243.3,776109,166.4305954172195,166.97544932661123,164.64868326071823,166.74585679875435,776109,0,1
2017-05-15,242.92,248.58,242.92,248.44,684977,166.48542348357336,170.36450917811078,166.48542348357336,170.26856006199148,684977,0,1
2017-05-16,248.79,250.61,247.15,248.96,856726,170.50843285228973,171.75577136184063,169.38445749203507,170.62494249329174,856726,0,1
2017-05-17,246.47,247.08,242.02,242.81,764546,168.91841892802705,169.33648293397545,165.86860773709216,166.4100348923368,764546,0,1
2017-05-18,241.86,248.24,237.54,247.8,1350208,165.7589516043844,170.13148989610679,162.79823602127456,169.8299355311604,1350208,0,1
2017-05-19,249.46,258.93,247.87,255.56,2130392,170.96761790800352,177.45789026264472,169.87791008922005,175.1482579674873,2130392,0,1
2017-05-22,257.03,258.04,251.79,257.4,1749254,176.15572368673992,176.84792802445776,172.56448534056042,176.40930349362665,1749254,0,1
2017-05-23,258.61,263.86,256.97,263.28,1019014,177.23857799722919,180.83666985170294,176.11460263697455,180.43916637063722,1019014,0,1
2017-05-24,263.28,265.9,262.22,265.44,849332,180.43916637063722,182.23478554372699,179.71269449144827,181.91952416219215,849332,0,1
2017-05-25,266.33,268.34,264.49,267.03,458732,182.5294864003791,183.90704156752048,181.26844087423976,183.0092319809756,458732,0,1
2017-05-26,267.06,267.83,262.74,264.41,423776,183.02979250585832,183.55751264451447,180.0690769227485,181.21361280788588,423776,0,1
2017-05-30,264.08,266.6,263.03,266.39,592486,180.98744703417609,182.7145311243235,180.26782866328134,182.57060745014454,592486,0,1
2017-05-31,267.23,268.26,264.13,268.08,657592,183.14630214686036,183.8522135011666,181.02171457564728,183.72885035187036,657592,0,1
2017-06-01,267.71,271.66,267.32,269.14,692866,183.47527054498363,186.18240632120677,183.20798372150847,184.45532223105934,692866,0,1
2017-06-02,269.53,272.08,268.26,271.67,546265,184.72260905453453,186.47025366956464,183.8522135011666,186.189259829501,546265,0,1
2017-06-05,271.91,272.17,269.61,270.59,320387,186.35374402856266,186.53193524421278,184.77743712088844,185.4490809337235,320387,0,1
2017-06-06,269.64,272.2999,268.55,270.17,418939,184.79799764577112,186.6209623169549,184.05096524169946,185.16123358536564,418939,0,1
2017-06-07,270.09,271.86,267.7701,270.04,353014,185.10640551901173,186.31947648709146,183.516460129832,185.0721379775406,353014,0,1
2017-06-08,270.23,273.71,268.72,273.25,418766,185.20235463513106,187.58737552152505,184.16747488270147,187.27211413999024,418766,0,1
2017-06-09,274.26,274.99,267.24,269.93,486554,187.96431847770802,188.46462458318723,183.1531556551546,184.99674938630397,486554,0,1
2017-06-12,269.12,270.39,250.18,262.78,1422751,184.4416152144709,185.3120107678388,171.4610705051885,180.09649095592545,1422751,0,1
2017-06-13,262.2,269.915,262.05,269.29,536130,179.6989874748598,184.98646912386263,179.59618485044626,184.5581248554729,536130,0,1
2017-06-14,270,273.69,268.94,270.59,463481,185.04472394436362,187.5736685049366,184.31825206517465,185.4490809337235,463481,0,1
2017-06-15,268.16,272.45,267.44,271.32,445016,183.78367841822427,186.72383347645138,183.2902258210393,185.94938703920272,445016,0,1
2017-06-16,270.89,272.29,269.69,270.26,592493,185.6546861825506,186.61417734374362,184.8322651872423,185.22291516001374,592493,0,1
2017-06-19,271.42,272.97,269.735,271.12,439659,186.0179221221451,187.08021590775164,184.8631059745664,185.81231687331803,439659,0,1
2017-06-20,269.41,270.665,265.86,266,631346,184.64036695500374,185.5004822459303,182.20737151055005,182.30332062666935,631346,0,1
2017-06-21,267.18,270.89,265.66,267.95,440677,183.11203460538917,185.6546861825506,182.07030134466535,183.6397547440453,440677,0,1
2017-06-22,267.98,269.789,266.955,267.5,370548,183.66031526892803,184.90011491935525,182.95783066876885,183.3313468708047,370548,0,1
2017-06-23,267.61,270.34,266.24,268.12,585892,183.4067354620413,185.27774322636762,182.467804825731,183.75626438504733,585892,0,1
2017-06-26,268.5,273.24,268.04,268.25,623306,184.01669770022826,187.265260631696,183.70143631869345,183.84535999287237,623306,0,1
2017-06-27,267.63,269.785,261.49,265.38,795413,183.42044247862975,184.8973735160376,179.21238838596906,181.87840311242672,795413,0,1
2017-06-28,267.6,268.4,265.67,267.48,624142,183.39988195374707,183.9481626172859,182.07715485295958,183.31763985421625,624142,0,1
2017-06-29,267.14,268.399,263.6,265.01,688778,183.0846205722122,183.9474772664565,180.6584786360528,181.62482330554002,688778,0,1
2017-06-30,266.36,269.94,265.24,268.87,510160,182.55004692526185,185.0036028945982,181.78245399630745,184.270277507115,510160,0,1
2017-07-03,268.91,270.98,265.07,265.09,272652,184.29769154029196,185.71636775719873,181.6659443553054,181.6796513718939,272652,0,1
2017-07-05,265.26,269.93,265.26,268.31,322099,181.7961610128959,184.99674938630397,181.7961610128959,183.8864810426378,322099,0,1
2017-07-06,267.15,268.44,263.05,263.6,467104,183.09147408050643,183.97557665046287,180.28153567986982,180.6584786360528,467104,0,1
2017-07-07,263.72,267.85,263.72,266.66,455360,180.74072073558364,183.57121966110296,180.74072073558364,182.75565217408894,455360,0,1
2017-07-10,267.55,272.48,266.96,270.61,535138,183.3656144122759,186.7443940013341,182.96125742291596,185.46278795031202,535138,0,1
2017-07-11,270.61,271.96,268.81,270.63,286672,185.46278795031202,186.3880115700338,184.22915645734957,185.47649496690047,286672,0,1
2017-07-12,272.94,276.05,271.33,274.6,365288,187.05965538286893,189.19109646237624,185.95624054749698,188.19733775971207,365288,0,1
2017-07-13,273.93,275.39,272.085,275.29,286411,187.73815270399825,188.73876491495665,186.47368042371176,188.67022983201431,286411,0,1
2017-07-14,276.06,284.12,276.06,282.14,732189,189.19794997067046,194.72187765582441,189.19794997067046,193.36488301356573,732189,0,1
2017-07-17,282.14,283.29,280.795,282.2,563326,193.36488301356573,194.15303646740287,192.44308614799107,193.40600406333115,563326,0,1
2017-07-18,282.75,282.75,279.28,280.55,217330,193.78294701951413,193.78294701951413,191.40477964141434,192.2751751947823,217330,0,1
2017-07-19,282.73,287.34,281.25,286.44,375989,193.76924000292567,196.9287073265683,192.75492077537876,196.3118915800871,375989,0,1
2017-07-20,285.55,286.25,283.17,283.86,339413,195.70192934190013,196.18167492249663,194.07079436787205,194.5436864401743,339413,0,1
2017-07-21,283.43,286.51,283.43,286.5,284337,194.24898558352217,196.35986613814674,194.24898558352217,196.35301262985251,284337,0,1
2017-07-24,286.23,287.45,284.64,287.02,272557,196.16796790590817,197.0040959178049,195.07826008712468,196.70939506115275,272557,0,1
2017-07-25,287.76,289.22,285.07,287.6,319874,197.21655467492621,198.21716688588464,195.3729609437768,197.10689854221846,319874,0,1
2017-07-26,288.55,289.65,285.1,286.05,314700,197.75798183017085,198.51186774253674,195.39352146865954,196.0446047566119,314700,0,1
2017-07-27,286.86,288.2,281.31,282.49,544765,196.59973892844502,197.51810903987257,192.7960418251442,193.604755803864,544765,0,1
2017-07-28,282.14,283.88,281,282.66,572631,193.36488301356573,194.55739345676275,192.58358306802288,193.72126544486602,572631,0,1
2017-07-31,283,284.75,280.61,282.14,413896,193.95428472687001,195.15364867836126,192.31629624454771,193.36488301356573,413896,0,1
2017-08-01,283.33,284.16,281.71,283.08,364767,194.18045050057978,194.74929168900138,193.0701821569136,194.0091127932239,364767,0,1
2017-08-02,282.42,283.94,280.43,282.45,389264,193.55678124580436,194.59851450652818,192.19293309525145,193.57734177068704,389264,0,1
2017-08-03,279.59,283.345,276.09,280.13,662138,191.61723839853565,194.19073076302118,189.21851049555315,191.98732784642436,662138,0,1
2017-08-04,281.3,281.3,278.75,280.6,451239,192.78918831684996,192.78918831684996,191.04154370181985,192.3094427362535,451239,0,1
2017-08-07,281.16,285.63,281.05,284.39,468492,192.6932392007307,195.756757408254,192.61785060949407,194.9069223797688,468492,0,1
2017-08-08,285,295,283.5011,285.7,788620,195.32498638571715,202.17849467995285,194.29771402749418,195.80473196631365,788620,0,1
2017-08-09,285.02,286.26,276.46,277.72,519116,195.3386934023056,196.18852843079085,189.47209030243988,190.3356323475136,519116,0,1
2017-08-10,277,279.82,272.85,273.38,310305,189.8421797503286,191.77486908930308,186.99797380822082,187.36120974781528,310305,0,1
2017-08-11,273.21,275.71,272.18,274.36,193164,187.24470010681327,188.9580771803722,186.538788752507,188.0328535606504,193164,0,1
2017-08-14,277.26,279.87,275.54,278.73,271119,190.02037096597874,191.80913663077425,188.8415675393702,191.0278366852314,271119,0,1
2017-08-15,278.42,279.18,275.37,278.92,212879,190.81537792811008,191.336244558472,188.7250578983682,191.15805334282186,212879,0,1
2017-08-16,279.24,281.295,278.99,280.36,216340,191.3773656082374,192.78576156270285,191.2060279008815,192.1449585371918,216340,0,1
2017-08-17,279.24,281,274.49,274.69,284946,191.3773656082374,192.58358306802288,188.12194916847545,188.25901933436018,284946,0,1
2017-08-18,273.41,275.8,272.76,273.11,240493,187.38177027269802,189.01975875502035,186.93629223357266,187.17616502387094,240493,0,1
2017-08-21,273.06,273.58,270.54,271.43,241113,187.14189748239974,187.4982799137,185.41481339225237,186.02477563043934,241113,0,1
2017-08-22,272.35,275.4,270.98,275.34,328285,186.65529839350904,188.74561842325087,185.71636775719873,188.70449737348548,328285,0,1
2017-08-23,274.3,275.19,271.66,271.82,245149,187.991732510885,188.60169474907195,186.18240632120677,186.29206245391453,245149,0,1
2017-08-24,275.01,277.505,270.83,271.43,425971,188.47833159977571,190.18828191918752,185.61356513278517,186.02477563043934,425971,0,1
2017-08-25,272.78,273.81,270.51,270.65,341027,186.94999925016114,187.65591060446744,185.39425286736963,185.49020198348893,341027,0,1
2017-08-28,271.12,272.83,270.95,271.08,324180,185.81231687331803,186.9842667916323,185.695807232316,185.78490284014106,324180,0,1
2017-08-29,269.38,275.7,267.37,274.75,389680,184.619806430121,188.95122367207796,183.24225126297964,188.30014038412557,389680,0,1
2017-08-30,274.81,277.035,272.96,276.51,275970,188.341261433891,189.86616702935845,187.07336239945738,189.50635784391105,275970,0,1
2017-08-31,255.12,262.9356,254.93,260.66,555660,189.60396393882536,195.41248048225702,189.46275684746297,193.72126544486605,555660,22,1
2017-09-01,261.25,262.45,256.79,256.86,395688,194.15975062330716,195.05158488454342,190.84509995237914,190.89712361761792,395688,0,1
2017-09-05,256.44,256.52,253.54,254.1,422436,190.58498162618523,190.64443724360098,188.4297154948643,188.84590481677455,422436,0,1
2017-09-06,254.49,254.49,249.57,250.43,408421,189.13575095167633,189.13575095167633,185.47923048060773,186.11837836782706,408421,0,1
2017-09-07,251.91,253.9,249.73,253.75,381657,187.2183072900184,188.6972657732352,185.59814171543923,188.58578649058066,381657,0,1
2017-09-08,253.22,254.61,252.27,254.02,469810,188.1918930252013,189.22493437779997,187.4858575683893,188.78644919935883,469810,0,1
2017-09-11,255.51,258.7,254.61,255,329721,189.89381007372714,192.26460281818015,189.22493437779997,189.51478051270175,329721,0,1
2017-09-12,255.35,256.35,252.32,254.18,292620,189.77489883889564,190.51809405659253,187.52301732927413,188.9053604341903,292620,0,1
2017-09-13,254,255.13,251.54,252.4,243823,188.77158529500488,189.61139589100233,186.94332505947057,187.58247294668988,243823,0,1
2017-09-14,252.01,255.84,252.01,254.72,709428,187.2926268117881,190.1390644955671,187.2926268117881,189.3066858517466,709428,0,1
2017-09-15,255,256.21,252.71,256.15,590845,189.51478051270175,190.41404672611495,187.8128634641759,190.3694550130531,590845,0,1
2017-09-18,256.89,265.0413,256.855,264.64,1159677,190.9194194741488,196.97742665216128,190.89340764152945,196.67918241129956,1159677,0,1
2017-09-19,263.94,267.41,258.75,265.2,1224830,196.15894575891176,198.7378331643199,192.301762579065,197.0953717332098,1224830,0,1
2017-09-20,257.5,262.83,255.14,259.25,1753235,191.37276855694392,195.33399906726822,189.6188278431793,192.67336018791343,1753235,0,1
2017-09-21,258.47,265.1999,256.51,264.27,807500,192.0936679181099,197.09529741368806,190.637005291424,196.4042001807517,807500,0,1
2017-09-22,263.98,264.66,259.65,260.4,274581,196.18867356761965,196.6940463156535,192.97063827499215,193.52803468826482,274581,0,1
2017-09-25,260.28,260.395,255.21,258.22,335478,193.43885126214118,193.52431871217632,189.67085150841808,191.90786911368568,335478,0,1
2017-09-26,258.43,259.54,255.78,256.55,323764,192.063940109402,192.88888680104554,190.0944727825053,190.6667331001319,323764,0,1
2017-09-27,256.49,257.59,254.13,254.47,335133,190.6221413870701,191.43965612653662,188.86820067330547,189.12088704732238,335133,0,1
2017-09-28,253.44,255.34,252.79,253.55,312322,188.35539597309463,189.76746688671867,187.87231908159166,188.4371474470413,312322,0,1
2017-09-29,253.24,255.87,252.35,255.65,317057,188.20675692955524,190.16136035209803,187.54531318580504,189.9978574042047,317057,0,1
2017-10-02,256.64,258.21,254.94,258.18,368375,190.7336206697246,191.90043716150868,189.4701887996399,191.8781413049778,368375,0,1
2017-10-03,258.13,262.35,256.05,262.33,352765,191.84098154409293,194.97726536277375,190.29513549128345,194.96240145841978,352765,0,1
2017-10-04,261.54,263.58,261.345,262.88,462481,194.37527723643927,195.89139548054087,194.23035416898838,195.37115882815306,462481,0,1
2017-10-05,263.15,269.34,262.69,268.25,840207,195.5718215369312,200.17219993447483,195.22995173679067,199.36211714718527,840207,0,1
2017-10-06,267.75,268.782,263.65,264.97,398751,198.99051953833683,199.75749700299997,195.94341914577964,196.92443683313954,398751,0,1
2017-10-09,264.97,266.58,263.93,266.4,178993,196.92443683313954,198.1209811336315,196.15151380673478,197.98720599444604,178993,0,1
2017-10-10,267.11,267.11,265.19,266.53,222521,198.51487459901085,198.51487459901085,197.08793978103284,198.08382137274663,222521,0,1
2017-10-11,266.79,267.03,262.49,264.56,388692,198.27705212934785,198.45541898159505,195.0813126932513,196.6197267938838,388692,0,1
2017-10-12,264.36,266.47,264.26,266.16,295959,196.47108775034445,198.03922965968485,196.39676822857476,197.80883914219882,295959,0,1
2017-10-13,266.31,267.12,265.39,265.49,386259,197.92031842485332,198.5223065511878,197.2365788245722,197.3108983463419,386259,0,1
2017-10-16,266.4,267.41,261.94,263.62,327889,197.98720599444604,198.7378331643199,194.672555323518,195.92112328924875,327889,0,1
2017-10-17,263.42,266.58,262.165,266,426017,195.7724842457094,198.1209811336315,194.83977424749983,197.6899279073673,426017,0,1
2017-10-18,266.38,266.525,264.36,265.7,435543,197.9723420900921,198.08010539665815,196.47108775034445,197.46696934205823,435543,0,1
2017-10-19,265.14,265.83,262.57,264.5,357624,197.05078002014798,197.56358472035882,195.14076831066703,196.575135080822,357624,0,1
2017-10-20,265.78,268.62,263.54,268.6,328391,197.52642495947399,199.6370993777331,195.86166767183303,199.6222354733792,328391,0,1
2017-10-23,268.99,269.86,267.07,267.58,241945,199.91208160828094,200.55866144767722,198.48514679030293,198.86417635132835,241945,0,1
2017-10-24,266.83,268.48,265.75,267.82,177736,198.30677993805568,199.53305204725555,197.5041291029431,199.0425432035756,177736,0,1
2017-10-25,267.42,273.71,267.42,272.64,268466,198.74526511649688,203.41996303581016,198.74526511649688,202.6247441528745,268466,0,1
2017-10-26,273.45,273.68,269.881,273,520708,203.22673227920896,203.39766717927927,200.57426854724883,202.8922944312454,520708,0,1
2017-10-27,272.81,277.5,270.73,277.5,555857,202.751087339883,206.2366729108813,201.2052412870735,206.2366729108813,555857,0,1
2017-10-30,275.99,278.28,275.13,277.2,376541,205.11444813215903,206.81636518068484,204.47530024493972,206.01371434557223,376541,0,1
2017-10-31,277.6,278.77,276.22,277.5,354214,206.310992432651,207.18053083735632,205.28538303222933,206.2366729108813,354214,0,1
2017-11-01,279.64,282.87,278.93,280.95,421197,207.8271106767526,210.2276312299135,207.29944207218784,208.8006964119355,421197,0,1
2017-11-02,279.84,283.63,279.84,282.55,662123,207.97574972029196,210.7924595953631,207.97574972029196,209.9898087602505,662123,0,1
2017-11-03,281.9,285.15,280.49,282.52,408627,209.50673186874752,211.92211632626234,208.45882661179496,209.96751290371958,408627,0,1
2017-11-06,282.23,284.38,281.38,283,386656,209.7519862905875,211.34985600863575,209.12027035554516,210.32424660821408,386656,0,1
2017-11-07,283.58,283.58,279.75,283.33,529741,210.75529983447825,210.75529983447825,207.90886215069926,210.56950103005403,529741,0,1
2017-11-08,282.17,285.565,281.56,284.97,658252,209.7073945775257,212.23054234160657,209.2540454947306,211.78834118707695,658252,0,1
2017-11-09,264.03,275.7,260.83,265.58,1221368,196.22583332850445,204.89892151902694,193.84760863187446,197.3777859159346,1221368,0,1
2017-11-10,267.13,270.67,262.5,267,753998,198.52973850336477,201.1606495740117,195.08874464542825,198.43312312506418,753998,0,1
2017-11-13,266.09,266.24,261.61,262,714573,197.75681547696,197.86829475961457,194.42730090167805,194.71714703657983,714573,0,1
2017-11-14,262.17,268.37,261.78,268.02,371413,194.8434902235883,199.45130057330888,194.5536440886865,199.19118224711497,371413,0,1
2017-11-15,267.02,267.02,262.75,265.15,419058,198.4479870294181,198.4479870294181,195.27454344985247,197.05821197232495,419058,0,1
2017-11-16,266.51,271.81,266.2568,268.4,467850,198.0689574683927,202.00789212218612,197.88078043927186,199.47359642983977,467850,0,1
2017-11-17,267.08,267.54,262.72,263.08,296069,198.4925787424799,198.8344485426205,195.25224759332158,195.51979787169242,296069,0,1
2017-11-20,263.29,267.82,263.18,266.64,342671,195.6758688674088,199.0425432035756,195.59411739346214,198.1655728466933,342671,0,1
2017-11-21,267.73,268.6,265.7,267.15,530512,198.9756556339829,199.6222354733792,197.46696934205823,198.54460240771868,530512,0,1
2017-11-22,268.07,269.5,266.65,268.99,342705,199.22834200799983,200.29111116930633,198.17300479887024,199.91208160828094,342705,0,1
2017-11-24,270.32,275.99,268.97,275.65,296415,200.90053124781778,205.11444813215903,199.89721770392703,204.86176175814208,296415,0,1
2017-11-27,274.86,276.885,270.325,273.99,424390,204.27463753616158,205.77960785199772,200.90424722390625,203.6280576967653,424390,0,1
2017-11-28,274.93,277.09,273.68,277.06,317359,204.32666120140036,205.93196287162556,203.39766717927927,205.90966701509467,317359,0,1
2017-11-29,277.23,279.51,274.63,279.32,335070,206.03601020210317,207.730495298452,204.10370263609127,207.5892882070896,335070,0,1
2017-11-30,280,284.26,279.58,283.79,417634,208.0946609551235,211.26067258251214,207.7825189636908,210.91137083019464,417634,0,1
2017-12-01,283.35,284.64,277.13,279.87,402168,210.584364934408,211.54308676523695,205.96169068033345,207.99804557682288,402168,0,1
2017-12-04,281.97,282.99,273.89,275.01,498877,209.55875553398633,210.3168146560371,203.5537381749956,204.38611681881608,498877,0,1
2017-12-05,275.84,275.84,270.62,271.95,374013,205.00296884950447,205.00296884950447,201.12348981312684,202.11193945266368,374013,0,1
2017-12-06,272.11,275.2627,272.11,274,194063,202.23085068749518,204.57392225032808,202.23085068749518,203.63548964894227,194063,0,1
2017-12-07,273.39,276.62,272.4,275.15,470849,203.18214056614715,205.58266111930806,202.44637730062726,204.49016414929363,470849,0,1
2017-12-08,275.93,277.49,274.04,274.62,281342,205.06985641909722,206.22924095870434,203.66521745765016,204.09627068391433,281342,0,1
2017-12-11,274.04,276.38,273.18,274.38,340421,203.66521745765016,205.4042942670608,203.02606957043082,203.91790383166708,340421,0,1
2017-12-12,271.43,271.83,268.4,270,489368,201.7254779394613,202.02275602654004,199.47359642983977,200.66270877815478,489368,0,1
2017-12-13,270.39,273.56,270.03,272.6,525577,200.95255491305656,203.30848375315563,200.68500463468567,202.59501634416665,525577,0,1
2017-12-14,273.35,279.37,273.35,274.48,520946,203.15241275743932,207.62644796797446,203.15241275743932,203.99222335343677,520946,0,1
2017-12-15,275.72,278.33,274.71,276.55,441581,204.9137854233809,206.8535249415697,204.16315825350702,205.53063745406928,441581,0,1
2017-12-18,277.78,280.47,274.18,275.4,337859,206.4447675718364,208.44396270744102,203.7692647881277,204.67596295371786,337859,0,1
2017-12-19,275.66,277.48,270.64,270.92,325525,204.86919371031908,206.22180900652737,201.13835371748075,201.34644837843592,325525,0,1
2017-12-20,272.45,273.2,270.64,271.42,238736,202.4835370615121,203.04093347478477,201.13835371748075,201.71804598728434,238736,0,1
2017-12-21,272.29,274.48,268.84,272.86,435820,202.36462582668062,203.99222335343677,199.8006023256264,202.78824710076785,435820,0,1
2017-12-22,273.32,273.32,270.32,270.65,187948,203.13011690090838,203.13011690090838,200.90053124781778,201.14578566965773,187948,0,1
2017-12-26,270.83,274.05,270.69,273.11,187940,201.27956080884317,203.6726494098271,201.17551347836562,202.97404590519204,187940,0,1
2017-12-27,273.62,274.92,271.95,273.81,257671,203.35307546621746,204.31922924922338,202.11193945266368,203.49428255757985,257671,0,1
2017-12-28,274.32,276.11,272.88,275.77,294336,203.87331211860524,205.20363155828267,202.80311100512176,204.9509451842657,294336,0,1
2017-12-29,276.61,279.5,274.62,274.62,247988,205.5752291671311,207.72306334627504,204.09627068391433,204.09627068391433,247988,0,1
2018-01-02,275.46,276,271.47,275.11,325332,204.72055466677966,205.121880084336,201.7552057481692,204.4604363405858,325332,0,1
2018-01-03,271.99,271.99,265.29,270.22,1006087,202.14166726137157,202.14166726137157,197.16225930280254,200.82621172604811,1006087,0,1
2018-01-04,271.74,273.45,268.62,272.84,636798,201.95586845694734,203.22673227920896,199.6370993777331,202.77338319641387,636798,0,1
2018-01-05,274.21,275.8,273.24,274.91,223215,203.79156064465857,204.97324104079664,203.07066128349265,204.31179729704644,223215,0,1
2018-01-08,274.66,277.5,273.97,276.02,541515,204.12599849262222,206.2366729108813,203.61319379241138,205.13674398868991,541515,0,1
2018-01-09,277.42,282.65,276.68,282.41,378497,206.17721729346556,210.06412828202016,205.62725283236986,209.88576142977294,378497,0,1
2018-01-10,282.12,282.31,279.54,281.23,343131,209.67023481664086,209.81144190800325,207.75279115498293,209.00879107289063,343131,0,1
2018-01-11,282.47,287.81,281.61,287.51,313346,209.93035314283478,213.89901560533602,209.29120525561544,213.67605704002696,313346,0,1
2018-01-12,288.72,294.32,288.1,292.5,392970,214.5753232534402,218.73721647254266,214.11454221846813,217.38460117633434,392970,0,1
2018-01-16,294.09,296.96,292.77,293.85,561564,218.56628157247235,220.69925184726236,217.58526388511248,218.38791472022513,561564,0,1
2018-01-17,295.97,296.13,293.37,294.44,377951,219.9634885817425,220.08239981657397,218.03118101573062,218.82639989866627,377951,0,1
2018-01-18,294.49,296.21,292.41,294.1,305461,218.86355965955113,220.14185543398972,217.31771360674165,218.57371352464935,305461,0,1
2018-01-19,296,299.66,291.67,299.17,365997,219.98578443827338,222.70587893504396,216.76774914564595,222.34171327837248,365997,0,1
2018-01-22,297.33,299.33,294.46,296.85,279833,220.97423407781022,222.46062451320395,218.84126380302018,220.61750037331575,279833,0,1
2018-01-23,297,300.69,296.16,300.37,322705,220.72897965597025,223.4713700092717,220.1046956731049,223.2335475396087,322705,0,1
2018-01-24,300.04,306.14,299.64,303.9,422213,222.98829311776876,227.52178394571965,222.69101503068998,225.85702665807864,422213,0,1
2018-01-25,304.25,307.27,302.3,306.85,378258,226.11714498427256,228.3615945417171,224.6679143097637,228.04945255028443,378258,0,1
2018-01-26,308.53,314.61,306.55,314.13,312004,229.29802051601516,233.81664743961215,227.82649398497537,233.45991373511762,312004,0,1
2018-01-29,312.68,320.36,312.68,317.28,556538,232.38228066945717,238.09001994136915,232.38228066945717,235.80097867086275,556538,0,1
2018-01-30,315.62,319.98,314.61,317.37,346392,234.56727460948596,237.80760575864434,233.81664743961215,235.8678662404555,346392,0,1
2018-01-31,319.98,321.38,316.73,316.91,438824,237.80760575864434,238.84807906341993,235.3922213011295,235.52599644031494,438824,0,1
2018-02-01,315.96,318.47,313.97,315.2,393462,234.81996098350288,236.68538097992206,233.34100250028615,234.25513261805327,393462,0,1
2018-02-02,312.81,314.07,306.66,307.28,462336,232.47889604775776,233.41532202205582,227.90824545892204,228.36902649389407,462336,0,1
2018-02-05,306.39,311.73,293.46,296.86,702766,227.70758275014384,231.67624521264517,218.09806858532332,220.62493232549272,702766,0,1
2018-02-06,277,292.84,268.4,290.66,1139863,205.86507530203286,217.63728755035126,199.47359642983977,216.0171219757721,1139863,0,1
2018-02-07,290.61,300.84,288.62,292.1,559015,215.97996221488728,223.5828492919262,214.5010037316705,217.08732308925562,559015,0,1
2018-02-08,297,297,281.77,283,861295,220.72897965597025,220.72897965597025,209.4101164904469,210.32424660821408,861295,0,1
2018-02-09,287.16,287.5,274.28,282.55,971329,213.41593871383307,213.66862508785,203.84358430989735,209.9898087602505,971329,0,1
2018-02-12,283.8,289.46,281.59,286.2,473479,210.91880278237159,215.12528771453586,209.2763413512615,212.70247130484407,473479,0,1
2018-02-13,285.37,287.43,281.46,285.8,363392,212.08561927415568,213.6166014226112,209.17972597296088,212.40519321776532,363392,0,1
2018-02-14,283.61,291.01,281.8,290.39,417137,210.7775956910092,216.277240301966,209.43241234697786,215.81645926699395,417137,0,1
2018-02-15,292.77,298.53,291.76,298.44,651690,217.58526388511248,221.86606833904645,216.83463671523864,221.79918076945376,651690,0,1
2018-02-16,297.72,300.14,296.68,298.35,460171,221.26408021271203,223.06261263953843,220.49115718630728,221.73229319986106,460171,0,1
2018-02-20,297.12,301.29,296.52,298.75,299690,220.8181630820939,223.91728713988985,220.37224595147575,222.02957128693978,299690,0,1
2018-02-21,298.75,302.22,292.56,292.72,401032,222.02957128693978,224.60845869234794,217.42919288939615,217.54810412422768,401032,0,1
2018-02-22,294.34,298.35,291.65,292.99,245941,218.75208037689657,221.73229319986106,216.75288524129198,217.74876683300582,245941,0,1
2018-02-23,294.54,298.06,292.48,297.78,308843,218.90071942043596,221.51676658672895,217.36973727198043,221.3086719257738,308843,0,1
2018-02-26,298.49,299.92,292.19,295.16,351079,221.8363405303386,222.89910969164512,217.1542106588483,219.36150045540805,351079,0,1
2018-02-27,295.95,296.97,291.26,291.38,311670,219.94862467738855,220.70668379943936,216.46303910639023,216.55222253251384,311670,0,1
2018-02-28,292.5,294.35,288.24,288.31,503855,217.38460117633434,218.75951232907357,214.2185895489457,214.27061321418446,503855,0,1
2018-03-01,288.28,288.3,278.99,284.56,708261,214.24831735765355,214.2631812620075,207.34403378524965,211.4836311478212,708261,0,1
2018-03-02,283.41,286.28,280.26,285.15,667375,210.62895664746983,212.7619269222598,208.28789171172465,211.92211632626234,667375,0,1
2018-03-05,283,286.06,280.25,285.58,369263,210.32424660821408,212.5984239743665,208.28045975954768,212.241690269872,369263,0,1
2018-03-06,286.98,287.34,280.62,284.09,1736870,213.28216357464763,213.5497138530185,208.55544199009555,211.13432939550364,1736870,0,1
2018-03-07,282.2,288.27,280.96,287.02,1034727,209.72969043405658,214.24088540547658,208.80812836411246,213.3118913833555,1034727,0,1
2018-03-08,288.4,288.4,283.66,286.01,721138,214.33750078377716,214.33750078377716,210.81475545189403,212.56126421348165,721138,0,1
2018-03-09,287.66,293.53,287.01,292,1013692,213.78753632268152,218.1500922505621,213.30445943117851,217.01300356748592,1013692,0,1
2018-03-12,293.35,293.75,287.65,288,525056,218.0163171113767,218.31359519845543,213.78010437050452,214.04022269669844,525056,0,1
2018-03-13,288.72,293.25,287.75,289.51,832993,214.5753232534402,217.941997589607,213.8544238922742,215.1624474754207,832993,0,1
2018-03-14,291.69,297.16,289.43,295.12,617846,216.78261304999987,220.84789089080178,215.10299185800497,219.33177264670016,617846,0,1
2018-03-15,295.65,296.6,291.05,296,493998,219.72566611207947,220.43170156889153,216.3069681106739,219.98578443827338,493998,0,1
2018-03-16,296.17,299.57,292.43,299.23,574110,220.11212762528186,222.6389913654512,217.33257751109556,222.3863049914343,574110,0,1
2018-03-19,300.84,304.14,298.25,302.5,621898,223.5828492919262,226.0353935103259,221.65797367809134,224.81655335330305,621898,0,1
2018-03-20,303.78,309.75,301.85,308.14,452581,225.76784323195503,230.20471868160536,224.3334764618001,229.00817438111338,452581,0,1
2018-03-21,307.63,311.92,306.79,309.34,411658,228.629144820088,231.81745230400756,228.00486083722262,229.9000086423496,411658,0,1
2018-03-22,307.32,310.99,302.43,302.73,596017,228.39875430260196,231.12628075154947,224.76452968806427,224.98748825337333,596017,0,1
2018-03-23,302.59,308.91,301.78,302.8,567240,224.88344092289574,229.58043469874,224.28145279656127,225.0395119186121,567240,0,1
2018-03-26,306.21,309.74,303.32,309.39,246673,227.57380761095843,230.19728672942838,225.42597343181447,229.93716840323447,246673,0,1
2018-03-27,310.88,313.93,303.33,305.14,449914,231.0445292776028,233.31127469157826,225.43340538399144,226.77858872802275,449914,0,1
2018-03-28,305.62,306.21,298.15,300.79,498250,227.13532243251728,227.57380761095843,221.58365415632164,223.5456895310414,498250,0,1
2018-03-29,303.58,307.9,303.23,306.94,607950,225.61920418841564,228.82980752886613,225.35908586222178,228.11634011987715,607950,0,1
2018-04-02,305.41,307.5,298.36,301.07,381410,226.97925143680095,228.5325294417874,221.739725152038,223.75378419199652,381410,0,1
2018-04-03,302.95,305.73,299.97,305.47,343222,225.15099120126663,227.21707390646395,222.93626945252998,227.02384314986276,343222,0,1
2018-04-04,300.82,308.57,298.58,308.11,498377,223.5679853875723,229.32774832472305,221.9032280999313,228.9858785245825,498377,0,1
2018-04-05,308.99,312.96,307.44,310.94,518345,229.63989031615574,232.5903753304123,228.48793772872557,231.0891209906646,518345,0,1
2018-04-06,309.54,311.57,305.17,306.36,463178,230.04864768588902,231.55733397781364,226.8008845845537,227.68528689361298,463178,0,1
2018-04-09,308.21,309.73,302.98,303.2,414341,229.06019804635216,230.1898547772514,225.17328705779755,225.33679000569083,414341,0,1
2018-04-10,308.12,308.55,304.25,306.24,356017,228.99331047675946,229.3128844203691,226.11714498427256,227.59610346748934,356017,0,1
2018-04-11,305.1,310.34,304.44,306.74,218516,226.74886091931492,230.64320386004647,226.25835207563497,227.9677010763378,218516,0,1
2018-04-12,307.4,310.89,307.04,308.19,386441,228.45820992001768,231.05196122977978,228.19065964164685,229.04533414199824,386441,0,1
2018-04-13,309.62,311.7,306.53,309.22,378446,230.10810330330474,231.65394935611423,227.8116300806214,229.81082521622602,378446,0,1
2018-04-16,313.03,321.33,312.63,320.25,548185,232.64239899565106,238.8109193025351,232.34512090857234,238.00826846742248,548185,0,1
2018-04-17,321.29,325.05,319.31,323.63,402339,238.78119149382724,241.57560551236745,237.30966496278742,240.52026830323788,402339,0,1
2018-04-18,325.13,328.79,323.67,326.37,231392,241.6350611297832,244.35515562655377,240.54999611194577,242.5566231997273,231392,0,1
2018-04-19,327,330.15,326.07,329.06,354767,243.02483618687634,245.36590112262147,242.33366463441826,244.5558183353319,354767,0,1
2018-04-20,330.28,331.19,326.92,327.7,298553,245.46251650092205,246.13882414902622,242.96538056946062,243.54507283926415,298553,0,1
2018-04-23,327.44,330.51,327,328.13,357116,243.35184208266296,245.63345140099236,243.02483618687634,243.86464678287382,357116,0,1
2018-04-24,329.9,333.62,321.08,326.58,471121,245.18010231819724,247.94478852802962,238.62512049811087,242.71269419544365,471121,0,1
2018-04-25,326.12,326.65,317.52,324.38,478075,242.37082439530312,242.76471786068242,235.97934552311,241.07766471651055,478075,0,1
2018-04-26,325.17,328.51,322.49,324.94,334614,241.66478893849109,244.14706096559863,239.67302575506346,241.4938540384208,334614,0,1
2018-04-27,324.06,326.5,318.67,320.32,363822,240.83984224684755,242.65323857802792,236.83402002346145,238.06029213266126,363822,0,1
2018-04-30,322.15,326.25,320.06,320.57,710128,239.42033938104652,242.4674397736037,237.86706137606006,238.24609093708548,710128,0,1
2018-05-01,321.81,327.04,311.11,314.35,733361,239.1676530070296,243.05456399558423,231.2154641776731,233.62341668301096,733361,0,1
2018-05-02,314.51,322,313.72,318.97,417414,233.74232791784243,239.308860098392,233.15520369586193,237.0569785887705,417414,0,1
2018-05-03,317.75,322.05,314.88,320.21,282876,236.1502804231803,239.34601985927685,234.0173101483903,237.9785406587146,282876,0,1
2018-05-04,318.86,324.51,318.81,322.97,316456,236.97522711482384,241.17428009481114,236.93806735393898,240.029759459558,316456,0,1
2018-05-07,322.93,330.5,322.93,329.11,476171,240.0000316508501,245.62601944881538,240.0000316508501,244.59297809621674,476171,0,1
2018-05-08,329.11,333.03,329.11,331.89,465109,244.59297809621674,247.50630334958845,244.59297809621674,246.65906080141403,465109,0,1
2018-05-09,333.65,335.28,332.57,334.48,304742,247.9670843845605,249.1784925894064,247.1644335494479,248.58393641524896,304742,0,1
2018-05-10,336.23,338.89,334.59,335.71,405475,249.88452804621846,251.8614273252921,248.66568788919557,249.49806653301607,405475,0,1
2018-05-11,335.47,336.98,332.6,333.84,196518,249.31969968076885,250.4419244594911,247.18672940597884,248.10829147592293,196518,0,1
2018-05-14,334,334.84,330.78,332.67,328845,248.22720271075443,248.8514866936198,245.8341141097705,247.23875307121762,328845,0,1
2018-05-15,328.5,328.59,323.99,325.39,448002,244.13962901342165,244.20651658301435,240.78781858160878,241.82829188638436,448002,0,1
2018-05-16,324.57,325.31,322.95,323.52,301948,241.21887180787294,241.76883626896864,240.01489555520402,240.43851682929122,301948,0,1
2018-05-17,323.52,325.4,321.74,324.33,213134,240.43851682929122,241.83572383856134,239.11562934179082,241.0405049556257,213134,0,1
2018-05-18,323.74,330.57,323.74,330.1,249807,240.60201977718455,245.67804311405416,240.60201977718455,245.32874136173666,249807,0,1
2018-05-21,331.9,335.05,331.04,332.7,233111,246.666492753591,249.00755768933615,246.02734486637172,247.2610489277485,233111,0,1
2018-05-22,332.78,334.44,326.47,327.76,254325,247.32050454516423,248.55420860654107,242.63094272149704,243.58966455232596,254325,0,1
2018-05-23,326.35,334.08,325.6,333.72,259483,242.5417592953734,248.28665832817018,241.98436288210075,248.01910804979934,259483,0,1
2018-05-24,333.43,337.09,332.72,335.75,251278,247.80358143666723,250.52367593343774,247.27591283210245,249.52779434172396,251278,0,1
2018-05-25,335.11,336.39,332.68,334.1,172135,249.05214940239796,250.00343928104994,247.24618502339456,248.30152223252415,172135,0,1
2018-05-29,332.12,335.7,331.13,333.17,441176,246.82999570148434,249.4906345808391,246.09423243596441,247.61035068006603,441176,0,1
2018-05-30,333.65,336.99,331.15,335.82,293510,247.9670843845605,250.44935641166808,246.10909634031833,249.57981800696274,293510,0,1
2018-05-31,336.17,338.99,333.59,334.11,590795,249.83993633315666,251.9357468470618,247.9224926714987,248.3089541847011,590795,0,1
2018-06-01,336.39,339.8,335.61,338.43,242026,250.00343928104994,252.53773497339628,249.4237470112464,251.51955752515158,242026,0,1
2018-06-04,339,339.97,335.5,337.93,164367,251.94317879923878,252.66407816040476,249.34199553729974,251.14795991630314,164367,0,1
2018-06-05,337.66,338.17,333.99,336.3,327658,250.947297207525,251.3263267685504,248.21977075857748,249.93655171145724,327658,0,1
2018-06-06,336.47,339.88,336.03,339.79,255441,250.06289489846571,252.59719059081203,249.73588900267904,252.5303030212193,255441,0,1
2018-06-07,339.75,343.9,338.59,340.11,317038,252.50057521251142,255.58483536595344,251.63846875998306,252.7681254908823,317038,0,1
2018-06-08,340.36,346.51,338.58,346,253742,252.95392429530654,257.5245748841423,251.63103680780608,257.1455453231169,253742,0,1
2018-06-11,345.5,346.27,340.4,342,259907,256.77394771426844,257.346208031895,252.98365210401437,254.1727644523294,259907,0,1
2018-06-12,342.99,343.24,339,343.01,168643,254.9085277178493,255.09432652227352,251.94317879923878,254.9233916222032,168643,0,1
2018-06-13,343.25,344.69,339.88,340.29,211855,255.10175847445046,256.17195958793394,252.59719059081203,252.90190063006776,211855,0,1
2018-06-14,341.68,344.27,339.28,344.17,295104,253.9349419826664,255.85981759650127,252.1512734601939,255.7854980747316,295104,0,1
2018-06-15,342.58,343.46,339.35,339.91,766186,254.60381767859357,255.2578294701668,252.2032971254327,252.61948644734295,766186,0,1
2018-06-18,339.97,340.8,338.01,340.16,305589,252.66407816040476,253.28093019109315,251.2074155337189,252.80528525176717,305589,0,1
2018-06-19,339.16,342.08,336.1,337.19,323448,252.0620900340703,254.23222006974513,249.78791266791788,250.59799545520744,323448,0,1
2018-06-20,337.1,342.12,337.02,340.94,249039,250.53110788561474,254.26194787845301,250.47165226819897,253.3849775215707,249039,0,1
2018-06-21,340.01,341.78,336.44,340.76,350882,252.69380596911262,254.00926150443607,250.0405990419348,253.25120238238526,350882,0,1
2018-06-22,342.5,343.68,341.04,342.24,515415,254.54436206117782,255.42133241806013,253.4592970433404,254.35113130457665,515415,0,1
2018-06-25,340.49,342.09,336.74,337.93,916337,253.05053967360712,254.2396520219221,250.26355760724385,251.14795991630314,916337,0,1
2018-06-26,338.25,340.97,335.26,339.14,254398,251.38578238596614,253.40727337810162,249.1636286850525,252.04722612971634,254398,0,1
2018-06-27,339.72,346.42,338.27,338.36,380638,252.47827935598056,257.45768731454956,251.40064629032005,251.4675338599128,380638,0,1
2018-06-28,338.37,338.42,331.76,336.82,441995,251.47496581208975,251.5121255729746,246.56244542311345,250.3230132246596,441995,0,1
2018-06-29,337.77,347.66,334.89,345.14,409140,251.0290486814716,258.3792493844937,248.88864645450462,256.50639743589755,409140,0,1
2018-07-02,343.22,344.02,338.04,342.61,310771,255.0794626179196,255.67401879207705,251.2297113902498,254.6261135351245,310771,0,1
2018-07-03,344.4,347.28,343.56,344.44,159674,255.95643297480186,258.09683520176884,255.33214899193652,255.98616078350975,159674,0,1
2018-07-05,347.34,348.01,343.79,347.51,333032,258.1414269148307,258.63936771068757,255.5030838920068,258.2677701018391,333032,0,1
2018-07-06,347.54,350,345.97,348.01,144010,258.29006595837006,260.11832619390435,257.123249466586,258.63936771068757,144010,0,1
2018-07-09,349.83,355,349,352.95,432196,259.99198300689585,263.8343022823887,259.37513097620746,262.3107520861101,432196,0,1
2018-07-10,352.4,353.48,351.43,352.37,135576,261.9019947163768,262.7046455514895,261.18109535521086,261.8796988598459,135576,0,1
2018-07-11,352.67,353.15,349.9,351.41,226291,262.102657425155,262.4593911296495,260.0440066721346,261.16623145085697,226291,0,1
2018-07-12,353.59,358.91,352.63,356.23,552832,262.7863970254361,266.7401955835835,262.0729296164471,264.7484324001559,552832,0,1
2018-07-13,357,362.06,357,360.89,249184,265.32069271778244,269.0812605193286,265.32069271778244,268.2117221146232,249184,0,1
2018-07-16,360.94,367.29,359.26,361.03,230206,268.2488818755081,272.96817150788326,267.00031390977733,268.3157694451008,230206,0,1
2018-07-17,361.02,364.52,359.99,362.88,239311,268.30833749292384,270.90952075486285,267.54284641869606,269.69068059784,239311,0,1
2018-07-18,362.89,364.02,359.75,360.08,322246,269.69811255001696,270.53792314601446,267.36447956644884,267.6097339882888,322246,0,1
2018-07-19,361.04,363.24,359.16,362.91,293867,268.3232013972778,269.9582308762109,266.92599438800767,269.71297645437096,293867,0,1
2018-07-20,361.86,368.34,359.16,364.89,363938,268.93262147578923,273.7485264864649,266.92599438800767,271.18450298541075,363938,0,1
2018-07-23,364.95,364.95,358.05,358.12,231082,271.2290946984725,271.2290946984725,266.10104769636416,266.15307136160294,231082,0,1
2018-07-24,360.38,364.52,358.15,363.66,342355,267.83269255359784,270.90952075486285,266.17536721813383,270.27037286764363,342355,0,1
2018-07-25,363.22,372.77,361.55,372.07,232923,269.94336697185696,277.04088130086205,268.7022309583032,276.5206446484743,232923,0,1
2018-07-26,372.07,375.54,370.09,372.93,246939,276.5206446484743,279.0995320538824,275.04911811743443,277.15979253569355,246939,0,1
2018-07-27,374.08,374.77,367.63,370,243921,278.01446703604495,278.5272717362558,273.22085788190014,274.98223054784177,243921,0,1
2018-07-30,368.54,370.72,365.36,365.95,442280,273.8971655300043,275.5173311045835,271.53380473772825,271.9722899161694,442280,0,1
2018-07-31,368.33,377.67,368.33,375.54,500153,273.741094534288,280.68253786757674,273.741094534288,279.0995320538824,500153,0,1
2018-08-01,374.32,376.39,367.67,368.68,270657,278.1928338882922,279.73124798892474,273.25058569060803,274.00121286048187,270657,0,1
2018-08-02,367.2,369.8,365.38,367.67,445256,272.9012839382905,274.8335915043024,271.5486686420822,273.25058569060803,445256,0,1
2018-08-03,368.37,371.04,366.32,369.82,388561,273.77082234299587,275.7551535742465,272.24727214671725,274.8484554086563,388561,0,1
2018-08-06,369.8,373.45,367.75,369,600677,274.8335915043024,277.54625404889595,273.31004130802376,274.2390353301449,600677,0,1
2018-08-07,354.15,359.84,348.35,356.7,1020955,263.2025863473463,267.4313671360415,258.8920540847045,265.0977341524734,1020955,0,1
2018-08-08,357.22,360,355.46,357.5,345223,265.48419566567577,267.55027837087306,264.17617208252926,265.6922903266309,345223,0,1
2018-08-09,357.28,362.94,356.83,359.38,537355,265.52878737873755,269.73527231090185,265.19434953077393,267.089497335901,537355,0,1
2018-08-10,358.26,359.54,356.07,357.02,288925,266.2571186920805,267.2084085707325,264.6295211653243,265.3355566221364,288925,0,1
2018-08-13,357.45,361.15,354.23,356.03,250912,265.655130565746,268.40495287122445,263.2620419647621,264.59979335661643,250912,0,1
2018-08-14,357.18,358.26,353.39,356.54,292445,265.4544678569679,266.2571186920805,262.6377579818967,264.9788229176419,292445,0,1
2018-08-15,355.56,355.58,347.21,351.43,362439,264.25049160429893,264.2653555086529,258.04481153653006,261.18109535521086,362439,0,1
2018-08-16,354.37,357.27,352.42,354.16,202564,263.36608929523965,265.52135542656055,261.9168586207308,263.21001829952337,202564,0,1
2018-08-17,354.45,355.28,352.48,353.59,154371,263.4255449126554,264.0423969433438,261.9614503337926,262.7863970254361,154371,0,1
2018-08-20,354.58,359.53,354.17,356.53,304443,263.522160290956,267.2009766185555,263.2174502517003,264.9713909654649,304443,0,1
2018-08-21,356.41,361.64,356.41,359.91,325812,264.8822075393413,268.7691185278959,264.8822075393413,267.48339080128034,325812,0,1
2018-08-22,359.43,361.71,356.78,357.01,243494,267.12665709678583,268.8211421931347,265.1571897698891,265.3281246699594,243494,0,1
2018-08-23,356.57,358.54,354.4,354.75,188561,265.00111877417277,266.4652133530356,263.38838515177054,263.6485034779645,188561,0,1
2018-08-24,355.84,356.13,353.55,354.96,171405,264.45858626525404,264.67411287838615,262.75666921672826,263.8045744736808,171405,0,1
2018-08-27,356.81,360.33,355.5,359.15,452404,265.17948562642005,267.795532792713,264.20589989123715,266.91856243583067,452404,0,1
2018-08-28,359.88,360.73,356.23,359.03,334478,267.4610949447494,268.0928108797918,264.7484324001559,266.82937900970705,334478,0,1
2018-08-29,359.96,360.52,357.36,357.53,213519,267.52055056216517,267.9367398840754,265.5882429961533,265.71458618316177,213519,0,1
2018-08-30,357.5,358.14,348.61,349.46,365086,265.6922903266309,266.1679352659568,259.08528484130574,259.717000776348,365086,0,1
2018-08-31,348.17,350.32,346.92,350,571491,258.75827894551907,260.35614866356735,257.829284923398,260.11832619390435,571491,0,1
2018-09-04,349.32,351.91,346.97,351.52,520726,259.61295344587046,261.53782905970536,257.86644468428284,261.2479829248036,520726,0,1
2018-09-05,351.27,352.24,347.92,351.71,309939,261.06218412037936,261.78308348154536,258.57248014109484,261.38919001616597,309939,0,1
2018-09-06,352.53,355.98,352.53,353.75,228009,261.9986100946774,264.56263359573165,261.9986100946774,262.9053082602676,228009,0,1
2018-09-07,353.28,355.3,350.11,351.54,333855,262.55600650795003,264.05726084769776,260.200077667851,261.2628468291575,333855,0,1
2018-09-10,352.5,356.9,352.5,355.57,233997,261.97631423814653,265.2463731960127,261.97631423814653,264.25792355647593,233997,0,1
2018-09-11,354.16,357.21,354.16,356.96,355800,263.21001829952337,265.47676371349877,263.21001829952337,265.29096490907455,355800,0,1
2018-09-12,356.33,359.06,354.17,355.52,195193,264.82275192192554,266.851674866238,263.2174502517003,264.22076379559104,195193,0,1
2018-09-13,356.79,359.58,356.72,358.36,234906,265.1646217220661,267.23813637944033,265.1125980568273,266.33143821385016,234906,0,1
2018-09-14,358.87,371.24,358.78,369.99,629249,266.7104677748756,275.9037926177859,266.64358020528283,274.97479859566477,629249,0,1
2018-09-17,370.01,371.41,365.4,367.99,515818,274.9896625000187,276.0301358047943,271.56353254643614,273.48840816027104,515818,0,1
2018-09-18,368.32,373.66,367.98,372.82,310212,273.733662582111,277.7023250446123,273.4809762080941,277.0780410617469,310212,0,1
2018-09-19,373.84,374.48,368.3,369.19,189730,277.8361001837977,278.3117451231237,273.7187986777571,274.38024242150726,189730,0,1
2018-09-20,371.12,371.12,365.43,368.59,223380,275.8146091916622,275.8146091916622,271.585828402967,273.93432529088915,223380,0,1
2018-09-21,369.75,370.47,367.56,368.37,422182,274.79643174341754,275.33153230015927,273.16883421666137,273.77082234299587,422182,0,1
2018-09-24,369.18,369.35,364.19,365.71,151061,274.3728104693303,274.49915365633876,270.6642663330229,271.79392306392214,151061,0,1
2018-09-25,365.43,370.1,364.92,368.85,136414,271.585828402967,275.05655006961143,271.20679884194163,274.1275560474904,136414,0,1
2018-09-26,369.7,372.52,368.47,369.87,413111,274.75927198253265,276.85508249643783,273.84514186476554,274.88561516954115,413111,0,1
2018-09-27,371.1,375.4,371.1,372.65,277547,275.7997452873083,278.99548472340484,275.7997452873083,276.95169787473844,277547,0,1
2018-09-28,373.33,375.28,371.53,372.3,564822,277.4570706227723,278.9063012972812,276.11931923091794,276.69157954854455,564822,0,1
2018-10-01,375.09,375.35,367.82,370.17,287119,278.7650942059188,278.95832496252,273.36206497326253,275.1085737348502,287119,0,1
2018-10-02,370.37,371.93,368.52,369.93,152160,275.2572127783896,276.4165973179967,273.88230162565037,274.930206882603,152160,0,1
2018-10-03,370.93,374.31,369.3,372.04,239963,275.6734021002998,278.1854019361152,274.46199389545393,276.4983487919434,239963,0,1
2018-10-04,370.91,370.91,364.54,367.24,175282,275.6585381959459,275.6585381959459,270.92438465921686,272.93101174699837,175282,0,1
2018-10-05,366.89,367.47,359.97,360.34,286349,272.6708934208045,273.1019466470687,267.52798251434217,267.80296474488995,286349,0,1
2018-10-08,358.61,360.92,352.52,355.85,273999,266.5172370182744,268.2340179711542,261.9911781425004,264.46601821743104,273999,0,1
2018-10-09,355.81,355.81,349.01,351.21,326769,264.43629040872315,264.43629040872315,259.38256292838446,261.0175924073175,326769,0,1
2018-10-10,331,347.85,331,340.06,1186600,245.99761705766383,258.5204564758561,245.99761705766383,252.73096572999748,1186600,0,1
2018-10-11,338.19,338.19,317.05,321.13,1205100,251.3411906729043,251.3411906729043,235.6300437707925,238.6622802589957,1205100,0,1
2018-10-12,325,328.91,320.27,323.39,903538,241.5384457514826,244.44433905267738,238.0231323717764,240.34190145099063,903538,0,1
2018-10-15,325,328.99,325,327.49,582373,241.5384457514826,244.50379467009313,241.5384457514826,243.38900184354782,582373,0,1
2018-10-16,329.56,345.19,326.21,344.7,850307,244.92741594418032,256.5435571967824,242.4377119648958,256.17939154011094,850307,0,1
2018-10-17,345.44,348.25,342,347.78,605987,256.7293560012066,258.81773456293485,254.1727644523294,258.4684328106173,605987,0,1
2018-10-18,344.91,345.96,336.2,337.16,494186,256.3354625358273,257.115817514409,249.86223218968755,250.57569959867655,494186,0,1
2018-10-19,337.49,340.34,334.18,337.19,462255,250.82095402051652,252.93906039095256,248.36097784993987,250.59799545520744,462255,0,1
2018-10-22,337.48,339.64,333.67,334.78,598814,250.81352206833955,252.41882373856475,247.98194828891448,248.80689498055798,598814,0,1
2018-10-23,328.92,335.42,326.27,332.86,433301,244.45177100485435,249.282539919884,242.48230367795762,247.37996016258,433301,0,1
2018-10-24,334.34,336.84,322.2,322.74,509563,248.47988908477134,250.33787712901352,239.45749914193135,239.8588245594877,509563,0,1
2018-10-25,325.66,331.38,320.01,327.89,575193,242.02895459516256,246.28003124038864,237.82990161517523,243.68627993062654,575193,0,1
2018-10-26,323.38,326.01,315.45,315.89,782333,240.3344694988137,242.28907292135645,234.4409314224775,234.7679373182641,782333,0,1
2018-10-29,320.85,322.88,307.36,312.09,589039,238.45418559804062,239.96287188996524,228.42848211130985,231.943795491016,589039,0,1
2018-10-30,312.95,318.24,311.96,317.41,583282,232.5829433782353,236.51444607985178,231.84718011271542,235.8975940491634,583282,0,1
2018-10-31,322,334.77,322,330.25,385358,239.308860098392,248.799463028381,239.308860098392,245.44022064439116,385358,0,1
2018-11-01,332.39,346.24,331.58,345.59,545787,247.03065841026248,257.3239121753641,246.428670283928,256.8408352838611,545787,0,1
2018-11-02,347.35,353.85,341.49,344.16,534527,258.1488588670077,262.9796277820373,253.79373489130398,255.77806612255463,534527,0,1
2018-11-05,345.2,347.43,342.69,347.17,629830,256.5509891489594,258.2083144844234,254.68556915254024,258.01508372782223,629830,0,1
2018-11-06,347.98,366.69,344.02,355.15,889147,258.6170718541567,272.5222543772651,255.67401879207705,263.9457815650432,889147,0,1
2018-11-07,357.84,361.13,352.97,360.51,468438,265.94497670064777,268.3900889668705,262.3256159904641,267.92930793189845,468438,0,1
2018-11-08,360.51,365,353.36,357.63,315357,267.92930793189845,271.2662544593574,262.61546212536587,265.78890570493144,315357,0,1
2018-11-09,356.06,358.46,353.26,357.46,263201,264.6220892131474,266.40575773561983,262.54114260359614,265.662562517923,263201,0,1
2018-11-12,356.97,356.97,341.95,343.13,621127,265.29839686125155,265.29839686125155,254.13560469144454,255.01257504832685,621127,0,1
2018-11-13,342.9,348.06,340.91,345.64,560538,254.84164014825654,258.6765274715724,253.36268166503982,256.877995044746,560538,0,1
2018-11-14,348.14,350.65,339.5,339.96,408230,258.7359830889882,260.6014030854073,252.31477640808723,252.65664620822776,408230,0,1
2018-11-15,337.81,344.63,334.47,344.43,405999,251.0587764901795,256.12736787487216,248.57650446307198,255.9787288313328,405999,0,1
2018-11-16,342.22,350.3,341.55,347.77,327732,254.3362674002227,260.3412847592134,253.83832660436582,258.4610008584403,327732,0,1
2018-11-19,346.66,349.2,336.75,337.87,299508,257.63605416679684,259.52377001974685,250.27098955942083,251.10336820324133,299508,0,1
2018-11-20,331.45,331.45,317.44,329.46,1019384,246.33205490562742,246.33205490562742,235.91988990569428,244.85309642241063,1019384,0,1
2018-11-21,332.24,340.86,330.16,338.69,400900,246.91917912760795,253.32552190415498,245.37333307479847,251.71278828175275,400900,0,1
2018-11-23,336.25,345.74,335.77,341.11,155327,249.89939195057238,256.95231456651567,249.54265824607788,253.51132070857918,155327,0,1
2018-11-26,344.57,350.7,343.69,350.34,393205,256.08277616181033,260.63856284629213,255.4287643702371,260.37101256792124,393205,0,1
2018-11-27,347.48,349.16,343.24,348.48,343396,258.24547424530823,259.494042211039,255.09432652227352,258.9886694630051,343396,0,1
2018-11-28,351,361.63,351,360.58,350521,260.8615214116012,268.76168657571895,260.8615214116012,267.9813315971372,350521,0,1
2018-11-29,360.14,370.63,358.76,367.37,370872,267.6543257013506,275.45044353499077,266.62871630092894,273.027627125299,370872,0,1
2018-11-30,367.81,368.47,357.81,361.67,492113,273.3546330210856,273.84514186476554,265.9226808441169,268.79141438442684,492113,0,1
2018-12-03,369.15,374.35,368.39,372.39,507878,274.3505146127994,278.2151297448231,273.78568624734976,276.7584671181372,507878,0,1
2018-12-04,371.08,371.81,352.95,353.81,582382,275.7848813829543,276.32741389187305,262.3107520861101,262.9498999733294,582382,0,1
2018-12-06,347.17,352.28,342.03,347.85,665690,258.01508372782223,261.8128112902532,254.19506030886026,258.5204564758561,665690,0,1
2018-12-07,348.14,354.08,338.92,343.38,366247,258.7359830889882,263.1505626821076,251.88372318182306,255.19837385275108,366247,0,1
2018-12-10,341.54,349.17,336.96,345.79,426811,253.83089465218885,259.50147416321596,250.42706055513716,256.98947432740056,426811,0,1
2018-12-11,352.61,357.63,344.82,345.73,317088,262.0580657120932,265.78890570493144,256.26857496623455,256.9448826143387,317088,0,1
2018-12-12,350.99,357.95,350.99,353.56,206076,260.85408945942424,266.02672817459444,260.85408945942424,262.7641011689052,206076,0,1
2018-12-13,353.93,355.3,347.93,348.08,203877,263.03908339945303,264.05726084769776,258.57991209327184,258.69139137592634,203877,0,1
2018-12-14,344.8,350.2,344.25,346.8,277885,256.2537110618806,260.2669652374437,255.84495369214736,257.7401014972744,277885,0,1
2018-12-17,345.34,351.89,336.7401,339.85,392128,256.6550364794369,261.5229651553514,250.2636319267656,252.57489473428114,392128,0,1
2018-12-18,342.84,347.16,338.59,342.85,350086,254.79704843519474,258.00765177564523,251.63846875998306,254.80448038737174,350086,0,1
2018-12-19,343.73,348.26,330,333.35,402924,255.458492178945,258.8251665151118,245.25442183996697,247.74412581925148,402924,0,1
2018-12-20,331.58,335.57,321.85,324.32,583810,246.428670283928,249.39401920253852,239.1973808157375,241.03307300344872,583810,0,1
2018-12-21,323.62,330.5,320.24,322.73,551430,240.51283635106094,245.62601944881538,238.0008365152455,239.85139260731071,551430,0,1
2018-12-24,318.71,322.66,311.46,314.51,316856,236.86374783216928,239.79936894207196,231.47558250386697,233.74232791784243,316856,0,1
2018-12-26,316,332.96,314.17,332.49,521064,234.84968879221077,247.45427968434967,233.4896415438255,247.10497793203217,521064,0,1
2018-12-27,327.14,331.86,316.48,331.86,429915,243.1288835173539,246.63676494488314,235.2064224967053,246.63676494488314,429915,0,1
2018-12-28,333.71,340.67,330.435,335.28,251251,248.0116760976223,253.18431481279256,245.5777117596651,249.1784925894064,251251,0,1
2018-12-31,338.74,343.3799,337.17,340.06,355384,251.7499480426376,255.19829953322932,250.58313155085352,252.73096572999748,355384,0,1
2019-01-02,335.51,340.805,330.38,339.65,313253,249.3494274894767,253.28464616718165,245.53683602269177,252.42625569074173,313253,0,1
2019-01-03,337.88,337.88,324.86,325.55,404148,251.11080015541827,251.11080015541827,241.43439842100506,241.9472031212159,404148,0,1
2019-01-04,330.74,340.97,329.35,340.97,285557,245.80438630106264,253.40727337810162,244.77134494846402,253.40727337810162,285557,0,1
2019-01-07,340.89,344.26,338.64,341.53,329294,253.34781776068584,255.8523856443243,251.6756285208679,253.82346270001185,329294,0,1
2019-01-08,345.36,348.43,342.24,345.86,360474,256.6699003837909,258.9515097021203,254.35113130457665,257.04149799263934,360474,0,1
2019-01-09,346.81,349.46,345.41,346.5,307719,257.74753344945134,259.717000776348,256.7070601446757,257.5171429319653,307719,0,1
2019-01-10,344.41,351,341,349.89,369589,255.96386492697886,260.8615214116012,253.4295692346325,260.0365747199577,369589,0,1
2019-01-11,347.5,349.65,344.9,349.5,219250,258.2603381496622,259.8582078677104,256.3280305836503,259.7467285850559,219250,0,1
2019-01-14,345.79,350.91,343.48,348.06,325857,256.98947432740056,260.7946338420085,255.27269337452077,258.6765274715724,325857,0,1
2019-01-15,348.17,349.88,345.35,348.89,265643,258.75827894551907,260.02914276778074,256.66246843161395,259.2933795022608,265643,0,1
2019-01-16,349.43,349.55,346.68,348.67,288766,259.6947049198171,259.78388834594074,257.6509180711507,259.1298765543675,288766,0,1
2019-01-17,347,353.03,346.85,349.05,381233,257.8887405408137,262.37020770352586,257.7772612581592,259.41229073709235,381233,0,1
2019-01-18,351.72,355.96,350.08,355.89,383007,261.39662196834297,264.54776969137765,260.1777818113201,264.4957460261389,383007,0,1
2019-01-22,352.81,354.21,341.78,343.59,314826,262.20670475563253,263.24717806040815,254.00926150443607,255.35444484846738,314826,0,1
2019-01-23,347.02,351.93,341.75,347.42,230302,257.9036044451677,261.5526929640593,253.98696564790518,258.20088253224645,230302,0,1
2019-01-24,346.41,351.47,346.21,348.76,135289,257.4502553623726,261.21082316391875,257.30161631883317,259.19676412396024,135289,0,1
2019-01-25,352.39,355.44,350.4,351.86,235240,261.89456276419986,264.1613081781753,260.4156042809831,261.5006692988205,235240,0,1
2019-01-28,347.47,351.48,344.61,350.77,255953,258.2380422931313,261.21825511609575,256.1125039705182,260.6905865115309,255953,0,1
2019-01-29,356.93,379.86,356.93,375.72,706798,265.26866905254366,282.31013539433286,265.26866905254366,279.23330719306784,706798,0,1
2019-01-30,378.66,387.95,376,385.06,746481,281.41830113309663,288.32258470550056,279.44140185402296,286.1747505263566,746481,0,1
2019-01-31,384.34,393.56,383.9,391,480625,285.6396499696148,292.49190987677997,285.3126440738282,290.589330119476,480625,0,1
2019-02-01,391.5,395.46,386.03,393.23,322865,290.9609277283244,293.90398079040403,286.89564988752255,292.24665545494,322865,0,1
2019-02-04,393.77,403.05,392.15,402.63,576613,292.6479808724963,299.5448324927233,291.44400461982735,299.23269050129056,576613,0,1
2019-02-05,428.75,428.75,414.6,418.07,805082,318.64494958753284,318.64494958753284,308.1287372571221,310.70762466253024,805082,0,1
2019-02-06,419.38,419.9,413.18,419.9,503873,311.68121039771313,312.0676719109155,307.07340004799255,312.0676719109155,503873,0,1
2019-02-07,418.45,421.24,415.45,420.98,481588,310.99003884525507,313.06355350262936,308.76045319216445,312.87032274602814,481588,0,1
2019-02-08,417.87,425.39,417.87,425.39,367255,310.5589856189909,316.1478136560713,310.5589856189909,316.1478136560713,367255,0,1
2019-02-11,426.59,429,424.96,428.73,312606,317.03964791730755,318.83074839195706,315.82823971246165,318.6300856831789,312606,0,1
2019-02-12,432,432.96,429.43,431.18,301808,321.0603340450476,321.77380145403663,319.1503223355667,320.45091396653623,301808,0,1
2019-02-13,432.64,433.47,425,432.09,279572,321.5359789843736,322.1528310150621,315.85796752116954,321.12722161464035,279572,0,1
2019-02-14,427.2,432.6,427.2,429.77,601931,317.49299700010266,321.5062511756658,317.49299700010266,319.4030087095836,601931,0,1
2019-02-15,433.82,440.18,433.33,440.09,302669,322.41294934125597,327.13967092580805,322.04878368458446,327.0727833562153,302669,0,1
2019-02-19,438.33,439.55,435.36,436.54,309583,325.7647597730688,326.67145793865905,323.55746997650914,324.4344403333915,309583,0,1
2019-02-20,435.77,440.25,435.32,436.19,358992,323.86218001576486,327.1916945910468,323.52774216780125,324.17432200719753,358992,0,1
2019-02-21,435.98,437.58,432.46,433.48,368256,324.0182510114812,325.20736335979615,321.4022038451882,322.160262967239,368256,0,1
2019-02-22,436.73,437.01,434.01,436.89,214964,324.57564742475387,324.783742085709,322.55415643261836,324.6945586595853,214964,0,1
2019-02-25,440,440,434.21,435.94,331390,327.0058957866226,327.0058957866226,322.7027954761577,323.9885232027733,331390,0,1
2019-02-26,434.21,435.23,429.31,431.85,715610,322.7027954761577,323.4608545982085,319.06113890944306,320.9488547623931,715610,0,1
2019-02-27,430.98,432.62,429.19,429.48,400219,320.30227492299684,321.52111508001974,318.97195548331945,319.18748209645156,400219,0,1
2019-02-28,429.92,438.58,428.01,434.09,417450,319.5144879922382,325.95055857749304,318.0949851264371,322.6136120500341,417450,0,1
2019-03-01,436.94,440,434.34,437.31,235433,324.7317184204702,327.0058957866226,322.7994108544583,325.00670065101804,235433,0,1
2019-03-04,440.12,445.51,429.63,434.98,376290,327.0950792127462,331.10090143613235,319.29896137910606,323.27505579378436,376290,0,1
2019-03-05,433.99,438.31,424.37,428.99,768172,322.5392925282644,325.7498958687149,315.38975453402054,318.82331643978006,768172,0,1
2019-03-06,427.99,430.35,425.22,426.99,291121,318.0801212220832,319.83406193584784,316.0214704690629,317.3369260043863,291121,0,1
2019-03-07,426.25,429.55,421.98,427.75,354308,316.78696154329066,319.23950576169034,313.61351796372503,317.90175436983594,354308,0,1
2019-03-08,423.59,428.48,422.06,427.67,312106,314.810062264217,318.44428687875467,313.67297358114075,317.8422987524202,312106,0,1
2019-03-11,423.76,433.48,423,432.86,657479,314.9364054512254,322.160262967239,314.3715770857758,321.69948193226696,657479,0,1
2019-03-12,433.07,438.06,431.65,436.8,446422,321.8555529279833,325.5640970642907,320.80021571885374,324.62767108999265,446422,0,1
2019-03-13,438,443.55,437.39,439.94,501521,325.5195053512289,329.6442388094465,325.06615626843376,326.96130407356077,501521,0,1
2019-03-14,439.32,445.93,439.32,442.58,411008,326.5005230385887,331.41304342756507,326.5005230385887,328.9233394482805,411008,0,1
2019-03-15,442.75,443.7,438.22,439.87,945683,329.049682635289,329.755718092101,325.6830082991222,326.909280408322,945683,0,1
2019-03-18,440.91,449.85,440.5,449.07,376434,327.6822034347268,334.3263686809368,327.37749339547105,333.7466764111332,376434,0,1
2019-03-19,452.1,455.72,446.99,448.8,438815,335.99855792075476,338.68892460881744,332.20083035832374,333.5460137023551,438815,0,1
2019-03-20,449.2,450.31,444.23,445.62,358084,333.8432917894338,334.6682384810773,330.1496115574804,331.182652910079,358084,0,1
2019-03-21,444.07,454.55,443.25,453.73,241773,330.03070032264884,337.81938620411205,329.42128024413745,337.20996612560066,241773,0,1
2019-03-22,452.45,454.25,444.32,444.71,286249,336.25867624694865,337.596427638803,330.21649912707306,330.50634526197484,286249,0,1
2019-03-25,444.5,447.67,439.32,447.01,267614,330.3502742662585,332.70620310635763,326.5005230385887,332.21569426267763,267614,0,1
2019-03-26,450.42,451.17,439.95,445.58,424177,334.749989955024,335.30738636829665,326.96873602573777,331.1529251013711,424177,0,1
2019-03-27,446.92,449.22,440.17,445.58,225721,332.14880669308496,333.85815569378775,327.1322389736311,331.1529251013711,225721,0,1
2019-03-28,446.62,450.02,439.49,449.15,247343,331.9258481277759,334.45271186794525,326.6268662255972,333.806132028549,247343,0,1
2019-03-29,451.96,454.35,450.23,453.99,309040,335.89451059027715,337.6707471605727,334.6087828636616,337.4031968822018,309040,0,1
2019-04-01,457.55,464.86,457.55,464.39,278827,340.0489718572027,345.4817288985668,340.0489718572027,345.13242714624926,278827,0,1
2019-04-02,464.59,466.23,460.58,461.31,226078,345.2810661897886,346.4999063468115,342.3008533668242,342.8433858757429,226078,0,1
2019-04-03,464.43,465.94,458.84,465.47,270228,345.16215495495715,346.28437973367943,341.0076936880316,345.93507798136187,270228,0,1
2019-04-04,466.47,469.01,462.62,463.31,219257,346.67827319905876,348.5659890520088,343.8169716109258,344.32977631113664,219257,0,1
2019-04-05,464.21,467.34,461.12,462.78,233018,344.9986520070638,347.324853038455,342.7021787843805,343.93588284575725,233018,0,1
2019-04-08,459.01,462.44,456.37,462.32,286751,341.13403687504007,343.68319647174036,339.1720015003204,343.59401304561675,286751,0,1
2019-04-09,458.52,460.22,453.17,454.37,300521,340.7698712183686,342.03330308845335,336.7937768036904,337.6856110649266,300521,0,1
2019-04-10,454.27,459.1,453.05,456.96,300509,337.61129154315694,341.20092444463285,336.70459337756677,339.6104866787615,300509,0,1
2019-04-11,457.09,463.13,457.09,461.52,563449,339.7071020570621,344.1960011719512,339.7071020570621,342.99945687145924,563449,0,1
2019-04-12,464.96,466.7,460.55,463.38,255333,345.5560484203365,346.84920809912904,342.2785575102933,344.3817999763754,255333,0,1
2019-04-15,464.93,464.93,457.22,458.16,213147,345.5337525638056,345.5337525638056,339.8037174353627,340.5023209399978,213147,0,1
2019-04-16,459.13,462.34,457.32,458.13,157693,341.22322030116374,343.60887694997064,339.8780369571324,340.48002508346684,157693,0,1
2019-04-17,459.85,460.13,454.3,456.24,269960,341.75832085790546,341.9664155188606,337.6335873996878,339.0753861220198,269960,0,1
2019-04-18,457.1,470.02,457,469.28,285512,339.7145340092391,349.3166162218826,339.6402144874694,348.76665176078694,285512,0,1
2019-04-22,466.91,469.4,464.26,467.33,338573,347.0052790948454,348.85583518691055,345.03581176794864,347.31742108627805,338573,0,1
2019-04-23,470,480.22,470,479.7,251848,349.30175231752867,356.8972074423907,349.30175231752867,356.5107459291883,251848,0,1
2019-04-24,481.58,484.36,475.49,477.42,334287,357.90795293845844,359.9740356436557,353.3818940626845,354.8162608328395,334287,0,1
2019-04-25,474.95,478.1,471.48,476.81,173722,352.9805686451282,355.32163358087337,350.40168123972006,354.36291175004436,173722,0,1
2019-04-26,479.31,483,477,482.93,226463,356.22089979428654,358.963290147588,354.5041188414068,358.9112664823492,226463,0,1
2019-04-29,482.08,484.95,481.41,482.57,252906,358.2795505473069,360.4125208220969,357.78160975145,358.64371620397833,252906,0,1
2019-04-30,482.79,487.04,481.42,482.52,317630,358.80721915187166,361.96579882708335,357.78904170362694,358.6065564430935,317630,0,1
2019-05-01,486.97,489.95,476.81,477.59,146929,361.91377516184457,364.12849691058125,354.36291175004436,354.9426040198479,146929,0,1
2019-05-02,476.9,479.07,473.64,478.59,248407,354.4297993196371,356.0425329420393,352.0069829099453,355.68579923754476,248407,0,1
2019-05-03,480.65,480.98,473.72,478.35,183348,357.2167813860003,357.4620358078403,352.0664385273611,355.5074323852976,183348,0,1
2019-05-06,468.94,475.33,466.54,475.29,287559,348.51396538677,353.262982827853,346.73029686429754,353.23325501914513,287559,0,1
2019-05-07,470.77,485.23,464,469.05,546339,349.8740126351553,360.620615483052,344.8425810113475,348.59571686071666,546339,0,1
2019-05-08,472.31,485.9,470.2,481.54,396190,351.01853327040845,361.1185562789089,349.45039136106806,357.8782251297506,396190,0,1
2019-05-09,474.19,474.67,463.22,473.05,450080,352.4157402796786,352.7724739841731,344.2628887415439,351.5684977315042,450080,0,1
2019-05-10,470.03,475.26,462.09,473.86,319110,349.32404817405956,353.21095916261424,343.4230781455464,352.1704858578386,319110,0,1
2019-05-13,464.01,465.58,457.54,464.18,397886,344.8500129635244,346.01682945530854,340.04153990502573,344.9763561505329,397886,0,1
2019-05-14,466.28,474.55,465.3,467.45,295116,346.5370661076963,352.68329055804946,345.8087347943534,347.40660451240166,295116,0,1
2019-05-15,463.23,465.3,445.33,452.63,693902,344.2703206937209,345.8087347943534,330.9671262969469,336.39245138613404,693902,0,1
2019-05-16,452.74,468.99,452.74,465.14,361845,336.4742028600807,348.5511251476549,336.4742028600807,345.68982355952187,361845,0,1
2019-05-17,459.81,463.75,454.79,457.75,415892,341.72859304919757,344.65678220692325,337.99775305635933,340.19761090074206,415892,0,1
2019-05-20,455.22,456.03,447.21,448.67,336384,338.317326999969,338.9193151263034,332.364333306217,333.44939832405447,336384,0,1
2019-05-21,451.65,458.86,449.81,458.5,382533,335.6641200727911,341.02255759238557,334.2966408722289,340.7550073140147,382533,0,1
2019-05-22,457.69,460.23,456.29,459.59,228943,340.15301918768023,342.0407350406303,339.1125458829046,341.56509010130424,228943,0,1
2019-05-23,454.88,456.1,444.51,447.63,196332,338.064640625952,338.9713387915422,330.3577062184355,332.67647529764974,196332,0,1
2019-05-24,450.26,451.99,445.75,445.9,159483,334.6310787201925,335.9168064468081,331.2792682883796,331.3907475710341,159483,0,1
2019-05-28,446.14,451.89,444.7,448.51,451492,331.56911442328135,335.8424869250384,330.4989133097979,333.33048708922297,451492,0,1
2019-05-29,445.5,449.59,442.11,446.46,213231,331.0934694839554,334.1331379243356,328.574037695963,331.80693689294435,213231,0,1
2019-05-30,447.08,453.23,445.88,450.64,221737,332.2677179279164,336.8383685167522,331.3758836666802,334.9134929029173,221737,0,1
2019-05-31,445.99,448.11,440.61,440.95,232936,331.45763514062685,333.03320900214425,327.4592448694177,327.7119312434346,232936,0,1
2019-06-03,440.25,444.52,437.98,441.19,365317,327.1916945910468,330.36513817061245,325.5046414468749,327.8902980956819,365317,0,1
2019-06-04,444.6,454.84,441.48,454.82,299155,330.42459378802823,338.0349128172441,328.105824708814,338.0200489128902,299155,0,1
2019-06-05,459.25,467.82,458.23,467.62,420394,341.31240372728735,347.6815867429495,340.55434460523657,347.53294769941016,420394,0,1
2019-06-06,467.2,473.14,462.79,468.53,403046,347.22080570797743,351.63538530109685,343.9433147979343,348.2092553475143,403046,0,1
2019-06-07,471.54,474.9,466.89,468.88,393306,350.4462729527819,352.94340888424335,346.99041519049143,348.4693736737082,393306,0,1
2019-06-10,474.08,478.75,472.56,474.67,296656,352.3339888057319,355.8047104723763,351.2043320748327,352.7724739841731,296656,0,1
2019-06-11,476.24,478.86,459.02,467.15,323029,353.9392904759572,355.886461946323,341.14146882721707,347.1836459470926,323029,0,1
2019-06-12,464.78,470.1,464.1,469.11,248621,345.42227328115104,349.3760718392984,344.9169005331172,348.6403085737785,248621,0,1
2019-06-13,472.03,474.46,469.73,473.06,192754,350.81043860945334,352.61640298845674,349.10108960875056,351.5759296836811,192754,0,1
2019-06-14,472.28,474.25,471.44,472.86,182124,350.9962374138775,352.4603319927404,350.3719534310122,351.42729064014173,182124,0,1
2019-06-17,473.18,473.73,468.45,471.54,183489,351.66511310980474,352.073870479538,348.14979973009855,350.4462729527819,183489,0,1
2019-06-18,474.98,483.74,473.65,480.86,246315,353.00286450165913,359.51325460868367,352.01441486212224,357.3728523817167,246315,0,1
2019-06-19,480.4,488.55,480.4,487.33,171646,357.0309825815761,363.08802360580563,357.0309825815761,362.18132544021546,171646,0,1
2019-06-20,494.35,498.13,492.96,496.71,414056,367.3985558684475,370.2078337913416,366.3655145158488,369.15249658221205,414056,0,1
2019-06-21,498.19,498.6,491.73,497.46,476915,370.25242550440345,370.5571355436592,365.4513843980817,369.7098929954847,476915,0,1
2019-06-24,498,501.17,490.85,491,340414,370.11121841304106,372.4671472531401,364.7973726065084,364.908851889163,340414,0,1
2019-06-25,491.12,492.8,481.15,484.4,298029,364.9980353152866,366.2466032810173,357.58837899484877,360.0037634523636,298029,0,1
2019-06-26,483.8,485.3,475.82,478.5,246343,359.5578463217455,360.6726391482908,353.62714848452447,355.6189116679521,246343,0,1
2019-06-27,480,483.53,474.18,476.08,178702,356.7337044944974,359.35718361296733,352.40830832750163,353.82037924112564,178702,0,1
2019-06-28,476.1,484.97,474.65,483.8,556336,353.83524314547964,360.42738472645084,352.75761007981913,359.5578463217455,556336,0,1
2019-07-01,489.88,491,474.49,484.48,342626,364.07647324534247,364.908851889163,352.63869884498763,360.0632190697794,342626,0,1
2019-07-02,484.48,490.54,482.13,488.52,240487,360.0632190697794,364.5669820890224,358.3167103081917,363.0657277492747,240487,0,1
2019-07-03,488.11,497.71,486.76,496.8,155156,362.761017710019,369.89569179990895,361.75770416612824,369.21938415180483,155156,0,1
2019-07-05,493.73,497.45,492,497.08,141133,366.93777483347543,369.7024610433078,365.6520471068598,369.4274788127599,141133,0,1
2019-07-08,495.36,496,489.88,491.32,161445,368.1491830383213,368.6248279776473,364.07647324534247,365.146674358826,161445,0,1
2019-07-09,483.95,488.35,478.04,483.76,311561,359.6693256044,362.93938456226624,355.27704186781153,359.5281185130376,311561,0,1
2019-07-10,489.61,492.54,488.4,489.76,392655,363.8758105365643,366.05337252441615,362.9765443231511,363.9872898192188,392655,0,1
2019-07-11,488.81,493.26,488.81,492.23,211837,363.2812543624068,366.5884730811579,363.2812543624068,365.8229820069301,211837,0,1
2019-07-12,495,498.15,491.66,498.06,203402,367.88163275995043,370.22269769569556,365.3993607328429,370.15581012610284,203402,0,1
2019-07-15,498.85,499.94,495.65,498.37,243713,370.7429343480834,371.55301713537295,368.3647096514534,370.3862006435889,243713,0,1
2019-07-16,498.86,502.67,497.28,497.83,214102,370.75036630026034,373.5819400796854,369.5761178562993,369.98487522603256,214102,0,1
2019-07-17,495.91,496.19,488.8,488.8,205431,368.5579404080546,368.7660350690097,363.27382241022985,363.27382241022985,205431,0,1
2019-07-18,486.1,488.54,484.65,488.11,194902,361.2671953224483,363.0805916536287,360.18956225678784,362.761017710019,194902,0,1
2019-07-19,491.86,491.86,481.61,483.59,303433,365.54799977638226,365.54799977638226,357.9302487949894,359.4017753260291,303433,0,1
2019-07-22,482.81,485.46,478.23,484.24,209384,358.8220830562256,360.7915503831223,355.4182489591739,359.8848522175321,209384,0,1
2019-07-23,487.78,495.66,484.81,493.46,293912,362.515763288179,368.3721416036304,360.30847349161934,366.73711212469726,293912,0,1
2019-07-24,491.42,497.38,489.8,494.66,181276,365.22099388059564,369.650437378069,364.01701762792675,367.6289463859335,181276,0,1
2019-07-25,498.54,500.45,493.09,498.46,150482,370.5125438305974,371.93204669639834,366.46212989414937,370.45308821318156,150482,0,1
2019-07-26,498.83,500.29,495.86,496,161082,370.72807044372945,371.8131354615669,368.5207806471698,368.6248279776473,161082,0,1
2019-07-29,496,496.25,489.1,491.35,291443,368.6248279776473,368.8106267820715,363.4967809755389,365.16897021535686,291443,0,1
2019-07-30,489.34,494.59,482.63,486.52,243254,363.67514782778613,367.5769227206947,358.68830791704016,361.57933731388096,243254,0,1
2019-07-31,486.89,491.57,482.6,485.44,219683,361.8543195444288,365.33247316325014,358.6660120605093,360.77668647876834,219683,0,1
2019-08-01,485.19,492.66,478.92,479.33,196121,360.5908876743441,366.14255595053976,355.93105365938476,356.2357636986405,196121,0,1
2019-08-02,479.02,479.62,468.6,470.95,248897,356.0053731811544,356.4512903117726,348.2612790127531,350.0077877743407,248897,0,1
2019-08-05,462.27,463.38,455.4,461.33,478337,343.55685328473186,344.3817999763754,338.4511021391544,342.8582497800968,478337,0,1
2019-08-06,506.1,555.27,502.95,524.39,962577,376.1310996763857,412.67400853054073,373.7900347406405,389.72414020806144,962577,0,1
2019-08-07,526.87,540.32,525,537.33,484792,391.5672643479497,401.5632400259726,390.1774892908565,399.34108632505894,484792,0,1
2019-08-08,538.19,553.71,538.19,550.83,404970,399.9802342122783,411.51462399093367,399.9802342122783,409.3742217639667,404970,0,1
2019-08-09,547.69,550.79,543.92,544.73,327700,407.04058878039854,409.34449395525877,404.23874280968124,404.84073093601575,327700,0,1
2019-08-12,542.54,547.37,538.36,541.86,368574,403.21313340925957,406.8027663107355,400.1065773992867,402.70776066122573,368574,0,1
2019-08-13,541.23,548.8,536.56,548.21,320183,402.23954767407673,407.865535472042,398.76882600743227,407.42705029360087,320183,0,1
2019-08-14,544.47,551.9,535.74,539.05,386535,404.6475001794146,410.1694406469023,398.15940592892093,400.6193820994975,386535,0,1
2019-08-15,511.09,517.58,507.66,516.22,243877,401.91393251592183,407.01757653562163,399.2166291280066,405.9480918103841,243877,30,1
2019-08-16,522.34,530.93,518.89,530.1,332428,410.760773073953,417.5158273311518,408.04774196949006,416.863127094426,332428,0,1
2019-08-19,536.32,540.07,507.66,537.58,355524,421.754446940733,424.70339379341004,399.2166291280066,422.74529308323247,355524,0,1
2019-08-20,535.56,537.75,530.19,534.6,540206,421.1567937119237,422.87897867388716,416.93390181889026,420.40186331763846,540206,0,1
2019-08-21,540,540,531.33,532.92,317696,424.64834678549335,424.64834678549335,417.83038166210406,419.08073512763906,317696,0,1
2019-08-22,536.22,536.99,528.65,530.26,361930,421.6758083579949,422.2813254450779,415.72286764472415,416.98894882680685,361930,0,1
2019-08-23,533.52,540.47,518.94,521.53,432921,419.5525666240674,425.01794812436225,408.0870612608592,410.1238005537747,432921,0,1
2019-08-26,525.82,527,516.4,521.75,334388,413.4973957532373,414.42533102954627,406.08964125931254,410.29680543579843,334388,0,1
2019-08-27,514.89,514.89,500.06,512.51,801097,404.9021986599679,404.9021986599679,393.2400968399145,403.0306003908022,801097,0,1
2019-08-28,512.58,522.16,506.28,521.2,398173,403.0856473987189,410.61922362502446,398.1314166862214,409.8642932307392,398173,0,1
2019-08-29,525,529,522.46,528.79,391065,412.8525593747852,415.99810268430736,410.85513937323867,415.83296166055743,391065,0,1
2019-08-30,529.74,539.47,524.17,538.32,441339,416.580028196569,424.2315622969817,412.1998591380593,423.32721859549406,441339,0,1
2019-09-03,539,539.87,532,534.78,441878,423.86196095811283,424.5461166279339,418.357260166449,420.5434127665669,441878,0,1
2019-09-04,539.77,540.47,536.24,536.58,301510,424.46747804519583,425.01794812436225,421.6915360745425,421.95890725585195,301510,0,1
2019-09-05,540,542.1,531.64,532.97,289703,424.64834678549335,426.29975702299254,418.074161268592,419.12005441900817,289703,0,1
2019-09-06,532.93,537.33,531.01,533.91,344145,419.0885989859129,422.5486966263873,417.57873819734226,419.8592570967458,344145,0,1
2019-09-09,534.22,539.39,510.94,513.58,456839,420.10303670323384,424.1686514307912,401.7959746418148,403.87203322609946,456839,0,1
2019-09-10,511.48,512.02,493.01,504.92,480690,402.22062298860027,402.64527133538576,387.6960767568816,397.0619319609839,480690,0,1
2019-09-11,503.44,509.28,499.21,501.1,433412,395.8980809364607,400.490574168363,392.57166888664096,394.05793810039023,433412,0,1
2019-09-12,503.71,515.73,503.71,514.76,474683,396.11040510985345,405.5627627549676,396.11040510985345,404.79996850240843,474683,0,1
2019-09-13,516.03,523.58,513.02,519.82,266127,405.7986785031817,411.7358914999049,403.43165716276627,408.77908078895405,266127,0,1
2019-09-16,517.83,525.47,516.23,523.54,319440,407.21417299246673,413.2221607136541,405.95595566865785,411.7044360668096,319440,0,1
2019-09-17,523.24,526.84,520.24,525.59,341648,411.46852031859544,414.29950929716546,409.10936283645384,413.31652701293973,341648,0,1
2019-09-18,525.8,531.48,523.93,530.38,332789,413.4816680366896,417.94833953621117,412.011126539488,417.08331512609254,332789,0,1
2019-09-19,529.91,533.88,527.3,531.28,248224,416.71371378722364,419.83566552192445,414.6612467777604,417.791062370735,248224,0,1
2019-09-20,532.94,533.73,522.9,527.26,436294,419.09646284418676,419.71770764781735,411.20114913728605,414.62979134466525,436294,0,1
2019-09-23,524.85,534.6,524.5,529.44,295250,412.73460150067814,420.40186331763846,412.45936646109493,416.34411244835485,295250,0,1
2019-09-24,537.04,537.04,524.09,526.38,368420,422.3206447364469,422.3206447364469,412.13694827186896,413.9377718165704,368420,0,1
2019-09-25,524.87,528.82,521.85,528.06,245780,412.7503292172257,415.8565532353789,410.37544401853654,415.2589000065696,245780,0,1
2019-09-26,529.5,533.94,528.37,530.66,166963,416.39129559799767,419.88284867156733,415.50267961305764,417.30350315775905,166963,0,1
2019-09-27,534.81,537.14,515.41,518.19,324521,420.56700434138827,422.399283319185,405.3111192902058,407.49727189032376,324521,0,1
2019-09-30,518.98,523.42,516.73,520.67,221192,408.11851669395435,411.6100697675239,406.3491485823481,409.4475087422274,221192,0,1
2019-10-01,521.62,522.99,506.03,506.47,256495,410.194575278239,411.27192386175034,397.93482022937627,398.28082999342377,256495,0,1
2019-10-02,501.84,504.22,497.46,499.76,343550,394.6398636126518,396.5114618818175,391.19549368872504,393.0041810917003,343550,0,1
2019-10-03,499.37,507.31,497.33,507.23,197002,392.6974906190219,398.9413940884234,391.0932635311656,398.87848322223294,197002,0,1
2019-10-04,509.28,514,506,513.61,213228,400.490574168363,404.20231527359925,397.91122865455486,403.8956248009208,213228,0,1
2019-10-07,510.31,521.72,510.06,514.42,201006,401.300551570565,410.273213860977,401.1039551137199,404.53259732109905,201006,0,1
2019-10-08,510.51,514.53,501.23,508.66,200072,401.4578287360411,404.6190997621109,394.1601682579497,400.00301495538713,200072,0,1
2019-10-09,511.61,513.47,506,509.15,216163,402.32285314615973,403.7855307850876,397.91122865455486,400.38834401080356,216163,0,1
2019-10-10,507.47,514.28,506.1,511,176372,399.0672158208043,404.42250330526576,397.98986723729297,401.8431577914576,176372,0,1
2019-10-11,518.66,527.53,515,524.78,331648,407.86687322919255,414.84211551805794,404.98870110097977,412.67955449276144,331648,0,1
2019-10-14,524.38,525.64,518.19,518.7,224381,412.3650001618093,413.3558463043087,407.49727189032376,407.89832866228784,224381,0,1
2019-10-15,520.99,525.13,519.01,523,210157,409.69915220698925,412.95478953234465,408.14210826877576,411.2797877200241,210157,0,1
2019-10-16,521.71,522.71,517.39,518.84,199656,410.26535000270326,411.05173583008377,406.86816322841923,408.00842267812106,199656,0,1
2019-10-17,518.84,528.41,518.84,526.55,223208,408.00842267812106,415.5341350461528,408.00842267812106,414.071457407225,223208,0,1
2019-10-18,527.88,527.88,519.51,526.57,338806,415.11735055764115,415.11735055764115,408.535301182466,414.0871851237727,338806,0,1
2019-10-21,525.6,529.06,521.12,521.93,314847,413.32439087121355,416.0452858339502,409.8013823645487,410.4383548847269,314847,0,1
2019-10-22,521,524.85,508.33,510.93,350953,409.707016065263,412.73460150067814,399.74350763235157,401.78811078354096,350953,0,1
2019-10-23,508.21,516.27,508.21,514.87,174521,399.64914133306587,405.987411101753,399.64914133306587,404.8864709434203,174521,0,1
2019-10-24,515.44,528.9,513.3,527.79,221411,405.33471086502726,415.9194641015693,403.65184519443284,415.0465758331769,221411,0,1
2019-10-25,527.27,529.97,522.67,523.45,191222,414.637655202939,416.7608969368665,411.0202803969885,411.6336613423454,191222,0,1
2019-10-28,523.26,530.99,523.26,527.52,198863,411.4842480351431,417.5630104807947,411.4842480351431,414.8342516597842,198863,0,1
2019-10-29,532,539.68,525.39,525.97,286640,418.357260166449,424.39670332073155,413.1592498474636,413.61535362734435,286640,0,1
2019-10-30,526.06,532.6,521.48,531.96,165629,413.6861283518085,418.8290916628774,410.0844812624057,418.32580473335383,165629,0,1
2019-10-31,532.2,532.65,524.54,526.28,204629,418.51453733192517,418.8684109542464,412.4908218941901,413.85913323383227,204629,0,1
2019-11-01,531.03,539.45,528.92,538.28,239268,417.59446591388985,424.2158345804341,415.9351918181169,423.2957631623988,239268,0,1
2019-11-04,539.5,541.04,529.3,533.04,186094,424.2551538718031,425.4661880459691,416.2340184325215,419.17510142692475,186094,0,1
2019-11-05,531.37,535.65,527.8,535.47,187335,417.8618370951993,421.22756843638797,415.0544396914507,421.0860189874595,187335,0,1
2019-11-06,535.55,536.58,530.58,536.42,226786,421.1489298536499,421.95890725585195,417.24059229156865,421.83308552347097,226786,0,1
2019-11-07,539.26,543.23,537.65,538.3,265495,424.06642127323175,427.1883730079325,422.80034009114905,423.3114908789464,265495,0,1
2019-11-08,538.86,544.89,538.59,541.08,195839,423.75186694227955,428.4937734813842,423.5395427688868,425.4976434790644,195839,0,1
2019-11-11,540.09,544.31,538.29,543.11,211997,424.71912150995763,428.03766970150343,423.3036270206726,427.0940067086469,211997,0,1
2019-11-12,543.34,545.52,541.12,544.5,180575,427.2748754489444,428.9891965526339,425.52909891215955,428.1870830087058,180575,0,1
2019-11-13,544.29,553.04,543.54,549.2,209981,428.02194198495584,434.9028179745356,427.43215261442043,431.8830963973944,209981,0,1
2019-11-14,547.76,560.61,546.94,559.77,205387,430.75070080596635,440.8557586878064,430.10586442751435,440.1951945928067,205387,0,1
2019-11-15,561.33,564.09,556.97,559.78,346702,441.4219564835204,443.5923813670907,437.9933142761412,440.2030584510805,346702,0,1
2019-11-18,562,568.83,560,567.68,279107,441.9488349878653,447.31985018887445,440.37606333310424,446.4155064873868,279107,0,1
2019-11-19,548.79,573.03,544.33,568.16,459881,431.5606782081683,450.62267066387267,428.05339741805113,446.79297168452945,459881,0,1
2019-11-20,567.79,581.07,567.79,575,363551,446.50200892839865,456.9452127160123,446.50200892839865,452.17185074381234,363551,0,1
2019-11-21,574.67,579.27,566.75,573.14,268790,451.9123434207768,455.52971822672725,445.6841676679229,450.70917310488454,268790,0,1
2019-11-22,558,566.2,552.52,562.4,653845,438.80329167834316,445.25165546286365,434.49389734429775,442.26338931881753,653845,0,1
2019-11-25,562.2,571.84,560.77,571.01,323962,442.1061121533414,449.6868715292899,440.98158042018724,449.034171292564,323962,0,1
2019-11-26,571.86,575.28,569.75,573.44,493630,449.70259924583746,452.3920387754789,448.0433251500645,450.94508885309875,493630,0,1
2019-11-27,571.03,572.95,562.41,567.33,244975,449.0498990091116,450.5597597976823,442.2712531770913,446.1402714478036,244975,0,1
2019-11-29,565.53,570.9,563.19,567.1,118627,444.7247769585186,448.9476688515521,442.8846341224482,445.9594027075061,118627,0,1
2019-12-02,567.49,569.56,556.49,556.58,339374,446.2660931801845,447.89391184286217,437.6158490789985,437.6866238034628,339374,0,1
2019-12-03,551.44,557.3,550.01,555.51,382003,433.64460065072683,438.25282159917674,432.5200689175726,436.8451909681656,382003,0,1
2019-12-04,558.3,572.2,558.3,563,359300,439.03920742655725,449.9699704271469,439.03920742655725,442.73522081524584,359300,0,1
2019-12-05,563.66,566.14,559.5,565.05,344854,443.25423546131697,445.2044723132207,439.9828704194139,444.3473117613759,344854,0,1
2019-12-06,569.29,572.21,567.42,570.11,251672,447.6815876694694,449.97783428542067,446.2110461722678,448.32642404792153,251672,0,1
2019-12-09,568.96,571.93,561.61,564.01,294953,447.4220803464339,449.75764625375405,441.6421445151869,443.5294705009002,294953,0,1
2019-12-10,564.57,571.32,564.57,569.25,257749,443.96984656423336,449.27795089905203,443.96984656423336,447.65013223637425,257749,0,1
2019-12-11,570.6,570.63,565.96,570.05,203138,448.71175310333797,448.7353446781594,445.06292286429226,448.27924089827866,203138,0,1
2019-12-12,569.23,571.94,564.02,567.58,174303,447.63440451982666,449.7655101120279,443.537334359174,446.3368679046488,174303,0,1
2019-12-13,569.59,576.97,567.57,575.81,243043,447.91750341768363,453.7210308237521,446.32900404637496,452.8088232639906,243043,0,1
2019-12-16,580,580,567.51,575.34,311047,456.1037798807151,456.1037798807151,446.2818208967321,452.4392219251218,311047,0,1
2019-12-17,573.19,574.99,567.12,570.32,289573,450.74849239625365,452.1639868855386,445.9751304240537,448.49156507167146,289573,0,1
2019-12-18,570.44,570.44,557.26,567.44,343684,448.58593137095716,448.58593137095716,438.2213661660815,446.2267738888155,343684,0,1
2019-12-19,568.76,576.09,566.31,574.96,315155,447.26480318095776,453.0290112956572,445.3381579038754,452.14039531071717,315155,0,1
2019-12-20,590.16,594.95,583.11,591.29,717410,464.09345988690137,467.86024800005424,458.5494398038686,464.9820758718414,717410,0,1
2019-12-23,592.19,596.99,590.7,593.03,375771,465.689823116484,469.4644750879105,464.5181082336869,466.35038721148356,375771,0,1
2019-12-24,596.26,597.33,592.26,592.63,99076,468.89041343392273,469.73184626921994,465.74487012440056,466.03583288053136,99076,0,1
2019-12-26,593.61,597.94,592.56,597.78,258760,466.8064909913643,470.2115416239221,465.98078587261466,470.08571989154115,258760,0,1
2019-12-27,568,570.03,560.66,563.98,221275,472.40686124234475,474.0952167499538,466.3021669438961,469.0634183159465,221275,32.5,1
2019-12-30,564.38,566.37,557.81,562.01,196703,469.3960992041453,471.0511866229345,463.9318156154794,467.4249649415672,196703,0,1
2019-12-31,561.47,564.51,558.34,560,202779,466.9758457424988,469.5042204928099,464.37261779234296,465.75324347836806,202779,0,1
2020-01-02,560.8,567.44,559.1,567.44,311688,466.41860525476574,471.94110799886647,465.00471147992073,471.94110799886647,311688,0,1
2020-01-03,561.34,578.41,561.34,577.84,278017,466.8677244538342,481.0648813577194,466.8677244538342,480.5908110920361,278017,0,1
2020-01-06,576.99,585.43,574.71,584.8,377673,479.8838642046136,486.90343094560893,477.98758314188024,486.3794585466958,377673,0,1
2020-01-07,583.37,589.34,580.75,587,255128,485.19012437138497,490.1553866277526,483.0110645536826,488.2092034317894,255128,0,1
2020-01-08,590.92,590.92,583.72,585.63,409094,491.4694761361379,491.4694761361379,485.481220148559,487.06977138970836,409094,0,1
2020-01-09,590.43,595.85,586.01,595.41,316543,491.06194204809435,495.56976808318865,487.3858182334973,495.2038191061699,316543,0,1
2020-01-10,595.74,600.94,593.04,595.47,256573,495.4782808389339,499.80313238551884,493.23268484359176,495.25372123939974,256573,0,1
2020-01-13,596.42,606.1,595.53,604.57,199453,496.04383834887193,504.0947158432838,495.30362337262954,502.82221144592324,199453,0,1
2020-01-14,602.89,611.07,602.29,609,534192,501.4249517154881,508.2282758791543,500.92593038318984,506.50665228272527,534192,0,1
2020-01-15,625.48,625.48,614.16,619.66,439812,520.2131048765173,520.2131048765173,510.7982357404902,515.3725979532242,439812,0,1
2020-01-16,622.85,634.57,619.59,633.33,356054,518.02572803661,527.7732780608358,515.3143787977895,526.7419673074194,356054,0,1
2020-01-17,635.64,638.95,631.03,636.66,379826,528.6631994367676,531.416133786613,524.829052200276,529.5115357016747,379826,0,1
2020-01-21,633.66,644.83,633.61,643.8,382514,527.0164290401834,536.306542843136,526.9748439291586,535.4498895560239,382514,0,1
2020-01-22,646.95,649.88,642.15,644.02,422958,538.0697515505898,540.5066390566461,534.0775808922036,535.6328640445332,422958,0,1
2020-01-23,650.95,662.85,647.01,657.93,462399,541.3965604325781,551.2938168564933,538.1196536838195,547.2018419316477,462399,0,1
2020-01-24,660.99,667.29,653.5,656.73,393386,549.7468507263687,554.9865747155004,543.5174010948456,546.2037992670512,393386,0,1
2020-01-27,643.94,652.33,638.59,650.51,320916,535.5663278668935,542.544309496864,531.1167209872341,541.0306114555593,320916,0,1
2020-01-28,653.94,660.35,646.01,657.86,267753,543.8833500718644,549.2145613052506,537.2879514633224,547.143622776213,267753,0,1
2020-01-29,663.25,664.54,653.86,654.18,276207,551.6264977446922,552.6993936091334,543.8168138942245,544.0829586047836,276207,0,1
2020-01-30,647.06,655.295,645.86,653.88,242345,538.1612387948443,545.0103065806378,537.1631961302479,543.8334479386345,242345,0,1
2020-01-31,649.78,653.1,638.56,643.28,360871,540.4234688345964,543.1847202066468,531.0917699206191,535.0174044013654,360871,0,1
2020-02-03,646.49,658.85,646.17,652.28,396341,537.687168529161,547.967007974505,537.421023818602,542.5027243858391,396341,0,1
2020-02-04,665,673.51,633.71,641.27,632907,553.081976630562,560.1597625269923,527.0580141512083,533.3456829381662,632907,0,1
2020-02-05,642.88,646.535,620.58,626.18,550270,534.6847235131665,537.7245951290834,516.1377639960816,520.7952964308652,550270,0,1
2020-02-06,626.2,635.26,618.03,633.78,392574,520.8119304752752,528.3471525929788,514.0169233338139,527.116233306643,392574,0,1
2020-02-07,633.26,638.43,629.21,634.54,325154,526.6837481519846,530.9836486319545,523.3153541589714,527.7483269942209,325154,0,1
2020-02-10,634.54,643.86,632.05,643.27,445403,527.7483269942209,535.4997916892537,525.6773884651831,535.0090873791604,445403,0,1
2020-02-11,646.63,656.59,644.16,650.05,402981,537.8036068400306,546.0873609561817,535.7493023554028,540.6480284341307,402981,0,1
2020-02-12,650.11,651.59,638.99,650.23,286270,540.6979305673605,541.9288498536962,531.449401875433,540.7977348338202,286270,0,1
2020-02-13,649.57,660.02,649.57,655.67,235060,540.2488113682921,548.9400995724866,540.2488113682921,545.3221949133242,235060,0,1
2020-02-14,655.9,657.82,644.94,646.75,507165,545.5134864240385,547.110354687393,536.3980300873906,537.9034111064902,507165,0,1
2020-02-18,643.07,648.75,639.9,641.46,230365,534.8427469350611,539.5668155474845,532.2062508960852,533.5037063600607,230365,0,1
2020-02-19,644.27,649.41,639.55,641.26,257935,535.8407895996575,540.1157390130124,531.9151551189112,533.3373659159613,257935,0,1
2020-02-20,640.11,644.83,625.71,634.32,443997,532.3809083623896,536.306542843136,520.4043963872316,527.5653525057115,443997,0,1
2020-02-21,631.78,635,625,629.9,309552,525.4528288656488,528.1309100156495,519.8138878106787,523.8892286911143,309552,0,1
2020-02-24,618.03,619.69,599.32,601.45,613303,514.0169233338139,515.3975490198392,498.45577478831353,500.2273005179723,613303,0,1
2020-02-25,605.12,607.33,568.29,572.21,615643,503.27964766719657,505.11770957449517,472.6480548862889,475.90832759063755,615643,0,1
2020-02-26,574,585.58,563.75,564.63,456447,477.3970745653273,487.02818627868356,468.87212680523214,469.6040247592696,456447,0,1
2020-02-27,553.56,566.94,548.13,549.47,670400,460.3970811783668,471.5252568886179,455.8809381210677,456.9954190965338,670400,0,1
2020-02-28,530.67,558.56,516.42,557.81,911870,441.35941735118854,464.55559228085224,429.50766070910504,463.9318156154794,911870,0,1
2020-03-02,559.7,571.4,546.36,568.46,527909,465.50373281221897,475.2346487920348,454.40882519078787,472.7894442637735,527909,0,1
2020-03-03,565.86,586.49,551.5,557.07,423465,470.627018490481,487.7850352993359,458.68377460414285,463.31635597231167,423465,0,1
2020-03-04,565.4,577.96,556.23,577.44,472880,470.24443546905235,480.6906153584958,462.6177261070941,480.2581302038373,472880,0,1
2020-03-05,563.64,564.51,525.04,536.37,945853,468.7806395609775,469.5042204928099,436.6769338497899,446.1001200080219,945853,0,1
2020-03-06,518.48,522.03,494.72,503.11,1247570,431.2209672833291,434.1735101660937,411.45972252431835,418.4377041542889,1247570,0,1
2020-03-09,461.45,473.59,440.82,452.01,1241262,383.78898964838027,393.8858546052149,366.6309728395254,375.93772068688776,1241262,0,1
2020-03-10,468.51,496.99,467.02,495.64,943833,389.6608073250897,413.3476865648467,388.421571016549,412.22488856717564,943833,0,1
2020-03-11,474.97,484.98,451.33,462.17,1193374,395.0336036695009,403.3589428966767,375.37216317694975,384.3878152471382,1193374,0,1
2020-03-12,420.18,428.63,390.02,407.01,1704228,349.46463900846555,356.4925227716659,324.3805000382734,338.5111207645189,1704228,0,1
2020-03-13,436.22,441.39,397.87,414.72,1382004,362.80514262523883,367.1050431052087,330.90936246917556,344.92354488455146,1382004,0,1
2020-03-16,331.91,361.63,329.01,338.44,1911731,276.0502840051878,300.7684739983612,273.6383475657462,281.48129950503375,1911731,0,1
2020-03-17,342.93,343.34,295.95,315.01,1805203,285.21564247506564,285.55664038546945,246.14227215611254,261.99451647878703,1805203,0,1
2020-03-18,276.45,283.37,200.06,245.79,3569021,229.92407885641938,235.67945822225923,166.390346232647,204.42408877597873,3569021,0,1
2020-03-19,242.1,312.78,241.21,305.77,1744896,201.3551075823445,260.1398205270785,200.61489260610207,254.30958796139393,1744896,0,1
2020-03-20,313.48,337.28,301.08,302.51,2093846,260.7220120814265,280.5165249292571,250.4089045472626,251.59823872257343,2093846,0,1
2020-03-23,301.08,319.52,280.82,301.53,1265482,250.4089045472626,265.7454934932289,233.55861755999163,250.78317054648628,1265482,0,1
2020-03-24,323.6,345.62,312,325.68,980312,269.138838552857,287.4529214482028,259.49109279509076,270.8687791714909,980312,0,1
2020-03-25,344.91,368.98,331.46,350.09,1099571,286.8624128716499,306.88148531901476,275.67601800596407,291.1706303738248,1099571,0,1
2020-03-26,361.3,408.76,356.07,402.09,1079590,300.4940122655971,339.9665996503888,296.14420965239736,334.4191458396732,1079590,0,1
2020-03-27,388.15,388.87,358.13,363.01,714540,322.82521688594386,323.4240424847018,297.8575162266213,301.91622306264713,714540,0,1
2020-03-30,363.02,367.5,330.64,342.75,979588,301.9245400848521,305.650566032679,274.99402218515644,285.06593607537616,979588,0,1
2020-03-31,339.87,347.05,318.78,320.19,1051926,282.67063368034457,288.6422556235137,265.130033850061,266.30273398096193,1051926,0,1
2020-04-01,302.58,304.18,269.08,272.54,1325552,251.6564578780082,252.9871814308036,223.79443349135585,226.67212317427578,1325552,0,1
2020-04-02,270.01,293.86,260,284.47,1308161,224.56791655641814,244.40401451527367,216.24257732924232,236.59433066480602,1308161,0,1
2020-04-03,282.67,282.67,261.01,270.31,1095253,235.09726666791127,235.09726666791127,217.08259657194438,224.8174272225673,1095253,0,1
2020-04-06,295.71,301.52,284.36,288.93,1327480,245.94266362319325,250.77485352428133,236.50284342055136,240.303722568223,1327480,0,1
2020-04-07,314.6,318,282.19,286.43,1201046,261.6535185683832,264.4813061180733,234.69804960207264,238.2244670169803,1201046,0,1
2020-04-08,296.9,333.08,292.5,328.25,1186550,246.93238926558476,277.02337560316937,243.2728994953976,273.0062538781684,1186550,0,1
2020-04-09,340.41,373.46,335.22,344.54,1224013,283.119752879413,310.60751126684164,278.80321835503315,286.554683050066,1224013,0,1
2020-04-13,340.54,341.53,310.04,313.6,554235,283.2278741680776,284.0512593663697,257.8609564429165,260.82181634788617,554235,0,1
2020-04-14,325.01,338.56,315.43,318.16,1014148,270.3115386837579,281.5811037714934,262.3438314113958,264.6143784733529,1014148,0,1
2020-04-15,308.1,321.48,303.87,316.94,612116,256.24745413515217,267.3756298454032,252.7293537424495,263.5997017643464,612116,0,1
2020-04-16,315.77,317.9,296.41,300.9,680615,262.6266101663648,264.3981358960236,246.52485517754124,250.2591981475731,680615,0,1
2020-04-17,330.99,348.9,328.31,337.4,965420,275.28511796233045,290.18090473143326,273.0561560113983,280.61632919571673,965420,0,1
2020-04-20,335,335.5,313.35,316.4,527435,278.62024386652377,279.0360949767723,260.6138907927619,263.15058256527794,527435,0,1
2020-04-21,303.95,311.42,301.21,307.75,467503,252.79588992008922,259.0087055072025,250.5170258359272,255.95635835797816,467503,0,1
2020-04-22,315.65,317.62,301.21,304.26,481201,262.5268058999051,264.16525927428444,250.5170258359272,253.05371760844332,481201,0,1
2020-04-23,309.77,324.34,305.67,314.28,535308,257.6363968433823,269.7542981960248,254.22641773934424,261.3873738578241,535308,0,1
2020-04-24,313.46,314.67,304.44,304.92,776407,260.7053780370165,261.71173772381803,253.20342400813283,253.60264107397143,776407,0,1
2020-04-27,307.87,321.9,299.62,317.45,791697,256.05616262443783,267.72494477801195,249.19461930533686,264.0238698967999,791697,0,1
2020-04-28,329.02,340.23,317.03,336.65,708194,273.6466645879512,282.9700464797235,263.6745549641911,279.9925525303439,708194,0,1
2020-04-29,351.89,379,346.5,371.18,816537,292.6676943707195,315.21514156839555,288.18481940224024,308.71123020410835,816537,0,1
2020-04-30,362.23,366.5,344.7,363.08,1197668,301.2674953306594,304.818863812182,286.6877554053455,301.97444221808195,1197668,0,1
2020-05-01,355.52,355.52,335.51,349.45,959925,295.6867734311239,295.6867734311239,279.0444119989773,290.63834095270664,959925,0,1
2020-05-04,332.01,342.63,320.18,342.43,1085739,276.13345422723745,284.96613180891654,266.294416958757,284.7997913648171,1085739,0,1
2020-05-05,351.39,359.43,312.2,324.59,1024662,292.251843260471,298.9387291132676,259.6574332391902,269.96222375114905,1024662,0,1
2020-05-06,329.17,334,318.52,319.47,584214,273.77141992102577,277.78854164602666,264.91379127273177,265.703908382204,584214,0,1
2020-05-07,323.73,334.93,322.36,324.55,612919,269.24695984152163,278.56202471108895,268.1075277994406,269.9289556623292,612919,0,1
2020-05-08,332.55,353.34,330.01,352.61,456795,276.5825734263059,293.8736625904403,274.4700497862433,293.26651996947743,456795,0,1
2020-05-11,346.91,355,335.81,348.96,707602,288.52581731264405,295.2542882764655,279.2939226651264,290.23080686466307,707602,0,1
2020-05-12,348.6,354.34,329.15,329.51,665150,289.93139406528417,294.7053648109374,273.7547858766158,274.05419867599477,665150,0,1
2020-05-13,327.27,332.76,309.76,320.05,1005247,272.19118570208127,276.75723089261027,257.6280798211773,266.18629567009236,1005247,0,1
2020-05-14,315.87,332.93,303.51,330.44,653486,262.7097803884145,276.8986202700948,252.42994094307053,274.82768174105706,653486,0,1
2020-05-15,324.1,332.63,318.1,325,411284,269.55468966310553,276.64910960394565,264.564476340123,270.3032216615529,411284,0,1
2020-05-18,345.36,374.99,344.64,370.52,806672,287.23667887087356,311.88001566420223,286.63785327211565,308.16230673858024,806672,0,1
2020-05-19,368.83,376.61,359.17,361.2,783870,306.7567299859402,313.22737326140754,298.72248653593834,300.4108420435474,783870,0,1
2020-05-20,367.82,377.23,361.4,365.33,445479,305.9167107432381,313.74302863811573,300.57718248764684,303.84577221420034,445479,0,1
2020-05-21,366.61,390.64,366.61,375.35,616127,304.91035105643664,324.8961554149816,304.91035105643664,312.1794284635812,616127,0,1
2020-05-22,378.16,382.06,368.5,380.8,571962,314.516511703178,317.7601503631166,306.48226825317613,316.7122055652903,571962,0,1
2020-05-26,409.38,410.46,393.15,403.06,1024570,340.482255027097,341.38049342523385,326.9837279884293,335.2258969935554,1024570,0,1
2020-05-27,415.85,436.56,410.21,435.38,1227292,345.8633683937132,363.08792138020783,341.17256787010956,362.10651276002125,1227292,0,1
2020-05-28,443.44,446.15,429.07,431.13,1100978,368.81003265722774,371.06394567477486,356.8584717486846,358.57177832290864,1100978,0,1
2020-05-29,423.19,437.96,421.84,424.82,1136442,351.96806269216177,364.2523044889037,350.84526469449065,353.323737311572,1136442,0,1
2020-06-01,423.77,442.2,423.77,438.79,596608,352.45044998005005,367.77872190381134,352.45044998005005,364.9426173319163,596608,0,1
2020-06-02,442.22,445.46,427.06,432.44,1022009,367.79535594822136,370.49007114263185,355.18675028548546,359.6613082317598,1022009,0,1
2020-06-03,442.29,475.87,440.78,469.9,1041820,367.8535751036561,395.78213566794824,366.5977047507055,390.8168734115806,1041820,0,1
2020-06-04,468.21,489.05,467.51,481.73,803567,389.41129665894056,406.7439709340998,388.8291051045926,400.6559106800612,803567,0,1
2020-06-05,520,537.56,486.04,490.78,995243,432.48515465848465,447.08984565041345,404.2405472504036,408.1828157755598,995243,0,1
2020-06-08,513,513,489.61,494.94,634787,426.66323911500507,426.66323911500507,407.2097241775782,411.6426970128277,634787,0,1
2020-06-09,479.13,489.96,467.76,479.2,555355,398.49348490676874,407.50081995475216,389.0370306597169,398.55170406220356,555355,0,1
2020-06-10,475,477.12,454.35,461.08,900027,395.0585547361158,396.8217634435696,377.883903882851,383.48125982679636,900027,0,1
2020-06-11,436.11,446.32,413.13,420.56,924372,362.7136553809841,371.20533505225933,343.60113835396106,349.7806858522544,924372,0,1
2020-06-12,448.07,455.16,422.24,447.39,456152,372.66081393812925,378.5575826814536,351.1779455826895,372.09525642819125,456152,0,1
2020-06-15,423.86,462.43,422.25,459.74,430431,352.5253031798948,384.6040578244674,351.1862626048945,382.36677885133025,430431,0,1
2020-06-16,479.41,482.11,450.78,465.2,595901,398.72636152850794,400.97195752385005,374.9147269556763,386.90787297524435,595901,0,1
2020-06-17,467.83,468.22,456.27,459.69,269368,389.09524981515165,389.41961368114556,379.48077214620537,382.3251937403054,269368,0,1
2020-06-18,453.44,467.67,449.31,465.75,328064,377.12705486219863,388.9621774598722,373.69212469154564,387.3653091965177,328064,0,1
2020-06-19,476.71,477.57,460.2,463,958758,396.48076553316577,397.1960294427933,382.7493618727589,385.07812809015076,958758,0,1
2020-06-22,456.36,468.84,452.38,464.73,357192,379.55562534605014,389.9352690578537,376.2454505084717,386.5169729316107,357192,0,1
2020-06-23,464,467.07,453.2,458.21,760068,385.90983031064786,388.4631561275739,376.9274463292793,381.0942744539697,760068,0,1
2020-06-24,452.65,453.51,430.98,433.9,762696,376.4700101080059,377.1852740176334,358.44702298983407,360.8755934736855,762696,0,1
2020-06-25,428.01,439.75,424.28,436,574481,355.9768673949577,365.7410514635935,352.8746181125036,362.62216813672944,574481,0,1
2020-06-26,436.01,437,416.22,421.09,1017462,362.6304851589344,363.4538703572265,346.1710982152971,350.22148802911784,1017462,0,1
2020-06-29,431.4,443.76,420.76,443.76,643217,358.79633792244283,369.0761773677868,349.94702629635384,369.0761773677868,643217,0,1
2020-06-30,438.63,446.17,431.05,442.05,413103,364.80954497663674,371.0805797191848,358.5052421452689,367.6539665707368,413103,0,1
2020-07-01,441.82,453.38,435.48,439.59,382187,367.4626750600225,377.07715272896877,362.18968298207096,365.60797910831394,382187,0,1
2020-07-02,450.16,456.35,441.82,442.33,425625,374.3990715789682,379.54730832384513,367.4626750600225,367.88684319247596,425625,0,1
2020-07-06,450.85,451.19,430.09,435.48,627810,374.9729461111112,375.2557248660802,357.7068080135916,362.18968298207096,627810,0,1
2020-07-07,432.42,433.05,418.46,419.49,478342,359.6446741873499,360.16864658626304,348.03411118921053,348.89076447632254,478342,0,1
2020-07-08,420.89,427.95,418.1,426.9,617196,350.05514758501846,355.9269652617279,347.73469838983164,355.05367793020594,617196,0,1
2020-07-09,422.67,425.64,405.01,410.98,458992,351.5355775375033,354.0057331323796,336.8477163235247,341.8129785798924,458992,0,1
2020-07-10,412.85,421.68,406.67,420.88,413437,343.3682617322219,350.7121923392112,338.2283420095499,350.0468305628135,413437,0,1
2020-07-13,426.57,432.64,412.29,414.37,414068,354.7792161974419,359.8276486758592,342.90250848874354,344.63244910737745,414068,0,1
2020-07-14,410.77,422.96,408.53,422.66,399180,341.63832111358795,351.77677118144743,339.77530813967445,351.52726051529834,399180,0,1
2020-07-15,430.09,439.24,430.03,434.21,550565,357.7068080135916,365.31688333114,357.6569058803618,361.1334211620396,550565,0,1
2020-07-16,429.77,436.95,425.78,431.47,359919,357.4406633030326,363.41228524620163,354.1221714432492,358.85455707787764,359919,0,1
2020-07-17,432.19,435,425.94,432.87,256267,359.45338267663556,361.79046591623234,354.25524379852874,360.01894018657356,256267,0,1
2020-07-20,431.34,436.97,426.5,430.85,545304,358.74643578921297,363.42891929061165,354.7209970420071,358.33890170116945,545304,0,1
2020-07-21,437.48,448,437.43,440.88,231812,363.8530874230651,372.60259478269444,363.81150231204026,366.6808749727552,231812,0,1
2020-07-22,436.07,450,436.07,445.57,268986,362.6803872921642,374.26599922368865,362.6803872921642,370.5815583868865,268986,0,1
2020-07-23,442.46,444.82,434.81,437.47,304939,367.9949644811406,369.9577817215137,361.6324424943379,363.84477040086017,304939,0,1
2020-07-24,438.94,438.94,423.85,425.56,348606,365.06737266499084,365.06737266499084,352.51698615768987,353.9391969547399,348606,0,1
2020-07-27,425,430.22,418.02,424.18,185333,353.4734437112615,357.8149293022563,347.6681622121918,352.79144789045387,185333,0,1
2020-07-28,425,433.36,424.47,426.95,355730,353.4734437112615,360.42647427461714,353.03264153439807,355.0952630412308,355730,0,1
2020-07-29,428.06,435.925,425.5,433.37,322521,356.01845250598257,362.5597904701922,353.88929482151,360.4347912968221,322521,0,1
2020-07-30,427.95,438.83,426.755,433.34,284605,355.9269652617279,364.9758854207362,354.93308110823386,360.4098402302072,284605,0,1
2020-07-31,430.27,433.35,422.51,431.58,328262,357.8565144132811,360.4181572524122,351.40250518222376,358.9460443221323,328262,0,1
2020-08-03,430.01,437.765,421.47,436.01,348702,357.64027183595186,364.09012255590676,350.5375348729068,362.6304851589344,348702,0,1
2020-08-04,435.72,453.95,434.57,448.74,723697,362.38929151499025,377.5512229946521,361.43283396141857,373.2180544258623,723697,0,1
2020-08-05,452.12,474.14,450.165,471.61,492389,376.0292079311425,394.34329082648827,374.4032300900707,392.2390842086307,492389,0,1
2020-08-06,466.1,475.47,466.01,472.07,244373,387.65640497369174,395.44945477974943,387.58155177384697,392.6216672300593,244373,0,1
2020-08-07,480.09,480.09,470,475.39,460500,399.29191903844594,399.29191903844594,390.90004363363033,395.3829186021096,460500,0,1
2020-08-10,477.87,489.37,477.34,482.57,582340,397.4455401089424,407.0101156446589,397.00473793207897,401.3545405452787,582340,0,1
2020-08-11,494.17,506.075,489.83,490.23,784514,411.0022863030449,420.9037012380627,407.39269866608754,407.7253795542864,784514,0,1
2020-08-12,499.65,500,492.72,498.49,532366,415.5600144713689,415.8511102485429,409.79631808332414,414.59523989559233,532366,0,1
2020-08-13,492.49,499.145,492.49,495.15,430836,409.6050265726098,415.14000485001793,409.6050265726098,411.81735447913206,430836,0,1
2020-08-14,491.17,499.7,491.17,498.79,360466,408.50717964155365,415.6015995823938,408.50717964155365,414.8447505617415,360466,0,1
2020-08-17,500,500,489.31,489.97,413070,415.8511102485429,415.8511102485429,406.96021351142906,407.50913697695717,413070,0,1
2020-08-18,488.02,490.17,482.2,483,528210,405.8873176469878,407.6754774210566,401.04681072369476,401.7121725000925,528210,0,1
2020-08-19,486.31,489.62,482,482.81,553814,404.4651068499378,407.21804119978316,400.8804702795954,401.554149078198,553814,0,1
2020-08-20,478.38,486.64,476.18,482.83,255215,397.8697082413959,404.73956858270185,396.03996335630234,401.57078312260796,255215,0,1
2020-08-21,481.69,485.17,477.86,479.28,426050,400.6226425912413,403.5169663185712,397.43722308673745,398.61824023984326,426050,0,1
2020-08-24,481.16,490.99,481.16,488.5,572883,400.18184041437786,408.35747324186417,400.18184041437786,406.28653471282644,572883,0,1
2020-08-25,490.91,493.64,483.46,486.05,315421,408.29093706422447,410.5614841261814,402.0947555215211,404.2488642726086,315421,0,1
2020-08-26,483.9,489.46,481.48,484.89,248365,402.4607044985398,407.08496884450363,400.4479851249369,403.2840896968319,248365,0,1
2020-08-27,488.56,502.46,488.0371,498.32,428460,406.33643684605624,417.89709771096574,405.9015397549583,414.4538505181078,428460,0,1
2020-08-28,500.59,507.89,498.65,506.77,394545,416.3418145586362,422.4132407682649,414.72831225087185,421.4817342813082,394545,0,1
2020-08-31,506,507.5799,494.45,499.67,306948,420.84132357152544,422.1553299096888,411.2351629247841,415.5766485157789,306948,0,1
2020-09-01,496.17,505.22,495.54,503.78,295514,412.6656907440391,420.1925958395377,412.1417183451259,418.9949446420219,295514,0,1
2020-09-02,503.06,507.15,496.17,505.15,269127,418.39611904326404,421.79778112509706,412.6656907440391,420.1343766841029,269127,0,1
2020-09-03,507.19,508.94,489.37,493.82,356328,421.83104921391697,423.2865280997869,407.0101156446589,410.7111905258709,356328,0,1
2020-09-04,499.41,506.99,487.8,503.32,380822,415.3604059384497,421.6647087698176,405.7043431584785,418.6123616205932,380822,0,1
2020-09-08,504.39,513.225,493.24,501.93,635717,419.50228299652514,426.8503721146169,410.2288032379826,417.4562955341023,635717,0,1
2020-09-09,502.95,505.22,489.73,500.93,341961,418.3046317990093,420.1925958395377,407.3095284440379,416.6245933136052,341961,0,1
2020-09-10,500.21,510.26,497.44,499.47,337107,416.0257677148473,424.38437503084305,413.72195256407036,415.4103080716795,337107,0,1
2020-09-11,499.61,508.49,493.03,505.75,230575,415.52674638254905,422.91226210056317,410.05414577167824,420.63339801640115,230575,0,1
2020-09-14,511.61,513.05,502,507.3,489507,425.5071730285141,426.70482422602987,417.5145146895371,421.9225364581717,489507,0,1
2020-09-15,507,511.93,504.34,507.3,294049,421.67302579202254,425.77331773907315,419.4606978855003,421.9225364581717,294049,0,1
2020-09-16,508.11,526.23,504.46,518.89,568167,422.5962152567743,437.6666594921815,419.5605021519599,431.5619651937329,568167,0,1
2020-09-17,525.13,529.2,514.41,519.01,500671,436.7517870496347,440.13681508705787,427.83593924590593,431.66176946019255,500671,0,1
2020-09-18,514.22,521.66,505.28,505.5,1291008,427.6779158240115,433.8657803445098,420.2424979727675,420.4254724612769,1291008,0,1
2020-09-21,493.9,494.99,474.835,487.81,656362,410.77772670351067,411.68428212385254,394.9213238697337,405.71266018068343,656362,0,1
2020-09-22,490.58,502.64,490.58,502.03,361660,408.01647533146036,418.0468041106552,408.01647533146036,417.53946575615197,361660,0,1
2020-09-23,500.85,505.74,479.08,479.28,338813,416.55805713596544,420.6250809941962,398.4518997957439,398.61824023984326,338813,0,1
2020-09-24,476.98,487.55,467.91,479.6,271821,396.7053251327,405.49641760335425,389.16178599279147,398.8843849504024,271821,0,1
2020-09-25,475.07,497.091,475.07,494.78,266579,395.11677389155057,413.43168848911694,395.11677389155057,411.5096246575481,266579,0,1
2020-09-28,502.34,511.44,498.36,498.6,399744,417.79729344450607,425.3657836510296,414.4871186069277,414.68672713984705,399744,0,1
2020-09-29,501.28,501.28,488.5,489.08,584975,416.91568909077915,416.91568909077915,406.28653471282644,406.7689220007147,584975,0,1
2020-09-30,489,494.8,471.22,475.12,694011,406.70238582307496,411.5262587019581,391.9147203426368,395.1583590025754,694011,0,1
2020-10-01,481.53,492.47,475.165,481.34,579939,400.4895702359617,409.5883925281999,395.19578560249784,400.3315468140673,579939,0,1
2020-10-02,468.56,489.06,468.56,485.58,445364,389.70239243611456,406.7522879563048,389.70239243611456,403.85796422897494,445364,0,1
2020-10-05,490,494.65,486.49,487,368528,407.53408804357207,411.4015033688835,404.61481324962733,405.0389813820808,368528,0,1
2020-10-06,493.06,503.005,480.41,480.54,437915,410.07909683829314,418.3503754211367,399.55806374900504,399.66618503766966,437915,0,1
2020-10-07,488.81,496.61,487.5,488.5,336511,406.54436240118054,413.03163972105784,405.45483249232933,406.28653471282644,336511,0,1
2020-10-08,492.09,494.01,483.195,490.97,265040,409.27234568441094,410.8692139477654,401.8743544330894,408.3408391974543,265040,0,1
2020-10-09,493.91,494.33,484.21,485,198360,410.7860437257157,411.13535865832444,402.7185321868939,403.37557694108665,198360,0,1
2020-10-12,486.78,488.7,482.45,486,283546,404.8560068935714,406.45287515692587,401.25473627881905,404.2072791615837,283546,0,1
2020-10-13,480.03,482.87,469.34,473.39,380251,399.2420169052161,401.6040512114279,390.3511201681022,393.71951416111546,380251,0,1
2020-10-14,474.53,489.55,474.53,483.73,426492,394.66765469248213,407.1598220443484,394.66765469248213,402.31931512105535,426492,0,1
2020-10-15,479.88,494.75,477.02,491.32,288365,399.11726157214156,411.48467359093326,396.73859322151986,408.6319349746282,288365,0,1
2020-10-16,495.95,497.94,487.98,491.99,474265,412.48271625552974,414.13780367431895,405.85404955816796,409.1891754623613,474265,0,1
2020-10-19,492.33,501.71,482.8701,484.16,318625,409.4719542173303,417.2733210455929,401.6041343816499,402.6769470758691,318625,0,1
2020-10-20,490,498.96,488.99,493.39,400247,407.53408804357207,414.98613993922595,406.69406880087,410.3535585710572,400247,0,1
2020-10-21,491.8,493.71,480.59,482.91,307669,409.03115204046685,410.61970328161624,399.70777014869446,401.6373193002477,307669,0,1
2020-10-22,484.49,495.93,484.49,493.07,220276,402.9514088086331,412.4660822111198,402.9514088086331,410.08741386049815,220276,0,1
2020-10-23,497.84,503.89,492.66,501.97,302874,414.05463345226923,419.08643188627656,409.74641595009433,417.4895636229222,302874,0,1
2020-10-26,496.25,497.1916,481,483.2,414956,412.73222692167883,413.5153577324989,400.0487680590983,401.87851294419187,414956,0,1
2020-10-27,482.81,484.81,463.62,464.02,600199,401.554149078198,403.2175535191922,385.59378346685895,385.92646435505776,600199,0,1
2020-10-28,456.81,465.84,453.76,458.14,804755,379.9298913452738,387.44016239636244,377.3931995727577,381.0360552985349,804755,0,1
2020-10-29,456.29,478,456.25,476.54,423607,379.4974061906153,397.553661397607,379.4641381017954,396.3393761556813,423607,0,1
2020-10-30,473.96,482.28,467.66,477.41,363208,394.1935844267988,401.1133469013345,388.9538604376672,397.0629570875138,363208,0,1
2020-11-02,482.36,495.56,479.105,494.43,363751,401.17988307897434,412.1583523895359,398.47269235125634,411.21852888037415,363751,0,1
2020-11-03,504.64,512.45,502.8,508.56,284691,419.7102085516494,426.2058028937317,418.1798764659348,422.970481255998,284691,0,1
2020-11-04,510.37,519.3,503.34,512.05,256171,424.4758622750977,431.90296310413663,418.6289956650032,425.87312200553276,256171,0,1
2020-11-05,512.72,521.6531,512.72,519.29,217804,426.4303624932659,433.8600415991884,426.4303624932659,431.8946460819317,217804,0,1
2020-11-06,519.29,523.85,515.355,520.46,190397,431.8946460819317,435.68720820739844,428.6218978442757,432.8677376799133,190397,0,1
2020-11-09,574.46,611.66,568.1596,568.32,1109546,477.77965758675595,508.71898018924753,472.53960091673605,472.67300595290385,1109546,0,1
2020-11-10,574.61,579.79,564.51,574.38,581091,477.9044129198305,482.21263042200536,469.5042204928099,477.7131214091162,581091,0,1
2020-11-11,577.35,577.61,553.485,560.81,455304,480.18327700399254,480.3995195813218,460.33470351182956,466.4269222769707,455304,0,1
2020-11-12,545,569.3457,533.75,556.53,546360,453.2777101709118,473.5260829204677,443.92106019031957,462.8672367732432,546360,0,1
2020-11-13,558.74,568.69,555.51,566.78,331420,464.7052986805418,472.9807357744878,462.0189005083362,471.3921845333383,331420,0,1
2020-11-16,588.34,589.57,572.11,573.96,439578,489.32368440725554,490.3466781384669,475.8251573685878,477.3638064765074,439578,0,1
2020-11-17,567.87,584.55,565.1,577.97,376036,472.2987399536801,486.1715329915715,469.99492480290326,480.69893238070074,376036,0,1
2020-11-18,589.9,600.05,582.1,587.87,526785,490.6211398712309,499.06291740927634,484.1338625513537,488.93278436362186,526785,0,1
2020-11-19,584.03,592.37,576.6,590.65,303161,485.739047836913,492.67544435585876,479.5595003386197,491.24491653660374,303161,0,1
2020-11-20,590.51,596.13,571.4074,574.13,374351,491.12847822573417,495.8026447049278,475.2408033884666,477.5051958539919,374351,0,1
2020-11-23,581.57,599.5,579.995,594.94,250603,483.69306037449024,498.60548118800295,482.3831293772073,494.8129190625363,250603,0,1
2020-11-24,605.26,619.32,600.26,615.41,416091,503.3960859780662,515.0898191982552,499.2375748755808,511.83786351611155,416091,0,1
2020-11-25,610.86,610.86,600,603.85,274602,508.05361841284986,508.05361841284986,499.02133229825154,502.22338584716533,274602,0,1
2020-11-27,608.86,608.86,590.0825,591.54,123910,506.3902139718557,506.3902139718557,490.7729255264716,491.9851315128461,123910,0,1
2020-11-30,591,595.36,575.465,579.19,286267,491.53601231377775,495.1622339951451,478.61551831835556,481.7136090897072,286267,0,1
2020-12-01,587.84,599.19,583.49,593.6,298628,488.90783329700696,498.3476534996489,485.28992863784464,493.6984380870702,298628,0,1
2020-12-02,590.19,599.95,585.8009999999999,594.84,317212,490.8623335151751,498.9797471872267,487.21199246941336,494.7297488404866,317212,0,1
2020-12-03,597.94,613.745,595.49,598.64,392304,497.3080257240276,510.45307931898395,495.27035528380964,497.8902172783755,392304,0,1
2020-12-04,601,613.26,601,605.67,215063,499.8530345187486,510.0497037420429,499.8530345187486,503.73708388846995,215063,0,1
2020-12-07,603.55,605.45,594.36,601.01,216129,501.9738751810161,503.5541093999607,494.33053177464797,499.86135154095354,216129,0,1
2020-12-08,596.11,609.98,595.31,602.1,214833,495.7860106605179,507.3217204588124,495.12064888412016,500.7679069612954,214833,0,1
2020-12-09,603.37,603.86,587.01,595.5,232344,501.8241687813267,502.2317028693703,488.2175204539944,495.27867230601464,232344,0,1
2020-12-10,589.16,605.97,589.16,601.01,239903,490.00568022806306,503.98659455461916,490.00568022806306,499.86135154095354,239903,0,1
2020-12-11,593.83,609.17,593.83,601.79,270326,493.88972959778454,506.64804166020974,493.88972959778454,500.51007927294125,270326,0,1
2020-12-14,607.3,607.3,595.43,595.82,294137,505.0927585078802,505.0927585078802,495.2204531505798,495.54481701657375,294137,0,1
2020-12-15,599.49,618.64,595.86,613.74,358515,498.597164165798,514.5242616883172,495.5780851053936,510.4489208078815,358515,0,1
2020-12-16,613.74,615.8325,601.2,603.53,259235,510.4489208078815,512.1892577042717,500.0193749628481,501.9572411366062,259235,0,1
2020-12-17,604.75,606.59,594.99,598.35,289402,502.97191784561267,504.50224993132736,494.8545041735611,497.64902363443133,289402,0,1
2020-12-18,598.33,611.01,594.79,608.33,564538,497.63238959002143,508.17837374592443,494.6881637294617,505.9494117949923,564538,0,1
2020-12-21,591.52,602.485,586.67,600.71,318007,491.9684974684362,501.08811231618677,487.9347416990253,499.6118408748045,318007,0,1
2020-12-22,599.18,603.545,595.74,596.23,187864,498.33933647744385,501.9697166699136,495.4782808389339,495.8858149269775,187864,0,1
2020-12-23,598.8,616.49,598.8,611.9,167869,498.023289633655,512.7361019142485,498.023289633655,508.9185887221668,167869,0,1
2020-12-24,609.07,610.7469,602.4,606.71,47705,506.56487143816014,507.9595528917116,501.0174176274445,504.60205419778697,47705,0,1
2020-12-28,608.86,612.53,606.06,609.86,103205,506.3902139718557,509.44256112107996,504.0614477544638,507.2219161923528,103205,0,1
2020-12-29,614,614,601.58,607.83,95884,510.6651633852107,510.6651633852107,500.33542180663693,505.53356068474375,95884,0,1
2020-12-30,607.3,618.91,607.3,616.14,296673,505.0927585078802,514.7488212878513,505.0927585078802,512.4450061370744,296673,0,1
2020-12-31,615,622.57,613.01,618.85,180344,511.4968656057078,517.7928514148708,509.8417781869186,514.6989191546216,180344,0,1
2021-01-04,611.94,616.34,580.2156,587.67,388449,508.9518568109868,512.611346581174,482.566602887049,488.76644391952243,388449,0,1
2021-01-05,592.87,609.46,590.17,599.22,172279,493.0912954661073,506.889235304154,490.8456994707651,498.3726045662638,172279,0,1
2021-01-06,600.9,613.45,595.66,598.9,198186,499.76986429669887,510.20772716393736,495.4117446612941,498.1064598557047,198186,0,1
2021-01-07,604.72,618.74,599.9,605.18,214345,502.94696677899776,514.6074319103669,498.93816207620176,503.3295498004264,214345,0,1
2021-01-08,604.13,614.73,604.13,613.26,201881,502.45626246890447,511.2723060061736,502.45626246890447,510.0497037420429,201881,0,1
2021-01-11,607.18,614.71,607.18,612.92,161848,504.99295424142053,511.25567196176365,504.99295424142053,509.7669249870738,161848,0,1
2021-01-12,612,619.76,612,617.91,128061,509.00175894421653,515.4557681752739,509.00175894421653,513.9171190673543,128061,0,1
2021-01-13,616.15,617.1,604.37,611.01,160204,512.4533231592794,513.2434402687517,502.65587100182375,508.17837374592443,160204,0,1
2021-01-14,610.21,616.815,604.03,606.07,243802,507.5130119695268,513.0064051359101,502.37309224685475,504.0697647766689,243802,0,1
2021-01-15,605.56,605.56,584.5,584.99,212751,503.6455966442153,503.6455966442153,486.1299478805467,486.53748196859027,212751,0,1
2021-01-19,594.27,594.51,572.365,573.41,343336,494.2556785748032,494.4552871077225,476.0372414348146,476.906370255234,343336,0,1
2021-01-20,573.41,585.15,571.774,577.49,262702,476.906370255234,486.6705543238698,475.54570542250076,480.2997153148621,262702,0,1
2021-01-21,574.28,577.41,566.73,573.98,213336,477.62995118706647,480.2331791372223,471.3505994223135,477.3804405209174,213336,0,1
2021-01-22,571.89,578.775,569.79,576.4,179504,475.6421828800784,481.36845266820086,473.8956082170345,479.3931598945203,179504,0,1
2021-01-25,573.64,573.64,555.91,560.11,686483,477.0976617659483,477.0976617659483,462.351581396535,465.8447307226228,686483,0,1
2021-01-26,563.63,568.89,543.49,544.22,263688,468.77232253877247,473.1470762185872,452.0218398179612,452.6289824389241,263688,0,1
2021-01-27,532.9,546.66,517.37,518.59,551950,443.21411330289703,454.6583358569369,430.2977778185773,431.3124545275838,551950,0,1
2021-01-28,527.44,560.22,525.39,555.73,451555,438.673019178983,465.93621796687745,436.9680296269639,462.20187499684556,451555,0,1
2021-01-29,555.14,560.8,537.84,553.28,460557,461.7111706867522,466.41860525476574,447.3227222721527,460.1642045566276,460557,0,1
2021-02-01,559.46,573.09,555.5,570.31,347712,465.3041242792997,476.64022554467493,462.01058348613117,474.328093371693,347712,0,1
2021-02-02,579.45,595.765,577.13,589.4,416454,481.9298516670364,495.4990733944463,480.00030251548316,490.2052887609824,416454,0,1
2021-02-03,585.75,601.06,585.75,599.31,422784,487.16957565616804,499.9029366519784,487.16957565616804,498.44745776610847,422784,0,1
2021-02-04,603.54,610.6,600.06,610,350238,501.9655581588112,507.8373758355206,499.0712344314813,507.3383545032224,350238,0,1
2021-02-05,616.82,617.4499,601.74,605,294883,513.0105636470125,513.5344528757036,500.46849416191645,503.17984340073696,294883,0,1
2021-02-08,606.87,610,597.06,600.17,357549,504.7351265530665,507.3383545032224,496.57612776999,499.162721675736,357549,0,1
2021-02-09,597.9,611.555,586.48,596.64,285985,497.2747576352076,508.6316514560953,487.77671827713095,496.2268128373813,285985,0,1
2021-02-10,593.74,597.64,572.76,579.72,336740,493.81487639793977,497.05851505787837,476.3657638119109,482.15441126657066,336740,0,1
2021-02-11,578.06,586.32,572.91,575.02,289972,480.7737855805454,487.64364592185143,476.49051914498546,478.2454108302343,289972,0,1
2021-02-12,571.43,585.27,568.88,576.49,256922,475.2595998586497,486.7703585903294,473.1387591963822,479.468013094365,256922,0,1
2021-02-16,578.91,581.305,570.61,572.55,230473,481.4807324679679,483.47265928605844,474.57760403784215,476.19110634560644,230473,0,1
2021-02-17,569.38,574.56,563.83,570.37,183510,473.55461030663076,477.8628278088056,468.93866298287196,474.37799550492286,183510,0,1
2021-02-18,564,578.81,561.63,576.54,215300,469.08005236035643,481.3975622459182,467.1089180977783,479.50959820538986,215300,0,1
2021-02-19,579.36,600.71,578.765,600.5,254978,481.85499846719165,499.6118408748045,481.3601356459959,499.43718340850006,254978,0,1
2021-02-22,595.39,599.78,589.02,590.13,260061,495.1871850617599,498.83835780974215,489.8892419171935,490.81243138194526,260061,0,1
2021-02-23,592.46,606.67,581.97,604.3,310148,492.7502975557035,504.56878610896706,484.02574126268905,502.59765184638894,310148,0,1
2021-02-24,606.23,625.05,605.05,609.15,325887,504.2028371319484,519.8554729217035,503.22142851176176,506.63140761579984,325887,0,1
2021-02-25,605.86,605.86,573.96,576.65,322458,503.89510731036444,503.89510731036444,477.3638064765074,479.60108544964453,322458,0,1
2021-02-26,582.37,583.305,571.7,576.67,213869,484.3584221508879,485.1360637270526,475.484159458184,479.6177194940545,213869,0,1
2021-03-01,588.06,604.45,588.06,596.87,190736,489.0908077855163,502.7224071794636,489.0908077855163,496.41810434809565,190736,0,1
2021-03-02,596.39,600.9785,591.83,596.75,193042,496.018887282257,499.83515292100793,492.2263251567904,496.318300081636,193042,0,1
2021-03-03,594.91,604.15,589.49,590.11,208389,494.7879679959213,502.4728965133144,490.28014196082717,490.79579733753536,208389,0,1
2021-03-04,587.23,592.7,564.46,572.27,365515,488.40049494250377,492.9499060886228,469.4626353817851,475.9582297238673,365515,0,1
2021-03-05,578.61,598.17,562.75,596.93,424445,481.23122180181883,497.4993172347418,468.0404245847351,496.4680064813254,424445,0,1
2021-03-08,602.29,611.83,596.58,606.3,277525,500.92593038318984,508.86036956673206,496.1769107041515,504.2610562873831,277525,0,1
2021-03-09,610.19,610.2,589.47,589.48,325395,507.49637792511686,507.5046949473218,490.2635079164172,490.27182493862216,325395,0,1
2021-03-10,591.44,603.9,585.2,599.37,138999,491.9019612907965,502.26497095819013,486.71213943489465,498.49735989933833,138999,0,1
2021-03-11,597.68,606.28,594.95,597.29,234002,497.0917831466982,504.2444222429732,494.82123608474126,496.76741928070436,234002,0,1
2021-03-12,600.01,620.02,600.01,619.89,283565,499.0296493204565,515.6720107526031,499.0296493204565,515.5638894639385,283565,0,1
2021-03-15,621.05,626,612.38,617.46,226094,516.5286640397152,520.6455900311757,509.31780578800544,513.5428530681306,226094,0,1
2021-03-16,616.63,616.63,602.47,606.78,206604,512.852540225118,512.852540225118,501.0756367828793,504.6602733532217,206604,0,1
2021-03-17,609.16,615.59,604.35,610.45,182895,506.6397246380048,511.9875699158011,502.63923695741386,507.7126205024461,182895,0,1
2021-03-18,608.13,613.66,595.81,597.61,174390,505.78307135089284,510.3823846302417,495.5364999943687,497.03356399126346,174390,0,1
2021-03-19,594.02,608.77,587.86,601.52,311427,494.0477530196789,506.31536077201093,488.9244673414169,500.28551967340707,311427,0,1
2021-03-22,601.53,602.1,590.755,597.36,156707,500.293836695612,500.7679069612954,491.33224526975596,496.82563843613923,156707,0,1
2021-03-23,591.02,594.86,580.01,582.95,206773,491.55264635818764,494.7463828848965,482.39560491051475,484.84080943877626,206773,0,1
2021-03-24,585.95,602.595,585.95,592.82,246541,487.33591610026747,501.1795995604415,487.33591610026747,493.0497103550825,246541,0,1
2021-03-25,590.31,590.35,575.78,586.22,292693,490.9621377816347,490.99540587045465,478.8775045178121,487.5604756998017,292693,0,1
2021-03-26,590.63,590.63,575.475,586.44,276416,491.22828249219384,491.22828249219384,478.6238353405605,487.7434501883111,276416,0,1
2021-03-29,586.47,592.7,575.36,579.18,220661,487.76840125492595,492.9499060886228,478.52818958520334,481.70529206750217,220661,0,1
2021-03-30,580.51,587.05,576.67,584.63,169852,482.81145602076333,488.25078854281423,479.6177194940545,486.2380691692113,169852,0,1
2021-03-31,590.75,594.78,583.01,587.92,406351,491.32808675865346,494.67984670725673,484.890711572006,488.97436947464666,406351,0,1
2021-04-01,590.36,605.3,588.375,603.71,302347,491.0037228926596,503.42935406688605,489.3527939849729,502.1069475362957,302347,0,1
2021-04-05,609.16,615.75,600.06,603.77,280883,506.6397246380048,512.1206422710807,499.0712344314813,502.1568496695255,280883,0,1
2021-04-06,597.89,619.05,597.89,614.38,216732,497.26644061300266,514.865259598721,497.26644061300266,510.9812102289996,216732,0,1
2021-04-07,613.07,613.07,601.18,606.45,148232,509.89168032014845,509.89168032014845,500.002740918438,504.38581162045773,148232,0,1
2021-04-08,603.44,616.89,600.69,616.1,157840,501.8823879367615,513.0687828024472,499.59520683039455,512.4117380482546,157840,0,1
2021-04-09,614.43,615.56,607.6,615.24,139572,511.0227953400244,511.96261884918613,505.3422691740294,511.6964741386271,139572,0,1
2021-04-12,613.45,623.65,611,623.64,171107,510.20772716393736,518.6910898130076,508.1700567237195,518.6827727908026,171107,0,1
2021-04-13,618.99,625.57,613.34,618.33,259817,514.8153574654912,520.2879580763621,510.11623991968264,514.2664339999632,259817,0,1
2021-04-14,621.27,633.04,615.7615,628.92,218109,516.7116385282245,526.5007736634752,512.1302068466163,523.0741605150272,218109,0,1
2021-04-15,629.85,629.85,619.11,623.79,270059,523.8476435800895,523.8476435800895,514.9151617319509,518.8075281238772,270059,0,1
2021-04-16,626.64,629.4,613.06,617.49,391482,521.1778794522938,523.4733775808659,509.8833632979434,513.5678041347455,391482,0,1
2021-04-19,612.65,615.31,601.74,606,239777,509.54236538753963,511.75469329406184,500.46849416191645,504.011545621234,239777,0,1
2021-04-20,601.42,601.42,583.73,595.75,322833,500.20234945135735,500.20234945135735,485.4895371707639,495.4865978611389,322833,0,1
2021-04-21,595,598.58,591.79,596.19,275206,494.86282119576606,497.84031514514567,492.1930570679704,495.85254683815765,275206,0,1
2021-04-22,598,605.17,593.69,593.79,152041,497.3579278572573,503.32123277822143,493.77329128691497,493.85646150896457,152041,0,1
2021-04-23,593.52,598,585.48,595.33,314892,493.6319019094304,497.3579278572573,486.94501605663385,495.13728292853017,314892,0,1
2021-04-26,596.7,605.14,596.23,603.95,186675,496.2767149706112,503.2962817116065,495.8858149269775,502.30655606921505,186675,0,1
2021-04-27,604.92,612.04,601.81,602.46,163253,503.11330722309714,509.0350270330364,500.5267133173512,501.06731976067437,163253,0,1
2021-04-28,601.68,607.83,600.36,605.26,156721,500.4185920286866,505.53356068474375,499.3207450976305,503.3960859780662,156721,0,1
2021-04-29,611.38,614.67,604.2,610,141406,508.48610356750834,511.22240387294374,502.51448162433934,507.3383545032224,141406,0,1
2021-04-30,606.1,614.55,604.28,613.74,335395,504.0947158432838,511.1225996064841,502.58101780197904,510.4489208078815,335395,0,1
2021-05-03,617.22,622.565,607.12,607.85,201151,513.3432445352114,517.7886929037683,504.9430521081908,505.55019472915365,201151,0,1
2021-05-04,607.21,608.485,593,596.66,236229,505.01790530803555,506.0783256391693,493.1994167547719,496.2434468817912,236229,0,1
2021-05-05,598.69,603.69,591.28,595.5,302600,497.9318023894004,502.0903134918858,491.7688889355169,495.27867230601464,302600,0,1
2021-05-06,599.03,599.7,585,599.04,317628,498.21458114436933,498.77182163210244,486.5457989907952,498.2228981665743,317628,0,1
2021-05-07,597,609.97,597,607.99,175961,496.5262256367603,507.3134034366075,496.5262256367603,505.6666330400232,175961,0,1
2021-05-10,610,614.565,600.72,601.37,352283,507.3383545032224,511.13507513979164,499.62015789700945,500.16076434033255,352283,0,1
2021-05-11,599.72,607.6,582.14,600.06,432747,498.78845567651234,505.3422691740294,484.1671306401735,499.0712344314813,432747,0,1
2021-05-12,600.02,601.51,576.98,578.24,385049,499.03796634266143,500.2772026512021,479.87554718240864,480.9234919802349,385049,0,1
2021-05-13,583.02,595.425,581.35,586.57,291971,484.89902859421096,495.2162946394773,483.51008588598086,487.85157147697566,291971,0,1
2021-05-14,591.46,600.56,587.355,597.41,156162,491.9185953352064,499.4870855417298,488.5044577200659,496.86722354716403,156162,0,1
2021-05-17,594.49,598.93,588.27,596.45,216978,494.4386530633126,498.1314109223196,489.2654652518207,496.0687894154869,216978,0,1
2021-05-18,594.11,596.22,588.53,590.51,224305,494.1226062195237,495.87749790477255,489.4817078291499,491.12847822573417,224305,0,1
2021-05-19,581.24,588.295,576.53,587.63,216482,483.4185986417262,489.2862578073331,479.50128118318486,488.7331758307026,216482,0,1
2021-05-20,587.72,605.73,586.28,603.52,272893,488.80802903054735,503.7869860216998,487.61037783303146,501.9489241144012,272893,0,1
2021-05-21,608,609.57,600.125,601,295404,505.6749500622282,506.98072254840866,499.12529507581365,499.8530345187486,295404,0,1
2021-05-24,605.91,617.83,600.455,614.92,250063,503.93669242138924,513.8505828897146,499.3997568085777,511.430329428068,250063,0,1
2021-05-25,615.975,618.54,611.165,612.72,154685,512.3077752706924,514.4410914662675,508.30728759010145,509.60058454297445,154685,0,1
2021-05-26,615.38,622.56,613.55,621.04,285059,511.8129124494967,517.7845343926657,510.29089738598697,516.5203470175102,285059,0,1
2021-05-27,634.99,650.42,629.74,649.5,825646,528.1225929934445,540.9557582557145,523.7561563358348,540.1905922128573,825646,0,1
2021-05-28,648.67,650.68,638.95,648.84,291137,539.5002793698446,541.1720008330437,531.416133786613,539.6416687473292,291137,0,1
2021-06-01,653.68,665.71,653.49,659.97,383039,543.667107494535,553.6724852071151,543.5090840726407,548.8985144614618,383039,0,1
2021-06-02,658.11,664.45,657.12,659.5,395322,547.3515483313372,552.6245404092888,546.528163133045,548.5076144178281,395322,0,1
2021-06-03,653.7,662,650.58,660.75,398264,543.683741538945,550.5868699690708,541.0888306109941,549.5472421934495,398264,0,1
2021-06-04,664.19,669.2399,664.19,665.3,467381,552.4082978319595,556.6083108752478,552.4082978319595,553.3314872967112,467381,0,1
2021-06-07,664.71,667.26,660.275,662.55,673881,552.840782986618,554.9616236488855,549.1521836387134,551.0443061903442,673881,0,1
2021-06-08,663.42,672.44,663.42,669,317849,551.7678871221767,559.2698411510604,551.7678871221767,556.4087855125505,317849,0,1
2021-06-09,669.05,669.77,662.285,664,260416,556.4503706235753,557.0491962223332,550.8239051019125,552.250274410065,260416,0,1
2021-06-10,668.39,668.39,657.25,660,196312,555.9014471580472,555.9014471580472,546.6362844217097,548.9234655280767,196312,0,1
2021-06-11,663.72,665.62,656.57,661.94,210188,552.0173977883259,553.5976320072702,546.0707269117717,550.5369678358411,210188,0,1
2021-06-14,660.27,669.08,660.27,668.91,335404,549.1480251276108,556.4753216901902,549.1480251276108,556.3339323127057,335404,0,1
2021-06-15,669.56,676.64,666.1453,676.5,290299,556.8745387560288,562.7629904771482,554.0345251836974,562.6465521662785,290299,0,1
2021-06-16,675.59,679.47,665.06,665.22,295178,561.8897031456263,565.116707761155,553.1318787637919,553.2649511190715,295178,0,1
2021-06-17,665.95,669.02,655.16,667.51,289636,553.8720937400344,556.4254195569604,544.8980267808707,555.1695492040097,289636,0,1
2021-06-18,657.77,660.2,650.69,654.93,354863,547.0687695763681,549.0898059721761,541.1803178552489,544.7067352701564,354863,0,1
2021-06-21,660.63,672.75,658.62,670.93,267696,549.4474379269898,559.5276688394146,547.7757164637907,558.0139707981098,267696,0,1
2021-06-22,671.09,679.13,663.425,679,290221,558.1470431533894,564.8339290061859,551.7720456332792,564.7258077175213,290221,0,1
2021-06-23,680,684,677.96,682.63,269865,565.5575099380184,568.8843188200067,563.8608374082044,567.7448867779257,269865,0,1
2021-06-24,688.03,688.03,672.87,679.99,253047,572.23607876861,572.23607876861,559.6274731058742,565.5491929158134,253047,0,1
2021-06-25,680.64,680.995,669.32,673.22,366657,566.0897993591365,566.385053647413,556.6749302231095,559.9185688830481,366657,0,1
2021-06-28,670.55,670.663,653.432,656.3,264114,557.6979239543209,557.7919063052371,543.4608453438518,545.8461673122374,264114,0,1
2021-06-29,659.52,660,643.755,644.23,285203,548.524248462238,548.9234655280767,535.4124629561015,535.8075215108377,285203,0,1
2021-06-30,645.03,651.89,639.79,647.29,301295,536.4728832872353,542.1783605198453,532.1147636518306,538.3525303055586,301295,0,1
2021-07-01,649.32,659.52,649.27,658.98,203447,540.0408858131678,548.524248462238,539.9993007021429,548.0751292631696,203447,0,1
2021-07-02,661.54,662.31,654.28,661.44,129985,550.2042869476421,550.8446976574248,544.1661288268333,550.1211167255925,129985,0,1
2021-07-06,660,660,647.46,656.43,178704,548.9234655280767,548.9234655280767,538.4939196830433,545.954288600902,178704,0,1
2021-07-07,653.51,657.52,647.31,654.37,176920,543.5257181170506,546.8608440212439,538.3691643499686,544.2409820266781,176920,0,1
2021-07-08,644.47,652.93,637.9,647.21,188192,536.0071300437569,543.0433308291622,530.5428464550911,538.2859941279189,188192,0,1
2021-07-09,656.98,660.43,652.82,660.06,154763,546.4117248221755,549.2810974828903,542.9518435849076,548.9733676613065,154763,0,1
2021-07-12,654.74,658.13,649.84,653.66,256403,544.548711848262,547.3681823757471,540.4733709678263,543.6504734501251,256403,0,1
2021-07-13,652.2,656.55,648.13,648.56,215774,542.4361882081994,546.0540928673616,539.0511601707763,539.4087921255899,215774,0,1
2021-07-14,650.64,655.13,644.87,645.94,165615,541.138732744224,544.8730757142558,536.3398109319558,537.2297323078877,165615,0,1
2021-07-15,639.25,645.885,634.3875,636.56,168578,531.6656444527621,537.1839886857603,527.6214924055951,529.428365479625,168578,0,1
2021-07-16,640.7,643.28,631.42,633.58,197159,532.8716126724829,535.0174044013654,525.1534160662699,526.9498928625437,197159,0,1
2021-07-19,618.34,618.34,593.815,607.66,485419,514.2747510221681,514.2747510221681,493.8772540644771,505.39217130725916,485419,0,1
2021-07-20,609.66,638.63,608.62,636.68,296333,507.0555757482533,531.1499890760539,506.1906054389364,529.5281697460846,296333,0,1
2021-07-21,643.46,651.275,636.21,648.85,144827,535.167110801055,541.6668636542396,529.137269702451,539.6499857695342,144827,0,1
2021-07-22,645.68,648.3,640.58,647.23,102461,537.0134897305584,539.1925495482607,532.7718084060233,538.3026281723289,102461,0,1
2021-07-23,654.99,654.99,645.56,647.64,131118,544.7566374033863,544.7566374033863,536.9136854640986,538.6436260827327,131118,0,1
2021-07-26,647.49,650.78,642.75,650.64,132557,538.5188707496582,541.2551710550935,534.5766022245019,541.138732744224,132557,0,1
2021-07-27,646.95,650.98,643.685,648.51,110568,538.0697515505898,541.421511499193,535.3542438006666,539.3672070145651,110568,0,1
2021-07-28,654.01,656.08,646.695,648.52,148714,543.9415692272992,545.6631928237281,537.857667484363,539.3755240367701,148714,0,1
2021-07-29,653.86,659.16,648.54,654.89,127728,543.8168138942245,548.224835662859,539.39215808118,544.6734671813365,127728,0,1
2021-07-30,650.35,653.005,638.465,641.09,173902,540.8975391002798,543.1057084956996,531.0127582096719,533.1959765384768,173902,0,1
2021-08-02,648.85,650.73,634.68,635.3,199625,539.6499857695342,541.2135859440687,527.8647653050904,528.3804206817986,199625,0,1
2021-08-03,636.41,636.41,622.95,631.96,207145,529.3036101465503,529.3036101465503,518.1088982586597,525.6025352653384,207145,0,1
2021-08-04,624.31,628.5,615.54,616.11,174745,519.2400132785356,522.7248455824184,511.9459848047762,512.4200550704596,174745,0,1
2021-08-05,618.38,630.125,618.38,624.55,163536,514.308019110988,524.0763616907262,514.308019110988,519.4396218114549,163536,0,1
2021-08-06,630.31,636.32,627.4,629.11,164921,524.2302266015181,529.2287569467057,521.8099731398717,523.2321839369217,164921,0,1
2021-08-09,626,633.29,618.885,628.51,259098,520.6455900311757,526.7086992185995,514.728028732339,522.7331626046234,259098,0,1
2021-08-10,631.66,636.85,620.25,621,279701,525.3530245991892,529.6695591235691,515.8633022633175,516.4870789286903,279701,0,1
2021-08-11,621.38,626.775,611.88,624.05,434154,516.8031257724792,521.290159252061,508.90195467775686,519.0237707012064,434154,0,1
2021-08-12,625.04,627.86,604.59,614.37,241411,519.8471558994985,522.1925561613003,502.83884549033314,510.97289320679465,241411,0,1
2021-08-13,613.73,615.49,605.05,605.97,159173,510.4406037856765,511.9043996937514,503.22142851176176,503.98659455461916,159173,0,1
2021-08-16,601.97,607.37,597.59,603.84,209848,500.6597856726308,505.150977663315,497.01692994685357,502.2150688249603,209848,0,1
2021-08-17,597.19,603.78,595.345,603.45,145750,496.68424905865476,502.16516669173046,495.1497584618376,501.8907049589665,145750,0,1
2021-08-18,603.15,609.75,596.4144,603.16,192115,501.6411942928173,507.1304289480981,496.0391808164372,501.64951131502227,192115,0,1
2021-08-19,597,602.52,587.11,589.47,228218,496.5262256367603,501.1172218939042,488.3006906760441,490.2635079164172,228218,0,1
2021-08-20,588,599.23,587.08,595.4,187463,489.0409056522865,498.38092158846877,488.2757396094292,495.1955020839649,187463,0,1
2021-08-23,599.03,605.98,597.63,603.07,205488,498.21458114436933,503.9949115768241,497.0501980356734,501.5746581151776,205488,0,1
2021-08-24,607.82,614.539,606.485,608.3,192444,505.52524366253874,511.11345088205866,504.41492119817514,505.9244607283773,192444,0,1
2021-08-25,608.88,610.3,602.22,604.03,146697,506.40684801626566,507.58786516937147,500.8677112277551,502.37309224685475,146697,0,1
2021-08-26,604.43,604.43,593.66,594.36,142156,502.70577313505356,502.70577313505356,493.74834022029995,494.33053177464797,142156,0,1
2021-08-27,594.36,612,594.36,608.75,250596,494.33053177464797,509.00175894421653,494.33053177464797,506.29872672760104,250596,0,1
2021-08-30,608.29,610.52,601.77,603.57,163753,505.9161437061723,507.77083965788086,500.49344522853136,501.99050922542614,163753,0,1
2021-08-31,602.01,610.79,600.21,607.47,278371,500.69305376145064,507.99539925741504,499.1959897645559,505.2341478853648,278371,0,1
2021-09-01,610.87,614.815,604.76,609.5,250503,508.06193543505486,511.3430006949159,502.9802348678176,506.92250339297385,250503,0,1
2021-09-02,610.1,615.72,608.39,609.78,146496,507.4215247252721,512.0956912044658,505.9993139282221,507.155380014713,146496,0,1
2021-09-03,607.58,608.7775,597.81,602.27,220688,505.32563512961946,506.3215985386647,497.19990443536284,500.9092963387799,220688,0,1
2021-09-07,603.62,604.99,590.02,590.94,374090,502.032094336451,503.171526378532,490.7209441376906,491.48611018054794,374090,0,1
2021-09-08,591.95,595.45,583.86,585.02,207977,492.32612942325,495.2370871949898,485.59765845942854,486.5624330352052,207977,0,1
2021-09-09,584.57,602.85,581.03,598.07,330735,486.1881670359815,501.3916836266682,483.24394117542175,497.4161470126922,330735,0,1
2021-09-10,600.3,608.16,595.295,599.56,283601,499.27084296440063,505.8080224175077,495.1081733508127,498.65538332123276,283601,0,1
2021-09-13,606.86,614.3489,601.25,611.74,214526,504.72680953086154,510.9553442899421,500.0609600738729,508.7855163668873,214526,0,1
2021-09-14,613.38,615.08,601.8801,614,282901,510.1495080085025,511.5634017833476,500.58501564300803,510.6651633852107,282901,0,1
2021-09-15,613.99,615.885,602.17,612.96,301424,510.65684636300574,512.2329220708477,500.82612611673017,509.8001930758938,301424,0,1
2021-09-16,612.12,613.77,603.83,604.6,175630,509.1015632106762,510.47387187449635,502.2067518027554,502.84716251253815,175630,0,1
2021-09-17,598.53,612.87,597.27,609.94,762761,497.79873003412075,509.725339876049,496.75078523629446,507.28845236999257,762761,0,1
2021-09-20,602.58,616.35,599.35,614.86,279293,501.16712402713404,512.6196636033789,498.48072585492844,511.3804272948382,279293,0,1
2021-09-21,615.75,620.13,610.05,613.75,197387,512.1206422710807,515.7634979968578,507.3799396142472,510.45723783008646,197387,0,1
2021-09-22,618.8,633.57,618.33,629.09,254532,514.6573340435967,526.9415758403387,514.2664339999632,523.2155498925117,254532,0,1
2021-09-23,632.5,640.16,629.74,638.19,281458,526.0516544644069,532.4224934734144,523.7561563358348,530.7840400990352,281458,0,1
2021-09-24,634.88,645.16,630.81,644.42,213956,528.0311057491899,536.5810045758999,524.6460777117667,535.9655449327321,213956,0,1
2021-09-27,648.74,654.32,644.98,648.82,349989,539.5584985252794,544.1993969156532,536.4312981762105,539.6250347029193,349989,0,1
2021-09-28,649.44,649.54,631.19,638.29,237734,540.1406900796275,540.2238603016771,524.9621245555556,530.8672103210849,237734,0,1
2021-09-29,644.12,648.66,633.77,634.5,200541,535.7160342665829,539.4919623476396,527.107916284438,527.715058905401,200541,0,1
2021-09-30,636.42,636.42,623.78,624.57,367978,529.3119271687553,529.3119271687553,518.7992111016722,519.4562558558649,367978,0,1
2021-10-01,630.96,656.57,630.08,652.93,438593,524.7708330448413,546.0707269117717,524.0389350908039,543.0433308291622,438593,0,1
2021-10-04,653.61,653.61,636.57,644.01,221789,543.6088883391003,543.6088883391003,529.43668250183,535.6245470223282,221789,0,1
2021-10-05,646.46,651.45,642.105,645.28,180713,537.6622174625461,541.8124115428266,534.0401542922813,536.6808088423595,180713,0,1
2021-10-06,636.75,651.63,631.12,650.59,190809,529.5863889015194,541.9621179425161,524.9039054001208,541.0971476331991,190809,0,1
2021-10-07,656.09,658.2357,647.27,648.03,167916,545.6715098459331,547.4560933004536,538.3358962611487,538.9679899487265,167916,0,1
2021-10-08,645.48,649.495,640.68,644.06,144580,536.847149286459,540.1864337017548,532.8549786280729,535.666132133353,144580,0,1
2021-10-11,643.58,648.44,636.55,637.14,106236,535.2669150675146,539.3089878591304,529.42004845742,529.9107527675133,106236,0,1
2021-10-12,638.69,642.34,629.8,631.23,181412,531.1998912092838,534.2356043140982,523.8060584690646,524.9953926443756,181412,0,1
2021-10-13,630.69,633.82,622.09,631.99,228747,524.5462734453072,527.149501395463,517.3936343490321,525.6274863319533,228747,0,1
2021-10-14,639.94,639.94,631.3417,635.74,273666,532.2395189849052,532.2395189849052,525.088293782405,528.7463696588173,273666,0,1
2021-10-15,641.97,644.24,639.26,639.47,257815,533.9278744925142,535.8158385330426,531.6739614749671,531.8486189412715,257815,0,1
2021-10-18,633.63,640.215,628.82,639.99,164723,526.9914779735685,532.4682370955419,522.9909902929776,532.28110409593,164723,0,1
2021-10-19,645.41,650.335,638.87,647.04,217184,536.7889301310241,540.8850635669723,531.3495976089732,538.1446047504344,217184,0,1
2021-10-20,640.52,648.355,638.33,643.35,181335,532.7219062727934,539.2382931703881,530.9004784099048,535.0756235568002,181335,0,1
2021-10-21,640.81,650.01,639.82,650,182526,532.9630999167375,540.6147603453107,532.1397147184455,540.6064433231059,182526,0,1
2021-10-22,654.41,655.91,644.73,648.23,166013,544.2742501154979,545.5218034462436,536.2233726210861,539.134330392826,166013,0,1
2021-10-25,645.38,649.68,632.47,636.1,199513,536.7639790644092,540.3402986125467,526.026703397792,529.0457824581963,199513,0,1
2021-10-26,637.57,647.92,635.705,642.94,241818,530.268384722327,538.8765027044718,528.7172600811,534.7346256463965,241818,0,1
2021-10-27,645.62,646.93,628.62,629.22,203630,536.9635875973286,538.0531175061797,522.8246498488782,523.3236711811763,203630,0,1
2021-10-28,627.96,631.79,624.49,628.39,230731,522.27572638335,525.4611458878538,519.3897196782251,522.6333583381638,230731,0,1
2021-10-29,626.79,630.51,617.98,623.82,256083,521.3026347853685,524.3965670456176,513.9753382227891,518.8324791904921,256083,0,1
2021-11-01,624.09,631.93,623.935,630.54,188368,519.0570387900264,525.5775841987235,518.9281249458492,524.4215181122324,188368,0,1
2021-11-02,631.56,636.265,625.86,629.75,200300,525.2698543771395,529.1830133245783,520.5291517203061,523.7644733580398,200300,0,1
2021-11-03,626.47,628.735,618.29,623,214722,521.0364900748094,522.9202956042353,514.2331659111431,518.1504833696845,214722,0,1
2021-11-04,623.53,630.03,621.02,629.18,213347,518.591285546548,523.997349979779,516.5037129731003,523.2904030923564,213347,0,1
2021-11-05,639.39,665.98,634.95,665.14,374720,531.7820827636317,553.8970448066492,528.0893249046247,553.1984149414317,374720,0,1
2021-11-08,667.12,675.03,660.13,674.58,356055,554.8451853380159,561.4239499021478,549.0315868167413,561.0496839029242,356055,0,1
2021-11-09,675.49,685.22,670.6,685,239435,561.8065329235766,569.8989955290132,557.7395090653458,569.7160210405038,239435,0,1
2021-11-10,682.16,686.06,672.755,677.25,308322,567.3539867342921,570.5976253942307,559.531827350517,563.2703288316513,308322,0,1
2021-11-11,676.61,676.61,656.18,656.21,166734,562.7380394105332,562.7380394105332,545.7463630457778,545.7713141123927,166734,0,1
2021-11-12,654.67,661.33,635.39,643,355213,544.4904926928272,550.0296294813378,528.4552738816434,534.7845277796262,355213,0,1
2021-11-15,648.45,656.59,641.75,653.74,250140,539.3173048813354,546.0873609561817,533.7449000040049,543.7170096277649,250140,0,1
2021-11-16,657,672.21,645.98,647.09,301292,546.4283588665854,559.0785496403461,537.2630003967075,538.1861898614593,301292,0,1
2021-11-17,647.11,662.145,639.22,658.93,277536,538.2028239058692,550.7074667910429,531.6406933861473,548.0335441521447,277536,0,1
2021-11-18,660.55,665.13,655,660.61,269522,549.3809017493501,553.1900979192267,544.7649544255912,549.4308038825799,269522,0,1
2021-11-19,658.45,658.45,626.28,631.84,406248,547.6343270863063,547.6343270863063,520.8784666529149,525.5027309988787,406248,0,1
2021-11-22,632.28,642.28,628.92,629.63,294378,525.8686799758974,534.1857021808682,523.0741605150272,523.6646690915802,294378,0,1
2021-11-23,642.12,642.93,619.69,625.25,560449,534.0526298255887,534.7263086241913,515.3975490198392,520.0218133658029,560449,0,1
2021-11-24,624.02,628.68,615.665,618,484123,518.9988196345915,522.8745519821078,512.0499475823383,513.991972267199,484123,0,1
2021-11-26,582,586.21,558.92,561.29,1105657,484.05069232930396,487.5521586775967,464.8550050802312,466.8261393428093,1105657,0,1
2021-11-29,573.41,586.79,558.11,584.22,1272891,476.906370255234,488.034545965485,464.18132628162857,485.8970712588075,1272891,0,1
2021-11-30,577.91,587.345,568.32,578.05,790723,480.6490302474709,488.49614069786094,472.67300595290385,480.76546855834044,790723,0,1
2021-12-01,592.61,593.87,552.715,553.37,648391,492.87505288877804,493.9229976866044,459.69429280204685,460.2390577564724,648391,0,1
2021-12-02,560.35,582.94,558.405,581.99,482397,466.04433925554207,484.83249241657126,464.4266784366752,484.042375307099,482397,0,1
2021-12-03,581.23,584.29,573.455,583.9,303738,483.41028161952124,485.95529041424226,476.9437968551564,485.6309265482484,303738,0,1
2021-12-06,594.51,610.57,587.89,601.62,375438,494.4552871077225,507.81242476890577,488.9494184080318,500.3686898954568,375438,0,1
2021-12-07,608.27,616.655,601.5,603.36,386482,505.8995096617624,512.8733327806304,500.26888562899717,501.81585175912176,386482,0,1
2021-12-08,606.03,616.43,605.43,612.57,189552,504.0364966878489,512.6861997810186,503.53747535555067,509.4758292098999,189552,0,1
2021-12-09,604.4,610.94,603.82,605.64,152721,502.68082206843866,508.1201545904897,502.19843478055043,503.71213282185505,152721,0,1
2021-12-10,610.25,610.25,600.36,605.31,169614,507.54628005834667,507.54628005834667,499.3207450976305,503.437671089091,169614,0,1
2021-12-13,601.01,601.82,578.29,591.9,350519,499.86135154095354,500.5350303395563,480.96507709125973,492.2845443122251,350519,0,1
2021-12-14,589.73,597.3,581.47,583.74,221632,490.47975049374645,496.77573630290937,483.6098901524405,485.49785419296893,221632,0,1
2021-12-15,583.89,588.48,568.09,582.59,309239,485.62260952604345,489.4401227181251,472.4817144421895,484.54139663939725,309239,0,1
2021-12-16,592.24,593.52,576.59,576.64,235080,492.56732306719414,493.6319019094304,479.5511833164148,479.5927684274396,235080,0,1
2021-12-17,579.54,592,568.785,583.88,363849,482.0047048668811,492.36771453427485,473.05974748543497,485.6142925038385,363849,0,1
2021-12-20,571.65,584.165,571.05,581.06,229576,475.4425743471591,485.85132763668014,474.94355301486087,483.26889224203666,229576,0,1
2021-12-21,587.9,609.99,587.64,609.29,259568,488.95773543023677,507.3300374810174,488.7414928529075,506.7478459266694,259568,0,1
2021-12-22,605.36,616.23,603.665,614.7,190832,503.4792562001159,512.5198593369192,502.0695209363733,511.2473549395587,190832,0,1
2021-12-23,620,634.79,616.19,628,201550,515.6553767081932,527.9562525493451,512.4865912480993,522.30899447217,201550,0,1
2021-12-27,627.2,630.78,623.17,627.5,153210,521.6436326957723,524.6211266451518,518.291872747169,521.8931433619214,153210,0,1
2021-12-28,625.22,636.53,625.22,630.5,110702,519.996862299188,529.4034144130101,519.996862299188,524.3882500234126,110702,0,1
2021-12-29,625.72,631.97,625.44,630.51,108760,520.4127134094366,525.6108522875434,520.1798367876975,524.3965670456176,108760,0,1
2021-12-30,629.26,642.24,629.26,634.41,168199,523.3569392699962,534.1524340920485,523.3569392699962,527.6402057055562,168199,0,1
2021-12-31,633.11,640.475,631.01,636.28,140869,526.55899281891,532.6844796728711,524.8124181558661,529.1954888578857,140869,0,1
2022-01-03,638.92,643.72,631.62,641.59,305934,531.391182719998,535.3833533783842,525.3197565103694,533.6118276487254,305934,0,1
2022-01-04,650,651.05,636.46,644.03,305784,540.6064433231059,541.4797306546277,529.3451952575753,535.6411810667382,305784,0,1
2022-01-05,646.39,657.39,642.34,647.84,421284,537.6039983071113,546.7527227325793,534.2356043140982,538.8099665268321,421284,0,1
2022-01-06,653.5,659.07,644.41,644.76,366300,543.5174010948456,548.1499824630145,535.9572279105271,536.248323687701,366300,0,1
2022-01-07,651.28,669.03,651.28,654.21,313780,541.671022165342,556.4337365791654,541.671022165342,544.1079096713986,313780,0,1
2022-01-10,652.76,655.495,633.16,644,238847,542.9019414516778,545.1766470247373,526.6005779299348,535.6162300001233,238847,0,1
2022-01-11,644.51,654.05,637.5,653.43,159301,536.0403981325768,543.974837316119,530.2101655668922,543.4591819394108,159301,0,1
2022-01-12,656.15,662.69,654.93,658.59,156287,545.7214119791629,551.1607445012139,544.7067352701564,547.7507653971758,156287,0,1
2022-01-13,663.52,666.21,642.13,650.6,377660,551.8510573442264,554.0883363173635,534.0609468477937,541.105464655404,377660,0,1
2022-01-14,644.43,647.13,633.715,645.38,273031,535.973861954937,538.2194579502792,527.0621726623108,536.7639790644092,273031,0,1
2022-01-18,637.66,639.99,626.55,630.74,382059,530.3432379221717,532.28110409593,521.1030262524491,524.587858556332,382059,0,1
2022-01-19,633.01,643.41,626.71,630.25,202533,526.4758225968603,535.12552569003,521.2360986077288,524.1803244682884,202533,0,1
2022-01-20,631.26,643.18,627.75,629.09,237533,525.0203437109905,534.9342341793157,522.1010689170456,523.2155498925117,237533,0,1
2022-01-21,629.01,630.27,609.63,616.62,289161,523.149013714872,524.1969585126983,507.03062468163847,512.8442232029131,289161,0,1
2022-01-24,600.27,621.86,590.1,621.27,313282,499.2458918977857,517.2023428383178,490.78748031533036,516.7116385282245,313282,0,1
2022-01-25,609.07,621.09,596.345,614.6,312217,506.56487143816014,516.5619321285351,495.98146068233467,511.164184717509,312217,0,1
2022-01-26,621.4,633.275,604.16,612.59,220553,516.8197598168891,526.696223685292,502.4812135355194,509.4924632543098,220553,0,1
2022-01-27,621.12,625.76,590.11,593.88,257162,516.58688319515,520.4459814982564,490.79579733753536,493.93131470880934,257162,0,1
2022-01-28,590.01,604.27,575.03,604.15,346895,490.71262711548565,502.57270077977404,478.2537278524393,502.4728965133144,346895,0,1
2022-01-31,599,616.87,599,616.19,211329,498.18963007775443,513.0521487580373,498.18963007775443,512.4865912480993,211329,0,1
2022-02-01,615.82,627.4,610.38,624.48,231340,512.1788614265155,521.8099731398717,507.6544013470113,519.3814026560202,231340,0,1
2022-02-02,620.4,629.81,612.26,628.07,214064,515.9880575963921,523.8143754912696,509.2180015215458,522.3672136276048,214064,0,1
2022-02-03,625.25,626.29,614.5,619.32,193151,520.0218133658029,520.8867836751199,511.08101449545927,515.0898191982552,193151,0,1
2022-02-04,613.7,626.49,610.22,619.63,340273,510.41565271906165,521.0531241192193,507.52132899173176,515.3476468866093,340273,0,1
2022-02-07,623.07,637.83,621.835,633.24,402904,518.2087025251193,530.4846272996563,517.1815502828055,526.6671141075747,402904,0,1
2022-02-08,609.2,649.17,609.2,645.82,453852,506.67299272682476,539.9161304800932,506.67299272682476,537.129928041428,453852,0,1
2022-02-09,650,665.66,648.57,650.25,359296,540.6064433231059,553.6309000960902,539.417109147795,540.8143688782301,359296,0,1
2022-02-10,645.4,661.74,643.98,649.24,301279,536.7806131088192,550.3706273917416,535.5995959557133,539.974349635528,301279,0,1
2022-02-11,651.09,655.02,633.14,638.33,336336,541.5129987434476,544.7815884700011,526.583943885525,530.9004784099048,336336,0,1
2022-02-14,642.69,646.75,626.86,630.74,247020,534.5267000912721,537.9034111064902,521.3608539408033,524.587858556332,247020,0,1
2022-02-15,639.16,656.43,636.08,656.21,312902,531.5907912529174,545.954288600902,529.0291484137864,545.7713141123927,312902,0,1
2022-02-16,657.66,670.63,652.63,667.97,245148,546.9772823321134,557.7644601319607,542.7938201630132,555.5521322254384,245148,0,1
2022-02-17,664.06,664.06,652.69,657.8,240592,552.3001765432948,552.3001765432948,542.843722296243,547.093720642983,240592,0,1
2022-02-18,658.59,661.27,648.375,648.96,232906,547.7507653971758,549.979727348108,539.254927214798,539.7414730137889,232906,0,1
2022-02-22,650.01,654.5375,640,646.1,265140,540.6147603453107,544.3802921486114,532.2894211181349,537.3628046631671,265140,0,1
2022-02-23,654.31,658.95,625.08,627.12,322518,544.1910798934482,548.0501781965547,519.8804239883185,521.5770965181325,322518,0,1
2022-02-24,609.93,649.765,608.835,649.18,423820,507.2801353477875,540.410993301289,506.3694214163433,539.9244475022981,423820,0,1
2022-02-25,653.9,667.59,650.19,662.45,356146,543.8500819830444,555.2360853816496,540.7644667450003,550.9611359682946,356146,0,1
2022-02-28,657.97,674.49,654.14,666.59,363650,547.2351100204676,560.9748307030794,544.0496905159637,554.4043831611525,363650,0,1
2022-03-01,663.78,667.41,650.92,654.83,529694,552.0672999215557,555.08637898196,541.3716093659631,544.6235650481068,529694,0,1
2022-03-02,659.56,681.42,656.515,675.51,493587,548.5575165510579,566.7385270911242,546.0249832896443,561.8231669679865,493587,0,1
2022-03-03,678.03,678.03,652.97,654.49,354259,563.9190565636391,563.9190565636391,543.0765989179822,544.3407862931377,354259,0,1
2022-03-04,649.05,649.05,624.54,633.06,510776,539.8163262136335,539.8163262136335,519.43130478925,526.5174077078851,510776,0,1
2022-03-07,637.14,637.14,591.95,591.97,634780,529.9107527675133,529.9107527675133,492.32612942325,492.34276346765995,634780,0,1
2022-03-08,593.45,609.47,586.83,596.83,586628,493.5736827539956,506.89755232635895,488.0678140543049,496.3848362592758,586628,0,1
2022-03-09,615.27,639.015,611.61,633.93,406553,511.721425205242,531.4701944309453,508.6773950782227,527.2409886397176,406553,0,1
2022-03-10,620.33,647.47,620.33,633.68,315205,515.9298384409573,538.5022367052482,515.9298384409573,527.0330630845933,315205,0,1
2022-03-11,638.54,646.92,623.27,623.99,292551,531.0751358762092,538.0448004839748,518.3750429692187,518.9738685679766,292551,0,1
2022-03-14,625.33,632.43,613.87,618.43,510129,520.0883495434427,525.9934353089719,510.55704209654607,514.3496042220128,510129,0,1
2022-03-15,628.55,648.73,624.37,646.03,340953,522.7664306934432,539.5501815030746,519.2899154117655,537.3045855077323,340953,0,1
2022-03-16,651.63,668.145,640.14,656,358823,541.9621179425161,555.6976801140254,532.4058594290045,545.5966566460884,358823,0,1
2022-03-17,650,663.49,650,663.02,287168,540.6064433231059,551.8261062776115,540.6064433231059,551.4352062339779,287168,0,1
2022-03-18,671.96,671.96,656.47,661.36,612012,558.8706240852218,558.8706240852218,545.9875566897219,550.0545805479527,612012,0,1
2022-03-21,653.3,658.66,647.1001,655.29,257793,543.3510606507461,547.8089845526106,538.1945900538863,545.0061480695354,257793,0,1
2022-03-22,658.31,674.47,656.08,671.68,303582,547.5178887754365,560.9581966586695,545.6631928237281,558.6377474634826,303582,0,1
2022-03-23,665.64,674.17,659.67,660.84,167352,553.6142660516803,560.7086859925204,548.6490037953126,549.6220953932942,167352,0,1
2022-03-24,663.49,676.12,662.365,675.7,231235,551.8261062776115,562.3305053224897,550.8904412795523,561.9811903898809,231235,0,1
2022-03-25,677.43,684.62,671.96,675.53,192359,563.4200352313409,569.3999741967149,558.8706240852218,561.8398010123964,192359,0,1
2022-03-28,674.24,676.58,659.92,668.62,219124,560.7669051479552,562.7130883439183,548.8569293504369,556.0927386687615,219124,0,1
2022-03-29,677.35,684.71,669.26,684.29,275952,563.3534990537012,569.4748273965597,556.6250280898797,569.1255124639508,275952,0,1
2022-03-30,683,684.72,667.97,672.31,345827,568.0526165995096,569.4831444187646,555.5521322254384,559.1617198623958,345827,0,1
2022-03-31,670.59,673.98,651.15,651.54,623638,557.7311920431408,560.550662570626,541.5629008766774,541.8872647426713,623638,0,1
2022-04-01,656.3,667.32,648.735,667.04,489453,545.8461673122374,555.0115257821154,539.554340014177,554.7786491603761,489453,0,1
2022-04-04,668.52,670.32,660.67,669.39,243693,556.0095684467118,557.5066324436066,549.4807060158097,556.7331493785443,243693,0,1
2022-04-05,668.16,678.08,650.07,651.43,302264,555.7101556473328,563.960641674664,540.6646624785407,541.7957774984166,302264,0,1
2022-04-06,645.32,651.295,640.585,647.99,307899,536.7140769311795,541.6834976986495,532.7759669171257,538.9347218599066,307899,0,1
2022-04-07,645.98,654.94,639.39,651.39,217350,537.2630003967075,544.7150522923614,531.7820827636317,541.7625094095968,217350,0,1
2022-04-08,653.08,655.69,640.32,640.82,160131,543.1680861622368,545.3388289577342,532.5555658286941,532.9714169389426,160131,0,1
2022-04-11,638.25,647.32,633.36,633.53,178066,530.833942232265,538.3774813721736,526.7669183740343,526.9083077515188,178066,0,1
2022-04-12,635.99,648.05,633.25,636.51,222788,528.9542952139417,538.9846239931364,526.6754311297797,529.3867803686001,222788,0,1
2022-04-13,639.74,643.28,633.37,636.17,226624,532.0731785408057,535.0174044013654,526.7752353962393,529.1040016136311,226624,0,1
2022-04-14,640.23,648.255,637.049,638.48,325164,532.4807126288493,539.1551229483384,529.8350678654481,531.0252337429794,325164,0,1
2022-04-18,639.12,639.12,625.52,633.19,445599,531.5575231640975,531.5575231640975,520.2463729653372,526.6255289965499,445599,0,1
2022-04-19,633.19,647.15,633.19,643.74,160230,526.6255289965499,538.2360919946891,526.6255289965499,535.3999874227941,160230,0,1
2022-04-20,646.96,649.88,642.22,643.34,131559,538.0780685727947,540.5066390566461,534.1358000476386,535.0673065345952,131559,0,1
2022-04-21,658.26,658.26,632.05,634.16,237822,547.4763036644117,547.4763036644117,525.6773884651831,527.4322801504319,237822,0,1
2022-04-22,632,641.45,623.4,624.01,283737,525.6358033541583,533.4953893378557,518.4831642578833,518.9905026123865,283737,0,1
2022-04-25,618.29,627.02,613.52,626.64,304978,514.2331659111431,521.4939262960828,510.2659463193721,521.1778794522938,304978,0,1
2022-04-26,619.79,627,613.79,613.79,209537,515.4807192418888,521.4772922516728,510.4905059189063,510.4905059189063,209537,0,1
2022-04-27,611.4,619.8,603.4503,615.26,258726,508.5027376119183,515.4890362640938,501.89095446963256,511.71310818303704,258726,0,1
2022-04-28,620.55,624.24,609.0248,618.83,206316,516.1128129294666,519.1817941231009,506.52727849779365,514.6822851102116,206316,0,1
2022-04-29,614.55,617.8,593.605,594.81,281192,511.1225996064841,513.8256318230996,493.70259659817265,494.7047977738716,281192,0,1
2022-05-02,594.99,607.41,586.15,602.88,423866,494.8545041735611,505.18424575213487,487.50225654436684,501.41663469328313,423866,0,1
2022-05-03,607.75,613.04,597.29,604.22,340679,505.46702450710393,509.8667292535335,496.76741928070436,502.53111566874924,340679,0,1
2022-05-04,602.79,624.185,596.58,621.73,280757,501.34178149343836,519.1360505009735,496.1769107041515,517.0942215496532,280757,0,1
2022-05-05,616.76,617.46,591.54,597.64,312547,512.9606615137826,513.5428530681306,491.9851315128461,497.05851505787837,312547,0,1
2022-05-06,595.77,598.88,576.515,584.12,337921,495.50323190554883,498.08982581129476,479.48880564987746,485.8139010367578,337921,0,1
2022-05-09,575.8,577.17,540.28,545.69,700448,478.894138562222,480.033570604303,449.3520756901655,453.8515847030548,700448,0,1
2022-05-10,564,582.28,550.945,566.24,630098,469.08005236035643,484.28356895104315,458.222179871767,470.9430653342699,630098,0,1
2022-05-11,563.54,589.92,563.54,570.77,422492,468.69746933892776,490.6377739156409,468.69746933892776,474.7106763931217,422492,0,1
2022-05-12,569.08,570.54,537.55,549.93,492889,473.30509964048167,474.51938488240734,447.08152862820845,457.3780021179624,492889,0,1
2022-05-13,555.31,570.2,555.31,563.81,263112,461.8525600642367,474.2366061274384,461.8525600642367,468.92202893846195,263112,0,1
2022-05-16,558.88,565.34,545.78,546.23,333977,464.82173699141134,470.19453333582254,453.9264379028995,454.30070390212325,333977,0,1
2022-05-17,557.06,566.71,549.2,556.86,286778,463.3080389501066,471.33396537790355,456.7708594969996,463.14169850600723,286778,0,1
2022-05-18,547.07,553.63,533.74,536.51,549190,454.9993337673408,460.45530033380163,443.9127431681146,446.21655831889154,549190,0,1
2022-05-19,531.26,550.97,531.23,541.14,452693,441.85012166128183,458.2429724272794,441.82517059466693,450.067339599793,452693,0,1
2022-05-20,548.3,552.53,538.2,550.24,529345,456.02232749855216,459.5404278912548,447.62213507153166,457.6358298063165,529345,0,1
2022-05-23,555.74,567.725,552.38,565.16,421660,462.2101920190505,472.1781431317081,459.4156725581803,470.044826936133,421660,0,1
2022-05-24,573.38,582.16,561.5,579.59,641915,476.8814191886191,484.1837646845835,467.0007968091137,482.04628997790604,641915,0,1
2022-05-25,578.74,593.83,573.88,593,599997,481.33934309048345,493.88972959778454,477.2972702988676,493.1994167547719,599997,0,1
2022-05-26,597.5,607.17,594,599.75,444536,496.9420767470088,504.9846372192156,494.031118975269,498.81340674312725,444536,0,1
2022-05-27,602.56,614.15,601.43,612.27,357167,501.150489982724,510.78991871828526,500.2106664735623,509.2263185437507,357167,0,1
2022-05-31,603.41,608,594.59,605.37,547406,501.85743687014656,505.6749500622282,494.5218232853623,503.48757322232086,547406,0,1
2022-06-01,607.64,608.24,588.11,600.09,266691,505.37553726284926,505.8745585951475,489.13239289654115,499.0961854980963,266691,0,1
2022-06-02,602.2,616.82,598.51,616.28,259711,500.8510771833451,513.0105636470125,497.78209598971085,512.561444447944,259711,0,1
2022-06-03,609.65,617.972,605.39,616.35,160397,507.04725872604837,513.9686846050251,503.5042072667308,512.6196636033789,160397,0,1
2022-06-06,625.29,628.44,615.3,624.39,225935,520.0550814546228,522.6749434491887,511.7463762718569,519.3065494561754,225935,0,1
2022-06-07,618.64,633.34,618.25,632.91,211386,514.5242616883172,526.7502843296244,514.1998978223234,526.3926523748106,211386,0,1
2022-06-08,627.04,627.815,614.86,616.72,258113,521.5105603404927,522.155129561378,511.3804272948382,512.9273934249628,258113,0,1
2022-06-09,614.77,614.77,605.7,607.9,208459,511.30557409499346,511.30557409499346,503.7620349550849,505.59177984017845,208459,0,1
2022-06-10,593.88,598.63,580.04,581.13,296705,493.93131470880934,497.8819002561705,482.42055597712965,483.3271113974715,296705,0,1
2022-06-13,565,565,542.07,545.52,376012,469.9117545808535,469.9117545808535,450.84082266485535,453.7101953255703,376012,0,1
2022-06-14,549.98,549.98,522.13,527.65,537476,457.41958722898727,457.41958722898727,434.2566803881434,438.8476766452873,537476,0,1
2022-06-15,536.2,554.13,532.765,547.79,381212,445.95873063053745,460.87115144405016,443.1018335031299,455.5981593660986,381212,0,1
2022-06-16,536.24,540.56,510.99,513.69,441993,445.99199871935735,449.58495231190466,424.9915176518059,427.2371136471481,441993,0,1
2022-06-17,500.48,523.92,500.08,516.02,770414,416.25032731438154,435.7454273628332,415.91764642618267,429.17497982090623,770414,0,1
2022-06-21,525.35,528.705,517.33,523.66,363308,436.9347615381441,439.7251224879118,430.26450972975744,435.52918478550396,363308,0,1
2022-06-22,513.84,535.165,513.84,525.57,373464,427.3618689802226,445.09791883232293,427.3618689802226,437.11773602665346,373464,0,1
2022-06-23,527.45,527.45,513.46,518.83,251282,438.68133620118795,438.68133620118795,427.04582213643374,431.51206306050307,251282,0,1
2022-06-24,525,539.165,525,538.75,478327,436.64366576097007,448.42472771431125,436.64366576097007,448.079571292805,478327,0,1
2022-06-27,541,542.67,529.19,533.8,284845,449.95090128892343,451.33984399715354,440.1284980648529,443.96264530134437,284845,0,1
2022-06-28,538.65,551.675,532.06,532.6,301277,447.99640107075527,458.82932249272983,442.51548343767945,442.96460263674794,301277,0,1
2022-06-29,534.73,537.94,519.46,525.58,314094,444.7361283664067,447.4058924942024,432.03603545941627,437.1260530488584,314094,0,1
2022-06-30,519.98,539.72,515.05,536.67,341566,432.4685206140747,448.8863224466872,428.368228667024,446.349630674171,341566,0,1
2022-07-01,534.31,542.62,530.54,541.69,226199,444.3868134337979,451.29825888612874,441.2512960625239,450.5247758210665,226199,0,1
2022-07-05,529.22,531.1,514.8097,527.27,374106,440.1534491314678,441.7170493060023,428.16837062343865,438.53162980149847,374106,0,1
2022-07-06,533.72,537,522.855,529.16,199818,443.89610912370466,446.6240924069351,434.85966449800384,440.1035469982379,199818,0,1
2022-07-07,533.98,541.53,532.72,534.57,195228,444.1123517010339,450.39170346578686,443.0644069032076,444.60305601112725,195228,0,1
2022-07-08,536.24,539.11,530.63,536.66,124438,445.99199871935735,448.37898409218394,441.3261492623687,446.34131365196606,124438,0,1
2022-07-11,530,535.92,529.53,530.8,147741,440.8021768634555,445.7258540087982,440.41127681982186,441.46753863985316,147741,0,1
2022-07-12,530.62,549.255,530.62,541.73,327942,441.3178322401637,456.8166031191269,441.3178322401637,450.55804390988635,327942,0,1
2022-07-13,529.89,550.09,529.89,541.97,280353,440.7106896192008,457.511074473242,440.7106896192008,450.75765244280564,280353,0,1
2022-07-14,531.49,539.275,527.54,534.61,255918,442.04141317199617,448.51621495856597,438.75618940103266,444.6363240999471,255918,0,1
2022-07-15,545.88,547.55,536.72,538.16,199540,454.00960812494924,455.39855083317934,446.3912157851959,447.5888669827117,199540,0,1
2022-07-18,548.13,555.6,538.04,541.7,313467,455.8809381210677,462.09375370818094,447.489062716252,450.53309284327145,313467,0,1
2022-07-19,544.41,575.53,544.41,574.01,398474,452.7870058608185,478.6695789626878,452.7870058608185,477.4053915875322,398474,0,1
2022-07-20,575.65,585.875,568.91,585.1,265355,478.7693832291475,487.27353843373015,473.1637102629971,486.62896921284494,265355,0,1
2022-07-21,583.64,593.22,580,590.92,313075,485.41468397091916,493.3823912432813,482.3872878883098,491.4694761361379,313075,0,1
2022-07-22,593.39,598.12,578.59,581.12,186265,493.52378062076576,497.457732123717,481.21458775740894,483.3187943752665,186265,0,1
2022-07-25,581.12,589.475,580.7,586.12,150697,483.3187943752665,490.2676664275197,482.9694794426578,487.47730547775194,150697,0,1
2022-07-26,586.21,590.43,581.22,586.25,245346,487.5521586775967,491.06194204809435,483.40196459731624,487.58542676641656,245346,0,1
2022-07-27,593.26,603.94,588,599.67,339302,493.41565933210114,502.2982390470101,489.0409056522865,498.7468705654874,339302,0,1
2022-07-28,607.89,611,596.09,610.27,317202,505.5834628179735,508.1700567237195,495.76937661610793,507.56291410275657,317202,0,1
2022-07-29,608.54,624.85,608.54,622.34,207220,506.1240692612966,519.6891324776041,506.1240692612966,517.6015599041565,207220,0,1
2022-08-01,625,631.45,614.89,630,330284,519.8138878106787,525.1783671328849,511.40537836145313,523.972398913164,330284,0,1
2022-08-02,630,635.65,625.135,626.21,245353,523.972398913164,528.6715164589726,519.9261676104458,520.8202474974802,245353,0,1
2022-08-03,629.09,636.22,625.875,633.45,186357,523.2155498925117,529.145586724656,520.5416272536136,526.8417715738791,186357,0,1
2022-08-04,631.9,637.63,628.9,635.91,139049,525.5526331321086,530.3182868555568,523.0575264706173,528.8877590363019,139049,0,1
2022-08-05,629.91,638.89,629.86,638.3,198794,523.8975457133193,531.3662316533831,523.8559606022945,530.8755273432898,198794,0,1
2022-08-08,642.99,647.71,639.39,641.18,241553,534.7762107574213,538.7018452381675,531.7820827636317,533.2708297383215,241553,0,1
2022-08-09,647.22,652.2,633.49,644.04,274066,538.2943111501239,542.4361882081994,526.8750396626989,535.6494980889431,274066,0,1
2022-08-10,657.66,673.745,654.25,666.06,406783,546.9772823321134,560.3552125488092,544.1411777602184,553.9635809842889,406783,0,1
2022-08-11,673.73,675.71,657.23,661.5,296688,560.3427370155017,561.9895074120859,546.6196503772998,550.1710188588223,296688,0,1
2022-08-12,661.5,677.69,661.13,676.6,380407,550.1710188588223,563.6362778086701,549.8632890372384,562.7297223883284,380407,0,1
2022-08-15,671.59,679.53,670,677.01,191599,558.5628942636379,565.1666098943847,557.2404877330475,563.0707202987321,191599,0,1
2022-08-16,675.28,680,674.3887,677.36,216230,561.6318754572721,565.5575099380184,560.890579268143,563.3618160759061,216230,0,1
2022-08-17,667.28,673.94,665.81,668.83,272452,554.9782576932954,560.517394481806,553.7556554291647,556.267396135066,272452,0,1
2022-08-18,653.21,660.04,647.94,655.5,246735,558.6089455711787,564.4497916976175,554.102172644922,560.5672966150358,246735,18.5,1
2022-08-19,649.62,653.89,637.18,646,323439,555.5388668605028,559.1904646584375,544.9004882641777,552.4431328959773,323439,0,1
2022-08-22,635.72,639.3698,630.09,631.5,512755,543.6519325768278,546.7731507601773,538.8372966043752,540.0430935353091,512755,0,1
2022-08-23,633.42,640.89,632.44,638.77,302271,541.6850297816873,548.0731879902522,540.8469581559318,546.2602167182097,302271,0,1
2022-08-24,640.77,646.23,640.77,643.04,173370,547.9705669748536,552.6398231754914,547.9705669748536,549.9118145161444,173370,0,1
2022-08-25,646.09,654.72,643.52,654.13,148591,552.5200986575263,559.9002600149448,550.3222985777389,559.3957066892348,148591,0,1
2022-08-26,657.74,657.74,630.92,631.02,179354,562.482888902477,562.482888902477,539.5470919608824,539.6326094737146,179354,0,1
2022-08-29,623.17,630.54,620.31,622.8,156518,532.9194847163873,539.22212541212,530.4736838493865,532.6030699189082,156518,0,1
2022-08-30,625.57,626.73,600.84,606.98,344292,534.97190502436,535.9639081732134,513.8234241009583,519.074199388855,344292,0,1
2022-08-31,610,612.05,598.77,600.39,287681,521.6568282763873,523.4099372894473,512.0532115853318,513.4385952932134,287681,0,1
2022-09-01,594.84,605.69,589.03,605.43,249228,508.6923733310266,517.9710234733197,503.72380583547607,517.748677939956,249228,0,1
2022-09-02,608.81,613.63,598.6,601.2,196067,520.6391698736842,524.761113992196,511.90783181351713,514.1312871471542,196067,0,1
2022-09-06,602.34,605.75,595.89,601.39,190784,515.1061867934412,518.0223339810191,509.5903072157646,514.2937704215353,190784,0,1
2022-09-07,600.93,616.85,597.225,614.87,212803,513.9003898625072,527.5147779053926,510.73196601207445,525.8215311513152,212803,0,1
2022-09-08,610.9,616.9,606.19,615.58,169134,522.4264858918771,527.5575366618087,518.3986110374807,526.4287054924238,169134,0,1
2022-09-09,617.6,621.53,612.55,619.92,221326,528.1561592516341,531.5169975059393,523.8375248536082,530.140165549341,221326,0,1
2022-09-12,622.85,629.91,614.57,628.37,311149,532.6458286753243,538.6833650812772,525.5649786128187,537.3663953836615,311149,0,1
2022-09-13,611.63,613.57,591.19,593.73,197489,523.0507637355521,524.7098034844967,505.57098411265156,507.7431289385892,197489,0,1
2022-09-14,595.39,600.49,585.25,600.14,207674,509.16271965160365,513.5241128060457,500.49124385041915,513.2248015111329,207674,0,1
2022-09-15,597.34,600.265,584.82,587.1,192664,510.8303111518315,513.3316984021732,500.12351854524076,502.0733178378147,192664,0,1
2022-09-16,582.03,582.6,573.01,581.93,407775,497.73757993722245,498.225029760366,490.0239002797585,497.65206242439024,407775,0,1
2022-09-19,579.59,593.375,579.59,592.04,264839,495.65095262411694,507.4395417680349,495.65095262411694,506.29788297172513,264839,0,1
2022-09-20,590.46,590.46,576.41,584.71,268170,504.94670626897647,504.94670626897647,492.9314957160531,500.0294492811253,268170,0,1
2022-09-21,592.57,595,566.85,567.06,302953,506.7511257897358,508.8292013515581,484.75602148929534,484.93560826624287,302953,0,1
2022-09-22,567.06,567.06,550.09,554.7,253758,484.93560826624287,484.93560826624287,470.4232863386195,474.3656436801837,253758,0,1
2022-09-23,545.96,545.96,531.99,540.51,259830,466.8914130586499,466.8914130586499,454.94461651599227,462.2307086092952,259830,0,1
2022-09-26,537.09,548.98,530.54,531.44,268329,459.3060096704342,469.4740419461821,453.7046125799254,454.4742701954152,268329,0,1
2022-09-27,540.64,546.2,530.365,531.83,355370,462.3418813759771,467.09665508944715,453.5549569324691,454.8077884954608,355370,0,1
2022-09-28,536.98,544.215,528.45,540.24,318007,459.2119404063188,465.3991324597281,451.9172965617326,461.9998113246483,318007,0,1
2022-09-29,532.34,535.99,523.21,530.4,223469,455.24392781090495,458.36531702928005,447.4361788893256,453.5848880619603,223469,0,1
2022-09-30,526.79,536.17,523.78,524.82,339990,450.4977058487181,458.519248552378,447.92362871246905,448.81301084592394,339990,0,1
2022-10-03,533.68,545.89,523.1,542.35,220219,456.3898624828563,466.8315507996673,447.3421096252102,463.80423084540763,220219,0,1
2022-10-04,556.02,566.15,554.65,563.52,268244,475.49447484956863,484.1573988994699,474.32288492376756,481.9082883119832,268244,0,1
2022-10-05,553.19,557.71,547.91,551.75,253738,473.07432923641755,476.9397208164327,468.55900455887763,471.84287705163393,253738,0,1
2022-10-06,545.06,554.78,545.06,547,187565,466.12175544316005,474.4340576904494,466.12175544316005,467.7807951921047,187565,0,1
2022-10-07,540.09,540.63,528.16,533.48,215640,461.87153505540005,462.3333296246939,451.6692957745192,456.218827457192,215640,0,1
2022-10-10,539.59,543.54,528.505,531.52,212406,461.4439474912391,464.8218892481107,451.96433119379026,454.5426842056809,212406,0,1
2022-10-11,533.77,533.77,517.82,522.59,312546,456.4668282444053,456.4668282444053,442.8267849476703,446.905970309766,312546,0,1
2022-10-12,526.14,526.14,509.23,509.83,399317,449.94184201530885,449.94184201530885,435.48083059538476,435.9939356723779,399317,0,1
2022-10-13,499.63,525.1069,499.63,521.71,317584,427.2711493634941,449.0583605902395,427.2711493634941,446.15341619684267,317584,0,1
2022-10-14,526.83,529.67,510.005,514.28,236666,450.53191285385105,452.9606102182853,436.1435913198343,439.7994649934106,236666,0,1
2022-10-17,525,532.7,524.3,525.61,252080,448.96694236902187,455.55179085710085,448.36831977919644,449.48859919729824,252080,0,1
2022-10-18,541.09,547.45,536.34,540.21,331196,462.726710183722,468.1656239998496,458.66462832419273,461.9741560707987,331196,0,1
2022-10-19,536.2,546.25,530.625,541.5,293637,458.5449038062277,467.1394138458632,453.7773024658328,463.07733198633395,293637,0,1
2022-10-20,539.37,543.28,528.2632,531.02,198151,461.25580896300823,464.599543714747,451.757549847762,454.11509664152,198151,0,1
2022-10-21,528.8,539.56,521.43,537.88,293626,452.2166078566452,461.4182922373893,445.9139671609125,459.9815980218085,293626,0,1
2022-10-24,542.85,547,536.34,542.58,188273,464.23181840956863,467.7807951921047,458.66462832419273,464.0009211249217,188273,0,1
2022-10-25,538.9,555.75,538.9,555.04,268727,460.8538766526969,475.2635775649217,460.8538766526969,474.6564032238131,268727,0,1
2022-10-26,559.21,571.76,552.25,554.82,220076,478.2224835089157,488.9549313693561,472.2704646157949,474.4682646955823,220076,0,1
2022-10-27,557.56,571.385,557.56,564.35,221778,476.8114445471844,488.63424069623534,476.8114445471844,482.61808366849044,221778,0,1
2022-10-28,567.24,583.34,560.56,581.55,223464,485.0895397893409,498.85785935532425,479.37696993215025,497.3270958756279,223464,0,1
2022-10-31,578.62,581.7,572.79,575.76,194887,494.8214327496446,497.45537214487626,489.8357617515276,492.37563188264386,194887,0,1
2022-11-01,582,586.39,574.785,575.52,163686,497.7119246833728,501.46614349670614,491.5418361325299,492.17038985184655,163686,0,1
2022-11-02,569.52,578.26,556.75,557.71,225481,487.0393390819149,494.5135697034487,476.11875269324366,476.9397208164327,225481,0,1
2022-11-03,549.83,568.09,545.29,563.1,266368,470.2009408052558,485.81643864841453,466.31844572267414,481.549114758088,266368,0,1
2022-11-04,574.02,584.355,563.98,579.61,344321,490.88762715936366,499.725862110571,482.3016688710113,495.6680561266834,344321,0,1
2022-11-07,585.54,586.823,574.44,584.88,275655,500.73924463763245,501.83643432726956,491.24680071325895,500.17482905294,275655,0,1
2022-11-08,588.68,598.3263,583.19,594.08,241340,503.4244945405634,511.67377038089535,498.729583086076,508.04244023350196,241340,0,1
2022-11-09,593.04,594.49,581.78,582.8,390428,507.1530581000471,508.3930620361139,497.5237861551419,498.3960647860303,390428,0,1
2022-11-10,619.99,648.4,610.105,640.02,666665,530.2000278083235,554.4955532039501,521.7466216648611,547.3291856286121,666665,0,1
2022-11-11,646.52,646.52,623,626.25,325179,552.8878239627047,552.8878239627047,532.7741049445726,535.5534241116189,325179,0,1
2022-11-14,621.51,626.23,615.24,616.14,270417,531.4998940033729,535.5363206090525,526.1379459487943,526.907603564284,270417,0,1
2022-11-15,627.81,628.69,611.88,618.01,401838,536.8874973118011,537.6400514247246,523.2645575176325,528.5067810542461,401838,0,1
2022-11-16,617,617.69,606.92,612.57,299256,527.643054174641,528.2331250131831,519.0228888811557,523.8546283561748,299256,0,1
2022-11-17,602.57,612.485,598,602.08,186130,515.3028770729553,523.7819384702674,511.3947267365239,514.8838412600775,186130,0,1
2022-11-18,610.62,621.545,609.12,620.61,223879,522.1870368559469,531.5298251328642,520.904274163464,530.7302363878831,223879,0,1
2022-11-21,615.42,621.75,614.52,616.39,194517,526.2918774718922,531.7051360341702,525.5222198564024,527.1213973463646,194517,0,1
2022-11-22,619.62,631.98,616.92,629.36,274015,529.8836130108444,540.4535775969036,527.5746401643752,538.2130187607002,274015,0,1
2022-11-23,629.8,643.2,625.51,639.04,216099,538.5892958171618,550.048642536676,534.9205945166607,546.4911140028565,216099,0,1
2022-11-25,639.61,639.61,632.27,636.54,74255,546.9785638260001,546.9785638260001,540.701578384117,544.3531761820517,74255,0,1
2022-11-28,619.23,620.94,602.73,606.09,312687,529.5500947107989,531.0124441802294,515.4397050934867,518.3130935246485,312687,0,1
2022-11-29,606.09,612.79,604.93,609.88,214445,518.3130935246485,524.0427668844055,517.3210903757949,521.5542072609886,214445,0,1
2022-11-30,610.15,629.23,602.04,628.5,464663,521.7851045456356,538.1018459940184,514.8496342549446,537.4775681503434,464663,0,1
2022-12-01,630.22,637.995,626.89,634.64,244212,538.9484693710571,545.5974559937601,536.100736193745,542.72834343824,244212,0,1
2022-12-02,609.02,626.49,607.63,621.82,475194,520.8187566506318,535.7586661424162,519.6300632222643,531.7649982931528,475194,0,1
2022-12-05,615.49,622.015,611.92,616.85,216441,526.3517397308748,531.9317574431755,523.2987645227654,527.5147779053926,216441,0,1
2022-12-06,618.98,618.98,601.91,607.45,166472,529.3363009287184,529.3363009287184,514.7384614882627,519.4761316991663,166472,0,1
2022-12-07,607.61,614.98,604.44,609.69,305720,519.6129597196979,525.9156004154306,516.9020545629173,521.3917239866075,305720,0,1
2022-12-08,618.25,631.44,611.58,614.47,328249,528.7120230850434,539.9917830276099,523.008004979136,525.4794610999865,328249,0,1
2022-12-09,611.79,618.68,609.7,609.7,181698,523.1875917560835,529.0797483902218,521.4002757378908,521.4002757378908,181698,0,1
2022-12-12,612.06,618.08,609.17,618.02,261547,523.4184890407305,528.5666433132286,520.94703291988,528.5153328055293,261547,0,1
2022-12-13,635,636.815,623.05,626.59,434347,543.036206484436,544.5883493423404,532.8168637009886,535.8441836552485,434347,0,1
2022-12-14,624.81,635.665,623.26,628.01,447047,534.3219719268353,543.6048979447701,532.9964504779363,537.0585323374655,447047,0,1
2022-12-15,621.18,621.18,608.28,612.15,264329,531.2176862110266,531.2176862110266,520.1859270556736,523.4954548022795,264329,0,1
2022-12-16,604.89,614.855,599.42,605.73,424342,517.2868833706622,525.8087035243904,512.6090754187411,518.0052304784526,424342,0,1
2022-12-19,605.08,611.5,599.515,602.05,217248,517.4493666450434,522.9395909688702,512.6903170559317,514.8581860062278,217248,0,1
2022-12-20,602.72,611.18,602.35,610.16,266054,515.4311533422035,522.6659349278071,515.1147385447244,521.7936562969188,266054,0,1
2022-12-21,614.85,627.66,614.85,627.64,241794,525.8044276487487,536.7592210425529,525.8044276487487,536.7421175399865,241794,0,1
2022-12-22,620.69,621.955,604.84,619.05,296177,530.798650398149,531.8804469354762,517.2441246142461,529.3961631877008,296177,0,1
2022-12-23,619.07,623.47,615.565,620.32,153520,529.4132666902674,533.1760372548839,526.4158778654989,530.4822356006698,153520,0,1
2022-12-27,624.02,630.825,620.4,626.45,184159,533.646383575461,539.4658503236918,530.5506496109355,535.7244591372834,184159,0,1
2022-12-28,624.86,629.25,618.8240000000001,621.7,245671,534.3647306832514,538.1189494965847,529.2028936087003,531.6623772777541,245671,0,1
2022-12-29,625.88,632.75,625.27,628.4,190693,535.2370093141398,541.1120624457116,534.7153524858634,537.3920506375111,190693,0,1
2022-12-30,622.57,629.85,622.51,629.65,164607,532.4063796393942,538.632054573578,532.3550691316948,538.4610195479136,164607,0,1
2023-01-03,633.04,633.93,623.575,625.77,216144,541.3600632329249,542.1211690971314,533.2658306433577,535.1429400500243,216144,0,1
2023-01-04,627.15,638.42,627.15,633.56,275741,536.3230817271086,545.9609054232969,536.3230817271086,541.8047542996524,275741,0,1
2023-01-05,629.61,637.22,627.39,636.46,272550,538.4268125427807,544.9346952693107,536.5283237579059,544.284762171786,272550,0,1
2023-01-06,640,652.51,638.78,649.03,282041,547.3120821260457,558.0103229813533,546.2687684694929,555.0343135347929,282041,0,1
2023-01-09,653.63,658.13,648.33,650.82,248619,558.9681191250738,562.8164072025226,554.4356909449675,556.5650770144892,248619,0,1
2023-01-10,647.25,658.81,645.06,658.8,268693,553.5121018063797,563.3979262897815,551.6392682753547,563.3893745384983,268693,0,1
2023-01-11,660,673.94,659.91,673.83,535072,564.4155846924846,576.3367259812926,564.3386189309356,576.2426567171772,535072,0,1
2023-01-12,674.96,682.495,669.86,680.2,432458,577.2090046121809,583.6527492040868,572.847611457739,581.690122284588,432458,0,1
2023-01-13,676.96,685.705,673.105,683.88,347317,578.9193548688248,586.3978613660003,575.6226547491437,584.8371667568127,347317,0,1
2023-01-17,685,691,678.72,680.35,384569,585.7949629005333,590.926013670465,580.4244630946715,581.8183985538362,384569,0,1
2023-01-18,685.35,689.55,671.48,672.11,329170,586.094274195446,589.6860097343981,574.2329951656205,574.7717554964634,329170,0,1
2023-01-19,666.92,671.17,659.59,660.24,292338,570.3333965804725,573.9678908758407,564.0649628898726,564.6208267232819,292338,0,1
2023-01-20,664.75,673.33,661.08,672.65,427915,568.4776665520138,575.8150691530162,565.3391738310723,575.2335500657572,427915,0,1
2023-01-23,673.03,686.7375,671.925,685,433213,575.5585166145196,587.2808296859927,574.6135480977238,585.7949629005333,433213,0,1
2023-01-24,678.53,696.42,677.56,694.25,304264,580.2619798202902,595.5610628659699,579.432459945818,593.7053328375113,304264,0,1
2023-01-25,686.44,701.23,683.91,700.5,275833,587.0264150853169,599.6744552331985,584.8628220106623,599.0501773895235,275833,0,1
2023-01-26,703.5,710.21,695.53,710.14,343108,601.6157027744893,607.3539278855296,594.7999570017633,607.294065626547,343108,0,1
2023-01-27,706.04,717,704.535,710.69,363298,603.787847600427,613.1605670068355,602.5008090323025,607.7644119471241,363298,0,1
2023-01-30,708.82,712.34,702.5,707.25,300557,606.1652344571621,609.1754509088553,600.7605276461674,604.8226095056966,300557,0,1
2023-01-31,706.59,718.18,704.21,717.75,286124,604.2581939210041,614.1696736582554,602.222877115598,613.801948353077,286124,0,1
2023-02-01,713.45,729.49,713.43,728.15,290606,610.1246953012927,623.8417043595766,610.1075917987262,622.6957696876252,290606,0,1
2023-02-02,730,733.47,707,711.84,496042,624.2778436750209,627.2453013702981,604.6088157236161,608.7478633446943,496042,0,1
2023-02-03,704.25,713.86,704.25,713.5,261078,602.2570841207307,610.4753171039047,602.2570841207307,610.1674540577087,261078,0,1
2023-02-06,710.55,720.63,705.62,720.35,414334,607.6446874291589,616.2648527226443,603.4286740465318,616.0254036867141,414334,0,1
2023-02-07,738,744,717.615,742.5,576991,631.1192447015965,636.2502954715281,613.6864997107535,634.9675327790452,576991,0,1
2023-02-08,746.19,758.43,742.5575,754.3,460203,638.1231290025532,648.5904725732138,635.0167053489237,645.0585992932441,460203,0,1
2023-02-09,757.61,766.71,746.37,746.98,636466,647.8892289679898,655.6713226357195,638.2770605256511,638.7987173539275,636466,0,1
2023-02-10,745.15,751,729.78,730.47,719136,637.2337468690984,642.2365213697817,624.08970514679,624.6797759853322,719136,0,1
2023-02-13,731,741.6,726.895,740.51,723456,625.1330188033428,634.1978751635554,621.6225249015812,633.2657342736845,723456,0,1
2023-02-14,737.14,758.31,737.14,755.68,339884,630.3837940912396,648.4878515578151,630.3837940912396,646.2387409703284,339884,0,1
2023-02-15,749.32,768.63,749.32,768.16,428095,640.7998271542009,657.3132588820977,640.7998271542009,656.9113265717863,428095,0,1
2023-02-16,740,756.16,738.91,748.67,497962,632.8295949582404,646.6492250319229,631.8974540683694,640.2439633207915,497962,0,1
2023-02-17,743.35,745.74,734.07,743.97,316313,635.6944316381189,637.7383001948083,627.7584064472912,636.2246402176785,316313,0,1
2023-02-21,741.04,741.84,734.63,737.2,268808,633.7189770916951,634.4031171943527,628.2373045191515,630.4351045989389,268808,0,1
2023-02-22,739.86,746.18,736.82,740.99,212241,632.7098704402753,638.1145772512699,630.1101380501766,633.676218335279,212241,0,1
2023-02-23,741.69,747.1,736,746.3,314494,634.2748409251045,638.9013383693261,629.4088944449526,638.2171982666686,314494,0,1
2023-02-24,736.46,742.25,729.44,741.85,181344,629.8022750039806,634.7537389969647,623.7989456031606,634.4116689456359,181344,0,1
2023-02-27,745.74,748.73,741.35,747.4,429541,637.7383001948083,640.295273828491,633.984081381475,639.1578909078227,429541,0,1
2023-02-28,748.6,755.14,743.22,743.87,376588,640.1841010618091,645.7769464010346,635.583258871437,636.1391227048463,376588,0,1
2023-03-01,743.07,756.7037,743.07,750.94,196865,635.4549826021887,647.1141837491916,635.4549826021887,642.1852108620825,196865,0,1
2023-03-02,748.99,759.86,745.32,759.06,174910,640.5176193618546,649.8133730067142,637.3791266409131,649.1292329040566,174910,0,1
2023-03-03,760.42,768.54,757.55,767.22,239811,650.2922710785745,657.2362931205487,647.8379184602904,656.1074619511637,239811,0,1
2023-03-06,766.24,771.34,765.45,770.15,212788,655.2693903254083,659.6307834798502,654.5938019740339,658.613125077147,212788,0,1
2023-03-07,769.33,772.01,761.925,762.8,215392,657.911881471923,660.2037508158259,651.579309646699,652.3275878839806,215392,0,1
2023-03-08,764.58,769.078,755.67,764.49,201393,653.8497996123938,657.6963773395859,646.2301892190452,653.7728338508448,201393,0,1
2023-03-09,769.13,769.13,740.66,741.55,284229,657.7408464462586,657.7408464462586,633.3940105429327,634.1551164071393,284229,0,1
2023-03-10,740.99,740.99,711.135,717.12,459462,633.676218335279,633.676218335279,608.1449648792274,613.2631880222342,459462,0,1
2023-03-13,703.35,711.16,696.56,702.66,480371,601.487426505241,608.1663442574354,595.6807873839349,600.8973556666988,480371,0,1
2023-03-14,717.11,737.565,717.11,728.2,393122,613.254636270951,630.7472435207765,613.254636270951,622.7385284440414,393122,0,1
2023-03-15,711.14,712.95,686.46,697.13,445236,608.149240754869,609.6971077371318,587.0435185878833,596.1682372070785,445236,0,1
2023-03-16,689.81,714.03,686.85,712.24,332223,589.9083552677617,610.6206968757193,587.3770368879289,609.0899333960231,332223,0,1
2023-03-17,705.76,705.76,687.585,690.9,571049,603.5483985644969,603.5483985644969,588.0055906072455,590.8404961576327,571049,0,1
2023-03-20,697.48,701.73,692.82,699.97,387473,596.4675485019911,600.1020427973594,592.482432404011,598.5969345715129,387473,0,1
2023-03-21,715.09,723.745,710.9939,716.46,315956,611.5271825117406,618.9287232473671,608.0242996686212,612.6987724375417,315956,0,1
2023-03-22,717.3,722.02,704.62,704.88,208234,613.4171195453321,617.4535461510117,602.5734989182099,602.7958444515735,208234,0,1
2023-03-23,708.07,714.43,698.41,701.25,202912,605.5238531109206,610.9627669270482,597.2628613713306,599.6915587357649,202912,0,1
2023-03-24,692.03,707.48,689.655,703.89,304595,591.8068440526365,605.0192997852106,589.7758031228719,601.9492210745349,304595,0,1
2023-03-27,712.69,718.65,707.4,713.67,212641,609.474762203768,614.5716059685667,604.9508857749448,610.3128338295235,212641,0,1
2023-03-28,711.69,720.365,711.69,719.79,160258,608.619587075446,616.0382313136389,608.619587075446,615.5465056148538,160258,0,1
2023-03-29,721.33,732.98,721.33,732.25,233300,616.8634753124696,626.8262655574202,616.8634753124696,626.2019877137452,233300,0,1
2023-03-30,736.04,738.06,731.34,734.87,179210,629.4431014500854,631.1705552092957,625.4237783469723,628.4425465499487,179210,0,1
2023-03-31,739.22,742,732.255,737.05,290340,632.1625583581492,634.5399452148843,626.2062635893868,630.3068283296906,290340,0,1
2023-04-03,739.505,749.205,738.3675,745.76,194691,632.4062832697209,640.7014820144439,631.4335215612547,637.7554036973747,194691,0,1
2023-04-04,744.34,744.46,732.92,735.64,156428,636.5410550151576,636.6436760305562,626.7749550497209,629.1010313987566,156428,0,1
2023-04-05,728.87,733.46,722.33,722.62,222823,623.311495780017,627.2367496190149,617.7186504407915,617.9666512280049,222823,0,1
2023-04-06,721.54,726.86,719.56,724.32,175877,617.0430620894172,621.5925937720899,615.3498153353397,619.4204489461523,175877,0,1
2023-04-10,720.24,735.0475,714.98,733.91,180508,615.9313344225986,628.5943401352259,611.4331132476252,627.6215784267597,180508,0,1
2023-04-11,737.04,740.48,733.65,738.82,182778,630.2982765784074,633.2400790198349,627.399232893396,631.8204883068205,182778,0,1
2023-04-12,744.84,749.85,740.055,745.43,157274,636.9686425793186,641.2530699722115,632.876629590298,637.4731959050284,157274,0,1
2023-04-13,748.21,755.23,742.24,753.72,251017,639.8505827617636,645.8539121625836,634.7451872456814,644.5625977188174,251017,0,1
2023-04-14,748.06,755.945,748.06,751.83,234942,639.7223064925151,646.4653623793338,639.7223064925151,642.946316726289,234942,0,1
2023-04-17,752.13,757.665,749.44,754.44,133401,643.2028692647856,647.9362636000475,640.9024481695996,645.1783238112093,133401,0,1
2023-04-18,757.43,763.3,757.16,762.43,240895,647.7352974448918,652.7551754481416,647.5044001602449,652.0111730865016,240895,0,1
2023-04-19,761.11,766.61,758.37,760.64,200142,650.8823419171166,655.5858051228873,648.5391620655145,650.4804096068053,200142,0,1
2023-04-20,756.89,765.76,754.02,763,207841,647.273502875598,654.8589062638137,644.819150257314,652.4986229096451,207841,0,1
2023-04-21,767.95,767.95,759.4325,764.47,240518,656.7317397948387,656.7317397948387,649.4477856393565,653.7557303482783,240518,0,1
2023-04-24,766.39,769.515,764.28,765.25,232800,655.3976665946565,658.0700888706625,653.5932470738971,654.4227669483695,232800,0,1
2023-04-25,760.94,762.545,751.62,754,254737,650.736962145302,652.1095182262586,642.7667299493413,644.8020467547476,254737,0,1
2023-04-26,752.3,755.93,741.74,742.92,291280,643.3482490366002,646.4525347524088,634.3175996815205,635.3267063329404,291280,0,1
2023-04-27,751.32,759.66,745.65,759.14,216402,642.5101774108448,649.6423379810498,637.6613344332593,649.1976469143224,216402,0,1
2023-04-28,753.62,765.69,753.62,765,165276,644.4770802059852,654.7990440048312,644.4770802059852,654.208973166289,165276,0,1
2023-05-01,765,778.12,764.385,769.19,247660,654.208973166289,665.428870849873,653.683040462371,657.7921569539579,247660,0,1
2023-05-02,768.43,772.96,754.56,771.9,287406,657.1422238564332,661.0161671877318,645.2809448266079,660.1096815517104,287406,0,1
2023-05-03,772.72,779.45,766.29,769.22,342599,660.8109251569344,666.5662537705412,655.3121490818243,657.8178122078076,342599,0,1
2023-05-04,767.08,767.08,750.86,759.99,354970,655.9877374331986,655.9877374331986,642.1167968518167,649.9245457733961,354970,0,1
2023-05-05,766.12,770.24,762.09,767.19,281741,655.1667693100096,658.690090838696,651.7204135428722,656.081806697314,281741,0,1
2023-05-08,770.59,776.26,768.395,772.3,367731,658.9894021336087,663.838245111194,657.112292726942,660.4517516030392,367731,0,1
2023-05-09,780,815.85,766,808.41,625917,667.0366000911182,697.6946284414599,655.064148294611,691.3321254867446,625917,0,1
2023-05-10,815,816.94,804.675,810.14,445145,696.9677295823863,698.6267693313309,688.1380463824622,692.8115784587417,445145,0,1
2023-05-11,804.53,809.87,791.78,796.88,223011,688.0140459888555,692.5806811740947,677.1105631027507,681.4719562571927,223011,0,1
2023-05-12,800,803.28,783.8,795.59,184707,684.1401026575571,686.9450770784531,670.2862655787416,680.3687803416574,184707,0,1
2023-05-15,799.95,808.82,796.36,808.14,269002,684.097343901141,691.6827472893567,681.0272651904652,691.1012282020978,269002,0,1
2023-05-16,810,824.59,805.4,807.07,313424,692.6918539407766,705.1688590629938,688.7580483504956,690.1861908147933,313424,0,1
2023-05-17,815.15,826.275,812.49,819.92,235076,697.0960058516346,706.6098291542162,694.8212400102982,701.1751912137303,235076,0,1
2023-05-18,819.88,828.93,815.24,826.05,228641,701.1409842085974,708.880319119911,697.1729716131836,706.4174147503438,228641,0,1
2023-05-19,831.58,831.58,820.06,822.51,285883,711.1465332099642,711.1465332099642,701.2949157316953,703.3900947960841,285883,0,1
2023-05-22,822.58,826.3,807.34,807.9,247542,703.4499570550666,706.6312085324242,690.4170880994402,690.8959861713005,247542,0,1
2023-05-23,800.2,802.61,782.33,783.22,400011,684.3111376832215,686.3721097424774,669.0291581401084,669.7902640043148,400011,0,1
2023-05-24,775.24,784.8,768.05,779.63,328705,662.9659664803057,671.1414407070635,656.8172573076708,666.720185293639,328705,0,1
2023-05-25,785.93,791.56,779.1727,786.71,341297,672.1077886020673,676.9224245745198,666.3291137074574,672.7748252021585,341297,0,1
2023-05-26,787.5,799.05,787.5,792.49,206168,673.4504135535328,683.3276862856512,673.4504135535328,677.7177374438593,206168,0,1
2023-05-30,790,793.895,778.47,780.46,202625,675.5883513743377,678.9192584991516,665.7281821447856,667.4299806501463,202625,0,1
2023-05-31,777.9,779.795,768.23,773.65,487696,665.2407323216421,666.8612891898122,656.9711888307689,661.6062380262738,487696,0,1
2023-06-01,775.63,782.89,775.375,778.15,239808,663.2994847803512,669.5080562119686,663.0814151226292,665.4545261037225,239808,0,1
2023-06-02,783.77,802.08,779.34,793.82,284130,670.2606103248919,685.9188669244668,666.4721845064257,678.8551203645276,284130,0,1
2023-06-05,796.9,796.9,782.45,788.15,191000,681.489059759759,681.489059759759,669.131779155507,674.006277386942,191000,0,1
2023-06-06,790.47,797.65,788.39,795.42,241260,675.990283684649,682.1304411060005,674.2115194177393,680.2234005698425,241260,0,1
2023-06-07,799.5,808.5469,796.055,805.76,217992,683.7125150933962,691.449198961812,680.7664367763269,689.0659113966915,217992,0,1
2023-06-08,800,808.5,800,807,139067,684.1401026575571,691.4090912482936,684.1401026575571,690.1263285558107,139067,0,1
2023-06-09,808.37,809.77,794.72,800.01,167251,691.2979184816118,692.4951636612625,679.6247779800173,684.1486544088403,167251,0,1
2023-06-12,802.3,807.52,794.97,806.4,178123,686.1070054526975,690.5710196225382,679.8385717620978,689.6132234788175,178123,0,1
2023-06-13,808.87,812.5999,799.63,802.97,197417,691.7255060457728,694.9152237569009,683.8236878600779,686.6799727886734,197417,0,1
2023-06-14,805.38,812.75,803.205,810.86,216471,688.7409448479292,695.043585543662,686.8809389438289,693.4273045511335,216471,0,1
2023-06-15,805.7,826.04,805.1987,824.66,239755,689.0146008889923,706.4088629990606,688.5859015971645,705.2287213219763,239755,0,1
2023-06-16,826.8,830,814.395,815.89,403175,707.0587960965852,709.7953565072155,696.4503486297515,697.7288354465928,403175,0,1
2023-06-20,814.21,822.73,813.39,821.56,373016,696.292141231012,703.578233324315,695.590897625788,702.5776784241782,373016,0,1
2023-06-21,820.62,848.1,819.66,847.97,303812,701.7738138035556,725.2740263298427,700.9528456803665,725.1628535631609,303812,0,1
2023-06-22,843.19,858.67,843.19,850.59,304280,721.0751164497821,734.3132274362057,721.0751164497821,727.4034123993644,304280,0,1
2023-06-23,843.73,853.8321,843.44,850.26,419485,721.5369110190759,730.1759756828969,721.2889102318625,727.1212046070182,419485,0,1
2023-06-26,849.27,857.145,846.52,855.34,216531,726.2745812299794,733.0090853655147,723.922849627094,731.4654942588936,216531,0,1
2023-06-27,856.35,873.88,855.66,873.74,199571,732.3292211384988,747.3204411379825,731.7391502999566,747.2007166200175,199571,0,1
2023-06-28,875.42,883.71,869.12,875.42,228704,748.6374108355983,755.7268126493873,743.2498075271701,748.6374108355983,228704,0,1
2023-06-29,874.62,887.1,874.62,886.12,178608,747.9532707329407,758.6258563343987,747.9532707329407,757.7877847086431,178608,0,1
2023-06-30,894.9,899.56,883.5,894.17,221123,765.2962223353098,769.2813384332901,755.5472258724396,764.6719444916348,221123,0,1
2023-07-03,888.93,896.82,884.01,896.45,90523,760.1908268192277,766.938158581688,755.9833651878838,766.6217437842089,90523,0,1
2023-07-05,889.11,893.12,882.76,886.58,229242,760.3447583423258,763.7740106068968,754.9143962774814,758.1811652676713,229242,0,1
2023-07-06,882.53,890.09,877,878.84,261643,754.7177059979673,761.1828299680813,749.988587538347,751.5621097744594,261643,0,1
2023-07-07,878.59,888.2,875.95,883.08,204876,751.348315992379,759.5665489755528,749.090653653609,755.1880523185445,204876,0,1
2023-07-10,880.09,889.4236,880.02,881.49,257855,752.6310786848618,760.6129412625675,752.5712164258792,753.8283238645125,257855,0,1
2023-07-11,880.33,893.64,878.58,892.72,309431,752.8363207156591,764.2187016736242,751.3397642410957,763.431940555568,309431,0,1
2023-07-12,895.6,897.275,884.63,888.03,297389,765.8948449251352,767.3272632650744,756.5135737674434,759.421169203738,297389,0,1
2023-07-13,886.62,895.25,886.62,893.7,162248,758.2153722728041,765.5955336302225,758.2153722728041,764.2700121813235,162248,0,1
2023-07-14,893.63,893.65,880.415,888.75,194033,764.210149922341,764.2272534249074,752.9090106015664,760.0368952961298,194033,0,1
2023-07-17,888.75,894,886.02,886.25,208169,760.0368952961298,764.52656471982,757.7022671958109,757.898957475325,208169,0,1
2023-07-18,886.24,897.78,886.24,896.8,239366,757.8904057240418,767.759126704877,757.8904057240418,766.9210550791215,239366,0,1
2023-07-19,890.02,899.97,881.43,886.35,225249,761.1229677090987,769.6319602359022,753.7770133568132,757.9844749881572,225249,0,1
2023-07-20,889.95,890.9,885.44,890.34,253330,761.0631054501163,761.875521822022,757.2062656213842,761.3966237501618,253330,0,1
2023-07-21,893.74,894.5,886.14,887.93,154153,764.3042191864564,764.9541522839811,757.8048882112096,759.3356516909058,154153,0,1
2023-07-24,887.01,890.195,879.8,882.04,168484,758.5488905728497,761.2726233565551,752.3830778976484,754.2986701850896,168484,0,1
2023-07-25,871.13,893.76,867.4309,893.74,244938,744.9687095350971,764.3213226890228,741.8053312179214,764.3042191864564,244938,0,1
2023-07-26,892.67,899.07,886.91,891.98,204277,763.3891817991519,768.8623026204124,758.4633730600175,762.7991109606097,204277,0,1
2023-07-27,895.24,896.68,885.8,892.62,176297,765.5869818789392,766.8184340637229,757.51412866758,763.3464230427358,176297,0,1
2023-07-28,899.99,900,878.29,885.13,235297,769.6490637384685,769.6576154897517,751.0917634538822,756.9411613316045,235297,0,1
2023-07-31,885.08,900,885.08,899.72,185009,756.8984025751884,769.6576154897517,756.8984025751884,769.4181664538216,185009,0,1
2023-08-01,897.29,907,895.71,902.63,256757,767.3400908919992,775.6438413880054,765.9889141892506,771.9067260772384,256757,0,1
2023-08-02,898.02,899.46,886.75,887.36,159477,767.9643687356743,769.1958209204579,758.326545039486,758.8482018677623,159477,0,1
2023-08-03,882.39,902.7799,878.36,895.58,271253,754.5979814800023,772.0349168289739,751.1516257128649,765.8777414225688,271253,0,1
2023-08-04,897.39,914.29,892.44,896.1,296895,767.4256084048315,781.8780680734724,763.1924915196379,766.3224324892961,296895,0,1
2023-08-07,901,921.71,899.555,914.18,325980,770.5127906180737,788.2234675256212,769.2770625576485,781.783998809357,325980,0,1
2023-08-08,927.52,940,860.25,888.86,646899,793.1920350211717,803.8646206226296,735.6644041389544,760.1309645602453,646899,0,1
2023-08-09,890.53,890.53,861.36,869.9,382113,761.5591070245429,761.5591070245429,736.6136485313917,743.9168441272611,382113,0,1
2023-08-10,870.4,880.84,870,877.77,256578,744.3444316914221,753.2724600311033,744.0023616400933,750.6470723871548,256578,0,1
2023-08-11,880,882.53,865.23,873.28,146474,752.5541129233128,754.7177059979673,739.9231762779976,746.8073360609893,146474,0,1
2023-08-14,873.54,876.35,862.82,865.01,416354,747.0296815943531,749.4327237049378,737.8622042187418,739.7350377497669,416354,0,1
2023-08-15,865,865.03,848.95,860.55,211491,739.7264859984837,739.7521412523332,726.0009251889164,735.9209566774509,211491,0,1
2023-08-16,861.42,866.71,854.91,855.64,155447,736.6649590390911,741.1888354679141,731.0977689537152,731.7220467973902,155447,0,1
2023-08-17,861.17,862.1,841.875,843.77,196274,736.4511652570105,737.24647812635,719.9505611560386,721.5711180242087,196274,0,1
2023-08-18,837.3,860.35,834.05,857.13,282433,716.0381349439657,735.7499216517866,713.2588157769194,732.9962577385899,282433,0,1
2023-08-21,857.67,861.2532,848.19,852.31,247646,733.4580523078837,736.522315827687,725.3509920913917,728.874313620078,247646,0,1
2023-08-22,858.15,861.355,852.95,855.24,124759,733.8685363694783,736.6093726557501,729.4216257022042,731.3799767460614,124759,0,1
2023-08-23,858.5,870.18,855.83,865.61,125712,734.1678476643909,744.1562931631913,731.8845300717715,740.24814282676,125712,0,1
2023-08-24,862.26,871.94,850.96,859,238169,737.3833061468815,745.661401389038,727.7198271968435,734.595435228552,238169,0,1
2023-08-25,861.39,870.62,858.45,864.77,144377,736.6393037852414,744.5325702196529,734.1250889079749,739.5297957189696,144377,0,1
2023-08-28,863.87,882.31,863.87,881.5,137468,738.7601381034798,754.5295674697364,738.7601381034798,753.8368756157957,137468,0,1
2023-08-29,877.02,894.1,876.29,893.58,131135,750.0056910409135,764.6120822326523,749.3814131972383,764.1673911659249,131135,0,1
2023-08-30,893.56,909.76,893.56,902.74,217604,764.1502876633584,778.004124742174,764.1502876633584,772.0007953413539,217604,0,1
2023-08-31,905.41,910.58,901.355,903.85,272234,774.2841129339735,778.705368347398,770.816377788628,772.9500397337913,272234,0,1
2023-09-01,909.34,913.79,900.75,911.32,145781,777.6449511882788,781.4504805093113,770.2989968359932,779.3381979423563,145781,0,1
2023-09-05,912.12,912.12,885.76,889.16,227626,780.0223380450137,780.0223380450137,757.4799216624473,760.3875170987418,227626,0,1
2023-09-06,890.81,894.76,880.995,882.98,229437,761.7985560604731,765.1764978173447,753.4050121759932,755.1025348057123,229437,0,1
2023-09-07,883.12,888.05,879.24,887.23,158709,755.2222593236773,759.4382727063045,751.9041798257881,758.7370291010806,158709,0,1
2023-09-08,887.61,888.48,865,871.89,180597,759.0619956498429,759.805998011483,739.7264859984837,745.6186426326218,180597,0,1
2023-09-11,876.99,881.2,861.6,877.82,185744,749.9800357870638,753.5803230772992,736.818890562189,750.689831143571,185744,0,1
2023-09-12,873.94,881.02,871.275,872.06,175023,747.3717516456819,753.4263915542012,745.0927099287038,745.7640224044366,175023,0,1
2023-09-13,871.43,877.835,860.41,867.15,191755,745.2252620735937,750.7026587704959,735.8012321594858,741.5651125243758,191755,0,1
2023-09-14,870,877.76,865.25,874.12,192269,744.0023616400933,750.6385206358716,739.9402797805641,747.5256831687798,192269,0,1
2023-09-15,871,876.06,863.04,864.7,818141,744.8575367684153,749.1847229177243,738.0503427469725,739.469933459987,818141,0,1
2023-09-18,865.71,877.51,865.6,870.09,184872,740.3336603395923,750.4247268537912,740.2395910754768,744.0793274016423,184872,0,1
2023-09-19,869.01,874.9999,861.61,870.59,122983,743.1557382630547,748.2781517641903,736.8274423134723,744.5069149658034,122983,0,1
2023-09-20,875.88,880.48,854.33,854.35,150360,749.0307913946264,752.9645969849074,730.6017673792885,730.618870881855,150360,0,1
2023-09-21,850.7,853.765,840,842.83,227326,727.4974816634798,730.1185934317865,718.347107790435,720.7672534035861,227326,0,1
2023-09-22,845.57,853.5,842.84,847.36,146529,723.1104332551882,729.8919720227813,720.7758051548693,724.6411967348845,146529,0,1
2023-09-25,842.62,854.6905,838.1,851.21,106951,720.5876666266385,730.9100580130486,716.7222750466233,727.9336209789241,106951,0,1
2023-09-26,848.19,849.2,842.15,842.68,260276,725.3509920913917,726.214718970997,720.1857343163272,720.6389771343378,260276,0,1
2023-09-27,845.73,854.21,840.9,851.82,127566,723.2472612757198,730.4991463638898,719.1167654059248,728.4552778072004,127566,0,1
2023-09-28,855.61,861.855,847,848.37,255016,731.6963915435406,737.0369602199112,724.3333336886886,725.5049236144897,255016,0,1
2023-09-29,854.05,856.03,837.82,843.13,258699,730.3623183433583,732.0555650974358,716.4828260106932,721.0238059420826,258699,0,1
2023-10-02,841.11,841.88,817.6222,824.38,251831,719.2963521828724,719.9548370316802,699.2101698038722,704.9892722860461,251831,0,1
2023-10-03,817.9,823.12,802.46,812.25,320653,699.4477374545199,703.9117516243605,686.2438334732292,694.615997979501,320653,0,1
2023-10-04,810.29,822.9,805.4,821.65,207124,692.9398547279899,703.7236130961296,688.7580483504956,702.6546441857272,207124,0,1
2023-10-05,823.55,844.03,815.94,838.93,435655,704.2794769295389,721.7934635575724,697.7715942030089,717.4320704031304,435655,0,1
2023-10-06,833.76,851.825,828.545,850.08,312897,713.010814989706,728.459553682842,708.551076695507,726.9672730839202,312897,0,1
2023-10-09,857.64,868.125,850.64,867.06,259742,733.4323970540341,742.3989082744897,727.4461711557805,741.4881467628268,259742,0,1
2023-10-10,871.44,878.82,861.65,866.18,247066,745.233813824877,751.5450062718929,736.861649318605,740.7355926499035,247066,0,1
2023-10-11,856.84,871.8,856.84,869,252305,732.7482569513766,745.5416768710728,732.7482569513766,743.1471865117715,252305,0,1
2023-10-12,872.31,872.31,851.87,858.31,209326,745.977816186517,745.977816186517,728.4980365636164,734.0053643900097,209326,0,1
2023-10-13,861.98,868.48,848.465,857.09,228247,737.1438571109513,742.7024954450441,725.5861652516803,732.9620507334571,228247,0,1
2023-10-16,866,873.71,860.09,863.91,225326,740.5816611268056,747.1750613661678,735.5275761184229,738.7943451086127,225326,0,1
2023-10-17,860.14,873.17,855.01,863.18,177387,735.570334874839,746.7132667968739,731.1832864665474,738.1700672649376,177387,0,1
2023-10-18,858.31,859,839.97,841.91,246173,734.0053643900097,734.595435228552,718.3214525365853,719.9804922855299,246173,0,1
2023-10-19,839.19,849.15,828.82,830.62,170616,717.6544159364943,726.1719602145807,708.7862498557956,710.3255650867751,170616,0,1
2023-10-20,830.7,832,818.985,822.76,184600,710.3939790970409,711.5057067638594,700.3756024687493,703.6038885781646,184600,0,1
2023-10-23,821.99,832.08,817.36,826.5,161916,702.9454037293567,711.5741207741252,698.9859428852261,706.8022435580887,161916,0,1
2023-10-24,837.34,839.2,826.28,831.07,137757,716.0723419490986,717.6629676877775,706.6141050298578,710.71039389452,137757,0,1
2023-10-25,829.39,837.59,814.76,818.28,150329,709.2736996789391,716.2861357311791,696.7624875515891,699.7727040032822,150329,0,1
2023-10-26,822.44,832.875,816.92,818,221081,703.3302325371017,712.2539850011411,698.6096658287644,699.5332549673521,221081,0,1
2023-10-27,817.27,820.95,811.42,819.05,222807,698.9089771236771,702.0560215959019,693.9062026229938,700.4311888520901,222807,0,1
2023-10-30,825.6,827.76,816.97,819.67,337457,706.032585942599,707.8797642197743,698.6524245851806,700.9613974316497,337457,0,1
2023-10-31,821.37,833.9,817.62,828.09,360052,702.4151951497971,713.1305395076711,699.2082884185899,708.1619720121206,360052,0,1
2023-11-01,831.27,831.27,818.12,828.34,261538,710.8814289201844,710.8814289201844,699.6358759827508,708.3757657942011,261538,0,1
2023-11-02,838.89,870.46,838.475,869.73,338768,717.3978633979976,744.3957421991215,717.0429657197441,743.7714643554465,338768,0,1
2023-11-03,875.56,890.2792,875.56,882.08,215660,748.7571353535633,761.3446291023597,748.7571353535633,754.3328771902225,215660,0,1
2023-11-06,882.56,889.34,874.9473,888.74,210616,754.743361251817,760.5414486218398,748.2331695524406,760.0283435448466,210616,0,1
2023-11-07,886.84,896.23,879.35,892.82,276161,758.4035108010349,766.433605255978,751.9982490899035,763.5174580684002,276161,0,1
2023-11-08,895.12,897.85,886.76,895.21,280083,765.4843608635407,767.8189889638596,758.3350967907692,765.5613266250897,280083,0,1
2023-11-09,945,990.1,935.84,973.07,654144,808.1404962642393,846.7088945515592,800.3070920888104,832.1452621162364,654144,0,1
2023-11-10,985.33,996.25,973.22,992.5,356156,842.6297091894635,851.9682215907391,832.2735383854847,848.7613148595318,356156,0,1
2023-11-13,990,995.36,980.235,993.15,308840,846.623377038727,851.2071157265326,838.2725919106631,849.3171786929411,308840,0,1
2023-11-14,1004.14,1013.08,994.93,996.74,335664,858.7155533531992,866.3608190003974,850.8393904213541,852.3872574036169,335664,0,1
2023-11-15,995.3,998.5791,987.9,994.16,320569,851.1558052188332,853.9600099821138,844.8275092692509,850.1809055725462,320569,0,1
2023-11-16,995.62,997.83,980.55,986.95,303124,851.4294612598962,853.3193982934878,838.5419720760844,844.0150928973451,303124,0,1
2023-11-17,958.23,961.4,951.19,957.63,291021,849.4043459562323,852.2143307998306,843.1638748840138,848.8724876262137,291021,35,1
2023-11-20,964.23,969.03,958.05,964.36,261129,854.7229292564184,858.9777958965674,849.2447884572266,854.8381652279224,261129,0,1
2023-11-21,962.53,974.8,961.28,971.03,237696,853.2159973213656,864.0925001702464,852.1079591338269,860.7506569966293,237696,0,1
2023-11-22,969.22,979.71,966.28,970.2,138547,859.1462177010733,868.4448741708987,856.540111883982,860.0149196401037,138547,0,1
2023-11-24,967.89,976.36,962.59,970.73,42996,857.967265069532,865.4753318282948,853.2691831543675,860.4847278316201,42996,0,1
2023-11-27,966.59,980,966.59,976.58,167103,856.8149053544917,868.7019390304077,856.8149053544917,865.6703465493016,167103,0,1
2023-11-28,979.4,980,954.52,956.18,253637,868.1700807003891,868.7019390304077,846.1156886156172,847.5871633286686,253637,0,1
2023-11-29,958.49,959.635,950.62,952.82,124583,849.6348178992404,850.6497808790258,842.6586094704961,844.6087566805644,124583,0,1
2023-11-30,956.54,963.779,949.99,962.87,279309,847.9062783266797,854.3231490783544,842.1001582239766,853.5173837083762,279309,0,1
2023-12-01,958.92,974.75,956.45,970.27,162098,850.0159830357536,864.0481786427448,847.8264995771771,860.0769697786058,162098,0,1
2023-12-04,963.6,969.525,957.7,967.38,168748,854.1644780098989,859.4165790188327,848.9345377647159,857.5151854890162,168748,0,1
2023-12-05,962.43,967.38,950.935,955.51,140067,853.1273542663625,857.5151854890162,842.9378350937559,846.9932548601479,140067,0,1
2023-12-06,962.42,970.9399,958.73,963.51,129923,853.1184899608622,860.6707896040716,849.8475612312478,854.0846992603961,129923,0,1
2023-12-07,966.38,976,965.69,972.96,209981,856.6287549389851,865.1562168302836,856.0171178594637,862.4614679581894,209981,0,1
2023-12-08,973.7,986.145,971.94,983.92,144938,863.1174265652123,874.1490547603483,861.5573087971577,872.1767467865293,144938,0,1
2023-12-11,982.65,994.69,982.65,992.52,145331,871.05097998799,881.7236038103636,871.05097998799,879.8000495167962,145331,0,1
2023-12-12,996.1,1001.37,992.595,1000.39,209531,882.9734708859073,887.6449598845708,879.8665318080485,886.7762579455404,209531,0,1
2023-12-13,1001.26,1015.7167,998.54,1011.36,228325,887.5474525240674,900.3623130567009,885.1363614279829,896.5004010793808,228325,0,1
2023-12-14,1011.9,1014.03,975.335,987,328715,896.9790735763975,898.8671706479636,864.5667405145131,874.9069528806249,328715,0,1
2023-12-15,978.07,994.5,978.07,985.59,485810,866.9911280688478,881.5551820058577,866.9911280688478,873.6570858050812,485810,0,1
2023-12-18,991.19,996.805,985.88,989.89,138285,878.621096885255,883.5984044236791,873.9141506645901,877.4687371702146,138285,0,1
2023-12-19,992.63,1004.195,992.63,998.39,131715,879.8975568772996,890.1491261884086,879.8975568772996,885.0033968454783,131715,0,1
2023-12-20,991.94,995.81,981.62,981.64,141020,879.2859197977782,882.7164060263982,870.137956521458,870.1556851324586,141020,0,1
2023-12-21,992.69,995.02,981.51,994.12,141080,879.9507427103015,882.0161258918738,870.0404491609546,881.2183383968459,141080,0,1
2023-12-22,997.09,1005.91,996.46,1000.42,144147,883.851037130438,891.6693545817117,883.2925858839185,886.8028508620413,144147,0,1
2023-12-26,1000.21,1012.65,998.21,1008.97,119251,886.6167004465349,897.6438964889207,884.8438393464728,894.3818320648066,119251,0,1
2023-12-27,1006.3,1012.44,1004.28,1007.99,148269,892.0150624962238,897.4577460734143,890.2244727851611,893.5131301257762,148269,0,1
2023-12-28,998.71,1014.31,998.71,1012.79,118897,885.2870546214883,899.1153712019723,885.2870546214883,897.7679967659251,118897,0,1
2023-12-29,1015,1018.5,1008.01,1011.6,161192,899.7270082814937,902.8295152066023,893.5308587367768,896.7131444113883,161192,0,1
2024-01-02,1005.64,1013.5,989.31,992.2,245605,891.4300183332033,898.3973624564471,876.9546074511966,879.5163917407863,245605,0,1
2024-01-03,987.78,993.4,972.08,972.61,271475,875.5983687096491,880.5801084008235,861.681409074162,862.1512172656785,271475,0,1
2024-01-04,977.89,994.18,974.05,975.53,207083,866.8315705698423,881.2715242298477,863.4276772577231,864.739594471769,207083,0,1
2024-01-05,977.48,986.76,976.01,978.61,215530,866.4681340443295,874.6942095486174,865.1650811357839,867.4698005658646,215530,0,1
2024-01-08,975,997.81,975,997.18,257686,864.2697862802526,884.4892671264603,864.2697862802526,883.9308158799407,257686,0,1
2024-01-09,988.94,1002.85,985.29,1000.12,210737,876.6266281476852,888.9568770986167,873.3911566400718,886.5369216970321,210737,0,1
2024-01-10,1005.81,1017.21,1002.81,1015,205795,891.5807115267086,901.6860197970624,888.9214198766155,899.7270082814937,205795,0,1
2024-01-11,1015,1022.982,1004.25,1019.82,188763,899.7270082814937,906.8024969318413,890.1978798686602,903.9996035326433,188763,0,1
2024-01-12,1027.12,1033.805,1018.835,1032.83,146182,910.4705465478697,916.3963347748273,903.1264694408627,915.532064988547,146182,0,1
2024-01-16,1029.16,1033.6499,1017.8,1027.32,194003,912.2788648699332,916.2588493965173,902.2090138215806,910.6478326578759,194003,0,1
2024-01-17,1025.01,1040.67,1025.01,1031.75,149786,908.6001780873044,922.4816805007903,908.6001780873044,914.5747199945134,149786,0,1
2024-01-18,1035.71,1053.64,1032.43,1053,201327,918.0849849726363,933.9786847346927,915.1774927685346,933.4113691826728,201327,0,1
2024-01-19,1058.4,1059.952,1048.06,1057.13,171157,938.1980941528404,939.5738343664885,929.0324022655195,937.072327354301,171157,0,1
2024-01-22,1058.35,1074.25,1058.35,1072.21,200051,938.1537726253388,952.2480183708321,938.1537726253388,950.4397000487689,200051,0,1
2024-01-23,1070.63,1077.54,1068.76,1071.85,153762,949.0391397797199,955.1643748804343,947.3815146511618,950.1205850507577,153762,0,1
2024-01-24,1073.28,1076.94,1058.94,1059.92,144712,951.388180737302,954.6325165504156,938.6767666498572,939.5454685888876,144712,0,1
2024-01-25,1065.79,1080.95,1063.525,1078.87,260942,944.7488159175696,958.1871030560401,942.7410507217495,956.3433275119754,260942,0,1
2024-01-26,1082.32,1089.965,1070.82,1082.48,244543,959.4015129095825,966.1782744645697,949.2075615842257,959.5433417975876,244543,0,1
2024-01-29,1086.16,1088.405,1070.03,1081.73,145473,962.8054062217018,964.7954428065214,948.5072814497012,958.8785188850643,145473,0,1
2024-01-30,1081.49,1089.499,1078.54,1085.94,174096,958.6657755530568,965.7651978282553,956.0508054304652,962.610391500695,174096,0,1
2024-01-31,1087.57,1100,1086.37,1092.68,312049,964.0552732972454,975.0736050341311,962.9915566372081,968.584933407904,312049,0,1
2024-02-01,1099.46,1116.93,1095.72,1113.68,228125,974.5949325371145,990.0808742461564,971.2796822799984,987.1999749585557,228125,0,1
2024-02-02,1114.74,1129.42,1111.68,1123.76,188088,988.1395913415885,1001.1523918160441,985.4271138584936,996.1351949028683,188088,0,1
2024-02-05,1119.73,1139.815,1119.115,1135.08,230808,992.5628797862433,1010.3668373836166,992.0177249979743,1006.1695887292195,230808,0,1
2024-02-06,1141.67,1142.55,1127.83,1140.6,287070,1012.0111660539242,1012.7912249379514,999.7429672414946,1011.0626853653908,287070,0,1
2024-02-07,1140.36,1150.15,1140.36,1147.01,369131,1010.8499420333834,1019.5280971181872,1010.8499420333834,1016.7447051910898,369131,0,1
2024-02-08,1153.22,1155.24,1108.9,1128.57,442630,1022.2494389067825,1024.040028617845,982.9628369294073,1000.3989258485176,442630,0,1
2024-02-09,1132.08,1139.98,1115.87,1119.89,283130,1003.5102970791264,1010.5130984243716,989.1412578631234,992.7047086742484,283130,0,1
2024-02-12,1119.09,1119.09,1104.05,1109.17,219939,991.9955642342234,991.9955642342234,978.6636487617568,983.2021731779157,219939,0,1
2024-02-13,1100.86,1123.435,1100.86,1122.26,270221,975.8359353071577,995.8471049741082,975.8359353071577,994.8055490778219,270221,0,1
2024-02-14,1135.38,1147.595,1128.51,1147.13,219139,1006.4355178942291,1017.263267062858,1000.3457400155157,1016.8510768570936,219139,0,1
2024-02-15,1150,1159.39,1136.795,1157.79,232966,1019.3951325356826,1027.718715400474,1007.6898171225229,1026.3004265204243,232966,0,1
2024-02-16,1159.62,1165,1144.68,1146.39,197352,1027.922594426981,1032.691590786148,1014.6793220095175,1016.1951182500707,197352,0,1
2024-02-20,1146.44,1163.48,1142,1159.01,227035,1016.2394397775721,1031.3442163501009,1012.3036881354343,1027.3818717914621,227035,0,1
2024-02-21,1159.33,1165.08,1155.83,1164.35,183142,1027.665529567472,1032.7625052301503,1024.5630226423634,1032.1154109286276,183142,0,1
2024-02-22,1165,1195.47,1164.42,1192.95,261878,1032.691590786148,1059.7011296455935,1032.17746106713,1057.4673246595153,261878,0,1
2024-02-23,1193.39,1207.58,1192.78,1199.89,163602,1057.857354101529,1070.435803606469,1057.31663146601,1063.6191526767307,163602,0,1
2024-02-26,1203.33,1206.85,1186.675,1187.4,168139,1066.6684737688372,1069.7887093049465,1051.9049729580704,1052.547635106843,168139,0,1
2024-02-27,1186.3,1187.755,1161.65,1174.22,194251,1051.5725615018089,1052.8623179521041,1029.722048443544,1040.8644804574342,194251,0,1
2024-02-28,1174,1177.1,1165.38,1172,286779,1040.6694657364271,1043.4174004415233,1033.0284343951598,1038.8966046363653,286779,0,1
2024-02-29,1170.82,1179.26,1164.14,1177.74,314614,1037.8506165873284,1045.3320904295904,1031.9292605131213,1043.9847159935432,314614,0,1
2024-03-01,1178,1188,1169.94,1183.27,196511,1044.2151879365513,1053.0794934368616,1037.0705577033013,1048.8866769352148,196511,0,1
2024-03-04,1187.35,1189.53,1167.735,1173.41,264603,1052.5033135793415,1054.4357321784091,1035.1159783404828,1040.146471711909,264603,0,1
2024-03-05,1172.27,1178.97,1154.3346,1160,229864,1039.1359408848734,1045.0750255700814,1023.2374543978469,1028.2594380359928,229864,0,1
2024-03-06,1169.28,1174.97,1162.69,1168.68,230331,1036.4855135402806,1041.5293033699575,1030.6439362155763,1035.9536552102622,230331,0,1
2024-03-07,1175,1177.6496,1169.54,1174.69,162288,1041.5558962864582,1043.9045826718204,1036.7159854832887,1041.2811028159488,162288,0,1
2024-03-08,1170.31,1180,1148.74,1164.99,204556,1037.3985370068126,1045.9880490366133,1018.2782300426435,1032.6827264806477,204556,0,1
2024-03-11,1158.84,1158.84,1136.27,1151.74,253545,1027.2311785979568,1027.2311785979568,1007.2244410837565,1020.9375216927366,253545,0,1
2024-03-12,1164.13,1184.39,1154.205,1183.13,219144,1031.920396207621,1049.8794791512496,1023.122572998563,1048.7625766582107,219144,0,1
2024-03-13,1176.34,1190.1789,1174.63,1187.4,159411,1042.7437132234998,1055.0109369623244,1041.227916982947,1052.547635106843,159411,0,1
2024-03-14,1189.63,1192.58,1179.845,1185.9,175835,1054.5243752334122,1057.1393453560036,1045.8506523013587,1051.2179892817965,175835,0,1
2024-03-15,1173.08,1182.25,1163.82,1172.2,326702,1039.8539496303986,1047.9825177741832,1031.6456027371114,1039.0738907463715,326702,0,1
2024-03-18,1181.83,1188.9,1177.45,1181,154520,1047.6102169431701,1053.8772809318896,1043.7276511340342,1046.8744795866444,154520,0,1
2024-03-19,1184.7,1202.7,1177.76,1200.92,174658,1050.1542726217592,1066.1100225223179,1044.0024446045438,1064.5321761432626,174658,0,1
2024-03-20,1199.7,1217,1198.535,1214.98,203978,1063.4507308722248,1078.7859793877615,1062.4180392814385,1076.9953896766988,203978,0,1
2024-03-21,1215.93,1238.34,1212.49,1232.38,203827,1077.8374986992283,1097.7024073254236,1074.7881776071215,1092.4192812472388,203827,0,1
2024-03-22,1232.38,1238,1226.885,1231.2,148930,1092.4192812472388,1097.401020938413,1087.5483453748182,1091.3732931982022,148930,0,1
2024-03-25,1238.13,1238.13,1218.07,1223.41,115583,1097.5162569099173,1097.5162569099173,1079.7344600762947,1084.4679992134604,115583,0,1
2024-03-26,1226.16,1227.27,1217.3101,1223.11,113104,1086.9056832260458,1087.88962113658,1079.060861501326,1084.2020700484509,113104,0,1
2024-03-27,1233.14,1237.49,1223.5,1233.8,140380,1093.0929684652624,1096.9489413578972,1084.5477779629632,1093.6780126282827,140380,0,1
2024-03-28,1233.8,1238.9525,1226.38,1231.6,164404,1093.6780126282827,1098.2453460373176,1087.1006979470526,1091.7278654182144,164404,0,1
2024-04-01,1229.77,1229.77,1208.9,1213.94,141593,1090.1056975116576,1090.1056975116576,1071.6058919325103,1076.0735019046665,141593,0,1
2024-04-02,1209.3,1209.3,1196.77,1203.82,228766,1071.9604641525225,1071.9604641525225,1060.8534893606338,1067.1028247383524,228766,0,1
2024-04-03,1201.71,1234.95,1201.71,1228.51,221450,1065.2324562777872,1094.6974077608184,1065.2324562777872,1088.9887950186185,221450,0,1
2024-04-04,1242.04,1246.22,1200,1204.36,185276,1100.9822003605384,1104.6874800596681,1063.7166600372339,1067.5814972353692,185276,0,1
2024-04-05,1212.55,1237.125,1212.55,1235.28,151517,1074.8413634401234,1096.625394207136,1074.8413634401234,1094.9899298423286,151517,0,1
2024-04-08,1236.91,1239.26,1227.88,1233.29,121851,1096.4348116388792,1098.5179234314521,1088.4303437720991,1093.2259330477668,121851,0,1
2024-04-09,1234.29,1234.29,1198.32,1215.93,129748,1094.1123635977979,1094.1123635977979,1062.2274567131817,1077.8374986992283,129748,0,1
2024-04-10,1206.76,1224.62,1205.21,1219.91,170186,1069.7089305554437,1085.5405801789977,1068.3349632028956,1081.3654922883518,170186,0,1
2024-04-11,1214.67,1237.51,1206.87,1234.93,180243,1076.7205962061892,1096.9666699688978,1069.806437915947,1094.6796791498177,180243,0,1
2024-04-12,1223.03,1231.86,1207.115,1220.38,193470,1084.1311556044486,1091.9583373612224,1070.0236134007048,1081.7821146468664,193470,0,1
2024-04-15,1243,1248.39,1206.96,1207.5,183178,1101.8331736885682,1106.6110343532355,1069.8862166654499,1070.3648891624666,183178,0,1
2024-04-16,1210.09,1228.08,1210.09,1223.15,155244,1072.660744287047,1088.6076298821051,1072.660744287047,1084.2375272704523,155244,0,1
2024-04-17,1233.52,1235.28,1212.71,1225.7,148008,1093.429812074274,1094.9899298423286,1074.9831923281283,1086.4979251730315,148008,0,1
2024-04-18,1218.92,1237.39,1211.565,1213.5,205492,1080.487926043821,1096.8602983028943,1073.968229348343,1075.6834724626528,205492,0,1
2024-04-19,1225.37,1226.33,1185.78,1187.7,231376,1086.205403091521,1087.0563764195508,1051.1116176157927,1052.8135642718523,231376,0,1
2024-04-22,1195.94,1213.655,1186.12,1200.93,147923,1060.117752004108,1075.8208691979075,1051.4130040028033,1064.541040448763,147923,0,1
2024-04-23,1215,1244.66,1212.41,1242.4,241828,1077.0131182876994,1103.3046484016197,1074.717263163119,1101.3013153585496,241828,0,1
2024-04-24,1250,1255.59,1213.785,1241.62,222452,1108.0381875387855,1112.9933343134587,1075.9361051694118,1100.6098995295254,222452,0,1
2024-04-25,1240.05,1265.25,1225.5,1256.58,232694,1099.2182035659766,1121.5562534267585,1086.3206390630253,1113.8709005579894,232694,0,1
2024-04-26,1257.37,1269.51,1254.4901,1259.15,140898,1114.571180692514,1125.3324475698907,1112.0183493514796,1116.1490270715694,140898,0,1
2024-04-29,1260,1269.12,1249.66,1258.72,124301,1116.9024930390956,1124.9867396553786,1107.736801151775,1115.7678619350559,124301,0,1
2024-04-30,1253.27,1266.705,1245.99,1248.03,238240,1110.9368154373867,1122.8460098770536,1104.483601033161,1106.2919193552243,238240,0,1
2024-05-01,1245.57,1269.4899,1242.07,1249.32,158892,1104.111300202148,1125.314630315835,1101.0087932770393,1107.4354147647641,158892,0,1
2024-05-02,1254.61,1274.215,1250.185,1271.78,196565,1112.1246323744283,1129.5031033077867,1108.202177190541,1127.3446449184612,196565,0,1
2024-05-03,1291.61,1303.49,1270.9273,1293.8,238023,1144.9225627255764,1155.4533576599451,1126.5887855884498,1146.8638456301444,238023,0,1
2024-05-06,1305.68,1309.43,1294.99,1301.63,330478,1157.394640564513,1160.7187551271295,1147.9186979846813,1153.8045968368874,330478,0,1
2024-05-07,1240.02,1315.02,1240,1310.4,443128,1099.1916106494757,1165.6739019018028,1099.173882038475,1161.5785927606596,443128,0,1
2024-05-08,1315.23,1328.15,1306.31,1315,250144,1165.8600523173093,1177.3127350237103,1157.9530918110324,1165.6561732908021,250144,0,1
2024-05-09,1316.96,1330.38,1310.34,1318.86,229231,1167.393577168863,1179.2894751502795,1161.5254069276575,1169.077795213922,229231,0,1
2024-05-10,1328.22,1330.8199,1308.6,1310.49,212403,1177.3747851622124,1179.679415949238,1159.9830177706035,1161.6583715101624,212403,0,1
2024-05-13,1317.81,1317.81,1279.89,1280.56,252274,1168.1470431363894,1168.1470431363894,1134.533596679213,1135.1275051477335,252274,0,1
2024-05-14,1276.41,1279.4,1260.05,1275.77,310688,1131.448818365105,1134.0992457096977,1116.9468145665971,1130.881502813085,310688,0,1
2024-05-15,1278.88,1292.12,1276.88,1289.2,257907,1133.6383018236816,1145.3746423060923,1131.8654407236195,1142.7862651000016,257907,0,1
2024-05-16,1287.29,1295.55,1283.8,1286.32,251269,1141.0931827494423,1148.4150990926987,1137.999540129834,1140.2333451159122,251269,0,1
2024-05-17,1296.09,1298.8499,1281.98,1291.95,210869,1148.8937715897155,1151.340231264746,1136.3862365287778,1145.223949112587,210869,0,1
2024-05-20,1295.79,1317.01,1295.79,1312.76,179514,1148.6278424247062,1167.4378986963645,1148.6278424247062,1163.6705688587326,179514,0,1
2024-05-21,1311.99,1340.76,1306.74,1336.84,212450,1162.9880173352087,1188.4906242596014,1158.334256947546,1185.0158165034798,212450,0,1
2024-05-22,1335,1340.97,1316.97,1326.19,251324,1183.3847842914229,1188.676774675108,1167.4024414743633,1175.5753311456494,251324,0,1
2024-05-23,1334.86,1335,1312.02,1330.72,173331,1183.2606840144183,1183.3847842914229,1163.0146102517097,1179.59086153729,173331,0,1
2024-05-24,1335,1350.31,1329.225,1350.31,136110,1183.3847842914229,1196.9560360123978,1178.2656478649935,1196.9560360123978,136110,0,1
2024-05-28,1356.53,1363.6585,1310.75,1317.94,202774,1202.4696340335909,1208.788554209487,1161.8888434531702,1168.2622791078934,202774,0,1
2024-05-29,1316.13,1333.85,1312.26,1312.29,200686,1166.6578398123374,1182.365389158887,1163.227353583717,1163.253946500218,200686,0,1
2024-05-30,1317.77,1324.065,1305.42,1321.85,143548,1168.1115859143881,1173.6916662268336,1157.164168621505,1171.7282225585147,143548,0,1
2024-05-31,1321,1348.89,1314.98,1343.23,302783,1170.9747565909884,1195.6973046313537,1165.6384446798015,1190.680107718178,302783,0,1
2024-06-03,1356.98,1356.98,1315.55,1339.19,183325,1202.8685277811048,1202.8685277811048,1166.1437100933192,1187.098928296053,183325,0,1
2024-06-04,1334.34,1342.32,1322.115,1340.83,153184,1182.7997401284022,1189.8734559176498,1171.963126654273,1188.5526743981036,153184,0,1
2024-06-05,1347.27,1364.22,1328.6,1362.3,173561,1194.2612871403035,1209.2862849633295,1177.711628771224,1207.5843383072697,173561,0,1
2024-06-06,1365.2,1369.575,1325.89,1334.65,161781,1210.15498690236,1214.0331205587456,1175.3094019806401,1183.074533598912,161781,0,1
2024-06-07,1335.07,1341.65,1309.59,1310,305705,1183.4468344299248,1189.2795474491293,1160.8605840151342,1161.224020540647,305705,0,1
2024-06-10,1308.36,1317.12,1304.38,1305.99,249712,1159.770274438596,1167.535406056868,1156.2422808494728,1157.6694340350227,249712,0,1
2024-06-11,1301.05,1304.35,1279.87,1293.88,260197,1153.2904671178694,1156.2156879329716,1134.515868068212,1146.934760074147,260197,0,1
2024-06-12,1304.93,1332.97,1295.67,1322.13,272459,1156.7298176519898,1181.5853302748599,1148.5214707587024,1171.9764231125234,272459,0,1
2024-06-13,1316.29,1325.46,1301.52,1323.65,165735,1166.7996687003422,1174.9282368441268,1153.707089476384,1173.3237975485706,165735,0,1
2024-06-14,1310,1310,1281.37,1294.76,194186,1161.224020540647,1161.224020540647,1135.8455138932586,1147.7148189581742,194186,0,1
2024-06-17,1292.13,1328.195,1292.13,1318.91,167416,1145.3835066115928,1177.3526243984616,1145.3835066115928,1169.1221167414235,167416,0,1
2024-06-18,1322.18,1345.95,1315.35,1339.48,159628,1172.020744640025,1193.0911988142625,1165.966423983313,1187.3559931555617,159628,0,1
2024-06-20,1347.87,1349,1325.26,1329.67,213312,1194.793145470322,1195.7948119918572,1174.7509507341206,1178.6601094597575,213312,0,1
2024-06-21,1335.31,1335.31,1302.2077,1321.09,397005,1183.6595777619323,1183.6595777619323,1154.3166877656402,1171.0545353404912,397005,0,1
2024-06-24,1332.22,1333.215,1319.1,1328.05,262007,1180.9205073623366,1181.8025057596174,1169.2905385459294,1177.2240919687072,262007,0,1
2024-06-25,1330,1332,1311.09,1320.36,189133,1178.9526315412677,1180.7254926413298,1162.1902298401808,1170.4074410389685,189133,0,1
2024-06-26,1313.39,1315.37,1283.37,1300.83,241000,1164.2290201052524,1165.9841525943136,1137.6183749933207,1153.0954523968626,241000,0,1
2024-06-27,1303,1303,1273.43,1288.65,322498,1155.01900669043,1155.01900669043,1128.8072553260124,1142.2987282974848,322498,0,1
2024-06-28,1294.08,1303.89,1266,1277.61,1220853,1147.112046184153,1155.8079298799576,1122.2210763392818,1132.512535025142,1220853,0,1
2024-07-01,1298.46,1298.46,1249.36,1252.72,300850,1150.994611993289,1150.994611993289,1107.4708719867654,1110.4492786348699,300850,0,1
2024-07-02,1243.82,1280.04,1243.82,1278.1,213942,1102.5600467395936,1134.6665612617173,1102.5600467395936,1132.9468859946571,213942,0,1
2024-07-03,1278.05,1288.15,1274.03,1283.5,108123,1132.9025644671556,1141.8555130224693,1129.339113656031,1137.7336109648247,108123,0,1
2024-07-05,1280.57,1280.57,1261.515,1274.55,140336,1135.1363694532338,1135.1363694532338,1118.2454353223927,1129.8000575420472,140336,0,1
2024-07-08,1278,1281.34,1261.77,1272.18,191877,1132.8582429396542,1135.8189209767577,1118.4714751126505,1127.6992171384736,191877,0,1
2024-07-09,1272.57,1274.97,1260.4801,1270.46,167695,1128.0449250529857,1130.1723583730602,1117.3280683461655,1126.1745565924202,167695,0,1
2024-07-10,1272.06,1274.49,1256.775,1272.68,232972,1127.59284547247,1129.7468717090453,1114.0437545152456,1128.1424324134891,232972,0,1
2024-07-11,1267.96,1267.96,1249,1255.64,299073,1123.9584802173426,1123.9584802173426,1107.1517569887544,1113.0376558409605,299073,0,1
2024-07-12,1261.97,1261.97,1237.08,1242.31,409733,1118.6487612226567,1118.6487612226567,1096.5855048323845,1101.2215366090468,409733,0,1
2024-07-15,1250.03,1250.03,1230.2489,1241.94,371133,1108.0647804552864,1108.0647804552864,1090.5302091020676,1100.8935573055353,371133,0,1
2024-07-16,1246.14,1284.77,1241.7705,1280.5,218865,1104.6165656156656,1138.8593777633641,1100.743307327305,1135.0743193147318,218865,0,1
2024-07-17,1265.03,1268.53,1238.92,1241.47,207221,1121.3612387057517,1124.4637456308603,1098.2165370444416,1100.4769349470207,207221,0,1
2024-07-18,1246.29,1263.26,1239.2919,1245.92,251453,1104.7495301981703,1119.7922566321968,1098.546200565998,1104.4215508946588,251453,0,1
2024-07-19,1259.27,1259.27,1234.33,1238.07,168121,1116.255398737573,1116.255398737573,1094.147820819799,1097.4630710769152,168121,0,1
2024-07-22,1245.76,1259.36,1237.18,1255.85,200921,1104.2797220066539,1116.3351774870757,1096.6741478873876,1113.2238062564668,200921,0,1
2024-07-23,1262.13,1296.38,1259.035,1287.13,204036,1118.790590110662,1149.1508364492245,1116.0470875583158,1140.9513538614376,204036,0,1
2024-07-24,1274.93,1274.93,1241.165,1245.48,171229,1130.136901151059,1130.136901151059,1100.2065736292611,1104.0315214526452,171229,0,1
2024-07-25,1250.42,1262.92,1228.21,1228.42,203326,1108.4104883697985,1119.4908702451862,1088.7228658536094,1088.909016269116,203326,0,1
2024-07-26,1240.86,1253.19,1232.63,1234.86,207905,1099.9362123115018,1110.8659009933845,1092.6408888847466,1094.6176290113156,207905,0,1
2024-07-29,1241.3,1246.8,1227.31,1236.12,173045,1100.3262417535154,1105.2016097786861,1087.9250783585812,1095.7345315043547,173045,0,1
2024-07-30,1248.55,1273.94,1248.55,1264.16,282964,1106.7528632412404,1129.2593349065282,1106.7528632412404,1120.5900441272247,282964,0,1
2024-07-31,1285.52,1302.45,1273.81,1294.22,271670,1139.5242006758874,1154.5314698879129,1129.1440989350242,1147.2361464611574,271670,0,1
2024-08-01,1287.42,1296.78,1258.285,1268.04,237424,1141.2084187209466,1149.5054086692369,1115.3822646457925,1124.0293946613451,237424,0,1
2024-08-02,1249.77,1249.77,1202.24,1212.27,314682,1107.8343085122783,1107.8343085122783,1065.7022644693034,1074.5931628861147,314682,0,1
2024-08-05,1196.27,1218.75,1176.31,1209.45,439962,1060.4102740856183,1080.3372328503158,1042.7171203069988,1072.0934287350271,439962,0,1
2024-08-06,1221.85,1269.495,1221.85,1237.37,407953,1083.0851675554118,1125.3191511116402,1083.0851675554118,1096.8425696918935,407953,0,1
2024-08-07,1250.92,1253.79,1201.72,1202.03,353592,1108.853703644814,1111.3977593234029,1065.2413205832875,1065.5161140537969,353592,0,1
2024-08-08,1215.09,1243.77,1214.85,1231.12,211264,1077.0928970372022,1102.515725212092,1076.8801537051947,1091.3023787541995,211264,0,1
2024-08-09,1231.51,1249.24,1221.04,1246.1,172042,1091.6480866687116,1107.3645003207619,1082.3671588098869,1104.5811083936642,172042,0,1
2024-08-12,1243.88,1243.88,1224.36,1233.05,241077,1102.6132325725955,1102.6132325725955,1085.3101082359897,1093.0131897157594,241077,0,1
2024-08-13,1239.99,1245.16,1222.24,1243.69,231304,1099.1650177329748,1103.7478636766352,1083.430875469924,1102.4448107680896,231304,0,1
2024-08-14,1245.36,1254.47,1237.56,1248.36,120211,1103.9251497866412,1112.0005320974242,1097.0109914963994,1106.5844414367343,120211,0,1
2024-08-15,1267.29,1275,1253.99,1272.34,205043,1123.3645717488218,1130.1989512895611,1111.5750454334093,1127.8410460264786,205043,0,1
2024-08-16,1275,1281.07,1266.88,1280.08,188182,1130.1989512895611,1135.5795847282493,1123.0011352233091,1134.7020184837186,188182,0,1
2024-08-19,1280.08,1310.25,1278.51,1308.24,288695,1134.7020184837186,1161.4456281781547,1133.31032252017,1159.6639027725926,288695,0,1
2024-08-20,1309.85,1315,1297.28,1310.41,229893,1161.0910559581423,1165.6561732908021,1149.9486239442524,1161.58745706616,229893,0,1
2024-08-21,1315,1319.01,1306.73,1313.71,161546,1165.6561732908021,1169.2107597964266,1158.3253926420457,1164.5126778812623,161546,0,1
2024-08-22,1316.74,1320,1302.45,1304.38,121728,1167.1985624478561,1170.0883260409573,1154.5314698879129,1156.2422808494728,121728,0,1
2024-08-23,1308.03,1339.29,1305.97,1326.68,273198,1159.4777523570858,1187.1875713510558,1157.651705424022,1176.0096821151647,273198,0,1
2024-08-26,1326.6,1329.21,1300.51,1302.25,258416,1175.9387676711622,1178.2523514067432,1152.8117946208527,1154.3541837779067,258416,0,1
2024-08-27,1300,1333.18,1290.3372,1326.23,160057,1152.3597150403368,1181.7714806903664,1143.794313921497,1175.6107883676507,160057,0,1
2024-08-28,1335,1337.48,1324.005,1333.06,168220,1183.3847842914229,1185.5831320554998,1173.6384803938317,1181.6651090243624,168220,0,1
2024-08-29,1340,1376.16,1335.9101,1364.37,256817,1187.8169370415778,1219.8702657306999,1184.1915247350062,1209.419249545834,256817,0,1
2024-08-30,1366.68,1380.83,1356.76,1373.21,251827,1211.4669041164059,1224.0098963993448,1202.673513060098,1217.2552956081083,251827,0,1
2024-09-03,1368.6,1379.47,1327.355,1332.49,206746,1213.1688507724652,1222.8043508513026,1176.6080227364355,1181.159843610845,206746,0,1
2024-09-04,1333.77,1353.6,1333.77,1350.62,118908,1182.2944747148847,1199.872392522,1182.2944747148847,1197.2308294829074,118908,0,1
2024-09-05,1348,1348.38,1316.985,1329.28,151861,1194.9083814418261,1195.2452250508381,1167.4157379326136,1178.3144015452453,151861,0,1
2024-09-06,1330.62,1335.73,1293.29,1294.17,157071,1179.5022184822867,1184.0318785929455,1146.4117660496286,1147.1918249336559,157071,0,1
2024-09-09,1310.64,1318.175,1296.18,1302.77,176613,1161.791336092667,1168.4705902871508,1148.9735503392183,1154.8151276639228,176613,0,1
2024-09-10,1310.4,1315.145,1295.51,1310.75,126168,1161.5785927606596,1165.7847057205568,1148.3796418706975,1161.8888434531702,126168,0,1
2024-09-11,1312,1328.03,1287.5459,1328.03,127404,1162.996881640709,1177.2063633577066,1141.3200203271954,1177.2063633577066,127404,0,1
2024-09-12,1326.82,1348.03,1326.35,1348.03,133645,1176.133782392169,1194.934974358327,1175.7171600336544,1194.934974358327,133645,0,1
2024-09-13,1347.85,1376.15,1345.215,1367.76,149122,1194.7754168593215,1219.8614014251996,1192.4396723599896,1212.4242491104392,149122,0,1
2024-09-16,1381.24,1388.4075,1364.51,1372.92,142394,1224.3733329248576,1230.726823892205,1209.5433498228383,1216.9982307485993,142394,0,1
2024-09-17,1374.39,1382.0367,1363.51,1375.45,104267,1218.3012836571452,1225.0795521440673,1208.6569192728075,1219.2409000401778,104267,0,1
2024-09-18,1384.96,1396.13,1373.51,1373.7,130005,1227.670854570973,1237.5722838148197,1217.5212247731176,1217.6896465776235,130005,0,1
2024-09-19,1400.63,1400.63,1380.01,1389.85,159473,1241.5612212899593,1241.5612212899593,1223.2830233483194,1232.0054999606245,159473,0,1
2024-09-20,1401.9,1419.99,1384.05,1408.03,339858,1242.6869880884988,1258.72251673856,1226.8642027704448,1248.1208073601888,339858,0,1
2024-09-23,1408.64,1423.0199,1400.32,1417.98,223049,1248.6615299957077,1261.408312662099,1241.2864278194495,1256.9407913329976,223049,0,1
2024-09-24,1417.04,1422.21,1399.391,1420.9,300419,1256.1075466159682,1260.690392559629,1240.4629338384707,1259.5291685390882,300419,0,1
2024-09-25,1427.44,1433.0339999999999,1418.045,1424.26,242987,1265.326424336291,1270.2851168331645,1256.9984093187495,1262.5075751871923,242987,0,1
2024-09-26,1430.72,1433,1398.685,1401.23,204046,1268.2339165403928,1270.2549781944635,1239.8371138701489,1242.0930796199777,204046,0,1
2024-09-27,1403.79,1408.45,1395,1402.88,184603,1244.3623418280572,1248.4931081912018,1236.5706172932844,1243.5556900275292,184603,0,1
2024-09-30,1398.32,1428.16,1396.16,1427.13,233284,1239.5135667193874,1265.9646543323136,1237.5988767313206,1265.0516308657816,233284,0,1
2024-10-01,1430,1443.455,1418.65,1435.96,176156,1267.5956865443704,1279.522609595038,1257.5346998015184,1272.8788126225554,176156,0,1
2024-10-02,1434.95,1451.32,1426.325,1442.53,175906,1271.983517767024,1286.494385871032,1264.3380542730065,1278.7026613362593,175906,0,1
2024-10-03,1442.4,1442.4,1416.4705,1419.09,219334,1278.5874253647553,1278.5874253647553,1255.6027244177255,1257.9247292435318,219334,0,1
2024-10-04,1356,1358.335,1336.13,1355.46,187855,1268.5086028905714,1270.6929447694426,1249.9206486579492,1268.003444597385,187855,75,1
2024-10-07,1352,1368.48,1343.17,1356.55,144695,1264.7666896077083,1280.183372333104,1256.506416035788,1269.023115966965,144695,0,1
2024-10-08,1369.15,1378.86,1364,1375.62,94110,1280.8101428079835,1289.8936373021336,1275.9924294562975,1286.8626875430143,94110,0,1
2024-10-09,1369.28,1388.235,1369.28,1386.96,138127,1280.9317549896766,1298.6637465588437,1280.9317549896766,1297.4710116999313,138127,0,1
2024-10-10,1367.81,1375.7002,1362.88,1368.98,106215,1279.5566018582244,1286.937712904336,1274.9446937370958,1280.651111493462,106215,0,1
2024-10-11,1372.42,1414.51,1372.42,1410.42,192089,1283.8691569167243,1323.2434394356505,1283.8691569167243,1319.417333103923,192089,0,1
2024-10-14,1415.92,1424.68,1408.9415,1411.63,152705,1324.5624638678598,1332.7572539573298,1318.0342284067447,1320.549261871989,152705,0,1
2024-10-15,1422.04,1422.04,1389.9,1390.52,155966,1330.2875911906401,1330.2875911906401,1300.2213179628357,1300.8013145216794,155966,0,1
2024-10-16,1393.02,1395.38,1373.32,1384.07,193167,1303.1400103234687,1305.347739160358,1284.7110874053683,1294.7674793530628,193167,0,1
2024-10-17,1394.76,1414.745,1390.4,1401.96,197262,1304.767742601514,1323.4632768410186,1300.6890571231936,1311.5031865106678,197262,0,1
2024-10-18,1410.28,1410.28,1390.06,1397.16,133997,1319.2863661390227,1319.2863661390227,1300.37099449415,1307.012890571232,133997,0,1
2024-10-21,1400,1406.07,1375.055,1386.86,152846,1309.6696490020647,1315.3480024088094,1286.3341422918102,1297.3774638678597,152846,0,1
2024-10-22,1378.83,1378.83,1337.25,1350.41,206140,1289.8655729525121,1289.8655729525121,1250.9683843771509,1263.2792790777703,206140,0,1
2024-10-23,1350.41,1367.205,1349.535,1357.59,143242,1263.2792790777703,1278.9906374741913,1262.460735547144,1269.9960134205094,143242,0,1
2024-10-24,1361.12,1369.37,1343.13,1345.56,120518,1273.2982518926358,1281.015948038541,1256.4689969029596,1258.7422092222987,120518,0,1
2024-10-25,1355.02,1363.335,1345.04,1354.83,133470,1267.5918341362699,1275.3703363730215,1258.2557604955266,1267.414093255334,133470,0,1
2024-10-28,1363.78,1363.78,1337.43,1339.08,169978,1275.7866242257398,1275.7866242257398,1251.1367704748798,1252.6803097040606,169978,0,1
2024-10-29,1331.66,1342,1326.52,1336.17,162821,1245.7390605643498,1255.4119064005506,1240.9307019958708,1249.958067790778,162821,0,1
2024-10-30,1328.95,1344.55,1328,1329.63,219089,1243.20391431521,1257.7973761183757,1242.31520991053,1243.8400395732967,219089,0,1
2024-10-31,1325,1330.24,1300.03,1302.3,268507,1239.5087749483828,1244.4106813489334,1216.14988128011,1218.273417068135,268507,0,1
2024-11-01,1307.81,1317.415,1300,1304.5,217997,1223.4279026152788,1232.4131718857536,1216.1218169304886,1220.3314693737095,217997,0,1
2024-11-04,1308.93,1321.9199,1306.77,1315.39,179590,1224.4756383344804,1236.6274081727463,1222.4550051617343,1230.5188282863044,179590,0,1
2024-11-05,1322.38,1339,1318,1337.6,166589,1237.0578217481075,1252.6054714384034,1232.9604267033724,1251.2958017894011,166589,0,1
2024-11-06,1398,1400,1366.635,1382.6,397080,1307.7986923606331,1309.6696490020647,1278.4574148313834,1293.3923262216103,397080,0,1
2024-11-07,1347,1359.9,1306.03,1329.39,509733,1260.0892980041294,1272.156968341363,1221.7627512044048,1243.615524776325,509733,0,1
2024-11-08,1327.87,1370.11,1327.87,1350.98,245524,1242.193597728837,1281.7082019958707,1242.193597728837,1263.8125017205782,245524,0,1
2024-11-11,1361.04,1384.68,1360.29,1374.76,214600,1273.2234136269788,1295.3381211286994,1272.521804886442,1286.058176187199,214600,0,1
2024-11-12,1378.09,1380.63,1344.03,1355.42,266142,1289.1733189951824,1291.5494339298007,1257.3109273916036,1267.9660254645562,266142,0,1
2024-11-13,1361.93,1377.46,1354.14,1363,227505,1274.0559893324157,1288.5839676531316,1266.76861321404,1275.0569511355816,227505,0,1
2024-11-14,1355.12,1355.12,1257.97,1271.71,667537,1267.6853819683413,1267.6853819683413,1176.8036631108052,1189.65713523744,667537,0,1
2024-11-15,1265.43,1279.47,1240.2,1254.16,481098,1183.7823313833449,1196.9164470061942,1160.1802133516862,1173.2394907088783,481098,0,1
2024-11-18,1260.96,1266.21,1242.99,1252.35,268286,1179.6007432897454,1184.512004473503,1162.7901978664831,1171.5462749483827,268286,0,1
2024-11-19,1250.89,1257.37,1246.205,1250.62,319335,1170.1804766001378,1176.2423761183757,1165.7977606675843,1169.9278974535443,319335,0,1
2024-11-20,1263.13,1297.97,1250.26,1293.11,377223,1181.6307312456988,1214.2227959394359,1169.5911252580868,1209.676371300757,377223,0,1
2024-11-21,1305.2,1311.01,1237.46,1240.13,567350,1220.9863041982107,1226.4214332415693,1157.6170027529251,1160.1147298692363,567350,0,1
2024-11-22,1239,1266.7799,1230.05,1260.32,486580,1159.0576393668273,1185.045133568479,1150.6851083964211,1179.0020371644873,486580,0,1
2024-11-25,1268,1268,1248.24,1260.98,436892,1186.1865106675843,1186.1865106675843,1167.701459050241,1179.6194528561598,436892,0,1
2024-11-26,1260.95,1273.89,1247.62,1262.61,344856,1179.5913885065384,1191.6964779766004,1167.121462491397,1181.1442825189263,344856,0,1
2024-11-27,1262,1266.5,1244.9407,1249.33,286357,1180.5736407432898,1184.7832931865107,1164.6150354267036,1168.721130419821,286357,0,1
2024-11-29,1262.8,1262.8,1240.67,1252.97,171083,1181.3220233998625,1181.3220233998625,1160.6198881624227,1172.1262715072264,171083,0,1
2024-12-02,1265.57,1284.27,1247.47,1260.47,353481,1183.913298348245,1201.4067429456297,1166.9811407432899,1179.1423589125948,353481,0,1
2024-12-03,1254.66,1265.55,1249.825,1258.71,206829,1173.7072298692362,1183.8945887818306,1169.1841921885755,1177.495917068135,206829,0,1
2024-12-04,1257.71,1317.59,1257.71,1307.81,348576,1176.5604387474193,1232.5768805918788,1176.5604387474193,1223.4279026152788,348576,0,1
2024-12-05,1294.35,1311.505,1285.3832,1292.86,261544,1210.8363644184446,1226.8844950103237,1202.4481174122507,1209.442501720578,261544,0,1
2024-12-06,1291.69,1295.29,1268.13,1279.21,289929,1208.3479920853408,1211.7157140399174,1186.3081228492774,1196.673222642808,289929,0,1
2024-12-09,1278.75,1278.75,1250.485,1258.49,243458,1196.2429026152788,1196.2429026152788,1169.8016078802477,1177.2901118375776,243458,0,1
2024-12-10,1261.9,1268.83,1251.09,1261.57,171117,1180.4800929112184,1186.9629576737784,1170.3675722642809,1180.171385065382,171117,0,1
2024-12-11,1271.56,1275.37,1245.37,1246.65,220153,1189.5168134893324,1193.0809858912594,1165.0166362697867,1166.2140485203029,220153,0,1
2024-12-12,1243.81,1254,1235.8,1240.52,407653,1163.5572900894701,1173.0898141775638,1156.0641087405368,1160.4795664143153,407653,0,1
2024-12-13,1236.82,1261.65,1234.85,1259.12,235968,1157.0182966276668,1180.2462233310393,1155.175404335857,1177.8794631796284,235968,0,1
2024-12-16,1263.55,1282.84,1258.175,1280.04,350316,1182.0236321403993,1200.0690089470063,1176.995436166552,1197.449669649002,350316,0,1
2024-12-17,1271.38,1278.82,1256.25,1274.24,559972,1189.3484273916038,1196.3083860977288,1175.1946403991742,1192.0238953888506,559972,0,1
2024-12-18,1265.05,1277.64,1238.395,1239,566861,1183.426849621473,1195.2045216792844,1158.4916749827942,1159.0576393668273,566861,0,1
2024-12-19,1250,1266.14,1246.705,1260.12,454725,1169.3479008947006,1184.4465209910531,1166.2654998279422,1178.814941500344,454725,0,1
2024-12-20,1247,1293.38,1247,1276.15,608490,1166.5414659325534,1209.9289504473504,1166.5414659325534,1193.8106589814179,608490,0,1
2024-12-23,1269.61,1296.55,1263.825,1290.61,271922,1187.6926307639367,1212.8944167240193,1182.280888678596,1207.3376754989677,271922,0,1
2024-12-24,1287.15,1301.66,1283.68,1301.66,91517,1204.1009205092912,1217.674710942877,1200.8548107364077,1217.674710942877,91517,0,1
2024-12-26,1298.87,1302.49,1291.39,1301.23,108493,1215.06472642808,1218.4511579490709,1208.0673485891261,1217.272455264969,108493,0,1
2024-12-27,1289.17,1297.896,1283.66,1290.9,153963,1205.9905867171371,1214.1535705437027,1200.8361011699933,1207.6089642119755,153963,0,1
2024-12-30,1267.31,1287.78,1266.84,1279.91,216618,1185.5410306262904,1204.690271851342,1185.101355815554,1197.3280574673092,216618,0,1
2024-12-31,1282.33,1289.18,1261.975,1267.28,256592,1199.591915003441,1205.9999415003442,1180.550253785272,1185.512966276669,256592,0,1
2025-01-02,1271.86,1272.045,1245.335,1254.11,297706,1189.7974569855471,1189.9705204748798,1164.9838945285617,1173.1927167928425,297706,0,1
2025-01-03,1256.9,1282.245,1256.9,1275.56,219743,1175.8027013076396,1199.5123993461802,1175.8027013076396,1193.2587267721956,219743,0,1
2025-01-06,1276.62,1276.84,1245.815,1251.32,363545,1194.2503337921542,1194.4561390227116,1165.4329241225053,1170.5827322780453,363545,0,1
2025-01-07,1248.86,1263.1899,1242.49,1252.13,190939,1168.2814556090846,1181.6867663971095,1162.3224587061254,1171.3404697178253,190939,0,1
2025-01-08,1255.52,1284.2,1240.34,1282.32,319543,1174.5117412250518,1201.3412594631798,1160.3111803165864,1199.582560220234,319543,0,1
2025-01-10,1273.45,1287.2,1260.46,1262.11,266857,1191.2848675154853,1204.147694425327,1179.1330041293875,1180.6765433585686,266857,0,1
2025-01-13,1253.09,1280.47,1252.9453,1278.46,221560,1172.2385289057122,1197.8519253269098,1172.1031651927049,1195.9716139022712,221560,0,1
2025-01-14,1285.09,1307.39,1284.1,1300.73,211169,1202.1738351686167,1223.0350017205783,1201.2477116311081,1216.8047161046113,211169,0,1
2025-01-15,1315.22,1315.38,1282.41,1293.53,292124,1230.3597969717825,1230.5094735030973,1199.6667532690985,1210.0692721954576,292124,0,1
2025-01-16,1298.16,1330,1297.33,1322.02,229398,1214.4005368203718,1244.1861665519616,1213.6240898141775,1236.7210495526497,229398,0,1
2025-01-17,1328.2,1341.05,1323.355,1340.02,213229,1242.5023055746733,1254.5232019958707,1237.9699131108052,1253.5596593255334,213229,0,1
2025-01-21,1357.92,1365.5399,1346.86,1358.01,198407,1270.3047212663457,1277.4329725223677,1259.958331039229,1270.38891431521,198407,0,1
2025-01-22,1360,1362.99,1343.05,1354,204070,1272.2505161734343,1275.0475963523745,1256.394158637302,1266.6376462491398,204070,0,1
2025-01-23,1379.14,1379.463,1337.915,1349.98,239558,1290.1555712319341,1290.457730729525,1251.5904774604267,1262.8770233998625,239558,0,1
2025-01-24,1349.41,1349.52,1336.88,1341.82,185161,1262.3438007570546,1262.446703372333,1250.622257398486,1255.2435203028217,185161,0,1
2025-01-27,1328.77,1347.41,1323.99,1344.23,236686,1243.0355282174812,1260.472844115623,1238.5639418444598,1257.498023055747,236686,0,1
2025-01-28,1352.7,1353,1320.72,1329.48,214799,1265.4215244322093,1265.702167928424,1235.5049277357193,1243.6997178251893,214799,0,1
2025-01-29,1325.59,1346.935,1325.59,1338.92,191757,1240.0607071576048,1260.0284919132828,1240.0607071576048,1252.530633172746,191757,0,1
2025-01-30,1347,1367.2699,1345.89,1364.89,198115,1260.0892980041294,1279.0513500172058,1259.050917068135,1276.8250051617345,198115,0,1
2025-01-31,1367.75,1371.68,1350.52,1353.34,192054,1279.5004731589815,1283.1769029593945,1263.382181693049,1266.0202305574674,192054,0,1
2025-02-03,1333.59,1358,1331.61,1352.78,359381,1247.5445337233311,1270.3795595320028,1245.6922866483137,1265.4963626978665,359381,0,1
2025-02-04,1253.46,1362.16,1253.46,1307.66,544520,1172.5846558843773,1274.2711493461804,1172.5846558843773,1223.2875808671715,544520,0,1
2025-02-05,1313.56,1314.305,1276.475,1291.51,373348,1228.8069029593944,1229.5038343083277,1194.1146894356505,1208.179605987612,373348,0,1
2025-02-06,1288.86,1312.99,1265.9,1299.35,406212,1205.700588437715,1228.2736803165865,1184.2220061940814,1215.5137560220235,406212,0,1
2025-02-07,1323,1330.78,1308.59,1327.34,222342,1237.6378183069512,1244.9158396421199,1224.157575705437,1241.6977942188576,222342,0,1
2025-02-10,1331.13,1335.8,1312.695,1335.3,199180,1245.2432570543704,1249.6119408121128,1227.9977142119753,1249.144201651755,199180,0,1
2025-02-11,1333.3,1364.7,1323.9,1361.37,262933,1247.2732450103235,1276.6472642807985,1238.4797487955955,1273.5321214728149,262933,0,1
2025-02-12,1348.62,1366.14,1335.71,1353.46,309301,1261.6047728836888,1277.9943530626292,1249.5277477632485,1266.1324879559534,309301,0,1
2025-02-13,1353.75,1361.35,1328.51,1335.96,337918,1266.4037766689607,1273.5134119064005,1242.792303854095,1249.7616173434276,337918,0,1
2025-02-14,1337,1337,1298.195,1314.19,350656,1250.7345147969718,1250.7345147969718,1214.4332785615968,1229.3962543014454,350656,0,1
2025-02-18,1316.76,1323.52,1292.95,1299.48,281056,1231.800433585685,1238.1242670337233,1209.5266947694427,1215.6353682037166,281056,0,1
2025-02-19,1305,1347.7374,1305,1342.45,319598,1220.7992085340675,1260.7791197178253,1220.7992085340675,1255.8328716448727,319598,0,1
2025-02-20,1341.17,1350,1306.32,1312.54,150359,1254.6354593943568,1262.8957329662767,1222.0340399174122,1227.8527150722643,150359,0,1
2025-02-21,1306.27,1319.12,1278.36,1290.13,198831,1221.9872660013766,1234.008162422574,1195.8780660701996,1206.8886459050243,198831,0,1
2025-02-24,1316.71,1325.83,1289.7615,1313.03,248128,1231.753659669649,1240.2852219545769,1206.5439221438405,1228.311099449415,248128,0,1
2025-02-25,1325.78,1337.31,1304.14,1333.73,221918,1240.238448038541,1251.0245130763938,1219.994697178252,1247.6755006882313,221918,0,1
2025-02-26,1336.72,1345.675,1327.3101,1332.8,150200,1250.4725808671715,1258.849789229181,1241.669823417068,1246.8055058499656,150200,0,1
2025-02-27,1340.9,1360,1338.915,1349.52,156441,1254.3828802477633,1272.2505161734343,1252.5259557811426,1262.446703372333,156441,0,1
2025-02-28,1359.89,1370,1333.795,1367.2,267162,1272.1476135581556,1281.605299380592,1247.736306779078,1278.9859600825878,267162,0,1
2025-03-03,1370,1382.11,1353.01,1370.82,246388,1281.605299380592,1292.9339418444597,1265.7115227116312,1282.3723916035788,246388,0,1
2025-03-04,1361.04,1378.55,1334.535,1349.81,261245,1273.2234136269788,1289.6036390227116,1248.4285607364077,1262.7179920853407,261245,0,1
2025-03-05,1346.99,1376.65,1342.34,1375.02,206752,1260.0799432209224,1287.826230213352,1255.729969029594,1286.301400550585,206752,0,1
2025-03-06,1355.25,1367.86,1336.16,1344.68,271071,1267.8069941500346,1279.60337577426,1249.9487130075706,1257.918988300069,271071,0,1
2025-03-07,1332.88,1343.24,1306.145,1341.59,329033,1246.880344115623,1256.5718995182383,1221.870331211287,1255.0283602890572,329033,0,1
2025-03-10,1324.97,1353.57,1319.85,1336.05,325630,1239.4807105987613,1266.2353905712318,1234.6910615966965,1249.845810392292,325630,0,1
2025-03-11,1332.52,1335.12,1305.27,1319.87,212950,1246.5435719201653,1248.9758155540262,1221.0517876806607,1234.7097711631109,212950,0,1
2025-03-12,1327.83,1332.515,1304.79,1325.37,343219,1242.1561785960082,1246.5388945285617,1220.6027580867171,1239.8549019270474,343219,0,1
2025-03-13,1323.31,1339.12,1311.3501,1330.22,267793,1237.927816586373,1252.7177288368891,1226.7395894184447,1244.391971782519,267793,0,1
2025-03-14,1336.46,1350,1325,1346.5,182176,1250.2293565037853,1262.8957329662767,1239.5087749483828,1259.6215588437715,182176,0,1
2025-03-17,1350,1363.38,1345.26,1358.94,190988,1262.8957329662767,1275.4124328974538,1258.461565726084,1271.2589091534758,190988,0,1
2025-03-18,1358.13,1358.13,1334,1342.43,192018,1270.501171713696,1270.501171713696,1247.9280798348245,1255.8141620784586,192018,0,1
2025-03-19,1342.43,1375,1342.43,1371.32,241117,1255.8141620784586,1286.2826909841708,1255.8141620784586,1282.8401307639367,241117,0,1
2025-03-20,1356.1,1367.15,1350.13,1360.74,189822,1268.6021507226428,1278.9391861665522,1263.01734514797,1272.942770130764,189822,0,1
2025-03-21,1361.16,1361.16,1327.92,1346.12,545228,1273.3356710254648,1273.3356710254648,1242.2403716448728,1259.2660770818995,545228,0,1
2025-03-24,1348.1,1383.51,1338.005,1380.35,204776,1261.1183241569167,1294.243611493462,1251.6746705092912,1291.2875,204776,0,1
2025-03-25,1383.21,1397.29,1377.21,1394.11,187044,1293.9629679972472,1307.134502752925,1288.3500980729527,1304.159681693049,187044,0,1
2025-03-26,1400,1407.36,1384.56,1394.04,226367,1309.6696490020647,1316.5547694425327,1295.2258637302134,1304.0941982105987,226367,0,1
2025-03-27,1396.76,1399.54,1372.57,1384.26,165969,1306.6386992429457,1309.2393289745355,1284.0094786648315,1294.9452202339987,165969,0,1
2025-03-28,1380.11,1385.37,1364.02,1377.2,272912,1291.0629852030281,1295.983601169993,1276.0111390227116,1288.3407432897454,272912,0,1
2025-03-31,1377.46,1393.84,1367.7033,1383.29,380984,1288.5839676531316,1303.9071025464557,1279.456786321404,1294.0378062629043,380984,0,1
2025-04-01,1380.47,1402.3357,1376.06,1397.44,222752,1291.399757398486,1311.8546457157606,1287.2742980041294,1307.2748245010325,222752,0,1
2025-04-02,1378.62,1415.395,1371.55,1399.57,251648,1289.6691225051618,1324.071337749484,1283.0552907777014,1309.267393324157,251648,0,1
2025-04-03,1360,1415.4509,1340.5,1363.42,352374,1272.2505161734343,1324.123630987612,1254.008688919477,1275.4498520302823,352374,0,1
2025-04-04,1330.01,1344.8168,1237.85,1237.85,581905,1244.1955213351687,1258.0469617343429,1157.9818392980042,1157.9818392980042,581905,0,1
2025-04-07,1207.42,1296.795,1183.6,1249.55,614485,1129.5152339986237,1213.1236089125948,1107.232140399174,1168.9269356503785,614485,0,1
2025-04-08,1295.99,1307.7701,1214.015,1231.75,365706,1212.3705488644184,1223.3905770302822,1135.6847135237442,1152.275421541638,365706,0,1
2025-04-09,1219.76,1325.765,1209.7544,1317.07,509352,1141.059036476256,1240.2244158637304,1131.6990145905024,1232.0904318651067,509352,0,1
2025-04-10,1301.05,1329.29,1257.16,1298.2,360180,1217.1040691672401,1243.5219769442533,1176.0459256710255,1214.4379559532003,360180,0,1
2025-04-11,1294.68,1320.88,1278.12,1313.09,268284,1211.145072264281,1235.6546042670338,1195.6535512732278,1228.367228148658,268284,0,1
2025-04-14,1325.8,1348.83,1317.25,1337.13,337706,1240.2571576049552,1261.8012233310392,1232.2588179628356,1250.856126978665,337706,0,1
2025-04-15,1326.83,1369.4,1323.49,1360.92,575484,1241.2207002752925,1281.0440123881626,1238.0962026841019,1273.111156228493,575484,0,1
2025-04-16,1353.67,1368.295,1334.09,1336.3,324263,1266.3289384033037,1280.0103088437716,1248.0122728836889,1250.0796799724708,324263,0,1
2025-04-17,1342.9,1361.41,1333.8,1337.66,224373,1256.2538368891949,1273.5695406056436,1247.7409841706815,1251.3519304886443,224373,0,1
2025-04-21,1331.41,1340.055,1290.54,1306.55,234389,1245.505190984171,1253.5924010667586,1207.2721920165177,1222.249199931177,234389,0,1
2025-04-22,1314.04,1316.29,1277.705,1307.9,457113,1229.255932553338,1231.3607587749484,1195.2653277701309,1223.5120956641433,457113,0,1
2025-04-23,1336.25,1368.8,1331.39,1352,324784,1250.032906056435,1280.482725395733,1245.4864814177565,1264.7666896077083,324784,0,1
2025-04-24,1354.39,1372.7002,1348.275,1368.02,210297,1267.002482794219,1284.1312779421887,1261.282032863042,1279.7530523055748,210297,0,1
2025-04-25,1375.65,1384.0599,1365.72,1378.13,199112,1286.890751892636,1294.7580310220235,1277.6014521679285,1289.2107381280111,199112,0,1
2025-04-28,1386.51,1398.88,1380.23,1395.72,170301,1297.0500464556092,1308.6219132828633,1291.1752426015141,1305.6658017894013,170301,0,1
2025-04-29,1393.93,1412.82,1391.72,1407.89,157930,1303.9912955953203,1321.6624810736407,1301.9238885065383,1317.0505729525123,157930,0,1
2025-04-30,1398,1416.805,1384,1413.07,217562,1307.7986923606331,1325.3903621816933,1294.7019958706126,1321.8963506538198,217562,0,1
2025-05-01,1419.25,1443.765,1400.26,1434.19,227984,1327.6776066758432,1350.6108577081902,1309.9128733654509,1341.6536527873366,227984,0,1
2025-05-02,1450,1468,1442.44,1450.28,384995,1356.4435650378527,1373.2821748107365,1349.3713489332417,1356.7054989676533,384995,0,1
2025-05-05,1450,1488.54,1447.76,1472.62,563378,1356.4435650378527,1392.4968995182383,1354.3480935994494,1377.6040846524431,563378,0,1
2025-05-06,1416.43,1445.46,1370.585,1391.86,558235,1325.0395578114249,1352.1964934618034,1282.1525541982107,1302.0548554714385,558235,0,1
2025-05-07,1398,1413.28,1380.06,1382.76,385301,1307.7986923606331,1322.0928011011702,1291.0162112869925,1293.542002752925,385301,0,1
2025-05-08,1386.49,1410.655,1384.98,1384.99,260413,1297.0313368891948,1319.637170509291,1295.618764624914,1295.6281194081212,260413,0,1
2025-05-09,1392.05,1392.05,1359.67,1373.49,276286,1302.2325963523745,1302.2325963523745,1271.9418083275982,1284.87011871989,276286,0,1
2025-05-12,1389.58,1417.8075,1355.74,1417.18,473421,1299.9219649002064,1326.3281791982106,1268.2653785271852,1325.7411665519617,473421,0,1
2025-05-13,1420.83,1447.17,1414.8,1415.84,280309,1329.155662422574,1353.7961613902273,1323.514728148658,1324.4876256022023,280309,0,1
2025-05-14,1420.35,1425.65,1389.01,1391.19,347503,1328.7066328286305,1333.664667928424,1299.3887422573985,1301.428084996559,347503,0,1
2025-05-15,1399.41,1410.02,1390.66,1405.62,252475,1309.1177167928427,1319.0431417756367,1300.9322814865795,1314.9270371644873,252475,0,1
2025-05-16,1411.37,1423.32,1387.8,1423.17,268942,1320.306037508603,1331.4850034411563,1298.2568134893324,1331.344681693049,268942,0,1
2025-05-19,1418.17,1450,1415.55,1440,229974,1326.6672900894703,1356.4435650378527,1324.2163368891947,1347.088781830695,229974,0,1
2025-05-20,1433,1441.38,1424.6,1429.57,188770,1340.540433585685,1348.379741913283,1332.6824156916723,1337.3317429456297,188770,0,1
2025-05-21,1439.13,1440.705,1402.94,1407.98,170603,1346.2749156916725,1347.7482940467996,1312.419955264969,1317.1347660013766,170603,0,1
2025-05-22,1405,1419.495,1402.51,1405.15,229983,1314.3470406056435,1327.9067988644185,1312.0176995870613,1314.487362353751,229983,0,1
2025-05-23,1391.46,1442.735,1389.95,1431.5,430440,1301.6806641431522,1349.6473150378526,1300.2680918788715,1339.1372161046113,430440,0,1
2025-05-27,1446.3,1456.86,1438.16,1453.76,222834,1352.9822952512045,1362.8609463179628,1345.3675017205783,1359.960963523744,222834,0,1
2025-05-28,1458.36,1472,1454.105,1460.52,231015,1364.2641637990364,1377.0240880935996,1360.283703544391,1366.2847969717825,231015,0,1
2025-05-29,1459.75,1469.47,1450.01,1460.68,247862,1365.5644786648315,1374.6573279421887,1356.45291982106,1366.4344735030973,247862,0,1
2025-05-30,1460.68,1472.39,1451.34,1468.43,374972,1366.4344735030973,1377.3889246386789,1357.6971059876118,1373.6844304886442,374972,0,1
2025-06-02,1462.36,1462.36,1440.92,1453.77,152609,1368.0060770818995,1368.0060770818995,1347.9494218857537,1359.9703183069512,152609,0,1
2025-06-03,1451.88,1459.88,1440,1455.95,276785,1358.2022642807985,1365.6860908465246,1347.088781830695,1362.0096610461117,276785,0,1
2025-06-04,1465.71,1465.71,1447,1448.7,173541,1371.1399294562975,1371.1399294562975,1353.6371300757055,1355.2274432209224,173541,0,1
2025-06-05,1453.32,1463,1438.32,1444.49,237219,1359.549353062629,1368.6047832071577,1345.5171782518926,1351.289079490709,237219,0,1
2025-06-06,1457.72,1467.92,1445.275,1465.89,154543,1363.6654576737785,1373.2073365450792,1352.023429972471,1371.3083155540264,154543,0,1
2025-06-09,1467.22,1470,1449.6,1460.06,177222,1372.5525017205782,1375.153131452168,1356.0693737095664,1365.8544769442533,177222,0,1
2025-06-10,1457.59,1457.59,1414.035,1433.04,258078,1363.5438454920854,1363.5438454920854,1322.7990872333105,1340.5778527185134,258078,0,1
2025-06-11,1427.45,1432.94,1375,1429.62,387390,1335.3485289057123,1340.484304886442,1286.2826909841708,1337.3785168616655,387390,0,1
2025-06-12,1424.44,1453.61,1420.38,1435.84,358103,1332.532739160358,1359.8206417756367,1328.734697178252,1343.1971920165176,358103,0,1
2025-06-13,1433.58,1456,1421.23,1439.61,318150,1341.0830110117,1362.0564349621473,1329.5298537508604,1346.7239452856159,318150,0,1
2025-06-16,1444.51,1453.8063,1423.7035,1427.4,213325,1351.3077890571233,1360.004276169993,1331.843759377151,1335.3017549896767,213325,0,1
2025-06-17,1422.31,1435.075,1420,1425.38,217610,1330.5401703372333,1342.4815511011702,1328.37921541638,1333.4120887818308,217610,0,1
2025-06-18,1421.76,1434.99,1410.94,1414.48,295927,1330.0256572608398,1342.4020354439092,1319.9037818306952,1323.215375086029,295927,0,1
2025-06-20,1420.78,1443.4,1409.4,1442.44,476724,1329.1088885065383,1350.269408121129,1318.463145216793,1349.3713489332417,476724,0,1
2025-06-23,1448.86,1472.32,1435.9,1470.68,291249,1355.3771197522367,1377.3234411562285,1343.2533207157608,1375.7892567102547,291249,0,1
2025-06-24,1475,1477.29,1445.9301,1472.95,337132,1379.8305230557469,1381.9727684101858,1352.6362618203718,1377.9127924982795,337132,0,1
2025-06-25,1475.61,1479.02,1449.935,1457.24,176559,1380.4011648313833,1383.5911459050242,1356.3827589470063,1363.216428079835,176559,0,1
2025-06-26,1468.96,1485.5987,1462.29,1471.86,239219,1374.1802339986236,1389.745377133517,1367.9405935994494,1376.8931211286992,239219,0,1
2025-06-27,1474.6,1503.145,1473.15,1499.17,391952,1379.4563317274603,1406.159560392292,1378.0998881624228,1402.4410340674467,391952,0,1
2025-06-30,1510,1528.45,1497.4123,1520.64,290334,1412.5722642807984,1429.8318392980043,1400.7967438231246,1422.5257536132142,290334,0,1
2025-07-01,1515.1,1526.45,1481.02,1512.81,285555,1417.3432037164487,1427.9608826565727,1385.4621025464558,1415.2009583620097,285555,0,1
2025-07-02,1509.56,1522.14,1499.45,1511.65,167264,1412.1606538196834,1423.9289710942878,1402.7029679972472,1414.1158035099795,167264,0,1
2025-07-03,1513.44,1525.69,1513.44,1522.98,85248,1415.7903097040607,1427.2499191328288,1415.7903097040607,1424.714772883689,85248,0,1
2025-07-07,1525.28,1538.1999,1514.86,1524.23,308779,1426.8663730213352,1438.952659377151,1417.1186889194769,1425.8841207845837,308779,0,1
2025-07-08,1519.74,1541.88,1509.11,1530.1,258290,1421.68382312457,1442.395313145217,1411.7396885753612,1431.3753785271851,258290,0,1
2025-07-09,1536.16,1536.16,1510.355,1526.44,175762,1437.0443771507228,1437.0443771507228,1412.9043590846525,1427.9515278733656,175762,0,1
2025-07-10,1531.24,1546.54,1512.2375,1539.53,217920,1432.4418238128012,1446.7546421197524,1414.6653970234,1440.196939091535,217920,0,1
2025-07-11,1541.12,1553.8478,1533.18,1543.04,175320,1441.6843496214728,1453.590930591879,1434.25665175499,1443.4804679972472,175320,0,1
2025-07-14,1544.01,1574.85,1541.39,1574.85,191951,1444.3878819683414,1473.2380333792155,1441.9369287680663,1473.2380333792155,191951,0,1
2025-07-15,1581.24,1585.87,1560.33,1575.57,478930,1479.2157398485892,1483.5470044735032,1459.6548881624226,1473.9115777701309,478930,0,1
2025-07-16,1583.66,1583.66,1540,1574.6,245952,1481.4795973847215,1481.4795973847215,1440.6366139022712,1473.0041637990364,245952,0,1
2025-07-17,1577.93,1596.55,1565,1595.25,207791,1476.11930660702,1493.5379129387475,1464.0235719201653,1492.3217911218171,207791,0,1
2025-07-18,1600.14,1607.3099,1587.3901,1597.3,225970,1496.8962801101172,1503.603566121817,1484.9690250688234,1494.2395216792843,225970,0,1
2025-07-21,1593.53,1611.89,1583.57,1583.67,165868,1490.7127684101858,1507.8881503785274,1481.395404335857,1481.4889521679286,165868,0,1
2025-07-22,1581.44,1584.79,1552.81,1571.06,235574,1479.4028355127325,1482.53668788713,1452.62009119064,1469.6925705437027,235574,0,1
2025-07-23,1578.72,1598.915,1572.22,1597.75,168090,1476.8583344803856,1495.7503191672401,1470.7777253957331,1494.6604869236064,168090,0,1
2025-07-24,1597.75,1615.35,1597.49,1599.24,208405,1494.6604869236064,1511.1249053682038,1494.4172625602203,1496.054349621473,208405,0,1
2025-07-25,1599.93,1607.935,1592.175,1607.45,201421,1496.699829662767,1504.1883336200965,1489.445195285616,1503.7346266345494,201421,0,1
2025-07-28,1617.45,1617.45,1597.33,1606.39,119138,1513.089409841707,1513.089409841707,1494.2675860289057,1502.7430196145906,119138,0,1
2025-07-29,1616.81,1616.81,1596.2807,1606.69,169426,1512.4907037164487,1512.4907037164487,1493.2859886269787,1503.0236631108053,169426,0,1
2025-07-30,1602.23,1623.825,1602.23,1620.83,159722,1498.8514298004131,1519.05308413627,1498.8514298004131,1516.251326565726,159722,0,1
2025-07-31,1612.81,1620.58,1599.03,1608.46,199159,1508.7487904335858,1516.0174569855471,1495.8578991741226,1504.6794597384724,199159,0,1
2025-08-01,1592.78,1596.33,1554.44,1585,322691,1490.011159669649,1493.33210770819,1454.1449208534068,1482.7331383344804,322691,0,1
2025-08-04,1589.6,1616.89,1589.6,1608.98,351539,1487.0363386097729,1512.5655419821062,1487.0363386097729,1505.1659084652445,351539,0,1
2025-08-05,1455,1466.13,1382.2,1416.94,1519598,1361.1209566414316,1371.5328303509982,1293.0181348933243,1325.5166517549899,1519598,0,1
2025-08-06,1436,1436,1369.83,1401.22,884861,1343.3468685478322,1343.3468685478322,1281.4462680660702,1310.810932553338,884861,0,1
2025-08-07,1401.76,1429.81,1385.14,1429.15,462312,1311.3160908465245,1337.5562577426015,1295.7684411562286,1336.9388420509292,462312,0,1
2025-08-08,1434.82,1436,1387.85,1389.77,433021,1342.2430041293876,1343.3468685478322,1298.3035874053683,1300.0997057811426,433021,0,1
2025-08-11,1396.87,1424.76,1383.675,1409.55,365941,1306.7416018582244,1332.832092222987,1294.39796541638,1318.6034669649002,365941,0,1
2025-08-12,1413.33,1422.54,1389.625,1410.7,310027,1322.1395750172057,1330.755330350998,1299.9640614246387,1319.6792670337234,310027,0,1
2025-08-13,1412.98,1427.78,1402.415,1425.81,397493,1321.8121576049552,1335.6572367515487,1311.9288291465932,1333.8143444597385,397493,0,1
2025-08-14,1438,1438,1408.605,1412.73,219754,1345.2178251892637,1345.2178251892637,1317.719439951824,1321.5782880247764,219754,0,1
2025-08-15,1411.47,1411.47,1385.39,1387.88,496378,1320.3995853406745,1320.3995853406745,1296.0023107364077,1298.33165175499,496378,0,1
2025-08-18,1387.9,1403.89,1382.455,1390.14,405438,1298.350361321404,1313.3086596696492,1293.2566818651067,1300.4458327598074,405438,0,1
2025-08-19,1383.16,1404.3,1383.14,1397.78,511900,1293.9161940812114,1313.6922057811425,1293.897484514797,1307.5928871300757,511900,0,1
2025-08-20,1411,1418,1388.135,1402.16,395969,1319.959910529938,1326.5082587749484,1298.5701987267723,1311.6902821748108,395969,0,1
2025-08-21,1399.99,1415.66,1387.19,1393.14,275584,1309.6602942188576,1324.3192395044737,1297.686171713696,1303.2522677219547,275584,0,1
2025-08-22,1401.18,1414.865,1397.9509,1408.46,251151,1310.7735134205095,1323.5755342395046,1307.7527603750862,1317.5837955953202,251151,0,1
2025-08-25,1409,1420.19,1386.67,1389.98,181518,1318.0889538885067,1328.556956297316,1297.1997229869237,1300.296156228493,181518,0,1
2025-08-26,1393.9,1414.4199,1392.78,1413.34,267011,1303.9632312456988,1323.159152838954,1302.915495526497,1322.148929800413,267011,0,1
2025-08-27,1412.88,1427.3976,1395,1395.04,250797,1321.7186097728838,1335.2995098417068,1304.992257398486,1305.0296765313146,250797,0,1
2025-08-28,1396.82,1412.515,1387.72,1398.06,426978,1306.6948279421886,1321.3771601858225,1298.1819752236752,1307.854821059876,426978,0,1
2025-08-29,1400.94,1402.5,1392.285,1398.88,312077,1310.5489986235377,1312.0083448038542,1302.4524337577427,1308.6219132828633,312077,0,1
2025-09-02,1304.79,1317.115,1289.24,1304.88,434667,1304.79,1317.115,1289.24,1304.88,434667,90,1
2025-09-03,1304,1304.995,1274.635,1278.48,332933,1304,1304.995,1274.635,1278.48,332933,0,1
2025-09-04,1282.7,1283.145,1263,1281.81,442869,1282.7,1283.145,1263,1281.81,442869,0,1
2025-09-05,1284.43,1285.1,1260.39,1271.04,489994,1284.43,1285.1,1260.39,1271.04,489994,0,1
2025-09-08,1251.99,1295.46,1243.545,1293.24,630444,1251.99,1295.46,1243.545,1293.24,630444,0,1
2025-09-09,1289.46,1314.63,1277.83,1312.09,689751,1289.46,1314.63,1277.83,1312.09,689751,0,1
2025-09-10,1314.47,1324.88,1275.135,1287.32,447960,1314.47,1324.88,1275.135,1287.32,447960,0,1
2025-09-11,1289.61,1302.645,1284.24,1293.3,433330,1289.61,1302.645,1284.24,1293.3,433330,0,1
2025-09-12,1293.52,1303.67,1269.32,1271.45,395970,1293.52,1303.67,1269.32,1271.45,395970,0,1
2025-09-15,1275.57,1299.53,1273.6643,1288.13,315414,1275.57,1299.53,1273.6643,1288.13,315414,0,1
2025-09-16,1302.25,1304.32,1279.635,1281.73,260219,1302.25,1304.32,1279.635,1281.73,260219,0,1
2025-09-17,1273,1292.52,1265.49,1275.96,259400,1273,1292.52,1265.49,1275.96,259400,0,1
2025-09-18,1277.53,1289.933,1272.25,1286.12,267943,1277.53,1289.933,1272.25,1286.12,267943,0,1
2025-09-19,1292.49,1297.92,1273.6,1282.46,520229,1292.49,1297.92,1273.6,1282.46,520229,0,1
2025-09-22,1276.11,1296.22,1271.2,1295.29,253370,1276.11,1296.22,1271.2,1295.29,253370,0,1
2025-09-23,1293.02,1304.515,1291.27,1299.37,241238,1293.02,1304.515,1291.27,1299.37,241238,0,1
2025-09-24,1299.37,1320,1297.93,1300,227080,1299.37,1320,1297.93,1300,227080,0,1
2025-09-25,1296.9,1296.9,1268.89,1290,307942,1296.9,1296.9,1268.89,1290,307942,0,1
2025-09-26,1299.04,1303.49,1291.4,1295.72,197427,1299.04,1303.49,1291.4,1295.72,197427,0,1
2025-09-29,1299,1308.05,1281.1125,1289.29,196590,1299,1308.05,1281.1125,1289.29,196590,0,1
2025-09-30,1290.9,1323.2499,1285.08,1318.02,336754,1290.9,1323.2499,1285.08,1318.02,336754,0,1
2025-10-01,1304.76,1333.02,1298.35,1300.8,335872,1304.76,1333.02,1298.35,1300.8,335872,0,1
2025-10-02,1295.88,1304.86,1276.69,1283.81,278010,1295.88,1304.86,1276.69,1283.81,278010,0,1
2025-10-03,1279.86,1293.25,1277.6,1288.83,258168,1279.86,1293.25,1277.6,1288.83,258168,0,1
2025-10-06,1290.15,1296.595,1274.49,1291.74,184663,1290.15,1296.595,1274.49,1291.74,184663,0,1
2025-10-07,1291.74,1303.66,1283.86,1284.38,197693,1291.74,1303.66,1283.86,1284.38,197693,0,1
2025-10-08,1277.48,1290.9259,1277.48,1285.85,219695,1277.48,1290.9259,1277.48,1285.85,219695,0,1
2025-10-09,1285,1286.75,1272.05,1275.44,183826,1285,1286.75,1272.05,1275.44,183826,0,1
2025-10-10,1273.14,1287.8,1270,1277.99,240018,1273.14,1287.8,1270,1277.99,240018,0,1
2025-10-13,1282.1,1293.92,1269.87,1293.08,309932,1282.1,1293.92,1269.87,1293.08,309932,0,1
2025-10-14,1286.91,1322.27,1284,1312.48,240755,1286.91,1322.27,1284,1312.48,240755,0,1
2025-10-15,1299.35,1313.27,1235.69,1237.71,751002,1299.35,1313.27,1235.69,1237.71,751002,0,1
2025-10-16,1243.16,1270,1240.4,1249.42,387373,1243.16,1270,1240.4,1249.42,387373,0,1
2025-10-17,1253.08,1270.07,1249.87,1265.88,288846,1253.08,1270.07,1249.87,1265.88,288846,0,1
2025-10-20,1270,1311.155,1269.525,1301.68,383300,1270,1311.155,1269.525,1301.68,383300,0,1
2025-10-21,1313.54,1331.83,1309.5,1329.17,252344,1313.54,1331.83,1309.5,1329.17,252344,0,1
2025-10-22,1323.67,1332.51,1313.79,1314.19,261800,1323.67,1332.51,1313.79,1314.19,261800,0,1
2025-10-23,1314.21,1351.72,1314.21,1350,284555,1314.21,1351.72,1314.21,1350,284555,0,1
2025-10-24,1353.5,1361.51,1347.51,1359.3,203453,1353.5,1361.51,1347.51,1359.3,203453,0,1
2025-10-27,1354.76,1365.79,1346.62,1354.46,229692,1354.76,1365.79,1346.62,1354.46,229692,0,1
2025-10-28,1354.46,1356.94,1334.31,1335.12,261633,1354.46,1356.94,1334.31,1335.12,261633,0,1
2025-10-29,1327.23,1337.825,1301.6,1316,243795,1327.23,1337.825,1301.6,1316,243795,0,1
2025-10-30,1312.82,1333.59,1304.17,1306.14,260007,1312.82,1333.59,1304.17,1306.14,260007,0,1
2025-10-31,1301.01,1311.405,1300.54,1308.51,224227,1301.01,1311.405,1300.54,1308.51,224227,0,1
2025-11-03,1308.83,1310.8,1292.81,1300,199326,1308.83,1310.8,1292.81,1300,199326,0,1
2025-11-04,1292.55,1308.17,1283,1291.97,250233,1292.55,1308.17,1283,1291.97,250233,0,1
2025-11-05,1275.56,1299.38,1261.45,1266.31,325609,1275.56,1299.38,1261.45,1266.31,325609,0,1
2025-11-06,1260.57,1279.7,1251.21,1271.6,256184,1260.57,1279.7,1251.21,1271.6,256184,0,1
2025-11-07,1261.04,1286.34,1255.51,1284.76,261997,1261.04,1286.34,1255.51,1284.76,261997,0,1
2025-11-10,1281.5,1296.21,1270,1288.91,295018,1281.5,1296.21,1270,1288.91,295018,0,1
2025-11-11,1285.2,1296.42,1273.23,1294,330150,1285.2,1296.42,1273.23,1294,330150,0,1
2025-11-12,1279.13,1341.605,1279.13,1307.97,569313,1279.13,1341.605,1279.13,1307.97,569313,0,1
2025-11-13,1322.53,1358.01,1312.17,1325.04,575954,1322.53,1358.01,1312.17,1325.04,575954,0,1
2025-11-14,1329.08,1359.15,1322.395,1340.6,312899,1329.08,1359.15,1322.395,1340.6,312899,0,1
2025-11-17,1347.29,1356.3673,1326.18,1335.77,362181,1347.29,1356.3673,1326.18,1335.77,362181,0,1
2025-11-18,1345.06,1365.69,1338.21,1351.06,388182,1345.06,1365.69,1338.21,1351.06,388182,0,1
2025-11-19,1343.26,1358.8699,1324.55,1341.19,310038,1343.26,1358.8699,1324.55,1341.19,310038,0,1
2025-11-20,1352.9,1364.16,1321.33,1327.87,265974,1352.9,1364.16,1321.33,1327.87,265974,0,1
2025-11-21,1329.62,1360.84,1317.025,1347.22,294364,1329.62,1360.84,1317.025,1347.22,294364,0,1
2025-11-24,1341.36,1353.82,1331.79,1335.76,479910,1341.36,1353.82,1331.79,1335.76,479910,0,1
2025-11-25,1338.78,1362.05,1331.94,1352.54,283932,1338.78,1362.05,1331.94,1352.54,283932,0,1
2025-11-26,1352.86,1360.38,1349.655,1355.01,239165,1352.86,1360.38,1349.655,1355.01,239165,0,1
2025-11-28,1354.96,1362.865,1345.0510000000002,1360.17,114318,1354.96,1362.865,1345.0510000000002,1360.17,114318,0,1
2025-12-01,1351.06,1359.17,1340.04,1354.86,202455,1351.06,1359.17,1340.04,1354.86,202455,0,1
2025-12-02,1360,1360,1332.68,1343.65,193756,1360,1360,1332.68,1343.65,193756,0,1
2025-12-03,1347.52,1349.51,1332.125,1337.33,196998,1347.52,1349.51,1332.125,1337.33,196998,0,1
2025-12-04,1343.24,1367.65,1337.605,1360.1,204361,1343.24,1367.65,1337.605,1360.1,204361,0,1
2025-12-05,1356.49,1359.135,1341.09,1346.86,178649,1356.49,1359.135,1341.09,1346.86,178649,0,1
2025-12-08,1344.54,1353.1051,1332.78,1347.17,186418,1344.54,1353.1051,1332.78,1347.17,186418,0,1
2025-12-09,1347.32,1356.94,1314.61,1318.02,199963,1347.32,1356.94,1314.61,1318.02,199963,0,1
2025-12-10,1320,1322.5,1276.99,1302.9,531400,1320,1322.5,1276.99,1302.9,531400,0,1
2025-12-11,1310.7,1319.15,1304,1317.49,293523,1310.7,1319.15,1304,1317.49,293523,0,1
2025-12-12,1320,1321.25,1293.09,1294.65,432232,1320,1321.25,1293.09,1294.65,432232,0,1
2025-12-15,1306.58,1312.34,1282.1,1292.08,554427,1306.58,1312.34,1282.1,1292.08,554427,0,1
2025-12-16,1289.79,1292.495,1264.28,1270.57,399315,1289.79,1292.495,1264.28,1270.57,399315,0,1
2025-12-17,1263.8,1286.81,1256.53,1261.64,469012,1263.8,1286.81,1256.53,1261.64,469012,0,1
2025-12-18,1270.99,1276.77,1237.09,1262.78,720106,1270.99,1276.77,1237.09,1262.78,720106,0,1
2025-12-19,1263.57,1280.96,1260.975,1276.83,632987,1263.57,1280.96,1260.975,1276.83,632987,0,1
2025-12-22,1280,1303.14,1276.54,1301.79,308543,1280,1303.14,1276.54,1301.79,308543,0,1
2025-12-23,1305.42,1318.18,1296.26,1314.52,246598,1305.42,1318.18,1296.26,1314.52,246598,0,1
2025-12-24,1311.5,1319.89,1310.86,1313.57,72692,1311.5,1319.89,1310.86,1313.57,72692,0,1
2025-12-26,1309.48,1316.68,1305,1309.24,120655,1309.48,1316.68,1305,1309.24,120655,0,1
2025-12-29,1310,1320.67,1310,1315.96,205703,1310,1320.67,1310,1315.96,205703,0,1
2025-12-30,1312.67,1319.88,1304.39,1316.45,149175,1312.67,1319.88,1304.39,1316.45,149175,0,1
2025-12-31,1326.59,1341.07,1323.93,1329.85,266475,1326.59,1341.07,1323.93,1329.85,266475,0,1
2026-01-02,1329.03,1359.98,1319.75,1358.55,278700,1329.03,1359.98,1319.75,1358.55,278700,0,1
2026-01-05,1358.29,1388,1358.29,1367.89,296641,1358.29,1388,1358.29,1367.89,296641,0,1
2026-01-06,1368.16,1389.28,1366.67,1384.4,463136,1368.16,1389.28,1366.67,1384.4,463136,0,1
2026-01-07,1387.15,1395.02,1380.37,1385.25,460358,1387.15,1395.02,1380.37,1385.25,460358,0,1
2026-01-08,1403.19,1414.52,1356.24,1377.42,435612,1403.19,1414.52,1356.24,1377.42,435612,0,1
2026-01-09,1379.13,1395,1355.59,1392.09,409798,1379.13,1395,1355.59,1392.09,409798,0,1
2026-01-12,1391.49,1399.5,1376.14,1386.12,283405,1391.49,1399.5,1376.14,1386.12,283405,0,1
2026-01-13,1397.39,1397.39,1375.21,1381.98,299633,1397.39,1397.39,1375.21,1381.98,299633,0,1
2026-01-14,1385.56,1423.84,1374.48,1423.84,285951,1385.56,1423.84,1374.48,1423.84,285951,0,1
2026-01-15,1424.87,1439.37,1418.5204,1433.54,230650,1424.87,1439.37,1418.5204,1433.54,230650,0,1
2026-01-16,1440.58,1463.025,1436.435,1450,380049,1440.58,1463.025,1436.435,1450,380049,0,1
2026-01-20,1444.6,1455.25,1438.35,1448.55,354360,1444.6,1455.25,1438.35,1448.55,354360,0,1
2026-01-21,1453.63,1459.9899,1422.08,1449.98,436852,1453.63,1459.9899,1422.08,1449.98,436852,0,1
2026-01-22,1447.75,1451,1419.35,1420.52,269037,1447.75,1451,1419.35,1420.52,269037,0,1
2026-01-23,1423.17,1436.79,1393.35,1419.19,330209,1423.17,1436.79,1393.35,1419.19,330209,0,1
2026-01-26,1413.22,1446.4,1410.8,1435.96,372150,1413.22,1446.4,1410.8,1435.96,372150,0,1
2026-01-27,1438.71,1448.915,1422.695,1427.18,282362,1438.71,1448.915,1422.695,1427.18,282362,0,1
2026-01-28,1417.18,1424.0156,1401.08,1412.13,270519,1417.18,1424.0156,1401.08,1412.13,270519,0,1
2026-01-29,1412.59,1435.79,1412.59,1422,354142,1412.59,1435.79,1412.59,1422,354142,0,1
2026-01-30,1425.92,1431.32,1411.65,1427.54,272924,1425.92,1431.32,1411.65,1427.54,272924,0,1
2026-02-02,1430.1,1440.87,1404.68,1435.52,518743,1430.1,1440.87,1404.68,1435.52,518743,0,1
2026-02-03,1378,1378.395,1260.01,1301.93,1488298,1378,1378.395,1260.01,1301.93,1488298,0,1
2026-02-04,1282.24,1291.115,1248.4201,1264.79,668532,1282.24,1291.115,1248.4201,1264.79,668532,0,1
2026-02-05,1257.2,1269.49,1245.8,1263.26,541554,1257.2,1269.49,1245.8,1263.26,541554,0,1
2026-02-06,1272.99,1300.62,1270.27,1285.53,391058,1272.99,1300.62,1270.27,1285.53,391058,0,1
2026-02-09,1279.37,1305.8509,1276.11,1300.1,433203,1279.37,1305.8509,1276.11,1300.1,433203,0,1
2026-02-10,1320.17,1332.41,1300.835,1311.95,435274,1320.17,1332.41,1300.835,1311.95,435274,0,1
2026-02-11,1314.51,1330.785,1306.73,1326.19,283923,1314.51,1330.785,1306.73,1326.19,283923,0,1
2026-02-12,1333.78,1339.83,1290.51,1295.97,457457,1333.78,1339.83,1290.51,1295.97,457457,0,1
2026-02-13,1303.54,1318.66,1280.77,1286.67,311383,1303.54,1318.66,1280.77,1286.67,311383,0,1
2026-02-17,1298.83,1306.34,1278.81,1302.11,376798,1298.83,1306.34,1278.81,1302.11,376798,0,1
2026-02-18,1313.32,1324.99,1297.68,1315.33,347833,1313.32,1324.99,1297.68,1315.33,347833,0,1
2026-02-19,1312.62,1340,1307.96,1330.13,235382,1312.62,1340,1307.96,1330.13,235382,0,1
2026-02-20,1329.22,1350.03,1323.37,1338.98,218523,1329.22,1350.03,1323.37,1338.98,218523,0,1
2026-02-23,1331.33,1334.7,1293.54,1296.15,313691,1331.33,1334.7,1293.54,1296.15,313691,0,1
2026-02-24,1291.44,1301.765,1275,1293.87,254136,1291.44,1301.765,1275,1293.87,254136,0,1
2026-02-25,1299.78,1302.485,1263.23,1295.12,321991,1299.78,1302.485,1263.23,1295.12,321991,0,1
2026-02-26,1299.9,1314.48,1286.72,1314.26,372864,1299.9,1314.48,1286.72,1314.26,372864,0,1
2026-02-27,1304.91,1312.155,1290.46,1302.79,545807,1304.91,1312.155,1290.46,1302.79,545807,0,1
2026-03-02,1310.28,1327.08,1300.019,1316.26,365421,1310.28,1327.08,1300.019,1316.26,365421,0,1
2026-03-03,1305.97,1334.225,1285,1326.34,338150,1305.97,1334.225,1285,1326.34,338150,0,1
2026-03-04,1327,1330.65,1303.94,1315.12,211845,1327,1330.65,1303.94,1315.12,211845,0,1
2026-03-05,1307.68,1310.43,1279.67,1294.96,214154,1307.68,1310.43,1279.67,1294.96,214154,0,1
2026-03-06,1287.63,1318.7999,1282.0001,1294.53,294884,1287.63,1318.7999,1282.0001,1294.53,294884,0,1
2026-03-09,1287.81,1287.81,1251.415,1277.93,401237,1287.81,1287.81,1251.415,1277.93,401237,0,1
2026-03-10,1271.11,1274.85,1252.55,1268.31,214197,1271.11,1274.85,1252.55,1268.31,214197,0,1
2026-03-11,1263,1267.5,1246.78,1258.34,239279,1263,1267.5,1246.78,1258.34,239279,0,1
2026-03-12,1246.26,1264.07,1222.63,1225.95,603698,1246.26,1264.07,1222.63,1225.95,603698,0,1
2026-03-13,1234.61,1251.56,1208.49,1214.66,463859,1234.61,1251.56,1208.49,1214.66,463859,0,1
2026-03-16,1222.77,1251.325,1222.77,1247.82,506228,1222.77,1251.325,1222.77,1247.82,506228,0,1
2026-03-17,1254.31,1264.39,1224,1232.51,297170,1254.31,1264.39,1224,1232.51,297170,0,1
2026-03-18,1229.59,1234.355,1198.24,1199.94,335683,1229.59,1234.355,1198.24,1199.94,335683,0,1
2026-03-19,1196.87,1201,1177.02,1191.94,546080,1196.87,1201,1177.02,1191.94,546080,0,1
2026-03-20,1192.445,1203.74,1169.36,1177.39,731906,1192.445,1203.74,1169.36,1177.39,731906,0,1
2026-03-23,1192.07,1211.74,1151.96,1152.97,476237,1192.07,1211.74,1151.96,1152.97,476237,0,1
2026-03-24,1146.08,1162.8,1137.06,1162.78,487863,1146.08,1162.8,1137.06,1162.78,487863,0,1
2026-03-25,1174.16,1181.8,1148.98,1156.49,341788,1174.16,1181.8,1148.98,1156.49,341788,0,1
2026-03-26,1143.92,1161.33,1140.98,1151.94,261818,1143.92,1161.33,1140.98,1151.94,261818,0,1
2026-03-27,1147.15,1153.45,1138.84,1140.03,402047,1147.15,1153.45,1138.84,1140.03,402047,0,1
2026-03-30,1148.09,1154.36,1127.56,1132.88,667860,1148.09,1154.36,1127.56,1132.88,667860,0,1
2026-03-31,1139.99,1168.31,1126.695,1158.96,660971,1139.99,1168.31,1126.695,1158.96,660971,0,1
2026-04-01,1159.6,1183.96,1123.61,1173.27,472230,1159.6,1183.96,1123.61,1173.27,472230,0,1
2026-04-02,1165.95,1175.34,1145.0201,1167,319784,1165.95,1175.34,1145.0201,1167,319784,0,1
2026-04-06,1168,1190.03,1158.5,1189.64,216203,1168,1190.03,1158.5,1189.64,216203,0,1
2026-04-07,1182.9,1182.9,1165.08,1169.57,302203,1182.9,1182.9,1165.08,1169.57,302203,0,1
2026-04-08,1191.2,1225.26,1191.2,1219.88,305426,1191.2,1225.26,1191.2,1219.88,305426,0,1
2026-04-09,1211.87,1234.13,1207.26,1225.52,198229,1211.87,1234.13,1207.26,1225.52,198229,0,1
2026-04-10,1221,1221,1199.39,1207.18,205659,1221,1221,1199.39,1207.18,205659,0,1
2026-04-13,1207.2,1235.5,1201.03,1233.11,328866,1207.2,1235.5,1201.03,1233.11,328866,0,1
2026-04-14,1279.24,1303.06,1268.87,1296.58,471304,1279.24,1303.06,1268.87,1296.58,471304,0,1
2026-04-15,1297.08,1301.38,1273.76,1274.69,324105,1297.08,1301.38,1273.76,1274.69,324105,0,1
2026-04-16,1275.68,1278.5,1218.3,1228.23,386363,1275.68,1278.5,1218.3,1228.23,386363,0,1
2026-04-17,1239,1290.11,1235,1265.88,384888,1239,1290.11,1235,1265.88,384888,0,1
2026-04-20,1265.27,1274.76,1260,1274.62,246034,1265.27,1274.76,1260,1274.62,246034,0,1
2026-04-21,1267.28,1274.5,1193.73,1205.67,626035,1267.28,1274.5,1193.73,1205.67,626035,0,1
2026-04-22,1207.96,1214.49,1180.23,1187.75,425197,1207.96,1214.49,1180.23,1187.75,425197,0,1
2026-04-23,1188.32,1197.9,1155.03,1165.76,647013,1188.32,1197.9,1155.03,1165.76,647013,0,1
2026-04-24,1156.87,1161.11,1136.26,1148.18,633829,1156.87,1161.11,1136.26,1148.18,633829,0,1
2026-04-27,1146.4,1165.9,1146.4,1158.36,321179,1146.4,1165.9,1146.4,1158.36,321179,0,1
2026-04-28,1167.54,1173,1136.36,1154.06,291262,1167.54,1173,1136.36,1154.06,291262,0,1
2026-04-29,1154.21,1155,1128.21,1142.74,331498,1154.21,1155,1128.21,1142.74,331498,0,1
2026-04-30,1143.46,1164.37,1141.95,1159.98,343500,1143.46,1164.37,1141.95,1159.98,343500,0,1
2026-05-01,1171.58,1171.67,1145.92,1154.45,310994,1171.58,1171.67,1145.92,1154.45,310994,0,1
2026-05-04,1156.83,1172.23,1149.22,1149.72,421314,1156.83,1172.23,1149.22,1149.72,421314,0,1
2026-05-05,1220,1234,1173.22,1191.33,677479,1220,1234,1173.22,1191.33,677479,0,1
2026-05-06,1231.53,1255.43,1221.86,1233.37,472763,1231.53,1255.43,1221.86,1233.37,472763,0,1
2026-05-07,1239.79,1262.26,1235.74,1241.98,357425,1239.79,1262.26,1235.74,1241.98,357425,0,1
2026-05-08,1242.75,1250.31,1209.06,1215.08,284261,1242.75,1250.31,1209.06,1215.08,284261,0,1
2026-05-11,1218.74,1226.5492,1191.89,1198.67,405054,1218.74,1226.5492,1191.89,1198.67,405054,0,1
2026-05-12,1197.2,1205.7711,1179.19,1191.19,486134,1197.2,1205.7711,1179.19,1191.19,486134,0,1
2026-05-13,1182.58,1204.44,1167.83,1201.4,333242,1182.58,1204.44,1167.83,1201.4,333242,0,1
2026-05-14,1204.65,1210,1170.61,1178.82,333591,1204.65,1210,1170.61,1178.82,333591,0,1
2026-05-15,1174.71,1178.07,1143.4,1148.97,298384,1174.71,1178.07,1143.4,1148.97,298384,0,1
2026-05-18,1148.18,1191.13,1145.01,1182.35,563336,1148.18,1191.13,1145.01,1182.35,563336,0,1
2026-05-19,1181.28,1199.22,1177.63,1179.08,466471,1181.28,1199.22,1177.63,1179.08,466471,0,1
2026-05-20,1183.27,1206.33,1169.67,1198.09,354610,1183.27,1206.33,1169.67,1198.09,354610,0,1
2026-05-21,1187.72,1220.73,1184.985,1209.32,469706,1187.72,1220.73,1184.985,1209.32,469706,0,1
2026-05-22,1214.12,1221.2,1207.355,1213.51,448621,1214.12,1221.2,1207.355,1213.51,448621,0,1
2026-05-26,1226.29,1234,1211.285,1226,382374,1226.29,1234,1211.285,1226,382374,0,1
2026-05-27,1228.09,1248.82,1223.65,1240.91,435952,1228.09,1248.82,1223.65,1240.91,435952,0,1
2026-05-28,1242,1280.11,1241.93,1265.06,436348,1242,1280.11,1241.93,1265.06,436348,0,1
2026-05-29,1265.29,1285,1244.54,1258.32,399149,1265.29,1285,1244.54,1258.32,399149,0,1
2026-06-01,1243.88,1255.24,1232.51,1238.41,434044,1243.88,1255.24,1232.51,1238.41,434044,0,1
2026-06-02,1224.5,1250.63,1224.5,1246.98,397856,1224.5,1250.63,1224.5,1246.98,397856,0,1
2026-06-03,1235.8,1242.35,1201.86,1211.57,429381,1235.8,1242.35,1201.86,1211.57,429381,0,1
2026-06-04,1233.16,1239.27,1223.835,1228.09,325413,1233.16,1239.27,1223.835,1228.09,325413,0,1
2026-06-05,1234.07,1242.22,1220.01,1238.74,266056,1234.07,1242.22,1220.01,1238.74,266056,0,1
2026-06-08,1238.61,1243.81,1203.35,1206.28,270634,1238.61,1243.81,1203.35,1206.28,270634,0,1
2026-06-09,1214.55,1258.1,1213.96,1257.24,401433,1214.55,1258.1,1213.96,1257.24,401433,0,1
2026-06-10,1264.27,1264.82,1207.73,1212.36,307630,1264.27,1264.82,1207.73,1212.36,307630,0,1
2026-06-11,1209.87,1259.4,1205,1257.59,268766,1209.87,1259.4,1205,1257.59,268766,0,1
2026-06-12,1260.96,1265.43,1231.01,1256.05,245841,1260.96,1265.43,1231.01,1256.05,245841,0,1
2026-06-15,1273.38,1288.17,1265.95,1277.35,345994,1273.38,1288.17,1265.95,1277.35,345994,0,1
2026-06-16,1286.51,1311,1278.01,1301.2,484781,1286.51,1311,1278.01,1301.2,484781,0,1
2026-06-17,1291.86,1331.33,1284.92,1316.75,424547,1291.86,1331.33,1284.92,1316.75,424547,0,1
2026-06-18,1330.18,1337.34,1304.86,1328.31,741725,1330.18,1337.34,1304.86,1328.31,741725,0,1
2026-06-22,1319.99,1321,1281.9362,1295.9,397072,1319.99,1321,1281.9362,1295.9,397072,0,1
2026-06-23,1291.83,1308.3199,1280.7,1297.68,334694,1291.83,1308.3199,1280.7,1297.68,334694,0,1
2026-06-24,1294.42,1333.065,1289.65,1322.67,424703,1294.42,1333.065,1289.65,1322.67,424703,0,1
2026-06-25,1328.04,1361.765,1321.38,1332.56,359727,1328.04,1361.765,1321.38,1332.56,359727,0,1
2026-06-26,1327.99,1331.27,1314.1,1324.56,818096,1327.99,1331.27,1314.1,1324.56,818096,0,1
2026-06-29,1318.74,1343.4,1315.25,1323.44,450601,1318.74,1343.4,1315.25,1323.44,450601,0,1
2026-06-30,1330.19,1336.165,1309.08,1332.04,446059,1330.19,1336.165,1309.08,1332.04,446059,0,1
2026-07-01,1340.64,1345.1,1304.74,1309.18,423137,1340.64,1345.1,1304.74,1309.18,423137,0,1
2026-07-02,1324.36,1350.74,1318.35,1348.49,363104,1324.36,1350.74,1318.35,1348.49,363104,0,1
2026-07-06,1359.99,1359.99,1334.91,1346.12,242853,1359.99,1359.99,1334.91,1346.12,242853,0,1
2026-07-07,1352.96,1358.55,1322.46,1329.63,253161,1352.96,1358.55,1322.46,1329.63,253161,0,1
2026-07-08,1310.87,1318.855,1288.0001,1296.43,297095,1310.87,1318.855,1288.0001,1296.43,297095,0,1
2026-07-09,1297.76,1304.3399,1289.375,1295.71,284753,1297.76,1304.3399,1289.375,1295.71,284753,0,1
2026-07-10,1288.82,1298.72,1280.5,1291.35,260742,1288.82,1298.72,1280.5,1291.35,260742,0,1
2026-07-13,1277.66,1280.82,1212.69,1235,528583,1277.66,1280.82,1212.69,1235,528583,0,1
2026-07-14,1228.67,1244.1571,1215.16,1215.34,317058,1228.67,1244.1571,1215.16,1215.34,317058,0,1
2026-07-15,1201.26,1234.38,1195,1232.18,351153,1201.26,1234.38,1195,1232.18,351153,0,1
2026-07-16,1225.64,1240.37,1216.77,1231.11,321048,1225.64,1240.37,1216.77,1231.11,321048,0,1
2026-07-17,1225.69,1253.595,1209.37,1214.43,300861,1225.69,1253.595,1209.37,1214.43,300861,0,1
2026-07-20,1221.62,1227.07,1203.54,1204.73,357044,1221.62,1227.07,1203.54,1204.73,357044,0,1
2026-07-21,1203.26,1212.95,1197.7325,1205.49,398886,1203.26,1212.95,1197.7325,1205.49,398886,0,1
2026-07-22,1209.79,1214.475,1192.075,1194.7,439693,1209.79,1214.475,1192.075,1194.7,439693,0,1
2026-07-23,1206.02,1227.73,1204.27,1213.83,248241,1206.02,1227.73,1204.27,1213.83,248241,0,1
2026-07-24,1217.15,1255.705,1217.13,1236.71,269688,1217.15,1255.705,1217.13,1236.71,269688,0,1
2026-07-27,1250.99,1291.86,1247.65,1286.27,343831,1250.99,1291.86,1247.65,1286.27,343831,0,1
2026-07-28,1296.78,1317.66,1288.905,1307.97,292479,1296.78,1317.66,1288.905,1307.97,292479,0,1
2026-07-29,1298.5,1298.5,1261.23,1264.6,299121,1298.5,1298.5,1261.23,1264.6,299121,0,1
2026-07-30,1264.6,1265,1236.88,1249.91,306705,1264.6,1265,1236.88,1249.91,306705,0,1
2026-07-31,1249.79,1265.08,1240.88,1254.38,393093,1249.79,1265.08,1240.88,1254.38,393093,0,1
2026-08-03,1280.27,1291.49,1260.04,1285.56,711648,1280.27,1291.49,1260.04,1285.56,711648,0,1
2026-08-04,1355.6,1359.273,1233.11,1275.05,912269,1355.6,1359.273,1233.11,1275.05,912269,0,1
2026-08-05,1271.51,1271.51,1234.24,1254.71,879113,1271.51,1271.51,1234.24,1254.71,879113,0,1
2026-08-06,1264.08,1280.17,1250.725,1262.07,551718,1264.08,1280.17,1250.725,1262.07,551718,0,1
2026-08-07,1272.95,1273.07,1220.42,1225.25,521716,1272.95,1273.07,1220.42,1225.25,521716,0,1
2026-08-10,1230,1234.98,1212.17,1223.48,435828,1230,1234.98,1212.17,1223.48,435828,0,1
2026-08-11,1225,1250.545,1221.08,1242.04,545111,1225,1250.545,1221.08,1242.04,545111,0,1
2026-08-12,1244.68,1251.06,1234.01,1235.48,240793,1244.68,1251.06,1234.01,1235.48,240793,0,1
2026-08-13,1242,1249.375,1216.67,1246.31,380198,1242,1249.375,1216.67,1246.31,380198,0,1
2026-08-14,1258.87,1265.7611,1238.4,1256.9,438626,1258.87,1265.7611,1238.4,1256.9,438626,0,1
2026-08-17,1257,1257.1,1232.275,1237.82,243342,1257,1257.1,1232.275,1237.82,243342,0,1
2026-08-18,1238.21,1243.18,1225.175,1233.78,250823,1238.21,1243.18,1225.175,1233.78,250823,0,1
2026-08-19,1235,1240.2,1220.345,1222.91,254145,1235,1240.2,1220.345,1222.91,254145,0,1
2026-08-20,1219.61,1221.225,1179.95,1180.4,440394,1219.61,1221.225,1179.95,1180.4,440394,0,1
2026-08-21,1188.04,1206.2,1185.14,1200.35,533795,1188.04,1206.2,1185.14,1200.35,533795,0,1
2026-08-24,1199.88,1203.705,1187.85,1199.08,466655,1199.88,1203.705,1187.85,1199.08,466655,0,1
2026-08-25,1211.33,1212.38,1183.74,1192.6,397792,1211.33,1212.38,1183.74,1192.6,397792,0,1
2026-08-26,1202,1225.97,1197.39,1207.06,432946,1202,1225.97,1197.39,1207.06,432946,0,1
2026-08-27,1200.51,1201.15,1182.62,1186.48,226965,1200.51,1201.15,1182.62,1186.48,226965,0,1
2026-08-28,1191.02,1195.51,1179,1185.97,192547,1191.02,1195.51,1179,1185.97,192547,0,1
2026-08-31,1180,1185.47,1161.2505,1171.74,496985,1180,1185.47,1161.2505,1171.74,496985,0,1
2026-09-01,1169.73,1182,1153.43,1155.76,270352,1169.73,1182,1153.43,1155.76,270352,0,1
2026-09-02,1160.74,1170.55,1152.27,1153.75,331424,1160.74,1170.55,1152.27,1153.75,331424,0,1
