Date,Open,High,Low,Close,Volume,AdjOpen,AdjHigh,AdjLow,AdjClose,AdjVolume,Dividend,SplitFactor
2020-08-27,23.1,25,21.2,21.22,82219698,23.1,25,21.2,21.22,82219698,0,1
2020-08-28,23.98,24.4,22.02,22.79,44847272,23.98,24.4,22.02,22.79,44847272,0,1
2020-08-31,22.69,22.79,20.33,20.5,20815988,22.69,22.79,20.33,20.5,20815988,0,1
2020-09-01,20.98,21.79,20.1,21.61,15291396,20.98,21.79,20.1,21.61,15291396,0,1
2020-09-02,21.99,22,20.38,21.09,9090101,21.99,22,20.38,21.09,9090101,0,1
2020-09-03,20.93,21.05,20,20.03,7897129,20.93,21.05,20,20.03,7897129,0,1
2020-09-04,19.98,20.18,18.01,19.03,10957355,19.98,20.18,18.01,19.03,10957355,0,1
2020-09-08,17.91,18.56,17.37,17.73,8723960,17.91,18.56,17.37,17.73,8723960,0,1
2020-09-09,18.575,18.65,17.91,18.07,5888958,18.575,18.65,17.91,18.07,5888958,0,1
2020-09-10,18.3135,19.505,18.31,19.28,15465150,18.3135,19.505,18.31,19.28,15465150,0,1
2020-09-11,19.49,19.55,18.36,19.1,4259731,19.49,19.55,18.36,19.1,4259731,0,1
2020-09-14,19.14,20.56,18.38,20.48,6296597,19.14,20.56,18.38,20.48,6296597,0,1
2020-09-15,20.59,21.14,20.26,21.12,4332355,20.59,21.14,20.26,21.12,4332355,0,1
2020-09-16,20.66,20.78,19.62,19.92,4062698,20.66,20.78,19.62,19.92,4062698,0,1
2020-09-17,19.01,19.67,19.01,19.24,2887950,19.01,19.67,19.01,19.24,2887950,0,1
2020-09-18,19.44,19.48,18.86,18.9,2789432,19.44,19.48,18.86,18.9,2789432,0,1
2020-09-21,18.27,18.38,17.425,18.15,5191224,18.27,18.38,17.425,18.15,5191224,0,1
2020-09-22,18.5,19.58,18.17,19.31,4131309,18.5,19.58,18.17,19.31,4131309,0,1
2020-09-23,19.42,19.42,18.1,18.41,3273928,19.42,19.42,18.1,18.41,3273928,0,1
2020-09-24,18,18.17,17.1101,17.45,3995250,18,18.17,17.1101,17.45,3995250,0,1
2020-09-25,17.81,18,17.12,17.93,5330766,17.81,18,17.12,17.93,5330766,0,1
2020-09-28,19.02,19.45,18.5,19.06,5507480,19.02,19.45,18.5,19.06,5507480,0,1
2020-09-29,19.06,19.2,18.53,18.78,5856080,19.06,19.2,18.53,18.78,5856080,0,1
2020-09-30,19.94,20.09,19.16,20.07,10406023,19.94,20.09,19.16,20.07,10406023,0,1
2020-10-01,20.15,20.23,18.51,18.67,10024385,20.15,20.23,18.51,18.67,10024385,0,1
2020-10-02,18,18.56,17.98,18.19,4524988,18,18.56,17.98,18.19,4524988,0,1
2020-10-05,19.58,20.39,19.22,20.04,14572347,19.58,20.39,19.22,20.04,14572347,0,1
2020-10-06,20.44,20.91,19.2,19.7,7053987,20.44,20.91,19.2,19.7,7053987,0,1
2020-10-07,19.98,20.59,19.85,20.16,4938635,19.98,20.59,19.85,20.16,4938635,0,1
2020-10-08,20.51,20.63,19.72,19.86,3516681,20.51,20.63,19.72,19.86,3516681,0,1
2020-10-09,19.75,20.06,19.51,20,2932144,19.75,20.06,19.51,20,2932144,0,1
2020-10-12,20.45,20.53,19.76,19.88,4898774,20.45,20.53,19.76,19.88,4898774,0,1
2020-10-13,19.7,19.8,19.31,19.64,3823965,19.7,19.8,19.31,19.64,3823965,0,1
2020-10-14,20.31,22.55,20.18,22.05,18411579,20.31,22.55,20.18,22.05,18411579,0,1
2020-10-15,21.93,22.76,21.05,22.16,10449204,21.93,22.76,21.05,22.16,10449204,0,1
2020-10-16,22.98,23.1,21.32,21.77,6261649,22.98,23.1,21.32,21.77,6261649,0,1
2020-10-19,21.82,21.93,19.82,19.84,8204079,21.82,21.93,19.82,19.84,8204079,0,1
2020-10-20,20.2135,20.65,20,20.14,5993605,20.2135,20.65,20,20.14,5993605,0,1
2020-10-21,20.2,20.47,20.01,20.42,4159677,20.2,20.47,20.01,20.42,4159677,0,1
2020-10-22,20.77,20.89,20.1399,20.82,6382558,20.77,20.89,20.1399,20.82,6382558,0,1
2020-10-23,20.9,20.93,19.95,20.05,4465778,20.9,20.93,19.95,20.05,4465778,0,1
2020-10-26,20.06,20.28,19.2,19.62,4263755,20.06,20.28,19.2,19.62,4263755,0,1
2020-10-27,19.62,20.25,19.54,19.9,3603759,19.62,20.25,19.54,19.9,3603759,0,1
2020-10-28,19.67,19.67,18.5,19.02,5551475,19.67,19.67,18.5,19.02,5551475,0,1
2020-10-29,19.19,20.8199,19.19,20.72,10753302,19.19,20.8199,19.19,20.72,10753302,0,1
2020-10-30,20.41,21.36,19.21,19.38,9335739,20.41,21.36,19.21,19.38,9335739,0,1
2020-11-02,21.47,22.46,20.51,20.72,19916342,21.47,22.46,20.51,20.72,19916342,0,1
2020-11-03,21.4,22.48,20.25,22.21,11308074,21.4,22.48,20.25,22.21,11308074,0,1
2020-11-04,24.04,27.44,23.4,27.39,50724019,24.04,27.44,23.4,27.39,50724019,0,1
2020-11-05,30.26,36.44,29.8,35.85,89538529,30.26,36.44,29.8,35.85,89538529,0,1
2020-11-06,36.32,39.5,33.18,34.81,102189380,36.32,39.5,33.18,34.81,102189380,0,1
2020-11-09,35.43,36.19,31.28,34.07,34809311,35.43,36.19,31.28,34.07,34809311,0,1
2020-11-10,34.39,36.5,31.01,32.9,32340206,34.39,36.5,31.01,32.9,32340206,0,1
2020-11-11,31.26,33.67,30.49,33.53,24899042,31.26,33.67,30.49,33.53,24899042,0,1
2020-11-12,36.48,48.57,35.6,44.73,166845689,36.48,48.57,35.6,44.73,166845689,0,1
2020-11-13,47.96,51.27,38,41.99,92335169,47.96,51.27,38,41.99,92335169,0,1
2020-11-16,40.53,45.49,39,44.1,39098425,40.53,45.49,39,44.1,39098425,0,1
2020-11-17,46.28,47.1,42.4,42.91,28768649,46.28,47.1,42.4,42.91,28768649,0,1
2020-11-18,43.29,43.97,40.1,42.18,26428559,43.29,43.97,40.1,42.18,26428559,0,1
2020-11-19,41.72,48.19,41.06,48.11,35122682,41.72,48.19,41.06,48.11,35122682,0,1
2020-11-20,48.66,56.77,48.3,53.89,79526173,48.66,56.77,48.3,53.89,79526173,0,1
2020-11-23,56.75,73.06,56.54,72.17,100012213,56.75,73.06,56.54,72.17,100012213,0,1
2020-11-24,72.17,74.49,62.7701,70.63,99410483,72.17,74.49,62.7701,70.63,99410483,0,1
2020-11-25,64.65,67.19,63.01,64.27,49197355,64.65,67.19,63.01,64.27,49197355,0,1
2020-11-27,65.29,68.42,61.15,64.28,26582765,65.29,68.42,61.15,64.28,26582765,0,1
2020-11-30,62.76,62.8,55.5,58.76,38926465,62.76,62.8,55.5,58.76,38926465,0,1
2020-12-01,61.79,63.35,51.3,52.36,48399319,61.79,63.35,51.3,52.36,48399319,0,1
2020-12-02,47.01,57.38,46.01,56,60694235,47.01,57.38,46.01,56,60694235,0,1
2020-12-03,56.96,57.55,51.45,51.82,32475582,56.96,57.55,51.45,51.82,32475582,0,1
2020-12-04,50.34,52.92,48.4,49.34,27406358,50.34,52.92,48.4,49.34,27406358,0,1
2020-12-07,46.07,51.08,46,48.3,37935184,46.07,51.08,46,48.3,37935184,0,1
2020-12-08,50.05,51.98,48.16,48.69,26377364,50.05,51.98,48.16,48.69,26377364,0,1
2020-12-09,47.04,47.71,43.55,44.65,57540507,47.04,47.71,43.55,44.65,57540507,0,1
2020-12-10,42.94,45.08,42.84,44.8,27260415,42.94,45.08,42.84,44.8,27260415,0,1
2020-12-11,44.18,46.83,43.65,44.31,22730874,44.18,46.83,43.65,44.31,22730874,0,1
2020-12-14,45.93,48.0999,44.3,47.17,34420351,45.93,48.0999,44.3,47.17,34420351,0,1
2020-12-15,48.6,51.24,47.25,49.49,35698906,48.6,51.24,47.25,49.49,35698906,0,1
2020-12-16,50.54,51.07,46.75,47.4,22522871,50.54,51.07,46.75,47.4,22522871,0,1
2020-12-17,47.01,47.89,45.22,46.38,20787383,47.01,47.89,45.22,46.38,20787383,0,1
2020-12-18,46.06,48.79,44.61,46.38,24368892,46.06,48.79,44.61,46.38,24368892,0,1
2020-12-21,45.11,47.88,45.02,46.97,18790875,45.11,47.88,45.02,46.97,18790875,0,1
2020-12-22,47.42,47.49,43.75,45.05,19477145,47.42,47.49,43.75,45.05,19477145,0,1
2020-12-23,44.77,44.96,43.0801,43.8,13495200,44.77,44.96,43.0801,43.8,13495200,0,1
2020-12-24,43.04,44.2,41.64,41.87,15453319,43.04,44.2,41.64,41.87,15453319,0,1
2020-12-28,41.79,41.86,37.5,38.01,30674394,41.79,41.86,37.5,38.01,30674394,0,1
2020-12-29,38.75,41.8178,37.6,41.55,24437034,38.75,41.8178,37.6,41.55,24437034,0,1
2020-12-30,42.83,43.24,41.164,42.29,20341530,42.83,43.24,41.164,42.29,20341530,0,1
2020-12-31,42.78,44.66,41.95,42.83,21960245,42.78,44.66,41.95,42.83,21960245,0,1
2021-01-04,45.6,47.69,43.48,44.1,39630292,45.6,47.69,43.48,44.1,39630292,0,1
2021-01-05,44.13,44.99,41.62,42.34,22844817,44.13,44.99,41.62,42.34,22844817,0,1
2021-01-06,41.57,43.97,40.6,41.23,23483830,41.57,43.97,40.6,41.23,23483830,0,1
2021-01-07,42.4,45.49,42.07,44.99,19661958,42.4,45.49,42.07,44.99,19661958,0,1
2021-01-08,47.92,47.95,44.02,45.45,22085449,47.92,47.95,44.02,45.45,22085449,0,1
2021-01-11,46.31,47.24,43.6,44.36,21540014,46.31,47.24,43.6,44.36,21540014,0,1
2021-01-12,45.55,54.75,45.36,54.3,56282701,45.55,54.75,45.36,54.3,56282701,0,1
2021-01-13,53.7,54.76,50.3401,51.66,28490594,53.7,54.76,50.3401,51.66,28490594,0,1
2021-01-14,52,52.04,49.51,50.31,17764436,52,52.04,49.51,50.31,17764436,0,1
2021-01-15,49.33,49.67,46.66,47.82,19804560,49.33,49.67,46.66,47.82,19804560,0,1
2021-01-19,49.97,54.74,49.85,53.84,35241619,49.97,54.74,49.85,53.84,35241619,0,1
2021-01-20,55.97,58.37,50.81,52.46,32728437,55.97,58.37,50.81,52.46,32728437,0,1
2021-01-21,53.3,55.68,50.53,54.31,21380108,53.3,55.68,50.53,54.31,21380108,0,1
2021-01-22,54.58,57.58,54.2,56.39,22148331,54.58,57.58,54.2,56.39,22148331,0,1
2021-01-25,58.47,60.04,51.66,54.65,23297875,58.47,60.04,51.66,54.65,23297875,0,1
2021-01-26,54.75,56.38,52.87,54,12374849,54.75,56.38,52.87,54,12374849,0,1
2021-01-27,51.95,53.06,49.4,49.96,17383169,51.95,53.06,49.4,49.96,17383169,0,1
2021-01-28,49.72,51.26,47.76,50.16,14453430,49.72,51.26,47.76,50.16,14453430,0,1
2021-01-29,50.01,51,47.05,48.18,13687980,50.01,51,47.05,48.18,13687980,0,1
2021-02-01,51.11,51.34,47.63,49.27,15679277,51.11,51.34,47.63,49.27,15679277,0,1
2021-02-02,50.13,50.13,46.03,47.01,17913037,50.13,50.13,46.03,47.01,17913037,0,1
2021-02-03,46.99,47.99,45.8603,47.52,13241490,46.99,47.99,45.8603,47.52,13241490,0,1
2021-02-04,47.95,48.35,46.94,48.13,9496512,47.95,48.35,46.94,48.13,9496512,0,1
2021-02-05,48.45,48.5,46.46,46.93,10165245,48.45,48.5,46.46,46.93,10165245,0,1
2021-02-08,46.5,48.35,45.6,47.61,14524427,46.5,48.35,45.6,47.61,14524427,0,1
2021-02-09,47.56,49.17,46.08,48.75,23324007,47.56,49.17,46.08,48.75,23324007,0,1
2021-02-10,48.72,51.19,47.12,47.77,19948268,48.72,51.19,47.12,47.77,19948268,0,1
2021-02-11,48.11,48.83,46.3,47.13,11042468,48.11,48.83,46.3,47.13,11042468,0,1
2021-02-12,46.9,47.21,45.88,46.89,8116314,46.9,47.21,45.88,46.89,8116314,0,1
2021-02-16,47.03,47.35,44.43,45.01,14971713,47.03,47.35,44.43,45.01,14971713,0,1
2021-02-17,44.23,44.37,41.91,43.41,15227008,44.23,44.37,41.91,43.41,15227008,0,1
2021-02-18,41.95,42.07,39.88,41.15,16922025,41.95,42.07,39.88,41.15,16922025,0,1
2021-02-19,42.46,42.58,40.66,40.88,14144987,42.46,42.58,40.66,40.88,14144987,0,1
2021-02-22,39.74,40.47,37.8,38,22392037,39.74,40.47,37.8,38,22392037,0,1
2021-02-23,36.4,38.04,32.72,37.91,35933957,36.4,38.04,32.72,37.91,35933957,0,1
2021-02-24,37.83,39.08,35.75,38.71,17572202,37.83,39.08,35.75,38.71,17572202,0,1
2021-02-25,38,38.01,34.75,35.4,21713055,38,38.01,34.75,35.4,21713055,0,1
2021-02-26,34.98,35.82,33,34.11,20511876,34.98,35.82,33,34.11,20511876,0,1
2021-03-01,35.01,35.82,34.73,35.5,14209442,35.01,35.82,34.73,35.5,14209442,0,1
2021-03-02,33.54,33.77,31.38,31.5,28529642,33.54,33.77,31.38,31.5,28529642,0,1
2021-03-03,32.49,32.66,29.79,30.03,22459749,32.49,32.66,29.79,30.03,22459749,0,1
2021-03-04,29.87,31.38,27.34,29.36,38047978,29.87,31.38,27.34,29.36,38047978,0,1
2021-03-05,29.22,29.9,25.27,28.03,40582952,29.22,29.9,25.27,28.03,40582952,0,1
2021-03-08,29.44,30.65,26.9,26.92,40913009,29.44,30.65,26.9,26.92,40913009,0,1
2021-03-09,29.49,31.6584,28.14,29.97,42181692,29.49,31.6584,28.14,29.97,42181692,0,1
2021-03-10,32.05,32.4678,30.12,30.7,29911627,32.05,32.4678,30.12,30.7,29911627,0,1
2021-03-11,32.69,35,32.17,34.81,31846620,32.69,35,32.17,34.81,31846620,0,1
2021-03-12,32.97,35.27,32.78,35.15,25125345,32.97,35.27,32.78,35.15,25125345,0,1
2021-03-15,36.09,36.34,34.55,35.37,19711088,36.09,36.34,34.55,35.37,19711088,0,1
2021-03-16,35.74,37.39,34.82,35.93,19094240,35.74,37.39,34.82,35.93,19094240,0,1
2021-03-17,34.5,36.6191,33.58,36.12,16316198,34.5,36.6191,33.58,36.12,16316198,0,1
2021-03-18,35.13,36.8,34.9101,35,14938299,35.13,36.8,34.9101,35,14938299,0,1
2021-03-19,34.93,37.7,34.65,37.48,26259845,34.93,37.7,34.65,37.48,26259845,0,1
2021-03-22,38.06,38.39,36.77,37.88,15161365,38.06,38.39,36.77,37.88,15161365,0,1
2021-03-23,36.99,37.66,36.27,36.33,11786362,36.99,37.66,36.27,36.33,11786362,0,1
2021-03-24,36.24,36.24,30.72,30.85,31313250,36.24,36.24,30.72,30.85,31313250,0,1
2021-03-25,29.95,33.1,29.57,32.53,25407890,29.95,33.1,29.57,32.53,25407890,0,1
2021-03-26,31.58,33.05,31.08,32.14,16863722,31.58,33.05,31.08,32.14,16863722,0,1
2021-03-29,31.52,32.14,30.69,31.41,12743695,31.52,32.14,30.69,31.41,12743695,0,1
2021-03-30,30.99,33.82,30.96,33.82,20662586,30.99,33.82,30.96,33.82,20662586,0,1
2021-03-31,34.99,37,34.18,36.51,23285507,34.99,37,34.18,36.51,23285507,0,1
2021-04-01,38.87,39.24,36.65,36.95,17008034,38.87,39.24,36.65,36.95,17008034,0,1
2021-04-05,37.46,37.54,35.49,36.01,10133097,37.46,37.54,35.49,36.01,10133097,0,1
2021-04-06,35.9,37.47,35.32,37.01,9316373,35.9,37.47,35.32,37.01,9316373,0,1
2021-04-07,36.31,36.31,33.95,34.07,13035733,36.31,36.31,33.95,34.07,13035733,0,1
2021-04-08,34.89,35.77,34.47,35.45,8908251,34.89,35.77,34.47,35.45,8908251,0,1
2021-04-09,34.92,35.27,34.29,34.49,5522940,34.92,35.27,34.29,34.49,5522940,0,1
2021-04-12,34.9,36.14,33.7,33.99,11231236,34.9,36.14,33.7,33.99,11231236,0,1
2021-04-13,34.54,36.03,34.21,35.48,12183689,34.54,36.03,34.21,35.48,12183689,0,1
2021-04-14,35.85,35.95,32.69,32.89,19735182,35.85,35.95,32.69,32.89,19735182,0,1
2021-04-15,32.9565,32.96,30.59,31.4,21561479,32.9565,32.96,30.59,31.4,21561479,0,1
2021-04-16,30.78,31.04,30.35,30.92,13563003,30.78,31.04,30.35,30.92,13563003,0,1
2021-04-19,31.3,31.4,29.77,31.2,14845256,31.3,31.4,29.77,31.2,14845256,0,1
2021-04-20,31.3,31.84,30.35,31.27,7475398,31.3,31.84,30.35,31.27,7475398,0,1
2021-04-21,30.965,32.605,30.57,32.6,9432389,30.965,32.605,30.57,32.6,9432389,0,1
2021-04-22,32.62,33.18,31.68,32.37,11969857,32.62,33.18,31.68,32.37,11969857,0,1
2021-04-23,32.395,33.44,32.15,33.3,8924854,32.395,33.44,32.15,33.3,8924854,0,1
2021-04-26,33.5,33.59,32.23,33,12281206,33.5,33.59,32.23,33,12281206,0,1
2021-04-27,32.97,33.005,31.37,31.59,12001950,32.97,33.005,31.37,31.59,12001950,0,1
2021-04-28,31.46,32.2665,31.1,31.69,7992579,31.46,32.2665,31.1,31.69,7992579,0,1
2021-04-29,31.97,32.02,29.82,30.52,11607894,31.97,32.02,29.82,30.52,11607894,0,1
2021-04-30,29.9,31,29.43,29.91,14568379,29.9,31,29.43,29.91,14568379,0,1
2021-05-03,30.09,30.24,28.87,29.02,11035504,30.09,30.24,28.87,29.02,11035504,0,1
2021-05-04,28.37,29.15,27.67,28.97,14223875,28.37,29.15,27.67,28.97,14223875,0,1
2021-05-05,29.17,29.38,27.82,27.99,8074200,29.17,29.38,27.82,27.99,8074200,0,1
2021-05-06,27.64,28.2,25.77,26.38,18358664,27.64,28.2,25.77,26.38,18358664,0,1
2021-05-07,26.61,27.672,26.41,26.69,11595513,26.61,27.672,26.41,26.69,11595513,0,1
2021-05-10,26.81,26.81,25.02,25.46,13537334,26.81,26.81,25.02,25.46,13537334,0,1
2021-05-11,23.9,25.24,23,24.93,17145616,23.9,25.24,23,24.93,17145616,0,1
2021-05-12,24.87,25.67,24.53,24.76,16207910,24.87,25.67,24.53,24.76,16207910,0,1
2021-05-13,25.14,25.68,22.73,23.56,29007895,25.14,25.68,22.73,23.56,29007895,0,1
2021-05-14,24.01,25.99,23.87,25.7,14855170,24.01,25.99,23.87,25.7,14855170,0,1
2021-05-17,25.82,26.6,25.33,26.12,11281891,25.82,26.6,25.33,26.12,11281891,0,1
2021-05-18,26.5035,27.78,26.06,27.32,15116025,26.5035,27.78,26.06,27.32,15116025,0,1
2021-05-19,26.28,27.87,26.07,27.64,11093753,26.28,27.87,26.07,27.64,11093753,0,1
2021-05-20,28.04,29.38,27.84,28.8,14760942,28.04,29.38,27.84,28.8,14760942,0,1
2021-05-21,29.21,29.27,28.22,28.58,10035457,29.21,29.27,28.22,28.58,10035457,0,1
2021-05-24,28.61,29.54,27.69,29.13,10494047,28.61,29.54,27.69,29.13,10494047,0,1
2021-05-25,29.6,30.48,28.54,29.38,13389070,29.6,30.48,28.54,29.38,13389070,0,1
2021-05-26,29.9799,32.06,29.66,31.57,17681517,29.9799,32.06,29.66,31.57,17681517,0,1
2021-05-27,31.7,32.425,30.8304,32.39,29431764,31.7,32.425,30.8304,32.39,29431764,0,1
2021-05-28,32.17,33.09,31.85,32.13,9713253,32.17,33.09,31.85,32.13,9713253,0,1
2021-06-01,33.7,34.77,33.04,34.6,21612029,33.7,34.77,33.04,34.6,21612029,0,1
2021-06-02,34.5,36.23,34.15,35,17256712,34.5,36.23,34.15,35,17256712,0,1
2021-06-03,34.84,37.06,34.28,35.95,15989658,34.84,37.06,34.28,35.95,15989658,0,1
2021-06-04,36.37,37.725,35.9,37.11,13185864,36.37,37.725,35.9,37.11,13185864,0,1
2021-06-07,37.07,38.77,36.69,38.36,14478921,37.07,38.77,36.69,38.36,14478921,0,1
2021-06-08,38.97,40.16,38.69,39.65,21313520,38.97,40.16,38.69,39.65,21313520,0,1
2021-06-09,40.1,40.24,37.77,38.07,13997765,40.1,40.24,37.77,38.07,13997765,0,1
2021-06-10,38.2,39.17,38.03,38.61,9932320,38.2,39.17,38.03,38.61,9932320,0,1
2021-06-11,38.9,41.77,38.68,41.5,19326461,38.9,41.77,38.68,41.5,19326461,0,1
2021-06-14,41.94,43.2,41.45,42.6,14439140,41.94,43.2,41.45,42.6,14439140,0,1
2021-06-15,41.25,41.999,40.05,40.17,16102308,41.25,41.999,40.05,40.17,16102308,0,1
2021-06-16,38.87,41.2567,38.64,41.03,14564686,38.87,41.2567,38.64,41.03,14564686,0,1
2021-06-17,41.09,44.4,40.96,44.24,19008913,41.09,44.4,40.96,44.24,19008913,0,1
2021-06-18,44.64,45.75,44.43,45.23,34853142,44.64,45.75,44.43,45.23,34853142,0,1
2021-06-21,44.93,45,42.08,43.63,14259299,44.93,45,42.08,43.63,14259299,0,1
2021-06-22,42.45,43.55,39.71,39.99,24147353,42.45,43.55,39.71,39.99,24147353,0,1
2021-06-23,42.02,42.73,41.05,41.61,16889192,42.02,42.73,41.05,41.61,16889192,0,1
2021-06-24,42.2,42.27,40.16,40.95,14767790,42.2,42.27,40.16,40.95,14767790,0,1
2021-06-25,41.15,42.45,40.7721,42.16,11366535,41.15,42.45,40.7721,42.16,11366535,0,1
2021-06-28,42.4,45.53,42.36,45.31,16329373,42.4,45.53,42.36,45.31,16329373,0,1
2021-06-29,44.15,45.1,43.37,44.32,14390240,44.15,45.1,43.37,44.32,14390240,0,1
2021-06-30,43.23,44.78,43.03,44.42,22597426,43.23,44.78,43.03,44.42,22597426,0,1
2021-07-01,46.28,47.98,42.9,43.66,34419171,46.28,47.98,42.9,43.66,34419171,0,1
2021-07-02,43.81,44.12,41.51,43.74,17694968,43.81,44.12,41.51,43.74,17694968,0,1
2021-07-06,42.19,45.33,42.19,44.05,18127539,42.19,45.33,42.19,44.05,18127539,0,1
2021-07-07,43.36,44.25,40.42,41.47,28874441,43.36,44.25,40.42,41.47,28874441,0,1
2021-07-08,38.75,41.47,38.38,40,19139573,38.75,41.47,38.38,40,19139573,0,1
2021-07-09,40.36,40.69,38.87,39.92,11282621,40.36,40.69,38.87,39.92,11282621,0,1
2021-07-12,39.95,40.89,38.62,39.8,9265729,39.95,40.89,38.62,39.8,9265729,0,1
2021-07-13,39.7,40.31,38.51,39.19,8386460,39.7,40.31,38.51,39.19,8386460,0,1
2021-07-14,38.89,39.505,37.28,37.77,11170215,38.89,39.505,37.28,37.77,11170215,0,1
2021-07-15,37.49,39.3,36.92,38.51,11017097,37.49,39.3,36.92,38.51,11017097,0,1
2021-07-16,38.93,39.55,38.38,39.03,11318762,38.93,39.55,38.38,39.03,11318762,0,1
2021-07-19,38.18,39.9,37.21,39.72,10598743,38.18,39.9,37.21,39.72,10598743,0,1
2021-07-20,39.94,40.99,39.1,40.76,8123508,39.94,40.99,39.1,40.76,8123508,0,1
2021-07-21,41.62,44.42,41.365,43.87,18107757,41.62,44.42,41.365,43.87,18107757,0,1
2021-07-22,43.55,43.95,42.66,43.27,6905388,43.55,43.95,42.66,43.27,6905388,0,1
2021-07-23,41.99,42.0789,39.72,41,11475332,41.99,42.0789,39.72,41,11475332,0,1
2021-07-26,39.61,43.02,39.41,40.75,12377113,39.61,43.02,39.41,40.75,12377113,0,1
2021-07-27,39.34,39.83,33.86,34.7,38824168,39.34,39.83,33.86,34.7,38824168,0,1
2021-07-28,36.84,38.34,35.95,37.34,19808274,36.84,38.34,35.95,37.34,19808274,0,1
2021-07-29,38.92,39.26,37.47,38.1,9826445,38.92,39.26,37.47,38.1,9826445,0,1
2021-07-30,38.68,42.24,38.22,40.53,21732527,38.68,42.24,38.22,40.53,21732527,0,1
2021-08-02,42.5035,44.12,41.81,43.39,20832570,42.5035,44.12,41.81,43.39,20832570,0,1
2021-08-03,42.22,43.08,41.52,42.76,10996717,42.22,43.08,41.52,42.76,10996717,0,1
2021-08-04,44.17,45.13,43.4635,43.78,10470856,44.17,45.13,43.4635,43.78,10470856,0,1
2021-08-05,43,43.5322,42.12,42.75,6351242,43,43.5322,42.12,42.75,6351242,0,1
2021-08-06,42.91,43.07,40.37,41.22,8913326,42.91,43.07,40.37,41.22,8913326,0,1
2021-08-09,41.39,42.7929,41.11,42.37,6519951,41.39,42.7929,41.11,42.37,6519951,0,1
2021-08-10,42.61,43.69,41.88,42.33,5298218,42.61,43.69,41.88,42.33,5298218,0,1
2021-08-11,42.5,42.75,41.21,42.25,6232455,42.5,42.75,41.21,42.25,6232455,0,1
2021-08-12,41.56,41.56,39.88,41.02,5918857,41.56,41.56,39.88,41.02,5918857,0,1
2021-08-13,40,40.28,39.33,40.15,5607391,40,40.28,39.33,40.15,5607391,0,1
2021-08-16,38.61,38.88,37.06,37.51,9739867,38.61,38.88,37.06,37.51,9739867,0,1
2021-08-17,36.06,39.14,35.8,37.87,9006662,36.06,39.14,35.8,37.87,9006662,0,1
2021-08-18,38.46,40.37,38.01,39.5,8348263,38.46,40.37,38.01,39.5,8348263,0,1
2021-08-19,38.5,39.0891,37.5,37.57,6505831,38.5,39.0891,37.5,37.57,6505831,0,1
2021-08-20,38.02,39.95,37.9,38.69,7542749,38.02,39.95,37.9,38.69,7542749,0,1
2021-08-23,38.97,39.8,38.25,39.69,6839117,38.97,39.8,38.25,39.69,6839117,0,1
2021-08-24,40.19,40.78,39.61,40.55,7800146,40.19,40.78,39.61,40.55,7800146,0,1
2021-08-25,40.39,41.22,39.81,40.87,6770151,40.39,41.22,39.81,40.87,6770151,0,1
2021-08-26,40,42.45,39.85,40.62,12048113,40,42.45,39.85,40.62,12048113,0,1
2021-08-27,41.68,41.68,40.16,40.28,6821837,41.68,41.68,40.16,40.28,6821837,0,1
2021-08-30,40.45,40.85,39.02,40.75,6740815,40.45,40.85,39.02,40.75,6740815,0,1
2021-08-31,40.55,42.5,40.42,42.5,11999178,40.55,42.5,40.42,42.5,11999178,0,1
2021-09-01,41.1,42.0421,40.4823,40.78,11686449,41.1,42.0421,40.4823,40.78,11686449,0,1
2021-09-02,41.12,41.64,40.52,40.79,6850554,41.12,41.64,40.52,40.79,6850554,0,1
2021-09-03,40.58,40.62,39.36,39.75,6001410,40.58,40.62,39.36,39.75,6001410,0,1
2021-09-07,40.21,42.5,40.18,41.77,13189825,40.21,42.5,40.18,41.77,13189825,0,1
2021-09-08,40.7,40.95,38.74,39.26,13391784,40.7,40.95,38.74,39.26,13391784,0,1
2021-09-09,39.14,39.7385,38.05,39.37,5636822,39.14,39.7385,38.05,39.37,5636822,0,1
2021-09-10,39.67,40.65,38.44,38.54,7484019,39.67,40.65,38.44,38.54,7484019,0,1
2021-09-13,38.89,38.95,37.25,38.33,6863144,38.89,38.95,37.25,38.33,6863144,0,1
2021-09-14,38.3,39.4,38.03,38.44,5594386,38.3,39.4,38.03,38.44,5594386,0,1
2021-09-15,38.44,38.65,36.73,38.1,12015883,38.44,38.65,36.73,38.1,12015883,0,1
2021-09-16,37.4,38.01,36.95,37.59,5948318,37.4,38.01,36.95,37.59,5948318,0,1
2021-09-17,37.99,39.12,37.7,39.01,11160120,37.99,39.12,37.7,39.01,11160120,0,1
2021-09-20,37.5,37.71,36.01,36.59,8088530,37.5,37.71,36.01,36.59,8088530,0,1
2021-09-21,37,37.31,36.48,36.74,6686396,37,37.31,36.48,36.74,6686396,0,1
2021-09-22,37,37.53,36.6,36.95,5501241,37,37.53,36.6,36.95,5501241,0,1
2021-09-23,37,37.12,35.915,36.81,8485665,37,37.12,35.915,36.81,8485665,0,1
2021-09-24,36.47,36.86,35.24,35.34,5852195,36.47,36.86,35.24,35.34,5852195,0,1
2021-09-27,35.18,36.3,34.39,36.12,9133253,35.18,36.3,34.39,36.12,9133253,0,1
2021-09-28,36.07,36.25,34.58,34.67,5914061,36.07,36.25,34.58,34.67,5914061,0,1
2021-09-29,34.58,35.81,34.31,34.55,7095461,34.58,35.81,34.31,34.55,7095461,0,1
2021-09-30,35.03,36.11,34.8164,35.54,6461511,35.03,36.11,34.8164,35.54,6461511,0,1
2021-10-01,36.75,36.76,35.08,35.46,7770617,36.75,36.76,35.08,35.46,7770617,0,1
2021-10-04,35.18,35.2,33.52,34.11,6557236,35.18,35.2,33.52,34.11,6557236,0,1
2021-10-05,34.26,35.74,34.255,35.52,5425304,34.26,35.74,34.255,35.52,5425304,0,1
2021-10-06,34.85,36.1177,34.72,35.75,5469633,34.85,36.1177,34.72,35.75,5469633,0,1
2021-10-07,36.9,38.88,36.84,38.26,12748698,36.9,38.88,36.84,38.26,12748698,0,1
2021-10-08,38.4,38.48,37.34,37.66,4624220,38.4,38.48,37.34,37.66,4624220,0,1
2021-10-11,38,38.43,37.35,37.42,4319034,38,38.43,37.35,37.42,4319034,0,1
2021-10-12,37.75,38.39,37.2,37.71,5082501,37.75,38.39,37.2,37.71,5082501,0,1
2021-10-13,38.15,40,37.88,39.89,9307190,38.15,40,37.88,39.89,9307190,0,1
2021-10-14,39.11,40.2,38.83,39.39,5407677,39.11,40.2,38.83,39.39,5407677,0,1
2021-10-15,40.42,43,40.23,42.79,17186030,40.42,43,40.23,42.79,17186030,0,1
2021-10-18,42.22,43.845,41.61,43.21,9186238,42.22,43.845,41.61,43.21,9186238,0,1
2021-10-19,43.75,44.58,42.92,43.15,8054994,43.75,44.58,42.92,43.15,8054994,0,1
2021-10-20,42.8,43.29,42.11,42.94,5703222,42.8,43.29,42.11,42.94,5703222,0,1
2021-10-21,42.49,43.8937,42.28,43.5,5511163,42.49,43.8937,42.28,43.5,5511163,0,1
2021-10-22,43.64,44.5,42.89,43.14,7525395,43.64,44.5,42.89,43.14,7525395,0,1
2021-10-25,44.75,48.42,44.24,48.09,28325802,44.75,48.42,44.24,48.09,28325802,0,1
2021-10-26,47.39,49.4882,44.58,45.34,19877525,47.39,49.4882,44.58,45.34,19877525,0,1
2021-10-27,46.41,48.0699,45.77,45.9,11521271,46.41,48.0699,45.77,45.9,11521271,0,1
2021-10-28,47.23,47.84,45.22,46.24,9398341,47.23,47.84,45.22,46.24,9398341,0,1
2021-10-29,46,46.85,45.65,46.63,6551467,46,46.85,45.65,46.63,6551467,0,1
2021-11-01,48.7,49.55,46.8,47.87,20091805,48.7,49.55,46.8,47.87,20091805,0,1
2021-11-02,47.2,48.3,45.67,46.9,8736864,47.2,48.3,45.67,46.9,8736864,0,1
2021-11-03,46.5,46.85,45.75,46.64,5303832,46.5,46.85,45.75,46.64,5303832,0,1
2021-11-04,48,48.84,47.22,47.84,11693027,48,48.84,47.22,47.84,11693027,0,1
2021-11-05,48.07,48.08,45.76,46.39,9628343,48.07,48.08,45.76,46.39,9628343,0,1
2021-11-08,45.41,48.17,45.05,47.11,8396646,45.41,48.17,45.05,47.11,8396646,0,1
2021-11-09,46.93,47,44.13,44.3,9470555,46.93,47,44.13,44.3,9470555,0,1
2021-11-10,44.38,45.74,43.83,44.33,7692642,44.38,45.74,43.83,44.33,7692642,0,1
2021-11-11,45.7,47.95,45.01,47.58,8959758,45.7,47.95,45.01,47.58,8959758,0,1
2021-11-12,49,50.4,47.66,48.53,16563238,49,50.4,47.66,48.53,16563238,0,1
2021-11-15,48.53,49.04,46.88,47.5,6449491,48.53,49.04,46.88,47.5,6449491,0,1
2021-11-16,48.4,50.1,47.73,50,13366458,48.4,50.1,47.73,50,13366458,0,1
2021-11-17,50,50,47.84,48.3,8941516,50,50,47.84,48.3,8941516,0,1
2021-11-18,48.07,48.65,45.88,47.27,9414944,48.07,48.65,45.88,47.27,9414944,0,1
2021-11-19,47.46,48.32,46.35,46.89,7686247,47.46,48.32,46.35,46.89,7686247,0,1
2021-11-22,47.87,50,47.11,47.39,14876263,47.87,50,47.11,47.39,14876263,0,1
2021-11-23,49,54,47.5,51.3,36340017,49,54,47.5,51.3,36340017,0,1
2021-11-24,51.3,54.99,50.28,54.37,26702654,51.3,54.99,50.28,54.37,26702654,0,1
2021-11-26,51.63,52.84,50.1609,51.11,11333569,51.63,52.84,50.1609,51.11,11333569,0,1
2021-11-29,53.01,54,50.61,51.36,15403715,53.01,54,50.61,51.36,15403715,0,1
2021-11-30,51.2035,55.4,51.2,55,22751344,51.2035,55.4,51.2,55,22751344,0,1
2021-12-01,56.075,56.45,50.8,51.14,20798829,56.075,56.45,50.8,51.14,20798829,0,1
2021-12-02,52.5,53.92,44.81,48.29,24915155,52.5,53.92,44.81,48.29,24915155,0,1
2021-12-03,47.0501,48.25,42.78,43.8,29079895,47.0501,48.25,42.78,43.8,29079895,0,1
2021-12-06,44.5,46.49,41.15,46.28,19762213,44.5,46.49,41.15,46.28,19762213,0,1
2021-12-07,47.76,48.3652,46.06,47.4,12192925,47.76,48.3652,46.06,47.4,12192925,0,1
2021-12-08,48,48.36,46.14,47.88,7994892,48,48.36,46.14,47.88,7994892,0,1
2021-12-09,47.51,48.25,45.51,46.13,8557765,47.51,48.25,45.51,46.13,8557765,0,1
2021-12-10,45.8,47.18,45.34,46.83,6577550,45.8,47.18,45.34,46.83,6577550,0,1
2021-12-13,45.81,47.3,45.195,45.32,8210674,45.81,47.3,45.195,45.32,8210674,0,1
2021-12-14,43.81,44.89,43.19,44.47,9066987,43.81,44.89,43.19,44.47,9066987,0,1
2021-12-15,43.8,44.08,40.63,43.18,13773996,43.8,44.08,40.63,43.18,13773996,0,1
2021-12-16,43.93,44.19,41.8,42.27,7746742,43.93,44.19,41.8,42.27,7746742,0,1
2021-12-17,41.18,42.59,40.13,41.76,8422834,41.18,42.59,40.13,41.76,8422834,0,1
2021-12-20,40.3,40.79,38.42,39.44,10533118,40.3,40.79,38.42,39.44,10533118,0,1
2021-12-21,40.66,43.85,40.65,43.77,12240628,40.66,43.85,40.65,43.77,12240628,0,1
2021-12-22,42.81,45.85,42.621,45.74,8621144,42.81,45.85,42.621,45.74,8621144,0,1
2021-12-23,45.3,46.32,44.59,46.09,4684450,45.3,46.32,44.59,46.09,4684450,0,1
2021-12-27,45.76,46.8248,45.2,46.07,5352111,45.76,46.8248,45.2,46.07,5352111,0,1
2021-12-28,45.87,46.4,44.76,45.39,4559578,45.87,46.4,44.76,45.39,4559578,0,1
2021-12-29,45.25,45.4894,42.71,44.47,7476533,45.25,45.4894,42.71,44.47,7476533,0,1
2021-12-30,44.16,49.63,44.01,48.9,11373154,44.16,49.63,44.01,48.9,11373154,0,1
2021-12-31,48.43,51.14,48.365,50.33,9736141,48.43,51.14,48.365,50.33,9736141,0,1
2022-01-03,51.12,51.5,48.05,50.27,10896004,51.12,51.5,48.05,50.27,10896004,0,1
2022-01-04,49.78,49.95,46.07,47.6,10009570,49.78,49.95,46.07,47.6,10009570,0,1
2022-01-05,46.36,47.97,45.98,46.11,10182471,46.36,47.97,45.98,46.11,10182471,0,1
2022-01-06,46.22,47.56,45.26,46.66,6972990,46.22,47.56,45.26,46.66,6972990,0,1
2022-01-07,46.72,48.0036,44.18,45.05,10044714,46.72,48.0036,44.18,45.05,10044714,0,1
2022-01-10,44.43,44.43,40.4321,42.63,12708448,44.43,44.43,40.4321,42.63,12708448,0,1
2022-01-11,42.88,45.859,42.75,45.76,7448844,42.88,45.859,42.75,45.76,7448844,0,1
2022-01-12,46.9,48.48,46.36,48.38,11798952,46.9,48.48,46.36,48.38,11798952,0,1
2022-01-13,47.99,49.3,47.28,47.52,11268349,47.99,49.3,47.28,47.52,11268349,0,1
2022-01-14,47.99,49.72,47.2811,49.69,12121382,47.99,49.72,47.2811,49.69,12121382,0,1
2022-01-18,47.97,49.02,47.15,47.32,7181670,47.97,49.02,47.15,47.32,7181670,0,1
2022-01-19,47.3,47.7,43.8,43.8,9576278,47.3,47.7,43.8,43.8,9576278,0,1
2022-01-20,45,47.1,44.44,44.61,8602782,45,47.1,44.44,44.61,8602782,0,1
2022-01-21,44.01,44.01,41.63,41.81,9484079,44.01,44.01,41.63,41.81,9484079,0,1
2022-01-24,39.95,40.055,36.595,39.99,15051756,39.95,40.055,36.595,39.99,15051756,0,1
2022-01-25,38.79,39.83,37.43,38.01,8912099,38.79,39.83,37.43,38.01,8912099,0,1
2022-01-26,39.5,39.81,36.795,37.3,9687774,39.5,39.81,36.795,37.3,9687774,0,1
2022-01-27,36.905,36.905,32.51,32.61,17538599,36.905,36.905,32.51,32.61,17538599,0,1
2022-01-28,31.7,32.43,30.38,32.15,15158323,31.7,32.43,30.38,32.15,15158323,0,1
2022-01-31,33.84,35.38,32.62,35.09,13233470,33.84,35.38,32.62,35.09,13233470,0,1
2022-02-01,36.28,36.93,34.27,36.4,12985883,36.28,36.93,34.27,36.4,12985883,0,1
2022-02-02,36.02,36.4,34.73,35.8,6931960,36.02,36.4,34.73,35.8,6931960,0,1
2022-02-03,34.8,36.66,34.46,34.52,7304275,34.8,36.66,34.46,34.52,7304275,0,1
2022-02-04,35.5,37.7388,35,37.25,10681275,35.5,37.7388,35,37.25,10681275,0,1
2022-02-07,36.19,38.18,36.1114,36.86,6773285,36.19,38.18,36.1114,36.86,6773285,0,1
2022-02-08,36.52,37.25,35.56,37.17,8726487,36.52,37.25,35.56,37.17,8726487,0,1
2022-02-09,39.84,41.33,38.89,40.73,16398514,39.84,41.33,38.89,40.73,16398514,0,1
2022-02-10,39.22,40.31,38.55,38.92,9177098,39.22,40.31,38.55,38.92,9177098,0,1
2022-02-11,38.9,39.35,36.61,37.27,8371251,38.9,39.35,36.61,37.27,8371251,0,1
2022-02-14,36.46,38.03,36.2935,37.01,6644360,36.46,38.03,36.2935,37.01,6644360,0,1
2022-02-15,38.25,40.09,37.72,40.06,7314832,38.25,40.09,37.72,40.06,7314832,0,1
2022-02-16,39.2,39.48,38.4158,39.15,5892293,39.2,39.48,38.4158,39.15,5892293,0,1
2022-02-17,39.48,40.86,39.16,39.36,8041649,39.48,40.86,39.16,39.36,8041649,0,1
2022-02-18,39.77,39.79,37.39,37.89,8184636,39.77,39.79,37.39,37.89,8184636,0,1
2022-02-22,36.23,36.918,34.08,34.77,11782385,36.23,36.918,34.08,34.77,11782385,0,1
2022-02-23,35.81,36.11,33.8,34.21,10980178,35.81,36.11,33.8,34.21,10980178,0,1
2022-02-24,31.1985,34.85,30.93,34.56,11893464,31.1985,34.85,30.93,34.56,11893464,0,1
2022-02-25,35.06,35.32,33.36,35.03,8169108,35.06,35.32,33.36,35.03,8169108,0,1
2022-02-28,34.78,36.52,34.4,36.37,9763288,34.78,36.52,34.4,36.37,9763288,0,1
2022-03-01,35.64,36.09,33.62,33.84,10832797,35.64,36.09,33.62,33.84,10832797,0,1
2022-03-02,34.16,34.98,33.4,34.42,9738971,34.16,34.98,33.4,34.42,9738971,0,1
2022-03-03,34.5,34.5,30.62,31.26,17168057,34.5,34.5,30.62,31.26,17168057,0,1
2022-03-04,30.91,31.49,29.3556,29.53,10929690,30.91,31.49,29.3556,29.53,10929690,0,1
2022-03-07,29.19,29.95,26.9501,27.21,19520230,29.19,29.95,26.9501,27.21,19520230,0,1
2022-03-08,26.34,27,25.44,25.98,18713922,26.34,27,25.44,25.98,18713922,0,1
2022-03-09,27.29,29.19,27.14,28.65,12201262,27.29,29.19,27.14,28.65,12201262,0,1
2022-03-10,27.21,27.55,25.33,26.07,14539244,27.21,27.55,25.33,26.07,14539244,0,1
2022-03-11,26.83,26.94,22.6201,22.91,24734328,26.83,26.94,22.6201,22.91,24734328,0,1
2022-03-14,20.02,21.8,18.01,19.75,31384477,20.02,21.8,18.01,19.75,31384477,0,1
2022-03-15,19.2,21.9,18.83,21.25,23678070,19.2,21.9,18.83,21.25,23678070,0,1
2022-03-16,25.71,27.845,24.51,27.53,34514997,25.71,27.845,24.51,27.53,34514997,0,1
2022-03-17,25.28,25.82,23.8,24.97,23720955,25.28,25.82,23.8,24.97,23720955,0,1
2022-03-18,25.31,29.64,24.97,28.77,27638526,25.31,29.64,24.97,28.77,27638526,0,1
2022-03-21,27.8,28.79,26.455,27.32,14811206,27.8,28.79,26.455,27.32,14811206,0,1
2022-03-22,28.1165,29.28,27.61,29.01,14274317,28.1165,29.28,27.61,29.01,14274317,0,1
2022-03-23,28.12,30.2364,27.82,29.08,14885035,28.12,30.2364,27.82,29.08,14885035,0,1
2022-03-24,29.08,29.27,27.406,29.26,12147879,29.08,29.27,27.406,29.26,12147879,0,1
2022-03-25,27.5,28.19,26.45,27.05,13922951,27.5,28.19,26.45,27.05,13922951,0,1
2022-03-28,27.38,28.16,26.08,27.13,19134994,27.38,28.16,26.08,27.13,19134994,0,1
2022-03-29,27.67,28.565,27.24,28.2,13725517,27.67,28.565,27.24,28.2,13725517,0,1
2022-03-30,28.885,30.95,28.3,28.44,19172663,28.885,30.95,28.3,28.44,19172663,0,1
2022-03-31,28.46,28.52,27.2,27.59,9221114,28.46,28.52,27.2,27.59,9221114,0,1
2022-04-01,30,30.15,28.23,29.19,14765786,30,30.15,28.23,29.19,14765786,0,1
2022-04-04,30.8,31.56,29.94,31.4,15893087,30.8,31.56,29.94,31.4,15893087,0,1
2022-04-05,31,31.38,29.25,29.41,10494072,31,31.38,29.25,29.41,10494072,0,1
2022-04-06,28.86,29.24,27.54,28.95,9102118,28.86,29.24,27.54,28.95,9102118,0,1
2022-04-07,28.8,29.0056,27.12,28.15,9354405,28.8,29.0056,27.12,28.15,9354405,0,1
2022-04-08,27.86,28.06,26.93,27.19,6554219,27.86,28.06,26.93,27.19,6554219,0,1
2022-04-11,25.47,26.99,24.75,26.6,10419201,25.47,26.99,24.75,26.6,10419201,0,1
2022-04-12,26.47,27.16,25,25.78,9710799,26.47,27.16,25,25.78,9710799,0,1
2022-04-13,26.49,27.95,25.902,27.66,9296320,26.49,27.95,25.902,27.66,9296320,0,1
2022-04-14,26.9,27.59,26.79,26.93,5618734,26.9,27.59,26.79,26.93,5618734,0,1
2022-04-18,26.51,26.78,25.6,26.46,6588153,26.51,26.78,25.6,26.46,6588153,0,1
2022-04-19,26.34,27.4,25.49,27.36,6010666,26.34,27.4,25.49,27.36,6010666,0,1
2022-04-20,26.62,26.74,24.815,24.87,9929336,26.62,26.74,24.815,24.87,9929336,0,1
2022-04-21,25.56,25.83,23.52,23.84,9715340,25.56,25.83,23.52,23.84,9715340,0,1
2022-04-22,24.15,25.4689,23.85,23.87,7970967,24.15,25.4689,23.85,23.87,7970967,0,1
2022-04-25,23.19,24.63,22.85,24.21,8777305,23.19,24.63,22.85,24.21,8777305,0,1
2022-04-26,24.12,24.48,22.39,22.71,8947602,24.12,24.48,22.39,22.71,8947602,0,1
2022-04-27,23.55,25.105,23.31,23.72,10610640,23.55,25.105,23.31,23.72,10610640,0,1
2022-04-28,24.4,24.56,22.47,24.08,8793556,24.4,24.56,22.47,24.08,8793556,0,1
2022-04-29,25.81,26.23,24.56,24.61,10900353,25.81,26.23,24.56,24.61,10900353,0,1
2022-05-02,24.34,25.72,24.07,25.39,7735157,24.34,25.72,24.07,25.39,7735157,0,1
2022-05-03,25.42,26.23,25.09,25.62,6929027,25.42,26.23,25.09,25.62,6929027,0,1
2022-05-04,25.1,26.95,24.76,26.72,7204261,25.1,26.95,24.76,26.72,7204261,0,1
2022-05-05,25.9,25.96,22.64,23.11,11849910,25.9,25.96,22.64,23.11,11849910,0,1
2022-05-06,23.2555,23.55,21.91,22.28,9088347,23.2555,23.55,21.91,22.28,9088347,0,1
2022-05-09,21.43,21.43,19.95,20.04,10934598,21.43,21.43,19.95,20.04,10934598,0,1
2022-05-10,21.28,22.02,19.51,20.27,8962541,21.28,22.02,19.51,20.27,8962541,0,1
2022-05-11,21.28,21.8,19.66,19.82,14199472,21.28,21.8,19.66,19.82,14199472,0,1
2022-05-12,19.61,21.39,18.35,20.5,14600383,19.61,21.39,18.35,20.5,14600383,0,1
2022-05-13,21.64,23.12,21.5501,22.82,10244671,21.64,23.12,21.5501,22.82,10244671,0,1
2022-05-16,22.9,23.9199,22.43,22.64,8152655,22.9,23.9199,22.43,22.64,8152655,0,1
2022-05-17,23.94,24.87,23.03,23.95,9529850,23.94,24.87,23.03,23.95,9529850,0,1
2022-05-18,23.25,24.78,22.81,23.04,10271013,23.25,24.78,22.81,23.04,10271013,0,1
2022-05-19,23.68,24.56,23.44,23.61,10703298,23.68,24.56,23.44,23.61,10703298,0,1
2022-05-20,24.83,25.14,22.53,23.27,15305566,24.83,25.14,22.53,23.27,15305566,0,1
2022-05-23,22.45,22.69,21.33,21.98,15629816,22.45,22.69,21.33,21.98,15629816,0,1
2022-05-24,21,21.31,19.9,20.32,11913763,21,21.31,19.9,20.32,11913763,0,1
2022-05-25,20.93,21.32,20.06,20.52,8690573,20.93,21.32,20.06,20.52,8690573,0,1
2022-05-26,20.39,22.27,20.3,22.08,7915916,20.39,22.27,20.3,22.08,7915916,0,1
2022-05-27,21.85,22.8,21.19,22.5,8582087,21.85,22.8,21.19,22.5,8582087,0,1
2022-05-31,23.68,24.19,23.04,23.5,14192313,23.68,24.19,23.04,23.5,14192313,0,1
2022-06-01,23.65,24.07,22.51,22.92,10649520,23.65,24.07,22.51,22.92,10649520,0,1
2022-06-02,22.96,25.23,22.635,25.15,12336563,22.96,25.23,22.635,25.15,12336563,0,1
2022-06-03,24.39,24.87,23.84,23.97,6019145,24.39,24.87,23.84,23.97,6019145,0,1
2022-06-06,25.37,25.68,24.2,25.21,11097304,25.37,25.68,24.2,25.21,11097304,0,1
2022-06-07,24.88,26.22,24.45,26.12,8254399,24.88,26.22,24.45,26.12,8254399,0,1
2022-06-08,26.8,27.755,26.35,27.53,14003425,26.8,27.755,26.35,27.53,14003425,0,1
2022-06-09,25.9,26.82,25.42,26.01,11792194,25.9,26.82,25.42,26.01,11792194,0,1
2022-06-10,26.84,27.4,25.71,25.81,11064719,26.84,27.4,25.71,25.81,11064719,0,1
2022-06-13,24.93,25.44,23.57,23.95,8802230,24.93,25.44,23.57,23.95,8802230,0,1
2022-06-14,24.9,26.4599,24.77,25.75,12202500,24.9,26.4599,24.77,25.75,12202500,0,1
2022-06-15,26.68,27.35,25.85,27,10213757,26.68,27.35,25.85,27,10213757,0,1
2022-06-16,25.49,26.48,25.1707,25.66,6417966,25.49,26.48,25.1707,25.66,6417966,0,1
2022-06-17,27.01,28.65,26.85,28.17,18633907,27.01,28.65,26.85,28.17,18633907,0,1
2022-06-21,29.5,30.67,29.2,30.09,15265188,29.5,30.67,29.2,30.09,15265188,0,1
2022-06-22,30.13,31.66,29.56,30.58,12902209,30.13,31.66,29.56,30.58,12902209,0,1
2022-06-23,32.64,33.06,31.54,32.97,14331546,32.64,33.06,31.54,32.97,14331546,0,1
2022-06-24,34.47,35.35,33.835,35.29,15311605,34.47,35.35,33.835,35.29,15311605,0,1
2022-06-27,34.07,34.9,33.82,34.4,9821961,34.07,34.9,33.82,34.4,9821961,0,1
2022-06-28,33.54,34.2,32.3,32.66,14149815,33.54,34.2,32.3,32.66,14149815,0,1
2022-06-29,30.99,32.61,30.83,32.1,10363329,30.99,32.61,30.83,32.1,10363329,0,1
2022-06-30,31.89,32.44,30.4,31.74,9701999,31.89,32.44,30.4,31.74,9701999,0,1
2022-07-01,32.87,33.02,29.55,30.28,12633021,32.87,33.02,29.55,30.28,12633021,0,1
2022-07-05,30.03,32.22,29.61,32.13,8515701,30.03,32.22,29.61,32.13,8515701,0,1
2022-07-06,31.59,31.93,30.15,30.74,7738812,31.59,31.93,30.15,30.74,7738812,0,1
2022-07-07,32.01,33.56,31.81,32.44,10046545,32.01,33.56,31.81,32.44,10046545,0,1
2022-07-08,31.8,32.75,31.3,32.13,6706444,31.8,32.75,31.3,32.13,6706444,0,1
2022-07-11,30.77,30.89,29.08,29.25,8951242,30.77,30.89,29.08,29.25,8951242,0,1
2022-07-12,28.92,29.68,28.51,29.23,5489696,28.92,29.68,28.51,29.23,5489696,0,1
2022-07-13,28.7,30.12,28.19,29.77,5555306,28.7,30.12,28.19,29.77,5555306,0,1
2022-07-14,29.96,30.4445,29.15,29.96,6770592,29.96,30.4445,29.15,29.96,6770592,0,1
2022-07-15,29.48,29.63,28.6,29.54,6392525,29.48,29.63,28.6,29.54,6392525,0,1
2022-07-18,28.95,29.34,28.08,28.2,14971894,28.95,29.34,28.08,28.2,14971894,0,1
2022-07-19,28,28.02,26.43,27.14,12437403,28,28.02,26.43,27.14,12437403,0,1
2022-07-20,26.6,27.46,26.46,26.74,8712626,26.6,27.46,26.46,26.74,8712626,0,1
2022-07-21,26.51,27.25,26.32,26.89,8031646,26.51,27.25,26.32,26.89,8031646,0,1
2022-07-22,26.45,26.78,24.36,24.92,13418941,26.45,26.78,24.36,24.92,13418941,0,1
2022-07-25,24.53,24.82,24,24.5,6952757,24.53,24.82,24,24.5,6952757,0,1
2022-07-26,24.99,25.61,24.01,24.39,8934179,24.99,25.61,24.01,24.39,8934179,0,1
2022-07-27,24.49,24.9599,23.9,24.87,5758263,24.49,24.9599,23.9,24.87,5758263,0,1
2022-07-28,24.45,24.9638,23.67,24.27,7911686,24.45,24.9638,23.67,24.27,7911686,0,1
2022-07-29,23.54,24.58,23.27,24.43,7608512,23.54,24.58,23.27,24.43,7608512,0,1
2022-08-01,24.96,25.17,24.11,24.47,13837721,24.96,25.17,24.11,24.47,13837721,0,1
2022-08-02,23.52,25.2799,23.08,24.15,13410130,23.52,25.2799,23.08,24.15,13410130,0,1
2022-08-03,23.6,23.7,22.03,22.99,20360400,23.6,23.7,22.03,22.99,20360400,0,1
2022-08-04,23.19,24.7,23.1,24.09,13135594,23.19,24.7,23.1,24.09,13135594,0,1
2022-08-05,23.64,23.9,22.96,23.33,6644812,23.64,23.9,22.96,23.33,6644812,0,1
2022-08-08,23.39,23.8299,23.02,23.06,7216865,23.39,23.8299,23.02,23.06,7216865,0,1
2022-08-09,23.32,23.71,22.14,22.69,10393156,23.32,23.71,22.14,22.69,10393156,0,1
2022-08-10,23.11,23.11,22.04,22.9,10013979,23.11,23.11,22.04,22.9,10013979,0,1
2022-08-11,23.58,25.91,23.21,24.61,19558521,23.58,25.91,23.21,24.61,19558521,0,1
2022-08-12,23.67,24.48,23.38,24.41,8128410,23.67,24.48,23.38,24.41,8128410,0,1
2022-08-15,23.425,23.61,22.64,23.5,14502894,23.425,23.61,22.64,23.5,14502894,0,1
2022-08-16,23.15,23.2,22.21,22.91,12900061,23.15,23.2,22.21,22.91,12900061,0,1
2022-08-17,22.7,23.09,22.3,22.37,6036180,22.7,23.09,22.3,22.37,6036180,0,1
2022-08-18,22.17,22.23,21.64,22.06,6875016,22.17,22.23,21.64,22.06,6875016,0,1
2022-08-19,21.75,21.76,21.12,21.24,6758851,21.75,21.76,21.12,21.24,6758851,0,1
2022-08-22,21.36,21.6499,20.931,21,8727699,21.36,21.6499,20.931,21,8727699,0,1
2022-08-23,19.82,19.86,18.18,18.73,28802151,19.82,19.86,18.18,18.73,28802151,0,1
2022-08-24,18.53,19.92,18.5,19.08,11497544,18.53,19.92,18.5,19.08,11497544,0,1
2022-08-25,19.37,19.93,18.59,19.44,19912509,19.37,19.93,18.59,19.44,19912509,0,1
2022-08-26,20.35,20.4,18.58,18.92,16062418,20.35,20.4,18.58,18.92,16062418,0,1
2022-08-29,18.65,19.2,18.335,18.51,9428079,18.65,19.2,18.335,18.51,9428079,0,1
2022-08-30,18.28,18.6,17.95,18.26,14484259,18.28,18.6,17.95,18.26,14484259,0,1
2022-08-31,18.74,19.12,18.1,18.52,12882947,18.74,19.12,18.1,18.52,12882947,0,1
2022-09-01,18,18.06,16.91,17.33,16912652,18,18.06,16.91,17.33,16912652,0,1
2022-09-02,16.98,17.14,16.61,16.74,12415185,16.98,17.14,16.61,16.74,12415185,0,1
2022-09-06,16.47,16.57,15.71,15.9,16935419,16.47,16.57,15.71,15.9,16935419,0,1
2022-09-07,15.75,16.53,15.6301,16,14641451,15.75,16.53,15.6301,16,14641451,0,1
2022-09-08,15.57,15.68,15.07,15.6,17709149,15.57,15.68,15.07,15.6,17709149,0,1
2022-09-09,16.26,16.56,16,16.03,12691879,16.26,16.56,16,16.03,12691879,0,1
2022-09-12,16.55,16.64,15.98,16.36,21170065,16.55,16.64,15.98,16.36,21170065,0,1
2022-09-13,15.79,16.56,15.68,16.14,20166738,15.79,16.56,15.68,16.14,20166738,0,1
2022-09-14,15.9,16.235,15.465,16.02,16809262,15.9,16.235,15.465,16.02,16809262,0,1
2022-09-15,15.67,16.2,15.405,15.51,15506289,15.67,16.2,15.405,15.51,15506289,0,1
2022-09-16,15.23,15.3,14.5001,14.56,26605224,15.23,15.3,14.5001,14.56,26605224,0,1
2022-09-19,14.3,15.725,14.29,15.64,18193126,14.3,15.725,14.29,15.64,18193126,0,1
2022-09-20,15.77,16.44,15.44,15.93,15856012,15.77,16.44,15.44,15.93,15856012,0,1
2022-09-21,15.46,15.49,13.92,14.09,41645459,15.46,15.49,13.92,14.09,41645459,0,1
2022-09-22,13.73,14.6,13.4,13.74,23320120,13.73,14.6,13.4,13.74,23320120,0,1
2022-09-23,13.09,13.892,12.86,13.71,28279649,13.09,13.892,12.86,13.71,28279649,0,1
2022-09-26,14.28,14.83,14.07,14.37,27891287,14.28,14.83,14.07,14.37,27891287,0,1
2022-09-27,14.58,14.8001,13.58,13.71,21160840,14.58,14.8001,13.58,13.71,21160840,0,1
2022-09-28,13.05,13.421,12.69,13.33,31799376,13.05,13.421,12.69,13.33,31799376,0,1
2022-09-29,12.55,12.85,11.85,12.11,33117344,12.55,12.85,11.85,12.11,33117344,0,1
2022-09-30,11.39,12.28,11.32,11.95,21193093,11.39,12.28,11.32,11.95,21193093,0,1
2022-10-03,11.87,11.93,11.42,11.73,22300286,11.87,11.93,11.42,11.73,22300286,0,1
2022-10-04,12.15,12.38,11.815,11.98,22802659,12.15,12.38,11.815,11.98,22802659,0,1
2022-10-05,11.53,11.55,10.6701,10.99,38984764,11.53,11.55,10.6701,10.99,38984764,0,1
2022-10-06,10.99,11.19,10.4,10.56,22461915,10.99,11.19,10.4,10.56,22461915,0,1
2022-10-07,10.3,10.44,9.86,9.89,22676855,10.3,10.44,9.86,9.89,22676855,0,1
2022-10-10,9.65,9.73,9.345,9.54,22884041,9.65,9.73,9.345,9.54,22884041,0,1
2022-10-11,9.47,10.058,9.185,9.41,30129486,9.47,10.058,9.185,9.41,30129486,0,1
2022-10-12,9.65,10.18,9.365,9.55,22798981,9.65,10.18,9.365,9.55,22798981,0,1
2022-10-13,8.9,9.3,8.515,9.13,25180483,8.9,9.3,8.515,9.13,25180483,0,1
2022-10-14,9.21,9.34,8.15,8.38,31346905,9.21,9.34,8.15,8.38,31346905,0,1
2022-10-17,8.72,8.84,8.46,8.62,16314544,8.72,8.84,8.46,8.62,16314544,0,1
2022-10-18,9.06,9.24,8.51,8.6,19094528,9.06,9.24,8.51,8.6,19094528,0,1
2022-10-19,8.11,8.12,7.51,7.67,34163319,8.11,8.12,7.51,7.67,34163319,0,1
2022-10-20,7.77,8.23,7.74,7.94,31671352,7.77,8.23,7.74,7.94,31671352,0,1
2022-10-21,7.8,8.21,7.61,8.13,21934412,7.8,8.21,7.61,8.13,21934412,0,1
2022-10-24,7.25,7.27,6.25,7.16,60411386,7.25,7.27,6.25,7.16,60411386,0,1
2022-10-25,7.35,7.99,7.27,7.94,33409426,7.35,7.99,7.27,7.94,33409426,0,1
2022-10-26,7.87,8.525,7.84,8.19,34750085,7.87,8.525,7.84,8.19,34750085,0,1
2022-10-27,7.83,7.875,7.28,7.36,30790812,7.83,7.875,7.28,7.36,30790812,0,1
2022-10-28,6.67,6.89,6.5,6.89,38054172,6.67,6.89,6.5,6.89,38054172,0,1
2022-10-31,6.56,6.85,6.47,6.62,27737819,6.56,6.85,6.47,6.62,27737819,0,1
2022-11-01,6.92,6.96,6.33,6.41,39135603,6.92,6.96,6.33,6.41,39135603,0,1
2022-11-02,6.5,6.97,6.18,6.6,49040530,6.5,6.97,6.18,6.6,49040530,0,1
2022-11-03,6.44,6.995,6.4,6.86,23702251,6.44,6.995,6.4,6.86,23702251,0,1
2022-11-04,8.03,8.24,7.65,7.88,60282201,8.03,8.24,7.65,7.88,60282201,0,1
2022-11-07,8.32,8.8685,7.72,7.91,48472811,8.32,8.8685,7.72,7.91,48472811,0,1
2022-11-08,7.71,7.96,7.38,7.82,23536077,7.71,7.96,7.38,7.82,23536077,0,1
2022-11-09,7.22,7.31,6.63,6.67,27736803,7.22,7.31,6.63,6.67,27736803,0,1
2022-11-10,7.45,7.5,6.95,7.04,37479000,7.45,7.5,6.95,7.04,37479000,0,1
2022-11-11,7.46,8.595,7.2,8.49,63424729,7.46,8.595,7.2,8.49,63424729,0,1
2022-11-14,9.04,9.16,8.25,8.64,56330646,9.04,9.16,8.25,8.64,56330646,0,1
2022-11-15,9.39,9.55,8.76,9.02,54165606,9.39,9.55,8.76,9.02,54165606,0,1
2022-11-16,8.67,8.799,7.83,8.03,41186180,8.67,8.799,7.83,8.03,41186180,0,1
2022-11-17,8.01,8.05,7.53,8,47052272,8.01,8.05,7.53,8,47052272,0,1
2022-11-18,7.89,8.22,7.62,7.76,26596874,7.89,8.22,7.62,7.76,26596874,0,1
2022-11-21,7.54,7.54,7.1,7.32,25768003,7.54,7.54,7.1,7.32,25768003,0,1
2022-11-22,7.08,7.175,6.93,7.03,20911584,7.08,7.175,6.93,7.03,20911584,0,1
2022-11-23,7.19,7.49,7.16,7.31,22787363,7.19,7.49,7.16,7.31,22787363,0,1
2022-11-25,7.04,7.09,6.82,7.07,11975635,7.04,7.09,6.82,7.07,11975635,0,1
2022-11-28,6.9,7.31,6.88,6.89,18354706,6.9,7.31,6.88,6.89,18354706,0,1
2022-11-29,7.28,7.62,7.19,7.34,34913963,7.28,7.62,7.19,7.34,34913963,0,1
2022-11-30,8.54,10.955,8.53,10.81,173509600,8.54,10.955,8.53,10.81,173509600,0,1
2022-12-01,10.08,10.22,9.67,9.97,45221739,10.08,10.22,9.67,9.97,45221739,0,1
2022-12-02,10.08,12.88,10.08,11.45,94894931,10.08,12.88,10.08,11.45,94894931,0,1
2022-12-05,12.96,13.1,10.88,11.34,67357521,12.96,13.1,10.88,11.34,67357521,0,1
2022-12-06,11.55,12.36,11.26,11.69,50168402,11.55,12.36,11.26,11.69,50168402,0,1
2022-12-07,11.02,11.08,10.35,11,34072497,11.02,11.08,10.35,11,34072497,0,1
2022-12-08,11.65,12.05,11.08,11.82,36408093,11.65,12.05,11.08,11.82,36408093,0,1
2022-12-09,11.44,11.49,10.93,10.94,28229949,11.44,11.49,10.93,10.94,28229949,0,1
2022-12-12,10.29,10.58,10.04,10.47,20614878,10.29,10.58,10.04,10.47,20614878,0,1
2022-12-13,11.01,11.39,10.12,10.31,25946797,11.01,11.39,10.12,10.31,25946797,0,1
2022-12-14,10.22,10.43,9.93,10.19,21640338,10.22,10.43,9.93,10.19,21640338,0,1
2022-12-15,10.685,10.85,10.04,10.13,22494214,10.685,10.85,10.04,10.13,22494214,0,1
2022-12-16,10.55,11.145,10.3,10.3,25982847,10.55,11.145,10.3,10.3,25982847,0,1
2022-12-19,10.4,10.4,9.36,9.66,28675607,10.4,10.4,9.36,9.66,28675607,0,1
2022-12-20,9.25,10.3,9.23,10.19,26627235,9.25,10.3,9.23,10.19,26627235,0,1
2022-12-21,9.99,11.33,9.91,11.3,26714496,9.99,11.33,9.91,11.3,26714496,0,1
2022-12-22,11.18,11.25,10.29,10.83,20323733,11.18,11.25,10.29,10.83,20323733,0,1
2022-12-23,10.71,10.75,10,10.06,15949492,10.71,10.75,10,10.06,15949492,0,1
2022-12-27,9.89,9.93,9.46,9.8,18615307,9.89,9.93,9.46,9.8,18615307,0,1
2022-12-28,9.72,9.97,9.24,9.39,16766655,9.72,9.97,9.24,9.39,16766655,0,1
2022-12-29,9.75,10.05,9.54,9.88,15350141,9.75,10.05,9.54,9.88,15350141,0,1
2022-12-30,9.73,10.09,9.66,9.94,11719259,9.73,10.09,9.66,9.94,11719259,0,1
2023-01-03,10.63,10.97,9.73,10.18,27129674,10.63,10.97,9.73,10.18,27129674,0,1
2023-01-04,10.57,11.965,10.31,11.56,31419607,10.57,11.965,10.31,11.56,31419607,0,1
2023-01-05,11.12,12.09,11.06,11.9,21958423,11.12,12.09,11.06,11.9,21958423,0,1
2023-01-06,10.525,10.58,9.85,10.11,41106665,10.525,10.58,9.85,10.11,41106665,0,1
2023-01-09,10.29,10.48,9.9,9.91,24729530,10.29,10.48,9.9,9.91,24729530,0,1
2023-01-10,10.38,10.41,9.85,10.09,22326017,10.38,10.41,9.85,10.09,22326017,0,1
2023-01-11,9.88,10.03,9.54,10.01,22349480,9.88,10.03,9.54,10.01,22349480,0,1
2023-01-12,9.86,10.17,9.55,10.11,19037776,9.86,10.17,9.55,10.11,19037776,0,1
2023-01-13,9.63,10.08,9.63,9.99,14824443,9.63,10.08,9.63,9.99,14824443,0,1
2023-01-17,9.53,9.5899,9.11,9.36,24980377,9.53,9.5899,9.11,9.36,24980377,0,1
2023-01-18,9.45,9.61,9.06,9.11,18357218,9.45,9.61,9.06,9.11,18357218,0,1
2023-01-19,9.12,9.32,8.855,8.95,15296014,9.12,9.32,8.855,8.95,15296014,0,1
2023-01-20,9.21,9.88,9.03,9.4,20213109,9.21,9.88,9.03,9.4,20213109,0,1
2023-01-23,9.62,10.67,9.6,10.1,28341605,9.62,10.67,9.6,10.1,28341605,0,1
2023-01-24,10.67,10.67,9.68,9.69,14729601,10.67,10.67,9.68,9.69,14729601,0,1
2023-01-25,9.55,9.85,9.38,9.77,10482054,9.55,9.85,9.38,9.77,10482054,0,1
2023-01-26,10.45,10.46,9.97,10.24,16775421,10.45,10.46,9.97,10.24,16775421,0,1
2023-01-27,10.16,11.31,10.06,10.69,28056271,10.16,11.31,10.06,10.69,28056271,0,1
2023-01-30,10.32,10.42,9.87,10.02,19064645,10.32,10.42,9.87,10.02,19064645,0,1
2023-01-31,10.2,10.8199,10.0814,10.64,21769391,10.2,10.8199,10.0814,10.64,21769391,0,1
2023-02-01,10.96,11.3,10.6,11.13,20500384,10.96,11.3,10.6,11.13,20500384,0,1
2023-02-02,11.25,11.55,10.91,11.05,20385309,11.25,11.55,10.91,11.05,20385309,0,1
2023-02-03,10.77,11.26,10.4201,10.5,15553547,10.77,11.26,10.4201,10.5,15553547,0,1
2023-02-06,10.21,10.5,10.1057,10.45,9651504,10.21,10.5,10.1057,10.45,9651504,0,1
2023-02-07,10.44,10.48,10.03,10.34,9651262,10.44,10.48,10.03,10.34,9651262,0,1
2023-02-08,10.09,10.18,9.75,9.84,13784983,10.09,10.18,9.75,9.84,13784983,0,1
2023-02-09,10.27,10.4,9.55,9.75,17616507,10.27,10.4,9.55,9.75,17616507,0,1
2023-02-10,9.39,9.55,9.105,9.29,12434845,9.39,9.55,9.105,9.29,12434845,0,1
2023-02-13,9.66,9.7485,9.34,9.46,9916645,9.66,9.7485,9.34,9.46,9916645,0,1
2023-02-14,9.32,9.51,9.06,9.44,9826133,9.32,9.51,9.06,9.44,9826133,0,1
2023-02-15,9.0901,9.45,9.08,9.43,11292673,9.0901,9.45,9.08,9.43,11292673,0,1
2023-02-16,9.41,9.85,9.38,9.7,13636754,9.41,9.85,9.38,9.7,13636754,0,1
2023-02-17,9.45,9.705,9.34,9.53,9025823,9.45,9.705,9.34,9.53,9025823,0,1
2023-02-21,9.43,9.64,9.19,9.22,8544606,9.43,9.64,9.19,9.22,8544606,0,1
2023-02-22,9.23,9.305,9.03,9.21,6454329,9.23,9.305,9.03,9.21,6454329,0,1
2023-02-23,9.21,9.235,8.7341,9.05,11596226,9.21,9.235,8.7341,9.05,11596226,0,1
2023-02-24,8.74,8.75,8.22,8.4,17792703,8.74,8.75,8.22,8.4,17792703,0,1
2023-02-27,8.835,8.91,8.44,8.6,13172978,8.835,8.91,8.44,8.6,13172978,0,1
2023-02-28,8.75,9.18,8.72,8.92,14581438,8.75,9.18,8.72,8.92,14581438,0,1
2023-03-01,9.21,9.25,8.67,8.86,12896046,9.21,9.25,8.67,8.86,12896046,0,1
2023-03-02,8.95,9.385,8.775,9.33,12896657,8.95,9.385,8.775,9.33,12896657,0,1
2023-03-03,9.37,9.71,9.255,9.62,9091017,9.37,9.71,9.255,9.62,9091017,0,1
2023-03-06,9.61,9.63,9.28,9.37,10145535,9.61,9.63,9.28,9.37,10145535,0,1
2023-03-07,9.04,9.0505,8.54,8.63,18893631,9.04,9.0505,8.54,8.63,18893631,0,1
2023-03-08,8.49,8.58,8.27,8.44,9807592,8.49,8.58,8.27,8.44,9807592,0,1
2023-03-09,8.33,8.45,8.11,8.29,15842793,8.33,8.45,8.11,8.29,15842793,0,1
2023-03-10,8.22,8.38,8.03,8.18,10534022,8.22,8.38,8.03,8.18,10534022,0,1
2023-03-13,8.06,8.33,7.85,8.27,12576793,8.06,8.33,7.85,8.27,12576793,0,1
2023-03-14,8.02,8.17,7.86,7.92,13111499,8.02,8.17,7.86,7.92,13111499,0,1
2023-03-15,7.69,8.25,7.66,8.1,13598215,7.69,8.25,7.66,8.1,13598215,0,1
2023-03-16,8,8.435,7.9609,8.33,13249949,8,8.435,7.9609,8.33,13249949,0,1
2023-03-17,8.5,9.49,8.49,8.84,29083619,8.5,9.49,8.49,8.84,29083619,0,1
2023-03-20,8.36,9.37,8.34,9.15,23771482,8.36,9.37,8.34,9.15,23771482,0,1
2023-03-21,9.48,10.205,9.48,9.91,22987366,9.48,10.205,9.48,9.91,22987366,0,1
2023-03-22,10.06,10.1001,9.63,9.7,11268292,10.06,10.1001,9.63,9.7,11268292,0,1
2023-03-23,10.06,10.4,9.72,9.91,15974154,10.06,10.4,9.72,9.91,15974154,0,1
2023-03-24,9.67,9.79,9.47,9.62,8079615,9.67,9.79,9.47,9.62,8079615,0,1
2023-03-27,9.66,9.87,9.5,9.71,7217952,9.66,9.87,9.5,9.71,7217952,0,1
2023-03-28,10.22,10.32,10.04,10.25,14596898,10.22,10.32,10.04,10.25,14596898,0,1
2023-03-29,10.575,11.5,10.54,11.19,27400113,10.575,11.5,10.54,11.19,27400113,0,1
2023-03-30,11.42,11.68,11.26,11.39,14934536,11.42,11.68,11.26,11.39,14934536,0,1
2023-03-31,11.24,11.52,11.08,11.11,10706954,11.24,11.52,11.08,11.11,10706954,0,1
2023-04-03,11.45,11.55,10.7712,11,11725051,11.45,11.55,10.7712,11,11725051,0,1
2023-04-04,10.56,10.72,10.02,10.2,10612354,10.56,10.72,10.02,10.2,10612354,0,1
2023-04-05,10.09,10.16,9.82,10.04,7666538,10.09,10.16,9.82,10.04,7666538,0,1
2023-04-06,10.3,10.385,10.11,10.26,5016416,10.3,10.385,10.11,10.26,5016416,0,1
2023-04-10,10.04,10.315,9.99,10.28,4984376,10.04,10.315,9.99,10.28,4984376,0,1
2023-04-11,10.48,10.771,10.41,10.49,10333194,10.48,10.771,10.41,10.49,10333194,0,1
2023-04-12,10.42,10.47,9.9,9.91,8763546,10.42,10.47,9.9,9.91,8763546,0,1
2023-04-13,10.1,10.18,9.7715,9.98,7151867,10.1,10.18,9.7715,9.98,7151867,0,1
2023-04-14,9.84,10.2,9.75,9.92,6293731,9.84,10.2,9.75,9.92,6293731,0,1
2023-04-17,11.04,11.43,10.93,11.43,18510361,11.04,11.43,10.93,11.43,18510361,0,1
2023-04-18,11.14,11.55,11.12,11.28,11252980,11.14,11.55,11.12,11.28,11252980,0,1
2023-04-19,10.48,10.5,9.81,9.87,22457115,10.48,10.5,9.81,9.87,22457115,0,1
2023-04-20,9.615,9.62,9.14,9.33,14656443,9.615,9.62,9.14,9.33,14656443,0,1
2023-04-21,9.3,9.335,9.02,9.25,9199776,9.3,9.335,9.02,9.25,9199776,0,1
2023-04-24,9.25,9.36,9.1809,9.29,8081652,9.25,9.36,9.1809,9.29,8081652,0,1
2023-04-25,9.14,9.25,8.63,8.84,16162248,9.14,9.25,8.63,8.84,16162248,0,1
2023-04-26,9.3,9.53,8.985,9.18,11484573,9.3,9.53,8.985,9.18,11484573,0,1
2023-04-27,9.3,9.75,9.27,9.73,8218550,9.3,9.75,9.27,9.73,8218550,0,1
2023-04-28,9.55,9.64,9.4,9.5,5881956,9.55,9.64,9.4,9.5,5881956,0,1
2023-05-01,9.39,9.94,9.275,9.9,10709288,9.39,9.94,9.275,9.9,10709288,0,1
2023-05-02,9.73,9.895,9.57,9.75,7743745,9.73,9.895,9.57,9.75,7743745,0,1
2023-05-03,9.58,9.88,9.56,9.67,6751404,9.58,9.88,9.56,9.67,6751404,0,1
2023-05-04,9.86,10.31,9.69,10.15,14572584,9.86,10.31,9.69,10.15,14572584,0,1
2023-05-05,10.24,10.61,10.21,10.4,9058528,10.24,10.61,10.21,10.4,9058528,0,1
2023-05-08,10.62,10.81,10.39,10.55,7749243,10.62,10.81,10.39,10.55,7749243,0,1
2023-05-09,9.95,10.56,9.875,10.09,12001595,9.95,10.56,9.875,10.09,12001595,0,1
2023-05-10,10.24,10.43,9.995,10.3,8360120,10.24,10.43,9.995,10.3,8360120,0,1
2023-05-11,10.28,10.765,10.21,10.75,11238658,10.28,10.765,10.21,10.75,11238658,0,1
2023-05-12,10.11,10.16,9.6,9.82,21452756,10.11,10.16,9.6,9.82,21452756,0,1
2023-05-15,9.91,9.91,9.51,9.8,6707446,9.91,9.91,9.51,9.8,6707446,0,1
2023-05-16,9.58,9.64,9.37,9.51,6173220,9.58,9.64,9.37,9.51,6173220,0,1
2023-05-17,9.38,9.66,9.28,9.58,9014739,9.38,9.66,9.28,9.58,9014739,0,1
2023-05-18,9.41,9.45,9.05,9.13,11910960,9.41,9.45,9.05,9.13,11910960,0,1
2023-05-19,9.05,9.25,8.91,9.02,11745548,9.05,9.25,8.91,9.02,11745548,0,1
2023-05-22,9.26,9.65,9.2,9.41,10011712,9.26,9.65,9.2,9.41,10011712,0,1
2023-05-23,9.2,9.31,9.08,9.11,10653363,9.2,9.31,9.08,9.11,10653363,0,1
2023-05-24,8.26,8.78,8,8.65,28774571,8.26,8.78,8,8.65,28774571,0,1
2023-05-25,8.11,8.13,7.85,8.01,15511020,8.11,8.13,7.85,8.01,15511020,0,1
2023-05-26,8.08,8.265,7.8,8.2,12815700,8.08,8.265,7.8,8.2,12815700,0,1
2023-05-30,8.05,8.26,7.81,7.87,19209490,8.05,8.26,7.81,7.87,19209490,0,1
2023-05-31,8.06,8.08,7.69,7.88,10242395,8.06,8.08,7.69,7.88,10242395,0,1
2023-06-01,7.78,8.2,7.505,8.02,14190571,7.78,8.2,7.505,8.02,14190571,0,1
2023-06-02,8.43,8.75,8.34,8.44,17891151,8.43,8.75,8.34,8.44,17891151,0,1
2023-06-05,8.54,8.66,8.4,8.45,7274310,8.54,8.66,8.4,8.45,7274310,0,1
2023-06-06,8.45,8.685,8.25,8.65,16810253,8.45,8.685,8.25,8.65,16810253,0,1
2023-06-07,8.54,8.65,8.315,8.38,11131328,8.54,8.65,8.315,8.38,11131328,0,1
2023-06-08,8.51,8.61,8.34,8.46,7380767,8.51,8.61,8.34,8.46,7380767,0,1
2023-06-09,8.775,9.355,8.775,8.87,24937400,8.775,9.355,8.775,8.87,24937400,0,1
2023-06-12,9.65,10.35,9.63,9.86,41804675,9.65,10.35,9.63,9.86,41804675,0,1
2023-06-13,10.21,10.34,9.93,10.29,17435486,10.21,10.34,9.93,10.29,17435486,0,1
2023-06-14,10.6,10.925,10.49,10.8,18884650,10.6,10.925,10.49,10.8,18884650,0,1
2023-06-15,11.05,11.945,11.04,11.59,26725021,11.05,11.945,11.04,11.59,26725021,0,1
2023-06-16,11.78,11.87,11.15,11.38,17490836,11.78,11.87,11.15,11.38,17490836,0,1
2023-06-20,10.78,10.91,10.6,10.88,13559121,10.78,10.91,10.6,10.88,13559121,0,1
2023-06-21,11.06,11.33,10.5515,10.63,9902401,11.06,11.33,10.5515,10.63,9902401,0,1
2023-06-22,10.56,10.565,10.27,10.56,6642772,10.56,10.565,10.27,10.56,6642772,0,1
2023-06-23,9.95,10.08,9.64,9.9,12332325,9.95,10.08,9.64,9.9,12332325,0,1
2023-06-26,10.27,10.48,10.09,10.16,8363191,10.27,10.48,10.09,10.16,8363191,0,1
2023-06-27,10.32,11,10.29,10.98,11998672,10.32,11,10.29,10.98,11998672,0,1
2023-06-28,11.41,11.93,11.18,11.78,19013111,11.41,11.93,11.18,11.78,19013111,0,1
2023-06-29,11.75,11.9899,11.4,11.83,15905819,11.75,11.9899,11.4,11.83,15905819,0,1
2023-06-30,12.74,13.53,12.49,13.42,42386500,12.74,13.53,12.49,13.42,42386500,0,1
2023-07-03,14.38,14.86,13.56,13.98,35028009,14.38,14.86,13.56,13.98,35028009,0,1
2023-07-05,13.89,15.24,13.7609,14.8,32738316,13.89,15.24,13.7609,14.8,32738316,0,1
2023-07-06,14.62,14.69,14.12,14.14,16995964,14.62,14.69,14.12,14.14,16995964,0,1
2023-07-07,14,14.5,13.83,14.16,13390654,14,14.5,13.83,14.16,13390654,0,1
2023-07-10,13.84,14.31,13.5825,14.15,12854553,13.84,14.31,13.5825,14.15,12854553,0,1
2023-07-11,14.89,15.18,14.525,14.97,20222837,14.89,15.18,14.525,14.97,20222837,0,1
2023-07-12,15.49,15.55,14.83,15.15,19286571,15.49,15.55,14.83,15.15,19286571,0,1
2023-07-13,15.02,15.06,13.92,14.04,23968530,15.02,15.06,13.92,14.04,23968530,0,1
2023-07-14,14.23,14.43,13.83,14.02,13288567,14.23,14.43,13.83,14.02,13288567,0,1
2023-07-17,13.62,14.165,13.575,14.07,8543346,13.62,14.165,13.575,14.07,8543346,0,1
2023-07-18,14.55,14.66,13.995,14.33,12394508,14.55,14.66,13.995,14.33,12394508,0,1
2023-07-19,14.67,15.53,14.67,14.98,17988838,14.67,15.53,14.67,14.98,17988838,0,1
2023-07-20,14.635,15.08,14.48,15.04,9582917,14.635,15.08,14.48,15.04,9582917,0,1
2023-07-21,14.95,15.14,14.44,14.56,11281062,14.95,15.14,14.44,14.56,11281062,0,1
2023-07-24,14.93,16.38,14.78,16.01,25189822,14.93,16.38,14.78,16.01,25189822,0,1
2023-07-25,16.46,16.88,15.36,15.36,21753177,16.46,16.88,15.36,15.36,21753177,0,1
2023-07-26,17.64,21.83,17.55,19.46,138918036,17.64,21.83,17.55,19.46,138918036,0,1
2023-07-27,20.75,21.041,19.52,20.22,51721257,20.75,21.041,19.52,20.22,51721257,0,1
2023-07-28,21.52,23.62,21.45,23.39,59549827,21.52,23.62,21.45,23.39,59549827,0,1
2023-07-31,20.65,21.46,19.9,20.92,57484720,20.65,21.46,19.9,20.92,57484720,0,1
2023-08-01,19.865,20.69,19.7417,20.05,28897170,19.865,20.69,19.7417,20.05,28897170,0,1
2023-08-02,18.5,19.28,18.42,18.83,33443533,18.5,19.28,18.42,18.83,33443533,0,1
2023-08-03,19.28,19.95,19.105,19.54,23644975,19.28,19.95,19.105,19.54,23644975,0,1
2023-08-04,19.08,19.19,18.02,18.32,23893253,19.08,19.19,18.02,18.32,23893253,0,1
2023-08-07,19.03,19.09,18.04,18.7,14006380,19.03,19.09,18.04,18.7,14006380,0,1
2023-08-08,17.92,18.2988,17.665,17.73,17326950,17.92,18.2988,17.665,17.73,17326950,0,1
2023-08-09,17.51,17.64,16.51,16.94,17483850,17.51,17.64,16.51,16.94,17483850,0,1
2023-08-10,17.29,17.64,16.65,16.78,14415495,17.29,17.64,16.65,16.78,14415495,0,1
2023-08-11,16.17,16.36,15.89,16.28,14071151,16.17,16.36,15.89,16.28,14071151,0,1
2023-08-14,15.72,16.4,15.65,16.24,13327951,15.72,16.4,15.65,16.24,13327951,0,1
2023-08-15,16.45,16.59,15.555,16.11,14541779,16.45,16.59,15.555,16.11,14541779,0,1
2023-08-16,15.42,16.135,15.33,15.58,11807915,15.42,16.135,15.33,15.58,11807915,0,1
2023-08-17,16.49,16.645,15.58,15.65,19395150,16.49,16.645,15.58,15.65,19395150,0,1
2023-08-18,14.55,15.09,14.21,14.98,23537511,14.55,15.09,14.21,14.98,23537511,0,1
2023-08-21,15.87,17,15.615,16.43,26024307,15.87,17,15.615,16.43,26024307,0,1
2023-08-22,16.76,16.89,15.455,15.94,16623372,16.76,16.89,15.455,15.94,16623372,0,1
2023-08-23,15.6,16.26,15.56,16.06,8811086,15.6,16.26,15.56,16.06,8811086,0,1
2023-08-24,16.56,16.93,16.025,16.2,12069302,16.56,16.93,16.025,16.2,12069302,0,1
2023-08-25,16.65,17.58,16.4,17.53,19450979,16.65,17.58,16.4,17.53,19450979,0,1
2023-08-28,18.44,18.7,17.5601,18.46,25026255,18.44,18.7,17.5601,18.46,25026255,0,1
2023-08-29,18.3,19.22,17.47,19.14,23522154,18.3,19.22,17.47,19.14,23522154,0,1
2023-08-30,18.59,18.98,18.225,18.88,13237397,18.59,18.98,18.225,18.88,13237397,0,1
2023-08-31,18.66,18.81,17.745,17.79,15860989,18.66,18.81,17.745,17.79,15860989,0,1
2023-09-01,18.35,19.96,18.12,18.71,32432666,18.35,19.96,18.12,18.71,32432666,0,1
2023-09-05,18.68,19.8512,18.63,18.75,17361923,18.68,19.8512,18.63,18.75,17361923,0,1
2023-09-06,18.9,19.25,18.5209,18.95,11012278,18.9,19.25,18.5209,18.95,11012278,0,1
2023-09-07,18.2,18.2,17.31,17.46,13196254,18.2,18.2,17.31,17.46,13196254,0,1
2023-09-08,17.5,17.7027,17.205,17.35,6799314,17.5,17.7027,17.205,17.35,6799314,0,1
2023-09-11,18.22,18.63,17.96,18.48,10780285,18.22,18.63,17.96,18.48,10780285,0,1
2023-09-12,18.26,19.04,18.26,18.65,8840938,18.26,19.04,18.26,18.65,8840938,0,1
2023-09-13,18.04,18.3785,17.95,18.07,8755071,18.04,18.3785,17.95,18.07,8755071,0,1
2023-09-14,18.08,18.51,18.075,18.35,5950842,18.08,18.51,18.075,18.35,5950842,0,1
2023-09-15,18.52,18.7,18.01,18.3,6622154,18.52,18.7,18.01,18.3,6622154,0,1
2023-09-18,18.01,18.565,18.01,18.46,6040153,18.01,18.565,18.01,18.46,6040153,0,1
2023-09-19,18.39,18.67,17.06,17.49,14774462,18.39,18.67,17.06,17.49,14774462,0,1
2023-09-20,17.41,17.855,16.25,16.35,16931989,17.41,17.855,16.25,16.35,16931989,0,1
2023-09-21,15.64,16.18,15.39,15.89,14638573,15.64,16.18,15.39,15.89,14638573,0,1
2023-09-22,16.99,16.99,16.375,16.44,13553538,16.99,16.99,16.375,16.44,13553538,0,1
2023-09-25,16.53,16.79,16.255,16.69,16998273,16.53,16.79,16.255,16.69,16998273,0,1
2023-09-26,16.32,16.81,16.15,16.22,6960288,16.32,16.81,16.15,16.22,6960288,0,1
2023-09-27,16.36,16.69,16.09,16.69,8127901,16.36,16.69,16.09,16.69,8127901,0,1
2023-09-28,16.49,17.42,16.47,17.22,11415252,16.49,17.42,16.47,17.22,11415252,0,1
2023-09-29,18.02,18.46,17.81,18.36,11964672,18.02,18.46,17.81,18.36,11964672,0,1
2023-10-02,18.3,18.51,17.91,18.13,8819104,18.3,18.51,17.91,18.13,8819104,0,1
2023-10-03,17.59,17.77,17.2425,17.44,9387358,17.59,17.77,17.2425,17.44,9387358,0,1
2023-10-04,17.29,18.01,17.28,17.97,8508088,17.29,18.01,17.28,17.97,8508088,0,1
2023-10-05,17.91,18.015,17.56,17.95,7169794,17.91,18.015,17.56,17.95,7169794,0,1
2023-10-06,17.7,18.23,17.35,18.16,8498825,17.7,18.23,17.35,18.16,8498825,0,1
2023-10-09,17.23,17.26,15.885,16.29,25467868,17.23,17.26,15.885,16.29,25467868,0,1
2023-10-10,16.525,17,16.35,16.94,8529573,16.525,17,16.35,16.94,8529573,0,1
2023-10-11,17.2,17.68,17.0093,17.01,11794845,17.2,17.68,17.0093,17.01,11794845,0,1
2023-10-12,17.11,17.16,15.9,16.3,11111726,17.11,17.16,15.9,16.3,11111726,0,1
2023-10-13,16.28,16.6248,15.93,16.14,7649997,16.28,16.6248,15.93,16.14,7649997,0,1
2023-10-16,15.73,15.84,14.98,15.35,11996927,15.73,15.84,14.98,15.35,11996927,0,1
2023-10-17,15.16,15.665,15.1,15.38,7507641,15.16,15.665,15.1,15.38,7507641,0,1
2023-10-18,14.985,15.01,13.47,13.8,23442243,14.985,15.01,13.47,13.8,23442243,0,1
2023-10-19,13.37,13.8481,13.37,13.63,10122887,13.37,13.8481,13.37,13.63,10122887,0,1
2023-10-20,13.45,13.85,13.37,13.42,9717338,13.45,13.85,13.37,13.42,9717338,0,1
2023-10-23,13.34,14.0818,13.22,13.91,9102226,13.34,14.0818,13.22,13.91,9102226,0,1
2023-10-24,14.36,15.39,14.35,15.34,13203392,14.36,15.39,14.35,15.34,13203392,0,1
2023-10-25,14.82,14.93,14.08,14.11,10678197,14.82,14.93,14.08,14.11,10678197,0,1
2023-10-26,14.52,14.85,14.34,14.58,8763259,14.52,14.85,14.34,14.58,8763259,0,1
2023-10-27,15.2,15.48,14.55,14.7,9023685,15.2,15.48,14.55,14.7,9023685,0,1
2023-10-30,15.16,15.28,14.7,14.91,6481092,15.16,15.28,14.7,14.91,6481092,0,1
2023-10-31,14.67,14.78,14.23,14.48,8877215,14.67,14.78,14.23,14.48,8877215,0,1
2023-11-01,14.8,15.61,14.61,15.5,13506899,14.8,15.61,14.61,15.5,13506899,0,1
2023-11-02,16.15,16.96,15.94,16.54,14161162,16.15,16.96,15.94,16.54,14161162,0,1
2023-11-03,16.75,17.45,16.41,17.14,11051336,16.75,17.45,16.41,17.14,11051336,0,1
2023-11-06,17.8,17.91,17.14,17.43,9528700,17.8,17.91,17.14,17.43,9528700,0,1
2023-11-07,16.98,17.17,16.575,17.13,10668719,16.98,17.17,16.575,17.13,10668719,0,1
2023-11-08,16.25,16.375,15.95,16.1,10335036,16.25,16.375,15.95,16.1,10335036,0,1
2023-11-09,16.36,16.475,15.815,15.89,8572642,16.36,16.475,15.815,15.89,8572642,0,1
2023-11-10,15.74,15.77,15.14,15.26,9622712,15.74,15.77,15.14,15.26,9622712,0,1
2023-11-13,15.5,15.875,15.46,15.66,6599084,15.5,15.875,15.46,15.66,6599084,0,1
2023-11-14,16.54,17.08,16.18,17,14171852,16.54,17.08,16.18,17,14171852,0,1
2023-11-15,16.62,17.73,16.11,17.39,15781634,16.62,17.73,16.11,17.39,15781634,0,1
2023-11-16,16.79,16.89,16.04,16.23,10574926,16.79,16.89,16.04,16.23,10574926,0,1
2023-11-17,16.75,17.035,16.57,16.79,10460100,16.75,17.035,16.57,16.79,10460100,0,1
2023-11-20,17.52,18.49,17.52,18.23,15740250,17.52,18.49,17.52,18.23,15740250,0,1
2023-11-21,18.03,18.2,17.36,17.4,9450888,18.03,18.2,17.36,17.4,9450888,0,1
2023-11-22,17.55,17.69,17.24,17.42,5008703,17.55,17.69,17.24,17.42,5008703,0,1
2023-11-24,18.3,18.74,17.875,18.48,11047282,18.3,18.74,17.875,18.48,11047282,0,1
2023-11-27,18.19,18.25,17.71,17.71,6513031,18.19,18.25,17.71,17.71,6513031,0,1
2023-11-28,17.8,17.9958,17.51,17.88,5991145,17.8,17.9958,17.51,17.88,5991145,0,1
2023-11-29,17.49,17.8399,17.11,17.16,8585733,17.49,17.8399,17.11,17.16,8585733,0,1
2023-11-30,17.11,17.17,16.49,16.61,8271693,17.11,17.17,16.49,16.61,8271693,0,1
2023-12-01,16.21,16.21,15.57,15.74,12725633,16.21,16.21,15.57,15.74,12725633,0,1
2023-12-04,15.67,16.2,15.48,16.02,10682269,15.67,16.2,15.48,16.02,10682269,0,1
2023-12-05,16.12,16.475,15.935,16.19,8495066,16.12,16.475,15.935,16.19,8495066,0,1
2023-12-06,16.57,16.98,16.45,16.7,9311336,16.57,16.98,16.45,16.7,9311336,0,1
2023-12-07,16.38,16.52,15.965,16,7138899,16.38,16.52,15.965,16,7138899,0,1
2023-12-08,15.48,15.58,14.93,15.15,14219369,15.48,15.58,14.93,15.15,14219369,0,1
2023-12-11,15.52,15.98,15.4,15.89,8817316,15.52,15.98,15.4,15.89,8817316,0,1
2023-12-12,15.73,15.835,15.25,15.53,7007193,15.73,15.835,15.25,15.53,7007193,0,1
2023-12-13,14.985,15.39,14.62,15.38,9705439,14.985,15.39,14.62,15.38,9705439,0,1
2023-12-14,15.125,16.285,15.07,15.65,11508069,15.125,16.285,15.07,15.65,11508069,0,1
2023-12-15,14.78,14.93,14.3,14.47,25629706,14.78,14.93,14.3,14.47,25629706,0,1
2023-12-18,14.42,14.565,14.1646,14.32,13489401,14.42,14.565,14.1646,14.32,13489401,0,1
2023-12-19,14.67,14.9,14.6,14.79,10605807,14.67,14.9,14.6,14.79,10605807,0,1
2023-12-20,14.37,14.55,13.97,13.98,12763042,14.37,14.55,13.97,13.98,12763042,0,1
2023-12-21,14.05,14.305,13.93,14.17,6839508,14.05,14.305,13.93,14.17,6839508,0,1
2023-12-22,13.69,14.07,13.64,13.81,8005092,13.69,14.07,13.64,13.81,8005092,0,1
2023-12-26,14.08,14.4,14,14.03,9203452,14.08,14.4,14,14.03,9203452,0,1
2023-12-27,13.92,14.03,13.56,13.65,9760600,13.92,14.03,13.56,13.65,9760600,0,1
2023-12-28,14,14.815,14,14.27,20422131,14,14.815,14,14.27,20422131,0,1
2023-12-29,14.53,14.955,14.46,14.59,14597842,14.53,14.955,14.46,14.59,14597842,0,1
2024-01-02,14.3,14.43,13.84,14.04,10428531,14.3,14.43,13.84,14.04,10428531,0,1
2024-01-03,13.82,14.31,13.76,14.23,9138582,13.82,14.31,13.76,14.23,9138582,0,1
2024-01-04,14.01,14.06,13.77,13.79,7375482,14.01,14.06,13.77,13.79,7375482,0,1
2024-01-05,13.65,13.675,13.03,13.09,12016630,13.65,13.675,13.03,13.09,12016630,0,1
2024-01-08,12.42,12.81,12.29,12.7,11094066,12.42,12.81,12.29,12.7,11094066,0,1
2024-01-09,12.52,12.73,12.47,12.6,8103072,12.52,12.73,12.47,12.6,8103072,0,1
2024-01-10,12.45,12.55,12.25,12.4,10672592,12.45,12.55,12.25,12.4,10672592,0,1
2024-01-11,12.77,12.8,12.11,12.25,8576188,12.77,12.8,12.11,12.25,8576188,0,1
2024-01-12,11.88,12.18,11.72,11.77,9825599,11.88,12.18,11.72,11.77,9825599,0,1
2024-01-16,10.99,11.01,10.53,10.62,19363658,10.99,11.01,10.53,10.62,19363658,0,1
2024-01-17,9.79,10.35,9.725,10.1,17469974,9.79,10.35,9.725,10.1,17469974,0,1
2024-01-18,10.13,10.3,9.7,9.87,18447604,10.13,10.3,9.7,9.87,18447604,0,1
2024-01-19,9.52,9.7,9.24,9.64,16908441,9.52,9.7,9.24,9.64,16908441,0,1
2024-01-22,8.95,9.53,8.8501,9.34,17934540,8.95,9.53,8.8501,9.34,17934540,0,1
2024-01-23,9.785,10.475,9.505,9.72,25027267,9.785,10.475,9.505,9.72,25027267,0,1
2024-01-24,9.93,10.08,9.16,9.2,22928006,9.93,10.08,9.16,9.2,22928006,0,1
2024-01-25,9.18,9.24,8.925,9.05,16244516,9.18,9.24,8.925,9.05,16244516,0,1
2024-01-26,8.98,9.14,8.89,8.97,8807817,8.98,9.14,8.89,8.97,8807817,0,1
2024-01-29,8.88,8.95,8.48,8.92,14423791,8.88,8.95,8.48,8.92,14423791,0,1
2024-01-30,8.77,8.78,8.565,8.65,9828967,8.77,8.78,8.565,8.65,9828967,0,1
2024-01-31,8.39,8.64,8.225,8.33,12376640,8.39,8.64,8.225,8.33,12376640,0,1
2024-02-01,8.5,8.73,8.325,8.47,12436193,8.5,8.73,8.325,8.47,12436193,0,1
2024-02-02,8.24,8.25,8.02,8.19,12327975,8.24,8.25,8.02,8.19,12327975,0,1
2024-02-05,8.01,8.01,7.8,7.87,11847291,8.01,8.01,7.8,7.87,11847291,0,1
2024-02-06,8.56,8.825,8.34,8.79,17513456,8.56,8.825,8.34,8.79,17513456,0,1
2024-02-07,8.39,8.57,8.26,8.43,11524853,8.39,8.57,8.26,8.43,11524853,0,1
2024-02-08,8.4,8.5,8.23,8.42,7914489,8.4,8.5,8.23,8.42,7914489,0,1
2024-02-09,8.425,8.52,8.285,8.49,5983182,8.425,8.52,8.285,8.49,5983182,0,1
2024-02-12,8.5,9.14,8.5,8.82,10850619,8.5,9.14,8.5,8.82,10850619,0,1
2024-02-13,8.56,8.66,8.42,8.54,6979376,8.56,8.66,8.42,8.54,6979376,0,1
2024-02-14,9,9.145,8.815,8.99,9514253,9,9.145,8.815,8.99,9514253,0,1
2024-02-15,9.07,9.32,9.05,9.16,7093369,9.07,9.32,9.05,9.16,7093369,0,1
2024-02-16,9.56,9.75,9.415,9.52,10532605,9.56,9.75,9.415,9.52,10532605,0,1
2024-02-20,9.01,9.255,8.85,9,10401930,9.01,9.255,8.85,9,10401930,0,1
2024-02-21,9.18,9.4,9.06,9.08,9342817,9.18,9.4,9.06,9.08,9342817,0,1
2024-02-22,9.2,9.24,8.94,9.14,7367304,9.2,9.24,8.94,9.14,7367304,0,1
2024-02-23,8.92,9.03,8.57,8.63,11718720,8.92,9.03,8.57,8.63,11718720,0,1
2024-02-26,8.93,9.43,8.92,9.22,15916043,8.93,9.43,8.92,9.22,15916043,0,1
2024-02-27,9.46,9.59,9.26,9.38,10020048,9.46,9.59,9.26,9.38,10020048,0,1
2024-02-28,8.95,8.98,8.65,8.73,12780799,8.95,8.98,8.65,8.73,12780799,0,1
2024-02-29,9.25,9.69,9.19,9.43,17901995,9.25,9.69,9.19,9.43,17901995,0,1
2024-03-01,9.43,10.14,9.39,9.95,22303295,9.43,10.14,9.39,9.95,22303295,0,1
2024-03-04,9.42,9.45,9.035,9.15,12265050,9.42,9.45,9.035,9.15,12265050,0,1
2024-03-05,9.01,9.41,8.91,9.15,9407469,9.01,9.41,8.91,9.15,9407469,0,1
2024-03-06,9.725,9.87,9.36,9.6,11394325,9.725,9.87,9.36,9.6,11394325,0,1
2024-03-07,9.28,9.46,9.04,9.45,11031328,9.28,9.46,9.04,9.45,11031328,0,1
2024-03-08,9.46,9.69,9.44,9.52,9934054,9.46,9.69,9.44,9.52,9934054,0,1
2024-03-11,9.875,10.25,9.87,10.05,12538783,9.875,10.25,9.87,10.05,12538783,0,1
2024-03-12,10.41,10.6422,10.1,10.32,10833517,10.41,10.6422,10.1,10.32,10833517,0,1
2024-03-13,10.18,10.41,9.98,10,8497617,10.18,10.41,9.98,10,8497617,0,1
2024-03-14,9.78,9.8725,9.29,9.39,10682035,9.78,9.8725,9.29,9.39,10682035,0,1
2024-03-15,9.66,9.83,9.57,9.64,8945248,9.66,9.83,9.57,9.64,8945248,0,1
2024-03-18,10.33,10.45,9.78,9.82,15724252,10.33,10.45,9.78,9.82,15724252,0,1
2024-03-19,10.18,10.5224,9.27,9.89,23088142,10.18,10.5224,9.27,9.89,23088142,0,1
2024-03-20,9.51,9.61,9.13,9.51,37562608,9.51,9.61,9.13,9.51,37562608,0,1
2024-03-21,9.47,9.7,9.24,9.24,15783056,9.47,9.7,9.24,9.24,15783056,0,1
2024-03-22,8.84,8.845,8.445,8.52,19683112,8.84,8.845,8.445,8.52,19683112,0,1
2024-03-25,8.59,8.8,8.51,8.57,10648801,8.59,8.8,8.51,8.57,10648801,0,1
2024-03-26,8.7,8.75,8.5,8.54,10135725,8.7,8.75,8.5,8.54,10135725,0,1
2024-03-27,8.16,8.17,7.75,7.81,37202545,8.16,8.17,7.75,7.81,37202545,0,1
2024-03-28,8.08,8.14,7.61,7.68,28533626,8.08,8.14,7.61,7.68,28533626,0,1
2024-04-01,7.8,7.99,7.65,7.76,15890600,7.8,7.99,7.65,7.76,15890600,0,1
2024-04-02,7.5,7.6,7.305,7.59,15674674,7.5,7.6,7.305,7.59,15674674,0,1
2024-04-03,7.36,7.45,7.27,7.43,11898708,7.36,7.45,7.27,7.43,11898708,0,1
2024-04-04,7.51,7.69,7.42,7.42,15158978,7.51,7.69,7.42,7.42,15158978,0,1
2024-04-05,7.36,7.7,7.32,7.39,15480324,7.36,7.7,7.32,7.39,15480324,0,1
2024-04-08,7.25,7.43,7.18,7.38,11378660,7.25,7.43,7.18,7.38,11378660,0,1
2024-04-09,7.57,8.11,7.54,8.07,22321732,7.57,8.11,7.54,8.07,22321732,0,1
2024-04-10,8.01,8.19,7.93,8.15,12692444,8.01,8.19,7.93,8.15,12692444,0,1
2024-04-11,8.14,8.295,8.07,8.27,7797811,8.14,8.295,8.07,8.27,7797811,0,1
2024-04-12,7.83,7.85,7.4,7.46,16771366,7.83,7.85,7.4,7.46,16771366,0,1
2024-04-15,7.51,7.51,7.07,7.2,12909430,7.51,7.51,7.07,7.2,12909430,0,1
2024-04-16,7,7.27,6.99,7.15,12539487,7,7.27,6.99,7.15,12539487,0,1
2024-04-17,7.42,7.59,7.21,7.42,16418160,7.42,7.59,7.21,7.42,16418160,0,1
2024-04-18,7.37,7.39,7,7.17,15563086,7.37,7.39,7,7.17,15563086,0,1
2024-04-19,6.99,7.11,6.86,6.93,11312132,6.99,7.11,6.86,6.93,11312132,0,1
2024-04-22,6.71,7.06,6.5505,6.98,15120107,6.71,7.06,6.5505,6.98,15120107,0,1
2024-04-23,6.98,7.2,6.92,7.18,11969477,6.98,7.2,6.92,7.18,11969477,0,1
2024-04-24,7.3,7.39,7.04,7.08,10554455,7.3,7.39,7.04,7.08,10554455,0,1
2024-04-25,6.99,7.11,6.945,7.08,6048876,6.99,7.11,6.945,7.08,6048876,0,1
2024-04-26,7.69,7.98,7.65,7.84,19376531,7.69,7.98,7.65,7.84,19376531,0,1
2024-04-29,7.92,8.105,7.835,8.1,14267543,7.92,8.105,7.835,8.1,14267543,0,1
2024-04-30,7.98,8.15,7.92,8.13,9043878,7.98,8.15,7.92,8.13,9043878,0,1
2024-05-01,8.12,8.3,7.985,8.12,14006992,8.12,8.3,7.985,8.12,14006992,0,1
2024-05-02,8.74,9.53,8.58,9.4,28740460,8.74,9.53,8.58,9.4,28740460,0,1
2024-05-03,9.12,9.2971,8.93,9.06,16610912,9.12,9.2971,8.93,9.06,16610912,0,1
2024-05-06,8.96,9.1473,8.88,9.03,11830527,8.96,9.1473,8.88,9.03,11830527,0,1
2024-05-07,8.76,8.785,8.4,8.43,13501542,8.76,8.785,8.4,8.43,13501542,0,1
2024-05-08,8.01,8.03,7.67,7.89,21771501,8.01,8.03,7.67,7.89,21771501,0,1
2024-05-09,8.16,8.34,8.04,8.16,10077523,8.16,8.34,8.04,8.16,10077523,0,1
2024-05-10,8.11,8.29,7.68,7.73,18385405,8.11,8.29,7.68,7.73,18385405,0,1
2024-05-13,7.92,8.43,7.92,8.09,18575241,7.92,8.43,7.92,8.09,18575241,0,1
2024-05-14,8.06,8.29,8.03,8.28,10657194,8.06,8.29,8.03,8.28,10657194,0,1
2024-05-15,8.51,8.53,7.87,7.99,11634818,8.51,8.53,7.87,7.99,11634818,0,1
2024-05-16,8.04,8.45,7.9,8.27,9469611,8.04,8.45,7.9,8.27,9469611,0,1
2024-05-17,8.16,8.465,8.03,8.3,9242011,8.16,8.465,8.03,8.3,9242011,0,1
2024-05-20,8.51,8.54,8.14,8.28,17836813,8.51,8.54,8.14,8.28,17836813,0,1
2024-05-21,8.72,10.47,8.56,8.77,61603290,8.72,10.47,8.56,8.77,61603290,0,1
2024-05-22,8.9,9.02,8.61,8.75,16761416,8.9,9.02,8.61,8.75,16761416,0,1
2024-05-23,8.4,8.44,7.9,8.1,21302937,8.4,8.44,7.9,8.1,21302937,0,1
2024-05-24,8.13,8.42,8.1046,8.2,8066700,8.13,8.42,8.1046,8.2,8066700,0,1
2024-05-28,8.185,8.5,8.135,8.44,10654074,8.185,8.5,8.135,8.44,10654074,0,1
2024-05-29,8.19,8.34,8.1492,8.21,7392027,8.19,8.34,8.1492,8.21,7392027,0,1
2024-05-30,8.15,8.73,8.15,8.66,15393720,8.15,8.73,8.15,8.66,15393720,0,1
2024-05-31,8.39,8.5,8.17,8.31,14027378,8.39,8.5,8.17,8.31,14027378,0,1
2024-06-03,8.54,8.58,8.03,8.12,9729266,8.54,8.58,8.03,8.12,9729266,0,1
2024-06-04,8.145,8.18,8.01,8.1,6887917,8.145,8.18,8.01,8.1,6887917,0,1
2024-06-05,8.3,8.5,8.18,8.35,9990500,8.3,8.5,8.18,8.35,9990500,0,1
2024-06-06,8.25,8.47,8.23,8.36,9192482,8.25,8.47,8.23,8.36,9192482,0,1
2024-06-07,8.225,8.44,8.12,8.15,7341048,8.225,8.44,8.12,8.15,7341048,0,1
2024-06-10,8.15,8.1893,7.89,7.93,10774946,8.15,8.1893,7.89,7.93,10774946,0,1
2024-06-11,7.935,7.95,7.48,7.5,15511648,7.935,7.95,7.48,7.5,15511648,0,1
2024-06-12,7.64,7.69,7.34,7.48,13817888,7.64,7.69,7.34,7.48,13817888,0,1
2024-06-13,7.475,7.635,7.37,7.37,7923043,7.475,7.635,7.37,7.37,7923043,0,1
2024-06-14,7.31,7.32,7.16,7.19,6418592,7.31,7.32,7.16,7.19,6418592,0,1
2024-06-17,7.26,7.33,7.17,7.32,6811590,7.26,7.33,7.17,7.32,6811590,0,1
2024-06-18,7.23,7.535,7.13,7.48,9129236,7.23,7.535,7.13,7.48,9129236,0,1
2024-06-20,7.39,7.51,7.3,7.48,6665195,7.39,7.51,7.3,7.48,6665195,0,1
2024-06-21,7.54,7.83,7.5002,7.73,8175873,7.54,7.83,7.5002,7.73,8175873,0,1
2024-06-24,7.81,8.05,7.78,7.92,6366535,7.81,8.05,7.78,7.92,6366535,0,1
2024-06-25,7.86,7.96,7.79,7.94,5380969,7.86,7.96,7.79,7.94,5380969,0,1
2024-06-26,7.96,8.32,7.92,8.24,9226211,7.96,8.32,7.92,8.24,9226211,0,1
2024-06-27,7.86,7.87,7.64,7.69,10854800,7.86,7.87,7.64,7.69,10854800,0,1
2024-06-28,7.61,7.62,7.175,7.33,12727713,7.61,7.62,7.175,7.33,12727713,0,1
2024-07-01,7.46,7.75,7.44,7.71,10646533,7.46,7.75,7.44,7.71,10646533,0,1
2024-07-02,7.84,7.99,7.57,7.63,9828764,7.84,7.99,7.57,7.63,9828764,0,1
2024-07-03,7.77,8.59,7.77,8.32,19785455,7.77,8.59,7.77,8.32,19785455,0,1
2024-07-05,7.77,7.98,7.43,7.92,23352868,7.77,7.98,7.43,7.92,23352868,0,1
2024-07-08,7.64,7.68,7.43,7.45,11974205,7.64,7.68,7.43,7.45,11974205,0,1
2024-07-09,7.45,7.56,7.38,7.51,7473752,7.45,7.56,7.38,7.51,7473752,0,1
2024-07-10,7.6,8.11,7.58,8.07,18942717,7.6,8.11,7.58,8.07,18942717,0,1
2024-07-11,8.5,8.99,8.44,8.69,25447792,8.5,8.99,8.44,8.69,25447792,0,1
2024-07-12,8.88,9.24,8.75,8.84,18496117,8.88,9.24,8.75,8.84,18496117,0,1
2024-07-15,8.37,8.55,8.18,8.4,11193680,8.37,8.55,8.18,8.4,11193680,0,1
2024-07-16,8.51,8.99,8.51,8.95,13573770,8.51,8.99,8.51,8.95,13573770,0,1
2024-07-17,8.85,8.875,8.48,8.6,9168479,8.85,8.875,8.48,8.6,9168479,0,1
2024-07-18,8.57,8.65,8.28,8.35,7722989,8.57,8.65,8.28,8.35,7722989,0,1
2024-07-19,8.28,8.54,8.2,8.45,7861724,8.28,8.54,8.2,8.45,7861724,0,1
2024-07-22,8.79,9.04,8.74,9,12648142,8.79,9.04,8.74,9,12648142,0,1
2024-07-23,8.7,8.7899,8.375,8.4,11123832,8.7,8.7899,8.375,8.4,11123832,0,1
2024-07-24,8.21,8.305,8,8.05,8309499,8.21,8.305,8,8.05,8309499,0,1
2024-07-25,8.19,8.33,8.09,8.2,5655541,8.19,8.33,8.09,8.2,5655541,0,1
2024-07-26,8.29,8.78,8.15,8.51,11778600,8.29,8.78,8.15,8.51,11778600,0,1
2024-07-29,8.4,8.44,8.12,8.24,8499240,8.4,8.44,8.12,8.24,8499240,0,1
2024-07-30,8.1,8.12,7.9,7.94,6032536,8.1,8.12,7.9,7.94,6032536,0,1
2024-07-31,8.23,8.35,8.04,8.06,7872233,8.23,8.35,8.04,8.06,7872233,0,1
2024-08-01,8.05,8.06,7.57,7.63,9303013,8.05,8.06,7.57,7.63,9303013,0,1
2024-08-02,7.41,7.61,7.37,7.56,7987736,7.41,7.61,7.37,7.56,7987736,0,1
2024-08-05,7.02,7.47,7.01,7.32,8913122,7.02,7.47,7.01,7.32,8913122,0,1
2024-08-06,7.35,7.43,7.15,7.22,9151851,7.35,7.43,7.15,7.22,9151851,0,1
2024-08-07,7.14,7.285,6.825,6.83,9683062,7.14,7.285,6.825,6.83,9683062,0,1
2024-08-08,6.83,7.18,6.81,7.07,6391238,6.83,7.18,6.81,7.07,6391238,0,1
2024-08-09,7.03,7.06,6.81,6.86,6349676,7.03,7.06,6.81,6.86,6349676,0,1
2024-08-12,6.83,6.83,6.6,6.63,9237373,6.83,6.83,6.6,6.63,9237373,0,1
2024-08-13,6.67,6.99,6.67,6.97,8507434,6.67,6.99,6.67,6.97,8507434,0,1
2024-08-14,6.94,6.9483,6.67,6.68,9694908,6.94,6.9483,6.67,6.68,9694908,0,1
2024-08-15,6.81,6.92,6.8,6.84,5948913,6.81,6.92,6.8,6.84,5948913,0,1
2024-08-16,6.83,7.01,6.815,6.94,6044275,6.83,7.01,6.815,6.94,6044275,0,1
2024-08-19,7.17,7.24,7.06,7.2,11501611,7.17,7.24,7.06,7.2,11501611,0,1
2024-08-20,7.25,7.25,6.65,6.77,21373431,7.25,7.25,6.65,6.77,21373431,0,1
2024-08-21,6.85,7.095,6.75,7.06,9232370,6.85,7.095,6.75,7.06,9232370,0,1
2024-08-22,7,7.03,6.91,6.91,5968568,7,7.03,6.91,6.91,5968568,0,1
2024-08-23,7.01,7.17,6.935,7.01,9857471,7.01,7.17,6.935,7.01,9857471,0,1
2024-08-26,7.385,7.64,7.33,7.51,21063451,7.385,7.64,7.33,7.51,21063451,0,1
2024-08-27,7.72,8.02,7.55,8,18442209,7.72,8.02,7.55,8,18442209,0,1
2024-08-28,7.81,7.87,7.16,7.28,21446832,7.81,7.87,7.16,7.28,21446832,0,1
2024-08-29,7.53,7.97,7.47,7.87,17369655,7.53,7.97,7.47,7.87,17369655,0,1
2024-08-30,8.18,8.21,7.865,8.05,12012354,8.18,8.21,7.865,8.05,12012354,0,1
2024-09-03,8.07,8.69,8.06,8.37,16353749,8.07,8.69,8.06,8.37,16353749,0,1
2024-09-04,8.435,8.67,8.42,8.43,11528117,8.435,8.67,8.42,8.43,11528117,0,1
2024-09-05,8.65,8.96,8.63,8.83,14268304,8.65,8.96,8.63,8.83,14268304,0,1
2024-09-06,8.89,8.91,8.52,8.54,8412268,8.89,8.91,8.52,8.54,8412268,0,1
2024-09-09,8.24,8.605,8.1,8.52,9983807,8.24,8.605,8.1,8.52,9983807,0,1
2024-09-10,8.4,8.76,8.4,8.75,9572296,8.4,8.76,8.4,8.75,9572296,0,1
2024-09-11,8.83,9.2,8.82,9.14,11768128,8.83,9.2,8.82,9.14,11768128,0,1
2024-09-12,8.87,8.89,8.38,8.62,12523212,8.87,8.89,8.38,8.62,12523212,0,1
2024-09-13,8.73,8.97,8.59,8.97,9128893,8.73,8.97,8.59,8.97,9128893,0,1
2024-09-16,8.99,9.05,8.85,8.92,6926965,8.99,9.05,8.85,8.92,6926965,0,1
2024-09-17,9.16,9.47,9,9.05,10418069,9.16,9.47,9,9.05,10418069,0,1
2024-09-18,9.05,9.07,8.62,8.64,9449091,9.05,9.07,8.62,8.64,9449091,0,1
2024-09-19,9.175,9.45,9.01,9.39,15098859,9.175,9.45,9.01,9.39,15098859,0,1
2024-09-20,9.64,9.84,9.4,9.6,12038652,9.64,9.84,9.4,9.6,12038652,0,1
2024-09-23,9.43,9.83,9.26,9.56,9549046,9.43,9.83,9.26,9.56,9549046,0,1
2024-09-24,10.34,10.7,9.95,10.7,20817218,10.34,10.7,9.95,10.7,20817218,0,1
2024-09-25,10.15,10.6,10.03,10.43,14019302,10.15,10.6,10.03,10.43,14019302,0,1
2024-09-26,11.5,11.94,11.42,11.67,26130410,11.5,11.94,11.42,11.67,26130410,0,1
2024-09-27,12.25,12.755,12.03,12.72,25072434,12.25,12.755,12.03,12.72,25072434,0,1
2024-09-30,13.66,13.67,12.03,12.18,32757414,13.66,13.67,12.03,12.18,32757414,0,1
2024-10-01,12.58,12.89,11.92,12.85,23345199,12.58,12.89,11.92,12.85,23345199,0,1
2024-10-02,13.5,13.73,12.51,13.34,30555540,13.5,13.73,12.51,13.34,30555540,0,1
2024-10-03,12.81,13.02,12.29,12.4,18250746,12.81,13.02,12.29,12.4,18250746,0,1
2024-10-04,12.52,12.83,12.12,12.81,17738064,12.52,12.83,12.12,12.81,17738064,0,1
2024-10-07,13.34,13.68,12.45,13.08,24319634,13.34,13.68,12.45,13.08,24319634,0,1
2024-10-08,11.9,12.5,11.72,12.13,16886350,11.9,12.5,11.72,12.13,16886350,0,1
2024-10-09,11.91,12.82,11.86,12.55,14865980,11.91,12.82,11.86,12.55,14865980,0,1
2024-10-10,12.84,13.17,12.34,12.66,15295272,12.84,13.17,12.34,12.66,15295272,0,1
2024-10-11,12.27,13.04,12.15,12.9,11744240,12.27,13.04,12.15,12.9,11744240,0,1
2024-10-14,12.16,12.22,11.435,11.64,23992273,12.16,12.22,11.435,11.64,23992273,0,1
2024-10-15,11.31,11.51,11.07,11.16,17151318,11.31,11.51,11.07,11.16,17151318,0,1
2024-10-16,11.02,11.42,10.975,11.05,9133574,11.02,11.42,10.975,11.05,9133574,0,1
2024-10-17,10.7,10.75,10.065,10.22,17847830,10.7,10.75,10.065,10.22,17847830,0,1
2024-10-18,10.94,10.98,10.44,10.49,16074536,10.94,10.98,10.44,10.49,16074536,0,1
2024-10-21,10.5,10.86,10.49,10.82,8168816,10.5,10.86,10.49,10.82,8168816,0,1
2024-10-22,10.87,11.42,10.87,11.04,11521958,10.87,11.42,10.87,11.04,11521958,0,1
2024-10-23,11.19,11.4488,11.05,11.16,9493279,11.19,11.4488,11.05,11.16,9493279,0,1
2024-10-24,11.085,11.1,10.42,10.47,13469821,11.085,11.1,10.42,10.47,13469821,0,1
2024-10-25,10.76,11.4199,10.69,11.13,17562599,10.76,11.4199,10.69,11.13,17562599,0,1
2024-10-28,11.58,12.6,11.51,12.13,21097451,11.58,12.6,11.51,12.13,21097451,0,1
2024-10-29,12.04,12.1,11.54,11.6,12289384,12.04,12.1,11.54,11.6,12289384,0,1
2024-10-30,11.25,11.565,11.17,11.35,9840940,11.25,11.565,11.17,11.35,9840940,0,1
2024-10-31,11.5,11.5,10.92,11.23,10084513,11.5,11.5,10.92,11.23,10084513,0,1
2024-11-01,11.35,11.86,11.19,11.52,11590057,11.35,11.86,11.19,11.52,11590057,0,1
2024-11-04,12.175,12.58,12.01,12.07,11246602,12.175,12.58,12.01,12.07,11246602,0,1
2024-11-05,12.635,12.97,12.59,12.81,12307063,12.635,12.97,12.59,12.81,12307063,0,1
2024-11-06,12.04,12.305,11.735,12.3,17659672,12.04,12.305,11.735,12.3,17659672,0,1
2024-11-07,13.39,14.6897,13.29,14.22,33831009,13.39,14.6897,13.29,14.22,33831009,0,1
2024-11-08,14.01,14.52,13.86,14.49,18726152,14.01,14.52,13.86,14.49,18726152,0,1
2024-11-11,15.18,15.6788,14.955,15.3,18568712,15.18,15.6788,14.955,15.3,18568712,0,1
2024-11-12,14.45,14.54,13.5,13.67,21865278,14.45,14.54,13.5,13.67,21865278,0,1
2024-11-13,14.16,14.16,13.035,13.35,16477884,14.16,14.16,13.035,13.35,16477884,0,1
2024-11-14,13,13.03,12.47,12.63,15255624,13,13.03,12.47,12.63,15255624,0,1
2024-11-15,12.7,12.81,12.34,12.74,12033824,12.7,12.81,12.34,12.74,12033824,0,1
2024-11-18,13.03,13.385,12.95,13.01,12464689,13.03,13.385,12.95,13.01,12464689,0,1
2024-11-19,13.17,13.19,11.91,12.52,24637247,13.17,13.19,11.91,12.52,24637247,0,1
2024-11-20,12.59,12.97,12.36,12.64,17549352,12.59,12.97,12.36,12.64,17549352,0,1
2024-11-21,12.12,12.39,11.88,12.29,12557927,12.12,12.39,11.88,12.29,12557927,0,1
2024-11-22,11.72,12.12,11.55,11.91,14769303,11.72,12.12,11.55,11.91,14769303,0,1
2024-11-25,11.63,11.765,11.48,11.62,12239734,11.63,11.765,11.48,11.62,12239734,0,1
2024-11-26,11.4,11.5,11.23,11.39,6257932,11.4,11.5,11.23,11.39,6257932,0,1
2024-11-27,11.9,12.15,11.725,11.91,14487670,11.9,12.15,11.725,11.91,14487670,0,1
2024-11-29,11.97,12.315,11.87,12.05,5134682,11.97,12.315,11.87,12.05,5134682,0,1
2024-12-02,12.61,13.16,12.57,12.69,12702006,12.61,13.16,12.57,12.69,12702006,0,1
2024-12-03,12.57,13.13,12.525,12.69,8689586,12.57,13.13,12.525,12.69,8689586,0,1
2024-12-04,12.75,12.91,12.46,12.78,6070677,12.75,12.91,12.46,12.78,6070677,0,1
2024-12-05,12.77,13.25,12.5,12.54,26290795,12.77,13.25,12.5,12.54,26290795,0,1
2024-12-06,12.78,12.78,12.26,12.5,7880325,12.78,12.78,12.26,12.5,7880325,0,1
2024-12-09,13.68,14.66,13.5305,14.13,22323082,13.68,14.66,13.5305,14.13,22323082,0,1
2024-12-10,13.415,13.555,13.04,13.15,11373960,13.415,13.555,13.04,13.15,11373960,0,1
2024-12-11,12.97,13.05,12.625,12.79,9764215,12.97,13.05,12.625,12.79,9764215,0,1
2024-12-12,12.6,12.93,12.58,12.81,4994678,12.6,12.93,12.58,12.81,4994678,0,1
2024-12-13,12.345,12.51,12.265,12.3,9744204,12.345,12.51,12.265,12.3,9744204,0,1
2024-12-16,12.16,12.41,11.98,12.39,7051992,12.16,12.41,11.98,12.39,7051992,0,1
2024-12-17,12.39,13.02,12.31,12.84,9207059,12.39,13.02,12.31,12.84,9207059,0,1
2024-12-18,12.71,12.92,12.39,12.48,6597948,12.71,12.92,12.39,12.48,6597948,0,1
2024-12-19,12.52,12.9,12.45,12.71,6506603,12.52,12.9,12.45,12.71,6506603,0,1
2024-12-20,12.47,12.94,12.23,12.64,6396235,12.47,12.94,12.23,12.64,6396235,0,1
2024-12-23,12.66,12.82,12.495,12.81,4084944,12.66,12.82,12.495,12.81,4084944,0,1
2024-12-24,13,13.2,12.89,12.98,4067269,13,13.2,12.89,12.98,4067269,0,1
2024-12-26,13.11,13.62,13.06,13.26,6114599,13.11,13.62,13.06,13.26,6114599,0,1
2024-12-27,12.82,12.86,12.5,12.63,7170296,12.82,12.86,12.5,12.63,7170296,0,1
2024-12-30,11.95,12.01,11.61,11.87,11022167,11.95,12.01,11.61,11.87,11022167,0,1
2024-12-31,12.04,12.455,11.82,11.82,6423615,12.04,12.455,11.82,11.82,6423615,0,1
2025-01-02,11.57,11.725,11.14,11.55,13163684,11.57,11.725,11.14,11.55,13163684,0,1
2025-01-03,11.56,11.8999,11.405,11.71,8450296,11.56,11.8999,11.405,11.71,8450296,0,1
2025-01-06,12.13,12.23,11.62,11.75,8047489,12.13,12.23,11.62,11.75,8047489,0,1
2025-01-07,12.23,12.93,12.19,12.86,19864194,12.23,12.93,12.19,12.86,19864194,0,1
2025-01-08,12.53,12.58,12.05,12.14,15751983,12.53,12.58,12.05,12.14,15751983,0,1
2025-01-10,12.06,12.29,11.88,12.22,6028703,12.06,12.29,11.88,12.22,6028703,0,1
2025-01-13,11.94,11.98,11.61,11.81,7241224,11.94,11.98,11.61,11.81,7241224,0,1
2025-01-14,12.88,13.02,12.47,12.61,10702574,12.88,13.02,12.47,12.61,10702574,0,1
2025-01-15,13,13.19,12.7901,13.05,8821305,13,13.19,12.7901,13.05,8821305,0,1
2025-01-16,13.62,14.11,13.6,13.87,13353371,13.62,14.11,13.6,13.87,13353371,0,1
2025-01-17,13.975,14.209,13.85,14.13,9576044,13.975,14.209,13.85,14.13,9576044,0,1
2025-01-21,14.92,15.11,14.6528,15,16467863,14.92,15.11,14.6528,15,16467863,0,1
2025-01-22,14.795,14.87,14.41,14.53,10503420,14.795,14.87,14.41,14.53,10503420,0,1
2025-01-23,14.26,14.2976,14.01,14.24,7069933,14.26,14.2976,14.01,14.24,7069933,0,1
2025-01-24,14.57,14.89,14.4,14.68,6733900,14.57,14.89,14.4,14.68,6733900,0,1
2025-01-27,14.98,15.44,14.73,15.09,12457076,14.98,15.44,14.73,15.09,12457076,0,1
2025-01-28,15.1,15.185,14.79,15.11,6372302,15.1,15.185,14.79,15.11,6372302,0,1
2025-01-29,15.23,15.27,14.745,14.81,4532822,15.23,15.27,14.745,14.81,4532822,0,1
2025-01-30,14.96,15.89,14.8101,15.57,10289833,14.96,15.89,14.8101,15.57,10289833,0,1
2025-01-31,15.55,15.69,15,15.22,7028418,15.55,15.69,15,15.22,7028418,0,1
2025-02-03,14.88,16.235,14.76,15.69,12567585,14.88,16.235,14.76,15.69,12567585,0,1
2025-02-04,16.54,17.3,16.54,16.99,15966063,16.54,17.3,16.54,16.99,15966063,0,1
2025-02-05,16.63,16.75,16.3,16.55,8542038,16.63,16.75,16.3,16.55,8542038,0,1
2025-02-06,17.28,17.4,16.985,17.1,9517447,17.28,17.4,16.985,17.1,9517447,0,1
2025-02-07,17.535,17.7,16.445,16.93,13576392,17.535,17.7,16.445,16.93,13576392,0,1
2025-02-10,17.25,17.28,16.16,16.65,15266338,17.25,17.28,16.16,16.65,15266338,0,1
2025-02-11,15.58,15.845,15.42,15.52,14662088,15.58,15.845,15.42,15.52,14662088,0,1
2025-02-12,15.84,16.13,15.83,16.03,8297488,15.84,16.13,15.83,16.03,8297488,0,1
2025-02-13,15.43,16.025,15.42,15.95,8006034,15.43,16.025,15.42,15.95,8006034,0,1
2025-02-14,16.59,16.77,16.3321,16.66,9433447,16.59,16.77,16.3321,16.66,9433447,0,1
2025-02-18,17.28,17.58,17.13,17.48,11535095,17.28,17.58,17.13,17.48,11535095,0,1
2025-02-19,18,18.29,17.88,17.99,16680308,18,18.29,17.88,17.99,16680308,0,1
2025-02-20,18.05,18.08,17.455,17.7,8467337,18.05,18.08,17.455,17.7,8467337,0,1
2025-02-21,18.42,19.36,18.3312,18.4,13883292,18.42,19.36,18.3312,18.4,13883292,0,1
2025-02-24,18.35,18.575,17.785,18.14,9283664,18.35,18.575,17.785,18.14,9283664,0,1
2025-02-25,19.37,19.47,18.69,19.13,13479861,19.37,19.47,18.69,19.13,13479861,0,1
2025-02-26,20.74,22.26,20.4805,21.99,28935889,20.74,22.26,20.4805,21.99,28935889,0,1
2025-02-27,21.71,22.8,21.66,22.26,17058933,21.71,22.8,21.66,22.26,17058933,0,1
2025-02-28,20.59,21.515,20.34,21.49,14479706,20.59,21.515,20.34,21.49,14479706,0,1
2025-03-03,20.54,20.75,19.97,20.25,15162077,20.54,20.75,19.97,20.25,15162077,0,1
2025-03-04,19.75,20.455,19.28,20.22,10376230,19.75,20.455,19.28,20.22,10376230,0,1
2025-03-05,21.45,21.99,21.17,21.66,11349043,21.45,21.99,21.17,21.66,11349043,0,1
2025-03-06,22.1,22.92,21.77,22.23,14987704,22.1,22.92,21.77,22.23,14987704,0,1
2025-03-07,23.01,23.89,22.64,23.6,12819947,23.01,23.89,22.64,23.6,12819947,0,1
2025-03-10,22.654,23.98,22.6,22.95,17967015,22.654,23.98,22.6,22.95,17967015,0,1
2025-03-11,25.25,27.16,25.25,26.34,29309131,25.25,27.16,25.25,26.34,29309131,0,1
2025-03-12,24.944,26.17,24.47,24.73,19218123,24.944,26.17,24.47,24.73,19218123,0,1
2025-03-13,24.61,26.1,24.36,25.35,19682930,24.61,26.1,24.36,25.35,19682930,0,1
2025-03-14,23.96,24.26,23.42,23.73,18595293,23.96,24.26,23.42,23.73,18595293,0,1
2025-03-17,24.27,24.7699,23.86,24.56,12560822,24.27,24.7699,23.86,24.56,12560822,0,1
2025-03-18,23.34,23.35,22,22.64,22589598,23.34,23.35,22,22.64,22589598,0,1
2025-03-19,23.27,24.2,22.83,23.8,13545033,23.27,24.2,22.83,23.8,13545033,0,1
2025-03-20,22.71,22.85,21.93,22.07,15581803,22.71,22.85,21.93,22.07,15581803,0,1
2025-03-21,21.11,21.99,21,21.8,12613119,21.11,21.99,21,21.8,12613119,0,1
2025-03-24,21.8,21.81,21.15,21.39,11872750,21.8,21.81,21.15,21.39,11872750,0,1
2025-03-25,20.41,21.3,20.35,21.01,10687931,20.41,21.3,20.35,21.01,10687931,0,1
2025-03-26,21,21,20.44,20.72,6708752,21,21,20.44,20.72,6708752,0,1
2025-03-27,20.095,20.46,19.8,20.2,12982091,20.095,20.46,19.8,20.2,12982091,0,1
2025-03-28,19.81,19.87,19.43,19.7,8483576,19.81,19.87,19.43,19.7,8483576,0,1
2025-03-31,20.22,20.885,19.92,20.72,10836564,20.22,20.885,19.92,20.72,10836564,0,1
2025-04-01,21.48,21.68,20.725,20.96,9839562,21.48,21.68,20.725,20.96,9839562,0,1
2025-04-02,21.37,21.575,20.76,21.12,9361445,21.37,21.575,20.76,21.12,9361445,0,1
2025-04-03,20.84,21.33,20.81,21.12,6976357,20.84,21.33,20.81,21.12,6976357,0,1
2025-04-04,19.3,19.795,18.88,19.43,15847344,19.3,19.795,18.88,19.43,15847344,0,1
2025-04-07,17.11,18.85,16.37,17.74,19513351,17.11,18.85,16.37,17.74,19513351,0,1
2025-04-08,17.97,18.015,16.13,16.42,18463952,17.97,18.015,16.13,16.42,18463952,0,1
2025-04-09,16.9,17.77,16.415,17.44,19124387,16.9,17.77,16.415,17.44,19124387,0,1
2025-04-10,18.05,18.79,17.4301,17.97,19870822,18.05,18.79,17.4301,17.97,19870822,0,1
2025-04-11,18.97,20.21,18.835,20,21437577,18.97,20.21,18.835,20,21437577,0,1
2025-04-14,20.7,21.25,20.56,21.08,12740820,20.7,21.25,20.56,21.08,12740820,0,1
2025-04-15,20.29,20.29,19.6212,19.81,9550153,20.29,20.29,19.6212,19.81,9550153,0,1
2025-04-16,19.04,19.2,18.53,18.71,9824594,19.04,19.2,18.53,18.71,9824594,0,1
2025-04-17,18.88,19.12,18.2,18.22,5935100,18.88,19.12,18.2,18.22,5935100,0,1
2025-04-21,18.19,18.24,17.65,18.2,5449501,18.19,18.24,17.65,18.2,5449501,0,1
2025-04-22,18.84,19.32,18.6,19.07,6586974,18.84,19.32,18.6,19.07,6586974,0,1
2025-04-23,20.53,21.05,20.4,20.47,10205205,20.53,21.05,20.4,20.47,10205205,0,1
2025-04-24,20.3,21.04,20.29,20.8,5617381,20.3,21.04,20.29,20.8,5617381,0,1
2025-04-25,20.28,20.315,19.655,20.08,7296418,20.28,20.315,19.655,20.08,7296418,0,1
2025-04-28,19.81,20.298,19.62,19.93,6099639,19.81,20.298,19.62,19.93,6099639,0,1
2025-04-29,18.92,19.285,18.45,18.67,11910367,18.92,19.285,18.45,18.67,11910367,0,1
2025-04-30,18.42,18.73,18.25,18.6,4645113,18.42,18.73,18.25,18.6,4645113,0,1
2025-05-01,18.93,18.99,18.62,18.67,5564455,18.93,18.99,18.62,18.67,5564455,0,1
2025-05-02,19.86,19.93,19.55,19.76,6619809,19.86,19.93,19.55,19.76,6619809,0,1
2025-05-05,19.6,20.0385,19.4,19.94,4334682,19.6,20.0385,19.4,19.94,4334682,0,1
2025-05-06,19.62,19.86,19.48,19.74,5985676,19.62,19.86,19.48,19.74,5985676,0,1
2025-05-07,19.3,19.53,19.08,19.18,5224888,19.3,19.53,19.08,19.18,5224888,0,1
2025-05-08,19.71,19.71,19.32,19.6,4934400,19.71,19.71,19.32,19.6,4934400,0,1
2025-05-09,19.465,19.78,19.39,19.63,4307379,19.465,19.78,19.39,19.63,4307379,0,1
2025-05-12,21.15,21.35,20.88,21.12,11396335,21.15,21.35,20.88,21.12,11396335,0,1
2025-05-13,20.36,20.82,20.14,20.77,8608753,20.36,20.82,20.14,20.77,8608753,0,1
2025-05-14,20.94,21.1,20.62,20.91,4702256,20.94,21.1,20.62,20.91,4702256,0,1
2025-05-15,20.41,20.665,20.26,20.62,4764734,20.41,20.665,20.26,20.62,4764734,0,1
2025-05-16,20.23,20.68,20.15,20.67,5680710,20.23,20.68,20.15,20.67,5680710,0,1
2025-05-19,19.88,20.03,19.52,19.98,7710333,19.88,20.03,19.52,19.98,7710333,0,1
2025-05-20,20.01,20.09,19.68,19.69,6628122,20.01,20.09,19.68,19.69,6628122,0,1
2025-05-21,21.13,22.85,21,22.25,28740085,21.13,22.85,21,22.25,28740085,0,1
2025-05-22,21.29,21.29,20.5,20.5,13081758,21.29,21.29,20.5,20.5,13081758,0,1
2025-05-23,19.93,20.21,19.82,20,8982844,19.93,20.21,19.82,20,8982844,0,1
2025-05-27,19.3,19.57,19.12,19.33,8687496,19.3,19.57,19.12,19.33,8687496,0,1
2025-05-28,19.6,19.77,19.33,19.33,5749371,19.6,19.77,19.33,19.33,5749371,0,1
2025-05-29,20.32,20.38,19.95,20.1,6381626,20.32,20.38,19.95,20.1,6381626,0,1
2025-05-30,19.6,19.62,19.07,19.31,6441960,19.6,19.62,19.07,19.31,6441960,0,1
2025-06-02,19.26,19.35,19.06,19.26,3889917,19.26,19.35,19.06,19.26,3889917,0,1
2025-06-03,19.67,19.675,19.4,19.63,3885631,19.67,19.675,19.4,19.63,3885631,0,1
2025-06-04,20.06,20.54,19.89,20.37,6331611,20.06,20.54,19.89,20.37,6331611,0,1
2025-06-05,20.31,20.43,19.78,19.98,6188422,20.31,20.43,19.78,19.98,6188422,0,1
2025-06-06,19.75,19.89,19.3,19.5,5476483,19.75,19.89,19.3,19.5,5476483,0,1
2025-06-09,19.85,20.16,19.705,20.16,5219991,19.85,20.16,19.705,20.16,5219991,0,1
2025-06-10,20.37,20.48,20.05,20.48,4392534,20.37,20.48,20.05,20.48,4392534,0,1
2025-06-11,20.8,21.05,20.39,20.43,6822559,20.8,21.05,20.39,20.43,6822559,0,1
2025-06-12,19.855,19.99,19.21,19.23,9400833,19.855,19.99,19.21,19.23,9400833,0,1
2025-06-13,18.5,18.5974,18.15,18.18,10367487,18.5,18.5974,18.15,18.18,10367487,0,1
2025-06-16,18.745,19.04,18.64,18.65,4871579,18.745,19.04,18.64,18.65,4871579,0,1
2025-06-17,19.055,19.09,18.56,18.57,5319305,19.055,19.09,18.56,18.57,5319305,0,1
2025-06-18,18.55,18.745,18.435,18.61,4219031,18.55,18.745,18.435,18.61,4219031,0,1
2025-06-20,18.51,18.59,18.17,18.31,6124256,18.51,18.59,18.17,18.31,6124256,0,1
2025-06-23,18.75,19.18,18.72,19.17,5568313,18.75,19.18,18.72,19.17,5568313,0,1
2025-06-24,19.5,19.95,19.28,19.85,6982870,19.5,19.95,19.28,19.85,6982870,0,1
2025-06-25,19.62,19.63,19.09,19.2,4407009,19.62,19.63,19.09,19.2,4407009,0,1
2025-06-26,18.95,19,17.9,17.95,16993291,18.95,19,17.9,17.95,16993291,0,1
2025-06-27,18.215,18.215,17.88,18.13,7528058,18.215,18.215,17.88,18.13,7528058,0,1
2025-06-30,17.91,17.98,17.71,17.88,6097689,17.91,17.98,17.71,17.88,6097689,0,1
2025-07-01,18.03,18.565,17.92,18.26,8221056,18.03,18.565,17.92,18.26,8221056,0,1
2025-07-02,18.41,18.52,18.165,18.37,4041499,18.41,18.52,18.165,18.37,4041499,0,1
2025-07-03,18.97,19.11,18.5001,18.85,6877389,18.97,19.11,18.5001,18.85,6877389,0,1
2025-07-07,18.055,18.18,17.85,17.91,7289179,18.055,18.18,17.85,17.91,7289179,0,1
2025-07-08,18.09,18.1,17.8,17.93,4849598,18.09,18.1,17.8,17.93,4849598,0,1
2025-07-09,17.7,17.73,17.46,17.65,5134350,17.7,17.73,17.46,17.65,5134350,0,1
2025-07-10,17.43,17.4768,17.26,17.43,5402519,17.43,17.4768,17.26,17.43,5402519,0,1
2025-07-11,17.4,17.745,17.34,17.4,6053357,17.4,17.745,17.34,17.4,6053357,0,1
2025-07-14,17.495,17.73,17.425,17.64,4537542,17.495,17.73,17.425,17.64,4537542,0,1
2025-07-15,18,18.18,17.67,17.92,7175271,18,18.18,17.67,17.92,7175271,0,1
2025-07-16,17.82,17.965,17.44,17.93,4909805,17.82,17.965,17.44,17.93,4909805,0,1
2025-07-17,18,18.51,18,18.22,7576283,18,18.51,18,18.22,7576283,0,1
2025-07-18,18.4,18.67,18.265,18.31,5370375,18.4,18.67,18.265,18.31,5370375,0,1
2025-07-21,18.355,18.508,18.154,18.24,3849870,18.355,18.508,18.154,18.24,3849870,0,1
2025-07-22,18.45,19.1,18.31,18.87,9514570,18.45,19.1,18.31,18.87,9514570,0,1
2025-07-23,19.02,19.42,18.7018,18.83,6241068,19.02,19.42,18.7018,18.83,6241068,0,1
2025-07-24,19.215,19.3282,18.895,19.13,5780316,19.215,19.3282,18.895,19.13,5780316,0,1
2025-07-25,18.86,19.04,18.63,18.97,4382934,18.86,19.04,18.63,18.97,4382934,0,1
2025-07-28,19.06,19.18,18.865,18.94,3224712,19.06,19.18,18.865,18.94,3224712,0,1
2025-07-29,18.95,19,18.07,18.4,7831419,18.95,19,18.07,18.4,7831419,0,1
2025-07-30,17.96,18.16,17.86,18.03,4425465,17.96,18.16,17.86,18.03,4425465,0,1
2025-07-31,18.1,18.305,17.98,18.21,4185551,18.1,18.305,17.98,18.21,4185551,0,1
2025-08-01,18.05,18.175,17.81,18.05,4368730,18.05,18.175,17.81,18.05,4368730,0,1
2025-08-04,18.58,18.87,18.57,18.86,6161532,18.58,18.87,18.57,18.86,6161532,0,1
2025-08-05,19.13,19.515,19.12,19.29,8316163,19.13,19.515,19.12,19.29,8316163,0,1
2025-08-06,19.64,19.705,18.91,19.27,6749546,19.64,19.705,18.91,19.27,6749546,0,1
2025-08-07,19.4,19.63,19.36,19.62,3545705,19.4,19.63,19.36,19.62,3545705,0,1
2025-08-08,20,20.32,19.7,20.2,9112414,20,20.32,19.7,20.2,9112414,0,1
2025-08-11,21.03,21.62,21.03,21.38,11449160,21.03,21.62,21.03,21.38,11449160,0,1
2025-08-12,21.02,21.04,19.96,20.08,10385162,21.02,21.04,19.96,20.08,10385162,0,1
2025-08-13,20.35,20.39,19.82,20.17,5876587,20.35,20.39,19.82,20.17,5876587,0,1
2025-08-14,19.6,19.6065,19.1,19.38,9048131,19.6,19.6065,19.1,19.38,9048131,0,1
2025-08-15,19.61,20.1,19.6,19.7,5670282,19.61,20.1,19.6,19.7,5670282,0,1
2025-08-18,20.29,20.33,19.62,19.9,11125747,20.29,20.33,19.62,19.9,11125747,0,1
2025-08-19,20.49,21.08,19.95,20.74,19955336,20.49,21.08,19.95,20.74,19955336,0,1
2025-08-20,20.49,20.5313,20.0413,20.37,6007955,20.49,20.5313,20.0413,20.37,6007955,0,1
2025-08-21,21.51,23.27,21.41,22.75,32626963,21.51,23.27,21.41,22.75,32626963,0,1
2025-08-22,23.33,24.1,22.95,23.75,16052829,23.33,24.1,22.95,23.75,16052829,0,1
2025-08-25,23.53,23.69,23.07,23.07,8564460,23.53,23.69,23.07,23.07,8564460,0,1
2025-08-26,24,24.96,23.95,24.33,12645918,24,24.96,23.95,24.33,12645918,0,1
2025-08-27,23.4,23.63,22.42,22.7,14918704,23.4,23.63,22.42,22.7,14918704,0,1
2025-08-28,22.165,22.49,21.6,21.91,10756087,22.165,22.49,21.6,21.91,10756087,0,1
2025-08-29,21.67,21.71,20.875,21.02,10038506,21.67,21.71,20.875,21.02,10038506,0,1
2025-09-02,20.7,20.96,20.48,20.79,8387444,20.7,20.96,20.48,20.79,8387444,0,1
2025-09-03,20.22,20.3774,19.96,20.25,7713472,20.22,20.3774,19.96,20.25,7713472,0,1
2025-09-04,19.8,19.965,19.66,19.84,7104615,19.8,19.965,19.66,19.84,7104615,0,1
2025-09-05,19.93,20.12,19.76,19.83,5608337,19.93,20.12,19.76,19.83,5608337,0,1
2025-09-08,20.43,20.85,20.35,20.58,10542270,20.43,20.85,20.35,20.58,10542270,0,1
2025-09-09,20.65,20.98,20.51,20.75,5941836,20.65,20.98,20.51,20.75,5941836,0,1
2025-09-10,20.32,20.43,20.01,20.1,8502065,20.32,20.43,20.01,20.1,8502065,0,1
2025-09-11,20.31,20.655,20.27,20.58,5002177,20.31,20.655,20.27,20.58,5002177,0,1
2025-09-12,20.55,21.05,20.49,20.87,5811406,20.55,21.05,20.49,20.87,5811406,0,1
2025-09-15,21.5,21.77,21.21,21.33,6643363,21.5,21.77,21.21,21.33,6643363,0,1
2025-09-16,21.06,21.495,20.92,21.45,7157721,21.06,21.495,20.92,21.45,7157721,0,1
2025-09-17,21.825,21.88,21.37,21.6,7594461,21.825,21.88,21.37,21.6,7594461,0,1
2025-09-18,21.04,21.41,20.96,21.29,5429842,21.04,21.41,20.96,21.29,5429842,0,1
2025-09-19,21.76,21.8999,21.42,21.66,4651889,21.76,21.8999,21.42,21.66,4651889,0,1
2025-09-22,21.54,21.72,21.3023,21.36,4457620,21.54,21.72,21.3023,21.36,4457620,0,1
2025-09-23,21.55,21.785,21.19,21.19,4648311,21.55,21.785,21.19,21.19,4648311,0,1
2025-09-24,21.415,21.84,21.22,21.27,4890666,21.415,21.84,21.22,21.27,4890666,0,1
2025-09-25,21.94,23.275,21.72,22.25,15856997,21.94,23.275,21.72,22.25,15856997,0,1
2025-09-26,23.21,23.21,22.4007,22.79,9558361,23.21,23.21,22.4007,22.79,9558361,0,1
2025-09-29,23.06,23.265,22.8,23.19,7721197,23.06,23.265,22.8,23.19,7721197,0,1
2025-09-30,23.89,24.08,23.39,23.42,9080237,23.89,24.08,23.39,23.42,9080237,0,1
2025-10-01,23.93,23.93,23.032,23.7,5831511,23.93,23.93,23.032,23.7,5831511,0,1
2025-10-02,24.28,24.53,23.66,23.81,7507220,24.28,24.53,23.66,23.81,7507220,0,1
2025-10-03,23.49,23.54,22.44,23.07,10981315,23.49,23.54,22.44,23.07,10981315,0,1
2025-10-06,23.07,23.89,22.945,23.63,8329398,23.07,23.89,22.945,23.63,8329398,0,1
2025-10-07,23.63,24.175,23.3412,23.67,7285610,23.63,24.175,23.3412,23.67,7285610,0,1
2025-10-08,23.71,24.27,23.6,24.19,6493644,23.71,24.27,23.6,24.19,6493644,0,1
2025-10-09,23.52,23.54,22.55,22.91,11885801,23.52,23.54,22.55,22.91,11885801,0,1
2025-10-10,22.44,22.495,20.845,21.02,15180487,22.44,22.495,20.845,21.02,15180487,0,1
2025-10-13,21.635,21.77,21.25,21.73,6122004,21.635,21.77,21.25,21.73,6122004,0,1
2025-10-14,21.06,21.47,20.81,21.29,5120154,21.06,21.47,20.81,21.29,5120154,0,1
2025-10-15,21.95,22.13,21.445,21.64,5472362,21.95,22.13,21.445,21.64,5472362,0,1
2025-10-16,21.35,21.47,21.02,21.37,4551980,21.35,21.47,21.02,21.37,4551980,0,1
2025-10-17,20.79,21.265,20.74,21.2,4852209,20.79,21.265,20.74,21.2,4852209,0,1
2025-10-20,21.22,21.47,21.005,21.46,3460322,21.22,21.47,21.005,21.46,3460322,0,1
2025-10-21,21.66,21.98,21.43,21.48,3409679,21.66,21.98,21.43,21.48,3409679,0,1
2025-10-22,21.32,21.8,20.95,21.24,4529511,21.32,21.8,20.95,21.24,4529511,0,1
2025-10-23,21.21,21.57,21.06,21.47,3105744,21.21,21.57,21.06,21.47,3105744,0,1
2025-10-24,21.54,22.08,21.51,21.62,4644951,21.54,22.08,21.51,21.62,4644951,0,1
2025-10-27,22,23.29,21.95,23.02,13045407,22,23.29,21.95,23.02,13045407,0,1
2025-10-28,22.85,23.35,22.43,23.34,6247658,22.85,23.35,22.43,23.34,6247658,0,1
2025-10-29,23.07,23.745,23.05,23.18,7325481,23.07,23.745,23.05,23.18,7325481,0,1
2025-10-30,22.65,23.185,22.55,22.95,6114812,22.65,23.185,22.55,22.95,6114812,0,1
2025-10-31,22.71,23.58,22.59,23.49,8949297,22.71,23.58,22.59,23.49,8949297,0,1
2025-11-03,23.75,23.98,23.49,23.61,7920993,23.75,23.98,23.49,23.61,7920993,0,1
2025-11-04,22.81,23.32,22.39,22.69,9244919,22.81,23.32,22.39,22.69,9244919,0,1
2025-11-05,23.01,23.01,21.355,21.79,14168979,23.01,23.01,21.355,21.79,14168979,0,1
2025-11-06,23.4,24.9,23.05,23.89,40897881,23.4,24.9,23.05,23.89,40897881,0,1
2025-11-07,23.13,23.23,21.595,22.42,21180098,23.13,23.23,21.595,22.42,21180098,0,1
2025-11-10,23.72,26.0653,23.55,26.04,39247120,23.72,26.0653,23.55,26.04,39247120,0,1
2025-11-11,27.35,28.235,26.13,28.07,45793125,27.35,28.235,26.13,28.07,45793125,0,1
2025-11-12,27.29,28.2,26.77,27.28,25870241,27.29,28.2,26.77,27.28,25870241,0,1
2025-11-13,26.99,27.57,26.2309,26.38,19998833,26.99,27.57,26.2309,26.38,19998833,0,1
2025-11-14,25.12,26.03,24.87,25.01,27569551,25.12,26.03,24.87,25.01,27569551,0,1
2025-11-17,24.04,24.17,22.165,22.43,35079104,24.04,24.17,22.165,22.43,35079104,0,1
2025-11-18,22.19,22.915,21.93,22.62,14754228,22.19,22.915,21.93,22.62,14754228,0,1
2025-11-19,21.89,22.23,20.98,21.17,16515055,21.89,22.23,20.98,21.17,16515055,0,1
2025-11-20,21.06,21.27,20.08,20.09,15212426,21.06,21.27,20.08,20.09,15212426,0,1
2025-11-21,20,20.6,19.8404,20.36,10522242,20,20.6,19.8404,20.36,10522242,0,1
2025-11-24,21.03,21.08,20.725,20.93,9182329,21.03,21.08,20.725,20.93,9182329,0,1
2025-11-25,20.84,21.74,20.58,21.62,11176173,20.84,21.74,20.58,21.62,11176173,0,1
2025-11-26,21.285,21.525,20.79,21.14,9481155,21.285,21.525,20.79,21.14,9481155,0,1
2025-11-28,21.5,21.99,21.48,21.83,6053972,21.5,21.99,21.48,21.83,6053972,0,1
2025-12-01,21.275,21.555,21,21.35,7795694,21.275,21.555,21,21.35,7795694,0,1
2025-12-02,20.4,20.5075,19.485,19.66,16741102,20.4,20.5075,19.485,19.66,16741102,0,1
2025-12-03,19.54,19.56,18.545,18.87,15945031,19.54,19.56,18.545,18.87,15945031,0,1
2025-12-04,19.56,19.735,19.305,19.5,9868018,19.56,19.735,19.305,19.5,9868018,0,1
2025-12-05,19.99,20.12,19.815,20,6238018,19.99,20.12,19.815,20,6238018,0,1
2025-12-08,19.98,20.58,19.837,20.52,6206807,19.98,20.58,19.837,20.52,6206807,0,1
2025-12-09,19.87,19.93,19.56,19.81,6795329,19.87,19.93,19.56,19.81,6795329,0,1
2025-12-10,19.78,19.9,19.57,19.65,5679631,19.78,19.9,19.57,19.65,5679631,0,1
2025-12-11,19.24,19.3799,18.96,19.19,9968596,19.24,19.3799,18.96,19.19,9968596,0,1
2025-12-12,19.45,19.53,18.945,18.99,6459555,19.45,19.53,18.945,18.99,6459555,0,1
2025-12-15,19,19.05,18.27,18.31,8497478,19,19.05,18.27,18.31,8497478,0,1
2025-12-16,18.435,18.695,18.325,18.47,8163955,18.435,18.695,18.325,18.47,8163955,0,1
2025-12-17,18.52,18.725,17.92,18.09,7870850,18.52,18.725,17.92,18.09,7870850,0,1
2025-12-18,18.5,18.82,18.39,18.6,6560647,18.5,18.82,18.39,18.6,6560647,0,1
2025-12-19,19.68,20.1,19.61,19.86,12119784,19.68,20.1,19.61,19.86,12119784,0,1
2025-12-22,20,20.07,19.81,20.02,4496883,20,20.07,19.81,20.02,4496883,0,1
2025-12-23,19.61,19.72,19.2437,19.7,4693678,19.61,19.72,19.2437,19.7,4693678,0,1
2025-12-24,19.59,19.735,19.5,19.57,2013316,19.59,19.735,19.5,19.57,2013316,0,1
2025-12-26,19.825,21.19,19.8,20.78,14171941,19.825,21.19,19.8,20.78,14171941,0,1
2025-12-29,20.1,20.59,20.05,20.5,6491503,20.1,20.59,20.05,20.5,6491503,0,1
2025-12-30,21.22,21.965,21.04,21.28,12965545,21.22,21.965,21.04,21.28,12965545,0,1
2025-12-31,20.5,20.545,19.86,20.28,9955068,20.5,20.545,19.86,20.28,9955068,0,1
2026-01-02,20.57,20.5823,19.722,20.43,9859295,20.57,20.5823,19.722,20.43,9859295,0,1
2026-01-05,19.72,20.185,19.43,20.15,8411186,19.72,20.185,19.43,20.15,8411186,0,1
2026-01-06,20.5,20.665,20.022,20.11,5138764,20.5,20.665,20.022,20.11,5138764,0,1
2026-01-07,20.125,20.13,19.8642,19.88,3916871,20.125,20.13,19.8642,19.88,3916871,0,1
2026-01-08,20.09,20.67,19.99,20.52,6826354,20.09,20.67,19.99,20.52,6826354,0,1
2026-01-09,20.5,20.52,19.8,20.02,5427287,20.5,20.52,19.8,20.02,5427287,0,1
2026-01-12,20.985,21.985,20.58,21.71,15795334,20.985,21.985,20.58,21.71,15795334,0,1
2026-01-13,21.25,21.46,20.92,21.05,8583241,21.25,21.46,20.92,21.05,8583241,0,1
2026-01-14,20.98,21,20.39,20.58,6627897,20.98,21,20.39,20.58,6627897,0,1
2026-01-15,20.87,21.13,20.4,20.88,4696696,20.87,21.13,20.4,20.88,4696696,0,1
2026-01-16,20.84,20.84,20.21,20.65,7087741,20.84,20.84,20.21,20.65,7087741,0,1
2026-01-20,20.13,20.31,19.87,20,5671432,20.13,20.31,19.87,20,5671432,0,1
2026-01-21,20.2,20.46,20.01,20.34,3717982,20.2,20.46,20.01,20.34,3717982,0,1
2026-01-22,19.915,20.095,19.682,19.93,6599067,19.915,20.095,19.682,19.93,6599067,0,1
2026-01-23,19.75,19.78,19.01,19.25,9465515,19.75,19.78,19.01,19.25,9465515,0,1
2026-01-26,18.83,18.98,18.69,18.79,5861817,18.83,18.98,18.69,18.79,5861817,0,1
2026-01-27,18.81,18.815,18.555,18.57,3980092,18.81,18.815,18.555,18.57,3980092,0,1
2026-01-28,19.23,19.28,18.575,18.66,5684844,19.23,19.28,18.575,18.66,5684844,0,1
2026-01-29,18.78,19.125,18.31,18.59,6943616,18.78,19.125,18.31,18.59,6943616,0,1
2026-01-30,18.3,18.46,17.855,17.98,6835909,18.3,18.46,17.855,17.98,6835909,0,1
2026-02-02,17.22,17.24,16.16,16.49,16635742,17.22,17.24,16.16,16.49,16635742,0,1
2026-02-03,16.8,17.24,16.535,17.16,7911832,16.8,17.24,16.535,17.16,7911832,0,1
2026-02-04,16.95,17,16.44,16.77,5182572,16.95,17,16.44,16.77,5182572,0,1
2026-02-05,16.96,17.205,16.675,16.88,8527573,16.96,17.205,16.675,16.88,8527573,0,1
2026-02-06,17.15,17.8,17.14,17.72,8274817,17.15,17.8,17.14,17.72,8274817,0,1
2026-02-09,17.51,17.83,17.37,17.54,5341308,17.51,17.83,17.37,17.54,5341308,0,1
2026-02-10,17.69,18.11,17.46,17.82,6002871,17.69,18.11,17.46,17.82,6002871,0,1
2026-02-11,17.91,18.17,17.85,18.11,4089868,17.91,18.17,17.85,18.11,4089868,0,1
2026-02-12,17.91,18.065,17.36,17.7,5157382,17.91,18.065,17.36,17.7,5157382,0,1
2026-02-13,17.58,18.11,17.58,17.94,3218201,17.58,18.11,17.58,17.94,3218201,0,1
2026-02-17,17.75,18.15,17.71,17.84,2397618,17.75,18.15,17.71,17.84,2397618,0,1
2026-02-18,17.84,17.95,17.745,17.82,2167156,17.84,17.95,17.745,17.82,2167156,0,1
2026-02-19,17.76,17.83,17.55,17.75,2162721,17.76,17.83,17.55,17.75,2162721,0,1
2026-02-20,17.31,17.625,17.2185,17.62,2417098,17.31,17.625,17.2185,17.62,2417098,0,1
2026-02-23,17.67,17.92,17.4301,17.56,2329408,17.67,17.92,17.4301,17.56,2329408,0,1
2026-02-24,17.83,18.8,17.83,18.73,8462514,17.83,18.8,17.83,18.73,8462514,0,1
2026-02-25,18.27,18.41,18.01,18.18,4648666,18.27,18.41,18.01,18.18,4648666,0,1
2026-02-26,17.41,17.795,17.215,17.76,6469393,17.41,17.795,17.215,17.76,6469393,0,1
2026-02-27,17.48,17.62,17.34,17.56,3129018,17.48,17.62,17.34,17.56,3129018,0,1
2026-03-02,16.96,17.02,16.675,16.99,5474475,16.96,17.02,16.675,16.99,5474475,0,1
2026-03-03,15.95,15.97,15.3801,15.87,9544301,15.95,15.97,15.3801,15.87,9544301,0,1
2026-03-04,16.035,16.315,16.02,16.17,6145500,16.035,16.315,16.02,16.17,6145500,0,1
2026-03-05,16.27,16.6,16.01,16.34,5885774,16.27,16.6,16.01,16.34,5885774,0,1
2026-03-06,16.52,17.43,16.5,17.32,9554598,16.52,17.43,16.5,17.32,9554598,0,1
2026-03-09,17.92,18.8,17.91,18.45,14800178,17.92,18.8,17.91,18.45,14800178,0,1
2026-03-10,18.71,19.25,18.52,18.87,7210293,18.71,19.25,18.52,18.87,7210293,0,1
2026-03-11,19.27,19.54,18.95,19.29,6759824,19.27,19.54,18.95,19.29,6759824,0,1
2026-03-12,19.59,20.42,19.59,19.98,13535126,19.59,20.42,19.59,19.98,13535126,0,1
2026-03-13,20.3,20.48,19.97,19.97,11084128,20.3,20.48,19.97,19.97,11084128,0,1
2026-03-16,19.73,20.295,19.64,20.09,4421273,19.73,20.295,19.64,20.09,4421273,0,1
2026-03-17,19.95,20.01,19.14,19.16,9650654,19.95,20.01,19.14,19.16,9650654,0,1
2026-03-18,18.99,19.095,18.7,18.77,5468518,18.99,19.095,18.7,18.77,5468518,0,1
2026-03-19,18.7,19.215,18.52,19.15,5739580,18.7,19.215,18.52,19.15,5739580,0,1
2026-03-20,18.355,18.7,17.39,17.55,14301623,18.355,18.7,17.39,17.55,14301623,0,1
2026-03-23,18.31,19.05,18.16,18.87,10391506,18.31,19.05,18.16,18.87,10391506,0,1
2026-03-24,18.55,19.04,18.48,18.86,4881337,18.55,19.04,18.48,18.86,4881337,0,1
2026-03-25,18.5,18.895,18.41,18.86,4832488,18.5,18.895,18.41,18.86,4832488,0,1
2026-03-26,18.04,18.19,17.315,17.61,8856737,18.04,18.19,17.315,17.61,8856737,0,1
2026-03-27,17.53,17.67,16.82,16.93,6760082,17.53,17.67,16.82,16.93,6760082,0,1
2026-03-30,17.05,17.09,16.565,16.72,5012287,17.05,17.09,16.565,16.72,5012287,0,1
2026-03-31,16.6,17.2,16.25,17.11,5673263,16.6,17.2,16.25,17.11,5673263,0,1
2026-04-01,17.47,17.725,17.39,17.51,5682648,17.47,17.725,17.39,17.51,5682648,0,1
2026-04-02,17.02,17.725,17.02,17.7,3412044,17.02,17.725,17.02,17.7,3412044,0,1
2026-04-06,17.71,17.77,17.3,17.4,2220677,17.71,17.77,17.3,17.4,2220677,0,1
2026-04-07,17.26,17.34,16.875,17.22,2717891,17.26,17.34,16.875,17.22,2717891,0,1
2026-04-08,18.01,18.08,17.74,17.8,4277827,18.01,18.08,17.74,17.8,4277827,0,1
2026-04-09,17.2,17.345,16.87,17.29,5157018,17.2,17.345,16.87,17.29,5157018,0,1
2026-04-10,17.23,17.745,17.2,17.42,5511519,17.23,17.745,17.2,17.42,5511519,0,1
2026-04-13,17.28,17.49,17.2,17.47,2311453,17.28,17.49,17.2,17.47,2311453,0,1
2026-04-14,17.25,17.895,17.235,17.87,5758396,17.25,17.895,17.235,17.87,5758396,0,1
2026-04-15,17.31,17.7599,17.22,17.66,6689608,17.31,17.7599,17.22,17.66,6689608,0,1
2026-04-16,17.92,18.49,17.61,18.25,6910094,17.92,18.49,17.61,18.25,6910094,0,1
2026-04-17,18.19,18.355,17.9675,18.1,5609680,18.19,18.355,17.9675,18.1,5609680,0,1
2026-04-20,17.8,17.81,17.5,17.8,5534982,17.8,17.81,17.5,17.8,5534982,0,1
2026-04-21,17.45,17.51,17.09,17.21,6855475,17.45,17.51,17.09,17.21,6855475,0,1
2026-04-22,17.07,17.105,16.93,16.97,5107753,17.07,17.105,16.93,16.97,5107753,0,1
2026-04-23,16.26,16.31,15.695,15.9,16932379,16.26,16.31,15.695,15.9,16932379,0,1
2026-04-24,16.3,16.67,16.175,16.66,7623744,16.3,16.67,16.175,16.66,7623744,0,1
2026-04-27,16.5,16.995,16.41,16.56,5007076,16.5,16.995,16.41,16.56,5007076,0,1
2026-04-28,15.96,16.2099,15.71,16.15,8781779,15.96,16.2099,15.71,16.15,8781779,0,1
2026-04-29,15.93,16.04,15.82,15.86,5257955,15.93,16.04,15.82,15.86,5257955,0,1
2026-04-30,15.76,16.38,15.6,16.3,6352803,15.76,16.38,15.6,16.3,6352803,0,1
2026-05-01,16.205,16.505,15.825,15.83,7634024,16.205,16.505,15.825,15.83,7634024,0,1
2026-05-04,15.93,16.18,15.9,15.98,3405162,15.93,16.18,15.9,15.98,3405162,0,1
2026-05-05,16.07,16.15,15.815,15.82,3136720,16.07,16.15,15.815,15.82,3136720,0,1
2026-05-06,15.6,15.988,15.44,15.93,6253755,15.6,15.988,15.44,15.93,6253755,0,1
2026-05-07,15.87,15.95,15.495,15.55,5520223,15.87,15.95,15.495,15.55,5520223,0,1
2026-05-08,15.64,15.8,15.575,15.62,4292403,15.64,15.8,15.575,15.62,4292403,0,1
2026-05-11,15.94,16.4,15.92,16.15,7301319,15.94,16.4,15.92,16.15,7301319,0,1
2026-05-12,16.05,16.195,15.79,16.16,6148396,16.05,16.195,15.79,16.16,6148396,0,1
2026-05-13,15.94,16.875,15.85,16.68,9599508,15.94,16.875,15.85,16.68,9599508,0,1
2026-05-14,15.92,16.325,15.66,16.12,10558146,15.92,16.325,15.66,16.12,10558146,0,1
2026-05-15,15.61,15.73,15.46,15.62,6580110,15.61,15.73,15.46,15.62,6580110,0,1
2026-05-18,15.6,15.6,14.91,15.06,8205375,15.6,15.6,14.91,15.06,8205375,0,1
2026-05-19,14.94,14.985,14.75,14.94,4608175,14.94,14.985,14.75,14.94,4608175,0,1
2026-05-20,15.08,15.17,14.72,15.14,4779956,15.08,15.17,14.72,15.14,4779956,0,1
2026-05-21,15.495,15.71,15.2319,15.63,5525706,15.495,15.71,15.2319,15.63,5525706,0,1
2026-05-22,15.28,15.62,15.06,15.59,8785653,15.28,15.62,15.06,15.59,8785653,0,1
2026-05-26,16.51,16.855,16.41,16.55,11675410,16.51,16.855,16.41,16.55,11675410,0,1
2026-05-27,16.07,16.545,16.0356,16.45,9277810,16.07,16.545,16.0356,16.45,9277810,0,1
2026-05-28,16.7,17.13,16.33,16.44,10785741,16.7,17.13,16.33,16.44,10785741,0,1
2026-05-29,16.4,16.745,16.02,16.45,7287571,16.4,16.745,16.02,16.45,7287571,0,1
2026-06-01,17.13,17.6299,17.06,17.2,9439744,17.13,17.6299,17.06,17.2,9439744,0,1
2026-06-02,18.07,18.19,17.855,17.89,10180737,18.07,18.19,17.855,17.89,10180737,0,1
2026-06-03,17.175,17.635,17.175,17.46,5288830,17.175,17.635,17.175,17.46,5288830,0,1
2026-06-04,17,17.17,16.81,16.81,4970021,17,17.17,16.81,16.81,4970021,0,1
2026-06-05,16.5,16.6,15.87,15.95,5823495,16.5,16.6,15.87,15.95,5823495,0,1
2026-06-08,15.96,16.305,15.815,15.83,4877668,15.96,16.305,15.815,15.83,4877668,0,1
2026-06-09,15.75,15.765,15.065,15.48,6795670,15.75,15.765,15.065,15.48,6795670,0,1
2026-06-10,15.22,15.365,14.84,14.86,5865706,15.22,15.365,14.84,14.86,5865706,0,1
2026-06-11,14.46,14.555,13.98,14.46,11604303,14.46,14.555,13.98,14.46,11604303,0,1
2026-06-12,14.71,14.85,14.355,14.49,5872593,14.71,14.85,14.355,14.49,5872593,0,1
2026-06-15,14.38,14.715,14.3,14.49,6957624,14.38,14.715,14.3,14.49,6957624,0,1
2026-06-16,14.06,14.06,13.75,13.84,9199530,14.06,14.06,13.75,13.84,9199530,0,1
2026-06-17,13.53,13.78,13.38,13.44,6584174,13.53,13.78,13.38,13.44,6584174,0,1
2026-06-18,13.184000000000001,13.23,12.97,13.21,10074328,13.184000000000001,13.23,12.97,13.21,10074328,0,1
2026-06-22,13.17,13.58,13.09,13.35,7971342,13.17,13.58,13.09,13.35,7971342,0,1
2026-06-23,12.71,13.05,12.651,12.76,9849399,12.71,13.05,12.651,12.76,9849399,0,1
2026-06-24,12.59,12.7252,12.435,12.48,5433546,12.59,12.7252,12.435,12.48,5433546,0,1
2026-06-25,12.28,12.31,12.065,12.19,5265057,12.28,12.31,12.065,12.19,5265057,0,1
2026-06-26,11.795,12.24,11.77,12.09,8676949,11.795,12.24,11.77,12.09,8676949,0,1
2026-06-29,12.22,12.82,12.18,12.8,10311747,12.22,12.82,12.18,12.8,10311747,0,1
2026-06-30,12.91,13.38,12.77,13.24,9723929,12.91,13.38,12.77,13.24,9723929,0,1
2026-07-01,13.5,13.975,13.4,13.6,7707097,13.5,13.975,13.4,13.6,7707097,0,1
2026-07-02,13.34,13.395,12.76,13.08,11666579,13.34,13.395,12.76,13.08,11666579,0,1
2026-07-06,13.41,13.7,13.31,13.56,7348774,13.41,13.7,13.31,13.56,7348774,0,1
2026-07-07,13.43,13.71,13.105,13.17,4861032,13.43,13.71,13.105,13.17,4861032,0,1
2026-07-08,13.11,13.305,13.03,13.27,7180622,13.11,13.305,13.03,13.27,7180622,0,1
2026-07-09,13.01,13.105,12.86,12.98,7819553,13.01,13.105,12.86,12.98,7819553,0,1
2026-07-10,13.28,13.31,13.005,13.03,3311864,13.28,13.31,13.005,13.03,3311864,0,1
2026-07-13,13,13.14,12.7813,12.95,4396965,13,13.14,12.7813,12.95,4396965,0,1
2026-07-14,13.52,13.5788,13.23,13.36,4192155,13.52,13.5788,13.23,13.36,4192155,0,1
2026-07-15,13.764000000000001,14.26,13.73,13.78,10231700,13.764000000000001,14.26,13.73,13.78,10231700,0,1
2026-07-16,14.32,14.46,14.025,14.04,8465846,14.32,14.46,14.025,14.04,8465846,0,1
2026-07-17,13.28,13.565,13.15,13.53,7371439,13.28,13.565,13.15,13.53,7371439,0,1
2026-07-20,13.48,13.62,13.14,13.19,6575724,13.48,13.62,13.14,13.19,6575724,0,1
2026-07-21,13.235,13.33,13.04,13.33,6665094,13.235,13.33,13.04,13.33,6665094,0,1
2026-07-22,13.12,13.205,12.805,12.85,6949565,13.12,13.205,12.805,12.85,6949565,0,1
2026-07-23,12.89,12.99,12.43,12.76,8302202,12.89,12.99,12.43,12.76,8302202,0,1
2026-07-24,12.68,12.69,12.32,12.33,4043144,12.68,12.69,12.32,12.33,4043144,0,1
2026-07-27,12.67,12.88,12.52,12.78,4851955,12.67,12.88,12.52,12.78,4851955,0,1
2026-07-28,12.64,12.925,12.64,12.71,4415684,12.64,12.925,12.64,12.71,4415684,0,1
2026-07-29,13.005,13.335,12.995,13.06,6954967,13.005,13.335,12.995,13.06,6954967,0,1
2026-07-30,12.78,12.995,12.69,12.98,5199157,12.78,12.995,12.69,12.98,5199157,0,1
2026-07-31,12.99,13.05,12.75,13,5589561,12.99,13.05,12.75,13,5589561,0,1
2026-08-03,12.54,12.6,12.28,12.37,9947079,12.54,12.6,12.28,12.37,9947079,0,1
2026-08-04,12,12.115,11.92,12.05,10022397,12,12.115,11.92,12.05,10022397,0,1
2026-08-05,12.04,12.045,11.725,11.75,8198904,12.04,12.045,11.725,11.75,8198904,0,1
2026-08-06,11.71,11.76,11.54,11.68,6040061,11.71,11.76,11.54,11.68,6040061,0,1
2026-08-07,12,12.175,11.88,12.13,6305334,12,12.175,11.88,12.13,6305334,0,1
2026-08-10,12.02,12.08,11.8301,12,4505479,12.02,12.08,11.8301,12,4505479,0,1
2026-08-11,11.72,11.88,11.64,11.88,5167775,11.72,11.88,11.64,11.88,5167775,0,1
2026-08-12,11.72,11.91,11.6301,11.75,5318597,11.72,11.91,11.6301,11.75,5318597,0,1
2026-08-13,11.635,11.795,11.49,11.78,6833713,11.635,11.795,11.49,11.78,6833713,0,1
2026-08-14,11.8,11.815,11.65,11.7,4876174,11.8,11.815,11.65,11.7,4876174,0,1
2026-08-17,11.875,12.3,11.8,12.2,8953586,11.875,12.3,11.8,12.2,8953586,0,1
2026-08-18,11.95,12.05,11.71,11.74,7191000,11.95,12.05,11.71,11.74,7191000,0,1
2026-08-19,11.87,12.06,11.79,11.99,4796110,11.87,12.06,11.79,11.99,4796110,0,1
2026-08-20,12.15,12.2,11.8201,12,6041300,12.15,12.2,11.8201,12,6041300,0,1
2026-08-21,12.29,12.3316,12.030999999999999,12.19,9459653,12.29,12.3316,12.030999999999999,12.19,9459653,0,1
2026-08-24,11.83,11.9999,11.1,11.15,26442184,11.83,11.9999,11.1,11.15,26442184,0,1
2026-08-25,11.185,11.66,11.06,11.6,13163226,11.185,11.66,11.06,11.6,13163226,0,1
2026-08-26,11.9,12.08,11.7,11.71,8594444,11.9,12.08,11.7,11.71,8594444,0,1
2026-08-27,11.51,11.5456,11.32,11.33,7659254,11.51,11.5456,11.32,11.33,7659254,0,1
2026-08-28,11.59,11.735,11.42,11.53,5372207,11.59,11.735,11.42,11.53,5372207,0,1
2026-08-31,11.5,11.55,11.33,11.36,4608481,11.5,11.55,11.33,11.36,4608481,0,1
2026-09-01,11.3,11.52,11.16,11.17,5363044,11.3,11.52,11.16,11.17,5363044,0,1
2026-09-02,11.12,11.13,10.96,11.08,5461630,11.12,11.13,10.96,11.08,5461630,0,1
2026-09-03,10.935,11.2099,10.72,11.14,7065872,10.935,11.2099,10.72,11.14,7065872,0,1
2026-09-04,11.04,11.135,10.9,10.95,5068664,11.04,11.135,10.9,10.95,5068664,0,1
2026-09-08,10.929,11.02,10.8,10.93,6521500,10.929,11.02,10.8,10.93,6521500,0,1
2026-09-09,10.85,10.8528,10.545,10.57,11681340,10.85,10.8528,10.545,10.57,11681340,0,1
2026-09-10,10.46,10.47,10.31,10.34,5904803,10.46,10.47,10.31,10.34,5904803,0,1
2026-09-11,10.58,10.7,10.46,10.54,10215458,10.58,10.7,10.46,10.54,10215458,0,1
